month,airport,n_truth,n_predicted_here,n_correct,n_assigned,role,recall,count_ratio,apt_type,latitude_deg,longitude_deg,in_bbox,in_set,in_scope
2024-06,LFPG,2124,1661,1659,1670,departures,0.7810734463276836,0.7862523540489642,large_airport,49.00896,2.554117,True,True,True
2024-06,EHAM,2123,1727,1725,1739,departures,0.8125294394724446,0.8191238813000471,large_airport,52.308601,4.76389,True,True,True
2024-06,EHAM,2119,1457,1446,1459,arrivals,0.682397357243983,0.6885323265691364,large_airport,52.308601,4.76389,True,True,True
2024-06,LFPG,2118,1370,1365,1378,arrivals,0.6444759206798867,0.6506137865911237,large_airport,49.00896,2.554117,True,True,True
2024-06,LTFM,2104,1663,1662,1666,departures,0.7899239543726235,0.7918250950570342,large_airport,41.274874,28.732136,True,True,True
2024-06,LTFM,2073,1346,1336,1354,arrivals,0.6444766039556199,0.653159671972986,large_airport,41.274874,28.732136,True,True,True
2024-06,EGLL,2023,1718,1718,1719,departures,0.8492338111715274,0.8497281265447355,large_airport,51.470748,-0.459909,True,True,True
2024-06,EGLL,2017,1337,1312,1341,arrivals,0.6504709965294992,0.6648487853247397,large_airport,51.470748,-0.459909,True,True,True
2024-06,EDDF,1981,1691,1690,1696,departures,0.8531044926804644,0.8561332660272589,large_airport,50.026706,8.55835,True,True,True
2024-06,EDDF,1973,1321,1310,1317,arrivals,0.6639635073492144,0.6675114039533705,large_airport,50.026706,8.55835,True,True,True
2024-06,LEMD,1789,1179,1169,1182,arrivals,0.6534376746785914,0.6607043040804919,large_airport,40.493407,-3.572249,True,True,True
2024-06,LEMD,1788,1377,1374,1379,departures,0.7684563758389261,0.7712527964205816,large_airport,40.493407,-3.572249,True,True,True
2024-06,LEBL,1563,1278,1275,1279,departures,0.8157389635316699,0.81829814459373,large_airport,41.2971,2.07846,True,True,True
2024-06,LEBL,1563,1205,1202,1211,arrivals,0.7690339091490723,0.7747920665387076,large_airport,41.2971,2.07846,True,True,True
2024-06,LIRF,1464,821,819,823,arrivals,0.5594262295081968,0.5621584699453552,large_airport,41.804532,12.251998,True,True,True
2024-06,LIRF,1463,998,998,1004,departures,0.6821599453178401,0.6862611073137389,large_airport,41.804532,12.251998,True,True,True
2024-06,EDDM,1459,1140,1124,1143,arrivals,0.77039067854695,0.7834132967786155,large_airport,48.353802,11.7861,True,True,True
2024-06,EDDM,1452,1257,1253,1258,departures,0.8629476584022039,0.8663911845730028,large_airport,48.353802,11.7861,True,True,True
2024-06,LTAI,1327,338,338,341,departures,0.25470987189148453,0.2569706103993971,large_airport,36.898701,30.800501,True,True,True
2024-06,LEPA,1320,512,508,519,arrivals,0.38484848484848483,0.3931818181818182,large_airport,39.551701,2.73881,True,True,True
2024-06,LTAI,1309,52,41,41,arrivals,0.03132161955691368,0.03132161955691368,large_airport,36.898701,30.800501,True,True,True
2024-06,LEPA,1302,844,841,841,departures,0.6459293394777266,0.6459293394777266,large_airport,39.551701,2.73881,True,True,True
2024-06,LGAV,1283,272,266,271,arrivals,0.2073265783320343,0.2112236944660951,large_airport,37.936401,23.9445,True,True,True
2024-06,LGAV,1273,845,841,846,departures,0.6606441476826395,0.6645718774548312,large_airport,37.936401,23.9445,True,True,True
2024-06,EGKK,1261,856,853,853,arrivals,0.6764472640761301,0.6764472640761301,large_airport,51.148744,-0.185739,True,True,True
2024-06,EGKK,1260,960,960,960,departures,0.7619047619047619,0.7619047619047619,large_airport,51.148744,-0.185739,True,True,True
2024-06,LOWW,1171,1003,1001,1002,departures,0.8548249359521777,0.8556789069171649,large_airport,48.110298,16.5697,True,True,True
2024-06,LOWW,1160,900,896,905,arrivals,0.7724137931034483,0.7801724137931034,large_airport,48.110298,16.5697,True,True,True
2024-06,EKCH,1157,848,843,851,arrivals,0.7286084701815039,0.7355229040622299,large_airport,55.617900848389,12.656000137329,True,True,True
2024-06,EKCH,1152,905,903,905,departures,0.7838541666666666,0.7855902777777778,large_airport,55.617900848389,12.656000137329,True,True,True
2024-06,LSZH,1138,902,895,900,departures,0.7864674868189807,0.7908611599297012,large_airport,47.458056,8.548056,True,True,True
2024-06,EIDW,1135,894,886,894,arrivals,0.7806167400881058,0.7876651982378855,large_airport,53.428713,-6.262121,True,True,True
2024-06,EIDW,1134,951,951,953,departures,0.8386243386243386,0.8403880070546738,large_airport,53.428713,-6.262121,True,True,True
2024-06,LSZH,1122,790,772,785,arrivals,0.6880570409982175,0.6996434937611408,large_airport,47.458056,8.548056,True,True,True
2024-06,ENGM,1093,871,868,881,arrivals,0.7941445562671546,0.8060384263494969,large_airport,60.193901,11.1004,True,True,True
2024-06,ENGM,1087,890,888,899,departures,0.8169273229070837,0.827046918123275,large_airport,60.193901,11.1004,True,True,True
2024-06,LPPT,988,851,848,848,departures,0.8582995951417004,0.8582995951417004,large_airport,38.7813,-9.13592,True,True,True
2024-06,LTFJ,985,694,694,694,departures,0.7045685279187818,0.7045685279187818,large_airport,40.898602,29.3092,True,True,True
2024-06,LPPT,980,736,731,739,arrivals,0.7459183673469387,0.7540816326530613,large_airport,38.7813,-9.13592,True,True,True
2024-06,LTFJ,971,597,594,596,arrivals,0.611740473738414,0.6138002059732235,large_airport,40.898602,29.3092,True,True,True
2024-06,LIMC,971,610,600,606,arrivals,0.6179196704428425,0.6240988671472708,large_airport,45.6306,8.72811,True,True,True
2024-06,LFPO,952,728,728,730,departures,0.7647058823529411,0.7668067226890757,large_airport,48.729499,2.358963,True,True,True
2024-06,LIMC,952,749,746,749,departures,0.7836134453781513,0.7867647058823529,large_airport,45.6306,8.72811,True,True,True
2024-06,LFPO,946,666,665,667,arrivals,0.7029598308668076,0.7050739957716702,large_airport,48.729499,2.358963,True,True,True
2024-06,EDDB,942,701,683,697,arrivals,0.7250530785562632,0.7399150743099787,large_airport,52.361738,13.502341,True,True,True
2024-06,EDDB,937,726,720,724,departures,0.768409818569904,0.7726787620064034,large_airport,52.361738,13.502341,True,True,True
2024-06,EGCC,928,689,687,688,departures,0.740301724137931,0.7413793103448276,large_airport,53.349375,-2.279521,True,True,True
2024-06,EGCC,925,602,595,601,arrivals,0.6432432432432432,0.6497297297297298,large_airport,53.349375,-2.279521,True,True,True
2024-06,EGSS,906,676,666,670,arrivals,0.7350993377483444,0.739514348785872,large_airport,51.884998,0.235,True,True,True
2024-06,EGSS,898,731,730,730,departures,0.8129175946547884,0.8129175946547884,large_airport,51.884998,0.235,True,True,True
2024-06,EBBR,847,707,707,714,departures,0.8347107438016529,0.8429752066115702,large_airport,50.901402,4.48444,True,True,True
2024-06,ESSA,847,583,581,587,arrivals,0.6859504132231405,0.693034238488784,large_airport,59.64849,17.928829,True,True,True
2024-06,EBBR,839,625,620,637,arrivals,0.7389749702026222,0.7592371871275327,large_airport,50.901402,4.48444,True,True,True
2024-06,ESSA,830,591,590,592,departures,0.7108433734939759,0.7132530120481928,large_airport,59.64849,17.928829,True,True,True
2024-06,EPWA,817,687,687,689,departures,0.8408812729498164,0.8433292533659731,large_airport,52.165699,20.9671,True,True,True
2024-06,EPWA,806,624,620,624,arrivals,0.7692307692307693,0.7741935483870968,large_airport,52.165699,20.9671,True,True,True
2024-06,LEMG,775,75,68,68,arrivals,0.08774193548387096,0.08774193548387096,large_airport,36.6749,-4.49911,True,True,True
2024-06,LEMG,769,578,575,579,departures,0.7477243172951885,0.752925877763329,large_airport,36.6749,-4.49911,True,True,True
2024-06,EDDL,758,603,600,607,departures,0.7915567282321899,0.8007915567282322,large_airport,51.289501,6.76678,True,True,True
2024-06,EDDL,752,562,553,560,arrivals,0.7353723404255319,0.7446808510638298,large_airport,51.289501,6.76678,True,True,True
2024-06,LFMN,732,548,522,547,arrivals,0.7131147540983607,0.7472677595628415,large_airport,43.658401,7.21587,True,True,True
2024-06,LSGG,710,521,499,521,arrivals,0.7028169014084507,0.7338028169014085,large_airport,46.238098,6.10895,True,True,True
2024-06,LFMN,708,547,536,542,departures,0.7570621468926554,0.7655367231638418,large_airport,43.658401,7.21587,True,True,True
2024-06,LSGG,702,572,566,573,departures,0.8062678062678063,0.8162393162393162,large_airport,46.238098,6.10895,True,True,True
2024-06,EFHK,661,529,525,529,arrivals,0.794251134644478,0.800302571860817,large_airport,60.318363,24.963341,True,True,True
2024-06,EFHK,654,560,558,561,departures,0.8532110091743119,0.8577981651376146,large_airport,60.318363,24.963341,True,True,True
2024-06,LKPR,629,502,500,503,departures,0.794912559618442,0.7996820349761526,large_airport,50.100874,14.259911,True,True,True
2024-06,LKPR,610,458,452,456,arrivals,0.740983606557377,0.7475409836065574,large_airport,50.100874,14.259911,True,True,True
2024-06,EGGW,591,402,397,403,departures,0.6717428087986463,0.6818950930626058,large_airport,51.874699,-0.368333,True,True,True
2024-06,EGPH,590,408,399,403,arrivals,0.676271186440678,0.6830508474576271,large_airport,55.950145,-3.372288,True,True,True
2024-06,EGPH,588,435,434,436,departures,0.7380952380952381,0.7414965986394558,large_airport,55.950145,-3.372288,True,True,True
2024-06,EGGW,586,365,353,373,arrivals,0.6023890784982935,0.636518771331058,large_airport,51.874699,-0.368333,True,True,True
2024-06,EDDK,563,438,436,438,departures,0.7744227353463587,0.7779751332149201,large_airport,50.865898,7.14274,True,True,True
2024-06,EDDH,559,450,443,446,arrivals,0.7924865831842576,0.7978533094812165,large_airport,53.630402,9.98823,True,True,True
2024-06,EDDH,554,457,455,456,departures,0.8212996389891697,0.8231046931407943,large_airport,53.630402,9.98823,True,True,True
2024-06,EDDK,552,400,395,404,arrivals,0.7155797101449275,0.7318840579710145,large_airport,50.865898,7.14274,True,True,True
2024-06,LHBP,547,389,389,389,departures,0.7111517367458866,0.7111517367458866,large_airport,47.43018,19.262393,True,True,True
2024-06,LHBP,546,350,348,352,arrivals,0.6373626373626373,0.6446886446886447,large_airport,47.43018,19.262393,True,True,True
2024-06,LROP,527,356,355,355,departures,0.6736242884250474,0.6736242884250474,large_airport,44.571792,26.103285,True,True,True
2024-06,LROP,526,328,327,327,arrivals,0.6216730038022814,0.6216730038022814,large_airport,44.571792,26.103285,True,True,True
2024-06,LEAL,525,390,389,392,arrivals,0.7409523809523809,0.7466666666666667,large_airport,38.2822,-0.558156,True,True,True
2024-06,LEAL,523,391,391,393,departures,0.7476099426386233,0.751434034416826,large_airport,38.2822,-0.558156,True,True,True
2024-06,LIML,514,323,312,316,departures,0.6070038910505836,0.6147859922178989,large_airport,45.445099,9.27674,True,True,True
2024-06,GCLP,510,2,0,0,arrivals,0.0,0.0,large_airport,27.9319,-15.3866,True,True,True
2024-06,GCLP,507,0,0,0,departures,0.0,0.0,large_airport,27.9319,-15.3866,True,True,True
2024-06,LPPR,503,395,387,390,arrivals,0.7693836978131213,0.7753479125248509,large_airport,41.2481002808,-8.68138980865,True,True,True
2024-06,LPPR,498,415,415,417,departures,0.8333333333333334,0.8373493975903614,large_airport,41.2481002808,-8.68138980865,True,True,True
2024-06,LIML,497,289,272,299,arrivals,0.5472837022132797,0.6016096579476862,large_airport,45.445099,9.27674,True,True,True
2024-06,LIME,492,367,365,365,arrivals,0.741869918699187,0.741869918699187,large_airport,45.669362,9.708851,True,True,True
2024-06,LIME,487,371,371,371,departures,0.7618069815195072,0.7618069815195072,large_airport,45.669362,9.708851,True,True,True
2024-06,OMDB,486,3,0,0,arrivals,0.0,0.0,large_airport,25.24979,55.370992,False,True,False
2024-06,LLBG,483,353,337,341,departures,0.6977225672877847,0.7060041407867494,large_airport,32.011398,34.8867,True,True,True
2024-06,LLBG,475,242,162,163,arrivals,0.3410526315789474,0.3431578947368421,large_airport,32.011398,34.8867,True,True,True
2024-06,LFML,472,353,333,338,arrivals,0.7055084745762712,0.7161016949152542,large_airport,43.438088,5.2125,True,True,True
2024-06,OMDB,467,1,0,0,departures,0.0,0.0,large_airport,25.24979,55.370992,False,True,False
2024-06,LFML,467,355,354,356,departures,0.7580299785867237,0.7623126338329764,large_airport,43.438088,5.2125,True,True,True
2024-06,LIRN,452,0,0,0,departures,0.0,0.0,large_airport,40.886002,14.2908,True,True,True
2024-06,LIRN,451,3,0,0,arrivals,0.0,0.0,large_airport,40.886002,14.2908,True,True,True
2024-06,LEIB,451,336,325,336,arrivals,0.720620842572062,0.7450110864745011,large_airport,38.872898,1.37312,True,True,True
2024-06,EGBB,446,295,295,296,departures,0.6614349775784754,0.6636771300448431,large_airport,52.453899,-1.74803,True,True,True
2024-06,EGBB,441,256,252,256,arrivals,0.5714285714285714,0.5804988662131519,large_airport,52.453899,-1.74803,True,True,True
2024-06,LEIB,436,342,340,346,departures,0.7798165137614679,0.7935779816513762,large_airport,38.872898,1.37312,True,True,True
2024-06,LIPZ,429,325,317,327,arrivals,0.7389277389277389,0.7622377622377622,large_airport,45.505299,12.3519,True,True,True
2024-06,LFLL,424,108,26,26,arrivals,0.06132075471698113,0.06132075471698113,large_airport,45.725996,5.090139,True,True,True
2024-06,LFLL,422,330,330,330,departures,0.7819905213270142,0.7819905213270142,large_airport,45.725996,5.090139,True,True,True
2024-06,LIPZ,422,334,334,338,departures,0.7914691943127962,0.8009478672985783,large_airport,45.505299,12.3519,True,True,True
2024-06,KJFK,421,0,0,0,departures,0.0,0.0,large_airport,40.639447,-73.779317,False,True,False
2024-06,ENBR,417,268,268,273,departures,0.6426858513189448,0.6546762589928058,large_airport,60.2934,5.21814,True,True,True
2024-06,KJFK,417,2,0,0,arrivals,0.0,0.0,large_airport,40.639447,-73.779317,False,True,False
2024-06,ENBR,415,262,262,268,arrivals,0.6313253012048192,0.6457831325301204,large_airport,60.2934,5.21814,True,True,True
2024-06,EDDS,414,306,299,313,arrivals,0.7222222222222222,0.7560386473429952,large_airport,48.689899,9.22196,True,True,True
2024-06,EDDS,408,331,325,325,departures,0.7965686274509803,0.7965686274509803,large_airport,48.689899,9.22196,True,True,True
2024-06,LIPE,390,300,299,299,departures,0.7666666666666667,0.7666666666666667,large_airport,44.5354,11.2887,True,True,True
2024-06,LIPE,389,290,282,284,arrivals,0.7249357326478149,0.7300771208226221,large_airport,44.5354,11.2887,True,True,True
2024-06,OTHH,388,0,0,0,arrivals,0.0,0.0,large_airport,25.273056,51.608056,False,True,False
2024-06,LICC,387,1,1,1,departures,0.002583979328165375,0.002583979328165375,large_airport,37.466801,15.0664,True,True,True
2024-06,LICC,384,17,0,0,arrivals,0.0,0.0,large_airport,37.466801,15.0664,True,True,True
2024-06,OTHH,383,0,0,0,departures,0.0,0.0,large_airport,25.273056,51.608056,False,True,False
2024-06,LTAC,379,0,0,0,departures,0.0,0.0,large_airport,40.128101,32.995098,True,True,True
2024-06,EGGD,376,305,304,305,arrivals,0.8085106382978723,0.8111702127659575,large_airport,51.382326,-2.716453,True,True,True
2024-06,EGGD,375,316,315,315,departures,0.84,0.84,large_airport,51.382326,-2.716453,True,True,True
2024-06,LGIR,373,2,0,0,departures,0.0,0.0,large_airport,35.339699,25.1803,True,True,True
2024-06,LYBE,373,250,248,248,departures,0.6648793565683646,0.6648793565683646,large_airport,44.818401,20.309099,True,True,True
2024-06,LGIR,373,6,0,0,arrivals,0.0,0.0,large_airport,35.339699,25.1803,True,True,True
2024-06,EDDP,373,191,185,189,arrivals,0.4959785522788204,0.5067024128686327,large_airport,51.420657,12.232705,True,True,True
2024-06,LTAC,368,7,0,0,arrivals,0.0,0.0,large_airport,40.128101,32.995098,True,True,True
2024-06,LEVC,365,1,0,0,arrivals,0.0,0.0,large_airport,39.489162,-0.480961,True,True,True
2024-06,LYBE,364,218,213,215,arrivals,0.5851648351648352,0.5906593406593407,large_airport,44.818401,20.309099,True,True,True
2024-06,LEVC,359,0,0,0,departures,0.0,0.0,large_airport,39.489162,-0.480961,True,True,True
2024-06,EDDP,358,240,237,238,departures,0.6620111731843575,0.664804469273743,large_airport,51.420657,12.232705,True,True,True
2024-06,GMMN,354,1,0,0,departures,0.0,0.0,large_airport,33.3675,-7.58997,True,True,True
2024-06,LFBO,354,274,273,276,arrivals,0.7711864406779662,0.7796610169491526,large_airport,43.629101,1.36382,True,True,True
2024-06,LPFR,353,267,263,272,arrivals,0.7450424929178471,0.7705382436260623,large_airport,37.015909,-7.970939,True,True,True
2024-06,LPFR,350,271,271,273,departures,0.7742857142857142,0.78,large_airport,37.015909,-7.970939,True,True,True
2024-06,LFBO,350,286,286,288,departures,0.8171428571428572,0.8228571428571428,large_airport,43.629101,1.36382,True,True,True
2024-06,GMMN,348,1,0,0,arrivals,0.0,0.0,large_airport,33.3675,-7.58997,True,True,True
2024-06,EGPF,340,244,244,248,arrivals,0.7176470588235294,0.7294117647058823,large_airport,55.871899,-4.43306,True,True,True
2024-06,UBBB,337,0,0,0,departures,0.0,0.0,large_airport,40.47278,50.050931,False,True,False
2024-06,LFSB,336,246,242,244,arrivals,0.7202380952380952,0.7261904761904762,large_airport,47.60068,7.521117,True,True,True
2024-06,EGPF,334,0,0,0,departures,0.0,0.0,large_airport,55.871899,-4.43306,True,True,True
2024-06,UBBB,334,5,0,0,arrivals,0.0,0.0,large_airport,40.47278,50.050931,False,True,False
2024-06,LFSB,330,267,263,263,departures,0.796969696969697,0.796969696969697,large_airport,47.60068,7.521117,True,True,True
2024-06,ELLX,328,247,237,244,arrivals,0.7225609756097561,0.7439024390243902,large_airport,49.626845,6.212134,True,True,True
2024-06,ELLX,327,275,273,277,departures,0.8348623853211009,0.8470948012232415,large_airport,49.626845,6.212134,True,True,True
2024-06,GCXO,327,0,0,0,departures,0.0,0.0,large_airport,28.482752,-16.341707,True,True,True
2024-06,GCXO,327,1,0,0,arrivals,0.0,0.0,large_airport,28.482752,-16.341707,True,True,True
2024-06,EPKK,325,236,236,236,departures,0.7261538461538461,0.7261538461538461,large_airport,50.077702,19.7848,True,True,True
2024-06,LTBJ,323,1,0,0,departures,0.0,0.0,large_airport,38.2924,27.157,True,True,True
2024-06,LATI,323,0,0,0,departures,0.0,0.0,large_airport,41.4147,19.7206,True,True,True
2024-06,EPKK,322,196,196,198,arrivals,0.6086956521739131,0.6149068322981367,large_airport,50.077702,19.7848,True,True,True
2024-06,LTBJ,320,1,0,0,arrivals,0.0,0.0,large_airport,38.2924,27.157,True,True,True
2024-06,LATI,319,1,0,0,arrivals,0.0,0.0,large_airport,41.4147,19.7206,True,True,True
2024-06,LICJ,312,24,23,23,arrivals,0.07371794871794872,0.07371794871794872,large_airport,38.175999,13.091,True,True,True
2024-06,LMML,311,218,216,216,departures,0.6945337620578779,0.6945337620578779,large_airport,35.845932,14.491546,True,True,True
2024-06,LICJ,310,229,229,229,departures,0.7387096774193549,0.7387096774193549,large_airport,38.175999,13.091,True,True,True
2024-06,BIKF,308,231,231,231,departures,0.75,0.75,large_airport,63.985001,-22.6056,True,True,True
2024-06,LMML,308,209,206,209,arrivals,0.6688311688311688,0.6785714285714286,large_airport,35.845932,14.491546,True,True,True
2024-06,BIKF,306,77,76,78,arrivals,0.24836601307189543,0.2549019607843137,large_airport,63.985001,-22.6056,True,True,True
2024-06,LCLK,302,176,115,115,departures,0.38079470198675497,0.38079470198675497,large_airport,34.875099,33.624901,True,True,True
2024-06,EBCI,298,241,241,241,departures,0.8087248322147651,0.8087248322147651,large_airport,50.461963,4.459562,True,True,True
2024-06,EBCI,298,233,232,233,arrivals,0.7785234899328859,0.7818791946308725,large_airport,50.461963,4.459562,True,True,True
2024-06,LCLK,298,162,117,121,arrivals,0.3926174496644295,0.40604026845637586,large_airport,34.875099,33.624901,True,True,True
2024-06,ENZV,297,46,46,46,arrivals,0.15488215488215487,0.15488215488215487,large_airport,58.876701,5.63778,True,True,True
2024-06,GCTS,295,0,0,0,departures,0.0,0.0,large_airport,28.0445,-16.5725,True,True,True
2024-06,ENZV,295,42,42,42,departures,0.1423728813559322,0.1423728813559322,large_airport,58.876701,5.63778,True,True,True
2024-06,GCTS,294,1,0,0,arrivals,0.0,0.0,large_airport,28.0445,-16.5725,True,True,True
2024-06,LGRP,291,206,205,206,arrivals,0.7044673539518901,0.7079037800687286,large_airport,36.405399,28.086201,True,True,True
2024-06,EGNX,288,173,172,173,departures,0.5972222222222222,0.6006944444444444,large_airport,52.8311,-1.32806,True,True,True
2024-06,EGNX,287,144,141,145,arrivals,0.4912891986062718,0.5052264808362369,large_airport,52.8311,-1.32806,True,True,True
2024-06,LGRP,284,215,215,216,departures,0.7570422535211268,0.7605633802816901,large_airport,36.405399,28.086201,True,True,True
2024-06,EVRA,282,196,196,196,departures,0.6950354609929078,0.6950354609929078,large_airport,56.920752,23.970711,True,True,True
2024-06,EVRA,278,185,183,187,arrivals,0.658273381294964,0.6726618705035972,large_airport,56.920752,23.970711,True,True,True
2024-06,LBSF,277,184,182,182,departures,0.6570397111913358,0.6570397111913358,large_airport,42.696357,23.417671,True,True,True
2024-06,LBSF,275,176,173,174,arrivals,0.6290909090909091,0.6327272727272727,large_airport,42.696357,23.417671,True,True,True
2024-06,LFBD,274,232,232,236,arrivals,0.8467153284671532,0.8613138686131386,large_airport,44.82865,-0.715356,True,True,True
2024-06,EGLC,273,214,214,217,departures,0.7838827838827839,0.7948717948717948,medium_airport,51.505299,0.055278,True,True,True
2024-06,LEZL,273,224,224,224,arrivals,0.8205128205128205,0.8205128205128205,large_airport,37.417999,-5.89311,True,True,True
2024-06,LEZL,271,221,221,221,departures,0.8154981549815498,0.8154981549815498,large_airport,37.417999,-5.89311,True,True,True
2024-06,LFBD,271,232,232,232,departures,0.8560885608856088,0.8560885608856088,large_airport,44.82865,-0.715356,True,True,True
2024-06,GMMX,268,4,0,0,arrivals,0.0,0.0,large_airport,31.604807,-8.035788,True,True,True
2024-06,ENVA,266,14,14,14,departures,0.05263157894736842,0.05263157894736842,large_airport,63.457802,10.924,True,True,True
2024-06,ENVA,266,16,16,16,arrivals,0.06015037593984962,0.06015037593984962,large_airport,63.457802,10.924,True,True,True
2024-06,EGLC,266,207,203,220,arrivals,0.7631578947368421,0.8270676691729323,medium_airport,51.505299,0.055278,True,True,True
2024-06,EGAA,265,207,207,209,departures,0.7811320754716982,0.7886792452830189,large_airport,54.6575012207,-6.21582984924,True,True,True
2024-06,LGTS,265,212,211,212,arrivals,0.7962264150943397,0.8,large_airport,40.51928,22.970009,True,True,True
2024-06,LFRS,264,199,199,199,departures,0.7537878787878788,0.7537878787878788,medium_airport,47.153198,-1.61073,True,True,True
2024-06,LFRS,264,210,209,210,arrivals,0.7916666666666666,0.7954545454545454,medium_airport,47.153198,-1.61073,True,True,True
2024-06,EGAA,263,200,200,204,arrivals,0.7604562737642585,0.7756653992395437,large_airport,54.6575012207,-6.21582984924,True,True,True
2024-06,GMMX,261,1,0,0,departures,0.0,0.0,large_airport,31.604807,-8.035788,True,True,True
2024-06,LGTS,258,206,205,205,departures,0.7945736434108527,0.7945736434108527,large_airport,40.51928,22.970009,True,True,True
2024-06,GCRR,258,3,0,0,arrivals,0.0,0.0,large_airport,28.945499,-13.6052,True,True,True
2024-06,GCRR,257,0,0,0,departures,0.0,0.0,large_airport,28.945499,-13.6052,True,True,True
2024-06,LFPB,245,163,131,169,arrivals,0.5346938775510204,0.689795918367347,large_airport,48.962276,2.436539,True,True,True
2024-06,LIBD,244,2,0,0,arrivals,0.0,0.0,large_airport,41.138901,16.760599,True,True,True
2024-06,LTBS,243,4,2,2,arrivals,0.00823045267489712,0.00823045267489712,large_airport,36.7131,28.7925,True,True,True
2024-06,LIBD,242,1,0,0,departures,0.0,0.0,large_airport,41.138901,16.760599,True,True,True
2024-06,LFPB,239,156,144,150,departures,0.602510460251046,0.6276150627615062,large_airport,48.962276,2.436539,True,True,True
2024-06,EPGD,238,10,10,10,departures,0.04201680672268908,0.04201680672268908,large_airport,54.377602,18.4662,True,True,True
2024-06,EPGD,238,2,2,4,arrivals,0.008403361344537815,0.01680672268907563,large_airport,54.377602,18.4662,True,True,True
2024-06,LEBB,234,1,1,1,departures,0.004273504273504274,0.004273504273504274,large_airport,43.301102,-2.91061,True,True,True
2024-06,LTBS,233,1,0,0,departures,0.0,0.0,large_airport,36.7131,28.7925,True,True,True
2024-06,ESGG,232,184,184,185,departures,0.7931034482758621,0.7974137931034483,large_airport,57.6628,12.2798,True,True,True
2024-06,ESGG,232,179,178,181,arrivals,0.7672413793103449,0.7801724137931034,large_airport,57.6628,12.2798,True,True,True
2024-06,LEBB,231,29,29,29,arrivals,0.12554112554112554,0.12554112554112554,large_airport,43.301102,-2.91061,True,True,True
2024-06,EPKT,227,134,133,133,departures,0.5859030837004405,0.5859030837004405,large_airport,50.476015,19.080705,True,True,True
2024-06,EDDV,227,183,180,183,departures,0.7929515418502202,0.8061674008810573,large_airport,52.461102,9.68508,True,True,True
2024-06,EPKT,226,133,130,132,arrivals,0.5752212389380531,0.584070796460177,large_airport,50.476015,19.080705,True,True,True
2024-06,EDDV,226,168,165,173,arrivals,0.7300884955752213,0.7654867256637168,large_airport,52.461102,9.68508,True,True,True
2024-06,HECA,221,3,0,0,arrivals,0.0,0.0,large_airport,30.111534,31.396694,True,True,True
2024-06,LTFE,217,80,76,82,arrivals,0.35023041474654376,0.3778801843317972,large_airport,37.249314,27.66401,True,True,True
2024-06,HECA,216,1,1,1,departures,0.004629629629629629,0.004629629629629629,large_airport,30.111534,31.396694,True,True,True
2024-06,LGKR,216,3,2,2,arrivals,0.009259259259259259,0.009259259259259259,large_airport,39.60145,19.912179,True,True,True
2024-06,LGKR,214,1,1,1,departures,0.004672897196261682,0.004672897196261682,large_airport,39.60145,19.912179,True,True,True
2024-06,LIRP,214,49,41,41,arrivals,0.19158878504672897,0.19158878504672897,large_airport,43.683899,10.3927,True,True,True
2024-06,LIRP,211,153,151,156,departures,0.7156398104265402,0.7393364928909952,large_airport,43.683899,10.3927,True,True,True
2024-06,LEMH,211,132,132,132,departures,0.6255924170616114,0.6255924170616114,large_airport,39.862598,4.21865,True,True,True
2024-06,LEMH,211,131,131,131,arrivals,0.6208530805687204,0.6208530805687204,large_airport,39.862598,4.21865,True,True,True
2024-06,LIEO,211,14,2,2,arrivals,0.009478672985781991,0.009478672985781991,large_airport,40.898953,9.518457,True,True,True
2024-06,LDZA,210,101,101,102,departures,0.48095238095238096,0.4857142857142857,large_airport,45.742901,16.0688,True,True,True
2024-06,UGTB,208,85,82,83,arrivals,0.3942307692307692,0.39903846153846156,large_airport,41.669201,44.9547,True,True,True
2024-06,UUEE,207,6,4,4,departures,0.01932367149758454,0.01932367149758454,large_airport,55.976858,37.41121,True,True,True
2024-06,LTFE,206,65,62,63,departures,0.30097087378640774,0.3058252427184466,large_airport,37.249314,27.66401,True,True,True
2024-06,KEWR,205,1,0,0,arrivals,0.0,0.0,large_airport,40.6894,-74.170545,False,True,False
2024-06,LDZA,204,22,20,22,arrivals,0.09803921568627451,0.10784313725490197,large_airport,45.742901,16.0688,True,True,True
2024-06,LIEO,203,1,0,0,departures,0.0,0.0,large_airport,40.898953,9.518457,True,True,True
2024-06,UUEE,202,1,1,1,arrivals,0.0049504950495049506,0.0049504950495049506,large_airport,55.976858,37.41121,True,True,True
2024-06,UGTB,198,133,132,133,departures,0.6666666666666666,0.6717171717171717,large_airport,41.669201,44.9547,True,True,True
2024-06,KEWR,197,0,0,0,departures,0.0,0.0,large_airport,40.6894,-74.170545,False,True,False
2024-06,EYVI,197,130,130,131,departures,0.6598984771573604,0.6649746192893401,large_airport,54.634102,25.285801,True,True,True
2024-06,EYVI,197,129,129,129,arrivals,0.6548223350253807,0.6548223350253807,large_airport,54.634102,25.285801,True,True,True
2024-06,EKBI,194,150,149,149,departures,0.7680412371134021,0.7680412371134021,large_airport,55.740335,9.157019,True,True,True
2024-06,HEGN,194,0,0,0,departures,0.0,0.0,large_airport,27.176776,33.796692,True,True,True
2024-06,EKBI,194,148,147,148,arrivals,0.7577319587628866,0.7628865979381443,large_airport,55.740335,9.157019,True,True,True
2024-06,HEGN,194,5,0,0,arrivals,0.0,0.0,large_airport,27.176776,33.796692,True,True,True
2024-06,DTTA,193,0,0,0,departures,0.0,0.0,large_airport,36.851002,10.2272,True,True,True
2024-06,EHEH,193,145,145,145,departures,0.7512953367875648,0.7512953367875648,large_airport,51.4500999451,5.37452983856,True,True,True
2024-06,DTTA,192,0,0,0,arrivals,0.0,0.0,large_airport,36.851002,10.2272,True,True,True
2024-06,UUWW,192,0,0,2,arrivals,0.0,0.010416666666666666,large_airport,55.591499,37.261501,True,True,True
2024-06,EGNT,190,140,140,140,departures,0.7368421052631579,0.7368421052631579,large_airport,55.037958,-1.689577,True,True,True
2024-06,KORD,190,0,0,0,departures,0.0,0.0,large_airport,41.9786,-87.9048,False,True,False
2024-06,EGNT,190,111,111,111,arrivals,0.5842105263157895,0.5842105263157895,large_airport,55.037958,-1.689577,True,True,True
2024-06,KORD,188,0,0,0,arrivals,0.0,0.0,large_airport,41.9786,-87.9048,False,True,False
2024-06,EHEH,188,138,137,138,arrivals,0.7287234042553191,0.7340425531914894,large_airport,51.4500999451,5.37452983856,True,True,True
2024-06,EGGP,188,138,137,139,arrivals,0.7287234042553191,0.7393617021276596,large_airport,53.334863,-2.849637,True,True,True
2024-06,EGGP,187,142,141,141,departures,0.7540106951871658,0.7540106951871658,large_airport,53.334863,-2.849637,True,True,True
2024-06,UUWW,185,9,9,11,departures,0.04864864864864865,0.05945945945945946,large_airport,55.591499,37.261501,True,True,True
2024-06,LIRQ,185,1,1,1,departures,0.005405405405405406,0.005405405405405406,large_airport,43.808558,11.202822,True,True,True
2024-06,EGPD,184,93,92,92,arrivals,0.5,0.5,large_airport,57.2019,-2.19778,True,True,True
2024-06,LIRQ,184,7,2,4,arrivals,0.010869565217391304,0.021739130434782608,large_airport,43.808558,11.202822,True,True,True
2024-06,EETN,183,142,141,141,departures,0.7704918032786885,0.7704918032786885,large_airport,59.413246,24.83264,True,True,True
2024-06,EGPD,182,92,91,91,departures,0.5,0.5,large_airport,57.2019,-2.19778,True,True,True
2024-06,EETN,181,135,135,135,arrivals,0.7458563535911602,0.7458563535911602,large_airport,59.413246,24.83264,True,True,True
2024-06,DAAG,178,8,7,7,departures,0.03932584269662921,0.03932584269662921,large_airport,36.693886,3.214531,True,True,True
2024-06,DAAG,178,25,24,27,arrivals,0.1348314606741573,0.15168539325842698,large_airport,36.693886,3.214531,True,True,True
2024-06,EGNM,177,78,77,79,arrivals,0.4350282485875706,0.4463276836158192,large_airport,53.865898,-1.66057,True,True,True
2024-06,CYYZ,177,1,0,0,arrivals,0.0,0.0,large_airport,43.675935,-79.629421,False,True,False
2024-06,EGNM,175,131,131,131,departures,0.7485714285714286,0.7485714285714286,large_airport,53.865898,-1.66057,True,True,True
2024-06,EDDN,173,143,141,142,departures,0.815028901734104,0.8208092485549133,large_airport,49.498699,11.078056,True,True,True
2024-06,CYYZ,173,0,0,0,departures,0.0,0.0,large_airport,43.675935,-79.629421,False,True,False
2024-06,EPWR,173,130,130,130,departures,0.7514450867052023,0.7514450867052023,large_airport,51.103719,16.882096,True,True,True
2024-06,GCFV,172,0,0,0,departures,0.0,0.0,large_airport,28.4527,-13.8638,True,True,True
2024-06,ENBO,172,137,137,199,departures,0.7965116279069767,1.1569767441860466,large_airport,67.269203,14.3653,True,True,True
2024-06,GCFV,172,0,0,0,arrivals,0.0,0.0,large_airport,28.4527,-13.8638,True,True,True
2024-06,LGSA,170,81,81,81,departures,0.4764705882352941,0.4764705882352941,large_airport,35.531207,24.150673,True,True,True
2024-06,LGSA,170,67,66,66,arrivals,0.38823529411764707,0.38823529411764707,large_airport,35.531207,24.150673,True,True,True
2024-06,LDSP,170,2,0,0,arrivals,0.0,0.0,large_airport,43.538898,16.298,True,True,True
2024-06,EDDN,169,136,132,144,arrivals,0.7810650887573964,0.8520710059171598,large_airport,49.498699,11.078056,True,True,True
2024-06,OMAA,169,1,0,0,arrivals,0.0,0.0,large_airport,24.440966,54.649237,False,True,False
2024-06,ENBO,168,131,131,155,arrivals,0.7797619047619048,0.9226190476190477,large_airport,67.269203,14.3653,True,True,True
2024-06,EPWR,168,134,132,132,arrivals,0.7857142857142857,0.7857142857142857,large_airport,51.103719,16.882096,True,True,True
2024-06,UDYZ,167,1,0,0,arrivals,0.0,0.0,large_airport,40.148941,44.397887,True,True,True
2024-06,UDYZ,166,0,0,0,departures,0.0,0.0,large_airport,40.148941,44.397887,True,True,True
2024-06,LDSP,166,1,0,0,departures,0.0,0.0,large_airport,43.538898,16.298,True,True,True
2024-06,OLBA,166,30,30,104,departures,0.18072289156626506,0.6265060240963856,large_airport,33.819833,35.487443,True,True,True
2024-06,ENTC,165,5,0,0,arrivals,0.0,0.0,large_airport,69.683296,18.9189,True,True,True
2024-06,LIEE,165,0,0,0,arrivals,0.0,0.0,large_airport,39.251499,9.05428,True,True,True
2024-06,OLBA,164,20,20,146,arrivals,0.12195121951219512,0.8902439024390244,large_airport,33.819833,35.487443,True,True,True
2024-06,LIEE,163,0,0,0,departures,0.0,0.0,large_airport,39.251499,9.05428,True,True,True
2024-06,ENTC,161,13,0,0,departures,0.0,0.0,large_airport,69.683296,18.9189,True,True,True
2024-06,LUKK,160,0,0,0,departures,0.0,0.0,large_airport,46.92774,28.931704,True,True,True
2024-06,LGKO,160,120,119,127,arrivals,0.74375,0.79375,large_airport,36.794523,27.09115,True,True,True
2024-06,OMAA,159,0,0,0,departures,0.0,0.0,large_airport,24.440966,54.649237,False,True,False
2024-06,LUKK,159,0,0,0,arrivals,0.0,0.0,large_airport,46.92774,28.931704,True,True,True
2024-06,LIRA,157,121,118,119,departures,0.7515923566878981,0.7579617834394905,large_airport,41.798769,12.595331,True,True,True
2024-06,LGKO,154,124,124,126,departures,0.8051948051948052,0.8181818181818182,large_airport,36.794523,27.09115,True,True,True
2024-06,KIAD,153,0,0,0,departures,0.0,0.0,large_airport,38.9445,-77.455803,False,True,False
2024-06,KIAD,153,0,0,0,arrivals,0.0,0.0,large_airport,38.9445,-77.455803,False,True,False
2024-06,LIMF,149,107,105,106,arrivals,0.7046979865771812,0.7114093959731543,large_airport,45.200802,7.64963,True,True,True
2024-06,LIRA,149,114,108,118,arrivals,0.7248322147651006,0.7919463087248322,large_airport,41.798769,12.595331,True,True,True
2024-06,LGSR,148,2,0,1,arrivals,0.0,0.006756756756756757,large_airport,36.400045,25.478638,True,True,True
2024-06,OEJN,147,2,0,0,arrivals,0.0,0.0,large_airport,21.680241,39.157436,False,True,False
2024-06,KBOS,146,0,0,0,departures,0.0,0.0,large_airport,42.36197,-71.0079,False,True,False
2024-06,LIMF,146,105,105,107,departures,0.7191780821917808,0.7328767123287672,large_airport,45.200802,7.64963,True,True,True
2024-06,KBOS,146,3,0,0,arrivals,0.0,0.0,large_airport,42.36197,-71.0079,False,True,False
2024-06,LGSR,145,0,0,0,departures,0.0,0.0,large_airport,36.400045,25.478638,True,True,True
2024-06,EPPO,145,128,127,127,departures,0.8758620689655172,0.8758620689655172,large_airport,52.421598,16.823359,True,True,True
2024-06,EPPO,145,125,125,126,arrivals,0.8620689655172413,0.8689655172413793,large_airport,52.421598,16.823359,True,True,True
2024-06,UMKK,144,39,39,39,departures,0.2708333333333333,0.2708333333333333,large_airport,54.89161,20.598559,True,True,True
2024-06,UMKK,144,3,1,1,arrivals,0.006944444444444444,0.006944444444444444,large_airport,54.89161,20.598559,True,True,True
2024-06,LDDU,141,0,0,0,departures,0.0,0.0,large_airport,42.562247,18.265543,True,True,True
2024-06,LIPX,141,113,111,112,departures,0.7872340425531915,0.7943262411347518,large_airport,45.394955,10.887303,True,True,True
2024-06,LDDU,140,0,0,0,arrivals,0.0,0.0,large_airport,42.562247,18.265543,True,True,True
2024-06,EGAC,139,75,75,75,arrivals,0.539568345323741,0.539568345323741,medium_airport,54.618099,-5.8725,True,True,True
2024-06,LIPX,139,107,103,104,arrivals,0.7410071942446043,0.7482014388489209,large_airport,45.394955,10.887303,True,True,True
2024-06,EGAC,136,74,74,74,departures,0.5441176470588235,0.5441176470588235,medium_airport,54.618099,-5.8725,True,True,True
2024-06,LPPD,135,58,57,74,arrivals,0.4222222222222222,0.5481481481481482,large_airport,37.7411994934,-25.6979007721,True,True,True
2024-06,EBLG,134,97,97,99,departures,0.7238805970149254,0.7388059701492538,medium_airport,50.638574,5.443897,True,True,True
2024-06,OEJN,134,1,0,0,departures,0.0,0.0,large_airport,21.680241,39.157436,False,True,False
2024-06,CYUL,134,1,0,0,arrivals,0.0,0.0,large_airport,45.467837,-73.742294,False,True,False
2024-06,LPPD,133,101,101,137,departures,0.7593984962406015,1.0300751879699248,large_airport,37.7411994934,-25.6979007721,True,True,True
2024-06,LTAF,131,0,0,0,arrivals,0.0,0.0,large_airport,36.982201,35.280399,True,True,True
2024-06,CYUL,130,0,0,0,departures,0.0,0.0,large_airport,45.467837,-73.742294,False,True,False
2024-06,LTAF,129,2,0,0,departures,0.0,0.0,large_airport,36.982201,35.280399,True,True,True
2024-06,LPMA,127,100,100,101,departures,0.7874015748031497,0.7952755905511811,large_airport,32.697812,-16.774613,True,True,True
2024-06,LPMA,127,15,15,15,arrivals,0.11811023622047244,0.11811023622047244,large_airport,32.697812,-16.774613,True,True,True
2024-06,ULLI,126,3,3,3,departures,0.023809523809523808,0.023809523809523808,large_airport,59.800301,30.262501,True,True,True
2024-06,ULLI,126,2,2,2,arrivals,0.015873015873015872,0.015873015873015872,large_airport,59.800301,30.262501,True,True,True
2024-06,LFOB,125,94,94,94,departures,0.752,0.752,large_airport,49.454399,2.11278,True,True,True
2024-06,LFOB,124,94,92,92,arrivals,0.7419354838709677,0.7419354838709677,large_airport,49.454399,2.11278,True,True,True
2024-06,ESSB,123,95,93,95,departures,0.7560975609756098,0.7723577235772358,medium_airport,59.354401,17.9417,True,True,True
2024-06,LGZA,120,2,0,0,arrivals,0.0,0.0,medium_airport,37.7509,20.8843,True,True,True
2024-06,ESSB,120,91,88,91,arrivals,0.7333333333333333,0.7583333333333333,medium_airport,59.354401,17.9417,True,True,True
2024-06,LGZA,119,1,0,0,departures,0.0,0.0,medium_airport,37.7509,20.8843,True,True,True
2024-06,LCPH,118,63,60,60,arrivals,0.5084745762711864,0.5084745762711864,large_airport,34.717999,32.485699,True,True,True
2024-06,KLAX,116,0,0,0,departures,0.0,0.0,large_airport,33.942501,-118.407997,False,True,False
2024-06,LCPH,116,9,9,9,departures,0.07758620689655173,0.07758620689655173,large_airport,34.717999,32.485699,True,True,True
2024-06,VIDP,116,0,0,0,departures,0.0,0.0,large_airport,28.55563,77.09519,False,True,False
2024-06,EBLG,116,50,46,49,arrivals,0.39655172413793105,0.4224137931034483,medium_airport,50.638574,5.443897,True,True,True
2024-06,LEST,115,31,30,31,arrivals,0.2608695652173913,0.26956521739130435,large_airport,42.896301,-8.41514,True,True,True
2024-06,LTCG,115,38,38,38,arrivals,0.33043478260869563,0.33043478260869563,medium_airport,40.995098,39.7897,True,True,True
2024-06,LEST,114,76,76,76,departures,0.6666666666666666,0.6666666666666666,large_airport,42.896301,-8.41514,True,True,True
2024-06,OERK,114,2,0,0,arrivals,0.0,0.0,large_airport,24.9576,46.698799,False,True,False
2024-06,LTCG,112,68,68,68,departures,0.6071428571428571,0.6071428571428571,medium_airport,40.995098,39.7897,True,True,True
2024-06,KLAX,112,1,0,0,arrivals,0.0,0.0,large_airport,33.942501,-118.407997,False,True,False
2024-06,EGLF,112,70,57,79,arrivals,0.5089285714285714,0.7053571428571429,medium_airport,51.275799,-0.776333,True,True,True
2024-06,LRCL,111,0,0,0,arrivals,0.0,0.0,large_airport,46.786042,23.685733,True,True,True
2024-06,LGMK,110,62,61,62,departures,0.5545454545454546,0.5636363636363636,medium_airport,37.435101,25.348101,True,True,True
2024-06,LRCL,110,0,0,0,departures,0.0,0.0,large_airport,46.786042,23.685733,True,True,True
2024-06,OERK,110,0,0,0,departures,0.0,0.0,large_airport,24.9576,46.698799,False,True,False
2024-06,VIDP,110,0,0,0,arrivals,0.0,0.0,large_airport,28.55563,77.09519,False,True,False
2024-06,KATL,109,0,0,0,departures,0.0,0.0,large_airport,33.6367,-84.428101,False,True,False
2024-06,EICK,109,75,75,77,arrivals,0.6880733944954128,0.7064220183486238,large_airport,51.841301,-8.49111,True,True,True
2024-06,KATL,109,2,0,0,arrivals,0.0,0.0,large_airport,33.6367,-84.428101,False,True,False
2024-06,LGMK,109,30,26,29,arrivals,0.23853211009174313,0.26605504587155965,medium_airport,37.435101,25.348101,True,True,True
2024-06,LIBR,108,0,0,0,departures,0.0,0.0,large_airport,40.6576,17.947001,True,True,True
2024-06,EICK,108,77,77,77,departures,0.7129629629629629,0.7129629629629629,large_airport,51.841301,-8.49111,True,True,True
2024-06,ZSPD,107,0,0,0,arrivals,0.0,0.0,large_airport,31.1434,121.805,False,True,False
2024-06,EGJJ,106,77,77,78,departures,0.7264150943396226,0.7358490566037735,medium_airport,49.207901,-2.19551,True,True,True
2024-06,LWSK,106,40,40,40,departures,0.37735849056603776,0.37735849056603776,large_airport,41.958087,21.622581,True,True,True
2024-06,LIBR,106,0,0,0,arrivals,0.0,0.0,large_airport,40.6576,17.947001,True,True,True
2024-06,ZSPD,105,0,0,0,departures,0.0,0.0,large_airport,31.1434,121.805,False,True,False
2024-06,EGLF,104,66,63,69,departures,0.6057692307692307,0.6634615384615384,medium_airport,51.275799,-0.776333,True,True,True
2024-06,LWSK,103,80,80,80,arrivals,0.7766990291262136,0.7766990291262136,large_airport,41.958087,21.622581,True,True,True
2024-06,BKPR,102,9,9,9,arrivals,0.08823529411764706,0.08823529411764706,large_airport,42.5728,21.035801,True,True,True
2024-06,LZIB,102,73,69,75,arrivals,0.6764705882352942,0.7352941176470589,large_airport,48.1702,17.2127,True,True,True
2024-06,BKPR,101,35,35,35,departures,0.3465346534653465,0.3465346534653465,large_airport,42.5728,21.035801,True,True,True
2024-06,OKKK,101,81,81,81,departures,0.801980198019802,0.801980198019802,large_airport,29.224487,47.969813,True,True,True
2024-06,EGJJ,101,80,73,75,arrivals,0.7227722772277227,0.7425742574257426,medium_airport,49.207901,-2.19551,True,True,True
2024-06,OIIE,100,0,0,0,departures,0.0,0.0,large_airport,35.416099548339844,51.15219879150391,False,True,False
2024-06,LZIB,99,72,71,72,departures,0.7171717171717171,0.7272727272727273,large_airport,48.1702,17.2127,True,True,True
2024-06,KSFO,98,0,0,0,departures,0.0,0.0,large_airport,37.619806,-122.374821,False,True,False
2024-06,LJLJ,98,65,61,63,arrivals,0.6224489795918368,0.6428571428571429,large_airport,46.223701,14.4576,True,True,True
2024-06,GMAD,98,1,0,0,arrivals,0.0,0.0,large_airport,30.322478,-9.412003,True,True,True
2024-06,OJAI,98,1,0,0,arrivals,0.0,0.0,large_airport,31.7226009369,35.9931983948,True,True,True
2024-06,OIIE,97,0,0,0,arrivals,0.0,0.0,large_airport,35.416099548339844,51.15219879150391,False,True,False
2024-06,LDZD,96,17,15,15,arrivals,0.15625,0.15625,large_airport,44.096986,15.353565,True,True,True
2024-06,LJLJ,95,65,65,65,departures,0.6842105263157895,0.6842105263157895,large_airport,46.223701,14.4576,True,True,True
2024-06,OJAI,95,0,0,0,departures,0.0,0.0,large_airport,31.7226009369,35.9931983948,True,True,True
2024-06,RKSI,95,1,0,0,arrivals,0.0,0.0,large_airport,37.469101,126.450996,False,True,False
2024-06,HESH,95,2,0,0,arrivals,0.0,0.0,large_airport,27.977272,34.394717,True,True,True
2024-06,LDZD,94,22,20,20,departures,0.2127659574468085,0.2127659574468085,large_airport,44.096986,15.353565,True,True,True
2024-06,GMAD,93,0,0,0,departures,0.0,0.0,large_airport,30.322478,-9.412003,True,True,True
2024-06,HESH,93,0,0,0,departures,0.0,0.0,large_airport,27.977272,34.394717,True,True,True
2024-06,EDJA,93,61,60,60,departures,0.6451612903225806,0.6451612903225806,large_airport,47.988092,10.238248,True,True,True
2024-06,EHRD,92,85,85,85,departures,0.9239130434782609,0.9239130434782609,large_airport,51.956902,4.43722,True,True,True
2024-06,VHHH,92,1,0,0,arrivals,0.0,0.0,large_airport,22.31184,113.914862,False,True,False
2024-06,UUDD,90,20,19,19,departures,0.2111111111111111,0.2111111111111111,large_airport,55.408798,37.9063,True,True,True
2024-06,WSSS,90,0,0,0,arrivals,0.0,0.0,large_airport,1.35019,103.994003,False,True,False
2024-06,EDJA,90,57,56,57,arrivals,0.6222222222222222,0.6333333333333333,large_airport,47.988092,10.238248,True,True,True
2024-06,KMIA,89,0,0,0,departures,0.0,0.0,large_airport,25.796011,-80.289751,False,True,False
2024-06,LICA,89,0,0,0,departures,0.0,0.0,large_airport,38.906214,16.246007,True,True,True
2024-06,GCLA,89,0,0,0,departures,0.0,0.0,medium_airport,28.626499,-17.7556,True,True,True
2024-06,LICA,89,1,0,0,arrivals,0.0,0.0,large_airport,38.906214,16.246007,True,True,True
2024-06,OKKK,89,10,10,10,arrivals,0.11235955056179775,0.11235955056179775,large_airport,29.224487,47.969813,True,True,True
2024-06,GCLA,89,0,0,0,arrivals,0.0,0.0,medium_airport,28.626499,-17.7556,True,True,True
2024-06,ZBAA,88,0,0,0,departures,0.0,0.0,large_airport,40.077349,116.596702,False,True,False
2024-06,KSFO,88,0,0,0,arrivals,0.0,0.0,large_airport,37.619806,-122.374821,False,True,False
2024-06,EHRD,88,80,80,81,arrivals,0.9090909090909091,0.9204545454545454,large_airport,51.956902,4.43722,True,True,True
2024-06,EDDW,87,67,65,66,departures,0.7471264367816092,0.7586206896551724,large_airport,53.046786,8.78932,True,True,True
2024-06,EDLW,86,53,53,54,departures,0.6162790697674418,0.627906976744186,large_airport,51.518299,7.61224,True,True,True
2024-06,LEGE,86,47,46,48,arrivals,0.5348837209302325,0.5581395348837209,large_airport,41.904639,2.761774,True,True,True
2024-06,EDLW,86,51,50,52,arrivals,0.5813953488372093,0.6046511627906976,large_airport,51.518299,7.61224,True,True,True
2024-06,LOWS,86,55,52,62,arrivals,0.6046511627906976,0.7209302325581395,large_airport,47.793301,13.0043,True,True,True
2024-06,EDDW,86,61,59,64,arrivals,0.686046511627907,0.7441860465116279,large_airport,53.046786,8.78932,True,True,True
2024-06,WSSS,85,0,0,0,departures,0.0,0.0,large_airport,1.35019,103.994003,False,True,False
2024-06,EINN,85,62,62,62,departures,0.7294117647058823,0.7294117647058823,large_airport,52.702,-8.92482,True,True,True
2024-06,LIPH,85,70,70,71,departures,0.8235294117647058,0.8352941176470589,large_airport,45.648399,12.1944,True,True,True
2024-06,LOWS,85,56,51,51,departures,0.6,0.6,large_airport,47.793301,13.0043,True,True,True
2024-06,LIPH,85,70,68,68,arrivals,0.8,0.8,large_airport,45.648399,12.1944,True,True,True
2024-06,ZBAA,85,0,0,0,arrivals,0.0,0.0,large_airport,40.077349,116.596702,False,True,False
2024-06,RKSI,84,0,0,0,departures,0.0,0.0,large_airport,37.469101,126.450996,False,True,False
2024-06,EINN,84,55,54,54,arrivals,0.6428571428571429,0.6428571428571429,large_airport,52.702,-8.92482,True,True,True
2024-06,LEGE,83,60,60,61,departures,0.7228915662650602,0.7349397590361446,large_airport,41.904639,2.761774,True,True,True
2024-06,UUDD,83,1,0,4,arrivals,0.0,0.04819277108433735,large_airport,55.408798,37.9063,True,True,True
2024-06,ENTO,82,48,48,49,arrivals,0.5853658536585366,0.5975609756097561,large_airport,59.186699,10.2586,True,True,True
2024-06,GMTT,82,60,60,63,arrivals,0.7317073170731707,0.7682926829268293,large_airport,35.731741,-5.921459,True,True,True
2024-06,GMTT,81,61,61,61,departures,0.7530864197530864,0.7530864197530864,large_airport,35.731741,-5.921459,True,True,True
2024-06,ENTO,80,49,49,51,departures,0.6125,0.6375,large_airport,59.186699,10.2586,True,True,True
2024-06,EGHI,80,41,38,43,arrivals,0.475,0.5375,medium_airport,50.950298,-1.3568,True,True,True
2024-06,EGNS,79,51,46,47,arrivals,0.5822784810126582,0.5949367088607594,large_airport,54.083081,-4.623871,True,True,True
2024-06,EGJB,79,48,47,47,arrivals,0.5949367088607594,0.5949367088607594,medium_airport,49.435001,-2.60197,True,True,True
2024-06,EDSB,79,51,51,57,arrivals,0.6455696202531646,0.7215189873417721,large_airport,48.7794,8.0805,True,True,True
2024-06,EGNS,78,51,49,49,departures,0.6282051282051282,0.6282051282051282,large_airport,54.083081,-4.623871,True,True,True
2024-06,ZZZZ,78,0,0,0,departures,0.0,0.0,,,,False,False,False
2024-06,VHHH,78,0,0,0,departures,0.0,0.0,large_airport,22.31184,113.914862,False,True,False
2024-06,EPMO,78,68,68,68,departures,0.8717948717948718,0.8717948717948718,large_airport,52.451099,20.6518,True,True,True
2024-06,LQSA,77,0,0,0,departures,0.0,0.0,large_airport,43.8246,18.331499,True,True,True
2024-06,ZZZZ,77,0,0,0,arrivals,0.0,0.0,,,,False,False,False
2024-06,LQSA,77,0,0,0,arrivals,0.0,0.0,large_airport,43.8246,18.331499,True,True,True
2024-06,LBBG,77,17,17,17,arrivals,0.22077922077922077,0.22077922077922077,large_airport,42.569917,27.515173,True,True,True
2024-06,EKYT,76,61,61,61,departures,0.8026315789473685,0.8026315789473685,large_airport,57.094763,9.84993,True,True,True
2024-06,EGHI,76,37,37,38,departures,0.4868421052631579,0.5,medium_airport,50.950298,-1.3568,True,True,True
2024-06,KMIA,76,1,0,0,arrivals,0.0,0.0,large_airport,25.796011,-80.289751,False,True,False
2024-06,EPMO,76,64,64,64,arrivals,0.8421052631578947,0.8421052631578947,large_airport,52.451099,20.6518,True,True,True
2024-06,OBBI,76,1,0,0,arrivals,0.0,0.0,large_airport,26.267295,50.63764,False,True,False
2024-06,EGJB,75,48,48,48,departures,0.64,0.64,medium_airport,49.435001,-2.60197,True,True,True
2024-06,EGKB,75,50,49,52,departures,0.6533333333333333,0.6933333333333334,medium_airport,51.33079910279999,0.0324999988079,True,True,True
2024-06,URSS,75,0,0,0,arrivals,0.0,0.0,large_airport,43.449902,39.9566,True,True,True
2024-06,EKYT,75,57,57,58,arrivals,0.76,0.7733333333333333,large_airport,57.094763,9.84993,True,True,True
2024-06,EDSB,74,55,55,55,departures,0.7432432432432432,0.7432432432432432,large_airport,48.7794,8.0805,True,True,True
2024-06,DTTJ,74,0,0,0,arrivals,0.0,0.0,large_airport,33.873719,10.7773,True,True,True
2024-06,EDDG,73,49,48,48,departures,0.6575342465753424,0.6575342465753424,large_airport,52.133816,7.688482,True,True,True
2024-06,DTTJ,73,0,0,0,departures,0.0,0.0,large_airport,33.873719,10.7773,True,True,True
2024-06,LBBG,72,29,29,29,departures,0.4027777777777778,0.4027777777777778,large_airport,42.569917,27.515173,True,True,True
2024-06,EDDG,72,37,37,39,arrivals,0.5138888888888888,0.5416666666666666,large_airport,52.133816,7.688482,True,True,True
2024-06,LTAJ,71,0,0,0,departures,0.0,0.0,large_airport,36.947201,37.478699,True,True,True
2024-06,DTMB,71,0,0,0,departures,0.0,0.0,medium_airport,35.75809860229492,10.75469970703125,True,True,True
2024-06,UAAA,71,0,0,0,departures,0.0,0.0,large_airport,43.354267,77.042828,False,True,False
2024-06,SBGR,70,0,0,0,departures,0.0,0.0,large_airport,-23.431274,-46.469954,False,True,False
2024-06,KDFW,70,0,0,0,departures,0.0,0.0,large_airport,32.896801,-97.038002,False,True,False
2024-06,VTBS,69,0,0,0,arrivals,0.0,0.0,large_airport,13.6811,100.747002,False,True,False
2024-06,LTAJ,69,2,0,0,arrivals,0.0,0.0,large_airport,36.947201,37.478699,True,True,True
2024-06,URSS,68,5,5,5,departures,0.07352941176470588,0.07352941176470588,large_airport,43.449902,39.9566,True,True,True
2024-06,EDLV,68,59,57,58,departures,0.8382352941176471,0.8529411764705882,large_airport,51.601362,6.141228,True,True,True
2024-06,LFMT,68,53,53,53,departures,0.7794117647058824,0.7794117647058824,large_airport,43.576199,3.96301,True,True,True
2024-06,SBGR,68,0,0,0,arrivals,0.0,0.0,large_airport,-23.431274,-46.469954,False,True,False
2024-06,LFMT,68,41,41,41,arrivals,0.6029411764705882,0.6029411764705882,large_airport,43.576199,3.96301,True,True,True
2024-06,LTAU,67,1,0,0,departures,0.0,0.0,large_airport,38.770401,35.495399,True,True,True
2024-06,LRIA,67,0,0,0,departures,0.0,0.0,large_airport,47.179633,27.621431,True,True,True
2024-06,LFKJ,67,39,39,39,departures,0.582089552238806,0.582089552238806,medium_airport,41.923599,8.80292,True,True,True
2024-06,UTTT,67,0,0,0,departures,0.0,0.0,large_airport,41.2579,69.281197,False,True,False
2024-06,LTAU,67,0,0,0,arrivals,0.0,0.0,large_airport,38.770401,35.495399,True,True,True
2024-06,EDLV,67,52,49,49,arrivals,0.7313432835820896,0.7313432835820896,large_airport,51.601362,6.141228,True,True,True
2024-06,DTMB,67,1,0,0,arrivals,0.0,0.0,medium_airport,35.75809860229492,10.75469970703125,True,True,True
2024-06,EGPE,67,44,43,45,arrivals,0.6417910447761194,0.6716417910447762,medium_airport,57.5425,-4.0475,True,True,True
2024-06,LFQQ,66,56,55,55,departures,0.8333333333333334,0.8333333333333334,large_airport,50.566564,3.102429,True,True,True
2024-06,LFQQ,66,55,53,54,arrivals,0.803030303030303,0.8181818181818182,large_airport,50.566564,3.102429,True,True,True
2024-06,LRIA,66,0,0,0,arrivals,0.0,0.0,large_airport,47.179633,27.621431,True,True,True
2024-06,LRTR,66,0,0,0,arrivals,0.0,0.0,large_airport,45.809898,21.3379,True,True,True
2024-06,LIEA,66,49,49,50,arrivals,0.7424242424242424,0.7575757575757576,medium_airport,40.632099,8.29077,True,True,True
2024-06,HAAB,65,0,0,0,departures,0.0,0.0,large_airport,8.97789,38.799301,False,True,False
2024-06,LEAS,65,0,0,0,departures,0.0,0.0,large_airport,43.563599,-6.03462,True,True,True
2024-06,LYPG,65,0,0,0,departures,0.0,0.0,large_airport,42.359402,19.2519,True,True,True
2024-06,LRTR,65,0,0,0,departures,0.0,0.0,large_airport,45.809898,21.3379,True,True,True
2024-06,LIEA,65,48,48,48,departures,0.7384615384615385,0.7384615384615385,medium_airport,40.632099,8.29077,True,True,True
2024-06,LEAS,65,0,0,0,arrivals,0.0,0.0,large_airport,43.563599,-6.03462,True,True,True
2024-06,EDFH,65,46,46,47,arrivals,0.7076923076923077,0.7230769230769231,large_airport,49.946353,7.261734,True,True,True
2024-06,KDFW,65,0,0,0,arrivals,0.0,0.0,large_airport,32.896801,-97.038002,False,True,False
2024-06,LFKJ,65,38,38,39,arrivals,0.5846153846153846,0.6,medium_airport,41.923599,8.80292,True,True,True
2024-06,LYPG,65,0,0,0,arrivals,0.0,0.0,large_airport,42.359402,19.2519,True,True,True
2024-06,OEMA,65,0,0,0,arrivals,0.0,0.0,large_airport,24.5534,39.705101,False,True,False
2024-06,KPHL,64,0,0,0,departures,0.0,0.0,large_airport,39.871899,-75.241096,False,True,False
2024-06,OBBI,64,0,0,0,departures,0.0,0.0,large_airport,26.267295,50.63764,False,True,False
2024-06,EGPE,64,41,41,43,departures,0.640625,0.671875,medium_airport,57.5425,-4.0475,True,True,True
2024-06,EGKB,64,40,32,43,arrivals,0.5,0.671875,medium_airport,51.33079910279999,0.0324999988079,True,True,True
2024-06,UTTT,63,0,0,0,arrivals,0.0,0.0,large_airport,41.2579,69.281197,False,True,False
2024-06,VTBS,62,0,0,0,departures,0.0,0.0,large_airport,13.6811,100.747002,False,True,False
2024-06,EPRZ,62,51,51,51,departures,0.8225806451612904,0.8225806451612904,large_airport,50.109791,22.024155,True,True,True
2024-06,LYTV,62,1,0,0,arrivals,0.0,0.0,medium_airport,42.404701,18.723301,True,True,True
2024-06,LYTV,61,0,0,0,departures,0.0,0.0,medium_airport,42.404701,18.723301,True,True,True
2024-06,HAAB,61,0,0,0,arrivals,0.0,0.0,large_airport,8.97789,38.799301,False,True,False
2024-06,ENAL,61,1,0,0,arrivals,0.0,0.0,large_airport,62.560443,6.110845,True,True,True
2024-06,EDFH,60,51,51,51,departures,0.85,0.85,large_airport,49.946353,7.261734,True,True,True
2024-06,EGPB,60,0,0,0,departures,0.0,0.0,medium_airport,59.878899,-1.29556,True,True,True
2024-06,ENAL,60,0,0,0,departures,0.0,0.0,large_airport,62.560443,6.110845,True,True,True
2024-06,LFKB,60,3,3,3,arrivals,0.05,0.05,large_airport,42.5527,9.48373,True,True,True
2024-06,LFKB,59,6,6,6,departures,0.1016949152542373,0.1016949152542373,large_airport,42.5527,9.48373,True,True,True
2024-06,LFST,59,45,45,46,departures,0.7627118644067796,0.7796610169491526,large_airport,48.5383,7.62823,True,True,True
2024-06,EGPB,59,0,0,0,arrivals,0.0,0.0,medium_airport,59.878899,-1.29556,True,True,True
2024-06,LBWN,59,2,2,2,arrivals,0.03389830508474576,0.03389830508474576,large_airport,43.232101,27.8251,True,True,True
2024-06,GMFF,58,0,0,0,departures,0.0,0.0,large_airport,33.927299,-4.97796,True,True,True
2024-06,LBWN,57,0,0,0,departures,0.0,0.0,large_airport,43.232101,27.8251,True,True,True
2024-06,VABB,57,0,0,0,arrivals,0.0,0.0,large_airport,19.088699,72.867897,False,True,False
2024-06,DTNH,57,0,0,0,arrivals,0.0,0.0,medium_airport,36.075833,10.438611,True,True,True
2024-06,LFST,57,45,44,47,arrivals,0.7719298245614035,0.8245614035087719,large_airport,48.5383,7.62823,True,True,True
2024-06,LOWG,57,39,38,42,arrivals,0.6666666666666666,0.7368421052631579,large_airport,46.9911,15.4396,True,True,True
2024-06,EHKD,56,1,1,1,departures,0.017857142857142856,0.017857142857142856,medium_airport,52.923401,4.78062,True,True,True
2024-06,GMFF,56,1,0,0,arrivals,0.0,0.0,large_airport,33.927299,-4.97796,True,True,True
2024-06,GMME,56,1,0,0,arrivals,0.0,0.0,large_airport,34.051498,-6.75152,True,True,True
2024-06,KPHL,56,0,0,0,arrivals,0.0,0.0,large_airport,39.871899,-75.241096,False,True,False
2024-06,UAAA,56,0,0,0,arrivals,0.0,0.0,large_airport,43.354267,77.042828,False,True,False
2024-06,RJTT,55,0,0,0,departures,0.0,0.0,large_airport,35.549678,139.786958,False,True,False
2024-06,DTNH,55,0,0,0,departures,0.0,0.0,medium_airport,36.075833,10.438611,True,True,True
2024-06,GMME,55,1,0,0,departures,0.0,0.0,large_airport,34.051498,-6.75152,True,True,True
2024-06,EPRZ,55,46,46,46,arrivals,0.8363636363636363,0.8363636363636363,large_airport,50.109791,22.024155,True,True,True
2024-06,LEVT,54,1,0,0,departures,0.0,0.0,medium_airport,42.882801,-2.72447,True,True,True
2024-06,KSEA,54,0,0,0,departures,0.0,0.0,large_airport,47.447943,-122.310276,False,True,False
2024-06,MMMX,54,1,0,0,arrivals,0.0,0.0,large_airport,19.435822,-99.07033,False,True,False
2024-06,LTBA,54,27,25,39,arrivals,0.46296296296296297,0.7222222222222222,large_airport,40.971913,28.823714,True,True,True
2024-06,LIMJ,53,48,48,48,departures,0.9056603773584906,0.9056603773584906,large_airport,44.412039,8.840732,True,True,True
2024-06,ESMS,53,27,27,28,departures,0.5094339622641509,0.5283018867924528,large_airport,55.535564,13.376327,True,True,True
2024-06,LGKF,53,0,0,0,departures,0.0,0.0,medium_airport,38.12009811401367,20.5004997253418,True,True,True
2024-06,LFRB,53,26,26,26,departures,0.49056603773584906,0.49056603773584906,large_airport,48.447899,-4.41854,True,True,True
2024-06,ENHF,53,0,0,0,departures,0.0,0.0,medium_airport,70.679703,23.6686,False,True,False
2024-06,LOWG,53,38,38,38,departures,0.7169811320754716,0.7169811320754716,large_airport,46.9911,15.4396,True,True,True
2024-06,EHKD,53,0,0,0,arrivals,0.0,0.0,medium_airport,52.923401,4.78062,True,True,True
2024-06,RJTT,53,0,0,0,arrivals,0.0,0.0,large_airport,35.549678,139.786958,False,True,False
2024-06,LFMD,53,30,21,35,arrivals,0.39622641509433965,0.660377358490566,medium_airport,43.547998,6.955176,True,True,True
2024-06,KSEA,53,0,0,0,arrivals,0.0,0.0,large_airport,47.447943,-122.310276,False,True,False
2024-06,LKTB,52,39,37,39,departures,0.7115384615384616,0.75,medium_airport,49.151276,16.693972,True,True,True
2024-06,LKMT,52,40,40,40,departures,0.7692307692307693,0.7692307692307693,large_airport,49.696301,18.111099,True,True,True
2024-06,LIMJ,52,48,48,49,arrivals,0.9230769230769231,0.9423076923076923,large_airport,44.412039,8.840732,True,True,True
2024-06,ESMS,52,28,26,27,arrivals,0.5,0.5192307692307693,large_airport,55.535564,13.376327,True,True,True
2024-06,LEVT,52,1,0,0,arrivals,0.0,0.0,medium_airport,42.882801,-2.72447,True,True,True
2024-06,LGKF,52,0,0,0,arrivals,0.0,0.0,medium_airport,38.12009811401367,20.5004997253418,True,True,True
2024-06,LFRB,52,25,24,24,arrivals,0.46153846153846156,0.46153846153846156,large_airport,48.447899,-4.41854,True,True,True
2024-06,OMDW,52,0,0,0,arrivals,0.0,0.0,large_airport,24.896171,55.16235,False,True,False
2024-06,ENHF,52,0,0,0,arrivals,0.0,0.0,medium_airport,70.679703,23.6686,False,True,False
2024-06,VABB,51,0,0,0,departures,0.0,0.0,large_airport,19.088699,72.867897,False,True,False
2024-06,LFBZ,51,37,36,38,arrivals,0.7058823529411765,0.7450980392156863,medium_airport,43.468372,-1.523223,True,True,True
2024-06,LKMT,51,36,35,36,arrivals,0.6862745098039216,0.7058823529411765,large_airport,49.696301,18.111099,True,True,True
2024-06,MMMX,50,0,0,0,departures,0.0,0.0,large_airport,19.435822,-99.07033,False,True,False
2024-06,LFBZ,50,12,11,11,departures,0.22,0.22,medium_airport,43.468372,-1.523223,True,True,True
2024-06,OMDW,50,0,0,0,departures,0.0,0.0,large_airport,24.896171,55.16235,False,True,False
2024-06,GOBD,50,0,0,0,arrivals,0.0,0.0,large_airport,14.670878,-17.072829,False,True,False
2024-06,EDDC,50,35,34,34,arrivals,0.68,0.68,large_airport,51.134123,13.767831,True,True,True
2024-06,EDDC,49,33,31,31,departures,0.6326530612244898,0.6326530612244898,large_airport,51.134123,13.767831,True,True,True
2024-06,EGHH,49,40,40,40,departures,0.8163265306122449,0.8163265306122449,medium_airport,50.780483,-1.839576,True,True,True
2024-06,LKTB,49,38,36,37,arrivals,0.7346938775510204,0.7551020408163265,medium_airport,49.151276,16.693972,True,True,True
2024-06,LGPA,49,2,0,0,arrivals,0.0,0.0,small_airport,37.020495,25.113195,True,False,False
2024-06,LGPA,48,1,0,0,departures,0.0,0.0,small_airport,37.020495,25.113195,True,False,False
2024-06,ENKB,48,0,0,0,departures,0.0,0.0,medium_airport,63.111801,7.82452,True,True,True
2024-06,LTBA,48,24,23,28,departures,0.4791666666666667,0.5833333333333334,large_airport,40.971913,28.823714,True,True,True
2024-06,ENCN,48,30,29,29,arrivals,0.6041666666666666,0.6041666666666666,large_airport,58.204201,8.08537,True,True,True
2024-06,EGHH,48,37,36,39,arrivals,0.75,0.8125,medium_airport,50.780483,-1.839576,True,True,True
2024-06,EYKA,47,35,35,35,departures,0.7446808510638298,0.7446808510638298,large_airport,54.963965,24.08582,True,True,True
2024-06,LERS,47,4,4,4,departures,0.0851063829787234,0.0851063829787234,large_airport,41.147509,1.168354,True,True,True
2024-06,KIAH,47,0,0,0,departures,0.0,0.0,large_airport,29.9844,-95.3414,False,True,False
2024-06,ENCN,47,32,32,32,departures,0.6808510638297872,0.6808510638297872,large_airport,58.204201,8.08537,True,True,True
2024-06,LERS,47,1,1,1,arrivals,0.02127659574468085,0.02127659574468085,large_airport,41.147509,1.168354,True,True,True
2024-06,HEMA,47,0,0,0,arrivals,0.0,0.0,large_airport,25.555548,34.59245,False,True,False
2024-06,GOBD,46,0,0,0,departures,0.0,0.0,large_airport,14.670878,-17.072829,False,True,False
2024-06,UACC,46,0,0,0,departures,0.0,0.0,large_airport,51.027035,71.467094,False,True,False
2024-06,LTCC,46,0,0,0,arrivals,0.0,0.0,medium_airport,37.893902,40.201,True,True,True
2024-06,LIPQ,46,30,30,32,arrivals,0.6521739130434783,0.6956521739130435,large_airport,45.827862,13.466672,True,True,True
2024-06,EYKA,46,33,33,33,arrivals,0.717391304347826,0.717391304347826,large_airport,54.963965,24.08582,True,True,True
2024-06,GEML,45,12,12,12,departures,0.26666666666666666,0.26666666666666666,medium_airport,35.2798,-2.95626,True,True,True
2024-06,DAOO,45,15,14,14,arrivals,0.3111111111111111,0.3111111111111111,large_airport,35.620648,-0.622486,True,True,True
2024-06,ENKB,45,0,0,0,arrivals,0.0,0.0,medium_airport,63.111801,7.82452,True,True,True
2024-06,GEML,45,16,16,16,arrivals,0.35555555555555557,0.35555555555555557,medium_airport,35.2798,-2.95626,True,True,True
2024-06,LIPQ,44,31,31,31,departures,0.7045454545454546,0.7045454545454546,large_airport,45.827862,13.466672,True,True,True
2024-06,DAOO,44,20,20,20,departures,0.45454545454545453,0.45454545454545453,large_airport,35.620648,-0.622486,True,True,True
2024-06,ENFL,44,1,0,0,departures,0.0,0.0,medium_airport,61.583599090576,5.0247201919556,True,True,True
2024-06,OMSJ,44,0,0,0,arrivals,0.0,0.0,large_airport,25.3286,55.5172,False,True,False
2024-06,UWKD,43,0,0,0,departures,0.0,0.0,large_airport,55.606201,49.278702,True,True,True
2024-06,HKJK,43,2,0,0,departures,0.0,0.0,large_airport,-1.318886,36.928233,False,True,False
2024-06,EGFF,43,30,30,30,departures,0.6976744186046512,0.6976744186046512,large_airport,51.396702,-3.34333,True,True,True
2024-06,OMSJ,43,0,0,0,departures,0.0,0.0,large_airport,25.3286,55.5172,False,True,False
2024-06,EGFF,43,29,29,30,arrivals,0.6744186046511628,0.6976744186046512,large_airport,51.396702,-3.34333,True,True,True
2024-06,ENFL,43,0,0,0,arrivals,0.0,0.0,medium_airport,61.583599090576,5.0247201919556,True,True,True
2024-06,LTCI,42,0,0,0,departures,0.0,0.0,medium_airport,38.46820068359375,43.332298278808594,True,True,True
2024-06,KIAH,42,0,0,0,arrivals,0.0,0.0,large_airport,29.9844,-95.3414,False,True,False
2024-06,LEJR,42,0,0,0,arrivals,0.0,0.0,medium_airport,36.744598,-6.06011,True,True,True
2024-06,UACC,42,1,0,0,arrivals,0.0,0.0,large_airport,51.027035,71.467094,False,True,False
2024-06,EDLP,42,28,28,32,arrivals,0.6666666666666666,0.7619047619047619,large_airport,51.612527,8.617459,True,True,True
2024-06,LFKF,42,11,10,11,arrivals,0.23809523809523808,0.2619047619047619,large_airport,41.50185,9.097092,True,True,True
2024-06,LTCC,41,0,0,0,departures,0.0,0.0,medium_airport,37.893902,40.201,True,True,True
2024-06,EDLP,41,32,32,33,departures,0.7804878048780488,0.8048780487804879,large_airport,51.612527,8.617459,True,True,True
2024-06,OEMA,41,0,0,0,departures,0.0,0.0,large_airport,24.5534,39.705101,False,True,False
2024-06,LFKF,41,10,10,10,departures,0.24390243902439024,0.24390243902439024,large_airport,41.50185,9.097092,True,True,True
2024-06,ENEV,41,0,0,0,arrivals,0.0,0.0,large_airport,68.491302,16.678101,True,True,True
2024-06,LIPY,41,12,11,11,arrivals,0.2682926829268293,0.2682926829268293,medium_airport,43.616299,13.3623,True,True,True
2024-06,LTCI,41,0,0,0,arrivals,0.0,0.0,medium_airport,38.46820068359375,43.332298278808594,True,True,True
2024-06,ENEV,40,1,0,0,departures,0.0,0.0,large_airport,68.491302,16.678101,True,True,True
2024-06,LFRN,40,28,28,28,departures,0.7,0.7,medium_airport,48.0695,-1.73479,True,True,True
2024-06,LECO,40,31,31,32,departures,0.775,0.8,medium_airport,43.302101,-8.37726,True,True,True
2024-06,LIPY,40,6,5,5,departures,0.125,0.125,medium_airport,43.616299,13.3623,True,True,True
2024-06,LEXJ,40,0,0,0,departures,0.0,0.0,medium_airport,43.427101,-3.82001,True,True,True
2024-06,ESPA,40,0,0,0,departures,0.0,0.0,large_airport,65.5438,22.122,True,True,True
2024-06,LEJR,40,0,0,0,departures,0.0,0.0,medium_airport,36.744598,-6.06011,True,True,True
2024-06,LICT,40,1,1,1,arrivals,0.025,0.025,medium_airport,37.9114,12.488,True,True,True
2024-06,SKBO,40,4,0,0,arrivals,0.0,0.0,large_airport,4.70159,-74.1469,False,True,False
2024-06,KDTW,39,0,0,0,departures,0.0,0.0,large_airport,42.21377,-83.353786,False,True,False
2024-06,LEGR,39,0,0,0,departures,0.0,0.0,medium_airport,37.188702,-3.77736,True,True,True
2024-06,LFMD,39,22,20,21,departures,0.5128205128205128,0.5384615384615384,medium_airport,43.547998,6.955176,True,True,True
2024-06,LFTH,39,4,4,4,departures,0.10256410256410256,0.10256410256410256,medium_airport,43.097301,6.14603,True,True,True
2024-06,LICT,39,1,1,1,departures,0.02564102564102564,0.02564102564102564,medium_airport,37.9114,12.488,True,True,True
2024-06,ESNU,39,0,0,0,departures,0.0,0.0,large_airport,63.791801,20.282801,True,True,True
2024-06,LEAM,39,28,26,26,arrivals,0.6666666666666666,0.6666666666666666,medium_airport,36.843899,-2.3701,True,True,True
2024-06,LFRN,39,32,30,31,arrivals,0.7692307692307693,0.7948717948717948,medium_airport,48.0695,-1.73479,True,True,True
2024-06,KDTW,39,0,0,0,arrivals,0.0,0.0,large_airport,42.21377,-83.353786,False,True,False
2024-06,LEXJ,39,4,4,4,arrivals,0.10256410256410256,0.10256410256410256,medium_airport,43.427101,-3.82001,True,True,True
2024-06,ESPA,39,1,0,0,arrivals,0.0,0.0,large_airport,65.5438,22.122,True,True,True
2024-06,ESNU,39,0,0,0,arrivals,0.0,0.0,large_airport,63.791801,20.282801,True,True,True
2024-06,LEAM,38,29,29,29,departures,0.7631578947368421,0.7631578947368421,medium_airport,36.843899,-2.3701,True,True,True
2024-06,LGMT,38,24,24,24,departures,0.631578947368421,0.631578947368421,medium_airport,39.057406,26.598629,True,True,True
2024-06,BIRK,38,16,16,16,departures,0.42105263157894735,0.42105263157894735,medium_airport,64.128732,-21.93759,True,True,True
2024-06,UMMS,38,32,32,32,departures,0.8421052631578947,0.8421052631578947,large_airport,53.888071,28.039964,True,True,True
2024-06,LTFH,38,11,10,10,departures,0.2631578947368421,0.2631578947368421,medium_airport,41.253988,36.567546,True,True,True
2024-06,LECO,38,28,28,29,arrivals,0.7368421052631579,0.7631578947368421,medium_airport,43.302101,-8.37726,True,True,True
2024-06,LEGR,38,0,0,0,arrivals,0.0,0.0,medium_airport,37.188702,-3.77736,True,True,True
2024-06,LGMT,38,20,20,20,arrivals,0.5263157894736842,0.5263157894736842,medium_airport,39.057406,26.598629,True,True,True
2024-06,LTFH,38,10,10,10,arrivals,0.2631578947368421,0.2631578947368421,medium_airport,41.253988,36.567546,True,True,True
2024-06,ENHD,37,4,4,4,departures,0.10810810810810811,0.10810810810810811,medium_airport,59.345299,5.20836,True,True,True
2024-06,URMM,37,27,27,28,departures,0.7297297297297297,0.7567567567567568,large_airport,44.225101,43.081902,True,True,True
2024-06,HEMA,37,0,0,0,departures,0.0,0.0,large_airport,25.555548,34.59245,False,True,False
2024-06,LIRZ,37,1,0,0,departures,0.0,0.0,large_airport,43.095901,12.5132,True,True,True
2024-06,UWKD,37,0,0,0,arrivals,0.0,0.0,large_airport,55.606201,49.278702,True,True,True
2024-06,LIRZ,37,1,0,0,arrivals,0.0,0.0,large_airport,43.095901,12.5132,True,True,True
2024-06,UMMS,37,0,0,16,arrivals,0.0,0.43243243243243246,large_airport,53.888071,28.039964,True,True,True
2024-06,LFTH,37,18,13,16,arrivals,0.35135135135135137,0.43243243243243246,medium_airport,43.097301,6.14603,True,True,True
2024-06,EKAH,37,27,26,27,arrivals,0.7027027027027027,0.7297297297297297,large_airport,56.303331,10.618286,True,True,True
2024-06,LEMI,36,29,29,29,departures,0.8055555555555556,0.8055555555555556,large_airport,37.802852,-1.124884,True,True,True
2024-06,EBAW,36,19,17,18,departures,0.4722222222222222,0.5,medium_airport,51.190667,4.463153,True,True,True
2024-06,EKAH,36,26,26,28,departures,0.7222222222222222,0.7777777777777778,large_airport,56.303331,10.618286,True,True,True
2024-06,LEMI,36,29,29,30,arrivals,0.8055555555555556,0.8333333333333334,large_airport,37.802852,-1.124884,True,True,True
2024-06,EGHQ,35,21,21,21,departures,0.6,0.6,medium_airport,50.440601,-4.99541,True,True,True
2024-06,DNMM,35,0,0,0,departures,0.0,0.0,large_airport,6.57737,3.32116,False,True,False
2024-06,USSS,35,0,0,0,departures,0.0,0.0,large_airport,56.743099212646,60.802700042725,False,True,False
2024-06,LOWL,35,29,29,29,departures,0.8285714285714286,0.8285714285714286,large_airport,48.235362,14.188128,True,True,True
2024-06,ORER,35,0,0,0,departures,0.0,0.0,large_airport,36.236047,43.946615,True,True,True
2024-06,ENHD,35,9,9,9,arrivals,0.2571428571428571,0.2571428571428571,medium_airport,59.345299,5.20836,True,True,True
2024-06,URMM,35,17,17,17,arrivals,0.4857142857142857,0.4857142857142857,large_airport,44.225101,43.081902,True,True,True
2024-06,LEZG,34,24,24,24,departures,0.7058823529411765,0.7058823529411765,large_airport,41.666199,-1.04155,True,True,True
2024-06,EGTE,34,19,19,19,departures,0.5588235294117647,0.5588235294117647,medium_airport,50.734261,-3.413984,True,True,True
2024-06,UGKO,34,10,10,10,departures,0.29411764705882354,0.29411764705882354,large_airport,42.177448,42.485353,True,True,True
2024-06,CYVR,34,0,0,0,departures,0.0,0.0,large_airport,49.193901,-123.183998,False,True,False
2024-06,LPLA,34,11,0,0,departures,0.0,0.0,medium_airport,38.761799,-27.090799,False,True,False
2024-06,LDPL,34,28,26,29,arrivals,0.7647058823529411,0.8529411764705882,large_airport,44.893501,13.9222,True,True,True
2024-06,ORER,34,0,0,0,arrivals,0.0,0.0,large_airport,36.236047,43.946615,True,True,True
2024-06,LPLA,34,3,0,0,arrivals,0.0,0.0,medium_airport,38.761799,-27.090799,False,True,False
2024-06,EDMO,33,26,24,26,departures,0.7272727272727273,0.7878787878787878,medium_airport,48.081402,11.2831,True,True,True
2024-06,LGPZ,33,0,0,0,departures,0.0,0.0,medium_airport,38.925499,20.765301,True,True,True
2024-06,SAEZ,33,0,0,0,departures,0.0,0.0,large_airport,-34.8222,-58.5358,False,True,False
2024-06,LZKZ,33,19,19,19,departures,0.5757575757575758,0.5757575757575758,medium_airport,48.663101,21.2411,True,True,True
2024-06,LEVX,33,18,18,18,departures,0.5454545454545454,0.5454545454545454,medium_airport,42.2318,-8.62677,True,True,True
2024-06,KCLT,33,0,0,0,departures,0.0,0.0,large_airport,35.2140007019043,-80.94309997558594,False,True,False
2024-06,KMCO,33,0,0,0,arrivals,0.0,0.0,large_airport,28.429399490356445,-81.30899810791016,False,True,False
2024-06,LGPZ,33,0,0,0,arrivals,0.0,0.0,medium_airport,38.925499,20.765301,True,True,True
2024-06,RJAA,33,0,0,0,arrivals,0.0,0.0,large_airport,35.76858,140.388714,False,True,False
2024-06,LZKZ,33,17,17,17,arrivals,0.5151515151515151,0.5151515151515151,medium_airport,48.663101,21.2411,True,True,True
2024-06,UGKO,33,5,5,5,arrivals,0.15151515151515152,0.15151515151515152,large_airport,42.177448,42.485353,True,True,True
2024-06,UGSB,33,14,12,12,arrivals,0.36363636363636365,0.36363636363636365,large_airport,41.60939,41.600315,True,True,True
2024-06,FAOR,33,1,0,0,arrivals,0.0,0.0,large_airport,-26.140081,28.246801,False,True,False
2024-06,ESSV,33,6,6,6,arrivals,0.18181818181818182,0.18181818181818182,large_airport,57.6628,18.346201,True,True,True
2024-06,BIRK,33,16,16,16,arrivals,0.48484848484848486,0.48484848484848486,medium_airport,64.128732,-21.93759,True,True,True
2024-06,LEVX,33,11,11,11,arrivals,0.3333333333333333,0.3333333333333333,medium_airport,42.2318,-8.62677,True,True,True
2024-06,KMCO,32,0,0,0,departures,0.0,0.0,large_airport,28.429399490356445,-81.30899810791016,False,True,False
2024-06,OOMS,32,0,0,0,departures,0.0,0.0,large_airport,23.600218,58.285268,False,True,False
2024-06,GMMW,32,10,10,10,departures,0.3125,0.3125,large_airport,34.9888,-3.02821,True,True,True
2024-06,UGSB,32,23,23,24,departures,0.71875,0.75,large_airport,41.60939,41.600315,True,True,True
2024-06,ESSV,32,28,28,28,departures,0.875,0.875,large_airport,57.6628,18.346201,True,True,True
2024-06,KMSP,32,0,0,0,departures,0.0,0.0,large_airport,44.880081,-93.221741,False,True,False
2024-06,ENAT,32,0,0,0,departures,0.0,0.0,medium_airport,69.976097,23.3717,True,True,True
2024-06,SKBO,32,0,0,0,departures,0.0,0.0,large_airport,4.70159,-74.1469,False,True,False
2024-06,EGTE,32,18,18,19,arrivals,0.5625,0.59375,medium_airport,50.734261,-3.413984,True,True,True
2024-06,GMMW,32,4,4,4,arrivals,0.125,0.125,large_airport,34.9888,-3.02821,True,True,True
2024-06,SAEZ,32,0,0,0,arrivals,0.0,0.0,large_airport,-34.8222,-58.5358,False,True,False
2024-06,KDEN,32,0,0,0,arrivals,0.0,0.0,large_airport,39.860027,-104.673792,False,True,False
2024-06,LTFG,32,24,24,24,arrivals,0.75,0.75,medium_airport,36.298832,32.297017,True,True,True
2024-06,DNMM,32,0,0,0,arrivals,0.0,0.0,large_airport,6.57737,3.32116,False,True,False
2024-06,USSS,32,0,0,0,arrivals,0.0,0.0,large_airport,56.743099212646,60.802700042725,False,True,False
2024-06,KMSP,32,0,0,0,arrivals,0.0,0.0,large_airport,44.880081,-93.221741,False,True,False
2024-06,LDPL,31,26,26,28,departures,0.8387096774193549,0.9032258064516129,large_airport,44.893501,13.9222,True,True,True
2024-06,LGSK,31,3,3,3,departures,0.0967741935483871,0.0967741935483871,medium_airport,39.177101,23.5037,True,True,True
2024-06,KCVG,31,0,0,0,departures,0.0,0.0,large_airport,39.048801,-84.667801,False,True,False
2024-06,EGPK,31,2,2,2,departures,0.06451612903225806,0.06451612903225806,large_airport,55.501499,-4.577182,True,True,True
2024-06,LEZG,31,20,19,19,arrivals,0.6129032258064516,0.6129032258064516,large_airport,41.666199,-1.04155,True,True,True
2024-06,EGSH,31,23,23,24,arrivals,0.7419354838709677,0.7741935483870968,medium_airport,52.6758,1.28278,True,True,True
2024-06,CYVR,31,0,0,0,arrivals,0.0,0.0,large_airport,49.193901,-123.183998,False,True,False
2024-06,LGSK,31,15,15,15,arrivals,0.4838709677419355,0.4838709677419355,medium_airport,39.177101,23.5037,True,True,True
2024-06,GMFO,31,2,2,2,arrivals,0.06451612903225806,0.06451612903225806,large_airport,34.789558,-1.926041,True,True,True
2024-06,LOWL,31,24,23,26,arrivals,0.7419354838709677,0.8387096774193549,large_airport,48.235362,14.188128,True,True,True
2024-06,EKEB,30,1,1,1,departures,0.03333333333333333,0.03333333333333333,medium_airport,55.525902,8.5534,True,True,True
2024-06,LGSM,30,4,4,4,departures,0.13333333333333333,0.13333333333333333,medium_airport,37.689999,26.911699,True,True,True
2024-06,ORBI,30,0,0,0,departures,0.0,0.0,large_airport,33.262501,44.2346,True,True,True
2024-06,EGWU,30,24,23,26,departures,0.7666666666666667,0.8666666666666667,medium_airport,51.553001,-0.418167,True,True,True
2024-06,LTFG,30,22,22,22,departures,0.7333333333333333,0.7333333333333333,medium_airport,36.298832,32.297017,True,True,True
2024-06,EGHQ,30,17,16,16,arrivals,0.5333333333333333,0.5333333333333333,medium_airport,50.440601,-4.99541,True,True,True
2024-06,OOMS,30,0,0,0,arrivals,0.0,0.0,large_airport,23.600218,58.285268,False,True,False
2024-06,LGSM,30,6,6,6,arrivals,0.2,0.2,medium_airport,37.689999,26.911699,True,True,True
2024-06,ORBI,30,0,0,0,arrivals,0.0,0.0,large_airport,33.262501,44.2346,True,True,True
2024-06,EGWU,30,22,16,26,arrivals,0.5333333333333333,0.8666666666666667,medium_airport,51.553001,-0.418167,True,True,True
2024-06,BGGH,30,0,0,0,arrivals,0.0,0.0,large_airport,64.191066,-51.67914,False,True,False
2024-06,EGPK,30,20,18,19,arrivals,0.6,0.6333333333333333,large_airport,55.501499,-4.577182,True,True,True
2024-06,ENAT,30,0,0,0,arrivals,0.0,0.0,medium_airport,69.976097,23.3717,True,True,True
2024-06,KCLT,30,0,0,0,arrivals,0.0,0.0,large_airport,35.2140007019043,-80.94309997558594,False,True,False
2024-06,EGSH,29,23,23,23,departures,0.7931034482758621,0.7931034482758621,medium_airport,52.6758,1.28278,True,True,True
2024-06,KDEN,29,0,0,0,departures,0.0,0.0,large_airport,39.860027,-104.673792,False,True,False
2024-06,EGPA,29,1,0,0,departures,0.0,0.0,medium_airport,58.957903,-2.905077,True,True,True
2024-06,ENOV,29,0,0,0,departures,0.0,0.0,medium_airport,62.180000305176,6.0741000175476,True,True,True
2024-06,EIKN,29,21,21,21,departures,0.7241379310344828,0.7241379310344828,large_airport,53.910439,-8.817002,True,True,True
2024-06,UBBN,29,0,0,0,arrivals,0.0,0.0,large_airport,39.188801,45.458401,True,True,True
2024-06,EKEB,29,1,1,1,arrivals,0.034482758620689655,0.034482758620689655,medium_airport,55.525902,8.5534,True,True,True
2024-06,HLLM,29,0,0,0,arrivals,0.0,0.0,large_airport,32.89177,13.287878,True,True,True
2024-06,HKJK,29,0,0,0,arrivals,0.0,0.0,large_airport,-1.318886,36.928233,False,True,False
2024-06,LTAN,29,0,0,0,arrivals,0.0,0.0,large_airport,37.979,32.561901,True,True,True
2024-06,CYYC,29,0,0,0,arrivals,0.0,0.0,large_airport,51.118822,-114.009933,False,True,False
2024-06,LOWI,29,23,21,22,arrivals,0.7241379310344828,0.7586206896551724,large_airport,47.260201,11.344,True,True,True
2024-06,EIKN,29,21,20,21,arrivals,0.6896551724137931,0.7241379310344828,large_airport,53.910439,-8.817002,True,True,True
2024-06,BGSF,28,0,0,0,departures,0.0,0.0,medium_airport,67.010446,-50.715294,False,True,False
2024-06,LIBP,28,23,23,23,departures,0.8214285714285714,0.8214285714285714,large_airport,42.431079,14.182981,True,True,True
2024-06,DGAA,28,0,0,0,departures,0.0,0.0,large_airport,5.605189800262451,-0.1667860001325607,False,True,False
2024-06,HLLM,28,0,0,0,departures,0.0,0.0,large_airport,32.89177,13.287878,True,True,True
2024-06,LGNX,28,0,0,0,departures,0.0,0.0,small_airport,37.0811,25.368099,True,False,False
2024-06,LTAN,28,0,0,0,departures,0.0,0.0,large_airport,37.979,32.561901,True,True,True
2024-06,DABC,28,0,0,0,departures,0.0,0.0,large_airport,36.276001,6.62039,True,True,True
2024-06,CYYC,28,0,0,0,departures,0.0,0.0,large_airport,51.118822,-114.009933,False,True,False
2024-06,GMFO,28,1,1,1,departures,0.03571428571428571,0.03571428571428571,large_airport,34.789558,-1.926041,True,True,True
2024-06,LTFO,28,14,14,14,arrivals,0.5,0.5,large_airport,41.179766,40.848802,True,True,True
2024-06,EBAW,28,11,10,11,arrivals,0.35714285714285715,0.39285714285714285,medium_airport,51.190667,4.463153,True,True,True
2024-06,EFOU,28,0,0,0,arrivals,0.0,0.0,large_airport,64.930099,25.354601,True,True,True
2024-06,DABC,28,0,0,0,arrivals,0.0,0.0,large_airport,36.276001,6.62039,True,True,True
2024-06,EGPA,28,1,0,0,arrivals,0.0,0.0,medium_airport,58.957903,-2.905077,True,True,True
2024-06,ENOV,28,0,0,0,arrivals,0.0,0.0,medium_airport,62.180000305176,6.0741000175476,True,True,True
2024-06,ENSG,27,8,0,0,departures,0.0,0.0,small_airport,61.156101,7.13778,True,False,False
2024-06,UBBN,27,0,0,0,departures,0.0,0.0,large_airport,39.188801,45.458401,True,True,True
2024-06,LFLC,27,20,20,22,departures,0.7407407407407407,0.8148148148148148,large_airport,45.786701,3.16917,True,True,True
2024-06,EFOU,27,1,0,0,departures,0.0,0.0,large_airport,64.930099,25.354601,True,True,True
2024-06,DGAA,27,0,0,0,arrivals,0.0,0.0,large_airport,5.605189800262451,-0.1667860001325607,False,True,False
2024-06,LESO,27,7,4,4,arrivals,0.14814814814814814,0.14814814814814814,medium_airport,43.356499,-1.79061,True,True,True
2024-06,LGNX,27,0,0,0,arrivals,0.0,0.0,small_airport,37.0811,25.368099,True,False,False
2024-06,RCTP,27,0,0,0,arrivals,0.0,0.0,large_airport,25.0777,121.233002,False,True,False
2024-06,LTCB,27,9,9,9,arrivals,0.3333333333333333,0.3333333333333333,medium_airport,40.966872,38.085995,True,True,True
2024-06,ENLK,26,14,0,0,departures,0.0,0.0,medium_airport,68.152496337891,13.609399795532,True,True,True
2024-06,LTFO,26,15,15,15,departures,0.5769230769230769,0.5769230769230769,large_airport,41.179766,40.848802,True,True,True
2024-06,URML,26,1,0,0,departures,0.0,0.0,large_airport,42.816799,47.652302,True,True,True
2024-06,LESO,26,0,0,0,departures,0.0,0.0,medium_airport,43.356499,-1.79061,True,True,True
2024-06,ZGGG,26,0,0,0,departures,0.0,0.0,large_airport,23.392401,113.299004,False,True,False
2024-06,LFBT,26,18,18,18,departures,0.6923076923076923,0.6923076923076923,medium_airport,43.178699,-0.006439,True,True,True
2024-06,LGHI,26,4,4,4,departures,0.15384615384615385,0.15384615384615385,medium_airport,38.34320068359375,26.140600204467773,True,True,True
2024-06,LTCB,26,5,5,5,departures,0.19230769230769232,0.19230769230769232,medium_airport,40.966872,38.085995,True,True,True
2024-06,ENSG,26,10,0,0,arrivals,0.0,0.0,small_airport,61.156101,7.13778,True,False,False
2024-06,LIBP,26,21,21,21,arrivals,0.8076923076923077,0.8076923076923077,large_airport,42.431079,14.182981,True,True,True
2024-06,URML,26,0,0,0,arrivals,0.0,0.0,large_airport,42.816799,47.652302,True,True,True
2024-06,ZGGG,26,0,0,0,arrivals,0.0,0.0,large_airport,23.392401,113.299004,False,True,False
2024-06,ENBN,26,0,0,0,arrivals,0.0,0.0,medium_airport,65.461098,12.2175,True,True,True
2024-06,FAOR,25,0,0,0,departures,0.0,0.0,large_airport,-26.140081,28.246801,False,True,False
2024-06,ENBN,25,0,0,0,departures,0.0,0.0,medium_airport,65.461098,12.2175,True,True,True
2024-06,EDDR,25,15,14,14,departures,0.56,0.56,medium_airport,49.214545,7.109735,True,True,True
2024-06,RCTP,25,0,0,0,departures,0.0,0.0,large_airport,25.0777,121.233002,False,True,False
2024-06,EPSC,25,3,2,2,departures,0.08,0.08,large_airport,53.584702,14.9022,True,True,True
2024-06,GVAC,25,0,0,0,departures,0.0,0.0,large_airport,16.7414,-22.9494,False,True,False
2024-06,BGSF,25,0,0,0,arrivals,0.0,0.0,medium_airport,67.010446,-50.715294,False,True,False
2024-06,LTAZ,25,3,0,0,arrivals,0.0,0.0,large_airport,38.7719,34.5345,True,True,True
2024-06,ENLK,25,2,0,0,arrivals,0.0,0.0,medium_airport,68.152496337891,13.609399795532,True,True,True
2024-06,EDDR,25,14,12,13,arrivals,0.48,0.52,medium_airport,49.214545,7.109735,True,True,True
2024-06,LGHI,25,0,0,0,arrivals,0.0,0.0,medium_airport,38.34320068359375,26.140600204467773,True,True,True
2024-06,EPSC,25,1,0,1,arrivals,0.0,0.04,large_airport,53.584702,14.9022,True,True,True
2024-06,LTAZ,24,1,0,0,departures,0.0,0.0,large_airport,38.7719,34.5345,True,True,True
2024-06,ENSK,24,14,0,0,departures,0.0,0.0,medium_airport,68.578827,15.033417,True,True,True
2024-06,LFBP,24,17,16,16,departures,0.6666666666666666,0.6666666666666666,medium_airport,43.380001,-0.418611,True,True,True
2024-06,EKVG,24,0,0,0,departures,0.0,0.0,large_airport,62.063256,-7.275782,True,True,True
2024-06,LTCS,24,0,0,0,departures,0.0,0.0,large_airport,37.445663,38.895592,True,True,True
2024-06,LRSB,24,0,0,0,departures,0.0,0.0,large_airport,45.785841,24.086666,True,True,True
2024-06,EGPO,24,1,0,0,departures,0.0,0.0,medium_airport,58.215599,-6.33111,True,True,True
2024-06,LFLC,24,18,17,18,arrivals,0.7083333333333334,0.75,large_airport,45.786701,3.16917,True,True,True
2024-06,ENSK,24,11,0,0,arrivals,0.0,0.0,medium_airport,68.578827,15.033417,True,True,True
2024-06,LFBP,24,17,17,18,arrivals,0.7083333333333334,0.75,medium_airport,43.380001,-0.418611,True,True,True
2024-06,LRSB,24,2,1,1,arrivals,0.041666666666666664,0.041666666666666664,large_airport,45.785841,24.086666,True,True,True
2024-06,BIAR,24,0,0,0,arrivals,0.0,0.0,large_airport,65.656573,-18.072018,True,True,True
2024-06,LFMP,23,11,11,11,departures,0.4782608695652174,0.4782608695652174,medium_airport,42.740398,2.87067,True,True,True
2024-06,LPCS,23,20,18,20,departures,0.782608695652174,0.8695652173913043,medium_airport,38.724998,-9.35523,True,True,True
2024-06,LGKP,23,0,0,0,departures,0.0,0.0,medium_airport,35.421398,27.146,True,True,True
2024-06,UTAA,23,0,0,0,departures,0.0,0.0,large_airport,37.986801,58.361,False,True,False
2024-06,LTCA,23,0,0,0,departures,0.0,0.0,medium_airport,38.597974,39.28348,True,True,True
2024-06,ENRA,23,0,0,0,arrivals,0.0,0.0,medium_airport,66.363899230957,14.301400184631,True,True,True
2024-06,LGKP,23,1,0,0,arrivals,0.0,0.0,medium_airport,35.421398,27.146,True,True,True
2024-06,UWWW,23,0,0,0,arrivals,0.0,0.0,large_airport,53.504902,50.164299,False,True,False
2024-06,LTCE,23,0,0,0,arrivals,0.0,0.0,medium_airport,39.956501,41.1702,True,True,True
2024-06,LGKL,23,1,0,0,arrivals,0.0,0.0,medium_airport,37.06829833984375,22.02549934387207,True,True,True
2024-06,LFBT,23,17,16,16,arrivals,0.6956521739130435,0.6956521739130435,medium_airport,43.178699,-0.006439,True,True,True
2024-06,LTCS,23,0,0,0,arrivals,0.0,0.0,large_airport,37.445663,38.895592,True,True,True
2024-06,EGPO,23,1,0,1,arrivals,0.0,0.043478260869565216,medium_airport,58.215599,-6.33111,True,True,True
2024-06,VOBL,22,0,0,0,departures,0.0,0.0,large_airport,13.1979,77.706299,False,True,False
2024-06,UCFM,22,0,0,0,departures,0.0,0.0,,,,False,False,False
2024-06,LFRK,22,4,3,3,departures,0.13636363636363635,0.13636363636363635,medium_airport,49.17678,-0.454883,True,True,True
2024-06,MMUN,22,0,0,0,departures,0.0,0.0,large_airport,21.040817,-86.87347,False,True,False
2024-06,DIAP,22,1,0,0,departures,0.0,0.0,large_airport,5.26139,-3.92629,False,True,False
2024-06,UWWW,22,0,0,0,departures,0.0,0.0,large_airport,53.504902,50.164299,False,True,False
2024-06,LTCE,22,0,0,0,departures,0.0,0.0,medium_airport,39.956501,41.1702,True,True,True
2024-06,GCHI,22,0,0,0,departures,0.0,0.0,medium_airport,27.8148,-17.8871,True,True,True
2024-06,EKRN,22,4,4,4,departures,0.18181818181818182,0.18181818181818182,medium_airport,55.063301,14.7596,True,True,True
2024-06,LGKL,22,0,0,0,departures,0.0,0.0,medium_airport,37.06829833984375,22.02549934387207,True,True,True
2024-06,EFTU,22,10,9,9,departures,0.4090909090909091,0.4090909090909091,large_airport,60.514099,22.2628,True,True,True
2024-06,LOWI,22,20,18,18,departures,0.8181818181818182,0.8181818181818182,large_airport,47.260201,11.344,True,True,True
2024-06,EDMO,22,13,9,10,arrivals,0.4090909090909091,0.45454545454545453,medium_airport,48.081402,11.2831,True,True,True
2024-06,LFMP,22,15,14,14,arrivals,0.6363636363636364,0.6363636363636364,medium_airport,42.740398,2.87067,True,True,True
2024-06,ZGSZ,22,0,0,0,arrivals,0.0,0.0,large_airport,22.639474,113.803262,False,True,False
2024-06,LIPO,22,10,10,10,arrivals,0.45454545454545453,0.45454545454545453,medium_airport,45.428902,10.3306,True,True,True
2024-06,LTCA,22,0,0,0,arrivals,0.0,0.0,medium_airport,38.597974,39.28348,True,True,True
2024-06,GCHI,22,0,0,0,arrivals,0.0,0.0,medium_airport,27.8148,-17.8871,True,True,True
2024-06,EKVG,22,0,0,0,arrivals,0.0,0.0,large_airport,62.063256,-7.275782,True,True,True
2024-06,EFTU,22,8,8,8,arrivals,0.36363636363636365,0.36363636363636365,large_airport,60.514099,22.2628,True,True,True
2024-06,LRSV,21,0,0,0,departures,0.0,0.0,large_airport,47.6875,26.354099,True,True,True
2024-06,EHBK,21,8,8,8,departures,0.38095238095238093,0.38095238095238093,large_airport,50.911087,5.769401,True,True,True
2024-06,SBGL,21,0,0,0,departures,0.0,0.0,large_airport,-22.809999,-43.250557,False,True,False
2024-06,ENRA,21,1,0,0,departures,0.0,0.0,medium_airport,66.363899230957,14.301400184631,True,True,True
2024-06,RJAA,21,0,0,0,departures,0.0,0.0,large_airport,35.76858,140.388714,False,True,False
2024-06,LGML,21,0,0,0,departures,0.0,0.0,small_airport,36.696899,24.4769,True,False,False
2024-06,EGNJ,21,5,5,5,departures,0.23809523809523808,0.23809523809523808,medium_airport,53.576152,-0.34954,True,True,True
2024-06,LIPO,21,11,11,11,departures,0.5238095238095238,0.5238095238095238,medium_airport,45.428902,10.3306,True,True,True
2024-06,EGNV,21,11,10,10,departures,0.47619047619047616,0.47619047619047616,medium_airport,54.509201,-1.42941,True,True,True
2024-06,BGGH,21,0,0,0,departures,0.0,0.0,large_airport,64.191066,-51.67914,False,True,False
2024-06,GMML,21,0,0,0,departures,0.0,0.0,large_airport,27.142467,-13.224947,True,True,True
2024-06,EHBK,21,6,6,6,arrivals,0.2857142857142857,0.2857142857142857,large_airport,50.911087,5.769401,True,True,True
2024-06,SBGL,21,0,0,0,arrivals,0.0,0.0,large_airport,-22.809999,-43.250557,False,True,False
2024-06,LFRK,21,11,8,12,arrivals,0.38095238095238093,0.5714285714285714,medium_airport,49.17678,-0.454883,True,True,True
2024-06,ENVD,21,0,0,0,arrivals,0.0,0.0,medium_airport,70.0653,29.8447,True,True,True
2024-06,EKRN,21,13,12,12,arrivals,0.5714285714285714,0.5714285714285714,medium_airport,55.063301,14.7596,True,True,True
2024-06,KCVG,21,0,0,0,arrivals,0.0,0.0,large_airport,39.048801,-84.667801,False,True,False
2024-06,ENML,21,0,0,0,arrivals,0.0,0.0,medium_airport,62.744701,7.2625,True,True,True
2024-06,EIKY,20,15,15,15,departures,0.75,0.75,medium_airport,52.180901,-9.52378,True,True,True
2024-06,EBOS,20,12,11,11,departures,0.55,0.55,large_airport,51.1998,2.874673,True,True,True
2024-06,UWUU,20,0,0,0,departures,0.0,0.0,large_airport,54.557498931885,55.874401092529,False,True,False
2024-06,ENVD,20,0,0,0,departures,0.0,0.0,medium_airport,70.0653,29.8447,True,True,True
2024-06,LIPB,20,11,11,12,departures,0.55,0.6,medium_airport,46.459245,11.326125,True,True,True
2024-06,LICR,20,0,0,0,departures,0.0,0.0,medium_airport,38.071201,15.6516,True,True,True
2024-06,BIAR,20,0,0,0,departures,0.0,0.0,large_airport,65.656573,-18.072018,True,True,True
2024-06,LRSV,20,1,0,0,arrivals,0.0,0.0,large_airport,47.6875,26.354099,True,True,True
2024-06,LPCS,20,13,11,19,arrivals,0.55,0.95,medium_airport,38.724998,-9.35523,True,True,True
2024-06,EBOS,20,12,11,11,arrivals,0.55,0.55,large_airport,51.1998,2.874673,True,True,True
2024-06,LSZR,20,14,12,17,arrivals,0.6,0.85,medium_airport,47.485001,9.56077,True,True,True
2024-06,LGML,20,0,0,0,arrivals,0.0,0.0,small_airport,36.696899,24.4769,True,False,False
2024-06,EGNJ,20,3,3,4,arrivals,0.15,0.2,medium_airport,53.576152,-0.34954,True,True,True
2024-06,EGNV,20,5,5,6,arrivals,0.25,0.3,medium_airport,54.509201,-1.42941,True,True,True
2024-06,LICR,20,0,0,0,arrivals,0.0,0.0,medium_airport,38.071201,15.6516,True,True,True
2024-06,LLER,19,0,0,0,departures,0.0,0.0,large_airport,29.727009,35.014116,True,True,True
2024-06,EPLB,19,13,13,13,departures,0.6842105263157895,0.6842105263157895,large_airport,51.240157,22.713461,True,True,True
2024-06,LTAT,19,0,0,0,departures,0.0,0.0,medium_airport,38.4352989197,38.0909996033,True,True,True
2024-06,SPJC,19,0,0,0,departures,0.0,0.0,,,,False,False,False
2024-06,ENML,19,0,0,0,departures,0.0,0.0,medium_airport,62.744701,7.2625,True,True,True
2024-06,EDHI,19,12,12,12,departures,0.631578947368421,0.631578947368421,medium_airport,53.535278,9.835556,True,True,True
2024-06,EDXW,19,16,16,17,departures,0.8421052631578947,0.8947368421052632,medium_airport,54.9132,8.34047,True,True,True
2024-06,UCFM,19,0,0,0,arrivals,0.0,0.0,,,,False,False,False
2024-06,EPLB,19,13,13,13,arrivals,0.6842105263157895,0.6842105263157895,large_airport,51.240157,22.713461,True,True,True
2024-06,LFKC,19,7,7,8,arrivals,0.3684210526315789,0.42105263157894735,medium_airport,42.530422,8.792984,True,True,True
2024-06,UWUU,19,0,0,0,arrivals,0.0,0.0,large_airport,54.557498931885,55.874401092529,False,True,False
2024-06,MMUN,19,0,0,0,arrivals,0.0,0.0,large_airport,21.040817,-86.87347,False,True,False
2024-06,LTAT,19,0,0,0,arrivals,0.0,0.0,medium_airport,38.4352989197,38.0909996033,True,True,True
2024-06,GMTN,19,17,17,17,arrivals,0.8947368421052632,0.8947368421052632,large_airport,35.594299,-5.32002,True,True,True
2024-06,SPJC,19,0,0,0,arrivals,0.0,0.0,,,,False,False,False
2024-06,LTCR,19,0,0,0,arrivals,0.0,0.0,medium_airport,37.2233009338,40.6316986084,True,True,True
2024-06,ENKR,18,0,0,0,departures,0.0,0.0,medium_airport,69.7258,29.8913,True,True,True
2024-06,LFKC,18,8,8,8,departures,0.4444444444444444,0.4444444444444444,medium_airport,42.530422,8.792984,True,True,True
2024-06,LSZR,18,14,14,15,departures,0.7777777777777778,0.8333333333333334,medium_airport,47.485001,9.56077,True,True,True
2024-06,EYPA,18,8,8,8,departures,0.4444444444444444,0.4444444444444444,large_airport,55.973202,21.093901,True,True,True
2024-06,ENSH,18,13,0,0,departures,0.0,0.0,medium_airport,68.243301,14.6692,True,True,True
2024-06,GMTN,18,16,16,16,departures,0.8888888888888888,0.8888888888888888,large_airport,35.594299,-5.32002,True,True,True
2024-06,LIPR,18,11,10,10,departures,0.5555555555555556,0.5555555555555556,large_airport,44.020024,12.612198,True,True,True
2024-06,LSGS,18,0,0,0,departures,0.0,0.0,medium_airport,46.219166,7.326944,True,True,True
2024-06,LTCR,18,0,0,0,departures,0.0,0.0,medium_airport,37.2233009338,40.6316986084,True,True,True
2024-06,HLLB,18,0,0,0,arrivals,0.0,0.0,large_airport,32.096802,20.269501,True,True,True
2024-06,EIKY,18,13,13,13,arrivals,0.7222222222222222,0.7222222222222222,medium_airport,52.180901,-9.52378,True,True,True
2024-06,ENKR,18,0,0,0,arrivals,0.0,0.0,medium_airport,69.7258,29.8913,True,True,True
2024-06,EYPA,18,10,10,10,arrivals,0.5555555555555556,0.5555555555555556,large_airport,55.973202,21.093901,True,True,True
2024-06,LRBC,18,1,0,0,arrivals,0.0,0.0,large_airport,46.5219,26.910299,True,True,True
2024-06,ESGJ,18,2,0,0,arrivals,0.0,0.0,medium_airport,57.757598876953125,14.068699836730955,True,True,True
2024-06,EPBY,18,13,12,12,arrivals,0.6666666666666666,0.6666666666666666,medium_airport,53.096802,17.977699,True,True,True
2024-06,DIAP,18,1,0,0,arrivals,0.0,0.0,large_airport,5.26139,-3.92629,False,True,False
2024-06,LIPB,18,10,9,9,arrivals,0.5,0.5,medium_airport,46.459245,11.326125,True,True,True
2024-06,LSZB,18,8,5,11,arrivals,0.2777777777777778,0.6111111111111112,medium_airport,46.912736,7.498819,True,True,True
2024-06,LFTZ,18,2,0,0,arrivals,0.0,0.0,small_airport,43.205399,6.482,True,False,False
2024-06,LSGS,18,4,0,0,arrivals,0.0,0.0,medium_airport,46.219166,7.326944,True,True,True
2024-06,GMML,18,0,0,0,arrivals,0.0,0.0,large_airport,27.142467,-13.224947,True,True,True
2024-06,EDVE,17,12,11,17,departures,0.6470588235294118,1.0,medium_airport,52.319199,10.5561,True,True,True
2024-06,EGMC,17,16,16,16,departures,0.9411764705882353,0.9411764705882353,medium_airport,51.570562,0.693627,True,True,True
2024-06,FNLU,17,0,0,0,departures,0.0,0.0,large_airport,-8.85837,13.2312,False,True,False
2024-06,LICG,17,1,0,0,departures,0.0,0.0,medium_airport,36.816502,11.9689,True,True,True
2024-06,LRBC,17,1,1,1,departures,0.058823529411764705,0.058823529411764705,large_airport,46.5219,26.910299,True,True,True
2024-06,ESGJ,17,1,0,0,departures,0.0,0.0,medium_airport,57.757598876953125,14.068699836730955,True,True,True
2024-06,EGTK,17,10,10,10,departures,0.5882352941176471,0.5882352941176471,medium_airport,51.836899,-1.32,True,True,True
2024-06,LSZA,17,10,9,9,departures,0.5294117647058824,0.5294117647058824,medium_airport,46.004299,8.91058,True,True,True
2024-06,SCEL,17,0,0,0,departures,0.0,0.0,large_airport,-33.393001556396484,-70.78579711914062,False,True,False
2024-06,LFMK,17,13,13,13,departures,0.7647058823529411,0.7647058823529411,medium_airport,43.216,2.30632,True,True,True
2024-06,ESTA,17,12,12,12,departures,0.7058823529411765,0.7058823529411765,medium_airport,56.29610061645508,12.847100257873535,True,True,True
2024-06,LXGB,17,13,13,13,departures,0.7647058823529411,0.7647058823529411,large_airport,36.151679,-5.34978,True,True,True
2024-06,OEDF,17,0,0,0,arrivals,0.0,0.0,large_airport,26.4691,49.798209,False,True,False
2024-06,UATE,17,0,0,0,arrivals,0.0,0.0,large_airport,43.860093,51.09086,False,True,False
2024-06,ZHCC,17,0,0,0,arrivals,0.0,0.0,large_airport,34.526497,113.849165,False,True,False
2024-06,LFRZ,17,10,10,11,arrivals,0.5882352941176471,0.6470588235294118,medium_airport,47.31142,-2.152634,True,True,True
2024-06,EGMC,17,14,14,16,arrivals,0.8235294117647058,0.9411764705882353,medium_airport,51.570562,0.693627,True,True,True
2024-06,UTAA,17,0,0,0,arrivals,0.0,0.0,large_airport,37.986801,58.361,False,True,False
2024-06,ENSH,17,7,0,0,arrivals,0.0,0.0,medium_airport,68.243301,14.6692,True,True,True
2024-06,GVBA,17,0,0,0,arrivals,0.0,0.0,large_airport,16.136499,-22.888901,False,True,False
2024-06,LIPR,17,10,9,12,arrivals,0.5294117647058824,0.7058823529411765,large_airport,44.020024,12.612198,True,True,True
2024-06,LFMK,17,12,12,12,arrivals,0.7058823529411765,0.7058823529411765,medium_airport,43.216,2.30632,True,True,True
2024-06,LXGB,17,13,13,13,arrivals,0.7647058823529411,0.7647058823529411,large_airport,36.151679,-5.34978,True,True,True
2024-06,LTCF,16,0,0,0,departures,0.0,0.0,medium_airport,40.562198638916016,43.1150016784668,True,True,True
2024-06,UATE,16,0,0,0,departures,0.0,0.0,large_airport,43.860093,51.09086,False,True,False
2024-06,MPTO,16,0,0,0,departures,0.0,0.0,large_airport,9.07136,-79.383499,False,True,False
2024-06,LFRZ,16,10,10,10,departures,0.625,0.625,medium_airport,47.31142,-2.152634,True,True,True
2024-06,EPLL,16,2,2,2,departures,0.125,0.125,large_airport,51.721901,19.3981,True,True,True
2024-06,LFBL,16,1,1,1,departures,0.0625,0.0625,medium_airport,45.862801,1.17944,True,True,True
2024-06,ENMS,16,0,0,0,departures,0.0,0.0,medium_airport,65.783997,13.2149,True,True,True
2024-06,LICD,16,0,0,0,departures,0.0,0.0,medium_airport,35.497898,12.6181,True,True,True
2024-06,EBKT,16,8,7,10,arrivals,0.4375,0.625,medium_airport,50.818878,3.209551,True,True,True
2024-06,LTCF,16,0,0,0,arrivals,0.0,0.0,medium_airport,40.562198638916016,43.1150016784668,True,True,True
2024-06,KMEM,16,0,0,0,arrivals,0.0,0.0,large_airport,35.043845,-89.97634,False,True,False
2024-06,LICG,16,1,0,0,arrivals,0.0,0.0,medium_airport,36.816502,11.9689,True,True,True
2024-06,LFBL,16,1,1,1,arrivals,0.0625,0.0625,medium_airport,45.862801,1.17944,True,True,True
2024-06,LPHR,16,4,0,0,arrivals,0.0,0.0,medium_airport,38.519901275634766,-28.715900421142575,False,True,False
2024-06,LICD,16,0,0,0,arrivals,0.0,0.0,medium_airport,35.497898,12.6181,True,True,True
2024-06,EDHI,16,12,12,12,arrivals,0.75,0.75,medium_airport,53.535278,9.835556,True,True,True
2024-06,EDXW,16,11,10,10,arrivals,0.625,0.625,medium_airport,54.9132,8.34047,True,True,True
2024-06,ESTA,16,12,12,12,arrivals,0.75,0.75,medium_airport,56.29610061645508,12.847100257873535,True,True,True
2024-06,HLLB,15,0,0,0,departures,0.0,0.0,large_airport,32.096802,20.269501,True,True,True
2024-06,KMEM,15,0,0,0,departures,0.0,0.0,large_airport,35.043845,-89.97634,False,True,False
2024-06,ZGSZ,15,0,0,0,departures,0.0,0.0,large_airport,22.639474,113.803262,False,True,False
2024-06,EPBY,15,12,12,12,departures,0.8,0.8,medium_airport,53.096802,17.977699,True,True,True
2024-06,LPHR,15,8,0,0,departures,0.0,0.0,medium_airport,38.519901275634766,-28.715900421142575,False,True,False
2024-06,LQBK,15,1,0,0,departures,0.0,0.0,large_airport,44.941399,17.297501,True,True,True
2024-06,LOWK,15,0,0,0,departures,0.0,0.0,large_airport,46.642502,14.3377,True,True,True
2024-06,LFTZ,15,0,0,0,departures,0.0,0.0,small_airport,43.205399,6.482,True,False,False
2024-06,UNNT,15,0,0,0,departures,0.0,0.0,large_airport,55.019756,82.618675,False,True,False
2024-06,LDRI,15,11,11,13,departures,0.7333333333333333,0.8666666666666667,large_airport,45.216376,14.57085,True,True,True
2024-06,ENAN,15,5,0,0,departures,0.0,0.0,medium_airport,69.295193,16.139379,True,True,True
2024-06,LEPP,15,2,2,2,departures,0.13333333333333333,0.13333333333333333,medium_airport,42.77,-1.64633,True,True,True
2024-06,LPPI,15,9,0,0,departures,0.0,0.0,medium_airport,38.554298,-28.441299,False,True,False
2024-06,KLAS,15,0,0,0,arrivals,0.0,0.0,large_airport,36.083361,-115.151817,False,True,False
2024-06,VOBL,15,0,0,0,arrivals,0.0,0.0,large_airport,13.1979,77.706299,False,True,False
2024-06,EDVE,15,9,6,7,arrivals,0.4,0.4666666666666667,medium_airport,52.319199,10.5561,True,True,True
2024-06,LFRG,15,10,8,12,arrivals,0.5333333333333333,0.8,medium_airport,49.365237,0.154481,True,True,True
2024-06,EPLL,15,12,10,10,arrivals,0.6666666666666666,0.6666666666666666,large_airport,51.721901,19.3981,True,True,True
2024-06,EGTK,15,10,9,14,arrivals,0.6,0.9333333333333333,medium_airport,51.836899,-1.32,True,True,True
2024-06,LFBH,15,2,2,2,arrivals,0.13333333333333333,0.13333333333333333,medium_airport,46.179199,-1.19528,True,True,True
2024-06,ENMS,15,0,0,0,arrivals,0.0,0.0,medium_airport,65.783997,13.2149,True,True,True
2024-06,LQBK,15,2,0,0,arrivals,0.0,0.0,large_airport,44.941399,17.297501,True,True,True
2024-06,LIBF,15,1,0,0,arrivals,0.0,0.0,medium_airport,41.433596,15.534566,True,True,True
2024-06,FMEE,15,0,0,0,arrivals,0.0,0.0,large_airport,-20.890087,55.518894,False,True,False
2024-06,LOWK,15,2,1,1,arrivals,0.06666666666666667,0.06666666666666667,large_airport,46.642502,14.3377,True,True,True
2024-06,SCEL,15,0,0,0,arrivals,0.0,0.0,large_airport,-33.393001556396484,-70.78579711914062,False,True,False
2024-06,ENAN,15,3,0,0,arrivals,0.0,0.0,medium_airport,69.295193,16.139379,True,True,True
2024-06,GVAC,15,0,0,0,arrivals,0.0,0.0,large_airport,16.7414,-22.9494,False,True,False
2024-06,KLAS,14,0,0,0,departures,0.0,0.0,large_airport,36.083361,-115.151817,False,True,False
2024-06,ESNZ,14,6,6,6,departures,0.42857142857142855,0.42857142857142855,medium_airport,63.193546,14.504168,True,True,True
2024-06,LGAL,14,0,0,0,departures,0.0,0.0,medium_airport,40.8559,25.956301,True,True,True
2024-06,EBKT,14,7,7,7,departures,0.5,0.5,medium_airport,50.818878,3.209551,True,True,True
2024-06,EKSB,14,5,5,5,departures,0.35714285714285715,0.35714285714285715,medium_airport,54.96440124511719,9.791729927062988,True,True,True
2024-06,LICB,14,6,6,6,departures,0.42857142857142855,0.42857142857142855,medium_airport,36.99583,14.60889,True,True,True
2024-06,LPPS,14,5,5,5,departures,0.35714285714285715,0.35714285714285715,medium_airport,33.0733985901,-16.3500003815,True,True,True
2024-06,OEDF,14,0,0,0,departures,0.0,0.0,large_airport,26.4691,49.798209,False,True,False
2024-06,EFVA,14,0,0,0,departures,0.0,0.0,large_airport,63.05023,21.762543,True,True,True
2024-06,ZHCC,14,0,0,0,departures,0.0,0.0,large_airport,34.526497,113.849165,False,True,False
2024-06,ENBL,14,0,0,0,departures,0.0,0.0,small_airport,61.391102,5.75694,True,False,False
2024-06,LTCJ,14,0,0,0,departures,0.0,0.0,medium_airport,37.929001,41.1166,True,True,True
2024-06,LFRG,14,10,10,10,departures,0.7142857142857143,0.7142857142857143,medium_airport,49.365237,0.154481,True,True,True
2024-06,EGJA,14,10,10,10,departures,0.7142857142857143,0.7142857142857143,medium_airport,49.706104,-2.21472,True,True,True
2024-06,EGPN,14,1,1,1,departures,0.07142857142857142,0.07142857142857142,medium_airport,56.452499,-3.02583,True,True,True
2024-06,LIMP,14,1,0,0,departures,0.0,0.0,medium_airport,44.826351,10.29705,True,True,True
2024-06,LFLY,14,6,5,7,departures,0.35714285714285715,0.5,medium_airport,45.727947,4.943991,True,True,True
2024-06,LFBH,14,6,6,6,departures,0.42857142857142855,0.42857142857142855,medium_airport,46.179199,-1.19528,True,True,True
2024-06,EFRO,14,0,0,0,departures,0.0,0.0,large_airport,66.563327,25.829751,True,True,True
2024-06,EGAE,14,0,0,0,departures,0.0,0.0,medium_airport,55.042801,-7.16111,True,True,True
2024-06,KSDF,14,0,0,0,departures,0.0,0.0,large_airport,38.1706,-85.735076,False,True,False
2024-06,LSZB,14,6,5,9,departures,0.35714285714285715,0.6428571428571429,medium_airport,46.912736,7.498819,True,True,True
2024-06,FMEE,14,0,0,0,departures,0.0,0.0,large_airport,-20.890087,55.518894,False,True,False
2024-06,EFKU,14,12,12,12,departures,0.8571428571428571,0.8571428571428571,large_airport,63.007099,27.7978,True,True,True
2024-06,EDFM,14,3,3,3,departures,0.21428571428571427,0.21428571428571427,medium_airport,49.473057,8.514167,True,True,True
2024-06,LLER,14,1,0,1,arrivals,0.0,0.07142857142857142,large_airport,29.727009,35.014116,True,True,True
2024-06,LGAL,14,1,1,1,arrivals,0.07142857142857142,0.07142857142857142,medium_airport,40.8559,25.956301,True,True,True
2024-06,EKSB,14,6,6,6,arrivals,0.42857142857142855,0.42857142857142855,medium_airport,54.96440124511719,9.791729927062988,True,True,True
2024-06,LICB,14,7,7,7,arrivals,0.5,0.5,medium_airport,36.99583,14.60889,True,True,True
2024-06,LPPS,14,7,7,7,arrivals,0.5,0.5,medium_airport,33.0733985901,-16.3500003815,True,True,True
2024-06,EFVA,14,0,0,0,arrivals,0.0,0.0,large_airport,63.05023,21.762543,True,True,True
2024-06,ENBL,14,0,0,0,arrivals,0.0,0.0,small_airport,61.391102,5.75694,True,False,False
2024-06,LTCJ,14,0,0,0,arrivals,0.0,0.0,medium_airport,37.929001,41.1166,True,True,True
2024-06,WMKK,14,0,0,0,arrivals,0.0,0.0,large_airport,2.74558,101.709999,False,True,False
2024-06,FNLU,14,0,0,0,arrivals,0.0,0.0,large_airport,-8.85837,13.2312,False,True,False
2024-06,LIMP,14,9,8,8,arrivals,0.5714285714285714,0.5714285714285714,medium_airport,44.826351,10.29705,True,True,True
2024-06,LFLY,14,6,4,24,arrivals,0.2857142857142857,1.7142857142857142,medium_airport,45.727947,4.943991,True,True,True
2024-06,KBWI,14,0,0,0,arrivals,0.0,0.0,large_airport,39.1754,-76.668297,False,True,False
2024-06,EFRO,14,0,0,0,arrivals,0.0,0.0,large_airport,66.563327,25.829751,True,True,True
2024-06,EGAE,14,0,0,0,arrivals,0.0,0.0,medium_airport,55.042801,-7.16111,True,True,True
2024-06,EFKU,14,12,12,12,arrivals,0.8571428571428571,0.8571428571428571,large_airport,63.007099,27.7978,True,True,True
2024-06,UNNT,14,0,0,0,arrivals,0.0,0.0,large_airport,55.019756,82.618675,False,True,False
2024-06,MDPC,14,3,0,0,arrivals,0.0,0.0,large_airport,18.567093,-68.364558,False,True,False
2024-06,LTAY,14,0,0,1,arrivals,0.0,0.07142857142857142,medium_airport,37.7855987549,29.7012996674,True,True,True
2024-06,LDRI,14,1,1,3,arrivals,0.07142857142857142,0.21428571428571427,large_airport,45.216376,14.57085,True,True,True
2024-06,LEPP,14,2,2,2,arrivals,0.14285714285714285,0.14285714285714285,medium_airport,42.77,-1.64633,True,True,True
2024-06,LPPI,14,3,0,0,arrivals,0.0,0.0,medium_airport,38.554298,-28.441299,False,True,False
2024-06,KTEB,13,0,0,0,departures,0.0,0.0,medium_airport,40.850101,-74.060799,False,True,False
2024-06,LGLM,13,0,0,0,departures,0.0,0.0,small_airport,39.917098999,25.236299514799995,True,False,False
2024-06,LRBS,13,10,10,11,departures,0.7692307692307693,0.8461538461538461,large_airport,44.503133,26.102944,True,True,True
2024-06,LIBF,13,0,0,0,departures,0.0,0.0,medium_airport,41.433596,15.534566,True,True,True
2024-06,GQNO,13,0,0,0,departures,0.0,0.0,large_airport,18.31,-15.969722,False,True,False
2024-06,LTCK,13,0,0,0,departures,0.0,0.0,medium_airport,38.74779891967773,41.66120147705078,True,True,True
2024-06,ESNZ,13,6,6,6,arrivals,0.46153846153846156,0.46153846153846156,medium_airport,63.193546,14.504168,True,True,True
2024-06,LGLM,13,0,0,0,arrivals,0.0,0.0,small_airport,39.917098999,25.236299514799995,True,False,False
2024-06,UUBW,13,1,1,3,arrivals,0.07692307692307693,0.23076923076923078,large_airport,55.553299,38.150002,True,True,True
2024-06,SBKP,13,0,0,0,arrivals,0.0,0.0,large_airport,-23.007404,-47.134502,False,True,False
2024-06,LSZA,13,8,6,7,arrivals,0.46153846153846156,0.5384615384615384,medium_airport,46.004299,8.91058,True,True,True
2024-06,GQNO,13,0,0,0,arrivals,0.0,0.0,large_airport,18.31,-15.969722,False,True,False
2024-06,LFJL,13,11,11,11,arrivals,0.8461538461538461,0.8461538461538461,medium_airport,48.982101,6.25132,True,True,True
2024-06,LTCK,13,0,0,0,arrivals,0.0,0.0,medium_airport,38.74779891967773,41.66120147705078,True,True,True
2024-06,EDFM,13,2,2,2,arrivals,0.15384615384615385,0.15384615384615385,medium_airport,49.473057,8.514167,True,True,True
2024-06,ESMT,12,8,8,8,departures,0.6666666666666666,0.6666666666666666,medium_airport,56.69110107421875,12.820199966430664,True,True,True
2024-06,LHDC,12,0,0,0,departures,0.0,0.0,large_airport,47.489469,21.616278,True,True,True
2024-06,LTAR,12,0,0,0,departures,0.0,0.0,small_airport,39.813801,36.9035,True,False,False
2024-06,SVMI,12,0,0,0,departures,0.0,0.0,large_airport,10.602214,-66.991174,False,True,False
2024-06,WMKK,12,0,0,0,departures,0.0,0.0,large_airport,2.74558,101.709999,False,True,False
2024-06,LFMU,12,3,3,3,departures,0.25,0.25,medium_airport,43.323502,3.3539,True,True,True
2024-06,KBWI,12,0,0,0,departures,0.0,0.0,large_airport,39.1754,-76.668297,False,True,False
2024-06,UTSS,12,0,0,0,departures,0.0,0.0,large_airport,39.701842,66.981467,False,True,False
2024-06,FIMP,12,0,0,0,departures,0.0,0.0,large_airport,-20.430201,57.683601,False,True,False
2024-06,LFJL,12,10,10,10,departures,0.8333333333333334,0.8333333333333334,medium_airport,48.982101,6.25132,True,True,True
2024-06,GCGM,12,0,0,0,departures,0.0,0.0,small_airport,28.0296,-17.2146,True,False,False
2024-06,LTAY,12,0,0,0,departures,0.0,0.0,medium_airport,37.7855987549,29.7012996674,True,True,True
2024-06,LECH,12,8,8,8,departures,0.6666666666666666,0.6666666666666666,medium_airport,40.213889,0.073333,True,True,True
2024-06,RJBB,12,0,0,0,departures,0.0,0.0,large_airport,34.427299,135.244003,False,True,False
2024-06,EFTP,12,7,7,7,departures,0.5833333333333334,0.5833333333333334,large_airport,61.414101,23.604401,True,True,True
2024-06,URMG,12,0,0,0,departures,0.0,0.0,large_airport,43.388106,45.699772,True,True,True
2024-06,LRCV,12,7,7,7,departures,0.5833333333333334,0.5833333333333334,large_airport,44.3181,23.888599,True,True,True
2024-06,LKPD,12,11,11,11,departures,0.9166666666666666,0.9166666666666666,large_airport,50.015049,15.73981,True,True,True
2024-06,LGKV,12,9,9,9,departures,0.75,0.75,large_airport,40.9133,24.6192,True,True,True
2024-06,HRYR,12,3,0,0,arrivals,0.0,0.0,large_airport,-1.96863,30.1395,False,True,False
2024-06,GVNP,12,0,0,0,arrivals,0.0,0.0,large_airport,14.941126,-23.484728,False,True,False
2024-06,LTAR,12,0,0,0,arrivals,0.0,0.0,small_airport,39.813801,36.9035,True,False,False
2024-06,SVMI,12,0,0,0,arrivals,0.0,0.0,large_airport,10.602214,-66.991174,False,True,False
2024-06,EGPN,12,6,1,1,arrivals,0.08333333333333333,0.08333333333333333,medium_airport,56.452499,-3.02583,True,True,True
2024-06,LFMU,12,2,2,2,arrivals,0.16666666666666666,0.16666666666666666,medium_airport,43.323502,3.3539,True,True,True
2024-06,EDDE,12,9,9,9,arrivals,0.75,0.75,large_airport,50.978281,10.960713,True,True,True
2024-06,KSDF,12,0,0,0,arrivals,0.0,0.0,large_airport,38.1706,-85.735076,False,True,False
2024-06,LRBS,12,8,8,9,arrivals,0.6666666666666666,0.75,large_airport,44.503133,26.102944,True,True,True
2024-06,ENSD,12,0,0,0,arrivals,0.0,0.0,small_airport,61.830002,6.10583,True,False,False
2024-06,GCGM,12,0,0,0,arrivals,0.0,0.0,small_airport,28.0296,-17.2146,True,False,False
2024-06,URMG,12,0,0,0,arrivals,0.0,0.0,large_airport,43.388106,45.699772,True,True,True
2024-06,LTCD,11,0,0,0,departures,0.0,0.0,medium_airport,39.7102012634,39.5270004272,True,True,True
2024-06,ESSL,11,8,8,8,departures,0.7272727272727273,0.7272727272727273,large_airport,58.404909,15.684499,True,True,True
2024-06,TFFR,11,0,0,0,departures,0.0,0.0,large_airport,16.265443,-61.532754,False,True,False
2024-06,KTPA,11,0,0,0,departures,0.0,0.0,large_airport,27.9755,-82.533203,False,True,False
2024-06,LFBE,11,7,7,7,departures,0.6363636363636364,0.6363636363636364,medium_airport,44.825298,0.518611,True,True,True
2024-06,HESX,11,0,0,0,departures,0.0,0.0,large_airport,30.108179,30.895728,True,True,True
2024-06,UUBW,11,5,5,5,departures,0.45454545454545453,0.45454545454545453,large_airport,55.553299,38.150002,True,True,True
2024-06,GMMH,11,0,0,0,departures,0.0,0.0,large_airport,23.7183,-15.932,False,True,False
2024-06,EDNY,11,7,7,8,departures,0.6363636363636364,0.7272727272727273,large_airport,47.671299,9.51149,True,True,True
2024-06,LROD,11,0,0,0,departures,0.0,0.0,large_airport,47.025299,21.9025,True,True,True
2024-06,ESNN,11,0,0,0,departures,0.0,0.0,medium_airport,62.528099060058594,17.443899154663086,True,True,True
2024-06,ENRM,11,0,0,0,departures,0.0,0.0,medium_airport,64.838302612305,11.14610004425,True,True,True
2024-06,EFMA,11,2,2,2,departures,0.18181818181818182,0.18181818181818182,large_airport,60.1222,19.898199,True,True,True
2024-06,LIBC,11,0,0,0,departures,0.0,0.0,medium_airport,38.9972,17.0802,True,True,True
2024-06,LTCV,11,0,0,0,departures,0.0,0.0,medium_airport,37.3647,42.0582,True,True,True
2024-06,LPAZ,11,8,8,8,departures,0.7272727272727273,0.7272727272727273,medium_airport,36.97140121459961,-25.17060089111328,True,True,True
2024-06,LEBZ,11,10,9,9,departures,0.8181818181818182,0.8181818181818182,medium_airport,38.8913,-6.82133,True,True,True
2024-06,ENLE,11,0,0,0,departures,0.0,0.0,heliport,56.5333,3.21667,True,False,False
2024-06,LZTT,11,1,0,0,departures,0.0,0.0,medium_airport,49.070994,20.241394,True,True,True
2024-06,KRDU,11,0,0,0,departures,0.0,0.0,large_airport,35.878659,-78.7873,False,True,False
2024-06,MROC,11,0,0,0,departures,0.0,0.0,large_airport,9.99386,-84.208801,False,True,False
2024-06,ENSD,11,0,0,0,departures,0.0,0.0,small_airport,61.830002,6.10583,True,False,False
2024-06,FACT,11,0,0,0,departures,0.0,0.0,large_airport,-33.97403,18.604333,False,True,False
2024-06,KSAN,11,0,0,0,departures,0.0,0.0,large_airport,32.733601,-117.190002,False,True,False
2024-06,DNAA,11,2,0,0,departures,0.0,0.0,large_airport,9.00679,7.26317,False,True,False
2024-06,ENST,11,0,0,0,departures,0.0,0.0,medium_airport,65.956802,12.4689,True,True,True
2024-06,ESKN,11,4,4,4,departures,0.36363636363636365,0.36363636363636365,large_airport,58.789656,16.911479,True,True,True
2024-06,ESMX,11,10,9,9,departures,0.8181818181818182,0.8181818181818182,medium_airport,56.92910003662109,14.727999687194824,True,True,True
2024-06,UWGG,11,5,4,4,departures,0.36363636363636365,0.36363636363636365,large_airport,56.227351,43.785152,True,True,True
2024-06,LTCT,11,0,0,0,departures,0.0,0.0,medium_airport,39.976627,43.876648,True,True,True
2024-06,LTCP,11,0,0,0,departures,0.0,0.0,medium_airport,37.7314,38.468899,True,True,True
2024-06,LTCD,11,0,0,0,arrivals,0.0,0.0,medium_airport,39.7102012634,39.5270004272,True,True,True
2024-06,KTPA,11,0,0,0,arrivals,0.0,0.0,large_airport,27.9755,-82.533203,False,True,False
2024-06,LFBE,11,1,0,0,arrivals,0.0,0.0,medium_airport,44.825298,0.518611,True,True,True
2024-06,LHDC,11,0,0,0,arrivals,0.0,0.0,large_airport,47.489469,21.616278,True,True,True
2024-06,HESX,11,0,0,0,arrivals,0.0,0.0,large_airport,30.108179,30.895728,True,True,True
2024-06,GMMH,11,0,0,0,arrivals,0.0,0.0,large_airport,23.7183,-15.932,False,True,False
2024-06,LROD,11,0,0,0,arrivals,0.0,0.0,large_airport,47.025299,21.9025,True,True,True
2024-06,ESNN,11,0,0,0,arrivals,0.0,0.0,medium_airport,62.528099060058594,17.443899154663086,True,True,True
2024-06,EGJA,11,8,8,8,arrivals,0.7272727272727273,0.7272727272727273,medium_airport,49.706104,-2.21472,True,True,True
2024-06,ENRM,11,0,0,0,arrivals,0.0,0.0,medium_airport,64.838302612305,11.14610004425,True,True,True
2024-06,EFMA,11,1,1,1,arrivals,0.09090909090909091,0.09090909090909091,large_airport,60.1222,19.898199,True,True,True
2024-06,LIBC,11,0,0,0,arrivals,0.0,0.0,medium_airport,38.9972,17.0802,True,True,True
2024-06,LTCV,11,0,0,0,arrivals,0.0,0.0,medium_airport,37.3647,42.0582,True,True,True
2024-06,LPAZ,11,8,8,8,arrivals,0.7272727272727273,0.7272727272727273,medium_airport,36.97140121459961,-25.17060089111328,True,True,True
2024-06,KRDU,11,0,0,0,arrivals,0.0,0.0,large_airport,35.878659,-78.7873,False,True,False
2024-06,FACT,11,0,0,0,arrivals,0.0,0.0,large_airport,-33.97403,18.604333,False,True,False
2024-06,ZUTF,11,0,0,0,arrivals,0.0,0.0,large_airport,30.31252,104.441284,False,True,False
2024-06,FIMP,11,0,0,0,arrivals,0.0,0.0,large_airport,-20.430201,57.683601,False,True,False
2024-06,LTFD,11,6,6,6,arrivals,0.5454545454545454,0.5454545454545454,large_airport,39.552533,27.010192,True,True,True
2024-06,ENST,11,0,0,0,arrivals,0.0,0.0,medium_airport,65.956802,12.4689,True,True,True
2024-06,ESKN,11,4,4,4,arrivals,0.36363636363636365,0.36363636363636365,large_airport,58.789656,16.911479,True,True,True
2024-06,LECH,11,0,0,0,arrivals,0.0,0.0,medium_airport,40.213889,0.073333,True,True,True
2024-06,ESMX,11,6,4,4,arrivals,0.36363636363636365,0.36363636363636365,medium_airport,56.92910003662109,14.727999687194824,True,True,True
2024-06,RJBB,11,0,0,0,arrivals,0.0,0.0,large_airport,34.427299,135.244003,False,True,False
2024-06,EFTP,11,5,5,5,arrivals,0.45454545454545453,0.45454545454545453,large_airport,61.414101,23.604401,True,True,True
2024-06,LTCT,11,0,0,0,arrivals,0.0,0.0,medium_airport,39.976627,43.876648,True,True,True
2024-06,LRCV,11,6,6,6,arrivals,0.5454545454545454,0.5454545454545454,large_airport,44.3181,23.888599,True,True,True
2024-06,LTCP,11,0,0,0,arrivals,0.0,0.0,medium_airport,37.7314,38.468899,True,True,True
2024-06,LKPD,11,10,10,10,arrivals,0.9090909090909091,0.9090909090909091,large_airport,50.015049,15.73981,True,True,True
2024-06,LGKV,11,9,9,9,arrivals,0.8181818181818182,0.8181818181818182,large_airport,40.9133,24.6192,True,True,True
2024-06,DAAE,11,2,2,2,arrivals,0.18181818181818182,0.18181818181818182,large_airport,36.712547,5.069909,True,True,True
2024-06,LFTW,10,8,8,8,departures,0.8,0.8,medium_airport,43.757401,4.41635,True,True,True
2024-06,DABB,10,0,0,0,departures,0.0,0.0,large_airport,36.826781,7.81334,True,True,True
2024-06,LFOK,10,2,1,1,departures,0.1,0.1,medium_airport,48.77333,4.20611,True,True,True
2024-06,ZBAD,10,0,0,0,departures,0.0,0.0,large_airport,39.501289,116.413967,False,True,False
2024-06,ENNA,10,0,0,0,departures,0.0,0.0,medium_airport,70.068802,24.973499,True,True,True
2024-06,SBKP,10,0,0,0,departures,0.0,0.0,large_airport,-23.007404,-47.134502,False,True,False
2024-06,ESNL,10,0,0,0,departures,0.0,0.0,medium_airport,64.548302,18.7162,True,True,True
2024-06,EDDE,10,8,8,8,departures,0.8,0.8,large_airport,50.978281,10.960713,True,True,True
2024-06,KIND,10,0,0,0,departures,0.0,0.0,large_airport,39.7173,-86.294403,False,True,False
2024-06,ESNS,10,0,0,0,departures,0.0,0.0,medium_airport,64.62480163574219,21.07690048217773,True,True,True
2024-06,ZUTF,10,0,0,0,departures,0.0,0.0,large_airport,30.31252,104.441284,False,True,False
2024-06,LTFD,10,8,8,8,departures,0.8,0.8,large_airport,39.552533,27.010192,True,True,True
2024-06,VCBI,10,0,0,0,departures,0.0,0.0,large_airport,7.180759906768799,79.88410186767578,False,True,False
2024-06,EDTY,10,8,7,8,departures,0.7,0.8,medium_airport,49.118332,9.783889,True,True,True
2024-06,MDSD,10,0,0,0,departures,0.0,0.0,large_airport,18.42970085144,-69.668899536133,False,True,False
2024-06,MDPC,10,0,0,0,departures,0.0,0.0,large_airport,18.567093,-68.364558,False,True,False
2024-06,LFLW,10,0,0,0,departures,0.0,0.0,medium_airport,44.891399,2.42194,True,True,True
2024-06,LYNI,10,2,2,2,departures,0.2,0.2,large_airport,43.336538,21.856242,True,True,True
2024-06,LQMO,10,0,0,0,departures,0.0,0.0,large_airport,43.282489,17.846101,True,True,True
2024-06,DAAE,10,1,1,1,departures,0.1,0.1,large_airport,36.712547,5.069909,True,True,True
2024-06,DABB,10,0,0,0,arrivals,0.0,0.0,large_airport,36.826781,7.81334,True,True,True
2024-06,ESSL,10,9,9,9,arrivals,0.9,0.9,large_airport,58.404909,15.684499,True,True,True
2024-06,LFOK,10,3,0,0,arrivals,0.0,0.0,medium_airport,48.77333,4.20611,True,True,True
2024-06,TFFR,10,0,0,0,arrivals,0.0,0.0,large_airport,16.265443,-61.532754,False,True,False
2024-06,ESMT,10,7,7,7,arrivals,0.7,0.7,medium_airport,56.69110107421875,12.820199966430664,True,True,True
2024-06,MPTO,10,0,0,0,arrivals,0.0,0.0,large_airport,9.07136,-79.383499,False,True,False
2024-06,LFRM,10,4,3,5,arrivals,0.3,0.5,medium_airport,47.948604,0.201702,True,True,True
2024-06,ESNL,10,0,0,0,arrivals,0.0,0.0,medium_airport,64.548302,18.7162,True,True,True
2024-06,UTSS,10,0,0,0,arrivals,0.0,0.0,large_airport,39.701842,66.981467,False,True,False
2024-06,ENLE,10,0,0,0,arrivals,0.0,0.0,heliport,56.5333,3.21667,True,False,False
2024-06,LZTT,10,2,0,0,arrivals,0.0,0.0,medium_airport,49.070994,20.241394,True,True,True
2024-06,LFSL,10,0,0,0,arrivals,0.0,0.0,medium_airport,45.039722,1.485556,True,True,True
2024-06,KSAN,10,0,0,0,arrivals,0.0,0.0,large_airport,32.733601,-117.190002,False,True,False
2024-06,VVNB,10,0,0,0,arrivals,0.0,0.0,large_airport,21.221201,105.806999,False,True,False
2024-06,KSLC,10,0,0,0,arrivals,0.0,0.0,large_airport,40.78886,-111.979866,False,True,False
2024-06,LGST,10,0,0,0,arrivals,0.0,0.0,medium_airport,35.21609878540039,26.101299285888672,True,True,True
2024-06,LFLW,10,0,0,0,arrivals,0.0,0.0,medium_airport,44.891399,2.42194,True,True,True
2024-06,LQMO,10,0,0,0,arrivals,0.0,0.0,large_airport,43.282489,17.846101,True,True,True
2024-06,UWGG,10,0,0,0,arrivals,0.0,0.0,large_airport,56.227351,43.785152,True,True,True
2024-06,ESDF,9,8,8,8,departures,0.8888888888888888,0.8888888888888888,medium_airport,56.266701,15.265,True,True,True
2024-06,ENDU,9,0,0,0,departures,0.0,0.0,medium_airport,69.055801,18.5404,True,True,True
2024-06,EGPL,9,0,0,0,departures,0.0,0.0,medium_airport,57.481098,-7.36278,True,True,True
2024-06,GVNP,9,0,0,0,departures,0.0,0.0,large_airport,14.941126,-23.484728,False,True,False
2024-06,LGRX,9,0,0,0,departures,0.0,0.0,medium_airport,38.1511,21.4256,True,True,True
2024-06,VGHS,9,0,0,0,departures,0.0,0.0,large_airport,23.843347,90.397783,False,True,False
2024-06,LQTZ,9,0,0,0,departures,0.0,0.0,large_airport,44.459858,18.723627,True,True,True
2024-06,ESNX,9,0,0,0,departures,0.0,0.0,medium_airport,65.59030151367188,19.28190040588379,True,True,True
2024-06,UATG,9,0,0,0,departures,0.0,0.0,large_airport,47.121318,51.820343,False,True,False
2024-06,LEVD,9,3,2,2,departures,0.2222222222222222,0.2222222222222222,medium_airport,41.7061,-4.85194,True,True,True
2024-06,GABS,9,0,0,0,departures,0.0,0.0,large_airport,12.5335,-7.94994,False,True,False
2024-06,LRBV,9,0,0,0,departures,0.0,0.0,large_airport,45.70558,25.522871,True,True,True
2024-06,ESNG,9,0,0,0,departures,0.0,0.0,medium_airport,67.13240051269531,20.814599990844727,True,True,True
2024-06,KPDX,9,0,0,0,departures,0.0,0.0,large_airport,45.588699,-122.598,False,True,False
2024-06,LFSL,9,0,0,0,departures,0.0,0.0,medium_airport,45.039722,1.485556,True,True,True
2024-06,EGNR,9,7,7,7,departures,0.7777777777777778,0.7777777777777778,medium_airport,53.178101,-2.97778,True,True,True
2024-06,VVNB,9,0,0,0,departures,0.0,0.0,large_airport,21.221201,105.806999,False,True,False
2024-06,LGST,9,0,0,0,departures,0.0,0.0,medium_airport,35.21609878540039,26.101299285888672,True,True,True
2024-06,LFCR,9,5,5,5,departures,0.5555555555555556,0.5555555555555556,medium_airport,44.407902,2.48267,True,True,True
2024-06,ENHV,9,0,0,0,departures,0.0,0.0,medium_airport,71.009697,25.983601,False,True,False
2024-06,LGIK,9,0,0,0,departures,0.0,0.0,small_airport,37.6827011108,26.3470993042,True,False,False
2024-06,ESKM,9,0,0,0,departures,0.0,0.0,medium_airport,60.957901,14.5114,True,True,True
2024-06,ENSO,9,3,3,3,departures,0.3333333333333333,0.3333333333333333,medium_airport,59.791901,5.34085,True,True,True
2024-06,HUEN,9,2,0,0,departures,0.0,0.0,large_airport,0.042386,32.443501,False,True,False
2024-06,KPHX,9,0,0,0,arrivals,0.0,0.0,large_airport,33.435302,-112.005905,False,True,False
2024-06,EGPL,9,0,0,0,arrivals,0.0,0.0,medium_airport,57.481098,-7.36278,True,True,True
2024-06,LTDA,9,0,0,0,arrivals,0.0,0.0,medium_airport,36.36079,36.285589,True,True,True
2024-06,MUHA,9,0,0,0,arrivals,0.0,0.0,large_airport,22.989200592041016,-82.40910339355469,False,True,False
2024-06,EDHL,9,8,8,10,arrivals,0.8888888888888888,1.1111111111111112,medium_airport,53.805401,10.7192,True,True,True
2024-06,LGRX,9,0,0,0,arrivals,0.0,0.0,medium_airport,38.1511,21.4256,True,True,True
2024-06,EDNY,9,5,5,5,arrivals,0.5555555555555556,0.5555555555555556,large_airport,47.671299,9.51149,True,True,True
2024-06,ZSHC,9,0,0,0,arrivals,0.0,0.0,large_airport,30.23609,120.428865,False,True,False
2024-06,LQTZ,9,0,0,0,arrivals,0.0,0.0,large_airport,44.459858,18.723627,True,True,True
2024-06,UATG,9,0,0,0,arrivals,0.0,0.0,large_airport,47.121318,51.820343,False,True,False
2024-06,ENMH,9,0,0,0,arrivals,0.0,0.0,medium_airport,71.029701,27.8267,False,True,False
2024-06,EDVK,9,6,6,7,arrivals,0.6666666666666666,0.7777777777777778,large_airport,51.418395,9.391638,True,True,True
2024-06,ESNS,9,0,0,0,arrivals,0.0,0.0,medium_airport,64.62480163574219,21.07690048217773,True,True,True
2024-06,CYHZ,9,0,0,0,arrivals,0.0,0.0,large_airport,44.8807983398,-63.5085983276,False,True,False
2024-06,LEBZ,9,8,8,8,arrivals,0.8888888888888888,0.8888888888888888,medium_airport,38.8913,-6.82133,True,True,True
2024-06,LRBV,9,0,0,0,arrivals,0.0,0.0,large_airport,45.70558,25.522871,True,True,True
2024-06,ESNG,9,0,0,0,arrivals,0.0,0.0,medium_airport,67.13240051269531,20.814599990844727,True,True,True
2024-06,LDOS,9,9,9,9,arrivals,1.0,1.0,medium_airport,45.462355,18.811278,True,True,True
2024-06,KPDX,9,0,0,0,arrivals,0.0,0.0,large_airport,45.588699,-122.598,False,True,False
2024-06,MROC,9,0,0,0,arrivals,0.0,0.0,large_airport,9.99386,-84.208801,False,True,False
2024-06,DBBB,9,2,0,0,arrivals,0.0,0.0,large_airport,6.35723,2.38435,False,True,False
2024-06,VVTS,9,0,0,0,arrivals,0.0,0.0,large_airport,10.8188,106.652,False,True,False
2024-06,LFCR,9,6,6,6,arrivals,0.6666666666666666,0.6666666666666666,medium_airport,44.407902,2.48267,True,True,True
2024-06,EDTY,9,7,5,7,arrivals,0.5555555555555556,0.7777777777777778,medium_airport,49.118332,9.783889,True,True,True
2024-06,EKRK,9,7,7,7,arrivals,0.7777777777777778,0.7777777777777778,medium_airport,55.585602,12.1314,True,True,True
2024-06,LYNI,9,5,5,7,arrivals,0.5555555555555556,0.7777777777777778,large_airport,43.336538,21.856242,True,True,True
2024-06,LFSD,9,6,5,9,arrivals,0.5555555555555556,1.0,medium_airport,47.268902,5.09,True,True,True
2024-06,LGIK,9,0,0,0,arrivals,0.0,0.0,small_airport,37.6827011108,26.3470993042,True,False,False
2024-06,TFFF,9,0,0,0,arrivals,0.0,0.0,large_airport,14.591,-61.003201,False,True,False
2024-06,ESKM,9,0,0,0,arrivals,0.0,0.0,medium_airport,60.957901,14.5114,True,True,True
2024-06,ENSO,9,2,2,2,arrivals,0.2222222222222222,0.2222222222222222,medium_airport,59.791901,5.34085,True,True,True
2024-06,URMO,8,0,0,0,departures,0.0,0.0,medium_airport,43.205101,44.606602,True,True,True
2024-06,KPHX,8,0,0,0,departures,0.0,0.0,large_airport,33.435302,-112.005905,False,True,False
2024-06,UAII,8,0,0,0,departures,0.0,0.0,large_airport,42.365021,69.47564,False,True,False
2024-06,LTDA,8,0,0,0,departures,0.0,0.0,medium_airport,36.36079,36.285589,True,True,True
2024-06,EDHL,8,8,8,8,departures,1.0,1.0,medium_airport,53.805401,10.7192,True,True,True
2024-06,EFKK,8,6,6,6,departures,0.75,0.75,medium_airport,63.721199,23.143101,True,True,True
2024-06,ENJS,8,0,0,0,departures,0.0,0.0,heliport,58.83528,2.54556,True,False,False
2024-06,ENMH,8,0,0,0,departures,0.0,0.0,medium_airport,71.029701,27.8267,False,True,False
2024-06,ENBV,8,0,0,0,departures,0.0,0.0,medium_airport,70.871517,29.034097,False,True,False
2024-06,EDVK,8,7,7,7,departures,0.875,0.875,large_airport,51.418395,9.391638,True,True,True
2024-06,CYHZ,8,0,0,0,departures,0.0,0.0,large_airport,44.8807983398,-63.5085983276,False,True,False
2024-06,LDOS,8,7,7,7,departures,0.875,0.875,medium_airport,45.462355,18.811278,True,True,True
2024-06,DAON,8,1,1,1,departures,0.125,0.125,large_airport,35.012732,-1.457117,True,True,True
2024-06,LGIO,8,4,4,4,departures,0.5,0.5,medium_airport,39.6964,20.8225,True,True,True
2024-06,ENNM,8,0,0,0,departures,0.0,0.0,small_airport,64.472198,11.5786,True,False,False
2024-06,KSLC,8,0,0,0,departures,0.0,0.0,large_airport,40.78886,-111.979866,False,True,False
2024-06,VVTS,8,0,0,0,departures,0.0,0.0,large_airport,10.8188,106.652,False,True,False
2024-06,EKRK,8,6,6,6,departures,0.75,0.75,medium_airport,55.585602,12.1314,True,True,True
2024-06,ENBS,8,0,0,0,departures,0.0,0.0,medium_airport,70.60025,29.692612,False,True,False
2024-06,LFMV,8,8,7,7,departures,0.875,0.875,medium_airport,43.907299,4.90183,True,True,True
2024-06,LFSD,8,7,6,6,departures,0.75,0.75,medium_airport,47.268902,5.09,True,True,True
2024-06,ESNQ,8,0,0,0,departures,0.0,0.0,large_airport,67.821999,20.3368,True,True,True
2024-06,LTCN,8,0,0,0,departures,0.0,0.0,medium_airport,37.5388259888,36.9535217285,True,True,True
2024-06,LTCO,8,0,0,0,departures,0.0,0.0,medium_airport,39.655642,43.025742,True,True,True
2024-06,ESDF,8,6,6,6,arrivals,0.75,0.75,medium_airport,56.266701,15.265,True,True,True
2024-06,LFTW,8,6,6,6,arrivals,0.75,0.75,medium_airport,43.757401,4.41635,True,True,True
2024-06,UATT,8,0,0,0,arrivals,0.0,0.0,large_airport,50.248116,57.204144,False,True,False
2024-06,KTEB,8,0,0,0,arrivals,0.0,0.0,medium_airport,40.850101,-74.060799,False,True,False
2024-06,ENDU,8,0,0,0,arrivals,0.0,0.0,medium_airport,69.055801,18.5404,True,True,True
2024-06,ZBAD,8,0,0,0,arrivals,0.0,0.0,large_airport,39.501289,116.413967,False,True,False
2024-06,ENNA,8,0,0,0,arrivals,0.0,0.0,medium_airport,70.068802,24.973499,True,True,True
2024-06,VGHS,8,0,0,0,arrivals,0.0,0.0,large_airport,23.843347,90.397783,False,True,False
2024-06,ENSB,8,0,0,0,arrivals,0.0,0.0,medium_airport,78.246101,15.4656,False,True,False
2024-06,ENJS,8,0,0,0,arrivals,0.0,0.0,heliport,58.83528,2.54556,True,False,False
2024-06,DFFD,8,0,0,0,arrivals,0.0,0.0,large_airport,12.3532,-1.51242,False,True,False
2024-06,LEVD,8,1,0,0,arrivals,0.0,0.0,medium_airport,41.7061,-4.85194,True,True,True
2024-06,DAON,8,0,0,0,arrivals,0.0,0.0,large_airport,35.012732,-1.457117,True,True,True
2024-06,ESMQ,8,5,5,5,arrivals,0.625,0.625,medium_airport,56.685501,16.2876,True,True,True
2024-06,LGIO,8,4,4,4,arrivals,0.5,0.5,medium_airport,39.6964,20.8225,True,True,True
2024-06,VCBI,8,0,0,0,arrivals,0.0,0.0,large_airport,7.180759906768799,79.88410186767578,False,True,False
2024-06,DNAA,8,0,0,0,arrivals,0.0,0.0,large_airport,9.00679,7.26317,False,True,False
2024-06,ENNM,8,0,0,0,arrivals,0.0,0.0,small_airport,64.472198,11.5786,True,False,False
2024-06,LTCO,8,0,0,0,arrivals,0.0,0.0,medium_airport,39.655642,43.025742,True,True,True
2024-06,MDSD,8,0,0,0,arrivals,0.0,0.0,large_airport,18.42970085144,-69.668899536133,False,True,False
2024-06,ENBS,8,0,0,0,arrivals,0.0,0.0,medium_airport,70.60025,29.692612,False,True,False
2024-06,ENHV,8,0,0,0,arrivals,0.0,0.0,medium_airport,71.009697,25.983601,False,True,False
2024-06,ESNQ,8,1,1,1,arrivals,0.125,0.125,large_airport,67.821999,20.3368,True,True,True
2024-06,GMFK,8,0,0,0,arrivals,0.0,0.0,medium_airport,31.9475002289,-4.39833021164,True,True,True
2024-06,LTCN,8,0,0,0,arrivals,0.0,0.0,medium_airport,37.5388259888,36.9535217285,True,True,True
2024-06,ESNX,8,0,0,0,arrivals,0.0,0.0,medium_airport,65.59030151367188,19.28190040588379,True,True,True
2024-06,FZAA,8,1,0,0,arrivals,0.0,0.0,large_airport,-4.38575,15.4446,False,True,False
2024-06,KAUS,7,0,0,0,departures,0.0,0.0,large_airport,30.197535,-97.662015,False,True,False
2024-06,BIEG,7,0,0,0,departures,0.0,0.0,medium_airport,65.2833023071289,-14.401399612426758,True,True,True
2024-06,LRTM,7,0,0,0,departures,0.0,0.0,medium_airport,46.467701,24.4125,True,True,True
2024-06,EETU,7,3,3,3,departures,0.42857142857142855,0.42857142857142855,medium_airport,58.307438,26.686473,True,True,True
2024-06,MUHA,7,0,0,0,departures,0.0,0.0,large_airport,22.989200592041016,-82.40910339355469,False,True,False
2024-06,RPLL,7,0,0,0,departures,0.0,0.0,large_airport,14.5086,121.019997,False,True,False
2024-06,ZSHC,7,0,0,0,departures,0.0,0.0,large_airport,30.23609,120.428865,False,True,False
2024-06,GMMI,7,0,0,0,departures,0.0,0.0,medium_airport,31.397499,-9.68167,True,True,True
2024-06,LFRM,7,5,5,8,departures,0.7142857142857143,1.1428571428571428,medium_airport,47.948604,0.201702,True,True,True
2024-06,ENSB,7,0,0,0,departures,0.0,0.0,medium_airport,78.246101,15.4656,False,True,False
2024-06,ORMM,7,0,0,0,departures,0.0,0.0,large_airport,30.549101,47.662102,True,True,True
2024-06,EFJO,7,1,1,1,departures,0.14285714285714285,0.14285714285714285,medium_airport,62.658815,29.619398,True,True,True
2024-06,DFFD,7,0,0,0,departures,0.0,0.0,large_airport,12.3532,-1.51242,False,True,False
2024-06,OPKC,7,0,0,0,departures,0.0,0.0,large_airport,24.9065,67.160797,False,True,False
2024-06,VRMM,7,0,0,0,departures,0.0,0.0,large_airport,4.19183,73.529099,False,True,False
2024-06,EIDL,7,0,0,0,departures,0.0,0.0,medium_airport,55.0442008972168,-8.340999603271484,True,True,True
2024-06,FKYS,7,3,0,0,departures,0.0,0.0,large_airport,3.72256,11.5533,False,True,False
2024-06,OITT,7,0,0,0,departures,0.0,0.0,large_airport,38.1339,46.235001,True,True,True
2024-06,FZAA,7,2,0,0,departures,0.0,0.0,large_airport,-4.38575,15.4446,False,True,False
2024-06,VOMM,7,0,0,0,departures,0.0,0.0,large_airport,12.990005,80.169296,False,True,False
2024-06,ESMQ,7,5,5,5,departures,0.7142857142857143,0.7142857142857143,medium_airport,56.685501,16.2876,True,True,True
2024-06,DBBB,7,1,0,0,departures,0.0,0.0,large_airport,6.35723,2.38435,False,True,False
2024-06,TNCC,7,0,0,0,departures,0.0,0.0,large_airport,12.1889,-68.959801,False,True,False
2024-06,OPIS,7,0,0,0,departures,0.0,0.0,large_airport,33.549,72.82566,False,True,False
2024-06,ZUUU,7,0,0,0,departures,0.0,0.0,large_airport,30.558257,103.945966,False,True,False
2024-06,ESMK,7,7,7,8,departures,1.0,1.1428571428571428,medium_airport,55.9217,14.0855,True,True,True
2024-06,LRBM,7,0,0,0,departures,0.0,0.0,medium_airport,47.658444,23.464445,True,True,True
2024-06,USPP,7,0,0,0,departures,0.0,0.0,large_airport,57.914501,56.021198,False,True,False
2024-06,ESNV,7,0,0,0,departures,0.0,0.0,medium_airport,64.579102,16.833599,True,True,True
2024-06,HTDA,7,4,0,0,departures,0.0,0.0,large_airport,-6.873499,39.207288,False,True,False
2024-06,GMFK,7,0,0,0,departures,0.0,0.0,medium_airport,31.9475002289,-4.39833021164,True,True,True
2024-06,ESOE,7,2,2,2,departures,0.2857142857142857,0.2857142857142857,medium_airport,59.22370147705078,15.038000106811523,True,True,True
2024-06,HEBA,7,1,1,1,departures,0.14285714285714285,0.14285714285714285,large_airport,30.93249,29.696437,True,True,True
2024-06,EGEC,7,0,0,0,departures,0.0,0.0,medium_airport,55.437199,-5.68639,True,True,True
2024-06,TFFF,7,0,0,0,departures,0.0,0.0,large_airport,14.591,-61.003201,False,True,False
2024-06,KAUS,7,0,0,0,arrivals,0.0,0.0,large_airport,30.197535,-97.662015,False,True,False
2024-06,UAII,7,0,0,0,arrivals,0.0,0.0,large_airport,42.365021,69.47564,False,True,False
2024-06,BIEG,7,0,0,0,arrivals,0.0,0.0,medium_airport,65.2833023071289,-14.401399612426758,True,True,True
2024-06,LRTM,7,1,0,0,arrivals,0.0,0.0,medium_airport,46.467701,24.4125,True,True,True
2024-06,FKKD,7,3,0,0,arrivals,0.0,0.0,large_airport,4.00608,9.71948,False,True,False
2024-06,EETU,7,0,0,0,arrivals,0.0,0.0,medium_airport,58.307438,26.686473,True,True,True
2024-06,LIBG,7,0,0,0,arrivals,0.0,0.0,medium_airport,40.517502,17.4032,True,True,True
2024-06,GMMI,7,0,0,0,arrivals,0.0,0.0,medium_airport,31.397499,-9.68167,True,True,True
2024-06,EFKK,7,5,5,5,arrivals,0.7142857142857143,0.7142857142857143,medium_airport,63.721199,23.143101,True,True,True
2024-06,MMSM,7,0,0,0,arrivals,0.0,0.0,large_airport,19.743824,-99.01507,False,True,False
2024-06,ORMM,7,0,0,0,arrivals,0.0,0.0,large_airport,30.549101,47.662102,True,True,True
2024-06,EFJO,7,0,0,0,arrivals,0.0,0.0,medium_airport,62.658815,29.619398,True,True,True
2024-06,ESNK,7,0,0,0,arrivals,0.0,0.0,medium_airport,63.048599,17.7689,True,True,True
2024-06,ENBV,7,0,0,0,arrivals,0.0,0.0,medium_airport,70.871517,29.034097,False,True,False
2024-06,GABS,7,0,0,0,arrivals,0.0,0.0,large_airport,12.5335,-7.94994,False,True,False
2024-06,EIDL,7,0,0,0,arrivals,0.0,0.0,medium_airport,55.0442008972168,-8.340999603271484,True,True,True
2024-06,OITT,7,0,0,0,arrivals,0.0,0.0,large_airport,38.1339,46.235001,True,True,True
2024-06,LTCW,7,0,0,0,arrivals,0.0,0.0,medium_airport,37.5497,44.2381,True,True,True
2024-06,SEQM,7,2,0,0,arrivals,0.0,0.0,large_airport,-0.125399,-78.354306,False,True,False
2024-06,EGNR,7,6,6,7,arrivals,0.8571428571428571,1.0,medium_airport,53.178101,-2.97778,True,True,True
2024-06,TNCC,7,0,0,0,arrivals,0.0,0.0,large_airport,12.1889,-68.959801,False,True,False
2024-06,OPIS,7,0,0,0,arrivals,0.0,0.0,large_airport,33.549,72.82566,False,True,False
2024-06,LRBM,7,0,0,0,arrivals,0.0,0.0,medium_airport,47.658444,23.464445,True,True,True
2024-06,USPP,7,0,0,0,arrivals,0.0,0.0,large_airport,57.914501,56.021198,False,True,False
2024-06,ESNV,7,0,0,0,arrivals,0.0,0.0,medium_airport,64.579102,16.833599,True,True,True
2024-06,LFMV,7,6,2,3,arrivals,0.2857142857142857,0.42857142857142855,medium_airport,43.907299,4.90183,True,True,True
2024-06,EGEC,7,0,0,0,arrivals,0.0,0.0,medium_airport,55.437199,-5.68639,True,True,True
2024-06,ESOE,7,4,3,3,arrivals,0.42857142857142855,0.42857142857142855,medium_airport,59.22370147705078,15.038000106811523,True,True,True
2024-06,FOOL,7,1,0,0,arrivals,0.0,0.0,large_airport,0.458951,9.41214,False,True,False
2024-06,HRYR,6,0,0,0,departures,0.0,0.0,large_airport,-1.96863,30.1395,False,True,False
2024-06,EFJY,6,0,0,0,departures,0.0,0.0,medium_airport,62.399502,25.678301,True,True,True
2024-06,UATT,6,0,0,0,departures,0.0,0.0,large_airport,50.248116,57.204144,False,True,False
2024-06,ESOH,6,1,0,0,departures,0.0,0.0,small_airport,60.0201,13.5789,True,False,False
2024-06,UAKK,6,0,0,0,departures,0.0,0.0,large_airport,49.670799,73.334396,False,True,False
2024-06,LFEC,6,0,0,0,departures,0.0,0.0,small_airport,48.4632,-5.06358,True,False,False
2024-06,VOHS,6,0,0,0,departures,0.0,0.0,large_airport,17.231318,78.429855,False,True,False
2024-06,LFOT,6,4,4,4,departures,0.6666666666666666,0.6666666666666666,medium_airport,47.432201,0.727606,True,True,True
2024-06,LBPD,6,3,3,3,departures,0.5,0.5,large_airport,42.067799,24.8508,True,True,True
2024-06,LGLE,6,1,0,0,departures,0.0,0.0,small_airport,37.184898,26.800301,True,False,False
2024-06,USTR,6,0,0,0,departures,0.0,0.0,large_airport,57.178984,65.327696,False,True,False
2024-06,TBPB,6,0,0,0,departures,0.0,0.0,large_airport,13.074667,-59.491034,False,True,False
2024-06,SBRF,6,0,0,0,departures,0.0,0.0,large_airport,-8.12747,-34.922961,False,True,False
2024-06,ESNK,6,0,0,0,departures,0.0,0.0,medium_airport,63.048599,17.7689,True,True,True
2024-06,KOPF,6,0,0,0,departures,0.0,0.0,medium_airport,25.907,-80.278397,False,True,False
2024-06,EHGG,6,4,4,4,departures,0.6666666666666666,0.6666666666666666,large_airport,53.119107,6.577652,True,True,True
2024-06,EEKA,6,2,2,2,departures,0.3333333333333333,0.3333333333333333,medium_airport,58.99079895019531,22.830699920654297,True,True,True
2024-06,EGPR,6,0,0,0,departures,0.0,0.0,medium_airport,57.0228,-7.44306,True,True,True
2024-06,ENRO,6,0,0,0,departures,0.0,0.0,medium_airport,62.578399658203,11.342300415039,True,True,True
2024-06,UBBG,6,2,2,2,departures,0.3333333333333333,0.3333333333333333,large_airport,40.738692,46.320383,True,True,True
2024-06,GVBA,6,0,0,0,departures,0.0,0.0,large_airport,16.136499,-22.888901,False,True,False
2024-06,ZUCK,6,0,0,0,departures,0.0,0.0,large_airport,29.712254,106.651895,False,True,False
2024-06,ESUP,6,0,0,0,departures,0.0,0.0,small_airport,67.244569,23.074894,True,False,False
2024-06,OTBD,6,0,0,0,departures,0.0,0.0,large_airport,25.259431,51.565528,False,True,False
2024-06,LFCK,6,0,0,0,departures,0.0,0.0,medium_airport,43.556301,2.28918,True,True,True
2024-06,LTCW,6,0,0,0,departures,0.0,0.0,medium_airport,37.5497,44.2381,True,True,True
2024-06,EKTE,6,0,0,0,departures,0.0,0.0,heliport,55.72152328491211,4.802055835723877,True,False,False
2024-06,ESND,6,0,0,0,departures,0.0,0.0,small_airport,62.047798,14.4229,True,False,False
2024-06,LTCU,6,0,0,0,departures,0.0,0.0,small_airport,38.860131,40.594489,True,False,False
2024-06,EGPU,6,0,0,0,departures,0.0,0.0,medium_airport,56.499199,-6.86917,True,True,True
2024-06,EEKE,6,0,0,0,departures,0.0,0.0,medium_airport,58.22990036010742,22.50950050354004,True,True,True
2024-06,BGJN,6,0,0,0,departures,0.0,0.0,medium_airport,69.243202,-51.057098,False,True,False
2024-06,EGPI,6,0,0,0,departures,0.0,0.0,medium_airport,55.682708,-6.257525,True,True,True
2024-06,LPFL,6,2,0,0,departures,0.0,0.0,medium_airport,39.455299377441406,-31.13139915466309,False,True,False
2024-06,ENHE,6,0,0,0,departures,0.0,0.0,heliport,65.32556,7.31583,True,False,False
2024-06,ENSR,6,0,0,0,departures,0.0,0.0,medium_airport,69.786797,20.9594,True,True,True
2024-06,MKJS,6,1,0,0,departures,0.0,0.0,large_airport,18.50342,-77.91323,False,True,False
2024-06,EHLE,6,3,2,2,departures,0.3333333333333333,0.3333333333333333,medium_airport,52.453188,5.514622,True,True,True
2024-06,LFLB,6,2,2,2,departures,0.3333333333333333,0.3333333333333333,medium_airport,45.6381,5.88023,True,True,True
2024-06,OAKB,6,0,0,0,departures,0.0,0.0,large_airport,34.565899,69.212303,False,True,False
2024-06,DAAS,6,0,0,0,departures,0.0,0.0,medium_airport,36.178488,5.329909,True,True,True
2024-06,LWOH,6,1,1,1,departures,0.16666666666666666,0.16666666666666666,large_airport,41.18,20.7423,True,True,True
2024-06,LTBH,6,0,0,0,departures,0.0,0.0,medium_airport,40.1376991272,26.4267997742,True,True,True
2024-06,LSZC,6,3,0,0,departures,0.0,0.0,small_airport,46.974444,8.396944,True,False,False
2024-06,ENHK,6,0,0,0,arrivals,0.0,0.0,small_airport,70.486702,22.1397,False,False,False
2024-06,ESOH,6,1,0,0,arrivals,0.0,0.0,small_airport,60.0201,13.5789,True,False,False
2024-06,LFEC,6,0,0,0,arrivals,0.0,0.0,small_airport,48.4632,-5.06358,True,False,False
2024-06,LFOT,6,4,4,4,arrivals,0.6666666666666666,0.6666666666666666,medium_airport,47.432201,0.727606,True,True,True
2024-06,LBPD,6,3,3,3,arrivals,0.5,0.5,large_airport,42.067799,24.8508,True,True,True
2024-06,RPLL,6,0,0,0,arrivals,0.0,0.0,large_airport,14.5086,121.019997,False,True,False
2024-06,LGLE,6,1,0,0,arrivals,0.0,0.0,small_airport,37.184898,26.800301,True,False,False
2024-06,LTBH,6,0,0,0,arrivals,0.0,0.0,medium_airport,40.1376991272,26.4267997742,True,True,True
2024-06,USTR,6,0,0,0,arrivals,0.0,0.0,large_airport,57.178984,65.327696,False,True,False
2024-06,TBPB,6,0,0,0,arrivals,0.0,0.0,large_airport,13.074667,-59.491034,False,True,False
2024-06,OPKC,6,0,0,0,arrivals,0.0,0.0,large_airport,24.9065,67.160797,False,True,False
2024-06,EHGG,6,3,2,2,arrivals,0.3333333333333333,0.3333333333333333,large_airport,53.119107,6.577652,True,True,True
2024-06,EEKA,6,2,2,2,arrivals,0.3333333333333333,0.3333333333333333,medium_airport,58.99079895019531,22.830699920654297,True,True,True
2024-06,EGPR,6,0,0,0,arrivals,0.0,0.0,medium_airport,57.0228,-7.44306,True,True,True
2024-06,ENRO,6,0,0,0,arrivals,0.0,0.0,medium_airport,62.578399658203,11.342300415039,True,True,True
2024-06,UBBG,6,1,0,0,arrivals,0.0,0.0,large_airport,40.738692,46.320383,True,True,True
2024-06,ZUCK,6,0,0,0,arrivals,0.0,0.0,large_airport,29.712254,106.651895,False,True,False
2024-06,GUCY,6,0,0,0,arrivals,0.0,0.0,large_airport,9.57689,-13.612,False,True,False
2024-06,GBYD,6,1,0,0,arrivals,0.0,0.0,large_airport,13.338,-16.652201,False,True,False
2024-06,ESUP,6,0,0,0,arrivals,0.0,0.0,small_airport,67.244569,23.074894,True,False,False
2024-06,OTBD,6,1,0,0,arrivals,0.0,0.0,large_airport,25.259431,51.565528,False,True,False
2024-06,LFCK,6,0,0,0,arrivals,0.0,0.0,medium_airport,43.556301,2.28918,True,True,True
2024-06,VOMM,6,0,0,0,arrivals,0.0,0.0,large_airport,12.990005,80.169296,False,True,False
2024-06,EKTE,6,0,0,0,arrivals,0.0,0.0,heliport,55.72152328491211,4.802055835723877,True,False,False
2024-06,ESND,6,0,0,0,arrivals,0.0,0.0,small_airport,62.047798,14.4229,True,False,False
2024-06,LTCU,6,0,0,0,arrivals,0.0,0.0,small_airport,38.860131,40.594489,True,False,False
2024-06,LIMZ,6,4,3,3,arrivals,0.5,0.5,medium_airport,44.547458,7.623045,True,True,True
2024-06,ZUUU,6,0,0,0,arrivals,0.0,0.0,large_airport,30.558257,103.945966,False,True,False
2024-06,EGPU,6,0,0,0,arrivals,0.0,0.0,medium_airport,56.499199,-6.86917,True,True,True
2024-06,LSZC,6,4,0,0,arrivals,0.0,0.0,small_airport,46.974444,8.396944,True,False,False
2024-06,EEKE,6,0,0,0,arrivals,0.0,0.0,medium_airport,58.22990036010742,22.50950050354004,True,True,True
2024-06,EGPI,6,0,0,0,arrivals,0.0,0.0,medium_airport,55.682708,-6.257525,True,True,True
2024-06,LPFL,6,0,0,0,arrivals,0.0,0.0,medium_airport,39.455299377441406,-31.13139915466309,False,True,False
2024-06,ENHE,6,0,0,0,arrivals,0.0,0.0,heliport,65.32556,7.31583,True,False,False
2024-06,ENSR,6,0,0,0,arrivals,0.0,0.0,medium_airport,69.786797,20.9594,True,True,True
2024-06,HEBA,6,0,0,0,arrivals,0.0,0.0,large_airport,30.93249,29.696437,True,True,True
2024-06,LWOH,6,3,3,3,arrivals,0.5,0.5,large_airport,41.18,20.7423,True,True,True
2024-06,HEMM,6,0,0,0,arrivals,0.0,0.0,large_airport,31.324313,27.22227,True,True,True
2024-06,ENRS,6,0,0,0,arrivals,0.0,0.0,small_airport,67.526482,12.101575,True,False,False
2024-06,HTZA,5,0,0,0,departures,0.0,0.0,large_airport,-6.22202,39.224899,False,True,False
2024-06,GMTA,5,5,5,5,departures,1.0,1.0,medium_airport,35.177101,-3.83952,True,True,True
2024-06,ENHK,5,0,0,0,departures,0.0,0.0,small_airport,70.486702,22.1397,False,False,False
2024-06,LTAS,5,0,0,0,departures,0.0,0.0,medium_airport,41.506401,32.0886,True,True,True
2024-06,GMMZ,5,0,0,0,departures,0.0,0.0,large_airport,30.9391,-6.90943,True,True,True
2024-06,URMS,5,0,0,0,departures,0.0,0.0,medium_airport,43.323268,45.012568,True,True,True
2024-06,FKKD,5,2,0,0,departures,0.0,0.0,large_airport,4.00608,9.71948,False,True,False
2024-06,ENWV,5,0,0,0,departures,0.0,0.0,heliport,56.28333,3.4,True,False,False
2024-06,SOCA,5,0,0,0,departures,0.0,0.0,large_airport,4.819964,-52.361326,False,True,False
2024-06,LIBG,5,0,0,0,departures,0.0,0.0,medium_airport,40.517502,17.4032,True,True,True
2024-06,LDVA,5,0,0,0,departures,0.0,0.0,small_airport,46.294668,16.383222,True,False,False
2024-06,EGPC,5,0,0,0,departures,0.0,0.0,medium_airport,58.4589,-3.09306,True,True,True
2024-06,LFBI,5,0,0,0,departures,0.0,0.0,medium_airport,46.5877,0.306666,True,True,True
2024-06,DXXX,5,0,0,0,departures,0.0,0.0,large_airport,6.16561,1.25451,False,True,False
2024-06,HEMM,5,0,0,0,departures,0.0,0.0,large_airport,31.324313,27.22227,True,True,True
2024-06,VIAR,5,0,0,0,departures,0.0,0.0,large_airport,31.7096,74.797302,False,True,False
2024-06,BIIS,5,0,0,0,departures,0.0,0.0,medium_airport,66.058098,-23.1353,True,True,True
2024-06,LGKY,5,1,0,0,departures,0.0,0.0,small_airport,36.9632987976,26.9405994415,True,False,False
2024-06,ZWWW,5,0,0,0,departures,0.0,0.0,large_airport,43.913584,87.479372,False,True,False
2024-06,EPZG,5,4,4,4,departures,0.8,0.8,medium_airport,52.1385,15.7986,True,True,True
2024-06,OPLA,5,0,0,0,departures,0.0,0.0,large_airport,31.521601,74.403603,False,True,False
2024-06,LKCS,5,5,5,5,departures,1.0,1.0,large_airport,48.948171,14.42832,True,True,True
2024-06,EDLN,5,3,3,3,departures,0.6,0.6,medium_airport,51.230278,6.504444,True,True,True
2024-06,ORKK,5,0,0,0,departures,0.0,0.0,large_airport,35.469501,44.3489,True,True,True
2024-06,BGKK,5,0,0,0,departures,0.0,0.0,medium_airport,65.573601,-37.1236,False,True,False
2024-06,ENWS,5,0,0,0,departures,0.0,0.0,heliport,56.37361,3.26278,True,False,False
2024-06,GVSV,5,0,0,0,departures,0.0,0.0,large_airport,16.833363,-25.055308,False,True,False
2024-06,EFKE,5,0,0,0,departures,0.0,0.0,medium_airport,65.778701782227,24.582099914551,True,True,True
2024-06,KPIT,5,0,0,0,departures,0.0,0.0,large_airport,40.491501,-80.232903,False,True,False
2024-06,ENSL,5,0,0,0,departures,0.0,0.0,heliport,58.366699,1.90694,True,False,False
2024-06,EDRY,5,0,0,0,departures,0.0,0.0,small_airport,49.304722,8.451389,True,False,False
2024-06,LIMZ,5,4,4,4,departures,0.8,0.8,medium_airport,44.547458,7.623045,True,True,True
2024-06,WIII,5,0,0,0,departures,0.0,0.0,large_airport,-6.12557,106.655998,False,True,False
2024-06,UTAV,5,0,0,0,departures,0.0,0.0,large_airport,38.930662,63.563982,False,True,False
2024-06,MMGL,5,0,0,0,departures,0.0,0.0,large_airport,20.523342,-103.310108,False,True,False
2024-06,LSGL,5,0,0,0,departures,0.0,0.0,small_airport,46.54509,6.616629,True,False,False
2024-06,LTBY,5,1,1,1,departures,0.2,0.2,large_airport,39.811644,30.519268,True,True,True
2024-06,FOOL,5,1,0,0,departures,0.0,0.0,large_airport,0.458951,9.41214,False,True,False
2024-06,OIMM,5,0,0,0,departures,0.0,0.0,large_airport,36.234821,59.642949,False,True,False
2024-06,SEGU,5,2,0,0,departures,0.0,0.0,large_airport,-2.15742,-79.883598,False,True,False
2024-06,FYWH,5,0,0,0,departures,0.0,0.0,large_airport,-22.4799,17.4709,False,True,False
2024-06,LTBR,5,4,4,4,departures,0.8,0.8,medium_airport,40.255199,29.562599,True,True,True
2024-06,LFRH,5,3,3,3,departures,0.6,0.6,medium_airport,47.760601,-3.44,True,True,True
2024-06,ENRS,5,5,0,0,departures,0.0,0.0,small_airport,67.526482,12.101575,True,False,False
2024-06,EKKA,5,0,0,0,departures,0.0,0.0,medium_airport,56.297139,9.104311,True,True,True
2024-06,EDTM,5,3,3,4,departures,0.6,0.8,medium_airport,48.05389,9.372778,True,True,True
2024-06,UTDD,5,0,0,0,departures,0.0,0.0,large_airport,38.543746,68.822977,False,True,False
2024-06,HTZA,5,2,0,0,arrivals,0.0,0.0,large_airport,-6.22202,39.224899,False,True,False
2024-06,GMTA,5,5,5,5,arrivals,1.0,1.0,medium_airport,35.177101,-3.83952,True,True,True
2024-06,EFJY,5,0,0,0,arrivals,0.0,0.0,medium_airport,62.399502,25.678301,True,True,True
2024-06,URMO,5,0,0,0,arrivals,0.0,0.0,medium_airport,43.205101,44.606602,True,True,True
2024-06,LTAS,5,0,0,0,arrivals,0.0,0.0,medium_airport,41.506401,32.0886,True,True,True
2024-06,GMMZ,5,0,0,0,arrivals,0.0,0.0,large_airport,30.9391,-6.90943,True,True,True
2024-06,LFRH,5,2,2,2,arrivals,0.4,0.4,medium_airport,47.760601,-3.44,True,True,True
2024-06,ENWV,5,0,0,0,arrivals,0.0,0.0,heliport,56.28333,3.4,True,False,False
2024-06,UAKK,5,0,0,0,arrivals,0.0,0.0,large_airport,49.670799,73.334396,False,True,False
2024-06,VOHS,5,0,0,0,arrivals,0.0,0.0,large_airport,17.231318,78.429855,False,True,False
2024-06,SOCA,5,0,0,0,arrivals,0.0,0.0,large_airport,4.819964,-52.361326,False,True,False
2024-06,SUMU,5,0,0,0,arrivals,0.0,0.0,large_airport,-34.835647,-56.026497,False,True,False
2024-06,LFBI,5,0,0,0,arrivals,0.0,0.0,medium_airport,46.5877,0.306666,True,True,True
2024-06,DXXX,5,0,0,0,arrivals,0.0,0.0,large_airport,6.16561,1.25451,False,True,False
2024-06,VIAR,5,0,0,0,arrivals,0.0,0.0,large_airport,31.7096,74.797302,False,True,False
2024-06,LSGK,5,0,0,0,arrivals,0.0,0.0,small_airport,46.486525,7.248359,True,False,False
2024-06,BIIS,5,0,0,0,arrivals,0.0,0.0,medium_airport,66.058098,-23.1353,True,True,True
2024-06,SBRF,5,0,0,0,arrivals,0.0,0.0,large_airport,-8.12747,-34.922961,False,True,False
2024-06,ZWWW,5,0,0,0,arrivals,0.0,0.0,large_airport,43.913584,87.479372,False,True,False
2024-06,KIND,5,1,0,0,arrivals,0.0,0.0,large_airport,39.7173,-86.294403,False,True,False
2024-06,LKCS,5,5,5,5,arrivals,1.0,1.0,large_airport,48.948171,14.42832,True,True,True
2024-06,ZMCK,5,0,0,0,arrivals,0.0,0.0,large_airport,47.646916,106.819833,False,True,False
2024-06,VRMM,5,0,0,0,arrivals,0.0,0.0,large_airport,4.19183,73.529099,False,True,False
2024-06,ORKK,5,0,0,0,arrivals,0.0,0.0,large_airport,35.469501,44.3489,True,True,True
2024-06,FKYS,5,1,0,0,arrivals,0.0,0.0,large_airport,3.72256,11.5533,False,True,False
2024-06,ENWS,5,0,0,0,arrivals,0.0,0.0,heliport,56.37361,3.26278,True,False,False
2024-06,GVSV,5,0,0,0,arrivals,0.0,0.0,large_airport,16.833363,-25.055308,False,True,False
2024-06,ESUT,5,0,0,0,arrivals,0.0,0.0,small_airport,65.806099,15.0828,True,False,False
2024-06,LPSJ,5,2,0,0,arrivals,0.0,0.0,medium_airport,38.665501,-28.1758,False,True,False
2024-06,EKKA,5,0,0,0,arrivals,0.0,0.0,medium_airport,56.297139,9.104311,True,True,True
2024-06,KPIT,5,0,0,0,arrivals,0.0,0.0,large_airport,40.491501,-80.232903,False,True,False
2024-06,EFKI,5,0,0,0,arrivals,0.0,0.0,medium_airport,64.2855,27.6924,True,True,True
2024-06,ENSL,5,0,0,0,arrivals,0.0,0.0,heliport,58.366699,1.90694,True,False,False
2024-06,LTCL,5,1,0,0,arrivals,0.0,0.0,medium_airport,37.97890090942383,41.84040069580078,True,True,True
2024-06,ESMK,5,5,4,6,arrivals,0.8,1.2,medium_airport,55.9217,14.0855,True,True,True
2024-06,SKRG,5,0,0,0,arrivals,0.0,0.0,large_airport,6.16454,-75.4231,False,True,False
2024-06,OMAD,5,0,0,0,arrivals,0.0,0.0,large_airport,24.427062,54.459866,False,True,False
2024-06,ENQG,5,0,0,0,arrivals,0.0,0.0,heliport,61.202108,2.198832,True,False,False
2024-06,BGJN,5,0,0,0,arrivals,0.0,0.0,medium_airport,69.243202,-51.057098,False,True,False
2024-06,UTDD,5,0,0,0,arrivals,0.0,0.0,large_airport,38.543746,68.822977,False,True,False
2024-06,LTBY,5,1,1,1,arrivals,0.2,0.2,large_airport,39.811644,30.519268,True,True,True
2024-06,EHLE,5,2,0,2,arrivals,0.0,0.4,medium_airport,52.453188,5.514622,True,True,True
2024-06,OAKB,5,0,0,0,arrivals,0.0,0.0,large_airport,34.565899,69.212303,False,True,False
2024-06,DAAS,5,0,0,0,arrivals,0.0,0.0,medium_airport,36.178488,5.329909,True,True,True
2024-06,OIMM,5,0,0,0,arrivals,0.0,0.0,large_airport,36.234821,59.642949,False,True,False
2024-06,LTBR,5,3,3,3,arrivals,0.6,0.6,medium_airport,40.255199,29.562599,True,True,True
2024-06,EDTM,5,2,2,4,arrivals,0.4,0.8,medium_airport,48.05389,9.372778,True,True,True
2024-06,MYNN,5,0,0,0,arrivals,0.0,0.0,large_airport,25.039,-77.466202,False,True,False
2024-06,ESOW,4,2,2,2,departures,0.5,0.5,large_airport,59.589401,16.6336,True,True,True
2024-06,TJSJ,4,0,0,0,departures,0.0,0.0,large_airport,18.4394,-66.001801,False,True,False
2024-06,LERJ,4,0,0,0,departures,0.0,0.0,,,,False,False,False
2024-06,ENGA,4,0,0,0,departures,0.0,0.0,heliport,61.17556,2.1875,True,False,False
2024-06,ESST,4,0,0,0,departures,0.0,0.0,medium_airport,60.1576,12.9913,True,True,True
2024-06,PANC,4,0,0,0,departures,0.0,0.0,large_airport,61.179004,-149.992561,False,True,False
2024-06,EPRA,4,1,1,1,departures,0.25,0.25,medium_airport,51.38937,21.214742,True,True,True
2024-06,SKCG,4,3,0,0,departures,0.0,0.0,large_airport,10.4424,-75.513,False,True,False
2024-06,SUMU,4,0,0,0,departures,0.0,0.0,large_airport,-34.835647,-56.026497,False,True,False
2024-06,LIPK,4,4,4,5,departures,1.0,1.25,medium_airport,44.194801,12.0701,True,True,True
2024-06,ETNL,4,3,3,6,departures,0.75,1.5,medium_airport,53.918201,12.2783,True,True,True
2024-06,EDRZ,4,0,0,0,departures,0.0,0.0,small_airport,49.2094,7.40056,True,False,False
2024-06,LSGK,4,0,0,0,departures,0.0,0.0,small_airport,46.486525,7.248359,True,False,False
2024-06,LGKC,4,0,0,0,departures,0.0,0.0,small_airport,36.273978,23.016719,True,False,False
2024-06,LGPL,4,0,0,0,departures,0.0,0.0,small_airport,36.5798988342,26.3757991791,True,False,False
2024-06,DTTX,4,0,0,0,departures,0.0,0.0,medium_airport,34.717999,10.691,True,True,True
2024-06,LELN,4,3,3,3,departures,0.75,0.75,medium_airport,42.590709,-5.653406,True,True,True
2024-06,LGSY,4,0,0,0,departures,0.0,0.0,small_airport,38.9676017761,24.4871997833,True,False,False
2024-06,ZMCK,4,0,0,0,departures,0.0,0.0,large_airport,47.646916,106.819833,False,True,False
2024-06,ENOA,4,0,0,0,departures,0.0,0.0,heliport,60.491402,2.82556,True,False,False
2024-06,GUCY,4,0,0,0,departures,0.0,0.0,large_airport,9.57689,-13.612,False,True,False
2024-06,GBYD,4,0,0,0,departures,0.0,0.0,large_airport,13.338,-16.652201,False,True,False
2024-06,EGSC,4,3,3,5,departures,0.75,1.25,medium_airport,52.205002,0.175,True,True,True
2024-06,ESUT,4,0,0,0,departures,0.0,0.0,small_airport,65.806099,15.0828,True,False,False
2024-06,ENWY,4,0,0,0,departures,0.0,0.0,heliport,57.4888,4.3212,True,False,False
2024-06,ENGC,4,0,0,0,departures,0.0,0.0,heliport,61.214063,2.270984,True,False,False
2024-06,EFKI,4,0,0,0,departures,0.0,0.0,medium_airport,64.2855,27.6924,True,True,True
2024-06,ENSS,4,0,0,0,departures,0.0,0.0,medium_airport,70.3554,31.044901,False,True,False
2024-06,EGNH,4,1,1,1,departures,0.25,0.25,medium_airport,53.771702,-3.02861,True,True,True
2024-06,LTCL,4,0,0,0,departures,0.0,0.0,medium_airport,37.97890090942383,41.84040069580078,True,True,True
2024-06,LTAP,4,0,0,0,departures,0.0,0.0,small_airport,40.829399,35.521999,True,False,False
2024-06,EDGS,4,2,2,2,departures,0.5,0.5,medium_airport,50.707699,8.08297,True,True,True
2024-06,LFMI,4,4,4,4,departures,1.0,1.0,medium_airport,43.522701,4.92384,True,True,True
2024-06,SBSV,4,0,0,0,departures,0.0,0.0,large_airport,-12.908611,-38.322498,False,True,False
2024-06,SBFZ,4,0,0,0,departures,0.0,0.0,large_airport,-3.775833,-38.532222,False,True,False
2024-06,USCC,4,0,0,0,departures,0.0,0.0,large_airport,55.303141,61.504927,False,True,False
2024-06,LGKS,4,0,0,0,departures,0.0,0.0,small_airport,35.4213981628,26.9099998474,True,False,False
2024-06,LZPP,4,3,3,3,departures,0.75,0.75,medium_airport,48.62519836425781,17.828399658203125,True,True,True
2024-06,URWW,4,0,0,0,departures,0.0,0.0,large_airport,48.78134,44.339194,True,True,True
2024-06,GGOV,4,0,0,0,departures,0.0,0.0,large_airport,11.894262,-15.653596,False,True,False
2024-06,LFOZ,4,0,0,0,departures,0.0,0.0,small_airport,47.897758,2.164478,True,False,False
2024-06,KMLB,4,0,0,0,departures,0.0,0.0,medium_airport,28.102009,-80.641088,False,True,False
2024-06,LTAW,4,0,0,0,departures,0.0,0.0,medium_airport,40.32472,36.39056,True,True,True
2024-06,HLMS,4,0,0,0,departures,0.0,0.0,small_airport,32.325001,15.061,True,False,False
2024-06,LRCK,4,0,0,0,departures,0.0,0.0,large_airport,44.362202,28.4883,True,True,True
2024-06,LHPP,4,1,1,1,departures,0.25,0.25,large_airport,45.988891,18.242044,True,True,True
2024-06,HDAM,4,0,0,0,departures,0.0,0.0,large_airport,11.5473,43.1595,False,True,False
2024-06,ESNO,4,0,0,0,departures,0.0,0.0,medium_airport,63.40829849243164,18.989999771118164,True,True,True
2024-06,LPSJ,4,4,0,0,departures,0.0,0.0,medium_airport,38.665501,-28.1758,False,True,False
2024-06,LKKV,4,4,4,4,departures,1.0,1.0,large_airport,50.202999,12.915,True,True,True
2024-06,EDAZ,4,0,0,0,departures,0.0,0.0,small_airport,52.204631,13.159526,True,False,False
2024-06,ZHEC,4,0,0,0,departures,0.0,0.0,large_airport,30.341178,115.03926,False,True,False
2024-06,SKRG,4,0,0,0,departures,0.0,0.0,large_airport,6.16454,-75.4231,False,True,False
2024-06,DRRN,4,0,0,0,departures,0.0,0.0,large_airport,13.4815,2.18361,False,True,False
2024-06,EGNO,4,3,3,3,departures,0.75,0.75,medium_airport,53.745098,-2.88306,True,True,True
2024-06,TJSJ,4,0,0,0,arrivals,0.0,0.0,large_airport,18.4394,-66.001801,False,True,False
2024-06,ENGA,4,0,0,0,arrivals,0.0,0.0,heliport,61.17556,2.1875,True,False,False
2024-06,ENQA,4,0,0,0,arrivals,0.0,0.0,heliport,60.645,3.72472,True,False,False
2024-06,ESST,4,0,0,0,arrivals,0.0,0.0,medium_airport,60.1576,12.9913,True,True,True
2024-06,LHPP,4,1,1,1,arrivals,0.25,0.25,large_airport,45.988891,18.242044,True,True,True
2024-06,EPRA,4,2,2,2,arrivals,0.5,0.5,medium_airport,51.38937,21.214742,True,True,True
2024-06,FGSL,4,1,0,0,arrivals,0.0,0.0,large_airport,3.75527,8.70872,False,True,False
2024-06,EHLL,4,0,0,0,arrivals,0.0,0.0,heliport,53.40333,4.20056,True,False,False
2024-06,LKHK,4,0,0,0,arrivals,0.0,0.0,small_airport,50.253201,15.8452,True,False,False
2024-06,EGPC,4,0,0,0,arrivals,0.0,0.0,medium_airport,58.4589,-3.09306,True,True,True
2024-06,UTNU,4,0,0,0,arrivals,0.0,0.0,large_airport,41.58274,60.64338,False,True,False
2024-06,LIPK,4,3,2,3,arrivals,0.5,0.75,medium_airport,44.194801,12.0701,True,True,True
2024-06,ETNL,4,3,1,2,arrivals,0.25,0.5,medium_airport,53.918201,12.2783,True,True,True
2024-06,UTSA,4,0,0,0,arrivals,0.0,0.0,medium_airport,40.117599,65.172658,False,True,False
2024-06,LSGC,4,3,2,3,arrivals,0.5,0.75,medium_airport,47.0839004517,6.792840003970001,True,True,True
2024-06,LGKC,4,0,0,0,arrivals,0.0,0.0,small_airport,36.273978,23.016719,True,False,False
2024-06,LGPL,4,0,0,0,arrivals,0.0,0.0,small_airport,36.5798988342,26.3757991791,True,False,False
2024-06,LGKY,4,2,0,0,arrivals,0.0,0.0,small_airport,36.9632987976,26.9405994415,True,False,False
2024-06,LELN,4,0,0,0,arrivals,0.0,0.0,medium_airport,42.590709,-5.653406,True,True,True
2024-06,EPZG,4,3,3,3,arrivals,0.75,0.75,medium_airport,52.1385,15.7986,True,True,True
2024-06,OPLA,4,0,0,0,arrivals,0.0,0.0,large_airport,31.521601,74.403603,False,True,False
2024-06,LGSY,4,0,0,0,arrivals,0.0,0.0,small_airport,38.9676017761,24.4871997833,True,False,False
2024-06,BIBD,4,0,0,0,arrivals,0.0,0.0,medium_airport,65.641296,-23.5462,True,True,True
2024-06,ENOA,4,0,0,0,arrivals,0.0,0.0,heliport,60.491402,2.82556,True,False,False
2024-06,LOAN,4,1,1,2,arrivals,0.25,0.5,medium_airport,47.8433,16.260099,True,True,True
2024-06,OSDI,4,1,0,0,arrivals,0.0,0.0,large_airport,33.4114990234375,36.51559829711914,True,True,True
2024-06,EGSC,4,2,2,4,arrivals,0.5,1.0,medium_airport,52.205002,0.175,True,True,True
2024-06,ENWY,4,0,0,0,arrivals,0.0,0.0,heliport,57.4888,4.3212,True,False,False
2024-06,ENSS,4,0,0,0,arrivals,0.0,0.0,medium_airport,70.3554,31.044901,False,True,False
2024-06,LKKV,4,3,3,3,arrivals,0.75,0.75,large_airport,50.202999,12.915,True,True,True
2024-06,GFLL,4,0,0,0,arrivals,0.0,0.0,large_airport,8.61644,-13.1955,False,True,False
2024-06,LTAP,4,0,0,0,arrivals,0.0,0.0,small_airport,40.829399,35.521999,True,False,False
2024-06,WIII,4,0,0,0,arrivals,0.0,0.0,large_airport,-6.12557,106.655998,False,True,False
2024-06,ZHEC,4,0,0,0,arrivals,0.0,0.0,large_airport,30.341178,115.03926,False,True,False
2024-06,EDGS,4,2,2,3,arrivals,0.5,0.75,medium_airport,50.707699,8.08297,True,True,True
2024-06,LFMI,4,4,4,4,arrivals,1.0,1.0,medium_airport,43.522701,4.92384,True,True,True
2024-06,SBSV,4,0,0,0,arrivals,0.0,0.0,large_airport,-12.908611,-38.322498,False,True,False
2024-06,LSGL,4,0,0,0,arrivals,0.0,0.0,small_airport,46.54509,6.616629,True,False,False
2024-06,USCC,4,0,0,0,arrivals,0.0,0.0,large_airport,55.303141,61.504927,False,True,False
2024-06,LGKS,4,0,0,0,arrivals,0.0,0.0,small_airport,35.4213981628,26.9099998474,True,False,False
2024-06,LZPP,4,3,3,3,arrivals,0.75,0.75,medium_airport,48.62519836425781,17.828399658203125,True,True,True
2024-06,SLVR,4,0,0,0,arrivals,0.0,0.0,large_airport,-17.6448,-63.135399,False,True,False
2024-06,GGOV,4,0,0,0,arrivals,0.0,0.0,large_airport,11.894262,-15.653596,False,True,False
2024-06,LTAW,4,0,0,0,arrivals,0.0,0.0,medium_airport,40.32472,36.39056,True,True,True
2024-06,HLMS,4,0,0,0,arrivals,0.0,0.0,small_airport,32.325001,15.061,True,False,False
2024-06,LRCK,4,0,0,0,arrivals,0.0,0.0,large_airport,44.362202,28.4883,True,True,True
2024-06,EGNO,4,3,3,4,arrivals,0.75,1.0,medium_airport,53.745098,-2.88306,True,True,True
2024-06,ETND,4,4,2,2,arrivals,0.5,0.5,medium_airport,52.585556,8.342222,True,True,True
2024-06,FYWH,4,0,0,0,arrivals,0.0,0.0,large_airport,-22.4799,17.4709,False,True,False
2024-06,LFLP,4,3,1,1,arrivals,0.25,0.25,medium_airport,45.928947,6.0987,True,True,True
2024-06,LDVA,4,1,0,0,arrivals,0.0,0.0,small_airport,46.294668,16.383222,True,False,False
2024-06,ESNO,4,0,0,0,arrivals,0.0,0.0,medium_airport,63.40829849243164,18.989999771118164,True,True,True
2024-06,EKHD,4,0,0,0,arrivals,0.0,0.0,heliport,56.344120025634766,4.27191686630249,True,False,False
2024-06,KMLB,4,0,0,0,arrivals,0.0,0.0,medium_airport,28.102009,-80.641088,False,True,False
2024-06,MKJS,4,0,0,0,arrivals,0.0,0.0,large_airport,18.50342,-77.91323,False,True,False
2024-06,LFLB,4,0,0,1,arrivals,0.0,0.25,medium_airport,45.6381,5.88023,True,True,True
2024-06,ENXW,3,0,0,0,departures,0.0,0.0,heliport,59.165,2.48667,True,False,False
2024-06,EHQM,3,0,0,0,departures,0.0,0.0,heliport,52.87222,4.17139,True,False,False
2024-06,UAUU,3,0,0,0,departures,0.0,0.0,large_airport,53.206902,63.550301,False,True,False
2024-06,SBBR,3,0,0,0,departures,0.0,0.0,large_airport,-15.869167,-47.920834,False,True,False
2024-06,EDAB,3,0,0,0,departures,0.0,0.0,small_airport,51.193611,14.519722,True,False,False
2024-06,ENQA,3,0,0,0,departures,0.0,0.0,heliport,60.645,3.72472,True,False,False
2024-06,OIFM,3,0,0,0,departures,0.0,0.0,large_airport,32.755142,51.883877,False,True,False
2024-06,ENDR,3,0,0,0,departures,0.0,0.0,heliport,64.35556,7.79167,True,False,False
2024-06,EHLL,3,0,0,0,departures,0.0,0.0,heliport,53.40333,4.20056,True,False,False
2024-06,ENUA,3,0,0,0,departures,0.0,0.0,heliport,64.993956,6.551342,True,False,False
2024-06,EKHB,3,0,0,0,departures,0.0,0.0,heliport,55.538612365722656,5.033332824707031,True,False,False
2024-06,MMSM,3,0,0,0,departures,0.0,0.0,large_airport,19.743824,-99.01507,False,True,False
2024-06,KBDL,3,0,0,0,departures,0.0,0.0,large_airport,41.938555,-72.688016,False,True,False
2024-06,ENWI,3,0,0,0,departures,0.0,0.0,heliport,58.92222,2.19778,True,False,False
2024-06,LSGC,3,2,2,3,departures,0.6666666666666666,1.0,medium_airport,47.0839004517,6.792840003970001,True,True,True
2024-06,EFIV,3,0,0,0,departures,0.0,0.0,large_airport,68.6073,27.4053,True,True,True
2024-06,UNKL,3,0,0,0,departures,0.0,0.0,large_airport,56.175743,92.485788,False,True,False
2024-06,LTBZ,3,0,0,0,departures,0.0,0.0,small_airport,39.111107,30.130405,True,False,False
2024-06,UARR,3,0,0,0,departures,0.0,0.0,large_airport,51.151976,51.543652,False,True,False
2024-06,CYHM,3,0,0,0,departures,0.0,0.0,medium_airport,43.17348,-79.931185,False,True,False
2024-06,SMJP,3,0,0,0,departures,0.0,0.0,large_airport,5.45283,-55.187801,False,True,False
2024-06,ENOC,3,0,0,0,departures,0.0,0.0,heliport,60.6078,2.77444,True,False,False
2024-06,EGLK,3,3,3,3,departures,1.0,1.0,medium_airport,51.323898,-0.8475,True,True,True
2024-06,VGSY,3,0,0,0,departures,0.0,0.0,large_airport,24.963071,91.866903,False,True,False
2024-06,OSDI,3,0,0,0,departures,0.0,0.0,large_airport,33.4114990234375,36.51559829711914,True,True,True
2024-06,ZSWZ,3,0,0,0,departures,0.0,0.0,large_airport,27.910572,120.853465,False,True,False
2024-06,GMMA,3,0,0,0,departures,0.0,0.0,medium_airport,26.731987,-11.683655,False,True,False
2024-06,LRSM,3,0,0,0,departures,0.0,0.0,medium_airport,47.7033,22.8857,True,True,True
2024-06,LTAL,3,0,0,0,departures,0.0,0.0,medium_airport,41.314201,33.795799,True,True,True
2024-06,ZBTJ,3,0,0,0,departures,0.0,0.0,large_airport,39.1244010925,117.346000671,False,True,False
2024-06,EPSY,3,3,3,3,departures,1.0,1.0,medium_airport,53.481899,20.9377,True,True,True
2024-06,ENQC,3,0,0,0,departures,0.0,0.0,heliport,60.885799,3.60972,True,False,False
2024-06,KBNA,3,0,0,0,departures,0.0,0.0,large_airport,36.1245,-86.6782,False,True,False
2024-06,BGSS,3,0,0,0,departures,0.0,0.0,medium_airport,66.951302,-53.729301,False,True,False
2024-06,OISS,3,0,0,0,departures,0.0,0.0,large_airport,29.5392,52.589802,False,True,False
2024-06,YPPH,3,0,0,0,departures,0.0,0.0,large_airport,-31.94029998779297,115.96700286865234,False,True,False
2024-06,MMMY,3,0,0,0,departures,0.0,0.0,large_airport,25.778521,-100.106989,False,True,False
2024-06,TLPL,3,0,0,0,departures,0.0,0.0,large_airport,13.7332,-60.952599,False,True,False
2024-06,GMAG,3,0,0,0,departures,0.0,0.0,,,,False,False,False
2024-06,ENQD,3,0,0,0,departures,0.0,0.0,heliport,60.541901,3.04583,True,False,False
2024-06,KBED,3,0,0,0,departures,0.0,0.0,medium_airport,42.470001,-71.289001,False,True,False
2024-06,KSWF,3,0,0,0,departures,0.0,0.0,medium_airport,41.50421,-74.108901,False,True,False
2024-06,MSLP,3,0,0,0,departures,0.0,0.0,large_airport,13.44447,-89.055784,False,True,False
2024-06,TTPP,3,1,0,0,departures,0.0,0.0,large_airport,10.59535,-61.337568,False,True,False
2024-06,ETND,3,2,1,1,departures,0.3333333333333333,0.3333333333333333,medium_airport,52.585556,8.342222,True,True,True
2024-06,MYNN,3,0,0,0,departures,0.0,0.0,large_airport,25.039,-77.466202,False,True,False
2024-06,LGSO,3,0,0,0,departures,0.0,0.0,small_airport,37.4227981567,24.9508991241,True,False,False
2024-06,HKMO,3,0,0,0,departures,0.0,0.0,large_airport,-4.03483,39.5942,False,True,False
2024-06,LEGT,3,3,3,3,departures,1.0,1.0,medium_airport,40.294102,-3.72383,True,True,True
2024-06,EKTW,3,0,0,0,departures,0.0,0.0,heliport,55.716529846191406,4.750306129455566,True,False,False
2024-06,LFLP,3,2,2,2,departures,0.6666666666666666,0.6666666666666666,medium_airport,45.928947,6.0987,True,True,True
2024-06,VTSP,3,0,0,0,departures,0.0,0.0,large_airport,8.113257,98.3174,False,True,False
2024-06,BIGR,3,0,0,0,departures,0.0,0.0,medium_airport,66.5458,-18.0173,True,True,True
2024-06,LECU,3,1,1,1,departures,0.3333333333333333,0.3333333333333333,medium_airport,40.370701,-3.78514,True,True,True
2024-06,EHGQ,3,0,0,0,departures,0.0,0.0,heliport,54.04917,5.43194,True,False,False
2024-06,UTSA,3,0,0,0,departures,0.0,0.0,medium_airport,40.117599,65.172658,False,True,False
2024-06,LIRJ,3,1,1,1,departures,0.3333333333333333,0.3333333333333333,medium_airport,42.760871,10.239811,True,True,True
2024-06,TNCB,3,0,0,0,departures,0.0,0.0,large_airport,12.131,-68.268501,False,True,False
2024-06,GLRB,3,1,0,0,departures,0.0,0.0,large_airport,6.23379,-10.3623,False,True,False
2024-06,EKHD,3,0,0,0,departures,0.0,0.0,heliport,56.344120025634766,4.27191686630249,True,False,False
2024-06,BIBD,3,0,0,0,departures,0.0,0.0,medium_airport,65.641296,-23.5462,True,True,True
2024-06,LFGJ,3,2,2,2,departures,0.6666666666666666,0.6666666666666666,medium_airport,47.038955,5.427589,True,True,True
2024-06,LOAN,3,1,1,1,departures,0.3333333333333333,0.3333333333333333,medium_airport,47.8433,16.260099,True,True,True
2024-06,LFLS,3,2,2,2,departures,0.6666666666666666,0.6666666666666666,medium_airport,45.3629,5.32937,True,True,True
2024-06,SEQM,3,0,0,0,departures,0.0,0.0,large_airport,-0.125399,-78.354306,False,True,False
2024-06,OMAD,3,0,0,0,departures,0.0,0.0,large_airport,24.427062,54.459866,False,True,False
2024-06,LFLX,3,0,0,0,departures,0.0,0.0,medium_airport,46.860221,1.728326,True,True,True
2024-06,ENXW,3,0,0,0,arrivals,0.0,0.0,heliport,59.165,2.48667,True,False,False
2024-06,HKMO,3,0,0,0,arrivals,0.0,0.0,large_airport,-4.03483,39.5942,False,True,False
2024-06,KMSY,3,0,0,0,arrivals,0.0,0.0,large_airport,29.993401,-90.264673,False,True,False
2024-06,LFMQ,3,2,1,1,arrivals,0.3333333333333333,0.3333333333333333,medium_airport,43.252499,5.78519,True,True,True
2024-06,EHQM,3,0,0,0,arrivals,0.0,0.0,heliport,52.87222,4.17139,True,False,False
2024-06,TNCM,3,0,0,0,arrivals,0.0,0.0,large_airport,18.041,-63.108898,False,True,False
2024-06,SBBR,3,0,0,0,arrivals,0.0,0.0,large_airport,-15.869167,-47.920834,False,True,False
2024-06,URMS,3,0,0,0,arrivals,0.0,0.0,medium_airport,43.323268,45.012568,True,True,True
2024-06,EDAB,3,1,0,0,arrivals,0.0,0.0,small_airport,51.193611,14.519722,True,False,False
2024-06,ENUD,3,0,0,0,arrivals,0.0,0.0,heliport,64.27067,7.20011,True,False,False
2024-06,HDAM,3,0,0,0,arrivals,0.0,0.0,large_airport,11.5473,43.1595,False,True,False
2024-06,ENQR,3,0,0,0,arrivals,0.0,0.0,heliport,61.51667,2.21667,True,False,False
2024-06,ENDR,3,0,0,0,arrivals,0.0,0.0,heliport,64.35556,7.79167,True,False,False
2024-06,EDQG,3,0,0,0,arrivals,0.0,0.0,small_airport,49.6480560303,9.966388702390002,True,False,False
2024-06,EKHA,3,0,0,0,arrivals,0.0,0.0,heliport,55.53085708618164,5.004167079925537,True,False,False
2024-06,VTSP,3,0,0,0,arrivals,0.0,0.0,large_airport,8.113257,98.3174,False,True,False
2024-06,BIGR,3,0,0,0,arrivals,0.0,0.0,medium_airport,66.5458,-18.0173,True,True,True
2024-06,ZGHA,3,0,0,0,arrivals,0.0,0.0,large_airport,28.189199,113.220001,False,True,False
2024-06,EHKV,3,0,0,0,arrivals,0.0,0.0,heliport,53.26861,3.62639,True,False,False
2024-06,ENUA,3,0,0,0,arrivals,0.0,0.0,heliport,64.993956,6.551342,True,False,False
2024-06,LDSB,3,0,0,0,arrivals,0.0,0.0,medium_airport,43.284454,16.678362,True,True,True
2024-06,LIQS,3,0,0,0,arrivals,0.0,0.0,medium_airport,43.254942,11.255084,True,True,True
2024-06,MGGT,3,0,0,0,arrivals,0.0,0.0,large_airport,14.582896,-90.527515,False,True,False
2024-06,UNKL,3,0,0,0,arrivals,0.0,0.0,large_airport,56.175743,92.485788,False,True,False
2024-06,LIRJ,3,0,0,0,arrivals,0.0,0.0,medium_airport,42.760871,10.239811,True,True,True
2024-06,UARR,3,0,0,0,arrivals,0.0,0.0,large_airport,51.151976,51.543652,False,True,False
2024-06,CYHM,3,0,0,0,arrivals,0.0,0.0,medium_airport,43.17348,-79.931185,False,True,False
2024-06,SMJP,3,0,0,0,arrivals,0.0,0.0,large_airport,5.45283,-55.187801,False,True,False
2024-06,CYYT,3,0,0,0,arrivals,0.0,0.0,large_airport,47.618599,-52.7519,False,True,False
2024-06,LFGJ,3,2,2,2,arrivals,0.6666666666666666,0.6666666666666666,medium_airport,47.038955,5.427589,True,True,True
2024-06,TXKF,3,0,0,0,arrivals,0.0,0.0,large_airport,32.363802,-64.67824,False,True,False
2024-06,EGLK,3,3,3,3,arrivals,1.0,1.0,medium_airport,51.323898,-0.8475,True,True,True
2024-06,BGKK,3,0,0,0,arrivals,0.0,0.0,medium_airport,65.573601,-37.1236,False,True,False
2024-06,EGBJ,3,2,1,1,arrivals,0.3333333333333333,0.3333333333333333,medium_airport,51.894199,-2.16722,True,True,True
2024-06,EFKE,3,0,0,0,arrivals,0.0,0.0,medium_airport,65.778701782227,24.582099914551,True,True,True
2024-06,DAUG,3,0,0,0,arrivals,0.0,0.0,medium_airport,32.384102,3.79411,True,True,True
2024-06,ENGC,3,0,0,0,arrivals,0.0,0.0,heliport,61.214063,2.270984,True,False,False
2024-06,ZSWZ,3,0,0,0,arrivals,0.0,0.0,large_airport,27.910572,120.853465,False,True,False
2024-06,GMMA,3,0,0,0,arrivals,0.0,0.0,medium_airport,26.731987,-11.683655,False,True,False
2024-06,ENUB,3,0,0,0,arrivals,0.0,0.0,heliport,65.110102,6.78943,True,False,False
2024-06,LTAL,3,0,0,0,arrivals,0.0,0.0,medium_airport,41.314201,33.795799,True,True,True
2024-06,EGNH,3,1,1,1,arrivals,0.3333333333333333,0.3333333333333333,medium_airport,53.771702,-3.02861,True,True,True
2024-06,EPSY,3,2,1,1,arrivals,0.3333333333333333,0.3333333333333333,medium_airport,53.481899,20.9377,True,True,True
2024-06,EDRY,3,2,0,0,arrivals,0.0,0.0,small_airport,49.304722,8.451389,True,False,False
2024-06,ENQC,3,0,0,0,arrivals,0.0,0.0,heliport,60.885799,3.60972,True,False,False
2024-06,USRR,3,0,0,0,arrivals,0.0,0.0,large_airport,61.340501,73.405782,False,True,False
2024-06,YPPH,3,0,0,0,arrivals,0.0,0.0,large_airport,-31.94029998779297,115.96700286865234,False,True,False
2024-06,MMGL,3,0,0,0,arrivals,0.0,0.0,large_airport,20.523342,-103.310108,False,True,False
2024-06,LFAT,3,1,0,0,arrivals,0.0,0.0,medium_airport,50.518284,1.621656,True,True,True
2024-06,LTFC,3,0,0,0,arrivals,0.0,0.0,medium_airport,37.8554,30.368401,True,True,True
2024-06,ENQD,3,0,0,0,arrivals,0.0,0.0,heliport,60.541901,3.04583,True,False,False
2024-06,URWW,3,0,0,0,arrivals,0.0,0.0,large_airport,48.78134,44.339194,True,True,True
2024-06,KSWF,3,0,0,0,arrivals,0.0,0.0,medium_airport,41.50421,-74.108901,False,True,False
2024-06,LFOZ,3,1,0,0,arrivals,0.0,0.0,small_airport,47.897758,2.164478,True,False,False
2024-06,HTDA,3,0,0,0,arrivals,0.0,0.0,large_airport,-6.873499,39.207288,False,True,False
2024-06,KCLE,3,0,0,0,arrivals,0.0,0.0,large_airport,41.411701,-81.8498,False,True,False
2024-06,LFSN,3,1,0,0,arrivals,0.0,0.0,medium_airport,48.692101,6.23046,True,True,True
2024-06,HTKJ,3,2,0,0,arrivals,0.0,0.0,large_airport,-3.427049,37.07353,False,True,False
2024-06,LEGT,3,3,3,3,arrivals,1.0,1.0,medium_airport,40.294102,-3.72383,True,True,True
2024-06,UAUU,3,0,0,0,arrivals,0.0,0.0,large_airport,53.206902,63.550301,False,True,False
2024-06,LERJ,3,0,0,0,arrivals,0.0,0.0,,,,False,False,False
2024-06,OIFM,3,0,0,0,arrivals,0.0,0.0,large_airport,32.755142,51.883877,False,True,False
2024-06,KBDL,3,0,0,0,arrivals,0.0,0.0,large_airport,41.938555,-72.688016,False,True,False
2024-06,EFIV,3,0,0,0,arrivals,0.0,0.0,large_airport,68.6073,27.4053,True,True,True
2024-06,FCBB,3,1,0,0,arrivals,0.0,0.0,large_airport,-4.2517,15.253,False,True,False
2024-06,LTBZ,3,0,0,0,arrivals,0.0,0.0,small_airport,39.111107,30.130405,True,False,False
2024-06,EHAK,3,0,0,0,arrivals,0.0,0.0,heliport,55.399167,3.810278,True,False,False
2024-06,FTTJ,3,1,0,0,arrivals,0.0,0.0,large_airport,12.1337,15.034,False,True,False
2024-06,SGAS,3,0,0,0,arrivals,0.0,0.0,large_airport,-25.240156,-57.519227,False,True,False
2024-06,VGSY,3,0,0,0,arrivals,0.0,0.0,large_airport,24.963071,91.866903,False,True,False
2024-06,ENQS,3,0,0,0,arrivals,0.0,0.0,heliport,61.2961,1.90083,True,False,False
2024-06,LFLS,3,2,2,3,arrivals,0.6666666666666666,1.0,medium_airport,45.3629,5.32937,True,True,True
2024-06,LRSM,3,0,0,0,arrivals,0.0,0.0,medium_airport,47.7033,22.8857,True,True,True
2024-06,SBBE,3,0,0,0,arrivals,0.0,0.0,large_airport,-1.379279,-48.476207,False,True,False
2024-06,EDAZ,3,0,0,0,arrivals,0.0,0.0,small_airport,52.204631,13.159526,True,False,False
2024-06,KBNA,3,1,0,0,arrivals,0.0,0.0,large_airport,36.1245,-86.6782,False,True,False
2024-06,OISS,3,0,0,0,arrivals,0.0,0.0,large_airport,29.5392,52.589802,False,True,False
2024-06,MMMY,3,0,0,0,arrivals,0.0,0.0,large_airport,25.778521,-100.106989,False,True,False
2024-06,SBFZ,3,0,0,0,arrivals,0.0,0.0,large_airport,-3.775833,-38.532222,False,True,False
2024-06,GMAG,3,0,0,0,arrivals,0.0,0.0,,,,False,False,False
2024-06,ENFB,3,0,0,0,arrivals,0.0,0.0,heliport,61.20639,1.82889,True,False,False
2024-06,LFLX,3,0,0,0,arrivals,0.0,0.0,medium_airport,46.860221,1.728326,True,True,True
2024-06,ENQE,2,0,0,0,departures,0.0,0.0,heliport,60.700001,2.933611,True,False,False
2024-06,LFOP,2,0,0,0,departures,0.0,0.0,medium_airport,49.384887,1.179142,True,True,True
2024-06,LTBU,2,2,2,3,departures,1.0,1.5,medium_airport,41.138199,27.9191,True,True,True
2024-06,ENQV,2,0,0,0,departures,0.0,0.0,heliport,61.36972,2.45722,True,False,False
2024-06,KPBI,2,0,0,0,departures,0.0,0.0,large_airport,26.683201,-80.095596,False,True,False
2024-06,LCRA,2,0,0,0,departures,0.0,0.0,medium_airport,34.590401,32.9879,True,True,True
2024-06,LKMH,2,0,0,0,departures,0.0,0.0,small_airport,50.540199,15.0066,True,False,False
2024-06,ENSE,2,0,0,0,departures,0.0,0.0,heliport,61.4489,2.1425,True,False,False
2024-06,ESOK,2,1,1,1,departures,0.5,0.5,medium_airport,59.444698,13.3374,True,True,True
2024-06,EHTW,2,2,2,2,departures,1.0,1.0,medium_airport,52.275833,6.889167,True,True,True
2024-06,KBGR,2,0,0,0,departures,0.0,0.0,medium_airport,44.806364,-68.826668,False,True,False
2024-06,ENUD,2,0,0,0,departures,0.0,0.0,heliport,64.27067,7.20011,True,False,False
2024-06,ENQR,2,0,0,0,departures,0.0,0.0,heliport,61.51667,2.21667,True,False,False
2024-06,EDQG,2,0,0,0,departures,0.0,0.0,small_airport,49.6480560303,9.966388702390002,True,False,False
2024-06,LESU,2,0,0,0,departures,0.0,0.0,medium_airport,42.3386,1.40917,True,True,True
2024-06,EKHA,2,0,0,0,departures,0.0,0.0,heliport,55.53085708618164,5.004167079925537,True,False,False
2024-06,EHJA,2,0,0,0,departures,0.0,0.0,heliport,53.82333,2.94389,True,False,False
2024-06,EDMS,2,0,0,0,departures,0.0,0.0,small_airport,48.900833,12.516667,True,False,False
2024-06,EHKV,2,0,0,0,departures,0.0,0.0,heliport,53.26861,3.62639,True,False,False
2024-06,LFRD,2,2,2,2,departures,1.0,1.0,medium_airport,48.5877,-2.07996,True,True,True
2024-06,ZGHA,2,0,0,0,departures,0.0,0.0,large_airport,28.189199,113.220001,False,True,False
2024-06,TJBQ,2,0,0,0,departures,0.0,0.0,medium_airport,18.4949,-67.129402,False,True,False
2024-06,FMMI,2,0,0,0,departures,0.0,0.0,large_airport,-18.7969,47.478802,False,True,False
2024-06,UTNU,2,0,0,0,departures,0.0,0.0,large_airport,41.58274,60.64338,False,True,False
2024-06,FCPP,2,0,0,0,departures,0.0,0.0,large_airport,-4.81603,11.8866,False,True,False
2024-06,LDSB,2,0,0,0,departures,0.0,0.0,medium_airport,43.284454,16.678362,True,True,True
2024-06,MUVR,2,0,0,0,departures,0.0,0.0,large_airport,23.034401,-81.435303,False,True,False
2024-06,KSTL,2,0,0,0,departures,0.0,0.0,large_airport,38.748697,-90.370003,False,True,False
2024-06,SBSG,2,0,0,0,departures,0.0,0.0,large_airport,-5.769822,-35.36661,False,True,False
2024-06,FCBB,2,1,0,0,departures,0.0,0.0,large_airport,-4.2517,15.253,False,True,False
2024-06,TAPA,2,0,0,0,departures,0.0,0.0,large_airport,17.1367,-61.792702,False,True,False
2024-06,EVGA,2,0,0,0,departures,0.0,0.0,small_airport,56.778301,24.853901,True,False,False
2024-06,ENUK,2,0,0,0,departures,0.0,0.0,heliport,65.064144,6.725689,True,False,False
2024-06,ESSP,2,0,0,0,departures,0.0,0.0,medium_airport,58.58629989624024,16.250600814819336,True,True,True
2024-06,EDAH,2,1,1,1,departures,0.5,0.5,medium_airport,53.8787,14.1523,True,True,True
2024-06,SGAS,2,0,0,0,departures,0.0,0.0,large_airport,-25.240156,-57.519227,False,True,False
2024-06,EGNL,2,1,1,2,departures,0.5,1.0,medium_airport,54.1286111,-3.2675,True,True,True
2024-06,TXKF,2,0,0,0,departures,0.0,0.0,large_airport,32.363802,-64.67824,False,True,False
2024-06,UAIT,2,0,0,0,departures,0.0,0.0,large_airport,43.311087,68.550352,False,True,False
2024-06,EGBJ,2,1,0,0,departures,0.0,0.0,medium_airport,51.894199,-2.16722,True,True,True
2024-06,EHPK,2,0,0,0,departures,0.0,0.0,heliport,52.29028,3.81611,True,False,False
2024-06,LSMP,2,2,2,2,departures,1.0,1.0,medium_airport,46.8432,6.91506,True,True,True
2024-06,ENBE,2,0,0,0,departures,0.0,0.0,heliport,59.190601,2.35806,True,False,False
2024-06,LFLI,2,2,2,4,departures,1.0,2.0,medium_airport,46.192001,6.26839,True,True,True
2024-06,ENUB,2,0,0,0,departures,0.0,0.0,heliport,65.110102,6.78943,True,False,False
2024-06,SBBE,2,0,0,0,departures,0.0,0.0,large_airport,-1.379279,-48.476207,False,True,False
2024-06,ENUG,2,0,0,0,departures,0.0,0.0,heliport,71.3,22.25,False,False,False
2024-06,DABT,2,0,0,0,departures,0.0,0.0,large_airport,35.752102,6.30859,True,True,True
2024-06,GMMB,2,0,0,0,departures,0.0,0.0,small_airport,33.655399,-7.22145,True,False,False
2024-06,USRR,2,0,0,0,departures,0.0,0.0,large_airport,61.340501,73.405782,False,True,False
2024-06,ENXO,2,0,0,0,departures,0.0,0.0,heliport,59.266701,2.45,True,False,False
2024-06,BGUK,2,0,0,0,departures,0.0,0.0,small_airport,72.790199,-56.1306,False,False,False
2024-06,MUCC,2,0,0,0,departures,0.0,0.0,medium_airport,22.4610004425,-78.32839965820001,False,True,False
2024-06,KGSP,2,0,0,0,departures,0.0,0.0,medium_airport,34.895699,-82.218903,False,True,False
2024-06,ETMN,2,1,1,1,departures,0.5,0.5,medium_airport,53.767689,8.659201,True,True,True
2024-06,LFBU,2,1,1,1,departures,0.5,0.5,medium_airport,45.729198,0.221456,True,True,True
2024-06,ENQG,2,0,0,0,departures,0.0,0.0,heliport,61.202108,2.198832,True,False,False
2024-06,LFAT,2,2,1,1,departures,0.5,0.5,medium_airport,50.518284,1.621656,True,True,True
2024-06,LTFC,2,0,0,0,departures,0.0,0.0,medium_airport,37.8554,30.368401,True,True,True
2024-06,LFQG,2,0,0,0,departures,0.0,0.0,medium_airport,47.002913,3.113114,True,True,True
2024-06,SLVR,2,0,0,0,departures,0.0,0.0,large_airport,-17.6448,-63.135399,False,True,False
2024-06,EFKT,2,0,0,0,departures,0.0,0.0,large_airport,67.700996,24.8468,True,True,True
2024-06,KOAK,2,0,0,0,departures,0.0,0.0,large_airport,37.720085,-122.221184,False,True,False
2024-06,HCMM,2,0,0,0,departures,0.0,0.0,large_airport,2.01444,45.304699,False,True,False
2024-06,CYEG,2,0,0,0,departures,0.0,0.0,large_airport,53.3097,-113.580002,False,True,False
2024-06,LFSN,2,1,1,1,departures,0.5,0.5,medium_airport,48.692101,6.23046,True,True,True
2024-06,LIRE,2,2,2,2,departures,1.0,1.0,medium_airport,41.654499,12.4452,True,True,True
2024-06,VOGA,2,0,0,0,departures,0.0,0.0,large_airport,15.744257,73.860625,False,True,False
2024-06,LHPR,2,0,0,0,departures,0.0,0.0,medium_airport,47.628436,17.804718,True,True,True
2024-06,ZJHK,2,0,0,0,departures,0.0,0.0,large_airport,19.9349,110.459,False,True,False
2024-06,LKVO,2,2,0,0,departures,0.0,0.0,medium_airport,50.216599,14.3958,True,True,True
2024-06,KMSY,2,0,0,0,departures,0.0,0.0,large_airport,29.993401,-90.264673,False,True,False
2024-06,BIVO,2,0,0,0,departures,0.0,0.0,medium_airport,65.720596,-14.8506,True,True,True
2024-06,ZSAM,2,0,0,0,departures,0.0,0.0,large_airport,24.543889,118.127454,False,True,False
2024-06,URWA,2,0,0,0,departures,0.0,0.0,large_airport,46.282843,48.010511,True,True,True
2024-06,EKDF,2,0,0,0,departures,0.0,0.0,heliport,55.47809982299805,5.105527877807617,True,False,False
2024-06,KHSV,2,0,0,0,departures,0.0,0.0,medium_airport,34.636244,-86.774378,False,True,False
2024-06,WADD,2,0,0,0,departures,0.0,0.0,large_airport,-8.748409,115.167123,False,True,False
2024-06,GMAT,2,0,0,0,departures,0.0,0.0,medium_airport,28.447563,-11.161749,True,True,True
2024-06,FGSL,2,0,0,0,departures,0.0,0.0,large_airport,3.75527,8.70872,False,True,False
2024-06,EGVN,2,1,1,1,departures,0.5,0.5,medium_airport,51.75,-1.58362,True,True,True
2024-06,DAUH,2,0,0,0,departures,0.0,0.0,medium_airport,31.673,6.14044,True,True,True
2024-06,EHMR,2,0,0,0,departures,0.0,0.0,heliport,53.32944,4.83083,True,False,False
2024-06,ENLA,2,0,0,0,departures,0.0,0.0,heliport,57.111667,2.846667,True,False,False
2024-06,EDQM,2,0,0,0,departures,0.0,0.0,medium_airport,50.288544,11.852876,True,True,True
2024-06,KBFI,2,0,0,0,departures,0.0,0.0,medium_airport,47.527042,-122.29995,False,True,False
2024-06,ENUS,2,0,0,0,departures,0.0,0.0,heliport,65.69972,7.65083,True,False,False
2024-06,EFKS,2,0,0,0,departures,0.0,0.0,medium_airport,65.987602,29.239401,True,True,True
2024-06,UWSG,2,2,2,2,departures,1.0,1.0,large_airport,51.712778,46.171111,True,True,True
2024-06,LIQS,2,0,0,0,departures,0.0,0.0,medium_airport,43.254942,11.255084,True,True,True
2024-06,EGTC,2,1,1,1,departures,0.5,0.5,medium_airport,52.072201,-0.616667,True,True,True
2024-06,ENQJ,2,0,0,0,departures,0.0,0.0,heliport,61.33167,3.895,True,False,False
2024-06,ENQK,2,0,0,0,departures,0.0,0.0,heliport,61.08333,2.5,True,False,False
2024-06,OJAQ,2,0,0,0,departures,0.0,0.0,large_airport,29.611601,35.018101,True,True,True
2024-06,ENSF,2,0,0,0,departures,0.0,0.0,heliport,61.25518,1.85211,True,False,False
2024-06,ULWC,2,0,0,0,departures,0.0,0.0,medium_airport,59.273601532,38.0158004761,True,True,True
2024-06,UTFF,2,0,0,0,departures,0.0,0.0,,,,False,False,False
2024-06,UWOO,2,0,0,0,departures,0.0,0.0,medium_airport,51.792668,55.457229,False,True,False
2024-06,BGTL,2,0,0,0,departures,0.0,0.0,medium_airport,76.53063,-68.700541,False,True,False
2024-06,LTCM,2,0,0,0,departures,0.0,0.0,medium_airport,42.018313,35.071774,True,True,True
2024-06,UCFO,2,0,0,0,departures,0.0,0.0,,,,False,False,False
2024-06,CYOW,2,0,0,0,departures,0.0,0.0,large_airport,45.322498,-75.669197,False,True,False
2024-06,ENQB,2,0,0,0,departures,0.0,0.0,heliport,60.773899,3.50139,True,False,False
2024-06,ORNI,2,0,0,0,departures,0.0,0.0,large_airport,31.991116,44.405019,True,True,True
2024-06,CYYT,2,0,0,0,departures,0.0,0.0,large_airport,47.618599,-52.7519,False,True,False
2024-06,LPGR,2,2,0,0,departures,0.0,0.0,medium_airport,39.09220123291016,-28.029800415039062,False,True,False
2024-06,ENQS,2,0,0,0,departures,0.0,0.0,heliport,61.2961,1.90083,True,False,False
2024-06,EHBL,2,0,0,0,departures,0.0,0.0,heliport,55.284722,4.096667,True,False,False
2024-06,UDSG,2,0,0,0,departures,0.0,0.0,large_airport,40.750401,43.859299,True,True,True
2024-06,SKCL,2,0,0,0,departures,0.0,0.0,large_airport,3.542717,-76.381898,False,True,False
2024-06,DAUG,2,0,0,0,departures,0.0,0.0,medium_airport,32.384102,3.79411,True,True,True
2024-06,BITN,2,0,0,0,departures,0.0,0.0,small_airport,66.218459,-15.334739,True,False,False
2024-06,DAOI,2,1,1,1,departures,0.5,0.5,large_airport,36.216614,1.341114,True,True,True
2024-06,MKJP,2,0,0,0,departures,0.0,0.0,large_airport,17.935699462890625,-76.7874984741211,False,True,False
2024-06,GFLL,2,0,0,0,departures,0.0,0.0,large_airport,8.61644,-13.1955,False,True,False
2024-06,LSZS,2,1,0,0,departures,0.0,0.0,medium_airport,46.5341,9.88411,True,True,True
2024-06,EGTB,2,0,0,0,departures,0.0,0.0,small_airport,51.61177,-0.808316,True,False,False
2024-06,EIWT,2,0,0,0,departures,0.0,0.0,medium_airport,53.351622,-6.490357,True,True,True
2024-06,LFOH,2,1,1,1,departures,0.5,0.5,medium_airport,49.534038,0.088406,True,True,True
2024-06,ENUN,2,0,0,0,departures,0.0,0.0,heliport,67.0408,7.055,True,False,False
2024-06,FQMA,2,0,0,0,departures,0.0,0.0,large_airport,-25.920799,32.572601,False,True,False
2024-06,FEFF,2,0,0,0,departures,0.0,0.0,large_airport,4.39848,18.518801,False,True,False
2024-06,KGTB,2,0,0,0,departures,0.0,0.0,medium_airport,44.055599,-75.719498,False,True,False
2024-06,KHPN,2,0,0,0,departures,0.0,0.0,medium_airport,41.06700134277344,-73.70760345458984,False,True,False
2024-06,SBCF,2,0,0,0,departures,0.0,0.0,large_airport,-19.63571,-43.966928,False,True,False
2024-06,ENFB,2,0,0,0,departures,0.0,0.0,heliport,61.20639,1.82889,True,False,False
2024-06,LGKJ,2,0,0,0,departures,0.0,0.0,small_airport,36.141701,29.576401,True,False,False
2024-06,LGSO,2,0,0,0,arrivals,0.0,0.0,small_airport,37.4227981567,24.9508991241,True,False,False
2024-06,ENQE,2,0,0,0,arrivals,0.0,0.0,heliport,60.700001,2.933611,True,False,False
2024-06,LFOP,2,1,1,1,arrivals,0.5,0.5,medium_airport,49.384887,1.179142,True,True,True
2024-06,ZJHK,2,0,0,0,arrivals,0.0,0.0,large_airport,19.9349,110.459,False,True,False
2024-06,LKVO,2,2,1,1,arrivals,0.5,0.5,medium_airport,50.216599,14.3958,True,True,True
2024-06,TNCA,2,1,0,0,arrivals,0.0,0.0,large_airport,12.501056,-70.014281,False,True,False
2024-06,BIVO,2,0,0,0,arrivals,0.0,0.0,medium_airport,65.720596,-14.8506,True,True,True
2024-06,ZSAM,2,0,0,0,arrivals,0.0,0.0,large_airport,24.543889,118.127454,False,True,False
2024-06,URWA,2,0,0,0,arrivals,0.0,0.0,large_airport,46.282843,48.010511,True,True,True
2024-06,LCRA,2,2,1,1,arrivals,0.5,0.5,medium_airport,34.590401,32.9879,True,True,True
2024-06,LIRU,2,2,2,2,arrivals,1.0,1.0,medium_airport,41.952096,12.502231,True,True,True
2024-06,EHKJ,2,0,0,0,arrivals,0.0,0.0,heliport,53.72444,4.0975,True,False,False
2024-06,EKDF,2,0,0,0,arrivals,0.0,0.0,heliport,55.47809982299805,5.105527877807617,True,False,False
2024-06,ENSE,2,0,0,0,arrivals,0.0,0.0,heliport,61.4489,2.1425,True,False,False
2024-06,ESOK,2,1,1,1,arrivals,0.5,0.5,medium_airport,59.444698,13.3374,True,True,True
2024-06,LESA,2,1,1,1,arrivals,0.5,0.5,medium_airport,40.952099,-5.50199,True,True,True
2024-06,EGVN,2,0,0,0,arrivals,0.0,0.0,medium_airport,51.75,-1.58362,True,True,True
2024-06,LFLU,2,2,2,2,arrivals,1.0,1.0,medium_airport,44.9216,4.9699,True,True,True
2024-06,DAUH,2,0,0,0,arrivals,0.0,0.0,medium_airport,31.673,6.14044,True,True,True
2024-06,EHJF,2,0,0,0,arrivals,0.0,0.0,heliport,53.69556,3.33889,True,False,False
2024-06,EHJA,2,0,0,0,arrivals,0.0,0.0,heliport,53.82333,2.94389,True,False,False
2024-06,FMMI,2,0,0,0,arrivals,0.0,0.0,large_airport,-18.7969,47.478802,False,True,False
2024-06,FCPP,2,0,0,0,arrivals,0.0,0.0,large_airport,-4.81603,11.8866,False,True,False
2024-06,EFKS,2,0,0,0,arrivals,0.0,0.0,medium_airport,65.987602,29.239401,True,True,True
2024-06,EHGQ,2,0,0,0,arrivals,0.0,0.0,heliport,54.04917,5.43194,True,False,False
2024-06,UWSG,2,1,1,1,arrivals,0.5,0.5,large_airport,51.712778,46.171111,True,True,True
2024-06,VOCI,2,0,0,0,arrivals,0.0,0.0,large_airport,10.151047,76.400838,False,True,False
2024-06,VAAH,2,0,0,0,arrivals,0.0,0.0,large_airport,23.0772,72.634697,False,True,False
2024-06,OJAQ,2,0,0,0,arrivals,0.0,0.0,large_airport,29.611601,35.018101,True,True,True
2024-06,ULWC,2,0,0,0,arrivals,0.0,0.0,medium_airport,59.273601532,38.0158004761,True,True,True
2024-06,SBSG,2,0,0,0,arrivals,0.0,0.0,large_airport,-5.769822,-35.36661,False,True,False
2024-06,UTFF,2,0,0,0,arrivals,0.0,0.0,,,,False,False,False
2024-06,UWOO,2,0,0,0,arrivals,0.0,0.0,medium_airport,51.792668,55.457229,False,True,False
2024-06,DTTX,2,0,0,0,arrivals,0.0,0.0,medium_airport,34.717999,10.691,True,True,True
2024-06,ENQO,2,0,0,0,arrivals,0.0,0.0,heliport,60.389702,2.795556,True,False,False
2024-06,LTCM,2,0,0,0,arrivals,0.0,0.0,medium_airport,42.018313,35.071774,True,True,True
2024-06,ENUK,2,0,0,0,arrivals,0.0,0.0,heliport,65.064144,6.725689,True,False,False
2024-06,ORNI,2,0,0,0,arrivals,0.0,0.0,large_airport,31.991116,44.405019,True,True,True
2024-06,ENOC,2,0,0,0,arrivals,0.0,0.0,heliport,60.6078,2.77444,True,False,False
2024-06,EGNL,2,1,1,2,arrivals,0.5,1.0,medium_airport,54.1286111,-3.2675,True,True,True
2024-06,UAIT,2,0,0,0,arrivals,0.0,0.0,large_airport,43.311087,68.550352,False,True,False
2024-06,LSMP,2,1,0,1,arrivals,0.0,0.5,medium_airport,46.8432,6.91506,True,True,True
2024-06,UDSG,2,0,0,0,arrivals,0.0,0.0,large_airport,40.750401,43.859299,True,True,True
2024-06,ENBE,2,0,0,0,arrivals,0.0,0.0,heliport,59.190601,2.35806,True,False,False
2024-06,DAOI,2,0,0,0,arrivals,0.0,0.0,large_airport,36.216614,1.341114,True,True,True
2024-06,LFLI,2,1,1,1,arrivals,0.5,0.5,medium_airport,46.192001,6.26839,True,True,True
2024-06,CYMX,2,0,0,0,arrivals,0.0,0.0,medium_airport,45.679501,-74.038696,False,True,False
2024-06,ENUG,2,0,0,0,arrivals,0.0,0.0,heliport,71.3,22.25,False,False,False
2024-06,ZYTX,2,0,0,0,arrivals,0.0,0.0,large_airport,41.6398,123.483668,False,True,False
2024-06,FMCZ,2,0,0,0,arrivals,0.0,0.0,large_airport,-12.809319,45.281815,False,True,False
2024-06,MKJP,2,0,0,0,arrivals,0.0,0.0,large_airport,17.935699462890625,-76.7874984741211,False,True,False
2024-06,EHFB,2,0,0,0,arrivals,0.0,0.0,heliport,54.94444,4.5725,True,False,False
2024-06,EGFE,2,0,0,1,arrivals,0.0,0.5,medium_airport,51.833099365234375,-4.9611101150512695,True,True,True
2024-06,EKSI,2,0,0,0,arrivals,0.0,0.0,heliport,56.48271560668945,4.911110877990723,True,False,False
2024-06,KGSP,2,0,0,0,arrivals,0.0,0.0,medium_airport,34.895699,-82.218903,False,True,False
2024-06,ETMN,2,1,1,1,arrivals,0.5,0.5,medium_airport,53.767689,8.659201,True,True,True
2024-06,TLPL,2,0,0,0,arrivals,0.0,0.0,large_airport,13.7332,-60.952599,False,True,False
2024-06,SACO,2,0,0,0,arrivals,0.0,0.0,large_airport,-31.312346,-64.208329,False,True,False
2024-06,LFQG,2,0,0,0,arrivals,0.0,0.0,medium_airport,47.002913,3.113114,True,True,True
2024-06,DRRN,2,0,0,0,arrivals,0.0,0.0,large_airport,13.4815,2.18361,False,True,False
2024-06,EHGN,2,0,0,0,arrivals,0.0,0.0,heliport,54.22389,5.49861,True,False,False
2024-06,EGTF,2,2,0,0,arrivals,0.0,0.0,small_airport,51.348099,-0.558889,True,False,False
2024-06,LPBG,2,1,0,0,arrivals,0.0,0.0,medium_airport,41.8578,-6.70713,True,True,True
2024-06,SBCF,2,0,0,0,arrivals,0.0,0.0,large_airport,-19.63571,-43.966928,False,True,False
2024-06,LHKK,2,0,0,0,arrivals,0.0,0.0,small_airport,47.174484,19.077501,True,False,False
2024-06,CYEG,2,0,0,0,arrivals,0.0,0.0,large_airport,53.3097,-113.580002,False,True,False
2024-06,SEGU,2,0,0,0,arrivals,0.0,0.0,large_airport,-2.15742,-79.883598,False,True,False
2024-06,ESOW,2,2,2,2,arrivals,1.0,1.0,large_airport,59.589401,16.6336,True,True,True
2024-06,EHTW,2,1,1,1,arrivals,0.5,0.5,medium_airport,52.275833,6.889167,True,True,True
2024-06,KBGR,2,0,0,0,arrivals,0.0,0.0,medium_airport,44.806364,-68.826668,False,True,False
2024-06,WADD,2,0,0,0,arrivals,0.0,0.0,large_airport,-8.748409,115.167123,False,True,False
2024-06,GMAT,2,0,0,0,arrivals,0.0,0.0,medium_airport,28.447563,-11.161749,True,True,True
2024-06,ENWE,2,0,0,0,arrivals,0.0,0.0,heliport,58.8425,2.24722,True,False,False
2024-06,KFOK,2,0,0,0,arrivals,0.0,0.0,small_airport,40.8437004089,-72.6317977905,False,False,False
2024-06,EDMS,2,1,0,0,arrivals,0.0,0.0,small_airport,48.900833,12.516667,True,False,False
2024-06,ENLA,2,0,0,0,arrivals,0.0,0.0,heliport,57.111667,2.846667,True,False,False
2024-06,EDQM,2,1,0,0,arrivals,0.0,0.0,medium_airport,50.288544,11.852876,True,True,True
2024-06,EKHB,2,0,0,0,arrivals,0.0,0.0,heliport,55.538612365722656,5.033332824707031,True,False,False
2024-06,KSAT,2,0,0,0,arrivals,0.0,0.0,large_airport,29.533701,-98.469803,False,True,False
2024-06,EDRZ,2,0,0,0,arrivals,0.0,0.0,small_airport,49.2094,7.40056,True,False,False
2024-06,MUVR,2,0,0,0,arrivals,0.0,0.0,large_airport,23.034401,-81.435303,False,True,False
2024-06,KSTL,2,0,0,0,arrivals,0.0,0.0,large_airport,38.748697,-90.370003,False,True,False
2024-06,ENQJ,2,0,0,0,arrivals,0.0,0.0,heliport,61.33167,3.895,True,False,False
2024-06,EVGA,2,0,0,0,arrivals,0.0,0.0,small_airport,56.778301,24.853901,True,False,False
2024-06,BGTL,2,0,0,0,arrivals,0.0,0.0,medium_airport,76.53063,-68.700541,False,True,False
2024-06,UCFO,2,0,0,0,arrivals,0.0,0.0,,,,False,False,False
2024-06,GLRB,2,0,0,0,arrivals,0.0,0.0,large_airport,6.23379,-10.3623,False,True,False
2024-06,ESSP,2,0,0,0,arrivals,0.0,0.0,medium_airport,58.58629989624024,16.250600814819336,True,True,True
2024-06,LPGR,2,2,0,0,arrivals,0.0,0.0,medium_airport,39.09220123291016,-28.029800415039062,False,True,False
2024-06,BITN,2,0,0,0,arrivals,0.0,0.0,small_airport,66.218459,-15.334739,True,False,False
2024-06,ZSCN,2,0,0,0,arrivals,0.0,0.0,large_airport,28.864815,115.90271,False,True,False
2024-06,BGSS,2,0,0,0,arrivals,0.0,0.0,medium_airport,66.951302,-53.729301,False,True,False
2024-06,LSZS,2,2,0,0,arrivals,0.0,0.0,medium_airport,46.5341,9.88411,True,True,True
2024-06,EHFR,2,0,0,0,arrivals,0.0,0.0,heliport,53.81083,4.35111,True,False,False
2024-06,LFOH,2,1,1,1,arrivals,0.5,0.5,medium_airport,49.534038,0.088406,True,True,True
2024-06,BGUK,2,0,0,0,arrivals,0.0,0.0,small_airport,72.790199,-56.1306,False,False,False
2024-06,ENUN,2,0,0,0,arrivals,0.0,0.0,heliport,67.0408,7.055,True,False,False
2024-06,FQMA,2,0,0,0,arrivals,0.0,0.0,large_airport,-25.920799,32.572601,False,True,False
2024-06,ENWA,2,0,0,0,arrivals,0.0,0.0,heliport,59.566667,1.991667,True,False,False
2024-06,KBED,2,0,0,0,arrivals,0.0,0.0,medium_airport,42.470001,-71.289001,False,True,False
2024-06,EFKT,2,0,0,0,arrivals,0.0,0.0,large_airport,67.700996,24.8468,True,True,True
2024-06,KHPN,2,0,0,0,arrivals,0.0,0.0,medium_airport,41.06700134277344,-73.70760345458984,False,True,False
2024-06,EGBP,2,1,0,0,arrivals,0.0,0.0,small_airport,51.668528,-2.056599,True,False,False
2024-06,EDFE,2,1,1,1,arrivals,0.5,0.5,medium_airport,49.96,8.643043,True,True,True
2024-06,LHPR,2,0,0,0,arrivals,0.0,0.0,medium_airport,47.628436,17.804718,True,True,True
2024-06,EGXC,1,1,1,1,departures,1.0,1.0,medium_airport,53.092999,-0.166014,True,True,True
2024-06,LFMQ,1,1,1,1,departures,1.0,1.0,medium_airport,43.252499,5.78519,True,True,True
2024-06,UUBC,1,0,0,0,departures,0.0,0.0,medium_airport,54.5499992371,36.3666687012,True,True,True
2024-06,EHMG,1,0,0,0,departures,0.0,0.0,heliport,53.61444,4.96028,True,False,False
2024-06,LIRU,1,1,1,1,departures,1.0,1.0,medium_airport,41.952096,12.502231,True,True,True
2024-06,UBBL,1,0,0,0,departures,0.0,0.0,small_airport,38.757919,48.807042,True,False,False
2024-06,GOOY,1,0,0,0,departures,0.0,0.0,large_airport,14.742337,-17.479222,False,True,False
2024-06,EDAV,1,0,0,0,departures,0.0,0.0,small_airport,52.826313,13.701324,True,False,False
2024-06,KRSW,1,0,0,0,departures,0.0,0.0,large_airport,26.534685,-81.752816,False,True,False
2024-06,KNUQ,1,0,0,0,departures,0.0,0.0,medium_airport,37.4161,-122.049004,False,True,False
2024-06,KPSM,1,0,0,0,departures,0.0,0.0,medium_airport,43.0779,-70.823303,False,True,False
2024-06,LFQA,1,0,0,0,departures,0.0,0.0,small_airport,49.208698,4.15658,True,False,False
2024-06,LFGF,1,0,0,0,departures,0.0,0.0,small_airport,47.005901,4.89342,True,False,False
2024-06,LFLH,1,1,0,0,departures,0.0,0.0,small_airport,46.825813,4.817646,True,False,False
2024-06,LFEV,1,0,0,0,departures,0.0,0.0,small_airport,47.431659,5.61775,True,False,False
2024-06,LFSG,1,0,0,0,departures,0.0,0.0,medium_airport,48.325001,6.06998,True,True,True
2024-06,HJJJ,1,0,0,0,departures,0.0,0.0,large_airport,4.87201,31.601101,False,True,False
2024-06,KSAT,1,0,0,0,departures,0.0,0.0,large_airport,29.533701,-98.469803,False,True,False
2024-06,EHLU,1,0,0,0,departures,0.0,0.0,heliport,53.64,4.5625,True,False,False
2024-06,EKAF,1,0,0,0,departures,0.0,0.0,heliport,55.7905,3.9925,True,False,False
2024-06,ENUE,1,0,0,0,departures,0.0,0.0,heliport,64.271111,7.201389,True,False,False
2024-06,LFAQ,1,0,0,0,departures,0.0,0.0,small_airport,49.970049,2.693939,True,False,False
2024-06,ENQM,1,0,0,0,departures,0.0,0.0,heliport,60.5075,2.01472,True,False,False
2024-06,LFPT,1,0,0,0,departures,0.0,0.0,medium_airport,49.096064,2.035543,True,True,True
2024-06,EBMB,1,1,0,0,departures,0.0,0.0,small_airport,50.913419,4.491005,True,False,False
2024-06,LIPN,1,0,0,0,departures,0.0,0.0,small_airport,45.472,10.9279,True,False,False
2024-06,KAEX,1,0,0,0,departures,0.0,0.0,medium_airport,31.325828,-92.546702,False,True,False
2024-06,OEYN,1,0,0,0,departures,0.0,0.0,large_airport,24.144199,38.0634,False,True,False
2024-06,LRTC,1,0,0,0,departures,0.0,0.0,medium_airport,45.0625,28.7143,True,True,True
2024-06,HEAL,1,0,0,0,departures,0.0,0.0,large_airport,30.924324,28.46161,True,True,True
2024-06,EHKS,1,0,0,0,departures,0.0,0.0,heliport,53.27556,3.87167,True,False,False
2024-06,EHQT,1,0,0,0,departures,0.0,0.0,heliport,52.19111,4.13638,True,False,False
2024-06,OETF,1,0,0,0,departures,0.0,0.0,large_airport,21.484739,40.544074,False,True,False
2024-06,ZLXY,1,0,0,0,departures,0.0,0.0,large_airport,34.442207,108.762385,False,True,False
2024-06,KAFW,1,0,0,0,departures,0.0,0.0,medium_airport,32.99044,-97.31947,False,True,False
2024-06,UTSB,1,0,0,0,departures,0.0,0.0,large_airport,39.775319,64.482279,False,True,False
2024-06,ZYTX,1,0,0,0,departures,0.0,0.0,large_airport,41.6398,123.483668,False,True,False
2024-06,LJPZ,1,1,1,1,departures,1.0,1.0,medium_airport,45.47201,13.615951,True,True,True
2024-06,ENQL,1,0,0,0,departures,0.0,0.0,heliport,60.49833,2.07333,True,False,False
2024-06,ZSNB,1,0,0,0,departures,0.0,0.0,large_airport,29.82670021057129,121.46199798583984,False,True,False
2024-06,BIHN,1,0,0,0,departures,0.0,0.0,medium_airport,64.295601,-15.2272,True,True,True
2024-06,EHFB,1,0,0,0,departures,0.0,0.0,heliport,54.94444,4.5725,True,False,False
2024-06,EHFO,1,0,0,0,departures,0.0,0.0,heliport,54.21583,4.82722,True,False,False
2024-06,GMMD,1,0,0,0,departures,0.0,0.0,large_airport,32.401895,-6.315905,True,True,True
2024-06,LDLO,1,0,0,0,departures,0.0,0.0,small_airport,44.566985,14.393883,True,False,False
2024-06,LKLN,1,1,1,1,departures,1.0,1.0,medium_airport,49.675201,13.2746,True,True,True
2024-06,EHER,1,0,0,0,departures,0.0,0.0,,,,False,False,False
2024-06,MMTO,1,0,0,0,departures,0.0,0.0,large_airport,19.3369,-99.56583,False,True,False
2024-06,ENDP,1,0,0,0,departures,0.0,0.0,heliport,58.188099,2.47111,True,False,False
2024-06,ZSQD,1,0,0,0,departures,0.0,0.0,large_airport,36.361953,120.088171,False,True,False
2024-06,EHGN,1,0,0,0,departures,0.0,0.0,heliport,54.22389,5.49861,True,False,False
2024-06,LSZG,1,0,0,0,departures,0.0,0.0,medium_airport,47.181599,7.41719,True,True,True
2024-06,EGTF,1,1,0,0,departures,0.0,0.0,small_airport,51.348099,-0.558889,True,False,False
2024-06,KCLE,1,0,0,0,departures,0.0,0.0,large_airport,41.411701,-81.8498,False,True,False
2024-06,USKK,1,0,0,0,departures,0.0,0.0,medium_airport,58.503883,49.347831,True,True,True
2024-06,EDFE,1,1,1,2,departures,1.0,2.0,medium_airport,49.96,8.643043,True,True,True
2024-06,HHAS,1,0,0,0,departures,0.0,0.0,medium_airport,15.2919,38.910702,False,True,False
2024-06,BGQQ,1,0,0,0,departures,0.0,0.0,medium_airport,77.488602,-69.388702,False,True,False
2024-06,KCHS,1,0,0,0,departures,0.0,0.0,large_airport,32.896159,-80.038151,False,True,False
2024-06,LHSM,1,1,1,1,departures,1.0,1.0,medium_airport,46.686391,17.159084,True,True,True
2024-06,RJGG,1,0,0,0,departures,0.0,0.0,large_airport,34.858398,136.804993,False,True,False
2024-06,TNCA,1,0,0,0,departures,0.0,0.0,large_airport,12.501056,-70.014281,False,True,False
2024-06,LFPV,1,1,1,1,departures,1.0,1.0,medium_airport,48.774406,2.203102,True,True,True
2024-06,LEDA,1,0,0,0,departures,0.0,0.0,medium_airport,41.728185,0.535023,True,True,True
2024-06,TNCM,1,0,0,0,departures,0.0,0.0,large_airport,18.041,-63.108898,False,True,False
2024-06,EHFQ,1,0,0,0,departures,0.0,0.0,heliport,53.96056,4.49611,True,False,False
2024-06,EDXJ,1,0,0,0,departures,0.0,0.0,small_airport,54.5099983215,9.13833332062,True,False,False
2024-06,MRLB,1,0,0,0,departures,0.0,0.0,large_airport,10.5933,-85.544403,False,True,False
2024-06,KILG,1,0,0,0,departures,0.0,0.0,medium_airport,39.678699,-75.606499,False,True,False
2024-06,ZSNJ,1,0,0,0,departures,0.0,0.0,large_airport,31.735032,118.865949,False,True,False
2024-06,LESA,1,0,0,0,departures,0.0,0.0,medium_airport,40.952099,-5.50199,True,True,True
2024-06,OMAM,1,0,0,0,departures,0.0,0.0,medium_airport,24.248199462900004,54.5476989746,False,True,False
2024-06,VDPP,1,0,0,0,departures,0.0,0.0,large_airport,11.547155,104.844699,False,True,False
2024-06,PAED,1,0,0,0,departures,0.0,0.0,medium_airport,61.251709,-149.807097,False,True,False
2024-06,HLLQ,1,0,0,0,departures,0.0,0.0,large_airport,32.789036,21.954864,True,True,True
2024-06,UUYY,1,0,0,0,departures,0.0,0.0,medium_airport,61.64699935913086,50.84510040283203,False,True,False
2024-06,KBCT,1,0,0,0,departures,0.0,0.0,medium_airport,26.3785,-80.107697,False,True,False
2024-06,LFRI,1,0,0,0,departures,0.0,0.0,medium_airport,46.7019,-1.37863,True,True,True
2024-06,ENWK,1,0,0,0,departures,0.0,0.0,heliport,58.57139,1.69528,True,False,False
2024-06,EHJF,1,0,0,0,departures,0.0,0.0,heliport,53.69556,3.33889,True,False,False
2024-06,LKKU,1,1,1,1,departures,1.0,1.0,medium_airport,49.0294,17.439699,True,True,True
2024-06,LKHK,1,0,0,0,departures,0.0,0.0,small_airport,50.253201,15.8452,True,False,False
2024-06,KDAB,1,0,0,0,departures,0.0,0.0,medium_airport,29.18255,-81.059464,False,True,False
2024-06,DTTZ,1,0,0,0,departures,0.0,0.0,medium_airport,33.939701080322266,8.110560417175293,True,True,True
2024-06,EHPG,1,0,0,0,departures,0.0,0.0,heliport,52.35998,3.34192,True,False,False
2024-06,CYYR,1,0,0,0,departures,0.0,0.0,medium_airport,53.3191986084,-60.4258003235,False,True,False
2024-06,FHAW,1,0,0,0,departures,0.0,0.0,medium_airport,-7.970179,-14.392744,False,True,False
2024-06,LKKB,1,0,0,0,departures,0.0,0.0,medium_airport,50.121399,14.5436,True,True,True
2024-06,OETB,1,0,0,0,departures,0.0,0.0,large_airport,28.3711,36.624865,True,True,True
2024-06,UWLL,1,0,0,0,departures,0.0,0.0,medium_airport,54.27016,48.225569,True,True,True
2024-06,ULPB,1,0,0,0,departures,0.0,0.0,medium_airport,61.885201,34.154701,True,True,True
2024-06,LGKZ,1,0,0,0,departures,0.0,0.0,medium_airport,40.286098,21.840799,True,True,True
2024-06,UNOO,1,0,0,0,departures,0.0,0.0,large_airport,54.963124,73.312418,False,True,False
2024-06,VOCI,1,0,0,0,departures,0.0,0.0,large_airport,10.151047,76.400838,False,True,False
2024-06,VAAH,1,0,0,0,departures,0.0,0.0,large_airport,23.0772,72.634697,False,True,False
2024-06,CYQB,1,0,0,0,departures,0.0,0.0,large_airport,46.7911,-71.393303,False,True,False
2024-06,EHMA,1,0,0,0,departures,0.0,0.0,heliport,53.4911,5.9413,True,False,False
2024-06,FSIA,1,0,0,0,departures,0.0,0.0,large_airport,-4.67434,55.521801,False,True,False
2024-06,ENXK,1,0,0,0,departures,0.0,0.0,heliport,56.56529998779297,3.204720020294189,True,False,False
2024-06,FMNN,1,0,0,0,departures,0.0,0.0,large_airport,-13.3121,48.3148,False,True,False
2024-06,LFGA,1,1,1,1,departures,1.0,1.0,medium_airport,48.109901,7.35901,True,True,True
2024-06,UGSA,1,0,0,0,departures,0.0,0.0,small_airport,41.921198,44.714186,True,False,False
2024-06,CYWG,1,0,0,0,departures,0.0,0.0,large_airport,49.9099998474,-97.2398986816,False,True,False
2024-06,OMAL,1,0,0,0,departures,0.0,0.0,large_airport,24.2617,55.6092,False,True,False
2024-06,KSJC,1,0,0,0,departures,0.0,0.0,large_airport,37.362452,-121.929188,False,True,False
2024-06,FTTJ,1,0,0,0,departures,0.0,0.0,large_airport,12.1337,15.034,False,True,False
2024-06,KRFD,1,0,0,0,departures,0.0,0.0,medium_airport,42.1954,-89.097198,False,True,False
2024-06,LOIJ,1,0,0,0,departures,0.0,0.0,small_airport,47.5201,12.4497,True,False,False
2024-06,ENQO,1,0,0,0,departures,0.0,0.0,heliport,60.389702,2.795556,True,False,False
2024-06,MBPV,1,0,0,0,departures,0.0,0.0,large_airport,21.773697,-72.268321,False,True,False
2024-06,EHKE,1,0,0,0,departures,0.0,0.0,heliport,53.69833,3.86889,True,False,False
2024-06,LFRE,1,0,0,0,departures,0.0,0.0,medium_airport,47.289398,-2.34639,True,True,True
2024-06,LJMB,1,1,1,1,departures,1.0,1.0,medium_airport,46.4799,15.6861,True,True,True
2024-06,EDWI,1,0,0,0,departures,0.0,0.0,small_airport,53.50222,8.052222,True,False,False
2024-06,LFDI,1,0,0,0,departures,0.0,0.0,small_airport,44.98347,-0.138359,True,False,False
2024-06,EDLE,1,1,0,0,departures,0.0,0.0,small_airport,51.402302,6.93733,True,False,False
2024-06,MDLR,1,0,0,0,departures,0.0,0.0,large_airport,18.452222,-68.911111,False,True,False
2024-06,BIGJ,1,0,0,0,departures,0.0,0.0,small_airport,65.9953,-21.3269,True,False,False
2024-06,URMT,1,1,1,1,departures,1.0,1.0,medium_airport,45.10919952392578,42.11280059814453,True,True,True
2024-06,ETAR,1,1,1,1,departures,1.0,1.0,medium_airport,49.436901,7.60028,True,True,True
2024-06,EGCM,1,0,0,0,departures,0.0,0.0,,,,False,False,False
2024-06,GMAZ,1,0,0,0,departures,0.0,0.0,large_airport,30.265788,-5.860808,True,True,True
2024-06,LFBA,1,0,0,0,departures,0.0,0.0,medium_airport,44.174171,0.59309,True,True,True
2024-06,LPVZ,1,1,0,0,departures,0.0,0.0,medium_airport,40.725498,-7.88899,True,True,True
2024-06,EHKG,1,0,0,0,departures,0.0,0.0,heliport,53.675,3.82833,True,False,False
2024-06,DAAV,1,0,0,0,departures,0.0,0.0,large_airport,36.794125,5.873652,True,True,True
2024-06,EDTL,1,1,1,1,departures,1.0,1.0,medium_airport,48.369301,7.82772,True,True,True
2024-06,EDAE,1,0,0,0,departures,0.0,0.0,small_airport,52.197199,14.585696,True,False,False
2024-06,HSPN,1,0,0,0,departures,0.0,0.0,large_airport,19.434558,37.234125,False,True,False
2024-06,OMFJ,1,0,0,0,departures,0.0,0.0,large_airport,25.108411,56.328061,False,True,False
2024-06,ENNE,1,0,0,0,departures,0.0,0.0,heliport,66.03333,8.08333,True,False,False
2024-06,DTKA,1,0,0,0,departures,0.0,0.0,medium_airport,36.98,8.87694,True,True,True
2024-06,UKLU,1,0,0,0,departures,0.0,0.0,large_airport,48.6343,22.263399,True,True,True
2024-06,RKSM,1,0,0,0,departures,0.0,0.0,medium_airport,37.444744,127.112718,False,True,False
2024-06,USII,1,0,0,0,departures,0.0,0.0,medium_airport,56.834524,53.462172,False,True,False
2024-06,LPBJ,1,0,0,0,departures,0.0,0.0,medium_airport,38.078899,-7.9324,True,True,True
2024-06,LIPV,1,1,0,0,departures,0.0,0.0,small_airport,45.428779,12.388733,True,False,False
2024-06,EHKX,1,0,0,0,departures,0.0,0.0,heliport,53.42278,3.96028,True,False,False
2024-06,EGFE,1,1,1,1,departures,1.0,1.0,medium_airport,51.833099365234375,-4.9611101150512695,True,True,True
2024-06,EGQS,1,0,0,0,departures,0.0,0.0,medium_airport,57.7052,-3.33917,True,True,True
2024-06,ENWR,1,0,0,0,departures,0.0,0.0,heliport,58.58333,1.73278,True,False,False
2024-06,LPPM,1,1,0,0,departures,0.0,0.0,medium_airport,37.1493,-8.58396,True,True,True
2024-06,LLOV,1,0,0,0,departures,0.0,0.0,small_airport,29.9403,34.935799,True,False,False
2024-06,KDAL,1,0,0,0,departures,0.0,0.0,large_airport,32.844776,-96.847653,False,True,False
2024-06,MUCU,1,0,0,0,departures,0.0,0.0,large_airport,19.97474,-75.835504,False,True,False
2024-06,KBUF,1,0,0,0,departures,0.0,0.0,large_airport,42.940498,-78.732201,False,True,False
2024-06,KGPI,1,0,0,0,departures,0.0,0.0,medium_airport,48.310501,-114.255997,False,True,False
2024-06,LFOV,1,0,0,0,departures,0.0,0.0,medium_airport,48.032208,-0.743999,True,True,True
2024-06,EDRK,1,0,0,0,departures,0.0,0.0,small_airport,50.325558,7.528611,True,False,False
2024-06,UUBI,1,0,0,0,departures,0.0,0.0,medium_airport,56.93939971923828,40.940799713134766,True,True,True
2024-06,ENWA,1,0,0,0,departures,0.0,0.0,heliport,59.566667,1.991667,True,False,False
2024-06,SACO,1,0,0,0,departures,0.0,0.0,large_airport,-31.312346,-64.208329,False,True,False
2024-06,VNKT,1,0,0,0,departures,0.0,0.0,large_airport,27.6966,85.3591,False,True,False
2024-06,UMGG,1,0,0,0,departures,0.0,0.0,medium_airport,52.527000427246094,31.016700744628903,True,True,True
2024-06,ZHHH,1,0,0,0,departures,0.0,0.0,large_airport,30.774798,114.213723,False,True,False
2024-06,OENN,1,0,0,0,departures,0.0,0.0,large_airport,27.924261,35.29358,True,True,True
2024-06,KSBA,1,0,0,0,departures,0.0,0.0,medium_airport,34.426201,-119.839996,False,True,False
2024-06,ESGT,1,0,0,0,departures,0.0,0.0,medium_airport,58.31809997558594,12.345000267028809,True,True,True
2024-06,EHJM,1,0,0,0,departures,0.0,0.0,heliport,53.49944,3.36889,True,False,False
2024-06,LRAR,1,0,0,0,departures,0.0,0.0,medium_airport,46.176136,21.264322,True,True,True
2024-06,EFLP,1,0,0,0,departures,0.0,0.0,large_airport,61.044601,28.144743,True,True,True
2024-06,KFLL,1,0,0,0,departures,0.0,0.0,large_airport,26.072599,-80.152702,False,True,False
2024-06,MHPR,1,0,0,0,departures,0.0,0.0,,,,False,False,False
2024-06,LPBG,1,0,0,0,departures,0.0,0.0,medium_airport,41.8578,-6.70713,True,True,True
2024-06,EDAY,1,0,0,0,departures,0.0,0.0,small_airport,52.580555,13.916667,True,False,False
2024-06,LGKA,1,0,0,0,departures,0.0,0.0,small_airport,40.446301,21.2822,True,False,False
2024-06,EGBP,1,0,0,0,departures,0.0,0.0,small_airport,51.668528,-2.056599,True,False,False
2024-06,KMRY,1,0,0,0,departures,0.0,0.0,medium_airport,36.586777,-121.844183,False,True,False
2024-06,ULOO,1,1,0,0,departures,0.0,0.0,medium_airport,57.781316,28.39384,True,True,True
2024-06,MHLM,1,0,0,0,departures,0.0,0.0,large_airport,15.4526,-87.923599,False,True,False
2024-06,HTKJ,1,0,0,0,departures,0.0,0.0,large_airport,-3.427049,37.07353,False,True,False
2024-06,UWKE,1,0,0,0,departures,0.0,0.0,medium_airport,55.564701,52.092499,False,True,False
2024-06,KCHS,1,0,0,0,arrivals,0.0,0.0,large_airport,32.896159,-80.038151,False,True,False
2024-06,LFAV,1,0,0,0,arrivals,0.0,0.0,medium_airport,50.327823,3.461061,True,True,True
2024-06,RJGG,1,0,0,0,arrivals,0.0,0.0,large_airport,34.858398,136.804993,False,True,False
2024-06,ENQV,1,0,0,0,arrivals,0.0,0.0,heliport,61.36972,2.45722,True,False,False
2024-06,KPDK,1,0,0,0,arrivals,0.0,0.0,medium_airport,33.87633,-84.30213,False,True,False
2024-06,LFRC,1,0,0,0,arrivals,0.0,0.0,medium_airport,49.650101,-1.47028,True,True,True
2024-06,FCOD,1,0,0,0,arrivals,0.0,0.0,medium_airport,-1.226666,15.91,False,True,False
2024-06,MUHG,1,0,0,0,arrivals,0.0,0.0,large_airport,20.785148,-76.315526,False,True,False
2024-06,LKKU,1,1,1,4,arrivals,1.0,4.0,medium_airport,49.0294,17.439699,True,True,True
2024-06,CYYR,1,0,0,0,arrivals,0.0,0.0,medium_airport,53.3191986084,-60.4258003235,False,True,False
2024-06,KALB,1,0,0,0,arrivals,0.0,0.0,large_airport,42.748299,-73.801697,False,True,False
2024-06,LFQA,1,0,0,0,arrivals,0.0,0.0,small_airport,49.208698,4.15658,True,False,False
2024-06,LFGF,1,1,0,0,arrivals,0.0,0.0,small_airport,47.005901,4.89342,True,False,False
2024-06,LFRD,1,0,0,0,arrivals,0.0,0.0,medium_airport,48.5877,-2.07996,True,True,True
2024-06,LFLH,1,0,0,0,arrivals,0.0,0.0,small_airport,46.825813,4.817646,True,False,False
2024-06,LZZI,1,1,0,0,arrivals,0.0,0.0,medium_airport,49.233292,18.613386,True,True,True
2024-06,KBFI,1,0,0,0,arrivals,0.0,0.0,medium_airport,47.527042,-122.29995,False,True,False
2024-06,KSHV,1,0,0,0,arrivals,0.0,0.0,medium_airport,32.446602,-93.8256,False,True,False
2024-06,LFSG,1,0,0,0,arrivals,0.0,0.0,medium_airport,48.325001,6.06998,True,True,True
2024-06,UWLL,1,0,0,0,arrivals,0.0,0.0,medium_airport,54.27016,48.225569,True,True,True
2024-06,ULPB,1,0,0,0,arrivals,0.0,0.0,medium_airport,61.885201,34.154701,True,True,True
2024-06,EDGE,1,1,1,3,arrivals,1.0,3.0,medium_airport,50.991604,10.47973,True,True,True
2024-06,ENWI,1,0,0,0,arrivals,0.0,0.0,heliport,58.92222,2.19778,True,False,False
2024-06,ENXZ,1,0,0,0,arrivals,0.0,0.0,heliport,58.416698,1.71667,True,False,False
2024-06,MYGF,1,0,0,0,arrivals,0.0,0.0,large_airport,26.557996,-78.695583,False,True,False
2024-06,EKAF,1,0,0,0,arrivals,0.0,0.0,heliport,55.7905,3.9925,True,False,False
2024-06,TNCB,1,0,0,0,arrivals,0.0,0.0,large_airport,12.131,-68.268501,False,True,False
2024-06,LFAQ,1,1,0,0,arrivals,0.0,0.0,small_airport,49.970049,2.693939,True,False,False
2024-06,UGSA,1,0,0,0,arrivals,0.0,0.0,small_airport,41.921198,44.714186,True,False,False
2024-06,TAPA,1,0,0,0,arrivals,0.0,0.0,large_airport,17.1367,-61.792702,False,True,False
2024-06,ENQM,1,0,0,0,arrivals,0.0,0.0,heliport,60.5075,2.01472,True,False,False
2024-06,EDFB,1,0,0,0,arrivals,0.0,0.0,small_airport,50.337973,8.878984,True,False,False
2024-06,EDAH,1,1,1,1,arrivals,1.0,1.0,medium_airport,53.8787,14.1523,True,True,True
2024-06,MDLR,1,0,0,0,arrivals,0.0,0.0,large_airport,18.452222,-68.911111,False,True,False
2024-06,BIGJ,1,0,0,0,arrivals,0.0,0.0,small_airport,65.9953,-21.3269,True,False,False
2024-06,KGON,1,0,0,0,arrivals,0.0,0.0,medium_airport,41.330101,-72.045097,False,True,False
2024-06,HESN,1,0,0,0,arrivals,0.0,0.0,large_airport,23.961075,32.820382,False,True,False
2024-06,EHPK,1,0,0,0,arrivals,0.0,0.0,heliport,52.29028,3.81611,True,False,False
2024-06,EHKS,1,0,0,0,arrivals,0.0,0.0,heliport,53.27556,3.87167,True,False,False
2024-06,KPOB,1,0,0,0,arrivals,0.0,0.0,medium_airport,35.170898,-79.014503,False,True,False
2024-06,SKCL,1,0,0,0,arrivals,0.0,0.0,large_airport,3.542717,-76.381898,False,True,False
2024-06,MYSM,1,1,0,0,arrivals,0.0,0.0,large_airport,24.063041,-74.523233,False,True,False
2024-06,OETF,1,0,0,0,arrivals,0.0,0.0,large_airport,21.484739,40.544074,False,True,False
2024-06,EDTL,1,1,1,1,arrivals,1.0,1.0,medium_airport,48.369301,7.82772,True,True,True
2024-06,OJAM,1,0,0,0,arrivals,0.0,0.0,large_airport,31.9727,35.9916,True,True,True
2024-06,OMFJ,1,0,0,0,arrivals,0.0,0.0,large_airport,25.108411,56.328061,False,True,False
2024-06,EHFT,1,0,0,0,arrivals,0.0,0.0,heliport,53.81806,4.51278,True,False,False
2024-06,DTKA,1,0,0,0,arrivals,0.0,0.0,medium_airport,36.98,8.87694,True,True,True
2024-06,ENQL,1,0,0,0,arrivals,0.0,0.0,heliport,60.49833,2.07333,True,False,False
2024-06,DABT,1,0,0,0,arrivals,0.0,0.0,large_airport,35.752102,6.30859,True,True,True
2024-06,USII,1,0,0,0,arrivals,0.0,0.0,medium_airport,56.834524,53.462172,False,True,False
2024-06,GMMB,1,0,0,0,arrivals,0.0,0.0,small_airport,33.655399,-7.22145,True,False,False
2024-06,ZSJN,1,0,0,0,arrivals,0.0,0.0,large_airport,36.857201,117.216003,False,True,False
2024-06,ENXO,1,0,0,0,arrivals,0.0,0.0,heliport,59.266701,2.45,True,False,False
2024-06,LLOV,1,0,0,0,arrivals,0.0,0.0,small_airport,29.9403,34.935799,True,False,False
2024-06,LFOV,1,1,0,0,arrivals,0.0,0.0,medium_airport,48.032208,-0.743999,True,True,True
2024-06,EFPO,1,0,0,0,arrivals,0.0,0.0,medium_airport,61.4617,21.799999,True,True,True
2024-06,LDLO,1,0,0,0,arrivals,0.0,0.0,small_airport,44.566985,14.393883,True,False,False
2024-06,LKLN,1,1,0,0,arrivals,0.0,0.0,medium_airport,49.675201,13.2746,True,True,True
2024-06,UUBI,1,0,0,0,arrivals,0.0,0.0,medium_airport,56.93939971923828,40.940799713134766,True,True,True
2024-06,ENDP,1,0,0,0,arrivals,0.0,0.0,heliport,58.188099,2.47111,True,False,False
2024-06,ZHHH,1,0,0,0,arrivals,0.0,0.0,large_airport,30.774798,114.213723,False,True,False
2024-06,ZSQD,1,0,0,0,arrivals,0.0,0.0,large_airport,36.361953,120.088171,False,True,False
2024-06,EFLP,1,0,0,0,arrivals,0.0,0.0,large_airport,61.044601,28.144743,True,True,True
2024-06,HCMM,1,0,0,0,arrivals,0.0,0.0,large_airport,2.01444,45.304699,False,True,False
2024-06,MHPR,1,0,0,0,arrivals,0.0,0.0,,,,False,False,False
2024-06,BGCO,1,0,0,0,arrivals,0.0,0.0,medium_airport,70.743103,-22.650499,False,True,False
2024-06,LIRE,1,1,1,3,arrivals,1.0,3.0,medium_airport,41.654499,12.4452,True,True,True
2024-06,MHLM,1,0,0,0,arrivals,0.0,0.0,large_airport,15.4526,-87.923599,False,True,False
2024-06,ENXB,1,0,0,0,arrivals,0.0,0.0,heliport,56.41859817504883,3.216939926147461,True,False,False
2024-06,UWKE,1,0,0,0,arrivals,0.0,0.0,medium_airport,55.564701,52.092499,False,True,False
2024-06,BGQQ,1,0,0,0,arrivals,0.0,0.0,medium_airport,77.488602,-69.388702,False,True,False
2024-06,LHSM,1,1,1,1,arrivals,1.0,1.0,medium_airport,46.686391,17.159084,True,True,True
2024-06,LTBU,1,0,0,0,arrivals,0.0,0.0,medium_airport,41.138199,27.9191,True,True,True
2024-06,EGXC,1,1,1,1,arrivals,1.0,1.0,medium_airport,53.092999,-0.166014,True,True,True
2024-06,MDPP,1,0,0,0,arrivals,0.0,0.0,medium_airport,19.7579,-70.57,False,True,False
2024-06,FZQA,1,0,0,0,arrivals,0.0,0.0,large_airport,-11.591494,27.530753,False,True,False
2024-06,LFPV,1,1,1,1,arrivals,1.0,1.0,medium_airport,48.774406,2.203102,True,True,True
2024-06,UUBC,1,0,0,0,arrivals,0.0,0.0,medium_airport,54.5499992371,36.3666687012,True,True,True
2024-06,LEDA,1,0,0,0,arrivals,0.0,0.0,medium_airport,41.728185,0.535023,True,True,True
2024-06,KPBI,1,0,0,0,arrivals,0.0,0.0,large_airport,26.683201,-80.095596,False,True,False
2024-06,EHFQ,1,0,0,0,arrivals,0.0,0.0,heliport,53.96056,4.49611,True,False,False
2024-06,EDXJ,1,0,0,0,arrivals,0.0,0.0,small_airport,54.5099983215,9.13833332062,True,False,False
2024-06,UBBL,1,0,0,0,arrivals,0.0,0.0,small_airport,38.757919,48.807042,True,False,False
2024-06,PANC,1,0,0,0,arrivals,0.0,0.0,large_airport,61.179004,-149.992561,False,True,False
2024-06,KHSV,1,0,0,0,arrivals,0.0,0.0,medium_airport,34.636244,-86.774378,False,True,False
2024-06,ZSNJ,1,0,0,0,arrivals,0.0,0.0,large_airport,31.735032,118.865949,False,True,False
2024-06,EKTW,1,0,0,0,arrivals,0.0,0.0,heliport,55.716529846191406,4.750306129455566,True,False,False
2024-06,LESU,1,0,0,0,arrivals,0.0,0.0,medium_airport,42.3386,1.40917,True,True,True
2024-06,UUYY,1,0,0,0,arrivals,0.0,0.0,medium_airport,61.64699935913086,50.84510040283203,False,True,False
2024-06,CYQX,1,0,0,0,arrivals,0.0,0.0,medium_airport,48.936258,-54.567719,False,True,False
2024-06,VMMC,1,0,0,0,arrivals,0.0,0.0,large_airport,22.149599,113.592003,False,True,False
2024-06,KRSW,1,0,0,0,arrivals,0.0,0.0,large_airport,26.534685,-81.752816,False,True,False
2024-06,ENWG,1,0,0,0,arrivals,0.0,0.0,heliport,58.845,1.74333,True,False,False
2024-06,ENWK,1,0,0,0,arrivals,0.0,0.0,heliport,58.57139,1.69528,True,False,False
2024-06,DTTZ,1,0,0,0,arrivals,0.0,0.0,medium_airport,33.939701080322266,8.110560417175293,True,True,True
2024-06,EHPG,1,0,0,0,arrivals,0.0,0.0,heliport,52.35998,3.34192,True,False,False
2024-06,DNPO,1,0,0,0,arrivals,0.0,0.0,large_airport,5.01549,6.94959,False,True,False
2024-06,KPSM,1,0,0,0,arrivals,0.0,0.0,medium_airport,43.0779,-70.823303,False,True,False
2024-06,EHMR,1,0,0,0,arrivals,0.0,0.0,heliport,53.32944,4.83083,True,False,False
2024-06,KPIE,1,0,0,0,arrivals,0.0,0.0,large_airport,27.9102,-82.687401,False,True,False
2024-06,FHAW,1,0,0,0,arrivals,0.0,0.0,medium_airport,-7.970179,-14.392744,False,True,False
2024-06,HJJJ,1,0,0,0,arrivals,0.0,0.0,large_airport,4.87201,31.601101,False,True,False
2024-06,LFPM,1,0,0,1,arrivals,0.0,1.0,medium_airport,48.604698,2.67112,True,True,True
2024-06,LGKZ,1,1,1,1,arrivals,1.0,1.0,medium_airport,40.286098,21.840799,True,True,True
2024-06,UNOO,1,0,0,0,arrivals,0.0,0.0,large_airport,54.963124,73.312418,False,True,False
2024-06,CYQB,1,0,0,0,arrivals,0.0,0.0,large_airport,46.7911,-71.393303,False,True,False
2024-06,EHMA,1,0,0,0,arrivals,0.0,0.0,heliport,53.4911,5.9413,True,False,False
2024-06,KJAX,1,0,0,0,arrivals,0.0,0.0,large_airport,30.492469,-81.687813,False,True,False
2024-06,FSIA,1,0,0,0,arrivals,0.0,0.0,large_airport,-4.67434,55.521801,False,True,False
2024-06,EGTC,1,0,0,0,arrivals,0.0,0.0,medium_airport,52.072201,-0.616667,True,True,True
2024-06,TVSA,1,0,0,0,arrivals,0.0,0.0,large_airport,13.159725,-61.148801,False,True,False
2024-06,ENQK,1,0,0,0,arrivals,0.0,0.0,heliport,61.08333,2.5,True,False,False
2024-06,ENXK,1,0,0,0,arrivals,0.0,0.0,heliport,56.56529998779297,3.204720020294189,True,False,False
2024-06,EHFD,1,0,0,0,arrivals,0.0,0.0,heliport,54.85306,4.69472,True,False,False
2024-06,FMNN,1,0,0,0,arrivals,0.0,0.0,large_airport,-13.3121,48.3148,False,True,False
2024-06,LFGA,1,1,1,1,arrivals,1.0,1.0,medium_airport,48.109901,7.35901,True,True,True
2024-06,LILE,1,1,1,1,arrivals,1.0,1.0,medium_airport,45.4953,8.10278,True,True,True
2024-06,KRFD,1,0,0,0,arrivals,0.0,0.0,medium_airport,42.1954,-89.097198,False,True,False
2024-06,LOIJ,1,1,0,0,arrivals,0.0,0.0,small_airport,47.5201,12.4497,True,False,False
2024-06,EPSK,1,0,0,0,arrivals,0.0,0.0,small_airport,54.410036,17.090572,True,False,False
2024-06,HEAR,1,0,0,0,arrivals,0.0,0.0,large_airport,31.055324,33.827964,True,True,True
2024-06,CYOW,1,0,0,0,arrivals,0.0,0.0,large_airport,45.322498,-75.669197,False,True,False
2024-06,MBPV,1,0,0,0,arrivals,0.0,0.0,large_airport,21.773697,-72.268321,False,True,False
2024-06,ENQB,1,0,0,0,arrivals,0.0,0.0,heliport,60.773899,3.50139,True,False,False
2024-06,LFRE,1,0,0,0,arrivals,0.0,0.0,medium_airport,47.289398,-2.34639,True,True,True
2024-06,EDWI,1,0,0,0,arrivals,0.0,0.0,small_airport,53.50222,8.052222,True,False,False
2024-06,EBMB,1,1,0,0,arrivals,0.0,0.0,small_airport,50.913419,4.491005,True,False,False
2024-06,EDBJ,1,0,0,0,arrivals,0.0,0.0,small_airport,50.915345,11.714201,True,False,False
2024-06,EDLN,1,1,1,1,arrivals,1.0,1.0,medium_airport,51.230278,6.504444,True,True,True
2024-06,ETAR,1,1,1,1,arrivals,1.0,1.0,medium_airport,49.436901,7.60028,True,True,True
2024-06,HEAL,1,0,0,0,arrivals,0.0,0.0,large_airport,30.924324,28.46161,True,True,True
2024-06,EGCM,1,1,0,0,arrivals,0.0,0.0,,,,False,False,False
2024-06,TQPF,1,0,0,0,arrivals,0.0,0.0,medium_airport,18.204773,-63.05383,False,True,False
2024-06,GMAZ,1,0,0,0,arrivals,0.0,0.0,large_airport,30.265788,-5.860808,True,True,True
2024-06,LFBA,1,0,0,0,arrivals,0.0,0.0,medium_airport,44.174171,0.59309,True,True,True
2024-06,EHQT,1,0,0,0,arrivals,0.0,0.0,heliport,52.19111,4.13638,True,False,False
2024-06,DAAV,1,1,1,1,arrivals,1.0,1.0,large_airport,36.794125,5.873652,True,True,True
2024-06,ZLXY,1,0,0,0,arrivals,0.0,0.0,large_airport,34.442207,108.762385,False,True,False
2024-06,KAFW,1,0,0,0,arrivals,0.0,0.0,medium_airport,32.99044,-97.31947,False,True,False
2024-06,EDAE,1,0,0,0,arrivals,0.0,0.0,small_airport,52.197199,14.585696,True,False,False
2024-06,HSPN,1,0,0,0,arrivals,0.0,0.0,large_airport,19.434558,37.234125,False,True,False
2024-06,UTSB,1,0,0,0,arrivals,0.0,0.0,large_airport,39.775319,64.482279,False,True,False
2024-06,LJPZ,1,1,1,1,arrivals,1.0,1.0,medium_airport,45.47201,13.615951,True,True,True
2024-06,ENNE,1,0,0,0,arrivals,0.0,0.0,heliport,66.03333,8.08333,True,False,False
2024-06,ZBTJ,1,0,0,0,arrivals,0.0,0.0,large_airport,39.1244010925,117.346000671,False,True,False
2024-06,ZSNB,1,0,0,0,arrivals,0.0,0.0,large_airport,29.82670021057129,121.46199798583984,False,True,False
2024-06,BIHN,1,0,0,0,arrivals,0.0,0.0,medium_airport,64.295601,-15.2272,True,True,True
2024-06,LPBJ,1,1,1,1,arrivals,1.0,1.0,medium_airport,38.078899,-7.9324,True,True,True
2024-06,KMMU,1,0,0,0,arrivals,0.0,0.0,medium_airport,40.799062,-74.414949,False,True,False
2024-06,LIPV,1,1,0,0,arrivals,0.0,0.0,small_airport,45.428779,12.388733,True,False,False
2024-06,LFHQ,1,0,0,0,arrivals,0.0,0.0,small_airport,45.076401,2.99361,True,False,False
2024-06,EGTB,1,1,0,0,arrivals,0.0,0.0,small_airport,51.61177,-0.808316,True,False,False
2024-06,EGQS,1,0,0,0,arrivals,0.0,0.0,medium_airport,57.7052,-3.33917,True,True,True
2024-06,LPPM,1,1,1,2,arrivals,1.0,2.0,medium_airport,37.1493,-8.58396,True,True,True
2024-06,EIWT,1,0,0,0,arrivals,0.0,0.0,medium_airport,53.351622,-6.490357,True,True,True
2024-06,MUCC,1,0,0,0,arrivals,0.0,0.0,medium_airport,22.4610004425,-78.32839965820001,False,True,False
2024-06,EDRK,1,0,0,0,arrivals,0.0,0.0,small_airport,50.325558,7.528611,True,False,False
2024-06,LFBU,1,0,0,0,arrivals,0.0,0.0,medium_airport,45.729198,0.221456,True,True,True
2024-06,GMMD,1,0,0,0,arrivals,0.0,0.0,large_airport,32.401895,-6.315905,True,True,True
2024-06,LFPN,1,1,1,1,arrivals,1.0,1.0,medium_airport,48.7519,2.10619,True,True,True
2024-06,EKGC,1,0,0,0,arrivals,0.0,0.0,heliport,55.57984924316406,4.758889198303223,True,False,False
2024-06,BGBW,1,0,0,0,arrivals,0.0,0.0,heliport,61.15958,-45.42469,False,False,False
2024-06,FEFF,1,0,0,0,arrivals,0.0,0.0,large_airport,4.39848,18.518801,False,True,False
2024-06,KPVD,1,0,0,0,arrivals,0.0,0.0,large_airport,41.725038,-71.425668,False,True,False
2024-06,ULAA,1,0,0,0,arrivals,0.0,0.0,medium_airport,64.60030364990234,40.71670150756836,True,True,True
2024-06,VNKT,1,0,0,0,arrivals,0.0,0.0,large_airport,27.6966,85.3591,False,True,False
2024-06,UMGG,1,0,0,0,arrivals,0.0,0.0,medium_airport,52.527000427246094,31.016700744628903,True,True,True
2024-06,ESGT,1,0,0,0,arrivals,0.0,0.0,medium_airport,58.31809997558594,12.345000267028809,True,True,True
2024-06,EHJM,1,0,0,0,arrivals,0.0,0.0,heliport,53.49944,3.36889,True,False,False
2024-06,LRAR,1,0,0,0,arrivals,0.0,0.0,medium_airport,46.176136,21.264322,True,True,True
2024-06,KFLL,1,0,0,0,arrivals,0.0,0.0,large_airport,26.072599,-80.152702,False,True,False
2024-06,LGKA,1,0,0,0,arrivals,0.0,0.0,small_airport,40.446301,21.2822,True,False,False
2024-06,EHKP,1,0,0,0,arrivals,0.0,0.0,heliport,53.34083,3.89361,True,False,False
2024-06,USKK,1,0,0,0,arrivals,0.0,0.0,medium_airport,58.503883,49.347831,True,True,True
2024-06,HBBA,1,1,0,0,arrivals,0.0,0.0,large_airport,-3.32402,29.318501,False,True,False
2024-06,TTPP,1,0,0,0,arrivals,0.0,0.0,large_airport,10.59535,-61.337568,False,True,False
2024-06,ULOO,1,0,0,0,arrivals,0.0,0.0,medium_airport,57.781316,28.39384,True,True,True
2024-06,VOGA,1,0,0,0,arrivals,0.0,0.0,large_airport,15.744257,73.860625,False,True,False
2024-06,HHAS,1,0,0,0,arrivals,0.0,0.0,medium_airport,15.2919,38.910702,False,True,False
2025-06,LTFM,2282,1706,1705,1711,departures,0.7471516213847502,0.7497808939526731,large_airport,41.274874,28.732136,True,True,True
2025-06,LTFM,2258,1393,1347,1361,arrivals,0.5965456155890169,0.6027457927369353,large_airport,41.274874,28.732136,True,True,True
2025-06,EHAM,2148,1600,1597,1613,departures,0.7434823091247672,0.7509310986964618,large_airport,52.308601,4.76389,True,True,True
2025-06,EHAM,2136,1356,1343,1353,arrivals,0.6287453183520599,0.6334269662921348,large_airport,52.308601,4.76389,True,True,True
2025-06,EDDF,2094,1727,1726,1729,departures,0.8242597898758357,0.8256924546322827,large_airport,50.026706,8.55835,True,True,True
2025-06,EDDF,2091,1377,1371,1382,arrivals,0.6556671449067432,0.6609277857484457,large_airport,50.026706,8.55835,True,True,True
2025-06,LFPG,2084,1609,1606,1616,departures,0.7706333973128598,0.7754318618042226,large_airport,49.00896,2.554117,True,True,True
2025-06,LFPG,2067,1298,1295,1305,arrivals,0.6265118529269472,0.6313497822931785,large_airport,49.00896,2.554117,True,True,True
2025-06,EGLL,2001,1575,1574,1575,departures,0.7866066966516742,0.7871064467766117,large_airport,51.470748,-0.459909,True,True,True
2025-06,EGLL,1986,1015,1007,1013,arrivals,0.5070493454179255,0.5100704934541792,large_airport,51.470748,-0.459909,True,True,True
2025-06,LEMD,1786,1164,1154,1169,arrivals,0.6461366181410975,0.654535274356103,large_airport,40.493407,-3.572249,True,True,True
2025-06,LEMD,1773,1349,1346,1346,departures,0.7591652566271856,0.7591652566271856,large_airport,40.493407,-3.572249,True,True,True
2025-06,LEBL,1597,1119,1110,1129,arrivals,0.6950532247964935,0.7069505322479649,large_airport,41.2971,2.07846,True,True,True
2025-06,LEBL,1591,1248,1246,1248,departures,0.7831552482715274,0.7844123192960403,large_airport,41.2971,2.07846,True,True,True
2025-06,EDDM,1573,1274,1271,1273,departures,0.8080101716465353,0.8092816274634457,large_airport,48.353802,11.7861,True,True,True
2025-06,EDDM,1571,1093,1084,1093,arrivals,0.6900063653723743,0.6957352005092298,large_airport,48.353802,11.7861,True,True,True
2025-06,LIRF,1449,935,935,935,departures,0.6452726017943409,0.6452726017943409,large_airport,41.804532,12.251998,True,True,True
2025-06,LTAI,1437,599,595,602,arrivals,0.4140570633263744,0.41892832289492,large_airport,36.898701,30.800501,True,True,True
2025-06,LEPA,1436,938,925,948,arrivals,0.6441504178272981,0.6601671309192201,large_airport,39.551701,2.73881,True,True,True
2025-06,LTAI,1435,718,718,723,departures,0.5003484320557491,0.5038327526132405,large_airport,36.898701,30.800501,True,True,True
2025-06,LIRF,1434,789,787,789,arrivals,0.5488145048814504,0.5502092050209205,large_airport,41.804532,12.251998,True,True,True
2025-06,LEPA,1417,1010,1006,1010,departures,0.7099505998588568,0.7127734650670431,large_airport,39.551701,2.73881,True,True,True
2025-06,LGAV,1317,73,65,65,arrivals,0.04935459377372817,0.04935459377372817,large_airport,37.936401,23.9445,True,True,True
2025-06,LGAV,1306,751,751,754,departures,0.5750382848392037,0.5773353751914242,large_airport,37.936401,23.9445,True,True,True
2025-06,EGKK,1223,902,901,901,departures,0.7367130008176614,0.7367130008176614,large_airport,51.148744,-0.185739,True,True,True
2025-06,EGKK,1220,778,773,774,arrivals,0.6336065573770492,0.6344262295081967,large_airport,51.148744,-0.185739,True,True,True
2025-06,EIDW,1188,837,828,834,arrivals,0.696969696969697,0.702020202020202,large_airport,53.428713,-6.262121,True,True,True
2025-06,EIDW,1185,914,912,914,departures,0.769620253164557,0.7713080168776372,large_airport,53.428713,-6.262121,True,True,True
2025-06,LSZH,1178,834,828,832,departures,0.7028862478777589,0.7062818336162988,large_airport,47.458056,8.548056,True,True,True
2025-06,LSZH,1160,709,692,705,arrivals,0.596551724137931,0.6077586206896551,large_airport,47.458056,8.548056,True,True,True
2025-06,LOWW,1156,983,980,988,departures,0.8477508650519031,0.8546712802768166,large_airport,48.110298,16.5697,True,True,True
2025-06,EKCH,1152,763,756,759,arrivals,0.65625,0.6588541666666666,large_airport,55.617900848389,12.656000137329,True,True,True
2025-06,LOWW,1145,763,749,757,arrivals,0.6541484716157205,0.6611353711790393,large_airport,48.110298,16.5697,True,True,True
2025-06,EKCH,1140,847,846,848,departures,0.7421052631578947,0.743859649122807,large_airport,55.617900848389,12.656000137329,True,True,True
2025-06,LTFJ,1138,549,546,547,arrivals,0.4797891036906854,0.4806678383128295,large_airport,40.898602,29.3092,True,True,True
2025-06,LTFJ,1137,693,693,695,departures,0.6094986807387863,0.6112576956904133,large_airport,40.898602,29.3092,True,True,True
2025-06,LPPT,1010,785,767,767,departures,0.7594059405940594,0.7594059405940594,large_airport,38.7813,-9.13592,True,True,True
2025-06,LPPT,1001,703,702,702,arrivals,0.7012987012987013,0.7012987012987013,large_airport,38.7813,-9.13592,True,True,True
2025-06,LFPO,992,693,693,695,departures,0.6985887096774194,0.7006048387096774,large_airport,48.729499,2.358963,True,True,True
2025-06,LFPO,991,651,651,655,arrivals,0.656912209889001,0.6609485368314834,large_airport,48.729499,2.358963,True,True,True
2025-06,LIMC,973,727,727,731,departures,0.7471736896197327,0.7512846865364851,large_airport,45.6306,8.72811,True,True,True
2025-06,LIMC,967,594,584,598,arrivals,0.6039296794208894,0.6184074457083765,large_airport,45.6306,8.72811,True,True,True
2025-06,ENGM,940,723,718,727,arrivals,0.7638297872340426,0.7734042553191489,large_airport,60.193901,11.1004,True,True,True
2025-06,ENGM,932,754,754,760,departures,0.8090128755364807,0.8154506437768241,large_airport,60.193901,11.1004,True,True,True
2025-06,EGCC,926,668,665,668,departures,0.7181425485961123,0.7213822894168467,large_airport,53.349375,-2.279521,True,True,True
2025-06,EGCC,924,477,471,478,arrivals,0.5097402597402597,0.5173160173160173,large_airport,53.349375,-2.279521,True,True,True
2025-06,EGSS,888,630,624,629,arrivals,0.7027027027027027,0.7083333333333334,large_airport,51.884998,0.235,True,True,True
2025-06,EGSS,885,701,701,702,departures,0.792090395480226,0.7932203389830509,large_airport,51.884998,0.235,True,True,True
2025-06,EPWA,880,524,515,516,arrivals,0.5852272727272727,0.5863636363636363,large_airport,52.165699,20.9671,True,True,True
2025-06,EPWA,875,639,637,638,departures,0.728,0.7291428571428571,large_airport,52.165699,20.9671,True,True,True
2025-06,EBBR,872,666,666,678,departures,0.7637614678899083,0.7775229357798165,large_airport,50.901402,4.48444,True,True,True
2025-06,EBBR,871,579,571,586,arrivals,0.6555683122847302,0.6727898966704937,large_airport,50.901402,4.48444,True,True,True
2025-06,EDDB,870,661,659,663,departures,0.7574712643678161,0.7620689655172413,large_airport,52.361738,13.502341,True,True,True
2025-06,LEMG,861,559,555,562,arrivals,0.6445993031358885,0.6527293844367015,large_airport,36.6749,-4.49911,True,True,True
2025-06,LEMG,850,605,605,605,departures,0.711764705882353,0.711764705882353,large_airport,36.6749,-4.49911,True,True,True
2025-06,ESSA,841,503,500,503,arrivals,0.5945303210463734,0.5980975029726516,large_airport,59.64849,17.928829,True,True,True
2025-06,EDDB,840,596,586,591,arrivals,0.6976190476190476,0.7035714285714286,large_airport,52.361738,13.502341,True,True,True
2025-06,ESSA,820,570,567,568,departures,0.6914634146341463,0.6926829268292682,large_airport,59.64849,17.928829,True,True,True
2025-06,EDDL,758,587,587,588,departures,0.7744063324538258,0.7757255936675461,large_airport,51.289501,6.76678,True,True,True
2025-06,EDDL,751,534,529,532,arrivals,0.7043941411451398,0.7083888149134487,large_airport,51.289501,6.76678,True,True,True
2025-06,LFMN,710,500,471,508,arrivals,0.6633802816901408,0.7154929577464789,large_airport,43.658401,7.21587,True,True,True
2025-06,LFMN,707,528,521,538,departures,0.7369165487977369,0.7609618104667609,large_airport,43.658401,7.21587,True,True,True
2025-06,LSGG,680,504,498,503,departures,0.7323529411764705,0.7397058823529412,large_airport,46.238098,6.10895,True,True,True
2025-06,LSGG,670,466,447,460,arrivals,0.6671641791044776,0.6865671641791045,large_airport,46.238098,6.10895,True,True,True
2025-06,LKPR,667,480,480,482,departures,0.719640179910045,0.7226386806596702,large_airport,50.100874,14.259911,True,True,True
2025-06,EFHK,666,502,499,502,arrivals,0.7492492492492493,0.7537537537537538,large_airport,60.318363,24.963341,True,True,True
2025-06,EFHK,659,574,574,580,departures,0.8710166919575114,0.8801213960546282,large_airport,60.318363,24.963341,True,True,True
2025-06,LKPR,657,409,404,409,arrivals,0.6149162861491628,0.6225266362252664,large_airport,50.100874,14.259911,True,True,True
2025-06,LEAL,599,439,438,438,departures,0.7312186978297162,0.7312186978297162,large_airport,38.2822,-0.558156,True,True,True
2025-06,LEAL,599,418,416,417,arrivals,0.6944908180300501,0.6961602671118531,large_airport,38.2822,-0.558156,True,True,True
2025-06,EGPH,584,353,349,351,arrivals,0.5976027397260274,0.601027397260274,large_airport,55.950145,-3.372288,True,True,True
2025-06,LHBP,578,383,381,382,departures,0.6591695501730104,0.6608996539792388,large_airport,47.43018,19.262393,True,True,True
2025-06,EGPH,577,383,382,382,departures,0.6620450606585788,0.6620450606585788,large_airport,55.950145,-3.372288,True,True,True
2025-06,LHBP,577,163,160,163,arrivals,0.2772963604852686,0.2824956672443674,large_airport,47.43018,19.262393,True,True,True
2025-06,EGGW,552,301,293,308,arrivals,0.5307971014492754,0.5579710144927537,large_airport,51.874699,-0.368333,True,True,True
2025-06,EGGW,550,352,351,354,departures,0.6381818181818182,0.6436363636363637,large_airport,51.874699,-0.368333,True,True,True
2025-06,OMDB,542,2,0,0,arrivals,0.0,0.0,large_airport,25.24979,55.370992,False,True,False
2025-06,EDDH,538,422,418,422,departures,0.7769516728624535,0.7843866171003717,large_airport,53.630402,9.98823,True,True,True
2025-06,OMDB,534,1,0,0,departures,0.0,0.0,large_airport,25.24979,55.370992,False,True,False
2025-06,EDDH,532,384,376,377,arrivals,0.706766917293233,0.7086466165413534,large_airport,53.630402,9.98823,True,True,True
2025-06,GCLP,521,23,0,0,arrivals,0.0,0.0,large_airport,27.9319,-15.3866,True,True,True
2025-06,GCLP,520,2,0,0,departures,0.0,0.0,large_airport,27.9319,-15.3866,True,True,True
2025-06,LLBG,516,247,245,246,arrivals,0.4748062015503876,0.47674418604651164,large_airport,32.011398,34.8867,True,True,True
2025-06,EDDK,515,386,384,390,departures,0.7456310679611651,0.7572815533980582,large_airport,50.865898,7.14274,True,True,True
2025-06,LLBG,513,336,336,337,departures,0.6549707602339181,0.6569200779727096,large_airport,32.011398,34.8867,True,True,True
2025-06,LPPR,513,409,407,407,departures,0.7933723196881092,0.7933723196881092,large_airport,41.2481002808,-8.68138980865,True,True,True
2025-06,LPPR,512,385,382,386,arrivals,0.74609375,0.75390625,large_airport,41.2481002808,-8.68138980865,True,True,True
2025-06,EDDK,509,334,329,340,arrivals,0.6463654223968566,0.6679764243614931,large_airport,50.865898,7.14274,True,True,True
2025-06,LEIB,509,361,348,364,arrivals,0.6836935166994106,0.7151277013752456,large_airport,38.872898,1.37312,True,True,True
2025-06,LROP,509,320,318,323,arrivals,0.6247544204322201,0.6345776031434185,large_airport,44.571792,26.103285,True,True,True
2025-06,LROP,504,343,343,343,departures,0.6805555555555556,0.6805555555555556,large_airport,44.571792,26.103285,True,True,True
2025-06,LEIB,495,375,373,375,departures,0.7535353535353535,0.7575757575757576,large_airport,38.872898,1.37312,True,True,True
2025-06,EGBB,474,340,340,340,departures,0.7172995780590717,0.7172995780590717,large_airport,52.453899,-1.74803,True,True,True
2025-06,EGBB,466,286,280,282,arrivals,0.6008583690987125,0.6051502145922747,large_airport,52.453899,-1.74803,True,True,True
2025-06,LIML,465,285,271,291,arrivals,0.5827956989247312,0.6258064516129033,large_airport,45.445099,9.27674,True,True,True
2025-06,LIME,460,314,312,313,arrivals,0.6782608695652174,0.6804347826086956,large_airport,45.669362,9.708851,True,True,True
2025-06,LIML,458,295,289,292,departures,0.631004366812227,0.6375545851528385,large_airport,45.445099,9.27674,True,True,True
2025-06,LIME,453,331,331,331,departures,0.7306843267108167,0.7306843267108167,large_airport,45.669362,9.708851,True,True,True
2025-06,LIRN,449,0,0,0,departures,0.0,0.0,large_airport,40.886002,14.2908,True,True,True
2025-06,LIRN,447,4,0,0,arrivals,0.0,0.0,large_airport,40.886002,14.2908,True,True,True
2025-06,LFML,445,302,299,303,arrivals,0.6719101123595506,0.6808988764044944,large_airport,43.438088,5.2125,True,True,True
2025-06,LFML,444,345,344,345,departures,0.7747747747747747,0.777027027027027,large_airport,43.438088,5.2125,True,True,True
2025-06,EDDS,440,308,306,308,departures,0.6954545454545454,0.7,large_airport,48.689899,9.22196,True,True,True
2025-06,EDDS,433,288,281,285,arrivals,0.648960739030023,0.6581986143187067,large_airport,48.689899,9.22196,True,True,True
2025-06,LGIR,430,2,0,0,arrivals,0.0,0.0,large_airport,35.339699,25.1803,True,True,True
2025-06,LGIR,424,0,0,0,departures,0.0,0.0,large_airport,35.339699,25.1803,True,True,True
2025-06,KJFK,417,1,0,0,arrivals,0.0,0.0,large_airport,40.639447,-73.779317,False,True,False
2025-06,LIPZ,412,317,317,318,departures,0.7694174757281553,0.7718446601941747,large_airport,45.505299,12.3519,True,True,True
2025-06,LFLL,412,295,295,295,arrivals,0.7160194174757282,0.7160194174757282,large_airport,45.725996,5.090139,True,True,True
2025-06,LFLL,411,319,319,319,departures,0.7761557177615572,0.7761557177615572,large_airport,45.725996,5.090139,True,True,True
2025-06,LIPZ,409,289,283,287,arrivals,0.6919315403422983,0.7017114914425427,large_airport,45.505299,12.3519,True,True,True
2025-06,LPFR,407,305,301,307,arrivals,0.7395577395577395,0.7542997542997543,large_airport,37.015909,-7.970939,True,True,True
2025-06,LPFR,405,308,306,309,departures,0.7555555555555555,0.762962962962963,large_airport,37.015909,-7.970939,True,True,True
2025-06,KJFK,403,2,0,0,departures,0.0,0.0,large_airport,40.639447,-73.779317,False,True,False
2025-06,LYBE,395,237,235,243,arrivals,0.5949367088607594,0.6151898734177215,large_airport,44.818401,20.309099,True,True,True
2025-06,LYBE,394,271,269,270,departures,0.682741116751269,0.6852791878172588,large_airport,44.818401,20.309099,True,True,True
2025-06,LICC,391,160,1,1,arrivals,0.0025575447570332483,0.0025575447570332483,large_airport,37.466801,15.0664,True,True,True
2025-06,LICC,390,21,10,10,departures,0.02564102564102564,0.02564102564102564,large_airport,37.466801,15.0664,True,True,True
2025-06,OTHH,383,1,0,0,arrivals,0.0,0.0,large_airport,25.273056,51.608056,False,True,False
2025-06,LTAC,381,2,0,0,departures,0.0,0.0,large_airport,40.128101,32.995098,True,True,True
2025-06,LIPE,380,290,289,289,departures,0.7605263157894737,0.7605263157894737,large_airport,44.5354,11.2887,True,True,True
2025-06,OTHH,378,1,0,0,departures,0.0,0.0,large_airport,25.273056,51.608056,False,True,False
2025-06,LIPE,376,279,276,279,arrivals,0.7340425531914894,0.7420212765957447,large_airport,44.5354,11.2887,True,True,True
2025-06,LTAC,374,0,0,0,arrivals,0.0,0.0,large_airport,40.128101,32.995098,True,True,True
2025-06,UBBB,371,7,0,0,departures,0.0,0.0,large_airport,40.47278,50.050931,False,True,False
2025-06,LCLK,368,204,202,204,departures,0.5489130434782609,0.5543478260869565,large_airport,34.875099,33.624901,True,True,True
2025-06,LCLK,367,202,199,206,arrivals,0.5422343324250681,0.5613079019073569,large_airport,34.875099,33.624901,True,True,True
2025-06,EPKK,360,280,279,281,departures,0.775,0.7805555555555556,large_airport,50.077702,19.7848,True,True,True
2025-06,GMMN,360,236,235,278,departures,0.6527777777777778,0.7722222222222223,large_airport,33.3675,-7.58997,True,True,True
2025-06,EGGD,360,258,256,257,arrivals,0.7111111111111111,0.7138888888888889,large_airport,51.382326,-2.716453,True,True,True
2025-06,EGGD,359,281,280,281,departures,0.7799442896935933,0.7827298050139275,large_airport,51.382326,-2.716453,True,True,True
2025-06,ENBR,357,198,197,207,arrivals,0.5518207282913166,0.5798319327731093,large_airport,60.2934,5.21814,True,True,True
2025-06,GMMN,357,223,222,260,arrivals,0.6218487394957983,0.7282913165266106,large_airport,33.3675,-7.58997,True,True,True
2025-06,LEVC,357,252,249,251,arrivals,0.6974789915966386,0.7030812324929971,large_airport,39.489162,-0.480961,True,True,True
2025-06,EPKK,356,192,187,187,arrivals,0.5252808988764045,0.5252808988764045,large_airport,50.077702,19.7848,True,True,True
2025-06,LEVC,355,244,244,244,departures,0.6873239436619718,0.6873239436619718,large_airport,39.489162,-0.480961,True,True,True
2025-06,UBBB,355,2,0,0,arrivals,0.0,0.0,large_airport,40.47278,50.050931,False,True,False
2025-06,LFSB,354,277,277,278,departures,0.7824858757062146,0.7853107344632768,large_airport,47.60068,7.521117,True,True,True
2025-06,LFSB,352,257,256,257,arrivals,0.7272727272727273,0.7301136363636364,large_airport,47.60068,7.521117,True,True,True
2025-06,ENBR,349,205,204,211,departures,0.5845272206303725,0.6045845272206304,large_airport,60.2934,5.21814,True,True,True
2025-06,LTBJ,346,50,49,49,departures,0.1416184971098266,0.1416184971098266,large_airport,38.2924,27.157,True,True,True
2025-06,LGRP,346,213,211,212,arrivals,0.6098265895953757,0.6127167630057804,large_airport,36.405399,28.086201,True,True,True
2025-06,EGPF,346,240,238,239,arrivals,0.6878612716763006,0.6907514450867052,large_airport,55.871899,-4.43306,True,True,True
2025-06,EGPF,344,251,249,249,departures,0.7238372093023255,0.7238372093023255,large_airport,55.871899,-4.43306,True,True,True
2025-06,LTBJ,341,3,0,0,arrivals,0.0,0.0,large_airport,38.2924,27.157,True,True,True
2025-06,LGRP,340,226,226,227,departures,0.6647058823529411,0.6676470588235294,large_airport,36.405399,28.086201,True,True,True
2025-06,LMML,326,222,221,222,departures,0.6779141104294478,0.6809815950920245,large_airport,35.845932,14.491546,True,True,True
2025-06,LMML,326,211,207,214,arrivals,0.6349693251533742,0.656441717791411,large_airport,35.845932,14.491546,True,True,True
2025-06,GCTS,323,1,0,0,arrivals,0.0,0.0,large_airport,28.0445,-16.5725,True,True,True
2025-06,LATI,323,7,0,0,arrivals,0.0,0.0,large_airport,41.4147,19.7206,True,True,True
2025-06,GCTS,321,2,0,0,departures,0.0,0.0,large_airport,28.0445,-16.5725,True,True,True
2025-06,GCXO,320,8,8,46,arrivals,0.025,0.14375,large_airport,28.482752,-16.341707,True,True,True
2025-06,GCXO,319,213,213,215,departures,0.6677115987460815,0.6739811912225705,large_airport,28.482752,-16.341707,True,True,True
2025-06,LATI,316,4,0,0,departures,0.0,0.0,large_airport,41.4147,19.7206,True,True,True
2025-06,LICJ,314,129,129,129,arrivals,0.410828025477707,0.410828025477707,large_airport,38.175999,13.091,True,True,True
2025-06,LICJ,310,174,174,175,departures,0.5612903225806452,0.5645161290322581,large_airport,38.175999,13.091,True,True,True
2025-06,EBCI,304,236,236,236,departures,0.7763157894736842,0.7763157894736842,large_airport,50.461963,4.459562,True,True,True
2025-06,EBCI,303,224,223,223,arrivals,0.735973597359736,0.735973597359736,large_airport,50.461963,4.459562,True,True,True
2025-06,BIKF,297,206,205,215,departures,0.6902356902356902,0.7239057239057239,large_airport,63.985001,-22.6056,True,True,True
2025-06,BIKF,296,75,73,98,arrivals,0.24662162162162163,0.3310810810810811,large_airport,63.985001,-22.6056,True,True,True
2025-06,ELLX,294,254,254,254,departures,0.8639455782312925,0.8639455782312925,large_airport,49.626845,6.212134,True,True,True
2025-06,ELLX,294,196,194,199,arrivals,0.6598639455782312,0.6768707482993197,large_airport,49.626845,6.212134,True,True,True
2025-06,LFBO,293,255,255,255,departures,0.8703071672354948,0.8703071672354948,large_airport,43.629101,1.36382,True,True,True
2025-06,LFBO,290,246,243,244,arrivals,0.8379310344827586,0.8413793103448276,large_airport,43.629101,1.36382,True,True,True
2025-06,LGTS,281,191,191,193,arrivals,0.6797153024911032,0.6868327402135231,large_airport,40.51928,22.970009,True,True,True
2025-06,LTBS,280,4,0,0,arrivals,0.0,0.0,large_airport,36.7131,28.7925,True,True,True
2025-06,LGTS,279,167,166,166,departures,0.5949820788530465,0.5949820788530465,large_airport,40.51928,22.970009,True,True,True
2025-06,GMMX,279,6,0,1,arrivals,0.0,0.0035842293906810036,large_airport,31.604807,-8.035788,True,True,True
2025-06,GMMX,278,14,10,10,departures,0.03597122302158273,0.03597122302158273,large_airport,31.604807,-8.035788,True,True,True
2025-06,EVRA,278,157,156,160,arrivals,0.5611510791366906,0.5755395683453237,large_airport,56.920752,23.970711,True,True,True
2025-06,LEZL,276,204,201,202,arrivals,0.7282608695652174,0.7318840579710145,large_airport,37.417999,-5.89311,True,True,True
2025-06,LEZL,275,220,220,220,departures,0.8,0.8,large_airport,37.417999,-5.89311,True,True,True
2025-06,EVRA,273,201,201,203,departures,0.7362637362637363,0.7435897435897436,large_airport,56.920752,23.970711,True,True,True
2025-06,LTBS,273,0,0,0,departures,0.0,0.0,large_airport,36.7131,28.7925,True,True,True
2025-06,LBSF,272,2,2,2,departures,0.007352941176470588,0.007352941176470588,large_airport,42.696357,23.417671,True,True,True
2025-06,GCRR,269,0,0,0,departures,0.0,0.0,large_airport,28.945499,-13.6052,True,True,True
2025-06,GCRR,269,7,0,0,arrivals,0.0,0.0,large_airport,28.945499,-13.6052,True,True,True
2025-06,EGNX,267,171,170,170,departures,0.6367041198501873,0.6367041198501873,large_airport,52.8311,-1.32806,True,True,True
2025-06,LBSF,267,1,0,0,arrivals,0.0,0.0,large_airport,42.696357,23.417671,True,True,True
2025-06,EDDP,261,131,129,131,arrivals,0.4942528735632184,0.5019157088122606,large_airport,51.420657,12.232705,True,True,True
2025-06,EPKT,259,147,147,147,departures,0.5675675675675675,0.5675675675675675,large_airport,50.476015,19.080705,True,True,True
2025-06,HEGN,258,0,0,0,arrivals,0.0,0.0,large_airport,27.176776,33.796692,True,True,True
2025-06,HEGN,257,0,0,0,departures,0.0,0.0,large_airport,27.176776,33.796692,True,True,True
2025-06,UGTB,257,47,45,53,departures,0.17509727626459143,0.20622568093385213,large_airport,41.669201,44.9547,True,True,True
2025-06,LFRS,257,209,204,204,arrivals,0.7937743190661478,0.7937743190661478,medium_airport,47.153198,-1.61073,True,True,True
2025-06,EPKT,257,128,127,127,arrivals,0.49416342412451364,0.49416342412451364,large_airport,50.476015,19.080705,True,True,True
2025-06,UGTB,257,35,34,35,arrivals,0.13229571984435798,0.13618677042801555,large_airport,41.669201,44.9547,True,True,True
2025-06,LFRS,256,210,210,210,departures,0.8203125,0.8203125,medium_airport,47.153198,-1.61073,True,True,True
2025-06,EDDP,256,158,157,157,departures,0.61328125,0.61328125,large_airport,51.420657,12.232705,True,True,True
2025-06,EGNX,255,147,143,150,arrivals,0.5607843137254902,0.5882352941176471,large_airport,52.8311,-1.32806,True,True,True
2025-06,LIEO,252,62,56,60,arrivals,0.2222222222222222,0.23809523809523808,large_airport,40.898953,9.518457,True,True,True
2025-06,EPGD,248,32,31,31,departures,0.125,0.125,large_airport,54.377602,18.4662,True,True,True
2025-06,LGKR,247,6,5,5,arrivals,0.020242914979757085,0.020242914979757085,large_airport,39.60145,19.912179,True,True,True
2025-06,EGAA,246,178,173,176,arrivals,0.7032520325203252,0.7154471544715447,large_airport,54.6575012207,-6.21582984924,True,True,True
2025-06,LGKR,244,0,0,0,departures,0.0,0.0,large_airport,39.60145,19.912179,True,True,True
2025-06,HECA,244,26,26,26,departures,0.10655737704918032,0.10655737704918032,large_airport,30.111534,31.396694,True,True,True
2025-06,EPGD,244,2,1,2,arrivals,0.004098360655737705,0.00819672131147541,large_airport,54.377602,18.4662,True,True,True
2025-06,EGAA,239,172,172,174,departures,0.7196652719665272,0.7280334728033473,large_airport,54.6575012207,-6.21582984924,True,True,True
2025-06,ENZV,236,56,56,56,departures,0.23728813559322035,0.23728813559322035,large_airport,58.876701,5.63778,True,True,True
2025-06,ENZV,236,41,41,42,arrivals,0.17372881355932204,0.17796610169491525,large_airport,58.876701,5.63778,True,True,True
2025-06,LEBB,235,1,0,0,arrivals,0.0,0.0,large_airport,43.301102,-2.91061,True,True,True
2025-06,LEBB,234,0,0,0,departures,0.0,0.0,large_airport,43.301102,-2.91061,True,True,True
2025-06,LTFE,232,112,109,114,arrivals,0.4698275862068966,0.49137931034482757,large_airport,37.249314,27.66401,True,True,True
2025-06,HECA,231,42,3,4,arrivals,0.012987012987012988,0.017316017316017316,large_airport,30.111534,31.396694,True,True,True
2025-06,LFPB,230,141,130,140,departures,0.5652173913043478,0.6086956521739131,large_airport,48.962276,2.436539,True,True,True
2025-06,LIBD,229,1,0,0,arrivals,0.0,0.0,large_airport,41.138901,16.760599,True,True,True
2025-06,LIEO,228,28,28,28,departures,0.12280701754385964,0.12280701754385964,large_airport,40.898953,9.518457,True,True,True
2025-06,LIBD,228,0,0,0,departures,0.0,0.0,large_airport,41.138901,16.760599,True,True,True
2025-06,LIRP,228,72,64,65,arrivals,0.2807017543859649,0.2850877192982456,large_airport,43.683899,10.3927,True,True,True
2025-06,UUWW,227,5,3,3,arrivals,0.013215859030837005,0.013215859030837005,large_airport,55.591499,37.261501,True,True,True
2025-06,LEMH,226,164,164,165,arrivals,0.7256637168141593,0.7300884955752213,large_airport,39.862598,4.21865,True,True,True
2025-06,LFBD,225,167,166,169,departures,0.7377777777777778,0.7511111111111111,large_airport,44.82865,-0.715356,True,True,True
2025-06,LFPB,225,135,98,130,arrivals,0.43555555555555553,0.5777777777777777,large_airport,48.962276,2.436539,True,True,True
2025-06,LEMH,222,159,159,159,departures,0.7162162162162162,0.7162162162162162,large_airport,39.862598,4.21865,True,True,True
2025-06,LIRP,220,170,170,174,departures,0.7727272727272727,0.7909090909090909,large_airport,43.683899,10.3927,True,True,True
2025-06,LTFE,220,29,27,29,departures,0.12272727272727273,0.1318181818181818,large_airport,37.249314,27.66401,True,True,True
2025-06,ENVA,219,136,125,126,arrivals,0.5707762557077626,0.5753424657534246,large_airport,63.457802,10.924,True,True,True
2025-06,LFBD,219,159,156,166,arrivals,0.7123287671232876,0.7579908675799086,large_airport,44.82865,-0.715356,True,True,True
2025-06,ENVA,217,143,134,135,departures,0.6175115207373272,0.6221198156682027,large_airport,63.457802,10.924,True,True,True
2025-06,LUKK,217,0,0,0,departures,0.0,0.0,large_airport,46.92774,28.931704,True,True,True
2025-06,KEWR,217,1,0,0,arrivals,0.0,0.0,large_airport,40.6894,-74.170545,False,True,False
2025-06,LUKK,217,1,0,0,arrivals,0.0,0.0,large_airport,46.92774,28.931704,True,True,True
2025-06,LDSP,216,1,0,0,departures,0.0,0.0,large_airport,43.538898,16.298,True,True,True
2025-06,ESGG,216,161,160,160,departures,0.7407407407407407,0.7407407407407407,large_airport,57.6628,12.2798,True,True,True
2025-06,UUWW,216,6,4,4,departures,0.018518518518518517,0.018518518518518517,large_airport,55.591499,37.261501,True,True,True
2025-06,LDZA,215,54,54,54,departures,0.25116279069767444,0.25116279069767444,large_airport,45.742901,16.0688,True,True,True
2025-06,LDSP,215,2,0,0,arrivals,0.0,0.0,large_airport,43.538898,16.298,True,True,True
2025-06,LDZA,215,149,146,148,arrivals,0.6790697674418604,0.6883720930232559,large_airport,45.742901,16.0688,True,True,True
2025-06,ESGG,214,147,146,147,arrivals,0.6822429906542056,0.6869158878504673,large_airport,57.6628,12.2798,True,True,True
2025-06,UUEE,214,1,1,7,arrivals,0.004672897196261682,0.03271028037383177,large_airport,55.976858,37.41121,True,True,True
2025-06,EDDV,213,153,151,151,departures,0.7089201877934272,0.7089201877934272,large_airport,52.461102,9.68508,True,True,True
2025-06,GCFV,212,0,0,0,departures,0.0,0.0,large_airport,28.4527,-13.8638,True,True,True
2025-06,UUEE,212,41,41,41,departures,0.19339622641509435,0.19339622641509435,large_airport,55.976858,37.41121,True,True,True
2025-06,EGNT,211,147,147,147,departures,0.6966824644549763,0.6966824644549763,large_airport,55.037958,-1.689577,True,True,True
2025-06,EGNT,211,124,123,124,arrivals,0.5829383886255924,0.5876777251184834,large_airport,55.037958,-1.689577,True,True,True
2025-06,GCFV,211,7,0,0,arrivals,0.0,0.0,large_airport,28.4527,-13.8638,True,True,True
2025-06,EDDV,209,142,140,142,arrivals,0.6698564593301436,0.6794258373205742,large_airport,52.461102,9.68508,True,True,True
2025-06,EGGP,208,158,155,155,departures,0.7451923076923077,0.7451923076923077,large_airport,53.334863,-2.849637,True,True,True
2025-06,OMAA,206,0,0,0,arrivals,0.0,0.0,large_airport,24.440966,54.649237,False,True,False
2025-06,EGGP,206,146,139,140,arrivals,0.6747572815533981,0.6796116504854369,large_airport,53.334863,-2.849637,True,True,True
2025-06,CYYZ,202,1,0,0,departures,0.0,0.0,large_airport,43.675935,-79.629421,False,True,False
2025-06,LIRQ,202,4,4,4,departures,0.019801980198019802,0.019801980198019802,large_airport,43.808558,11.202822,True,True,True
2025-06,EDDN,201,123,121,123,departures,0.6019900497512438,0.6119402985074627,large_airport,49.498699,11.078056,True,True,True
2025-06,EDDN,199,113,113,122,arrivals,0.5678391959798995,0.6130653266331658,large_airport,49.498699,11.078056,True,True,True
2025-06,LGSA,199,27,27,27,arrivals,0.135678391959799,0.135678391959799,large_airport,35.531207,24.150673,True,True,True
2025-06,OMAA,198,0,0,0,departures,0.0,0.0,large_airport,24.440966,54.649237,False,True,False
2025-06,EGLC,198,153,153,153,departures,0.7727272727272727,0.7727272727272727,medium_airport,51.505299,0.055278,True,True,True
2025-06,LIRQ,198,28,25,25,arrivals,0.12626262626262627,0.12626262626262627,large_airport,43.808558,11.202822,True,True,True
2025-06,KEWR,197,1,0,0,departures,0.0,0.0,large_airport,40.6894,-74.170545,False,True,False
2025-06,LGSA,196,63,63,63,departures,0.32142857142857145,0.32142857142857145,large_airport,35.531207,24.150673,True,True,True
2025-06,LIEE,195,6,0,0,arrivals,0.0,0.0,large_airport,39.251499,9.05428,True,True,True
2025-06,EPWR,194,128,128,128,arrivals,0.6597938144329897,0.6597938144329897,large_airport,51.103719,16.882096,True,True,True
2025-06,EPWR,193,145,145,145,departures,0.7512953367875648,0.7512953367875648,large_airport,51.103719,16.882096,True,True,True
2025-06,EGNM,193,117,116,117,arrivals,0.6010362694300518,0.6062176165803109,large_airport,53.865898,-1.66057,True,True,True
2025-06,UDYZ,192,0,0,0,departures,0.0,0.0,large_airport,40.148941,44.397887,True,True,True
2025-06,UDYZ,192,2,0,0,arrivals,0.0,0.0,large_airport,40.148941,44.397887,True,True,True
2025-06,KORD,192,1,0,0,arrivals,0.0,0.0,large_airport,41.9786,-87.9048,False,True,False
2025-06,CYYZ,192,5,0,0,arrivals,0.0,0.0,large_airport,43.675935,-79.629421,False,True,False
2025-06,EHEH,191,158,157,157,departures,0.8219895287958116,0.8219895287958116,large_airport,51.4500999451,5.37452983856,True,True,True
2025-06,LIEE,191,1,1,1,departures,0.005235602094240838,0.005235602094240838,large_airport,39.251499,9.05428,True,True,True
2025-06,EGNM,190,138,137,137,departures,0.7210526315789474,0.7210526315789474,large_airport,53.865898,-1.66057,True,True,True
2025-06,EHEH,190,150,148,148,arrivals,0.7789473684210526,0.7789473684210526,large_airport,51.4500999451,5.37452983856,True,True,True
2025-06,EGLC,189,148,148,154,arrivals,0.783068783068783,0.8148148148148148,medium_airport,51.505299,0.055278,True,True,True
2025-06,EYVI,189,84,81,82,arrivals,0.42857142857142855,0.43386243386243384,large_airport,54.634102,25.285801,True,True,True
2025-06,KORD,188,2,0,0,departures,0.0,0.0,large_airport,41.9786,-87.9048,False,True,False
2025-06,DAAG,186,55,55,55,departures,0.2956989247311828,0.2956989247311828,large_airport,36.693886,3.214531,True,True,True
2025-06,EYVI,186,108,108,108,departures,0.5806451612903226,0.5806451612903226,large_airport,54.634102,25.285801,True,True,True
2025-06,DTTA,186,1,1,1,arrivals,0.005376344086021506,0.005376344086021506,large_airport,36.851002,10.2272,True,True,True
2025-06,DTTA,185,0,0,0,departures,0.0,0.0,large_airport,36.851002,10.2272,True,True,True
2025-06,DAAG,184,86,83,83,arrivals,0.45108695652173914,0.45108695652173914,large_airport,36.693886,3.214531,True,True,True
2025-06,LFOB,181,118,118,118,departures,0.6519337016574586,0.6519337016574586,large_airport,49.454399,2.11278,True,True,True
2025-06,LFOB,181,111,111,111,arrivals,0.6132596685082873,0.6132596685082873,large_airport,49.454399,2.11278,True,True,True
2025-06,LDDU,180,2,0,0,arrivals,0.0,0.0,large_airport,42.562247,18.265543,True,True,True
2025-06,LGKO,178,123,122,122,departures,0.6853932584269663,0.6853932584269663,large_airport,36.794523,27.09115,True,True,True
2025-06,LDDU,177,0,0,0,departures,0.0,0.0,large_airport,42.562247,18.265543,True,True,True
2025-06,LGKO,177,120,119,121,arrivals,0.672316384180791,0.6836158192090396,large_airport,36.794523,27.09115,True,True,True
2025-06,KIAD,168,2,0,0,departures,0.0,0.0,large_airport,38.9445,-77.455803,False,True,False
2025-06,KIAD,166,3,0,0,arrivals,0.0,0.0,large_airport,38.9445,-77.455803,False,True,False
2025-06,EETN,162,108,108,110,arrivals,0.6666666666666666,0.6790123456790124,large_airport,59.413246,24.83264,True,True,True
2025-06,EPPO,161,108,108,108,departures,0.6708074534161491,0.6708074534161491,large_airport,52.421598,16.823359,True,True,True
2025-06,HESH,161,0,0,0,arrivals,0.0,0.0,large_airport,27.977272,34.394717,True,True,True
2025-06,UMKK,160,0,0,0,departures,0.0,0.0,large_airport,54.89161,20.598559,True,True,True
2025-06,HESH,159,0,0,0,departures,0.0,0.0,large_airport,27.977272,34.394717,True,True,True
2025-06,LPMA,159,108,108,108,departures,0.6792452830188679,0.6792452830188679,large_airport,32.697812,-16.774613,True,True,True
2025-06,EETN,159,111,111,112,departures,0.6981132075471698,0.7044025157232704,large_airport,59.413246,24.83264,True,True,True
2025-06,UMKK,159,1,0,0,arrivals,0.0,0.0,large_airport,54.89161,20.598559,True,True,True
2025-06,LPMA,158,11,11,11,arrivals,0.06962025316455696,0.06962025316455696,large_airport,32.697812,-16.774613,True,True,True
2025-06,KBOS,157,2,0,0,departures,0.0,0.0,large_airport,42.36197,-71.0079,False,True,False
2025-06,LIMF,157,115,115,115,departures,0.732484076433121,0.732484076433121,large_airport,45.200802,7.64963,True,True,True
2025-06,LIMF,157,112,111,113,arrivals,0.7070063694267515,0.7197452229299363,large_airport,45.200802,7.64963,True,True,True
2025-06,LIRA,156,85,77,93,arrivals,0.4935897435897436,0.5961538461538461,large_airport,41.798769,12.595331,True,True,True
2025-06,LIRA,154,93,92,96,departures,0.5974025974025974,0.6233766233766234,large_airport,41.798769,12.595331,True,True,True
2025-06,EKBI,154,92,90,90,arrivals,0.5844155844155844,0.5844155844155844,large_airport,55.740335,9.157019,True,True,True
2025-06,EPPO,154,70,70,71,arrivals,0.45454545454545453,0.461038961038961,large_airport,52.421598,16.823359,True,True,True
2025-06,LPPD,153,32,32,55,departures,0.20915032679738563,0.35947712418300654,large_airport,37.7411994934,-25.6979007721,True,True,True
2025-06,EKBI,152,91,90,92,departures,0.5921052631578947,0.6052631578947368,large_airport,55.740335,9.157019,True,True,True
2025-06,KBOS,152,5,0,0,arrivals,0.0,0.0,large_airport,42.36197,-71.0079,False,True,False
2025-06,LPPD,151,58,57,59,arrivals,0.37748344370860926,0.39072847682119205,large_airport,37.7411994934,-25.6979007721,True,True,True
2025-06,ULLI,148,0,0,0,arrivals,0.0,0.0,large_airport,59.800301,30.262501,True,True,True
2025-06,LIPX,144,107,107,111,departures,0.7430555555555556,0.7708333333333334,large_airport,45.394955,10.887303,True,True,True
2025-06,OLBA,144,24,23,23,departures,0.1597222222222222,0.1597222222222222,large_airport,33.819833,35.487443,True,True,True
2025-06,OLBA,144,25,25,25,arrivals,0.1736111111111111,0.1736111111111111,large_airport,33.819833,35.487443,True,True,True
2025-06,CYUL,143,0,0,0,departures,0.0,0.0,large_airport,45.467837,-73.742294,False,True,False
2025-06,ENTC,143,5,0,0,arrivals,0.0,0.0,large_airport,69.683296,18.9189,True,True,True
2025-06,ULLI,142,0,0,0,departures,0.0,0.0,large_airport,59.800301,30.262501,True,True,True
2025-06,LIPX,142,96,94,100,arrivals,0.6619718309859155,0.704225352112676,large_airport,45.394955,10.887303,True,True,True
2025-06,LGSR,139,1,0,0,departures,0.0,0.0,large_airport,36.400045,25.478638,True,True,True
2025-06,LGSR,139,1,0,1,arrivals,0.0,0.007194244604316547,large_airport,36.400045,25.478638,True,True,True
2025-06,ENTC,138,10,0,0,departures,0.0,0.0,large_airport,69.683296,18.9189,True,True,True
2025-06,LTCG,138,47,47,47,arrivals,0.34057971014492755,0.34057971014492755,medium_airport,40.995098,39.7897,True,True,True
2025-06,EGPD,137,94,94,94,departures,0.6861313868613139,0.6861313868613139,large_airport,57.2019,-2.19778,True,True,True
2025-06,EGPD,136,88,88,89,arrivals,0.6470588235294118,0.6544117647058824,large_airport,57.2019,-2.19778,True,True,True
2025-06,CYUL,136,2,0,0,arrivals,0.0,0.0,large_airport,45.467837,-73.742294,False,True,False
2025-06,ENBO,134,95,95,163,departures,0.7089552238805971,1.2164179104477613,large_airport,67.269203,14.3653,True,True,True
2025-06,EBLG,134,90,90,90,departures,0.6716417910447762,0.6716417910447762,medium_airport,50.638574,5.443897,True,True,True
2025-06,LTCG,133,83,83,84,departures,0.6240601503759399,0.631578947368421,medium_airport,40.995098,39.7897,True,True,True
2025-06,LTDB,133,4,1,1,departures,0.007518796992481203,0.007518796992481203,large_airport,36.891478,35.071235,True,True,True
2025-06,ENBO,133,92,92,137,arrivals,0.6917293233082706,1.0300751879699248,large_airport,67.269203,14.3653,True,True,True
2025-06,LIBR,130,2,0,0,departures,0.0,0.0,large_airport,40.6576,17.947001,True,True,True
2025-06,LRCL,130,0,0,0,departures,0.0,0.0,large_airport,46.786042,23.685733,True,True,True
2025-06,LRCL,129,1,0,0,arrivals,0.0,0.0,large_airport,46.786042,23.685733,True,True,True
2025-06,LTDB,129,3,0,1,arrivals,0.0,0.007751937984496124,large_airport,36.891478,35.071235,True,True,True
2025-06,ZSPD,128,0,0,0,arrivals,0.0,0.0,large_airport,31.1434,121.805,False,True,False
2025-06,KLAX,127,0,0,0,departures,0.0,0.0,large_airport,33.942501,-118.407997,False,True,False
2025-06,LGZA,126,91,91,95,departures,0.7222222222222222,0.753968253968254,medium_airport,37.7509,20.8843,True,True,True
2025-06,LGZA,126,84,83,84,arrivals,0.6587301587301587,0.6666666666666666,medium_airport,37.7509,20.8843,True,True,True
2025-06,EBLG,126,48,47,47,arrivals,0.373015873015873,0.373015873015873,medium_airport,50.638574,5.443897,True,True,True
2025-06,LIBR,125,1,0,0,arrivals,0.0,0.0,large_airport,40.6576,17.947001,True,True,True
2025-06,ZSPD,124,0,0,0,departures,0.0,0.0,large_airport,31.1434,121.805,False,True,False
2025-06,KLAX,124,0,0,0,arrivals,0.0,0.0,large_airport,33.942501,-118.407997,False,True,False
2025-06,VHHH,124,0,0,0,arrivals,0.0,0.0,large_airport,22.31184,113.914862,False,True,False
2025-06,EGAC,123,70,68,68,departures,0.5528455284552846,0.5528455284552846,medium_airport,54.618099,-5.8725,True,True,True
2025-06,EGAC,123,64,63,65,arrivals,0.5121951219512195,0.5284552845528455,medium_airport,54.618099,-5.8725,True,True,True
2025-06,VIDP,122,0,0,0,departures,0.0,0.0,large_airport,28.55563,77.09519,False,True,False
2025-06,BKPR,120,1,0,0,departures,0.0,0.0,large_airport,42.5728,21.035801,True,True,True
2025-06,OEJN,120,0,0,0,departures,0.0,0.0,large_airport,21.680241,39.157436,False,True,False
2025-06,EICK,120,69,67,67,arrivals,0.5583333333333333,0.5583333333333333,large_airport,51.841301,-8.49111,True,True,True
2025-06,BKPR,120,1,0,0,arrivals,0.0,0.0,large_airport,42.5728,21.035801,True,True,True
2025-06,OEJN,120,1,0,0,arrivals,0.0,0.0,large_airport,21.680241,39.157436,False,True,False
2025-06,EICK,119,73,73,73,departures,0.6134453781512605,0.6134453781512605,large_airport,51.841301,-8.49111,True,True,True
2025-06,OERK,119,1,0,0,arrivals,0.0,0.0,large_airport,24.9576,46.698799,False,True,False
2025-06,LDZD,118,4,4,4,arrivals,0.03389830508474576,0.03389830508474576,large_airport,44.096986,15.353565,True,True,True
2025-06,OJAI,116,9,9,10,departures,0.07758620689655173,0.08620689655172414,large_airport,31.7226009369,35.9931983948,True,True,True
2025-06,OJAI,116,9,0,0,arrivals,0.0,0.0,large_airport,31.7226009369,35.9931983948,True,True,True
2025-06,VIDP,115,0,0,0,arrivals,0.0,0.0,large_airport,28.55563,77.09519,False,True,False
2025-06,LDZD,114,1,1,1,departures,0.008771929824561403,0.008771929824561403,large_airport,44.096986,15.353565,True,True,True
2025-06,KATL,113,0,0,0,departures,0.0,0.0,large_airport,33.6367,-84.428101,False,True,False
2025-06,LICA,112,0,0,0,arrivals,0.0,0.0,large_airport,38.906214,16.246007,True,True,True
2025-06,OERK,111,0,0,0,departures,0.0,0.0,large_airport,24.9576,46.698799,False,True,False
2025-06,KATL,111,0,0,0,arrivals,0.0,0.0,large_airport,33.6367,-84.428101,False,True,False
2025-06,EGLF,110,63,59,60,departures,0.5363636363636364,0.5454545454545454,medium_airport,51.275799,-0.776333,True,True,True
2025-06,LICA,108,0,0,0,departures,0.0,0.0,large_airport,38.906214,16.246007,True,True,True
2025-06,EGJJ,108,82,81,88,arrivals,0.75,0.8148148148148148,medium_airport,49.207901,-2.19551,True,True,True
2025-06,EGLF,108,59,44,57,arrivals,0.4074074074074074,0.5277777777777778,medium_airport,51.275799,-0.776333,True,True,True
2025-06,LCPH,107,59,58,59,arrivals,0.5420560747663551,0.5514018691588785,large_airport,34.717999,32.485699,True,True,True
2025-06,LWSK,106,0,0,0,departures,0.0,0.0,large_airport,41.958087,21.622581,True,True,True
2025-06,OKKK,106,72,71,71,departures,0.6698113207547169,0.6698113207547169,large_airport,29.224487,47.969813,True,True,True
2025-06,LEST,106,69,68,69,arrivals,0.6415094339622641,0.6509433962264151,large_airport,42.896301,-8.41514,True,True,True
2025-06,LCPH,105,47,47,47,departures,0.44761904761904764,0.44761904761904764,large_airport,34.717999,32.485699,True,True,True
2025-06,LGMK,105,36,35,37,departures,0.3333333333333333,0.3523809523809524,medium_airport,37.435101,25.348101,True,True,True
2025-06,LEST,105,70,70,71,departures,0.6666666666666666,0.6761904761904762,large_airport,42.896301,-8.41514,True,True,True
2025-06,LZIB,105,71,71,71,departures,0.6761904761904762,0.6761904761904762,large_airport,48.1702,17.2127,True,True,True
2025-06,LEGE,105,33,29,30,arrivals,0.2761904761904762,0.2857142857142857,large_airport,41.904639,2.761774,True,True,True
2025-06,LWSK,105,0,0,0,arrivals,0.0,0.0,large_airport,41.958087,21.622581,True,True,True
2025-06,LZIB,105,67,65,65,arrivals,0.6190476190476191,0.6190476190476191,large_airport,48.1702,17.2127,True,True,True
2025-06,LEGE,104,81,79,81,departures,0.7596153846153846,0.7788461538461539,large_airport,41.904639,2.761774,True,True,True
2025-06,EDJA,104,67,66,70,arrivals,0.6346153846153846,0.6730769230769231,large_airport,47.988092,10.238248,True,True,True
2025-06,LGMK,104,45,41,41,arrivals,0.3942307692307692,0.3942307692307692,medium_airport,37.435101,25.348101,True,True,True
2025-06,EDJA,102,75,74,74,departures,0.7254901960784313,0.7254901960784313,large_airport,47.988092,10.238248,True,True,True
2025-06,OIIE,102,0,0,0,departures,0.0,0.0,large_airport,35.416099548339844,51.15219879150391,False,True,False
2025-06,OIIE,102,0,0,0,arrivals,0.0,0.0,large_airport,35.416099548339844,51.15219879150391,False,True,False
2025-06,OKKK,102,12,12,13,arrivals,0.11764705882352941,0.12745098039215685,large_airport,29.224487,47.969813,True,True,True
2025-06,EGJJ,101,79,78,78,departures,0.7722772277227723,0.7722772277227723,medium_airport,49.207901,-2.19551,True,True,True
2025-06,EHRD,100,78,76,76,arrivals,0.76,0.76,large_airport,51.956902,4.43722,True,True,True
2025-06,EHRD,99,81,81,82,departures,0.8181818181818182,0.8282828282828283,large_airport,51.956902,4.43722,True,True,True
2025-06,RKSI,99,1,0,0,arrivals,0.0,0.0,large_airport,37.469101,126.450996,False,True,False
2025-06,ZZZZ,99,0,0,0,arrivals,0.0,0.0,,,,False,False,False
2025-06,WSSS,98,1,0,0,arrivals,0.0,0.0,large_airport,1.35019,103.994003,False,True,False
2025-06,ZZZZ,97,0,0,0,departures,0.0,0.0,,,,False,False,False
2025-06,LBBG,97,41,41,41,arrivals,0.422680412371134,0.422680412371134,large_airport,42.569917,27.515173,True,True,True
2025-06,LOWS,96,64,63,66,departures,0.65625,0.6875,large_airport,47.793301,13.0043,True,True,True
2025-06,KSFO,96,0,0,0,arrivals,0.0,0.0,large_airport,37.619806,-122.374821,False,True,False
2025-06,LOWS,95,59,53,64,arrivals,0.5578947368421052,0.6736842105263158,large_airport,47.793301,13.0043,True,True,True
2025-06,VHHH,94,0,0,0,departures,0.0,0.0,large_airport,22.31184,113.914862,False,True,False
2025-06,LJLJ,94,59,56,58,arrivals,0.5957446808510638,0.6170212765957447,large_airport,46.223701,14.4576,True,True,True
2025-06,DTTJ,94,1,1,1,arrivals,0.010638297872340425,0.010638297872340425,large_airport,33.873719,10.7773,True,True,True
2025-06,LQSA,93,0,0,0,departures,0.0,0.0,large_airport,43.8246,18.331499,True,True,True
2025-06,LBBG,93,52,52,52,departures,0.5591397849462365,0.5591397849462365,large_airport,42.569917,27.515173,True,True,True
2025-06,ZBAA,93,0,0,0,departures,0.0,0.0,large_airport,40.077349,116.596702,False,True,False
2025-06,LQSA,93,1,0,0,arrivals,0.0,0.0,large_airport,43.8246,18.331499,True,True,True
2025-06,ZBAA,93,1,0,0,arrivals,0.0,0.0,large_airport,40.077349,116.596702,False,True,False
2025-06,GMAD,92,4,0,0,departures,0.0,0.0,large_airport,30.322478,-9.412003,True,True,True
2025-06,EGKB,92,48,39,47,departures,0.42391304347826086,0.5108695652173914,medium_airport,51.33079910279999,0.0324999988079,True,True,True
2025-06,EINN,91,58,58,60,departures,0.6373626373626373,0.6593406593406593,large_airport,52.702,-8.92482,True,True,True
2025-06,KSFO,91,0,0,0,departures,0.0,0.0,large_airport,37.619806,-122.374821,False,True,False
2025-06,GMAD,91,6,0,0,arrivals,0.0,0.0,large_airport,30.322478,-9.412003,True,True,True
2025-06,EGKB,91,50,30,56,arrivals,0.32967032967032966,0.6153846153846154,medium_airport,51.33079910279999,0.0324999988079,True,True,True
2025-06,LJLJ,90,63,61,61,departures,0.6777777777777778,0.6777777777777778,large_airport,46.223701,14.4576,True,True,True
2025-06,UUDD,89,5,4,4,departures,0.0449438202247191,0.0449438202247191,large_airport,55.408798,37.9063,True,True,True
2025-06,KMIA,89,0,0,0,departures,0.0,0.0,large_airport,25.796011,-80.289751,False,True,False
2025-06,DTTJ,89,2,2,2,departures,0.02247191011235955,0.02247191011235955,large_airport,33.873719,10.7773,True,True,True
2025-06,EDDW,88,65,63,64,departures,0.7159090909090909,0.7272727272727273,large_airport,53.046786,8.78932,True,True,True
2025-06,GMTT,88,73,73,73,departures,0.8295454545454546,0.8295454545454546,large_airport,35.731741,-5.921459,True,True,True
2025-06,WSSS,87,0,0,0,departures,0.0,0.0,large_airport,1.35019,103.994003,False,True,False
2025-06,EDLW,87,34,34,34,departures,0.39080459770114945,0.39080459770114945,large_airport,51.518299,7.61224,True,True,True
2025-06,EDLW,87,31,31,32,arrivals,0.3563218390804598,0.367816091954023,large_airport,51.518299,7.61224,True,True,True
2025-06,EDDW,87,61,60,61,arrivals,0.6896551724137931,0.7011494252873564,large_airport,53.046786,8.78932,True,True,True
2025-06,GMTT,87,70,70,71,arrivals,0.8045977011494253,0.8160919540229885,large_airport,35.731741,-5.921459,True,True,True
2025-06,LIMJ,86,61,58,62,arrivals,0.6744186046511628,0.7209302325581395,large_airport,44.412039,8.840732,True,True,True
2025-06,EINN,86,49,49,51,arrivals,0.5697674418604651,0.5930232558139535,large_airport,52.702,-8.92482,True,True,True
2025-06,EGHI,86,33,31,33,arrivals,0.36046511627906974,0.38372093023255816,medium_airport,50.950298,-1.3568,True,True,True
2025-06,RKSI,85,0,0,0,departures,0.0,0.0,large_airport,37.469101,126.450996,False,True,False
2025-06,LIPH,85,66,66,66,departures,0.7764705882352941,0.7764705882352941,large_airport,45.648399,12.1944,True,True,True
2025-06,UAAA,85,0,0,0,departures,0.0,0.0,large_airport,43.354267,77.042828,False,True,False
2025-06,GCLA,85,1,1,1,departures,0.011764705882352941,0.011764705882352941,medium_airport,28.626499,-17.7556,True,True,True
2025-06,LIPH,85,61,59,59,arrivals,0.6941176470588235,0.6941176470588235,large_airport,45.648399,12.1944,True,True,True
2025-06,EDSB,85,47,45,49,arrivals,0.5294117647058824,0.5764705882352941,large_airport,48.7794,8.0805,True,True,True
2025-06,LFKB,84,17,17,17,departures,0.20238095238095238,0.20238095238095238,large_airport,42.5527,9.48373,True,True,True
2025-06,LFKB,84,10,8,8,arrivals,0.09523809523809523,0.09523809523809523,large_airport,42.5527,9.48373,True,True,True
2025-06,GCLA,84,0,0,0,arrivals,0.0,0.0,medium_airport,28.626499,-17.7556,True,True,True
2025-06,EGJB,83,52,52,53,departures,0.6265060240963856,0.6385542168674698,medium_airport,49.435001,-2.60197,True,True,True
2025-06,EGHI,83,46,45,45,departures,0.5421686746987951,0.5421686746987951,medium_airport,50.950298,-1.3568,True,True,True
2025-06,VTBS,83,0,0,0,arrivals,0.0,0.0,large_airport,13.6811,100.747002,False,True,False
2025-06,LYTV,83,6,0,0,arrivals,0.0,0.0,medium_airport,42.404701,18.723301,True,True,True
2025-06,LYTV,82,0,0,0,departures,0.0,0.0,medium_airport,42.404701,18.723301,True,True,True
2025-06,HEMA,82,1,0,0,arrivals,0.0,0.0,large_airport,25.555548,34.59245,False,True,False
2025-06,OMDW,81,1,0,0,departures,0.0,0.0,large_airport,24.896171,55.16235,False,True,False
2025-06,EDSB,81,49,49,51,departures,0.6049382716049383,0.6296296296296297,large_airport,48.7794,8.0805,True,True,True
2025-06,EGNS,81,53,50,55,arrivals,0.6172839506172839,0.6790123456790124,large_airport,54.083081,-4.623871,True,True,True
2025-06,DTMB,81,0,0,0,arrivals,0.0,0.0,medium_airport,35.75809860229492,10.75469970703125,True,True,True
2025-06,EGNS,80,47,46,48,departures,0.575,0.6,large_airport,54.083081,-4.623871,True,True,True
2025-06,LFKJ,80,40,39,41,arrivals,0.4875,0.5125,medium_airport,41.923599,8.80292,True,True,True
2025-06,VTBS,79,0,0,0,departures,0.0,0.0,large_airport,13.6811,100.747002,False,True,False
2025-06,LIMJ,79,58,58,60,departures,0.7341772151898734,0.759493670886076,large_airport,44.412039,8.840732,True,True,True
2025-06,DTMB,79,1,1,1,departures,0.012658227848101266,0.012658227848101266,medium_airport,35.75809860229492,10.75469970703125,True,True,True
2025-06,UTTT,79,1,0,0,arrivals,0.0,0.0,large_airport,41.2579,69.281197,False,True,False
2025-06,LFKJ,78,40,39,39,departures,0.5,0.5,medium_airport,41.923599,8.80292,True,True,True
2025-06,UTTT,78,0,0,0,departures,0.0,0.0,large_airport,41.2579,69.281197,False,True,False
2025-06,KMIA,78,0,0,0,arrivals,0.0,0.0,large_airport,25.796011,-80.289751,False,True,False
2025-06,EDFH,77,65,64,64,departures,0.8311688311688312,0.8311688311688312,large_airport,49.946353,7.261734,True,True,True
2025-06,SBGR,77,0,0,0,departures,0.0,0.0,large_airport,-23.431274,-46.469954,False,True,False
2025-06,LYPG,77,0,0,0,departures,0.0,0.0,large_airport,42.359402,19.2519,True,True,True
2025-06,SBGR,77,0,0,0,arrivals,0.0,0.0,large_airport,-23.431274,-46.469954,False,True,False
2025-06,LYPG,77,1,0,0,arrivals,0.0,0.0,large_airport,42.359402,19.2519,True,True,True
2025-06,HEMA,76,0,0,0,departures,0.0,0.0,large_airport,25.555548,34.59245,False,True,False
2025-06,EKYT,75,59,59,59,departures,0.7866666666666666,0.7866666666666666,large_airport,57.094763,9.84993,True,True,True
2025-06,UUDD,75,1,0,0,arrivals,0.0,0.0,large_airport,55.408798,37.9063,True,True,True
2025-06,LBWN,75,14,14,15,arrivals,0.18666666666666668,0.2,large_airport,43.232101,27.8251,True,True,True
2025-06,LFMT,75,40,39,39,arrivals,0.52,0.52,large_airport,43.576199,3.96301,True,True,True
2025-06,LFMT,74,57,56,56,departures,0.7567567567567568,0.7567567567567568,large_airport,43.576199,3.96301,True,True,True
2025-06,EGJB,74,40,38,38,arrivals,0.5135135135135135,0.5135135135135135,medium_airport,49.435001,-2.60197,True,True,True
2025-06,LTAJ,74,0,0,0,arrivals,0.0,0.0,large_airport,36.947201,37.478699,True,True,True
2025-06,EDFH,74,56,55,55,arrivals,0.7432432432432432,0.7432432432432432,large_airport,49.946353,7.261734,True,True,True
2025-06,LTAU,73,0,0,0,arrivals,0.0,0.0,large_airport,38.770401,35.495399,True,True,True
2025-06,LTAJ,72,0,0,0,departures,0.0,0.0,large_airport,36.947201,37.478699,True,True,True
2025-06,ENTO,72,31,31,31,arrivals,0.4305555555555556,0.4305555555555556,large_airport,59.186699,10.2586,True,True,True
2025-06,LFMD,72,40,30,42,arrivals,0.4166666666666667,0.5833333333333334,medium_airport,43.547998,6.955176,True,True,True
2025-06,OBBI,72,0,0,0,arrivals,0.0,0.0,large_airport,26.267295,50.63764,False,True,False
2025-06,EGHH,72,50,50,52,arrivals,0.6944444444444444,0.7222222222222222,medium_airport,50.780483,-1.839576,True,True,True
2025-06,LRIA,71,0,0,0,departures,0.0,0.0,large_airport,47.179633,27.621431,True,True,True
2025-06,ENTO,71,25,25,25,departures,0.352112676056338,0.352112676056338,large_airport,59.186699,10.2586,True,True,True
2025-06,LBWN,71,7,7,7,departures,0.09859154929577464,0.09859154929577464,large_airport,43.232101,27.8251,True,True,True
2025-06,EGHH,71,53,53,53,departures,0.7464788732394366,0.7464788732394366,medium_airport,50.780483,-1.839576,True,True,True
2025-06,EKYT,71,53,53,53,arrivals,0.7464788732394366,0.7464788732394366,large_airport,57.094763,9.84993,True,True,True
2025-06,LTAU,70,0,0,0,departures,0.0,0.0,large_airport,38.770401,35.495399,True,True,True
2025-06,HAAB,69,0,0,0,departures,0.0,0.0,large_airport,8.97789,38.799301,False,True,False
2025-06,LEAS,69,40,39,39,departures,0.5652173913043478,0.5652173913043478,large_airport,43.563599,-6.03462,True,True,True
2025-06,UGSB,69,24,24,24,arrivals,0.34782608695652173,0.34782608695652173,large_airport,41.60939,41.600315,True,True,True
2025-06,EDLV,69,54,53,53,arrivals,0.7681159420289855,0.7681159420289855,large_airport,51.601362,6.141228,True,True,True
2025-06,EDLV,68,54,54,54,departures,0.7941176470588235,0.7941176470588235,large_airport,51.601362,6.141228,True,True,True
2025-06,LEAS,68,1,0,0,arrivals,0.0,0.0,large_airport,43.563599,-6.03462,True,True,True
2025-06,LRIA,68,0,0,0,arrivals,0.0,0.0,large_airport,47.179633,27.621431,True,True,True
2025-06,LERS,68,27,27,29,arrivals,0.39705882352941174,0.4264705882352941,large_airport,41.147509,1.168354,True,True,True
2025-06,UGSB,67,41,41,41,departures,0.6119402985074627,0.6119402985074627,large_airport,41.60939,41.600315,True,True,True
2025-06,LERS,67,19,19,19,departures,0.2835820895522388,0.2835820895522388,large_airport,41.147509,1.168354,True,True,True
2025-06,OMSJ,67,0,0,0,departures,0.0,0.0,large_airport,25.3286,55.5172,False,True,False
2025-06,URSS,67,0,0,0,arrivals,0.0,0.0,large_airport,43.449902,39.9566,True,True,True
2025-06,OMSJ,67,0,0,0,arrivals,0.0,0.0,large_airport,25.3286,55.5172,False,True,False
2025-06,LFMD,65,37,35,36,departures,0.5384615384615384,0.5538461538461539,medium_airport,43.547998,6.955176,True,True,True
2025-06,OBBI,65,0,0,0,departures,0.0,0.0,large_airport,26.267295,50.63764,False,True,False
2025-06,HAAB,65,0,0,0,arrivals,0.0,0.0,large_airport,8.97789,38.799301,False,True,False
2025-06,LFKF,65,36,35,36,arrivals,0.5384615384615384,0.5538461538461539,large_airport,41.50185,9.097092,True,True,True
2025-06,GMME,64,16,16,17,departures,0.25,0.265625,large_airport,34.051498,-6.75152,True,True,True
2025-06,KDFW,64,0,0,0,departures,0.0,0.0,large_airport,32.896801,-97.038002,False,True,False
2025-06,KPHL,64,2,0,0,arrivals,0.0,0.0,large_airport,39.871899,-75.241096,False,True,False
2025-06,GMME,63,19,18,18,arrivals,0.2857142857142857,0.2857142857142857,large_airport,34.051498,-6.75152,True,True,True
2025-06,RJTT,62,0,0,0,departures,0.0,0.0,large_airport,35.549678,139.786958,False,True,False
2025-06,LGKF,62,46,45,45,departures,0.7258064516129032,0.7258064516129032,medium_airport,38.12009811401367,20.5004997253418,True,True,True
2025-06,KPHL,62,0,0,0,departures,0.0,0.0,large_airport,39.871899,-75.241096,False,True,False
2025-06,LIEA,62,41,41,41,departures,0.6612903225806451,0.6612903225806451,medium_airport,40.632099,8.29077,True,True,True
2025-06,VABB,62,0,0,0,arrivals,0.0,0.0,large_airport,19.088699,72.867897,False,True,False
2025-06,OMDW,62,2,0,0,arrivals,0.0,0.0,large_airport,24.896171,55.16235,False,True,False
2025-06,LIEA,62,36,36,37,arrivals,0.5806451612903226,0.5967741935483871,medium_airport,40.632099,8.29077,True,True,True
2025-06,LIPQ,61,39,38,38,departures,0.6229508196721312,0.6229508196721312,large_airport,45.827862,13.466672,True,True,True
2025-06,LFKF,61,19,18,18,departures,0.29508196721311475,0.29508196721311475,large_airport,41.50185,9.097092,True,True,True
2025-06,UAAA,61,1,0,0,arrivals,0.0,0.0,large_airport,43.354267,77.042828,False,True,False
2025-06,EDDG,60,40,40,40,departures,0.6666666666666666,0.6666666666666666,large_airport,52.133816,7.688482,True,True,True
2025-06,EPRZ,60,41,40,40,departures,0.6666666666666666,0.6666666666666666,large_airport,50.109791,22.024155,True,True,True
2025-06,LGKF,60,39,39,39,arrivals,0.65,0.65,medium_airport,38.12009811401367,20.5004997253418,True,True,True
2025-06,KDFW,60,0,0,0,arrivals,0.0,0.0,large_airport,32.896801,-97.038002,False,True,False
2025-06,DTNH,59,0,0,0,departures,0.0,0.0,medium_airport,36.075833,10.438611,True,True,True
2025-06,UACC,59,1,0,0,departures,0.0,0.0,large_airport,51.027035,71.467094,False,True,False
2025-06,LRTR,59,0,0,0,departures,0.0,0.0,large_airport,45.809898,21.3379,True,True,True
2025-06,LIPQ,59,42,41,41,arrivals,0.6949152542372882,0.6949152542372882,large_airport,45.827862,13.466672,True,True,True
2025-06,VABB,58,0,0,0,departures,0.0,0.0,large_airport,19.088699,72.867897,False,True,False
2025-06,LTBA,58,32,31,37,departures,0.5344827586206896,0.6379310344827587,large_airport,40.971913,28.823714,True,True,True
2025-06,DTNH,58,0,0,0,arrivals,0.0,0.0,medium_airport,36.075833,10.438611,True,True,True
2025-06,EPRZ,58,34,34,34,arrivals,0.5862068965517241,0.5862068965517241,large_airport,50.109791,22.024155,True,True,True
2025-06,KSEA,58,0,0,0,arrivals,0.0,0.0,large_airport,47.447943,-122.310276,False,True,False
2025-06,KSEA,57,0,0,0,departures,0.0,0.0,large_airport,47.447943,-122.310276,False,True,False
2025-06,LFQQ,57,36,35,36,arrivals,0.6140350877192983,0.631578947368421,large_airport,50.566564,3.102429,True,True,True
2025-06,RJTT,57,0,0,0,arrivals,0.0,0.0,large_airport,35.549678,139.786958,False,True,False
2025-06,LFBZ,57,28,26,29,arrivals,0.45614035087719296,0.5087719298245614,medium_airport,43.468372,-1.523223,True,True,True
2025-06,LRTR,57,0,0,0,arrivals,0.0,0.0,large_airport,45.809898,21.3379,True,True,True
2025-06,LFQQ,56,36,36,37,departures,0.6428571428571429,0.6607142857142857,large_airport,50.566564,3.102429,True,True,True
2025-06,LOWG,56,35,32,32,departures,0.5714285714285714,0.5714285714285714,large_airport,46.9911,15.4396,True,True,True
2025-06,EDDG,56,28,28,29,arrivals,0.5,0.5178571428571429,large_airport,52.133816,7.688482,True,True,True
2025-06,LTCC,56,2,0,0,arrivals,0.0,0.0,medium_airport,37.893902,40.201,True,True,True
2025-06,LTCC,55,0,0,0,departures,0.0,0.0,medium_airport,37.893902,40.201,True,True,True
2025-06,LFBZ,55,9,8,8,departures,0.14545454545454545,0.14545454545454545,medium_airport,43.468372,-1.523223,True,True,True
2025-06,LDPL,55,30,30,34,arrivals,0.5454545454545454,0.6181818181818182,large_airport,44.893501,13.9222,True,True,True
2025-06,LFTH,55,32,26,34,arrivals,0.4727272727272727,0.6181818181818182,medium_airport,43.097301,6.14603,True,True,True
2025-06,EYKA,54,30,30,30,departures,0.5555555555555556,0.5555555555555556,large_airport,54.963965,24.08582,True,True,True
2025-06,LOWG,53,33,29,30,arrivals,0.5471698113207547,0.5660377358490566,large_airport,46.9911,15.4396,True,True,True
2025-06,URSS,52,0,0,0,departures,0.0,0.0,large_airport,43.449902,39.9566,True,True,True
2025-06,LKTB,52,36,34,34,departures,0.6538461538461539,0.6538461538461539,medium_airport,49.151276,16.693972,True,True,True
2025-06,GMFF,52,0,0,0,departures,0.0,0.0,large_airport,33.927299,-4.97796,True,True,True
2025-06,LKTB,52,34,31,33,arrivals,0.5961538461538461,0.6346153846153846,medium_airport,49.151276,16.693972,True,True,True
2025-06,GMFF,52,0,0,0,arrivals,0.0,0.0,large_airport,33.927299,-4.97796,True,True,True
2025-06,LTBA,52,25,21,66,arrivals,0.40384615384615385,1.2692307692307692,large_airport,40.971913,28.823714,True,True,True
2025-06,LFTH,51,18,16,18,departures,0.3137254901960784,0.35294117647058826,medium_airport,43.097301,6.14603,True,True,True
2025-06,EGPE,51,38,38,41,departures,0.7450980392156863,0.803921568627451,medium_airport,57.5425,-4.0475,True,True,True
2025-06,MMMX,51,1,0,0,arrivals,0.0,0.0,large_airport,19.435822,-99.07033,False,True,False
2025-06,EHKD,50,0,0,0,departures,0.0,0.0,medium_airport,52.923401,4.78062,True,True,True
2025-06,EYKA,50,14,12,13,arrivals,0.24,0.26,large_airport,54.963965,24.08582,True,True,True
2025-06,LFST,50,39,39,39,arrivals,0.78,0.78,large_airport,48.5383,7.62823,True,True,True
2025-06,LDPL,49,31,31,31,departures,0.6326530612244898,0.6326530612244898,large_airport,44.893501,13.9222,True,True,True
2025-06,UGKO,49,0,0,0,departures,0.0,0.0,large_airport,42.177448,42.485353,True,True,True
2025-06,LFST,49,39,39,40,departures,0.7959183673469388,0.8163265306122449,large_airport,48.5383,7.62823,True,True,True
2025-06,UGKO,49,1,0,0,arrivals,0.0,0.0,large_airport,42.177448,42.485353,True,True,True
2025-06,DAOO,49,25,24,24,arrivals,0.4897959183673469,0.4897959183673469,large_airport,35.620648,-0.622486,True,True,True
2025-06,EGFF,49,31,31,31,arrivals,0.6326530612244898,0.6326530612244898,large_airport,51.396702,-3.34333,True,True,True
2025-06,EGPE,49,36,33,36,arrivals,0.673469387755102,0.7346938775510204,medium_airport,57.5425,-4.0475,True,True,True
2025-06,UBBN,48,0,0,0,departures,0.0,0.0,large_airport,39.188801,45.458401,True,True,True
2025-06,DAOO,48,17,17,17,departures,0.3541666666666667,0.3541666666666667,large_airport,35.620648,-0.622486,True,True,True
2025-06,EGFF,48,36,36,36,departures,0.75,0.75,large_airport,51.396702,-3.34333,True,True,True
2025-06,ENCN,48,22,22,22,departures,0.4583333333333333,0.4583333333333333,large_airport,58.204201,8.08537,True,True,True
2025-06,UBBN,48,0,0,0,arrivals,0.0,0.0,large_airport,39.188801,45.458401,True,True,True
2025-06,ORBI,48,0,0,0,arrivals,0.0,0.0,large_airport,33.262501,44.2346,True,True,True
2025-06,EHKD,48,0,0,0,arrivals,0.0,0.0,medium_airport,52.923401,4.78062,True,True,True
2025-06,ENAL,48,1,1,1,arrivals,0.020833333333333332,0.020833333333333332,large_airport,62.560443,6.110845,True,True,True
2025-06,MMMX,47,0,0,0,departures,0.0,0.0,large_airport,19.435822,-99.07033,False,True,False
2025-06,LFRB,47,30,30,30,departures,0.6382978723404256,0.6382978723404256,large_airport,48.447899,-4.41854,True,True,True
2025-06,KIAH,47,0,0,0,departures,0.0,0.0,large_airport,29.9844,-95.3414,False,True,False
2025-06,ENKB,46,0,0,0,departures,0.0,0.0,medium_airport,63.111801,7.82452,True,True,True
2025-06,ENAL,46,1,1,1,departures,0.021739130434782608,0.021739130434782608,large_airport,62.560443,6.110845,True,True,True
2025-06,LGPZ,46,0,0,0,arrivals,0.0,0.0,medium_airport,38.925499,20.765301,True,True,True
2025-06,LGPZ,45,1,0,0,departures,0.0,0.0,medium_airport,38.925499,20.765301,True,True,True
2025-06,EDDC,45,40,40,40,departures,0.8888888888888888,0.8888888888888888,large_airport,51.134123,13.767831,True,True,True
2025-06,LGPA,45,0,0,0,departures,0.0,0.0,small_airport,37.020495,25.113195,True,False,False
2025-06,LTFH,45,6,6,6,departures,0.13333333333333333,0.13333333333333333,medium_airport,41.253988,36.567546,True,True,True
2025-06,EDDC,45,38,37,37,arrivals,0.8222222222222222,0.8222222222222222,large_airport,51.134123,13.767831,True,True,True
2025-06,SKBO,45,2,0,0,arrivals,0.0,0.0,large_airport,4.70159,-74.1469,False,True,False
2025-06,LTFH,45,3,2,2,arrivals,0.044444444444444446,0.044444444444444446,medium_airport,41.253988,36.567546,True,True,True
2025-06,LIRI,44,1,0,0,departures,0.0,0.0,medium_airport,40.620399,14.9113,True,True,True
2025-06,ESSB,44,24,23,26,departures,0.5227272727272727,0.5909090909090909,medium_airport,59.354401,17.9417,True,True,True
2025-06,GEML,44,35,35,35,departures,0.7954545454545454,0.7954545454545454,medium_airport,35.2798,-2.95626,True,True,True
2025-06,BIRK,44,29,29,34,departures,0.6590909090909091,0.7727272727272727,medium_airport,64.128732,-21.93759,True,True,True
2025-06,ORER,44,0,0,0,departures,0.0,0.0,large_airport,36.236047,43.946615,True,True,True
2025-06,LFRB,44,29,29,29,arrivals,0.6590909090909091,0.6590909090909091,large_airport,48.447899,-4.41854,True,True,True
2025-06,LKMT,44,29,29,29,arrivals,0.6590909090909091,0.6590909090909091,large_airport,49.696301,18.111099,True,True,True
2025-06,ENKB,44,0,0,0,arrivals,0.0,0.0,medium_airport,63.111801,7.82452,True,True,True
2025-06,GEML,44,38,38,38,arrivals,0.8636363636363636,0.8636363636363636,medium_airport,35.2798,-2.95626,True,True,True
2025-06,LEJR,44,30,29,32,arrivals,0.6590909090909091,0.7272727272727273,medium_airport,36.744598,-6.06011,True,True,True
2025-06,BIRK,44,26,26,27,arrivals,0.5909090909090909,0.6136363636363636,medium_airport,64.128732,-21.93759,True,True,True
2025-06,ORER,44,0,0,0,arrivals,0.0,0.0,large_airport,36.236047,43.946615,True,True,True
2025-06,KDTW,43,0,0,0,departures,0.0,0.0,large_airport,42.21377,-83.353786,False,True,False
2025-06,LKMT,43,31,31,31,departures,0.7209302325581395,0.7209302325581395,large_airport,49.696301,18.111099,True,True,True
2025-06,LIBP,43,23,23,23,arrivals,0.5348837209302325,0.5348837209302325,large_airport,42.431079,14.182981,True,True,True
2025-06,ENCN,43,8,8,8,arrivals,0.18604651162790697,0.18604651162790697,large_airport,58.204201,8.08537,True,True,True
2025-06,UACC,43,0,0,0,arrivals,0.0,0.0,large_airport,51.027035,71.467094,False,True,False
2025-06,LOWI,43,24,22,22,arrivals,0.5116279069767442,0.5116279069767442,large_airport,47.260201,11.344,True,True,True
2025-06,ENEV,42,9,0,0,departures,0.0,0.0,large_airport,68.491302,16.678101,True,True,True
2025-06,ORBI,42,0,0,0,departures,0.0,0.0,large_airport,33.262501,44.2346,True,True,True
2025-06,EPMO,42,34,34,34,departures,0.8095238095238095,0.8095238095238095,large_airport,52.451099,20.6518,True,True,True
2025-06,ESMS,42,25,23,25,arrivals,0.5476190476190477,0.5952380952380952,large_airport,55.535564,13.376327,True,True,True
2025-06,LGSM,42,7,7,7,arrivals,0.16666666666666666,0.16666666666666666,medium_airport,37.689999,26.911699,True,True,True
2025-06,ENEV,42,9,0,0,arrivals,0.0,0.0,large_airport,68.491302,16.678101,True,True,True
2025-06,LIRI,42,3,0,0,arrivals,0.0,0.0,medium_airport,40.620399,14.9113,True,True,True
2025-06,KDTW,42,0,0,0,arrivals,0.0,0.0,large_airport,42.21377,-83.353786,False,True,False
2025-06,UMMS,42,0,0,4,arrivals,0.0,0.09523809523809523,large_airport,53.888071,28.039964,True,True,True
2025-06,LIBP,41,33,33,33,departures,0.8048780487804879,0.8048780487804879,large_airport,42.431079,14.182981,True,True,True
2025-06,ESMS,41,29,28,28,departures,0.6829268292682927,0.6829268292682927,large_airport,55.535564,13.376327,True,True,True
2025-06,LGSM,41,6,5,5,departures,0.12195121951219512,0.12195121951219512,medium_airport,37.689999,26.911699,True,True,True
2025-06,HKJK,41,2,0,0,departures,0.0,0.0,large_airport,-1.318886,36.928233,False,True,False
2025-06,USSS,41,0,0,0,departures,0.0,0.0,large_airport,56.743099212646,60.802700042725,False,True,False
2025-06,LIRZ,41,32,29,32,arrivals,0.7073170731707317,0.7804878048780488,large_airport,43.095901,12.5132,True,True,True
2025-06,LEJR,40,30,30,30,departures,0.75,0.75,medium_airport,36.744598,-6.06011,True,True,True
2025-06,UMMS,40,14,14,14,departures,0.35,0.35,large_airport,53.888071,28.039964,True,True,True
2025-06,GMMW,40,4,4,4,arrivals,0.1,0.1,large_airport,34.9888,-3.02821,True,True,True
2025-06,LEAM,40,29,27,28,arrivals,0.675,0.7,medium_airport,36.843899,-2.3701,True,True,True
2025-06,UWKD,40,0,0,0,arrivals,0.0,0.0,large_airport,55.606201,49.278702,True,True,True
2025-06,LGPA,40,0,0,0,arrivals,0.0,0.0,small_airport,37.020495,25.113195,True,False,False
2025-06,KIAH,40,0,0,0,arrivals,0.0,0.0,large_airport,29.9844,-95.3414,False,True,False
2025-06,EPMO,40,20,18,21,arrivals,0.45,0.525,large_airport,52.451099,20.6518,True,True,True
2025-06,LICT,40,2,2,2,arrivals,0.05,0.05,medium_airport,37.9114,12.488,True,True,True
2025-06,LEVX,40,1,1,1,arrivals,0.025,0.025,medium_airport,42.2318,-8.62677,True,True,True
2025-06,GMMW,39,29,29,29,departures,0.7435897435897436,0.7435897435897436,large_airport,34.9888,-3.02821,True,True,True
2025-06,GOBD,39,3,0,0,departures,0.0,0.0,large_airport,14.670878,-17.072829,False,True,False
2025-06,LEVT,39,0,0,0,departures,0.0,0.0,medium_airport,42.882801,-2.72447,True,True,True
2025-06,LEXJ,39,0,0,0,departures,0.0,0.0,medium_airport,43.427101,-3.82001,True,True,True
2025-06,ENHF,39,0,0,0,departures,0.0,0.0,medium_airport,70.679703,23.6686,False,True,False
2025-06,LIRZ,39,36,31,32,departures,0.7948717948717948,0.8205128205128205,large_airport,43.095901,12.5132,True,True,True
2025-06,LICT,39,5,5,5,departures,0.1282051282051282,0.1282051282051282,medium_airport,37.9114,12.488,True,True,True
2025-06,SKBO,39,0,0,0,departures,0.0,0.0,large_airport,4.70159,-74.1469,False,True,False
2025-06,LEZG,39,8,8,8,arrivals,0.20512820512820512,0.20512820512820512,large_airport,41.666199,-1.04155,True,True,True
2025-06,LEVT,39,0,0,0,arrivals,0.0,0.0,medium_airport,42.882801,-2.72447,True,True,True
2025-06,EGPB,39,0,0,0,arrivals,0.0,0.0,medium_airport,59.878899,-1.29556,True,True,True
2025-06,EDLP,39,28,27,28,arrivals,0.6923076923076923,0.717948717948718,large_airport,51.612527,8.617459,True,True,True
2025-06,LEZG,38,11,11,11,departures,0.2894736842105263,0.2894736842105263,large_airport,41.666199,-1.04155,True,True,True
2025-06,UWKD,38,0,0,0,departures,0.0,0.0,large_airport,55.606201,49.278702,True,True,True
2025-06,ESPA,38,0,0,0,departures,0.0,0.0,large_airport,65.5438,22.122,True,True,True
2025-06,EGPB,38,0,0,0,departures,0.0,0.0,medium_airport,59.878899,-1.29556,True,True,True
2025-06,GOBD,38,2,0,0,arrivals,0.0,0.0,large_airport,14.670878,-17.072829,False,True,False
2025-06,ENHF,38,0,0,0,arrivals,0.0,0.0,medium_airport,70.679703,23.6686,False,True,False
2025-06,USSS,38,0,0,0,arrivals,0.0,0.0,large_airport,56.743099212646,60.802700042725,False,True,False
2025-06,LPLA,38,1,0,0,arrivals,0.0,0.0,medium_airport,38.761799,-27.090799,False,True,False
2025-06,LEAM,37,27,26,26,departures,0.7027027027027027,0.7027027027027027,medium_airport,36.843899,-2.3701,True,True,True
2025-06,LIPY,37,1,1,1,departures,0.02702702702702703,0.02702702702702703,medium_airport,43.616299,13.3623,True,True,True
2025-06,LGSK,37,2,2,2,departures,0.05405405405405406,0.05405405405405406,medium_airport,39.177101,23.5037,True,True,True
2025-06,LOWL,37,23,22,22,departures,0.5945945945945946,0.5945945945945946,large_airport,48.235362,14.188128,True,True,True
2025-06,KMSP,37,1,0,0,departures,0.0,0.0,large_airport,44.880081,-93.221741,False,True,False
2025-06,LEVX,37,3,3,3,departures,0.08108108108108109,0.08108108108108109,medium_airport,42.2318,-8.62677,True,True,True
2025-06,RJAA,37,0,0,0,arrivals,0.0,0.0,large_airport,35.76858,140.388714,False,True,False
2025-06,KDEN,37,2,0,0,arrivals,0.0,0.0,large_airport,39.860027,-104.673792,False,True,False
2025-06,ESSB,37,24,16,24,arrivals,0.43243243243243246,0.6486486486486487,medium_airport,59.354401,17.9417,True,True,True
2025-06,LEXJ,37,1,0,0,arrivals,0.0,0.0,medium_airport,43.427101,-3.82001,True,True,True
2025-06,LGSK,37,18,18,18,arrivals,0.4864864864864865,0.4864864864864865,medium_airport,39.177101,23.5037,True,True,True
2025-06,EGTE,36,27,27,27,departures,0.75,0.75,medium_airport,50.734261,-3.413984,True,True,True
2025-06,SAEZ,36,0,0,0,departures,0.0,0.0,large_airport,-34.8222,-58.5358,False,True,False
2025-06,LECO,36,29,29,29,departures,0.8055555555555556,0.8055555555555556,medium_airport,43.302101,-8.37726,True,True,True
2025-06,GVAC,36,2,0,0,departures,0.0,0.0,large_airport,16.7414,-22.9494,False,True,False
2025-06,LPLA,36,7,0,0,departures,0.0,0.0,medium_airport,38.761799,-27.090799,False,True,False
2025-06,EGTE,36,25,25,26,arrivals,0.6944444444444444,0.7222222222222222,medium_airport,50.734261,-3.413984,True,True,True
2025-06,LTFO,36,0,0,0,arrivals,0.0,0.0,large_airport,41.179766,40.848802,True,True,True
2025-06,LIPY,36,6,6,7,arrivals,0.16666666666666666,0.19444444444444445,medium_airport,43.616299,13.3623,True,True,True
2025-06,CYVR,36,2,0,0,arrivals,0.0,0.0,large_airport,49.193901,-123.183998,False,True,False
2025-06,BGGH,36,1,0,0,arrivals,0.0,0.0,large_airport,64.191066,-51.67914,False,True,False
2025-06,LTFO,35,0,0,0,departures,0.0,0.0,large_airport,41.179766,40.848802,True,True,True
2025-06,LZKZ,35,22,22,22,departures,0.6285714285714286,0.6285714285714286,medium_airport,48.663101,21.2411,True,True,True
2025-06,EGMC,35,26,26,26,departures,0.7428571428571429,0.7428571428571429,medium_airport,51.570562,0.693627,True,True,True
2025-06,KDEN,35,1,0,0,departures,0.0,0.0,large_airport,39.860027,-104.673792,False,True,False
2025-06,EDLP,35,24,24,24,departures,0.6857142857142857,0.6857142857142857,large_airport,51.612527,8.617459,True,True,True
2025-06,KMCO,35,1,0,0,arrivals,0.0,0.0,large_airport,28.429399490356445,-81.30899810791016,False,True,False
2025-06,LECO,35,28,28,29,arrivals,0.8,0.8285714285714286,medium_airport,43.302101,-8.37726,True,True,True
2025-06,LTFG,35,24,24,24,arrivals,0.6857142857142857,0.6857142857142857,medium_airport,36.298832,32.297017,True,True,True
2025-06,ESPA,35,0,0,0,arrivals,0.0,0.0,large_airport,65.5438,22.122,True,True,True
2025-06,GVAC,35,0,0,0,arrivals,0.0,0.0,large_airport,16.7414,-22.9494,False,True,False
2025-06,LEGR,34,0,0,0,departures,0.0,0.0,medium_airport,37.188702,-3.77736,True,True,True
2025-06,CYVR,34,0,0,0,departures,0.0,0.0,large_airport,49.193901,-123.183998,False,True,False
2025-06,LTFG,34,26,26,26,departures,0.7647058823529411,0.7647058823529411,medium_airport,36.298832,32.297017,True,True,True
2025-06,GMFO,34,5,4,4,departures,0.11764705882352941,0.11764705882352941,large_airport,34.789558,-1.926041,True,True,True
2025-06,LZKZ,34,20,20,21,arrivals,0.5882352941176471,0.6176470588235294,medium_airport,48.663101,21.2411,True,True,True
2025-06,ZGGG,34,0,0,0,arrivals,0.0,0.0,large_airport,23.392401,113.299004,False,True,False
2025-06,LEGR,34,2,1,1,arrivals,0.029411764705882353,0.029411764705882353,medium_airport,37.188702,-3.77736,True,True,True
2025-06,LGMT,34,21,21,21,arrivals,0.6176470588235294,0.6176470588235294,medium_airport,39.057406,26.598629,True,True,True
2025-06,GMFO,34,9,9,9,arrivals,0.2647058823529412,0.2647058823529412,large_airport,34.789558,-1.926041,True,True,True
2025-06,LOWL,34,23,21,23,arrivals,0.6176470588235294,0.6764705882352942,large_airport,48.235362,14.188128,True,True,True
2025-06,KMSP,34,0,0,0,arrivals,0.0,0.0,large_airport,44.880081,-93.221741,False,True,False
2025-06,LICR,34,0,0,0,arrivals,0.0,0.0,medium_airport,38.071201,15.6516,True,True,True
2025-06,LGMT,33,19,19,19,departures,0.5757575757575758,0.5757575757575758,medium_airport,39.057406,26.598629,True,True,True
2025-06,DNMM,33,1,0,0,departures,0.0,0.0,large_airport,6.57737,3.32116,False,True,False
2025-06,LTCI,33,0,0,0,departures,0.0,0.0,medium_airport,38.46820068359375,43.332298278808594,True,True,True
2025-06,LICR,33,0,0,0,departures,0.0,0.0,medium_airport,38.071201,15.6516,True,True,True
2025-06,KCLT,33,0,0,0,departures,0.0,0.0,large_airport,35.2140007019043,-80.94309997558594,False,True,False
2025-06,LOWI,33,23,22,22,departures,0.6666666666666666,0.6666666666666666,large_airport,47.260201,11.344,True,True,True
2025-06,EGMC,33,25,25,25,arrivals,0.7575757575757576,0.7575757575757576,medium_airport,51.570562,0.693627,True,True,True
2025-06,EKAH,33,18,17,17,arrivals,0.5151515151515151,0.5151515151515151,large_airport,56.303331,10.618286,True,True,True
2025-06,LFRN,32,22,22,22,departures,0.6875,0.6875,medium_airport,48.0695,-1.73479,True,True,True
2025-06,EGWU,32,17,16,17,departures,0.5,0.53125,medium_airport,51.553001,-0.418167,True,True,True
2025-06,EKAH,32,19,19,19,departures,0.59375,0.59375,large_airport,56.303331,10.618286,True,True,True
2025-06,LTCB,32,8,8,8,departures,0.25,0.25,medium_airport,40.966872,38.085995,True,True,True
2025-06,LEMI,32,22,22,22,arrivals,0.6875,0.6875,large_airport,37.802852,-1.124884,True,True,True
2025-06,DNMM,32,1,0,0,arrivals,0.0,0.0,large_airport,6.57737,3.32116,False,True,False
2025-06,LTCI,32,0,0,0,arrivals,0.0,0.0,medium_airport,38.46820068359375,43.332298278808594,True,True,True
2025-06,KCLT,32,0,0,0,arrivals,0.0,0.0,large_airport,35.2140007019043,-80.94309997558594,False,True,False
2025-06,KMCO,31,0,0,0,departures,0.0,0.0,large_airport,28.429399490356445,-81.30899810791016,False,True,False
2025-06,LEMI,31,23,23,23,departures,0.7419354838709677,0.7419354838709677,large_airport,37.802852,-1.124884,True,True,True
2025-06,EDMO,31,19,18,21,departures,0.5806451612903226,0.6774193548387096,medium_airport,48.081402,11.2831,True,True,True
2025-06,ENHD,31,1,1,1,departures,0.03225806451612903,0.03225806451612903,medium_airport,59.345299,5.20836,True,True,True
2025-06,EIKN,31,21,21,21,departures,0.6774193548387096,0.6774193548387096,large_airport,53.910439,-8.817002,True,True,True
2025-06,SAEZ,31,1,0,0,arrivals,0.0,0.0,large_airport,-34.8222,-58.5358,False,True,False
2025-06,ZHCC,31,0,0,0,arrivals,0.0,0.0,large_airport,34.526497,113.849165,False,True,False
2025-06,LFRN,31,21,21,21,arrivals,0.6774193548387096,0.6774193548387096,medium_airport,48.0695,-1.73479,True,True,True
2025-06,FAOR,31,0,0,0,arrivals,0.0,0.0,large_airport,-26.140081,28.246801,False,True,False
2025-06,LTCE,31,0,0,0,arrivals,0.0,0.0,medium_airport,39.956501,41.1702,True,True,True
2025-06,RCTP,31,0,0,0,arrivals,0.0,0.0,large_airport,25.0777,121.233002,False,True,False
2025-06,LGNX,30,0,0,0,departures,0.0,0.0,small_airport,37.0811,25.368099,True,False,False
2025-06,ZGGG,30,0,0,0,departures,0.0,0.0,large_airport,23.392401,113.299004,False,True,False
2025-06,URMM,30,0,0,0,departures,0.0,0.0,large_airport,44.225101,43.081902,True,True,True
2025-06,BGGH,30,0,0,0,departures,0.0,0.0,large_airport,64.191066,-51.67914,False,True,False
2025-06,EGPK,30,23,23,26,departures,0.7666666666666667,0.8666666666666667,large_airport,55.501499,-4.577182,True,True,True
2025-06,LGNX,30,0,0,0,arrivals,0.0,0.0,small_airport,37.0811,25.368099,True,False,False
2025-06,LTCB,30,7,7,8,arrivals,0.23333333333333334,0.26666666666666666,medium_airport,40.966872,38.085995,True,True,True
2025-06,EIKN,30,20,20,20,arrivals,0.6666666666666666,0.6666666666666666,large_airport,53.910439,-8.817002,True,True,True
2025-06,LTAZ,29,0,0,0,departures,0.0,0.0,large_airport,38.7719,34.5345,True,True,True
2025-06,EBAW,29,11,10,13,departures,0.3448275862068966,0.4482758620689655,medium_airport,51.190667,4.463153,True,True,True
2025-06,FAOR,29,0,0,0,departures,0.0,0.0,large_airport,-26.140081,28.246801,False,True,False
2025-06,LTCE,29,0,0,0,departures,0.0,0.0,medium_airport,39.956501,41.1702,True,True,True
2025-06,EGPA,29,0,0,0,departures,0.0,0.0,medium_airport,58.957903,-2.905077,True,True,True
2025-06,ENHD,29,6,6,6,arrivals,0.20689655172413793,0.20689655172413793,medium_airport,59.345299,5.20836,True,True,True
2025-06,LTAZ,29,2,0,0,arrivals,0.0,0.0,large_airport,38.7719,34.5345,True,True,True
2025-06,DGAA,29,2,0,0,arrivals,0.0,0.0,large_airport,5.605189800262451,-0.1667860001325607,False,True,False
2025-06,URMM,29,0,0,0,arrivals,0.0,0.0,large_airport,44.225101,43.081902,True,True,True
2025-06,EGPK,29,20,20,21,arrivals,0.6896551724137931,0.7241379310344828,large_airport,55.501499,-4.577182,True,True,True
2025-06,EGHQ,28,17,17,17,departures,0.6071428571428571,0.6071428571428571,medium_airport,50.440601,-4.99541,True,True,True
2025-06,VOBL,28,0,0,0,departures,0.0,0.0,large_airport,13.1979,77.706299,False,True,False
2025-06,UCFM,28,0,0,0,departures,0.0,0.0,,,,False,False,False
2025-06,ESNU,28,0,0,0,departures,0.0,0.0,large_airport,63.791801,20.282801,True,True,True
2025-06,EGHQ,28,16,16,16,arrivals,0.5714285714285714,0.5714285714285714,medium_airport,50.440601,-4.99541,True,True,True
2025-06,DGAA,27,2,0,0,departures,0.0,0.0,large_airport,5.605189800262451,-0.1667860001325607,False,True,False
2025-06,UTAA,27,0,0,0,departures,0.0,0.0,large_airport,37.986801,58.361,False,True,False
2025-06,ENBN,27,0,0,0,departures,0.0,0.0,medium_airport,65.461098,12.2175,True,True,True
2025-06,LICD,27,2,2,2,departures,0.07407407407407407,0.07407407407407407,medium_airport,35.497898,12.6181,True,True,True
2025-06,LTCA,27,0,0,0,departures,0.0,0.0,medium_airport,38.597974,39.28348,True,True,True
2025-06,LFKC,27,23,23,25,arrivals,0.8518518518518519,0.9259259259259259,medium_airport,42.530422,8.792984,True,True,True
2025-06,HKJK,27,0,0,0,arrivals,0.0,0.0,large_airport,-1.318886,36.928233,False,True,False
2025-06,EGWU,27,15,9,13,arrivals,0.3333333333333333,0.48148148148148145,medium_airport,51.553001,-0.418167,True,True,True
2025-06,LTAN,27,0,0,0,arrivals,0.0,0.0,large_airport,37.979,32.561901,True,True,True
2025-06,LICD,27,1,1,1,arrivals,0.037037037037037035,0.037037037037037035,medium_airport,35.497898,12.6181,True,True,True
2025-06,LIPB,27,3,3,3,arrivals,0.1111111111111111,0.1111111111111111,medium_airport,46.459245,11.326125,True,True,True
2025-06,LTCA,27,0,0,0,arrivals,0.0,0.0,medium_airport,38.597974,39.28348,True,True,True
2025-06,LPCS,26,20,18,22,departures,0.6923076923076923,0.8461538461538461,medium_airport,38.724998,-9.35523,True,True,True
2025-06,LFKC,26,22,22,22,departures,0.8461538461538461,0.8461538461538461,medium_airport,42.530422,8.792984,True,True,True
2025-06,LTAT,26,1,0,0,departures,0.0,0.0,medium_airport,38.4352989197,38.0909996033,True,True,True
2025-06,LTAN,26,0,0,0,departures,0.0,0.0,large_airport,37.979,32.561901,True,True,True
2025-06,LIPB,26,2,2,2,departures,0.07692307692307693,0.07692307692307693,medium_airport,46.459245,11.326125,True,True,True
2025-06,LRBS,26,8,8,8,departures,0.3076923076923077,0.3076923076923077,large_airport,44.503133,26.102944,True,True,True
2025-06,CYYC,26,0,0,0,departures,0.0,0.0,large_airport,51.118822,-114.009933,False,True,False
2025-06,LTCS,26,0,0,0,departures,0.0,0.0,large_airport,37.445663,38.895592,True,True,True
2025-06,RCTP,26,0,0,0,departures,0.0,0.0,large_airport,25.0777,121.233002,False,True,False
2025-06,ENBN,26,0,0,0,arrivals,0.0,0.0,medium_airport,65.461098,12.2175,True,True,True
2025-06,EGPA,26,0,0,0,arrivals,0.0,0.0,medium_airport,58.957903,-2.905077,True,True,True
2025-06,CYYC,26,0,0,0,arrivals,0.0,0.0,large_airport,51.118822,-114.009933,False,True,False
2025-06,LTCS,26,0,0,0,arrivals,0.0,0.0,large_airport,37.445663,38.895592,True,True,True
2025-06,ESNU,26,0,0,0,arrivals,0.0,0.0,large_airport,63.791801,20.282801,True,True,True
2025-06,LGHI,26,0,0,0,arrivals,0.0,0.0,medium_airport,38.34320068359375,26.140600204467773,True,True,True
2025-06,EHBK,25,15,13,13,departures,0.52,0.52,large_airport,50.911087,5.769401,True,True,True
2025-06,LFMP,25,13,12,12,departures,0.48,0.48,medium_airport,42.740398,2.87067,True,True,True
2025-06,LGML,25,0,0,0,departures,0.0,0.0,small_airport,36.696899,24.4769,True,False,False
2025-06,EGSH,25,14,14,14,departures,0.56,0.56,medium_airport,52.6758,1.28278,True,True,True
2025-06,EFOU,25,0,0,0,departures,0.0,0.0,large_airport,64.930099,25.354601,True,True,True
2025-06,LGKL,25,7,7,7,departures,0.28,0.28,medium_airport,37.06829833984375,22.02549934387207,True,True,True
2025-06,LGHI,25,0,0,0,departures,0.0,0.0,medium_airport,38.34320068359375,26.140600204467773,True,True,True
2025-06,LPCS,25,13,9,17,arrivals,0.36,0.68,medium_airport,38.724998,-9.35523,True,True,True
2025-06,OOMS,25,0,0,0,arrivals,0.0,0.0,large_airport,23.600218,58.285268,False,True,False
2025-06,UCFM,25,0,0,0,arrivals,0.0,0.0,,,,False,False,False
2025-06,EBAW,25,13,10,15,arrivals,0.4,0.6,medium_airport,51.190667,4.463153,True,True,True
2025-06,EGSH,25,14,14,14,arrivals,0.56,0.56,medium_airport,52.6758,1.28278,True,True,True
2025-06,EFOU,25,0,0,0,arrivals,0.0,0.0,large_airport,64.930099,25.354601,True,True,True
2025-06,LGKL,25,10,10,10,arrivals,0.4,0.4,medium_airport,37.06829833984375,22.02549934387207,True,True,True
2025-06,OOMS,24,0,0,0,departures,0.0,0.0,large_airport,23.600218,58.285268,False,True,False
2025-06,LFRK,24,12,11,11,departures,0.4583333333333333,0.4583333333333333,medium_airport,49.17678,-0.454883,True,True,True
2025-06,MMUN,24,0,0,0,departures,0.0,0.0,large_airport,21.040817,-86.87347,False,True,False
2025-06,LICG,24,2,1,1,departures,0.041666666666666664,0.041666666666666664,medium_airport,36.816502,11.9689,True,True,True
2025-06,LIPR,24,14,14,17,departures,0.5833333333333334,0.7083333333333334,large_airport,44.020024,12.612198,True,True,True
2025-06,EKVG,24,0,0,0,departures,0.0,0.0,large_airport,62.063256,-7.275782,True,True,True
2025-06,ENAT,24,0,0,0,departures,0.0,0.0,medium_airport,69.976097,23.3717,True,True,True
2025-06,ENFL,24,0,0,0,departures,0.0,0.0,medium_airport,61.583599090576,5.0247201919556,True,True,True
2025-06,EHBK,24,13,12,13,arrivals,0.5,0.5416666666666666,large_airport,50.911087,5.769401,True,True,True
2025-06,LFMP,24,14,12,13,arrivals,0.5,0.5416666666666666,medium_airport,42.740398,2.87067,True,True,True
2025-06,LESO,24,3,0,0,arrivals,0.0,0.0,medium_airport,43.356499,-1.79061,True,True,True
2025-06,LTAT,24,0,0,0,arrivals,0.0,0.0,medium_airport,38.4352989197,38.0909996033,True,True,True
2025-06,LIPR,24,14,12,15,arrivals,0.5,0.625,large_airport,44.020024,12.612198,True,True,True
2025-06,EKVG,24,0,0,0,arrivals,0.0,0.0,large_airport,62.063256,-7.275782,True,True,True
2025-06,ENAT,24,0,0,0,arrivals,0.0,0.0,medium_airport,69.976097,23.3717,True,True,True
2025-06,ENFL,24,0,0,0,arrivals,0.0,0.0,medium_airport,61.583599090576,5.0247201919556,True,True,True
2025-06,ENLK,23,10,0,0,departures,0.0,0.0,medium_airport,68.152496337891,13.609399795532,True,True,True
2025-06,ENKR,23,0,0,0,departures,0.0,0.0,medium_airport,69.7258,29.8913,True,True,True
2025-06,RJAA,23,0,0,0,departures,0.0,0.0,large_airport,35.76858,140.388714,False,True,False
2025-06,LESO,23,1,0,0,departures,0.0,0.0,medium_airport,43.356499,-1.79061,True,True,True
2025-06,ZGSZ,23,0,0,0,departures,0.0,0.0,large_airport,22.639474,113.803262,False,True,False
2025-06,ESSV,23,0,0,0,departures,0.0,0.0,large_airport,57.6628,18.346201,True,True,True
2025-06,UWWW,23,0,0,0,departures,0.0,0.0,large_airport,53.504902,50.164299,False,True,False
2025-06,ENOV,23,0,0,0,departures,0.0,0.0,medium_airport,62.180000305176,6.0741000175476,True,True,True
2025-06,EDDR,23,13,13,13,departures,0.5652173913043478,0.5652173913043478,medium_airport,49.214545,7.109735,True,True,True
2025-06,LFBT,23,15,15,15,departures,0.6521739130434783,0.6521739130434783,medium_airport,43.178699,-0.006439,True,True,True
2025-06,KMEM,23,0,0,0,arrivals,0.0,0.0,large_airport,35.043845,-89.97634,False,True,False
2025-06,ENKR,23,0,0,0,arrivals,0.0,0.0,medium_airport,69.7258,29.8913,True,True,True
2025-06,WMKK,23,0,0,0,arrivals,0.0,0.0,large_airport,2.74558,101.709999,False,True,False
2025-06,MMUN,23,0,0,0,arrivals,0.0,0.0,large_airport,21.040817,-86.87347,False,True,False
2025-06,LICG,23,3,3,3,arrivals,0.13043478260869565,0.13043478260869565,medium_airport,36.816502,11.9689,True,True,True
2025-06,EGPO,23,1,0,0,arrivals,0.0,0.0,medium_airport,58.215599,-6.33111,True,True,True
2025-06,LLER,22,0,0,0,departures,0.0,0.0,large_airport,29.727009,35.014116,True,True,True
2025-06,EIKY,22,17,17,17,departures,0.7727272727272727,0.7727272727272727,medium_airport,52.180901,-9.52378,True,True,True
2025-06,LGKP,22,0,0,0,departures,0.0,0.0,medium_airport,35.421398,27.146,True,True,True
2025-06,UWUU,22,0,0,0,departures,0.0,0.0,large_airport,54.557498931885,55.874401092529,False,True,False
2025-06,LFBP,22,10,10,10,departures,0.45454545454545453,0.45454545454545453,medium_airport,43.380001,-0.418611,True,True,True
2025-06,GCHI,22,0,0,0,departures,0.0,0.0,medium_airport,27.8148,-17.8871,True,True,True
2025-06,EGNV,22,11,11,11,departures,0.5,0.5,medium_airport,54.509201,-1.42941,True,True,True
2025-06,LRSB,22,0,0,0,departures,0.0,0.0,large_airport,45.785841,24.086666,True,True,True
2025-06,EGPO,22,0,0,0,departures,0.0,0.0,medium_airport,58.215599,-6.33111,True,True,True
2025-06,LSGS,22,0,0,0,departures,0.0,0.0,medium_airport,46.219166,7.326944,True,True,True
2025-06,EDXW,22,18,16,16,departures,0.7272727272727273,0.7272727272727273,medium_airport,54.9132,8.34047,True,True,True
2025-06,LRCV,22,0,0,0,departures,0.0,0.0,large_airport,44.3181,23.888599,True,True,True
2025-06,EPSC,22,6,6,6,departures,0.2727272727272727,0.2727272727272727,large_airport,53.584702,14.9022,True,True,True
2025-06,LLER,22,0,0,0,arrivals,0.0,0.0,large_airport,29.727009,35.014116,True,True,True
2025-06,EDMO,22,13,10,19,arrivals,0.45454545454545453,0.8636363636363636,medium_airport,48.081402,11.2831,True,True,True
2025-06,ENLK,22,7,0,0,arrivals,0.0,0.0,medium_airport,68.152496337891,13.609399795532,True,True,True
2025-06,LGKP,22,0,0,0,arrivals,0.0,0.0,medium_airport,35.421398,27.146,True,True,True
2025-06,LFRK,22,16,15,17,arrivals,0.6818181818181818,0.7727272727272727,medium_airport,49.17678,-0.454883,True,True,True
2025-06,LFBP,22,15,15,15,arrivals,0.6818181818181818,0.6818181818181818,medium_airport,43.380001,-0.418611,True,True,True
2025-06,ESSV,22,1,1,1,arrivals,0.045454545454545456,0.045454545454545456,large_airport,57.6628,18.346201,True,True,True
2025-06,UWWW,22,0,0,0,arrivals,0.0,0.0,large_airport,53.504902,50.164299,False,True,False
2025-06,GCHI,22,0,0,0,arrivals,0.0,0.0,medium_airport,27.8148,-17.8871,True,True,True
2025-06,ENOV,22,1,0,0,arrivals,0.0,0.0,medium_airport,62.180000305176,6.0741000175476,True,True,True
2025-06,EDDR,22,12,12,12,arrivals,0.5454545454545454,0.5454545454545454,medium_airport,49.214545,7.109735,True,True,True
2025-06,LFBT,22,14,14,14,arrivals,0.6363636363636364,0.6363636363636364,medium_airport,43.178699,-0.006439,True,True,True
2025-06,LRSB,22,0,0,0,arrivals,0.0,0.0,large_airport,45.785841,24.086666,True,True,True
2025-06,EDXW,22,17,14,17,arrivals,0.6363636363636364,0.7727272727272727,medium_airport,54.9132,8.34047,True,True,True
2025-06,EPSC,22,2,0,0,arrivals,0.0,0.0,large_airport,53.584702,14.9022,True,True,True
2025-06,LRSV,21,0,0,0,departures,0.0,0.0,large_airport,47.6875,26.354099,True,True,True
2025-06,ENSG,21,4,0,0,departures,0.0,0.0,small_airport,61.156101,7.13778,True,False,False
2025-06,OEDF,21,0,0,0,departures,0.0,0.0,large_airport,26.4691,49.798209,False,True,False
2025-06,SBGL,21,0,0,0,departures,0.0,0.0,large_airport,-22.809999,-43.250557,False,True,False
2025-06,LDRI,21,0,0,0,departures,0.0,0.0,large_airport,45.216376,14.57085,True,True,True
2025-06,BIAR,21,0,0,0,departures,0.0,0.0,large_airport,65.656573,-18.072018,True,True,True
2025-06,ENSG,21,6,0,0,arrivals,0.0,0.0,small_airport,61.156101,7.13778,True,False,False
2025-06,EIKY,21,16,15,15,arrivals,0.7142857142857143,0.7142857142857143,medium_airport,52.180901,-9.52378,True,True,True
2025-06,VOBL,21,0,0,0,arrivals,0.0,0.0,large_airport,13.1979,77.706299,False,True,False
2025-06,SBGL,21,0,0,0,arrivals,0.0,0.0,large_airport,-22.809999,-43.250557,False,True,False
2025-06,LFLC,21,16,15,16,arrivals,0.7142857142857143,0.7619047619047619,large_airport,45.786701,3.16917,True,True,True
2025-06,UWUU,21,0,0,0,arrivals,0.0,0.0,large_airport,54.557498931885,55.874401092529,False,True,False
2025-06,ZGSZ,21,0,0,0,arrivals,0.0,0.0,large_airport,22.639474,113.803262,False,True,False
2025-06,LGML,21,0,0,0,arrivals,0.0,0.0,small_airport,36.696899,24.4769,True,False,False
2025-06,ZWWW,21,0,0,0,arrivals,0.0,0.0,large_airport,43.913584,87.479372,False,True,False
2025-06,LRBS,21,5,4,5,arrivals,0.19047619047619047,0.23809523809523808,large_airport,44.503133,26.102944,True,True,True
2025-06,EGNV,21,12,12,12,arrivals,0.5714285714285714,0.5714285714285714,medium_airport,54.509201,-1.42941,True,True,True
2025-06,LSZB,21,7,7,12,arrivals,0.3333333333333333,0.5714285714285714,medium_airport,46.912736,7.498819,True,True,True
2025-06,LDRI,21,0,0,0,arrivals,0.0,0.0,large_airport,45.216376,14.57085,True,True,True
2025-06,BIAR,21,0,0,0,arrivals,0.0,0.0,large_airport,65.656573,-18.072018,True,True,True
2025-06,LRCV,21,0,0,0,arrivals,0.0,0.0,large_airport,44.3181,23.888599,True,True,True
2025-06,WMKK,20,0,0,0,departures,0.0,0.0,large_airport,2.74558,101.709999,False,True,False
2025-06,DABC,20,0,0,0,departures,0.0,0.0,large_airport,36.276001,6.62039,True,True,True
2025-06,SPJC,20,0,0,0,departures,0.0,0.0,,,,False,False,False
2025-06,LSZB,20,9,9,9,departures,0.45,0.45,medium_airport,46.912736,7.498819,True,True,True
2025-06,LTCR,20,0,0,0,departures,0.0,0.0,medium_airport,37.2233009338,40.6316986084,True,True,True
2025-06,LRSV,20,0,0,0,arrivals,0.0,0.0,large_airport,47.6875,26.354099,True,True,True
2025-06,OEDF,20,0,0,0,arrivals,0.0,0.0,large_airport,26.4691,49.798209,False,True,False
2025-06,HLLM,20,3,3,3,arrivals,0.15,0.15,large_airport,32.89177,13.287878,True,True,True
2025-06,EGNJ,20,3,3,3,arrivals,0.15,0.15,medium_airport,53.576152,-0.34954,True,True,True
2025-06,DABC,20,1,1,1,arrivals,0.05,0.05,large_airport,36.276001,6.62039,True,True,True
2025-06,GMTN,20,18,17,17,arrivals,0.85,0.85,large_airport,35.594299,-5.32002,True,True,True
2025-06,SPJC,20,0,0,0,arrivals,0.0,0.0,,,,False,False,False
2025-06,LSGS,20,0,0,0,arrivals,0.0,0.0,medium_airport,46.219166,7.326944,True,True,True
2025-06,LTCR,20,0,0,0,arrivals,0.0,0.0,medium_airport,37.2233009338,40.6316986084,True,True,True
2025-06,ENSK,19,14,0,0,departures,0.0,0.0,medium_airport,68.578827,15.033417,True,True,True
2025-06,HLLM,19,1,1,1,departures,0.05263157894736842,0.05263157894736842,large_airport,32.89177,13.287878,True,True,True
2025-06,ENVD,19,0,0,0,departures,0.0,0.0,medium_airport,70.0653,29.8447,True,True,True
2025-06,LTCJ,19,0,0,0,departures,0.0,0.0,medium_airport,37.929001,41.1166,True,True,True
2025-06,LSZR,19,17,16,17,departures,0.8421052631578947,0.8947368421052632,medium_airport,47.485001,9.56077,True,True,True
2025-06,LRBC,19,2,2,2,departures,0.10526315789473684,0.10526315789473684,large_airport,46.5219,26.910299,True,True,True
2025-06,EGTK,19,11,10,10,departures,0.5263157894736842,0.5263157894736842,medium_airport,51.836899,-1.32,True,True,True
2025-06,DIAP,19,3,0,0,departures,0.0,0.0,large_airport,5.26139,-3.92629,False,True,False
2025-06,GMTN,19,16,16,16,departures,0.8421052631578947,0.8421052631578947,large_airport,35.594299,-5.32002,True,True,True
2025-06,KCVG,19,0,0,0,departures,0.0,0.0,large_airport,39.048801,-84.667801,False,True,False
2025-06,LOWK,19,1,1,1,departures,0.05263157894736842,0.05263157894736842,large_airport,46.642502,14.3377,True,True,True
2025-06,EFTU,19,5,5,5,departures,0.2631578947368421,0.2631578947368421,large_airport,60.514099,22.2628,True,True,True
2025-06,KLAS,19,0,0,0,arrivals,0.0,0.0,large_airport,36.083361,-115.151817,False,True,False
2025-06,ENSK,19,9,0,0,arrivals,0.0,0.0,medium_airport,68.578827,15.033417,True,True,True
2025-06,LTCJ,19,0,0,0,arrivals,0.0,0.0,medium_airport,37.929001,41.1166,True,True,True
2025-06,LSZR,19,17,15,16,arrivals,0.7894736842105263,0.8421052631578947,medium_airport,47.485001,9.56077,True,True,True
2025-06,LRBC,19,1,0,0,arrivals,0.0,0.0,large_airport,46.5219,26.910299,True,True,True
2025-06,UTAA,19,0,0,0,arrivals,0.0,0.0,large_airport,37.986801,58.361,False,True,False
2025-06,LFTZ,19,1,0,0,arrivals,0.0,0.0,small_airport,43.205399,6.482,True,False,False
2025-06,LFLC,18,15,14,14,departures,0.7777777777777778,0.7777777777777778,large_airport,45.786701,3.16917,True,True,True
2025-06,EBOS,18,8,8,8,departures,0.4444444444444444,0.4444444444444444,large_airport,51.1998,2.874673,True,True,True
2025-06,EYPA,18,11,11,11,departures,0.6111111111111112,0.6111111111111112,large_airport,55.973202,21.093901,True,True,True
2025-06,EGJA,18,12,12,12,departures,0.6666666666666666,0.6666666666666666,medium_airport,49.706104,-2.21472,True,True,True
2025-06,ZUTF,18,0,0,0,departures,0.0,0.0,large_airport,30.31252,104.441284,False,True,False
2025-06,EGJA,18,12,12,12,arrivals,0.6666666666666666,0.6666666666666666,medium_airport,49.706104,-2.21472,True,True,True
2025-06,LIPO,18,10,5,6,arrivals,0.2777777777777778,0.3333333333333333,medium_airport,45.428902,10.3306,True,True,True
2025-06,ZUTF,18,0,0,0,arrivals,0.0,0.0,large_airport,30.31252,104.441284,False,True,False
2025-06,ZUUU,18,0,0,0,arrivals,0.0,0.0,large_airport,30.558257,103.945966,False,True,False
2025-06,LOWK,18,0,0,0,arrivals,0.0,0.0,large_airport,46.642502,14.3377,True,True,True
2025-06,EFTU,18,4,4,4,arrivals,0.2222222222222222,0.2222222222222222,large_airport,60.514099,22.2628,True,True,True
2025-06,KLAS,17,0,0,0,departures,0.0,0.0,large_airport,36.083361,-115.151817,False,True,False
2025-06,LGAL,17,3,3,3,departures,0.17647058823529413,0.17647058823529413,medium_airport,40.8559,25.956301,True,True,True
2025-06,EBKT,17,13,13,16,departures,0.7647058823529411,0.9411764705882353,medium_airport,50.818878,3.209551,True,True,True
2025-06,KMEM,17,0,0,0,departures,0.0,0.0,large_airport,35.043845,-89.97634,False,True,False
2025-06,FNLU,17,0,0,0,departures,0.0,0.0,large_airport,-8.85837,13.2312,False,True,False
2025-06,EPLL,17,5,5,5,departures,0.29411764705882354,0.29411764705882354,large_airport,51.721901,19.3981,True,True,True
2025-06,EFRO,17,0,0,0,departures,0.0,0.0,large_airport,66.563327,25.829751,True,True,True
2025-06,LPAZ,17,6,6,6,departures,0.35294117647058826,0.35294117647058826,medium_airport,36.97140121459961,-25.17060089111328,True,True,True
2025-06,LQBK,17,0,0,0,departures,0.0,0.0,large_airport,44.941399,17.297501,True,True,True
2025-06,ENML,17,0,0,0,departures,0.0,0.0,medium_airport,62.744701,7.2625,True,True,True
2025-06,SCEL,17,0,0,0,departures,0.0,0.0,large_airport,-33.393001556396484,-70.78579711914062,False,True,False
2025-06,ZSHC,17,0,0,0,arrivals,0.0,0.0,large_airport,30.23609,120.428865,False,True,False
2025-06,EBOS,17,8,8,8,arrivals,0.47058823529411764,0.47058823529411764,large_airport,51.1998,2.874673,True,True,True
2025-06,EYPA,17,4,4,5,arrivals,0.23529411764705882,0.29411764705882354,large_airport,55.973202,21.093901,True,True,True
2025-06,EFRO,17,0,0,0,arrivals,0.0,0.0,large_airport,66.563327,25.829751,True,True,True
2025-06,GVBA,17,0,0,0,arrivals,0.0,0.0,large_airport,16.136499,-22.888901,False,True,False
2025-06,LQBK,17,0,0,0,arrivals,0.0,0.0,large_airport,44.941399,17.297501,True,True,True
2025-06,KCVG,17,0,0,0,arrivals,0.0,0.0,large_airport,39.048801,-84.667801,False,True,False
2025-06,BGJN,17,1,0,0,arrivals,0.0,0.0,medium_airport,69.243202,-51.057098,False,True,False
2025-06,DIAP,17,1,0,0,arrivals,0.0,0.0,large_airport,5.26139,-3.92629,False,True,False
2025-06,LTCF,16,0,0,0,departures,0.0,0.0,medium_airport,40.562198638916016,43.1150016784668,True,True,True
2025-06,LFBE,16,12,12,12,departures,0.75,0.75,medium_airport,44.825298,0.518611,True,True,True
2025-06,UAII,16,0,0,0,departures,0.0,0.0,large_airport,42.365021,69.47564,False,True,False
2025-06,EPLB,16,10,10,10,departures,0.625,0.625,large_airport,51.240157,22.713461,True,True,True
2025-06,EKEB,16,1,1,1,departures,0.0625,0.0625,medium_airport,55.525902,8.5534,True,True,True
2025-06,LFBL,16,0,0,0,departures,0.0,0.0,medium_airport,45.862801,1.17944,True,True,True
2025-06,EGNJ,16,2,2,2,departures,0.125,0.125,medium_airport,53.576152,-0.34954,True,True,True
2025-06,LFLY,16,9,9,10,departures,0.5625,0.625,medium_airport,45.727947,4.943991,True,True,True
2025-06,EDDE,16,13,13,13,departures,0.8125,0.8125,large_airport,50.978281,10.960713,True,True,True
2025-06,EPBY,16,7,7,7,departures,0.4375,0.4375,medium_airport,53.096802,17.977699,True,True,True
2025-06,LPHR,16,4,0,0,departures,0.0,0.0,medium_airport,38.519901275634766,-28.715900421142575,False,True,False
2025-06,EKRN,16,0,0,0,departures,0.0,0.0,medium_airport,55.063301,14.7596,True,True,True
2025-06,FMEE,16,0,0,0,departures,0.0,0.0,large_airport,-20.890087,55.518894,False,True,False
2025-06,LECH,16,10,10,10,departures,0.625,0.625,medium_airport,40.213889,0.073333,True,True,True
2025-06,LYNI,16,0,0,0,departures,0.0,0.0,large_airport,43.336538,21.856242,True,True,True
2025-06,LEPP,16,3,3,5,departures,0.1875,0.3125,medium_airport,42.77,-1.64633,True,True,True
2025-06,LPPI,16,4,0,0,departures,0.0,0.0,medium_airport,38.554298,-28.441299,False,True,False
2025-06,LXGB,16,9,9,9,departures,0.5625,0.5625,large_airport,36.151679,-5.34978,True,True,True
2025-06,LGAL,16,12,12,12,arrivals,0.75,0.75,medium_airport,40.8559,25.956301,True,True,True
2025-06,LTCF,16,0,0,0,arrivals,0.0,0.0,medium_airport,40.562198638916016,43.1150016784668,True,True,True
2025-06,LFBE,16,10,10,11,arrivals,0.625,0.6875,medium_airport,44.825298,0.518611,True,True,True
2025-06,EPLB,16,9,9,10,arrivals,0.5625,0.625,large_airport,51.240157,22.713461,True,True,True
2025-06,EDVE,16,13,10,12,arrivals,0.625,0.75,medium_airport,52.319199,10.5561,True,True,True
2025-06,EPLL,16,13,13,14,arrivals,0.8125,0.875,large_airport,51.721901,19.3981,True,True,True
2025-06,LFBL,16,0,0,0,arrivals,0.0,0.0,medium_airport,45.862801,1.17944,True,True,True
2025-06,ENSH,16,6,0,0,arrivals,0.0,0.0,medium_airport,68.243301,14.6692,True,True,True
2025-06,EGTK,16,10,10,14,arrivals,0.625,0.875,medium_airport,51.836899,-1.32,True,True,True
2025-06,LFLY,16,10,9,12,arrivals,0.5625,0.75,medium_airport,45.727947,4.943991,True,True,True
2025-06,CYHZ,16,0,0,0,arrivals,0.0,0.0,large_airport,44.8807983398,-63.5085983276,False,True,False
2025-06,LPHR,16,1,0,0,arrivals,0.0,0.0,medium_airport,38.519901275634766,-28.715900421142575,False,True,False
2025-06,FIMP,16,0,0,0,arrivals,0.0,0.0,large_airport,-20.430201,57.683601,False,True,False
2025-06,SCEL,16,0,0,0,arrivals,0.0,0.0,large_airport,-33.393001556396484,-70.78579711914062,False,True,False
2025-06,LFMK,16,10,9,9,arrivals,0.5625,0.5625,medium_airport,43.216,2.30632,True,True,True
2025-06,LYNI,16,0,0,0,arrivals,0.0,0.0,large_airport,43.336538,21.856242,True,True,True
2025-06,LPPI,16,0,0,0,arrivals,0.0,0.0,medium_airport,38.554298,-28.441299,False,True,False
2025-06,LXGB,16,9,9,9,arrivals,0.5625,0.5625,large_airport,36.151679,-5.34978,True,True,True
2025-06,HESX,15,3,1,1,departures,0.06666666666666667,0.06666666666666667,large_airport,30.108179,30.895728,True,True,True
2025-06,UATE,15,0,0,0,departures,0.0,0.0,large_airport,43.860093,51.09086,False,True,False
2025-06,ENRA,15,0,0,0,departures,0.0,0.0,medium_airport,66.363899230957,14.301400184631,True,True,True
2025-06,EDNY,15,11,10,10,departures,0.6666666666666666,0.6666666666666666,large_airport,47.671299,9.51149,True,True,True
2025-06,ZWWW,15,2,0,0,departures,0.0,0.0,large_airport,43.913584,87.479372,False,True,False
2025-06,CYHZ,15,0,0,0,departures,0.0,0.0,large_airport,44.8807983398,-63.5085983276,False,True,False
2025-06,EGAE,15,3,3,3,departures,0.2,0.2,medium_airport,55.042801,-7.16111,True,True,True
2025-06,LTCK,15,0,0,0,departures,0.0,0.0,medium_airport,38.74779891967773,41.66120147705078,True,True,True
2025-06,BGJN,15,0,0,0,departures,0.0,0.0,medium_airport,69.243202,-51.057098,False,True,False
2025-06,LFMK,15,15,15,15,departures,1.0,1.0,medium_airport,43.216,2.30632,True,True,True
2025-06,UWGG,15,0,0,0,departures,0.0,0.0,large_airport,56.227351,43.785152,True,True,True
2025-06,HESX,15,2,1,1,arrivals,0.06666666666666667,0.06666666666666667,large_airport,30.108179,30.895728,True,True,True
2025-06,UATE,15,0,0,0,arrivals,0.0,0.0,large_airport,43.860093,51.09086,False,True,False
2025-06,LGLM,15,0,0,0,arrivals,0.0,0.0,small_airport,39.917098999,25.236299514799995,True,False,False
2025-06,EKEB,15,1,1,1,arrivals,0.06666666666666667,0.06666666666666667,medium_airport,55.525902,8.5534,True,True,True
2025-06,EDNY,15,9,8,8,arrivals,0.5333333333333333,0.5333333333333333,large_airport,47.671299,9.51149,True,True,True
2025-06,ENVD,15,0,0,0,arrivals,0.0,0.0,medium_airport,70.0653,29.8447,True,True,True
2025-06,LLHA,15,0,0,0,arrivals,0.0,0.0,medium_airport,32.810219,35.043719,True,True,True
2025-06,LFRM,15,6,4,7,arrivals,0.26666666666666666,0.4666666666666667,medium_airport,47.948604,0.201702,True,True,True
2025-06,EDDE,15,9,9,9,arrivals,0.6,0.6,large_airport,50.978281,10.960713,True,True,True
2025-06,EPBY,15,5,4,4,arrivals,0.26666666666666666,0.26666666666666666,medium_airport,53.096802,17.977699,True,True,True
2025-06,EKRN,15,0,0,0,arrivals,0.0,0.0,medium_airport,55.063301,14.7596,True,True,True
2025-06,FMEE,15,0,0,0,arrivals,0.0,0.0,large_airport,-20.890087,55.518894,False,True,False
2025-06,LTCK,15,0,0,0,arrivals,0.0,0.0,medium_airport,38.74779891967773,41.66120147705078,True,True,True
2025-06,ENML,15,0,0,0,arrivals,0.0,0.0,medium_airport,62.744701,7.2625,True,True,True
2025-06,UNNT,15,0,0,0,arrivals,0.0,0.0,large_airport,55.019756,82.618675,False,True,False
2025-06,MDPC,15,0,0,0,arrivals,0.0,0.0,large_airport,18.567093,-68.364558,False,True,False
2025-06,LECH,15,8,7,7,arrivals,0.4666666666666667,0.4666666666666667,medium_airport,40.213889,0.073333,True,True,True
2025-06,LFSD,15,9,7,8,arrivals,0.4666666666666667,0.5333333333333333,medium_airport,47.268902,5.09,True,True,True
2025-06,ETSI,14,11,10,10,departures,0.7142857142857143,0.7142857142857143,medium_airport,48.7156982421875,11.534000396728516,True,True,True
2025-06,LTAR,14,0,0,0,departures,0.0,0.0,small_airport,39.813801,36.9035,True,False,False
2025-06,LGLM,14,0,0,0,departures,0.0,0.0,small_airport,39.917098999,25.236299514799995,True,False,False
2025-06,EDVE,14,10,10,10,departures,0.7142857142857143,0.7142857142857143,medium_airport,52.319199,10.5561,True,True,True
2025-06,LROD,14,0,0,0,departures,0.0,0.0,large_airport,47.025299,21.9025,True,True,True
2025-06,LLHA,14,0,0,0,departures,0.0,0.0,medium_airport,32.810219,35.043719,True,True,True
2025-06,ENSH,14,13,0,0,departures,0.0,0.0,medium_airport,68.243301,14.6692,True,True,True
2025-06,FIMP,14,0,0,0,departures,0.0,0.0,large_airport,-20.430201,57.683601,False,True,False
2025-06,EFKU,14,11,11,11,departures,0.7857142857142857,0.7857142857142857,large_airport,63.007099,27.7978,True,True,True
2025-06,ZUUU,14,0,0,0,departures,0.0,0.0,large_airport,30.558257,103.945966,False,True,False
2025-06,UNNT,14,1,0,0,departures,0.0,0.0,large_airport,55.019756,82.618675,False,True,False
2025-06,LTAY,14,0,0,0,departures,0.0,0.0,medium_airport,37.7855987549,29.7012996674,True,True,True
2025-06,LTAR,14,0,0,0,arrivals,0.0,0.0,small_airport,39.813801,36.9035,True,False,False
2025-06,ENRA,14,0,0,0,arrivals,0.0,0.0,medium_airport,66.363899230957,14.301400184631,True,True,True
2025-06,LROD,14,0,0,0,arrivals,0.0,0.0,large_airport,47.025299,21.9025,True,True,True
2025-06,UATG,14,0,0,0,arrivals,0.0,0.0,large_airport,47.121318,51.820343,False,True,False
2025-06,LFBH,14,1,0,0,arrivals,0.0,0.0,medium_airport,46.179199,-1.19528,True,True,True
2025-06,EGAE,14,1,1,1,arrivals,0.07142857142857142,0.07142857142857142,medium_airport,55.042801,-7.16111,True,True,True
2025-06,LPAZ,14,5,5,7,arrivals,0.35714285714285715,0.5,medium_airport,36.97140121459961,-25.17060089111328,True,True,True
2025-06,LEPP,14,3,1,1,arrivals,0.07142857142857142,0.07142857142857142,medium_airport,42.77,-1.64633,True,True,True
2025-06,KAUS,13,0,0,0,departures,0.0,0.0,large_airport,30.197535,-97.662015,False,True,False
2025-06,LPPS,13,0,0,0,departures,0.0,0.0,medium_airport,33.0733985901,-16.3500003815,True,True,True
2025-06,LTDA,13,0,0,0,departures,0.0,0.0,medium_airport,36.36079,36.285589,True,True,True
2025-06,MPTO,13,0,0,0,departures,0.0,0.0,large_airport,9.07136,-79.383499,False,True,False
2025-06,EFVA,13,0,0,0,departures,0.0,0.0,large_airport,63.05023,21.762543,True,True,True
2025-06,ZHCC,13,0,0,0,departures,0.0,0.0,large_airport,34.526497,113.849165,False,True,False
2025-06,LFRZ,13,10,10,10,departures,0.7692307692307693,0.7692307692307693,medium_airport,47.31142,-2.152634,True,True,True
2025-06,LFRM,13,7,6,7,departures,0.46153846153846156,0.5384615384615384,medium_airport,47.948604,0.201702,True,True,True
2025-06,UATG,13,0,0,0,departures,0.0,0.0,large_airport,47.121318,51.820343,False,True,False
2025-06,LIBC,13,0,0,0,departures,0.0,0.0,medium_airport,38.9972,17.0802,True,True,True
2025-06,LFBH,13,10,10,10,departures,0.7692307692307693,0.7692307692307693,medium_airport,46.179199,-1.19528,True,True,True
2025-06,EDMA,13,8,8,9,departures,0.6153846153846154,0.6923076923076923,medium_airport,48.425278,10.931667,True,True,True
2025-06,GQNO,13,2,0,0,departures,0.0,0.0,large_airport,18.31,-15.969722,False,True,False
2025-06,MDPC,13,0,0,0,departures,0.0,0.0,large_airport,18.567093,-68.364558,False,True,False
2025-06,LTCT,13,0,0,0,departures,0.0,0.0,medium_airport,39.976627,43.876648,True,True,True
2025-06,LGKV,13,10,10,11,departures,0.7692307692307693,0.8461538461538461,large_airport,40.9133,24.6192,True,True,True
2025-06,HRYR,13,3,0,0,arrivals,0.0,0.0,large_airport,-1.96863,30.1395,False,True,False
2025-06,KAUS,13,0,0,0,arrivals,0.0,0.0,large_airport,30.197535,-97.662015,False,True,False
2025-06,LPPS,13,2,2,2,arrivals,0.15384615384615385,0.15384615384615385,medium_airport,33.0733985901,-16.3500003815,True,True,True
2025-06,LBPD,13,0,0,0,arrivals,0.0,0.0,large_airport,42.067799,24.8508,True,True,True
2025-06,LFRZ,13,10,10,11,arrivals,0.7692307692307693,0.8461538461538461,medium_airport,47.31142,-2.152634,True,True,True
2025-06,EFKU,13,11,11,11,arrivals,0.8461538461538461,0.8461538461538461,large_airport,63.007099,27.7978,True,True,True
2025-06,LTAY,13,0,0,0,arrivals,0.0,0.0,medium_airport,37.7855987549,29.7012996674,True,True,True
2025-06,UWGG,13,0,0,0,arrivals,0.0,0.0,large_airport,56.227351,43.785152,True,True,True
2025-06,LTCT,13,0,0,0,arrivals,0.0,0.0,medium_airport,39.976627,43.876648,True,True,True
2025-06,LGKV,13,9,9,9,arrivals,0.6923076923076923,0.6923076923076923,large_airport,40.9133,24.6192,True,True,True
2025-06,LIRS,12,1,1,1,departures,0.08333333333333333,0.08333333333333333,medium_airport,42.759701,11.0719,True,True,True
2025-06,LFTW,12,11,11,11,departures,0.9166666666666666,0.9166666666666666,medium_airport,43.757401,4.41635,True,True,True
2025-06,HLLB,12,0,0,0,departures,0.0,0.0,large_airport,32.096802,20.269501,True,True,True
2025-06,GMMH,12,3,0,0,departures,0.0,0.0,large_airport,23.7183,-15.932,False,True,False
2025-06,LFMU,12,2,2,2,departures,0.16666666666666666,0.16666666666666666,medium_airport,43.323502,3.3539,True,True,True
2025-06,ESNS,12,0,0,0,departures,0.0,0.0,medium_airport,64.62480163574219,21.07690048217773,True,True,True
2025-06,KRDU,12,0,0,0,departures,0.0,0.0,large_airport,35.878659,-78.7873,False,True,False
2025-06,KSDF,12,0,0,0,departures,0.0,0.0,large_airport,38.1706,-85.735076,False,True,False
2025-06,ENSD,12,1,0,0,departures,0.0,0.0,small_airport,61.830002,6.10583,True,False,False
2025-06,LTFD,12,10,10,10,departures,0.8333333333333334,0.8333333333333334,large_airport,39.552533,27.010192,True,True,True
2025-06,VVNB,12,0,0,0,departures,0.0,0.0,large_airport,21.221201,105.806999,False,True,False
2025-06,ENST,12,0,0,0,departures,0.0,0.0,medium_airport,65.956802,12.4689,True,True,True
2025-06,LFTZ,12,0,0,0,departures,0.0,0.0,small_airport,43.205399,6.482,True,False,False
2025-06,GCGM,12,0,0,0,departures,0.0,0.0,small_airport,28.0296,-17.2146,True,False,False
2025-06,EDFM,12,7,7,7,departures,0.5833333333333334,0.5833333333333334,medium_airport,49.473057,8.514167,True,True,True
2025-06,EKRK,12,7,7,7,departures,0.5833333333333334,0.5833333333333334,medium_airport,55.585602,12.1314,True,True,True
2025-06,RJBB,12,0,0,0,departures,0.0,0.0,large_airport,34.427299,135.244003,False,True,False
2025-06,LTCP,12,0,0,0,departures,0.0,0.0,medium_airport,37.7314,38.468899,True,True,True
2025-06,LTCN,12,0,0,0,departures,0.0,0.0,medium_airport,37.5388259888,36.9535217285,True,True,True
2025-06,ENBL,12,0,0,0,departures,0.0,0.0,small_airport,61.391102,5.75694,True,False,False
2025-06,LTCD,12,0,0,0,arrivals,0.0,0.0,medium_airport,39.7102012634,39.5270004272,True,True,True
2025-06,HLLB,12,0,0,0,arrivals,0.0,0.0,large_airport,32.096802,20.269501,True,True,True
2025-06,TFFR,12,0,0,0,arrivals,0.0,0.0,large_airport,16.265443,-61.532754,False,True,False
2025-06,EKSB,12,12,12,12,arrivals,1.0,1.0,medium_airport,54.96440124511719,9.791729927062988,True,True,True
2025-06,ETSI,12,9,7,7,arrivals,0.5833333333333334,0.5833333333333334,medium_airport,48.7156982421875,11.534000396728516,True,True,True
2025-06,GVNP,12,2,0,0,arrivals,0.0,0.0,large_airport,14.941126,-23.484728,False,True,False
2025-06,EFVA,12,1,0,0,arrivals,0.0,0.0,large_airport,63.05023,21.762543,True,True,True
2025-06,SBKP,12,0,0,0,arrivals,0.0,0.0,large_airport,-23.007404,-47.134502,False,True,False
2025-06,LGRX,12,0,0,0,arrivals,0.0,0.0,medium_airport,38.1511,21.4256,True,True,True
2025-06,GMMH,12,1,0,0,arrivals,0.0,0.0,large_airport,23.7183,-15.932,False,True,False
2025-06,FNLU,12,1,0,0,arrivals,0.0,0.0,large_airport,-8.85837,13.2312,False,True,False
2025-06,LFMU,12,2,2,2,arrivals,0.16666666666666666,0.16666666666666666,medium_airport,43.323502,3.3539,True,True,True
2025-06,LIBC,12,1,1,1,arrivals,0.08333333333333333,0.08333333333333333,medium_airport,38.9972,17.0802,True,True,True
2025-06,KRDU,12,1,0,0,arrivals,0.0,0.0,large_airport,35.878659,-78.7873,False,True,False
2025-06,LIBF,12,2,0,0,arrivals,0.0,0.0,medium_airport,41.433596,15.534566,True,True,True
2025-06,LTFD,12,10,10,10,arrivals,0.8333333333333334,0.8333333333333334,large_airport,39.552533,27.010192,True,True,True
2025-06,LGIO,12,7,6,6,arrivals,0.5,0.5,medium_airport,39.6964,20.8225,True,True,True
2025-06,GCGM,12,0,0,0,arrivals,0.0,0.0,small_airport,28.0296,-17.2146,True,False,False
2025-06,LTCN,12,0,0,0,arrivals,0.0,0.0,medium_airport,37.5388259888,36.9535217285,True,True,True
2025-06,LTCD,11,0,0,0,departures,0.0,0.0,medium_airport,39.7102012634,39.5270004272,True,True,True
2025-06,KTEB,11,0,0,0,departures,0.0,0.0,medium_airport,40.850101,-74.060799,False,True,False
2025-06,SBKP,11,0,0,0,departures,0.0,0.0,large_airport,-23.007404,-47.134502,False,True,False
2025-06,LGRX,11,0,0,0,departures,0.0,0.0,medium_airport,38.1511,21.4256,True,True,True
2025-06,SVMI,11,0,0,0,departures,0.0,0.0,large_airport,10.602214,-66.991174,False,True,False
2025-06,EGPN,11,6,6,6,departures,0.5454545454545454,0.5454545454545454,medium_airport,56.452499,-3.02583,True,True,True
2025-06,LTCV,11,0,0,0,departures,0.0,0.0,medium_airport,37.3647,42.0582,True,True,True
2025-06,LIPO,11,4,3,3,departures,0.2727272727272727,0.2727272727272727,medium_airport,45.428902,10.3306,True,True,True
2025-06,LRBV,11,5,5,5,departures,0.45454545454545453,0.45454545454545453,large_airport,45.70558,25.522871,True,True,True
2025-06,ENAN,11,7,0,0,departures,0.0,0.0,medium_airport,69.295193,16.139379,True,True,True
2025-06,LFSD,11,5,5,5,departures,0.45454545454545453,0.45454545454545453,medium_airport,47.268902,5.09,True,True,True
2025-06,TFFF,11,0,0,0,departures,0.0,0.0,large_airport,14.591,-61.003201,False,True,False
2025-06,GMML,11,1,0,0,departures,0.0,0.0,large_airport,27.142467,-13.224947,True,True,True
2025-06,LIRS,11,3,3,4,arrivals,0.2727272727272727,0.36363636363636365,medium_airport,42.759701,11.0719,True,True,True
2025-06,LFTW,11,10,10,12,arrivals,0.9090909090909091,1.0909090909090908,medium_airport,43.757401,4.41635,True,True,True
2025-06,KTPA,11,0,0,0,arrivals,0.0,0.0,large_airport,27.9755,-82.533203,False,True,False
2025-06,LICB,11,5,4,6,arrivals,0.36363636363636365,0.5454545454545454,medium_airport,36.99583,14.60889,True,True,True
2025-06,LTDA,11,0,0,0,arrivals,0.0,0.0,medium_airport,36.36079,36.285589,True,True,True
2025-06,SVMI,11,0,0,0,arrivals,0.0,0.0,large_airport,10.602214,-66.991174,False,True,False
2025-06,ENBL,11,0,0,0,arrivals,0.0,0.0,small_airport,61.391102,5.75694,True,False,False
2025-06,EGPN,11,5,2,2,arrivals,0.18181818181818182,0.18181818181818182,medium_airport,56.452499,-3.02583,True,True,True
2025-06,EDMA,11,7,5,6,arrivals,0.45454545454545453,0.5454545454545454,medium_airport,48.425278,10.931667,True,True,True
2025-06,KBWI,11,1,0,0,arrivals,0.0,0.0,large_airport,39.1754,-76.668297,False,True,False
2025-06,ESNS,11,3,3,3,arrivals,0.2727272727272727,0.2727272727272727,medium_airport,64.62480163574219,21.07690048217773,True,True,True
2025-06,LTCV,11,0,0,0,arrivals,0.0,0.0,medium_airport,37.3647,42.0582,True,True,True
2025-06,GABS,11,1,0,0,arrivals,0.0,0.0,large_airport,12.5335,-7.94994,False,True,False
2025-06,ENSD,11,2,0,0,arrivals,0.0,0.0,small_airport,61.830002,6.10583,True,False,False
2025-06,FACT,11,0,0,0,arrivals,0.0,0.0,large_airport,-33.97403,18.604333,False,True,False
2025-06,KSAN,11,0,0,0,arrivals,0.0,0.0,large_airport,32.733601,-117.190002,False,True,False
2025-06,GQNO,11,3,0,0,arrivals,0.0,0.0,large_airport,18.31,-15.969722,False,True,False
2025-06,ENST,11,0,0,0,arrivals,0.0,0.0,medium_airport,65.956802,12.4689,True,True,True
2025-06,VVTS,11,0,0,0,arrivals,0.0,0.0,large_airport,10.8188,106.652,False,True,False
2025-06,EDFM,11,5,5,5,arrivals,0.45454545454545453,0.45454545454545453,medium_airport,49.473057,8.514167,True,True,True
2025-06,RJBB,11,0,0,0,arrivals,0.0,0.0,large_airport,34.427299,135.244003,False,True,False
2025-06,LFMV,11,5,4,6,arrivals,0.36363636363636365,0.5454545454545454,medium_airport,43.907299,4.90183,True,True,True
2025-06,LTCP,11,0,0,0,arrivals,0.0,0.0,medium_airport,37.7314,38.468899,True,True,True
2025-06,GMML,11,1,0,0,arrivals,0.0,0.0,large_airport,27.142467,-13.224947,True,True,True
2025-06,ESNZ,10,7,7,7,departures,0.7,0.7,medium_airport,63.193546,14.504168,True,True,True
2025-06,TFFR,10,0,0,0,departures,0.0,0.0,large_airport,16.265443,-61.532754,False,True,False
2025-06,KTPA,10,0,0,0,departures,0.0,0.0,large_airport,27.9755,-82.533203,False,True,False
2025-06,EKSB,10,10,10,10,departures,1.0,1.0,medium_airport,54.96440124511719,9.791729927062988,True,True,True
2025-06,GVNP,10,0,0,0,departures,0.0,0.0,large_airport,14.941126,-23.484728,False,True,False
2025-06,LIPK,10,2,2,2,departures,0.2,0.2,medium_airport,44.194801,12.0701,True,True,True
2025-06,LIMP,10,6,6,6,departures,0.6,0.6,medium_airport,44.826351,10.29705,True,True,True
2025-06,KBWI,10,0,0,0,departures,0.0,0.0,large_airport,39.1754,-76.668297,False,True,False
2025-06,EHGG,10,10,10,10,departures,1.0,1.0,large_airport,53.119107,6.577652,True,True,True
2025-06,FACT,10,0,0,0,departures,0.0,0.0,large_airport,-33.97403,18.604333,False,True,False
2025-06,KSAN,10,0,0,0,departures,0.0,0.0,large_airport,32.733601,-117.190002,False,True,False
2025-06,LGIO,10,6,6,6,departures,0.6,0.6,medium_airport,39.6964,20.8225,True,True,True
2025-06,BGSS,10,0,0,0,departures,0.0,0.0,medium_airport,66.951302,-53.729301,False,True,False
2025-06,KSLC,10,0,0,0,departures,0.0,0.0,large_airport,40.78886,-111.979866,False,True,False
2025-06,VVTS,10,0,0,0,departures,0.0,0.0,large_airport,10.8188,106.652,False,True,False
2025-06,LQMO,10,0,0,0,departures,0.0,0.0,large_airport,43.282489,17.846101,True,True,True
2025-06,LFMV,10,5,5,6,departures,0.5,0.6,medium_airport,43.907299,4.90183,True,True,True
2025-06,LGIK,10,0,0,0,departures,0.0,0.0,small_airport,37.6827011108,26.3470993042,True,False,False
2025-06,DAAE,10,1,1,1,departures,0.1,0.1,large_airport,36.712547,5.069909,True,True,True
2025-06,KTEB,10,1,0,0,arrivals,0.0,0.0,medium_airport,40.850101,-74.060799,False,True,False
2025-06,ZBAD,10,0,0,0,arrivals,0.0,0.0,large_airport,39.501289,116.413967,False,True,False
2025-06,EKOD,10,2,2,4,arrivals,0.2,0.4,large_airport,55.475307,10.327206,True,True,True
2025-06,LIPK,10,3,3,3,arrivals,0.3,0.3,medium_airport,44.194801,12.0701,True,True,True
2025-06,LDSB,10,1,0,0,arrivals,0.0,0.0,medium_airport,43.284454,16.678362,True,True,True
2025-06,EHGG,10,10,9,9,arrivals,0.9,0.9,large_airport,53.119107,6.577652,True,True,True
2025-06,UTSS,10,0,0,0,arrivals,0.0,0.0,large_airport,39.701842,66.981467,False,True,False
2025-06,FZAA,10,2,0,0,arrivals,0.0,0.0,large_airport,-4.38575,15.4446,False,True,False
2025-06,MROC,10,0,0,0,arrivals,0.0,0.0,large_airport,9.99386,-84.208801,False,True,False
2025-06,VVNB,10,0,0,0,arrivals,0.0,0.0,large_airport,21.221201,105.806999,False,True,False
2025-06,ZHEC,10,0,0,0,arrivals,0.0,0.0,large_airport,30.341178,115.03926,False,True,False
2025-06,LFCR,10,7,7,7,arrivals,0.7,0.7,medium_airport,44.407902,2.48267,True,True,True
2025-06,DAAE,10,2,2,2,arrivals,0.2,0.2,large_airport,36.712547,5.069909,True,True,True
2025-06,TFFF,10,0,0,0,arrivals,0.0,0.0,large_airport,14.591,-61.003201,False,True,False
2025-06,OEMA,10,0,0,0,arrivals,0.0,0.0,large_airport,24.5534,39.705101,False,True,False
2025-06,MPTO,10,0,0,0,arrivals,0.0,0.0,large_airport,9.07136,-79.383499,False,True,False
2025-06,LICB,9,5,5,5,departures,0.5555555555555556,0.5555555555555556,medium_airport,36.99583,14.60889,True,True,True
2025-06,UAKK,9,0,0,0,departures,0.0,0.0,large_airport,49.670799,73.334396,False,True,False
2025-06,ENNA,9,0,0,0,departures,0.0,0.0,medium_airport,70.068802,24.973499,True,True,True
2025-06,LBPD,9,0,0,0,departures,0.0,0.0,large_airport,42.067799,24.8508,True,True,True
2025-06,GMMI,9,0,0,0,departures,0.0,0.0,medium_airport,31.397499,-9.68167,True,True,True
2025-06,LDSB,9,1,0,0,departures,0.0,0.0,medium_airport,43.284454,16.678362,True,True,True
2025-06,ENMS,9,0,0,0,departures,0.0,0.0,medium_airport,65.783997,13.2149,True,True,True
2025-06,UTSS,9,0,0,0,departures,0.0,0.0,large_airport,39.701842,66.981467,False,True,False
2025-06,GABS,9,2,0,0,departures,0.0,0.0,large_airport,12.5335,-7.94994,False,True,False
2025-06,GVBA,9,0,0,0,departures,0.0,0.0,large_airport,16.136499,-22.888901,False,True,False
2025-06,KPDX,9,0,0,0,departures,0.0,0.0,large_airport,45.588699,-122.598,False,True,False
2025-06,VOMM,9,0,0,0,departures,0.0,0.0,large_airport,12.990005,80.169296,False,True,False
2025-06,HUEN,9,3,0,0,departures,0.0,0.0,large_airport,0.042386,32.443501,False,True,False
2025-06,TNCC,9,2,0,0,departures,0.0,0.0,large_airport,12.1889,-68.959801,False,True,False
2025-06,OPIS,9,0,0,0,departures,0.0,0.0,large_airport,33.549,72.82566,False,True,False
2025-06,LTCO,9,0,0,0,departures,0.0,0.0,medium_airport,39.655642,43.025742,True,True,True
2025-06,LFCR,9,7,7,7,departures,0.7777777777777778,0.7777777777777778,medium_airport,44.407902,2.48267,True,True,True
2025-06,EDTY,9,2,2,2,departures,0.2222222222222222,0.2222222222222222,medium_airport,49.118332,9.783889,True,True,True
2025-06,MDSD,9,1,0,0,departures,0.0,0.0,large_airport,18.42970085144,-69.668899536133,False,True,False
2025-06,ESKN,9,2,2,2,departures,0.2222222222222222,0.2222222222222222,large_airport,58.789656,16.911479,True,True,True
2025-06,ESTA,9,1,1,1,departures,0.1111111111111111,0.1111111111111111,medium_airport,56.29610061645508,12.847100257873535,True,True,True
2025-06,GMFK,9,2,0,0,departures,0.0,0.0,medium_airport,31.9475002289,-4.39833021164,True,True,True
2025-06,LTBR,9,4,4,4,departures,0.4444444444444444,0.4444444444444444,medium_airport,40.255199,29.562599,True,True,True
2025-06,LKPD,9,9,9,9,departures,1.0,1.0,large_airport,50.015049,15.73981,True,True,True
2025-06,ESNZ,9,6,6,6,arrivals,0.6666666666666666,0.6666666666666666,medium_airport,63.193546,14.504168,True,True,True
2025-06,UUBW,9,0,0,0,arrivals,0.0,0.0,large_airport,55.553299,38.150002,True,True,True
2025-06,URML,9,0,0,0,arrivals,0.0,0.0,large_airport,42.816799,47.652302,True,True,True
2025-06,GMMI,9,0,0,0,arrivals,0.0,0.0,medium_airport,31.397499,-9.68167,True,True,True
2025-06,VGHS,9,0,0,0,arrivals,0.0,0.0,large_airport,23.843347,90.397783,False,True,False
2025-06,ENMS,9,0,0,0,arrivals,0.0,0.0,medium_airport,65.783997,13.2149,True,True,True
2025-06,HELX,9,0,0,0,arrivals,0.0,0.0,large_airport,25.671018,32.706446,False,True,False
2025-06,LRBV,9,4,4,5,arrivals,0.4444444444444444,0.5555555555555556,large_airport,45.70558,25.522871,True,True,True
2025-06,KSDF,9,0,0,0,arrivals,0.0,0.0,large_airport,38.1706,-85.735076,False,True,False
2025-06,DAON,9,0,0,0,arrivals,0.0,0.0,large_airport,35.012732,-1.457117,True,True,True
2025-06,EGNR,9,5,4,5,arrivals,0.4444444444444444,0.5555555555555556,medium_airport,53.178101,-2.97778,True,True,True
2025-06,KSLC,9,0,0,0,arrivals,0.0,0.0,large_airport,40.78886,-111.979866,False,True,False
2025-06,LTCO,9,0,0,0,arrivals,0.0,0.0,medium_airport,39.655642,43.025742,True,True,True
2025-06,EKRK,9,5,4,6,arrivals,0.4444444444444444,0.6666666666666666,medium_airport,55.585602,12.1314,True,True,True
2025-06,ESKN,9,2,2,2,arrivals,0.2222222222222222,0.2222222222222222,large_airport,58.789656,16.911479,True,True,True
2025-06,LQMO,9,0,0,2,arrivals,0.0,0.2222222222222222,large_airport,43.282489,17.846101,True,True,True
2025-06,ENAN,9,5,0,0,arrivals,0.0,0.0,medium_airport,69.295193,16.139379,True,True,True
2025-06,LGIK,9,0,0,0,arrivals,0.0,0.0,small_airport,37.6827011108,26.3470993042,True,False,False
2025-06,GMFK,9,1,0,0,arrivals,0.0,0.0,medium_airport,31.9475002289,-4.39833021164,True,True,True
2025-06,LTBR,9,4,4,4,arrivals,0.4444444444444444,0.4444444444444444,medium_airport,40.255199,29.562599,True,True,True
2025-06,OPIS,9,0,0,0,arrivals,0.0,0.0,large_airport,33.549,72.82566,False,True,False
2025-06,UATT,8,0,0,0,departures,0.0,0.0,large_airport,50.248116,57.204144,False,True,False
2025-06,KPHX,8,0,0,0,departures,0.0,0.0,large_airport,33.435302,-112.005905,False,True,False
2025-06,BIEG,8,0,0,0,departures,0.0,0.0,medium_airport,65.2833023071289,-14.401399612426758,True,True,True
2025-06,ZBAD,8,0,0,0,departures,0.0,0.0,large_airport,39.501289,116.413967,False,True,False
2025-06,LFOT,8,2,2,2,departures,0.25,0.25,medium_airport,47.432201,0.727606,True,True,True
2025-06,DXXX,8,1,0,0,departures,0.0,0.0,large_airport,6.16561,1.25451,False,True,False
2025-06,LQTZ,8,3,3,3,departures,0.375,0.375,large_airport,44.459858,18.723627,True,True,True
2025-06,LFRG,8,3,3,3,departures,0.375,0.375,medium_airport,49.365237,0.154481,True,True,True
2025-06,ENJS,8,0,0,0,departures,0.0,0.0,heliport,58.83528,2.54556,True,False,False
2025-06,EFMA,8,2,2,2,departures,0.25,0.25,large_airport,60.1222,19.898199,True,True,True
2025-06,OPKC,8,0,0,0,departures,0.0,0.0,large_airport,24.9065,67.160797,False,True,False
2025-06,EGPR,8,0,0,0,departures,0.0,0.0,medium_airport,57.0228,-7.44306,True,True,True
2025-06,UBBG,8,0,0,0,departures,0.0,0.0,large_airport,40.738692,46.320383,True,True,True
2025-06,FKYS,8,3,0,0,departures,0.0,0.0,large_airport,3.72256,11.5533,False,True,False
2025-06,ZUCK,8,0,0,0,departures,0.0,0.0,large_airport,29.712254,106.651895,False,True,False
2025-06,LDOS,8,2,2,2,departures,0.25,0.25,medium_airport,45.462355,18.811278,True,True,True
2025-06,LFSL,8,0,0,0,departures,0.0,0.0,medium_airport,45.039722,1.485556,True,True,True
2025-06,LSMP,8,4,4,5,departures,0.5,0.625,medium_airport,46.8432,6.91506,True,True,True
2025-06,DAON,8,1,1,1,departures,0.125,0.125,large_airport,35.012732,-1.457117,True,True,True
2025-06,MROC,8,0,0,0,departures,0.0,0.0,large_airport,9.99386,-84.208801,False,True,False
2025-06,EPSY,8,7,6,7,departures,0.75,0.875,medium_airport,53.481899,20.9377,True,True,True
2025-06,VCBI,8,0,0,0,departures,0.0,0.0,large_airport,7.180759906768799,79.88410186767578,False,True,False
2025-06,USCC,8,0,0,0,departures,0.0,0.0,large_airport,55.303141,61.504927,False,True,False
2025-06,USPP,8,0,0,0,departures,0.0,0.0,large_airport,57.914501,56.021198,False,True,False
2025-06,EGPI,8,1,0,0,departures,0.0,0.0,medium_airport,55.682708,-6.257525,True,True,True
2025-06,ESMX,8,0,0,0,departures,0.0,0.0,medium_airport,56.92910003662109,14.727999687194824,True,True,True
2025-06,EFTP,8,3,3,3,departures,0.375,0.375,large_airport,61.414101,23.604401,True,True,True
2025-06,EDHI,8,8,8,8,departures,1.0,1.0,medium_airport,53.535278,9.835556,True,True,True
2025-06,OEMA,8,0,0,0,departures,0.0,0.0,large_airport,24.5534,39.705101,False,True,False
2025-06,LEBZ,8,6,6,6,departures,0.75,0.75,medium_airport,38.8913,-6.82133,True,True,True
2025-06,EDLN,8,6,6,6,departures,0.75,0.75,medium_airport,51.230278,6.504444,True,True,True
2025-06,LGST,8,0,0,0,departures,0.0,0.0,medium_airport,35.21609878540039,26.101299285888672,True,True,True
2025-06,EBKT,8,7,7,7,arrivals,0.875,0.875,medium_airport,50.818878,3.209551,True,True,True
2025-06,KPHX,8,0,0,0,arrivals,0.0,0.0,large_airport,33.435302,-112.005905,False,True,False
2025-06,BIEG,8,0,0,0,arrivals,0.0,0.0,medium_airport,65.2833023071289,-14.401399612426758,True,True,True
2025-06,ENNA,8,0,0,0,arrivals,0.0,0.0,medium_airport,70.068802,24.973499,True,True,True
2025-06,LFOT,8,4,4,6,arrivals,0.5,0.75,medium_airport,47.432201,0.727606,True,True,True
2025-06,MMSM,8,0,0,0,arrivals,0.0,0.0,large_airport,19.743824,-99.01507,False,True,False
2025-06,LQTZ,8,0,0,0,arrivals,0.0,0.0,large_airport,44.459858,18.723627,True,True,True
2025-06,ENSB,8,0,0,0,arrivals,0.0,0.0,medium_airport,78.246101,15.4656,False,True,False
2025-06,EFMA,8,0,0,0,arrivals,0.0,0.0,large_airport,60.1222,19.898199,True,True,True
2025-06,VRMM,8,0,0,0,arrivals,0.0,0.0,large_airport,4.19183,73.529099,False,True,False
2025-06,LDOS,8,4,4,4,arrivals,0.5,0.5,medium_airport,45.462355,18.811278,True,True,True
2025-06,GUCY,8,1,0,0,arrivals,0.0,0.0,large_airport,9.57689,-13.612,False,True,False
2025-06,LFSL,8,0,0,0,arrivals,0.0,0.0,medium_airport,45.039722,1.485556,True,True,True
2025-06,LSMP,8,4,2,3,arrivals,0.25,0.375,medium_airport,46.8432,6.91506,True,True,True
2025-06,KPDX,8,0,0,0,arrivals,0.0,0.0,large_airport,45.588699,-122.598,False,True,False
2025-06,DBBB,8,3,0,0,arrivals,0.0,0.0,large_airport,6.35723,2.38435,False,True,False
2025-06,TNCC,8,0,0,0,arrivals,0.0,0.0,large_airport,12.1889,-68.959801,False,True,False
2025-06,LGST,8,0,0,0,arrivals,0.0,0.0,medium_airport,35.21609878540039,26.101299285888672,True,True,True
2025-06,USCC,8,0,0,0,arrivals,0.0,0.0,large_airport,55.303141,61.504927,False,True,False
2025-06,EGPI,8,0,0,0,arrivals,0.0,0.0,medium_airport,55.682708,-6.257525,True,True,True
2025-06,ESMX,8,1,1,1,arrivals,0.125,0.125,medium_airport,56.92910003662109,14.727999687194824,True,True,True
2025-06,ESTA,8,3,3,3,arrivals,0.375,0.375,medium_airport,56.29610061645508,12.847100257873535,True,True,True
2025-06,LFLB,8,5,3,8,arrivals,0.375,1.0,medium_airport,45.6381,5.88023,True,True,True
2025-06,LKPD,8,7,7,7,arrivals,0.875,0.875,large_airport,50.015049,15.73981,True,True,True
2025-06,ESSL,7,6,5,5,departures,0.7142857142857143,0.7142857142857143,large_airport,58.404909,15.684499,True,True,True
2025-06,LHDC,7,0,0,0,departures,0.0,0.0,large_airport,47.489469,21.616278,True,True,True
2025-06,PANC,7,0,0,0,departures,0.0,0.0,large_airport,61.179004,-149.992561,False,True,False
2025-06,EGPL,7,0,0,0,departures,0.0,0.0,medium_airport,57.481098,-7.36278,True,True,True
2025-06,MUHA,7,0,0,0,departures,0.0,0.0,large_airport,22.989200592041016,-82.40910339355469,False,True,False
2025-06,VOHS,7,0,0,0,departures,0.0,0.0,large_airport,17.231318,78.429855,False,True,False
2025-06,UUBW,7,0,0,0,departures,0.0,0.0,large_airport,55.553299,38.150002,True,True,True
2025-06,EKOD,7,0,0,0,departures,0.0,0.0,large_airport,55.475307,10.327206,True,True,True
2025-06,VGHS,7,0,0,0,departures,0.0,0.0,large_airport,23.843347,90.397783,False,True,False
2025-06,ENSB,7,0,0,0,departures,0.0,0.0,medium_airport,78.246101,15.4656,False,True,False
2025-06,BIIS,7,1,0,0,departures,0.0,0.0,medium_airport,66.058098,-23.1353,True,True,True
2025-06,OPLA,7,0,0,0,departures,0.0,0.0,large_airport,31.521601,74.403603,False,True,False
2025-06,VRMM,7,0,0,0,departures,0.0,0.0,large_airport,4.19183,73.529099,False,True,False
2025-06,EIDL,7,5,5,5,departures,0.7142857142857143,0.7142857142857143,medium_airport,55.0442008972168,-8.340999603271484,True,True,True
2025-06,GUCY,7,3,0,0,departures,0.0,0.0,large_airport,9.57689,-13.612,False,True,False
2025-06,OITT,7,0,0,0,departures,0.0,0.0,large_airport,38.1339,46.235001,True,True,True
2025-06,FZAA,7,1,0,0,departures,0.0,0.0,large_airport,-4.38575,15.4446,False,True,False
2025-06,LIBF,7,0,0,0,departures,0.0,0.0,medium_airport,41.433596,15.534566,True,True,True
2025-06,LTCW,7,0,0,0,departures,0.0,0.0,medium_airport,37.5497,44.2381,True,True,True
2025-06,ZLXY,7,0,0,0,departures,0.0,0.0,large_airport,34.442207,108.762385,False,True,False
2025-06,DBBB,7,1,0,0,departures,0.0,0.0,large_airport,6.35723,2.38435,False,True,False
2025-06,EDRY,7,2,0,0,departures,0.0,0.0,small_airport,49.304722,8.451389,True,False,False
2025-06,DNAA,7,1,0,0,departures,0.0,0.0,large_airport,9.00679,7.26317,False,True,False
2025-06,ENNM,7,1,0,0,departures,0.0,0.0,small_airport,64.472198,11.5786,True,False,False
2025-06,HTDA,7,2,0,0,departures,0.0,0.0,large_airport,-6.873499,39.207288,False,True,False
2025-06,ESNQ,7,0,0,0,departures,0.0,0.0,large_airport,67.821999,20.3368,True,True,True
2025-06,OIMM,7,0,0,0,departures,0.0,0.0,large_airport,36.234821,59.642949,False,True,False
2025-06,HEBA,7,5,5,5,departures,0.7142857142857143,0.7142857142857143,large_airport,30.93249,29.696437,True,True,True
2025-06,EDTL,7,4,4,4,departures,0.5714285714285714,0.5714285714285714,medium_airport,48.369301,7.82772,True,True,True
2025-06,DABB,7,0,0,0,arrivals,0.0,0.0,large_airport,36.826781,7.81334,True,True,True
2025-06,UAII,7,0,0,0,arrivals,0.0,0.0,large_airport,42.365021,69.47564,False,True,False
2025-06,FKKD,7,2,0,0,arrivals,0.0,0.0,large_airport,4.00608,9.71948,False,True,False
2025-06,EGPL,7,0,0,0,arrivals,0.0,0.0,medium_airport,57.481098,-7.36278,True,True,True
2025-06,UAKK,7,0,0,0,arrivals,0.0,0.0,large_airport,49.670799,73.334396,False,True,False
2025-06,MUHA,7,0,0,0,arrivals,0.0,0.0,large_airport,22.989200592041016,-82.40910339355469,False,True,False
2025-06,BIIS,7,0,0,0,arrivals,0.0,0.0,medium_airport,66.058098,-23.1353,True,True,True
2025-06,SBRF,7,0,0,0,arrivals,0.0,0.0,large_airport,-8.12747,-34.922961,False,True,False
2025-06,LIMP,7,4,3,3,arrivals,0.42857142857142855,0.42857142857142855,medium_airport,44.826351,10.29705,True,True,True
2025-06,LEBZ,7,2,2,2,arrivals,0.2857142857142857,0.2857142857142857,medium_airport,38.8913,-6.82133,True,True,True
2025-06,EGPR,7,0,0,0,arrivals,0.0,0.0,medium_airport,57.0228,-7.44306,True,True,True
2025-06,EIDL,7,5,5,5,arrivals,0.7142857142857143,0.7142857142857143,medium_airport,55.0442008972168,-8.340999603271484,True,True,True
2025-06,ZUCK,7,0,0,0,arrivals,0.0,0.0,large_airport,29.712254,106.651895,False,True,False
2025-06,OITT,7,0,0,0,arrivals,0.0,0.0,large_airport,38.1339,46.235001,True,True,True
2025-06,VOMM,7,0,0,0,arrivals,0.0,0.0,large_airport,12.990005,80.169296,False,True,False
2025-06,LTCW,7,0,0,0,arrivals,0.0,0.0,medium_airport,37.5497,44.2381,True,True,True
2025-06,EDTL,7,4,3,4,arrivals,0.42857142857142855,0.5714285714285714,medium_airport,48.369301,7.82772,True,True,True
2025-06,ZLXY,7,0,0,0,arrivals,0.0,0.0,large_airport,34.442207,108.762385,False,True,False
2025-06,VCBI,7,0,0,0,arrivals,0.0,0.0,large_airport,7.180759906768799,79.88410186767578,False,True,False
2025-06,DNAA,7,1,0,0,arrivals,0.0,0.0,large_airport,9.00679,7.26317,False,True,False
2025-06,EDTY,7,1,1,1,arrivals,0.14285714285714285,0.14285714285714285,medium_airport,49.118332,9.783889,True,True,True
2025-06,MDSD,7,0,0,0,arrivals,0.0,0.0,large_airport,18.42970085144,-69.668899536133,False,True,False
2025-06,USPP,7,0,0,0,arrivals,0.0,0.0,large_airport,57.914501,56.021198,False,True,False
2025-06,EDHI,7,7,7,7,arrivals,1.0,1.0,medium_airport,53.535278,9.835556,True,True,True
2025-06,OIMM,7,0,0,0,arrivals,0.0,0.0,large_airport,36.234821,59.642949,False,True,False
2025-06,ENJS,7,0,0,0,arrivals,0.0,0.0,heliport,58.83528,2.54556,True,False,False
2025-06,DFFD,7,1,0,0,arrivals,0.0,0.0,large_airport,12.3532,-1.51242,False,True,False
2025-06,ESNQ,7,4,4,4,arrivals,0.5714285714285714,0.5714285714285714,large_airport,67.821999,20.3368,True,True,True
2025-06,DABB,6,0,0,0,departures,0.0,0.0,large_airport,36.826781,7.81334,True,True,True
2025-06,BGSF,6,1,0,0,departures,0.0,0.0,medium_airport,67.010446,-50.715294,False,True,False
2025-06,ENDU,6,0,0,0,departures,0.0,0.0,medium_airport,69.055801,18.5404,True,True,True
2025-06,FKKD,6,2,0,0,departures,0.0,0.0,large_airport,4.00608,9.71948,False,True,False
2025-06,EDHL,6,6,6,6,departures,1.0,1.0,medium_airport,53.805401,10.7192,True,True,True
2025-06,EHJA,6,0,0,0,departures,0.0,0.0,heliport,53.82333,2.94389,True,False,False
2025-06,HEMM,6,1,0,0,departures,0.0,0.0,large_airport,31.324313,27.22227,True,True,True
2025-06,TBPB,6,0,0,0,departures,0.0,0.0,large_airport,13.074667,-59.491034,False,True,False
2025-06,ESNL,6,0,0,0,departures,0.0,0.0,medium_airport,64.548302,18.7162,True,True,True
2025-06,EFJO,6,0,0,0,departures,0.0,0.0,medium_airport,62.658815,29.619398,True,True,True
2025-06,DFFD,6,0,0,0,departures,0.0,0.0,large_airport,12.3532,-1.51242,False,True,False
2025-06,ENRM,6,0,0,0,departures,0.0,0.0,medium_airport,64.838302612305,11.14610004425,True,True,True
2025-06,EFIV,6,2,0,0,departures,0.0,0.0,large_airport,68.6073,27.4053,True,True,True
2025-06,SBRF,6,0,0,0,departures,0.0,0.0,large_airport,-8.12747,-34.922961,False,True,False
2025-06,ESNK,6,0,0,0,departures,0.0,0.0,medium_airport,63.048599,17.7689,True,True,True
2025-06,EDVK,6,3,3,3,departures,0.5,0.5,large_airport,51.418395,9.391638,True,True,True
2025-06,ENBV,6,0,0,0,departures,0.0,0.0,medium_airport,70.871517,29.034097,False,True,False
2025-06,KIND,6,0,0,0,departures,0.0,0.0,large_airport,39.7173,-86.294403,False,True,False
2025-06,ZMCK,6,0,0,0,departures,0.0,0.0,large_airport,47.646916,106.819833,False,True,False
2025-06,HEAL,6,1,1,1,departures,0.16666666666666666,0.16666666666666666,large_airport,30.924324,28.46161,True,True,True
2025-06,LPVZ,6,3,0,0,departures,0.0,0.0,medium_airport,40.725498,-7.88899,True,True,True
2025-06,LPSJ,6,4,0,0,departures,0.0,0.0,medium_airport,38.665501,-28.1758,False,True,False
2025-06,ENSS,6,0,0,0,departures,0.0,0.0,medium_airport,70.3554,31.044901,False,True,False
2025-06,EGNR,6,5,4,4,departures,0.6666666666666666,0.6666666666666666,medium_airport,53.178101,-2.97778,True,True,True
2025-06,LTCU,6,0,0,0,departures,0.0,0.0,small_airport,38.860131,40.594489,True,False,False
2025-06,LPPM,6,3,2,3,departures,0.3333333333333333,0.5,medium_airport,37.1493,-8.58396,True,True,True
2025-06,EGPU,6,0,0,0,departures,0.0,0.0,medium_airport,56.499199,-6.86917,True,True,True
2025-06,ENHV,6,0,0,0,departures,0.0,0.0,medium_airport,71.009697,25.983601,False,True,False
2025-06,LPFL,6,3,0,0,departures,0.0,0.0,medium_airport,39.455299377441406,-31.13139915466309,False,True,False
2025-06,KHPN,6,1,0,0,departures,0.0,0.0,medium_airport,41.06700134277344,-73.70760345458984,False,True,False
2025-06,MKJS,6,0,0,0,departures,0.0,0.0,large_airport,18.50342,-77.91323,False,True,False
2025-06,ESOE,6,2,2,2,departures,0.3333333333333333,0.3333333333333333,medium_airport,59.22370147705078,15.038000106811523,True,True,True
2025-06,FOOL,6,1,0,0,departures,0.0,0.0,large_airport,0.458951,9.41214,False,True,False
2025-06,ESKM,6,0,0,0,departures,0.0,0.0,medium_airport,60.957901,14.5114,True,True,True
2025-06,ENSO,6,3,3,3,departures,0.5,0.5,medium_airport,59.791901,5.34085,True,True,True
2025-06,URML,6,0,0,0,departures,0.0,0.0,large_airport,42.816799,47.652302,True,True,True
2025-06,EFKE,6,0,0,0,departures,0.0,0.0,medium_airport,65.778701782227,24.582099914551,True,True,True
2025-06,SEGU,6,2,0,0,departures,0.0,0.0,large_airport,-2.15742,-79.883598,False,True,False
2025-06,HTZA,6,3,0,0,arrivals,0.0,0.0,large_airport,-6.22202,39.224899,False,True,False
2025-06,BGSF,6,0,0,0,arrivals,0.0,0.0,medium_airport,67.010446,-50.715294,False,True,False
2025-06,ZSAM,6,0,0,0,arrivals,0.0,0.0,large_airport,24.543889,118.127454,False,True,False
2025-06,LHDC,6,0,0,0,arrivals,0.0,0.0,large_airport,47.489469,21.616278,True,True,True
2025-06,LFEC,6,0,0,0,arrivals,0.0,0.0,small_airport,48.4632,-5.06358,True,False,False
2025-06,EDHL,6,5,4,4,arrivals,0.6666666666666666,0.6666666666666666,medium_airport,53.805401,10.7192,True,True,True
2025-06,DXXX,6,0,0,0,arrivals,0.0,0.0,large_airport,6.16561,1.25451,False,True,False
2025-06,LGLE,6,0,0,0,arrivals,0.0,0.0,small_airport,37.184898,26.800301,True,False,False
2025-06,TBPB,6,0,0,0,arrivals,0.0,0.0,large_airport,13.074667,-59.491034,False,True,False
2025-06,ESNL,6,0,0,0,arrivals,0.0,0.0,medium_airport,64.548302,18.7162,True,True,True
2025-06,EFJO,6,0,0,0,arrivals,0.0,0.0,medium_airport,62.658815,29.619398,True,True,True
2025-06,ENRM,6,0,0,0,arrivals,0.0,0.0,medium_airport,64.838302612305,11.14610004425,True,True,True
2025-06,EFIV,6,3,0,0,arrivals,0.0,0.0,large_airport,68.6073,27.4053,True,True,True
2025-06,OPKC,6,0,0,0,arrivals,0.0,0.0,large_airport,24.9065,67.160797,False,True,False
2025-06,ESNK,6,0,0,0,arrivals,0.0,0.0,medium_airport,63.048599,17.7689,True,True,True
2025-06,ENMH,6,0,0,0,arrivals,0.0,0.0,medium_airport,71.029701,27.8267,False,True,False
2025-06,EDVK,6,3,3,3,arrivals,0.5,0.5,large_airport,51.418395,9.391638,True,True,True
2025-06,OPLA,6,0,0,0,arrivals,0.0,0.0,large_airport,31.521601,74.403603,False,True,False
2025-06,ENLE,6,0,0,0,arrivals,0.0,0.0,heliport,56.5333,3.21667,True,False,False
2025-06,HEAL,6,2,2,2,arrivals,0.3333333333333333,0.3333333333333333,large_airport,30.924324,28.46161,True,True,True
2025-06,LPSJ,6,0,0,0,arrivals,0.0,0.0,medium_airport,38.665501,-28.1758,False,True,False
2025-06,LFLI,6,5,4,4,arrivals,0.6666666666666666,0.6666666666666666,medium_airport,46.192001,6.26839,True,True,True
2025-06,ENSS,6,0,0,0,arrivals,0.0,0.0,medium_airport,70.3554,31.044901,False,True,False
2025-06,EDRY,6,2,0,0,arrivals,0.0,0.0,small_airport,49.304722,8.451389,True,False,False
2025-06,LTCU,6,0,0,0,arrivals,0.0,0.0,small_airport,38.860131,40.594489,True,False,False
2025-06,KBNA,6,1,0,0,arrivals,0.0,0.0,large_airport,36.1245,-86.6782,False,True,False
2025-06,LIMZ,6,6,6,9,arrivals,1.0,1.5,medium_airport,44.547458,7.623045,True,True,True
2025-06,ENNM,6,1,0,0,arrivals,0.0,0.0,small_airport,64.472198,11.5786,True,False,False
2025-06,EGPU,6,0,0,0,arrivals,0.0,0.0,medium_airport,56.499199,-6.86917,True,True,True
2025-06,ENHV,6,0,0,0,arrivals,0.0,0.0,medium_airport,71.009697,25.983601,False,True,False
2025-06,LPFL,6,0,0,0,arrivals,0.0,0.0,medium_airport,39.455299377441406,-31.13139915466309,False,True,False
2025-06,EFTP,6,2,2,2,arrivals,0.3333333333333333,0.3333333333333333,large_airport,61.414101,23.604401,True,True,True
2025-06,ESOE,6,5,4,4,arrivals,0.6666666666666666,0.6666666666666666,medium_airport,59.22370147705078,15.038000106811523,True,True,True
2025-06,HEBA,6,4,4,4,arrivals,0.6666666666666666,0.6666666666666666,large_airport,30.93249,29.696437,True,True,True
2025-06,LWOH,6,0,0,0,arrivals,0.0,0.0,large_airport,41.18,20.7423,True,True,True
2025-06,ESKM,6,0,0,0,arrivals,0.0,0.0,medium_airport,60.957901,14.5114,True,True,True
2025-06,ENSO,6,2,2,2,arrivals,0.3333333333333333,0.3333333333333333,medium_airport,59.791901,5.34085,True,True,True
2025-06,ESSL,6,5,5,5,arrivals,0.8333333333333334,0.8333333333333334,large_airport,58.404909,15.684499,True,True,True
2025-06,EFJY,5,1,1,1,departures,0.2,0.2,medium_airport,62.399502,25.678301,True,True,True
2025-06,GMMZ,5,2,0,0,departures,0.0,0.0,large_airport,30.9391,-6.90943,True,True,True
2025-06,LERJ,5,0,0,0,departures,0.0,0.0,,,,False,False,False
2025-06,LRTM,5,0,0,0,departures,0.0,0.0,medium_airport,46.467701,24.4125,True,True,True
2025-06,SKCG,5,2,0,0,departures,0.0,0.0,large_airport,10.4424,-75.513,False,True,False
2025-06,SUMU,5,0,0,0,departures,0.0,0.0,large_airport,-34.835647,-56.026497,False,True,False
2025-06,LGLE,5,0,0,0,departures,0.0,0.0,small_airport,37.184898,26.800301,True,False,False
2025-06,USTR,5,0,0,0,departures,0.0,0.0,large_airport,57.178984,65.327696,False,True,False
2025-06,ESNX,5,0,0,0,departures,0.0,0.0,medium_airport,65.59030151367188,19.28190040588379,True,True,True
2025-06,ENRS,5,3,0,0,departures,0.0,0.0,small_airport,67.526482,12.101575,True,False,False
2025-06,ORMM,5,4,4,4,departures,0.8,0.8,large_airport,30.549101,47.662102,True,True,True
2025-06,LGKC,5,0,0,0,departures,0.0,0.0,small_airport,36.273978,23.016719,True,False,False
2025-06,LGKY,5,0,0,0,departures,0.0,0.0,small_airport,36.9632987976,26.9405994415,True,False,False
2025-06,UNKL,5,0,0,0,departures,0.0,0.0,large_airport,56.175743,92.485788,False,True,False
2025-06,ENMH,5,0,0,0,departures,0.0,0.0,medium_airport,71.029701,27.8267,False,True,False
2025-06,EDAH,5,3,3,3,departures,0.6,0.6,medium_airport,53.8787,14.1523,True,True,True
2025-06,GBYD,5,2,0,0,departures,0.0,0.0,large_airport,13.338,-16.652201,False,True,False
2025-06,EFKI,5,0,0,0,departures,0.0,0.0,medium_airport,64.2855,27.6924,True,True,True
2025-06,LTCL,5,0,0,0,departures,0.0,0.0,medium_airport,37.97890090942383,41.84040069580078,True,True,True
2025-06,KBNA,5,0,0,0,departures,0.0,0.0,large_airport,36.1245,-86.6782,False,True,False
2025-06,LIMZ,5,5,5,5,departures,1.0,1.0,medium_airport,44.547458,7.623045,True,True,True
2025-06,UTAV,5,0,0,0,departures,0.0,0.0,large_airport,38.930662,63.563982,False,True,False
2025-06,SKRG,5,0,0,0,departures,0.0,0.0,large_airport,6.16454,-75.4231,False,True,False
2025-06,MMGL,5,0,0,0,departures,0.0,0.0,large_airport,20.523342,-103.310108,False,True,False
2025-06,EEKE,5,2,1,1,departures,0.2,0.2,medium_airport,58.22990036010742,22.50950050354004,True,True,True
2025-06,SBSV,5,0,0,0,departures,0.0,0.0,large_airport,-12.908611,-38.322498,False,True,False
2025-06,UTDD,5,0,0,0,departures,0.0,0.0,large_airport,38.543746,68.822977,False,True,False
2025-06,GGOV,5,0,0,0,departures,0.0,0.0,large_airport,11.894262,-15.653596,False,True,False
2025-06,ENHE,5,0,0,0,departures,0.0,0.0,heliport,65.32556,7.31583,True,False,False
2025-06,LTAW,5,0,0,0,departures,0.0,0.0,medium_airport,40.32472,36.39056,True,True,True
2025-06,EGEC,5,0,0,0,departures,0.0,0.0,medium_airport,55.437199,-5.68639,True,True,True
2025-06,ENFB,5,0,0,0,departures,0.0,0.0,heliport,61.20639,1.82889,True,False,False
2025-06,DAAS,5,0,0,0,departures,0.0,0.0,medium_airport,36.178488,5.329909,True,True,True
2025-06,LWOH,5,0,0,0,departures,0.0,0.0,large_airport,41.18,20.7423,True,True,True
2025-06,ESDF,5,4,4,4,departures,0.8,0.8,medium_airport,56.266701,15.265,True,True,True
2025-06,LFEC,5,0,0,0,departures,0.0,0.0,small_airport,48.4632,-5.06358,True,False,False
2025-06,EETU,5,2,1,1,departures,0.2,0.2,medium_airport,58.307438,26.686473,True,True,True
2025-06,SOCA,5,0,0,0,departures,0.0,0.0,large_airport,4.819964,-52.361326,False,True,False
2025-06,EFKK,5,5,5,5,departures,1.0,1.0,medium_airport,63.721199,23.143101,True,True,True
2025-06,LTCM,5,0,0,0,departures,0.0,0.0,medium_airport,42.018313,35.071774,True,True,True
2025-06,EEKA,5,0,0,0,departures,0.0,0.0,medium_airport,58.99079895019531,22.830699920654297,True,True,True
2025-06,ENLE,5,0,0,0,departures,0.0,0.0,heliport,56.5333,3.21667,True,False,False
2025-06,ESNG,5,0,0,0,departures,0.0,0.0,medium_airport,67.13240051269531,20.814599990844727,True,True,True
2025-06,LFLI,5,4,4,4,departures,0.8,0.8,medium_airport,46.192001,6.26839,True,True,True
2025-06,LFJL,5,3,3,3,departures,0.6,0.6,medium_airport,48.982101,6.25132,True,True,True
2025-06,ESGT,5,1,1,1,departures,0.2,0.2,medium_airport,58.31809997558594,12.345000267028809,True,True,True
2025-06,LFLB,5,1,0,0,departures,0.0,0.0,medium_airport,45.6381,5.88023,True,True,True
2025-06,UATT,5,0,0,0,arrivals,0.0,0.0,large_airport,50.248116,57.204144,False,True,False
2025-06,GMMZ,5,1,0,0,arrivals,0.0,0.0,large_airport,30.9391,-6.90943,True,True,True
2025-06,LERJ,5,0,0,0,arrivals,0.0,0.0,,,,False,False,False
2025-06,EKDF,5,0,0,0,arrivals,0.0,0.0,heliport,55.47809982299805,5.105527877807617,True,False,False
2025-06,LRTM,5,0,0,0,arrivals,0.0,0.0,medium_airport,46.467701,24.4125,True,True,True
2025-06,KBGR,5,0,0,0,arrivals,0.0,0.0,medium_airport,44.806364,-68.826668,False,True,False
2025-06,ENDU,5,0,0,0,arrivals,0.0,0.0,medium_airport,69.055801,18.5404,True,True,True
2025-06,OIFM,5,0,0,0,arrivals,0.0,0.0,large_airport,32.755142,51.883877,False,True,False
2025-06,LESA,5,2,1,3,arrivals,0.2,0.6,medium_airport,40.952099,-5.50199,True,True,True
2025-06,VOHS,5,0,0,0,arrivals,0.0,0.0,large_airport,17.231318,78.429855,False,True,False
2025-06,EGVN,5,1,1,1,arrivals,0.2,0.2,medium_airport,51.75,-1.58362,True,True,True
2025-06,SOCA,5,0,0,0,arrivals,0.0,0.0,large_airport,4.819964,-52.361326,False,True,False
2025-06,SUMU,5,0,0,0,arrivals,0.0,0.0,large_airport,-34.835647,-56.026497,False,True,False
2025-06,HEMM,5,1,0,0,arrivals,0.0,0.0,large_airport,31.324313,27.22227,True,True,True
2025-06,USTR,5,0,0,0,arrivals,0.0,0.0,large_airport,57.178984,65.327696,False,True,False
2025-06,LFRG,5,1,1,1,arrivals,0.2,0.2,medium_airport,49.365237,0.154481,True,True,True
2025-06,ENRS,5,2,0,0,arrivals,0.0,0.0,small_airport,67.526482,12.101575,True,False,False
2025-06,LGKC,5,0,0,0,arrivals,0.0,0.0,small_airport,36.273978,23.016719,True,False,False
2025-06,ENBV,5,0,0,0,arrivals,0.0,0.0,medium_airport,70.871517,29.034097,False,True,False
2025-06,KIND,5,1,0,0,arrivals,0.0,0.0,large_airport,39.7173,-86.294403,False,True,False
2025-06,LTCM,5,0,0,0,arrivals,0.0,0.0,medium_airport,42.018313,35.071774,True,True,True
2025-06,EEKA,5,0,0,0,arrivals,0.0,0.0,medium_airport,58.99079895019531,22.830699920654297,True,True,True
2025-06,EDAH,5,3,3,3,arrivals,0.6,0.6,medium_airport,53.8787,14.1523,True,True,True
2025-06,ENOA,5,0,0,0,arrivals,0.0,0.0,heliport,60.491402,2.82556,True,False,False
2025-06,ESNG,5,0,0,0,arrivals,0.0,0.0,medium_airport,67.13240051269531,20.814599990844727,True,True,True
2025-06,UBBG,5,0,0,0,arrivals,0.0,0.0,large_airport,40.738692,46.320383,True,True,True
2025-06,GBYD,5,1,0,0,arrivals,0.0,0.0,large_airport,13.338,-16.652201,False,True,False
2025-06,LPVZ,5,3,0,0,arrivals,0.0,0.0,medium_airport,40.725498,-7.88899,True,True,True
2025-06,KPIT,5,0,0,0,arrivals,0.0,0.0,large_airport,40.491501,-80.232903,False,True,False
2025-06,EFKI,5,0,0,0,arrivals,0.0,0.0,medium_airport,64.2855,27.6924,True,True,True
2025-06,SEQM,5,1,0,0,arrivals,0.0,0.0,large_airport,-0.125399,-78.354306,False,True,False
2025-06,EPSY,5,2,0,3,arrivals,0.0,0.6,medium_airport,53.481899,20.9377,True,True,True
2025-06,LTCL,5,0,0,0,arrivals,0.0,0.0,medium_airport,37.97890090942383,41.84040069580078,True,True,True
2025-06,LSZS,5,0,0,0,arrivals,0.0,0.0,medium_airport,46.5341,9.88411,True,True,True
2025-06,BGSS,5,0,0,0,arrivals,0.0,0.0,medium_airport,66.951302,-53.729301,False,True,False
2025-06,OISS,5,0,0,0,arrivals,0.0,0.0,large_airport,29.5392,52.589802,False,True,False
2025-06,LPPM,5,3,2,4,arrivals,0.4,0.8,medium_airport,37.1493,-8.58396,True,True,True
2025-06,YPPH,5,0,0,0,arrivals,0.0,0.0,large_airport,-31.94029998779297,115.96700286865234,False,True,False
2025-06,EEKE,5,1,0,0,arrivals,0.0,0.0,medium_airport,58.22990036010742,22.50950050354004,True,True,True
2025-06,ENBS,5,0,0,0,arrivals,0.0,0.0,medium_airport,70.60025,29.692612,False,True,False
2025-06,KHPN,5,0,0,0,arrivals,0.0,0.0,medium_airport,41.06700134277344,-73.70760345458984,False,True,False
2025-06,URMG,5,0,0,0,arrivals,0.0,0.0,large_airport,43.388106,45.699772,True,True,True
2025-06,ENHE,5,0,0,0,arrivals,0.0,0.0,heliport,65.32556,7.31583,True,False,False
2025-06,LTAW,5,0,0,0,arrivals,0.0,0.0,medium_airport,40.32472,36.39056,True,True,True
2025-06,EGEC,5,0,0,0,arrivals,0.0,0.0,medium_airport,55.437199,-5.68639,True,True,True
2025-06,MKJS,5,0,0,0,arrivals,0.0,0.0,large_airport,18.50342,-77.91323,False,True,False
2025-06,DAAS,5,0,0,0,arrivals,0.0,0.0,medium_airport,36.178488,5.329909,True,True,True
2025-06,FOOL,5,1,0,0,arrivals,0.0,0.0,large_airport,0.458951,9.41214,False,True,False
2025-06,TNCM,5,1,0,0,arrivals,0.0,0.0,large_airport,18.041,-63.108898,False,True,False
2025-06,ORMM,5,0,0,1,arrivals,0.0,0.2,large_airport,30.549101,47.662102,True,True,True
2025-06,LFJL,5,4,4,4,arrivals,0.8,0.8,medium_airport,48.982101,6.25132,True,True,True
2025-06,HRYR,4,0,0,0,departures,0.0,0.0,large_airport,-1.96863,30.1395,False,True,False
2025-06,LGSO,4,0,0,0,departures,0.0,0.0,small_airport,37.4227981567,24.9508991241,True,False,False
2025-06,ENHK,4,0,0,0,departures,0.0,0.0,small_airport,70.486702,22.1397,False,False,False
2025-06,LFRT,4,4,3,3,departures,0.75,0.75,medium_airport,48.538628,-2.853518,True,True,True
2025-06,ESMT,4,0,0,0,departures,0.0,0.0,medium_airport,56.69110107421875,12.820199966430664,True,True,True
2025-06,SBBR,4,0,0,0,departures,0.0,0.0,large_airport,-15.869167,-47.920834,False,True,False
2025-06,ESOH,4,1,0,0,departures,0.0,0.0,small_airport,60.0201,13.5789,True,False,False
2025-06,ESOK,4,0,0,0,departures,0.0,0.0,medium_airport,59.444698,13.3374,True,True,True
2025-06,LFRH,4,3,2,2,departures,0.5,0.5,medium_airport,47.760601,-3.44,True,True,True
2025-06,OIFM,4,0,0,0,departures,0.0,0.0,large_airport,32.755142,51.883877,False,True,False
2025-06,EPRA,4,1,1,1,departures,0.25,0.25,medium_airport,51.38937,21.214742,True,True,True
2025-06,LESA,4,3,3,3,departures,0.75,0.75,medium_airport,40.952099,-5.50199,True,True,True
2025-06,LESU,4,0,0,0,departures,0.0,0.0,medium_airport,42.3386,1.40917,True,True,True
2025-06,EDQG,4,0,0,0,departures,0.0,0.0,small_airport,49.6480560303,9.966388702390002,True,False,False
2025-06,LGBL,4,0,0,0,departures,0.0,0.0,medium_airport,39.219601,22.7943,True,True,True
2025-06,LKHK,4,0,0,0,departures,0.0,0.0,small_airport,50.253201,15.8452,True,False,False
2025-06,LFRD,4,3,3,3,departures,0.75,0.75,medium_airport,48.5877,-2.07996,True,True,True
2025-06,RPLL,4,0,0,0,departures,0.0,0.0,large_airport,14.5086,121.019997,False,True,False
2025-06,LECU,4,2,2,2,departures,0.5,0.5,medium_airport,40.370701,-3.78514,True,True,True
2025-06,ZSHC,4,0,0,0,departures,0.0,0.0,large_airport,30.23609,120.428865,False,True,False
2025-06,UWSG,4,0,0,0,departures,0.0,0.0,large_airport,51.712778,46.171111,True,True,True
2025-06,UTSA,4,0,0,0,departures,0.0,0.0,medium_airport,40.117599,65.172658,False,True,False
2025-06,VIAR,4,0,0,0,departures,0.0,0.0,large_airport,31.7096,74.797302,False,True,False
2025-06,LSZA,4,3,3,3,departures,0.75,0.75,medium_airport,46.004299,8.91058,True,True,True
2025-06,KOPF,4,0,0,0,departures,0.0,0.0,medium_airport,25.907,-80.278397,False,True,False
2025-06,LEVD,4,1,1,1,departures,0.25,0.25,medium_airport,41.7061,-4.85194,True,True,True
2025-06,SMJP,4,0,0,0,departures,0.0,0.0,large_airport,5.45283,-55.187801,False,True,False
2025-06,CYOW,4,0,0,0,departures,0.0,0.0,large_airport,45.322498,-75.669197,False,True,False
2025-06,ESSP,4,1,1,1,departures,0.25,0.25,medium_airport,58.58629989624024,16.250600814819336,True,True,True
2025-06,LKCS,4,4,4,4,departures,1.0,1.0,large_airport,48.948171,14.42832,True,True,True
2025-06,CYYT,4,0,0,0,departures,0.0,0.0,large_airport,47.618599,-52.7519,False,True,False
2025-06,MDLR,4,0,0,0,departures,0.0,0.0,large_airport,18.452222,-68.911111,False,True,False
2025-06,ENRO,4,1,0,0,departures,0.0,0.0,medium_airport,62.578399658203,11.342300415039,True,True,True
2025-06,LZTT,4,2,2,2,departures,0.5,0.5,medium_airport,49.070994,20.241394,True,True,True
2025-06,LFCK,4,2,2,2,departures,0.5,0.5,medium_airport,43.556301,2.28918,True,True,True
2025-06,KPIT,4,0,0,0,departures,0.0,0.0,large_airport,40.491501,-80.232903,False,True,False
2025-06,ENGC,4,0,0,0,departures,0.0,0.0,heliport,61.214063,2.270984,True,False,False
2025-06,ESMQ,4,4,4,4,departures,1.0,1.0,medium_airport,56.685501,16.2876,True,True,True
2025-06,ESND,4,0,0,0,departures,0.0,0.0,small_airport,62.047798,14.4229,True,False,False
2025-06,EDAZ,4,0,0,0,departures,0.0,0.0,small_airport,52.204631,13.159526,True,False,False
2025-06,LTAP,4,0,0,0,departures,0.0,0.0,small_airport,40.829399,35.521999,True,False,False
2025-06,WIII,4,0,0,0,departures,0.0,0.0,large_airport,-6.12557,106.655998,False,True,False
2025-06,OISS,4,0,0,0,departures,0.0,0.0,large_airport,29.5392,52.589802,False,True,False
2025-06,YPPH,4,0,0,0,departures,0.0,0.0,large_airport,-31.94029998779297,115.96700286865234,False,True,False
2025-06,MMMY,4,0,0,0,departures,0.0,0.0,large_airport,25.778521,-100.106989,False,True,False
2025-06,LFPN,4,4,4,4,departures,1.0,1.0,medium_airport,48.7519,2.10619,True,True,True
2025-06,LTFC,4,0,0,0,departures,0.0,0.0,medium_airport,37.8554,30.368401,True,True,True
2025-06,LSGL,4,0,0,0,departures,0.0,0.0,small_airport,46.54509,6.616629,True,False,False
2025-06,SBFZ,4,0,0,0,departures,0.0,0.0,large_airport,-3.775833,-38.532222,False,True,False
2025-06,GMAG,4,2,0,0,departures,0.0,0.0,,,,False,False,False
2025-06,ENBS,4,0,0,0,departures,0.0,0.0,medium_airport,70.60025,29.692612,False,True,False
2025-06,LFLW,4,0,0,0,departures,0.0,0.0,medium_airport,44.891399,2.42194,True,True,True
2025-06,LGKS,4,0,0,0,departures,0.0,0.0,small_airport,35.4213981628,26.9099998474,True,False,False
2025-06,ESNV,4,0,0,0,departures,0.0,0.0,medium_airport,64.579102,16.833599,True,True,True
2025-06,EFKT,4,0,0,0,departures,0.0,0.0,large_airport,67.700996,24.8468,True,True,True
2025-06,LFOZ,4,0,0,0,departures,0.0,0.0,small_airport,47.897758,2.164478,True,False,False
2025-06,KMLB,4,0,0,0,departures,0.0,0.0,medium_airport,28.102009,-80.641088,False,True,False
2025-06,ENSR,4,0,0,0,departures,0.0,0.0,medium_airport,69.786797,20.9594,True,True,True
2025-06,FYWH,4,0,0,0,departures,0.0,0.0,large_airport,-22.4799,17.4709,False,True,False
2025-06,MYNN,4,0,0,0,departures,0.0,0.0,large_airport,25.039,-77.466202,False,True,False
2025-06,UAUU,4,0,0,0,departures,0.0,0.0,large_airport,53.206902,63.550301,False,True,False
2025-06,EKDF,4,0,0,0,departures,0.0,0.0,heliport,55.47809982299805,5.105527877807617,True,False,False
2025-06,ESGJ,4,0,0,0,departures,0.0,0.0,medium_airport,57.757598876953125,14.068699836730955,True,True,True
2025-06,EPZG,4,4,4,4,departures,1.0,1.0,medium_airport,52.1385,15.7986,True,True,True
2025-06,TXKF,4,0,0,0,departures,0.0,0.0,large_airport,32.363802,-64.67824,False,True,False
2025-06,ORKK,4,0,0,0,departures,0.0,0.0,large_airport,35.469501,44.3489,True,True,True
2025-06,GVSV,4,0,0,0,departures,0.0,0.0,large_airport,16.833363,-25.055308,False,True,False
2025-06,BGKK,4,0,0,0,departures,0.0,0.0,medium_airport,65.573601,-37.1236,False,True,False
2025-06,LJPZ,4,2,2,2,departures,0.5,0.5,medium_airport,45.47201,13.615951,True,True,True
2025-06,ZHEC,4,0,0,0,departures,0.0,0.0,large_airport,30.341178,115.03926,False,True,False
2025-06,URWW,4,0,0,0,departures,0.0,0.0,large_airport,48.78134,44.339194,True,True,True
2025-06,MSLP,4,0,0,0,departures,0.0,0.0,large_airport,13.44447,-89.055784,False,True,False
2025-06,ESDF,4,1,1,1,arrivals,0.25,0.25,medium_airport,56.266701,15.265,True,True,True
2025-06,LGSO,4,0,0,0,arrivals,0.0,0.0,small_airport,37.4227981567,24.9508991241,True,False,False
2025-06,EFJY,4,0,0,0,arrivals,0.0,0.0,medium_airport,62.399502,25.678301,True,True,True
2025-06,ENHK,4,0,0,0,arrivals,0.0,0.0,small_airport,70.486702,22.1397,False,False,False
2025-06,TJSJ,4,1,0,0,arrivals,0.0,0.0,large_airport,18.4394,-66.001801,False,True,False
2025-06,LTAS,4,0,0,0,arrivals,0.0,0.0,medium_airport,41.506401,32.0886,True,True,True
2025-06,UAUU,4,0,0,0,arrivals,0.0,0.0,large_airport,53.206902,63.550301,False,True,False
2025-06,ESOH,4,1,0,0,arrivals,0.0,0.0,small_airport,60.0201,13.5789,True,False,False
2025-06,ESOK,4,0,0,0,arrivals,0.0,0.0,medium_airport,59.444698,13.3374,True,True,True
2025-06,LFRH,4,2,1,1,arrivals,0.25,0.25,medium_airport,47.760601,-3.44,True,True,True
2025-06,EETU,4,0,0,0,arrivals,0.0,0.0,medium_airport,58.307438,26.686473,True,True,True
2025-06,EDQG,4,1,0,0,arrivals,0.0,0.0,small_airport,49.6480560303,9.966388702390002,True,False,False
2025-06,LGBL,4,2,1,1,arrivals,0.25,0.25,medium_airport,39.219601,22.7943,True,True,True
2025-06,LKHK,4,0,0,0,arrivals,0.0,0.0,small_airport,50.253201,15.8452,True,False,False
2025-06,RPLL,4,0,0,0,arrivals,0.0,0.0,large_airport,14.5086,121.019997,False,True,False
2025-06,EFKK,4,4,4,4,arrivals,1.0,1.0,medium_airport,63.721199,23.143101,True,True,True
2025-06,ESNX,4,0,0,0,arrivals,0.0,0.0,medium_airport,65.59030151367188,19.28190040588379,True,True,True
2025-06,UWSG,4,1,1,1,arrivals,0.25,0.25,large_airport,51.712778,46.171111,True,True,True
2025-06,EDRZ,4,0,0,0,arrivals,0.0,0.0,small_airport,49.2094,7.40056,True,False,False
2025-06,LGPL,4,0,0,0,arrivals,0.0,0.0,small_airport,36.5798988342,26.3757991791,True,False,False
2025-06,LGKY,4,1,0,0,arrivals,0.0,0.0,small_airport,36.9632987976,26.9405994415,True,False,False
2025-06,UNKL,4,0,0,0,arrivals,0.0,0.0,large_airport,56.175743,92.485788,False,True,False
2025-06,LSZA,4,3,3,4,arrivals,0.75,1.0,medium_airport,46.004299,8.91058,True,True,True
2025-06,LEVD,4,0,0,0,arrivals,0.0,0.0,medium_airport,41.7061,-4.85194,True,True,True
2025-06,FTTJ,4,2,0,0,arrivals,0.0,0.0,large_airport,12.1337,15.034,False,True,False
2025-06,CYOW,4,0,0,0,arrivals,0.0,0.0,large_airport,45.322498,-75.669197,False,True,False
2025-06,ESSP,4,1,1,1,arrivals,0.25,0.25,medium_airport,58.58629989624024,16.250600814819336,True,True,True
2025-06,LKCS,4,4,4,4,arrivals,1.0,1.0,large_airport,48.948171,14.42832,True,True,True
2025-06,CYYT,4,0,0,0,arrivals,0.0,0.0,large_airport,47.618599,-52.7519,False,True,False
2025-06,ZMCK,4,0,0,0,arrivals,0.0,0.0,large_airport,47.646916,106.819833,False,True,False
2025-06,LZTT,4,2,2,2,arrivals,0.5,0.5,medium_airport,49.070994,20.241394,True,True,True
2025-06,GVSV,4,0,0,0,arrivals,0.0,0.0,large_airport,16.833363,-25.055308,False,True,False
2025-06,EFKE,4,0,0,0,arrivals,0.0,0.0,medium_airport,65.778701782227,24.582099914551,True,True,True
2025-06,LFCK,4,2,2,2,arrivals,0.5,0.5,medium_airport,43.556301,2.28918,True,True,True
2025-06,ENGC,4,0,0,0,arrivals,0.0,0.0,heliport,61.214063,2.270984,True,False,False
2025-06,CYMX,4,0,0,0,arrivals,0.0,0.0,medium_airport,45.679501,-74.038696,False,True,False
2025-06,ESND,4,0,0,0,arrivals,0.0,0.0,small_airport,62.047798,14.4229,True,False,False
2025-06,EDAZ,4,0,0,0,arrivals,0.0,0.0,small_airport,52.204631,13.159526,True,False,False
2025-06,LTAP,4,0,0,0,arrivals,0.0,0.0,small_airport,40.829399,35.521999,True,False,False
2025-06,WIII,4,0,0,0,arrivals,0.0,0.0,large_airport,-6.12557,106.655998,False,True,False
2025-06,ENXO,4,0,0,0,arrivals,0.0,0.0,heliport,59.266701,2.45,True,False,False
2025-06,SKRG,4,0,0,0,arrivals,0.0,0.0,large_airport,6.16454,-75.4231,False,True,False
2025-06,ENQG,4,0,0,0,arrivals,0.0,0.0,heliport,61.202108,2.198832,True,False,False
2025-06,LSGL,4,0,0,0,arrivals,0.0,0.0,small_airport,46.54509,6.616629,True,False,False
2025-06,SBFZ,4,0,0,0,arrivals,0.0,0.0,large_airport,-3.775833,-38.532222,False,True,False
2025-06,GMAG,4,2,0,0,arrivals,0.0,0.0,,,,False,False,False
2025-06,LFLW,4,0,0,0,arrivals,0.0,0.0,medium_airport,44.891399,2.42194,True,True,True
2025-06,ESGT,4,0,0,0,arrivals,0.0,0.0,medium_airport,58.31809997558594,12.345000267028809,True,True,True
2025-06,ESNV,4,0,0,0,arrivals,0.0,0.0,medium_airport,64.579102,16.833599,True,True,True
2025-06,EFKT,4,0,0,0,arrivals,0.0,0.0,large_airport,67.700996,24.8468,True,True,True
2025-06,KMLB,4,0,0,0,arrivals,0.0,0.0,medium_airport,28.102009,-80.641088,False,True,False
2025-06,ENSR,4,0,0,0,arrivals,0.0,0.0,medium_airport,69.786797,20.9594,True,True,True
2025-06,LFLX,4,0,0,0,arrivals,0.0,0.0,medium_airport,46.860221,1.728326,True,True,True
2025-06,OAKB,4,0,0,0,arrivals,0.0,0.0,large_airport,34.565899,69.212303,False,True,False
2025-06,EGNO,4,4,4,4,arrivals,1.0,1.0,medium_airport,53.745098,-2.88306,True,True,True
2025-06,HTKJ,4,0,0,0,arrivals,0.0,0.0,large_airport,-3.427049,37.07353,False,True,False
2025-06,FYWH,4,1,0,0,arrivals,0.0,0.0,large_airport,-22.4799,17.4709,False,True,False
2025-06,URMO,4,0,0,0,arrivals,0.0,0.0,medium_airport,43.205101,44.606602,True,True,True
2025-06,EHLL,4,0,0,0,arrivals,0.0,0.0,heliport,53.40333,4.20056,True,False,False
2025-06,MUVR,4,0,0,0,arrivals,0.0,0.0,large_airport,23.034401,-81.435303,False,True,False
2025-06,ESGJ,4,0,0,0,arrivals,0.0,0.0,medium_airport,57.757598876953125,14.068699836730955,True,True,True
2025-06,SMJP,4,0,0,0,arrivals,0.0,0.0,large_airport,5.45283,-55.187801,False,True,False
2025-06,ENQS,4,0,0,0,arrivals,0.0,0.0,heliport,61.2961,1.90083,True,False,False
2025-06,LDLO,4,0,0,0,arrivals,0.0,0.0,small_airport,44.566985,14.393883,True,False,False
2025-06,LRBM,4,0,0,0,arrivals,0.0,0.0,medium_airport,47.658444,23.464445,True,True,True
2025-06,LTFC,4,0,0,0,arrivals,0.0,0.0,medium_airport,37.8554,30.368401,True,True,True
2025-06,LZPP,4,0,0,0,arrivals,0.0,0.0,medium_airport,48.62519836425781,17.828399658203125,True,True,True
2025-06,LGKS,4,0,0,0,arrivals,0.0,0.0,small_airport,35.4213981628,26.9099998474,True,False,False
2025-06,UTDD,4,0,0,0,arrivals,0.0,0.0,large_airport,38.543746,68.822977,False,True,False
2025-06,GGOV,4,0,0,0,arrivals,0.0,0.0,large_airport,11.894262,-15.653596,False,True,False
2025-06,HTDA,4,0,0,0,arrivals,0.0,0.0,large_airport,-6.873499,39.207288,False,True,False
2025-06,HTZA,3,0,0,0,departures,0.0,0.0,large_airport,-6.22202,39.224899,False,True,False
2025-06,GMTA,3,3,3,3,departures,1.0,1.0,medium_airport,35.177101,-3.83952,True,True,True
2025-06,KMSY,3,0,0,0,departures,0.0,0.0,large_airport,29.993401,-90.264673,False,True,False
2025-06,TJSJ,3,0,0,0,departures,0.0,0.0,large_airport,18.4394,-66.001801,False,True,False
2025-06,URMO,3,0,0,0,departures,0.0,0.0,medium_airport,43.205101,44.606602,True,True,True
2025-06,ZSAM,3,0,0,0,departures,0.0,0.0,large_airport,24.543889,118.127454,False,True,False
2025-06,TNCM,3,0,0,0,departures,0.0,0.0,large_airport,18.041,-63.108898,False,True,False
2025-06,ENQA,3,0,0,0,departures,0.0,0.0,heliport,60.645,3.72472,True,False,False
2025-06,WADD,3,0,0,0,departures,0.0,0.0,large_airport,-8.748409,115.167123,False,True,False
2025-06,EKHA,3,0,0,0,departures,0.0,0.0,heliport,55.53085708618164,5.004167079925537,True,False,False
2025-06,LFBI,3,0,0,0,departures,0.0,0.0,medium_airport,46.5877,0.306666,True,True,True
2025-06,FMMI,3,0,0,0,departures,0.0,0.0,large_airport,-18.7969,47.478802,False,True,False
2025-06,EGMD,3,0,0,0,departures,0.0,0.0,medium_airport,50.956246,0.939074,True,True,True
2025-06,LFHP,3,0,0,0,departures,0.0,0.0,small_airport,45.0807,3.76289,True,False,False
2025-06,EFKS,3,0,0,0,departures,0.0,0.0,medium_airport,65.987602,29.239401,True,True,True
2025-06,KBDL,3,0,0,0,departures,0.0,0.0,large_airport,41.938555,-72.688016,False,True,False
2025-06,ESNN,3,0,0,0,departures,0.0,0.0,medium_airport,62.528099060058594,17.443899154663086,True,True,True
2025-06,BGAA,3,0,0,0,departures,0.0,0.0,medium_airport,68.721802,-52.784698,False,True,False
2025-06,FCBB,3,1,0,0,departures,0.0,0.0,large_airport,-4.2517,15.253,False,True,False
2025-06,UARR,3,0,0,0,departures,0.0,0.0,large_airport,51.151976,51.543652,False,True,False
2025-06,LELN,3,3,3,3,departures,1.0,1.0,medium_airport,42.590709,-5.653406,True,True,True
2025-06,ENOL,3,1,1,1,departures,0.3333333333333333,0.3333333333333333,medium_airport,63.69889831542969,9.604000091552734,True,True,True
2025-06,HELX,3,0,0,0,departures,0.0,0.0,large_airport,25.671018,32.706446,False,True,False
2025-06,LGSY,3,0,0,0,departures,0.0,0.0,small_airport,38.9676017761,24.4871997833,True,False,False
2025-06,SGAS,3,0,0,0,departures,0.0,0.0,large_airport,-25.240156,-57.519227,False,True,False
2025-06,BIBD,3,1,0,0,departures,0.0,0.0,medium_airport,65.641296,-23.5462,True,True,True
2025-06,ENOA,3,0,0,0,departures,0.0,0.0,heliport,60.491402,2.82556,True,False,False
2025-06,ETAR,3,3,3,3,departures,1.0,1.0,medium_airport,49.436901,7.60028,True,True,True
2025-06,ENWS,3,0,0,0,departures,0.0,0.0,heliport,56.37361,3.26278,True,False,False
2025-06,OSDI,3,0,0,0,departures,0.0,0.0,large_airport,33.4114990234375,36.51559829711914,True,True,True
2025-06,ESUP,3,0,0,0,departures,0.0,0.0,small_airport,67.244569,23.074894,True,False,False
2025-06,ZSWZ,3,0,0,0,departures,0.0,0.0,large_airport,27.910572,120.853465,False,True,False
2025-06,LFLS,3,1,1,1,departures,0.3333333333333333,0.3333333333333333,medium_airport,45.3629,5.32937,True,True,True
2025-06,LTAL,3,0,0,0,departures,0.0,0.0,medium_airport,41.314201,33.795799,True,True,True
2025-06,UTSB,3,0,0,0,departures,0.0,0.0,large_airport,39.775319,64.482279,False,True,False
2025-06,LSZS,3,0,0,0,departures,0.0,0.0,medium_airport,46.5341,9.88411,True,True,True
2025-06,LPBJ,3,0,0,0,departures,0.0,0.0,medium_airport,38.078899,-7.9324,True,True,True
2025-06,BIHN,3,0,0,0,departures,0.0,0.0,medium_airport,64.295601,-15.2272,True,True,True
2025-06,ENXO,3,0,0,0,departures,0.0,0.0,heliport,59.266701,2.45,True,False,False
2025-06,EDTM,3,3,3,3,departures,1.0,1.0,medium_airport,48.05389,9.372778,True,True,True
2025-06,BGUK,3,0,0,0,departures,0.0,0.0,small_airport,72.790199,-56.1306,False,False,False
2025-06,LFAT,3,1,0,0,departures,0.0,0.0,medium_airport,50.518284,1.621656,True,True,True
2025-06,LRBM,3,0,0,0,departures,0.0,0.0,medium_airport,47.658444,23.464445,True,True,True
2025-06,URMG,3,0,0,0,departures,0.0,0.0,large_airport,43.388106,45.699772,True,True,True
2025-06,KFLL,3,0,0,0,departures,0.0,0.0,large_airport,26.072599,-80.152702,False,True,False
2025-06,SBCF,3,0,0,0,departures,0.0,0.0,large_airport,-19.63571,-43.966928,False,True,False
2025-06,LRCK,3,0,0,0,departures,0.0,0.0,large_airport,44.362202,28.4883,True,True,True
2025-06,EGNO,3,3,3,3,departures,1.0,1.0,medium_airport,53.745098,-2.88306,True,True,True
2025-06,ESOW,3,2,2,2,departures,0.6666666666666666,0.6666666666666666,large_airport,59.589401,16.6336,True,True,True
2025-06,HKMO,3,0,0,0,departures,0.0,0.0,large_airport,-4.03483,39.5942,False,True,False
2025-06,LTAS,3,0,0,0,departures,0.0,0.0,medium_airport,41.506401,32.0886,True,True,True
2025-06,ENSE,3,0,0,0,departures,0.0,0.0,heliport,61.4489,2.1425,True,False,False
2025-06,ENWV,3,0,0,0,departures,0.0,0.0,heliport,56.28333,3.4,True,False,False
2025-06,HDAM,3,0,0,0,departures,0.0,0.0,large_airport,11.5473,43.1595,False,True,False
2025-06,LTBH,3,0,0,0,departures,0.0,0.0,medium_airport,40.1376991272,26.4267997742,True,True,True
2025-06,UTFF,3,0,0,0,departures,0.0,0.0,,,,False,False,False
2025-06,TNCB,3,0,0,0,departures,0.0,0.0,large_airport,12.131,-68.268501,False,True,False
2025-06,ESNO,3,0,0,0,departures,0.0,0.0,medium_airport,63.40829849243164,18.989999771118164,True,True,True
2025-06,DTTX,3,0,0,0,departures,0.0,0.0,medium_airport,34.717999,10.691,True,True,True
2025-06,ENQO,3,0,0,0,departures,0.0,0.0,heliport,60.389702,2.795556,True,False,False
2025-06,ENOC,3,0,0,0,departures,0.0,0.0,heliport,60.6078,2.77444,True,False,False
2025-06,EGLK,3,1,0,0,departures,0.0,0.0,medium_airport,51.323898,-0.8475,True,True,True
2025-06,UDSG,3,0,0,0,departures,0.0,0.0,large_airport,40.750401,43.859299,True,True,True
2025-06,ENWY,3,0,0,0,departures,0.0,0.0,heliport,57.4888,4.3212,True,False,False
2025-06,ENSL,3,0,0,0,departures,0.0,0.0,heliport,58.366699,1.90694,True,False,False
2025-06,OJAM,3,0,0,0,departures,0.0,0.0,large_airport,31.9727,35.9916,True,True,True
2025-06,EGNH,3,3,3,3,departures,1.0,1.0,medium_airport,53.771702,-3.02861,True,True,True
2025-06,ZBTJ,3,0,0,0,departures,0.0,0.0,large_airport,39.1244010925,117.346000671,False,True,False
2025-06,GMMB,3,0,0,0,departures,0.0,0.0,small_airport,33.655399,-7.22145,True,False,False
2025-06,LSZC,3,2,0,0,departures,0.0,0.0,small_airport,46.974444,8.396944,True,False,False
2025-06,EDGS,3,3,3,3,departures,1.0,1.0,medium_airport,50.707699,8.08297,True,True,True
2025-06,LDLO,3,0,0,0,departures,0.0,0.0,small_airport,44.566985,14.393883,True,False,False
2025-06,TLPL,3,0,0,0,departures,0.0,0.0,large_airport,13.7332,-60.952599,False,True,False
2025-06,BGBW,3,0,0,0,departures,0.0,0.0,heliport,61.15958,-45.42469,False,False,False
2025-06,HTKJ,3,1,0,0,departures,0.0,0.0,large_airport,-3.427049,37.07353,False,True,False
2025-06,ESOW,3,2,2,2,arrivals,0.6666666666666666,0.6666666666666666,large_airport,59.589401,16.6336,True,True,True
2025-06,PANC,3,0,0,0,arrivals,0.0,0.0,large_airport,61.179004,-149.992561,False,True,False
2025-06,ENQA,3,0,0,0,arrivals,0.0,0.0,heliport,60.645,3.72472,True,False,False
2025-06,EPRA,3,1,1,1,arrivals,0.3333333333333333,0.3333333333333333,medium_airport,51.38937,21.214742,True,True,True
2025-06,ZSNJ,3,0,0,0,arrivals,0.0,0.0,large_airport,31.735032,118.865949,False,True,False
2025-06,EKHA,3,0,0,0,arrivals,0.0,0.0,heliport,55.53085708618164,5.004167079925537,True,False,False
2025-06,EHJA,3,0,0,0,arrivals,0.0,0.0,heliport,53.82333,2.94389,True,False,False
2025-06,LFRD,3,2,2,4,arrivals,0.6666666666666666,1.3333333333333333,medium_airport,48.5877,-2.07996,True,True,True
2025-06,LECU,3,1,1,1,arrivals,0.3333333333333333,0.3333333333333333,medium_airport,40.370701,-3.78514,True,True,True
2025-06,FMMI,3,0,0,0,arrivals,0.0,0.0,large_airport,-18.7969,47.478802,False,True,False
2025-06,UTNU,3,0,0,0,arrivals,0.0,0.0,large_airport,41.58274,60.64338,False,True,False
2025-06,EFKS,3,0,0,0,arrivals,0.0,0.0,medium_airport,65.987602,29.239401,True,True,True
2025-06,VIAR,3,0,0,0,arrivals,0.0,0.0,large_airport,31.7096,74.797302,False,True,False
2025-06,MGGT,3,0,0,0,arrivals,0.0,0.0,large_airport,14.582896,-90.527515,False,True,False
2025-06,ESNO,3,0,0,0,arrivals,0.0,0.0,medium_airport,63.40829849243164,18.989999771118164,True,True,True
2025-06,LELN,3,0,0,0,arrivals,0.0,0.0,medium_airport,42.590709,-5.653406,True,True,True
2025-06,DTTX,3,0,0,0,arrivals,0.0,0.0,medium_airport,34.717999,10.691,True,True,True
2025-06,TAPA,3,0,0,0,arrivals,0.0,0.0,large_airport,17.1367,-61.792702,False,True,False
2025-06,MDLR,3,0,0,0,arrivals,0.0,0.0,large_airport,18.452222,-68.911111,False,True,False
2025-06,LGSY,3,0,0,0,arrivals,0.0,0.0,small_airport,38.9676017761,24.4871997833,True,False,False
2025-06,SGAS,3,0,0,0,arrivals,0.0,0.0,large_airport,-25.240156,-57.519227,False,True,False
2025-06,BIBD,3,0,0,0,arrivals,0.0,0.0,medium_airport,65.641296,-23.5462,True,True,True
2025-06,ENRO,3,0,0,0,arrivals,0.0,0.0,medium_airport,62.578399658203,11.342300415039,True,True,True
2025-06,ENWS,3,0,0,0,arrivals,0.0,0.0,heliport,56.37361,3.26278,True,False,False
2025-06,FKYS,3,1,0,0,arrivals,0.0,0.0,large_airport,3.72256,11.5533,False,True,False
2025-06,BGKK,3,1,0,0,arrivals,0.0,0.0,medium_airport,65.573601,-37.1236,False,True,False
2025-06,HESN,3,0,0,0,arrivals,0.0,0.0,large_airport,23.961075,32.820382,False,True,False
2025-06,OSDI,3,0,0,0,arrivals,0.0,0.0,large_airport,33.4114990234375,36.51559829711914,True,True,True
2025-06,UDSG,3,0,0,0,arrivals,0.0,0.0,large_airport,40.750401,43.859299,True,True,True
2025-06,ESUT,3,0,0,0,arrivals,0.0,0.0,small_airport,65.806099,15.0828,True,False,False
2025-06,ZSWZ,3,0,0,0,arrivals,0.0,0.0,large_airport,27.910572,120.853465,False,True,False
2025-06,ESMQ,3,3,3,3,arrivals,1.0,1.0,medium_airport,56.685501,16.2876,True,True,True
2025-06,LTAL,3,0,0,0,arrivals,0.0,0.0,medium_airport,41.314201,33.795799,True,True,True
2025-06,OJAM,3,0,0,9,arrivals,0.0,3.0,large_airport,31.9727,35.9916,True,True,True
2025-06,EGNH,3,2,2,2,arrivals,0.6666666666666666,0.6666666666666666,medium_airport,53.771702,-3.02861,True,True,True
2025-06,BIHN,3,0,0,0,arrivals,0.0,0.0,medium_airport,64.295601,-15.2272,True,True,True
2025-06,EHFB,3,0,0,0,arrivals,0.0,0.0,heliport,54.94444,4.5725,True,False,False
2025-06,LFOH,3,2,1,1,arrivals,0.3333333333333333,0.3333333333333333,medium_airport,49.534038,0.088406,True,True,True
2025-06,EDTM,3,3,3,3,arrivals,1.0,1.0,medium_airport,48.05389,9.372778,True,True,True
2025-06,MMMY,3,0,0,0,arrivals,0.0,0.0,large_airport,25.778521,-100.106989,False,True,False
2025-06,SBSV,3,0,0,0,arrivals,0.0,0.0,large_airport,-12.908611,-38.322498,False,True,False
2025-06,TLPL,3,0,0,0,arrivals,0.0,0.0,large_airport,13.7332,-60.952599,False,True,False
2025-06,BGBW,3,1,0,0,arrivals,0.0,0.0,heliport,61.15958,-45.42469,False,False,False
2025-06,ULAA,3,0,0,0,arrivals,0.0,0.0,medium_airport,64.60030364990234,40.71670150756836,True,True,True
2025-06,DRRN,3,0,0,0,arrivals,0.0,0.0,large_airport,13.4815,2.18361,False,True,False
2025-06,LFOZ,3,0,0,0,arrivals,0.0,0.0,small_airport,47.897758,2.164478,True,False,False
2025-06,SBCF,3,0,0,0,arrivals,0.0,0.0,large_airport,-19.63571,-43.966928,False,True,False
2025-06,ENFB,3,0,0,0,arrivals,0.0,0.0,heliport,61.20639,1.82889,True,False,False
2025-06,MYNN,3,0,0,0,arrivals,0.0,0.0,large_airport,25.039,-77.466202,False,True,False
2025-06,HHAS,3,0,0,0,arrivals,0.0,0.0,medium_airport,15.2919,38.910702,False,True,False
2025-06,GMTA,3,3,3,3,arrivals,1.0,1.0,medium_airport,35.177101,-3.83952,True,True,True
2025-06,HKMO,3,0,0,0,arrivals,0.0,0.0,large_airport,-4.03483,39.5942,False,True,False
2025-06,KMSY,3,0,0,0,arrivals,0.0,0.0,large_airport,29.993401,-90.264673,False,True,False
2025-06,TNCA,3,1,0,0,arrivals,0.0,0.0,large_airport,12.501056,-70.014281,False,True,False
2025-06,ESMT,3,1,0,0,arrivals,0.0,0.0,medium_airport,56.69110107421875,12.820199966430664,True,True,True
2025-06,LFMQ,3,2,2,2,arrivals,0.6666666666666666,0.6666666666666666,medium_airport,43.252499,5.78519,True,True,True
2025-06,SBBR,3,0,0,0,arrivals,0.0,0.0,large_airport,-15.869167,-47.920834,False,True,False
2025-06,LFRC,3,1,1,1,arrivals,0.3333333333333333,0.3333333333333333,medium_airport,49.650101,-1.47028,True,True,True
2025-06,ENWV,3,0,0,0,arrivals,0.0,0.0,heliport,56.28333,3.4,True,False,False
2025-06,FGSL,3,1,0,0,arrivals,0.0,0.0,large_airport,3.75527,8.70872,False,True,False
2025-06,LFLU,3,2,1,2,arrivals,0.3333333333333333,0.6666666666666666,medium_airport,44.9216,4.9699,True,True,True
2025-06,LFBI,3,0,0,0,arrivals,0.0,0.0,medium_airport,46.5877,0.306666,True,True,True
2025-06,LTBH,3,1,1,1,arrivals,0.3333333333333333,0.3333333333333333,medium_airport,40.1376991272,26.4267997742,True,True,True
2025-06,LFHP,3,0,0,0,arrivals,0.0,0.0,small_airport,45.0807,3.76289,True,False,False
2025-06,KBDL,3,0,0,0,arrivals,0.0,0.0,large_airport,41.938555,-72.688016,False,True,False
2025-06,EPZG,3,1,1,1,arrivals,0.3333333333333333,0.3333333333333333,medium_airport,52.1385,15.7986,True,True,True
2025-06,ENOC,3,0,0,0,arrivals,0.0,0.0,heliport,60.6078,2.77444,True,False,False
2025-06,TXKF,3,0,0,0,arrivals,0.0,0.0,large_airport,32.363802,-64.67824,False,True,False
2025-06,ESUP,3,0,0,0,arrivals,0.0,0.0,small_airport,67.244569,23.074894,True,False,False
2025-06,ENWY,3,0,0,0,arrivals,0.0,0.0,heliport,57.4888,4.3212,True,False,False
2025-06,LFLS,3,1,0,0,arrivals,0.0,0.0,medium_airport,45.3629,5.32937,True,True,True
2025-06,ENSL,3,0,0,0,arrivals,0.0,0.0,heliport,58.366699,1.90694,True,False,False
2025-06,UTSB,3,0,0,0,arrivals,0.0,0.0,large_airport,39.775319,64.482279,False,True,False
2025-06,GMMB,3,0,0,0,arrivals,0.0,0.0,small_airport,33.655399,-7.22145,True,False,False
2025-06,OMRK,3,0,0,0,arrivals,0.0,0.0,large_airport,25.613501,55.938801,False,True,False
2025-06,EDGS,3,2,2,3,arrivals,0.6666666666666666,1.0,medium_airport,50.707699,8.08297,True,True,True
2025-06,URWW,3,0,0,0,arrivals,0.0,0.0,large_airport,48.78134,44.339194,True,True,True
2025-06,LDRG,2,0,0,0,departures,0.0,0.0,small_airport,45.379501,14.5038,True,False,False
2025-06,ENQE,2,0,0,0,departures,0.0,0.0,heliport,60.700001,2.933611,True,False,False
2025-06,LFOK,2,1,1,1,departures,0.5,0.5,medium_airport,48.77333,4.20611,True,True,True
2025-06,LEGT,2,2,2,2,departures,1.0,1.0,medium_airport,40.294102,-3.72383,True,True,True
2025-06,LFMQ,2,2,2,2,departures,1.0,1.0,medium_airport,43.252499,5.78519,True,True,True
2025-06,EHKJ,2,0,0,0,departures,0.0,0.0,heliport,53.72444,4.0975,True,False,False
2025-06,ENGA,2,0,0,0,departures,0.0,0.0,heliport,61.17556,2.1875,True,False,False
2025-06,ESST,2,0,0,0,departures,0.0,0.0,medium_airport,60.1576,12.9913,True,True,True
2025-06,GMAT,2,1,0,0,departures,0.0,0.0,medium_airport,28.447563,-11.161749,True,True,True
2025-06,ZSNJ,2,0,0,0,departures,0.0,0.0,large_airport,31.735032,118.865949,False,True,False
2025-06,LEAB,2,2,2,2,departures,1.0,1.0,medium_airport,38.948502,-1.86352,True,True,True
2025-06,LFLU,2,2,2,2,departures,1.0,1.0,medium_airport,44.9216,4.9699,True,True,True
2025-06,EGVN,2,1,1,1,departures,0.5,0.5,medium_airport,51.75,-1.58362,True,True,True
2025-06,LIBG,2,0,0,0,departures,0.0,0.0,medium_airport,40.517502,17.4032,True,True,True
2025-06,TJBQ,2,0,0,0,departures,0.0,0.0,medium_airport,18.4949,-67.129402,False,True,False
2025-06,OAHR,2,0,0,0,departures,0.0,0.0,large_airport,34.209999,62.228298,False,True,False
2025-06,UTNU,2,0,0,0,departures,0.0,0.0,large_airport,41.58274,60.64338,False,True,False
2025-06,FPST,2,0,0,0,departures,0.0,0.0,large_airport,0.378175,6.71215,False,True,False
2025-06,UNOO,2,0,0,0,departures,0.0,0.0,large_airport,54.963124,73.312418,False,True,False
2025-06,LSGC,2,2,2,2,departures,1.0,1.0,medium_airport,47.0839004517,6.792840003970001,True,True,True
2025-06,LFRV,2,1,1,1,departures,0.5,0.5,medium_airport,47.723301,-2.71856,True,True,True
2025-06,CYQB,2,0,0,0,departures,0.0,0.0,large_airport,46.7911,-71.393303,False,True,False
2025-06,ENQJ,2,0,0,0,departures,0.0,0.0,heliport,61.33167,3.895,True,False,False
2025-06,SBSG,2,0,0,0,departures,0.0,0.0,large_airport,-5.769822,-35.36661,False,True,False
2025-06,LFGA,2,1,1,1,departures,0.5,0.5,medium_airport,48.109901,7.35901,True,True,True
2025-06,LTBZ,2,0,0,0,departures,0.0,0.0,small_airport,39.111107,30.130405,True,False,False
2025-06,TAPA,2,0,0,0,departures,0.0,0.0,large_airport,17.1367,-61.792702,False,True,False
2025-06,SBFL,2,0,0,0,departures,0.0,0.0,large_airport,-27.670279,-48.552502,False,True,False
2025-06,EIWF,2,0,0,0,departures,0.0,0.0,medium_airport,52.187199,-7.08696,True,True,True
2025-06,ORNI,2,0,0,0,departures,0.0,0.0,large_airport,31.991116,44.405019,True,True,True
2025-06,EGNL,2,2,2,3,departures,1.0,1.5,medium_airport,54.1286111,-3.2675,True,True,True
2025-06,EHPK,2,0,0,0,departures,0.0,0.0,heliport,52.29028,3.81611,True,False,False
2025-06,DAUB,2,0,0,0,departures,0.0,0.0,large_airport,34.79318,5.738899,True,True,True
2025-06,ESUT,2,0,0,0,departures,0.0,0.0,small_airport,65.806099,15.0828,True,False,False
2025-06,DAOI,2,0,0,0,departures,0.0,0.0,large_airport,36.216614,1.341114,True,True,True
2025-06,SBBE,2,0,0,0,departures,0.0,0.0,large_airport,-1.379279,-48.476207,False,True,False
2025-06,SEQM,2,0,0,0,departures,0.0,0.0,large_airport,-0.125399,-78.354306,False,True,False
2025-06,MKJP,2,0,0,0,departures,0.0,0.0,large_airport,17.935699462890625,-76.7874984741211,False,True,False
2025-06,USII,2,0,0,0,departures,0.0,0.0,medium_airport,56.834524,53.462172,False,True,False
2025-06,EGFE,2,2,1,1,departures,0.5,0.5,medium_airport,51.833099365234375,-4.9611101150512695,True,True,True
2025-06,KGSP,2,0,0,0,departures,0.0,0.0,medium_airport,34.895699,-82.218903,False,True,False
2025-06,GMMD,2,0,0,0,departures,0.0,0.0,large_airport,32.401895,-6.315905,True,True,True
2025-06,SACO,2,0,0,0,departures,0.0,0.0,large_airport,-31.312346,-64.208329,False,True,False
2025-06,LFQG,2,0,0,0,departures,0.0,0.0,medium_airport,47.002913,3.113114,True,True,True
2025-06,ENQD,2,0,0,0,departures,0.0,0.0,heliport,60.541901,3.04583,True,False,False
2025-06,LTBY,2,0,0,0,departures,0.0,0.0,large_airport,39.811644,30.519268,True,True,True
2025-06,DRRN,2,2,0,0,departures,0.0,0.0,large_airport,13.4815,2.18361,False,True,False
2025-06,OENN,2,0,0,0,departures,0.0,0.0,large_airport,27.924261,35.29358,True,True,True
2025-06,SLVR,2,0,0,0,departures,0.0,0.0,large_airport,-17.6448,-63.135399,False,True,False
2025-06,HCMM,2,0,0,0,departures,0.0,0.0,large_airport,2.01444,45.304699,False,True,False
2025-06,LFLX,2,0,0,0,departures,0.0,0.0,medium_airport,46.860221,1.728326,True,True,True
2025-06,OAKB,2,0,0,0,departures,0.0,0.0,large_airport,34.565899,69.212303,False,True,False
2025-06,BGCO,2,1,0,0,departures,0.0,0.0,medium_airport,70.743103,-22.650499,False,True,False
2025-06,TTPP,2,1,0,0,departures,0.0,0.0,large_airport,10.59535,-61.337568,False,True,False
2025-06,LSTS,2,0,0,0,departures,0.0,0.0,small_airport,46.497398,7.41257,True,False,False
2025-06,ETND,2,2,2,2,departures,1.0,1.0,medium_airport,52.585556,8.342222,True,True,True
2025-06,LGKJ,2,0,0,0,departures,0.0,0.0,small_airport,36.141701,29.576401,True,False,False
2025-06,HHAS,2,0,0,0,departures,0.0,0.0,medium_airport,15.2919,38.910702,False,True,False
2025-06,UTAN,2,0,0,0,departures,0.0,0.0,,,,False,False,False
2025-06,LTAG,2,0,0,0,departures,0.0,0.0,medium_airport,37.002102,35.4259,True,True,True
2025-06,ENXW,2,0,0,0,departures,0.0,0.0,heliport,59.165,2.48667,True,False,False
2025-06,LTBU,2,1,1,1,departures,0.5,0.5,medium_airport,41.138199,27.9191,True,True,True
2025-06,ENQV,2,0,0,0,departures,0.0,0.0,heliport,61.36972,2.45722,True,False,False
2025-06,BIVO,2,0,0,0,departures,0.0,0.0,medium_airport,65.720596,-14.8506,True,True,True
2025-06,LEDA,2,0,0,0,departures,0.0,0.0,medium_airport,41.728185,0.535023,True,True,True
2025-06,LFRC,2,0,0,0,departures,0.0,0.0,medium_airport,49.650101,-1.47028,True,True,True
2025-06,FGSL,2,0,0,0,departures,0.0,0.0,large_airport,3.75527,8.70872,False,True,False
2025-06,KRSW,2,0,0,0,departures,0.0,0.0,large_airport,26.534685,-81.752816,False,True,False
2025-06,EHLL,2,0,0,0,departures,0.0,0.0,heliport,53.40333,4.20056,True,False,False
2025-06,VTSP,2,0,0,0,departures,0.0,0.0,large_airport,8.113257,98.3174,False,True,False
2025-06,EGPC,2,0,0,0,departures,0.0,0.0,medium_airport,58.4589,-3.09306,True,True,True
2025-06,ENUA,2,0,0,0,departures,0.0,0.0,heliport,64.993956,6.551342,True,False,False
2025-06,EHGQ,2,0,0,0,departures,0.0,0.0,heliport,54.04917,5.43194,True,False,False
2025-06,VAAH,2,0,0,0,departures,0.0,0.0,large_airport,23.0772,72.634697,False,True,False
2025-06,LSGK,2,0,0,0,departures,0.0,0.0,small_airport,46.486525,7.248359,True,False,False
2025-06,LGPL,2,0,0,0,departures,0.0,0.0,small_airport,36.5798988342,26.3757991791,True,False,False
2025-06,EDXQ,2,0,0,0,departures,0.0,0.0,small_airport,53.128334,9.348611,True,False,False
2025-06,KSAV,2,0,0,0,departures,0.0,0.0,large_airport,32.126591,-81.19998,False,True,False
2025-06,LFPT,2,1,1,1,departures,0.5,0.5,medium_airport,49.096064,2.035543,True,True,True
2025-06,BGTL,2,0,0,0,departures,0.0,0.0,medium_airport,76.53063,-68.700541,False,True,False
2025-06,LJMB,2,2,1,2,departures,0.5,1.0,medium_airport,46.4799,15.6861,True,True,True
2025-06,GLRB,2,2,0,0,departures,0.0,0.0,large_airport,6.23379,-10.3623,False,True,False
2025-06,LFAC,2,1,1,1,departures,0.5,0.5,medium_airport,50.962101,1.95476,True,True,True
2025-06,VGSY,2,0,0,0,departures,0.0,0.0,large_airport,24.963071,91.866903,False,True,False
2025-06,EGBJ,2,1,1,1,departures,0.5,0.5,medium_airport,51.894199,-2.16722,True,True,True
2025-06,ENQS,2,0,0,0,departures,0.0,0.0,heliport,61.2961,1.90083,True,False,False
2025-06,SKCL,2,0,0,0,departures,0.0,0.0,large_airport,3.542717,-76.381898,False,True,False
2025-06,BITN,2,0,0,0,departures,0.0,0.0,small_airport,66.218459,-15.334739,True,False,False
2025-06,ZSOF,2,0,0,0,departures,0.0,0.0,large_airport,31.98779,116.9769,False,True,False
2025-06,LRSM,2,0,0,0,departures,0.0,0.0,medium_airport,47.7033,22.8857,True,True,True
2025-06,GMMA,2,0,0,0,departures,0.0,0.0,medium_airport,26.731987,-11.683655,False,True,False
2025-06,LKKV,2,2,2,2,departures,1.0,1.0,large_airport,50.202999,12.915,True,True,True
2025-06,KAFW,2,0,0,0,departures,0.0,0.0,medium_airport,32.99044,-97.31947,False,True,False
2025-06,ENNE,2,0,0,0,departures,0.0,0.0,heliport,66.03333,8.08333,True,False,False
2025-06,ENQC,2,0,0,0,departures,0.0,0.0,heliport,60.885799,3.60972,True,False,False
2025-06,UTFN,2,0,0,0,departures,0.0,0.0,large_airport,40.984622,71.5578,False,True,False
2025-06,EHFB,2,0,0,0,departures,0.0,0.0,heliport,54.94444,4.5725,True,False,False
2025-06,OMRK,2,0,0,0,departures,0.0,0.0,large_airport,25.613501,55.938801,False,True,False
2025-06,LFOH,2,1,0,0,departures,0.0,0.0,medium_airport,49.534038,0.088406,True,True,True
2025-06,ULAA,2,0,0,0,departures,0.0,0.0,medium_airport,64.60030364990234,40.71670150756836,True,True,True
2025-06,ENWA,2,0,0,0,departures,0.0,0.0,heliport,59.566667,1.991667,True,False,False
2025-06,LZPP,2,0,0,0,departures,0.0,0.0,medium_airport,48.62519836425781,17.828399658203125,True,True,True
2025-06,VNKT,2,0,0,0,departures,0.0,0.0,large_airport,27.6966,85.3591,False,True,False
2025-06,KSWF,2,0,0,0,departures,0.0,0.0,medium_airport,41.50421,-74.108901,False,True,False
2025-06,HLMS,2,1,0,0,departures,0.0,0.0,small_airport,32.325001,15.061,True,False,False
2025-06,CYEG,2,0,0,0,departures,0.0,0.0,large_airport,53.3097,-113.580002,False,True,False
2025-06,KCLE,2,0,0,0,departures,0.0,0.0,large_airport,41.411701,-81.8498,False,True,False
2025-06,UWKE,2,0,0,0,departures,0.0,0.0,medium_airport,55.564701,52.092499,False,True,False
2025-06,ENQE,2,0,0,0,arrivals,0.0,0.0,heliport,60.700001,2.933611,True,False,False
2025-06,LTBU,2,1,0,0,arrivals,0.0,0.0,medium_airport,41.138199,27.9191,True,True,True
2025-06,LFOK,2,0,0,0,arrivals,0.0,0.0,medium_airport,48.77333,4.20611,True,True,True
2025-06,KMDW,2,0,0,0,arrivals,0.0,0.0,large_airport,41.785999,-87.752403,False,True,False
2025-06,KPBI,2,0,0,0,arrivals,0.0,0.0,large_airport,26.683201,-80.095596,False,True,False
2025-06,EHKJ,2,0,0,0,arrivals,0.0,0.0,heliport,53.72444,4.0975,True,False,False
2025-06,ESST,2,0,0,0,arrivals,0.0,0.0,medium_airport,60.1576,12.9913,True,True,True
2025-06,ENUD,2,0,0,0,arrivals,0.0,0.0,heliport,64.27067,7.20011,True,False,False
2025-06,WADD,2,0,0,0,arrivals,0.0,0.0,large_airport,-8.748409,115.167123,False,True,False
2025-06,GMAT,2,2,0,0,arrivals,0.0,0.0,medium_airport,28.447563,-11.161749,True,True,True
2025-06,ENQR,2,0,0,0,arrivals,0.0,0.0,heliport,61.51667,2.21667,True,False,False
2025-06,LESU,2,0,0,0,arrivals,0.0,0.0,medium_airport,42.3386,1.40917,True,True,True
2025-06,LEAB,2,2,2,2,arrivals,1.0,1.0,medium_airport,38.948502,-1.86352,True,True,True
2025-06,KRSW,2,0,0,0,arrivals,0.0,0.0,large_airport,26.534685,-81.752816,False,True,False
2025-06,VTSP,2,0,0,0,arrivals,0.0,0.0,large_airport,8.113257,98.3174,False,True,False
2025-06,DTTZ,2,0,0,0,arrivals,0.0,0.0,medium_airport,33.939701080322266,8.110560417175293,True,True,True
2025-06,EHPG,2,0,0,0,arrivals,0.0,0.0,heliport,52.35998,3.34192,True,False,False
2025-06,EDMS,2,1,0,0,arrivals,0.0,0.0,small_airport,48.900833,12.516667,True,False,False
2025-06,ENUA,2,0,0,0,arrivals,0.0,0.0,heliport,64.993956,6.551342,True,False,False
2025-06,EGMD,2,0,0,0,arrivals,0.0,0.0,medium_airport,50.956246,0.939074,True,True,True
2025-06,LFJR,2,1,1,1,arrivals,0.5,0.5,medium_airport,47.560299,-0.312222,True,True,True
2025-06,UNOO,2,0,0,0,arrivals,0.0,0.0,large_airport,54.963124,73.312418,False,True,False
2025-06,ESNN,2,0,0,0,arrivals,0.0,0.0,medium_airport,62.528099060058594,17.443899154663086,True,True,True
2025-06,LSGC,2,2,2,2,arrivals,1.0,1.0,medium_airport,47.0839004517,6.792840003970001,True,True,True
2025-06,LFRV,2,2,2,2,arrivals,1.0,1.0,medium_airport,47.723301,-2.71856,True,True,True
2025-06,BGAA,2,0,0,0,arrivals,0.0,0.0,medium_airport,68.721802,-52.784698,False,True,False
2025-06,LSGK,2,1,0,0,arrivals,0.0,0.0,small_airport,46.486525,7.248359,True,False,False
2025-06,ENQJ,2,0,0,0,arrivals,0.0,0.0,heliport,61.33167,3.895,True,False,False
2025-06,OJAQ,2,0,0,0,arrivals,0.0,0.0,large_airport,29.611601,35.018101,True,True,True
2025-06,UTFF,2,0,0,0,arrivals,0.0,0.0,,,,False,False,False
2025-06,TNCB,2,1,0,0,arrivals,0.0,0.0,large_airport,12.131,-68.268501,False,True,False
2025-06,KOPF,2,0,0,0,arrivals,0.0,0.0,medium_airport,25.907,-80.278397,False,True,False
2025-06,LTBZ,2,0,0,0,arrivals,0.0,0.0,small_airport,39.111107,30.130405,True,False,False
2025-06,KSJC,2,0,0,0,arrivals,0.0,0.0,large_airport,37.362452,-121.929188,False,True,False
2025-06,EBMB,2,0,0,0,arrivals,0.0,0.0,small_airport,50.913419,4.491005,True,False,False
2025-06,ORNI,2,0,0,0,arrivals,0.0,0.0,large_airport,31.991116,44.405019,True,True,True
2025-06,EGNL,2,2,2,3,arrivals,1.0,1.5,medium_airport,54.1286111,-3.2675,True,True,True
2025-06,LPGR,2,0,0,0,arrivals,0.0,0.0,medium_airport,39.09220123291016,-28.029800415039062,False,True,False
2025-06,ORKK,2,0,0,0,arrivals,0.0,0.0,large_airport,35.469501,44.3489,True,True,True
2025-06,VGSY,2,0,0,0,arrivals,0.0,0.0,large_airport,24.963071,91.866903,False,True,False
2025-06,ZSOF,2,0,0,0,arrivals,0.0,0.0,large_airport,31.98779,116.9769,False,True,False
2025-06,DAOI,2,0,0,0,arrivals,0.0,0.0,large_airport,36.216614,1.341114,True,True,True
2025-06,LKKV,2,1,1,1,arrivals,0.5,0.5,large_airport,50.202999,12.915,True,True,True
2025-06,KBTV,2,0,0,0,arrivals,0.0,0.0,medium_airport,44.471901,-73.153297,False,True,False
2025-06,FMCZ,2,0,0,0,arrivals,0.0,0.0,large_airport,-12.809319,45.281815,False,True,False
2025-06,USII,2,0,0,0,arrivals,0.0,0.0,medium_airport,56.834524,53.462172,False,True,False
2025-06,UTFN,2,0,0,0,arrivals,0.0,0.0,large_airport,40.984622,71.5578,False,True,False
2025-06,BGUK,2,0,0,0,arrivals,0.0,0.0,small_airport,72.790199,-56.1306,False,False,False
2025-06,LFAT,2,1,0,0,arrivals,0.0,0.0,medium_airport,50.518284,1.621656,True,True,True
2025-06,GMMD,2,0,0,0,arrivals,0.0,0.0,large_airport,32.401895,-6.315905,True,True,True
2025-06,MMGL,2,0,0,0,arrivals,0.0,0.0,large_airport,20.523342,-103.310108,False,True,False
2025-06,SBCT,2,0,0,0,arrivals,0.0,0.0,large_airport,-25.5285,-49.1758,False,True,False
2025-06,LFQG,2,0,0,0,arrivals,0.0,0.0,medium_airport,47.002913,3.113114,True,True,True
2025-06,ENQD,2,0,0,0,arrivals,0.0,0.0,heliport,60.541901,3.04583,True,False,False
2025-06,KSWF,2,0,0,0,arrivals,0.0,0.0,medium_airport,41.50421,-74.108901,False,True,False
2025-06,KOAK,2,0,0,0,arrivals,0.0,0.0,large_airport,37.720085,-122.221184,False,True,False
2025-06,HLMS,2,1,0,0,arrivals,0.0,0.0,small_airport,32.325001,15.061,True,False,False
2025-06,LRCK,2,0,0,0,arrivals,0.0,0.0,large_airport,44.362202,28.4883,True,True,True
2025-06,KCLE,2,0,0,0,arrivals,0.0,0.0,large_airport,41.411701,-81.8498,False,True,False
2025-06,VOGA,2,0,0,0,arrivals,0.0,0.0,large_airport,15.744257,73.860625,False,True,False
2025-06,SEGU,2,0,0,0,arrivals,0.0,0.0,large_airport,-2.15742,-79.883598,False,True,False
2025-06,LTAG,2,0,0,0,arrivals,0.0,0.0,medium_airport,37.002102,35.4259,True,True,True
2025-06,ENXW,2,0,0,0,arrivals,0.0,0.0,heliport,59.165,2.48667,True,False,False
2025-06,LFRT,2,2,1,1,arrivals,0.5,0.5,medium_airport,48.538628,-2.853518,True,True,True
2025-06,ENQV,2,0,0,0,arrivals,0.0,0.0,heliport,61.36972,2.45722,True,False,False
2025-06,BIVO,2,0,0,0,arrivals,0.0,0.0,medium_airport,65.720596,-14.8506,True,True,True
2025-06,LEGT,2,2,2,2,arrivals,1.0,1.0,medium_airport,40.294102,-3.72383,True,True,True
2025-06,LEDA,2,0,0,0,arrivals,0.0,0.0,medium_airport,41.728185,0.535023,True,True,True
2025-06,ENSE,2,0,0,0,arrivals,0.0,0.0,heliport,61.4489,2.1425,True,False,False
2025-06,HDAM,2,0,0,0,arrivals,0.0,0.0,large_airport,11.5473,43.1595,False,True,False
2025-06,ENWE,2,0,0,0,arrivals,0.0,0.0,heliport,58.8425,2.24722,True,False,False
2025-06,LIBG,2,0,0,0,arrivals,0.0,0.0,medium_airport,40.517502,17.4032,True,True,True
2025-06,KFOK,2,0,0,0,arrivals,0.0,0.0,small_airport,40.8437004089,-72.6317977905,False,False,False
2025-06,EHJR,2,0,0,0,arrivals,0.0,0.0,heliport,53.217222,3.218889,True,False,False
2025-06,EGPC,2,0,0,0,arrivals,0.0,0.0,medium_airport,58.4589,-3.09306,True,True,True
2025-06,EHKV,2,0,0,0,arrivals,0.0,0.0,heliport,53.26861,3.62639,True,False,False
2025-06,EKHB,2,0,0,0,arrivals,0.0,0.0,heliport,55.538612365722656,5.033332824707031,True,False,False
2025-06,FCPP,2,0,0,0,arrivals,0.0,0.0,large_airport,-4.81603,11.8866,False,True,False
2025-06,CYQB,2,0,0,0,arrivals,0.0,0.0,large_airport,46.7911,-71.393303,False,True,False
2025-06,SBSG,2,0,0,0,arrivals,0.0,0.0,large_airport,-5.769822,-35.36661,False,True,False
2025-06,UARR,2,0,0,0,arrivals,0.0,0.0,large_airport,51.151976,51.543652,False,True,False
2025-06,LFPT,2,1,1,1,arrivals,0.5,0.5,medium_airport,49.096064,2.035543,True,True,True
2025-06,ENQO,2,0,0,0,arrivals,0.0,0.0,heliport,60.389702,2.795556,True,False,False
2025-06,LJMB,2,1,1,2,arrivals,0.5,1.0,medium_airport,46.4799,15.6861,True,True,True
2025-06,LFAC,2,1,1,1,arrivals,0.5,0.5,medium_airport,50.962101,1.95476,True,True,True
2025-06,EDLN,2,1,1,1,arrivals,0.5,0.5,medium_airport,51.230278,6.504444,True,True,True
2025-06,SBPA,2,0,0,0,arrivals,0.0,0.0,large_airport,-29.993984,-51.167482,False,True,False
2025-06,EGLK,2,1,0,1,arrivals,0.0,0.5,medium_airport,51.323898,-0.8475,True,True,True
2025-06,EGBJ,2,2,1,1,arrivals,0.5,0.5,medium_airport,51.894199,-2.16722,True,True,True
2025-06,LOAN,2,0,0,0,arrivals,0.0,0.0,medium_airport,47.8433,16.260099,True,True,True
2025-06,DAUB,2,0,0,0,arrivals,0.0,0.0,large_airport,34.79318,5.738899,True,True,True
2025-06,SKCL,2,0,0,0,arrivals,0.0,0.0,large_airport,3.542717,-76.381898,False,True,False
2025-06,KVNY,2,0,0,0,arrivals,0.0,0.0,medium_airport,34.209801,-118.489998,False,True,False
2025-06,BITN,2,0,0,0,arrivals,0.0,0.0,small_airport,66.218459,-15.334739,True,False,False
2025-06,GMMA,2,0,0,0,arrivals,0.0,0.0,medium_airport,26.731987,-11.683655,False,True,False
2025-06,SBBE,2,0,0,0,arrivals,0.0,0.0,large_airport,-1.379279,-48.476207,False,True,False
2025-06,ENNE,2,0,0,0,arrivals,0.0,0.0,heliport,66.03333,8.08333,True,False,False
2025-06,EDFZ,2,0,0,0,arrivals,0.0,0.0,medium_airport,49.967499,8.147222,True,True,True
2025-06,ZSNB,2,0,0,0,arrivals,0.0,0.0,large_airport,29.82670021057129,121.46199798583984,False,True,False
2025-06,GFLL,2,1,0,0,arrivals,0.0,0.0,large_airport,8.61644,-13.1955,False,True,False
2025-06,ZSJN,2,0,0,0,arrivals,0.0,0.0,large_airport,36.857201,117.216003,False,True,False
2025-06,ENWA,2,0,0,0,arrivals,0.0,0.0,heliport,59.566667,1.991667,True,False,False
2025-06,VNKT,2,0,0,0,arrivals,0.0,0.0,large_airport,27.6966,85.3591,False,True,False
2025-06,LTBY,2,1,1,1,arrivals,0.5,0.5,large_airport,39.811644,30.519268,True,True,True
2025-06,OENN,2,0,0,0,arrivals,0.0,0.0,large_airport,27.924261,35.29358,True,True,True
2025-06,HCMM,2,0,0,0,arrivals,0.0,0.0,large_airport,2.01444,45.304699,False,True,False
2025-06,KFLL,2,0,0,0,arrivals,0.0,0.0,large_airport,26.072599,-80.152702,False,True,False
2025-06,LFSN,2,1,0,0,arrivals,0.0,0.0,medium_airport,48.692101,6.23046,True,True,True
2025-06,BGCO,2,0,0,0,arrivals,0.0,0.0,medium_airport,70.743103,-22.650499,False,True,False
2025-06,ETND,2,2,2,2,arrivals,1.0,1.0,medium_airport,52.585556,8.342222,True,True,True
2025-06,UWKE,2,0,0,0,arrivals,0.0,0.0,medium_airport,55.564701,52.092499,False,True,False
2025-06,KBKL,1,0,0,0,departures,0.0,0.0,medium_airport,41.51750183105469,-81.68329620361328,False,True,False
2025-06,EYSA,1,0,0,0,departures,0.0,0.0,medium_airport,55.89390182495117,23.395000457763672,True,True,True
2025-06,KMDW,1,0,0,0,departures,0.0,0.0,large_airport,41.785999,-87.752403,False,True,False
2025-06,UAOO,1,0,0,0,departures,0.0,0.0,large_airport,44.706902,65.592499,False,True,False
2025-06,KPBI,1,0,0,0,departures,0.0,0.0,large_airport,26.683201,-80.095596,False,True,False
2025-06,LKMH,1,0,0,0,departures,0.0,0.0,small_airport,50.540199,15.0066,True,False,False
2025-06,LCRA,1,1,1,1,departures,1.0,1.0,medium_airport,34.590401,32.9879,True,True,True
2025-06,UBBL,1,0,0,0,departures,0.0,0.0,small_airport,38.757919,48.807042,True,False,False
2025-06,EHTW,1,0,0,0,departures,0.0,0.0,medium_airport,52.275833,6.889167,True,True,True
2025-06,KHSV,1,0,0,0,departures,0.0,0.0,medium_airport,34.636244,-86.774378,False,True,False
2025-06,ENQR,1,0,0,0,departures,0.0,0.0,heliport,61.51667,2.21667,True,False,False
2025-06,EBSP,1,0,0,0,departures,0.0,0.0,small_airport,50.482006,5.913434,True,False,False
2025-06,LKKU,1,1,1,1,departures,1.0,1.0,medium_airport,49.0294,17.439699,True,True,True
2025-06,EHPG,1,0,0,0,departures,0.0,0.0,heliport,52.35998,3.34192,True,False,False
2025-06,ENRY,1,0,0,0,departures,0.0,0.0,medium_airport,59.378817,10.785439,True,True,True
2025-06,EDMS,1,0,0,0,departures,0.0,0.0,small_airport,48.900833,12.516667,True,False,False
2025-06,LFRO,1,1,1,1,departures,1.0,1.0,medium_airport,48.754398,-3.47166,True,True,True
2025-06,LFBF,1,1,1,1,departures,1.0,1.0,medium_airport,43.545601,1.3675,True,True,True
2025-06,ZGHA,1,0,0,0,departures,0.0,0.0,large_airport,28.189199,113.220001,False,True,False
2025-06,FHAW,1,0,0,0,departures,0.0,0.0,medium_airport,-7.970179,-14.392744,False,True,False
2025-06,FCPP,1,0,0,0,departures,0.0,0.0,large_airport,-4.81603,11.8866,False,True,False
2025-06,LFSG,1,1,1,1,departures,1.0,1.0,medium_airport,48.325001,6.06998,True,True,True
2025-06,LOLW,1,1,0,0,departures,0.0,0.0,small_airport,48.182513,14.039283,True,False,False
2025-06,LFJR,1,0,0,0,departures,0.0,0.0,medium_airport,47.560299,-0.312222,True,True,True
2025-06,LGKZ,1,0,0,0,departures,0.0,0.0,medium_airport,40.286098,21.840799,True,True,True
2025-06,EPPW,1,0,0,0,departures,0.0,0.0,medium_airport,52.380087,17.853155,True,True,True
2025-06,USNN,1,0,0,0,departures,0.0,0.0,large_airport,60.949299,76.483597,False,True,False
2025-06,OOSA,1,0,0,0,departures,0.0,0.0,large_airport,17.0387,54.091301,False,True,False
2025-06,KJAX,1,0,0,0,departures,0.0,0.0,large_airport,30.492469,-81.687813,False,True,False
2025-06,OJAQ,1,0,0,0,departures,0.0,0.0,large_airport,29.611601,35.018101,True,True,True
2025-06,ENUE,1,0,0,0,departures,0.0,0.0,heliport,64.271111,7.201389,True,False,False
2025-06,ULWC,1,0,0,0,departures,0.0,0.0,medium_airport,59.273601532,38.0158004761,True,True,True
2025-06,LFCI,1,1,1,1,departures,1.0,1.0,medium_airport,43.913898,2.11306,True,True,True
2025-06,UWOO,1,0,0,0,departures,0.0,0.0,medium_airport,51.792668,55.457229,False,True,False
2025-06,LFAQ,1,0,0,0,departures,0.0,0.0,small_airport,49.970049,2.693939,True,False,False
2025-06,EDTD,1,1,1,1,departures,1.0,1.0,medium_airport,47.973331,8.522222,True,True,True
2025-06,EHAK,1,0,0,0,departures,0.0,0.0,heliport,55.399167,3.810278,True,False,False
2025-06,EGOV,1,1,0,0,departures,0.0,0.0,medium_airport,53.2481,-4.53534,True,True,True
2025-06,ENQM,1,0,0,0,departures,0.0,0.0,heliport,60.5075,2.01472,True,False,False
2025-06,VTBD,1,0,0,0,departures,0.0,0.0,large_airport,13.9126,100.607002,False,True,False
2025-06,BIGJ,1,1,0,0,departures,0.0,0.0,small_airport,65.9953,-21.3269,True,False,False
2025-06,LPGR,1,0,0,0,departures,0.0,0.0,medium_airport,39.09220123291016,-28.029800415039062,False,True,False
2025-06,HESN,1,0,0,0,departures,0.0,0.0,large_airport,23.961075,32.820382,False,True,False
2025-06,LFBA,1,1,1,3,departures,1.0,3.0,medium_airport,44.174171,0.59309,True,True,True
2025-06,UWPS,1,0,0,0,departures,0.0,0.0,large_airport,54.12513,45.212257,True,True,True
2025-06,OAMS,1,0,0,0,departures,0.0,0.0,large_airport,36.70412,67.210459,False,True,False
2025-06,EDFZ,1,0,0,0,departures,0.0,0.0,medium_airport,49.967499,8.147222,True,True,True
2025-06,DABT,1,0,0,0,departures,0.0,0.0,large_airport,35.752102,6.30859,True,True,True
2025-06,GFLL,1,0,0,0,departures,0.0,0.0,large_airport,8.61644,-13.1955,False,True,False
2025-06,EGBK,1,0,0,0,departures,0.0,0.0,small_airport,52.305302,-0.793056,True,False,False
2025-06,EIWT,1,0,0,0,departures,0.0,0.0,medium_airport,53.351622,-6.490357,True,True,True
2025-06,OMAD,1,0,0,0,departures,0.0,0.0,large_airport,24.427062,54.459866,False,True,False
2025-06,ENUN,1,0,0,0,departures,0.0,0.0,heliport,67.0408,7.055,True,False,False
2025-06,ENQG,1,0,0,0,departures,0.0,0.0,heliport,61.202108,2.198832,True,False,False
2025-06,FEFF,1,0,0,0,departures,0.0,0.0,large_airport,4.39848,18.518801,False,True,False
2025-06,UUBI,1,0,0,0,departures,0.0,0.0,medium_airport,56.93939971923828,40.940799713134766,True,True,True
2025-06,EBCV,1,0,0,0,departures,0.0,0.0,medium_airport,50.575802,3.831,True,True,True
2025-06,EHGN,1,0,0,0,departures,0.0,0.0,heliport,54.22389,5.49861,True,False,False
2025-06,OIGG,1,0,0,0,departures,0.0,0.0,medium_airport,37.323333,49.617778,True,True,True
2025-06,KOAK,1,0,0,0,departures,0.0,0.0,large_airport,37.720085,-122.221184,False,True,False
2025-06,MHPR,1,0,0,0,departures,0.0,0.0,,,,False,False,False
2025-06,EDAY,1,0,0,0,departures,0.0,0.0,small_airport,52.580555,13.916667,True,False,False
2025-06,USKK,1,0,0,0,departures,0.0,0.0,medium_airport,58.503883,49.347831,True,True,True
2025-06,LFLD,1,0,0,0,departures,0.0,0.0,medium_airport,47.060158,2.369633,True,True,True
2025-06,EDMV,1,0,0,0,departures,0.0,0.0,small_airport,48.634998,13.195556,True,False,False
2025-06,BGQQ,1,0,0,0,departures,0.0,0.0,medium_airport,77.488602,-69.388702,False,True,False
2025-06,ULMM,1,0,0,0,departures,0.0,0.0,large_airport,68.7817,32.750801,True,True,True
2025-06,RJGG,1,0,0,0,departures,0.0,0.0,large_airport,34.858398,136.804993,False,True,False
2025-06,LFLA,1,0,0,0,departures,0.0,0.0,medium_airport,47.850201,3.49711,True,True,True
2025-06,LFOP,1,1,1,1,departures,1.0,1.0,medium_airport,49.384887,1.179142,True,True,True
2025-06,EDWF,1,0,0,0,departures,0.0,0.0,small_airport,53.271942,7.441667,True,False,False
2025-06,TNCA,1,0,0,0,departures,0.0,0.0,large_airport,12.501056,-70.014281,False,True,False
2025-06,AFIL,1,0,0,0,departures,0.0,0.0,,,,False,False,False
2025-06,EHQM,1,0,0,0,departures,0.0,0.0,heliport,52.87222,4.17139,True,False,False
2025-06,URWA,1,0,0,0,departures,0.0,0.0,large_airport,46.282843,48.010511,True,True,True
2025-06,UUBC,1,0,0,0,departures,0.0,0.0,medium_airport,54.5499992371,36.3666687012,True,True,True
2025-06,LFCH,1,0,0,0,departures,0.0,0.0,medium_airport,44.596401,-1.11083,True,True,True
2025-06,LKRO,1,0,0,0,departures,0.0,0.0,small_airport,50.410186,14.22708,True,False,False
2025-06,EDBM,1,0,0,0,departures,0.0,0.0,small_airport,52.073612,11.626389,True,False,False
2025-06,KMKC,1,0,0,0,departures,0.0,0.0,medium_airport,39.123199,-94.592796,False,True,False
2025-06,KBGR,1,0,0,0,departures,0.0,0.0,medium_airport,44.806364,-68.826668,False,True,False
2025-06,LEBA,1,0,0,0,departures,0.0,0.0,medium_airport,37.841999,-4.84888,True,True,True
2025-06,ENUD,1,0,0,0,departures,0.0,0.0,heliport,64.27067,7.20011,True,False,False
2025-06,ENDR,1,0,0,0,departures,0.0,0.0,heliport,64.35556,7.79167,True,False,False
2025-06,ENUJ,1,0,0,0,departures,0.0,0.0,,,,False,False,False
2025-06,LKJI,1,0,0,0,departures,0.0,0.0,small_airport,49.419399,15.6353,True,False,False
2025-06,CYQX,1,0,0,0,departures,0.0,0.0,medium_airport,48.936258,-54.567719,False,True,False
2025-06,DAUH,1,0,0,0,departures,0.0,0.0,medium_airport,31.673,6.14044,True,True,True
2025-06,KBCT,1,0,0,0,departures,0.0,0.0,medium_airport,26.3785,-80.107697,False,True,False
2025-06,ENWE,1,0,0,0,departures,0.0,0.0,heliport,58.8425,2.24722,True,False,False
2025-06,LFRI,1,0,0,0,departures,0.0,0.0,medium_airport,46.7019,-1.37863,True,True,True
2025-06,EHJR,1,0,0,0,departures,0.0,0.0,heliport,53.217222,3.218889,True,False,False
2025-06,ENWK,1,0,0,0,departures,0.0,0.0,heliport,58.57139,1.69528,True,False,False
2025-06,LFHS,1,1,0,0,departures,0.0,0.0,small_airport,46.200901,5.29203,True,False,False
2025-06,DTTZ,1,0,0,0,departures,0.0,0.0,medium_airport,33.939701080322266,8.110560417175293,True,True,True
2025-06,CYYR,1,0,0,0,departures,0.0,0.0,medium_airport,53.3191986084,-60.4258003235,False,True,False
2025-06,LFMH,1,0,0,0,departures,0.0,0.0,medium_airport,45.5406,4.29639,True,True,True
2025-06,EPBC,1,0,0,0,departures,0.0,0.0,small_airport,52.269199,20.907203,True,False,False
2025-06,EHKV,1,0,0,0,departures,0.0,0.0,heliport,53.26861,3.62639,True,False,False
2025-06,ENLA,1,0,0,0,departures,0.0,0.0,heliport,57.111667,2.846667,True,False,False
2025-06,LFGF,1,0,0,0,departures,0.0,0.0,small_airport,47.005901,4.89342,True,False,False
2025-06,EGSY,1,1,0,0,departures,0.0,0.0,,,,False,False,False
2025-06,LFLH,1,0,0,0,departures,0.0,0.0,small_airport,46.825813,4.817646,True,False,False
2025-06,EDQM,1,0,0,0,departures,0.0,0.0,medium_airport,50.288544,11.852876,True,True,True
2025-06,EKHB,1,0,0,0,departures,0.0,0.0,heliport,55.538612365722656,5.033332824707031,True,False,False
2025-06,ENUS,1,0,0,0,departures,0.0,0.0,heliport,65.69972,7.65083,True,False,False
2025-06,MMSM,1,0,0,0,departures,0.0,0.0,large_airport,19.743824,-99.01507,False,True,False
2025-06,HJJJ,1,0,0,0,departures,0.0,0.0,large_airport,4.87201,31.601101,False,True,False
2025-06,KTTN,1,0,0,0,departures,0.0,0.0,medium_airport,40.276699,-74.813499,False,True,False
2025-06,ULPB,1,0,0,0,departures,0.0,0.0,medium_airport,61.885201,34.154701,True,True,True
2025-06,EGHL,1,1,1,1,departures,1.0,1.0,medium_airport,51.18744,-1.031663,True,True,True
2025-06,ENWI,1,0,0,0,departures,0.0,0.0,heliport,58.92222,2.19778,True,False,False
2025-06,EDRZ,1,0,0,0,departures,0.0,0.0,small_airport,49.2094,7.40056,True,False,False
2025-06,MUVR,1,0,0,0,departures,0.0,0.0,large_airport,23.034401,-81.435303,False,True,False
2025-06,KSTL,1,0,0,0,departures,0.0,0.0,large_airport,38.748697,-90.370003,False,True,False
2025-06,ENRK,1,0,0,0,departures,0.0,0.0,small_airport,59.397499,11.3469,True,False,False
2025-06,ENQK,1,0,0,0,departures,0.0,0.0,heliport,61.08333,2.5,True,False,False
2025-06,ENSF,1,0,0,0,departures,0.0,0.0,heliport,61.25518,1.85211,True,False,False
2025-06,EGUB,1,0,0,0,departures,0.0,0.0,medium_airport,51.614366,-1.095991,True,True,True
2025-06,KVRB,1,0,0,0,departures,0.0,0.0,medium_airport,27.6556,-80.417901,False,True,False
2025-06,LIRJ,1,0,0,0,departures,0.0,0.0,medium_airport,42.760871,10.239811,True,True,True
2025-06,EHFD,1,0,0,0,departures,0.0,0.0,heliport,54.85306,4.69472,True,False,False
2025-06,CYWG,1,0,0,0,departures,0.0,0.0,large_airport,49.9099998474,-97.2398986816,False,True,False
2025-06,UGSA,1,0,0,0,departures,0.0,0.0,small_airport,41.921198,44.714186,True,False,False
2025-06,LYKV,1,0,0,0,departures,0.0,0.0,medium_airport,43.817519,20.586662,True,True,True
2025-06,LPEV,1,1,1,1,departures,1.0,1.0,medium_airport,38.533501,-7.88964,True,True,True
2025-06,FTTJ,1,0,0,0,departures,0.0,0.0,large_airport,12.1337,15.034,False,True,False
2025-06,CYHM,1,0,0,0,departures,0.0,0.0,medium_airport,43.17348,-79.931185,False,True,False
2025-06,UCFO,1,0,0,0,departures,0.0,0.0,,,,False,False,False
2025-06,ENUK,1,0,0,0,departures,0.0,0.0,heliport,65.064144,6.725689,True,False,False
2025-06,ENQB,1,0,0,0,departures,0.0,0.0,heliport,60.773899,3.50139,True,False,False
2025-06,EBMB,1,0,0,0,departures,0.0,0.0,small_airport,50.913419,4.491005,True,False,False
2025-06,DNKN,1,0,0,0,departures,0.0,0.0,large_airport,12.045613,8.523566,False,True,False
2025-06,UMII,1,0,0,0,departures,0.0,0.0,medium_airport,55.126499176025,30.349599838257,True,True,True
2025-06,EDBC,1,0,0,0,departures,0.0,0.0,small_airport,51.8564,11.4203,True,False,False
2025-06,SBPA,1,0,0,0,departures,0.0,0.0,large_airport,-29.993984,-51.167482,False,True,False
2025-06,LKPM,1,0,0,0,departures,0.0,0.0,small_airport,49.7201,14.1006,True,False,False
2025-06,EGCM,1,0,0,0,departures,0.0,0.0,,,,False,False,False
2025-06,UAIT,1,0,0,0,departures,0.0,0.0,large_airport,43.311087,68.550352,False,True,False
2025-06,GMAZ,1,1,0,0,departures,0.0,0.0,large_airport,30.265788,-5.860808,True,True,True
2025-06,LOIH,1,0,0,0,departures,0.0,0.0,small_airport,47.384477,9.699776,True,False,False
2025-06,EGSC,1,1,1,1,departures,1.0,1.0,medium_airport,52.205002,0.175,True,True,True
2025-06,EHKS,1,0,0,0,departures,0.0,0.0,heliport,53.27556,3.87167,True,False,False
2025-06,EPWK,1,0,0,0,departures,0.0,0.0,small_airport,52.584702,19.0156,True,False,False
2025-06,ENBE,1,0,0,0,departures,0.0,0.0,heliport,59.190601,2.35806,True,False,False
2025-06,LIMG,1,1,1,1,departures,1.0,1.0,medium_airport,44.050598,8.12743,True,True,True
2025-06,DAUG,1,0,0,0,departures,0.0,0.0,medium_airport,32.384102,3.79411,True,True,True
2025-06,EGEO,1,0,0,0,departures,0.0,0.0,small_airport,56.463501,-5.39967,True,False,False
2025-06,DAAV,1,0,0,0,departures,0.0,0.0,large_airport,36.794125,5.873652,True,True,True
2025-06,EHJC,1,0,0,0,departures,0.0,0.0,heliport,53.94861,3.66222,True,False,False
2025-06,CYMX,1,0,0,0,departures,0.0,0.0,medium_airport,45.679501,-74.038696,False,True,False
2025-06,EKTE,1,0,0,0,departures,0.0,0.0,heliport,55.72152328491211,4.802055835723877,True,False,False
2025-06,ENUG,1,0,0,0,departures,0.0,0.0,heliport,71.3,22.25,False,False,False
2025-06,FBMN,1,0,0,0,departures,0.0,0.0,large_airport,-19.970491,23.431409,False,True,False
2025-06,ENQL,1,0,0,0,departures,0.0,0.0,heliport,60.49833,2.07333,True,False,False
2025-06,ZSNB,1,0,0,0,departures,0.0,0.0,large_airport,29.82670021057129,121.46199798583984,False,True,False
2025-06,ESMK,1,1,1,1,departures,1.0,1.0,medium_airport,55.9217,14.0855,True,True,True
2025-06,EKSI,1,0,0,0,departures,0.0,0.0,heliport,56.48271560668945,4.911110877990723,True,False,False
2025-06,GQPP,1,0,0,0,departures,0.0,0.0,large_airport,20.932404,-17.030199,False,True,False
2025-06,EKGC,1,0,0,0,departures,0.0,0.0,heliport,55.57984924316406,4.758889198303223,True,False,False
2025-06,LGTG,1,0,0,0,departures,0.0,0.0,medium_airport,38.339802,23.565001,True,True,True
2025-06,FQMA,1,0,0,0,departures,0.0,0.0,large_airport,-25.920799,32.572601,False,True,False
2025-06,EHER,1,0,0,0,departures,0.0,0.0,,,,False,False,False
2025-06,EDTF,1,0,0,0,departures,0.0,0.0,small_airport,48.022778,7.8325,True,False,False
2025-06,KBED,1,0,0,0,departures,0.0,0.0,medium_airport,42.470001,-71.289001,False,True,False
2025-06,EPCD,1,0,0,0,departures,0.0,0.0,small_airport,51.082067,23.437014,True,False,False
2025-06,ZSQD,1,0,0,0,departures,0.0,0.0,large_airport,36.361953,120.088171,False,True,False
2025-06,LSZG,1,1,1,1,departures,1.0,1.0,medium_airport,47.181599,7.41719,True,True,True
2025-06,LRAR,1,0,0,0,departures,0.0,0.0,medium_airport,46.176136,21.264322,True,True,True
2025-06,EFLP,1,0,0,0,departures,0.0,0.0,large_airport,61.044601,28.144743,True,True,True
2025-06,KSUS,1,0,0,0,departures,0.0,0.0,medium_airport,38.662102,-90.652,False,True,False
2025-06,LGKA,1,0,0,0,departures,0.0,0.0,small_airport,40.446301,21.2822,True,False,False
2025-06,EHLE,1,1,1,1,departures,1.0,1.0,medium_airport,52.453188,5.514622,True,True,True
2025-06,LFLO,1,0,0,0,departures,0.0,0.0,medium_airport,46.053818,3.999023,True,True,True
2025-06,UBBF,1,0,0,0,departures,0.0,0.0,small_airport,39.594578,47.196128,True,False,False
2025-06,MHLM,1,0,0,0,departures,0.0,0.0,large_airport,15.4526,-87.923599,False,True,False
2025-06,EDFE,1,1,1,1,departures,1.0,1.0,medium_airport,49.96,8.643043,True,True,True
2025-06,VOGA,1,0,0,0,departures,0.0,0.0,large_airport,15.744257,73.860625,False,True,False
2025-06,LHPR,1,1,1,1,departures,1.0,1.0,medium_airport,47.628436,17.804718,True,True,True
2025-06,SYCJ,1,1,0,0,departures,0.0,0.0,large_airport,6.49855,-58.254101,False,True,False
2025-06,LDRG,1,0,0,0,arrivals,0.0,0.0,small_airport,45.379501,14.5038,True,False,False
2025-06,RJGG,1,0,0,0,arrivals,0.0,0.0,large_airport,34.858398,136.804993,False,True,False
2025-06,ZJHK,1,0,0,0,arrivals,0.0,0.0,large_airport,19.9349,110.459,False,True,False
2025-06,URWA,1,0,0,0,arrivals,0.0,0.0,large_airport,46.282843,48.010511,True,True,True
2025-06,UUBC,1,0,0,0,arrivals,0.0,0.0,medium_airport,54.5499992371,36.3666687012,True,True,True
2025-06,LKMH,1,1,0,0,arrivals,0.0,0.0,small_airport,50.540199,15.0066,True,False,False
2025-06,UBBL,1,0,0,0,arrivals,0.0,0.0,small_airport,38.757919,48.807042,True,False,False
2025-06,EKAR,1,0,0,0,arrivals,0.0,0.0,heliport,56.08028,4.230389,True,False,False
2025-06,ENGA,1,0,0,0,arrivals,0.0,0.0,heliport,61.17556,2.1875,True,False,False
2025-06,LEBA,1,0,0,0,arrivals,0.0,0.0,medium_airport,37.841999,-4.84888,True,True,True
2025-06,VMMC,1,0,0,0,arrivals,0.0,0.0,large_airport,22.149599,113.592003,False,True,False
2025-06,MDST,1,0,0,0,arrivals,0.0,0.0,large_airport,19.40406,-70.604431,False,True,False
2025-06,KBFI,1,0,0,0,arrivals,0.0,0.0,medium_airport,47.527042,-122.29995,False,True,False
2025-06,LFSG,1,1,1,2,arrivals,1.0,2.0,medium_airport,48.325001,6.06998,True,True,True
2025-06,LOLW,1,0,0,0,arrivals,0.0,0.0,small_airport,48.182513,14.039283,True,False,False
2025-06,ULPB,1,0,0,0,arrivals,0.0,0.0,medium_airport,61.885201,34.154701,True,True,True
2025-06,EHGP,1,0,0,0,arrivals,0.0,0.0,,,,False,False,False
2025-06,EPPW,1,0,0,2,arrivals,0.0,2.0,medium_airport,52.380087,17.853155,True,True,True
2025-06,VAAH,1,0,0,0,arrivals,0.0,0.0,large_airport,23.0772,72.634697,False,True,False
2025-06,LIQS,1,0,0,0,arrivals,0.0,0.0,medium_airport,43.254942,11.255084,True,True,True
2025-06,KSTL,1,0,0,0,arrivals,0.0,0.0,large_airport,38.748697,-90.370003,False,True,False
2025-06,FCBB,1,0,0,0,arrivals,0.0,0.0,large_airport,-4.2517,15.253,False,True,False
2025-06,LFGA,1,1,1,1,arrivals,1.0,1.0,medium_airport,48.109901,7.35901,True,True,True
2025-06,KFRG,1,0,0,0,arrivals,0.0,0.0,medium_airport,40.728576,-73.414267,False,True,False
2025-06,FVJN,1,0,0,0,arrivals,0.0,0.0,,,,False,False,False
2025-06,UWOO,1,0,0,0,arrivals,0.0,0.0,medium_airport,51.792668,55.457229,False,True,False
2025-06,EDTD,1,1,1,1,arrivals,1.0,1.0,medium_airport,47.973331,8.522222,True,True,True
2025-06,LYKV,1,0,0,0,arrivals,0.0,0.0,medium_airport,43.817519,20.586662,True,True,True
2025-06,EGOV,1,1,0,0,arrivals,0.0,0.0,medium_airport,53.2481,-4.53534,True,True,True
2025-06,ENQM,1,0,0,0,arrivals,0.0,0.0,heliport,60.5075,2.01472,True,False,False
2025-06,KRFD,1,0,0,0,arrivals,0.0,0.0,medium_airport,42.1954,-89.097198,False,True,False
2025-06,UCFO,1,0,0,0,arrivals,0.0,0.0,,,,False,False,False
2025-06,FNBJ,1,0,0,0,arrivals,0.0,0.0,large_airport,-9.050734,13.499078,False,True,False
2025-06,EDLE,1,1,0,0,arrivals,0.0,0.0,small_airport,51.402302,6.93733,True,False,False
2025-06,UMII,1,0,0,0,arrivals,0.0,0.0,medium_airport,55.126499176025,30.349599838257,True,True,True
2025-06,EDBC,1,0,0,0,arrivals,0.0,0.0,small_airport,51.8564,11.4203,True,False,False
2025-06,UAIT,1,0,0,0,arrivals,0.0,0.0,large_airport,43.311087,68.550352,False,True,False
2025-06,EHPK,1,0,0,0,arrivals,0.0,0.0,heliport,52.29028,3.81611,True,False,False
2025-06,LFBA,1,1,0,1,arrivals,0.0,1.0,medium_airport,44.174171,0.59309,True,True,True
2025-06,EDAQ,1,0,0,0,arrivals,0.0,0.0,small_airport,51.552223,12.053889,True,False,False
2025-06,LRSM,1,0,0,0,arrivals,0.0,0.0,medium_airport,47.7033,22.8857,True,True,True
2025-06,UWPS,1,0,0,0,arrivals,0.0,0.0,large_airport,54.12513,45.212257,True,True,True
2025-06,OAMS,1,0,0,0,arrivals,0.0,0.0,large_airport,36.70412,67.210459,False,True,False
2025-06,ZYTX,1,0,0,0,arrivals,0.0,0.0,large_airport,41.6398,123.483668,False,True,False
2025-06,DABT,1,0,0,0,arrivals,0.0,0.0,large_airport,35.752102,6.30859,True,True,True
2025-06,CYGK,1,1,0,0,arrivals,0.0,0.0,medium_airport,44.2253,-76.596901,False,True,False
2025-06,EGBK,1,0,0,0,arrivals,0.0,0.0,small_airport,52.305302,-0.793056,True,False,False
2025-06,VRDA,1,0,0,0,arrivals,0.0,0.0,large_airport,5.817407,73.468404,False,True,False
2025-06,EGFE,1,1,0,0,arrivals,0.0,0.0,medium_airport,51.833099365234375,-4.9611101150512695,True,True,True
2025-06,EIWT,1,1,1,1,arrivals,1.0,1.0,medium_airport,53.351622,-6.490357,True,True,True
2025-06,LSZC,1,1,0,0,arrivals,0.0,0.0,small_airport,46.974444,8.396944,True,False,False
2025-06,ENUN,1,0,0,0,arrivals,0.0,0.0,heliport,67.0408,7.055,True,False,False
2025-06,UUBI,1,0,0,0,arrivals,0.0,0.0,medium_airport,56.93939971923828,40.940799713134766,True,True,True
2025-06,ZSQD,1,0,0,0,arrivals,0.0,0.0,large_airport,36.361953,120.088171,False,True,False
2025-06,SLVR,1,0,0,0,arrivals,0.0,0.0,large_airport,-17.6448,-63.135399,False,True,False
2025-06,MHPR,1,0,0,0,arrivals,0.0,0.0,,,,False,False,False
2025-06,EGTF,1,1,0,0,arrivals,0.0,0.0,small_airport,51.348099,-0.558889,True,False,False
2025-06,UMIO,1,0,0,0,arrivals,0.0,0.0,,,,False,False,False
2025-06,USKK,1,0,0,0,arrivals,0.0,0.0,medium_airport,58.503883,49.347831,True,True,True
2025-06,TTPP,1,0,0,0,arrivals,0.0,0.0,large_airport,10.59535,-61.337568,False,True,False
2025-06,MHLM,1,0,0,0,arrivals,0.0,0.0,large_airport,15.4526,-87.923599,False,True,False
2025-06,EDMV,1,0,0,0,arrivals,0.0,0.0,small_airport,48.634998,13.195556,True,False,False
2025-06,BGQQ,1,0,0,0,arrivals,0.0,0.0,medium_airport,77.488602,-69.388702,False,True,False
2025-06,UTAN,1,0,0,0,arrivals,0.0,0.0,,,,False,False,False
2025-06,KCHS,1,0,0,0,arrivals,0.0,0.0,large_airport,32.896159,-80.038151,False,True,False
2025-06,ULMM,1,0,0,0,arrivals,0.0,0.0,large_airport,68.7817,32.750801,True,True,True
2025-06,LFLA,1,0,0,0,arrivals,0.0,0.0,medium_airport,47.850201,3.49711,True,True,True
2025-06,LFOP,1,0,0,0,arrivals,0.0,0.0,medium_airport,49.384887,1.179142,True,True,True
2025-06,KPWM,1,0,0,0,arrivals,0.0,0.0,large_airport,43.646198,-70.309303,False,True,False
2025-06,UAOO,1,0,0,0,arrivals,0.0,0.0,large_airport,44.706902,65.592499,False,True,False
2025-06,KAPF,1,0,0,0,arrivals,0.0,0.0,medium_airport,26.1525993347,-81.7752990723,False,True,False
2025-06,LFTF,1,0,0,0,arrivals,0.0,0.0,small_airport,43.247615,6.126654,True,False,False
2025-06,EHTW,1,0,0,0,arrivals,0.0,0.0,medium_airport,52.275833,6.889167,True,True,True
2025-06,LKRO,1,0,0,0,arrivals,0.0,0.0,small_airport,50.410186,14.22708,True,False,False
2025-06,EDBM,1,0,0,0,arrivals,0.0,0.0,small_airport,52.073612,11.626389,True,False,False
2025-06,LIMW,1,0,0,0,arrivals,0.0,0.0,medium_airport,45.738552,7.3683,True,True,True
2025-06,ENDR,1,0,0,0,arrivals,0.0,0.0,heliport,64.35556,7.79167,True,False,False
2025-06,GOOY,1,0,0,0,arrivals,0.0,0.0,large_airport,14.742337,-17.479222,False,True,False
2025-06,ENUJ,1,0,0,0,arrivals,0.0,0.0,,,,False,False,False
2025-06,DAUH,1,0,0,0,arrivals,0.0,0.0,medium_airport,31.673,6.14044,True,True,True
2025-06,EHLI,1,0,0,0,arrivals,0.0,0.0,heliport,53.43167,4.23556,True,False,False
2025-06,LFRI,1,0,0,0,arrivals,0.0,0.0,medium_airport,46.7019,-1.37863,True,True,True
2025-06,ENWK,1,0,0,0,arrivals,0.0,0.0,heliport,58.57139,1.69528,True,False,False
2025-06,EGWC,1,0,0,0,arrivals,0.0,0.0,medium_airport,52.640524,-2.305326,True,True,True
2025-06,LFMH,1,0,0,0,arrivals,0.0,0.0,medium_airport,45.5406,4.29639,True,True,True
2025-06,KPTK,1,0,0,0,arrivals,0.0,0.0,medium_airport,42.665500640869,-83.420097351074,False,True,False
2025-06,LFRO,1,1,1,1,arrivals,1.0,1.0,medium_airport,48.754398,-3.47166,True,True,True
2025-06,ENLA,1,0,0,0,arrivals,0.0,0.0,heliport,57.111667,2.846667,True,False,False
2025-06,ZGHA,1,0,0,0,arrivals,0.0,0.0,large_airport,28.189199,113.220001,False,True,False
2025-06,LFLH,1,0,0,0,arrivals,0.0,0.0,small_airport,46.825813,4.817646,True,False,False
2025-06,OAHR,1,0,0,0,arrivals,0.0,0.0,large_airport,34.209999,62.228298,False,True,False
2025-06,EDBR,1,0,0,1,arrivals,0.0,1.0,medium_airport,51.363335,14.95,True,True,True
2025-06,EDQM,1,0,0,0,arrivals,0.0,0.0,medium_airport,50.288544,11.852876,True,True,True
2025-06,ENUS,1,0,0,0,arrivals,0.0,0.0,heliport,65.69972,7.65083,True,False,False
2025-06,CYCL,1,0,0,0,arrivals,0.0,0.0,medium_airport,47.990799,-66.330299,False,True,False
2025-06,LPVR,1,0,0,3,arrivals,0.0,3.0,medium_airport,41.2743,-7.72047,True,True,True
2025-06,FPST,1,0,0,0,arrivals,0.0,0.0,large_airport,0.378175,6.71215,False,True,False
2025-06,LGKZ,1,0,0,0,arrivals,0.0,0.0,medium_airport,40.286098,21.840799,True,True,True
2025-06,EHGQ,1,0,0,0,arrivals,0.0,0.0,heliport,54.04917,5.43194,True,False,False
2025-06,FLKK,1,0,0,0,arrivals,0.0,0.0,,,,False,False,False
2025-06,EDGE,1,1,1,2,arrivals,1.0,2.0,medium_airport,50.991604,10.47973,True,True,True
2025-06,UTSA,1,0,0,0,arrivals,0.0,0.0,medium_airport,40.117599,65.172658,False,True,False
2025-06,OOSA,1,0,0,0,arrivals,0.0,0.0,large_airport,17.0387,54.091301,False,True,False
2025-06,EPNT,1,0,0,0,arrivals,0.0,0.0,small_airport,49.462797,20.050304,True,False,False
2025-06,ENRK,1,0,0,0,arrivals,0.0,0.0,small_airport,59.397499,11.3469,True,False,False
2025-06,ENSF,1,0,0,0,arrivals,0.0,0.0,heliport,61.25518,1.85211,True,False,False
2025-06,EGUB,1,0,0,0,arrivals,0.0,0.0,medium_airport,51.614366,-1.095991,True,True,True
2025-06,EDXQ,1,1,0,0,arrivals,0.0,0.0,small_airport,53.128334,9.348611,True,False,False
2025-06,ULWC,1,0,0,0,arrivals,0.0,0.0,medium_airport,59.273601532,38.0158004761,True,True,True
2025-06,LIRJ,1,0,0,0,arrivals,0.0,0.0,medium_airport,42.760871,10.239811,True,True,True
2025-06,EHFD,1,0,0,0,arrivals,0.0,0.0,heliport,54.85306,4.69472,True,False,False
2025-06,KSAV,1,0,0,0,arrivals,0.0,0.0,large_airport,32.126591,-81.19998,False,True,False
2025-06,LFCI,1,1,1,1,arrivals,1.0,1.0,medium_airport,43.913898,2.11306,True,True,True
2025-06,LFAQ,1,0,0,0,arrivals,0.0,0.0,small_airport,49.970049,2.693939,True,False,False
2025-06,UGSA,1,0,0,0,arrivals,0.0,0.0,small_airport,41.921198,44.714186,True,False,False
2025-06,CYWG,1,0,0,0,arrivals,0.0,0.0,large_airport,49.9099998474,-97.2398986816,False,True,False
2025-06,KACY,1,0,0,0,arrivals,0.0,0.0,medium_airport,39.456201,-74.577511,False,True,False
2025-06,LPEV,1,1,1,1,arrivals,1.0,1.0,medium_airport,38.533501,-7.88964,True,True,True
2025-06,KWRI,1,0,0,0,arrivals,0.0,0.0,medium_airport,40.0155983,-74.59169769,False,True,False
2025-06,BGTL,1,0,0,0,arrivals,0.0,0.0,medium_airport,76.53063,-68.700541,False,True,False
2025-06,ENUK,1,0,0,0,arrivals,0.0,0.0,heliport,65.064144,6.725689,True,False,False
2025-06,EHKE,1,0,0,0,arrivals,0.0,0.0,heliport,53.69833,3.86889,True,False,False
2025-06,VECC,1,0,0,0,arrivals,0.0,0.0,large_airport,22.654012,88.44765,False,True,False
2025-06,ENQB,1,0,0,0,arrivals,0.0,0.0,heliport,60.773899,3.50139,True,False,False
2025-06,EIWF,1,0,0,1,arrivals,0.0,1.0,medium_airport,52.187199,-7.08696,True,True,True
2025-06,SBFL,1,0,0,0,arrivals,0.0,0.0,large_airport,-27.670279,-48.552502,False,True,False
2025-06,BIGJ,1,0,0,0,arrivals,0.0,0.0,small_airport,65.9953,-21.3269,True,False,False
2025-06,EGCM,1,0,0,0,arrivals,0.0,0.0,,,,False,False,False
2025-06,TQPF,1,1,0,0,arrivals,0.0,0.0,medium_airport,18.204773,-63.05383,False,True,False
2025-06,GMAZ,1,1,0,0,arrivals,0.0,0.0,large_airport,30.265788,-5.860808,True,True,True
2025-06,EGSC,1,1,1,3,arrivals,1.0,3.0,medium_airport,52.205002,0.175,True,True,True
2025-06,EPWK,1,0,0,0,arrivals,0.0,0.0,small_airport,52.584702,19.0156,True,False,False
2025-06,OTBD,1,0,0,0,arrivals,0.0,0.0,large_airport,25.259431,51.565528,False,True,False
2025-06,LIMG,1,1,1,1,arrivals,1.0,1.0,medium_airport,44.050598,8.12743,True,True,True
2025-06,HUEN,1,0,0,0,arrivals,0.0,0.0,large_airport,0.042386,32.443501,False,True,False
2025-06,DAAV,1,0,0,0,arrivals,0.0,0.0,large_airport,36.794125,5.873652,True,True,True
2025-06,MYSM,1,1,0,0,arrivals,0.0,0.0,large_airport,24.063041,-74.523233,False,True,False
2025-06,KMCI,1,0,0,0,arrivals,0.0,0.0,large_airport,39.301699,-94.713893,False,True,False
2025-06,ENUG,1,0,0,0,arrivals,0.0,0.0,heliport,71.3,22.25,False,False,False
2025-06,EHFT,1,0,0,0,arrivals,0.0,0.0,heliport,53.81806,4.51278,True,False,False
2025-06,LJPZ,1,1,1,1,arrivals,1.0,1.0,medium_airport,45.47201,13.615951,True,True,True
2025-06,ZBTJ,1,0,0,0,arrivals,0.0,0.0,large_airport,39.1244010925,117.346000671,False,True,False
2025-06,MKJP,1,0,0,0,arrivals,0.0,0.0,large_airport,17.935699462890625,-76.7874984741211,False,True,False
2025-06,ENQC,1,0,0,0,arrivals,0.0,0.0,heliport,60.885799,3.60972,True,False,False
2025-06,USRR,1,0,0,0,arrivals,0.0,0.0,large_airport,61.340501,73.405782,False,True,False
2025-06,WSSL,1,0,0,0,arrivals,0.0,0.0,medium_airport,1.41555,103.86673,False,True,False
2025-06,EHFR,1,0,0,0,arrivals,0.0,0.0,heliport,53.81083,4.35111,True,False,False
2025-06,KDAL,1,0,0,0,arrivals,0.0,0.0,large_airport,32.844776,-96.847653,False,True,False
2025-06,KGPI,1,0,0,0,arrivals,0.0,0.0,medium_airport,48.310501,-114.255997,False,True,False
2025-06,KGSP,1,0,0,0,arrivals,0.0,0.0,medium_airport,34.895699,-82.218903,False,True,False
2025-06,OMAD,1,0,0,0,arrivals,0.0,0.0,large_airport,24.427062,54.459866,False,True,False
2025-06,GQPP,1,0,0,0,arrivals,0.0,0.0,large_airport,20.932404,-17.030199,False,True,False
2025-06,EHDV,1,0,0,0,arrivals,0.0,0.0,heliport,54.32472,2.93417,True,False,False
2025-06,LFPN,1,1,1,1,arrivals,1.0,1.0,medium_airport,48.7519,2.10619,True,True,True
2025-06,KGTF,1,0,0,0,arrivals,0.0,0.0,medium_airport,47.481998,-111.371002,False,True,False
2025-06,FQMA,1,0,0,0,arrivals,0.0,0.0,large_airport,-25.920799,32.572601,False,True,False
2025-06,FEFF,1,0,0,0,arrivals,0.0,0.0,large_airport,4.39848,18.518801,False,True,False
2025-06,EDTF,1,0,0,0,arrivals,0.0,0.0,small_airport,48.022778,7.8325,True,False,False
2025-06,SACO,1,0,0,0,arrivals,0.0,0.0,large_airport,-31.312346,-64.208329,False,True,False
2025-06,KBED,1,0,0,0,arrivals,0.0,0.0,medium_airport,42.470001,-71.289001,False,True,False
2025-06,EBCV,1,0,0,1,arrivals,0.0,1.0,medium_airport,50.575802,3.831,True,True,True
2025-06,OIGG,1,0,0,0,arrivals,0.0,0.0,medium_airport,37.323333,49.617778,True,True,True
2025-06,LRAR,1,0,0,0,arrivals,0.0,0.0,medium_airport,46.176136,21.264322,True,True,True
2025-06,EFLP,1,0,0,0,arrivals,0.0,0.0,large_airport,61.044601,28.144743,True,True,True
2025-06,ZSFZ,1,0,0,0,arrivals,0.0,0.0,large_airport,25.929254,119.672524,False,True,False
2025-06,LGKA,1,0,0,0,arrivals,0.0,0.0,small_airport,40.446301,21.2822,True,False,False
2025-06,EHLE,1,1,1,1,arrivals,1.0,1.0,medium_airport,52.453188,5.514622,True,True,True
2025-06,LFLO,1,0,0,0,arrivals,0.0,0.0,medium_airport,46.053818,3.999023,True,True,True
2025-06,CYEG,1,0,0,0,arrivals,0.0,0.0,large_airport,53.3097,-113.580002,False,True,False
2025-06,EGBP,1,1,0,0,arrivals,0.0,0.0,small_airport,51.668528,-2.056599,True,False,False
2025-06,UBBF,1,0,0,0,arrivals,0.0,0.0,small_airport,39.594578,47.196128,True,False,False
2025-06,LFLD,1,0,0,0,arrivals,0.0,0.0,medium_airport,47.060158,2.369633,True,True,True
2025-06,LSTS,1,0,0,0,arrivals,0.0,0.0,small_airport,46.497398,7.41257,True,False,False
2025-06,EDFE,1,1,1,2,arrivals,1.0,2.0,medium_airport,49.96,8.643043,True,True,True
2025-06,LHPR,1,1,1,1,arrivals,1.0,1.0,medium_airport,47.628436,17.804718,True,True,True
