month,airport,n_truth,n_predicted_here,n_correct,n_assigned,role,recall,count_ratio,sched_penalty_nm,variant,apt_type,latitude_deg,longitude_deg,in_bbox,in_set,in_scope
2024-06,OOA,7408,431,284,413,arrivals,0.0383369330453563,0.0557505399568034,15,default,,,,False,False,False
2024-06,OOA,7371,819,714,774,departures,0.0968660968660968,0.105006105006105,15,default,,,,False,False,False
2024-06,LFPG,2124,1888,1885,1897,departures,0.8874764595103578,0.8931261770244822,15,default,large_airport,49.00896,2.554117,True,True,True
2024-06,EHAM,2123,1950,1947,1964,departures,0.917098445595855,0.9251059821008007,15,default,large_airport,52.308601,4.76389,True,True,True
2024-06,EHAM,2119,1670,1652,1671,arrivals,0.779613025011798,0.7885795186408683,15,default,large_airport,52.308601,4.76389,True,True,True
2024-06,LFPG,2118,1581,1570,1586,arrivals,0.7412653446647781,0.7488196411709159,15,default,large_airport,49.00896,2.554117,True,True,True
2024-06,LTFM,2104,1945,1940,1947,departures,0.9220532319391636,0.925380228136882,15,default,large_airport,41.274874,28.732136,True,True,True
2024-06,LTFM,2073,1481,1457,1476,arrivals,0.7028461167390255,0.7120115774240231,15,default,large_airport,41.274874,28.732136,True,True,True
2024-06,EGLL,2023,1854,1854,1887,departures,0.91646070192783,0.9327731092436976,15,default,large_airport,51.470748,-0.459909,True,True,True
2024-06,EGLL,2017,1469,1431,1560,arrivals,0.7094695091720377,0.7734258800198315,15,default,large_airport,51.470748,-0.459909,True,True,True
2024-06,EDDF,1981,1838,1837,1844,departures,0.9273094396769308,0.9308430085815244,15,default,large_airport,50.026706,8.55835,True,True,True
2024-06,EDDF,1973,1481,1466,1478,arrivals,0.7430309173846934,0.749113025848961,15,default,large_airport,50.026706,8.55835,True,True,True
2024-06,LEMD,1789,1397,1383,1404,arrivals,0.7730575740637228,0.7847959754052544,15,default,large_airport,40.493407,-3.572249,True,True,True
2024-06,LEMD,1788,1614,1611,1621,departures,0.901006711409396,0.906599552572707,15,default,large_airport,40.493407,-3.572249,True,True,True
2024-06,LEBL,1563,1442,1438,1442,departures,0.9200255918106206,0.9225847728726808,15,default,large_airport,41.2971,2.07846,True,True,True
2024-06,LEBL,1563,1366,1358,1369,arrivals,0.8688419705694178,0.8758797184900832,15,default,large_airport,41.2971,2.07846,True,True,True
2024-06,LIRF,1464,1098,1097,1102,arrivals,0.7493169398907104,0.7527322404371585,15,default,large_airport,41.804532,12.251998,True,True,True
2024-06,LIRF,1463,1322,1320,1326,departures,0.9022556390977444,0.9063568010936432,15,default,large_airport,41.804532,12.251998,True,True,True
2024-06,EDDM,1459,1233,1219,1238,arrivals,0.8355037697052776,0.8485263879369431,15,default,large_airport,48.353802,11.7861,True,True,True
2024-06,EDDM,1452,1358,1354,1359,departures,0.9325068870523416,0.9359504132231404,15,default,large_airport,48.353802,11.7861,True,True,True
2024-06,LTAI,1327,1010,1007,1017,departures,0.758854559155991,0.7663903541823662,15,default,large_airport,36.898701,30.800501,True,True,True
2024-06,LEPA,1320,1145,1139,1151,arrivals,0.8628787878787879,0.871969696969697,15,default,large_airport,39.551701,2.73881,True,True,True
2024-06,LTAI,1309,645,618,619,arrivals,0.4721161191749427,0.4728800611153552,15,default,large_airport,36.898701,30.800501,True,True,True
2024-06,LEPA,1302,1167,1164,1164,departures,0.8940092165898618,0.8940092165898618,15,default,large_airport,39.551701,2.73881,True,True,True
2024-06,LGAV,1283,693,675,682,arrivals,0.5261106780982073,0.5315666406858924,15,default,large_airport,37.936401,23.9445,True,True,True
2024-06,LGAV,1273,1076,1071,1079,departures,0.8413197172034564,0.8476040848389631,15,default,large_airport,37.936401,23.9445,True,True,True
2024-06,EGKK,1261,1069,1066,1067,arrivals,0.845360824742268,0.8461538461538461,15,default,large_airport,51.148744,-0.185739,True,True,True
2024-06,EGKK,1260,1180,1180,1180,departures,0.9365079365079364,0.9365079365079364,15,default,large_airport,51.148744,-0.185739,True,True,True
2024-06,LOWW,1171,1065,1063,1064,departures,0.9077711357813836,0.9086251067463706,15,default,large_airport,48.110298,16.5697,True,True,True
2024-06,LOWW,1160,957,952,962,arrivals,0.8206896551724138,0.8293103448275863,15,default,large_airport,48.110298,16.5697,True,True,True
2024-06,EKCH,1157,956,948,956,arrivals,0.8193604148660328,0.8262748487467588,15,default,large_airport,55.617900848389,12.656000137329,True,True,True
2024-06,EKCH,1152,1023,1020,1022,departures,0.8854166666666666,0.8871527777777778,15,default,large_airport,55.617900848389,12.656000137329,True,True,True
2024-06,LSZH,1138,1060,1051,1057,departures,0.9235500878734624,0.9288224956063268,15,default,large_airport,47.458056,8.548056,True,True,True
2024-06,EIDW,1135,982,974,982,arrivals,0.8581497797356828,0.8651982378854626,15,default,large_airport,53.428713,-6.262121,True,True,True
2024-06,EIDW,1134,1036,1036,1038,departures,0.9135802469135802,0.9153439153439152,15,default,large_airport,53.428713,-6.262121,True,True,True
2024-06,LSZH,1122,946,924,939,arrivals,0.8235294117647058,0.8368983957219251,15,default,large_airport,47.458056,8.548056,True,True,True
2024-06,ENGM,1093,984,980,993,arrivals,0.8966148215919487,0.9085086916742908,15,default,large_airport,60.193901,11.1004,True,True,True
2024-06,ENGM,1087,1007,1005,1017,departures,0.9245630174793008,0.9356025758969642,15,default,large_airport,60.193901,11.1004,True,True,True
2024-06,LPPT,988,930,925,925,departures,0.9362348178137652,0.9362348178137652,15,default,large_airport,38.7813,-9.13592,True,True,True
2024-06,LTFJ,985,945,944,951,departures,0.9583756345177664,0.965482233502538,15,default,large_airport,40.898602,29.3092,True,True,True
2024-06,LPPT,980,807,799,807,arrivals,0.8153061224489796,0.823469387755102,15,default,large_airport,38.7813,-9.13592,True,True,True
2024-06,LTFJ,971,833,829,837,arrivals,0.8537590113285273,0.8619979402677652,15,default,large_airport,40.898602,29.3092,True,True,True
2024-06,LIMC,971,720,707,717,arrivals,0.7281153450051493,0.7384140061791967,15,default,large_airport,45.6306,8.72811,True,True,True
2024-06,LFPO,952,847,847,850,departures,0.8897058823529411,0.8928571428571429,15,default,large_airport,48.729499,2.358963,True,True,True
2024-06,LIMC,952,869,865,868,departures,0.9086134453781513,0.9117647058823528,15,default,large_airport,45.6306,8.72811,True,True,True
2024-06,LFPO,946,782,781,786,arrivals,0.8255813953488372,0.8308668076109936,15,default,large_airport,48.729499,2.358963,True,True,True
2024-06,EDDB,942,824,802,821,arrivals,0.851380042462845,0.8715498938428875,15,default,large_airport,52.361738,13.502341,True,True,True
2024-06,EDDB,937,850,844,852,departures,0.9007470651013874,0.9092849519743864,15,default,large_airport,52.361738,13.502341,True,True,True
2024-06,EGCC,928,857,855,857,departures,0.9213362068965516,0.9234913793103448,15,default,large_airport,53.349375,-2.279521,True,True,True
2024-06,EGCC,925,747,737,744,arrivals,0.7967567567567567,0.8043243243243243,15,default,large_airport,53.349375,-2.279521,True,True,True
2024-06,EGSS,906,804,791,797,arrivals,0.8730684326710817,0.8796909492273731,15,default,large_airport,51.884998,0.235,True,True,True
2024-06,EGSS,898,838,836,836,departures,0.930957683741648,0.930957683741648,15,default,large_airport,51.884998,0.235,True,True,True
2024-06,EBBR,847,780,778,785,departures,0.9185360094451004,0.9268004722550176,15,default,large_airport,50.901402,4.48444,True,True,True
2024-06,ESSA,847,717,711,717,arrivals,0.8394332939787486,0.846517119244392,15,default,large_airport,59.64849,17.928829,True,True,True
2024-06,EBBR,839,703,693,710,arrivals,0.8259833134684148,0.8462455303933254,15,default,large_airport,50.901402,4.48444,True,True,True
2024-06,ESSA,830,730,727,730,departures,0.8759036144578313,0.8795180722891566,15,default,large_airport,59.64849,17.928829,True,True,True
2024-06,EPWA,817,776,775,778,departures,0.94859241126071,0.9522643818849448,15,default,large_airport,52.165699,20.9671,True,True,True
2024-06,EPWA,806,701,696,702,arrivals,0.8635235732009926,0.8709677419354839,15,default,large_airport,52.165699,20.9671,True,True,True
2024-06,LEMG,775,702,694,704,arrivals,0.895483870967742,0.9083870967741936,15,default,large_airport,36.6749,-4.49911,True,True,True
2024-06,LEMG,769,709,706,710,departures,0.918075422626788,0.9232769830949284,15,default,large_airport,36.6749,-4.49911,True,True,True
2024-06,EDDL,758,694,689,701,departures,0.908970976253298,0.924802110817942,15,default,large_airport,51.289501,6.76678,True,True,True
2024-06,EDDL,752,647,636,645,arrivals,0.8457446808510638,0.8577127659574468,15,default,large_airport,51.289501,6.76678,True,True,True
2024-06,LFMN,732,627,594,667,arrivals,0.8114754098360656,0.9112021857923496,15,default,large_airport,43.658401,7.21587,True,True,True
2024-06,LSGG,710,590,564,593,arrivals,0.7943661971830986,0.8352112676056338,15,default,large_airport,46.238098,6.10895,True,True,True
2024-06,LFMN,708,622,605,637,departures,0.8545197740112994,0.8997175141242938,15,default,large_airport,43.658401,7.21587,True,True,True
2024-06,LSGG,702,638,631,643,departures,0.8988603988603988,0.915954415954416,15,default,large_airport,46.238098,6.10895,True,True,True
2024-06,EFHK,661,573,569,573,arrivals,0.8608169440242057,0.8668683812405447,15,default,large_airport,60.318363,24.963341,True,True,True
2024-06,EFHK,654,607,605,608,departures,0.9250764525993884,0.9296636085626911,15,default,large_airport,60.318363,24.963341,True,True,True
2024-06,LKPR,629,579,575,578,departures,0.9141494435612084,0.918918918918919,15,default,large_airport,50.100874,14.259911,True,True,True
2024-06,LKPR,610,527,518,524,arrivals,0.8491803278688524,0.8590163934426229,15,default,large_airport,50.100874,14.259911,True,True,True
2024-06,EGGW,591,523,516,525,departures,0.8730964467005076,0.8883248730964467,15,default,large_airport,51.874699,-0.368333,True,True,True
2024-06,EGPH,590,497,486,494,arrivals,0.823728813559322,0.8372881355932204,15,default,large_airport,55.950145,-3.372288,True,True,True
2024-06,EGPH,588,522,519,521,departures,0.8826530612244898,0.8860544217687075,15,default,large_airport,55.950145,-3.372288,True,True,True
2024-06,EGGW,586,489,468,492,arrivals,0.7986348122866894,0.8395904436860068,15,default,large_airport,51.874699,-0.368333,True,True,True
2024-06,EDDK,563,475,472,475,departures,0.8383658969804618,0.8436944937833037,15,default,large_airport,50.865898,7.14274,True,True,True
2024-06,EDDH,559,509,502,518,arrivals,0.8980322003577818,0.9266547406082288,15,default,large_airport,53.630402,9.98823,True,True,True
2024-06,EDDH,554,523,521,536,departures,0.94043321299639,0.967509025270758,15,default,large_airport,53.630402,9.98823,True,True,True
2024-06,EDDK,552,436,429,440,arrivals,0.7771739130434783,0.7971014492753623,15,default,large_airport,50.865898,7.14274,True,True,True
2024-06,LHBP,547,502,500,502,departures,0.9140767824497258,0.9177330895795248,15,default,large_airport,47.43018,19.262393,True,True,True
2024-06,LHBP,546,457,452,460,arrivals,0.8278388278388278,0.8424908424908425,15,default,large_airport,47.43018,19.262393,True,True,True
2024-06,LROP,527,450,449,449,departures,0.8519924098671727,0.8519924098671727,15,default,large_airport,44.571792,26.103285,True,True,True
2024-06,LROP,526,412,410,411,arrivals,0.779467680608365,0.7813688212927756,15,default,large_airport,44.571792,26.103285,True,True,True
2024-06,LEAL,525,484,482,485,arrivals,0.918095238095238,0.923809523809524,15,default,large_airport,38.2822,-0.558156,True,True,True
2024-06,LEAL,523,486,486,488,departures,0.9292543021032504,0.9330783938814532,15,default,large_airport,38.2822,-0.558156,True,True,True
2024-06,LIML,514,445,429,434,departures,0.8346303501945526,0.8443579766536965,15,default,large_airport,45.445099,9.27674,True,True,True
2024-06,GCLP,510,4,0,0,arrivals,0.0,0.0,15,default,large_airport,27.9319,-15.3866,True,True,True
2024-06,GCLP,507,0,0,0,departures,0.0,0.0,15,default,large_airport,27.9319,-15.3866,True,True,True
2024-06,LPPR,503,439,431,434,arrivals,0.856858846918489,0.8628230616302187,15,default,large_airport,41.2481002808,-8.68138980865,True,True,True
2024-06,LPPR,498,460,460,462,departures,0.923694779116466,0.927710843373494,15,default,large_airport,41.2481002808,-8.68138980865,True,True,True
2024-06,LIML,497,403,376,406,arrivals,0.7565392354124748,0.8169014084507042,15,default,large_airport,45.445099,9.27674,True,True,True
2024-06,LIME,492,449,447,447,arrivals,0.9085365853658536,0.9085365853658536,15,default,large_airport,45.669362,9.708851,True,True,True
2024-06,LIME,487,457,456,456,departures,0.9363449691991786,0.9363449691991786,15,default,large_airport,45.669362,9.708851,True,True,True
2024-06,LLBG,483,394,375,379,departures,0.7763975155279503,0.7846790890269151,15,default,large_airport,32.011398,34.8867,True,True,True
2024-06,LLBG,475,281,184,187,arrivals,0.3873684210526316,0.3936842105263158,15,default,large_airport,32.011398,34.8867,True,True,True
2024-06,LFML,472,397,390,399,arrivals,0.826271186440678,0.8453389830508474,15,default,large_airport,43.438088,5.2125,True,True,True
2024-06,LFML,467,397,396,402,departures,0.8479657387580299,0.860813704496788,15,default,large_airport,43.438088,5.2125,True,True,True
2024-06,LIRN,452,100,93,95,departures,0.2057522123893805,0.2101769911504424,15,default,large_airport,40.886002,14.2908,True,True,True
2024-06,LIRN,451,112,91,95,arrivals,0.2017738359201774,0.2106430155210643,15,default,large_airport,40.886002,14.2908,True,True,True
2024-06,LEIB,451,391,376,394,arrivals,0.8337028824833703,0.8736141906873615,15,default,large_airport,38.872898,1.37312,True,True,True
2024-06,EGBB,446,389,388,389,departures,0.8699551569506726,0.8721973094170403,15,default,large_airport,52.453899,-1.74803,True,True,True
2024-06,EGBB,441,352,343,348,arrivals,0.7777777777777778,0.7891156462585034,15,default,large_airport,52.453899,-1.74803,True,True,True
2024-06,LEIB,436,387,383,392,departures,0.8784403669724771,0.8990825688073395,15,default,large_airport,38.872898,1.37312,True,True,True
2024-06,LIPZ,429,358,346,356,arrivals,0.8065268065268065,0.8298368298368298,15,default,large_airport,45.505299,12.3519,True,True,True
2024-06,LFLL,424,350,341,350,arrivals,0.8042452830188679,0.8254716981132075,15,default,large_airport,45.725996,5.090139,True,True,True
2024-06,LFLL,422,358,358,365,departures,0.8483412322274881,0.8649289099526066,15,default,large_airport,45.725996,5.090139,True,True,True
2024-06,LIPZ,422,367,365,369,departures,0.8649289099526066,0.8744075829383886,15,default,large_airport,45.505299,12.3519,True,True,True
2024-06,ENBR,417,352,352,357,departures,0.8441247002398081,0.8561151079136691,15,default,large_airport,60.2934,5.21814,True,True,True
2024-06,ENBR,415,346,346,354,arrivals,0.8337349397590361,0.8530120481927711,15,default,large_airport,60.2934,5.21814,True,True,True
2024-06,EDDS,414,335,327,341,arrivals,0.7898550724637681,0.8236714975845411,15,default,large_airport,48.689899,9.22196,True,True,True
2024-06,EDDS,408,358,352,352,departures,0.8627450980392157,0.8627450980392157,15,default,large_airport,48.689899,9.22196,True,True,True
2024-06,LIPE,390,363,361,363,departures,0.9256410256410256,0.9307692307692308,15,default,large_airport,44.5354,11.2887,True,True,True
2024-06,LIPE,389,355,344,347,arrivals,0.884318766066838,0.8920308483290489,15,default,large_airport,44.5354,11.2887,True,True,True
2024-06,LICC,387,168,160,162,departures,0.4134366925064599,0.4186046511627907,15,default,large_airport,37.466801,15.0664,True,True,True
2024-06,LICC,384,183,175,177,arrivals,0.4557291666666667,0.4609375,15,default,large_airport,37.466801,15.0664,True,True,True
2024-06,LTAC,379,2,0,0,departures,0.0,0.0,15,default,large_airport,40.128101,32.995098,True,True,True
2024-06,EGGD,376,338,336,337,arrivals,0.8936170212765957,0.8962765957446809,15,default,large_airport,51.382326,-2.716453,True,True,True
2024-06,EGGD,375,347,346,346,departures,0.9226666666666666,0.9226666666666666,15,default,large_airport,51.382326,-2.716453,True,True,True
2024-06,LGIR,373,3,0,0,departures,0.0,0.0,15,default,large_airport,35.339699,25.1803,True,True,True
2024-06,LYBE,373,323,321,321,departures,0.8605898123324397,0.8605898123324397,15,default,large_airport,44.818401,20.309099,True,True,True
2024-06,LGIR,373,10,0,0,arrivals,0.0,0.0,15,default,large_airport,35.339699,25.1803,True,True,True
2024-06,EDDP,373,224,215,220,arrivals,0.5764075067024129,0.5898123324396782,15,default,large_airport,51.420657,12.232705,True,True,True
2024-06,LTAC,368,10,0,0,arrivals,0.0,0.0,15,default,large_airport,40.128101,32.995098,True,True,True
2024-06,LEVC,365,68,50,50,arrivals,0.136986301369863,0.136986301369863,15,default,large_airport,39.489162,-0.480961,True,True,True
2024-06,LYBE,364,292,285,289,arrivals,0.782967032967033,0.7939560439560439,15,default,large_airport,44.818401,20.309099,True,True,True
2024-06,LEVC,359,38,38,38,departures,0.1058495821727019,0.1058495821727019,15,default,large_airport,39.489162,-0.480961,True,True,True
2024-06,EDDP,358,282,279,280,departures,0.7793296089385475,0.7821229050279329,15,default,large_airport,51.420657,12.232705,True,True,True
2024-06,GMMN,354,3,0,0,departures,0.0,0.0,15,default,large_airport,33.3675,-7.58997,True,True,True
2024-06,LFBO,354,297,294,299,arrivals,0.8305084745762712,0.844632768361582,15,default,large_airport,43.629101,1.36382,True,True,True
2024-06,LPFR,353,322,317,326,arrivals,0.8980169971671388,0.923512747875354,15,default,large_airport,37.015909,-7.970939,True,True,True
2024-06,LPFR,350,327,327,329,departures,0.9342857142857144,0.94,15,default,large_airport,37.015909,-7.970939,True,True,True
2024-06,LFBO,350,308,306,308,departures,0.8742857142857143,0.88,15,default,large_airport,43.629101,1.36382,True,True,True
2024-06,GMMN,348,4,0,0,arrivals,0.0,0.0,15,default,large_airport,33.3675,-7.58997,True,True,True
2024-06,EGPF,340,264,263,267,arrivals,0.7735294117647059,0.7852941176470588,15,default,large_airport,55.871899,-4.43306,True,True,True
2024-06,LFSB,336,289,283,285,arrivals,0.8422619047619048,0.8482142857142857,15,default,large_airport,47.60068,7.521117,True,True,True
2024-06,EGPF,334,284,282,283,departures,0.844311377245509,0.8473053892215568,15,default,large_airport,55.871899,-4.43306,True,True,True
2024-06,LFSB,330,307,302,302,departures,0.9151515151515152,0.9151515151515152,15,default,large_airport,47.60068,7.521117,True,True,True
2024-06,ELLX,328,269,259,266,arrivals,0.7896341463414634,0.8109756097560976,15,default,large_airport,49.626845,6.212134,True,True,True
2024-06,ELLX,327,297,295,299,departures,0.9021406727828746,0.9143730886850152,15,default,large_airport,49.626845,6.212134,True,True,True
2024-06,GCXO,327,0,0,0,departures,0.0,0.0,15,default,large_airport,28.482752,-16.341707,True,True,True
2024-06,GCXO,327,1,0,0,arrivals,0.0,0.0,15,default,large_airport,28.482752,-16.341707,True,True,True
2024-06,EPKK,325,299,299,300,departures,0.92,0.9230769230769232,15,default,large_airport,50.077702,19.7848,True,True,True
2024-06,LTBJ,323,243,243,243,departures,0.7523219814241486,0.7523219814241486,15,default,large_airport,38.2924,27.157,True,True,True
2024-06,LATI,323,76,76,76,departures,0.2352941176470588,0.2352941176470588,15,default,large_airport,41.4147,19.7206,True,True,True
2024-06,EPKK,322,248,247,249,arrivals,0.7670807453416149,0.7732919254658385,15,default,large_airport,50.077702,19.7848,True,True,True
2024-06,LTBJ,320,190,185,187,arrivals,0.578125,0.584375,15,default,large_airport,38.2924,27.157,True,True,True
2024-06,LATI,319,52,41,42,arrivals,0.128526645768025,0.1316614420062695,15,default,large_airport,41.4147,19.7206,True,True,True
2024-06,LICJ,312,114,112,117,arrivals,0.358974358974359,0.375,15,default,large_airport,38.175999,13.091,True,True,True
2024-06,LMML,311,278,276,279,departures,0.887459807073955,0.8971061093247589,15,default,large_airport,35.845932,14.491546,True,True,True
2024-06,LICJ,310,271,271,281,departures,0.8741935483870967,0.9064516129032258,15,default,large_airport,38.175999,13.091,True,True,True
2024-06,BIKF,308,275,275,275,departures,0.8928571428571429,0.8928571428571429,15,default,large_airport,63.985001,-22.6056,True,True,True
2024-06,LMML,308,262,258,263,arrivals,0.8376623376623377,0.8538961038961039,15,default,large_airport,35.845932,14.491546,True,True,True
2024-06,BIKF,306,88,86,88,arrivals,0.2810457516339869,0.2875816993464052,15,default,large_airport,63.985001,-22.6056,True,True,True
2024-06,LCLK,302,245,159,159,departures,0.5264900662251656,0.5264900662251656,15,default,large_airport,34.875099,33.624901,True,True,True
2024-06,EBCI,298,284,284,284,departures,0.953020134228188,0.953020134228188,15,default,large_airport,50.461963,4.459562,True,True,True
2024-06,EBCI,298,277,274,276,arrivals,0.9194630872483222,0.9261744966442952,15,default,large_airport,50.461963,4.459562,True,True,True
2024-06,LCLK,298,224,156,163,arrivals,0.5234899328859061,0.5469798657718121,15,default,large_airport,34.875099,33.624901,True,True,True
2024-06,ENZV,297,106,72,72,arrivals,0.2424242424242424,0.2424242424242424,15,default,large_airport,58.876701,5.63778,True,True,True
2024-06,GCTS,295,0,0,0,departures,0.0,0.0,15,default,large_airport,28.0445,-16.5725,True,True,True
2024-06,ENZV,295,110,110,110,departures,0.3728813559322034,0.3728813559322034,15,default,large_airport,58.876701,5.63778,True,True,True
2024-06,GCTS,294,1,0,0,arrivals,0.0,0.0,15,default,large_airport,28.0445,-16.5725,True,True,True
2024-06,LGRP,291,255,253,254,arrivals,0.8694158075601375,0.872852233676976,15,default,large_airport,36.405399,28.086201,True,True,True
2024-06,EGNX,288,235,233,236,departures,0.8090277777777778,0.8194444444444444,15,default,large_airport,52.8311,-1.32806,True,True,True
2024-06,EGNX,287,198,194,202,arrivals,0.6759581881533101,0.7038327526132404,15,default,large_airport,52.8311,-1.32806,True,True,True
2024-06,LGRP,284,265,264,265,departures,0.9295774647887324,0.9330985915492958,15,default,large_airport,36.405399,28.086201,True,True,True
2024-06,EVRA,282,255,255,255,departures,0.9042553191489362,0.9042553191489362,15,default,large_airport,56.920752,23.970711,True,True,True
2024-06,EVRA,278,243,240,244,arrivals,0.8633093525179856,0.8776978417266187,15,default,large_airport,56.920752,23.970711,True,True,True
2024-06,LBSF,277,244,242,242,departures,0.8736462093862816,0.8736462093862816,15,default,large_airport,42.696357,23.417671,True,True,True
2024-06,LBSF,275,235,232,233,arrivals,0.8436363636363636,0.8472727272727273,15,default,large_airport,42.696357,23.417671,True,True,True
2024-06,LFBD,274,246,244,248,arrivals,0.8905109489051095,0.9051094890510948,15,default,large_airport,44.82865,-0.715356,True,True,True
2024-06,EGLC,273,242,242,305,departures,0.8864468864468864,1.1172161172161172,15,default,medium_airport,51.505299,0.055278,True,True,True
2024-06,LEZL,273,250,250,250,arrivals,0.9157509157509156,0.9157509157509156,15,default,large_airport,37.417999,-5.89311,True,True,True
2024-06,LEZL,271,246,246,247,departures,0.9077490774907748,0.911439114391144,15,default,large_airport,37.417999,-5.89311,True,True,True
2024-06,LFBD,271,245,245,246,departures,0.904059040590406,0.9077490774907748,15,default,large_airport,44.82865,-0.715356,True,True,True
2024-06,GMMX,268,4,0,0,arrivals,0.0,0.0,15,default,large_airport,31.604807,-8.035788,True,True,True
2024-06,ENVA,266,248,248,251,departures,0.9323308270676692,0.943609022556391,15,default,large_airport,63.457802,10.924,True,True,True
2024-06,ENVA,266,173,172,175,arrivals,0.6466165413533834,0.6578947368421053,15,default,large_airport,63.457802,10.924,True,True,True
2024-06,EGLC,266,235,230,309,arrivals,0.8646616541353384,1.1616541353383458,15,default,medium_airport,51.505299,0.055278,True,True,True
2024-06,EGAA,265,228,226,229,departures,0.8528301886792453,0.8641509433962264,15,default,large_airport,54.6575012207,-6.21582984924,True,True,True
2024-06,LGTS,265,242,241,242,arrivals,0.909433962264151,0.9132075471698112,15,default,large_airport,40.51928,22.970009,True,True,True
2024-06,LFRS,264,239,239,241,departures,0.9053030303030304,0.9128787878787878,15,default,medium_airport,47.153198,-1.61073,True,True,True
2024-06,LFRS,264,237,236,237,arrivals,0.8939393939393939,0.8977272727272727,15,default,medium_airport,47.153198,-1.61073,True,True,True
2024-06,EGAA,263,219,218,222,arrivals,0.8288973384030418,0.844106463878327,15,default,large_airport,54.6575012207,-6.21582984924,True,True,True
2024-06,GMMX,261,1,0,0,departures,0.0,0.0,15,default,large_airport,31.604807,-8.035788,True,True,True
2024-06,LGTS,258,243,242,242,departures,0.937984496124031,0.937984496124031,15,default,large_airport,40.51928,22.970009,True,True,True
2024-06,GCRR,258,3,0,0,arrivals,0.0,0.0,15,default,large_airport,28.945499,-13.6052,True,True,True
2024-06,GCRR,257,0,0,0,departures,0.0,0.0,15,default,large_airport,28.945499,-13.6052,True,True,True
2024-06,LFPB,245,195,150,200,arrivals,0.6122448979591837,0.8163265306122449,15,default,large_airport,48.962276,2.436539,True,True,True
2024-06,LIBD,244,3,0,0,arrivals,0.0,0.0,15,default,large_airport,41.138901,16.760599,True,True,True
2024-06,LTBS,243,123,120,120,arrivals,0.4938271604938271,0.4938271604938271,15,default,large_airport,36.7131,28.7925,True,True,True
2024-06,LIBD,242,2,0,0,departures,0.0,0.0,15,default,large_airport,41.138901,16.760599,True,True,True
2024-06,LFPB,239,174,160,167,departures,0.6694560669456067,0.698744769874477,15,default,large_airport,48.962276,2.436539,True,True,True
2024-06,EPGD,238,166,159,159,departures,0.6680672268907563,0.6680672268907563,15,default,large_airport,54.377602,18.4662,True,True,True
2024-06,EPGD,238,117,78,80,arrivals,0.3277310924369748,0.3361344537815126,15,default,large_airport,54.377602,18.4662,True,True,True
2024-06,LEBB,234,145,133,136,departures,0.5683760683760684,0.5811965811965812,15,default,large_airport,43.301102,-2.91061,True,True,True
2024-06,LTBS,233,146,144,144,departures,0.6180257510729614,0.6180257510729614,15,default,large_airport,36.7131,28.7925,True,True,True
2024-06,ESGG,232,219,219,220,departures,0.9439655172413792,0.9482758620689656,15,default,large_airport,57.6628,12.2798,True,True,True
2024-06,ESGG,232,213,212,217,arrivals,0.913793103448276,0.9353448275862069,15,default,large_airport,57.6628,12.2798,True,True,True
2024-06,LEBB,231,135,66,74,arrivals,0.2857142857142857,0.3203463203463203,15,default,large_airport,43.301102,-2.91061,True,True,True
2024-06,EPKT,227,196,195,195,departures,0.8590308370044053,0.8590308370044053,15,default,large_airport,50.476015,19.080705,True,True,True
2024-06,EDDV,227,217,214,217,departures,0.9427312775330396,0.9559471365638766,15,default,large_airport,52.461102,9.68508,True,True,True
2024-06,EPKT,226,190,187,189,arrivals,0.827433628318584,0.8362831858407079,15,default,large_airport,50.476015,19.080705,True,True,True
2024-06,EDDV,226,202,199,207,arrivals,0.8805309734513275,0.915929203539823,15,default,large_airport,52.461102,9.68508,True,True,True
2024-06,HECA,221,45,1,2,arrivals,0.004524886877828,0.0090497737556561,15,default,large_airport,30.111534,31.396694,True,True,True
2024-06,LTFE,217,169,158,166,arrivals,0.728110599078341,0.7649769585253456,15,default,large_airport,37.249314,27.66401,True,True,True
2024-06,HECA,216,10,1,7,departures,0.0046296296296296,0.0324074074074074,15,default,large_airport,30.111534,31.396694,True,True,True
2024-06,LGKR,216,177,170,171,arrivals,0.7870370370370371,0.7916666666666666,15,default,large_airport,39.60145,19.912179,True,True,True
2024-06,LGKR,214,200,200,203,departures,0.9345794392523364,0.9485981308411215,15,default,large_airport,39.60145,19.912179,True,True,True
2024-06,LIRP,214,187,174,183,arrivals,0.8130841121495327,0.8551401869158879,15,default,large_airport,43.683899,10.3927,True,True,True
2024-06,LIRP,211,191,188,195,departures,0.8909952606635071,0.924170616113744,15,default,large_airport,43.683899,10.3927,True,True,True
2024-06,LEMH,211,186,185,185,departures,0.8767772511848341,0.8767772511848341,15,default,large_airport,39.862598,4.21865,True,True,True
2024-06,LEMH,211,177,176,177,arrivals,0.8341232227488151,0.8388625592417062,15,default,large_airport,39.862598,4.21865,True,True,True
2024-06,LIEO,211,48,29,30,arrivals,0.1374407582938388,0.1421800947867298,15,default,large_airport,40.898953,9.518457,True,True,True
2024-06,LDZA,210,180,180,182,departures,0.8571428571428571,0.8666666666666667,15,default,large_airport,45.742901,16.0688,True,True,True
2024-06,UGTB,208,116,105,106,arrivals,0.5048076923076923,0.5096153846153846,15,default,large_airport,41.669201,44.9547,True,True,True
2024-06,UUEE,207,15,10,12,departures,0.0483091787439613,0.0579710144927536,15,default,large_airport,55.976858,37.41121,True,True,True
2024-06,LTFE,206,177,173,175,departures,0.8398058252427184,0.8495145631067961,15,default,large_airport,37.249314,27.66401,True,True,True
2024-06,LDZA,204,154,151,157,arrivals,0.7401960784313726,0.7696078431372549,15,default,large_airport,45.742901,16.0688,True,True,True
2024-06,LIEO,203,84,81,86,departures,0.3990147783251231,0.4236453201970443,15,default,large_airport,40.898953,9.518457,True,True,True
2024-06,UUEE,202,2,1,3,arrivals,0.0049504950495049,0.0148514851485148,15,default,large_airport,55.976858,37.41121,True,True,True
2024-06,UGTB,198,166,166,167,departures,0.8383838383838383,0.8434343434343434,15,default,large_airport,41.669201,44.9547,True,True,True
2024-06,EYVI,197,184,184,185,departures,0.934010152284264,0.9390862944162436,15,default,large_airport,54.634102,25.285801,True,True,True
2024-06,EYVI,197,177,177,177,arrivals,0.8984771573604061,0.8984771573604061,15,default,large_airport,54.634102,25.285801,True,True,True
2024-06,EKBI,194,174,173,174,departures,0.8917525773195877,0.8969072164948454,15,default,large_airport,55.740335,9.157019,True,True,True
2024-06,HEGN,194,0,0,0,departures,0.0,0.0,15,default,large_airport,27.176776,33.796692,True,True,True
2024-06,EKBI,194,172,169,172,arrivals,0.8711340206185567,0.8865979381443299,15,default,large_airport,55.740335,9.157019,True,True,True
2024-06,HEGN,194,6,0,0,arrivals,0.0,0.0,15,default,large_airport,27.176776,33.796692,True,True,True
2024-06,DTTA,193,0,0,0,departures,0.0,0.0,15,default,large_airport,36.851002,10.2272,True,True,True
2024-06,EHEH,193,176,176,177,departures,0.911917098445596,0.917098445595855,15,default,large_airport,51.4500999451,5.37452983856,True,True,True
2024-06,DTTA,192,2,0,0,arrivals,0.0,0.0,15,default,large_airport,36.851002,10.2272,True,True,True
2024-06,UUWW,192,15,0,3,arrivals,0.0,0.015625,15,default,large_airport,55.591499,37.261501,True,True,True
2024-06,EGNT,190,168,168,168,departures,0.8842105263157894,0.8842105263157894,15,default,large_airport,55.037958,-1.689577,True,True,True
2024-06,EGNT,190,135,135,135,arrivals,0.7105263157894737,0.7105263157894737,15,default,large_airport,55.037958,-1.689577,True,True,True
2024-06,EHEH,188,168,166,169,arrivals,0.8829787234042553,0.898936170212766,15,default,large_airport,51.4500999451,5.37452983856,True,True,True
2024-06,EGGP,188,160,156,166,arrivals,0.8297872340425532,0.8829787234042553,15,default,large_airport,53.334863,-2.849637,True,True,True
2024-06,EGGP,187,164,162,169,departures,0.8663101604278075,0.9037433155080212,15,default,large_airport,53.334863,-2.849637,True,True,True
2024-06,UUWW,185,13,11,14,departures,0.0594594594594594,0.0756756756756756,15,default,large_airport,55.591499,37.261501,True,True,True
2024-06,LIRQ,185,158,158,169,departures,0.8540540540540541,0.9135135135135136,15,default,large_airport,43.808558,11.202822,True,True,True
2024-06,EGPD,184,113,112,112,arrivals,0.6086956521739131,0.6086956521739131,15,default,large_airport,57.2019,-2.19778,True,True,True
2024-06,LIRQ,184,151,141,150,arrivals,0.7663043478260869,0.8152173913043478,15,default,large_airport,43.808558,11.202822,True,True,True
2024-06,EETN,183,156,155,155,departures,0.8469945355191257,0.8469945355191257,15,default,large_airport,59.413246,24.83264,True,True,True
2024-06,EGPD,182,113,112,112,departures,0.6153846153846154,0.6153846153846154,15,default,large_airport,57.2019,-2.19778,True,True,True
2024-06,EETN,181,151,150,151,arrivals,0.8287292817679558,0.8342541436464088,15,default,large_airport,59.413246,24.83264,True,True,True
2024-06,DAAG,178,58,57,57,departures,0.3202247191011236,0.3202247191011236,15,default,large_airport,36.693886,3.214531,True,True,True
2024-06,DAAG,178,53,53,57,arrivals,0.297752808988764,0.3202247191011236,15,default,large_airport,36.693886,3.214531,True,True,True
2024-06,EGNM,177,101,100,102,arrivals,0.5649717514124294,0.576271186440678,15,default,large_airport,53.865898,-1.66057,True,True,True
2024-06,EGNM,175,161,161,161,departures,0.92,0.92,15,default,large_airport,53.865898,-1.66057,True,True,True
2024-06,EDDN,173,160,158,159,departures,0.9132947976878611,0.9190751445086706,15,default,large_airport,49.498699,11.078056,True,True,True
2024-06,EPWR,173,163,162,162,departures,0.9364161849710982,0.9364161849710982,15,default,large_airport,51.103719,16.882096,True,True,True
2024-06,GCFV,172,0,0,0,departures,0.0,0.0,15,default,large_airport,28.4527,-13.8638,True,True,True
2024-06,ENBO,172,163,163,259,departures,0.9476744186046512,1.505813953488372,15,default,large_airport,67.269203,14.3653,True,True,True
2024-06,GCFV,172,0,0,0,arrivals,0.0,0.0,15,default,large_airport,28.4527,-13.8638,True,True,True
2024-06,LGSA,170,146,146,148,departures,0.8588235294117647,0.8705882352941177,15,default,large_airport,35.531207,24.150673,True,True,True
2024-06,LGSA,170,118,116,117,arrivals,0.6823529411764706,0.6882352941176471,15,default,large_airport,35.531207,24.150673,True,True,True
2024-06,LDSP,170,42,39,39,arrivals,0.2294117647058823,0.2294117647058823,15,default,large_airport,43.538898,16.298,True,True,True
2024-06,EDDN,169,154,150,162,arrivals,0.8875739644970414,0.9585798816568049,15,default,large_airport,49.498699,11.078056,True,True,True
2024-06,ENBO,168,158,158,250,arrivals,0.9404761904761904,1.488095238095238,15,default,large_airport,67.269203,14.3653,True,True,True
2024-06,EPWR,168,155,152,152,arrivals,0.9047619047619048,0.9047619047619048,15,default,large_airport,51.103719,16.882096,True,True,True
2024-06,UDYZ,167,50,4,4,arrivals,0.0239520958083832,0.0239520958083832,15,default,large_airport,40.148941,44.397887,True,True,True
2024-06,UDYZ,166,67,63,63,departures,0.3795180722891566,0.3795180722891566,15,default,large_airport,40.148941,44.397887,True,True,True
2024-06,LDSP,166,46,44,44,departures,0.2650602409638554,0.2650602409638554,15,default,large_airport,43.538898,16.298,True,True,True
2024-06,OLBA,166,119,117,251,departures,0.7048192771084337,1.5120481927710845,15,default,large_airport,33.819833,35.487443,True,True,True
2024-06,ENTC,165,62,1,1,arrivals,0.006060606060606,0.006060606060606,15,default,large_airport,69.683296,18.9189,True,True,True
2024-06,LIEE,165,17,0,0,arrivals,0.0,0.0,15,default,large_airport,39.251499,9.05428,True,True,True
2024-06,OLBA,164,88,83,295,arrivals,0.5060975609756098,1.798780487804878,15,default,large_airport,33.819833,35.487443,True,True,True
2024-06,LIEE,163,18,18,18,departures,0.1104294478527607,0.1104294478527607,15,default,large_airport,39.251499,9.05428,True,True,True
2024-06,ENTC,161,79,16,16,departures,0.0993788819875776,0.0993788819875776,15,default,large_airport,69.683296,18.9189,True,True,True
2024-06,LUKK,160,0,0,0,departures,0.0,0.0,15,default,large_airport,46.92774,28.931704,True,True,True
2024-06,LGKO,160,147,146,155,arrivals,0.9125,0.96875,15,default,large_airport,36.794523,27.09115,True,True,True
2024-06,LUKK,159,4,0,0,arrivals,0.0,0.0,15,default,large_airport,46.92774,28.931704,True,True,True
2024-06,LIRA,157,141,138,146,departures,0.8789808917197452,0.929936305732484,15,default,large_airport,41.798769,12.595331,True,True,True
2024-06,LGKO,154,151,151,155,departures,0.9805194805194806,1.0064935064935066,15,default,large_airport,36.794523,27.09115,True,True,True
2024-06,LIMF,149,129,127,128,arrivals,0.8523489932885906,0.8590604026845637,15,default,large_airport,45.200802,7.64963,True,True,True
2024-06,LIRA,149,132,122,140,arrivals,0.8187919463087249,0.9395973154362416,15,default,large_airport,41.798769,12.595331,True,True,True
2024-06,LGSR,148,6,2,9,arrivals,0.0135135135135135,0.0608108108108108,15,default,large_airport,36.400045,25.478638,True,True,True
2024-06,LIMF,146,127,127,129,departures,0.8698630136986302,0.8835616438356164,15,default,large_airport,45.200802,7.64963,True,True,True
2024-06,LGSR,145,1,0,1,departures,0.0,0.0068965517241379,15,default,large_airport,36.400045,25.478638,True,True,True
2024-06,EPPO,145,137,137,138,departures,0.9448275862068966,0.9517241379310344,15,default,large_airport,52.421598,16.823359,True,True,True
2024-06,EPPO,145,134,134,135,arrivals,0.9241379310344828,0.9310344827586208,15,default,large_airport,52.421598,16.823359,True,True,True
2024-06,UMKK,144,86,86,86,departures,0.5972222222222222,0.5972222222222222,15,default,large_airport,54.89161,20.598559,True,True,True
2024-06,UMKK,144,47,45,45,arrivals,0.3125,0.3125,15,default,large_airport,54.89161,20.598559,True,True,True
2024-06,LDDU,141,1,0,0,departures,0.0,0.0,15,default,large_airport,42.562247,18.265543,True,True,True
2024-06,LIPX,141,130,127,128,departures,0.900709219858156,0.9078014184397164,15,default,large_airport,45.394955,10.887303,True,True,True
2024-06,LDDU,140,0,0,0,arrivals,0.0,0.0,15,default,large_airport,42.562247,18.265543,True,True,True
2024-06,EGAC,139,117,117,118,arrivals,0.841726618705036,0.8489208633093526,15,default,medium_airport,54.618099,-5.8725,True,True,True
2024-06,LIPX,139,126,119,120,arrivals,0.8561151079136691,0.8633093525179856,15,default,large_airport,45.394955,10.887303,True,True,True
2024-06,EGAC,136,115,115,118,departures,0.8455882352941176,0.8676470588235294,15,default,medium_airport,54.618099,-5.8725,True,True,True
2024-06,LPPD,135,66,65,119,arrivals,0.4814814814814814,0.8814814814814815,15,default,large_airport,37.7411994934,-25.6979007721,True,True,True
2024-06,EBLG,134,109,109,111,departures,0.8134328358208955,0.8283582089552238,15,default,medium_airport,50.638574,5.443897,True,True,True
2024-06,LPPD,133,115,115,170,departures,0.8646616541353384,1.2781954887218046,15,default,large_airport,37.7411994934,-25.6979007721,True,True,True
2024-06,LTAF,131,2,0,0,arrivals,0.0,0.0,15,default,large_airport,36.982201,35.280399,True,True,True
2024-06,LTAF,129,7,0,0,departures,0.0,0.0,15,default,large_airport,36.982201,35.280399,True,True,True
2024-06,LPMA,127,114,114,115,departures,0.8976377952755905,0.905511811023622,15,default,large_airport,32.697812,-16.774613,True,True,True
2024-06,LPMA,127,20,20,20,arrivals,0.1574803149606299,0.1574803149606299,15,default,large_airport,32.697812,-16.774613,True,True,True
2024-06,ULLI,126,4,3,3,departures,0.0238095238095238,0.0238095238095238,15,default,large_airport,59.800301,30.262501,True,True,True
2024-06,ULLI,126,15,5,5,arrivals,0.0396825396825396,0.0396825396825396,15,default,large_airport,59.800301,30.262501,True,True,True
2024-06,LFOB,125,120,120,120,departures,0.96,0.96,15,default,large_airport,49.454399,2.11278,True,True,True
2024-06,LFOB,124,118,117,117,arrivals,0.9435483870967742,0.9435483870967742,15,default,large_airport,49.454399,2.11278,True,True,True
2024-06,ESSB,123,104,101,104,departures,0.8211382113821138,0.8455284552845529,15,default,medium_airport,59.354401,17.9417,True,True,True
2024-06,LGZA,120,5,0,0,arrivals,0.0,0.0,15,default,medium_airport,37.7509,20.8843,True,True,True
2024-06,ESSB,120,99,96,102,arrivals,0.8,0.85,15,default,medium_airport,59.354401,17.9417,True,True,True
2024-06,LGZA,119,2,0,0,departures,0.0,0.0,15,default,medium_airport,37.7509,20.8843,True,True,True
2024-06,LCPH,118,92,87,87,arrivals,0.7372881355932204,0.7372881355932204,15,default,large_airport,34.717999,32.485699,True,True,True
2024-06,LCPH,116,29,28,28,departures,0.2413793103448276,0.2413793103448276,15,default,large_airport,34.717999,32.485699,True,True,True
2024-06,EBLG,116,54,49,52,arrivals,0.4224137931034483,0.4482758620689655,15,default,medium_airport,50.638574,5.443897,True,True,True
2024-06,LEST,115,86,84,85,arrivals,0.7304347826086957,0.7391304347826086,15,default,large_airport,42.896301,-8.41514,True,True,True
2024-06,LTCG,115,73,72,78,arrivals,0.6260869565217392,0.6782608695652174,15,default,medium_airport,40.995098,39.7897,True,True,True
2024-06,LEST,114,89,89,89,departures,0.7807017543859649,0.7807017543859649,15,default,large_airport,42.896301,-8.41514,True,True,True
2024-06,LTCG,112,98,97,99,departures,0.8660714285714286,0.8839285714285714,15,default,medium_airport,40.995098,39.7897,True,True,True
2024-06,EGLF,112,89,19,25,arrivals,0.1696428571428571,0.2232142857142857,15,default,medium_airport,51.275799,-0.776333,True,True,True
2024-06,LRCL,111,11,0,0,arrivals,0.0,0.0,15,default,large_airport,46.786042,23.685733,True,True,True
2024-06,LGMK,110,89,87,91,departures,0.7909090909090909,0.8272727272727273,15,default,medium_airport,37.435101,25.348101,True,True,True
2024-06,LRCL,110,1,0,0,departures,0.0,0.0,15,default,large_airport,46.786042,23.685733,True,True,True
2024-06,EICK,109,92,91,93,arrivals,0.8348623853211009,0.8532110091743119,15,default,large_airport,51.841301,-8.49111,True,True,True
2024-06,LGMK,109,79,75,90,arrivals,0.6880733944954128,0.8256880733944955,15,default,medium_airport,37.435101,25.348101,True,True,True
2024-06,LIBR,108,0,0,0,departures,0.0,0.0,15,default,large_airport,40.6576,17.947001,True,True,True
2024-06,EICK,108,95,95,95,departures,0.8796296296296297,0.8796296296296297,15,default,large_airport,51.841301,-8.49111,True,True,True
2024-06,EGJJ,106,90,88,89,departures,0.8301886792452831,0.839622641509434,15,default,medium_airport,49.207901,-2.19551,True,True,True
2024-06,LWSK,106,95,95,95,departures,0.8962264150943396,0.8962264150943396,15,default,large_airport,41.958087,21.622581,True,True,True
2024-06,LIBR,106,0,0,0,arrivals,0.0,0.0,15,default,large_airport,40.6576,17.947001,True,True,True
2024-06,EGLF,104,87,83,90,departures,0.7980769230769231,0.8653846153846154,15,default,medium_airport,51.275799,-0.776333,True,True,True
2024-06,LWSK,103,92,92,92,arrivals,0.8932038834951457,0.8932038834951457,15,default,large_airport,41.958087,21.622581,True,True,True
2024-06,BKPR,102,79,79,79,arrivals,0.7745098039215687,0.7745098039215687,15,default,large_airport,42.5728,21.035801,True,True,True
2024-06,LZIB,102,86,81,87,arrivals,0.7941176470588235,0.8529411764705882,15,default,large_airport,48.1702,17.2127,True,True,True
2024-06,BKPR,101,87,87,87,departures,0.8613861386138614,0.8613861386138614,15,default,large_airport,42.5728,21.035801,True,True,True
2024-06,OKKK,101,88,88,88,departures,0.8712871287128713,0.8712871287128713,15,default,large_airport,29.224487,47.969813,True,True,True
2024-06,EGJJ,101,88,81,83,arrivals,0.801980198019802,0.8217821782178217,15,default,medium_airport,49.207901,-2.19551,True,True,True
2024-06,LZIB,99,85,83,84,departures,0.8383838383838383,0.8484848484848485,15,default,large_airport,48.1702,17.2127,True,True,True
2024-06,LJLJ,98,79,75,77,arrivals,0.7653061224489796,0.7857142857142857,15,default,large_airport,46.223701,14.4576,True,True,True
2024-06,GMAD,98,1,0,0,arrivals,0.0,0.0,15,default,large_airport,30.322478,-9.412003,True,True,True
2024-06,OJAI,98,43,0,0,arrivals,0.0,0.0,15,default,large_airport,31.7226009369,35.9931983948,True,True,True
2024-06,LDZD,96,88,84,84,arrivals,0.875,0.875,15,default,large_airport,44.096986,15.353565,True,True,True
2024-06,LJLJ,95,79,79,79,departures,0.8315789473684211,0.8315789473684211,15,default,large_airport,46.223701,14.4576,True,True,True
2024-06,OJAI,95,47,10,10,departures,0.1052631578947368,0.1052631578947368,15,default,large_airport,31.7226009369,35.9931983948,True,True,True
2024-06,HESH,95,3,0,0,arrivals,0.0,0.0,15,default,large_airport,27.977272,34.394717,True,True,True
2024-06,LDZD,94,89,86,86,departures,0.9148936170212766,0.9148936170212766,15,default,large_airport,44.096986,15.353565,True,True,True
2024-06,GMAD,93,0,0,0,departures,0.0,0.0,15,default,large_airport,30.322478,-9.412003,True,True,True
2024-06,HESH,93,0,0,0,departures,0.0,0.0,15,default,large_airport,27.977272,34.394717,True,True,True
2024-06,EDJA,93,83,82,82,departures,0.8817204301075269,0.8817204301075269,15,default,large_airport,47.988092,10.238248,True,True,True
2024-06,EHRD,92,91,91,92,departures,0.9891304347826086,1.0,15,default,large_airport,51.956902,4.43722,True,True,True
2024-06,UUDD,90,21,20,20,departures,0.2222222222222222,0.2222222222222222,15,default,large_airport,55.408798,37.9063,True,True,True
2024-06,EDJA,90,76,74,75,arrivals,0.8222222222222222,0.8333333333333334,15,default,large_airport,47.988092,10.238248,True,True,True
2024-06,LICA,89,1,0,0,departures,0.0,0.0,15,default,large_airport,38.906214,16.246007,True,True,True
2024-06,GCLA,89,0,0,0,departures,0.0,0.0,15,default,medium_airport,28.626499,-17.7556,True,True,True
2024-06,LICA,89,3,0,0,arrivals,0.0,0.0,15,default,large_airport,38.906214,16.246007,True,True,True
2024-06,OKKK,89,11,11,11,arrivals,0.1235955056179775,0.1235955056179775,15,default,large_airport,29.224487,47.969813,True,True,True
2024-06,GCLA,89,0,0,0,arrivals,0.0,0.0,15,default,medium_airport,28.626499,-17.7556,True,True,True
2024-06,EHRD,88,84,84,86,arrivals,0.9545454545454546,0.9772727272727272,15,default,large_airport,51.956902,4.43722,True,True,True
2024-06,EDDW,87,78,76,77,departures,0.8735632183908046,0.8850574712643678,15,default,large_airport,53.046786,8.78932,True,True,True
2024-06,EDLW,86,77,77,78,departures,0.8953488372093024,0.9069767441860463,15,default,large_airport,51.518299,7.61224,True,True,True
2024-06,LEGE,86,74,73,75,arrivals,0.8488372093023255,0.872093023255814,15,default,large_airport,41.904639,2.761774,True,True,True
2024-06,EDLW,86,73,72,74,arrivals,0.8372093023255814,0.8604651162790697,15,default,large_airport,51.518299,7.61224,True,True,True
2024-06,LOWS,86,65,59,70,arrivals,0.686046511627907,0.813953488372093,15,default,large_airport,47.793301,13.0043,True,True,True
2024-06,EDDW,86,72,70,75,arrivals,0.813953488372093,0.872093023255814,15,default,large_airport,53.046786,8.78932,True,True,True
2024-06,EINN,85,69,69,69,departures,0.8117647058823529,0.8117647058823529,15,default,large_airport,52.702,-8.92482,True,True,True
2024-06,LIPH,85,79,79,80,departures,0.9294117647058824,0.9411764705882352,15,default,large_airport,45.648399,12.1944,True,True,True
2024-06,LOWS,85,67,61,62,departures,0.7176470588235294,0.7294117647058823,15,default,large_airport,47.793301,13.0043,True,True,True
2024-06,LIPH,85,77,75,75,arrivals,0.8823529411764706,0.8823529411764706,15,default,large_airport,45.648399,12.1944,True,True,True
2024-06,EINN,84,62,61,61,arrivals,0.7261904761904762,0.7261904761904762,15,default,large_airport,52.702,-8.92482,True,True,True
2024-06,LEGE,83,74,74,75,departures,0.891566265060241,0.9036144578313252,15,default,large_airport,41.904639,2.761774,True,True,True
2024-06,UUDD,83,10,0,8,arrivals,0.0,0.0963855421686747,15,default,large_airport,55.408798,37.9063,True,True,True
2024-06,ENTO,82,76,76,77,arrivals,0.926829268292683,0.9390243902439024,15,default,large_airport,59.186699,10.2586,True,True,True
2024-06,GMTT,82,69,69,72,arrivals,0.8414634146341463,0.8780487804878049,15,default,large_airport,35.731741,-5.921459,True,True,True
2024-06,GMTT,81,70,70,70,departures,0.8641975308641975,0.8641975308641975,15,default,large_airport,35.731741,-5.921459,True,True,True
2024-06,ENTO,80,76,76,78,departures,0.95,0.975,15,default,large_airport,59.186699,10.2586,True,True,True
2024-06,EGHI,80,47,44,49,arrivals,0.55,0.6125,15,default,medium_airport,50.950298,-1.3568,True,True,True
2024-06,EGNS,79,55,50,51,arrivals,0.6329113924050633,0.6455696202531646,15,default,large_airport,54.083081,-4.623871,True,True,True
2024-06,EGJB,79,51,50,50,arrivals,0.6329113924050633,0.6329113924050633,15,default,medium_airport,49.435001,-2.60197,True,True,True
2024-06,EDSB,79,61,61,67,arrivals,0.7721518987341772,0.8481012658227848,15,default,large_airport,48.7794,8.0805,True,True,True
2024-06,EGNS,78,55,53,53,departures,0.6794871794871795,0.6794871794871795,15,default,large_airport,54.083081,-4.623871,True,True,True
2024-06,EPMO,78,76,76,76,departures,0.9743589743589745,0.9743589743589745,15,default,large_airport,52.451099,20.6518,True,True,True
2024-06,LQSA,77,2,0,0,departures,0.0,0.0,15,default,large_airport,43.8246,18.331499,True,True,True
2024-06,LQSA,77,0,0,0,arrivals,0.0,0.0,15,default,large_airport,43.8246,18.331499,True,True,True
2024-06,LBBG,77,67,65,66,arrivals,0.8441558441558441,0.8571428571428571,15,default,large_airport,42.569917,27.515173,True,True,True
2024-06,EKYT,76,67,67,67,departures,0.881578947368421,0.881578947368421,15,default,large_airport,57.094763,9.84993,True,True,True
2024-06,EGHI,76,43,43,44,departures,0.5657894736842105,0.5789473684210527,15,default,medium_airport,50.950298,-1.3568,True,True,True
2024-06,EPMO,76,72,72,72,arrivals,0.9473684210526316,0.9473684210526316,15,default,large_airport,52.451099,20.6518,True,True,True
2024-06,EGJB,75,49,49,50,departures,0.6533333333333333,0.6666666666666666,15,default,medium_airport,49.435001,-2.60197,True,True,True
2024-06,EGKB,75,60,0,0,departures,0.0,0.0,15,default,medium_airport,51.33079910279999,0.0324999988079,True,True,True
2024-06,URSS,75,1,0,0,arrivals,0.0,0.0,15,default,large_airport,43.449902,39.9566,True,True,True
2024-06,EKYT,75,63,63,64,arrivals,0.84,0.8533333333333334,15,default,large_airport,57.094763,9.84993,True,True,True
2024-06,EDSB,74,63,62,62,departures,0.8378378378378378,0.8378378378378378,15,default,large_airport,48.7794,8.0805,True,True,True
2024-06,DTTJ,74,0,0,0,arrivals,0.0,0.0,15,default,large_airport,33.873719,10.7773,True,True,True
2024-06,EDDG,73,63,62,62,departures,0.8493150684931506,0.8493150684931506,15,default,large_airport,52.133816,7.688482,True,True,True
2024-06,DTTJ,73,0,0,0,departures,0.0,0.0,15,default,large_airport,33.873719,10.7773,True,True,True
2024-06,LBBG,72,67,66,66,departures,0.9166666666666666,0.9166666666666666,15,default,large_airport,42.569917,27.515173,True,True,True
2024-06,EDDG,72,51,51,54,arrivals,0.7083333333333334,0.75,15,default,large_airport,52.133816,7.688482,True,True,True
2024-06,LTAJ,71,1,0,0,departures,0.0,0.0,15,default,large_airport,36.947201,37.478699,True,True,True
2024-06,DTMB,71,0,0,0,departures,0.0,0.0,15,default,medium_airport,35.75809860229492,10.75469970703125,True,True,True
2024-06,LTAJ,69,3,0,0,arrivals,0.0,0.0,15,default,large_airport,36.947201,37.478699,True,True,True
2024-06,URSS,68,6,6,6,departures,0.088235294117647,0.088235294117647,15,default,large_airport,43.449902,39.9566,True,True,True
2024-06,EDLV,68,64,62,63,departures,0.9117647058823528,0.9264705882352942,15,default,large_airport,51.601362,6.141228,True,True,True
2024-06,LFMT,68,61,60,60,departures,0.8823529411764706,0.8823529411764706,15,default,large_airport,43.576199,3.96301,True,True,True
2024-06,LFMT,68,60,60,60,arrivals,0.8823529411764706,0.8823529411764706,15,default,large_airport,43.576199,3.96301,True,True,True
2024-06,LTAU,67,1,0,0,departures,0.0,0.0,15,default,large_airport,38.770401,35.495399,True,True,True
2024-06,LRIA,67,10,0,0,departures,0.0,0.0,15,default,large_airport,47.179633,27.621431,True,True,True
2024-06,LFKJ,67,54,54,54,departures,0.8059701492537313,0.8059701492537313,15,default,medium_airport,41.923599,8.80292,True,True,True
2024-06,LTAU,67,0,0,0,arrivals,0.0,0.0,15,default,large_airport,38.770401,35.495399,True,True,True
2024-06,EDLV,67,57,54,55,arrivals,0.8059701492537313,0.8208955223880597,15,default,large_airport,51.601362,6.141228,True,True,True
2024-06,DTMB,67,1,0,0,arrivals,0.0,0.0,15,default,medium_airport,35.75809860229492,10.75469970703125,True,True,True
2024-06,EGPE,67,46,45,47,arrivals,0.6716417910447762,0.7014925373134329,15,default,medium_airport,57.5425,-4.0475,True,True,True
2024-06,LFQQ,66,61,60,67,departures,0.9090909090909092,1.0151515151515151,15,default,large_airport,50.566564,3.102429,True,True,True
2024-06,LFQQ,66,61,59,73,arrivals,0.8939393939393939,1.106060606060606,15,default,large_airport,50.566564,3.102429,True,True,True
2024-06,LRIA,66,4,0,1,arrivals,0.0,0.0151515151515151,15,default,large_airport,47.179633,27.621431,True,True,True
2024-06,LRTR,66,32,16,16,arrivals,0.2424242424242424,0.2424242424242424,15,default,large_airport,45.809898,21.3379,True,True,True
2024-06,LIEA,66,59,59,60,arrivals,0.8939393939393939,0.9090909090909092,15,default,medium_airport,40.632099,8.29077,True,True,True
2024-06,LEAS,65,31,31,31,departures,0.4769230769230769,0.4769230769230769,15,default,large_airport,43.563599,-6.03462,True,True,True
2024-06,LYPG,65,4,4,5,departures,0.0615384615384615,0.0769230769230769,15,default,large_airport,42.359402,19.2519,True,True,True
2024-06,LRTR,65,33,20,21,departures,0.3076923076923077,0.3230769230769231,15,default,large_airport,45.809898,21.3379,True,True,True
2024-06,LIEA,65,60,60,60,departures,0.9230769230769232,0.9230769230769232,15,default,medium_airport,40.632099,8.29077,True,True,True
2024-06,LEAS,65,17,17,17,arrivals,0.2615384615384615,0.2615384615384615,15,default,large_airport,43.563599,-6.03462,True,True,True
2024-06,EDFH,65,51,51,54,arrivals,0.7846153846153846,0.8307692307692308,15,default,large_airport,49.946353,7.261734,True,True,True
2024-06,LFKJ,65,53,53,54,arrivals,0.8153846153846154,0.8307692307692308,15,default,medium_airport,41.923599,8.80292,True,True,True
2024-06,LYPG,65,4,0,15,arrivals,0.0,0.2307692307692307,15,default,large_airport,42.359402,19.2519,True,True,True
2024-06,EGPE,64,44,44,46,departures,0.6875,0.71875,15,default,medium_airport,57.5425,-4.0475,True,True,True
2024-06,EGKB,64,48,0,0,arrivals,0.0,0.0,15,default,medium_airport,51.33079910279999,0.0324999988079,True,True,True
2024-06,EPRZ,62,58,58,58,departures,0.935483870967742,0.935483870967742,15,default,large_airport,50.109791,22.024155,True,True,True
2024-06,LYTV,62,15,0,0,arrivals,0.0,0.0,15,default,medium_airport,42.404701,18.723301,True,True,True
2024-06,LYTV,61,0,0,0,departures,0.0,0.0,15,default,medium_airport,42.404701,18.723301,True,True,True
2024-06,ENAL,61,1,0,0,arrivals,0.0,0.0,15,default,large_airport,62.560443,6.110845,True,True,True
2024-06,EDFH,60,55,55,55,departures,0.9166666666666666,0.9166666666666666,15,default,large_airport,49.946353,7.261734,True,True,True
2024-06,EGPB,60,1,0,0,departures,0.0,0.0,15,default,medium_airport,59.878899,-1.29556,True,True,True
2024-06,ENAL,60,3,0,0,departures,0.0,0.0,15,default,large_airport,62.560443,6.110845,True,True,True
2024-06,LFKB,60,36,36,37,arrivals,0.6,0.6166666666666667,15,default,large_airport,42.5527,9.48373,True,True,True
2024-06,LFKB,59,36,36,36,departures,0.6101694915254238,0.6101694915254238,15,default,large_airport,42.5527,9.48373,True,True,True
2024-06,LFST,59,47,47,50,departures,0.7966101694915254,0.847457627118644,15,default,large_airport,48.5383,7.62823,True,True,True
2024-06,EGPB,59,4,0,0,arrivals,0.0,0.0,15,default,medium_airport,59.878899,-1.29556,True,True,True
2024-06,LBWN,59,34,33,35,arrivals,0.559322033898305,0.5932203389830508,15,default,large_airport,43.232101,27.8251,True,True,True
2024-06,GMFF,58,16,16,16,departures,0.2758620689655172,0.2758620689655172,15,default,large_airport,33.927299,-4.97796,True,True,True
2024-06,LBWN,57,46,46,46,departures,0.8070175438596491,0.8070175438596491,15,default,large_airport,43.232101,27.8251,True,True,True
2024-06,DTNH,57,0,0,0,arrivals,0.0,0.0,15,default,medium_airport,36.075833,10.438611,True,True,True
2024-06,LFST,57,48,46,50,arrivals,0.8070175438596491,0.8771929824561403,15,default,large_airport,48.5383,7.62823,True,True,True
2024-06,LOWG,57,48,47,51,arrivals,0.8245614035087719,0.8947368421052632,15,default,large_airport,46.9911,15.4396,True,True,True
2024-06,EHKD,56,8,8,8,departures,0.1428571428571428,0.1428571428571428,15,default,medium_airport,52.923401,4.78062,True,True,True
2024-06,GMFF,56,2,1,1,arrivals,0.0178571428571428,0.0178571428571428,15,default,large_airport,33.927299,-4.97796,True,True,True
2024-06,GMME,56,24,0,2,arrivals,0.0,0.0357142857142857,15,default,large_airport,34.051498,-6.75152,True,True,True
2024-06,DTNH,55,0,0,0,departures,0.0,0.0,15,default,medium_airport,36.075833,10.438611,True,True,True
2024-06,GMME,55,9,6,7,departures,0.109090909090909,0.1272727272727272,15,default,large_airport,34.051498,-6.75152,True,True,True
2024-06,EPRZ,55,53,53,53,arrivals,0.9636363636363636,0.9636363636363636,15,default,large_airport,50.109791,22.024155,True,True,True
2024-06,LEVT,54,35,31,43,departures,0.5740740740740741,0.7962962962962963,15,default,medium_airport,42.882801,-2.72447,True,True,True
2024-06,LTBA,54,33,28,43,arrivals,0.5185185185185185,0.7962962962962963,15,default,large_airport,40.971913,28.823714,True,True,True
2024-06,LIMJ,53,49,49,49,departures,0.9245283018867924,0.9245283018867924,15,default,large_airport,44.412039,8.840732,True,True,True
2024-06,ESMS,53,42,41,42,departures,0.7735849056603774,0.7924528301886793,15,default,large_airport,55.535564,13.376327,True,True,True
2024-06,LGKF,53,3,0,0,departures,0.0,0.0,15,default,medium_airport,38.12009811401367,20.5004997253418,True,True,True
2024-06,LFRB,53,35,35,35,departures,0.660377358490566,0.660377358490566,15,default,large_airport,48.447899,-4.41854,True,True,True
2024-06,LOWG,53,49,49,49,departures,0.9245283018867924,0.9245283018867924,15,default,large_airport,46.9911,15.4396,True,True,True
2024-06,EHKD,53,7,7,7,arrivals,0.1320754716981132,0.1320754716981132,15,default,medium_airport,52.923401,4.78062,True,True,True
2024-06,LFMD,53,35,0,0,arrivals,0.0,0.0,15,default,medium_airport,43.547998,6.955176,True,True,True
2024-06,LKTB,52,48,45,47,departures,0.8653846153846154,0.903846153846154,15,default,medium_airport,49.151276,16.693972,True,True,True
2024-06,LKMT,52,45,44,44,departures,0.8461538461538461,0.8461538461538461,15,default,large_airport,49.696301,18.111099,True,True,True
2024-06,LIMJ,52,50,50,51,arrivals,0.9615384615384616,0.9807692307692308,15,default,large_airport,44.412039,8.840732,True,True,True
2024-06,ESMS,52,39,37,38,arrivals,0.7115384615384616,0.7307692307692307,15,default,large_airport,55.535564,13.376327,True,True,True
2024-06,LEVT,52,30,29,80,arrivals,0.5576923076923077,1.5384615384615383,15,default,medium_airport,42.882801,-2.72447,True,True,True
2024-06,LGKF,52,0,0,0,arrivals,0.0,0.0,15,default,medium_airport,38.12009811401367,20.5004997253418,True,True,True
2024-06,LFRB,52,34,33,34,arrivals,0.6346153846153846,0.6538461538461539,15,default,large_airport,48.447899,-4.41854,True,True,True
2024-06,LFBZ,51,47,45,48,arrivals,0.8823529411764706,0.9411764705882352,15,default,medium_airport,43.468372,-1.523223,True,True,True
2024-06,LKMT,51,40,38,40,arrivals,0.7450980392156863,0.7843137254901961,15,default,large_airport,49.696301,18.111099,True,True,True
2024-06,LFBZ,50,45,44,45,departures,0.88,0.9,15,default,medium_airport,43.468372,-1.523223,True,True,True
2024-06,EDDC,50,42,40,40,arrivals,0.8,0.8,15,default,large_airport,51.134123,13.767831,True,True,True
2024-06,EDDC,49,40,38,38,departures,0.7755102040816326,0.7755102040816326,15,default,large_airport,51.134123,13.767831,True,True,True
2024-06,EGHH,49,45,44,44,departures,0.8979591836734694,0.8979591836734694,15,default,medium_airport,50.780483,-1.839576,True,True,True
2024-06,LKTB,49,47,45,47,arrivals,0.9183673469387756,0.9591836734693876,15,default,medium_airport,49.151276,16.693972,True,True,True
2024-06,LGPA,49,2,0,0,arrivals,0.0,0.0,15,default,small_airport,37.020495,25.113195,True,False,False
2024-06,LGPA,48,1,0,0,departures,0.0,0.0,15,default,small_airport,37.020495,25.113195,True,False,False
2024-06,ENKB,48,0,0,0,departures,0.0,0.0,15,default,medium_airport,63.111801,7.82452,True,True,True
2024-06,LTBA,48,30,27,32,departures,0.5625,0.6666666666666666,15,default,large_airport,40.971913,28.823714,True,True,True
2024-06,ENCN,48,43,42,42,arrivals,0.875,0.875,15,default,large_airport,58.204201,8.08537,True,True,True
2024-06,EGHH,48,41,39,42,arrivals,0.8125,0.875,15,default,medium_airport,50.780483,-1.839576,True,True,True
2024-06,EYKA,47,42,42,42,departures,0.8936170212765957,0.8936170212765957,15,default,large_airport,54.963965,24.08582,True,True,True
2024-06,LERS,47,47,47,47,departures,1.0,1.0,15,default,large_airport,41.147509,1.168354,True,True,True
2024-06,ENCN,47,43,43,43,departures,0.9148936170212766,0.9148936170212766,15,default,large_airport,58.204201,8.08537,True,True,True
2024-06,LERS,47,47,47,47,arrivals,1.0,1.0,15,default,large_airport,41.147509,1.168354,True,True,True
2024-06,LTCC,46,0,0,0,arrivals,0.0,0.0,15,default,medium_airport,37.893902,40.201,True,True,True
2024-06,LIPQ,46,40,40,42,arrivals,0.8695652173913043,0.9130434782608696,15,default,large_airport,45.827862,13.466672,True,True,True
2024-06,EYKA,46,40,40,40,arrivals,0.8695652173913043,0.8695652173913043,15,default,large_airport,54.963965,24.08582,True,True,True
2024-06,GEML,45,38,38,41,departures,0.8444444444444444,0.9111111111111112,15,default,medium_airport,35.2798,-2.95626,True,True,True
2024-06,DAOO,45,21,21,22,arrivals,0.4666666666666667,0.4888888888888889,15,default,large_airport,35.620648,-0.622486,True,True,True
2024-06,ENKB,45,0,0,0,arrivals,0.0,0.0,15,default,medium_airport,63.111801,7.82452,True,True,True
2024-06,GEML,45,32,32,37,arrivals,0.7111111111111111,0.8222222222222222,15,default,medium_airport,35.2798,-2.95626,True,True,True
2024-06,LIPQ,44,41,41,41,departures,0.9318181818181818,0.9318181818181818,15,default,large_airport,45.827862,13.466672,True,True,True
2024-06,DAOO,44,32,32,32,departures,0.7272727272727273,0.7272727272727273,15,default,large_airport,35.620648,-0.622486,True,True,True
2024-06,ENFL,44,12,11,14,departures,0.25,0.3181818181818182,15,default,medium_airport,61.583599090576,5.0247201919556,True,True,True
2024-06,UWKD,43,9,0,0,departures,0.0,0.0,15,default,large_airport,55.606201,49.278702,True,True,True
2024-06,EGFF,43,40,39,39,departures,0.9069767441860463,0.9069767441860463,15,default,large_airport,51.396702,-3.34333,True,True,True
2024-06,EGFF,43,38,38,39,arrivals,0.8837209302325582,0.9069767441860463,15,default,large_airport,51.396702,-3.34333,True,True,True
2024-06,ENFL,43,11,11,11,arrivals,0.2558139534883721,0.2558139534883721,15,default,medium_airport,61.583599090576,5.0247201919556,True,True,True
2024-06,LTCI,42,0,0,0,departures,0.0,0.0,15,default,medium_airport,38.46820068359375,43.332298278808594,True,True,True
2024-06,LEJR,42,40,40,40,arrivals,0.9523809523809524,0.9523809523809524,15,default,medium_airport,36.744598,-6.06011,True,True,True
2024-06,EDLP,42,33,33,37,arrivals,0.7857142857142857,0.8809523809523809,15,default,large_airport,51.612527,8.617459,True,True,True
2024-06,LFKF,42,26,22,31,arrivals,0.5238095238095238,0.7380952380952381,15,default,large_airport,41.50185,9.097092,True,True,True
2024-06,LTCC,41,0,0,0,departures,0.0,0.0,15,default,medium_airport,37.893902,40.201,True,True,True
2024-06,EDLP,41,36,36,37,departures,0.8780487804878049,0.902439024390244,15,default,large_airport,51.612527,8.617459,True,True,True
2024-06,LFKF,41,26,26,29,departures,0.6341463414634146,0.7073170731707317,15,default,large_airport,41.50185,9.097092,True,True,True
2024-06,ENEV,41,5,0,0,arrivals,0.0,0.0,15,default,large_airport,68.491302,16.678101,True,True,True
2024-06,LIPY,41,31,30,32,arrivals,0.7317073170731707,0.7804878048780488,15,default,medium_airport,43.616299,13.3623,True,True,True
2024-06,LTCI,41,0,0,0,arrivals,0.0,0.0,15,default,medium_airport,38.46820068359375,43.332298278808594,True,True,True
2024-06,ENEV,40,5,0,0,departures,0.0,0.0,15,default,large_airport,68.491302,16.678101,True,True,True
2024-06,LFRN,40,29,29,29,departures,0.725,0.725,15,default,medium_airport,48.0695,-1.73479,True,True,True
2024-06,LECO,40,38,38,39,departures,0.95,0.975,15,default,medium_airport,43.302101,-8.37726,True,True,True
2024-06,LIPY,40,33,32,33,departures,0.8,0.825,15,default,medium_airport,43.616299,13.3623,True,True,True
2024-06,LEXJ,40,34,34,34,departures,0.85,0.85,15,default,medium_airport,43.427101,-3.82001,True,True,True
2024-06,ESPA,40,10,10,10,departures,0.25,0.25,15,default,large_airport,65.5438,22.122,True,True,True
2024-06,LEJR,40,39,38,38,departures,0.95,0.95,15,default,medium_airport,36.744598,-6.06011,True,True,True
2024-06,LICT,40,2,2,6,arrivals,0.05,0.15,15,default,medium_airport,37.9114,12.488,True,True,True
2024-06,LEGR,39,33,33,33,departures,0.8461538461538461,0.8461538461538461,15,default,medium_airport,37.188702,-3.77736,True,True,True
2024-06,LFMD,39,27,0,0,departures,0.0,0.0,15,default,medium_airport,43.547998,6.955176,True,True,True
2024-06,LFTH,39,33,33,46,departures,0.8461538461538461,1.1794871794871795,15,default,medium_airport,43.097301,6.14603,True,True,True
2024-06,LICT,39,3,3,3,departures,0.0769230769230769,0.0769230769230769,15,default,medium_airport,37.9114,12.488,True,True,True
2024-06,ESNU,39,19,19,20,departures,0.4871794871794871,0.5128205128205128,15,default,large_airport,63.791801,20.282801,True,True,True
2024-06,LEAM,39,33,30,30,arrivals,0.7692307692307693,0.7692307692307693,15,default,medium_airport,36.843899,-2.3701,True,True,True
2024-06,LFRN,39,33,31,32,arrivals,0.7948717948717948,0.8205128205128205,15,default,medium_airport,48.0695,-1.73479,True,True,True
2024-06,LEXJ,39,18,10,10,arrivals,0.2564102564102564,0.2564102564102564,15,default,medium_airport,43.427101,-3.82001,True,True,True
2024-06,ESPA,39,6,5,5,arrivals,0.1282051282051282,0.1282051282051282,15,default,large_airport,65.5438,22.122,True,True,True
2024-06,ESNU,39,20,15,16,arrivals,0.3846153846153846,0.4102564102564102,15,default,large_airport,63.791801,20.282801,True,True,True
2024-06,LEAM,38,34,34,34,departures,0.8947368421052632,0.8947368421052632,15,default,medium_airport,36.843899,-2.3701,True,True,True
2024-06,LGMT,38,35,35,35,departures,0.9210526315789472,0.9210526315789472,15,default,medium_airport,39.057406,26.598629,True,True,True
2024-06,BIRK,38,28,28,28,departures,0.7368421052631579,0.7368421052631579,15,default,medium_airport,64.128732,-21.93759,True,True,True
2024-06,UMMS,38,32,32,32,departures,0.8421052631578947,0.8421052631578947,15,default,large_airport,53.888071,28.039964,True,True,True
2024-06,LTFH,38,15,13,13,departures,0.3421052631578947,0.3421052631578947,15,default,medium_airport,41.253988,36.567546,True,True,True
2024-06,LECO,38,35,35,36,arrivals,0.9210526315789472,0.9473684210526316,15,default,medium_airport,43.302101,-8.37726,True,True,True
2024-06,LEGR,38,27,27,27,arrivals,0.7105263157894737,0.7105263157894737,15,default,medium_airport,37.188702,-3.77736,True,True,True
2024-06,LGMT,38,33,33,33,arrivals,0.868421052631579,0.868421052631579,15,default,medium_airport,39.057406,26.598629,True,True,True
2024-06,LTFH,38,13,13,14,arrivals,0.3421052631578947,0.3684210526315789,15,default,medium_airport,41.253988,36.567546,True,True,True
2024-06,ENHD,37,35,35,35,departures,0.945945945945946,0.945945945945946,15,default,medium_airport,59.345299,5.20836,True,True,True
2024-06,URMM,37,29,29,32,departures,0.7837837837837838,0.8648648648648649,15,default,large_airport,44.225101,43.081902,True,True,True
2024-06,LIRZ,37,28,27,27,departures,0.7297297297297297,0.7297297297297297,15,default,large_airport,43.095901,12.5132,True,True,True
2024-06,UWKD,37,5,0,0,arrivals,0.0,0.0,15,default,large_airport,55.606201,49.278702,True,True,True
2024-06,LIRZ,37,32,31,35,arrivals,0.8378378378378378,0.945945945945946,15,default,large_airport,43.095901,12.5132,True,True,True
2024-06,UMMS,37,4,0,17,arrivals,0.0,0.4594594594594595,15,default,large_airport,53.888071,28.039964,True,True,True
2024-06,LFTH,37,31,25,43,arrivals,0.6756756756756757,1.162162162162162,15,default,medium_airport,43.097301,6.14603,True,True,True
2024-06,EKAH,37,34,33,34,arrivals,0.8918918918918919,0.918918918918919,15,default,large_airport,56.303331,10.618286,True,True,True
2024-06,LEMI,36,33,33,33,departures,0.9166666666666666,0.9166666666666666,15,default,large_airport,37.802852,-1.124884,True,True,True
2024-06,EBAW,36,31,29,30,departures,0.8055555555555556,0.8333333333333334,15,default,medium_airport,51.190667,4.463153,True,True,True
2024-06,EKAH,36,33,33,35,departures,0.9166666666666666,0.9722222222222222,15,default,large_airport,56.303331,10.618286,True,True,True
2024-06,LEMI,36,33,33,34,arrivals,0.9166666666666666,0.9444444444444444,15,default,large_airport,37.802852,-1.124884,True,True,True
2024-06,EGHQ,35,25,25,25,departures,0.7142857142857143,0.7142857142857143,15,default,medium_airport,50.440601,-4.99541,True,True,True
2024-06,LOWL,35,30,30,30,departures,0.8571428571428571,0.8571428571428571,15,default,large_airport,48.235362,14.188128,True,True,True
2024-06,ORER,35,0,0,0,departures,0.0,0.0,15,default,large_airport,36.236047,43.946615,True,True,True
2024-06,ENHD,35,27,27,61,arrivals,0.7714285714285715,1.7428571428571429,15,default,medium_airport,59.345299,5.20836,True,True,True
2024-06,URMM,35,18,18,18,arrivals,0.5142857142857142,0.5142857142857142,15,default,large_airport,44.225101,43.081902,True,True,True
2024-06,LEZG,34,32,31,31,departures,0.9117647058823528,0.9117647058823528,15,default,large_airport,41.666199,-1.04155,True,True,True
2024-06,EGTE,34,24,24,25,departures,0.7058823529411765,0.7352941176470589,15,default,medium_airport,50.734261,-3.413984,True,True,True
2024-06,UGKO,34,30,30,30,departures,0.8823529411764706,0.8823529411764706,15,default,large_airport,42.177448,42.485353,True,True,True
2024-06,LDPL,34,32,30,33,arrivals,0.8823529411764706,0.9705882352941176,15,default,large_airport,44.893501,13.9222,True,True,True
2024-06,ORER,34,1,0,0,arrivals,0.0,0.0,15,default,large_airport,36.236047,43.946615,True,True,True
2024-06,EDMO,33,27,25,27,departures,0.7575757575757576,0.8181818181818182,15,default,medium_airport,48.081402,11.2831,True,True,True
2024-06,LGPZ,33,2,1,1,departures,0.0303030303030303,0.0303030303030303,15,default,medium_airport,38.925499,20.765301,True,True,True
2024-06,LZKZ,33,28,28,29,departures,0.8484848484848485,0.8787878787878788,15,default,medium_airport,48.663101,21.2411,True,True,True
2024-06,LEVX,33,28,28,28,departures,0.8484848484848485,0.8484848484848485,15,default,medium_airport,42.2318,-8.62677,True,True,True
2024-06,LGPZ,33,6,5,11,arrivals,0.1515151515151515,0.3333333333333333,15,default,medium_airport,38.925499,20.765301,True,True,True
2024-06,LZKZ,33,23,23,23,arrivals,0.696969696969697,0.696969696969697,15,default,medium_airport,48.663101,21.2411,True,True,True
2024-06,UGKO,33,13,13,13,arrivals,0.3939393939393939,0.3939393939393939,15,default,large_airport,42.177448,42.485353,True,True,True
2024-06,UGSB,33,16,14,14,arrivals,0.4242424242424242,0.4242424242424242,15,default,large_airport,41.60939,41.600315,True,True,True
2024-06,ESSV,33,27,27,27,arrivals,0.8181818181818182,0.8181818181818182,15,default,large_airport,57.6628,18.346201,True,True,True
2024-06,BIRK,33,23,23,24,arrivals,0.696969696969697,0.7272727272727273,15,default,medium_airport,64.128732,-21.93759,True,True,True
2024-06,LEVX,33,24,24,25,arrivals,0.7272727272727273,0.7575757575757576,15,default,medium_airport,42.2318,-8.62677,True,True,True
2024-06,GMMW,32,28,25,25,departures,0.78125,0.78125,15,default,large_airport,34.9888,-3.02821,True,True,True
2024-06,UGSB,32,26,26,27,departures,0.8125,0.84375,15,default,large_airport,41.60939,41.600315,True,True,True
2024-06,ESSV,32,28,28,28,departures,0.875,0.875,15,default,large_airport,57.6628,18.346201,True,True,True
2024-06,ENAT,32,12,0,0,departures,0.0,0.0,15,default,medium_airport,69.976097,23.3717,True,True,True
2024-06,EGTE,32,23,23,25,arrivals,0.71875,0.78125,15,default,medium_airport,50.734261,-3.413984,True,True,True
2024-06,GMMW,32,26,21,21,arrivals,0.65625,0.65625,15,default,large_airport,34.9888,-3.02821,True,True,True
2024-06,LTFG,32,28,28,30,arrivals,0.875,0.9375,15,default,medium_airport,36.298832,32.297017,True,True,True
2024-06,LDPL,31,29,29,31,departures,0.935483870967742,1.0,15,default,large_airport,44.893501,13.9222,True,True,True
2024-06,LGSK,31,19,19,19,departures,0.6129032258064516,0.6129032258064516,15,default,medium_airport,39.177101,23.5037,True,True,True
2024-06,EGPK,31,25,25,28,departures,0.8064516129032258,0.9032258064516128,15,default,large_airport,55.501499,-4.577182,True,True,True
2024-06,LEZG,31,24,23,23,arrivals,0.7419354838709677,0.7419354838709677,15,default,large_airport,41.666199,-1.04155,True,True,True
2024-06,EGSH,31,25,25,26,arrivals,0.8064516129032258,0.8387096774193549,15,default,medium_airport,52.6758,1.28278,True,True,True
2024-06,LGSK,31,21,21,21,arrivals,0.6774193548387096,0.6774193548387096,15,default,medium_airport,39.177101,23.5037,True,True,True
2024-06,GMFO,31,18,17,17,arrivals,0.5483870967741935,0.5483870967741935,15,default,large_airport,34.789558,-1.926041,True,True,True
2024-06,LOWL,31,24,23,27,arrivals,0.7419354838709677,0.8709677419354839,15,default,large_airport,48.235362,14.188128,True,True,True
2024-06,EKEB,30,11,11,19,departures,0.3666666666666666,0.6333333333333333,15,default,medium_airport,55.525902,8.5534,True,True,True
2024-06,LGSM,30,25,25,25,departures,0.8333333333333334,0.8333333333333334,15,default,medium_airport,37.689999,26.911699,True,True,True
2024-06,ORBI,30,0,0,0,departures,0.0,0.0,15,default,large_airport,33.262501,44.2346,True,True,True
2024-06,EGWU,30,27,0,0,departures,0.0,0.0,15,default,medium_airport,51.553001,-0.418167,True,True,True
2024-06,LTFG,30,27,27,27,departures,0.9,0.9,15,default,medium_airport,36.298832,32.297017,True,True,True
2024-06,EGHQ,30,21,20,20,arrivals,0.6666666666666666,0.6666666666666666,15,default,medium_airport,50.440601,-4.99541,True,True,True
2024-06,LGSM,30,28,28,32,arrivals,0.9333333333333332,1.0666666666666669,15,default,medium_airport,37.689999,26.911699,True,True,True
2024-06,ORBI,30,0,0,0,arrivals,0.0,0.0,15,default,large_airport,33.262501,44.2346,True,True,True
2024-06,EGWU,30,24,0,0,arrivals,0.0,0.0,15,default,medium_airport,51.553001,-0.418167,True,True,True
2024-06,EGPK,30,24,22,23,arrivals,0.7333333333333333,0.7666666666666667,15,default,large_airport,55.501499,-4.577182,True,True,True
2024-06,ENAT,30,13,0,0,arrivals,0.0,0.0,15,default,medium_airport,69.976097,23.3717,True,True,True
2024-06,EGSH,29,25,25,25,departures,0.8620689655172413,0.8620689655172413,15,default,medium_airport,52.6758,1.28278,True,True,True
2024-06,EGPA,29,6,0,0,departures,0.0,0.0,15,default,medium_airport,58.957903,-2.905077,True,True,True
2024-06,ENOV,29,0,0,0,departures,0.0,0.0,15,default,medium_airport,62.180000305176,6.0741000175476,True,True,True
2024-06,EIKN,29,25,25,25,departures,0.8620689655172413,0.8620689655172413,15,default,large_airport,53.910439,-8.817002,True,True,True
2024-06,UBBN,29,1,0,0,arrivals,0.0,0.0,15,default,large_airport,39.188801,45.458401,True,True,True
2024-06,EKEB,29,11,10,13,arrivals,0.3448275862068966,0.4482758620689655,15,default,medium_airport,55.525902,8.5534,True,True,True
2024-06,HLLM,29,0,0,0,arrivals,0.0,0.0,15,default,large_airport,32.89177,13.287878,True,True,True
2024-06,LTAN,29,0,0,0,arrivals,0.0,0.0,15,default,large_airport,37.979,32.561901,True,True,True
2024-06,LOWI,29,25,22,23,arrivals,0.7586206896551724,0.7931034482758621,15,default,large_airport,47.260201,11.344,True,True,True
2024-06,EIKN,29,26,24,25,arrivals,0.8275862068965517,0.8620689655172413,15,default,large_airport,53.910439,-8.817002,True,True,True
2024-06,LIBP,28,23,23,23,departures,0.8214285714285714,0.8214285714285714,15,default,large_airport,42.431079,14.182981,True,True,True
2024-06,HLLM,28,0,0,0,departures,0.0,0.0,15,default,large_airport,32.89177,13.287878,True,True,True
2024-06,LGNX,28,0,0,0,departures,0.0,0.0,15,default,small_airport,37.0811,25.368099,True,False,False
2024-06,LTAN,28,0,0,0,departures,0.0,0.0,15,default,large_airport,37.979,32.561901,True,True,True
2024-06,DABC,28,0,0,0,departures,0.0,0.0,15,default,large_airport,36.276001,6.62039,True,True,True
2024-06,GMFO,28,18,18,18,departures,0.6428571428571429,0.6428571428571429,15,default,large_airport,34.789558,-1.926041,True,True,True
2024-06,LTFO,28,16,16,16,arrivals,0.5714285714285714,0.5714285714285714,15,default,large_airport,41.179766,40.848802,True,True,True
2024-06,EBAW,28,22,20,22,arrivals,0.7142857142857143,0.7857142857142857,15,default,medium_airport,51.190667,4.463153,True,True,True
2024-06,EFOU,28,7,1,1,arrivals,0.0357142857142857,0.0357142857142857,15,default,large_airport,64.930099,25.354601,True,True,True
2024-06,DABC,28,0,0,0,arrivals,0.0,0.0,15,default,large_airport,36.276001,6.62039,True,True,True
2024-06,EGPA,28,13,0,0,arrivals,0.0,0.0,15,default,medium_airport,58.957903,-2.905077,True,True,True
2024-06,ENOV,28,0,0,0,arrivals,0.0,0.0,15,default,medium_airport,62.180000305176,6.0741000175476,True,True,True
2024-06,ENSG,27,8,0,0,departures,0.0,0.0,15,default,small_airport,61.156101,7.13778,True,False,False
2024-06,UBBN,27,0,0,0,departures,0.0,0.0,15,default,large_airport,39.188801,45.458401,True,True,True
2024-06,LFLC,27,24,24,27,departures,0.8888888888888888,1.0,15,default,large_airport,45.786701,3.16917,True,True,True
2024-06,EFOU,27,1,0,0,departures,0.0,0.0,15,default,large_airport,64.930099,25.354601,True,True,True
2024-06,LESO,27,22,17,30,arrivals,0.6296296296296297,1.1111111111111112,15,default,medium_airport,43.356499,-1.79061,True,True,True
2024-06,LGNX,27,6,0,0,arrivals,0.0,0.0,15,default,small_airport,37.0811,25.368099,True,False,False
2024-06,LTCB,27,14,14,14,arrivals,0.5185185185185185,0.5185185185185185,15,default,medium_airport,40.966872,38.085995,True,True,True
2024-06,ENLK,26,24,0,0,departures,0.0,0.0,15,default,medium_airport,68.152496337891,13.609399795532,True,True,True
2024-06,LTFO,26,22,22,23,departures,0.8461538461538461,0.8846153846153846,15,default,large_airport,41.179766,40.848802,True,True,True
2024-06,URML,26,11,0,0,departures,0.0,0.0,15,default,large_airport,42.816799,47.652302,True,True,True
2024-06,LESO,26,21,19,19,departures,0.7307692307692307,0.7307692307692307,15,default,medium_airport,43.356499,-1.79061,True,True,True
2024-06,LFBT,26,19,19,19,departures,0.7307692307692307,0.7307692307692307,15,default,medium_airport,43.178699,-0.006439,True,True,True
2024-06,LGHI,26,25,25,25,departures,0.9615384615384616,0.9615384615384616,15,default,medium_airport,38.34320068359375,26.140600204467773,True,True,True
2024-06,LTCB,26,12,11,12,departures,0.4230769230769231,0.4615384615384615,15,default,medium_airport,40.966872,38.085995,True,True,True
2024-06,ENSG,26,10,0,0,arrivals,0.0,0.0,15,default,small_airport,61.156101,7.13778,True,False,False
2024-06,LIBP,26,21,21,21,arrivals,0.8076923076923077,0.8076923076923077,15,default,large_airport,42.431079,14.182981,True,True,True
2024-06,URML,26,10,0,0,arrivals,0.0,0.0,15,default,large_airport,42.816799,47.652302,True,True,True
2024-06,ENBN,26,9,1,9,arrivals,0.0384615384615384,0.3461538461538461,15,default,medium_airport,65.461098,12.2175,True,True,True
2024-06,ENBN,25,13,12,16,departures,0.48,0.64,15,default,medium_airport,65.461098,12.2175,True,True,True
2024-06,EDDR,25,17,16,20,departures,0.64,0.8,15,default,medium_airport,49.214545,7.109735,True,True,True
2024-06,EPSC,25,24,23,23,departures,0.92,0.92,15,default,large_airport,53.584702,14.9022,True,True,True
2024-06,LTAZ,25,3,0,0,arrivals,0.0,0.0,15,default,large_airport,38.7719,34.5345,True,True,True
2024-06,ENLK,25,23,0,0,arrivals,0.0,0.0,15,default,medium_airport,68.152496337891,13.609399795532,True,True,True
2024-06,EDDR,25,16,14,16,arrivals,0.56,0.64,15,default,medium_airport,49.214545,7.109735,True,True,True
2024-06,LGHI,25,24,24,25,arrivals,0.96,1.0,15,default,medium_airport,38.34320068359375,26.140600204467773,True,True,True
2024-06,EPSC,25,24,21,23,arrivals,0.84,0.92,15,default,large_airport,53.584702,14.9022,True,True,True
2024-06,LTAZ,24,1,0,0,departures,0.0,0.0,15,default,large_airport,38.7719,34.5345,True,True,True
2024-06,ENSK,24,21,0,0,departures,0.0,0.0,15,default,medium_airport,68.578827,15.033417,True,True,True
2024-06,LFBP,24,17,16,16,departures,0.6666666666666666,0.6666666666666666,15,default,medium_airport,43.380001,-0.418611,True,True,True
2024-06,EKVG,24,0,0,0,departures,0.0,0.0,15,default,large_airport,62.063256,-7.275782,True,True,True
2024-06,LTCS,24,0,0,0,departures,0.0,0.0,15,default,large_airport,37.445663,38.895592,True,True,True
2024-06,LRSB,24,13,13,13,departures,0.5416666666666666,0.5416666666666666,15,default,large_airport,45.785841,24.086666,True,True,True
2024-06,EGPO,24,1,0,0,departures,0.0,0.0,15,default,medium_airport,58.215599,-6.33111,True,True,True
2024-06,LFLC,24,21,20,22,arrivals,0.8333333333333334,0.9166666666666666,15,default,large_airport,45.786701,3.16917,True,True,True
2024-06,ENSK,24,22,0,0,arrivals,0.0,0.0,15,default,medium_airport,68.578827,15.033417,True,True,True
2024-06,LFBP,24,19,17,18,arrivals,0.7083333333333334,0.75,15,default,medium_airport,43.380001,-0.418611,True,True,True
2024-06,LRSB,24,11,10,10,arrivals,0.4166666666666667,0.4166666666666667,15,default,large_airport,45.785841,24.086666,True,True,True
2024-06,BIAR,24,1,0,0,arrivals,0.0,0.0,15,default,large_airport,65.656573,-18.072018,True,True,True
2024-06,LFMP,23,21,21,21,departures,0.9130434782608696,0.9130434782608696,15,default,medium_airport,42.740398,2.87067,True,True,True
2024-06,LPCS,23,20,18,22,departures,0.782608695652174,0.9565217391304348,15,default,medium_airport,38.724998,-9.35523,True,True,True
2024-06,LGKP,23,2,0,0,departures,0.0,0.0,15,default,medium_airport,35.421398,27.146,True,True,True
2024-06,LTCA,23,0,0,0,departures,0.0,0.0,15,default,medium_airport,38.597974,39.28348,True,True,True
2024-06,ENRA,23,11,10,11,arrivals,0.4347826086956521,0.4782608695652174,15,default,medium_airport,66.363899230957,14.301400184631,True,True,True
2024-06,LGKP,23,4,2,2,arrivals,0.0869565217391304,0.0869565217391304,15,default,medium_airport,35.421398,27.146,True,True,True
2024-06,LTCE,23,0,0,0,arrivals,0.0,0.0,15,default,medium_airport,39.956501,41.1702,True,True,True
2024-06,LGKL,23,10,8,8,arrivals,0.3478260869565217,0.3478260869565217,15,default,medium_airport,37.06829833984375,22.02549934387207,True,True,True
2024-06,LFBT,23,18,17,18,arrivals,0.7391304347826086,0.782608695652174,15,default,medium_airport,43.178699,-0.006439,True,True,True
2024-06,LTCS,23,0,0,0,arrivals,0.0,0.0,15,default,large_airport,37.445663,38.895592,True,True,True
2024-06,EGPO,23,1,0,1,arrivals,0.0,0.0434782608695652,15,default,medium_airport,58.215599,-6.33111,True,True,True
2024-06,LFRK,22,21,20,22,departures,0.9090909090909092,1.0,15,default,medium_airport,49.17678,-0.454883,True,True,True
2024-06,LTCE,22,0,0,0,departures,0.0,0.0,15,default,medium_airport,39.956501,41.1702,True,True,True
2024-06,GCHI,22,0,0,0,departures,0.0,0.0,15,default,medium_airport,27.8148,-17.8871,True,True,True
2024-06,EKRN,22,14,14,14,departures,0.6363636363636364,0.6363636363636364,15,default,medium_airport,55.063301,14.7596,True,True,True
2024-06,LGKL,22,14,14,14,departures,0.6363636363636364,0.6363636363636364,15,default,medium_airport,37.06829833984375,22.02549934387207,True,True,True
2024-06,EFTU,22,18,17,17,departures,0.7727272727272727,0.7727272727272727,15,default,large_airport,60.514099,22.2628,True,True,True
2024-06,LOWI,22,20,18,18,departures,0.8181818181818182,0.8181818181818182,15,default,large_airport,47.260201,11.344,True,True,True
2024-06,EDMO,22,17,12,14,arrivals,0.5454545454545454,0.6363636363636364,15,default,medium_airport,48.081402,11.2831,True,True,True
2024-06,LFMP,22,21,20,20,arrivals,0.9090909090909092,0.9090909090909092,15,default,medium_airport,42.740398,2.87067,True,True,True
2024-06,LIPO,22,15,15,16,arrivals,0.6818181818181818,0.7272727272727273,15,default,medium_airport,45.428902,10.3306,True,True,True
2024-06,LTCA,22,0,0,0,arrivals,0.0,0.0,15,default,medium_airport,38.597974,39.28348,True,True,True
2024-06,GCHI,22,0,0,0,arrivals,0.0,0.0,15,default,medium_airport,27.8148,-17.8871,True,True,True
2024-06,EKVG,22,0,0,0,arrivals,0.0,0.0,15,default,large_airport,62.063256,-7.275782,True,True,True
2024-06,EFTU,22,15,15,15,arrivals,0.6818181818181818,0.6818181818181818,15,default,large_airport,60.514099,22.2628,True,True,True
2024-06,LRSV,21,0,0,0,departures,0.0,0.0,15,default,large_airport,47.6875,26.354099,True,True,True
2024-06,EHBK,21,17,17,17,departures,0.8095238095238095,0.8095238095238095,15,default,large_airport,50.911087,5.769401,True,True,True
2024-06,ENRA,21,9,8,12,departures,0.3809523809523809,0.5714285714285714,15,default,medium_airport,66.363899230957,14.301400184631,True,True,True
2024-06,LGML,21,0,0,0,departures,0.0,0.0,15,default,small_airport,36.696899,24.4769,True,False,False
2024-06,EGNJ,21,9,9,9,departures,0.4285714285714285,0.4285714285714285,15,default,medium_airport,53.576152,-0.34954,True,True,True
2024-06,LIPO,21,15,15,16,departures,0.7142857142857143,0.7619047619047619,15,default,medium_airport,45.428902,10.3306,True,True,True
2024-06,EGNV,21,11,10,10,departures,0.4761904761904761,0.4761904761904761,15,default,medium_airport,54.509201,-1.42941,True,True,True
2024-06,EHBK,21,15,13,14,arrivals,0.6190476190476191,0.6666666666666666,15,default,large_airport,50.911087,5.769401,True,True,True
2024-06,LFRK,21,18,15,19,arrivals,0.7142857142857143,0.9047619047619048,15,default,medium_airport,49.17678,-0.454883,True,True,True
2024-06,ENVD,21,4,0,0,arrivals,0.0,0.0,15,default,medium_airport,70.0653,29.8447,True,True,True
2024-06,EKRN,21,13,12,12,arrivals,0.5714285714285714,0.5714285714285714,15,default,medium_airport,55.063301,14.7596,True,True,True
2024-06,ENML,21,1,0,0,arrivals,0.0,0.0,15,default,medium_airport,62.744701,7.2625,True,True,True
2024-06,EIKY,20,18,18,18,departures,0.9,0.9,15,default,medium_airport,52.180901,-9.52378,True,True,True
2024-06,EBOS,20,16,15,15,departures,0.75,0.75,15,default,large_airport,51.1998,2.874673,True,True,True
2024-06,ENVD,20,5,0,0,departures,0.0,0.0,15,default,medium_airport,70.0653,29.8447,True,True,True
2024-06,LIPB,20,19,19,20,departures,0.95,1.0,15,default,medium_airport,46.459245,11.326125,True,True,True
2024-06,LICR,20,0,0,7,departures,0.0,0.35,15,default,medium_airport,38.071201,15.6516,True,True,True
2024-06,BIAR,20,0,0,0,departures,0.0,0.0,15,default,large_airport,65.656573,-18.072018,True,True,True
2024-06,LRSV,20,2,0,0,arrivals,0.0,0.0,15,default,large_airport,47.6875,26.354099,True,True,True
2024-06,LPCS,20,15,12,22,arrivals,0.6,1.1,15,default,medium_airport,38.724998,-9.35523,True,True,True
2024-06,EBOS,20,16,15,18,arrivals,0.75,0.9,15,default,large_airport,51.1998,2.874673,True,True,True
2024-06,LSZR,20,14,12,17,arrivals,0.6,0.85,15,default,medium_airport,47.485001,9.56077,True,True,True
2024-06,LGML,20,1,0,0,arrivals,0.0,0.0,15,default,small_airport,36.696899,24.4769,True,False,False
2024-06,EGNJ,20,6,6,7,arrivals,0.3,0.35,15,default,medium_airport,53.576152,-0.34954,True,True,True
2024-06,EGNV,20,5,5,6,arrivals,0.25,0.3,15,default,medium_airport,54.509201,-1.42941,True,True,True
2024-06,LICR,20,0,0,0,arrivals,0.0,0.0,15,default,medium_airport,38.071201,15.6516,True,True,True
2024-06,LLER,19,2,0,0,departures,0.0,0.0,15,default,large_airport,29.727009,35.014116,True,True,True
2024-06,EPLB,19,17,17,17,departures,0.8947368421052632,0.8947368421052632,15,default,large_airport,51.240157,22.713461,True,True,True
2024-06,LTAT,19,0,0,0,departures,0.0,0.0,15,default,medium_airport,38.4352989197,38.0909996033,True,True,True
2024-06,ENML,19,0,0,0,departures,0.0,0.0,15,default,medium_airport,62.744701,7.2625,True,True,True
2024-06,EDHI,19,14,0,0,departures,0.0,0.0,15,default,medium_airport,53.535278,9.835556,True,True,True
2024-06,EDXW,19,17,17,18,departures,0.8947368421052632,0.9473684210526316,15,default,medium_airport,54.9132,8.34047,True,True,True
2024-06,GMML,19,0,0,0,departures,0.0,0.0,15,default,large_airport,27.142467,-13.224947,True,True,True
2024-06,EPLB,19,17,17,18,arrivals,0.8947368421052632,0.9473684210526316,15,default,large_airport,51.240157,22.713461,True,True,True
2024-06,LFKC,19,12,12,17,arrivals,0.631578947368421,0.8947368421052632,15,default,medium_airport,42.530422,8.792984,True,True,True
2024-06,LTAT,19,0,0,0,arrivals,0.0,0.0,15,default,medium_airport,38.4352989197,38.0909996033,True,True,True
2024-06,GMTN,19,19,19,19,arrivals,1.0,1.0,15,default,large_airport,35.594299,-5.32002,True,True,True
2024-06,LTCR,19,0,0,0,arrivals,0.0,0.0,15,default,medium_airport,37.2233009338,40.6316986084,True,True,True
2024-06,ENKR,18,4,0,0,departures,0.0,0.0,15,default,medium_airport,69.7258,29.8913,True,True,True
2024-06,LFKC,18,11,11,11,departures,0.6111111111111112,0.6111111111111112,15,default,medium_airport,42.530422,8.792984,True,True,True
2024-06,LSZR,18,15,14,15,departures,0.7777777777777778,0.8333333333333334,15,default,medium_airport,47.485001,9.56077,True,True,True
2024-06,EYPA,18,16,16,16,departures,0.8888888888888888,0.8888888888888888,15,default,large_airport,55.973202,21.093901,True,True,True
2024-06,ENSH,18,17,0,0,departures,0.0,0.0,15,default,medium_airport,68.243301,14.6692,True,True,True
2024-06,GMTN,18,18,18,18,departures,1.0,1.0,15,default,large_airport,35.594299,-5.32002,True,True,True
2024-06,LIPR,18,12,11,11,departures,0.6111111111111112,0.6111111111111112,15,default,large_airport,44.020024,12.612198,True,True,True
2024-06,LSGS,18,16,16,17,departures,0.8888888888888888,0.9444444444444444,15,default,medium_airport,46.219166,7.326944,True,True,True
2024-06,LTCR,18,0,0,0,departures,0.0,0.0,15,default,medium_airport,37.2233009338,40.6316986084,True,True,True
2024-06,HLLB,18,0,0,0,arrivals,0.0,0.0,15,default,large_airport,32.096802,20.269501,True,True,True
2024-06,EIKY,18,16,16,16,arrivals,0.8888888888888888,0.8888888888888888,15,default,medium_airport,52.180901,-9.52378,True,True,True
2024-06,ENKR,18,4,0,0,arrivals,0.0,0.0,15,default,medium_airport,69.7258,29.8913,True,True,True
2024-06,EYPA,18,14,14,14,arrivals,0.7777777777777778,0.7777777777777778,15,default,large_airport,55.973202,21.093901,True,True,True
2024-06,LRBC,18,4,3,9,arrivals,0.1666666666666666,0.5,15,default,large_airport,46.5219,26.910299,True,True,True
2024-06,ESGJ,18,10,7,7,arrivals,0.3888888888888889,0.3888888888888889,15,default,medium_airport,57.757598876953125,14.068699836730955,True,True,True
2024-06,EPBY,18,17,16,16,arrivals,0.8888888888888888,0.8888888888888888,15,default,medium_airport,53.096802,17.977699,True,True,True
2024-06,LIPB,18,17,10,10,arrivals,0.5555555555555556,0.5555555555555556,15,default,medium_airport,46.459245,11.326125,True,True,True
2024-06,LSZB,18,13,9,15,arrivals,0.5,0.8333333333333334,15,default,medium_airport,46.912736,7.498819,True,True,True
2024-06,LFTZ,18,13,0,0,arrivals,0.0,0.0,15,default,small_airport,43.205399,6.482,True,False,False
2024-06,LSGS,18,13,9,15,arrivals,0.5,0.8333333333333334,15,default,medium_airport,46.219166,7.326944,True,True,True
2024-06,EDVE,17,12,11,17,departures,0.6470588235294118,1.0,15,default,medium_airport,52.319199,10.5561,True,True,True
2024-06,EGMC,17,17,16,16,departures,0.9411764705882352,0.9411764705882352,15,default,medium_airport,51.570562,0.693627,True,True,True
2024-06,LICG,17,4,0,0,departures,0.0,0.0,15,default,medium_airport,36.816502,11.9689,True,True,True
2024-06,LRBC,17,7,7,18,departures,0.4117647058823529,1.0588235294117647,15,default,large_airport,46.5219,26.910299,True,True,True
2024-06,ESGJ,17,9,8,8,departures,0.4705882352941176,0.4705882352941176,15,default,medium_airport,57.757598876953125,14.068699836730955,True,True,True
2024-06,EGTK,17,14,14,14,departures,0.8235294117647058,0.8235294117647058,15,default,medium_airport,51.836899,-1.32,True,True,True
2024-06,LSZA,17,12,11,11,departures,0.6470588235294118,0.6470588235294118,15,default,medium_airport,46.004299,8.91058,True,True,True
2024-06,LFMK,17,16,16,16,departures,0.9411764705882352,0.9411764705882352,15,default,medium_airport,43.216,2.30632,True,True,True
2024-06,ESTA,17,13,13,13,departures,0.7647058823529411,0.7647058823529411,15,default,medium_airport,56.29610061645508,12.847100257873535,True,True,True
2024-06,LXGB,17,17,16,16,departures,0.9411764705882352,0.9411764705882352,15,default,large_airport,36.151679,-5.34978,True,True,True
2024-06,LFRZ,17,13,10,11,arrivals,0.5882352941176471,0.6470588235294118,15,default,medium_airport,47.31142,-2.152634,True,True,True
2024-06,EGMC,17,15,14,18,arrivals,0.8235294117647058,1.0588235294117647,15,default,medium_airport,51.570562,0.693627,True,True,True
2024-06,ENSH,17,17,0,0,arrivals,0.0,0.0,15,default,medium_airport,68.243301,14.6692,True,True,True
2024-06,LIPR,17,12,10,13,arrivals,0.5882352941176471,0.7647058823529411,15,default,large_airport,44.020024,12.612198,True,True,True
2024-06,LFMK,17,17,17,17,arrivals,1.0,1.0,15,default,medium_airport,43.216,2.30632,True,True,True
2024-06,LXGB,17,16,16,17,arrivals,0.9411764705882352,1.0,15,default,large_airport,36.151679,-5.34978,True,True,True
2024-06,GMML,17,0,0,0,arrivals,0.0,0.0,15,default,large_airport,27.142467,-13.224947,True,True,True
2024-06,LTCF,16,0,0,1,departures,0.0,0.0625,15,default,medium_airport,40.562198638916016,43.1150016784668,True,True,True
2024-06,LFRZ,16,12,10,12,departures,0.625,0.75,15,default,medium_airport,47.31142,-2.152634,True,True,True
2024-06,EPLL,16,15,15,15,departures,0.9375,0.9375,15,default,large_airport,51.721901,19.3981,True,True,True
2024-06,LFBL,16,9,9,9,departures,0.5625,0.5625,15,default,medium_airport,45.862801,1.17944,True,True,True
2024-06,ENMS,16,8,0,0,departures,0.0,0.0,15,default,medium_airport,65.783997,13.2149,True,True,True
2024-06,LICD,16,0,0,0,departures,0.0,0.0,15,default,medium_airport,35.497898,12.6181,True,True,True
2024-06,EBKT,16,12,1,1,arrivals,0.0625,0.0625,15,default,medium_airport,50.818878,3.209551,True,True,True
2024-06,LTCF,16,1,1,1,arrivals,0.0625,0.0625,15,default,medium_airport,40.562198638916016,43.1150016784668,True,True,True
2024-06,LICG,16,6,0,0,arrivals,0.0,0.0,15,default,medium_airport,36.816502,11.9689,True,True,True
2024-06,LFBL,16,5,5,5,arrivals,0.3125,0.3125,15,default,medium_airport,45.862801,1.17944,True,True,True
2024-06,LICD,16,0,0,0,arrivals,0.0,0.0,15,default,medium_airport,35.497898,12.6181,True,True,True
2024-06,EDHI,16,12,0,0,arrivals,0.0,0.0,15,default,medium_airport,53.535278,9.835556,True,True,True
2024-06,EDXW,16,12,10,10,arrivals,0.625,0.625,15,default,medium_airport,54.9132,8.34047,True,True,True
2024-06,ESTA,16,13,13,14,arrivals,0.8125,0.875,15,default,medium_airport,56.29610061645508,12.847100257873535,True,True,True
2024-06,HLLB,15,0,0,0,departures,0.0,0.0,15,default,large_airport,32.096802,20.269501,True,True,True
2024-06,EPBY,15,15,15,15,departures,1.0,1.0,15,default,medium_airport,53.096802,17.977699,True,True,True
2024-06,LQBK,15,12,11,11,departures,0.7333333333333333,0.7333333333333333,15,default,large_airport,44.941399,17.297501,True,True,True
2024-06,LOWK,15,12,11,11,departures,0.7333333333333333,0.7333333333333333,15,default,large_airport,46.642502,14.3377,True,True,True
2024-06,LFTZ,15,11,0,0,departures,0.0,0.0,15,default,small_airport,43.205399,6.482,True,False,False
2024-06,LDRI,15,14,14,16,departures,0.9333333333333332,1.0666666666666669,15,default,large_airport,45.216376,14.57085,True,True,True
2024-06,ENAN,15,8,0,0,departures,0.0,0.0,15,default,medium_airport,69.295193,16.139379,True,True,True
2024-06,LEPP,15,14,14,15,departures,0.9333333333333332,1.0,15,default,medium_airport,42.77,-1.64633,True,True,True
2024-06,EDVE,15,9,6,7,arrivals,0.4,0.4666666666666667,15,default,medium_airport,52.319199,10.5561,True,True,True
2024-06,LFRG,15,12,9,16,arrivals,0.6,1.0666666666666669,15,default,medium_airport,49.365237,0.154481,True,True,True
2024-06,EPLL,15,15,14,14,arrivals,0.9333333333333332,0.9333333333333332,15,default,large_airport,51.721901,19.3981,True,True,True
2024-06,EGTK,15,13,11,18,arrivals,0.7333333333333333,1.2,15,default,medium_airport,51.836899,-1.32,True,True,True
2024-06,LFBH,15,12,11,11,arrivals,0.7333333333333333,0.7333333333333333,15,default,medium_airport,46.179199,-1.19528,True,True,True
2024-06,ENMS,15,4,1,1,arrivals,0.0666666666666666,0.0666666666666666,15,default,medium_airport,65.783997,13.2149,True,True,True
2024-06,LQBK,15,12,10,10,arrivals,0.6666666666666666,0.6666666666666666,15,default,large_airport,44.941399,17.297501,True,True,True
2024-06,LIBF,15,3,1,1,arrivals,0.0666666666666666,0.0666666666666666,15,default,medium_airport,41.433596,15.534566,True,True,True
2024-06,LOWK,15,12,10,11,arrivals,0.6666666666666666,0.7333333333333333,15,default,large_airport,46.642502,14.3377,True,True,True
2024-06,ENAN,15,8,0,0,arrivals,0.0,0.0,15,default,medium_airport,69.295193,16.139379,True,True,True
2024-06,ESNZ,14,10,10,10,departures,0.7142857142857143,0.7142857142857143,15,default,medium_airport,63.193546,14.504168,True,True,True
2024-06,LGAL,14,12,12,12,departures,0.8571428571428571,0.8571428571428571,15,default,medium_airport,40.8559,25.956301,True,True,True
2024-06,EBKT,14,9,2,2,departures,0.1428571428571428,0.1428571428571428,15,default,medium_airport,50.818878,3.209551,True,True,True
2024-06,EKSB,14,5,5,5,departures,0.3571428571428571,0.3571428571428571,15,default,medium_airport,54.96440124511719,9.791729927062988,True,True,True
2024-06,LICB,14,11,11,12,departures,0.7857142857142857,0.8571428571428571,15,default,medium_airport,36.99583,14.60889,True,True,True
2024-06,LPPS,14,9,9,9,departures,0.6428571428571429,0.6428571428571429,15,default,medium_airport,33.0733985901,-16.3500003815,True,True,True
2024-06,EFVA,14,8,7,7,departures,0.5,0.5,15,default,large_airport,63.05023,21.762543,True,True,True
2024-06,ENBL,14,0,0,0,departures,0.0,0.0,15,default,small_airport,61.391102,5.75694,True,False,False
2024-06,LTCJ,14,0,0,0,departures,0.0,0.0,15,default,medium_airport,37.929001,41.1166,True,True,True
2024-06,LFRG,14,12,11,14,departures,0.7857142857142857,1.0,15,default,medium_airport,49.365237,0.154481,True,True,True
2024-06,EGJA,14,10,10,10,departures,0.7142857142857143,0.7142857142857143,15,default,medium_airport,49.706104,-2.21472,True,True,True
2024-06,EGPN,14,9,9,10,departures,0.6428571428571429,0.7142857142857143,15,default,medium_airport,56.452499,-3.02583,True,True,True
2024-06,LIMP,14,12,11,11,departures,0.7857142857142857,0.7857142857142857,15,default,medium_airport,44.826351,10.29705,True,True,True
2024-06,LFLY,14,6,0,0,departures,0.0,0.0,15,default,medium_airport,45.727947,4.943991,True,True,True
2024-06,LFBH,14,12,12,12,departures,0.8571428571428571,0.8571428571428571,15,default,medium_airport,46.179199,-1.19528,True,True,True
2024-06,EFRO,14,0,0,0,departures,0.0,0.0,15,default,large_airport,66.563327,25.829751,True,True,True
2024-06,EGAE,14,2,2,2,departures,0.1428571428571428,0.1428571428571428,15,default,medium_airport,55.042801,-7.16111,True,True,True
2024-06,LSZB,14,8,7,11,departures,0.5,0.7857142857142857,15,default,medium_airport,46.912736,7.498819,True,True,True
2024-06,EFKU,14,12,12,12,departures,0.8571428571428571,0.8571428571428571,15,default,large_airport,63.007099,27.7978,True,True,True
2024-06,EDFM,14,4,4,11,departures,0.2857142857142857,0.7857142857142857,15,default,medium_airport,49.473057,8.514167,True,True,True
2024-06,LLER,14,11,0,1,arrivals,0.0,0.0714285714285714,15,default,large_airport,29.727009,35.014116,True,True,True
2024-06,LGAL,14,12,12,14,arrivals,0.8571428571428571,1.0,15,default,medium_airport,40.8559,25.956301,True,True,True
2024-06,EKSB,14,6,6,6,arrivals,0.4285714285714285,0.4285714285714285,15,default,medium_airport,54.96440124511719,9.791729927062988,True,True,True
2024-06,LICB,14,11,11,16,arrivals,0.7857142857142857,1.1428571428571428,15,default,medium_airport,36.99583,14.60889,True,True,True
2024-06,LPPS,14,9,9,11,arrivals,0.6428571428571429,0.7857142857142857,15,default,medium_airport,33.0733985901,-16.3500003815,True,True,True
2024-06,EFVA,14,2,2,2,arrivals,0.1428571428571428,0.1428571428571428,15,default,large_airport,63.05023,21.762543,True,True,True
2024-06,ENBL,14,0,0,0,arrivals,0.0,0.0,15,default,small_airport,61.391102,5.75694,True,False,False
2024-06,LTCJ,14,0,0,0,arrivals,0.0,0.0,15,default,medium_airport,37.929001,41.1166,True,True,True
2024-06,LIMP,14,12,10,10,arrivals,0.7142857142857143,0.7142857142857143,15,default,medium_airport,44.826351,10.29705,True,True,True
2024-06,LFLY,14,7,0,0,arrivals,0.0,0.0,15,default,medium_airport,45.727947,4.943991,True,True,True
2024-06,EFRO,14,0,0,0,arrivals,0.0,0.0,15,default,large_airport,66.563327,25.829751,True,True,True
2024-06,EGAE,14,3,3,4,arrivals,0.2142857142857142,0.2857142857142857,15,default,medium_airport,55.042801,-7.16111,True,True,True
2024-06,EFKU,14,12,12,12,arrivals,0.8571428571428571,0.8571428571428571,15,default,large_airport,63.007099,27.7978,True,True,True
2024-06,LTAY,14,0,0,3,arrivals,0.0,0.2142857142857142,15,default,medium_airport,37.7855987549,29.7012996674,True,True,True
2024-06,LDRI,14,13,13,15,arrivals,0.9285714285714286,1.0714285714285714,15,default,large_airport,45.216376,14.57085,True,True,True
2024-06,LEPP,14,10,5,12,arrivals,0.3571428571428571,0.8571428571428571,15,default,medium_airport,42.77,-1.64633,True,True,True
2024-06,LGLM,13,0,0,0,departures,0.0,0.0,15,default,small_airport,39.917098999,25.236299514799995,True,False,False
2024-06,LRBS,13,12,12,13,departures,0.9230769230769232,1.0,15,default,large_airport,44.503133,26.102944,True,True,True
2024-06,LIBF,13,2,1,1,departures,0.0769230769230769,0.0769230769230769,15,default,medium_airport,41.433596,15.534566,True,True,True
2024-06,LTCK,13,0,0,0,departures,0.0,0.0,15,default,medium_airport,38.74779891967773,41.66120147705078,True,True,True
2024-06,ESNZ,13,9,9,9,arrivals,0.6923076923076923,0.6923076923076923,15,default,medium_airport,63.193546,14.504168,True,True,True
2024-06,LGLM,13,0,0,0,arrivals,0.0,0.0,15,default,small_airport,39.917098999,25.236299514799995,True,False,False
2024-06,UUBW,13,1,1,4,arrivals,0.0769230769230769,0.3076923076923077,15,default,large_airport,55.553299,38.150002,True,True,True
2024-06,LSZA,13,10,7,9,arrivals,0.5384615384615384,0.6923076923076923,15,default,medium_airport,46.004299,8.91058,True,True,True
2024-06,LFJL,13,12,12,14,arrivals,0.9230769230769232,1.0769230769230769,15,default,medium_airport,48.982101,6.25132,True,True,True
2024-06,LTCK,13,0,0,0,arrivals,0.0,0.0,15,default,medium_airport,38.74779891967773,41.66120147705078,True,True,True
2024-06,EDFM,13,3,3,5,arrivals,0.2307692307692307,0.3846153846153846,15,default,medium_airport,49.473057,8.514167,True,True,True
2024-06,ESMT,12,9,9,9,departures,0.75,0.75,15,default,medium_airport,56.69110107421875,12.820199966430664,True,True,True
2024-06,LHDC,12,4,4,4,departures,0.3333333333333333,0.3333333333333333,15,default,large_airport,47.489469,21.616278,True,True,True
2024-06,LTAR,12,0,0,0,departures,0.0,0.0,15,default,small_airport,39.813801,36.9035,True,False,False
2024-06,LFMU,12,12,12,12,departures,1.0,1.0,15,default,medium_airport,43.323502,3.3539,True,True,True
2024-06,LFJL,12,11,11,12,departures,0.9166666666666666,1.0,15,default,medium_airport,48.982101,6.25132,True,True,True
2024-06,GCGM,12,0,0,0,departures,0.0,0.0,15,default,small_airport,28.0296,-17.2146,True,False,False
2024-06,LTAY,12,1,1,1,departures,0.0833333333333333,0.0833333333333333,15,default,medium_airport,37.7855987549,29.7012996674,True,True,True
2024-06,LECH,12,9,9,9,departures,0.75,0.75,15,default,medium_airport,40.213889,0.073333,True,True,True
2024-06,EFTP,12,10,10,10,departures,0.8333333333333334,0.8333333333333334,15,default,large_airport,61.414101,23.604401,True,True,True
2024-06,URMG,12,3,0,0,departures,0.0,0.0,15,default,large_airport,43.388106,45.699772,True,True,True
2024-06,LRCV,12,9,9,9,departures,0.75,0.75,15,default,large_airport,44.3181,23.888599,True,True,True
2024-06,LKPD,12,12,12,12,departures,1.0,1.0,15,default,large_airport,50.015049,15.73981,True,True,True
2024-06,LGKV,12,12,12,12,departures,1.0,1.0,15,default,large_airport,40.9133,24.6192,True,True,True
2024-06,LTAR,12,0,0,0,arrivals,0.0,0.0,15,default,small_airport,39.813801,36.9035,True,False,False
2024-06,EGPN,12,7,6,7,arrivals,0.5,0.5833333333333334,15,default,medium_airport,56.452499,-3.02583,True,True,True
2024-06,LFMU,12,12,12,12,arrivals,1.0,1.0,15,default,medium_airport,43.323502,3.3539,True,True,True
2024-06,EDDE,12,9,9,9,arrivals,0.75,0.75,15,default,large_airport,50.978281,10.960713,True,True,True
2024-06,LRBS,12,10,10,11,arrivals,0.8333333333333334,0.9166666666666666,15,default,large_airport,44.503133,26.102944,True,True,True
2024-06,ENSD,12,0,0,0,arrivals,0.0,0.0,15,default,small_airport,61.830002,6.10583,True,False,False
2024-06,GCGM,12,0,0,0,arrivals,0.0,0.0,15,default,small_airport,28.0296,-17.2146,True,False,False
2024-06,URMG,12,6,0,0,arrivals,0.0,0.0,15,default,large_airport,43.388106,45.699772,True,True,True
2024-06,LTCD,11,0,0,0,departures,0.0,0.0,15,default,medium_airport,39.7102012634,39.5270004272,True,True,True
2024-06,ESSL,11,9,9,9,departures,0.8181818181818182,0.8181818181818182,15,default,large_airport,58.404909,15.684499,True,True,True
2024-06,LFBE,11,11,11,11,departures,1.0,1.0,15,default,medium_airport,44.825298,0.518611,True,True,True
2024-06,HESX,11,0,0,0,departures,0.0,0.0,15,default,large_airport,30.108179,30.895728,True,True,True
2024-06,UUBW,11,5,5,5,departures,0.4545454545454545,0.4545454545454545,15,default,large_airport,55.553299,38.150002,True,True,True
2024-06,EDNY,11,9,9,10,departures,0.8181818181818182,0.9090909090909092,15,default,large_airport,47.671299,9.51149,True,True,True
2024-06,LROD,11,0,0,0,departures,0.0,0.0,15,default,large_airport,47.025299,21.9025,True,True,True
2024-06,ESNN,11,5,5,5,departures,0.4545454545454545,0.4545454545454545,15,default,medium_airport,62.528099060058594,17.443899154663086,True,True,True
2024-06,ENRM,11,7,7,7,departures,0.6363636363636364,0.6363636363636364,15,default,medium_airport,64.838302612305,11.14610004425,True,True,True
2024-06,EFMA,11,2,2,2,departures,0.1818181818181818,0.1818181818181818,15,default,large_airport,60.1222,19.898199,True,True,True
2024-06,LIBC,11,0,0,0,departures,0.0,0.0,15,default,medium_airport,38.9972,17.0802,True,True,True
2024-06,LTCV,11,0,0,0,departures,0.0,0.0,15,default,medium_airport,37.3647,42.0582,True,True,True
2024-06,LPAZ,11,10,10,10,departures,0.9090909090909092,0.9090909090909092,15,default,medium_airport,36.97140121459961,-25.17060089111328,True,True,True
2024-06,LEBZ,11,10,9,9,departures,0.8181818181818182,0.8181818181818182,15,default,medium_airport,38.8913,-6.82133,True,True,True
2024-06,ENLE,11,0,0,0,departures,0.0,0.0,15,default,heliport,56.5333,3.21667,True,False,False
2024-06,LZTT,11,11,10,10,departures,0.9090909090909092,0.9090909090909092,15,default,medium_airport,49.070994,20.241394,True,True,True
2024-06,ENSD,11,0,0,0,departures,0.0,0.0,15,default,small_airport,61.830002,6.10583,True,False,False
2024-06,ENST,11,0,0,1,departures,0.0,0.0909090909090909,15,default,medium_airport,65.956802,12.4689,True,True,True
2024-06,ESKN,11,11,11,11,departures,1.0,1.0,15,default,large_airport,58.789656,16.911479,True,True,True
2024-06,ESMX,11,11,10,10,departures,0.9090909090909092,0.9090909090909092,15,default,medium_airport,56.92910003662109,14.727999687194824,True,True,True
2024-06,UWGG,11,5,5,5,departures,0.4545454545454545,0.4545454545454545,15,default,large_airport,56.227351,43.785152,True,True,True
2024-06,LTCT,11,0,0,3,departures,0.0,0.2727272727272727,15,default,medium_airport,39.976627,43.876648,True,True,True
2024-06,LTCP,11,0,0,0,departures,0.0,0.0,15,default,medium_airport,37.7314,38.468899,True,True,True
2024-06,LTCD,11,0,0,0,arrivals,0.0,0.0,15,default,medium_airport,39.7102012634,39.5270004272,True,True,True
2024-06,LFBE,11,9,7,7,arrivals,0.6363636363636364,0.6363636363636364,15,default,medium_airport,44.825298,0.518611,True,True,True
2024-06,LHDC,11,1,1,1,arrivals,0.0909090909090909,0.0909090909090909,15,default,large_airport,47.489469,21.616278,True,True,True
2024-06,HESX,11,1,0,0,arrivals,0.0,0.0,15,default,large_airport,30.108179,30.895728,True,True,True
2024-06,LROD,11,0,0,0,arrivals,0.0,0.0,15,default,large_airport,47.025299,21.9025,True,True,True
2024-06,ESNN,11,3,3,3,arrivals,0.2727272727272727,0.2727272727272727,15,default,medium_airport,62.528099060058594,17.443899154663086,True,True,True
2024-06,EGJA,11,8,8,8,arrivals,0.7272727272727273,0.7272727272727273,15,default,medium_airport,49.706104,-2.21472,True,True,True
2024-06,ENRM,11,1,0,4,arrivals,0.0,0.3636363636363636,15,default,medium_airport,64.838302612305,11.14610004425,True,True,True
2024-06,EFMA,11,2,2,2,arrivals,0.1818181818181818,0.1818181818181818,15,default,large_airport,60.1222,19.898199,True,True,True
2024-06,LIBC,11,0,0,0,arrivals,0.0,0.0,15,default,medium_airport,38.9972,17.0802,True,True,True
2024-06,LTCV,11,0,0,0,arrivals,0.0,0.0,15,default,medium_airport,37.3647,42.0582,True,True,True
2024-06,LPAZ,11,9,9,9,arrivals,0.8181818181818182,0.8181818181818182,15,default,medium_airport,36.97140121459961,-25.17060089111328,True,True,True
2024-06,LTFD,11,10,10,10,arrivals,0.9090909090909092,0.9090909090909092,15,default,large_airport,39.552533,27.010192,True,True,True
2024-06,ENST,11,5,0,5,arrivals,0.0,0.4545454545454545,15,default,medium_airport,65.956802,12.4689,True,True,True
2024-06,ESKN,11,11,11,11,arrivals,1.0,1.0,15,default,large_airport,58.789656,16.911479,True,True,True
2024-06,LECH,11,8,8,13,arrivals,0.7272727272727273,1.181818181818182,15,default,medium_airport,40.213889,0.073333,True,True,True
2024-06,ESMX,11,10,8,8,arrivals,0.7272727272727273,0.7272727272727273,15,default,medium_airport,56.92910003662109,14.727999687194824,True,True,True
2024-06,EFTP,11,8,8,8,arrivals,0.7272727272727273,0.7272727272727273,15,default,large_airport,61.414101,23.604401,True,True,True
2024-06,LTCT,11,0,0,0,arrivals,0.0,0.0,15,default,medium_airport,39.976627,43.876648,True,True,True
2024-06,LRCV,11,9,9,9,arrivals,0.8181818181818182,0.8181818181818182,15,default,large_airport,44.3181,23.888599,True,True,True
2024-06,LTCP,11,0,0,0,arrivals,0.0,0.0,15,default,medium_airport,37.7314,38.468899,True,True,True
2024-06,LKPD,11,11,11,14,arrivals,1.0,1.2727272727272727,15,default,large_airport,50.015049,15.73981,True,True,True
2024-06,LGKV,11,11,11,11,arrivals,1.0,1.0,15,default,large_airport,40.9133,24.6192,True,True,True
2024-06,DAAE,11,2,2,2,arrivals,0.1818181818181818,0.1818181818181818,15,default,large_airport,36.712547,5.069909,True,True,True
2024-06,LFTW,10,10,10,11,departures,1.0,1.1,15,default,medium_airport,43.757401,4.41635,True,True,True
2024-06,DABB,10,0,0,0,departures,0.0,0.0,15,default,large_airport,36.826781,7.81334,True,True,True
2024-06,LFOK,10,7,5,5,departures,0.5,0.5,15,default,medium_airport,48.77333,4.20611,True,True,True
2024-06,ENNA,10,5,0,0,departures,0.0,0.0,15,default,medium_airport,70.068802,24.973499,True,True,True
2024-06,ESNL,10,0,0,0,departures,0.0,0.0,15,default,medium_airport,64.548302,18.7162,True,True,True
2024-06,EDDE,10,8,8,8,departures,0.8,0.8,15,default,large_airport,50.978281,10.960713,True,True,True
2024-06,ESNS,10,9,9,9,departures,0.9,0.9,15,default,medium_airport,64.62480163574219,21.07690048217773,True,True,True
2024-06,LTFD,10,10,10,10,departures,1.0,1.0,15,default,large_airport,39.552533,27.010192,True,True,True
2024-06,EDTY,10,8,7,8,departures,0.7,0.8,15,default,medium_airport,49.118332,9.783889,True,True,True
2024-06,LFLW,10,3,2,2,departures,0.2,0.2,15,default,medium_airport,44.891399,2.42194,True,True,True
2024-06,LYNI,10,9,9,9,departures,0.9,0.9,15,default,large_airport,43.336538,21.856242,True,True,True
2024-06,LQMO,10,0,0,0,departures,0.0,0.0,15,default,large_airport,43.282489,17.846101,True,True,True
2024-06,DAAE,10,1,1,1,departures,0.1,0.1,15,default,large_airport,36.712547,5.069909,True,True,True
2024-06,DABB,10,0,0,0,arrivals,0.0,0.0,15,default,large_airport,36.826781,7.81334,True,True,True
2024-06,ESSL,10,10,10,10,arrivals,1.0,1.0,15,default,large_airport,58.404909,15.684499,True,True,True
2024-06,LFOK,10,7,3,5,arrivals,0.3,0.5,15,default,medium_airport,48.77333,4.20611,True,True,True
2024-06,ESMT,10,7,7,7,arrivals,0.7,0.7,15,default,medium_airport,56.69110107421875,12.820199966430664,True,True,True
2024-06,LFRM,10,6,4,7,arrivals,0.4,0.7,15,default,medium_airport,47.948604,0.201702,True,True,True
2024-06,ESNL,10,0,0,0,arrivals,0.0,0.0,15,default,medium_airport,64.548302,18.7162,True,True,True
2024-06,ENLE,10,0,0,0,arrivals,0.0,0.0,15,default,heliport,56.5333,3.21667,True,False,False
2024-06,LZTT,10,10,8,8,arrivals,0.8,0.8,15,default,medium_airport,49.070994,20.241394,True,True,True
2024-06,LFSL,10,6,6,6,arrivals,0.6,0.6,15,default,medium_airport,45.039722,1.485556,True,True,True
2024-06,LGST,10,1,0,0,arrivals,0.0,0.0,15,default,medium_airport,35.21609878540039,26.101299285888672,True,True,True
2024-06,LFLW,10,2,2,2,arrivals,0.2,0.2,15,default,medium_airport,44.891399,2.42194,True,True,True
2024-06,LQMO,10,1,0,0,arrivals,0.0,0.0,15,default,large_airport,43.282489,17.846101,True,True,True
2024-06,UWGG,10,1,1,1,arrivals,0.1,0.1,15,default,large_airport,56.227351,43.785152,True,True,True
2024-06,ESDF,9,8,8,8,departures,0.8888888888888888,0.8888888888888888,15,default,medium_airport,56.266701,15.265,True,True,True
2024-06,ENDU,9,4,4,17,departures,0.4444444444444444,1.8888888888888888,15,default,medium_airport,69.055801,18.5404,True,True,True
2024-06,EGPL,9,0,0,0,departures,0.0,0.0,15,default,medium_airport,57.481098,-7.36278,True,True,True
2024-06,LGRX,9,1,0,3,departures,0.0,0.3333333333333333,15,default,medium_airport,38.1511,21.4256,True,True,True
2024-06,LQTZ,9,5,5,6,departures,0.5555555555555556,0.6666666666666666,15,default,large_airport,44.459858,18.723627,True,True,True
2024-06,ESNX,9,1,1,1,departures,0.1111111111111111,0.1111111111111111,15,default,medium_airport,65.59030151367188,19.28190040588379,True,True,True
2024-06,LEVD,9,7,6,6,departures,0.6666666666666666,0.6666666666666666,15,default,medium_airport,41.7061,-4.85194,True,True,True
2024-06,LRBV,9,5,4,4,departures,0.4444444444444444,0.4444444444444444,15,default,large_airport,45.70558,25.522871,True,True,True
2024-06,ESNG,9,0,0,0,departures,0.0,0.0,15,default,medium_airport,67.13240051269531,20.814599990844727,True,True,True
2024-06,LFSL,9,5,5,5,departures,0.5555555555555556,0.5555555555555556,15,default,medium_airport,45.039722,1.485556,True,True,True
2024-06,EGNR,9,7,0,0,departures,0.0,0.0,15,default,medium_airport,53.178101,-2.97778,True,True,True
2024-06,LGST,9,0,0,0,departures,0.0,0.0,15,default,medium_airport,35.21609878540039,26.101299285888672,True,True,True
2024-06,LFCR,9,6,6,6,departures,0.6666666666666666,0.6666666666666666,15,default,medium_airport,44.407902,2.48267,True,True,True
2024-06,LGIK,9,0,0,0,departures,0.0,0.0,15,default,small_airport,37.6827011108,26.3470993042,True,False,False
2024-06,ESKM,9,0,0,0,departures,0.0,0.0,15,default,medium_airport,60.957901,14.5114,True,True,True
2024-06,ENSO,9,3,3,3,departures,0.3333333333333333,0.3333333333333333,15,default,medium_airport,59.791901,5.34085,True,True,True
2024-06,EGPL,9,0,0,0,arrivals,0.0,0.0,15,default,medium_airport,57.481098,-7.36278,True,True,True
2024-06,LTDA,9,0,0,0,arrivals,0.0,0.0,15,default,medium_airport,36.36079,36.285589,True,True,True
2024-06,EDHL,9,8,8,10,arrivals,0.8888888888888888,1.1111111111111112,15,default,medium_airport,53.805401,10.7192,True,True,True
2024-06,LGRX,9,0,0,3,arrivals,0.0,0.3333333333333333,15,default,medium_airport,38.1511,21.4256,True,True,True
2024-06,EDNY,9,6,6,6,arrivals,0.6666666666666666,0.6666666666666666,15,default,large_airport,47.671299,9.51149,True,True,True
2024-06,LQTZ,9,1,1,1,arrivals,0.1111111111111111,0.1111111111111111,15,default,large_airport,44.459858,18.723627,True,True,True
2024-06,EDVK,9,6,6,7,arrivals,0.6666666666666666,0.7777777777777778,15,default,large_airport,51.418395,9.391638,True,True,True
2024-06,ESNS,9,7,7,7,arrivals,0.7777777777777778,0.7777777777777778,15,default,medium_airport,64.62480163574219,21.07690048217773,True,True,True
2024-06,LEBZ,9,8,8,8,arrivals,0.8888888888888888,0.8888888888888888,15,default,medium_airport,38.8913,-6.82133,True,True,True
2024-06,LRBV,9,5,4,4,arrivals,0.4444444444444444,0.4444444444444444,15,default,large_airport,45.70558,25.522871,True,True,True
2024-06,ESNG,9,1,0,0,arrivals,0.0,0.0,15,default,medium_airport,67.13240051269531,20.814599990844727,True,True,True
2024-06,LDOS,9,9,9,9,arrivals,1.0,1.0,15,default,medium_airport,45.462355,18.811278,True,True,True
2024-06,LFCR,9,6,6,6,arrivals,0.6666666666666666,0.6666666666666666,15,default,medium_airport,44.407902,2.48267,True,True,True
2024-06,EDTY,9,7,5,7,arrivals,0.5555555555555556,0.7777777777777778,15,default,medium_airport,49.118332,9.783889,True,True,True
2024-06,EKRK,9,9,8,9,arrivals,0.8888888888888888,1.0,15,default,medium_airport,55.585602,12.1314,True,True,True
2024-06,LYNI,9,8,8,10,arrivals,0.8888888888888888,1.1111111111111112,15,default,large_airport,43.336538,21.856242,True,True,True
2024-06,LFSD,9,6,5,9,arrivals,0.5555555555555556,1.0,15,default,medium_airport,47.268902,5.09,True,True,True
2024-06,LGIK,9,0,0,0,arrivals,0.0,0.0,15,default,small_airport,37.6827011108,26.3470993042,True,False,False
2024-06,ESKM,9,0,0,0,arrivals,0.0,0.0,15,default,medium_airport,60.957901,14.5114,True,True,True
2024-06,ENSO,9,3,3,3,arrivals,0.3333333333333333,0.3333333333333333,15,default,medium_airport,59.791901,5.34085,True,True,True
2024-06,URMO,8,0,0,0,departures,0.0,0.0,15,default,medium_airport,43.205101,44.606602,True,True,True
2024-06,LTDA,8,0,0,0,departures,0.0,0.0,15,default,medium_airport,36.36079,36.285589,True,True,True
2024-06,EDHL,8,8,8,8,departures,1.0,1.0,15,default,medium_airport,53.805401,10.7192,True,True,True
2024-06,EFKK,8,6,6,6,departures,0.75,0.75,15,default,medium_airport,63.721199,23.143101,True,True,True
2024-06,ENJS,8,0,0,0,departures,0.0,0.0,15,default,heliport,58.83528,2.54556,True,False,False
2024-06,EDVK,8,7,7,7,departures,0.875,0.875,15,default,large_airport,51.418395,9.391638,True,True,True
2024-06,LDOS,8,8,8,8,departures,1.0,1.0,15,default,medium_airport,45.462355,18.811278,True,True,True
2024-06,DAON,8,2,2,2,departures,0.25,0.25,15,default,large_airport,35.012732,-1.457117,True,True,True
2024-06,LGIO,8,7,7,7,departures,0.875,0.875,15,default,medium_airport,39.6964,20.8225,True,True,True
2024-06,ENNM,8,3,0,0,departures,0.0,0.0,15,default,small_airport,64.472198,11.5786,True,False,False
2024-06,EKRK,8,8,8,8,departures,1.0,1.0,15,default,medium_airport,55.585602,12.1314,True,True,True
2024-06,LFMV,8,8,7,7,departures,0.875,0.875,15,default,medium_airport,43.907299,4.90183,True,True,True
2024-06,LFSD,8,7,6,7,departures,0.75,0.875,15,default,medium_airport,47.268902,5.09,True,True,True
2024-06,ESNQ,8,4,4,4,departures,0.5,0.5,15,default,large_airport,67.821999,20.3368,True,True,True
2024-06,LTCN,8,0,0,0,departures,0.0,0.0,15,default,medium_airport,37.5388259888,36.9535217285,True,True,True
2024-06,LTCO,8,0,0,0,departures,0.0,0.0,15,default,medium_airport,39.655642,43.025742,True,True,True
2024-06,ESDF,8,7,7,7,arrivals,0.875,0.875,15,default,medium_airport,56.266701,15.265,True,True,True
2024-06,LFTW,8,8,8,8,arrivals,1.0,1.0,15,default,medium_airport,43.757401,4.41635,True,True,True
2024-06,ENDU,8,1,1,15,arrivals,0.125,1.875,15,default,medium_airport,69.055801,18.5404,True,True,True
2024-06,ENNA,8,5,0,0,arrivals,0.0,0.0,15,default,medium_airport,70.068802,24.973499,True,True,True
2024-06,ENJS,8,0,0,0,arrivals,0.0,0.0,15,default,heliport,58.83528,2.54556,True,False,False
2024-06,LEVD,8,7,6,6,arrivals,0.75,0.75,15,default,medium_airport,41.7061,-4.85194,True,True,True
2024-06,DAON,8,2,1,2,arrivals,0.125,0.25,15,default,large_airport,35.012732,-1.457117,True,True,True
2024-06,ESMQ,8,7,7,7,arrivals,0.875,0.875,15,default,medium_airport,56.685501,16.2876,True,True,True
2024-06,LGIO,8,7,7,7,arrivals,0.875,0.875,15,default,medium_airport,39.6964,20.8225,True,True,True
2024-06,ENNM,8,4,0,0,arrivals,0.0,0.0,15,default,small_airport,64.472198,11.5786,True,False,False
2024-06,LTCO,8,0,0,0,arrivals,0.0,0.0,15,default,medium_airport,39.655642,43.025742,True,True,True
2024-06,ESNQ,8,3,3,3,arrivals,0.375,0.375,15,default,large_airport,67.821999,20.3368,True,True,True
2024-06,GMFK,8,0,0,0,arrivals,0.0,0.0,15,default,medium_airport,31.9475002289,-4.39833021164,True,True,True
2024-06,LTCN,8,0,0,0,arrivals,0.0,0.0,15,default,medium_airport,37.5388259888,36.9535217285,True,True,True
2024-06,ESNX,8,1,1,1,arrivals,0.125,0.125,15,default,medium_airport,65.59030151367188,19.28190040588379,True,True,True
2024-06,BIEG,7,0,0,0,departures,0.0,0.0,15,default,medium_airport,65.2833023071289,-14.401399612426758,True,True,True
2024-06,LRTM,7,0,0,1,departures,0.0,0.1428571428571428,15,default,medium_airport,46.467701,24.4125,True,True,True
2024-06,EETU,7,7,7,7,departures,1.0,1.0,15,default,medium_airport,58.307438,26.686473,True,True,True
2024-06,GMMI,7,0,0,0,departures,0.0,0.0,15,default,medium_airport,31.397499,-9.68167,True,True,True
2024-06,LFRM,7,6,6,9,departures,0.8571428571428571,1.2857142857142858,15,default,medium_airport,47.948604,0.201702,True,True,True
2024-06,ORMM,7,0,0,0,departures,0.0,0.0,15,default,large_airport,30.549101,47.662102,True,True,True
2024-06,EFJO,7,4,4,4,departures,0.5714285714285714,0.5714285714285714,15,default,medium_airport,62.658815,29.619398,True,True,True
2024-06,EIDL,7,4,4,4,departures,0.5714285714285714,0.5714285714285714,15,default,medium_airport,55.0442008972168,-8.340999603271484,True,True,True
2024-06,OITT,7,0,0,0,departures,0.0,0.0,15,default,large_airport,38.1339,46.235001,True,True,True
2024-06,ESMQ,7,7,7,7,departures,1.0,1.0,15,default,medium_airport,56.685501,16.2876,True,True,True
2024-06,ESMK,7,7,7,8,departures,1.0,1.1428571428571428,15,default,medium_airport,55.9217,14.0855,True,True,True
2024-06,LRBM,7,0,0,0,departures,0.0,0.0,15,default,medium_airport,47.658444,23.464445,True,True,True
2024-06,ESNV,7,0,0,0,departures,0.0,0.0,15,default,medium_airport,64.579102,16.833599,True,True,True
2024-06,GMFK,7,0,0,0,departures,0.0,0.0,15,default,medium_airport,31.9475002289,-4.39833021164,True,True,True
2024-06,ESOE,7,5,5,6,departures,0.7142857142857143,0.8571428571428571,15,default,medium_airport,59.22370147705078,15.038000106811523,True,True,True
2024-06,HEBA,7,2,2,2,departures,0.2857142857142857,0.2857142857142857,15,default,large_airport,30.93249,29.696437,True,True,True
2024-06,EGEC,7,1,1,1,departures,0.1428571428571428,0.1428571428571428,15,default,medium_airport,55.437199,-5.68639,True,True,True
2024-06,BIEG,7,0,0,0,arrivals,0.0,0.0,15,default,medium_airport,65.2833023071289,-14.401399612426758,True,True,True
2024-06,LRTM,7,1,0,11,arrivals,0.0,1.5714285714285714,15,default,medium_airport,46.467701,24.4125,True,True,True
2024-06,EETU,7,3,2,3,arrivals,0.2857142857142857,0.4285714285714285,15,default,medium_airport,58.307438,26.686473,True,True,True
2024-06,LIBG,7,0,0,0,arrivals,0.0,0.0,15,default,medium_airport,40.517502,17.4032,True,True,True
2024-06,GMMI,7,0,0,0,arrivals,0.0,0.0,15,default,medium_airport,31.397499,-9.68167,True,True,True
2024-06,EFKK,7,5,5,5,arrivals,0.7142857142857143,0.7142857142857143,15,default,medium_airport,63.721199,23.143101,True,True,True
2024-06,ORMM,7,1,1,1,arrivals,0.1428571428571428,0.1428571428571428,15,default,large_airport,30.549101,47.662102,True,True,True
2024-06,EFJO,7,4,4,4,arrivals,0.5714285714285714,0.5714285714285714,15,default,medium_airport,62.658815,29.619398,True,True,True
2024-06,ESNK,7,0,0,0,arrivals,0.0,0.0,15,default,medium_airport,63.048599,17.7689,True,True,True
2024-06,EIDL,7,4,3,3,arrivals,0.4285714285714285,0.4285714285714285,15,default,medium_airport,55.0442008972168,-8.340999603271484,True,True,True
2024-06,OITT,7,0,0,0,arrivals,0.0,0.0,15,default,large_airport,38.1339,46.235001,True,True,True
2024-06,LTCW,7,0,0,0,arrivals,0.0,0.0,15,default,medium_airport,37.5497,44.2381,True,True,True
2024-06,EGNR,7,6,0,0,arrivals,0.0,0.0,15,default,medium_airport,53.178101,-2.97778,True,True,True
2024-06,LRBM,7,1,0,0,arrivals,0.0,0.0,15,default,medium_airport,47.658444,23.464445,True,True,True
2024-06,ESNV,7,0,0,0,arrivals,0.0,0.0,15,default,medium_airport,64.579102,16.833599,True,True,True
2024-06,LFMV,7,6,2,4,arrivals,0.2857142857142857,0.5714285714285714,15,default,medium_airport,43.907299,4.90183,True,True,True
2024-06,EGEC,7,0,0,2,arrivals,0.0,0.2857142857142857,15,default,medium_airport,55.437199,-5.68639,True,True,True
2024-06,ESOE,7,6,5,7,arrivals,0.7142857142857143,1.0,15,default,medium_airport,59.22370147705078,15.038000106811523,True,True,True
2024-06,EFJY,6,5,5,5,departures,0.8333333333333334,0.8333333333333334,15,default,medium_airport,62.399502,25.678301,True,True,True
2024-06,ESOH,6,1,0,0,departures,0.0,0.0,15,default,small_airport,60.0201,13.5789,True,False,False
2024-06,LFEC,6,0,0,0,departures,0.0,0.0,15,default,small_airport,48.4632,-5.06358,True,False,False
2024-06,LFOT,6,6,6,6,departures,1.0,1.0,15,default,medium_airport,47.432201,0.727606,True,True,True
2024-06,LBPD,6,4,4,4,departures,0.6666666666666666,0.6666666666666666,15,default,large_airport,42.067799,24.8508,True,True,True
2024-06,LGLE,6,1,0,0,departures,0.0,0.0,15,default,small_airport,37.184898,26.800301,True,False,False
2024-06,ESNK,6,0,0,0,departures,0.0,0.0,15,default,medium_airport,63.048599,17.7689,True,True,True
2024-06,EHGG,6,4,4,4,departures,0.6666666666666666,0.6666666666666666,15,default,large_airport,53.119107,6.577652,True,True,True
2024-06,EEKA,6,2,2,2,departures,0.3333333333333333,0.3333333333333333,15,default,medium_airport,58.99079895019531,22.830699920654297,True,True,True
2024-06,EGPR,6,0,0,0,departures,0.0,0.0,15,default,medium_airport,57.0228,-7.44306,True,True,True
2024-06,ENRO,6,2,2,2,departures,0.3333333333333333,0.3333333333333333,15,default,medium_airport,62.578399658203,11.342300415039,True,True,True
2024-06,UBBG,6,4,4,4,departures,0.6666666666666666,0.6666666666666666,15,default,large_airport,40.738692,46.320383,True,True,True
2024-06,ESUP,6,0,0,0,departures,0.0,0.0,15,default,small_airport,67.244569,23.074894,True,False,False
2024-06,LFCK,6,0,0,0,departures,0.0,0.0,15,default,medium_airport,43.556301,2.28918,True,True,True
2024-06,LTCW,6,0,0,0,departures,0.0,0.0,15,default,medium_airport,37.5497,44.2381,True,True,True
2024-06,EKTE,6,1,0,0,departures,0.0,0.0,15,default,heliport,55.72152328491211,4.802055835723877,True,False,False
2024-06,ESND,6,0,0,0,departures,0.0,0.0,15,default,small_airport,62.047798,14.4229,True,False,False
2024-06,LTCU,6,0,0,0,departures,0.0,0.0,15,default,small_airport,38.860131,40.594489,True,False,False
2024-06,EGPU,6,0,0,0,departures,0.0,0.0,15,default,medium_airport,56.499199,-6.86917,True,True,True
2024-06,EEKE,6,2,2,2,departures,0.3333333333333333,0.3333333333333333,15,default,medium_airport,58.22990036010742,22.50950050354004,True,True,True
2024-06,EGPI,6,0,0,0,departures,0.0,0.0,15,default,medium_airport,55.682708,-6.257525,True,True,True
2024-06,ENHE,6,0,0,0,departures,0.0,0.0,15,default,heliport,65.32556,7.31583,True,False,False
2024-06,ENSR,6,0,0,32,departures,0.0,5.333333333333333,15,default,medium_airport,69.786797,20.9594,True,True,True
2024-06,EHLE,6,4,2,2,departures,0.3333333333333333,0.3333333333333333,15,default,medium_airport,52.453188,5.514622,True,True,True
2024-06,LFLB,6,3,3,3,departures,0.5,0.5,15,default,medium_airport,45.6381,5.88023,True,True,True
2024-06,DAAS,6,0,0,0,departures,0.0,0.0,15,default,medium_airport,36.178488,5.329909,True,True,True
2024-06,LWOH,6,6,6,6,departures,1.0,1.0,15,default,large_airport,41.18,20.7423,True,True,True
2024-06,LTBH,6,5,5,5,departures,0.8333333333333334,0.8333333333333334,15,default,medium_airport,40.1376991272,26.4267997742,True,True,True
2024-06,LSZC,6,4,0,0,departures,0.0,0.0,15,default,small_airport,46.974444,8.396944,True,False,False
2024-06,ESOH,6,1,0,0,arrivals,0.0,0.0,15,default,small_airport,60.0201,13.5789,True,False,False
2024-06,LFEC,6,0,0,0,arrivals,0.0,0.0,15,default,small_airport,48.4632,-5.06358,True,False,False
2024-06,LFOT,6,6,6,6,arrivals,1.0,1.0,15,default,medium_airport,47.432201,0.727606,True,True,True
2024-06,LBPD,6,4,4,4,arrivals,0.6666666666666666,0.6666666666666666,15,default,large_airport,42.067799,24.8508,True,True,True
2024-06,LGLE,6,1,0,0,arrivals,0.0,0.0,15,default,small_airport,37.184898,26.800301,True,False,False
2024-06,LTBH,6,4,4,4,arrivals,0.6666666666666666,0.6666666666666666,15,default,medium_airport,40.1376991272,26.4267997742,True,True,True
2024-06,EHGG,6,3,2,2,arrivals,0.3333333333333333,0.3333333333333333,15,default,large_airport,53.119107,6.577652,True,True,True
2024-06,EEKA,6,2,2,2,arrivals,0.3333333333333333,0.3333333333333333,15,default,medium_airport,58.99079895019531,22.830699920654297,True,True,True
2024-06,EGPR,6,0,0,0,arrivals,0.0,0.0,15,default,medium_airport,57.0228,-7.44306,True,True,True
2024-06,ENRO,6,0,0,0,arrivals,0.0,0.0,15,default,medium_airport,62.578399658203,11.342300415039,True,True,True
2024-06,UBBG,6,1,0,0,arrivals,0.0,0.0,15,default,large_airport,40.738692,46.320383,True,True,True
2024-06,ESUP,6,0,0,0,arrivals,0.0,0.0,15,default,small_airport,67.244569,23.074894,True,False,False
2024-06,LFCK,6,0,0,0,arrivals,0.0,0.0,15,default,medium_airport,43.556301,2.28918,True,True,True
2024-06,EKTE,6,1,0,0,arrivals,0.0,0.0,15,default,heliport,55.72152328491211,4.802055835723877,True,False,False
2024-06,ESND,6,0,0,0,arrivals,0.0,0.0,15,default,small_airport,62.047798,14.4229,True,False,False
2024-06,LTCU,6,0,0,0,arrivals,0.0,0.0,15,default,small_airport,38.860131,40.594489,True,False,False
2024-06,LIMZ,6,4,3,3,arrivals,0.5,0.5,15,default,medium_airport,44.547458,7.623045,True,True,True
2024-06,EGPU,6,0,0,0,arrivals,0.0,0.0,15,default,medium_airport,56.499199,-6.86917,True,True,True
2024-06,LSZC,6,5,0,0,arrivals,0.0,0.0,15,default,small_airport,46.974444,8.396944,True,False,False
2024-06,EEKE,6,2,2,2,arrivals,0.3333333333333333,0.3333333333333333,15,default,medium_airport,58.22990036010742,22.50950050354004,True,True,True
2024-06,EGPI,6,2,0,0,arrivals,0.0,0.0,15,default,medium_airport,55.682708,-6.257525,True,True,True
2024-06,ENHE,6,0,0,0,arrivals,0.0,0.0,15,default,heliport,65.32556,7.31583,True,False,False
2024-06,ENSR,6,0,0,49,arrivals,0.0,8.166666666666666,15,default,medium_airport,69.786797,20.9594,True,True,True
2024-06,HEBA,6,0,0,0,arrivals,0.0,0.0,15,default,large_airport,30.93249,29.696437,True,True,True
2024-06,LWOH,6,6,6,6,arrivals,1.0,1.0,15,default,large_airport,41.18,20.7423,True,True,True
2024-06,HEMM,6,0,0,0,arrivals,0.0,0.0,15,default,large_airport,31.324313,27.22227,True,True,True
2024-06,ENRS,6,6,0,0,arrivals,0.0,0.0,15,default,small_airport,67.526482,12.101575,True,False,False
2024-06,GMTA,5,5,5,5,departures,1.0,1.0,15,default,medium_airport,35.177101,-3.83952,True,True,True
2024-06,LTAS,5,0,0,0,departures,0.0,0.0,15,default,medium_airport,41.506401,32.0886,True,True,True
2024-06,GMMZ,5,0,0,0,departures,0.0,0.0,15,default,large_airport,30.9391,-6.90943,True,True,True
2024-06,URMS,5,1,0,0,departures,0.0,0.0,15,default,medium_airport,43.323268,45.012568,True,True,True
2024-06,ENWV,5,0,0,0,departures,0.0,0.0,15,default,heliport,56.28333,3.4,True,False,False
2024-06,LIBG,5,0,0,0,departures,0.0,0.0,15,default,medium_airport,40.517502,17.4032,True,True,True
2024-06,LDVA,5,0,0,0,departures,0.0,0.0,15,default,small_airport,46.294668,16.383222,True,False,False
2024-06,EGPC,5,2,1,6,departures,0.2,1.2,15,default,medium_airport,58.4589,-3.09306,True,True,True
2024-06,LFBI,5,4,4,4,departures,0.8,0.8,15,default,medium_airport,46.5877,0.306666,True,True,True
2024-06,HEMM,5,0,0,0,departures,0.0,0.0,15,default,large_airport,31.324313,27.22227,True,True,True
2024-06,BIIS,5,0,0,0,departures,0.0,0.0,15,default,medium_airport,66.058098,-23.1353,True,True,True
2024-06,LGKY,5,3,0,0,departures,0.0,0.0,15,default,small_airport,36.9632987976,26.9405994415,True,False,False
2024-06,EPZG,5,5,5,5,departures,1.0,1.0,15,default,medium_airport,52.1385,15.7986,True,True,True
2024-06,LKCS,5,5,5,5,departures,1.0,1.0,15,default,large_airport,48.948171,14.42832,True,True,True
2024-06,EDLN,5,4,0,0,departures,0.0,0.0,15,default,medium_airport,51.230278,6.504444,True,True,True
2024-06,ORKK,5,0,0,0,departures,0.0,0.0,15,default,large_airport,35.469501,44.3489,True,True,True
2024-06,ENWS,5,0,0,0,departures,0.0,0.0,15,default,heliport,56.37361,3.26278,True,False,False
2024-06,EFKE,5,0,0,0,departures,0.0,0.0,15,default,medium_airport,65.778701782227,24.582099914551,True,True,True
2024-06,ENSL,5,0,0,0,departures,0.0,0.0,15,default,heliport,58.366699,1.90694,True,False,False
2024-06,EDRY,5,5,0,0,departures,0.0,0.0,15,default,small_airport,49.304722,8.451389,True,False,False
2024-06,LIMZ,5,4,4,4,departures,0.8,0.8,15,default,medium_airport,44.547458,7.623045,True,True,True
2024-06,LSGL,5,0,0,0,departures,0.0,0.0,15,default,small_airport,46.54509,6.616629,True,False,False
2024-06,LTBY,5,5,4,4,departures,0.8,0.8,15,default,large_airport,39.811644,30.519268,True,True,True
2024-06,LTBR,5,5,5,5,departures,1.0,1.0,15,default,medium_airport,40.255199,29.562599,True,True,True
2024-06,LFRH,5,5,5,6,departures,1.0,1.2,15,default,medium_airport,47.760601,-3.44,True,True,True
2024-06,ENRS,5,5,0,0,departures,0.0,0.0,15,default,small_airport,67.526482,12.101575,True,False,False
2024-06,EKKA,5,0,0,0,departures,0.0,0.0,15,default,medium_airport,56.297139,9.104311,True,True,True
2024-06,EDTM,5,5,5,7,departures,1.0,1.4,15,default,medium_airport,48.05389,9.372778,True,True,True
2024-06,GMTA,5,5,5,5,arrivals,1.0,1.0,15,default,medium_airport,35.177101,-3.83952,True,True,True
2024-06,EFJY,5,4,4,4,arrivals,0.8,0.8,15,default,medium_airport,62.399502,25.678301,True,True,True
2024-06,URMO,5,0,0,0,arrivals,0.0,0.0,15,default,medium_airport,43.205101,44.606602,True,True,True
2024-06,LTAS,5,0,0,0,arrivals,0.0,0.0,15,default,medium_airport,41.506401,32.0886,True,True,True
2024-06,GMMZ,5,0,0,0,arrivals,0.0,0.0,15,default,large_airport,30.9391,-6.90943,True,True,True
2024-06,LFRH,5,4,3,3,arrivals,0.6,0.6,15,default,medium_airport,47.760601,-3.44,True,True,True
2024-06,ENWV,5,0,0,0,arrivals,0.0,0.0,15,default,heliport,56.28333,3.4,True,False,False
2024-06,LFBI,5,5,5,5,arrivals,1.0,1.0,15,default,medium_airport,46.5877,0.306666,True,True,True
2024-06,LSGK,5,2,0,0,arrivals,0.0,0.0,15,default,small_airport,46.486525,7.248359,True,False,False
2024-06,BIIS,5,0,0,0,arrivals,0.0,0.0,15,default,medium_airport,66.058098,-23.1353,True,True,True
2024-06,LKCS,5,5,5,5,arrivals,1.0,1.0,15,default,large_airport,48.948171,14.42832,True,True,True
2024-06,ORKK,5,0,0,0,arrivals,0.0,0.0,15,default,large_airport,35.469501,44.3489,True,True,True
2024-06,ENWS,5,0,0,0,arrivals,0.0,0.0,15,default,heliport,56.37361,3.26278,True,False,False
2024-06,ESUT,5,0,0,0,arrivals,0.0,0.0,15,default,small_airport,65.806099,15.0828,True,False,False
2024-06,EKKA,5,0,0,0,arrivals,0.0,0.0,15,default,medium_airport,56.297139,9.104311,True,True,True
2024-06,EFKI,5,4,4,4,arrivals,0.8,0.8,15,default,medium_airport,64.2855,27.6924,True,True,True
2024-06,ENSL,5,0,0,0,arrivals,0.0,0.0,15,default,heliport,58.366699,1.90694,True,False,False
2024-06,LTCL,5,2,0,0,arrivals,0.0,0.0,15,default,medium_airport,37.97890090942383,41.84040069580078,True,True,True
2024-06,ESMK,5,5,4,6,arrivals,0.8,1.2,15,default,medium_airport,55.9217,14.0855,True,True,True
2024-06,ENQG,5,0,0,0,arrivals,0.0,0.0,15,default,heliport,61.202108,2.198832,True,False,False
2024-06,LTBY,5,5,4,5,arrivals,0.8,1.0,15,default,large_airport,39.811644,30.519268,True,True,True
2024-06,EHLE,5,2,0,3,arrivals,0.0,0.6,15,default,medium_airport,52.453188,5.514622,True,True,True
2024-06,DAAS,5,0,0,0,arrivals,0.0,0.0,15,default,medium_airport,36.178488,5.329909,True,True,True
2024-06,LTBR,5,5,5,6,arrivals,1.0,1.2,15,default,medium_airport,40.255199,29.562599,True,True,True
2024-06,EDTM,5,4,4,6,arrivals,0.8,1.2,15,default,medium_airport,48.05389,9.372778,True,True,True
2024-06,ESOW,4,4,4,4,departures,1.0,1.0,15,default,large_airport,59.589401,16.6336,True,True,True
2024-06,ENGA,4,0,0,0,departures,0.0,0.0,15,default,heliport,61.17556,2.1875,True,False,False
2024-06,ESST,4,1,1,1,departures,0.25,0.25,15,default,medium_airport,60.1576,12.9913,True,True,True
2024-06,EPRA,4,4,4,4,departures,1.0,1.0,15,default,medium_airport,51.38937,21.214742,True,True,True
2024-06,LIPK,4,4,4,5,departures,1.0,1.25,15,default,medium_airport,44.194801,12.0701,True,True,True
2024-06,ETNL,4,4,4,7,departures,1.0,1.75,15,default,medium_airport,53.918201,12.2783,True,True,True
2024-06,EDRZ,4,4,0,0,departures,0.0,0.0,15,default,small_airport,49.2094,7.40056,True,False,False
2024-06,LSGK,4,0,0,0,departures,0.0,0.0,15,default,small_airport,46.486525,7.248359,True,False,False
2024-06,LGKC,4,0,0,0,departures,0.0,0.0,15,default,small_airport,36.273978,23.016719,True,False,False
2024-06,LGPL,4,0,0,0,departures,0.0,0.0,15,default,small_airport,36.5798988342,26.3757991791,True,False,False
2024-06,DTTX,4,0,0,0,departures,0.0,0.0,15,default,medium_airport,34.717999,10.691,True,True,True
2024-06,LELN,4,3,3,3,departures,0.75,0.75,15,default,medium_airport,42.590709,-5.653406,True,True,True
2024-06,LGSY,4,0,0,0,departures,0.0,0.0,15,default,small_airport,38.9676017761,24.4871997833,True,False,False
2024-06,ENOA,4,0,0,0,departures,0.0,0.0,15,default,heliport,60.491402,2.82556,True,False,False
2024-06,EGSC,4,3,3,5,departures,0.75,1.25,15,default,medium_airport,52.205002,0.175,True,True,True
2024-06,ESUT,4,0,0,0,departures,0.0,0.0,15,default,small_airport,65.806099,15.0828,True,False,False
2024-06,ENWY,4,0,0,0,departures,0.0,0.0,15,default,heliport,57.4888,4.3212,True,False,False
2024-06,ENGC,4,0,0,0,departures,0.0,0.0,15,default,heliport,61.214063,2.270984,True,False,False
2024-06,EFKI,4,4,4,4,departures,1.0,1.0,15,default,medium_airport,64.2855,27.6924,True,True,True
2024-06,EGNH,4,3,2,2,departures,0.5,0.5,15,default,medium_airport,53.771702,-3.02861,True,True,True
2024-06,LTCL,4,0,0,0,departures,0.0,0.0,15,default,medium_airport,37.97890090942383,41.84040069580078,True,True,True
2024-06,LTAP,4,0,0,0,departures,0.0,0.0,15,default,small_airport,40.829399,35.521999,True,False,False
2024-06,EDGS,4,3,3,3,departures,0.75,0.75,15,default,medium_airport,50.707699,8.08297,True,True,True
2024-06,LFMI,4,4,0,0,departures,0.0,0.0,15,default,medium_airport,43.522701,4.92384,True,True,True
2024-06,LGKS,4,0,0,0,departures,0.0,0.0,15,default,small_airport,35.4213981628,26.9099998474,True,False,False
2024-06,LZPP,4,4,4,4,departures,1.0,1.0,15,default,medium_airport,48.62519836425781,17.828399658203125,True,True,True
2024-06,URWW,4,0,0,0,departures,0.0,0.0,15,default,large_airport,48.78134,44.339194,True,True,True
2024-06,LFOZ,4,4,0,0,departures,0.0,0.0,15,default,small_airport,47.897758,2.164478,True,False,False
2024-06,LTAW,4,0,0,0,departures,0.0,0.0,15,default,medium_airport,40.32472,36.39056,True,True,True
2024-06,HLMS,4,0,0,0,departures,0.0,0.0,15,default,small_airport,32.325001,15.061,True,False,False
2024-06,LRCK,4,4,4,4,departures,1.0,1.0,15,default,large_airport,44.362202,28.4883,True,True,True
2024-06,LHPP,4,4,4,4,departures,1.0,1.0,15,default,large_airport,45.988891,18.242044,True,True,True
2024-06,ESNO,4,0,0,0,departures,0.0,0.0,15,default,medium_airport,63.40829849243164,18.989999771118164,True,True,True
2024-06,LKKV,4,4,4,4,departures,1.0,1.0,15,default,large_airport,50.202999,12.915,True,True,True
2024-06,EDAZ,4,3,0,0,departures,0.0,0.0,15,default,small_airport,52.204631,13.159526,True,False,False
2024-06,EGNO,4,3,3,3,departures,0.75,0.75,15,default,medium_airport,53.745098,-2.88306,True,True,True
2024-06,ENGA,4,0,0,0,arrivals,0.0,0.0,15,default,heliport,61.17556,2.1875,True,False,False
2024-06,ENQA,4,0,0,0,arrivals,0.0,0.0,15,default,heliport,60.645,3.72472,True,False,False
2024-06,ESST,4,0,0,0,arrivals,0.0,0.0,15,default,medium_airport,60.1576,12.9913,True,True,True
2024-06,LHPP,4,4,4,4,arrivals,1.0,1.0,15,default,large_airport,45.988891,18.242044,True,True,True
2024-06,EPRA,4,3,3,3,arrivals,0.75,0.75,15,default,medium_airport,51.38937,21.214742,True,True,True
2024-06,EHLL,4,0,0,0,arrivals,0.0,0.0,15,default,heliport,53.40333,4.20056,True,False,False
2024-06,LKHK,4,3,0,0,arrivals,0.0,0.0,15,default,small_airport,50.253201,15.8452,True,False,False
2024-06,EGPC,4,0,0,15,arrivals,0.0,3.75,15,default,medium_airport,58.4589,-3.09306,True,True,True
2024-06,LIPK,4,4,3,4,arrivals,0.75,1.0,15,default,medium_airport,44.194801,12.0701,True,True,True
2024-06,ETNL,4,4,2,3,arrivals,0.5,0.75,15,default,medium_airport,53.918201,12.2783,True,True,True
2024-06,LSGC,4,4,2,3,arrivals,0.5,0.75,15,default,medium_airport,47.0839004517,6.792840003970001,True,True,True
2024-06,LGKC,4,0,0,0,arrivals,0.0,0.0,15,default,small_airport,36.273978,23.016719,True,False,False
2024-06,LGPL,4,0,0,0,arrivals,0.0,0.0,15,default,small_airport,36.5798988342,26.3757991791,True,False,False
2024-06,LGKY,4,3,0,0,arrivals,0.0,0.0,15,default,small_airport,36.9632987976,26.9405994415,True,False,False
2024-06,LELN,4,3,3,3,arrivals,0.75,0.75,15,default,medium_airport,42.590709,-5.653406,True,True,True
2024-06,EPZG,4,3,3,3,arrivals,0.75,0.75,15,default,medium_airport,52.1385,15.7986,True,True,True
2024-06,LGSY,4,0,0,0,arrivals,0.0,0.0,15,default,small_airport,38.9676017761,24.4871997833,True,False,False
2024-06,BIBD,4,2,2,2,arrivals,0.5,0.5,15,default,medium_airport,65.641296,-23.5462,True,True,True
2024-06,ENOA,4,0,0,0,arrivals,0.0,0.0,15,default,heliport,60.491402,2.82556,True,False,False
2024-06,LOAN,4,2,2,4,arrivals,0.5,1.0,15,default,medium_airport,47.8433,16.260099,True,True,True
2024-06,OSDI,4,1,0,0,arrivals,0.0,0.0,15,default,large_airport,33.4114990234375,36.51559829711914,True,True,True
2024-06,EGSC,4,2,2,3,arrivals,0.5,0.75,15,default,medium_airport,52.205002,0.175,True,True,True
2024-06,ENWY,4,0,0,0,arrivals,0.0,0.0,15,default,heliport,57.4888,4.3212,True,False,False
2024-06,LKKV,4,3,3,3,arrivals,0.75,0.75,15,default,large_airport,50.202999,12.915,True,True,True
2024-06,LTAP,4,0,0,0,arrivals,0.0,0.0,15,default,small_airport,40.829399,35.521999,True,False,False
2024-06,EDGS,4,2,2,8,arrivals,0.5,2.0,15,default,medium_airport,50.707699,8.08297,True,True,True
2024-06,LFMI,4,4,0,0,arrivals,0.0,0.0,15,default,medium_airport,43.522701,4.92384,True,True,True
2024-06,LSGL,4,0,0,0,arrivals,0.0,0.0,15,default,small_airport,46.54509,6.616629,True,False,False
2024-06,LGKS,4,0,0,0,arrivals,0.0,0.0,15,default,small_airport,35.4213981628,26.9099998474,True,False,False
2024-06,LZPP,4,3,3,3,arrivals,0.75,0.75,15,default,medium_airport,48.62519836425781,17.828399658203125,True,True,True
2024-06,LTAW,4,0,0,0,arrivals,0.0,0.0,15,default,medium_airport,40.32472,36.39056,True,True,True
2024-06,HLMS,4,0,0,0,arrivals,0.0,0.0,15,default,small_airport,32.325001,15.061,True,False,False
2024-06,LRCK,4,2,2,2,arrivals,0.5,0.5,15,default,large_airport,44.362202,28.4883,True,True,True
2024-06,EGNO,4,3,3,4,arrivals,0.75,1.0,15,default,medium_airport,53.745098,-2.88306,True,True,True
2024-06,ETND,4,4,2,2,arrivals,0.5,0.5,15,default,medium_airport,52.585556,8.342222,True,True,True
2024-06,LFLP,4,4,2,2,arrivals,0.5,0.5,15,default,medium_airport,45.928947,6.0987,True,True,True
2024-06,LDVA,4,1,0,0,arrivals,0.0,0.0,15,default,small_airport,46.294668,16.383222,True,False,False
2024-06,ESNO,4,0,0,5,arrivals,0.0,1.25,15,default,medium_airport,63.40829849243164,18.989999771118164,True,True,True
2024-06,EKHD,4,0,0,0,arrivals,0.0,0.0,15,default,heliport,56.344120025634766,4.27191686630249,True,False,False
2024-06,LFLB,4,1,1,5,arrivals,0.25,1.25,15,default,medium_airport,45.6381,5.88023,True,True,True
2024-06,ENXW,3,0,0,0,departures,0.0,0.0,15,default,heliport,59.165,2.48667,True,False,False
2024-06,EHQM,3,0,0,0,departures,0.0,0.0,15,default,heliport,52.87222,4.17139,True,False,False
2024-06,EDAB,3,0,0,0,departures,0.0,0.0,15,default,small_airport,51.193611,14.519722,True,False,False
2024-06,ENQA,3,0,0,0,departures,0.0,0.0,15,default,heliport,60.645,3.72472,True,False,False
2024-06,ENDR,3,0,0,0,departures,0.0,0.0,15,default,heliport,64.35556,7.79167,True,False,False
2024-06,EHLL,3,0,0,0,departures,0.0,0.0,15,default,heliport,53.40333,4.20056,True,False,False
2024-06,ENUA,3,0,0,0,departures,0.0,0.0,15,default,heliport,64.993956,6.551342,True,False,False
2024-06,EKHB,3,3,0,0,departures,0.0,0.0,15,default,heliport,55.538612365722656,5.033332824707031,True,False,False
2024-06,ENWI,3,0,0,0,departures,0.0,0.0,15,default,heliport,58.92222,2.19778,True,False,False
2024-06,LSGC,3,2,2,3,departures,0.6666666666666666,1.0,15,default,medium_airport,47.0839004517,6.792840003970001,True,True,True
2024-06,EFIV,3,0,0,0,departures,0.0,0.0,15,default,large_airport,68.6073,27.4053,True,True,True
2024-06,LTBZ,3,3,0,0,departures,0.0,0.0,15,default,small_airport,39.111107,30.130405,True,False,False
2024-06,ENOC,3,0,0,0,departures,0.0,0.0,15,default,heliport,60.6078,2.77444,True,False,False
2024-06,EGLK,3,3,3,3,departures,1.0,1.0,15,default,medium_airport,51.323898,-0.8475,True,True,True
2024-06,OSDI,3,0,0,0,departures,0.0,0.0,15,default,large_airport,33.4114990234375,36.51559829711914,True,True,True
2024-06,LRSM,3,0,0,0,departures,0.0,0.0,15,default,medium_airport,47.7033,22.8857,True,True,True
2024-06,LTAL,3,0,0,0,departures,0.0,0.0,15,default,medium_airport,41.314201,33.795799,True,True,True
2024-06,EPSY,3,3,3,3,departures,1.0,1.0,15,default,medium_airport,53.481899,20.9377,True,True,True
2024-06,ENQC,3,0,0,0,departures,0.0,0.0,15,default,heliport,60.885799,3.60972,True,False,False
2024-06,ENQD,3,0,0,0,departures,0.0,0.0,15,default,heliport,60.541901,3.04583,True,False,False
2024-06,ETND,3,3,2,2,departures,0.6666666666666666,0.6666666666666666,15,default,medium_airport,52.585556,8.342222,True,True,True
2024-06,LGSO,3,1,0,0,departures,0.0,0.0,15,default,small_airport,37.4227981567,24.9508991241,True,False,False
2024-06,LEGT,3,3,0,0,departures,0.0,0.0,15,default,medium_airport,40.294102,-3.72383,True,True,True
2024-06,EKTW,3,0,0,0,departures,0.0,0.0,15,default,heliport,55.716529846191406,4.750306129455566,True,False,False
2024-06,LFLP,3,3,3,3,departures,1.0,1.0,15,default,medium_airport,45.928947,6.0987,True,True,True
2024-06,BIGR,3,0,0,0,departures,0.0,0.0,15,default,medium_airport,66.5458,-18.0173,True,True,True
2024-06,LECU,3,2,0,0,departures,0.0,0.0,15,default,medium_airport,40.370701,-3.78514,True,True,True
2024-06,EHGQ,3,0,0,0,departures,0.0,0.0,15,default,heliport,54.04917,5.43194,True,False,False
2024-06,LIRJ,3,1,1,1,departures,0.3333333333333333,0.3333333333333333,15,default,medium_airport,42.760871,10.239811,True,True,True
2024-06,EKHD,3,0,0,0,departures,0.0,0.0,15,default,heliport,56.344120025634766,4.27191686630249,True,False,False
2024-06,BIBD,3,2,2,2,departures,0.6666666666666666,0.6666666666666666,15,default,medium_airport,65.641296,-23.5462,True,True,True
2024-06,LFGJ,3,3,3,3,departures,1.0,1.0,15,default,medium_airport,47.038955,5.427589,True,True,True
2024-06,LOAN,3,3,3,3,departures,1.0,1.0,15,default,medium_airport,47.8433,16.260099,True,True,True
2024-06,LFLS,3,2,2,2,departures,0.6666666666666666,0.6666666666666666,15,default,medium_airport,45.3629,5.32937,True,True,True
2024-06,LFLX,3,1,0,0,departures,0.0,0.0,15,default,medium_airport,46.860221,1.728326,True,True,True
2024-06,ENXW,3,0,0,0,arrivals,0.0,0.0,15,default,heliport,59.165,2.48667,True,False,False
2024-06,LFMQ,3,2,1,1,arrivals,0.3333333333333333,0.3333333333333333,15,default,medium_airport,43.252499,5.78519,True,True,True
2024-06,EHQM,3,0,0,0,arrivals,0.0,0.0,15,default,heliport,52.87222,4.17139,True,False,False
2024-06,URMS,3,2,0,0,arrivals,0.0,0.0,15,default,medium_airport,43.323268,45.012568,True,True,True
2024-06,EDAB,3,2,0,0,arrivals,0.0,0.0,15,default,small_airport,51.193611,14.519722,True,False,False
2024-06,ENUD,3,0,0,0,arrivals,0.0,0.0,15,default,heliport,64.27067,7.20011,True,False,False
2024-06,ENQR,3,0,0,0,arrivals,0.0,0.0,15,default,heliport,61.51667,2.21667,True,False,False
2024-06,ENDR,3,0,0,0,arrivals,0.0,0.0,15,default,heliport,64.35556,7.79167,True,False,False
2024-06,EDQG,3,2,0,0,arrivals,0.0,0.0,15,default,small_airport,49.6480560303,9.966388702390002,True,False,False
2024-06,EKHA,3,1,0,0,arrivals,0.0,0.0,15,default,heliport,55.53085708618164,5.004167079925537,True,False,False
2024-06,BIGR,3,0,0,0,arrivals,0.0,0.0,15,default,medium_airport,66.5458,-18.0173,True,True,True
2024-06,EHKV,3,0,0,0,arrivals,0.0,0.0,15,default,heliport,53.26861,3.62639,True,False,False
2024-06,ENUA,3,0,0,0,arrivals,0.0,0.0,15,default,heliport,64.993956,6.551342,True,False,False
2024-06,LDSB,3,0,0,2,arrivals,0.0,0.6666666666666666,15,default,medium_airport,43.284454,16.678362,True,True,True
2024-06,LIQS,3,2,0,0,arrivals,0.0,0.0,15,default,medium_airport,43.254942,11.255084,True,True,True
2024-06,LIRJ,3,0,0,0,arrivals,0.0,0.0,15,default,medium_airport,42.760871,10.239811,True,True,True
2024-06,LFGJ,3,3,3,3,arrivals,1.0,1.0,15,default,medium_airport,47.038955,5.427589,True,True,True
2024-06,EGLK,3,3,3,3,arrivals,1.0,1.0,15,default,medium_airport,51.323898,-0.8475,True,True,True
2024-06,EGBJ,3,2,1,1,arrivals,0.3333333333333333,0.3333333333333333,15,default,medium_airport,51.894199,-2.16722,True,True,True
2024-06,EFKE,3,0,0,0,arrivals,0.0,0.0,15,default,medium_airport,65.778701782227,24.582099914551,True,True,True
2024-06,DAUG,3,0,0,0,arrivals,0.0,0.0,15,default,medium_airport,32.384102,3.79411,True,True,True
2024-06,ENGC,3,0,0,0,arrivals,0.0,0.0,15,default,heliport,61.214063,2.270984,True,False,False
2024-06,ENUB,3,0,0,0,arrivals,0.0,0.0,15,default,heliport,65.110102,6.78943,True,False,False
2024-06,LTAL,3,0,0,0,arrivals,0.0,0.0,15,default,medium_airport,41.314201,33.795799,True,True,True
2024-06,EGNH,3,3,1,1,arrivals,0.3333333333333333,0.3333333333333333,15,default,medium_airport,53.771702,-3.02861,True,True,True
2024-06,EPSY,3,3,2,2,arrivals,0.6666666666666666,0.6666666666666666,15,default,medium_airport,53.481899,20.9377,True,True,True
2024-06,EDRY,3,3,0,0,arrivals,0.0,0.0,15,default,small_airport,49.304722,8.451389,True,False,False
2024-06,ENQC,3,0,0,0,arrivals,0.0,0.0,15,default,heliport,60.885799,3.60972,True,False,False
2024-06,LFAT,3,3,2,2,arrivals,0.6666666666666666,0.6666666666666666,15,default,medium_airport,50.518284,1.621656,True,True,True
2024-06,LTFC,3,1,1,2,arrivals,0.3333333333333333,0.6666666666666666,15,default,medium_airport,37.8554,30.368401,True,True,True
2024-06,ENQD,3,0,0,0,arrivals,0.0,0.0,15,default,heliport,60.541901,3.04583,True,False,False
2024-06,URWW,3,0,0,0,arrivals,0.0,0.0,15,default,large_airport,48.78134,44.339194,True,True,True
2024-06,LFOZ,3,1,0,0,arrivals,0.0,0.0,15,default,small_airport,47.897758,2.164478,True,False,False
2024-06,LFSN,3,3,0,0,arrivals,0.0,0.0,15,default,medium_airport,48.692101,6.23046,True,True,True
2024-06,LEGT,3,3,0,0,arrivals,0.0,0.0,15,default,medium_airport,40.294102,-3.72383,True,True,True
2024-06,EFIV,3,0,0,0,arrivals,0.0,0.0,15,default,large_airport,68.6073,27.4053,True,True,True
2024-06,LTBZ,3,2,0,0,arrivals,0.0,0.0,15,default,small_airport,39.111107,30.130405,True,False,False
2024-06,EHAK,3,0,0,0,arrivals,0.0,0.0,15,default,heliport,55.399167,3.810278,True,False,False
2024-06,ENQS,3,0,0,0,arrivals,0.0,0.0,15,default,heliport,61.2961,1.90083,True,False,False
2024-06,LFLS,3,2,2,4,arrivals,0.6666666666666666,1.3333333333333333,15,default,medium_airport,45.3629,5.32937,True,True,True
2024-06,LRSM,3,0,0,0,arrivals,0.0,0.0,15,default,medium_airport,47.7033,22.8857,True,True,True
2024-06,EDAZ,3,2,0,0,arrivals,0.0,0.0,15,default,small_airport,52.204631,13.159526,True,False,False
2024-06,ENFB,3,0,0,0,arrivals,0.0,0.0,15,default,heliport,61.20639,1.82889,True,False,False
2024-06,LFLX,3,1,0,0,arrivals,0.0,0.0,15,default,medium_airport,46.860221,1.728326,True,True,True
2024-06,ENQE,2,0,0,0,departures,0.0,0.0,15,default,heliport,60.700001,2.933611,True,False,False
2024-06,LFOP,2,1,1,1,departures,0.5,0.5,15,default,medium_airport,49.384887,1.179142,True,True,True
2024-06,LTBU,2,2,2,3,departures,1.0,1.5,15,default,medium_airport,41.138199,27.9191,True,True,True
2024-06,ENQV,2,0,0,0,departures,0.0,0.0,15,default,heliport,61.36972,2.45722,True,False,False
2024-06,LCRA,2,0,0,0,departures,0.0,0.0,15,default,medium_airport,34.590401,32.9879,True,True,True
2024-06,LKMH,2,0,0,0,departures,0.0,0.0,15,default,small_airport,50.540199,15.0066,True,False,False
2024-06,ENSE,2,0,0,0,departures,0.0,0.0,15,default,heliport,61.4489,2.1425,True,False,False
2024-06,ESOK,2,1,1,1,departures,0.5,0.5,15,default,medium_airport,59.444698,13.3374,True,True,True
2024-06,EHTW,2,2,2,2,departures,1.0,1.0,15,default,medium_airport,52.275833,6.889167,True,True,True
2024-06,ENUD,2,0,0,0,departures,0.0,0.0,15,default,heliport,64.27067,7.20011,True,False,False
2024-06,ENQR,2,0,0,0,departures,0.0,0.0,15,default,heliport,61.51667,2.21667,True,False,False
2024-06,EDQG,2,2,0,0,departures,0.0,0.0,15,default,small_airport,49.6480560303,9.966388702390002,True,False,False
2024-06,LESU,2,2,2,2,departures,1.0,1.0,15,default,medium_airport,42.3386,1.40917,True,True,True
2024-06,EKHA,2,1,0,0,departures,0.0,0.0,15,default,heliport,55.53085708618164,5.004167079925537,True,False,False
2024-06,EHJA,2,0,0,0,departures,0.0,0.0,15,default,heliport,53.82333,2.94389,True,False,False
2024-06,EDMS,2,0,0,0,departures,0.0,0.0,15,default,small_airport,48.900833,12.516667,True,False,False
2024-06,EHKV,2,0,0,0,departures,0.0,0.0,15,default,heliport,53.26861,3.62639,True,False,False
2024-06,LFRD,2,2,2,2,departures,1.0,1.0,15,default,medium_airport,48.5877,-2.07996,True,True,True
2024-06,LDSB,2,0,0,1,departures,0.0,0.5,15,default,medium_airport,43.284454,16.678362,True,True,True
2024-06,EVGA,2,0,0,0,departures,0.0,0.0,15,default,small_airport,56.778301,24.853901,True,False,False
2024-06,ENUK,2,0,0,0,departures,0.0,0.0,15,default,heliport,65.064144,6.725689,True,False,False
2024-06,ESSP,2,2,2,2,departures,1.0,1.0,15,default,medium_airport,58.58629989624024,16.250600814819336,True,True,True
2024-06,EDAH,2,2,2,2,departures,1.0,1.0,15,default,medium_airport,53.8787,14.1523,True,True,True
2024-06,EGNL,2,1,1,2,departures,0.5,1.0,15,default,medium_airport,54.1286111,-3.2675,True,True,True
2024-06,EGBJ,2,1,0,0,departures,0.0,0.0,15,default,medium_airport,51.894199,-2.16722,True,True,True
2024-06,EHPK,2,0,0,0,departures,0.0,0.0,15,default,heliport,52.29028,3.81611,True,False,False
2024-06,LSMP,2,2,2,2,departures,1.0,1.0,15,default,medium_airport,46.8432,6.91506,True,True,True
2024-06,ENBE,2,0,0,0,departures,0.0,0.0,15,default,heliport,59.190601,2.35806,True,False,False
2024-06,LFLI,2,2,0,0,departures,0.0,0.0,15,default,medium_airport,46.192001,6.26839,True,True,True
2024-06,ENUB,2,0,0,0,departures,0.0,0.0,15,default,heliport,65.110102,6.78943,True,False,False
2024-06,DABT,2,0,0,0,departures,0.0,0.0,15,default,large_airport,35.752102,6.30859,True,True,True
2024-06,GMMB,2,0,0,0,departures,0.0,0.0,15,default,small_airport,33.655399,-7.22145,True,False,False
2024-06,ENXO,2,0,0,0,departures,0.0,0.0,15,default,heliport,59.266701,2.45,True,False,False
2024-06,ETMN,2,2,2,2,departures,1.0,1.0,15,default,medium_airport,53.767689,8.659201,True,True,True
2024-06,LFBU,2,1,1,1,departures,0.5,0.5,15,default,medium_airport,45.729198,0.221456,True,True,True
2024-06,ENQG,2,0,0,0,departures,0.0,0.0,15,default,heliport,61.202108,2.198832,True,False,False
2024-06,LFAT,2,2,1,1,departures,0.5,0.5,15,default,medium_airport,50.518284,1.621656,True,True,True
2024-06,LTFC,2,0,0,0,departures,0.0,0.0,15,default,medium_airport,37.8554,30.368401,True,True,True
2024-06,LFQG,2,1,0,0,departures,0.0,0.0,15,default,medium_airport,47.002913,3.113114,True,True,True
2024-06,EFKT,2,0,0,0,departures,0.0,0.0,15,default,large_airport,67.700996,24.8468,True,True,True
2024-06,LFSN,2,2,1,1,departures,0.5,0.5,15,default,medium_airport,48.692101,6.23046,True,True,True
2024-06,LIRE,2,2,0,0,departures,0.0,0.0,15,default,medium_airport,41.654499,12.4452,True,True,True
2024-06,LHPR,2,1,1,1,departures,0.5,0.5,15,default,medium_airport,47.628436,17.804718,True,True,True
2024-06,LKVO,2,2,0,0,departures,0.0,0.0,15,default,medium_airport,50.216599,14.3958,True,True,True
2024-06,BIVO,2,0,0,0,departures,0.0,0.0,15,default,medium_airport,65.720596,-14.8506,True,True,True
2024-06,URWA,2,0,0,0,departures,0.0,0.0,15,default,large_airport,46.282843,48.010511,True,True,True
2024-06,EKDF,2,1,0,0,departures,0.0,0.0,15,default,heliport,55.47809982299805,5.105527877807617,True,False,False
2024-06,GMAT,2,0,0,0,departures,0.0,0.0,15,default,medium_airport,28.447563,-11.161749,True,True,True
2024-06,EGVN,2,2,2,2,departures,1.0,1.0,15,default,medium_airport,51.75,-1.58362,True,True,True
2024-06,DAUH,2,0,0,0,departures,0.0,0.0,15,default,medium_airport,31.673,6.14044,True,True,True
2024-06,EHMR,2,0,0,0,departures,0.0,0.0,15,default,heliport,53.32944,4.83083,True,False,False
2024-06,ENLA,2,0,0,0,departures,0.0,0.0,15,default,heliport,57.111667,2.846667,True,False,False
2024-06,EDQM,2,1,1,1,departures,0.5,0.5,15,default,medium_airport,50.288544,11.852876,True,True,True
2024-06,ENUS,2,0,0,0,departures,0.0,0.0,15,default,heliport,65.69972,7.65083,True,False,False
2024-06,EFKS,2,0,0,0,departures,0.0,0.0,15,default,medium_airport,65.987602,29.239401,True,True,True
2024-06,UWSG,2,2,2,2,departures,1.0,1.0,15,default,large_airport,51.712778,46.171111,True,True,True
2024-06,LIQS,2,1,1,1,departures,0.5,0.5,15,default,medium_airport,43.254942,11.255084,True,True,True
2024-06,EGTC,2,2,0,0,departures,0.0,0.0,15,default,medium_airport,52.072201,-0.616667,True,True,True
2024-06,ENQJ,2,0,0,0,departures,0.0,0.0,15,default,heliport,61.33167,3.895,True,False,False
2024-06,ENQK,2,0,0,0,departures,0.0,0.0,15,default,heliport,61.08333,2.5,True,False,False
2024-06,OJAQ,2,1,0,0,departures,0.0,0.0,15,default,large_airport,29.611601,35.018101,True,True,True
2024-06,ENSF,2,0,0,0,departures,0.0,0.0,15,default,heliport,61.25518,1.85211,True,False,False
2024-06,ULWC,2,0,0,0,departures,0.0,0.0,15,default,medium_airport,59.273601532,38.0158004761,True,True,True
2024-06,LTCM,2,0,0,0,departures,0.0,0.0,15,default,medium_airport,42.018313,35.071774,True,True,True
2024-06,ENQB,2,0,0,0,departures,0.0,0.0,15,default,heliport,60.773899,3.50139,True,False,False
2024-06,ORNI,2,0,0,0,departures,0.0,0.0,15,default,large_airport,31.991116,44.405019,True,True,True
2024-06,ENQS,2,0,0,0,departures,0.0,0.0,15,default,heliport,61.2961,1.90083,True,False,False
2024-06,EHBL,2,0,0,0,departures,0.0,0.0,15,default,heliport,55.284722,4.096667,True,False,False
2024-06,UDSG,2,2,2,2,departures,1.0,1.0,15,default,large_airport,40.750401,43.859299,True,True,True
2024-06,DAUG,2,0,0,0,departures,0.0,0.0,15,default,medium_airport,32.384102,3.79411,True,True,True
2024-06,BITN,2,0,0,0,departures,0.0,0.0,15,default,small_airport,66.218459,-15.334739,True,False,False
2024-06,DAOI,2,1,1,1,departures,0.5,0.5,15,default,large_airport,36.216614,1.341114,True,True,True
2024-06,LSZS,2,1,0,0,departures,0.0,0.0,15,default,medium_airport,46.5341,9.88411,True,True,True
2024-06,EGTB,2,2,0,0,departures,0.0,0.0,15,default,small_airport,51.61177,-0.808316,True,False,False
2024-06,EIWT,2,0,0,0,departures,0.0,0.0,15,default,medium_airport,53.351622,-6.490357,True,True,True
2024-06,LFOH,2,2,0,0,departures,0.0,0.0,15,default,medium_airport,49.534038,0.088406,True,True,True
2024-06,ENUN,2,0,0,0,departures,0.0,0.0,15,default,heliport,67.0408,7.055,True,False,False
2024-06,ENFB,2,0,0,0,departures,0.0,0.0,15,default,heliport,61.20639,1.82889,True,False,False
2024-06,LGKJ,2,0,0,0,departures,0.0,0.0,15,default,small_airport,36.141701,29.576401,True,False,False
2024-06,LGSO,2,1,0,0,arrivals,0.0,0.0,15,default,small_airport,37.4227981567,24.9508991241,True,False,False
2024-06,ENQE,2,0,0,0,arrivals,0.0,0.0,15,default,heliport,60.700001,2.933611,True,False,False
2024-06,LFOP,2,1,1,1,arrivals,0.5,0.5,15,default,medium_airport,49.384887,1.179142,True,True,True
2024-06,LKVO,2,2,0,0,arrivals,0.0,0.0,15,default,medium_airport,50.216599,14.3958,True,True,True
2024-06,BIVO,2,0,0,0,arrivals,0.0,0.0,15,default,medium_airport,65.720596,-14.8506,True,True,True
2024-06,URWA,2,0,0,0,arrivals,0.0,0.0,15,default,large_airport,46.282843,48.010511,True,True,True
2024-06,LCRA,2,2,1,1,arrivals,0.5,0.5,15,default,medium_airport,34.590401,32.9879,True,True,True
2024-06,LIRU,2,2,0,0,arrivals,0.0,0.0,15,default,medium_airport,41.952096,12.502231,True,True,True
2024-06,EHKJ,2,0,0,0,arrivals,0.0,0.0,15,default,heliport,53.72444,4.0975,True,False,False
2024-06,EKDF,2,1,0,0,arrivals,0.0,0.0,15,default,heliport,55.47809982299805,5.105527877807617,True,False,False
2024-06,ENSE,2,0,0,0,arrivals,0.0,0.0,15,default,heliport,61.4489,2.1425,True,False,False
2024-06,ESOK,2,1,1,1,arrivals,0.5,0.5,15,default,medium_airport,59.444698,13.3374,True,True,True
2024-06,LESA,2,2,2,2,arrivals,1.0,1.0,15,default,medium_airport,40.952099,-5.50199,True,True,True
2024-06,EGVN,2,1,0,0,arrivals,0.0,0.0,15,default,medium_airport,51.75,-1.58362,True,True,True
2024-06,LFLU,2,2,2,2,arrivals,1.0,1.0,15,default,medium_airport,44.9216,4.9699,True,True,True
2024-06,DAUH,2,0,0,0,arrivals,0.0,0.0,15,default,medium_airport,31.673,6.14044,True,True,True
2024-06,EHJF,2,0,0,0,arrivals,0.0,0.0,15,default,heliport,53.69556,3.33889,True,False,False
2024-06,EHJA,2,0,0,0,arrivals,0.0,0.0,15,default,heliport,53.82333,2.94389,True,False,False
2024-06,EFKS,2,0,0,0,arrivals,0.0,0.0,15,default,medium_airport,65.987602,29.239401,True,True,True
2024-06,EHGQ,2,0,0,0,arrivals,0.0,0.0,15,default,heliport,54.04917,5.43194,True,False,False
2024-06,UWSG,2,1,1,1,arrivals,0.5,0.5,15,default,large_airport,51.712778,46.171111,True,True,True
2024-06,OJAQ,2,0,0,0,arrivals,0.0,0.0,15,default,large_airport,29.611601,35.018101,True,True,True
2024-06,ULWC,2,0,0,0,arrivals,0.0,0.0,15,default,medium_airport,59.273601532,38.0158004761,True,True,True
2024-06,DTTX,2,0,0,0,arrivals,0.0,0.0,15,default,medium_airport,34.717999,10.691,True,True,True
2024-06,ENQO,2,0,0,0,arrivals,0.0,0.0,15,default,heliport,60.389702,2.795556,True,False,False
2024-06,LTCM,2,0,0,0,arrivals,0.0,0.0,15,default,medium_airport,42.018313,35.071774,True,True,True
2024-06,ENUK,2,0,0,0,arrivals,0.0,0.0,15,default,heliport,65.064144,6.725689,True,False,False
2024-06,ORNI,2,0,0,0,arrivals,0.0,0.0,15,default,large_airport,31.991116,44.405019,True,True,True
2024-06,ENOC,2,0,0,0,arrivals,0.0,0.0,15,default,heliport,60.6078,2.77444,True,False,False
2024-06,EGNL,2,1,1,2,arrivals,0.5,1.0,15,default,medium_airport,54.1286111,-3.2675,True,True,True
2024-06,LSMP,2,1,0,3,arrivals,0.0,1.5,15,default,medium_airport,46.8432,6.91506,True,True,True
2024-06,UDSG,2,2,2,45,arrivals,1.0,22.5,15,default,large_airport,40.750401,43.859299,True,True,True
2024-06,ENBE,2,0,0,0,arrivals,0.0,0.0,15,default,heliport,59.190601,2.35806,True,False,False
2024-06,DAOI,2,2,2,2,arrivals,1.0,1.0,15,default,large_airport,36.216614,1.341114,True,True,True
2024-06,LFLI,2,1,0,0,arrivals,0.0,0.0,15,default,medium_airport,46.192001,6.26839,True,True,True
2024-06,EHFB,2,0,0,0,arrivals,0.0,0.0,15,default,heliport,54.94444,4.5725,True,False,False
2024-06,EGFE,2,0,0,1,arrivals,0.0,0.5,15,default,medium_airport,51.833099365234375,-4.9611101150512695,True,True,True
2024-06,EKSI,2,0,0,0,arrivals,0.0,0.0,15,default,heliport,56.48271560668945,4.911110877990723,True,False,False
2024-06,ETMN,2,2,2,2,arrivals,1.0,1.0,15,default,medium_airport,53.767689,8.659201,True,True,True
2024-06,LFQG,2,0,0,0,arrivals,0.0,0.0,15,default,medium_airport,47.002913,3.113114,True,True,True
2024-06,EHGN,2,0,0,0,arrivals,0.0,0.0,15,default,heliport,54.22389,5.49861,True,False,False
2024-06,EGTF,2,2,0,0,arrivals,0.0,0.0,15,default,small_airport,51.348099,-0.558889,True,False,False
2024-06,LPBG,2,2,0,0,arrivals,0.0,0.0,15,default,medium_airport,41.8578,-6.70713,True,True,True
2024-06,LHKK,2,2,0,0,arrivals,0.0,0.0,15,default,small_airport,47.174484,19.077501,True,False,False
2024-06,ESOW,2,2,2,2,arrivals,1.0,1.0,15,default,large_airport,59.589401,16.6336,True,True,True
2024-06,EHTW,2,1,1,1,arrivals,0.5,0.5,15,default,medium_airport,52.275833,6.889167,True,True,True
2024-06,GMAT,2,0,0,0,arrivals,0.0,0.0,15,default,medium_airport,28.447563,-11.161749,True,True,True
2024-06,ENWE,2,0,0,0,arrivals,0.0,0.0,15,default,heliport,58.8425,2.24722,True,False,False
2024-06,EDMS,2,1,0,0,arrivals,0.0,0.0,15,default,small_airport,48.900833,12.516667,True,False,False
2024-06,ENLA,2,0,0,0,arrivals,0.0,0.0,15,default,heliport,57.111667,2.846667,True,False,False
2024-06,EDQM,2,2,1,1,arrivals,0.5,0.5,15,default,medium_airport,50.288544,11.852876,True,True,True
2024-06,EKHB,2,0,0,0,arrivals,0.0,0.0,15,default,heliport,55.538612365722656,5.033332824707031,True,False,False
2024-06,EDRZ,2,1,0,0,arrivals,0.0,0.0,15,default,small_airport,49.2094,7.40056,True,False,False
2024-06,ENQJ,2,0,0,0,arrivals,0.0,0.0,15,default,heliport,61.33167,3.895,True,False,False
2024-06,EVGA,2,0,0,0,arrivals,0.0,0.0,15,default,small_airport,56.778301,24.853901,True,False,False
2024-06,ESSP,2,2,2,2,arrivals,1.0,1.0,15,default,medium_airport,58.58629989624024,16.250600814819336,True,True,True
2024-06,BITN,2,0,0,0,arrivals,0.0,0.0,15,default,small_airport,66.218459,-15.334739,True,False,False
2024-06,LSZS,2,2,0,0,arrivals,0.0,0.0,15,default,medium_airport,46.5341,9.88411,True,True,True
2024-06,EHFR,2,0,0,0,arrivals,0.0,0.0,15,default,heliport,53.81083,4.35111,True,False,False
2024-06,LFOH,2,2,0,0,arrivals,0.0,0.0,15,default,medium_airport,49.534038,0.088406,True,True,True
2024-06,ENUN,2,0,0,0,arrivals,0.0,0.0,15,default,heliport,67.0408,7.055,True,False,False
2024-06,ENWA,2,0,0,0,arrivals,0.0,0.0,15,default,heliport,59.566667,1.991667,True,False,False
2024-06,EFKT,2,0,0,0,arrivals,0.0,0.0,15,default,large_airport,67.700996,24.8468,True,True,True
2024-06,EGBP,2,2,0,0,arrivals,0.0,0.0,15,default,small_airport,51.668528,-2.056599,True,False,False
2024-06,EDFE,2,2,0,0,arrivals,0.0,0.0,15,default,medium_airport,49.96,8.643043,True,True,True
2024-06,LHPR,2,1,1,1,arrivals,0.5,0.5,15,default,medium_airport,47.628436,17.804718,True,True,True
2024-06,EGXC,1,1,1,1,departures,1.0,1.0,15,default,medium_airport,53.092999,-0.166014,True,True,True
2024-06,LFMQ,1,1,1,1,departures,1.0,1.0,15,default,medium_airport,43.252499,5.78519,True,True,True
2024-06,UUBC,1,0,0,0,departures,0.0,0.0,15,default,medium_airport,54.5499992371,36.3666687012,True,True,True
2024-06,EHMG,1,0,0,0,departures,0.0,0.0,15,default,heliport,53.61444,4.96028,True,False,False
2024-06,LIRU,1,1,0,0,departures,0.0,0.0,15,default,medium_airport,41.952096,12.502231,True,True,True
2024-06,UBBL,1,0,0,0,departures,0.0,0.0,15,default,small_airport,38.757919,48.807042,True,False,False
2024-06,EDAV,1,0,0,0,departures,0.0,0.0,15,default,small_airport,52.826313,13.701324,True,False,False
2024-06,LFQA,1,0,0,0,departures,0.0,0.0,15,default,small_airport,49.208698,4.15658,True,False,False
2024-06,LFGF,1,1,0,0,departures,0.0,0.0,15,default,small_airport,47.005901,4.89342,True,False,False
2024-06,LFLH,1,1,0,0,departures,0.0,0.0,15,default,small_airport,46.825813,4.817646,True,False,False
2024-06,LFEV,1,0,0,0,departures,0.0,0.0,15,default,small_airport,47.431659,5.61775,True,False,False
2024-06,LFSG,1,0,0,0,departures,0.0,0.0,15,default,medium_airport,48.325001,6.06998,True,True,True
2024-06,EHLU,1,0,0,0,departures,0.0,0.0,15,default,heliport,53.64,4.5625,True,False,False
2024-06,EKAF,1,0,0,0,departures,0.0,0.0,15,default,heliport,55.7905,3.9925,True,False,False
2024-06,ENUE,1,0,0,0,departures,0.0,0.0,15,default,heliport,64.271111,7.201389,True,False,False
2024-06,LFAQ,1,1,0,0,departures,0.0,0.0,15,default,small_airport,49.970049,2.693939,True,False,False
2024-06,ENQM,1,0,0,0,departures,0.0,0.0,15,default,heliport,60.5075,2.01472,True,False,False
2024-06,LFPT,1,0,0,0,departures,0.0,0.0,15,default,medium_airport,49.096064,2.035543,True,True,True
2024-06,EBMB,1,1,0,0,departures,0.0,0.0,15,default,small_airport,50.913419,4.491005,True,False,False
2024-06,LIPN,1,0,0,0,departures,0.0,0.0,15,default,small_airport,45.472,10.9279,True,False,False
2024-06,LRTC,1,0,0,0,departures,0.0,0.0,15,default,medium_airport,45.0625,28.7143,True,True,True
2024-06,HEAL,1,0,0,0,departures,0.0,0.0,15,default,large_airport,30.924324,28.46161,True,True,True
2024-06,EHKS,1,0,0,0,departures,0.0,0.0,15,default,heliport,53.27556,3.87167,True,False,False
2024-06,EHQT,1,0,0,0,departures,0.0,0.0,15,default,heliport,52.19111,4.13638,True,False,False
2024-06,LJPZ,1,1,1,1,departures,1.0,1.0,15,default,medium_airport,45.47201,13.615951,True,True,True
2024-06,ENQL,1,0,0,0,departures,0.0,0.0,15,default,heliport,60.49833,2.07333,True,False,False
2024-06,BIHN,1,0,0,0,departures,0.0,0.0,15,default,medium_airport,64.295601,-15.2272,True,True,True
2024-06,EHFB,1,0,0,0,departures,0.0,0.0,15,default,heliport,54.94444,4.5725,True,False,False
2024-06,EHFO,1,0,0,0,departures,0.0,0.0,15,default,heliport,54.21583,4.82722,True,False,False
2024-06,GMMD,1,0,0,0,departures,0.0,0.0,15,default,large_airport,32.401895,-6.315905,True,True,True
2024-06,LDLO,1,0,0,0,departures,0.0,0.0,15,default,small_airport,44.566985,14.393883,True,False,False
2024-06,LKLN,1,1,1,1,departures,1.0,1.0,15,default,medium_airport,49.675201,13.2746,True,True,True
2024-06,ENDP,1,0,0,0,departures,0.0,0.0,15,default,heliport,58.188099,2.47111,True,False,False
2024-06,EHGN,1,0,0,0,departures,0.0,0.0,15,default,heliport,54.22389,5.49861,True,False,False
2024-06,LSZG,1,0,0,0,departures,0.0,0.0,15,default,medium_airport,47.181599,7.41719,True,True,True
2024-06,EGTF,1,1,0,0,departures,0.0,0.0,15,default,small_airport,51.348099,-0.558889,True,False,False
2024-06,USKK,1,0,0,0,departures,0.0,0.0,15,default,medium_airport,58.503883,49.347831,True,True,True
2024-06,EDFE,1,1,0,0,departures,0.0,0.0,15,default,medium_airport,49.96,8.643043,True,True,True
2024-06,LHSM,1,1,1,1,departures,1.0,1.0,15,default,medium_airport,46.686391,17.159084,True,True,True
2024-06,LFPV,1,1,0,0,departures,0.0,0.0,15,default,medium_airport,48.774406,2.203102,True,True,True
2024-06,LEDA,1,1,1,1,departures,1.0,1.0,15,default,medium_airport,41.728185,0.535023,True,True,True
2024-06,EHFQ,1,0,0,0,departures,0.0,0.0,15,default,heliport,53.96056,4.49611,True,False,False
2024-06,EDXJ,1,1,0,0,departures,0.0,0.0,15,default,small_airport,54.5099983215,9.13833332062,True,False,False
2024-06,LESA,1,1,1,1,departures,1.0,1.0,15,default,medium_airport,40.952099,-5.50199,True,True,True
2024-06,HLLQ,1,0,0,0,departures,0.0,0.0,15,default,large_airport,32.789036,21.954864,True,True,True
2024-06,LFRI,1,0,0,0,departures,0.0,0.0,15,default,medium_airport,46.7019,-1.37863,True,True,True
2024-06,ENWK,1,0,0,0,departures,0.0,0.0,15,default,heliport,58.57139,1.69528,True,False,False
2024-06,EHJF,1,0,0,0,departures,0.0,0.0,15,default,heliport,53.69556,3.33889,True,False,False
2024-06,LKKU,1,1,1,4,departures,1.0,4.0,15,default,medium_airport,49.0294,17.439699,True,True,True
2024-06,LKHK,1,0,0,0,departures,0.0,0.0,15,default,small_airport,50.253201,15.8452,True,False,False
2024-06,DTTZ,1,0,0,0,departures,0.0,0.0,15,default,medium_airport,33.939701080322266,8.110560417175293,True,True,True
2024-06,EHPG,1,0,0,0,departures,0.0,0.0,15,default,heliport,52.35998,3.34192,True,False,False
2024-06,LKKB,1,0,0,0,departures,0.0,0.0,15,default,medium_airport,50.121399,14.5436,True,True,True
2024-06,OETB,1,0,0,0,departures,0.0,0.0,15,default,large_airport,28.3711,36.624865,True,True,True
2024-06,UWLL,1,0,0,0,departures,0.0,0.0,15,default,medium_airport,54.27016,48.225569,True,True,True
2024-06,ULPB,1,0,0,0,departures,0.0,0.0,15,default,medium_airport,61.885201,34.154701,True,True,True
2024-06,LGKZ,1,1,1,1,departures,1.0,1.0,15,default,medium_airport,40.286098,21.840799,True,True,True
2024-06,EHMA,1,0,0,0,departures,0.0,0.0,15,default,heliport,53.4911,5.9413,True,False,False
2024-06,ENXK,1,0,0,0,departures,0.0,0.0,15,default,heliport,56.56529998779297,3.204720020294189,True,False,False
2024-06,LFGA,1,1,1,1,departures,1.0,1.0,15,default,medium_airport,48.109901,7.35901,True,True,True
2024-06,UGSA,1,0,0,0,departures,0.0,0.0,15,default,small_airport,41.921198,44.714186,True,False,False
2024-06,LOIJ,1,0,0,0,departures,0.0,0.0,15,default,small_airport,47.5201,12.4497,True,False,False
2024-06,ENQO,1,0,0,0,departures,0.0,0.0,15,default,heliport,60.389702,2.795556,True,False,False
2024-06,EHKE,1,0,0,0,departures,0.0,0.0,15,default,heliport,53.69833,3.86889,True,False,False
2024-06,LFRE,1,1,0,0,departures,0.0,0.0,15,default,medium_airport,47.289398,-2.34639,True,True,True
2024-06,LJMB,1,1,1,1,departures,1.0,1.0,15,default,medium_airport,46.4799,15.6861,True,True,True
2024-06,EDWI,1,0,0,0,departures,0.0,0.0,15,default,small_airport,53.50222,8.052222,True,False,False
2024-06,LFDI,1,0,0,0,departures,0.0,0.0,15,default,small_airport,44.98347,-0.138359,True,False,False
2024-06,EDLE,1,1,0,0,departures,0.0,0.0,15,default,small_airport,51.402302,6.93733,True,False,False
2024-06,BIGJ,1,0,0,0,departures,0.0,0.0,15,default,small_airport,65.9953,-21.3269,True,False,False
2024-06,URMT,1,1,1,1,departures,1.0,1.0,15,default,medium_airport,45.10919952392578,42.11280059814453,True,True,True
2024-06,ETAR,1,1,1,1,departures,1.0,1.0,15,default,medium_airport,49.436901,7.60028,True,True,True
2024-06,GMAZ,1,0,0,0,departures,0.0,0.0,15,default,large_airport,30.265788,-5.860808,True,True,True
2024-06,LFBA,1,0,0,0,departures,0.0,0.0,15,default,medium_airport,44.174171,0.59309,True,True,True
2024-06,LPVZ,1,1,0,0,departures,0.0,0.0,15,default,medium_airport,40.725498,-7.88899,True,True,True
2024-06,EHKG,1,0,0,0,departures,0.0,0.0,15,default,heliport,53.675,3.82833,True,False,False
2024-06,DAAV,1,0,0,0,departures,0.0,0.0,15,default,large_airport,36.794125,5.873652,True,True,True
2024-06,EDTL,1,1,0,0,departures,0.0,0.0,15,default,medium_airport,48.369301,7.82772,True,True,True
2024-06,EDAE,1,0,0,0,departures,0.0,0.0,15,default,small_airport,52.197199,14.585696,True,False,False
2024-06,ENNE,1,0,0,0,departures,0.0,0.0,15,default,heliport,66.03333,8.08333,True,False,False
2024-06,DTKA,1,0,0,0,departures,0.0,0.0,15,default,medium_airport,36.98,8.87694,True,True,True
2024-06,UKLU,1,1,1,2,departures,1.0,2.0,15,default,large_airport,48.6343,22.263399,True,True,True
2024-06,LPBJ,1,1,1,1,departures,1.0,1.0,15,default,medium_airport,38.078899,-7.9324,True,True,True
2024-06,LIPV,1,1,0,0,departures,0.0,0.0,15,default,small_airport,45.428779,12.388733,True,False,False
2024-06,EHKX,1,0,0,0,departures,0.0,0.0,15,default,heliport,53.42278,3.96028,True,False,False
2024-06,EGFE,1,1,1,1,departures,1.0,1.0,15,default,medium_airport,51.833099365234375,-4.9611101150512695,True,True,True
2024-06,EGQS,1,0,0,1,departures,0.0,1.0,15,default,medium_airport,57.7052,-3.33917,True,True,True
2024-06,ENWR,1,0,0,0,departures,0.0,0.0,15,default,heliport,58.58333,1.73278,True,False,False
2024-06,LPPM,1,1,0,0,departures,0.0,0.0,15,default,medium_airport,37.1493,-8.58396,True,True,True
2024-06,LLOV,1,0,0,0,departures,0.0,0.0,15,default,small_airport,29.9403,34.935799,True,False,False
2024-06,LFOV,1,0,0,0,departures,0.0,0.0,15,default,medium_airport,48.032208,-0.743999,True,True,True
2024-06,EDRK,1,0,0,0,departures,0.0,0.0,15,default,small_airport,50.325558,7.528611,True,False,False
2024-06,UUBI,1,0,0,0,departures,0.0,0.0,15,default,medium_airport,56.93939971923828,40.940799713134766,True,True,True
2024-06,ENWA,1,0,0,0,departures,0.0,0.0,15,default,heliport,59.566667,1.991667,True,False,False
2024-06,UMGG,1,0,0,0,departures,0.0,0.0,15,default,medium_airport,52.527000427246094,31.016700744628903,True,True,True
2024-06,OENN,1,0,0,0,departures,0.0,0.0,15,default,large_airport,27.924261,35.29358,True,True,True
2024-06,ESGT,1,0,0,0,departures,0.0,0.0,15,default,medium_airport,58.31809997558594,12.345000267028809,True,True,True
2024-06,EHJM,1,0,0,0,departures,0.0,0.0,15,default,heliport,53.49944,3.36889,True,False,False
2024-06,LRAR,1,1,0,12,departures,0.0,12.0,15,default,medium_airport,46.176136,21.264322,True,True,True
2024-06,EFLP,1,0,0,0,departures,0.0,0.0,15,default,large_airport,61.044601,28.144743,True,True,True
2024-06,LPBG,1,0,0,0,departures,0.0,0.0,15,default,medium_airport,41.8578,-6.70713,True,True,True
2024-06,EDAY,1,0,0,0,departures,0.0,0.0,15,default,small_airport,52.580555,13.916667,True,False,False
2024-06,LGKA,1,0,0,0,departures,0.0,0.0,15,default,small_airport,40.446301,21.2822,True,False,False
2024-06,EGBP,1,1,0,0,departures,0.0,0.0,15,default,small_airport,51.668528,-2.056599,True,False,False
2024-06,ULOO,1,1,0,0,departures,0.0,0.0,15,default,medium_airport,57.781316,28.39384,True,True,True
2024-06,LFAV,1,0,0,0,arrivals,0.0,0.0,15,default,medium_airport,50.327823,3.461061,True,True,True
2024-06,ENQV,1,0,0,0,arrivals,0.0,0.0,15,default,heliport,61.36972,2.45722,True,False,False
2024-06,LFRC,1,1,1,1,arrivals,1.0,1.0,15,default,medium_airport,49.650101,-1.47028,True,True,True
2024-06,LKKU,1,1,1,4,arrivals,1.0,4.0,15,default,medium_airport,49.0294,17.439699,True,True,True
2024-06,LFQA,1,0,0,0,arrivals,0.0,0.0,15,default,small_airport,49.208698,4.15658,True,False,False
2024-06,LFGF,1,1,0,0,arrivals,0.0,0.0,15,default,small_airport,47.005901,4.89342,True,False,False
2024-06,LFRD,1,1,1,1,arrivals,1.0,1.0,15,default,medium_airport,48.5877,-2.07996,True,True,True
2024-06,LFLH,1,0,0,0,arrivals,0.0,0.0,15,default,small_airport,46.825813,4.817646,True,False,False
2024-06,LZZI,1,1,0,0,arrivals,0.0,0.0,15,default,medium_airport,49.233292,18.613386,True,True,True
2024-06,LFSG,1,0,0,0,arrivals,0.0,0.0,15,default,medium_airport,48.325001,6.06998,True,True,True
2024-06,UWLL,1,0,0,0,arrivals,0.0,0.0,15,default,medium_airport,54.27016,48.225569,True,True,True
2024-06,ULPB,1,0,0,0,arrivals,0.0,0.0,15,default,medium_airport,61.885201,34.154701,True,True,True
2024-06,EDGE,1,1,1,3,arrivals,1.0,3.0,15,default,medium_airport,50.991604,10.47973,True,True,True
2024-06,ENWI,1,0,0,0,arrivals,0.0,0.0,15,default,heliport,58.92222,2.19778,True,False,False
2024-06,ENXZ,1,0,0,0,arrivals,0.0,0.0,15,default,heliport,58.416698,1.71667,True,False,False
2024-06,EKAF,1,0,0,0,arrivals,0.0,0.0,15,default,heliport,55.7905,3.9925,True,False,False
2024-06,LFAQ,1,1,0,0,arrivals,0.0,0.0,15,default,small_airport,49.970049,2.693939,True,False,False
2024-06,UGSA,1,0,0,0,arrivals,0.0,0.0,15,default,small_airport,41.921198,44.714186,True,False,False
2024-06,ENQM,1,0,0,0,arrivals,0.0,0.0,15,default,heliport,60.5075,2.01472,True,False,False
2024-06,EDFB,1,0,0,0,arrivals,0.0,0.0,15,default,small_airport,50.337973,8.878984,True,False,False
2024-06,EDAH,1,1,1,3,arrivals,1.0,3.0,15,default,medium_airport,53.8787,14.1523,True,True,True
2024-06,BIGJ,1,0,0,0,arrivals,0.0,0.0,15,default,small_airport,65.9953,-21.3269,True,False,False
2024-06,EHPK,1,0,0,0,arrivals,0.0,0.0,15,default,heliport,52.29028,3.81611,True,False,False
2024-06,EHKS,1,0,0,0,arrivals,0.0,0.0,15,default,heliport,53.27556,3.87167,True,False,False
2024-06,EDTL,1,1,0,0,arrivals,0.0,0.0,15,default,medium_airport,48.369301,7.82772,True,True,True
2024-06,OJAM,1,0,0,11,arrivals,0.0,11.0,15,default,large_airport,31.9727,35.9916,True,True,True
2024-06,EHFT,1,0,0,0,arrivals,0.0,0.0,15,default,heliport,53.81806,4.51278,True,False,False
2024-06,DTKA,1,0,0,0,arrivals,0.0,0.0,15,default,medium_airport,36.98,8.87694,True,True,True
2024-06,ENQL,1,0,0,0,arrivals,0.0,0.0,15,default,heliport,60.49833,2.07333,True,False,False
2024-06,DABT,1,0,0,0,arrivals,0.0,0.0,15,default,large_airport,35.752102,6.30859,True,True,True
2024-06,GMMB,1,0,0,0,arrivals,0.0,0.0,15,default,small_airport,33.655399,-7.22145,True,False,False
2024-06,ENXO,1,0,0,0,arrivals,0.0,0.0,15,default,heliport,59.266701,2.45,True,False,False
2024-06,LLOV,1,0,0,0,arrivals,0.0,0.0,15,default,small_airport,29.9403,34.935799,True,False,False
2024-06,LFOV,1,1,0,0,arrivals,0.0,0.0,15,default,medium_airport,48.032208,-0.743999,True,True,True
2024-06,EFPO,1,1,1,1,arrivals,1.0,1.0,15,default,medium_airport,61.4617,21.799999,True,True,True
2024-06,LDLO,1,1,0,0,arrivals,0.0,0.0,15,default,small_airport,44.566985,14.393883,True,False,False
2024-06,LKLN,1,1,0,0,arrivals,0.0,0.0,15,default,medium_airport,49.675201,13.2746,True,True,True
2024-06,UUBI,1,0,0,0,arrivals,0.0,0.0,15,default,medium_airport,56.93939971923828,40.940799713134766,True,True,True
2024-06,ENDP,1,0,0,0,arrivals,0.0,0.0,15,default,heliport,58.188099,2.47111,True,False,False
2024-06,EFLP,1,1,1,1,arrivals,1.0,1.0,15,default,large_airport,61.044601,28.144743,True,True,True
2024-06,LIRE,1,1,0,0,arrivals,0.0,0.0,15,default,medium_airport,41.654499,12.4452,True,True,True
2024-06,ENXB,1,0,0,0,arrivals,0.0,0.0,15,default,heliport,56.41859817504883,3.216939926147461,True,False,False
2024-06,LHSM,1,1,1,1,arrivals,1.0,1.0,15,default,medium_airport,46.686391,17.159084,True,True,True
2024-06,LTBU,1,1,1,1,arrivals,1.0,1.0,15,default,medium_airport,41.138199,27.9191,True,True,True
2024-06,EGXC,1,1,1,1,arrivals,1.0,1.0,15,default,medium_airport,53.092999,-0.166014,True,True,True
2024-06,LFPV,1,1,0,0,arrivals,0.0,0.0,15,default,medium_airport,48.774406,2.203102,True,True,True
2024-06,UUBC,1,0,0,0,arrivals,0.0,0.0,15,default,medium_airport,54.5499992371,36.3666687012,True,True,True
2024-06,LEDA,1,1,1,1,arrivals,1.0,1.0,15,default,medium_airport,41.728185,0.535023,True,True,True
2024-06,EHFQ,1,0,0,0,arrivals,0.0,0.0,15,default,heliport,53.96056,4.49611,True,False,False
2024-06,EDXJ,1,1,0,0,arrivals,0.0,0.0,15,default,small_airport,54.5099983215,9.13833332062,True,False,False
2024-06,UBBL,1,0,0,0,arrivals,0.0,0.0,15,default,small_airport,38.757919,48.807042,True,False,False
2024-06,EKTW,1,0,0,0,arrivals,0.0,0.0,15,default,heliport,55.716529846191406,4.750306129455566,True,False,False
2024-06,LESU,1,0,0,0,arrivals,0.0,0.0,15,default,medium_airport,42.3386,1.40917,True,True,True
2024-06,ENWG,1,0,0,0,arrivals,0.0,0.0,15,default,heliport,58.845,1.74333,True,False,False
2024-06,ENWK,1,0,0,0,arrivals,0.0,0.0,15,default,heliport,58.57139,1.69528,True,False,False
2024-06,DTTZ,1,0,0,0,arrivals,0.0,0.0,15,default,medium_airport,33.939701080322266,8.110560417175293,True,True,True
2024-06,EHPG,1,0,0,0,arrivals,0.0,0.0,15,default,heliport,52.35998,3.34192,True,False,False
2024-06,EHMR,1,0,0,0,arrivals,0.0,0.0,15,default,heliport,53.32944,4.83083,True,False,False
2024-06,LFPM,1,0,0,0,arrivals,0.0,0.0,15,default,medium_airport,48.604698,2.67112,True,True,True
2024-06,LGKZ,1,1,1,2,arrivals,1.0,2.0,15,default,medium_airport,40.286098,21.840799,True,True,True
2024-06,EHMA,1,0,0,0,arrivals,0.0,0.0,15,default,heliport,53.4911,5.9413,True,False,False
2024-06,EGTC,1,0,0,0,arrivals,0.0,0.0,15,default,medium_airport,52.072201,-0.616667,True,True,True
2024-06,ENQK,1,0,0,0,arrivals,0.0,0.0,15,default,heliport,61.08333,2.5,True,False,False
2024-06,ENXK,1,0,0,0,arrivals,0.0,0.0,15,default,heliport,56.56529998779297,3.204720020294189,True,False,False
2024-06,EHFD,1,0,0,0,arrivals,0.0,0.0,15,default,heliport,54.85306,4.69472,True,False,False
2024-06,LFGA,1,1,1,2,arrivals,1.0,2.0,15,default,medium_airport,48.109901,7.35901,True,True,True
2024-06,LILE,1,1,1,1,arrivals,1.0,1.0,15,default,medium_airport,45.4953,8.10278,True,True,True
2024-06,LOIJ,1,1,0,0,arrivals,0.0,0.0,15,default,small_airport,47.5201,12.4497,True,False,False
2024-06,EPSK,1,0,0,0,arrivals,0.0,0.0,15,default,small_airport,54.410036,17.090572,True,False,False
2024-06,HEAR,1,0,0,0,arrivals,0.0,0.0,15,default,large_airport,31.055324,33.827964,True,True,True
2024-06,ENQB,1,0,0,0,arrivals,0.0,0.0,15,default,heliport,60.773899,3.50139,True,False,False
2024-06,LFRE,1,1,0,0,arrivals,0.0,0.0,15,default,medium_airport,47.289398,-2.34639,True,True,True
2024-06,EDWI,1,0,0,0,arrivals,0.0,0.0,15,default,small_airport,53.50222,8.052222,True,False,False
2024-06,EBMB,1,1,0,0,arrivals,0.0,0.0,15,default,small_airport,50.913419,4.491005,True,False,False
2024-06,EDBJ,1,0,0,0,arrivals,0.0,0.0,15,default,small_airport,50.915345,11.714201,True,False,False
2024-06,EDLN,1,1,0,0,arrivals,0.0,0.0,15,default,medium_airport,51.230278,6.504444,True,True,True
2024-06,ETAR,1,1,1,1,arrivals,1.0,1.0,15,default,medium_airport,49.436901,7.60028,True,True,True
2024-06,HEAL,1,0,0,0,arrivals,0.0,0.0,15,default,large_airport,30.924324,28.46161,True,True,True
2024-06,GMAZ,1,0,0,0,arrivals,0.0,0.0,15,default,large_airport,30.265788,-5.860808,True,True,True
2024-06,LFBA,1,0,0,0,arrivals,0.0,0.0,15,default,medium_airport,44.174171,0.59309,True,True,True
2024-06,EHQT,1,0,0,0,arrivals,0.0,0.0,15,default,heliport,52.19111,4.13638,True,False,False
2024-06,DAAV,1,1,1,1,arrivals,1.0,1.0,15,default,large_airport,36.794125,5.873652,True,True,True
2024-06,EDAE,1,0,0,0,arrivals,0.0,0.0,15,default,small_airport,52.197199,14.585696,True,False,False
2024-06,LJPZ,1,1,1,1,arrivals,1.0,1.0,15,default,medium_airport,45.47201,13.615951,True,True,True
2024-06,ENNE,1,0,0,0,arrivals,0.0,0.0,15,default,heliport,66.03333,8.08333,True,False,False
2024-06,BIHN,1,0,0,0,arrivals,0.0,0.0,15,default,medium_airport,64.295601,-15.2272,True,True,True
2024-06,LPBJ,1,1,1,1,arrivals,1.0,1.0,15,default,medium_airport,38.078899,-7.9324,True,True,True
2024-06,LIPV,1,1,0,0,arrivals,0.0,0.0,15,default,small_airport,45.428779,12.388733,True,False,False
2024-06,LFHQ,1,1,0,0,arrivals,0.0,0.0,15,default,small_airport,45.076401,2.99361,True,False,False
2024-06,EGTB,1,1,0,0,arrivals,0.0,0.0,15,default,small_airport,51.61177,-0.808316,True,False,False
2024-06,EGQS,1,0,0,0,arrivals,0.0,0.0,15,default,medium_airport,57.7052,-3.33917,True,True,True
2024-06,LPPM,1,1,1,2,arrivals,1.0,2.0,15,default,medium_airport,37.1493,-8.58396,True,True,True
2024-06,EIWT,1,0,0,0,arrivals,0.0,0.0,15,default,medium_airport,53.351622,-6.490357,True,True,True
2024-06,EDRK,1,0,0,0,arrivals,0.0,0.0,15,default,small_airport,50.325558,7.528611,True,False,False
2024-06,LFBU,1,0,0,0,arrivals,0.0,0.0,15,default,medium_airport,45.729198,0.221456,True,True,True
2024-06,GMMD,1,0,0,0,arrivals,0.0,0.0,15,default,large_airport,32.401895,-6.315905,True,True,True
2024-06,LFPN,1,1,0,0,arrivals,0.0,0.0,15,default,medium_airport,48.7519,2.10619,True,True,True
2024-06,EKGC,1,0,0,0,arrivals,0.0,0.0,15,default,heliport,55.57984924316406,4.758889198303223,True,False,False
2024-06,ULAA,1,0,0,0,arrivals,0.0,0.0,15,default,medium_airport,64.60030364990234,40.71670150756836,True,True,True
2024-06,UMGG,1,0,0,0,arrivals,0.0,0.0,15,default,medium_airport,52.527000427246094,31.016700744628903,True,True,True
2024-06,ESGT,1,0,0,0,arrivals,0.0,0.0,15,default,medium_airport,58.31809997558594,12.345000267028809,True,True,True
2024-06,EHJM,1,0,0,0,arrivals,0.0,0.0,15,default,heliport,53.49944,3.36889,True,False,False
2024-06,LRAR,1,0,0,1,arrivals,0.0,1.0,15,default,medium_airport,46.176136,21.264322,True,True,True
2024-06,LGKA,1,1,0,0,arrivals,0.0,0.0,15,default,small_airport,40.446301,21.2822,True,False,False
2024-06,EHKP,1,0,0,0,arrivals,0.0,0.0,15,default,heliport,53.34083,3.89361,True,False,False
2024-06,USKK,1,0,0,0,arrivals,0.0,0.0,15,default,medium_airport,58.503883,49.347831,True,True,True
2024-06,ULOO,1,0,0,0,arrivals,0.0,0.0,15,default,medium_airport,57.781316,28.39384,True,True,True
2025-06,OOA,7964,477,240,396,arrivals,0.0301356102461074,0.0497237569060773,15,default,,,,False,False,False
2025-06,OOA,7892,1377,1171,1247,departures,0.1483781044095286,0.1580081094779523,15,default,,,,False,False,False
2025-06,LTFM,2282,2092,2087,2094,departures,0.9145486415425066,0.9176161262050831,15,default,large_airport,41.274874,28.732136,True,True,True
2025-06,LTFM,2258,1645,1604,1622,arrivals,0.7103631532329495,0.7183348095659876,15,default,large_airport,41.274874,28.732136,True,True,True
2025-06,EHAM,2148,2010,2007,2027,departures,0.9343575418994412,0.9436685288640596,15,default,large_airport,52.308601,4.76389,True,True,True
2025-06,EHAM,2136,1748,1723,1739,arrivals,0.8066479400749064,0.8141385767790262,15,default,large_airport,52.308601,4.76389,True,True,True
2025-06,EDDF,2094,1955,1953,1957,departures,0.9326647564469914,0.934574976122254,15,default,large_airport,50.026706,8.55835,True,True,True
2025-06,EDDF,2091,1587,1575,1590,arrivals,0.7532281205164992,0.7604017216642754,15,default,large_airport,50.026706,8.55835,True,True,True
2025-06,LFPG,2084,1922,1917,1928,departures,0.919865642994242,0.9251439539347408,15,default,large_airport,49.00896,2.554117,True,True,True
2025-06,LFPG,2066,1579,1561,1571,arrivals,0.755566311713456,0.760406582768635,15,default,large_airport,49.00896,2.554117,True,True,True
2025-06,EGLL,2001,1853,1852,1881,departures,0.925537231384308,0.9400299850074962,15,default,large_airport,51.470748,-0.459909,True,True,True
2025-06,EGLL,1986,1296,1284,1362,arrivals,0.6465256797583081,0.6858006042296072,15,default,large_airport,51.470748,-0.459909,True,True,True
2025-06,LEMD,1786,1447,1392,1421,arrivals,0.7793952967525196,0.7956326987681971,15,default,large_airport,40.493407,-3.572249,True,True,True
2025-06,LEMD,1773,1627,1624,1631,departures,0.915961646926114,0.9199097574732092,15,default,large_airport,40.493407,-3.572249,True,True,True
2025-06,LEBL,1597,1365,1334,1359,arrivals,0.8353162179085786,0.8509705698184096,15,default,large_airport,41.2971,2.07846,True,True,True
2025-06,LEBL,1591,1486,1483,1486,departures,0.9321181646763044,0.9340037712130737,15,default,large_airport,41.2971,2.07846,True,True,True
2025-06,EDDM,1573,1458,1453,1456,departures,0.9237126509853782,0.9256198347107438,15,default,large_airport,48.353802,11.7861,True,True,True
2025-06,EDDM,1571,1261,1244,1258,arrivals,0.7918523233609166,0.800763844684914,15,default,large_airport,48.353802,11.7861,True,True,True
2025-06,LIRF,1449,1332,1332,1332,departures,0.9192546583850932,0.9192546583850932,15,default,large_airport,41.804532,12.251998,True,True,True
2025-06,LTAI,1437,920,906,914,arrivals,0.6304801670146137,0.6360473208072372,15,default,large_airport,36.898701,30.800501,True,True,True
2025-06,LEPA,1436,1241,1219,1250,arrivals,0.8488857938718662,0.8704735376044568,15,default,large_airport,39.551701,2.73881,True,True,True
2025-06,LTAI,1435,1267,1266,1277,departures,0.8822299651567944,0.8898954703832752,15,default,large_airport,36.898701,30.800501,True,True,True
2025-06,LIRF,1433,1127,1119,1123,arrivals,0.7808792742498255,0.7836706210746686,15,default,large_airport,41.804532,12.251998,True,True,True
2025-06,LEPA,1417,1269,1265,1271,departures,0.8927311220889202,0.8969654199011997,15,default,large_airport,39.551701,2.73881,True,True,True
2025-06,LGAV,1317,706,686,698,arrivals,0.5208807896735004,0.5299924069855733,15,default,large_airport,37.936401,23.9445,True,True,True
2025-06,LGAV,1306,1102,1102,1109,departures,0.8437978560490046,0.8491577335375191,15,default,large_airport,37.936401,23.9445,True,True,True
2025-06,EGKK,1223,1162,1160,1162,departures,0.9484873262469338,0.9501226492232216,15,default,large_airport,51.148744,-0.185739,True,True,True
2025-06,EGKK,1220,1011,1007,1008,arrivals,0.8254098360655737,0.8262295081967214,15,default,large_airport,51.148744,-0.185739,True,True,True
2025-06,EIDW,1188,1007,995,1002,arrivals,0.8375420875420876,0.8434343434343434,15,default,large_airport,53.428713,-6.262121,True,True,True
2025-06,EIDW,1185,1101,1098,1101,departures,0.9265822784810128,0.9291139240506328,15,default,large_airport,53.428713,-6.262121,True,True,True
2025-06,LSZH,1178,1093,1082,1090,departures,0.9185059422750425,0.9252971137521222,15,default,large_airport,47.458056,8.548056,True,True,True
2025-06,LSZH,1160,952,924,945,arrivals,0.7965517241379311,0.8146551724137931,15,default,large_airport,47.458056,8.548056,True,True,True
2025-06,LOWW,1156,1063,1057,1065,departures,0.9143598615916956,0.921280276816609,15,default,large_airport,48.110298,16.5697,True,True,True
2025-06,EKCH,1152,953,942,946,arrivals,0.8177083333333334,0.8211805555555556,15,default,large_airport,55.617900848389,12.656000137329,True,True,True
2025-06,LOWW,1145,841,822,830,arrivals,0.7179039301310044,0.7248908296943232,15,default,large_airport,48.110298,16.5697,True,True,True
2025-06,EKCH,1140,1060,1059,1061,departures,0.9289473684210526,0.9307017543859648,15,default,large_airport,55.617900848389,12.656000137329,True,True,True
2025-06,LTFJ,1138,880,867,878,arrivals,0.7618629173989455,0.7715289982425307,15,default,large_airport,40.898602,29.3092,True,True,True
2025-06,LTFJ,1137,1069,1068,1078,departures,0.9393139841688656,0.9481090589270008,15,default,large_airport,40.898602,29.3092,True,True,True
2025-06,LPPT,1010,918,917,917,departures,0.907920792079208,0.907920792079208,15,default,large_airport,38.7813,-9.13592,True,True,True
2025-06,LPPT,1001,817,813,813,arrivals,0.8121878121878122,0.8121878121878122,15,default,large_airport,38.7813,-9.13592,True,True,True
2025-06,LFPO,992,902,902,909,departures,0.9092741935483872,0.9163306451612904,15,default,large_airport,48.729499,2.358963,True,True,True
2025-06,LFPO,991,848,847,854,arrivals,0.8546922300706358,0.8617558022199798,15,default,large_airport,48.729499,2.358963,True,True,True
2025-06,LIMC,973,895,894,898,departures,0.918807810894142,0.9229188078108942,15,default,large_airport,45.6306,8.72811,True,True,True
2025-06,LIMC,967,720,704,719,arrivals,0.7280248190279214,0.7435367114788004,15,default,large_airport,45.6306,8.72811,True,True,True
2025-06,ENGM,940,830,820,829,arrivals,0.8723404255319149,0.8819148936170212,15,default,large_airport,60.193901,11.1004,True,True,True
2025-06,ENGM,932,878,878,884,departures,0.94206008583691,0.9484978540772532,15,default,large_airport,60.193901,11.1004,True,True,True
2025-06,EGCC,926,846,843,847,departures,0.91036717062635,0.9146868250539956,15,default,large_airport,53.349375,-2.279521,True,True,True
2025-06,EGCC,924,627,613,623,arrivals,0.6634199134199135,0.6742424242424242,15,default,large_airport,53.349375,-2.279521,True,True,True
2025-06,EGSS,888,772,760,768,arrivals,0.8558558558558559,0.8648648648648649,15,default,large_airport,51.884998,0.235,True,True,True
2025-06,EGSS,885,842,842,843,departures,0.9514124293785312,0.952542372881356,15,default,large_airport,51.884998,0.235,True,True,True
2025-06,EPWA,880,697,664,665,arrivals,0.7545454545454545,0.7556818181818182,15,default,large_airport,52.165699,20.9671,True,True,True
2025-06,EPWA,875,825,822,827,departures,0.9394285714285714,0.9451428571428572,15,default,large_airport,52.165699,20.9671,True,True,True
2025-06,EBBR,872,813,812,826,departures,0.9311926605504588,0.9472477064220184,15,default,large_airport,50.901402,4.48444,True,True,True
2025-06,EBBR,871,717,702,723,arrivals,0.8059701492537313,0.8300803673938002,15,default,large_airport,50.901402,4.48444,True,True,True
2025-06,EDDB,870,802,798,807,departures,0.9172413793103448,0.9275862068965516,15,default,large_airport,52.361738,13.502341,True,True,True
2025-06,LEMG,861,737,728,738,arrivals,0.8455284552845529,0.8571428571428571,15,default,large_airport,36.6749,-4.49911,True,True,True
2025-06,LEMG,850,783,783,783,departures,0.9211764705882352,0.9211764705882352,15,default,large_airport,36.6749,-4.49911,True,True,True
2025-06,ESSA,841,681,675,681,arrivals,0.8026159334126041,0.8097502972651606,15,default,large_airport,59.64849,17.928829,True,True,True
2025-06,EDDB,840,718,704,717,arrivals,0.8380952380952381,0.8535714285714285,15,default,large_airport,52.361738,13.502341,True,True,True
2025-06,ESSA,820,754,749,753,departures,0.9134146341463416,0.9182926829268292,15,default,large_airport,59.64849,17.928829,True,True,True
2025-06,EDDL,758,707,706,716,departures,0.9313984168865436,0.9445910290237468,15,default,large_airport,51.289501,6.76678,True,True,True
2025-06,EDDL,751,642,632,639,arrivals,0.8415446071904128,0.8508655126498003,15,default,large_airport,51.289501,6.76678,True,True,True
2025-06,LFMN,710,610,568,661,arrivals,0.8,0.9309859154929576,15,default,large_airport,43.658401,7.21587,True,True,True
2025-06,LFMN,707,644,632,702,departures,0.8939179632248939,0.9929278642149928,15,default,large_airport,43.658401,7.21587,True,True,True
2025-06,LSGG,680,618,609,625,departures,0.8955882352941177,0.9191176470588236,15,default,large_airport,46.238098,6.10895,True,True,True
2025-06,LSGG,670,566,536,564,arrivals,0.8,0.8417910447761194,15,default,large_airport,46.238098,6.10895,True,True,True
2025-06,LKPR,667,608,606,608,departures,0.9085457271364318,0.9115442278860568,15,default,large_airport,50.100874,14.259911,True,True,True
2025-06,EFHK,666,554,544,552,arrivals,0.8168168168168168,0.8288288288288288,15,default,large_airport,60.318363,24.963341,True,True,True
2025-06,EFHK,659,625,624,631,departures,0.9468892261001516,0.9575113808801214,15,default,large_airport,60.318363,24.963341,True,True,True
2025-06,LKPR,657,529,522,531,arrivals,0.7945205479452054,0.8082191780821918,15,default,large_airport,50.100874,14.259911,True,True,True
2025-06,LEAL,599,564,562,562,departures,0.9382303839732888,0.9382303839732888,15,default,large_airport,38.2822,-0.558156,True,True,True
2025-06,LEAL,599,542,536,537,arrivals,0.8948247078464107,0.8964941569282137,15,default,large_airport,38.2822,-0.558156,True,True,True
2025-06,EGPH,584,492,488,491,arrivals,0.8356164383561644,0.8407534246575342,15,default,large_airport,55.950145,-3.372288,True,True,True
2025-06,LHBP,578,532,529,530,departures,0.9152249134948096,0.916955017301038,15,default,large_airport,47.43018,19.262393,True,True,True
2025-06,EGPH,577,533,532,532,departures,0.9220103986135182,0.9220103986135182,15,default,large_airport,55.950145,-3.372288,True,True,True
2025-06,LHBP,577,234,228,234,arrivals,0.3951473136915078,0.4055459272097054,15,default,large_airport,47.43018,19.262393,True,True,True
2025-06,EGGW,552,446,428,446,arrivals,0.7753623188405797,0.8079710144927537,15,default,large_airport,51.874699,-0.368333,True,True,True
2025-06,EGGW,550,501,499,502,departures,0.9072727272727272,0.9127272727272728,15,default,large_airport,51.874699,-0.368333,True,True,True
2025-06,EDDH,538,502,497,509,departures,0.9237918215613384,0.9460966542750928,15,default,large_airport,53.630402,9.98823,True,True,True
2025-06,EDDH,532,460,451,460,arrivals,0.8477443609022557,0.8646616541353384,15,default,large_airport,53.630402,9.98823,True,True,True
2025-06,GCLP,521,84,0,0,arrivals,0.0,0.0,15,default,large_airport,27.9319,-15.3866,True,True,True
2025-06,GCLP,520,19,0,0,departures,0.0,0.0,15,default,large_airport,27.9319,-15.3866,True,True,True
2025-06,LLBG,516,353,351,363,arrivals,0.6802325581395349,0.7034883720930233,15,default,large_airport,32.011398,34.8867,True,True,True
2025-06,EDDK,515,468,466,472,departures,0.9048543689320389,0.916504854368932,15,default,large_airport,50.865898,7.14274,True,True,True
2025-06,LLBG,513,463,463,465,departures,0.9025341130604289,0.9064327485380116,15,default,large_airport,32.011398,34.8867,True,True,True
2025-06,LPPR,513,475,471,471,departures,0.9181286549707602,0.9181286549707602,15,default,large_airport,41.2481002808,-8.68138980865,True,True,True
2025-06,LPPR,512,440,434,438,arrivals,0.84765625,0.85546875,15,default,large_airport,41.2481002808,-8.68138980865,True,True,True
2025-06,EDDK,509,417,409,421,arrivals,0.8035363457760314,0.8271119842829077,15,default,large_airport,50.865898,7.14274,True,True,True
2025-06,LEIB,509,442,420,437,arrivals,0.825147347740668,0.8585461689587426,15,default,large_airport,38.872898,1.37312,True,True,True
2025-06,LROP,509,424,419,425,arrivals,0.8231827111984283,0.8349705304518664,15,default,large_airport,44.571792,26.103285,True,True,True
2025-06,LROP,504,455,454,454,departures,0.9007936507936508,0.9007936507936508,15,default,large_airport,44.571792,26.103285,True,True,True
2025-06,LEIB,495,443,440,444,departures,0.8888888888888888,0.896969696969697,15,default,large_airport,38.872898,1.37312,True,True,True
2025-06,EGBB,474,444,444,444,departures,0.9367088607594936,0.9367088607594936,15,default,large_airport,52.453899,-1.74803,True,True,True
2025-06,EGBB,466,386,379,381,arrivals,0.8133047210300429,0.8175965665236051,15,default,large_airport,52.453899,-1.74803,True,True,True
2025-06,LIML,465,393,375,401,arrivals,0.8064516129032258,0.8623655913978494,15,default,large_airport,45.445099,9.27674,True,True,True
2025-06,LIME,460,408,406,407,arrivals,0.8826086956521739,0.8847826086956522,15,default,large_airport,45.669362,9.708851,True,True,True
2025-06,LIML,458,411,404,408,departures,0.8820960698689956,0.8908296943231441,15,default,large_airport,45.445099,9.27674,True,True,True
2025-06,LIME,453,433,433,433,departures,0.955849889624724,0.955849889624724,15,default,large_airport,45.669362,9.708851,True,True,True
2025-06,LIRN,449,342,339,340,departures,0.755011135857461,0.7572383073496659,15,default,large_airport,40.886002,14.2908,True,True,True
2025-06,LIRN,447,184,162,164,arrivals,0.3624161073825503,0.3668903803131991,15,default,large_airport,40.886002,14.2908,True,True,True
2025-06,LFML,445,351,347,356,arrivals,0.7797752808988764,0.8,15,default,large_airport,43.438088,5.2125,True,True,True
2025-06,LFML,444,396,394,395,departures,0.8873873873873874,0.8896396396396397,15,default,large_airport,43.438088,5.2125,True,True,True
2025-06,EDDS,440,383,379,386,departures,0.8613636363636363,0.8772727272727273,15,default,large_airport,48.689899,9.22196,True,True,True
2025-06,EDDS,433,357,344,353,arrivals,0.7944572748267898,0.815242494226328,15,default,large_airport,48.689899,9.22196,True,True,True
2025-06,LGIR,430,9,0,0,arrivals,0.0,0.0,15,default,large_airport,35.339699,25.1803,True,True,True
2025-06,LGIR,424,4,0,0,departures,0.0,0.0,15,default,large_airport,35.339699,25.1803,True,True,True
2025-06,LIPZ,412,381,381,382,departures,0.924757281553398,0.9271844660194176,15,default,large_airport,45.505299,12.3519,True,True,True
2025-06,LFLL,412,353,353,365,arrivals,0.8567961165048543,0.8859223300970874,15,default,large_airport,45.725996,5.090139,True,True,True
2025-06,LFLL,411,381,381,392,departures,0.927007299270073,0.9537712895377128,15,default,large_airport,45.725996,5.090139,True,True,True
2025-06,LIPZ,409,349,343,348,arrivals,0.8386308068459658,0.8508557457212714,15,default,large_airport,45.505299,12.3519,True,True,True
2025-06,LPFR,407,373,369,377,arrivals,0.9066339066339066,0.9262899262899262,15,default,large_airport,37.015909,-7.970939,True,True,True
2025-06,LPFR,405,379,376,379,departures,0.928395061728395,0.9358024691358025,15,default,large_airport,37.015909,-7.970939,True,True,True
2025-06,LYBE,395,314,312,322,arrivals,0.789873417721519,0.8151898734177215,15,default,large_airport,44.818401,20.309099,True,True,True
2025-06,LYBE,394,359,358,360,departures,0.9086294416243654,0.9137055837563453,15,default,large_airport,44.818401,20.309099,True,True,True
2025-06,LICC,391,313,307,311,arrivals,0.7851662404092071,0.7953964194373402,15,default,large_airport,37.466801,15.0664,True,True,True
2025-06,LICC,390,346,346,347,departures,0.8871794871794871,0.8897435897435897,15,default,large_airport,37.466801,15.0664,True,True,True
2025-06,LTAC,381,6,0,0,departures,0.0,0.0,15,default,large_airport,40.128101,32.995098,True,True,True
2025-06,LIPE,380,355,354,354,departures,0.9315789473684212,0.9315789473684212,15,default,large_airport,44.5354,11.2887,True,True,True
2025-06,LIPE,376,339,336,339,arrivals,0.8936170212765957,0.901595744680851,15,default,large_airport,44.5354,11.2887,True,True,True
2025-06,LTAC,374,2,0,0,arrivals,0.0,0.0,15,default,large_airport,40.128101,32.995098,True,True,True
2025-06,LCLK,368,303,300,302,departures,0.8152173913043478,0.8206521739130435,15,default,large_airport,34.875099,33.624901,True,True,True
2025-06,LCLK,367,289,283,290,arrivals,0.771117166212534,0.7901907356948229,15,default,large_airport,34.875099,33.624901,True,True,True
2025-06,EPKK,360,335,333,336,departures,0.925,0.9333333333333332,15,default,large_airport,50.077702,19.7848,True,True,True
2025-06,GMMN,360,272,271,327,departures,0.7527777777777778,0.9083333333333332,15,default,large_airport,33.3675,-7.58997,True,True,True
2025-06,EGGD,360,311,307,309,arrivals,0.8527777777777777,0.8583333333333333,15,default,large_airport,51.382326,-2.716453,True,True,True
2025-06,EGGD,359,340,339,340,departures,0.9442896935933148,0.947075208913649,15,default,large_airport,51.382326,-2.716453,True,True,True
2025-06,ENBR,357,273,271,285,arrivals,0.7591036414565826,0.7983193277310925,15,default,large_airport,60.2934,5.21814,True,True,True
2025-06,GMMN,357,255,248,311,arrivals,0.6946778711484594,0.8711484593837535,15,default,large_airport,33.3675,-7.58997,True,True,True
2025-06,LEVC,357,313,304,307,arrivals,0.8515406162464986,0.8599439775910365,15,default,large_airport,39.489162,-0.480961,True,True,True
2025-06,EPKK,356,242,235,235,arrivals,0.6601123595505618,0.6601123595505618,15,default,large_airport,50.077702,19.7848,True,True,True
2025-06,LEVC,355,317,317,317,departures,0.8929577464788733,0.8929577464788733,15,default,large_airport,39.489162,-0.480961,True,True,True
2025-06,LFSB,354,325,324,326,departures,0.9152542372881356,0.9209039548022598,15,default,large_airport,47.60068,7.521117,True,True,True
2025-06,LFSB,352,302,298,300,arrivals,0.8465909090909091,0.8522727272727273,15,default,large_airport,47.60068,7.521117,True,True,True
2025-06,ENBR,349,281,280,290,departures,0.8022922636103151,0.830945558739255,15,default,large_airport,60.2934,5.21814,True,True,True
2025-06,LTBJ,346,285,285,285,departures,0.8236994219653179,0.8236994219653179,15,default,large_airport,38.2924,27.157,True,True,True
2025-06,LGRP,346,296,290,295,arrivals,0.838150289017341,0.8526011560693642,15,default,large_airport,36.405399,28.086201,True,True,True
2025-06,EGPF,346,270,267,270,arrivals,0.7716763005780347,0.7803468208092486,15,default,large_airport,55.871899,-4.43306,True,True,True
2025-06,EGPF,344,287,285,287,departures,0.8284883720930233,0.8343023255813954,15,default,large_airport,55.871899,-4.43306,True,True,True
2025-06,LTBJ,341,222,217,218,arrivals,0.6363636363636364,0.6392961876832844,15,default,large_airport,38.2924,27.157,True,True,True
2025-06,LGRP,340,312,312,317,departures,0.9176470588235294,0.9323529411764706,15,default,large_airport,36.405399,28.086201,True,True,True
2025-06,LMML,326,294,293,294,departures,0.8987730061349694,0.901840490797546,15,default,large_airport,35.845932,14.491546,True,True,True
2025-06,LMML,326,284,279,287,arrivals,0.8558282208588958,0.8803680981595092,15,default,large_airport,35.845932,14.491546,True,True,True
2025-06,GCTS,323,3,0,0,arrivals,0.0,0.0,15,default,large_airport,28.0445,-16.5725,True,True,True
2025-06,LATI,323,14,0,0,arrivals,0.0,0.0,15,default,large_airport,41.4147,19.7206,True,True,True
2025-06,GCTS,321,4,0,0,departures,0.0,0.0,15,default,large_airport,28.0445,-16.5725,True,True,True
2025-06,GCXO,320,68,68,271,arrivals,0.2125,0.846875,15,default,large_airport,28.482752,-16.341707,True,True,True
2025-06,GCXO,319,277,277,299,departures,0.8683385579937304,0.9373040752351096,15,default,large_airport,28.482752,-16.341707,True,True,True
2025-06,LATI,316,6,0,0,departures,0.0,0.0,15,default,large_airport,41.4147,19.7206,True,True,True
2025-06,LICJ,314,194,192,198,arrivals,0.6114649681528662,0.6305732484076433,15,default,large_airport,38.175999,13.091,True,True,True
2025-06,LICJ,310,254,253,254,departures,0.8161290322580645,0.8193548387096774,15,default,large_airport,38.175999,13.091,True,True,True
2025-06,EBCI,304,290,290,290,departures,0.9539473684210528,0.9539473684210528,15,default,large_airport,50.461963,4.459562,True,True,True
2025-06,EBCI,303,276,273,273,arrivals,0.900990099009901,0.900990099009901,15,default,large_airport,50.461963,4.459562,True,True,True
2025-06,BIKF,297,275,272,290,departures,0.915824915824916,0.9764309764309764,15,default,large_airport,63.985001,-22.6056,True,True,True
2025-06,BIKF,296,94,91,156,arrivals,0.3074324324324324,0.527027027027027,15,default,large_airport,63.985001,-22.6056,True,True,True
2025-06,ELLX,294,280,280,280,departures,0.9523809523809524,0.9523809523809524,15,default,large_airport,49.626845,6.212134,True,True,True
2025-06,ELLX,294,227,224,229,arrivals,0.7619047619047619,0.7789115646258503,15,default,large_airport,49.626845,6.212134,True,True,True
2025-06,LFBO,293,275,275,277,departures,0.938566552901024,0.9453924914675768,15,default,large_airport,43.629101,1.36382,True,True,True
2025-06,LFBO,290,268,265,268,arrivals,0.913793103448276,0.9241379310344828,15,default,large_airport,43.629101,1.36382,True,True,True
2025-06,LGTS,281,231,231,233,arrivals,0.8220640569395018,0.8291814946619217,15,default,large_airport,40.51928,22.970009,True,True,True
2025-06,LTBS,280,51,46,47,arrivals,0.1642857142857142,0.1678571428571428,15,default,large_airport,36.7131,28.7925,True,True,True
2025-06,LGTS,279,231,230,231,departures,0.8243727598566308,0.8279569892473119,15,default,large_airport,40.51928,22.970009,True,True,True
2025-06,GMMX,279,43,34,36,arrivals,0.1218637992831541,0.1290322580645161,15,default,large_airport,31.604807,-8.035788,True,True,True
2025-06,GMMX,278,84,78,79,departures,0.2805755395683453,0.2841726618705036,15,default,large_airport,31.604807,-8.035788,True,True,True
2025-06,EVRA,278,209,203,207,arrivals,0.7302158273381295,0.7446043165467626,15,default,large_airport,56.920752,23.970711,True,True,True
2025-06,LEZL,276,251,240,242,arrivals,0.8695652173913043,0.8768115942028986,15,default,large_airport,37.417999,-5.89311,True,True,True
2025-06,LEZL,275,258,257,258,departures,0.9345454545454546,0.9381818181818182,15,default,large_airport,37.417999,-5.89311,True,True,True
2025-06,EVRA,273,252,252,254,departures,0.9230769230769232,0.9304029304029304,15,default,large_airport,56.920752,23.970711,True,True,True
2025-06,LTBS,273,200,200,200,departures,0.7326007326007326,0.7326007326007326,15,default,large_airport,36.7131,28.7925,True,True,True
2025-06,LBSF,272,120,120,120,departures,0.4411764705882353,0.4411764705882353,15,default,large_airport,42.696357,23.417671,True,True,True
2025-06,GCRR,269,1,0,0,departures,0.0,0.0,15,default,large_airport,28.945499,-13.6052,True,True,True
2025-06,GCRR,269,22,0,0,arrivals,0.0,0.0,15,default,large_airport,28.945499,-13.6052,True,True,True
2025-06,EGNX,267,241,240,240,departures,0.898876404494382,0.898876404494382,15,default,large_airport,52.8311,-1.32806,True,True,True
2025-06,LBSF,267,48,44,45,arrivals,0.1647940074906367,0.1685393258426966,15,default,large_airport,42.696357,23.417671,True,True,True
2025-06,EDDP,261,202,198,209,arrivals,0.7586206896551724,0.8007662835249042,15,default,large_airport,51.420657,12.232705,True,True,True
2025-06,EPKT,259,239,236,236,departures,0.9111969111969112,0.9111969111969112,15,default,large_airport,50.476015,19.080705,True,True,True
2025-06,HEGN,258,2,0,0,arrivals,0.0,0.0,15,default,large_airport,27.176776,33.796692,True,True,True
2025-06,HEGN,257,0,0,0,departures,0.0,0.0,15,default,large_airport,27.176776,33.796692,True,True,True
2025-06,UGTB,257,152,147,184,departures,0.5719844357976653,0.7159533073929961,15,default,large_airport,41.669201,44.9547,True,True,True
2025-06,LFRS,257,236,230,230,arrivals,0.8949416342412452,0.8949416342412452,15,default,medium_airport,47.153198,-1.61073,True,True,True
2025-06,EPKT,257,203,198,199,arrivals,0.7704280155642024,0.77431906614786,15,default,large_airport,50.476015,19.080705,True,True,True
2025-06,UGTB,257,68,58,101,arrivals,0.22568093385214,0.3929961089494163,15,default,large_airport,41.669201,44.9547,True,True,True
2025-06,LFRS,256,241,241,242,departures,0.94140625,0.9453125,15,default,medium_airport,47.153198,-1.61073,True,True,True
2025-06,EDDP,256,233,232,234,departures,0.90625,0.9140625,15,default,large_airport,51.420657,12.232705,True,True,True
2025-06,EGNX,255,206,201,210,arrivals,0.788235294117647,0.8235294117647058,15,default,large_airport,52.8311,-1.32806,True,True,True
2025-06,LIEO,252,159,144,154,arrivals,0.5714285714285714,0.6111111111111112,15,default,large_airport,40.898953,9.518457,True,True,True
2025-06,EPGD,248,48,38,38,departures,0.1532258064516129,0.1532258064516129,15,default,large_airport,54.377602,18.4662,True,True,True
2025-06,LGKR,247,150,146,163,arrivals,0.5910931174089069,0.659919028340081,15,default,large_airport,39.60145,19.912179,True,True,True
2025-06,EGAA,246,208,201,204,arrivals,0.8170731707317073,0.8292682926829268,15,default,large_airport,54.6575012207,-6.21582984924,True,True,True
2025-06,LGKR,244,201,200,202,departures,0.819672131147541,0.8278688524590164,15,default,large_airport,39.60145,19.912179,True,True,True
2025-06,HECA,244,50,36,36,departures,0.1475409836065573,0.1475409836065573,15,default,large_airport,30.111534,31.396694,True,True,True
2025-06,EPGD,244,47,2,4,arrivals,0.0081967213114754,0.0163934426229508,15,default,large_airport,54.377602,18.4662,True,True,True
2025-06,EGAA,239,216,216,218,departures,0.9037656903765692,0.9121338912133892,15,default,large_airport,54.6575012207,-6.21582984924,True,True,True
2025-06,ENZV,236,128,128,133,departures,0.5423728813559322,0.5635593220338984,15,default,large_airport,58.876701,5.63778,True,True,True
2025-06,ENZV,236,82,72,79,arrivals,0.3050847457627119,0.3347457627118644,15,default,large_airport,58.876701,5.63778,True,True,True
2025-06,LEBB,235,144,33,48,arrivals,0.1404255319148936,0.2042553191489361,15,default,large_airport,43.301102,-2.91061,True,True,True
2025-06,LEBB,234,149,141,143,departures,0.6025641025641025,0.6111111111111112,15,default,large_airport,43.301102,-2.91061,True,True,True
2025-06,LTFE,232,176,170,176,arrivals,0.7327586206896551,0.7586206896551724,15,default,large_airport,37.249314,27.66401,True,True,True
2025-06,HECA,231,116,70,73,arrivals,0.303030303030303,0.316017316017316,15,default,large_airport,30.111534,31.396694,True,True,True
2025-06,LFPB,230,188,170,184,departures,0.7391304347826086,0.8,15,default,large_airport,48.962276,2.436539,True,True,True
2025-06,LIBD,229,4,0,0,arrivals,0.0,0.0,15,default,large_airport,41.138901,16.760599,True,True,True
2025-06,LIEO,228,158,154,156,departures,0.6754385964912281,0.6842105263157895,15,default,large_airport,40.898953,9.518457,True,True,True
2025-06,LIBD,228,1,0,0,departures,0.0,0.0,15,default,large_airport,41.138901,16.760599,True,True,True
2025-06,LIRP,228,204,193,201,arrivals,0.8464912280701754,0.881578947368421,15,default,large_airport,43.683899,10.3927,True,True,True
2025-06,UUWW,227,15,3,3,arrivals,0.013215859030837,0.013215859030837,15,default,large_airport,55.591499,37.261501,True,True,True
2025-06,LEMH,226,203,201,205,arrivals,0.8893805309734514,0.9070796460176992,15,default,large_airport,39.862598,4.21865,True,True,True
2025-06,LFBD,225,208,207,212,departures,0.92,0.9422222222222222,15,default,large_airport,44.82865,-0.715356,True,True,True
2025-06,LFPB,225,169,123,167,arrivals,0.5466666666666666,0.7422222222222222,15,default,large_airport,48.962276,2.436539,True,True,True
2025-06,LEMH,222,202,202,202,departures,0.90990990990991,0.90990990990991,15,default,large_airport,39.862598,4.21865,True,True,True
2025-06,LIRP,220,209,209,216,departures,0.95,0.9818181818181818,15,default,large_airport,43.683899,10.3927,True,True,True
2025-06,LTFE,220,183,179,181,departures,0.8136363636363636,0.8227272727272728,15,default,large_airport,37.249314,27.66401,True,True,True
2025-06,ENVA,219,190,175,177,arrivals,0.7990867579908676,0.8082191780821918,15,default,large_airport,63.457802,10.924,True,True,True
2025-06,LFBD,219,197,192,203,arrivals,0.8767123287671232,0.9269406392694064,15,default,large_airport,44.82865,-0.715356,True,True,True
2025-06,ENVA,217,197,185,187,departures,0.8525345622119815,0.8617511520737328,15,default,large_airport,63.457802,10.924,True,True,True
2025-06,LUKK,217,0,0,0,departures,0.0,0.0,15,default,large_airport,46.92774,28.931704,True,True,True
2025-06,LUKK,217,27,0,0,arrivals,0.0,0.0,15,default,large_airport,46.92774,28.931704,True,True,True
2025-06,LDSP,216,1,0,0,departures,0.0,0.0,15,default,large_airport,43.538898,16.298,True,True,True
2025-06,ESGG,216,201,200,200,departures,0.925925925925926,0.925925925925926,15,default,large_airport,57.6628,12.2798,True,True,True
2025-06,UUWW,216,12,4,5,departures,0.0185185185185185,0.0231481481481481,15,default,large_airport,55.591499,37.261501,True,True,True
2025-06,LDZA,215,190,190,191,departures,0.8837209302325582,0.8883720930232558,15,default,large_airport,45.742901,16.0688,True,True,True
2025-06,LDSP,215,8,1,2,arrivals,0.0046511627906976,0.0093023255813953,15,default,large_airport,43.538898,16.298,True,True,True
2025-06,LDZA,215,179,176,178,arrivals,0.8186046511627907,0.827906976744186,15,default,large_airport,45.742901,16.0688,True,True,True
2025-06,ESGG,214,187,184,186,arrivals,0.8598130841121495,0.8691588785046729,15,default,large_airport,57.6628,12.2798,True,True,True
2025-06,UUEE,214,4,2,22,arrivals,0.0093457943925233,0.102803738317757,15,default,large_airport,55.976858,37.41121,True,True,True
2025-06,EDDV,213,204,202,202,departures,0.9483568075117372,0.9483568075117372,15,default,large_airport,52.461102,9.68508,True,True,True
2025-06,GCFV,212,0,0,0,departures,0.0,0.0,15,default,large_airport,28.4527,-13.8638,True,True,True
2025-06,UUEE,212,69,69,74,departures,0.3254716981132075,0.3490566037735849,15,default,large_airport,55.976858,37.41121,True,True,True
2025-06,EGNT,211,181,181,181,departures,0.8578199052132701,0.8578199052132701,15,default,large_airport,55.037958,-1.689577,True,True,True
2025-06,EGNT,211,158,157,158,arrivals,0.7440758293838863,0.7488151658767772,15,default,large_airport,55.037958,-1.689577,True,True,True
2025-06,GCFV,211,24,0,0,arrivals,0.0,0.0,15,default,large_airport,28.4527,-13.8638,True,True,True
2025-06,EDDV,209,184,181,184,arrivals,0.8660287081339713,0.8803827751196173,15,default,large_airport,52.461102,9.68508,True,True,True
2025-06,EGGP,208,188,184,189,departures,0.8846153846153846,0.908653846153846,15,default,large_airport,53.334863,-2.849637,True,True,True
2025-06,EGGP,206,173,165,174,arrivals,0.8009708737864077,0.8446601941747572,15,default,large_airport,53.334863,-2.849637,True,True,True
2025-06,LIRQ,202,169,168,172,departures,0.8316831683168316,0.8514851485148515,15,default,large_airport,43.808558,11.202822,True,True,True
2025-06,EDDN,201,182,179,183,departures,0.8905472636815921,0.9104477611940298,15,default,large_airport,49.498699,11.078056,True,True,True
2025-06,EDDN,199,160,157,168,arrivals,0.7889447236180904,0.8442211055276382,15,default,large_airport,49.498699,11.078056,True,True,True
2025-06,LGSA,199,109,108,108,arrivals,0.542713567839196,0.542713567839196,15,default,large_airport,35.531207,24.150673,True,True,True
2025-06,EGLC,198,182,182,251,departures,0.9191919191919192,1.2676767676767675,15,default,medium_airport,51.505299,0.055278,True,True,True
2025-06,LIRQ,198,164,154,157,arrivals,0.7777777777777778,0.7929292929292929,15,default,large_airport,43.808558,11.202822,True,True,True
2025-06,LGSA,196,185,185,187,departures,0.9438775510204082,0.9540816326530612,15,default,large_airport,35.531207,24.150673,True,True,True
2025-06,LIEE,195,46,39,39,arrivals,0.2,0.2,15,default,large_airport,39.251499,9.05428,True,True,True
2025-06,EPWR,194,157,157,158,arrivals,0.8092783505154639,0.8144329896907216,15,default,large_airport,51.103719,16.882096,True,True,True
2025-06,EPWR,193,178,178,179,departures,0.922279792746114,0.927461139896373,15,default,large_airport,51.103719,16.882096,True,True,True
2025-06,EGNM,193,155,153,156,arrivals,0.7927461139896373,0.8082901554404145,15,default,large_airport,53.865898,-1.66057,True,True,True
2025-06,UDYZ,192,4,0,0,departures,0.0,0.0,15,default,large_airport,40.148941,44.397887,True,True,True
2025-06,UDYZ,192,2,0,0,arrivals,0.0,0.0,15,default,large_airport,40.148941,44.397887,True,True,True
2025-06,EHEH,191,184,182,182,departures,0.9528795811518324,0.9528795811518324,15,default,large_airport,51.4500999451,5.37452983856,True,True,True
2025-06,LIEE,191,85,84,84,departures,0.4397905759162304,0.4397905759162304,15,default,large_airport,39.251499,9.05428,True,True,True
2025-06,EGNM,190,178,177,177,departures,0.9315789473684212,0.9315789473684212,15,default,large_airport,53.865898,-1.66057,True,True,True
2025-06,EHEH,190,173,169,169,arrivals,0.8894736842105263,0.8894736842105263,15,default,large_airport,51.4500999451,5.37452983856,True,True,True
2025-06,EGLC,189,176,176,255,arrivals,0.9312169312169312,1.3492063492063493,15,default,medium_airport,51.505299,0.055278,True,True,True
2025-06,EYVI,189,130,120,122,arrivals,0.6349206349206349,0.6455026455026455,15,default,large_airport,54.634102,25.285801,True,True,True
2025-06,DAAG,186,90,90,90,departures,0.4838709677419355,0.4838709677419355,15,default,large_airport,36.693886,3.214531,True,True,True
2025-06,EYVI,186,161,161,161,departures,0.8655913978494624,0.8655913978494624,15,default,large_airport,54.634102,25.285801,True,True,True
2025-06,DTTA,186,7,2,2,arrivals,0.010752688172043,0.010752688172043,15,default,large_airport,36.851002,10.2272,True,True,True
2025-06,DTTA,185,1,1,1,departures,0.0054054054054054,0.0054054054054054,15,default,large_airport,36.851002,10.2272,True,True,True
2025-06,DAAG,184,115,111,113,arrivals,0.6032608695652174,0.6141304347826086,15,default,large_airport,36.693886,3.214531,True,True,True
2025-06,LFOB,181,172,172,172,departures,0.9502762430939228,0.9502762430939228,15,default,large_airport,49.454399,2.11278,True,True,True
2025-06,LFOB,181,162,161,161,arrivals,0.8895027624309392,0.8895027624309392,15,default,large_airport,49.454399,2.11278,True,True,True
2025-06,LDDU,180,6,0,0,arrivals,0.0,0.0,15,default,large_airport,42.562247,18.265543,True,True,True
2025-06,LGKO,178,166,165,167,departures,0.9269662921348316,0.9382022471910112,15,default,large_airport,36.794523,27.09115,True,True,True
2025-06,LDDU,177,2,0,0,departures,0.0,0.0,15,default,large_airport,42.562247,18.265543,True,True,True
2025-06,LGKO,177,165,164,169,arrivals,0.9265536723163842,0.9548022598870056,15,default,large_airport,36.794523,27.09115,True,True,True
2025-06,EETN,162,131,130,132,arrivals,0.8024691358024691,0.8148148148148148,15,default,large_airport,59.413246,24.83264,True,True,True
2025-06,EPPO,161,147,147,147,departures,0.9130434782608696,0.9130434782608696,15,default,large_airport,52.421598,16.823359,True,True,True
2025-06,HESH,161,1,0,0,arrivals,0.0,0.0,15,default,large_airport,27.977272,34.394717,True,True,True
2025-06,UMKK,160,5,2,3,departures,0.0125,0.01875,15,default,large_airport,54.89161,20.598559,True,True,True
2025-06,HESH,159,1,0,0,departures,0.0,0.0,15,default,large_airport,27.977272,34.394717,True,True,True
2025-06,LPMA,159,139,139,140,departures,0.8742138364779874,0.8805031446540881,15,default,large_airport,32.697812,-16.774613,True,True,True
2025-06,EETN,159,140,140,143,departures,0.8805031446540881,0.89937106918239,15,default,large_airport,59.413246,24.83264,True,True,True
2025-06,UMKK,159,18,4,35,arrivals,0.0251572327044025,0.220125786163522,15,default,large_airport,54.89161,20.598559,True,True,True
2025-06,LPMA,158,13,12,16,arrivals,0.0759493670886076,0.1012658227848101,15,default,large_airport,32.697812,-16.774613,True,True,True
2025-06,LIMF,157,137,135,135,departures,0.8598726114649682,0.8598726114649682,15,default,large_airport,45.200802,7.64963,True,True,True
2025-06,LIMF,157,133,130,132,arrivals,0.8280254777070064,0.8407643312101911,15,default,large_airport,45.200802,7.64963,True,True,True
2025-06,LIRA,156,116,105,122,arrivals,0.6730769230769231,0.782051282051282,15,default,large_airport,41.798769,12.595331,True,True,True
2025-06,LIRA,154,126,124,129,departures,0.8051948051948052,0.8376623376623377,15,default,large_airport,41.798769,12.595331,True,True,True
2025-06,EKBI,154,135,131,133,arrivals,0.8506493506493507,0.8636363636363636,15,default,large_airport,55.740335,9.157019,True,True,True
2025-06,EPPO,154,93,93,104,arrivals,0.6038961038961039,0.6753246753246753,15,default,large_airport,52.421598,16.823359,True,True,True
2025-06,LPPD,153,49,48,103,departures,0.3137254901960784,0.673202614379085,15,default,large_airport,37.7411994934,-25.6979007721,True,True,True
2025-06,EKBI,152,137,136,139,departures,0.8947368421052632,0.9144736842105264,15,default,large_airport,55.740335,9.157019,True,True,True
2025-06,LPPD,151,76,66,69,arrivals,0.4370860927152318,0.4569536423841059,15,default,large_airport,37.7411994934,-25.6979007721,True,True,True
2025-06,ULLI,148,3,1,1,arrivals,0.0067567567567567,0.0067567567567567,15,default,large_airport,59.800301,30.262501,True,True,True
2025-06,LIPX,144,129,129,133,departures,0.8958333333333334,0.9236111111111112,15,default,large_airport,45.394955,10.887303,True,True,True
2025-06,OLBA,144,112,108,109,departures,0.75,0.7569444444444444,15,default,large_airport,33.819833,35.487443,True,True,True
2025-06,OLBA,144,48,46,48,arrivals,0.3194444444444444,0.3333333333333333,15,default,large_airport,33.819833,35.487443,True,True,True
2025-06,ENTC,143,65,5,6,arrivals,0.0349650349650349,0.0419580419580419,15,default,large_airport,69.683296,18.9189,True,True,True
2025-06,ULLI,142,1,0,0,departures,0.0,0.0,15,default,large_airport,59.800301,30.262501,True,True,True
2025-06,LIPX,142,119,117,126,arrivals,0.823943661971831,0.8873239436619719,15,default,large_airport,45.394955,10.887303,True,True,True
2025-06,LGSR,139,2,0,0,departures,0.0,0.0,15,default,large_airport,36.400045,25.478638,True,True,True
2025-06,LGSR,139,3,0,7,arrivals,0.0,0.0503597122302158,15,default,large_airport,36.400045,25.478638,True,True,True
2025-06,ENTC,138,76,13,13,departures,0.0942028985507246,0.0942028985507246,15,default,large_airport,69.683296,18.9189,True,True,True
2025-06,LTCG,138,80,79,95,arrivals,0.572463768115942,0.6884057971014492,15,default,medium_airport,40.995098,39.7897,True,True,True
2025-06,EGPD,137,118,118,118,departures,0.8613138686131386,0.8613138686131386,15,default,large_airport,57.2019,-2.19778,True,True,True
2025-06,EGPD,136,112,112,113,arrivals,0.8235294117647058,0.8308823529411765,15,default,large_airport,57.2019,-2.19778,True,True,True
2025-06,ENBO,134,125,125,218,departures,0.9328358208955224,1.626865671641791,15,default,large_airport,67.269203,14.3653,True,True,True
2025-06,EBLG,134,118,118,119,departures,0.8805970149253731,0.8880597014925373,15,default,medium_airport,50.638574,5.443897,True,True,True
2025-06,LTCG,133,119,119,128,departures,0.8947368421052632,0.962406015037594,15,default,medium_airport,40.995098,39.7897,True,True,True
2025-06,LTDB,133,7,2,2,departures,0.0150375939849624,0.0150375939849624,15,default,large_airport,36.891478,35.071235,True,True,True
2025-06,ENBO,133,121,121,210,arrivals,0.9097744360902256,1.5789473684210529,15,default,large_airport,67.269203,14.3653,True,True,True
2025-06,LIBR,130,2,0,0,departures,0.0,0.0,15,default,large_airport,40.6576,17.947001,True,True,True
2025-06,LRCL,130,65,64,65,departures,0.4923076923076923,0.5,15,default,large_airport,46.786042,23.685733,True,True,True
2025-06,LRCL,129,40,13,16,arrivals,0.1007751937984496,0.1240310077519379,15,default,large_airport,46.786042,23.685733,True,True,True
2025-06,LTDB,129,4,0,1,arrivals,0.0,0.0077519379844961,15,default,large_airport,36.891478,35.071235,True,True,True
2025-06,LGZA,126,126,126,130,departures,1.0,1.031746031746032,15,default,medium_airport,37.7509,20.8843,True,True,True
2025-06,LGZA,126,116,115,116,arrivals,0.9126984126984128,0.9206349206349206,15,default,medium_airport,37.7509,20.8843,True,True,True
2025-06,EBLG,126,70,68,69,arrivals,0.5396825396825397,0.5476190476190477,15,default,medium_airport,50.638574,5.443897,True,True,True
2025-06,LIBR,125,3,0,0,arrivals,0.0,0.0,15,default,large_airport,40.6576,17.947001,True,True,True
2025-06,EGAC,123,112,110,110,departures,0.8943089430894309,0.8943089430894309,15,default,medium_airport,54.618099,-5.8725,True,True,True
2025-06,EGAC,123,109,108,110,arrivals,0.8780487804878049,0.8943089430894309,15,default,medium_airport,54.618099,-5.8725,True,True,True
2025-06,BKPR,120,1,0,0,departures,0.0,0.0,15,default,large_airport,42.5728,21.035801,True,True,True
2025-06,EICK,120,102,100,100,arrivals,0.8333333333333334,0.8333333333333334,15,default,large_airport,51.841301,-8.49111,True,True,True
2025-06,BKPR,120,5,0,1,arrivals,0.0,0.0083333333333333,15,default,large_airport,42.5728,21.035801,True,True,True
2025-06,EICK,119,107,107,107,departures,0.8991596638655462,0.8991596638655462,15,default,large_airport,51.841301,-8.49111,True,True,True
2025-06,LDZD,118,13,12,17,arrivals,0.1016949152542373,0.1440677966101695,15,default,large_airport,44.096986,15.353565,True,True,True
2025-06,OJAI,116,50,50,54,departures,0.4310344827586206,0.4655172413793103,15,default,large_airport,31.7226009369,35.9931983948,True,True,True
2025-06,OJAI,116,50,2,4,arrivals,0.0172413793103448,0.0344827586206896,15,default,large_airport,31.7226009369,35.9931983948,True,True,True
2025-06,LDZD,114,49,47,47,departures,0.4122807017543859,0.4122807017543859,15,default,large_airport,44.096986,15.353565,True,True,True
2025-06,LICA,112,3,1,2,arrivals,0.0089285714285714,0.0178571428571428,15,default,large_airport,38.906214,16.246007,True,True,True
2025-06,EGLF,110,86,81,83,departures,0.7363636363636363,0.7545454545454545,15,default,medium_airport,51.275799,-0.776333,True,True,True
2025-06,LICA,108,2,2,3,departures,0.0185185185185185,0.0277777777777777,15,default,large_airport,38.906214,16.246007,True,True,True
2025-06,EGJJ,108,95,91,100,arrivals,0.8425925925925926,0.925925925925926,15,default,medium_airport,49.207901,-2.19551,True,True,True
2025-06,EGLF,108,81,26,33,arrivals,0.2407407407407407,0.3055555555555556,15,default,medium_airport,51.275799,-0.776333,True,True,True
2025-06,LCPH,107,95,94,95,arrivals,0.8785046728971962,0.8878504672897196,15,default,large_airport,34.717999,32.485699,True,True,True
2025-06,LWSK,106,8,6,6,departures,0.0566037735849056,0.0566037735849056,15,default,large_airport,41.958087,21.622581,True,True,True
2025-06,OKKK,106,97,96,96,departures,0.9056603773584906,0.9056603773584906,15,default,large_airport,29.224487,47.969813,True,True,True
2025-06,LEST,106,79,78,79,arrivals,0.7358490566037735,0.7452830188679245,15,default,large_airport,42.896301,-8.41514,True,True,True
2025-06,LCPH,105,79,79,79,departures,0.7523809523809524,0.7523809523809524,15,default,large_airport,34.717999,32.485699,True,True,True
2025-06,LGMK,105,88,85,89,departures,0.8095238095238095,0.8476190476190476,15,default,medium_airport,37.435101,25.348101,True,True,True
2025-06,LEST,105,86,86,87,departures,0.819047619047619,0.8285714285714286,15,default,large_airport,42.896301,-8.41514,True,True,True
2025-06,LZIB,105,94,94,94,departures,0.8952380952380953,0.8952380952380953,15,default,large_airport,48.1702,17.2127,True,True,True
2025-06,LEGE,105,73,67,68,arrivals,0.638095238095238,0.6476190476190476,15,default,large_airport,41.904639,2.761774,True,True,True
2025-06,LWSK,105,2,0,3,arrivals,0.0,0.0285714285714285,15,default,large_airport,41.958087,21.622581,True,True,True
2025-06,LZIB,105,88,85,85,arrivals,0.8095238095238095,0.8095238095238095,15,default,large_airport,48.1702,17.2127,True,True,True
2025-06,LEGE,104,98,96,100,departures,0.9230769230769232,0.9615384615384616,15,default,large_airport,41.904639,2.761774,True,True,True
2025-06,EDJA,104,85,82,88,arrivals,0.7884615384615384,0.8461538461538461,15,default,large_airport,47.988092,10.238248,True,True,True
2025-06,LGMK,104,80,76,87,arrivals,0.7307692307692307,0.8365384615384616,15,default,medium_airport,37.435101,25.348101,True,True,True
2025-06,EDJA,102,93,92,94,departures,0.9019607843137256,0.9215686274509804,15,default,large_airport,47.988092,10.238248,True,True,True
2025-06,OKKK,102,17,16,18,arrivals,0.1568627450980392,0.1764705882352941,15,default,large_airport,29.224487,47.969813,True,True,True
2025-06,EGJJ,101,90,88,88,departures,0.8712871287128713,0.8712871287128713,15,default,medium_airport,49.207901,-2.19551,True,True,True
2025-06,EHRD,100,93,90,93,arrivals,0.9,0.93,15,default,large_airport,51.956902,4.43722,True,True,True
2025-06,EHRD,99,96,95,96,departures,0.9595959595959596,0.9696969696969696,15,default,large_airport,51.956902,4.43722,True,True,True
2025-06,LBBG,97,89,86,86,arrivals,0.8865979381443299,0.8865979381443299,15,default,large_airport,42.569917,27.515173,True,True,True
2025-06,LOWS,96,83,82,85,departures,0.8541666666666666,0.8854166666666666,15,default,large_airport,47.793301,13.0043,True,True,True
2025-06,LOWS,95,75,68,79,arrivals,0.7157894736842105,0.8315789473684211,15,default,large_airport,47.793301,13.0043,True,True,True
2025-06,LJLJ,94,82,78,81,arrivals,0.8297872340425532,0.8617021276595744,15,default,large_airport,46.223701,14.4576,True,True,True
2025-06,DTTJ,94,1,1,1,arrivals,0.0106382978723404,0.0106382978723404,15,default,large_airport,33.873719,10.7773,True,True,True
2025-06,LQSA,93,56,54,54,departures,0.5806451612903226,0.5806451612903226,15,default,large_airport,43.8246,18.331499,True,True,True
2025-06,LBBG,93,87,87,87,departures,0.935483870967742,0.935483870967742,15,default,large_airport,42.569917,27.515173,True,True,True
2025-06,LQSA,93,26,25,29,arrivals,0.2688172043010752,0.3118279569892473,15,default,large_airport,43.8246,18.331499,True,True,True
2025-06,GMAD,92,5,0,0,departures,0.0,0.0,15,default,large_airport,30.322478,-9.412003,True,True,True
2025-06,EGKB,92,71,0,0,departures,0.0,0.0,15,default,medium_airport,51.33079910279999,0.0324999988079,True,True,True
2025-06,EINN,91,79,79,81,departures,0.8681318681318682,0.8901098901098901,15,default,large_airport,52.702,-8.92482,True,True,True
2025-06,GMAD,91,7,0,0,arrivals,0.0,0.0,15,default,large_airport,30.322478,-9.412003,True,True,True
2025-06,EGKB,91,69,0,0,arrivals,0.0,0.0,15,default,medium_airport,51.33079910279999,0.0324999988079,True,True,True
2025-06,LJLJ,90,82,80,81,departures,0.8888888888888888,0.9,15,default,large_airport,46.223701,14.4576,True,True,True
2025-06,UUDD,89,10,5,6,departures,0.0561797752808988,0.0674157303370786,15,default,large_airport,55.408798,37.9063,True,True,True
2025-06,DTTJ,89,3,3,3,departures,0.0337078651685393,0.0337078651685393,15,default,large_airport,33.873719,10.7773,True,True,True
2025-06,EDDW,88,82,79,80,departures,0.8977272727272727,0.9090909090909092,15,default,large_airport,53.046786,8.78932,True,True,True
2025-06,GMTT,88,83,83,83,departures,0.9431818181818182,0.9431818181818182,15,default,large_airport,35.731741,-5.921459,True,True,True
2025-06,EDLW,87,72,72,72,departures,0.8275862068965517,0.8275862068965517,15,default,large_airport,51.518299,7.61224,True,True,True
2025-06,EDLW,87,63,61,62,arrivals,0.7011494252873564,0.7126436781609196,15,default,large_airport,51.518299,7.61224,True,True,True
2025-06,EDDW,87,76,74,75,arrivals,0.8505747126436781,0.8620689655172413,15,default,large_airport,53.046786,8.78932,True,True,True
2025-06,GMTT,87,79,79,80,arrivals,0.9080459770114944,0.9195402298850576,15,default,large_airport,35.731741,-5.921459,True,True,True
2025-06,LIMJ,86,77,74,78,arrivals,0.8604651162790697,0.9069767441860463,15,default,large_airport,44.412039,8.840732,True,True,True
2025-06,EINN,86,68,68,70,arrivals,0.7906976744186046,0.813953488372093,15,default,large_airport,52.702,-8.92482,True,True,True
2025-06,EGHI,86,41,38,40,arrivals,0.4418604651162791,0.4651162790697674,15,default,medium_airport,50.950298,-1.3568,True,True,True
2025-06,LIPH,85,82,82,82,departures,0.9647058823529412,0.9647058823529412,15,default,large_airport,45.648399,12.1944,True,True,True
2025-06,GCLA,85,15,15,15,departures,0.1764705882352941,0.1764705882352941,15,default,medium_airport,28.626499,-17.7556,True,True,True
2025-06,LIPH,85,73,71,71,arrivals,0.8352941176470589,0.8352941176470589,15,default,large_airport,45.648399,12.1944,True,True,True
2025-06,EDSB,85,68,64,69,arrivals,0.7529411764705882,0.8117647058823529,15,default,large_airport,48.7794,8.0805,True,True,True
2025-06,LFKB,84,74,74,75,departures,0.8809523809523809,0.8928571428571429,15,default,large_airport,42.5527,9.48373,True,True,True
2025-06,LFKB,84,73,71,72,arrivals,0.8452380952380952,0.8571428571428571,15,default,large_airport,42.5527,9.48373,True,True,True
2025-06,GCLA,84,30,29,31,arrivals,0.3452380952380952,0.369047619047619,15,default,medium_airport,28.626499,-17.7556,True,True,True
2025-06,EGJB,83,68,68,69,departures,0.8192771084337349,0.8313253012048193,15,default,medium_airport,49.435001,-2.60197,True,True,True
2025-06,EGHI,83,57,56,56,departures,0.6746987951807228,0.6746987951807228,15,default,medium_airport,50.950298,-1.3568,True,True,True
2025-06,LYTV,83,8,0,0,arrivals,0.0,0.0,15,default,medium_airport,42.404701,18.723301,True,True,True
2025-06,LYTV,82,3,0,0,departures,0.0,0.0,15,default,medium_airport,42.404701,18.723301,True,True,True
2025-06,EDSB,81,70,70,73,departures,0.8641975308641975,0.9012345679012346,15,default,large_airport,48.7794,8.0805,True,True,True
2025-06,EGNS,81,64,60,65,arrivals,0.7407407407407407,0.8024691358024691,15,default,large_airport,54.083081,-4.623871,True,True,True
2025-06,DTMB,81,2,1,1,arrivals,0.0123456790123456,0.0123456790123456,15,default,medium_airport,35.75809860229492,10.75469970703125,True,True,True
2025-06,EGNS,80,62,60,62,departures,0.75,0.775,15,default,large_airport,54.083081,-4.623871,True,True,True
2025-06,LFKJ,80,67,66,68,arrivals,0.825,0.85,15,default,medium_airport,41.923599,8.80292,True,True,True
2025-06,LIMJ,79,73,73,75,departures,0.9240506329113924,0.9493670886075948,15,default,large_airport,44.412039,8.840732,True,True,True
2025-06,DTMB,79,1,1,1,departures,0.0126582278481012,0.0126582278481012,15,default,medium_airport,35.75809860229492,10.75469970703125,True,True,True
2025-06,LFKJ,78,66,65,65,departures,0.8333333333333334,0.8333333333333334,15,default,medium_airport,41.923599,8.80292,True,True,True
2025-06,EDFH,77,71,70,70,departures,0.9090909090909092,0.9090909090909092,15,default,large_airport,49.946353,7.261734,True,True,True
2025-06,LYPG,77,3,0,0,departures,0.0,0.0,15,default,large_airport,42.359402,19.2519,True,True,True
2025-06,LYPG,77,2,0,1,arrivals,0.0,0.0129870129870129,15,default,large_airport,42.359402,19.2519,True,True,True
2025-06,EKYT,75,66,66,66,departures,0.88,0.88,15,default,large_airport,57.094763,9.84993,True,True,True
2025-06,UUDD,75,6,0,0,arrivals,0.0,0.0,15,default,large_airport,55.408798,37.9063,True,True,True
2025-06,LBWN,75,53,53,56,arrivals,0.7066666666666667,0.7466666666666667,15,default,large_airport,43.232101,27.8251,True,True,True
2025-06,LFMT,75,59,58,59,arrivals,0.7733333333333333,0.7866666666666666,15,default,large_airport,43.576199,3.96301,True,True,True
2025-06,LFMT,74,69,68,68,departures,0.918918918918919,0.918918918918919,15,default,large_airport,43.576199,3.96301,True,True,True
2025-06,EGJB,74,58,56,57,arrivals,0.7567567567567568,0.7702702702702703,15,default,medium_airport,49.435001,-2.60197,True,True,True
2025-06,LTAJ,74,1,0,0,arrivals,0.0,0.0,15,default,large_airport,36.947201,37.478699,True,True,True
2025-06,EDFH,74,62,61,61,arrivals,0.8243243243243243,0.8243243243243243,15,default,large_airport,49.946353,7.261734,True,True,True
2025-06,LTAU,73,0,0,0,arrivals,0.0,0.0,15,default,large_airport,38.770401,35.495399,True,True,True
2025-06,LTAJ,72,1,0,0,departures,0.0,0.0,15,default,large_airport,36.947201,37.478699,True,True,True
2025-06,ENTO,72,61,58,59,arrivals,0.8055555555555556,0.8194444444444444,15,default,large_airport,59.186699,10.2586,True,True,True
2025-06,LFMD,72,50,0,0,arrivals,0.0,0.0,15,default,medium_airport,43.547998,6.955176,True,True,True
2025-06,EGHH,72,58,57,60,arrivals,0.7916666666666666,0.8333333333333334,15,default,medium_airport,50.780483,-1.839576,True,True,True
2025-06,LRIA,71,20,17,17,departures,0.2394366197183098,0.2394366197183098,15,default,large_airport,47.179633,27.621431,True,True,True
2025-06,ENTO,71,62,62,63,departures,0.8732394366197183,0.8873239436619719,15,default,large_airport,59.186699,10.2586,True,True,True
2025-06,LBWN,71,58,58,58,departures,0.8169014084507042,0.8169014084507042,15,default,large_airport,43.232101,27.8251,True,True,True
2025-06,EGHH,71,65,64,64,departures,0.9014084507042254,0.9014084507042254,15,default,medium_airport,50.780483,-1.839576,True,True,True
2025-06,EKYT,71,61,60,60,arrivals,0.8450704225352113,0.8450704225352113,15,default,large_airport,57.094763,9.84993,True,True,True
2025-06,LTAU,70,0,0,0,departures,0.0,0.0,15,default,large_airport,38.770401,35.495399,True,True,True
2025-06,LEAS,69,68,66,66,departures,0.9565217391304348,0.9565217391304348,15,default,large_airport,43.563599,-6.03462,True,True,True
2025-06,UGSB,69,33,33,33,arrivals,0.4782608695652174,0.4782608695652174,15,default,large_airport,41.60939,41.600315,True,True,True
2025-06,EDLV,69,65,64,64,arrivals,0.927536231884058,0.927536231884058,15,default,large_airport,51.601362,6.141228,True,True,True
2025-06,EDLV,68,65,65,65,departures,0.9558823529411764,0.9558823529411764,15,default,large_airport,51.601362,6.141228,True,True,True
2025-06,LEAS,68,8,7,7,arrivals,0.1029411764705882,0.1029411764705882,15,default,large_airport,43.563599,-6.03462,True,True,True
2025-06,LRIA,68,24,1,28,arrivals,0.0147058823529411,0.4117647058823529,15,default,large_airport,47.179633,27.621431,True,True,True
2025-06,LERS,68,60,60,62,arrivals,0.8823529411764706,0.9117647058823528,15,default,large_airport,41.147509,1.168354,True,True,True
2025-06,UGSB,67,55,55,57,departures,0.8208955223880597,0.8507462686567164,15,default,large_airport,41.60939,41.600315,True,True,True
2025-06,LERS,67,64,64,64,departures,0.9552238805970148,0.9552238805970148,15,default,large_airport,41.147509,1.168354,True,True,True
2025-06,URSS,67,1,0,0,arrivals,0.0,0.0,15,default,large_airport,43.449902,39.9566,True,True,True
2025-06,LFMD,65,51,0,0,departures,0.0,0.0,15,default,medium_airport,43.547998,6.955176,True,True,True
2025-06,LFKF,65,56,54,58,arrivals,0.8307692307692308,0.8923076923076924,15,default,large_airport,41.50185,9.097092,True,True,True
2025-06,GMME,64,36,36,38,departures,0.5625,0.59375,15,default,large_airport,34.051498,-6.75152,True,True,True
2025-06,GMME,63,40,25,27,arrivals,0.3968253968253968,0.4285714285714285,15,default,large_airport,34.051498,-6.75152,True,True,True
2025-06,LGKF,62,62,61,61,departures,0.9838709677419356,0.9838709677419356,15,default,medium_airport,38.12009811401367,20.5004997253418,True,True,True
2025-06,LIEA,62,57,57,57,departures,0.9193548387096774,0.9193548387096774,15,default,medium_airport,40.632099,8.29077,True,True,True
2025-06,LIEA,62,50,50,51,arrivals,0.8064516129032258,0.8225806451612904,15,default,medium_airport,40.632099,8.29077,True,True,True
2025-06,LIPQ,61,48,46,46,departures,0.7540983606557377,0.7540983606557377,15,default,large_airport,45.827862,13.466672,True,True,True
2025-06,LFKF,61,55,54,54,departures,0.8852459016393442,0.8852459016393442,15,default,large_airport,41.50185,9.097092,True,True,True
2025-06,EDDG,60,52,52,52,departures,0.8666666666666667,0.8666666666666667,15,default,large_airport,52.133816,7.688482,True,True,True
2025-06,EPRZ,60,53,52,52,departures,0.8666666666666667,0.8666666666666667,15,default,large_airport,50.109791,22.024155,True,True,True
2025-06,LGKF,60,54,54,59,arrivals,0.9,0.9833333333333332,15,default,medium_airport,38.12009811401367,20.5004997253418,True,True,True
2025-06,DTNH,59,0,0,0,departures,0.0,0.0,15,default,medium_airport,36.075833,10.438611,True,True,True
2025-06,LRTR,59,31,27,27,departures,0.4576271186440678,0.4576271186440678,15,default,large_airport,45.809898,21.3379,True,True,True
2025-06,LIPQ,59,50,49,49,arrivals,0.8305084745762712,0.8305084745762712,15,default,large_airport,45.827862,13.466672,True,True,True
2025-06,LTBA,58,48,46,54,departures,0.7931034482758621,0.9310344827586208,15,default,large_airport,40.971913,28.823714,True,True,True
2025-06,DTNH,58,0,0,1,arrivals,0.0,0.0172413793103448,15,default,medium_airport,36.075833,10.438611,True,True,True
2025-06,EPRZ,58,43,43,43,arrivals,0.7413793103448276,0.7413793103448276,15,default,large_airport,50.109791,22.024155,True,True,True
2025-06,LFQQ,57,52,50,51,arrivals,0.8771929824561403,0.8947368421052632,15,default,large_airport,50.566564,3.102429,True,True,True
2025-06,LFBZ,57,50,48,54,arrivals,0.8421052631578947,0.9473684210526316,15,default,medium_airport,43.468372,-1.523223,True,True,True
2025-06,LRTR,57,6,5,5,arrivals,0.087719298245614,0.087719298245614,15,default,large_airport,45.809898,21.3379,True,True,True
2025-06,LFQQ,56,52,52,73,departures,0.9285714285714286,1.3035714285714286,15,default,large_airport,50.566564,3.102429,True,True,True
2025-06,LOWG,56,51,48,48,departures,0.8571428571428571,0.8571428571428571,15,default,large_airport,46.9911,15.4396,True,True,True
2025-06,EDDG,56,42,42,43,arrivals,0.75,0.7678571428571429,15,default,large_airport,52.133816,7.688482,True,True,True
2025-06,LTCC,56,3,0,0,arrivals,0.0,0.0,15,default,medium_airport,37.893902,40.201,True,True,True
2025-06,LTCC,55,2,0,0,departures,0.0,0.0,15,default,medium_airport,37.893902,40.201,True,True,True
2025-06,LFBZ,55,52,51,52,departures,0.9272727272727272,0.9454545454545454,15,default,medium_airport,43.468372,-1.523223,True,True,True
2025-06,LDPL,55,44,44,49,arrivals,0.8,0.8909090909090909,15,default,large_airport,44.893501,13.9222,True,True,True
2025-06,LFTH,55,48,37,64,arrivals,0.6727272727272727,1.1636363636363636,15,default,medium_airport,43.097301,6.14603,True,True,True
2025-06,EYKA,54,47,45,45,departures,0.8333333333333334,0.8333333333333334,15,default,large_airport,54.963965,24.08582,True,True,True
2025-06,LOWG,53,47,43,44,arrivals,0.8113207547169812,0.8301886792452831,15,default,large_airport,46.9911,15.4396,True,True,True
2025-06,URSS,52,1,0,0,departures,0.0,0.0,15,default,large_airport,43.449902,39.9566,True,True,True
2025-06,LKTB,52,49,46,46,departures,0.8846153846153846,0.8846153846153846,15,default,medium_airport,49.151276,16.693972,True,True,True
2025-06,GMFF,52,8,7,7,departures,0.1346153846153846,0.1346153846153846,15,default,large_airport,33.927299,-4.97796,True,True,True
2025-06,LKTB,52,46,42,45,arrivals,0.8076923076923077,0.8653846153846154,15,default,medium_airport,49.151276,16.693972,True,True,True
2025-06,GMFF,52,3,1,2,arrivals,0.0192307692307692,0.0384615384615384,15,default,large_airport,33.927299,-4.97796,True,True,True
2025-06,LTBA,52,40,29,40,arrivals,0.5576923076923077,0.7692307692307693,15,default,large_airport,40.971913,28.823714,True,True,True
2025-06,LFTH,51,46,43,64,departures,0.8431372549019608,1.2549019607843137,15,default,medium_airport,43.097301,6.14603,True,True,True
2025-06,EGPE,51,45,45,48,departures,0.8823529411764706,0.9411764705882352,15,default,medium_airport,57.5425,-4.0475,True,True,True
2025-06,EHKD,50,10,10,11,departures,0.2,0.22,15,default,medium_airport,52.923401,4.78062,True,True,True
2025-06,EYKA,50,19,13,21,arrivals,0.26,0.42,15,default,large_airport,54.963965,24.08582,True,True,True
2025-06,LFST,50,41,41,48,arrivals,0.82,0.96,15,default,large_airport,48.5383,7.62823,True,True,True
2025-06,LDPL,49,42,42,43,departures,0.8571428571428571,0.8775510204081632,15,default,large_airport,44.893501,13.9222,True,True,True
2025-06,UGKO,49,2,2,2,departures,0.0408163265306122,0.0408163265306122,15,default,large_airport,42.177448,42.485353,True,True,True
2025-06,LFST,49,43,42,47,departures,0.8571428571428571,0.9591836734693876,15,default,large_airport,48.5383,7.62823,True,True,True
2025-06,UGKO,49,2,1,1,arrivals,0.0204081632653061,0.0204081632653061,15,default,large_airport,42.177448,42.485353,True,True,True
2025-06,DAOO,49,31,31,32,arrivals,0.6326530612244898,0.6530612244897959,15,default,large_airport,35.620648,-0.622486,True,True,True
2025-06,EGFF,49,41,40,41,arrivals,0.8163265306122449,0.8367346938775511,15,default,large_airport,51.396702,-3.34333,True,True,True
2025-06,EGPE,49,41,37,40,arrivals,0.7551020408163265,0.8163265306122449,15,default,medium_airport,57.5425,-4.0475,True,True,True
2025-06,UBBN,48,0,0,0,departures,0.0,0.0,15,default,large_airport,39.188801,45.458401,True,True,True
2025-06,DAOO,48,32,32,32,departures,0.6666666666666666,0.6666666666666666,15,default,large_airport,35.620648,-0.622486,True,True,True
2025-06,EGFF,48,45,45,46,departures,0.9375,0.9583333333333334,15,default,large_airport,51.396702,-3.34333,True,True,True
2025-06,ENCN,48,42,42,42,departures,0.875,0.875,15,default,large_airport,58.204201,8.08537,True,True,True
2025-06,UBBN,48,1,0,0,arrivals,0.0,0.0,15,default,large_airport,39.188801,45.458401,True,True,True
2025-06,ORBI,48,5,0,0,arrivals,0.0,0.0,15,default,large_airport,33.262501,44.2346,True,True,True
2025-06,EHKD,48,8,8,9,arrivals,0.1666666666666666,0.1875,15,default,medium_airport,52.923401,4.78062,True,True,True
2025-06,ENAL,48,15,1,1,arrivals,0.0208333333333333,0.0208333333333333,15,default,large_airport,62.560443,6.110845,True,True,True
2025-06,LFRB,47,37,37,37,departures,0.7872340425531915,0.7872340425531915,15,default,large_airport,48.447899,-4.41854,True,True,True
2025-06,ENKB,46,3,3,3,departures,0.0652173913043478,0.0652173913043478,15,default,medium_airport,63.111801,7.82452,True,True,True
2025-06,ENAL,46,10,3,3,departures,0.0652173913043478,0.0652173913043478,15,default,large_airport,62.560443,6.110845,True,True,True
2025-06,LGPZ,46,15,11,13,arrivals,0.2391304347826087,0.2826086956521739,15,default,medium_airport,38.925499,20.765301,True,True,True
2025-06,LGPZ,45,3,0,0,departures,0.0,0.0,15,default,medium_airport,38.925499,20.765301,True,True,True
2025-06,EDDC,45,42,42,42,departures,0.9333333333333332,0.9333333333333332,15,default,large_airport,51.134123,13.767831,True,True,True
2025-06,LGPA,45,2,0,0,departures,0.0,0.0,15,default,small_airport,37.020495,25.113195,True,False,False
2025-06,LTFH,45,10,10,10,departures,0.2222222222222222,0.2222222222222222,15,default,medium_airport,41.253988,36.567546,True,True,True
2025-06,EDDC,45,40,39,39,arrivals,0.8666666666666667,0.8666666666666667,15,default,large_airport,51.134123,13.767831,True,True,True
2025-06,LTFH,45,4,3,4,arrivals,0.0666666666666666,0.0888888888888888,15,default,medium_airport,41.253988,36.567546,True,True,True
2025-06,LIRI,44,29,26,31,departures,0.5909090909090909,0.7045454545454546,15,default,medium_airport,40.620399,14.9113,True,True,True
2025-06,ESSB,44,29,27,31,departures,0.6136363636363636,0.7045454545454546,15,default,medium_airport,59.354401,17.9417,True,True,True
2025-06,GEML,44,37,37,39,departures,0.8409090909090909,0.8863636363636364,15,default,medium_airport,35.2798,-2.95626,True,True,True
2025-06,BIRK,44,33,33,42,departures,0.75,0.9545454545454546,15,default,medium_airport,64.128732,-21.93759,True,True,True
2025-06,ORER,44,1,0,0,departures,0.0,0.0,15,default,large_airport,36.236047,43.946615,True,True,True
2025-06,LFRB,44,36,36,36,arrivals,0.8181818181818182,0.8181818181818182,15,default,large_airport,48.447899,-4.41854,True,True,True
2025-06,LKMT,44,35,35,35,arrivals,0.7954545454545454,0.7954545454545454,15,default,large_airport,49.696301,18.111099,True,True,True
2025-06,ENKB,44,5,4,5,arrivals,0.0909090909090909,0.1136363636363636,15,default,medium_airport,63.111801,7.82452,True,True,True
2025-06,GEML,44,39,39,39,arrivals,0.8863636363636364,0.8863636363636364,15,default,medium_airport,35.2798,-2.95626,True,True,True
2025-06,LEJR,44,40,38,42,arrivals,0.8636363636363636,0.9545454545454546,15,default,medium_airport,36.744598,-6.06011,True,True,True
2025-06,BIRK,44,29,29,33,arrivals,0.6590909090909091,0.75,15,default,medium_airport,64.128732,-21.93759,True,True,True
2025-06,ORER,44,0,0,0,arrivals,0.0,0.0,15,default,large_airport,36.236047,43.946615,True,True,True
2025-06,LKMT,43,37,37,37,departures,0.8604651162790697,0.8604651162790697,15,default,large_airport,49.696301,18.111099,True,True,True
2025-06,LIBP,43,28,28,28,arrivals,0.6511627906976745,0.6511627906976745,15,default,large_airport,42.431079,14.182981,True,True,True
2025-06,ENCN,43,17,17,19,arrivals,0.3953488372093023,0.4418604651162791,15,default,large_airport,58.204201,8.08537,True,True,True
2025-06,LOWI,43,32,30,31,arrivals,0.6976744186046512,0.7209302325581395,15,default,large_airport,47.260201,11.344,True,True,True
2025-06,ENEV,42,12,0,0,departures,0.0,0.0,15,default,large_airport,68.491302,16.678101,True,True,True
2025-06,ORBI,42,4,0,0,departures,0.0,0.0,15,default,large_airport,33.262501,44.2346,True,True,True
2025-06,EPMO,42,41,41,43,departures,0.9761904761904762,1.0238095238095235,15,default,large_airport,52.451099,20.6518,True,True,True
2025-06,ESMS,42,31,29,31,arrivals,0.6904761904761905,0.7380952380952381,15,default,large_airport,55.535564,13.376327,True,True,True
2025-06,LGSM,42,36,35,37,arrivals,0.8333333333333334,0.8809523809523809,15,default,medium_airport,37.689999,26.911699,True,True,True
2025-06,ENEV,42,14,0,0,arrivals,0.0,0.0,15,default,large_airport,68.491302,16.678101,True,True,True
2025-06,LIRI,42,18,14,31,arrivals,0.3333333333333333,0.7380952380952381,15,default,medium_airport,40.620399,14.9113,True,True,True
2025-06,UMMS,42,2,0,4,arrivals,0.0,0.0952380952380952,15,default,large_airport,53.888071,28.039964,True,True,True
2025-06,LIBP,41,36,36,37,departures,0.8780487804878049,0.902439024390244,15,default,large_airport,42.431079,14.182981,True,True,True
2025-06,ESMS,41,36,35,35,departures,0.8536585365853658,0.8536585365853658,15,default,large_airport,55.535564,13.376327,True,True,True
2025-06,LGSM,41,38,37,38,departures,0.902439024390244,0.926829268292683,15,default,medium_airport,37.689999,26.911699,True,True,True
2025-06,LIRZ,41,34,31,34,arrivals,0.7560975609756098,0.8292682926829268,15,default,large_airport,43.095901,12.5132,True,True,True
2025-06,LEJR,40,38,38,38,departures,0.95,0.95,15,default,medium_airport,36.744598,-6.06011,True,True,True
2025-06,UMMS,40,19,16,16,departures,0.4,0.4,15,default,large_airport,53.888071,28.039964,True,True,True
2025-06,GMMW,40,35,35,35,arrivals,0.875,0.875,15,default,large_airport,34.9888,-3.02821,True,True,True
2025-06,LEAM,40,37,35,36,arrivals,0.875,0.9,15,default,medium_airport,36.843899,-2.3701,True,True,True
2025-06,UWKD,40,0,0,0,arrivals,0.0,0.0,15,default,large_airport,55.606201,49.278702,True,True,True
2025-06,LGPA,40,0,0,0,arrivals,0.0,0.0,15,default,small_airport,37.020495,25.113195,True,False,False
2025-06,EPMO,40,26,22,30,arrivals,0.55,0.75,15,default,large_airport,52.451099,20.6518,True,True,True
2025-06,LICT,40,11,10,10,arrivals,0.25,0.25,15,default,medium_airport,37.9114,12.488,True,True,True
2025-06,LEVX,40,30,30,30,arrivals,0.75,0.75,15,default,medium_airport,42.2318,-8.62677,True,True,True
2025-06,GMMW,39,34,32,32,departures,0.8205128205128205,0.8205128205128205,15,default,large_airport,34.9888,-3.02821,True,True,True
2025-06,LEVT,39,30,29,37,departures,0.7435897435897436,0.9487179487179488,15,default,medium_airport,42.882801,-2.72447,True,True,True
2025-06,LEXJ,39,34,34,34,departures,0.8717948717948718,0.8717948717948718,15,default,medium_airport,43.427101,-3.82001,True,True,True
2025-06,LIRZ,39,38,33,34,departures,0.8461538461538461,0.8717948717948718,15,default,large_airport,43.095901,12.5132,True,True,True
2025-06,LICT,39,8,8,9,departures,0.2051282051282051,0.2307692307692307,15,default,medium_airport,37.9114,12.488,True,True,True
2025-06,LEZG,39,14,11,11,arrivals,0.282051282051282,0.282051282051282,15,default,large_airport,41.666199,-1.04155,True,True,True
2025-06,LEVT,39,29,29,99,arrivals,0.7435897435897436,2.5384615384615383,15,default,medium_airport,42.882801,-2.72447,True,True,True
2025-06,EGPB,39,0,0,0,arrivals,0.0,0.0,15,default,medium_airport,59.878899,-1.29556,True,True,True
2025-06,EDLP,39,31,30,31,arrivals,0.7692307692307693,0.7948717948717948,15,default,large_airport,51.612527,8.617459,True,True,True
2025-06,LEZG,38,13,13,13,departures,0.3421052631578947,0.3421052631578947,15,default,large_airport,41.666199,-1.04155,True,True,True
2025-06,UWKD,38,9,0,0,departures,0.0,0.0,15,default,large_airport,55.606201,49.278702,True,True,True
2025-06,ESPA,38,8,8,8,departures,0.2105263157894736,0.2105263157894736,15,default,large_airport,65.5438,22.122,True,True,True
2025-06,EGPB,38,0,0,0,departures,0.0,0.0,15,default,medium_airport,59.878899,-1.29556,True,True,True
2025-06,LEAM,37,35,34,34,departures,0.918918918918919,0.918918918918919,15,default,medium_airport,36.843899,-2.3701,True,True,True
2025-06,LIPY,37,34,34,34,departures,0.918918918918919,0.918918918918919,15,default,medium_airport,43.616299,13.3623,True,True,True
2025-06,LGSK,37,22,22,22,departures,0.5945945945945946,0.5945945945945946,15,default,medium_airport,39.177101,23.5037,True,True,True
2025-06,LOWL,37,30,28,28,departures,0.7567567567567568,0.7567567567567568,15,default,large_airport,48.235362,14.188128,True,True,True
2025-06,LEVX,37,31,31,32,departures,0.8378378378378378,0.8648648648648649,15,default,medium_airport,42.2318,-8.62677,True,True,True
2025-06,ESSB,37,28,20,29,arrivals,0.5405405405405406,0.7837837837837838,15,default,medium_airport,59.354401,17.9417,True,True,True
2025-06,LEXJ,37,22,6,7,arrivals,0.1621621621621621,0.1891891891891892,15,default,medium_airport,43.427101,-3.82001,True,True,True
2025-06,LGSK,37,25,25,26,arrivals,0.6756756756756757,0.7027027027027027,15,default,medium_airport,39.177101,23.5037,True,True,True
2025-06,EGTE,36,30,30,30,departures,0.8333333333333334,0.8333333333333334,15,default,medium_airport,50.734261,-3.413984,True,True,True
2025-06,LECO,36,32,32,32,departures,0.8888888888888888,0.8888888888888888,15,default,medium_airport,43.302101,-8.37726,True,True,True
2025-06,EGTE,36,27,27,28,arrivals,0.75,0.7777777777777778,15,default,medium_airport,50.734261,-3.413984,True,True,True
2025-06,LTFO,36,20,19,21,arrivals,0.5277777777777778,0.5833333333333334,15,default,large_airport,41.179766,40.848802,True,True,True
2025-06,LIPY,36,27,27,29,arrivals,0.75,0.8055555555555556,15,default,medium_airport,43.616299,13.3623,True,True,True
2025-06,LTFO,35,29,29,29,departures,0.8285714285714286,0.8285714285714286,15,default,large_airport,41.179766,40.848802,True,True,True
2025-06,LZKZ,35,33,33,33,departures,0.9428571428571428,0.9428571428571428,15,default,medium_airport,48.663101,21.2411,True,True,True
2025-06,EGMC,35,31,31,31,departures,0.8857142857142857,0.8857142857142857,15,default,medium_airport,51.570562,0.693627,True,True,True
2025-06,EDLP,35,28,28,28,departures,0.8,0.8,15,default,large_airport,51.612527,8.617459,True,True,True
2025-06,LECO,35,32,32,33,arrivals,0.9142857142857144,0.9428571428571428,15,default,medium_airport,43.302101,-8.37726,True,True,True
2025-06,LTFG,35,31,30,30,arrivals,0.8571428571428571,0.8571428571428571,15,default,medium_airport,36.298832,32.297017,True,True,True
2025-06,ESPA,35,12,12,12,arrivals,0.3428571428571428,0.3428571428571428,15,default,large_airport,65.5438,22.122,True,True,True
2025-06,LEGR,34,32,32,32,departures,0.9411764705882352,0.9411764705882352,15,default,medium_airport,37.188702,-3.77736,True,True,True
2025-06,LTFG,34,34,34,34,departures,1.0,1.0,15,default,medium_airport,36.298832,32.297017,True,True,True
2025-06,GMFO,34,32,31,31,departures,0.9117647058823528,0.9117647058823528,15,default,large_airport,34.789558,-1.926041,True,True,True
2025-06,LZKZ,34,24,24,25,arrivals,0.7058823529411765,0.7352941176470589,15,default,medium_airport,48.663101,21.2411,True,True,True
2025-06,LEGR,34,29,28,28,arrivals,0.8235294117647058,0.8235294117647058,15,default,medium_airport,37.188702,-3.77736,True,True,True
2025-06,LGMT,34,25,25,25,arrivals,0.7352941176470589,0.7352941176470589,15,default,medium_airport,39.057406,26.598629,True,True,True
2025-06,GMFO,34,30,30,31,arrivals,0.8823529411764706,0.9117647058823528,15,default,large_airport,34.789558,-1.926041,True,True,True
2025-06,LOWL,34,26,24,26,arrivals,0.7058823529411765,0.7647058823529411,15,default,large_airport,48.235362,14.188128,True,True,True
2025-06,LICR,34,1,1,7,arrivals,0.0294117647058823,0.2058823529411764,15,default,medium_airport,38.071201,15.6516,True,True,True
2025-06,LGMT,33,26,26,26,departures,0.7878787878787878,0.7878787878787878,15,default,medium_airport,39.057406,26.598629,True,True,True
2025-06,LTCI,33,0,0,0,departures,0.0,0.0,15,default,medium_airport,38.46820068359375,43.332298278808594,True,True,True
2025-06,LICR,33,0,0,0,departures,0.0,0.0,15,default,medium_airport,38.071201,15.6516,True,True,True
2025-06,LOWI,33,30,29,29,departures,0.8787878787878788,0.8787878787878788,15,default,large_airport,47.260201,11.344,True,True,True
2025-06,EGMC,33,30,29,29,arrivals,0.8787878787878788,0.8787878787878788,15,default,medium_airport,51.570562,0.693627,True,True,True
2025-06,EKAH,33,28,25,25,arrivals,0.7575757575757576,0.7575757575757576,15,default,large_airport,56.303331,10.618286,True,True,True
2025-06,LFRN,32,26,26,26,departures,0.8125,0.8125,15,default,medium_airport,48.0695,-1.73479,True,True,True
2025-06,EGWU,32,27,0,0,departures,0.0,0.0,15,default,medium_airport,51.553001,-0.418167,True,True,True
2025-06,EKAH,32,30,30,30,departures,0.9375,0.9375,15,default,large_airport,56.303331,10.618286,True,True,True
2025-06,LTCB,32,9,9,11,departures,0.28125,0.34375,15,default,medium_airport,40.966872,38.085995,True,True,True
2025-06,LEMI,32,31,30,30,arrivals,0.9375,0.9375,15,default,large_airport,37.802852,-1.124884,True,True,True
2025-06,LTCI,32,0,0,0,arrivals,0.0,0.0,15,default,medium_airport,38.46820068359375,43.332298278808594,True,True,True
2025-06,LEMI,31,31,31,31,departures,1.0,1.0,15,default,large_airport,37.802852,-1.124884,True,True,True
2025-06,EDMO,31,25,22,25,departures,0.7096774193548387,0.8064516129032258,15,default,medium_airport,48.081402,11.2831,True,True,True
2025-06,ENHD,31,25,23,23,departures,0.7419354838709677,0.7419354838709677,15,default,medium_airport,59.345299,5.20836,True,True,True
2025-06,EIKN,31,29,29,29,departures,0.935483870967742,0.935483870967742,15,default,large_airport,53.910439,-8.817002,True,True,True
2025-06,LFRN,31,25,25,26,arrivals,0.8064516129032258,0.8387096774193549,15,default,medium_airport,48.0695,-1.73479,True,True,True
2025-06,LTCE,31,0,0,1,arrivals,0.0,0.032258064516129,15,default,medium_airport,39.956501,41.1702,True,True,True
2025-06,LGNX,30,1,0,0,departures,0.0,0.0,15,default,small_airport,37.0811,25.368099,True,False,False
2025-06,URMM,30,5,4,4,departures,0.1333333333333333,0.1333333333333333,15,default,large_airport,44.225101,43.081902,True,True,True
2025-06,EGPK,30,27,27,30,departures,0.9,1.0,15,default,large_airport,55.501499,-4.577182,True,True,True
2025-06,LGNX,30,6,0,0,arrivals,0.0,0.0,15,default,small_airport,37.0811,25.368099,True,False,False
2025-06,LTCB,30,15,15,16,arrivals,0.5,0.5333333333333333,15,default,medium_airport,40.966872,38.085995,True,True,True
2025-06,EIKN,30,28,28,28,arrivals,0.9333333333333332,0.9333333333333332,15,default,large_airport,53.910439,-8.817002,True,True,True
2025-06,LTAZ,29,0,0,0,departures,0.0,0.0,15,default,large_airport,38.7719,34.5345,True,True,True
2025-06,EBAW,29,20,18,22,departures,0.6206896551724138,0.7586206896551724,15,default,medium_airport,51.190667,4.463153,True,True,True
2025-06,LTCE,29,0,0,0,departures,0.0,0.0,15,default,medium_airport,39.956501,41.1702,True,True,True
2025-06,EGPA,29,4,0,0,departures,0.0,0.0,15,default,medium_airport,58.957903,-2.905077,True,True,True
2025-06,ENHD,29,21,19,28,arrivals,0.6551724137931034,0.9655172413793104,15,default,medium_airport,59.345299,5.20836,True,True,True
2025-06,LTAZ,29,2,0,0,arrivals,0.0,0.0,15,default,large_airport,38.7719,34.5345,True,True,True
2025-06,URMM,29,1,0,3,arrivals,0.0,0.1034482758620689,15,default,large_airport,44.225101,43.081902,True,True,True
2025-06,EGPK,29,23,22,25,arrivals,0.7586206896551724,0.8620689655172413,15,default,large_airport,55.501499,-4.577182,True,True,True
2025-06,EGHQ,28,22,22,22,departures,0.7857142857142857,0.7857142857142857,15,default,medium_airport,50.440601,-4.99541,True,True,True
2025-06,ESNU,28,7,7,7,departures,0.25,0.25,15,default,large_airport,63.791801,20.282801,True,True,True
2025-06,EGHQ,28,21,21,21,arrivals,0.75,0.75,15,default,medium_airport,50.440601,-4.99541,True,True,True
2025-06,ENBN,27,2,1,2,departures,0.037037037037037,0.074074074074074,15,default,medium_airport,65.461098,12.2175,True,True,True
2025-06,LICD,27,15,15,15,departures,0.5555555555555556,0.5555555555555556,15,default,medium_airport,35.497898,12.6181,True,True,True
2025-06,LTCA,27,0,0,0,departures,0.0,0.0,15,default,medium_airport,38.597974,39.28348,True,True,True
2025-06,LFKC,27,24,24,26,arrivals,0.8888888888888888,0.9629629629629628,15,default,medium_airport,42.530422,8.792984,True,True,True
2025-06,EGWU,27,22,0,0,arrivals,0.0,0.0,15,default,medium_airport,51.553001,-0.418167,True,True,True
2025-06,LTAN,27,0,0,0,arrivals,0.0,0.0,15,default,large_airport,37.979,32.561901,True,True,True
2025-06,LICD,27,12,12,12,arrivals,0.4444444444444444,0.4444444444444444,15,default,medium_airport,35.497898,12.6181,True,True,True
2025-06,LIPB,27,21,14,15,arrivals,0.5185185185185185,0.5555555555555556,15,default,medium_airport,46.459245,11.326125,True,True,True
2025-06,LTCA,27,0,0,0,arrivals,0.0,0.0,15,default,medium_airport,38.597974,39.28348,True,True,True
2025-06,LPCS,26,21,19,23,departures,0.7307692307692307,0.8846153846153846,15,default,medium_airport,38.724998,-9.35523,True,True,True
2025-06,LFKC,26,23,23,23,departures,0.8846153846153846,0.8846153846153846,15,default,medium_airport,42.530422,8.792984,True,True,True
2025-06,LTAT,26,1,0,0,departures,0.0,0.0,15,default,medium_airport,38.4352989197,38.0909996033,True,True,True
2025-06,LTAN,26,0,0,0,departures,0.0,0.0,15,default,large_airport,37.979,32.561901,True,True,True
2025-06,LIPB,26,23,21,21,departures,0.8076923076923077,0.8076923076923077,15,default,medium_airport,46.459245,11.326125,True,True,True
2025-06,LRBS,26,22,22,22,departures,0.8461538461538461,0.8461538461538461,15,default,large_airport,44.503133,26.102944,True,True,True
2025-06,LTCS,26,0,0,0,departures,0.0,0.0,15,default,large_airport,37.445663,38.895592,True,True,True
2025-06,ENBN,26,6,0,8,arrivals,0.0,0.3076923076923077,15,default,medium_airport,65.461098,12.2175,True,True,True
2025-06,EGPA,26,7,0,0,arrivals,0.0,0.0,15,default,medium_airport,58.957903,-2.905077,True,True,True
2025-06,LTCS,26,0,0,0,arrivals,0.0,0.0,15,default,large_airport,37.445663,38.895592,True,True,True
2025-06,ESNU,26,17,0,0,arrivals,0.0,0.0,15,default,large_airport,63.791801,20.282801,True,True,True
2025-06,LGHI,26,22,22,23,arrivals,0.8461538461538461,0.8846153846153846,15,default,medium_airport,38.34320068359375,26.140600204467773,True,True,True
2025-06,EHBK,25,19,17,17,departures,0.68,0.68,15,default,large_airport,50.911087,5.769401,True,True,True
2025-06,LFMP,25,24,22,22,departures,0.88,0.88,15,default,medium_airport,42.740398,2.87067,True,True,True
2025-06,LGML,25,0,0,0,departures,0.0,0.0,15,default,small_airport,36.696899,24.4769,True,False,False
2025-06,EGSH,25,24,24,24,departures,0.96,0.96,15,default,medium_airport,52.6758,1.28278,True,True,True
2025-06,EFOU,25,0,0,0,departures,0.0,0.0,15,default,large_airport,64.930099,25.354601,True,True,True
2025-06,LGKL,25,24,24,26,departures,0.96,1.04,15,default,medium_airport,37.06829833984375,22.02549934387207,True,True,True
2025-06,LGHI,25,21,21,21,departures,0.84,0.84,15,default,medium_airport,38.34320068359375,26.140600204467773,True,True,True
2025-06,LPCS,25,15,10,19,arrivals,0.4,0.76,15,default,medium_airport,38.724998,-9.35523,True,True,True
2025-06,EBAW,25,20,15,22,arrivals,0.6,0.88,15,default,medium_airport,51.190667,4.463153,True,True,True
2025-06,EGSH,25,23,23,23,arrivals,0.92,0.92,15,default,medium_airport,52.6758,1.28278,True,True,True
2025-06,EFOU,25,3,2,3,arrivals,0.08,0.12,15,default,large_airport,64.930099,25.354601,True,True,True
2025-06,LGKL,25,21,21,22,arrivals,0.84,0.88,15,default,medium_airport,37.06829833984375,22.02549934387207,True,True,True
2025-06,LFRK,24,21,19,20,departures,0.7916666666666666,0.8333333333333334,15,default,medium_airport,49.17678,-0.454883,True,True,True
2025-06,LICG,24,9,7,7,departures,0.2916666666666667,0.2916666666666667,15,default,medium_airport,36.816502,11.9689,True,True,True
2025-06,LIPR,24,17,17,20,departures,0.7083333333333334,0.8333333333333334,15,default,large_airport,44.020024,12.612198,True,True,True
2025-06,EKVG,24,0,0,0,departures,0.0,0.0,15,default,large_airport,62.063256,-7.275782,True,True,True
2025-06,ENAT,24,18,0,0,departures,0.0,0.0,15,default,medium_airport,69.976097,23.3717,True,True,True
2025-06,ENFL,24,13,13,16,departures,0.5416666666666666,0.6666666666666666,15,default,medium_airport,61.583599090576,5.0247201919556,True,True,True
2025-06,EHBK,24,17,15,17,arrivals,0.625,0.7083333333333334,15,default,large_airport,50.911087,5.769401,True,True,True
2025-06,LFMP,24,23,20,21,arrivals,0.8333333333333334,0.875,15,default,medium_airport,42.740398,2.87067,True,True,True
2025-06,LESO,24,21,16,35,arrivals,0.6666666666666666,1.4583333333333333,15,default,medium_airport,43.356499,-1.79061,True,True,True
2025-06,LTAT,24,0,0,0,arrivals,0.0,0.0,15,default,medium_airport,38.4352989197,38.0909996033,True,True,True
2025-06,LIPR,24,19,16,20,arrivals,0.6666666666666666,0.8333333333333334,15,default,large_airport,44.020024,12.612198,True,True,True
2025-06,EKVG,24,0,0,0,arrivals,0.0,0.0,15,default,large_airport,62.063256,-7.275782,True,True,True
2025-06,ENAT,24,18,0,0,arrivals,0.0,0.0,15,default,medium_airport,69.976097,23.3717,True,True,True
2025-06,ENFL,24,3,3,3,arrivals,0.125,0.125,15,default,medium_airport,61.583599090576,5.0247201919556,True,True,True
2025-06,ENLK,23,18,0,0,departures,0.0,0.0,15,default,medium_airport,68.152496337891,13.609399795532,True,True,True
2025-06,ENKR,23,6,0,0,departures,0.0,0.0,15,default,medium_airport,69.7258,29.8913,True,True,True
2025-06,LESO,23,21,17,19,departures,0.7391304347826086,0.8260869565217391,15,default,medium_airport,43.356499,-1.79061,True,True,True
2025-06,ESSV,23,14,14,15,departures,0.6086956521739131,0.6521739130434783,15,default,large_airport,57.6628,18.346201,True,True,True
2025-06,ENOV,23,3,3,9,departures,0.1304347826086956,0.391304347826087,15,default,medium_airport,62.180000305176,6.0741000175476,True,True,True
2025-06,EDDR,23,16,16,17,departures,0.6956521739130435,0.7391304347826086,15,default,medium_airport,49.214545,7.109735,True,True,True
2025-06,LFBT,23,17,17,17,departures,0.7391304347826086,0.7391304347826086,15,default,medium_airport,43.178699,-0.006439,True,True,True
2025-06,ENKR,23,6,0,0,arrivals,0.0,0.0,15,default,medium_airport,69.7258,29.8913,True,True,True
2025-06,LICG,23,8,7,7,arrivals,0.3043478260869565,0.3043478260869565,15,default,medium_airport,36.816502,11.9689,True,True,True
2025-06,EGPO,23,1,0,0,arrivals,0.0,0.0,15,default,medium_airport,58.215599,-6.33111,True,True,True
2025-06,LLER,22,1,0,0,departures,0.0,0.0,15,default,large_airport,29.727009,35.014116,True,True,True
2025-06,EIKY,22,21,21,21,departures,0.9545454545454546,0.9545454545454546,15,default,medium_airport,52.180901,-9.52378,True,True,True
2025-06,LGKP,22,0,0,0,departures,0.0,0.0,15,default,medium_airport,35.421398,27.146,True,True,True
2025-06,LFBP,22,16,16,16,departures,0.7272727272727273,0.7272727272727273,15,default,medium_airport,43.380001,-0.418611,True,True,True
2025-06,GCHI,22,0,0,0,departures,0.0,0.0,15,default,medium_airport,27.8148,-17.8871,True,True,True
2025-06,EGNV,22,18,18,18,departures,0.8181818181818182,0.8181818181818182,15,default,medium_airport,54.509201,-1.42941,True,True,True
2025-06,LRSB,22,9,9,9,departures,0.4090909090909091,0.4090909090909091,15,default,large_airport,45.785841,24.086666,True,True,True
2025-06,EGPO,22,0,0,0,departures,0.0,0.0,15,default,medium_airport,58.215599,-6.33111,True,True,True
2025-06,LSGS,22,19,18,18,departures,0.8181818181818182,0.8181818181818182,15,default,medium_airport,46.219166,7.326944,True,True,True
2025-06,EDXW,22,20,17,17,departures,0.7727272727272727,0.7727272727272727,15,default,medium_airport,54.9132,8.34047,True,True,True
2025-06,LRCV,22,1,1,1,departures,0.0454545454545454,0.0454545454545454,15,default,large_airport,44.3181,23.888599,True,True,True
2025-06,EPSC,22,20,20,20,departures,0.9090909090909092,0.9090909090909092,15,default,large_airport,53.584702,14.9022,True,True,True
2025-06,LLER,22,4,0,0,arrivals,0.0,0.0,15,default,large_airport,29.727009,35.014116,True,True,True
2025-06,EDMO,22,17,12,23,arrivals,0.5454545454545454,1.0454545454545454,15,default,medium_airport,48.081402,11.2831,True,True,True
2025-06,ENLK,22,18,0,0,arrivals,0.0,0.0,15,default,medium_airport,68.152496337891,13.609399795532,True,True,True
2025-06,LGKP,22,4,3,3,arrivals,0.1363636363636363,0.1363636363636363,15,default,medium_airport,35.421398,27.146,True,True,True
2025-06,LFRK,22,20,17,19,arrivals,0.7727272727272727,0.8636363636363636,15,default,medium_airport,49.17678,-0.454883,True,True,True
2025-06,LFBP,22,17,16,17,arrivals,0.7272727272727273,0.7727272727272727,15,default,medium_airport,43.380001,-0.418611,True,True,True
2025-06,ESSV,22,10,10,10,arrivals,0.4545454545454545,0.4545454545454545,15,default,large_airport,57.6628,18.346201,True,True,True
2025-06,GCHI,22,0,0,0,arrivals,0.0,0.0,15,default,medium_airport,27.8148,-17.8871,True,True,True
2025-06,ENOV,22,16,15,31,arrivals,0.6818181818181818,1.4090909090909092,15,default,medium_airport,62.180000305176,6.0741000175476,True,True,True
2025-06,EDDR,22,15,15,19,arrivals,0.6818181818181818,0.8636363636363636,15,default,medium_airport,49.214545,7.109735,True,True,True
2025-06,LFBT,22,16,16,16,arrivals,0.7272727272727273,0.7272727272727273,15,default,medium_airport,43.178699,-0.006439,True,True,True
2025-06,LRSB,22,6,6,6,arrivals,0.2727272727272727,0.2727272727272727,15,default,large_airport,45.785841,24.086666,True,True,True
2025-06,EDXW,22,19,15,18,arrivals,0.6818181818181818,0.8181818181818182,15,default,medium_airport,54.9132,8.34047,True,True,True
2025-06,EPSC,22,17,12,15,arrivals,0.5454545454545454,0.6818181818181818,15,default,large_airport,53.584702,14.9022,True,True,True
2025-06,LRSV,21,2,2,2,departures,0.0952380952380952,0.0952380952380952,15,default,large_airport,47.6875,26.354099,True,True,True
2025-06,ENSG,21,5,0,0,departures,0.0,0.0,15,default,small_airport,61.156101,7.13778,True,False,False
2025-06,LDRI,21,18,18,18,departures,0.8571428571428571,0.8571428571428571,15,default,large_airport,45.216376,14.57085,True,True,True
2025-06,BIAR,21,0,0,0,departures,0.0,0.0,15,default,large_airport,65.656573,-18.072018,True,True,True
2025-06,ENSG,21,6,0,0,arrivals,0.0,0.0,15,default,small_airport,61.156101,7.13778,True,False,False
2025-06,EIKY,21,18,17,19,arrivals,0.8095238095238095,0.9047619047619048,15,default,medium_airport,52.180901,-9.52378,True,True,True
2025-06,LFLC,21,20,19,20,arrivals,0.9047619047619048,0.9523809523809524,15,default,large_airport,45.786701,3.16917,True,True,True
2025-06,LGML,21,1,0,0,arrivals,0.0,0.0,15,default,small_airport,36.696899,24.4769,True,False,False
2025-06,LRBS,21,16,12,14,arrivals,0.5714285714285714,0.6666666666666666,15,default,large_airport,44.503133,26.102944,True,True,True
2025-06,EGNV,21,17,17,17,arrivals,0.8095238095238095,0.8095238095238095,15,default,medium_airport,54.509201,-1.42941,True,True,True
2025-06,LSZB,21,14,14,19,arrivals,0.6666666666666666,0.9047619047619048,15,default,medium_airport,46.912736,7.498819,True,True,True
2025-06,LDRI,21,17,17,19,arrivals,0.8095238095238095,0.9047619047619048,15,default,large_airport,45.216376,14.57085,True,True,True
2025-06,BIAR,21,1,0,0,arrivals,0.0,0.0,15,default,large_airport,65.656573,-18.072018,True,True,True
2025-06,LRCV,21,1,1,1,arrivals,0.0476190476190476,0.0476190476190476,15,default,large_airport,44.3181,23.888599,True,True,True
2025-06,DABC,20,0,0,0,departures,0.0,0.0,15,default,large_airport,36.276001,6.62039,True,True,True
2025-06,LSZB,20,16,15,15,departures,0.75,0.75,15,default,medium_airport,46.912736,7.498819,True,True,True
2025-06,LTCR,20,0,0,0,departures,0.0,0.0,15,default,medium_airport,37.2233009338,40.6316986084,True,True,True
2025-06,LRSV,20,1,0,22,arrivals,0.0,1.1,15,default,large_airport,47.6875,26.354099,True,True,True
2025-06,HLLM,20,3,3,3,arrivals,0.15,0.15,15,default,large_airport,32.89177,13.287878,True,True,True
2025-06,EGNJ,20,13,13,13,arrivals,0.65,0.65,15,default,medium_airport,53.576152,-0.34954,True,True,True
2025-06,DABC,20,1,1,2,arrivals,0.05,0.1,15,default,large_airport,36.276001,6.62039,True,True,True
2025-06,GMTN,20,19,18,18,arrivals,0.9,0.9,15,default,large_airport,35.594299,-5.32002,True,True,True
2025-06,LSGS,20,15,13,18,arrivals,0.65,0.9,15,default,medium_airport,46.219166,7.326944,True,True,True
2025-06,LTCR,20,0,0,0,arrivals,0.0,0.0,15,default,medium_airport,37.2233009338,40.6316986084,True,True,True
2025-06,ENSK,19,17,0,0,departures,0.0,0.0,15,default,medium_airport,68.578827,15.033417,True,True,True
2025-06,HLLM,19,3,3,3,departures,0.1578947368421052,0.1578947368421052,15,default,large_airport,32.89177,13.287878,True,True,True
2025-06,ENVD,19,7,0,0,departures,0.0,0.0,15,default,medium_airport,70.0653,29.8447,True,True,True
2025-06,LTCJ,19,0,0,0,departures,0.0,0.0,15,default,medium_airport,37.929001,41.1166,True,True,True
2025-06,LSZR,19,18,17,18,departures,0.8947368421052632,0.9473684210526316,15,default,medium_airport,47.485001,9.56077,True,True,True
2025-06,LRBC,19,17,17,20,departures,0.8947368421052632,1.0526315789473684,15,default,large_airport,46.5219,26.910299,True,True,True
2025-06,EGTK,19,19,18,21,departures,0.9473684210526316,1.105263157894737,15,default,medium_airport,51.836899,-1.32,True,True,True
2025-06,GMTN,19,17,17,17,departures,0.8947368421052632,0.8947368421052632,15,default,large_airport,35.594299,-5.32002,True,True,True
2025-06,LOWK,19,16,16,17,departures,0.8421052631578947,0.8947368421052632,15,default,large_airport,46.642502,14.3377,True,True,True
2025-06,EFTU,19,16,16,16,departures,0.8421052631578947,0.8421052631578947,15,default,large_airport,60.514099,22.2628,True,True,True
2025-06,ENSK,19,18,0,0,arrivals,0.0,0.0,15,default,medium_airport,68.578827,15.033417,True,True,True
2025-06,LTCJ,19,0,0,0,arrivals,0.0,0.0,15,default,medium_airport,37.929001,41.1166,True,True,True
2025-06,LSZR,19,18,15,16,arrivals,0.7894736842105263,0.8421052631578947,15,default,medium_airport,47.485001,9.56077,True,True,True
2025-06,LRBC,19,15,14,15,arrivals,0.7368421052631579,0.7894736842105263,15,default,large_airport,46.5219,26.910299,True,True,True
2025-06,LFTZ,19,15,0,0,arrivals,0.0,0.0,15,default,small_airport,43.205399,6.482,True,False,False
2025-06,LFLC,18,18,17,17,departures,0.9444444444444444,0.9444444444444444,15,default,large_airport,45.786701,3.16917,True,True,True
2025-06,EBOS,18,14,13,13,departures,0.7222222222222222,0.7222222222222222,15,default,large_airport,51.1998,2.874673,True,True,True
2025-06,EYPA,18,15,15,15,departures,0.8333333333333334,0.8333333333333334,15,default,large_airport,55.973202,21.093901,True,True,True
2025-06,EGJA,18,12,12,12,departures,0.6666666666666666,0.6666666666666666,15,default,medium_airport,49.706104,-2.21472,True,True,True
2025-06,EGJA,18,12,12,12,arrivals,0.6666666666666666,0.6666666666666666,15,default,medium_airport,49.706104,-2.21472,True,True,True
2025-06,LIPO,18,16,11,13,arrivals,0.6111111111111112,0.7222222222222222,15,default,medium_airport,45.428902,10.3306,True,True,True
2025-06,LOWK,18,14,12,15,arrivals,0.6666666666666666,0.8333333333333334,15,default,large_airport,46.642502,14.3377,True,True,True
2025-06,EFTU,18,9,9,9,arrivals,0.5,0.5,15,default,large_airport,60.514099,22.2628,True,True,True
2025-06,LGAL,17,16,16,16,departures,0.9411764705882352,0.9411764705882352,15,default,medium_airport,40.8559,25.956301,True,True,True
2025-06,EBKT,17,17,0,0,departures,0.0,0.0,15,default,medium_airport,50.818878,3.209551,True,True,True
2025-06,EPLL,17,17,17,17,departures,1.0,1.0,15,default,large_airport,51.721901,19.3981,True,True,True
2025-06,EFRO,17,0,0,0,departures,0.0,0.0,15,default,large_airport,66.563327,25.829751,True,True,True
2025-06,LPAZ,17,14,14,14,departures,0.8235294117647058,0.8235294117647058,15,default,medium_airport,36.97140121459961,-25.17060089111328,True,True,True
2025-06,LQBK,17,14,14,14,departures,0.8235294117647058,0.8235294117647058,15,default,large_airport,44.941399,17.297501,True,True,True
2025-06,ENML,17,3,2,2,departures,0.1176470588235294,0.1176470588235294,15,default,medium_airport,62.744701,7.2625,True,True,True
2025-06,EBOS,17,14,13,15,arrivals,0.7647058823529411,0.8823529411764706,15,default,large_airport,51.1998,2.874673,True,True,True
2025-06,EYPA,17,8,7,8,arrivals,0.4117647058823529,0.4705882352941176,15,default,large_airport,55.973202,21.093901,True,True,True
2025-06,EFRO,17,0,0,0,arrivals,0.0,0.0,15,default,large_airport,66.563327,25.829751,True,True,True
2025-06,LQBK,17,11,11,11,arrivals,0.6470588235294118,0.6470588235294118,15,default,large_airport,44.941399,17.297501,True,True,True
2025-06,LTCF,16,0,0,0,departures,0.0,0.0,15,default,medium_airport,40.562198638916016,43.1150016784668,True,True,True
2025-06,LFBE,16,16,16,16,departures,1.0,1.0,15,default,medium_airport,44.825298,0.518611,True,True,True
2025-06,EPLB,16,15,15,15,departures,0.9375,0.9375,15,default,large_airport,51.240157,22.713461,True,True,True
2025-06,EKEB,16,5,5,5,departures,0.3125,0.3125,15,default,medium_airport,55.525902,8.5534,True,True,True
2025-06,LFBL,16,10,10,10,departures,0.625,0.625,15,default,medium_airport,45.862801,1.17944,True,True,True
2025-06,EGNJ,16,10,10,10,departures,0.625,0.625,15,default,medium_airport,53.576152,-0.34954,True,True,True
2025-06,LFLY,16,12,0,0,departures,0.0,0.0,15,default,medium_airport,45.727947,4.943991,True,True,True
2025-06,EDDE,16,15,15,15,departures,0.9375,0.9375,15,default,large_airport,50.978281,10.960713,True,True,True
2025-06,EPBY,16,13,13,13,departures,0.8125,0.8125,15,default,medium_airport,53.096802,17.977699,True,True,True
2025-06,EKRN,16,10,10,10,departures,0.625,0.625,15,default,medium_airport,55.063301,14.7596,True,True,True
2025-06,LECH,16,12,12,12,departures,0.75,0.75,15,default,medium_airport,40.213889,0.073333,True,True,True
2025-06,LYNI,16,0,0,0,departures,0.0,0.0,15,default,large_airport,43.336538,21.856242,True,True,True
2025-06,LEPP,16,13,13,18,departures,0.8125,1.125,15,default,medium_airport,42.77,-1.64633,True,True,True
2025-06,LXGB,16,14,14,14,departures,0.875,0.875,15,default,large_airport,36.151679,-5.34978,True,True,True
2025-06,LGAL,16,14,14,14,arrivals,0.875,0.875,15,default,medium_airport,40.8559,25.956301,True,True,True
2025-06,LTCF,16,0,0,0,arrivals,0.0,0.0,15,default,medium_airport,40.562198638916016,43.1150016784668,True,True,True
2025-06,LFBE,16,16,15,16,arrivals,0.9375,1.0,15,default,medium_airport,44.825298,0.518611,True,True,True
2025-06,EPLB,16,14,14,16,arrivals,0.875,1.0,15,default,large_airport,51.240157,22.713461,True,True,True
2025-06,EDVE,16,14,11,14,arrivals,0.6875,0.875,15,default,medium_airport,52.319199,10.5561,True,True,True
2025-06,EPLL,16,15,15,21,arrivals,0.9375,1.3125,15,default,large_airport,51.721901,19.3981,True,True,True
2025-06,LFBL,16,3,2,2,arrivals,0.125,0.125,15,default,medium_airport,45.862801,1.17944,True,True,True
2025-06,ENSH,16,15,0,0,arrivals,0.0,0.0,15,default,medium_airport,68.243301,14.6692,True,True,True
2025-06,EGTK,16,15,13,18,arrivals,0.8125,1.125,15,default,medium_airport,51.836899,-1.32,True,True,True
2025-06,LFLY,16,13,0,0,arrivals,0.0,0.0,15,default,medium_airport,45.727947,4.943991,True,True,True
2025-06,LFMK,16,16,15,16,arrivals,0.9375,1.0,15,default,medium_airport,43.216,2.30632,True,True,True
2025-06,LYNI,16,4,0,1,arrivals,0.0,0.0625,15,default,large_airport,43.336538,21.856242,True,True,True
2025-06,LXGB,16,14,14,14,arrivals,0.875,0.875,15,default,large_airport,36.151679,-5.34978,True,True,True
2025-06,HESX,15,7,6,7,departures,0.4,0.4666666666666667,15,default,large_airport,30.108179,30.895728,True,True,True
2025-06,ENRA,15,7,7,7,departures,0.4666666666666667,0.4666666666666667,15,default,medium_airport,66.363899230957,14.301400184631,True,True,True
2025-06,EDNY,15,12,11,11,departures,0.7333333333333333,0.7333333333333333,15,default,large_airport,47.671299,9.51149,True,True,True
2025-06,EGAE,15,5,5,5,departures,0.3333333333333333,0.3333333333333333,15,default,medium_airport,55.042801,-7.16111,True,True,True
2025-06,LTCK,15,0,0,0,departures,0.0,0.0,15,default,medium_airport,38.74779891967773,41.66120147705078,True,True,True
2025-06,LFMK,15,15,15,15,departures,1.0,1.0,15,default,medium_airport,43.216,2.30632,True,True,True
2025-06,UWGG,15,0,0,0,departures,0.0,0.0,15,default,large_airport,56.227351,43.785152,True,True,True
2025-06,HESX,15,5,5,22,arrivals,0.3333333333333333,1.4666666666666666,15,default,large_airport,30.108179,30.895728,True,True,True
2025-06,LGLM,15,0,0,0,arrivals,0.0,0.0,15,default,small_airport,39.917098999,25.236299514799995,True,False,False
2025-06,EKEB,15,5,5,6,arrivals,0.3333333333333333,0.4,15,default,medium_airport,55.525902,8.5534,True,True,True
2025-06,EDNY,15,10,9,10,arrivals,0.6,0.6666666666666666,15,default,large_airport,47.671299,9.51149,True,True,True
2025-06,ENVD,15,4,0,0,arrivals,0.0,0.0,15,default,medium_airport,70.0653,29.8447,True,True,True
2025-06,LLHA,15,8,8,8,arrivals,0.5333333333333333,0.5333333333333333,15,default,medium_airport,32.810219,35.043719,True,True,True
2025-06,LFRM,15,11,8,13,arrivals,0.5333333333333333,0.8666666666666667,15,default,medium_airport,47.948604,0.201702,True,True,True
2025-06,EDDE,15,11,11,11,arrivals,0.7333333333333333,0.7333333333333333,15,default,large_airport,50.978281,10.960713,True,True,True
2025-06,EPBY,15,8,7,15,arrivals,0.4666666666666667,1.0,15,default,medium_airport,53.096802,17.977699,True,True,True
2025-06,EKRN,15,9,9,9,arrivals,0.6,0.6,15,default,medium_airport,55.063301,14.7596,True,True,True
2025-06,LTCK,15,0,0,0,arrivals,0.0,0.0,15,default,medium_airport,38.74779891967773,41.66120147705078,True,True,True
2025-06,ENML,15,5,0,2,arrivals,0.0,0.1333333333333333,15,default,medium_airport,62.744701,7.2625,True,True,True
2025-06,LECH,15,10,9,9,arrivals,0.6,0.6,15,default,medium_airport,40.213889,0.073333,True,True,True
2025-06,LFSD,15,11,7,10,arrivals,0.4666666666666667,0.6666666666666666,15,default,medium_airport,47.268902,5.09,True,True,True
2025-06,ETSI,14,11,10,10,departures,0.7142857142857143,0.7142857142857143,15,default,medium_airport,48.7156982421875,11.534000396728516,True,True,True
2025-06,LTAR,14,0,0,0,departures,0.0,0.0,15,default,small_airport,39.813801,36.9035,True,False,False
2025-06,LGLM,14,0,0,0,departures,0.0,0.0,15,default,small_airport,39.917098999,25.236299514799995,True,False,False
2025-06,EDVE,14,11,11,11,departures,0.7857142857142857,0.7857142857142857,15,default,medium_airport,52.319199,10.5561,True,True,True
2025-06,LROD,14,4,3,3,departures,0.2142857142857142,0.2142857142857142,15,default,large_airport,47.025299,21.9025,True,True,True
2025-06,LLHA,14,6,6,6,departures,0.4285714285714285,0.4285714285714285,15,default,medium_airport,32.810219,35.043719,True,True,True
2025-06,ENSH,14,14,0,0,departures,0.0,0.0,15,default,medium_airport,68.243301,14.6692,True,True,True
2025-06,EFKU,14,11,11,11,departures,0.7857142857142857,0.7857142857142857,15,default,large_airport,63.007099,27.7978,True,True,True
2025-06,LTAY,14,3,3,3,departures,0.2142857142857142,0.2142857142857142,15,default,medium_airport,37.7855987549,29.7012996674,True,True,True
2025-06,LTAR,14,0,0,0,arrivals,0.0,0.0,15,default,small_airport,39.813801,36.9035,True,False,False
2025-06,ENRA,14,8,7,9,arrivals,0.5,0.6428571428571429,15,default,medium_airport,66.363899230957,14.301400184631,True,True,True
2025-06,LROD,14,1,0,0,arrivals,0.0,0.0,15,default,large_airport,47.025299,21.9025,True,True,True
2025-06,LFBH,14,12,10,10,arrivals,0.7142857142857143,0.7142857142857143,15,default,medium_airport,46.179199,-1.19528,True,True,True
2025-06,EGAE,14,3,3,3,arrivals,0.2142857142857142,0.2142857142857142,15,default,medium_airport,55.042801,-7.16111,True,True,True
2025-06,LPAZ,14,10,10,13,arrivals,0.7142857142857143,0.9285714285714286,15,default,medium_airport,36.97140121459961,-25.17060089111328,True,True,True
2025-06,LEPP,14,11,1,22,arrivals,0.0714285714285714,1.5714285714285714,15,default,medium_airport,42.77,-1.64633,True,True,True
2025-06,LPPS,13,2,2,2,departures,0.1538461538461538,0.1538461538461538,15,default,medium_airport,33.0733985901,-16.3500003815,True,True,True
2025-06,LTDA,13,1,0,0,departures,0.0,0.0,15,default,medium_airport,36.36079,36.285589,True,True,True
2025-06,EFVA,13,6,6,6,departures,0.4615384615384615,0.4615384615384615,15,default,large_airport,63.05023,21.762543,True,True,True
2025-06,LFRZ,13,13,10,10,departures,0.7692307692307693,0.7692307692307693,15,default,medium_airport,47.31142,-2.152634,True,True,True
2025-06,LFRM,13,11,10,12,departures,0.7692307692307693,0.9230769230769232,15,default,medium_airport,47.948604,0.201702,True,True,True
2025-06,LIBC,13,3,2,2,departures,0.1538461538461538,0.1538461538461538,15,default,medium_airport,38.9972,17.0802,True,True,True
2025-06,LFBH,13,13,13,13,departures,1.0,1.0,15,default,medium_airport,46.179199,-1.19528,True,True,True
2025-06,EDMA,13,11,11,12,departures,0.8461538461538461,0.9230769230769232,15,default,medium_airport,48.425278,10.931667,True,True,True
2025-06,LTCT,13,0,0,0,departures,0.0,0.0,15,default,medium_airport,39.976627,43.876648,True,True,True
2025-06,LGKV,13,12,12,13,departures,0.9230769230769232,1.0,15,default,large_airport,40.9133,24.6192,True,True,True
2025-06,LPPS,13,2,2,15,arrivals,0.1538461538461538,1.1538461538461535,15,default,medium_airport,33.0733985901,-16.3500003815,True,True,True
2025-06,LBPD,13,0,0,0,arrivals,0.0,0.0,15,default,large_airport,42.067799,24.8508,True,True,True
2025-06,LFRZ,13,13,10,11,arrivals,0.7692307692307693,0.8461538461538461,15,default,medium_airport,47.31142,-2.152634,True,True,True
2025-06,EFKU,13,11,11,11,arrivals,0.8461538461538461,0.8461538461538461,15,default,large_airport,63.007099,27.7978,True,True,True
2025-06,LTAY,13,0,0,1,arrivals,0.0,0.0769230769230769,15,default,medium_airport,37.7855987549,29.7012996674,True,True,True
2025-06,UWGG,13,1,0,1,arrivals,0.0,0.0769230769230769,15,default,large_airport,56.227351,43.785152,True,True,True
2025-06,LTCT,13,0,0,0,arrivals,0.0,0.0,15,default,medium_airport,39.976627,43.876648,True,True,True
2025-06,LGKV,13,11,11,11,arrivals,0.8461538461538461,0.8461538461538461,15,default,large_airport,40.9133,24.6192,True,True,True
2025-06,LIRS,12,6,6,6,departures,0.5,0.5,15,default,medium_airport,42.759701,11.0719,True,True,True
2025-06,LFTW,12,11,11,11,departures,0.9166666666666666,0.9166666666666666,15,default,medium_airport,43.757401,4.41635,True,True,True
2025-06,HLLB,12,0,0,0,departures,0.0,0.0,15,default,large_airport,32.096802,20.269501,True,True,True
2025-06,LFMU,12,12,12,12,departures,1.0,1.0,15,default,medium_airport,43.323502,3.3539,True,True,True
2025-06,ESNS,12,12,12,12,departures,1.0,1.0,15,default,medium_airport,64.62480163574219,21.07690048217773,True,True,True
2025-06,ENSD,12,1,0,0,departures,0.0,0.0,15,default,small_airport,61.830002,6.10583,True,False,False
2025-06,LTFD,12,11,11,11,departures,0.9166666666666666,0.9166666666666666,15,default,large_airport,39.552533,27.010192,True,True,True
2025-06,ENST,12,2,1,2,departures,0.0833333333333333,0.1666666666666666,15,default,medium_airport,65.956802,12.4689,True,True,True
2025-06,LFTZ,12,11,0,0,departures,0.0,0.0,15,default,small_airport,43.205399,6.482,True,False,False
2025-06,GCGM,12,1,0,0,departures,0.0,0.0,15,default,small_airport,28.0296,-17.2146,True,False,False
2025-06,EDFM,12,7,7,11,departures,0.5833333333333334,0.9166666666666666,15,default,medium_airport,49.473057,8.514167,True,True,True
2025-06,EKRK,12,11,11,11,departures,0.9166666666666666,0.9166666666666666,15,default,medium_airport,55.585602,12.1314,True,True,True
2025-06,LTCP,12,0,0,0,departures,0.0,0.0,15,default,medium_airport,37.7314,38.468899,True,True,True
2025-06,LTCN,12,0,0,0,departures,0.0,0.0,15,default,medium_airport,37.5388259888,36.9535217285,True,True,True
2025-06,ENBL,12,0,0,0,departures,0.0,0.0,15,default,small_airport,61.391102,5.75694,True,False,False
2025-06,LTCD,12,0,0,0,arrivals,0.0,0.0,15,default,medium_airport,39.7102012634,39.5270004272,True,True,True
2025-06,HLLB,12,0,0,0,arrivals,0.0,0.0,15,default,large_airport,32.096802,20.269501,True,True,True
2025-06,EKSB,12,12,12,12,arrivals,1.0,1.0,15,default,medium_airport,54.96440124511719,9.791729927062988,True,True,True
2025-06,ETSI,12,9,7,7,arrivals,0.5833333333333334,0.5833333333333334,15,default,medium_airport,48.7156982421875,11.534000396728516,True,True,True
2025-06,EFVA,12,3,2,2,arrivals,0.1666666666666666,0.1666666666666666,15,default,large_airport,63.05023,21.762543,True,True,True
2025-06,LGRX,12,4,2,2,arrivals,0.1666666666666666,0.1666666666666666,15,default,medium_airport,38.1511,21.4256,True,True,True
2025-06,LFMU,12,12,12,12,arrivals,1.0,1.0,15,default,medium_airport,43.323502,3.3539,True,True,True
2025-06,LIBC,12,2,1,1,arrivals,0.0833333333333333,0.0833333333333333,15,default,medium_airport,38.9972,17.0802,True,True,True
2025-06,LIBF,12,2,0,3,arrivals,0.0,0.25,15,default,medium_airport,41.433596,15.534566,True,True,True
2025-06,LTFD,12,10,10,10,arrivals,0.8333333333333334,0.8333333333333334,15,default,large_airport,39.552533,27.010192,True,True,True
2025-06,LGIO,12,10,9,9,arrivals,0.75,0.75,15,default,medium_airport,39.6964,20.8225,True,True,True
2025-06,GCGM,12,0,0,0,arrivals,0.0,0.0,15,default,small_airport,28.0296,-17.2146,True,False,False
2025-06,LTCN,12,0,0,0,arrivals,0.0,0.0,15,default,medium_airport,37.5388259888,36.9535217285,True,True,True
2025-06,LTCD,11,0,0,0,departures,0.0,0.0,15,default,medium_airport,39.7102012634,39.5270004272,True,True,True
2025-06,LGRX,11,0,0,0,departures,0.0,0.0,15,default,medium_airport,38.1511,21.4256,True,True,True
2025-06,EGPN,11,8,8,9,departures,0.7272727272727273,0.8181818181818182,15,default,medium_airport,56.452499,-3.02583,True,True,True
2025-06,LTCV,11,0,0,0,departures,0.0,0.0,15,default,medium_airport,37.3647,42.0582,True,True,True
2025-06,LIPO,11,10,9,11,departures,0.8181818181818182,1.0,15,default,medium_airport,45.428902,10.3306,True,True,True
2025-06,LRBV,11,9,9,9,departures,0.8181818181818182,0.8181818181818182,15,default,large_airport,45.70558,25.522871,True,True,True
2025-06,ENAN,11,10,0,0,departures,0.0,0.0,15,default,medium_airport,69.295193,16.139379,True,True,True
2025-06,LFSD,11,6,6,6,departures,0.5454545454545454,0.5454545454545454,15,default,medium_airport,47.268902,5.09,True,True,True
2025-06,GMML,11,2,0,0,departures,0.0,0.0,15,default,large_airport,27.142467,-13.224947,True,True,True
2025-06,LIRS,11,7,5,6,arrivals,0.4545454545454545,0.5454545454545454,15,default,medium_airport,42.759701,11.0719,True,True,True
2025-06,LFTW,11,10,10,12,arrivals,0.9090909090909092,1.0909090909090908,15,default,medium_airport,43.757401,4.41635,True,True,True
2025-06,LICB,11,9,7,9,arrivals,0.6363636363636364,0.8181818181818182,15,default,medium_airport,36.99583,14.60889,True,True,True
2025-06,LTDA,11,1,0,0,arrivals,0.0,0.0,15,default,medium_airport,36.36079,36.285589,True,True,True
2025-06,ENBL,11,0,0,0,arrivals,0.0,0.0,15,default,small_airport,61.391102,5.75694,True,False,False
2025-06,EGPN,11,7,6,8,arrivals,0.5454545454545454,0.7272727272727273,15,default,medium_airport,56.452499,-3.02583,True,True,True
2025-06,EDMA,11,10,7,8,arrivals,0.6363636363636364,0.7272727272727273,15,default,medium_airport,48.425278,10.931667,True,True,True
2025-06,ESNS,11,10,10,10,arrivals,0.9090909090909092,0.9090909090909092,15,default,medium_airport,64.62480163574219,21.07690048217773,True,True,True
2025-06,LTCV,11,0,0,0,arrivals,0.0,0.0,15,default,medium_airport,37.3647,42.0582,True,True,True
2025-06,ENSD,11,2,0,0,arrivals,0.0,0.0,15,default,small_airport,61.830002,6.10583,True,False,False
2025-06,ENST,11,7,0,2,arrivals,0.0,0.1818181818181818,15,default,medium_airport,65.956802,12.4689,True,True,True
2025-06,EDFM,11,5,5,7,arrivals,0.4545454545454545,0.6363636363636364,15,default,medium_airport,49.473057,8.514167,True,True,True
2025-06,LFMV,11,8,6,8,arrivals,0.5454545454545454,0.7272727272727273,15,default,medium_airport,43.907299,4.90183,True,True,True
2025-06,LTCP,11,0,0,0,arrivals,0.0,0.0,15,default,medium_airport,37.7314,38.468899,True,True,True
2025-06,GMML,11,3,0,0,arrivals,0.0,0.0,15,default,large_airport,27.142467,-13.224947,True,True,True
2025-06,ESNZ,10,8,8,8,departures,0.8,0.8,15,default,medium_airport,63.193546,14.504168,True,True,True
2025-06,EKSB,10,10,10,10,departures,1.0,1.0,15,default,medium_airport,54.96440124511719,9.791729927062988,True,True,True
2025-06,LIPK,10,8,8,8,departures,0.8,0.8,15,default,medium_airport,44.194801,12.0701,True,True,True
2025-06,LIMP,10,10,10,10,departures,1.0,1.0,15,default,medium_airport,44.826351,10.29705,True,True,True
2025-06,EHGG,10,10,10,10,departures,1.0,1.0,15,default,large_airport,53.119107,6.577652,True,True,True
2025-06,LGIO,10,9,9,9,departures,0.9,0.9,15,default,medium_airport,39.6964,20.8225,True,True,True
2025-06,LQMO,10,0,0,0,departures,0.0,0.0,15,default,large_airport,43.282489,17.846101,True,True,True
2025-06,LFMV,10,6,6,7,departures,0.6,0.7,15,default,medium_airport,43.907299,4.90183,True,True,True
2025-06,LGIK,10,0,0,0,departures,0.0,0.0,15,default,small_airport,37.6827011108,26.3470993042,True,False,False
2025-06,DAAE,10,2,2,2,departures,0.2,0.2,15,default,large_airport,36.712547,5.069909,True,True,True
2025-06,EKOD,10,8,8,10,arrivals,0.8,1.0,15,default,large_airport,55.475307,10.327206,True,True,True
2025-06,LIPK,10,8,8,8,arrivals,0.8,0.8,15,default,medium_airport,44.194801,12.0701,True,True,True
2025-06,LDSB,10,2,0,1,arrivals,0.0,0.1,15,default,medium_airport,43.284454,16.678362,True,True,True
2025-06,EHGG,10,10,9,10,arrivals,0.9,1.0,15,default,large_airport,53.119107,6.577652,True,True,True
2025-06,LFCR,10,8,8,8,arrivals,0.8,0.8,15,default,medium_airport,44.407902,2.48267,True,True,True
2025-06,DAAE,10,3,3,3,arrivals,0.3,0.3,15,default,large_airport,36.712547,5.069909,True,True,True
2025-06,LICB,9,7,7,7,departures,0.7777777777777778,0.7777777777777778,15,default,medium_airport,36.99583,14.60889,True,True,True
2025-06,ENNA,9,8,0,0,departures,0.0,0.0,15,default,medium_airport,70.068802,24.973499,True,True,True
2025-06,LBPD,9,2,2,2,departures,0.2222222222222222,0.2222222222222222,15,default,large_airport,42.067799,24.8508,True,True,True
2025-06,GMMI,9,0,0,0,departures,0.0,0.0,15,default,medium_airport,31.397499,-9.68167,True,True,True
2025-06,LDSB,9,1,0,0,departures,0.0,0.0,15,default,medium_airport,43.284454,16.678362,True,True,True
2025-06,ENMS,9,0,0,0,departures,0.0,0.0,15,default,medium_airport,65.783997,13.2149,True,True,True
2025-06,LTCO,9,0,0,0,departures,0.0,0.0,15,default,medium_airport,39.655642,43.025742,True,True,True
2025-06,LFCR,9,7,7,7,departures,0.7777777777777778,0.7777777777777778,15,default,medium_airport,44.407902,2.48267,True,True,True
2025-06,EDTY,9,8,7,7,departures,0.7777777777777778,0.7777777777777778,15,default,medium_airport,49.118332,9.783889,True,True,True
2025-06,ESKN,9,7,7,7,departures,0.7777777777777778,0.7777777777777778,15,default,large_airport,58.789656,16.911479,True,True,True
2025-06,ESTA,9,8,7,7,departures,0.7777777777777778,0.7777777777777778,15,default,medium_airport,56.29610061645508,12.847100257873535,True,True,True
2025-06,GMFK,9,3,0,0,departures,0.0,0.0,15,default,medium_airport,31.9475002289,-4.39833021164,True,True,True
2025-06,LTBR,9,9,9,9,departures,1.0,1.0,15,default,medium_airport,40.255199,29.562599,True,True,True
2025-06,LKPD,9,9,9,12,departures,1.0,1.3333333333333333,15,default,large_airport,50.015049,15.73981,True,True,True
2025-06,ESNZ,9,7,7,7,arrivals,0.7777777777777778,0.7777777777777778,15,default,medium_airport,63.193546,14.504168,True,True,True
2025-06,UUBW,9,1,0,0,arrivals,0.0,0.0,15,default,large_airport,55.553299,38.150002,True,True,True
2025-06,URML,9,0,0,0,arrivals,0.0,0.0,15,default,large_airport,42.816799,47.652302,True,True,True
2025-06,GMMI,9,0,0,0,arrivals,0.0,0.0,15,default,medium_airport,31.397499,-9.68167,True,True,True
2025-06,ENMS,9,2,0,0,arrivals,0.0,0.0,15,default,medium_airport,65.783997,13.2149,True,True,True
2025-06,LRBV,9,8,8,9,arrivals,0.8888888888888888,1.0,15,default,large_airport,45.70558,25.522871,True,True,True
2025-06,DAON,9,3,2,2,arrivals,0.2222222222222222,0.2222222222222222,15,default,large_airport,35.012732,-1.457117,True,True,True
2025-06,EGNR,9,6,0,0,arrivals,0.0,0.0,15,default,medium_airport,53.178101,-2.97778,True,True,True
2025-06,LTCO,9,1,0,0,arrivals,0.0,0.0,15,default,medium_airport,39.655642,43.025742,True,True,True
2025-06,EKRK,9,5,4,7,arrivals,0.4444444444444444,0.7777777777777778,15,default,medium_airport,55.585602,12.1314,True,True,True
2025-06,ESKN,9,6,5,6,arrivals,0.5555555555555556,0.6666666666666666,15,default,large_airport,58.789656,16.911479,True,True,True
2025-06,LQMO,9,0,0,3,arrivals,0.0,0.3333333333333333,15,default,large_airport,43.282489,17.846101,True,True,True
2025-06,ENAN,9,8,0,0,arrivals,0.0,0.0,15,default,medium_airport,69.295193,16.139379,True,True,True
2025-06,LGIK,9,0,0,0,arrivals,0.0,0.0,15,default,small_airport,37.6827011108,26.3470993042,True,False,False
2025-06,GMFK,9,3,0,0,arrivals,0.0,0.0,15,default,medium_airport,31.9475002289,-4.39833021164,True,True,True
2025-06,LTBR,9,7,7,10,arrivals,0.7777777777777778,1.1111111111111112,15,default,medium_airport,40.255199,29.562599,True,True,True
2025-06,BIEG,8,0,0,0,departures,0.0,0.0,15,default,medium_airport,65.2833023071289,-14.401399612426758,True,True,True
2025-06,LFOT,8,7,7,7,departures,0.875,0.875,15,default,medium_airport,47.432201,0.727606,True,True,True
2025-06,LQTZ,8,7,7,9,departures,0.875,1.125,15,default,large_airport,44.459858,18.723627,True,True,True
2025-06,LFRG,8,8,7,7,departures,0.875,0.875,15,default,medium_airport,49.365237,0.154481,True,True,True
2025-06,ENJS,8,0,0,0,departures,0.0,0.0,15,default,heliport,58.83528,2.54556,True,False,False
2025-06,EFMA,8,2,2,2,departures,0.25,0.25,15,default,large_airport,60.1222,19.898199,True,True,True
2025-06,EGPR,8,0,0,0,departures,0.0,0.0,15,default,medium_airport,57.0228,-7.44306,True,True,True
2025-06,UBBG,8,0,0,0,departures,0.0,0.0,15,default,large_airport,40.738692,46.320383,True,True,True
2025-06,LDOS,8,3,3,3,departures,0.375,0.375,15,default,medium_airport,45.462355,18.811278,True,True,True
2025-06,LFSL,8,6,6,6,departures,0.75,0.75,15,default,medium_airport,45.039722,1.485556,True,True,True
2025-06,LSMP,8,6,6,7,departures,0.75,0.875,15,default,medium_airport,46.8432,6.91506,True,True,True
2025-06,DAON,8,3,3,3,departures,0.375,0.375,15,default,large_airport,35.012732,-1.457117,True,True,True
2025-06,EPSY,8,7,6,7,departures,0.75,0.875,15,default,medium_airport,53.481899,20.9377,True,True,True
2025-06,EGPI,8,5,3,3,departures,0.375,0.375,15,default,medium_airport,55.682708,-6.257525,True,True,True
2025-06,ESMX,8,6,6,6,departures,0.75,0.75,15,default,medium_airport,56.92910003662109,14.727999687194824,True,True,True
2025-06,EFTP,8,5,5,5,departures,0.625,0.625,15,default,large_airport,61.414101,23.604401,True,True,True
2025-06,EDHI,8,8,0,0,departures,0.0,0.0,15,default,medium_airport,53.535278,9.835556,True,True,True
2025-06,LEBZ,8,7,7,7,departures,0.875,0.875,15,default,medium_airport,38.8913,-6.82133,True,True,True
2025-06,EDLN,8,8,0,0,departures,0.0,0.0,15,default,medium_airport,51.230278,6.504444,True,True,True
2025-06,LGST,8,0,0,0,departures,0.0,0.0,15,default,medium_airport,35.21609878540039,26.101299285888672,True,True,True
2025-06,EBKT,8,7,7,7,arrivals,0.875,0.875,15,default,medium_airport,50.818878,3.209551,True,True,True
2025-06,BIEG,8,0,0,0,arrivals,0.0,0.0,15,default,medium_airport,65.2833023071289,-14.401399612426758,True,True,True
2025-06,ENNA,8,7,0,0,arrivals,0.0,0.0,15,default,medium_airport,70.068802,24.973499,True,True,True
2025-06,LFOT,8,7,7,9,arrivals,0.875,1.125,15,default,medium_airport,47.432201,0.727606,True,True,True
2025-06,LQTZ,8,1,1,1,arrivals,0.125,0.125,15,default,large_airport,44.459858,18.723627,True,True,True
2025-06,EFMA,8,2,2,2,arrivals,0.25,0.25,15,default,large_airport,60.1222,19.898199,True,True,True
2025-06,LDOS,8,4,4,4,arrivals,0.5,0.5,15,default,medium_airport,45.462355,18.811278,True,True,True
2025-06,LFSL,8,5,5,5,arrivals,0.625,0.625,15,default,medium_airport,45.039722,1.485556,True,True,True
2025-06,LSMP,8,6,4,6,arrivals,0.5,0.75,15,default,medium_airport,46.8432,6.91506,True,True,True
2025-06,LGST,8,1,0,0,arrivals,0.0,0.0,15,default,medium_airport,35.21609878540039,26.101299285888672,True,True,True
2025-06,EGPI,8,6,1,1,arrivals,0.125,0.125,15,default,medium_airport,55.682708,-6.257525,True,True,True
2025-06,ESMX,8,4,4,5,arrivals,0.5,0.625,15,default,medium_airport,56.92910003662109,14.727999687194824,True,True,True
2025-06,ESTA,8,7,4,4,arrivals,0.5,0.5,15,default,medium_airport,56.29610061645508,12.847100257873535,True,True,True
2025-06,LFLB,8,6,4,11,arrivals,0.5,1.375,15,default,medium_airport,45.6381,5.88023,True,True,True
2025-06,LKPD,8,7,7,10,arrivals,0.875,1.25,15,default,large_airport,50.015049,15.73981,True,True,True
2025-06,ESSL,7,6,5,6,departures,0.7142857142857143,0.8571428571428571,15,default,large_airport,58.404909,15.684499,True,True,True
2025-06,LHDC,7,6,6,7,departures,0.8571428571428571,1.0,15,default,large_airport,47.489469,21.616278,True,True,True
2025-06,EGPL,7,0,0,0,departures,0.0,0.0,15,default,medium_airport,57.481098,-7.36278,True,True,True
2025-06,UUBW,7,1,0,0,departures,0.0,0.0,15,default,large_airport,55.553299,38.150002,True,True,True
2025-06,EKOD,7,5,5,5,departures,0.7142857142857143,0.7142857142857143,15,default,large_airport,55.475307,10.327206,True,True,True
2025-06,BIIS,7,3,0,0,departures,0.0,0.0,15,default,medium_airport,66.058098,-23.1353,True,True,True
2025-06,EIDL,7,5,5,5,departures,0.7142857142857143,0.7142857142857143,15,default,medium_airport,55.0442008972168,-8.340999603271484,True,True,True
2025-06,OITT,7,0,0,0,departures,0.0,0.0,15,default,large_airport,38.1339,46.235001,True,True,True
2025-06,LIBF,7,0,0,0,departures,0.0,0.0,15,default,medium_airport,41.433596,15.534566,True,True,True
2025-06,LTCW,7,0,0,0,departures,0.0,0.0,15,default,medium_airport,37.5497,44.2381,True,True,True
2025-06,EDRY,7,5,0,0,departures,0.0,0.0,15,default,small_airport,49.304722,8.451389,True,False,False
2025-06,ENNM,7,2,0,0,departures,0.0,0.0,15,default,small_airport,64.472198,11.5786,True,False,False
2025-06,ESNQ,7,6,6,6,departures,0.8571428571428571,0.8571428571428571,15,default,large_airport,67.821999,20.3368,True,True,True
2025-06,HEBA,7,6,6,6,departures,0.8571428571428571,0.8571428571428571,15,default,large_airport,30.93249,29.696437,True,True,True
2025-06,EDTL,7,4,0,0,departures,0.0,0.0,15,default,medium_airport,48.369301,7.82772,True,True,True
2025-06,DABB,7,1,0,0,arrivals,0.0,0.0,15,default,large_airport,36.826781,7.81334,True,True,True
2025-06,EGPL,7,0,0,0,arrivals,0.0,0.0,15,default,medium_airport,57.481098,-7.36278,True,True,True
2025-06,BIIS,7,1,0,0,arrivals,0.0,0.0,15,default,medium_airport,66.058098,-23.1353,True,True,True
2025-06,LIMP,7,5,4,4,arrivals,0.5714285714285714,0.5714285714285714,15,default,medium_airport,44.826351,10.29705,True,True,True
2025-06,LEBZ,7,7,7,7,arrivals,1.0,1.0,15,default,medium_airport,38.8913,-6.82133,True,True,True
2025-06,EGPR,7,0,0,0,arrivals,0.0,0.0,15,default,medium_airport,57.0228,-7.44306,True,True,True
2025-06,EIDL,7,5,5,5,arrivals,0.7142857142857143,0.7142857142857143,15,default,medium_airport,55.0442008972168,-8.340999603271484,True,True,True
2025-06,OITT,7,0,0,0,arrivals,0.0,0.0,15,default,large_airport,38.1339,46.235001,True,True,True
2025-06,LTCW,7,0,0,0,arrivals,0.0,0.0,15,default,medium_airport,37.5497,44.2381,True,True,True
2025-06,EDTL,7,5,0,0,arrivals,0.0,0.0,15,default,medium_airport,48.369301,7.82772,True,True,True
2025-06,EDTY,7,6,3,5,arrivals,0.4285714285714285,0.7142857142857143,15,default,medium_airport,49.118332,9.783889,True,True,True
2025-06,EDHI,7,7,0,0,arrivals,0.0,0.0,15,default,medium_airport,53.535278,9.835556,True,True,True
2025-06,ENJS,7,1,0,0,arrivals,0.0,0.0,15,default,heliport,58.83528,2.54556,True,False,False
2025-06,ESNQ,7,6,6,6,arrivals,0.8571428571428571,0.8571428571428571,15,default,large_airport,67.821999,20.3368,True,True,True
2025-06,DABB,6,0,0,0,departures,0.0,0.0,15,default,large_airport,36.826781,7.81334,True,True,True
2025-06,ENDU,6,2,2,15,departures,0.3333333333333333,2.5,15,default,medium_airport,69.055801,18.5404,True,True,True
2025-06,EDHL,6,6,6,6,departures,1.0,1.0,15,default,medium_airport,53.805401,10.7192,True,True,True
2025-06,EHJA,6,0,0,0,departures,0.0,0.0,15,default,heliport,53.82333,2.94389,True,False,False
2025-06,HEMM,6,1,0,0,departures,0.0,0.0,15,default,large_airport,31.324313,27.22227,True,True,True
2025-06,ESNL,6,0,0,0,departures,0.0,0.0,15,default,medium_airport,64.548302,18.7162,True,True,True
2025-06,EFJO,6,5,5,5,departures,0.8333333333333334,0.8333333333333334,15,default,medium_airport,62.658815,29.619398,True,True,True
2025-06,ENRM,6,3,3,3,departures,0.5,0.5,15,default,medium_airport,64.838302612305,11.14610004425,True,True,True
2025-06,EFIV,6,2,0,0,departures,0.0,0.0,15,default,large_airport,68.6073,27.4053,True,True,True
2025-06,ESNK,6,0,0,0,departures,0.0,0.0,15,default,medium_airport,63.048599,17.7689,True,True,True
2025-06,EDVK,6,4,4,4,departures,0.6666666666666666,0.6666666666666666,15,default,large_airport,51.418395,9.391638,True,True,True
2025-06,HEAL,6,1,1,1,departures,0.1666666666666666,0.1666666666666666,15,default,large_airport,30.924324,28.46161,True,True,True
2025-06,LPVZ,6,4,0,0,departures,0.0,0.0,15,default,medium_airport,40.725498,-7.88899,True,True,True
2025-06,EGNR,6,6,0,0,departures,0.0,0.0,15,default,medium_airport,53.178101,-2.97778,True,True,True
2025-06,LTCU,6,0,0,0,departures,0.0,0.0,15,default,small_airport,38.860131,40.594489,True,False,False
2025-06,LPPM,6,3,2,3,departures,0.3333333333333333,0.5,15,default,medium_airport,37.1493,-8.58396,True,True,True
2025-06,EGPU,6,1,0,0,departures,0.0,0.0,15,default,medium_airport,56.499199,-6.86917,True,True,True
2025-06,ESOE,6,6,6,6,departures,1.0,1.0,15,default,medium_airport,59.22370147705078,15.038000106811523,True,True,True
2025-06,ESKM,6,3,0,0,departures,0.0,0.0,15,default,medium_airport,60.957901,14.5114,True,True,True
2025-06,ENSO,6,3,3,3,departures,0.5,0.5,15,default,medium_airport,59.791901,5.34085,True,True,True
2025-06,URML,6,0,0,0,departures,0.0,0.0,15,default,large_airport,42.816799,47.652302,True,True,True
2025-06,EFKE,6,0,0,0,departures,0.0,0.0,15,default,medium_airport,65.778701782227,24.582099914551,True,True,True
2025-06,LHDC,6,1,1,2,arrivals,0.1666666666666666,0.3333333333333333,15,default,large_airport,47.489469,21.616278,True,True,True
2025-06,LFEC,6,0,0,0,arrivals,0.0,0.0,15,default,small_airport,48.4632,-5.06358,True,False,False
2025-06,EDHL,6,6,5,5,arrivals,0.8333333333333334,0.8333333333333334,15,default,medium_airport,53.805401,10.7192,True,True,True
2025-06,LGLE,6,0,0,0,arrivals,0.0,0.0,15,default,small_airport,37.184898,26.800301,True,False,False
2025-06,ESNL,6,0,0,0,arrivals,0.0,0.0,15,default,medium_airport,64.548302,18.7162,True,True,True
2025-06,EFJO,6,6,3,3,arrivals,0.5,0.5,15,default,medium_airport,62.658815,29.619398,True,True,True
2025-06,ENRM,6,3,3,7,arrivals,0.5,1.1666666666666667,15,default,medium_airport,64.838302612305,11.14610004425,True,True,True
2025-06,EFIV,6,3,0,0,arrivals,0.0,0.0,15,default,large_airport,68.6073,27.4053,True,True,True
2025-06,ESNK,6,0,0,0,arrivals,0.0,0.0,15,default,medium_airport,63.048599,17.7689,True,True,True
2025-06,EDVK,6,4,4,5,arrivals,0.6666666666666666,0.8333333333333334,15,default,large_airport,51.418395,9.391638,True,True,True
2025-06,ENLE,6,0,0,0,arrivals,0.0,0.0,15,default,heliport,56.5333,3.21667,True,False,False
2025-06,HEAL,6,2,2,2,arrivals,0.3333333333333333,0.3333333333333333,15,default,large_airport,30.924324,28.46161,True,True,True
2025-06,LFLI,6,6,0,0,arrivals,0.0,0.0,15,default,medium_airport,46.192001,6.26839,True,True,True
2025-06,EDRY,6,5,0,0,arrivals,0.0,0.0,15,default,small_airport,49.304722,8.451389,True,False,False
2025-06,LTCU,6,0,0,0,arrivals,0.0,0.0,15,default,small_airport,38.860131,40.594489,True,False,False
2025-06,LIMZ,6,6,6,9,arrivals,1.0,1.5,15,default,medium_airport,44.547458,7.623045,True,True,True
2025-06,ENNM,6,1,0,0,arrivals,0.0,0.0,15,default,small_airport,64.472198,11.5786,True,False,False
2025-06,EGPU,6,0,0,0,arrivals,0.0,0.0,15,default,medium_airport,56.499199,-6.86917,True,True,True
2025-06,EFTP,6,4,4,4,arrivals,0.6666666666666666,0.6666666666666666,15,default,large_airport,61.414101,23.604401,True,True,True
2025-06,ESOE,6,6,5,6,arrivals,0.8333333333333334,1.0,15,default,medium_airport,59.22370147705078,15.038000106811523,True,True,True
2025-06,HEBA,6,4,4,4,arrivals,0.6666666666666666,0.6666666666666666,15,default,large_airport,30.93249,29.696437,True,True,True
2025-06,LWOH,6,0,0,0,arrivals,0.0,0.0,15,default,large_airport,41.18,20.7423,True,True,True
2025-06,ESKM,6,3,0,0,arrivals,0.0,0.0,15,default,medium_airport,60.957901,14.5114,True,True,True
2025-06,ENSO,6,3,3,4,arrivals,0.5,0.6666666666666666,15,default,medium_airport,59.791901,5.34085,True,True,True
2025-06,ESSL,6,5,5,6,arrivals,0.8333333333333334,1.0,15,default,large_airport,58.404909,15.684499,True,True,True
2025-06,EFJY,5,4,4,4,departures,0.8,0.8,15,default,medium_airport,62.399502,25.678301,True,True,True
2025-06,GMMZ,5,2,0,0,departures,0.0,0.0,15,default,large_airport,30.9391,-6.90943,True,True,True
2025-06,LRTM,5,5,5,6,departures,1.0,1.2,15,default,medium_airport,46.467701,24.4125,True,True,True
2025-06,LGLE,5,0,0,0,departures,0.0,0.0,15,default,small_airport,37.184898,26.800301,True,False,False
2025-06,ESNX,5,0,0,0,departures,0.0,0.0,15,default,medium_airport,65.59030151367188,19.28190040588379,True,True,True
2025-06,ENRS,5,5,0,0,departures,0.0,0.0,15,default,small_airport,67.526482,12.101575,True,False,False
2025-06,ORMM,5,4,4,4,departures,0.8,0.8,15,default,large_airport,30.549101,47.662102,True,True,True
2025-06,LGKC,5,0,0,0,departures,0.0,0.0,15,default,small_airport,36.273978,23.016719,True,False,False
2025-06,LGKY,5,2,0,0,departures,0.0,0.0,15,default,small_airport,36.9632987976,26.9405994415,True,False,False
2025-06,EDAH,5,3,3,3,departures,0.6,0.6,15,default,medium_airport,53.8787,14.1523,True,True,True
2025-06,EFKI,5,2,2,2,departures,0.4,0.4,15,default,medium_airport,64.2855,27.6924,True,True,True
2025-06,LTCL,5,0,0,0,departures,0.0,0.0,15,default,medium_airport,37.97890090942383,41.84040069580078,True,True,True
2025-06,LIMZ,5,5,5,5,departures,1.0,1.0,15,default,medium_airport,44.547458,7.623045,True,True,True
2025-06,EEKE,5,3,2,2,departures,0.4,0.4,15,default,medium_airport,58.22990036010742,22.50950050354004,True,True,True
2025-06,ENHE,5,0,0,0,departures,0.0,0.0,15,default,heliport,65.32556,7.31583,True,False,False
2025-06,LTAW,5,0,0,0,departures,0.0,0.0,15,default,medium_airport,40.32472,36.39056,True,True,True
2025-06,EGEC,5,0,0,0,departures,0.0,0.0,15,default,medium_airport,55.437199,-5.68639,True,True,True
2025-06,ENFB,5,0,0,0,departures,0.0,0.0,15,default,heliport,61.20639,1.82889,True,False,False
2025-06,DAAS,5,0,0,0,departures,0.0,0.0,15,default,medium_airport,36.178488,5.329909,True,True,True
2025-06,LWOH,5,1,1,1,departures,0.2,0.2,15,default,large_airport,41.18,20.7423,True,True,True
2025-06,ESDF,5,5,5,5,departures,1.0,1.0,15,default,medium_airport,56.266701,15.265,True,True,True
2025-06,LFEC,5,0,0,0,departures,0.0,0.0,15,default,small_airport,48.4632,-5.06358,True,False,False
2025-06,EETU,5,5,4,4,departures,0.8,0.8,15,default,medium_airport,58.307438,26.686473,True,True,True
2025-06,EFKK,5,5,5,5,departures,1.0,1.0,15,default,medium_airport,63.721199,23.143101,True,True,True
2025-06,LTCM,5,0,0,0,departures,0.0,0.0,15,default,medium_airport,42.018313,35.071774,True,True,True
2025-06,EEKA,5,0,0,0,departures,0.0,0.0,15,default,medium_airport,58.99079895019531,22.830699920654297,True,True,True
2025-06,ENLE,5,0,0,0,departures,0.0,0.0,15,default,heliport,56.5333,3.21667,True,False,False
2025-06,ESNG,5,0,0,0,departures,0.0,0.0,15,default,medium_airport,67.13240051269531,20.814599990844727,True,True,True
2025-06,LFLI,5,4,0,0,departures,0.0,0.0,15,default,medium_airport,46.192001,6.26839,True,True,True
2025-06,LFJL,5,4,4,4,departures,0.8,0.8,15,default,medium_airport,48.982101,6.25132,True,True,True
2025-06,ESGT,5,2,2,2,departures,0.4,0.4,15,default,medium_airport,58.31809997558594,12.345000267028809,True,True,True
2025-06,LFLB,5,3,2,2,departures,0.4,0.4,15,default,medium_airport,45.6381,5.88023,True,True,True
2025-06,GMMZ,5,2,0,0,arrivals,0.0,0.0,15,default,large_airport,30.9391,-6.90943,True,True,True
2025-06,EKDF,5,0,0,0,arrivals,0.0,0.0,15,default,heliport,55.47809982299805,5.105527877807617,True,False,False
2025-06,LRTM,5,4,2,28,arrivals,0.4,5.6,15,default,medium_airport,46.467701,24.4125,True,True,True
2025-06,ENDU,5,3,3,8,arrivals,0.6,1.6,15,default,medium_airport,69.055801,18.5404,True,True,True
2025-06,LESA,5,5,4,6,arrivals,0.8,1.2,15,default,medium_airport,40.952099,-5.50199,True,True,True
2025-06,EGVN,5,3,3,3,arrivals,0.6,0.6,15,default,medium_airport,51.75,-1.58362,True,True,True
2025-06,HEMM,5,1,0,0,arrivals,0.0,0.0,15,default,large_airport,31.324313,27.22227,True,True,True
2025-06,LFRG,5,5,4,7,arrivals,0.8,1.4,15,default,medium_airport,49.365237,0.154481,True,True,True
2025-06,ENRS,5,3,0,0,arrivals,0.0,0.0,15,default,small_airport,67.526482,12.101575,True,False,False
2025-06,LGKC,5,0,0,0,arrivals,0.0,0.0,15,default,small_airport,36.273978,23.016719,True,False,False
2025-06,LTCM,5,0,0,0,arrivals,0.0,0.0,15,default,medium_airport,42.018313,35.071774,True,True,True
2025-06,EEKA,5,0,0,0,arrivals,0.0,0.0,15,default,medium_airport,58.99079895019531,22.830699920654297,True,True,True
2025-06,EDAH,5,3,3,7,arrivals,0.6,1.4,15,default,medium_airport,53.8787,14.1523,True,True,True
2025-06,ENOA,5,0,0,0,arrivals,0.0,0.0,15,default,heliport,60.491402,2.82556,True,False,False
2025-06,ESNG,5,0,0,0,arrivals,0.0,0.0,15,default,medium_airport,67.13240051269531,20.814599990844727,True,True,True
2025-06,UBBG,5,0,0,0,arrivals,0.0,0.0,15,default,large_airport,40.738692,46.320383,True,True,True
2025-06,LPVZ,5,3,0,0,arrivals,0.0,0.0,15,default,medium_airport,40.725498,-7.88899,True,True,True
2025-06,EFKI,5,4,4,4,arrivals,0.8,0.8,15,default,medium_airport,64.2855,27.6924,True,True,True
2025-06,EPSY,5,2,0,4,arrivals,0.0,0.8,15,default,medium_airport,53.481899,20.9377,True,True,True
2025-06,LTCL,5,0,0,0,arrivals,0.0,0.0,15,default,medium_airport,37.97890090942383,41.84040069580078,True,True,True
2025-06,LSZS,5,4,3,4,arrivals,0.6,0.8,15,default,medium_airport,46.5341,9.88411,True,True,True
2025-06,LPPM,5,4,2,4,arrivals,0.4,0.8,15,default,medium_airport,37.1493,-8.58396,True,True,True
2025-06,EEKE,5,2,1,1,arrivals,0.2,0.2,15,default,medium_airport,58.22990036010742,22.50950050354004,True,True,True
2025-06,URMG,5,0,0,0,arrivals,0.0,0.0,15,default,large_airport,43.388106,45.699772,True,True,True
2025-06,ENHE,5,0,0,0,arrivals,0.0,0.0,15,default,heliport,65.32556,7.31583,True,False,False
2025-06,LTAW,5,0,0,0,arrivals,0.0,0.0,15,default,medium_airport,40.32472,36.39056,True,True,True
2025-06,EGEC,5,0,0,3,arrivals,0.0,0.6,15,default,medium_airport,55.437199,-5.68639,True,True,True
2025-06,DAAS,5,1,1,1,arrivals,0.2,0.2,15,default,medium_airport,36.178488,5.329909,True,True,True
2025-06,ORMM,5,0,0,1,arrivals,0.0,0.2,15,default,large_airport,30.549101,47.662102,True,True,True
2025-06,LFJL,5,5,5,5,arrivals,1.0,1.0,15,default,medium_airport,48.982101,6.25132,True,True,True
2025-06,LGSO,4,1,0,0,departures,0.0,0.0,15,default,small_airport,37.4227981567,24.9508991241,True,False,False
2025-06,LFRT,4,4,3,3,departures,0.75,0.75,15,default,medium_airport,48.538628,-2.853518,True,True,True
2025-06,ESMT,4,3,3,4,departures,0.75,1.0,15,default,medium_airport,56.69110107421875,12.820199966430664,True,True,True
2025-06,ESOH,4,2,0,0,departures,0.0,0.0,15,default,small_airport,60.0201,13.5789,True,False,False
2025-06,ESOK,4,0,0,0,departures,0.0,0.0,15,default,medium_airport,59.444698,13.3374,True,True,True
2025-06,LFRH,4,3,2,2,departures,0.5,0.5,15,default,medium_airport,47.760601,-3.44,True,True,True
2025-06,EPRA,4,4,4,4,departures,1.0,1.0,15,default,medium_airport,51.38937,21.214742,True,True,True
2025-06,LESA,4,4,4,4,departures,1.0,1.0,15,default,medium_airport,40.952099,-5.50199,True,True,True
2025-06,LESU,4,1,1,1,departures,0.25,0.25,15,default,medium_airport,42.3386,1.40917,True,True,True
2025-06,EDQG,4,3,0,0,departures,0.0,0.0,15,default,small_airport,49.6480560303,9.966388702390002,True,False,False
2025-06,LGBL,4,3,3,3,departures,0.75,0.75,15,default,medium_airport,39.219601,22.7943,True,True,True
2025-06,LKHK,4,3,0,0,departures,0.0,0.0,15,default,small_airport,50.253201,15.8452,True,False,False
2025-06,LFRD,4,3,3,3,departures,0.75,0.75,15,default,medium_airport,48.5877,-2.07996,True,True,True
2025-06,LECU,4,3,0,0,departures,0.0,0.0,15,default,medium_airport,40.370701,-3.78514,True,True,True
2025-06,UWSG,4,1,1,1,departures,0.25,0.25,15,default,large_airport,51.712778,46.171111,True,True,True
2025-06,LSZA,4,4,4,4,departures,1.0,1.0,15,default,medium_airport,46.004299,8.91058,True,True,True
2025-06,LEVD,4,3,3,3,departures,0.75,0.75,15,default,medium_airport,41.7061,-4.85194,True,True,True
2025-06,ESSP,4,4,4,4,departures,1.0,1.0,15,default,medium_airport,58.58629989624024,16.250600814819336,True,True,True
2025-06,LKCS,4,4,4,4,departures,1.0,1.0,15,default,large_airport,48.948171,14.42832,True,True,True
2025-06,ENRO,4,3,2,2,departures,0.5,0.5,15,default,medium_airport,62.578399658203,11.342300415039,True,True,True
2025-06,LZTT,4,3,3,3,departures,0.75,0.75,15,default,medium_airport,49.070994,20.241394,True,True,True
2025-06,LFCK,4,2,2,2,departures,0.5,0.5,15,default,medium_airport,43.556301,2.28918,True,True,True
2025-06,ENGC,4,0,0,0,departures,0.0,0.0,15,default,heliport,61.214063,2.270984,True,False,False
2025-06,ESMQ,4,4,4,5,departures,1.0,1.25,15,default,medium_airport,56.685501,16.2876,True,True,True
2025-06,ESND,4,0,0,0,departures,0.0,0.0,15,default,small_airport,62.047798,14.4229,True,False,False
2025-06,EDAZ,4,4,0,0,departures,0.0,0.0,15,default,small_airport,52.204631,13.159526,True,False,False
2025-06,LTAP,4,0,0,0,departures,0.0,0.0,15,default,small_airport,40.829399,35.521999,True,False,False
2025-06,LFPN,4,4,0,0,departures,0.0,0.0,15,default,medium_airport,48.7519,2.10619,True,True,True
2025-06,LTFC,4,0,0,0,departures,0.0,0.0,15,default,medium_airport,37.8554,30.368401,True,True,True
2025-06,LSGL,4,0,0,0,departures,0.0,0.0,15,default,small_airport,46.54509,6.616629,True,False,False
2025-06,LFLW,4,0,0,0,departures,0.0,0.0,15,default,medium_airport,44.891399,2.42194,True,True,True
2025-06,LGKS,4,0,0,0,departures,0.0,0.0,15,default,small_airport,35.4213981628,26.9099998474,True,False,False
2025-06,ESNV,4,0,0,0,departures,0.0,0.0,15,default,medium_airport,64.579102,16.833599,True,True,True
2025-06,EFKT,4,1,1,1,departures,0.25,0.25,15,default,large_airport,67.700996,24.8468,True,True,True
2025-06,LFOZ,4,4,0,0,departures,0.0,0.0,15,default,small_airport,47.897758,2.164478,True,False,False
2025-06,ENSR,4,0,0,25,departures,0.0,6.25,15,default,medium_airport,69.786797,20.9594,True,True,True
2025-06,EKDF,4,0,0,0,departures,0.0,0.0,15,default,heliport,55.47809982299805,5.105527877807617,True,False,False
2025-06,ESGJ,4,1,1,1,departures,0.25,0.25,15,default,medium_airport,57.757598876953125,14.068699836730955,True,True,True
2025-06,EPZG,4,4,4,4,departures,1.0,1.0,15,default,medium_airport,52.1385,15.7986,True,True,True
2025-06,ORKK,4,0,0,0,departures,0.0,0.0,15,default,large_airport,35.469501,44.3489,True,True,True
2025-06,LJPZ,4,3,2,2,departures,0.5,0.5,15,default,medium_airport,45.47201,13.615951,True,True,True
2025-06,URWW,4,0,0,0,departures,0.0,0.0,15,default,large_airport,48.78134,44.339194,True,True,True
2025-06,ESDF,4,3,3,3,arrivals,0.75,0.75,15,default,medium_airport,56.266701,15.265,True,True,True
2025-06,LGSO,4,2,0,0,arrivals,0.0,0.0,15,default,small_airport,37.4227981567,24.9508991241,True,False,False
2025-06,EFJY,4,3,3,3,arrivals,0.75,0.75,15,default,medium_airport,62.399502,25.678301,True,True,True
2025-06,LTAS,4,0,0,0,arrivals,0.0,0.0,15,default,medium_airport,41.506401,32.0886,True,True,True
2025-06,ESOH,4,3,0,0,arrivals,0.0,0.0,15,default,small_airport,60.0201,13.5789,True,False,False
2025-06,ESOK,4,1,1,1,arrivals,0.25,0.25,15,default,medium_airport,59.444698,13.3374,True,True,True
2025-06,LFRH,4,3,2,3,arrivals,0.5,0.75,15,default,medium_airport,47.760601,-3.44,True,True,True
2025-06,EETU,4,3,3,3,arrivals,0.75,0.75,15,default,medium_airport,58.307438,26.686473,True,True,True
2025-06,EDQG,4,3,0,0,arrivals,0.0,0.0,15,default,small_airport,49.6480560303,9.966388702390002,True,False,False
2025-06,LGBL,4,2,1,2,arrivals,0.25,0.5,15,default,medium_airport,39.219601,22.7943,True,True,True
2025-06,LKHK,4,3,0,0,arrivals,0.0,0.0,15,default,small_airport,50.253201,15.8452,True,False,False
2025-06,EFKK,4,4,4,4,arrivals,1.0,1.0,15,default,medium_airport,63.721199,23.143101,True,True,True
2025-06,ESNX,4,0,0,0,arrivals,0.0,0.0,15,default,medium_airport,65.59030151367188,19.28190040588379,True,True,True
2025-06,UWSG,4,1,1,1,arrivals,0.25,0.25,15,default,large_airport,51.712778,46.171111,True,True,True
2025-06,EDRZ,4,4,0,0,arrivals,0.0,0.0,15,default,small_airport,49.2094,7.40056,True,False,False
2025-06,LGPL,4,0,0,0,arrivals,0.0,0.0,15,default,small_airport,36.5798988342,26.3757991791,True,False,False
2025-06,LGKY,4,1,0,0,arrivals,0.0,0.0,15,default,small_airport,36.9632987976,26.9405994415,True,False,False
2025-06,LSZA,4,3,3,4,arrivals,0.75,1.0,15,default,medium_airport,46.004299,8.91058,True,True,True
2025-06,LEVD,4,4,4,4,arrivals,1.0,1.0,15,default,medium_airport,41.7061,-4.85194,True,True,True
2025-06,ESSP,4,4,4,4,arrivals,1.0,1.0,15,default,medium_airport,58.58629989624024,16.250600814819336,True,True,True
2025-06,LKCS,4,4,4,4,arrivals,1.0,1.0,15,default,large_airport,48.948171,14.42832,True,True,True
2025-06,LZTT,4,4,4,4,arrivals,1.0,1.0,15,default,medium_airport,49.070994,20.241394,True,True,True
2025-06,EFKE,4,2,0,0,arrivals,0.0,0.0,15,default,medium_airport,65.778701782227,24.582099914551,True,True,True
2025-06,LFCK,4,2,2,2,arrivals,0.5,0.5,15,default,medium_airport,43.556301,2.28918,True,True,True
2025-06,ENGC,4,0,0,0,arrivals,0.0,0.0,15,default,heliport,61.214063,2.270984,True,False,False
2025-06,ESND,4,0,0,0,arrivals,0.0,0.0,15,default,small_airport,62.047798,14.4229,True,False,False
2025-06,EDAZ,4,4,0,0,arrivals,0.0,0.0,15,default,small_airport,52.204631,13.159526,True,False,False
2025-06,LTAP,4,0,0,0,arrivals,0.0,0.0,15,default,small_airport,40.829399,35.521999,True,False,False
2025-06,ENXO,4,0,0,0,arrivals,0.0,0.0,15,default,heliport,59.266701,2.45,True,False,False
2025-06,ENQG,4,0,0,0,arrivals,0.0,0.0,15,default,heliport,61.202108,2.198832,True,False,False
2025-06,LSGL,4,1,0,0,arrivals,0.0,0.0,15,default,small_airport,46.54509,6.616629,True,False,False
2025-06,LFLW,4,0,0,0,arrivals,0.0,0.0,15,default,medium_airport,44.891399,2.42194,True,True,True
2025-06,ESGT,4,1,1,1,arrivals,0.25,0.25,15,default,medium_airport,58.31809997558594,12.345000267028809,True,True,True
2025-06,ESNV,4,0,0,0,arrivals,0.0,0.0,15,default,medium_airport,64.579102,16.833599,True,True,True
2025-06,EFKT,4,1,1,1,arrivals,0.25,0.25,15,default,large_airport,67.700996,24.8468,True,True,True
2025-06,ENSR,4,0,0,56,arrivals,0.0,14.0,15,default,medium_airport,69.786797,20.9594,True,True,True
2025-06,LFLX,4,3,2,2,arrivals,0.5,0.5,15,default,medium_airport,46.860221,1.728326,True,True,True
2025-06,EGNO,4,4,4,4,arrivals,1.0,1.0,15,default,medium_airport,53.745098,-2.88306,True,True,True
2025-06,URMO,4,0,0,0,arrivals,0.0,0.0,15,default,medium_airport,43.205101,44.606602,True,True,True
2025-06,EHLL,4,0,0,0,arrivals,0.0,0.0,15,default,heliport,53.40333,4.20056,True,False,False
2025-06,ESGJ,4,1,1,1,arrivals,0.25,0.25,15,default,medium_airport,57.757598876953125,14.068699836730955,True,True,True
2025-06,ENQS,4,0,0,0,arrivals,0.0,0.0,15,default,heliport,61.2961,1.90083,True,False,False
2025-06,LDLO,4,1,0,0,arrivals,0.0,0.0,15,default,small_airport,44.566985,14.393883,True,False,False
2025-06,LRBM,4,2,0,0,arrivals,0.0,0.0,15,default,medium_airport,47.658444,23.464445,True,True,True
2025-06,LTFC,4,1,1,1,arrivals,0.25,0.25,15,default,medium_airport,37.8554,30.368401,True,True,True
2025-06,LZPP,4,3,3,3,arrivals,0.75,0.75,15,default,medium_airport,48.62519836425781,17.828399658203125,True,True,True
2025-06,LGKS,4,0,0,0,arrivals,0.0,0.0,15,default,small_airport,35.4213981628,26.9099998474,True,False,False
2025-06,GMTA,3,3,3,3,departures,1.0,1.0,15,default,medium_airport,35.177101,-3.83952,True,True,True
2025-06,URMO,3,0,0,0,departures,0.0,0.0,15,default,medium_airport,43.205101,44.606602,True,True,True
2025-06,ENQA,3,0,0,0,departures,0.0,0.0,15,default,heliport,60.645,3.72472,True,False,False
2025-06,EKHA,3,0,0,0,departures,0.0,0.0,15,default,heliport,55.53085708618164,5.004167079925537,True,False,False
2025-06,LFBI,3,3,3,3,departures,1.0,1.0,15,default,medium_airport,46.5877,0.306666,True,True,True
2025-06,EGMD,3,2,1,2,departures,0.3333333333333333,0.6666666666666666,15,default,medium_airport,50.956246,0.939074,True,True,True
2025-06,LFHP,3,0,0,0,departures,0.0,0.0,15,default,small_airport,45.0807,3.76289,True,False,False
2025-06,EFKS,3,0,0,0,departures,0.0,0.0,15,default,medium_airport,65.987602,29.239401,True,True,True
2025-06,ESNN,3,3,3,3,departures,1.0,1.0,15,default,medium_airport,62.528099060058594,17.443899154663086,True,True,True
2025-06,LELN,3,3,3,3,departures,1.0,1.0,15,default,medium_airport,42.590709,-5.653406,True,True,True
2025-06,ENOL,3,1,1,1,departures,0.3333333333333333,0.3333333333333333,15,default,medium_airport,63.69889831542969,9.604000091552734,True,True,True
2025-06,LGSY,3,0,0,0,departures,0.0,0.0,15,default,small_airport,38.9676017761,24.4871997833,True,False,False
2025-06,BIBD,3,2,1,1,departures,0.3333333333333333,0.3333333333333333,15,default,medium_airport,65.641296,-23.5462,True,True,True
2025-06,ENOA,3,0,0,0,departures,0.0,0.0,15,default,heliport,60.491402,2.82556,True,False,False
2025-06,ETAR,3,3,3,3,departures,1.0,1.0,15,default,medium_airport,49.436901,7.60028,True,True,True
2025-06,ENWS,3,0,0,0,departures,0.0,0.0,15,default,heliport,56.37361,3.26278,True,False,False
2025-06,OSDI,3,0,0,0,departures,0.0,0.0,15,default,large_airport,33.4114990234375,36.51559829711914,True,True,True
2025-06,ESUP,3,0,0,0,departures,0.0,0.0,15,default,small_airport,67.244569,23.074894,True,False,False
2025-06,LFLS,3,2,2,2,departures,0.6666666666666666,0.6666666666666666,15,default,medium_airport,45.3629,5.32937,True,True,True
2025-06,LTAL,3,0,0,0,departures,0.0,0.0,15,default,medium_airport,41.314201,33.795799,True,True,True
2025-06,LSZS,3,2,2,3,departures,0.6666666666666666,1.0,15,default,medium_airport,46.5341,9.88411,True,True,True
2025-06,LPBJ,3,2,2,2,departures,0.6666666666666666,0.6666666666666666,15,default,medium_airport,38.078899,-7.9324,True,True,True
2025-06,BIHN,3,0,0,0,departures,0.0,0.0,15,default,medium_airport,64.295601,-15.2272,True,True,True
2025-06,ENXO,3,0,0,0,departures,0.0,0.0,15,default,heliport,59.266701,2.45,True,False,False
2025-06,EDTM,3,3,3,3,departures,1.0,1.0,15,default,medium_airport,48.05389,9.372778,True,True,True
2025-06,LFAT,3,2,1,1,departures,0.3333333333333333,0.3333333333333333,15,default,medium_airport,50.518284,1.621656,True,True,True
2025-06,LRBM,3,1,0,0,departures,0.0,0.0,15,default,medium_airport,47.658444,23.464445,True,True,True
2025-06,URMG,3,0,0,0,departures,0.0,0.0,15,default,large_airport,43.388106,45.699772,True,True,True
2025-06,LRCK,3,1,0,0,departures,0.0,0.0,15,default,large_airport,44.362202,28.4883,True,True,True
2025-06,EGNO,3,3,3,3,departures,1.0,1.0,15,default,medium_airport,53.745098,-2.88306,True,True,True
2025-06,ESOW,3,3,3,3,departures,1.0,1.0,15,default,large_airport,59.589401,16.6336,True,True,True
2025-06,LTAS,3,0,0,0,departures,0.0,0.0,15,default,medium_airport,41.506401,32.0886,True,True,True
2025-06,ENSE,3,0,0,0,departures,0.0,0.0,15,default,heliport,61.4489,2.1425,True,False,False
2025-06,ENWV,3,0,0,0,departures,0.0,0.0,15,default,heliport,56.28333,3.4,True,False,False
2025-06,LTBH,3,3,3,3,departures,1.0,1.0,15,default,medium_airport,40.1376991272,26.4267997742,True,True,True
2025-06,ESNO,3,1,1,1,departures,0.3333333333333333,0.3333333333333333,15,default,medium_airport,63.40829849243164,18.989999771118164,True,True,True
2025-06,DTTX,3,0,0,0,departures,0.0,0.0,15,default,medium_airport,34.717999,10.691,True,True,True
2025-06,ENQO,3,0,0,0,departures,0.0,0.0,15,default,heliport,60.389702,2.795556,True,False,False
2025-06,ENOC,3,0,0,0,departures,0.0,0.0,15,default,heliport,60.6078,2.77444,True,False,False
2025-06,EGLK,3,1,0,0,departures,0.0,0.0,15,default,medium_airport,51.323898,-0.8475,True,True,True
2025-06,UDSG,3,0,0,0,departures,0.0,0.0,15,default,large_airport,40.750401,43.859299,True,True,True
2025-06,ENWY,3,0,0,0,departures,0.0,0.0,15,default,heliport,57.4888,4.3212,True,False,False
2025-06,ENSL,3,0,0,0,departures,0.0,0.0,15,default,heliport,58.366699,1.90694,True,False,False
2025-06,OJAM,3,0,0,2,departures,0.0,0.6666666666666666,15,default,large_airport,31.9727,35.9916,True,True,True
2025-06,EGNH,3,3,3,3,departures,1.0,1.0,15,default,medium_airport,53.771702,-3.02861,True,True,True
2025-06,GMMB,3,0,0,0,departures,0.0,0.0,15,default,small_airport,33.655399,-7.22145,True,False,False
2025-06,LSZC,3,3,0,0,departures,0.0,0.0,15,default,small_airport,46.974444,8.396944,True,False,False
2025-06,EDGS,3,3,3,3,departures,1.0,1.0,15,default,medium_airport,50.707699,8.08297,True,True,True
2025-06,LDLO,3,1,0,0,departures,0.0,0.0,15,default,small_airport,44.566985,14.393883,True,False,False
2025-06,ESOW,3,3,3,3,arrivals,1.0,1.0,15,default,large_airport,59.589401,16.6336,True,True,True
2025-06,ENQA,3,0,0,0,arrivals,0.0,0.0,15,default,heliport,60.645,3.72472,True,False,False
2025-06,EPRA,3,3,3,5,arrivals,1.0,1.6666666666666667,15,default,medium_airport,51.38937,21.214742,True,True,True
2025-06,EKHA,3,0,0,0,arrivals,0.0,0.0,15,default,heliport,55.53085708618164,5.004167079925537,True,False,False
2025-06,EHJA,3,0,0,0,arrivals,0.0,0.0,15,default,heliport,53.82333,2.94389,True,False,False
2025-06,LFRD,3,2,2,4,arrivals,0.6666666666666666,1.3333333333333333,15,default,medium_airport,48.5877,-2.07996,True,True,True
2025-06,LECU,3,3,0,0,arrivals,0.0,0.0,15,default,medium_airport,40.370701,-3.78514,True,True,True
2025-06,EFKS,3,0,0,0,arrivals,0.0,0.0,15,default,medium_airport,65.987602,29.239401,True,True,True
2025-06,ESNO,3,0,0,17,arrivals,0.0,5.666666666666667,15,default,medium_airport,63.40829849243164,18.989999771118164,True,True,True
2025-06,LELN,3,3,3,3,arrivals,1.0,1.0,15,default,medium_airport,42.590709,-5.653406,True,True,True
2025-06,DTTX,3,0,0,0,arrivals,0.0,0.0,15,default,medium_airport,34.717999,10.691,True,True,True
2025-06,LGSY,3,0,0,0,arrivals,0.0,0.0,15,default,small_airport,38.9676017761,24.4871997833,True,False,False
2025-06,BIBD,3,1,0,0,arrivals,0.0,0.0,15,default,medium_airport,65.641296,-23.5462,True,True,True
2025-06,ENRO,3,1,1,2,arrivals,0.3333333333333333,0.6666666666666666,15,default,medium_airport,62.578399658203,11.342300415039,True,True,True
2025-06,ENWS,3,0,0,0,arrivals,0.0,0.0,15,default,heliport,56.37361,3.26278,True,False,False
2025-06,OSDI,3,0,0,0,arrivals,0.0,0.0,15,default,large_airport,33.4114990234375,36.51559829711914,True,True,True
2025-06,UDSG,3,0,0,0,arrivals,0.0,0.0,15,default,large_airport,40.750401,43.859299,True,True,True
2025-06,ESUT,3,0,0,0,arrivals,0.0,0.0,15,default,small_airport,65.806099,15.0828,True,False,False
2025-06,ESMQ,3,3,3,5,arrivals,1.0,1.6666666666666667,15,default,medium_airport,56.685501,16.2876,True,True,True
2025-06,LTAL,3,0,0,0,arrivals,0.0,0.0,15,default,medium_airport,41.314201,33.795799,True,True,True
2025-06,OJAM,3,0,0,42,arrivals,0.0,14.0,15,default,large_airport,31.9727,35.9916,True,True,True
2025-06,EGNH,3,2,2,2,arrivals,0.6666666666666666,0.6666666666666666,15,default,medium_airport,53.771702,-3.02861,True,True,True
2025-06,BIHN,3,0,0,0,arrivals,0.0,0.0,15,default,medium_airport,64.295601,-15.2272,True,True,True
2025-06,EHFB,3,0,0,0,arrivals,0.0,0.0,15,default,heliport,54.94444,4.5725,True,False,False
2025-06,LFOH,3,3,0,0,arrivals,0.0,0.0,15,default,medium_airport,49.534038,0.088406,True,True,True
2025-06,EDTM,3,3,3,3,arrivals,1.0,1.0,15,default,medium_airport,48.05389,9.372778,True,True,True
2025-06,ULAA,3,0,0,0,arrivals,0.0,0.0,15,default,medium_airport,64.60030364990234,40.71670150756836,True,True,True
2025-06,LFOZ,3,0,0,0,arrivals,0.0,0.0,15,default,small_airport,47.897758,2.164478,True,False,False
2025-06,ENFB,3,0,0,0,arrivals,0.0,0.0,15,default,heliport,61.20639,1.82889,True,False,False
2025-06,GMTA,3,3,3,3,arrivals,1.0,1.0,15,default,medium_airport,35.177101,-3.83952,True,True,True
2025-06,ESMT,3,3,2,6,arrivals,0.6666666666666666,2.0,15,default,medium_airport,56.69110107421875,12.820199966430664,True,True,True
2025-06,LFMQ,3,2,2,3,arrivals,0.6666666666666666,1.0,15,default,medium_airport,43.252499,5.78519,True,True,True
2025-06,LFRC,3,3,1,1,arrivals,0.3333333333333333,0.3333333333333333,15,default,medium_airport,49.650101,-1.47028,True,True,True
2025-06,ENWV,3,0,0,0,arrivals,0.0,0.0,15,default,heliport,56.28333,3.4,True,False,False
2025-06,LFLU,3,2,1,2,arrivals,0.3333333333333333,0.6666666666666666,15,default,medium_airport,44.9216,4.9699,True,True,True
2025-06,LFBI,3,2,2,2,arrivals,0.6666666666666666,0.6666666666666666,15,default,medium_airport,46.5877,0.306666,True,True,True
2025-06,LTBH,3,3,3,3,arrivals,1.0,1.0,15,default,medium_airport,40.1376991272,26.4267997742,True,True,True
2025-06,LFHP,3,0,0,0,arrivals,0.0,0.0,15,default,small_airport,45.0807,3.76289,True,False,False
2025-06,EPZG,3,1,1,1,arrivals,0.3333333333333333,0.3333333333333333,15,default,medium_airport,52.1385,15.7986,True,True,True
2025-06,ENOC,3,0,0,0,arrivals,0.0,0.0,15,default,heliport,60.6078,2.77444,True,False,False
2025-06,ESUP,3,0,0,0,arrivals,0.0,0.0,15,default,small_airport,67.244569,23.074894,True,False,False
2025-06,ENWY,3,0,0,0,arrivals,0.0,0.0,15,default,heliport,57.4888,4.3212,True,False,False
2025-06,LFLS,3,2,1,1,arrivals,0.3333333333333333,0.3333333333333333,15,default,medium_airport,45.3629,5.32937,True,True,True
2025-06,ENSL,3,0,0,0,arrivals,0.0,0.0,15,default,heliport,58.366699,1.90694,True,False,False
2025-06,GMMB,3,0,0,0,arrivals,0.0,0.0,15,default,small_airport,33.655399,-7.22145,True,False,False
2025-06,EDGS,3,2,2,3,arrivals,0.6666666666666666,1.0,15,default,medium_airport,50.707699,8.08297,True,True,True
2025-06,URWW,3,0,0,0,arrivals,0.0,0.0,15,default,large_airport,48.78134,44.339194,True,True,True
2025-06,LDRG,2,0,0,0,departures,0.0,0.0,15,default,small_airport,45.379501,14.5038,True,False,False
2025-06,ENQE,2,0,0,0,departures,0.0,0.0,15,default,heliport,60.700001,2.933611,True,False,False
2025-06,LFOK,2,2,2,2,departures,1.0,1.0,15,default,medium_airport,48.77333,4.20611,True,True,True
2025-06,LEGT,2,2,0,0,departures,0.0,0.0,15,default,medium_airport,40.294102,-3.72383,True,True,True
2025-06,LFMQ,2,2,2,2,departures,1.0,1.0,15,default,medium_airport,43.252499,5.78519,True,True,True
2025-06,EHKJ,2,0,0,0,departures,0.0,0.0,15,default,heliport,53.72444,4.0975,True,False,False
2025-06,ENGA,2,0,0,0,departures,0.0,0.0,15,default,heliport,61.17556,2.1875,True,False,False
2025-06,ESST,2,0,0,1,departures,0.0,0.5,15,default,medium_airport,60.1576,12.9913,True,True,True
2025-06,GMAT,2,1,0,0,departures,0.0,0.0,15,default,medium_airport,28.447563,-11.161749,True,True,True
2025-06,LEAB,2,2,2,2,departures,1.0,1.0,15,default,medium_airport,38.948502,-1.86352,True,True,True
2025-06,LFLU,2,2,2,2,departures,1.0,1.0,15,default,medium_airport,44.9216,4.9699,True,True,True
2025-06,EGVN,2,2,2,2,departures,1.0,1.0,15,default,medium_airport,51.75,-1.58362,True,True,True
2025-06,LIBG,2,0,0,0,departures,0.0,0.0,15,default,medium_airport,40.517502,17.4032,True,True,True
2025-06,LSGC,2,2,2,2,departures,1.0,1.0,15,default,medium_airport,47.0839004517,6.792840003970001,True,True,True
2025-06,LFRV,2,1,1,1,departures,0.5,0.5,15,default,medium_airport,47.723301,-2.71856,True,True,True
2025-06,ENQJ,2,0,0,0,departures,0.0,0.0,15,default,heliport,61.33167,3.895,True,False,False
2025-06,LFGA,2,1,1,1,departures,0.5,0.5,15,default,medium_airport,48.109901,7.35901,True,True,True
2025-06,LTBZ,2,2,0,0,departures,0.0,0.0,15,default,small_airport,39.111107,30.130405,True,False,False
2025-06,EIWF,2,1,0,0,departures,0.0,0.0,15,default,medium_airport,52.187199,-7.08696,True,True,True
2025-06,ORNI,2,0,0,0,departures,0.0,0.0,15,default,large_airport,31.991116,44.405019,True,True,True
2025-06,EGNL,2,2,2,3,departures,1.0,1.5,15,default,medium_airport,54.1286111,-3.2675,True,True,True
2025-06,EHPK,2,1,0,0,departures,0.0,0.0,15,default,heliport,52.29028,3.81611,True,False,False
2025-06,DAUB,2,0,0,0,departures,0.0,0.0,15,default,large_airport,34.79318,5.738899,True,True,True
2025-06,ESUT,2,0,0,0,departures,0.0,0.0,15,default,small_airport,65.806099,15.0828,True,False,False
2025-06,DAOI,2,1,1,1,departures,0.5,0.5,15,default,large_airport,36.216614,1.341114,True,True,True
2025-06,EGFE,2,2,1,1,departures,0.5,0.5,15,default,medium_airport,51.833099365234375,-4.9611101150512695,True,True,True
2025-06,GMMD,2,0,0,0,departures,0.0,0.0,15,default,large_airport,32.401895,-6.315905,True,True,True
2025-06,LFQG,2,1,1,1,departures,0.5,0.5,15,default,medium_airport,47.002913,3.113114,True,True,True
2025-06,ENQD,2,0,0,0,departures,0.0,0.0,15,default,heliport,60.541901,3.04583,True,False,False
2025-06,LTBY,2,1,1,1,departures,0.5,0.5,15,default,large_airport,39.811644,30.519268,True,True,True
2025-06,OENN,2,0,0,0,departures,0.0,0.0,15,default,large_airport,27.924261,35.29358,True,True,True
2025-06,LFLX,2,2,2,2,departures,1.0,1.0,15,default,medium_airport,46.860221,1.728326,True,True,True
2025-06,LSTS,2,0,0,0,departures,0.0,0.0,15,default,small_airport,46.497398,7.41257,True,False,False
2025-06,ETND,2,2,2,2,departures,1.0,1.0,15,default,medium_airport,52.585556,8.342222,True,True,True
2025-06,LGKJ,2,0,0,0,departures,0.0,0.0,15,default,small_airport,36.141701,29.576401,True,False,False
2025-06,LTAG,2,0,0,0,departures,0.0,0.0,15,default,medium_airport,37.002102,35.4259,True,True,True
2025-06,ENXW,2,0,0,0,departures,0.0,0.0,15,default,heliport,59.165,2.48667,True,False,False
2025-06,LTBU,2,1,1,1,departures,0.5,0.5,15,default,medium_airport,41.138199,27.9191,True,True,True
2025-06,ENQV,2,0,0,0,departures,0.0,0.0,15,default,heliport,61.36972,2.45722,True,False,False
2025-06,BIVO,2,0,0,0,departures,0.0,0.0,15,default,medium_airport,65.720596,-14.8506,True,True,True
2025-06,LEDA,2,1,1,1,departures,0.5,0.5,15,default,medium_airport,41.728185,0.535023,True,True,True
2025-06,LFRC,2,1,1,1,departures,0.5,0.5,15,default,medium_airport,49.650101,-1.47028,True,True,True
2025-06,EHLL,2,0,0,0,departures,0.0,0.0,15,default,heliport,53.40333,4.20056,True,False,False
2025-06,EGPC,2,0,0,4,departures,0.0,2.0,15,default,medium_airport,58.4589,-3.09306,True,True,True
2025-06,ENUA,2,0,0,0,departures,0.0,0.0,15,default,heliport,64.993956,6.551342,True,False,False
2025-06,EHGQ,2,0,0,0,departures,0.0,0.0,15,default,heliport,54.04917,5.43194,True,False,False
2025-06,LSGK,2,0,0,0,departures,0.0,0.0,15,default,small_airport,46.486525,7.248359,True,False,False
2025-06,LGPL,2,0,0,0,departures,0.0,0.0,15,default,small_airport,36.5798988342,26.3757991791,True,False,False
2025-06,EDXQ,2,0,0,0,departures,0.0,0.0,15,default,small_airport,53.128334,9.348611,True,False,False
2025-06,LFPT,2,2,2,3,departures,1.0,1.5,15,default,medium_airport,49.096064,2.035543,True,True,True
2025-06,LJMB,2,2,1,2,departures,0.5,1.0,15,default,medium_airport,46.4799,15.6861,True,True,True
2025-06,LFAC,2,2,2,2,departures,1.0,1.0,15,default,medium_airport,50.962101,1.95476,True,True,True
2025-06,EGBJ,2,1,1,1,departures,0.5,0.5,15,default,medium_airport,51.894199,-2.16722,True,True,True
2025-06,ENQS,2,0,0,0,departures,0.0,0.0,15,default,heliport,61.2961,1.90083,True,False,False
2025-06,BITN,2,0,0,0,departures,0.0,0.0,15,default,small_airport,66.218459,-15.334739,True,False,False
2025-06,LRSM,2,0,0,0,departures,0.0,0.0,15,default,medium_airport,47.7033,22.8857,True,True,True
2025-06,LKKV,2,2,2,2,departures,1.0,1.0,15,default,large_airport,50.202999,12.915,True,True,True
2025-06,ENNE,2,0,0,0,departures,0.0,0.0,15,default,heliport,66.03333,8.08333,True,False,False
2025-06,ENQC,2,0,0,0,departures,0.0,0.0,15,default,heliport,60.885799,3.60972,True,False,False
2025-06,EHFB,2,0,0,0,departures,0.0,0.0,15,default,heliport,54.94444,4.5725,True,False,False
2025-06,LFOH,2,2,0,0,departures,0.0,0.0,15,default,medium_airport,49.534038,0.088406,True,True,True
2025-06,ULAA,2,0,0,0,departures,0.0,0.0,15,default,medium_airport,64.60030364990234,40.71670150756836,True,True,True
2025-06,ENWA,2,1,0,0,departures,0.0,0.0,15,default,heliport,59.566667,1.991667,True,False,False
2025-06,LZPP,2,1,1,1,departures,0.5,0.5,15,default,medium_airport,48.62519836425781,17.828399658203125,True,True,True
2025-06,HLMS,2,1,0,0,departures,0.0,0.0,15,default,small_airport,32.325001,15.061,True,False,False
2025-06,ENQE,2,0,0,0,arrivals,0.0,0.0,15,default,heliport,60.700001,2.933611,True,False,False
2025-06,LTBU,2,2,1,19,arrivals,0.5,9.5,15,default,medium_airport,41.138199,27.9191,True,True,True
2025-06,LFOK,2,1,1,1,arrivals,0.5,0.5,15,default,medium_airport,48.77333,4.20611,True,True,True
2025-06,EHKJ,2,0,0,0,arrivals,0.0,0.0,15,default,heliport,53.72444,4.0975,True,False,False
2025-06,ESST,2,2,2,5,arrivals,1.0,2.5,15,default,medium_airport,60.1576,12.9913,True,True,True
2025-06,ENUD,2,0,0,0,arrivals,0.0,0.0,15,default,heliport,64.27067,7.20011,True,False,False
2025-06,GMAT,2,2,0,0,arrivals,0.0,0.0,15,default,medium_airport,28.447563,-11.161749,True,True,True
2025-06,ENQR,2,0,0,0,arrivals,0.0,0.0,15,default,heliport,61.51667,2.21667,True,False,False
2025-06,LESU,2,0,0,0,arrivals,0.0,0.0,15,default,medium_airport,42.3386,1.40917,True,True,True
2025-06,LEAB,2,2,2,2,arrivals,1.0,1.0,15,default,medium_airport,38.948502,-1.86352,True,True,True
2025-06,DTTZ,2,0,0,0,arrivals,0.0,0.0,15,default,medium_airport,33.939701080322266,8.110560417175293,True,True,True
2025-06,EHPG,2,0,0,0,arrivals,0.0,0.0,15,default,heliport,52.35998,3.34192,True,False,False
2025-06,EDMS,2,1,0,0,arrivals,0.0,0.0,15,default,small_airport,48.900833,12.516667,True,False,False
2025-06,ENUA,2,0,0,0,arrivals,0.0,0.0,15,default,heliport,64.993956,6.551342,True,False,False
2025-06,EGMD,2,1,1,4,arrivals,0.5,2.0,15,default,medium_airport,50.956246,0.939074,True,True,True
2025-06,LFJR,2,2,2,2,arrivals,1.0,1.0,15,default,medium_airport,47.560299,-0.312222,True,True,True
2025-06,ESNN,2,2,2,2,arrivals,1.0,1.0,15,default,medium_airport,62.528099060058594,17.443899154663086,True,True,True
2025-06,LSGC,2,2,2,2,arrivals,1.0,1.0,15,default,medium_airport,47.0839004517,6.792840003970001,True,True,True
2025-06,LFRV,2,2,2,2,arrivals,1.0,1.0,15,default,medium_airport,47.723301,-2.71856,True,True,True
2025-06,LSGK,2,1,0,0,arrivals,0.0,0.0,15,default,small_airport,46.486525,7.248359,True,False,False
2025-06,ENQJ,2,0,0,0,arrivals,0.0,0.0,15,default,heliport,61.33167,3.895,True,False,False
2025-06,OJAQ,2,0,0,0,arrivals,0.0,0.0,15,default,large_airport,29.611601,35.018101,True,True,True
2025-06,LTBZ,2,2,0,0,arrivals,0.0,0.0,15,default,small_airport,39.111107,30.130405,True,False,False
2025-06,EBMB,2,1,0,0,arrivals,0.0,0.0,15,default,small_airport,50.913419,4.491005,True,False,False
2025-06,ORNI,2,0,0,0,arrivals,0.0,0.0,15,default,large_airport,31.991116,44.405019,True,True,True
2025-06,EGNL,2,2,2,3,arrivals,1.0,1.5,15,default,medium_airport,54.1286111,-3.2675,True,True,True
2025-06,ORKK,2,0,0,0,arrivals,0.0,0.0,15,default,large_airport,35.469501,44.3489,True,True,True
2025-06,DAOI,2,1,1,1,arrivals,0.5,0.5,15,default,large_airport,36.216614,1.341114,True,True,True
2025-06,LKKV,2,1,1,1,arrivals,0.5,0.5,15,default,large_airport,50.202999,12.915,True,True,True
2025-06,LFAT,2,2,1,2,arrivals,0.5,1.0,15,default,medium_airport,50.518284,1.621656,True,True,True
2025-06,GMMD,2,0,0,0,arrivals,0.0,0.0,15,default,large_airport,32.401895,-6.315905,True,True,True
2025-06,LFQG,2,1,0,0,arrivals,0.0,0.0,15,default,medium_airport,47.002913,3.113114,True,True,True
2025-06,ENQD,2,0,0,0,arrivals,0.0,0.0,15,default,heliport,60.541901,3.04583,True,False,False
2025-06,HLMS,2,1,0,0,arrivals,0.0,0.0,15,default,small_airport,32.325001,15.061,True,False,False
2025-06,LRCK,2,0,0,0,arrivals,0.0,0.0,15,default,large_airport,44.362202,28.4883,True,True,True
2025-06,LTAG,2,0,0,0,arrivals,0.0,0.0,15,default,medium_airport,37.002102,35.4259,True,True,True
2025-06,ENXW,2,0,0,0,arrivals,0.0,0.0,15,default,heliport,59.165,2.48667,True,False,False
2025-06,LFRT,2,2,1,1,arrivals,0.5,0.5,15,default,medium_airport,48.538628,-2.853518,True,True,True
2025-06,ENQV,2,0,0,0,arrivals,0.0,0.0,15,default,heliport,61.36972,2.45722,True,False,False
2025-06,BIVO,2,0,0,0,arrivals,0.0,0.0,15,default,medium_airport,65.720596,-14.8506,True,True,True
2025-06,LEGT,2,2,0,0,arrivals,0.0,0.0,15,default,medium_airport,40.294102,-3.72383,True,True,True
2025-06,LEDA,2,1,1,1,arrivals,0.5,0.5,15,default,medium_airport,41.728185,0.535023,True,True,True
2025-06,ENSE,2,0,0,0,arrivals,0.0,0.0,15,default,heliport,61.4489,2.1425,True,False,False
2025-06,ENWE,2,0,0,0,arrivals,0.0,0.0,15,default,heliport,58.8425,2.24722,True,False,False
2025-06,LIBG,2,0,0,0,arrivals,0.0,0.0,15,default,medium_airport,40.517502,17.4032,True,True,True
2025-06,EHJR,2,0,0,0,arrivals,0.0,0.0,15,default,heliport,53.217222,3.218889,True,False,False
2025-06,EGPC,2,0,0,7,arrivals,0.0,3.5,15,default,medium_airport,58.4589,-3.09306,True,True,True
2025-06,EHKV,2,0,0,0,arrivals,0.0,0.0,15,default,heliport,53.26861,3.62639,True,False,False
2025-06,EKHB,2,0,0,0,arrivals,0.0,0.0,15,default,heliport,55.538612365722656,5.033332824707031,True,False,False
2025-06,LFPT,2,2,0,0,arrivals,0.0,0.0,15,default,medium_airport,49.096064,2.035543,True,True,True
2025-06,ENQO,2,0,0,0,arrivals,0.0,0.0,15,default,heliport,60.389702,2.795556,True,False,False
2025-06,LJMB,2,1,1,2,arrivals,0.5,1.0,15,default,medium_airport,46.4799,15.6861,True,True,True
2025-06,LFAC,2,1,1,1,arrivals,0.5,0.5,15,default,medium_airport,50.962101,1.95476,True,True,True
2025-06,EDLN,2,2,0,0,arrivals,0.0,0.0,15,default,medium_airport,51.230278,6.504444,True,True,True
2025-06,EGLK,2,1,0,1,arrivals,0.0,0.5,15,default,medium_airport,51.323898,-0.8475,True,True,True
2025-06,EGBJ,2,2,1,1,arrivals,0.5,0.5,15,default,medium_airport,51.894199,-2.16722,True,True,True
2025-06,LOAN,2,2,2,5,arrivals,1.0,2.5,15,default,medium_airport,47.8433,16.260099,True,True,True
2025-06,DAUB,2,0,0,0,arrivals,0.0,0.0,15,default,large_airport,34.79318,5.738899,True,True,True
2025-06,BITN,2,0,0,0,arrivals,0.0,0.0,15,default,small_airport,66.218459,-15.334739,True,False,False
2025-06,ENNE,2,0,0,0,arrivals,0.0,0.0,15,default,heliport,66.03333,8.08333,True,False,False
2025-06,EDFZ,2,2,1,1,arrivals,0.5,0.5,15,default,medium_airport,49.967499,8.147222,True,True,True
2025-06,ENWA,2,1,0,0,arrivals,0.0,0.0,15,default,heliport,59.566667,1.991667,True,False,False
2025-06,LTBY,2,1,1,1,arrivals,0.5,0.5,15,default,large_airport,39.811644,30.519268,True,True,True
2025-06,OENN,2,0,0,0,arrivals,0.0,0.0,15,default,large_airport,27.924261,35.29358,True,True,True
2025-06,LFSN,2,2,1,2,arrivals,0.5,1.0,15,default,medium_airport,48.692101,6.23046,True,True,True
2025-06,ETND,2,2,2,2,arrivals,1.0,1.0,15,default,medium_airport,52.585556,8.342222,True,True,True
2025-06,EYSA,1,1,1,1,departures,1.0,1.0,15,default,medium_airport,55.89390182495117,23.395000457763672,True,True,True
2025-06,LKMH,1,0,0,0,departures,0.0,0.0,15,default,small_airport,50.540199,15.0066,True,False,False
2025-06,LCRA,1,1,1,2,departures,1.0,2.0,15,default,medium_airport,34.590401,32.9879,True,True,True
2025-06,UBBL,1,0,0,0,departures,0.0,0.0,15,default,small_airport,38.757919,48.807042,True,False,False
2025-06,EHTW,1,1,1,1,departures,1.0,1.0,15,default,medium_airport,52.275833,6.889167,True,True,True
2025-06,ENQR,1,0,0,0,departures,0.0,0.0,15,default,heliport,61.51667,2.21667,True,False,False
2025-06,EBSP,1,1,0,0,departures,0.0,0.0,15,default,small_airport,50.482006,5.913434,True,False,False
2025-06,LKKU,1,1,1,1,departures,1.0,1.0,15,default,medium_airport,49.0294,17.439699,True,True,True
2025-06,EHPG,1,0,0,0,departures,0.0,0.0,15,default,heliport,52.35998,3.34192,True,False,False
2025-06,ENRY,1,1,1,1,departures,1.0,1.0,15,default,medium_airport,59.378817,10.785439,True,True,True
2025-06,EDMS,1,0,0,0,departures,0.0,0.0,15,default,small_airport,48.900833,12.516667,True,False,False
2025-06,LFRO,1,1,1,1,departures,1.0,1.0,15,default,medium_airport,48.754398,-3.47166,True,True,True
2025-06,LFBF,1,1,0,0,departures,0.0,0.0,15,default,medium_airport,43.545601,1.3675,True,True,True
2025-06,LFSG,1,1,1,1,departures,1.0,1.0,15,default,medium_airport,48.325001,6.06998,True,True,True
2025-06,LOLW,1,1,0,0,departures,0.0,0.0,15,default,small_airport,48.182513,14.039283,True,False,False
2025-06,LFJR,1,1,1,1,departures,1.0,1.0,15,default,medium_airport,47.560299,-0.312222,True,True,True
2025-06,LGKZ,1,1,1,2,departures,1.0,2.0,15,default,medium_airport,40.286098,21.840799,True,True,True
2025-06,EPPW,1,0,0,0,departures,0.0,0.0,15,default,medium_airport,52.380087,17.853155,True,True,True
2025-06,OJAQ,1,0,0,0,departures,0.0,0.0,15,default,large_airport,29.611601,35.018101,True,True,True
2025-06,ENUE,1,0,0,0,departures,0.0,0.0,15,default,heliport,64.271111,7.201389,True,False,False
2025-06,ULWC,1,0,0,0,departures,0.0,0.0,15,default,medium_airport,59.273601532,38.0158004761,True,True,True
2025-06,LFCI,1,1,1,1,departures,1.0,1.0,15,default,medium_airport,43.913898,2.11306,True,True,True
2025-06,LFAQ,1,1,0,0,departures,0.0,0.0,15,default,small_airport,49.970049,2.693939,True,False,False
2025-06,EDTD,1,1,1,1,departures,1.0,1.0,15,default,medium_airport,47.973331,8.522222,True,True,True
2025-06,EHAK,1,0,0,0,departures,0.0,0.0,15,default,heliport,55.399167,3.810278,True,False,False
2025-06,EGOV,1,1,0,0,departures,0.0,0.0,15,default,medium_airport,53.2481,-4.53534,True,True,True
2025-06,ENQM,1,0,0,0,departures,0.0,0.0,15,default,heliport,60.5075,2.01472,True,False,False
2025-06,BIGJ,1,1,0,0,departures,0.0,0.0,15,default,small_airport,65.9953,-21.3269,True,False,False
2025-06,LFBA,1,1,1,3,departures,1.0,3.0,15,default,medium_airport,44.174171,0.59309,True,True,True
2025-06,UWPS,1,0,0,0,departures,0.0,0.0,15,default,large_airport,54.12513,45.212257,True,True,True
2025-06,EDFZ,1,0,0,1,departures,0.0,1.0,15,default,medium_airport,49.967499,8.147222,True,True,True
2025-06,DABT,1,0,0,0,departures,0.0,0.0,15,default,large_airport,35.752102,6.30859,True,True,True
2025-06,EGBK,1,0,0,0,departures,0.0,0.0,15,default,small_airport,52.305302,-0.793056,True,False,False
2025-06,EIWT,1,1,0,0,departures,0.0,0.0,15,default,medium_airport,53.351622,-6.490357,True,True,True
2025-06,ENUN,1,0,0,0,departures,0.0,0.0,15,default,heliport,67.0408,7.055,True,False,False
2025-06,ENQG,1,0,0,0,departures,0.0,0.0,15,default,heliport,61.202108,2.198832,True,False,False
2025-06,UUBI,1,0,0,0,departures,0.0,0.0,15,default,medium_airport,56.93939971923828,40.940799713134766,True,True,True
2025-06,EBCV,1,1,0,0,departures,0.0,0.0,15,default,medium_airport,50.575802,3.831,True,True,True
2025-06,EHGN,1,0,0,0,departures,0.0,0.0,15,default,heliport,54.22389,5.49861,True,False,False
2025-06,OIGG,1,0,0,0,departures,0.0,0.0,15,default,medium_airport,37.323333,49.617778,True,True,True
2025-06,EDAY,1,0,0,0,departures,0.0,0.0,15,default,small_airport,52.580555,13.916667,True,False,False
2025-06,USKK,1,0,0,0,departures,0.0,0.0,15,default,medium_airport,58.503883,49.347831,True,True,True
2025-06,LFLD,1,1,1,1,departures,1.0,1.0,15,default,medium_airport,47.060158,2.369633,True,True,True
2025-06,EDMV,1,0,0,0,departures,0.0,0.0,15,default,small_airport,48.634998,13.195556,True,False,False
2025-06,ULMM,1,0,0,0,departures,0.0,0.0,15,default,large_airport,68.7817,32.750801,True,True,True
2025-06,LFLA,1,1,1,1,departures,1.0,1.0,15,default,medium_airport,47.850201,3.49711,True,True,True
2025-06,LFOP,1,1,1,1,departures,1.0,1.0,15,default,medium_airport,49.384887,1.179142,True,True,True
2025-06,EDWF,1,0,0,0,departures,0.0,0.0,15,default,small_airport,53.271942,7.441667,True,False,False
2025-06,EHQM,1,0,0,0,departures,0.0,0.0,15,default,heliport,52.87222,4.17139,True,False,False
2025-06,URWA,1,0,0,0,departures,0.0,0.0,15,default,large_airport,46.282843,48.010511,True,True,True
2025-06,UUBC,1,0,0,0,departures,0.0,0.0,15,default,medium_airport,54.5499992371,36.3666687012,True,True,True
2025-06,LFCH,1,1,1,1,departures,1.0,1.0,15,default,medium_airport,44.596401,-1.11083,True,True,True
2025-06,LKRO,1,0,0,0,departures,0.0,0.0,15,default,small_airport,50.410186,14.22708,True,False,False
2025-06,EDBM,1,1,0,0,departures,0.0,0.0,15,default,small_airport,52.073612,11.626389,True,False,False
2025-06,LEBA,1,1,1,1,departures,1.0,1.0,15,default,medium_airport,37.841999,-4.84888,True,True,True
2025-06,ENUD,1,0,0,0,departures,0.0,0.0,15,default,heliport,64.27067,7.20011,True,False,False
2025-06,ENDR,1,0,0,0,departures,0.0,0.0,15,default,heliport,64.35556,7.79167,True,False,False
2025-06,LKJI,1,1,0,0,departures,0.0,0.0,15,default,small_airport,49.419399,15.6353,True,False,False
2025-06,DAUH,1,0,0,0,departures,0.0,0.0,15,default,medium_airport,31.673,6.14044,True,True,True
2025-06,ENWE,1,0,0,0,departures,0.0,0.0,15,default,heliport,58.8425,2.24722,True,False,False
2025-06,LFRI,1,0,0,0,departures,0.0,0.0,15,default,medium_airport,46.7019,-1.37863,True,True,True
2025-06,EHJR,1,0,0,0,departures,0.0,0.0,15,default,heliport,53.217222,3.218889,True,False,False
2025-06,ENWK,1,0,0,0,departures,0.0,0.0,15,default,heliport,58.57139,1.69528,True,False,False
2025-06,LFHS,1,1,0,0,departures,0.0,0.0,15,default,small_airport,46.200901,5.29203,True,False,False
2025-06,DTTZ,1,0,0,0,departures,0.0,0.0,15,default,medium_airport,33.939701080322266,8.110560417175293,True,True,True
2025-06,LFMH,1,1,1,1,departures,1.0,1.0,15,default,medium_airport,45.5406,4.29639,True,True,True
2025-06,EPBC,1,0,0,0,departures,0.0,0.0,15,default,small_airport,52.269199,20.907203,True,False,False
2025-06,EHKV,1,0,0,0,departures,0.0,0.0,15,default,heliport,53.26861,3.62639,True,False,False
2025-06,ENLA,1,0,0,0,departures,0.0,0.0,15,default,heliport,57.111667,2.846667,True,False,False
2025-06,LFGF,1,0,0,0,departures,0.0,0.0,15,default,small_airport,47.005901,4.89342,True,False,False
2025-06,LFLH,1,0,0,0,departures,0.0,0.0,15,default,small_airport,46.825813,4.817646,True,False,False
2025-06,EDQM,1,1,1,1,departures,1.0,1.0,15,default,medium_airport,50.288544,11.852876,True,True,True
2025-06,EKHB,1,0,0,0,departures,0.0,0.0,15,default,heliport,55.538612365722656,5.033332824707031,True,False,False
2025-06,ENUS,1,0,0,0,departures,0.0,0.0,15,default,heliport,65.69972,7.65083,True,False,False
2025-06,ULPB,1,0,0,0,departures,0.0,0.0,15,default,medium_airport,61.885201,34.154701,True,True,True
2025-06,EGHL,1,1,1,1,departures,1.0,1.0,15,default,medium_airport,51.18744,-1.031663,True,True,True
2025-06,ENWI,1,0,0,0,departures,0.0,0.0,15,default,heliport,58.92222,2.19778,True,False,False
2025-06,EDRZ,1,1,0,0,departures,0.0,0.0,15,default,small_airport,49.2094,7.40056,True,False,False
2025-06,ENRK,1,0,0,0,departures,0.0,0.0,15,default,small_airport,59.397499,11.3469,True,False,False
2025-06,ENQK,1,0,0,0,departures,0.0,0.0,15,default,heliport,61.08333,2.5,True,False,False
2025-06,ENSF,1,0,0,0,departures,0.0,0.0,15,default,heliport,61.25518,1.85211,True,False,False
2025-06,EGUB,1,1,1,1,departures,1.0,1.0,15,default,medium_airport,51.614366,-1.095991,True,True,True
2025-06,LIRJ,1,0,0,0,departures,0.0,0.0,15,default,medium_airport,42.760871,10.239811,True,True,True
2025-06,EHFD,1,0,0,0,departures,0.0,0.0,15,default,heliport,54.85306,4.69472,True,False,False
2025-06,UGSA,1,0,0,0,departures,0.0,0.0,15,default,small_airport,41.921198,44.714186,True,False,False
2025-06,LYKV,1,0,0,1,departures,0.0,1.0,15,default,medium_airport,43.817519,20.586662,True,True,True
2025-06,LPEV,1,1,1,1,departures,1.0,1.0,15,default,medium_airport,38.533501,-7.88964,True,True,True
2025-06,ENUK,1,0,0,0,departures,0.0,0.0,15,default,heliport,65.064144,6.725689,True,False,False
2025-06,ENQB,1,0,0,0,departures,0.0,0.0,15,default,heliport,60.773899,3.50139,True,False,False
2025-06,EBMB,1,1,0,0,departures,0.0,0.0,15,default,small_airport,50.913419,4.491005,True,False,False
2025-06,UMII,1,0,0,0,departures,0.0,0.0,15,default,medium_airport,55.126499176025,30.349599838257,True,True,True
2025-06,EDBC,1,0,0,0,departures,0.0,0.0,15,default,small_airport,51.8564,11.4203,True,False,False
2025-06,LKPM,1,0,0,0,departures,0.0,0.0,15,default,small_airport,49.7201,14.1006,True,False,False
2025-06,GMAZ,1,1,0,0,departures,0.0,0.0,15,default,large_airport,30.265788,-5.860808,True,True,True
2025-06,LOIH,1,0,0,0,departures,0.0,0.0,15,default,small_airport,47.384477,9.699776,True,False,False
2025-06,EGSC,1,1,1,1,departures,1.0,1.0,15,default,medium_airport,52.205002,0.175,True,True,True
2025-06,EHKS,1,0,0,0,departures,0.0,0.0,15,default,heliport,53.27556,3.87167,True,False,False
2025-06,EPWK,1,0,0,0,departures,0.0,0.0,15,default,small_airport,52.584702,19.0156,True,False,False
2025-06,ENBE,1,0,0,0,departures,0.0,0.0,15,default,heliport,59.190601,2.35806,True,False,False
2025-06,LIMG,1,1,1,1,departures,1.0,1.0,15,default,medium_airport,44.050598,8.12743,True,True,True
2025-06,DAUG,1,0,0,0,departures,0.0,0.0,15,default,medium_airport,32.384102,3.79411,True,True,True
2025-06,EGEO,1,0,0,0,departures,0.0,0.0,15,default,small_airport,56.463501,-5.39967,True,False,False
2025-06,DAAV,1,0,0,0,departures,0.0,0.0,15,default,large_airport,36.794125,5.873652,True,True,True
2025-06,EHJC,1,0,0,0,departures,0.0,0.0,15,default,heliport,53.94861,3.66222,True,False,False
2025-06,EKTE,1,0,0,0,departures,0.0,0.0,15,default,heliport,55.72152328491211,4.802055835723877,True,False,False
2025-06,ENQL,1,0,0,0,departures,0.0,0.0,15,default,heliport,60.49833,2.07333,True,False,False
2025-06,ESMK,1,1,1,1,departures,1.0,1.0,15,default,medium_airport,55.9217,14.0855,True,True,True
2025-06,EKSI,1,0,0,0,departures,0.0,0.0,15,default,heliport,56.48271560668945,4.911110877990723,True,False,False
2025-06,EKGC,1,0,0,0,departures,0.0,0.0,15,default,heliport,55.57984924316406,4.758889198303223,True,False,False
2025-06,LGTG,1,1,1,1,departures,1.0,1.0,15,default,medium_airport,38.339802,23.565001,True,True,True
2025-06,EDTF,1,0,0,0,departures,0.0,0.0,15,default,small_airport,48.022778,7.8325,True,False,False
2025-06,EPCD,1,0,0,0,departures,0.0,0.0,15,default,small_airport,51.082067,23.437014,True,False,False
2025-06,LSZG,1,1,1,2,departures,1.0,2.0,15,default,medium_airport,47.181599,7.41719,True,True,True
2025-06,LRAR,1,1,1,4,departures,1.0,4.0,15,default,medium_airport,46.176136,21.264322,True,True,True
2025-06,EFLP,1,0,0,0,departures,0.0,0.0,15,default,large_airport,61.044601,28.144743,True,True,True
2025-06,LGKA,1,1,0,0,departures,0.0,0.0,15,default,small_airport,40.446301,21.2822,True,False,False
2025-06,EHLE,1,1,1,1,departures,1.0,1.0,15,default,medium_airport,52.453188,5.514622,True,True,True
2025-06,LFLO,1,1,1,1,departures,1.0,1.0,15,default,medium_airport,46.053818,3.999023,True,True,True
2025-06,UBBF,1,0,0,0,departures,0.0,0.0,15,default,small_airport,39.594578,47.196128,True,False,False
2025-06,EDFE,1,1,0,0,departures,0.0,0.0,15,default,medium_airport,49.96,8.643043,True,True,True
2025-06,LHPR,1,1,1,1,departures,1.0,1.0,15,default,medium_airport,47.628436,17.804718,True,True,True
2025-06,LDRG,1,0,0,0,arrivals,0.0,0.0,15,default,small_airport,45.379501,14.5038,True,False,False
2025-06,URWA,1,0,0,0,arrivals,0.0,0.0,15,default,large_airport,46.282843,48.010511,True,True,True
2025-06,UUBC,1,0,0,2,arrivals,0.0,2.0,15,default,medium_airport,54.5499992371,36.3666687012,True,True,True
2025-06,LKMH,1,1,0,0,arrivals,0.0,0.0,15,default,small_airport,50.540199,15.0066,True,False,False
2025-06,UBBL,1,0,0,0,arrivals,0.0,0.0,15,default,small_airport,38.757919,48.807042,True,False,False
2025-06,EKAR,1,1,0,0,arrivals,0.0,0.0,15,default,heliport,56.08028,4.230389,True,False,False
2025-06,ENGA,1,0,0,0,arrivals,0.0,0.0,15,default,heliport,61.17556,2.1875,True,False,False
2025-06,LEBA,1,1,1,1,arrivals,1.0,1.0,15,default,medium_airport,37.841999,-4.84888,True,True,True
2025-06,LFSG,1,1,1,2,arrivals,1.0,2.0,15,default,medium_airport,48.325001,6.06998,True,True,True
2025-06,LOLW,1,0,0,0,arrivals,0.0,0.0,15,default,small_airport,48.182513,14.039283,True,False,False
2025-06,ULPB,1,0,0,0,arrivals,0.0,0.0,15,default,medium_airport,61.885201,34.154701,True,True,True
2025-06,EPPW,1,0,0,6,arrivals,0.0,6.0,15,default,medium_airport,52.380087,17.853155,True,True,True
2025-06,LIQS,1,0,0,0,arrivals,0.0,0.0,15,default,medium_airport,43.254942,11.255084,True,True,True
2025-06,LFGA,1,1,1,1,arrivals,1.0,1.0,15,default,medium_airport,48.109901,7.35901,True,True,True
2025-06,EDTD,1,1,1,2,arrivals,1.0,2.0,15,default,medium_airport,47.973331,8.522222,True,True,True
2025-06,LYKV,1,0,0,6,arrivals,0.0,6.0,15,default,medium_airport,43.817519,20.586662,True,True,True
2025-06,EGOV,1,1,0,0,arrivals,0.0,0.0,15,default,medium_airport,53.2481,-4.53534,True,True,True
2025-06,ENQM,1,0,0,0,arrivals,0.0,0.0,15,default,heliport,60.5075,2.01472,True,False,False
2025-06,EDLE,1,1,0,0,arrivals,0.0,0.0,15,default,small_airport,51.402302,6.93733,True,False,False
2025-06,UMII,1,0,0,0,arrivals,0.0,0.0,15,default,medium_airport,55.126499176025,30.349599838257,True,True,True
2025-06,EDBC,1,0,0,0,arrivals,0.0,0.0,15,default,small_airport,51.8564,11.4203,True,False,False
2025-06,EHPK,1,0,0,0,arrivals,0.0,0.0,15,default,heliport,52.29028,3.81611,True,False,False
2025-06,LFBA,1,1,0,1,arrivals,0.0,1.0,15,default,medium_airport,44.174171,0.59309,True,True,True
2025-06,EDAQ,1,1,0,0,arrivals,0.0,0.0,15,default,small_airport,51.552223,12.053889,True,False,False
2025-06,LRSM,1,0,0,0,arrivals,0.0,0.0,15,default,medium_airport,47.7033,22.8857,True,True,True
2025-06,UWPS,1,0,0,0,arrivals,0.0,0.0,15,default,large_airport,54.12513,45.212257,True,True,True
2025-06,DABT,1,1,0,0,arrivals,0.0,0.0,15,default,large_airport,35.752102,6.30859,True,True,True
2025-06,EGBK,1,0,0,0,arrivals,0.0,0.0,15,default,small_airport,52.305302,-0.793056,True,False,False
2025-06,EGFE,1,1,0,0,arrivals,0.0,0.0,15,default,medium_airport,51.833099365234375,-4.9611101150512695,True,True,True
2025-06,EIWT,1,1,0,0,arrivals,0.0,0.0,15,default,medium_airport,53.351622,-6.490357,True,True,True
2025-06,LSZC,1,1,0,0,arrivals,0.0,0.0,15,default,small_airport,46.974444,8.396944,True,False,False
2025-06,ENUN,1,0,0,0,arrivals,0.0,0.0,15,default,heliport,67.0408,7.055,True,False,False
2025-06,UUBI,1,0,0,0,arrivals,0.0,0.0,15,default,medium_airport,56.93939971923828,40.940799713134766,True,True,True
2025-06,EGTF,1,1,0,0,arrivals,0.0,0.0,15,default,small_airport,51.348099,-0.558889,True,False,False
2025-06,USKK,1,0,0,0,arrivals,0.0,0.0,15,default,medium_airport,58.503883,49.347831,True,True,True
2025-06,EDMV,1,0,0,0,arrivals,0.0,0.0,15,default,small_airport,48.634998,13.195556,True,False,False
2025-06,ULMM,1,0,0,0,arrivals,0.0,0.0,15,default,large_airport,68.7817,32.750801,True,True,True
2025-06,LFLA,1,1,1,1,arrivals,1.0,1.0,15,default,medium_airport,47.850201,3.49711,True,True,True
2025-06,LFOP,1,1,1,1,arrivals,1.0,1.0,15,default,medium_airport,49.384887,1.179142,True,True,True
2025-06,LFTF,1,1,0,0,arrivals,0.0,0.0,15,default,small_airport,43.247615,6.126654,True,False,False
2025-06,EHTW,1,1,1,1,arrivals,1.0,1.0,15,default,medium_airport,52.275833,6.889167,True,True,True
2025-06,LKRO,1,0,0,0,arrivals,0.0,0.0,15,default,small_airport,50.410186,14.22708,True,False,False
2025-06,EDBM,1,1,0,0,arrivals,0.0,0.0,15,default,small_airport,52.073612,11.626389,True,False,False
2025-06,LIMW,1,1,1,1,arrivals,1.0,1.0,15,default,medium_airport,45.738552,7.3683,True,True,True
2025-06,ENDR,1,0,0,0,arrivals,0.0,0.0,15,default,heliport,64.35556,7.79167,True,False,False
2025-06,DAUH,1,0,0,0,arrivals,0.0,0.0,15,default,medium_airport,31.673,6.14044,True,True,True
2025-06,EHLI,1,0,0,0,arrivals,0.0,0.0,15,default,heliport,53.43167,4.23556,True,False,False
2025-06,LFRI,1,1,0,0,arrivals,0.0,0.0,15,default,medium_airport,46.7019,-1.37863,True,True,True
2025-06,ENWK,1,0,0,0,arrivals,0.0,0.0,15,default,heliport,58.57139,1.69528,True,False,False
2025-06,EGWC,1,0,0,0,arrivals,0.0,0.0,15,default,medium_airport,52.640524,-2.305326,True,True,True
2025-06,LFMH,1,1,1,1,arrivals,1.0,1.0,15,default,medium_airport,45.5406,4.29639,True,True,True
2025-06,LFRO,1,1,1,1,arrivals,1.0,1.0,15,default,medium_airport,48.754398,-3.47166,True,True,True
2025-06,ENLA,1,0,0,0,arrivals,0.0,0.0,15,default,heliport,57.111667,2.846667,True,False,False
2025-06,LFLH,1,0,0,0,arrivals,0.0,0.0,15,default,small_airport,46.825813,4.817646,True,False,False
2025-06,EDBR,1,0,0,1,arrivals,0.0,1.0,15,default,medium_airport,51.363335,14.95,True,True,True
2025-06,EDQM,1,1,1,1,arrivals,1.0,1.0,15,default,medium_airport,50.288544,11.852876,True,True,True
2025-06,ENUS,1,0,0,0,arrivals,0.0,0.0,15,default,heliport,65.69972,7.65083,True,False,False
2025-06,LPVR,1,0,0,6,arrivals,0.0,6.0,15,default,medium_airport,41.2743,-7.72047,True,True,True
2025-06,LGKZ,1,1,1,2,arrivals,1.0,2.0,15,default,medium_airport,40.286098,21.840799,True,True,True
2025-06,EHGQ,1,0,0,0,arrivals,0.0,0.0,15,default,heliport,54.04917,5.43194,True,False,False
2025-06,EDGE,1,1,1,2,arrivals,1.0,2.0,15,default,medium_airport,50.991604,10.47973,True,True,True
2025-06,EPNT,1,0,0,0,arrivals,0.0,0.0,15,default,small_airport,49.462797,20.050304,True,False,False
2025-06,ENRK,1,0,0,0,arrivals,0.0,0.0,15,default,small_airport,59.397499,11.3469,True,False,False
2025-06,ENSF,1,0,0,0,arrivals,0.0,0.0,15,default,heliport,61.25518,1.85211,True,False,False
2025-06,EGUB,1,0,0,0,arrivals,0.0,0.0,15,default,medium_airport,51.614366,-1.095991,True,True,True
2025-06,EDXQ,1,1,0,0,arrivals,0.0,0.0,15,default,small_airport,53.128334,9.348611,True,False,False
2025-06,ULWC,1,0,0,0,arrivals,0.0,0.0,15,default,medium_airport,59.273601532,38.0158004761,True,True,True
2025-06,LIRJ,1,0,0,1,arrivals,0.0,1.0,15,default,medium_airport,42.760871,10.239811,True,True,True
2025-06,EHFD,1,0,0,0,arrivals,0.0,0.0,15,default,heliport,54.85306,4.69472,True,False,False
2025-06,LFCI,1,1,1,1,arrivals,1.0,1.0,15,default,medium_airport,43.913898,2.11306,True,True,True
2025-06,LFAQ,1,1,0,0,arrivals,0.0,0.0,15,default,small_airport,49.970049,2.693939,True,False,False
2025-06,UGSA,1,0,0,0,arrivals,0.0,0.0,15,default,small_airport,41.921198,44.714186,True,False,False
2025-06,LPEV,1,1,1,1,arrivals,1.0,1.0,15,default,medium_airport,38.533501,-7.88964,True,True,True
2025-06,ENUK,1,0,0,0,arrivals,0.0,0.0,15,default,heliport,65.064144,6.725689,True,False,False
2025-06,EHKE,1,0,0,0,arrivals,0.0,0.0,15,default,heliport,53.69833,3.86889,True,False,False
2025-06,ENQB,1,0,0,0,arrivals,0.0,0.0,15,default,heliport,60.773899,3.50139,True,False,False
2025-06,EIWF,1,0,0,1,arrivals,0.0,1.0,15,default,medium_airport,52.187199,-7.08696,True,True,True
2025-06,BIGJ,1,0,0,0,arrivals,0.0,0.0,15,default,small_airport,65.9953,-21.3269,True,False,False
2025-06,GMAZ,1,1,0,0,arrivals,0.0,0.0,15,default,large_airport,30.265788,-5.860808,True,True,True
2025-06,EGSC,1,1,1,3,arrivals,1.0,3.0,15,default,medium_airport,52.205002,0.175,True,True,True
2025-06,EPWK,1,0,0,0,arrivals,0.0,0.0,15,default,small_airport,52.584702,19.0156,True,False,False
2025-06,LIMG,1,1,1,1,arrivals,1.0,1.0,15,default,medium_airport,44.050598,8.12743,True,True,True
2025-06,DAAV,1,0,0,0,arrivals,0.0,0.0,15,default,large_airport,36.794125,5.873652,True,True,True
2025-06,EHFT,1,0,0,0,arrivals,0.0,0.0,15,default,heliport,53.81806,4.51278,True,False,False
2025-06,LJPZ,1,1,1,2,arrivals,1.0,2.0,15,default,medium_airport,45.47201,13.615951,True,True,True
2025-06,ENQC,1,0,0,0,arrivals,0.0,0.0,15,default,heliport,60.885799,3.60972,True,False,False
2025-06,EHFR,1,0,0,0,arrivals,0.0,0.0,15,default,heliport,53.81083,4.35111,True,False,False
2025-06,EHDV,1,0,0,0,arrivals,0.0,0.0,15,default,heliport,54.32472,2.93417,True,False,False
2025-06,LFPN,1,1,0,0,arrivals,0.0,0.0,15,default,medium_airport,48.7519,2.10619,True,True,True
2025-06,EDTF,1,0,0,0,arrivals,0.0,0.0,15,default,small_airport,48.022778,7.8325,True,False,False
2025-06,EBCV,1,0,0,1,arrivals,0.0,1.0,15,default,medium_airport,50.575802,3.831,True,True,True
2025-06,OIGG,1,0,0,0,arrivals,0.0,0.0,15,default,medium_airport,37.323333,49.617778,True,True,True
2025-06,LRAR,1,0,0,1,arrivals,0.0,1.0,15,default,medium_airport,46.176136,21.264322,True,True,True
2025-06,EFLP,1,0,0,0,arrivals,0.0,0.0,15,default,large_airport,61.044601,28.144743,True,True,True
2025-06,LGKA,1,1,0,0,arrivals,0.0,0.0,15,default,small_airport,40.446301,21.2822,True,False,False
2025-06,EHLE,1,1,1,1,arrivals,1.0,1.0,15,default,medium_airport,52.453188,5.514622,True,True,True
2025-06,LFLO,1,1,0,0,arrivals,0.0,0.0,15,default,medium_airport,46.053818,3.999023,True,True,True
2025-06,EGBP,1,1,0,0,arrivals,0.0,0.0,15,default,small_airport,51.668528,-2.056599,True,False,False
2025-06,UBBF,1,0,0,0,arrivals,0.0,0.0,15,default,small_airport,39.594578,47.196128,True,False,False
2025-06,LFLD,1,1,0,1,arrivals,0.0,1.0,15,default,medium_airport,47.060158,2.369633,True,True,True
2025-06,LSTS,1,0,0,0,arrivals,0.0,0.0,15,default,small_airport,46.497398,7.41257,True,False,False
2025-06,EDFE,1,1,0,0,arrivals,0.0,0.0,15,default,medium_airport,49.96,8.643043,True,True,True
2025-06,LHPR,1,1,1,1,arrivals,1.0,1.0,15,default,medium_airport,47.628436,17.804718,True,True,True
