airport,n_truth,n_predicted_here,n_correct,n_assigned,role,recall,count_ratio,run
OOA,7964,42,0,0,arrivals,0.0,0.0,path0_legacy
OOA,7892,80,0,0,departures,0.0,0.0,path0_legacy
LTFM,2282,1315,1311,1318,departures,0.5744960560911481,0.5775635407537248,path0_legacy
LTFM,2258,1887,1583,1589,arrivals,0.7010628875110717,0.7037201062887511,path0_legacy
EHAM,2148,2144,2144,2165,departures,0.9981378026070763,1.0079143389199254,path0_legacy
EHAM,2136,1929,1926,1930,arrivals,0.901685393258427,0.903558052434457,path0_legacy
EDDF,2094,2085,1982,1984,departures,0.9465138490926457,0.9474689589302769,path0_legacy
EDDF,2091,1835,1831,1833,arrivals,0.8756575801052128,0.8766140602582496,path0_legacy
LFPG,2084,2067,2058,2068,departures,0.9875239923224568,0.9923224568138196,path0_legacy
LFPG,2066,1774,1773,1830,arrivals,0.8581800580832527,0.8857696030977735,path0_legacy
EGLL,2001,1989,1987,1989,departures,0.9930034982508745,0.9940029985007496,path0_legacy
EGLL,1986,1701,1697,1698,arrivals,0.8544813695871097,0.8549848942598187,path0_legacy
LEMD,1786,1614,1607,1611,arrivals,0.8997760358342665,0.9020156774916014,path0_legacy
LEMD,1773,1670,1666,1668,departures,0.9396503102086858,0.9407783417935702,path0_legacy
LEBL,1597,1529,1527,1528,arrivals,0.9561678146524734,0.9567939887288667,path0_legacy
LEBL,1591,1583,1582,1583,departures,0.994343180389692,0.9949717159019484,path0_legacy
EDDM,1573,1562,1558,1562,departures,0.9904640813731723,0.993006993006993,path0_legacy
EDDM,1571,1486,1479,1479,arrivals,0.9414385741565882,0.9414385741565882,path0_legacy
LIRF,1449,1445,1445,1447,departures,0.9972394755003451,0.9986197377501725,path0_legacy
LTAI,1437,763,761,772,arrivals,0.5295755045233125,0.5372303409881698,path0_legacy
LEPA,1436,1385,1383,1387,arrivals,0.963091922005571,0.9658774373259053,path0_legacy
LTAI,1435,728,727,730,departures,0.5066202090592334,0.5087108013937283,path0_legacy
LIRF,1433,1297,1291,1295,arrivals,0.900907187718074,0.9036985345429169,path0_legacy
LEPA,1417,1239,1238,1239,departures,0.8736767819336627,0.8743824982357092,path0_legacy
LGAV,1317,134,117,118,arrivals,0.0888382687927107,0.08959757023538345,path0_legacy
LGAV,1306,305,301,308,departures,0.2304747320061256,0.23583460949464014,path0_legacy
EGKK,1223,1218,1218,1218,departures,0.9959116925592805,0.9959116925592805,path0_legacy
EGKK,1220,1129,1129,1130,arrivals,0.9254098360655738,0.9262295081967213,path0_legacy
EIDW,1188,1110,1109,1111,arrivals,0.9335016835016835,0.9351851851851852,path0_legacy
EIDW,1185,1165,1164,1164,departures,0.9822784810126582,0.9822784810126582,path0_legacy
LSZH,1178,1167,1160,1166,departures,0.9847198641765704,0.9898132427843803,path0_legacy
LSZH,1160,1076,1072,1082,arrivals,0.9241379310344827,0.9327586206896552,path0_legacy
LOWW,1156,1145,1143,1153,departures,0.9887543252595156,0.9974048442906575,path0_legacy
EKCH,1152,1058,1058,1058,arrivals,0.9184027777777778,0.9184027777777778,path0_legacy
LOWW,1145,1074,1072,1079,arrivals,0.9362445414847161,0.9423580786026201,path0_legacy
EKCH,1140,1117,1117,1122,departures,0.9798245614035088,0.9842105263157894,path0_legacy
LTFJ,1138,1003,999,1001,arrivals,0.8778558875219684,0.8796133567662566,path0_legacy
LTFJ,1137,1030,1030,1044,departures,0.9058927000879508,0.9182058047493403,path0_legacy
LPPT,1010,976,685,685,departures,0.6782178217821783,0.6782178217821783,path0_legacy
LPPT,1001,906,905,906,arrivals,0.9040959040959041,0.9050949050949051,path0_legacy
LFPO,992,985,985,988,departures,0.9929435483870968,0.9959677419354839,path0_legacy
LFPO,991,949,949,950,arrivals,0.9576185671039354,0.958627648839556,path0_legacy
LIMC,973,969,965,967,departures,0.9917780061664954,0.9938335046248715,path0_legacy
LIMC,967,892,885,889,arrivals,0.9152016546018614,0.9193381592554292,path0_legacy
ENGM,940,886,885,899,arrivals,0.9414893617021277,0.9563829787234043,path0_legacy
ENGM,932,807,806,815,departures,0.8648068669527897,0.8744635193133047,path0_legacy
EGCC,926,919,918,920,departures,0.9913606911447084,0.9935205183585313,path0_legacy
EGCC,924,840,840,841,arrivals,0.9090909090909091,0.9101731601731602,path0_legacy
EGSS,888,846,840,844,arrivals,0.9459459459459459,0.9504504504504504,path0_legacy
EGSS,885,882,879,879,departures,0.9932203389830508,0.9932203389830508,path0_legacy
EPWA,880,783,780,780,arrivals,0.8863636363636364,0.8863636363636364,path0_legacy
EPWA,875,870,870,872,departures,0.9942857142857143,0.9965714285714286,path0_legacy
EBBR,872,868,868,878,departures,0.9954128440366973,1.0068807339449541,path0_legacy
EBBR,871,786,783,793,arrivals,0.8989667049368542,0.9104477611940298,path0_legacy
EDDB,870,851,848,861,departures,0.9747126436781609,0.9896551724137931,path0_legacy
LEMG,861,843,843,843,arrivals,0.9790940766550522,0.9790940766550522,path0_legacy
LEMG,850,846,846,848,departures,0.9952941176470588,0.9976470588235294,path0_legacy
ESSA,841,731,726,734,arrivals,0.8632580261593341,0.8727705112960761,path0_legacy
EDDB,840,797,792,794,arrivals,0.9428571428571428,0.9452380952380952,path0_legacy
ESSA,820,792,790,798,departures,0.9634146341463414,0.973170731707317,path0_legacy
EDDL,758,753,750,751,departures,0.9894459102902374,0.9907651715039578,path0_legacy
EDDL,751,732,730,735,arrivals,0.9720372836218375,0.9786950732356857,path0_legacy
LFMN,710,691,686,698,arrivals,0.9661971830985916,0.9830985915492958,path0_legacy
LFMN,707,697,691,694,departures,0.9773691654879774,0.9816124469589816,path0_legacy
LSGG,680,452,445,448,departures,0.6544117647058824,0.6588235294117647,path0_legacy
LSGG,670,650,648,659,arrivals,0.9671641791044776,0.9835820895522388,path0_legacy
LKPR,667,659,658,663,departures,0.9865067466266867,0.9940029985007496,path0_legacy
EFHK,666,577,576,578,arrivals,0.8648648648648649,0.8678678678678678,path0_legacy
EFHK,659,654,654,659,departures,0.992412746585736,1.0,path0_legacy
LKPR,657,620,617,618,arrivals,0.939117199391172,0.9406392694063926,path0_legacy
LEAL,599,598,598,598,departures,0.998330550918197,0.998330550918197,path0_legacy
LEAL,599,592,592,592,arrivals,0.988313856427379,0.988313856427379,path0_legacy
EGPH,584,553,553,557,arrivals,0.946917808219178,0.9537671232876712,path0_legacy
LHBP,578,567,566,567,departures,0.9792387543252595,0.9809688581314879,path0_legacy
EGPH,577,573,571,571,departures,0.9896013864818024,0.9896013864818024,path0_legacy
LHBP,577,542,540,543,arrivals,0.9358752166377816,0.9410745233968805,path0_legacy
EGGW,552,532,527,534,arrivals,0.9547101449275363,0.967391304347826,path0_legacy
EGGW,550,548,538,542,departures,0.9781818181818182,0.9854545454545455,path0_legacy
EDDH,538,532,529,529,departures,0.983271375464684,0.983271375464684,path0_legacy
EDDH,532,523,521,523,arrivals,0.9793233082706767,0.9830827067669173,path0_legacy
GCLP,521,0,0,0,arrivals,0.0,0.0,path0_legacy
GCLP,520,2,0,0,departures,0.0,0.0,path0_legacy
LLBG,516,457,456,458,arrivals,0.8837209302325582,0.8875968992248062,path0_legacy
EDDK,515,499,499,500,departures,0.9689320388349515,0.970873786407767,path0_legacy
LLBG,513,497,496,497,departures,0.9668615984405458,0.9688109161793372,path0_legacy
LPPR,513,509,508,508,departures,0.9902534113060428,0.9902534113060428,path0_legacy
LPPR,512,482,480,480,arrivals,0.9375,0.9375,path0_legacy
LEIB,509,490,490,491,arrivals,0.962671905697446,0.9646365422396856,path0_legacy
EDDK,509,488,484,484,arrivals,0.9508840864440079,0.9508840864440079,path0_legacy
LROP,509,496,494,495,arrivals,0.9705304518664047,0.9724950884086444,path0_legacy
LROP,504,495,494,495,departures,0.9801587301587301,0.9821428571428571,path0_legacy
LEIB,495,418,418,418,departures,0.8444444444444444,0.8444444444444444,path0_legacy
EGBB,474,468,467,467,departures,0.9852320675105485,0.9852320675105485,path0_legacy
EGBB,466,433,431,431,arrivals,0.924892703862661,0.924892703862661,path0_legacy
LIML,465,458,453,460,arrivals,0.9741935483870968,0.989247311827957,path0_legacy
LIME,460,454,451,453,arrivals,0.9804347826086957,0.9847826086956522,path0_legacy
LIML,458,451,451,456,departures,0.9847161572052402,0.9956331877729258,path0_legacy
LIME,453,447,446,446,departures,0.9845474613686535,0.9845474613686535,path0_legacy
LIRN,449,4,0,0,departures,0.0,0.0,path0_legacy
LIRN,447,4,0,0,arrivals,0.0,0.0,path0_legacy
LFML,445,442,441,442,arrivals,0.9910112359550561,0.9932584269662922,path0_legacy
LFML,444,440,439,440,departures,0.9887387387387387,0.990990990990991,path0_legacy
EDDS,440,420,415,419,departures,0.9431818181818182,0.9522727272727273,path0_legacy
EDDS,433,414,414,420,arrivals,0.9561200923787528,0.9699769053117783,path0_legacy
LGIR,430,3,0,0,arrivals,0.0,0.0,path0_legacy
LGIR,424,0,0,0,departures,0.0,0.0,path0_legacy
LIPZ,412,407,407,408,departures,0.9878640776699029,0.9902912621359223,path0_legacy
LFLL,412,401,401,401,arrivals,0.9733009708737864,0.9733009708737864,path0_legacy
LFLL,411,406,406,406,departures,0.9878345498783455,0.9878345498783455,path0_legacy
LIPZ,409,390,390,393,arrivals,0.9535452322738386,0.960880195599022,path0_legacy
LPFR,407,403,402,404,arrivals,0.9877149877149877,0.9926289926289926,path0_legacy
LPFR,405,403,400,400,departures,0.9876543209876543,0.9876543209876543,path0_legacy
LYBE,395,374,374,376,arrivals,0.9468354430379747,0.9518987341772152,path0_legacy
LYBE,394,388,387,387,departures,0.9822335025380711,0.9822335025380711,path0_legacy
LICC,391,22,19,19,arrivals,0.04859335038363171,0.04859335038363171,path0_legacy
LICC,390,4,0,0,departures,0.0,0.0,path0_legacy
LTAC,381,2,0,0,departures,0.0,0.0,path0_legacy
LIPE,380,374,374,375,departures,0.9842105263157894,0.9868421052631579,path0_legacy
LIPE,376,373,372,372,arrivals,0.9893617021276596,0.9893617021276596,path0_legacy
LTAC,374,4,0,0,arrivals,0.0,0.0,path0_legacy
LCLK,368,319,316,317,departures,0.8586956521739131,0.8614130434782609,path0_legacy
LCLK,367,356,355,362,arrivals,0.9673024523160763,0.9863760217983651,path0_legacy
GMMN,360,148,147,149,departures,0.4083333333333333,0.41388888888888886,path0_legacy
EPKK,360,351,351,353,departures,0.975,0.9805555555555555,path0_legacy
EGGD,360,343,342,343,arrivals,0.95,0.9527777777777777,path0_legacy
EGGD,359,357,357,357,departures,0.9944289693593314,0.9944289693593314,path0_legacy
LEVC,357,352,352,353,arrivals,0.9859943977591037,0.988795518207283,path0_legacy
GMMN,357,266,266,272,arrivals,0.7450980392156863,0.7619047619047619,path0_legacy
ENBR,357,337,325,335,arrivals,0.9103641456582633,0.938375350140056,path0_legacy
EPKK,356,307,306,307,arrivals,0.8595505617977528,0.8623595505617978,path0_legacy
LEVC,355,318,318,318,departures,0.895774647887324,0.895774647887324,path0_legacy
LFSB,354,349,348,350,departures,0.9830508474576272,0.9887005649717514,path0_legacy
LFSB,352,344,344,345,arrivals,0.9772727272727273,0.9801136363636364,path0_legacy
ENBR,349,342,337,353,departures,0.9656160458452722,1.011461318051576,path0_legacy
LTBJ,346,2,1,1,departures,0.002890173410404624,0.002890173410404624,path0_legacy
LGRP,346,316,315,316,arrivals,0.9104046242774566,0.9132947976878613,path0_legacy
EGPF,346,307,305,308,arrivals,0.8815028901734104,0.8901734104046243,path0_legacy
EGPF,344,324,322,323,departures,0.936046511627907,0.938953488372093,path0_legacy
LTBJ,341,3,0,0,arrivals,0.0,0.0,path0_legacy
LGRP,340,318,318,319,departures,0.9352941176470588,0.9382352941176471,path0_legacy
LMML,326,322,322,325,departures,0.9877300613496932,0.9969325153374233,path0_legacy
LMML,326,320,318,320,arrivals,0.9754601226993865,0.9815950920245399,path0_legacy
LATI,323,2,0,0,arrivals,0.0,0.0,path0_legacy
GCTS,323,0,0,0,arrivals,0.0,0.0,path0_legacy
GCTS,321,2,0,0,departures,0.0,0.0,path0_legacy
GCXO,320,1,0,0,arrivals,0.0,0.0,path0_legacy
GCXO,319,65,65,65,departures,0.20376175548589343,0.20376175548589343,path0_legacy
LATI,316,3,0,0,departures,0.0,0.0,path0_legacy
LICJ,314,120,118,118,arrivals,0.37579617834394907,0.37579617834394907,path0_legacy
LICJ,310,139,139,140,departures,0.4483870967741935,0.45161290322580644,path0_legacy
EBCI,304,304,304,304,departures,1.0,1.0,path0_legacy
EBCI,303,300,299,299,arrivals,0.9867986798679867,0.9867986798679867,path0_legacy
BIKF,297,291,291,292,departures,0.9797979797979798,0.9831649831649831,path0_legacy
BIKF,296,100,99,102,arrivals,0.3344594594594595,0.34459459459459457,path0_legacy
ELLX,294,291,291,291,departures,0.9897959183673469,0.9897959183673469,path0_legacy
ELLX,294,284,284,287,arrivals,0.9659863945578231,0.9761904761904762,path0_legacy
LFBO,293,290,290,290,departures,0.9897610921501706,0.9897610921501706,path0_legacy
LFBO,290,289,287,287,arrivals,0.9896551724137931,0.9896551724137931,path0_legacy
LGTS,281,219,219,222,arrivals,0.7793594306049823,0.7900355871886121,path0_legacy
LTBS,280,5,0,0,arrivals,0.0,0.0,path0_legacy
LGTS,279,116,116,118,departures,0.4157706093189964,0.4229390681003584,path0_legacy
GMMX,279,4,0,0,arrivals,0.0,0.0,path0_legacy
GMMX,278,1,1,1,departures,0.0035971223021582736,0.0035971223021582736,path0_legacy
EVRA,278,228,227,227,arrivals,0.8165467625899281,0.8165467625899281,path0_legacy
LEZL,276,275,274,276,arrivals,0.9927536231884058,1.0,path0_legacy
LEZL,275,274,274,274,departures,0.9963636363636363,0.9963636363636363,path0_legacy
LTBS,273,1,0,0,departures,0.0,0.0,path0_legacy
EVRA,273,270,269,270,departures,0.9853479853479854,0.989010989010989,path0_legacy
LBSF,272,1,0,0,departures,0.0,0.0,path0_legacy
GCRR,269,0,0,0,departures,0.0,0.0,path0_legacy
GCRR,269,0,0,0,arrivals,0.0,0.0,path0_legacy
EGNX,267,264,264,265,departures,0.9887640449438202,0.9925093632958801,path0_legacy
LBSF,267,4,0,0,arrivals,0.0,0.0,path0_legacy
EDDP,261,245,244,245,arrivals,0.9348659003831418,0.9386973180076629,path0_legacy
EPKT,259,241,240,240,departures,0.9266409266409267,0.9266409266409267,path0_legacy
HEGN,258,0,0,0,arrivals,0.0,0.0,path0_legacy
HEGN,257,0,0,0,departures,0.0,0.0,path0_legacy
UGTB,257,1,0,0,departures,0.0,0.0,path0_legacy
LFRS,257,251,248,249,arrivals,0.9649805447470817,0.9688715953307393,path0_legacy
UGTB,257,29,26,27,arrivals,0.10116731517509728,0.10505836575875487,path0_legacy
EPKT,257,237,236,236,arrivals,0.9182879377431906,0.9182879377431906,path0_legacy
LFRS,256,184,184,184,departures,0.71875,0.71875,path0_legacy
EDDP,256,251,251,253,departures,0.98046875,0.98828125,path0_legacy
EGNX,255,240,235,235,arrivals,0.9215686274509803,0.9215686274509803,path0_legacy
LIEO,252,28,25,25,arrivals,0.0992063492063492,0.0992063492063492,path0_legacy
EPGD,248,6,6,6,departures,0.024193548387096774,0.024193548387096774,path0_legacy
LGKR,247,4,0,0,arrivals,0.0,0.0,path0_legacy
EGAA,246,239,205,205,arrivals,0.8333333333333334,0.8333333333333334,path0_legacy
LGKR,244,0,0,0,departures,0.0,0.0,path0_legacy
HECA,244,4,4,4,departures,0.01639344262295082,0.01639344262295082,path0_legacy
EPGD,244,1,0,0,arrivals,0.0,0.0,path0_legacy
EGAA,239,148,148,149,departures,0.6192468619246861,0.6234309623430963,path0_legacy
ENZV,236,71,69,77,departures,0.2923728813559322,0.326271186440678,path0_legacy
ENZV,236,64,61,61,arrivals,0.2584745762711864,0.2584745762711864,path0_legacy
LEBB,235,1,0,0,arrivals,0.0,0.0,path0_legacy
LEBB,234,1,0,0,departures,0.0,0.0,path0_legacy
LTFE,232,179,174,178,arrivals,0.75,0.7672413793103449,path0_legacy
HECA,231,39,2,2,arrivals,0.008658008658008658,0.008658008658008658,path0_legacy
LFPB,230,221,221,238,departures,0.9608695652173913,1.0347826086956522,path0_legacy
LIBD,229,1,0,0,arrivals,0.0,0.0,path0_legacy
LIBD,228,2,0,0,departures,0.0,0.0,path0_legacy
LIEO,228,15,9,9,departures,0.039473684210526314,0.039473684210526314,path0_legacy
LIRP,228,148,145,145,arrivals,0.6359649122807017,0.6359649122807017,path0_legacy
UUWW,227,7,4,4,arrivals,0.01762114537444934,0.01762114537444934,path0_legacy
LEMH,226,191,191,191,arrivals,0.8451327433628318,0.8451327433628318,path0_legacy
LFBD,225,222,222,224,departures,0.9866666666666667,0.9955555555555555,path0_legacy
LFPB,225,218,167,170,arrivals,0.7422222222222222,0.7555555555555555,path0_legacy
LEMH,222,174,174,174,departures,0.7837837837837838,0.7837837837837838,path0_legacy
LTFE,220,6,3,3,departures,0.013636363636363636,0.013636363636363636,path0_legacy
LIRP,220,42,41,41,departures,0.18636363636363637,0.18636363636363637,path0_legacy
ENVA,219,208,208,230,arrivals,0.9497716894977168,1.0502283105022832,path0_legacy
LFBD,219,215,215,217,arrivals,0.9817351598173516,0.9908675799086758,path0_legacy
LUKK,217,2,0,0,departures,0.0,0.0,path0_legacy
ENVA,217,210,199,202,departures,0.9170506912442397,0.9308755760368663,path0_legacy
LUKK,217,3,0,0,arrivals,0.0,0.0,path0_legacy
LDSP,216,3,0,0,departures,0.0,0.0,path0_legacy
ESGG,216,214,214,214,departures,0.9907407407407407,0.9907407407407407,path0_legacy
UUWW,216,1,1,1,departures,0.004629629629629629,0.004629629629629629,path0_legacy
LDZA,215,3,0,0,departures,0.0,0.0,path0_legacy
LDSP,215,5,0,0,arrivals,0.0,0.0,path0_legacy
LDZA,215,207,206,213,arrivals,0.958139534883721,0.9906976744186047,path0_legacy
ESGG,214,208,208,210,arrivals,0.9719626168224299,0.9813084112149533,path0_legacy
UUEE,214,1,1,3,arrivals,0.004672897196261682,0.014018691588785047,path0_legacy
EDDV,213,210,208,209,departures,0.9765258215962441,0.9812206572769953,path0_legacy
GCFV,212,0,0,0,departures,0.0,0.0,path0_legacy
UUEE,212,2,2,2,departures,0.009433962264150943,0.009433962264150943,path0_legacy
EGNT,211,199,199,199,departures,0.943127962085308,0.943127962085308,path0_legacy
GCFV,211,2,0,0,arrivals,0.0,0.0,path0_legacy
EGNT,211,184,184,184,arrivals,0.8720379146919431,0.8720379146919431,path0_legacy
EDDV,209,202,198,199,arrivals,0.9473684210526315,0.9521531100478469,path0_legacy
EGGP,208,204,203,203,departures,0.9759615384615384,0.9759615384615384,path0_legacy
EGGP,206,194,193,194,arrivals,0.9368932038834952,0.941747572815534,path0_legacy
LIRQ,202,1,1,1,departures,0.0049504950495049506,0.0049504950495049506,path0_legacy
EDDN,201,195,194,196,departures,0.9651741293532339,0.9751243781094527,path0_legacy
EDDN,199,192,191,196,arrivals,0.9597989949748744,0.9849246231155779,path0_legacy
LGSA,199,18,16,16,arrivals,0.08040201005025126,0.08040201005025126,path0_legacy
EGLC,198,198,198,198,departures,1.0,1.0,path0_legacy
LIRQ,198,33,31,31,arrivals,0.15656565656565657,0.15656565656565657,path0_legacy
LGSA,196,14,14,14,departures,0.07142857142857142,0.07142857142857142,path0_legacy
LIEE,195,1,0,0,arrivals,0.0,0.0,path0_legacy
EPWR,194,189,189,190,arrivals,0.9742268041237113,0.979381443298969,path0_legacy
EPWR,193,190,190,190,departures,0.9844559585492227,0.9844559585492227,path0_legacy
EGNM,193,173,173,176,arrivals,0.8963730569948186,0.9119170984455959,path0_legacy
UDYZ,192,1,0,0,departures,0.0,0.0,path0_legacy
UDYZ,192,1,0,0,arrivals,0.0,0.0,path0_legacy
LIEE,191,1,0,0,departures,0.0,0.0,path0_legacy
EHEH,191,191,189,189,departures,0.9895287958115183,0.9895287958115183,path0_legacy
EGNM,190,185,184,184,departures,0.968421052631579,0.968421052631579,path0_legacy
EHEH,190,187,186,187,arrivals,0.9789473684210527,0.9842105263157894,path0_legacy
EYVI,189,116,115,118,arrivals,0.6084656084656085,0.6243386243386243,path0_legacy
EGLC,189,189,189,189,arrivals,1.0,1.0,path0_legacy
EYVI,186,175,175,177,departures,0.9408602150537635,0.9516129032258065,path0_legacy
DAAG,186,5,4,4,departures,0.021505376344086023,0.021505376344086023,path0_legacy
DTTA,186,0,0,0,arrivals,0.0,0.0,path0_legacy
DTTA,185,2,0,0,departures,0.0,0.0,path0_legacy
DAAG,184,93,92,93,arrivals,0.5,0.5054347826086957,path0_legacy
LFOB,181,172,172,172,departures,0.9502762430939227,0.9502762430939227,path0_legacy
LFOB,181,177,137,137,arrivals,0.7569060773480663,0.7569060773480663,path0_legacy
LDDU,180,4,0,0,arrivals,0.0,0.0,path0_legacy
LGKO,178,168,168,169,departures,0.9438202247191011,0.949438202247191,path0_legacy
LDDU,177,1,0,0,departures,0.0,0.0,path0_legacy
LGKO,177,166,166,169,arrivals,0.9378531073446328,0.9548022598870056,path0_legacy
EETN,162,142,142,142,arrivals,0.8765432098765432,0.8765432098765432,path0_legacy
EPPO,161,156,156,156,departures,0.968944099378882,0.968944099378882,path0_legacy
HESH,161,0,0,0,arrivals,0.0,0.0,path0_legacy
UMKK,160,1,0,0,departures,0.0,0.0,path0_legacy
EETN,159,149,149,150,departures,0.9371069182389937,0.9433962264150944,path0_legacy
LPMA,159,153,153,153,departures,0.9622641509433962,0.9622641509433962,path0_legacy
HESH,159,0,0,0,departures,0.0,0.0,path0_legacy
UMKK,159,0,0,0,arrivals,0.0,0.0,path0_legacy
LPMA,158,14,14,18,arrivals,0.08860759493670886,0.11392405063291139,path0_legacy
LIMF,157,153,151,152,departures,0.9617834394904459,0.9681528662420382,path0_legacy
LIMF,157,155,153,156,arrivals,0.9745222929936306,0.9936305732484076,path0_legacy
LIRA,156,153,11,11,arrivals,0.07051282051282051,0.07051282051282051,path0_legacy
LIRA,154,152,150,153,departures,0.974025974025974,0.9935064935064936,path0_legacy
EPPO,154,148,148,148,arrivals,0.961038961038961,0.961038961038961,path0_legacy
EKBI,154,150,149,150,arrivals,0.9675324675324676,0.974025974025974,path0_legacy
LPPD,153,42,42,42,departures,0.27450980392156865,0.27450980392156865,path0_legacy
EKBI,152,146,146,147,departures,0.9605263157894737,0.9671052631578947,path0_legacy
LPPD,151,92,91,93,arrivals,0.6026490066225165,0.6158940397350994,path0_legacy
ULLI,148,1,0,0,arrivals,0.0,0.0,path0_legacy
OLBA,144,8,5,5,departures,0.034722222222222224,0.034722222222222224,path0_legacy
LIPX,144,120,119,119,departures,0.8263888888888888,0.8263888888888888,path0_legacy
OLBA,144,17,16,17,arrivals,0.1111111111111111,0.11805555555555555,path0_legacy
ENTC,143,7,0,0,arrivals,0.0,0.0,path0_legacy
ULLI,142,0,0,0,departures,0.0,0.0,path0_legacy
LIPX,142,138,138,143,arrivals,0.971830985915493,1.0070422535211268,path0_legacy
LGSR,139,3,0,0,departures,0.0,0.0,path0_legacy
LGSR,139,2,0,0,arrivals,0.0,0.0,path0_legacy
ENTC,138,5,0,0,departures,0.0,0.0,path0_legacy
LTCG,138,84,84,84,arrivals,0.6086956521739131,0.6086956521739131,path0_legacy
EGPD,137,124,124,124,departures,0.9051094890510949,0.9051094890510949,path0_legacy
EGPD,136,123,123,123,arrivals,0.9044117647058824,0.9044117647058824,path0_legacy
ENBO,134,99,98,127,departures,0.7313432835820896,0.9477611940298507,path0_legacy
EBLG,134,133,132,138,departures,0.9850746268656716,1.0298507462686568,path0_legacy
LTDB,133,3,0,0,departures,0.0,0.0,path0_legacy
LTCG,133,97,97,97,departures,0.7293233082706767,0.7293233082706767,path0_legacy
ENBO,133,115,110,129,arrivals,0.8270676691729323,0.9699248120300752,path0_legacy
LRCL,130,0,0,0,departures,0.0,0.0,path0_legacy
LIBR,130,2,0,0,departures,0.0,0.0,path0_legacy
LRCL,129,0,0,0,arrivals,0.0,0.0,path0_legacy
LTDB,129,3,0,0,arrivals,0.0,0.0,path0_legacy
LGZA,126,126,123,125,departures,0.9761904761904762,0.9920634920634921,path0_legacy
EBLG,126,97,97,102,arrivals,0.7698412698412699,0.8095238095238095,path0_legacy
LGZA,126,119,118,122,arrivals,0.9365079365079365,0.9682539682539683,path0_legacy
LIBR,125,0,0,0,arrivals,0.0,0.0,path0_legacy
EGAC,123,120,120,121,departures,0.975609756097561,0.983739837398374,path0_legacy
EGAC,123,116,116,149,arrivals,0.943089430894309,1.2113821138211383,path0_legacy
BKPR,120,0,0,0,departures,0.0,0.0,path0_legacy
BKPR,120,2,0,0,arrivals,0.0,0.0,path0_legacy
EICK,120,119,119,119,arrivals,0.9916666666666667,0.9916666666666667,path0_legacy
EICK,119,118,118,118,departures,0.9915966386554622,0.9915966386554622,path0_legacy
LDZD,118,10,3,3,arrivals,0.025423728813559324,0.025423728813559324,path0_legacy
OJAI,116,1,0,1,departures,0.0,0.008620689655172414,path0_legacy
OJAI,116,0,0,0,arrivals,0.0,0.0,path0_legacy
LDZD,114,1,0,0,departures,0.0,0.0,path0_legacy
LICA,112,1,0,0,arrivals,0.0,0.0,path0_legacy
EGLF,110,110,109,119,departures,0.990909090909091,1.0818181818181818,path0_legacy
LICA,108,0,0,0,departures,0.0,0.0,path0_legacy
EGJJ,108,106,96,96,arrivals,0.8888888888888888,0.8888888888888888,path0_legacy
EGLF,108,107,104,107,arrivals,0.9629629629629629,0.9907407407407407,path0_legacy
LCPH,107,98,97,97,arrivals,0.9065420560747663,0.9065420560747663,path0_legacy
LWSK,106,0,0,0,departures,0.0,0.0,path0_legacy
OKKK,106,103,103,103,departures,0.9716981132075472,0.9716981132075472,path0_legacy
LEST,106,82,79,79,arrivals,0.7452830188679245,0.7452830188679245,path0_legacy
LCPH,105,23,23,23,departures,0.21904761904761905,0.21904761904761905,path0_legacy
LGMK,105,12,9,9,departures,0.08571428571428572,0.08571428571428572,path0_legacy
LEST,105,15,15,15,departures,0.14285714285714285,0.14285714285714285,path0_legacy
LZIB,105,101,101,101,departures,0.9619047619047619,0.9619047619047619,path0_legacy
LEGE,105,29,27,27,arrivals,0.2571428571428571,0.2571428571428571,path0_legacy
LWSK,105,0,0,0,arrivals,0.0,0.0,path0_legacy
LZIB,105,103,102,102,arrivals,0.9714285714285714,0.9714285714285714,path0_legacy
LEGE,104,79,79,80,departures,0.7596153846153846,0.7692307692307693,path0_legacy
LGMK,104,49,47,50,arrivals,0.4519230769230769,0.4807692307692308,path0_legacy
EDJA,104,102,102,102,arrivals,0.9807692307692307,0.9807692307692307,path0_legacy
EDJA,102,101,101,101,departures,0.9901960784313726,0.9901960784313726,path0_legacy
OKKK,102,41,41,42,arrivals,0.4019607843137255,0.4117647058823529,path0_legacy
EGJJ,101,97,95,101,departures,0.9405940594059405,1.0,path0_legacy
EHRD,100,100,99,101,arrivals,0.99,1.01,path0_legacy
EHRD,99,98,96,101,departures,0.9696969696969697,1.02020202020202,path0_legacy
LBBG,97,82,82,82,arrivals,0.845360824742268,0.845360824742268,path0_legacy
LOWS,96,94,94,97,departures,0.9791666666666666,1.0104166666666667,path0_legacy
LOWS,95,92,90,90,arrivals,0.9473684210526315,0.9473684210526315,path0_legacy
DTTJ,94,1,0,0,arrivals,0.0,0.0,path0_legacy
LJLJ,94,86,85,86,arrivals,0.9042553191489362,0.9148936170212766,path0_legacy
LBBG,93,23,23,23,departures,0.24731182795698925,0.24731182795698925,path0_legacy
LQSA,93,0,0,0,departures,0.0,0.0,path0_legacy
LQSA,93,0,0,0,arrivals,0.0,0.0,path0_legacy
GMAD,92,0,0,0,departures,0.0,0.0,path0_legacy
EGKB,92,91,82,86,departures,0.8913043478260869,0.9347826086956522,path0_legacy
EINN,91,61,60,60,departures,0.6593406593406593,0.6593406593406593,path0_legacy
GMAD,91,0,0,0,arrivals,0.0,0.0,path0_legacy
EGKB,91,90,86,96,arrivals,0.945054945054945,1.054945054945055,path0_legacy
LJLJ,90,60,60,61,departures,0.6666666666666666,0.6777777777777778,path0_legacy
DTTJ,89,0,0,0,departures,0.0,0.0,path0_legacy
UUDD,89,5,5,5,departures,0.056179775280898875,0.056179775280898875,path0_legacy
EDDW,88,87,86,88,departures,0.9772727272727273,1.0,path0_legacy
GMTT,88,88,88,88,departures,1.0,1.0,path0_legacy
EDLW,87,85,85,86,departures,0.9770114942528736,0.9885057471264368,path0_legacy
EDDW,87,87,87,90,arrivals,1.0,1.0344827586206897,path0_legacy
GMTT,87,86,86,87,arrivals,0.9885057471264368,1.0,path0_legacy
EDLW,87,84,84,84,arrivals,0.9655172413793104,0.9655172413793104,path0_legacy
EINN,86,80,80,82,arrivals,0.9302325581395349,0.9534883720930233,path0_legacy
LIMJ,86,86,85,85,arrivals,0.9883720930232558,0.9883720930232558,path0_legacy
EGHI,86,78,78,79,arrivals,0.9069767441860465,0.9186046511627907,path0_legacy
LIPH,85,85,85,85,departures,1.0,1.0,path0_legacy
GCLA,85,0,0,0,departures,0.0,0.0,path0_legacy
LIPH,85,85,84,84,arrivals,0.9882352941176471,0.9882352941176471,path0_legacy
EDSB,85,78,78,78,arrivals,0.9176470588235294,0.9176470588235294,path0_legacy
LFKB,84,5,4,4,departures,0.047619047619047616,0.047619047619047616,path0_legacy
LFKB,84,20,20,20,arrivals,0.23809523809523808,0.23809523809523808,path0_legacy
GCLA,84,0,0,0,arrivals,0.0,0.0,path0_legacy
EGHI,83,74,74,75,departures,0.891566265060241,0.9036144578313253,path0_legacy
EGJB,83,60,55,57,departures,0.6626506024096386,0.6867469879518072,path0_legacy
LYTV,83,2,0,0,arrivals,0.0,0.0,path0_legacy
LYTV,82,1,0,0,departures,0.0,0.0,path0_legacy
EDSB,81,76,76,77,departures,0.9382716049382716,0.9506172839506173,path0_legacy
EGNS,81,73,72,72,arrivals,0.8888888888888888,0.8888888888888888,path0_legacy
DTMB,81,0,0,0,arrivals,0.0,0.0,path0_legacy
EGNS,80,44,44,44,departures,0.55,0.55,path0_legacy
LFKJ,80,78,78,78,arrivals,0.975,0.975,path0_legacy
LIMJ,79,42,41,41,departures,0.5189873417721519,0.5189873417721519,path0_legacy
DTMB,79,1,0,0,departures,0.0,0.0,path0_legacy
LFKJ,78,76,76,76,departures,0.9743589743589743,0.9743589743589743,path0_legacy
EDFH,77,18,17,17,departures,0.22077922077922077,0.22077922077922077,path0_legacy
LYPG,77,0,0,0,departures,0.0,0.0,path0_legacy
LYPG,77,1,0,0,arrivals,0.0,0.0,path0_legacy
EKYT,75,72,72,72,departures,0.96,0.96,path0_legacy
LBWN,75,14,14,14,arrivals,0.18666666666666668,0.18666666666666668,path0_legacy
LFMT,75,54,54,54,arrivals,0.72,0.72,path0_legacy
UUDD,75,0,0,0,arrivals,0.0,0.0,path0_legacy
LFMT,74,69,68,68,departures,0.918918918918919,0.918918918918919,path0_legacy
EDFH,74,71,71,72,arrivals,0.9594594594594594,0.972972972972973,path0_legacy
LTAJ,74,0,0,0,arrivals,0.0,0.0,path0_legacy
EGJB,74,64,58,79,arrivals,0.7837837837837838,1.0675675675675675,path0_legacy
LTAU,73,0,0,0,arrivals,0.0,0.0,path0_legacy
LTAJ,72,0,0,0,departures,0.0,0.0,path0_legacy
LFMD,72,69,67,69,arrivals,0.9305555555555556,0.9583333333333334,path0_legacy
EGHH,72,67,66,68,arrivals,0.9166666666666666,0.9444444444444444,path0_legacy
ENTO,72,55,54,54,arrivals,0.75,0.75,path0_legacy
LBWN,71,2,1,1,departures,0.014084507042253521,0.014084507042253521,path0_legacy
LRIA,71,1,0,0,departures,0.0,0.0,path0_legacy
EGHH,71,69,68,68,departures,0.9577464788732394,0.9577464788732394,path0_legacy
ENTO,71,2,1,2,departures,0.014084507042253521,0.028169014084507043,path0_legacy
EKYT,71,69,69,69,arrivals,0.971830985915493,0.971830985915493,path0_legacy
LTAU,70,0,0,0,departures,0.0,0.0,path0_legacy
LEAS,69,2,2,2,departures,0.028985507246376812,0.028985507246376812,path0_legacy
UGSB,69,49,48,49,arrivals,0.6956521739130435,0.7101449275362319,path0_legacy
EDLV,69,69,69,69,arrivals,1.0,1.0,path0_legacy
EDLV,68,68,68,69,departures,1.0,1.0147058823529411,path0_legacy
LERS,68,44,44,44,arrivals,0.6470588235294118,0.6470588235294118,path0_legacy
LEAS,68,1,0,0,arrivals,0.0,0.0,path0_legacy
LRIA,68,0,0,0,arrivals,0.0,0.0,path0_legacy
UGSB,67,47,47,47,departures,0.7014925373134329,0.7014925373134329,path0_legacy
LERS,67,4,4,4,departures,0.05970149253731343,0.05970149253731343,path0_legacy
URSS,67,0,0,0,arrivals,0.0,0.0,path0_legacy
LFMD,65,60,59,61,departures,0.9076923076923077,0.9384615384615385,path0_legacy
LFKF,65,50,49,49,arrivals,0.7538461538461538,0.7538461538461538,path0_legacy
GMME,64,3,3,3,departures,0.046875,0.046875,path0_legacy
GMME,63,18,18,18,arrivals,0.2857142857142857,0.2857142857142857,path0_legacy
LIEA,62,62,62,62,departures,1.0,1.0,path0_legacy
LGKF,62,59,58,59,departures,0.9354838709677419,0.9516129032258065,path0_legacy
LIEA,62,62,62,62,arrivals,1.0,1.0,path0_legacy
LIPQ,61,58,58,58,departures,0.9508196721311475,0.9508196721311475,path0_legacy
LFKF,61,5,5,5,departures,0.08196721311475409,0.08196721311475409,path0_legacy
EDDG,60,60,60,60,departures,1.0,1.0,path0_legacy
EPRZ,60,57,56,56,departures,0.9333333333333333,0.9333333333333333,path0_legacy
LGKF,60,56,55,56,arrivals,0.9166666666666666,0.9333333333333333,path0_legacy
DTNH,59,0,0,0,departures,0.0,0.0,path0_legacy
LRTR,59,0,0,0,departures,0.0,0.0,path0_legacy
LIPQ,59,59,58,58,arrivals,0.9830508474576272,0.9830508474576272,path0_legacy
LTBA,58,54,53,60,departures,0.9137931034482759,1.0344827586206897,path0_legacy
DTNH,58,0,0,0,arrivals,0.0,0.0,path0_legacy
EPRZ,58,55,54,54,arrivals,0.9310344827586207,0.9310344827586207,path0_legacy
LFBZ,57,54,54,55,arrivals,0.9473684210526315,0.9649122807017544,path0_legacy
LRTR,57,0,0,1,arrivals,0.0,0.017543859649122806,path0_legacy
LFQQ,57,56,56,56,arrivals,0.9824561403508771,0.9824561403508771,path0_legacy
LOWG,56,55,52,53,departures,0.9285714285714286,0.9464285714285714,path0_legacy
LFQQ,56,54,54,54,departures,0.9642857142857143,0.9642857142857143,path0_legacy
LTCC,56,0,0,0,arrivals,0.0,0.0,path0_legacy
EDDG,56,54,54,54,arrivals,0.9642857142857143,0.9642857142857143,path0_legacy
LFBZ,55,1,1,1,departures,0.01818181818181818,0.01818181818181818,path0_legacy
LTCC,55,1,0,0,departures,0.0,0.0,path0_legacy
LDPL,55,47,46,51,arrivals,0.8363636363636363,0.9272727272727272,path0_legacy
LFTH,55,39,36,37,arrivals,0.6545454545454545,0.6727272727272727,path0_legacy
EYKA,54,52,51,51,departures,0.9444444444444444,0.9444444444444444,path0_legacy
LOWG,53,53,53,57,arrivals,1.0,1.0754716981132075,path0_legacy
LKTB,52,50,47,51,departures,0.9038461538461539,0.9807692307692307,path0_legacy
URSS,52,0,0,0,departures,0.0,0.0,path0_legacy
GMFF,52,0,0,0,departures,0.0,0.0,path0_legacy
LTBA,52,47,46,353,arrivals,0.8846153846153846,6.788461538461538,path0_legacy
LKTB,52,51,50,52,arrivals,0.9615384615384616,1.0,path0_legacy
GMFF,52,0,0,0,arrivals,0.0,0.0,path0_legacy
LFTH,51,8,5,6,departures,0.09803921568627451,0.11764705882352941,path0_legacy
EGPE,51,35,35,35,departures,0.6862745098039216,0.6862745098039216,path0_legacy
EHKD,50,44,41,51,departures,0.82,1.02,path0_legacy
LFST,50,48,48,48,arrivals,0.96,0.96,path0_legacy
EYKA,50,13,9,9,arrivals,0.18,0.18,path0_legacy
LDPL,49,17,17,17,departures,0.3469387755102041,0.3469387755102041,path0_legacy
UGKO,49,0,0,0,departures,0.0,0.0,path0_legacy
LFST,49,47,47,47,departures,0.9591836734693877,0.9591836734693877,path0_legacy
DAOO,49,19,17,17,arrivals,0.3469387755102041,0.3469387755102041,path0_legacy
UGKO,49,0,0,0,arrivals,0.0,0.0,path0_legacy
EGFF,49,46,45,46,arrivals,0.9183673469387755,0.9387755102040817,path0_legacy
EGPE,49,45,45,45,arrivals,0.9183673469387755,0.9183673469387755,path0_legacy
DAOO,48,4,4,4,departures,0.08333333333333333,0.08333333333333333,path0_legacy
EGFF,48,47,46,46,departures,0.9583333333333334,0.9583333333333334,path0_legacy
UBBN,48,0,0,0,departures,0.0,0.0,path0_legacy
ENCN,48,23,23,23,departures,0.4791666666666667,0.4791666666666667,path0_legacy
EHKD,48,36,36,43,arrivals,0.75,0.8958333333333334,path0_legacy
ENAL,48,1,1,1,arrivals,0.020833333333333332,0.020833333333333332,path0_legacy
UBBN,48,1,0,0,arrivals,0.0,0.0,path0_legacy
ORBI,48,1,0,0,arrivals,0.0,0.0,path0_legacy
LFRB,47,41,41,41,departures,0.8723404255319149,0.8723404255319149,path0_legacy
ENAL,46,0,0,0,departures,0.0,0.0,path0_legacy
ENKB,46,0,0,0,departures,0.0,0.0,path0_legacy
LGPZ,46,3,0,0,arrivals,0.0,0.0,path0_legacy
LTFH,45,3,3,3,departures,0.06666666666666667,0.06666666666666667,path0_legacy
LGPZ,45,2,0,0,departures,0.0,0.0,path0_legacy
EDDC,45,43,43,43,departures,0.9555555555555556,0.9555555555555556,path0_legacy
LGPA,45,0,0,0,departures,0.0,0.0,path0_legacy
LTFH,45,3,2,2,arrivals,0.044444444444444446,0.044444444444444446,path0_legacy
EDDC,45,45,45,45,arrivals,1.0,1.0,path0_legacy
LIRI,44,7,0,0,departures,0.0,0.0,path0_legacy
GEML,44,40,40,40,departures,0.9090909090909091,0.9090909090909091,path0_legacy
ORER,44,0,0,0,departures,0.0,0.0,path0_legacy
ESSB,44,38,37,38,departures,0.8409090909090909,0.8636363636363636,path0_legacy
BIRK,44,39,39,39,departures,0.8863636363636364,0.8863636363636364,path0_legacy
GEML,44,43,43,43,arrivals,0.9772727272727273,0.9772727272727273,path0_legacy
ORER,44,0,0,0,arrivals,0.0,0.0,path0_legacy
LEJR,44,44,44,45,arrivals,1.0,1.0227272727272727,path0_legacy
BIRK,44,36,34,35,arrivals,0.7727272727272727,0.7954545454545454,path0_legacy
ENKB,44,0,0,0,arrivals,0.0,0.0,path0_legacy
LFRB,44,39,34,34,arrivals,0.7727272727272727,0.7727272727272727,path0_legacy
LKMT,44,38,38,42,arrivals,0.8636363636363636,0.9545454545454546,path0_legacy
LKMT,43,25,21,21,departures,0.4883720930232558,0.4883720930232558,path0_legacy
LIBP,43,43,43,43,arrivals,1.0,1.0,path0_legacy
LOWI,43,28,27,27,arrivals,0.627906976744186,0.627906976744186,path0_legacy
ENCN,43,10,10,10,arrivals,0.23255813953488372,0.23255813953488372,path0_legacy
EPMO,42,42,42,42,departures,1.0,1.0,path0_legacy
ENEV,42,6,0,0,departures,0.0,0.0,path0_legacy
ORBI,42,0,0,0,departures,0.0,0.0,path0_legacy
LIRI,42,4,0,0,arrivals,0.0,0.0,path0_legacy
UMMS,42,2,2,3,arrivals,0.047619047619047616,0.07142857142857142,path0_legacy
ESMS,42,36,36,36,arrivals,0.8571428571428571,0.8571428571428571,path0_legacy
ENEV,42,9,0,0,arrivals,0.0,0.0,path0_legacy
LGSM,42,7,7,10,arrivals,0.16666666666666666,0.23809523809523808,path0_legacy
ESMS,41,38,38,38,departures,0.926829268292683,0.926829268292683,path0_legacy
LIBP,41,41,41,42,departures,1.0,1.024390243902439,path0_legacy
LGSM,41,3,2,5,departures,0.04878048780487805,0.12195121951219512,path0_legacy
LIRZ,41,41,41,45,arrivals,1.0,1.0975609756097562,path0_legacy
UMMS,40,13,13,13,departures,0.325,0.325,path0_legacy
LEJR,40,40,40,40,departures,1.0,1.0,path0_legacy
LEVX,40,0,0,0,arrivals,0.0,0.0,path0_legacy
UWKD,40,0,0,0,arrivals,0.0,0.0,path0_legacy
LICT,40,1,1,1,arrivals,0.025,0.025,path0_legacy
EPMO,40,30,30,30,arrivals,0.75,0.75,path0_legacy
LEAM,40,36,36,37,arrivals,0.9,0.925,path0_legacy
GMMW,40,6,6,6,arrivals,0.15,0.15,path0_legacy
LGPA,40,0,0,0,arrivals,0.0,0.0,path0_legacy
LEVT,39,0,0,0,departures,0.0,0.0,path0_legacy
LICT,39,2,2,2,departures,0.05128205128205128,0.05128205128205128,path0_legacy
LIRZ,39,39,35,35,departures,0.8974358974358975,0.8974358974358975,path0_legacy
LEXJ,39,0,0,0,departures,0.0,0.0,path0_legacy
GMMW,39,19,19,19,departures,0.48717948717948717,0.48717948717948717,path0_legacy
EGPB,39,0,0,0,arrivals,0.0,0.0,path0_legacy
LEVT,39,0,0,0,arrivals,0.0,0.0,path0_legacy
LEZG,39,16,15,15,arrivals,0.38461538461538464,0.38461538461538464,path0_legacy
EDLP,39,35,34,35,arrivals,0.8717948717948718,0.8974358974358975,path0_legacy
EGPB,38,0,0,0,departures,0.0,0.0,path0_legacy
UWKD,38,0,0,0,departures,0.0,0.0,path0_legacy
LEZG,38,14,14,15,departures,0.3684210526315789,0.39473684210526316,path0_legacy
ESPA,38,0,0,0,departures,0.0,0.0,path0_legacy
LEVX,37,1,0,0,departures,0.0,0.0,path0_legacy
LGSK,37,1,1,1,departures,0.02702702702702703,0.02702702702702703,path0_legacy
LOWL,37,36,36,37,departures,0.972972972972973,1.0,path0_legacy
LEAM,37,35,35,35,departures,0.9459459459459459,0.9459459459459459,path0_legacy
LIPY,37,1,0,0,departures,0.0,0.0,path0_legacy
LGSK,37,15,15,15,arrivals,0.40540540540540543,0.40540540540540543,path0_legacy
ESSB,37,32,32,35,arrivals,0.8648648648648649,0.9459459459459459,path0_legacy
LEXJ,37,0,0,0,arrivals,0.0,0.0,path0_legacy
EGTE,36,27,27,27,departures,0.75,0.75,path0_legacy
LECO,36,35,35,35,departures,0.9722222222222222,0.9722222222222222,path0_legacy
EGTE,36,33,33,33,arrivals,0.9166666666666666,0.9166666666666666,path0_legacy
LIPY,36,2,2,2,arrivals,0.05555555555555555,0.05555555555555555,path0_legacy
LTFO,36,7,6,6,arrivals,0.16666666666666666,0.16666666666666666,path0_legacy
EGMC,35,35,35,38,departures,1.0,1.0857142857142856,path0_legacy
EDLP,35,30,30,31,departures,0.8571428571428571,0.8857142857142857,path0_legacy
LZKZ,35,18,18,18,departures,0.5142857142857142,0.5142857142857142,path0_legacy
LTFO,35,0,0,0,departures,0.0,0.0,path0_legacy
LTFG,35,35,34,34,arrivals,0.9714285714285714,0.9714285714285714,path0_legacy
ESPA,35,0,0,0,arrivals,0.0,0.0,path0_legacy
LECO,35,35,35,38,arrivals,1.0,1.0857142857142856,path0_legacy
GMFO,34,1,1,1,departures,0.029411764705882353,0.029411764705882353,path0_legacy
LTFG,34,34,34,34,departures,1.0,1.0,path0_legacy
LEGR,34,0,0,0,departures,0.0,0.0,path0_legacy
LOWL,34,32,31,31,arrivals,0.9117647058823529,0.9117647058823529,path0_legacy
LICR,34,0,0,0,arrivals,0.0,0.0,path0_legacy
GMFO,34,7,7,7,arrivals,0.20588235294117646,0.20588235294117646,path0_legacy
LEGR,34,0,0,0,arrivals,0.0,0.0,path0_legacy
LGMT,34,34,34,34,arrivals,1.0,1.0,path0_legacy
LZKZ,34,25,25,26,arrivals,0.7352941176470589,0.7647058823529411,path0_legacy
LICR,33,0,0,0,departures,0.0,0.0,path0_legacy
LTCI,33,0,0,0,departures,0.0,0.0,path0_legacy
LGMT,33,31,31,32,departures,0.9393939393939394,0.9696969696969697,path0_legacy
LOWI,33,15,14,14,departures,0.42424242424242425,0.42424242424242425,path0_legacy
EGMC,33,33,33,35,arrivals,1.0,1.0606060606060606,path0_legacy
EKAH,33,28,28,28,arrivals,0.8484848484848485,0.8484848484848485,path0_legacy
EGWU,32,32,28,32,departures,0.875,1.0,path0_legacy
LTCB,32,2,2,2,departures,0.0625,0.0625,path0_legacy
EKAH,32,6,6,6,departures,0.1875,0.1875,path0_legacy
LFRN,32,32,32,32,departures,1.0,1.0,path0_legacy
LEMI,32,32,32,32,arrivals,1.0,1.0,path0_legacy
LTCI,32,0,0,0,arrivals,0.0,0.0,path0_legacy
LEMI,31,24,24,24,departures,0.7741935483870968,0.7741935483870968,path0_legacy
EIKN,31,30,30,30,departures,0.967741935483871,0.967741935483871,path0_legacy
ENHD,31,1,0,0,departures,0.0,0.0,path0_legacy
EDMO,31,29,25,25,departures,0.8064516129032258,0.8064516129032258,path0_legacy
LFRN,31,31,31,31,arrivals,1.0,1.0,path0_legacy
LTCE,31,0,0,0,arrivals,0.0,0.0,path0_legacy
EGPK,30,28,28,28,departures,0.9333333333333333,0.9333333333333333,path0_legacy
URMM,30,0,0,0,departures,0.0,0.0,path0_legacy
LGNX,30,1,0,0,departures,0.0,0.0,path0_legacy
LTCB,30,10,10,10,arrivals,0.3333333333333333,0.3333333333333333,path0_legacy
LGNX,30,0,0,0,arrivals,0.0,0.0,path0_legacy
EIKN,30,30,30,30,arrivals,1.0,1.0,path0_legacy
EBAW,29,29,25,25,departures,0.8620689655172413,0.8620689655172413,path0_legacy
LTCE,29,0,0,0,departures,0.0,0.0,path0_legacy
EGPA,29,0,0,0,departures,0.0,0.0,path0_legacy
LTAZ,29,0,0,0,departures,0.0,0.0,path0_legacy
EGPK,29,29,29,31,arrivals,1.0,1.0689655172413792,path0_legacy
URMM,29,0,0,0,arrivals,0.0,0.0,path0_legacy
ENHD,29,1,1,3,arrivals,0.034482758620689655,0.10344827586206896,path0_legacy
LTAZ,29,1,0,0,arrivals,0.0,0.0,path0_legacy
EGHQ,28,27,27,27,departures,0.9642857142857143,0.9642857142857143,path0_legacy
ESNU,28,0,0,0,departures,0.0,0.0,path0_legacy
EGHQ,28,27,27,27,arrivals,0.9642857142857143,0.9642857142857143,path0_legacy
LTCA,27,0,0,0,departures,0.0,0.0,path0_legacy
ENBN,27,0,0,0,departures,0.0,0.0,path0_legacy
LICD,27,0,0,0,departures,0.0,0.0,path0_legacy
LIPB,27,13,11,11,arrivals,0.4074074074074074,0.4074074074074074,path0_legacy
EGWU,27,25,21,22,arrivals,0.7777777777777778,0.8148148148148148,path0_legacy
LTAN,27,0,0,0,arrivals,0.0,0.0,path0_legacy
LTCA,27,0,0,0,arrivals,0.0,0.0,path0_legacy
LICD,27,2,2,2,arrivals,0.07407407407407407,0.07407407407407407,path0_legacy
LFKC,27,27,27,27,arrivals,1.0,1.0,path0_legacy
LTAT,26,0,0,0,departures,0.0,0.0,path0_legacy
LPCS,26,24,23,24,departures,0.8846153846153846,0.9230769230769231,path0_legacy
LIPB,26,0,0,0,departures,0.0,0.0,path0_legacy
LTCS,26,0,0,0,departures,0.0,0.0,path0_legacy
LTAN,26,0,0,0,departures,0.0,0.0,path0_legacy
LRBS,26,26,26,28,departures,1.0,1.0769230769230769,path0_legacy
LFKC,26,26,26,26,departures,1.0,1.0,path0_legacy
LGHI,26,0,0,0,arrivals,0.0,0.0,path0_legacy
LTCS,26,0,0,0,arrivals,0.0,0.0,path0_legacy
ESNU,26,0,0,0,arrivals,0.0,0.0,path0_legacy
ENBN,26,1,0,0,arrivals,0.0,0.0,path0_legacy
EGPA,26,0,0,0,arrivals,0.0,0.0,path0_legacy
LGKL,25,5,4,4,departures,0.16,0.16,path0_legacy
LGHI,25,1,0,0,departures,0.0,0.0,path0_legacy
LGML,25,0,0,0,departures,0.0,0.0,path0_legacy
LFMP,25,4,4,4,departures,0.16,0.16,path0_legacy
EHBK,25,21,19,20,departures,0.76,0.8,path0_legacy
EFOU,25,0,0,0,departures,0.0,0.0,path0_legacy
EGSH,25,25,25,25,departures,1.0,1.0,path0_legacy
LPCS,25,25,23,26,arrivals,0.92,1.04,path0_legacy
LGKL,25,13,13,14,arrivals,0.52,0.56,path0_legacy
EBAW,25,25,24,26,arrivals,0.96,1.04,path0_legacy
EFOU,25,0,0,0,arrivals,0.0,0.0,path0_legacy
EGSH,25,25,25,26,arrivals,1.0,1.04,path0_legacy
LFRK,24,1,0,0,departures,0.0,0.0,path0_legacy
EKVG,24,0,0,0,departures,0.0,0.0,path0_legacy
ENFL,24,0,0,0,departures,0.0,0.0,path0_legacy
ENAT,24,0,0,0,departures,0.0,0.0,path0_legacy
LICG,24,0,0,0,departures,0.0,0.0,path0_legacy
LIPR,24,21,21,23,departures,0.875,0.9583333333333334,path0_legacy
LTAT,24,0,0,0,arrivals,0.0,0.0,path0_legacy
EKVG,24,0,0,0,arrivals,0.0,0.0,path0_legacy
ENFL,24,0,0,0,arrivals,0.0,0.0,path0_legacy
ENAT,24,0,0,0,arrivals,0.0,0.0,path0_legacy
LESO,24,1,0,0,arrivals,0.0,0.0,path0_legacy
LFMP,24,14,14,14,arrivals,0.5833333333333334,0.5833333333333334,path0_legacy
EHBK,24,19,19,20,arrivals,0.7916666666666666,0.8333333333333334,path0_legacy
LIPR,24,23,22,23,arrivals,0.9166666666666666,0.9583333333333334,path0_legacy
EDDR,23,16,16,17,departures,0.6956521739130435,0.7391304347826086,path0_legacy
ESSV,23,0,0,0,departures,0.0,0.0,path0_legacy
ENOV,23,0,0,0,departures,0.0,0.0,path0_legacy
ENKR,23,0,0,0,departures,0.0,0.0,path0_legacy
LESO,23,1,0,0,departures,0.0,0.0,path0_legacy
ENLK,23,4,0,0,departures,0.0,0.0,path0_legacy
LFBT,23,20,20,20,departures,0.8695652173913043,0.8695652173913043,path0_legacy
ENKR,23,0,0,0,arrivals,0.0,0.0,path0_legacy
LICG,23,3,3,3,arrivals,0.13043478260869565,0.13043478260869565,path0_legacy
EGPO,23,3,0,0,arrivals,0.0,0.0,path0_legacy
EDXW,22,20,19,19,departures,0.8636363636363636,0.8636363636363636,path0_legacy
LLER,22,0,0,0,departures,0.0,0.0,path0_legacy
LSGS,22,0,0,0,departures,0.0,0.0,path0_legacy
LRSB,22,1,0,0,departures,0.0,0.0,path0_legacy
LFBP,22,4,4,4,departures,0.18181818181818182,0.18181818181818182,path0_legacy
LGKP,22,0,0,0,departures,0.0,0.0,path0_legacy
EGNV,22,19,19,19,departures,0.8636363636363636,0.8636363636363636,path0_legacy
EGPO,22,0,0,0,departures,0.0,0.0,path0_legacy
EPSC,22,0,0,0,departures,0.0,0.0,path0_legacy
EIKY,22,22,22,22,departures,1.0,1.0,path0_legacy
LRCV,22,1,0,0,departures,0.0,0.0,path0_legacy
GCHI,22,0,0,0,departures,0.0,0.0,path0_legacy
LFRK,22,21,20,20,arrivals,0.9090909090909091,0.9090909090909091,path0_legacy
EDDR,22,16,16,16,arrivals,0.7272727272727273,0.7272727272727273,path0_legacy
ESSV,22,0,0,0,arrivals,0.0,0.0,path0_legacy
EDXW,22,21,20,21,arrivals,0.9090909090909091,0.9545454545454546,path0_legacy
ENOV,22,0,0,0,arrivals,0.0,0.0,path0_legacy
LLER,22,0,0,0,arrivals,0.0,0.0,path0_legacy
LRSB,22,0,0,0,arrivals,0.0,0.0,path0_legacy
LFBP,22,21,19,19,arrivals,0.8636363636363636,0.8636363636363636,path0_legacy
LGKP,22,0,0,0,arrivals,0.0,0.0,path0_legacy
EDMO,22,22,22,28,arrivals,1.0,1.2727272727272727,path0_legacy
EPSC,22,1,0,0,arrivals,0.0,0.0,path0_legacy
ENLK,22,2,0,0,arrivals,0.0,0.0,path0_legacy
GCHI,22,0,0,0,arrivals,0.0,0.0,path0_legacy
LFBT,22,22,22,24,arrivals,1.0,1.0909090909090908,path0_legacy
LDRI,21,0,0,0,departures,0.0,0.0,path0_legacy
ENSG,21,7,0,0,departures,0.0,0.0,path0_legacy
LRSV,21,0,0,0,departures,0.0,0.0,path0_legacy
BIAR,21,0,0,0,departures,0.0,0.0,path0_legacy
LDRI,21,1,0,0,arrivals,0.0,0.0,path0_legacy
ENSG,21,8,0,0,arrivals,0.0,0.0,path0_legacy
LGML,21,0,0,0,arrivals,0.0,0.0,path0_legacy
EGNV,21,19,19,19,arrivals,0.9047619047619048,0.9047619047619048,path0_legacy
LSZB,21,20,20,21,arrivals,0.9523809523809523,1.0,path0_legacy
EIKY,21,21,21,21,arrivals,1.0,1.0,path0_legacy
LFLC,21,19,18,19,arrivals,0.8571428571428571,0.9047619047619048,path0_legacy
LRCV,21,1,0,0,arrivals,0.0,0.0,path0_legacy
LRBS,21,21,20,22,arrivals,0.9523809523809523,1.0476190476190477,path0_legacy
BIAR,21,0,0,0,arrivals,0.0,0.0,path0_legacy
DABC,20,0,0,0,departures,0.0,0.0,path0_legacy
LTCR,20,0,0,0,departures,0.0,0.0,path0_legacy
LSZB,20,18,18,18,departures,0.9,0.9,path0_legacy
GMTN,20,20,19,19,arrivals,0.95,0.95,path0_legacy
LSGS,20,2,0,1,arrivals,0.0,0.05,path0_legacy
LTCR,20,0,0,0,arrivals,0.0,0.0,path0_legacy
LRSV,20,0,0,0,arrivals,0.0,0.0,path0_legacy
EGNJ,20,15,15,15,arrivals,0.75,0.75,path0_legacy
HLLM,20,1,0,0,arrivals,0.0,0.0,path0_legacy
DABC,20,0,0,0,arrivals,0.0,0.0,path0_legacy
LOWK,19,0,0,0,departures,0.0,0.0,path0_legacy
LTCJ,19,0,0,0,departures,0.0,0.0,path0_legacy
GMTN,19,18,18,18,departures,0.9473684210526315,0.9473684210526315,path0_legacy
EFTU,19,1,1,1,departures,0.05263157894736842,0.05263157894736842,path0_legacy
ENVD,19,0,0,0,departures,0.0,0.0,path0_legacy
LRBC,19,0,0,0,departures,0.0,0.0,path0_legacy
EGTK,19,19,19,20,departures,1.0,1.0526315789473684,path0_legacy
ENSK,19,5,0,0,departures,0.0,0.0,path0_legacy
LSZR,19,18,18,21,departures,0.9473684210526315,1.105263157894737,path0_legacy
HLLM,19,1,0,0,departures,0.0,0.0,path0_legacy
LTCJ,19,0,0,0,arrivals,0.0,0.0,path0_legacy
LRBC,19,1,0,0,arrivals,0.0,0.0,path0_legacy
ENSK,19,4,0,0,arrivals,0.0,0.0,path0_legacy
LFTZ,19,18,0,0,arrivals,0.0,0.0,path0_legacy
LSZR,19,19,19,19,arrivals,1.0,1.0,path0_legacy
EYPA,18,16,15,15,departures,0.8333333333333334,0.8333333333333334,path0_legacy
EGJA,18,13,6,6,departures,0.3333333333333333,0.3333333333333333,path0_legacy
EBOS,18,16,16,16,departures,0.8888888888888888,0.8888888888888888,path0_legacy
LFLC,18,0,0,0,departures,0.0,0.0,path0_legacy
LOWK,18,1,0,0,arrivals,0.0,0.0,path0_legacy
LIPO,18,18,14,15,arrivals,0.7777777777777778,0.8333333333333334,path0_legacy
EFTU,18,9,9,9,arrivals,0.5,0.5,path0_legacy
EGJA,18,18,7,12,arrivals,0.3888888888888889,0.6666666666666666,path0_legacy
EFRO,17,0,0,0,departures,0.0,0.0,path0_legacy
LPAZ,17,0,0,0,departures,0.0,0.0,path0_legacy
EPLL,17,0,0,0,departures,0.0,0.0,path0_legacy
EBKT,17,16,16,17,departures,0.9411764705882353,1.0,path0_legacy
LQBK,17,0,0,0,departures,0.0,0.0,path0_legacy
ENML,17,0,0,0,departures,0.0,0.0,path0_legacy
LGAL,17,0,0,0,departures,0.0,0.0,path0_legacy
EFRO,17,0,0,0,arrivals,0.0,0.0,path0_legacy
LQBK,17,0,0,0,arrivals,0.0,0.0,path0_legacy
EYPA,17,4,3,3,arrivals,0.17647058823529413,0.17647058823529413,path0_legacy
EBOS,17,16,16,18,arrivals,0.9411764705882353,1.0588235294117647,path0_legacy
LFLY,16,15,15,15,departures,0.9375,0.9375,path0_legacy
EKRN,16,0,0,0,departures,0.0,0.0,path0_legacy
LYNI,16,0,0,0,departures,0.0,0.0,path0_legacy
LFBL,16,0,0,0,departures,0.0,0.0,path0_legacy
EPBY,16,15,15,15,departures,0.9375,0.9375,path0_legacy
LTCF,16,0,0,0,departures,0.0,0.0,path0_legacy
EGNJ,16,12,12,12,departures,0.75,0.75,path0_legacy
EDDE,16,16,16,16,departures,1.0,1.0,path0_legacy
LXGB,16,15,15,15,departures,0.9375,0.9375,path0_legacy
LEPP,16,0,0,0,departures,0.0,0.0,path0_legacy
EPLB,16,7,7,7,departures,0.4375,0.4375,path0_legacy
LFBE,16,10,9,9,departures,0.5625,0.5625,path0_legacy
EKEB,16,13,13,13,departures,0.8125,0.8125,path0_legacy
LECH,16,6,5,5,departures,0.3125,0.3125,path0_legacy
LFLY,16,16,15,18,arrivals,0.9375,1.125,path0_legacy
LYNI,16,0,0,0,arrivals,0.0,0.0,path0_legacy
LFBL,16,0,0,0,arrivals,0.0,0.0,path0_legacy
EPLL,16,15,15,15,arrivals,0.9375,0.9375,path0_legacy
LTCF,16,0,0,0,arrivals,0.0,0.0,path0_legacy
LFMK,16,5,5,5,arrivals,0.3125,0.3125,path0_legacy
ENSH,16,1,0,0,arrivals,0.0,0.0,path0_legacy
EGTK,16,16,15,15,arrivals,0.9375,0.9375,path0_legacy
LGAL,16,15,15,15,arrivals,0.9375,0.9375,path0_legacy
EDVE,16,16,14,14,arrivals,0.875,0.875,path0_legacy
LXGB,16,15,15,15,arrivals,0.9375,0.9375,path0_legacy
EPLB,16,15,15,16,arrivals,0.9375,1.0,path0_legacy
LFBE,16,10,10,10,arrivals,0.625,0.625,path0_legacy
UWGG,15,0,0,0,departures,0.0,0.0,path0_legacy
HESX,15,0,0,0,departures,0.0,0.0,path0_legacy
LTCK,15,0,0,0,departures,0.0,0.0,path0_legacy
EDNY,15,13,12,12,departures,0.8,0.8,path0_legacy
LFMK,15,0,0,0,departures,0.0,0.0,path0_legacy
ENRA,15,0,0,0,departures,0.0,0.0,path0_legacy
EGAE,15,1,1,1,departures,0.06666666666666667,0.06666666666666667,path0_legacy
LFRM,15,15,14,16,arrivals,0.9333333333333333,1.0666666666666667,path0_legacy
EKRN,15,0,0,0,arrivals,0.0,0.0,path0_legacy
HESX,15,1,1,1,arrivals,0.06666666666666667,0.06666666666666667,path0_legacy
ENVD,15,0,0,0,arrivals,0.0,0.0,path0_legacy
LTCK,15,0,0,0,arrivals,0.0,0.0,path0_legacy
EPBY,15,7,7,7,arrivals,0.4666666666666667,0.4666666666666667,path0_legacy
EDNY,15,12,12,13,arrivals,0.8,0.8666666666666667,path0_legacy
ENML,15,0,0,0,arrivals,0.0,0.0,path0_legacy
LLHA,15,13,13,13,arrivals,0.8666666666666667,0.8666666666666667,path0_legacy
EDDE,15,15,15,15,arrivals,1.0,1.0,path0_legacy
LFSD,15,15,14,14,arrivals,0.9333333333333333,0.9333333333333333,path0_legacy
LGLM,15,2,0,0,arrivals,0.0,0.0,path0_legacy
EKEB,15,12,12,12,arrivals,0.8,0.8,path0_legacy
LECH,15,13,13,14,arrivals,0.8666666666666667,0.9333333333333333,path0_legacy
LTAY,14,0,0,0,departures,0.0,0.0,path0_legacy
ETSI,14,13,13,13,departures,0.9285714285714286,0.9285714285714286,path0_legacy
LLHA,14,13,13,13,departures,0.9285714285714286,0.9285714285714286,path0_legacy
LROD,14,0,0,0,departures,0.0,0.0,path0_legacy
ENSH,14,1,0,0,departures,0.0,0.0,path0_legacy
LTAR,14,0,0,0,departures,0.0,0.0,path0_legacy
EFKU,14,14,14,14,departures,1.0,1.0,path0_legacy
EDVE,14,14,14,14,departures,1.0,1.0,path0_legacy
LGLM,14,1,0,0,departures,0.0,0.0,path0_legacy
LFBH,14,2,2,2,arrivals,0.14285714285714285,0.14285714285714285,path0_legacy
LPAZ,14,10,10,12,arrivals,0.7142857142857143,0.8571428571428571,path0_legacy
LROD,14,0,0,0,arrivals,0.0,0.0,path0_legacy
ENRA,14,1,0,0,arrivals,0.0,0.0,path0_legacy
EGAE,14,1,1,1,arrivals,0.07142857142857142,0.07142857142857142,path0_legacy
LTAR,14,0,0,0,arrivals,0.0,0.0,path0_legacy
LEPP,14,0,0,0,arrivals,0.0,0.0,path0_legacy
LFRM,13,13,13,14,departures,1.0,1.0769230769230769,path0_legacy
LFBH,13,13,13,13,departures,1.0,1.0,path0_legacy
LTDA,13,0,0,0,departures,0.0,0.0,path0_legacy
LGKV,13,13,13,13,departures,1.0,1.0,path0_legacy
LPPS,13,0,0,0,departures,0.0,0.0,path0_legacy
LFRZ,13,10,10,10,departures,0.7692307692307693,0.7692307692307693,path0_legacy
LTCT,13,0,0,0,departures,0.0,0.0,path0_legacy
LIBC,13,0,0,0,departures,0.0,0.0,path0_legacy
EDMA,13,13,13,13,departures,1.0,1.0,path0_legacy
EFVA,13,0,0,0,departures,0.0,0.0,path0_legacy
UWGG,13,0,0,0,arrivals,0.0,0.0,path0_legacy
LTAY,13,0,0,0,arrivals,0.0,0.0,path0_legacy
LGKV,13,13,13,13,arrivals,1.0,1.0,path0_legacy
LPPS,13,6,2,2,arrivals,0.15384615384615385,0.15384615384615385,path0_legacy
LFRZ,13,13,11,13,arrivals,0.8461538461538461,1.0,path0_legacy
EFKU,13,13,13,13,arrivals,1.0,1.0,path0_legacy
LTCT,13,0,0,0,arrivals,0.0,0.0,path0_legacy
LBPD,13,0,0,0,arrivals,0.0,0.0,path0_legacy
ESNS,12,0,0,0,departures,0.0,0.0,path0_legacy
LTFD,12,5,5,5,departures,0.4166666666666667,0.4166666666666667,path0_legacy
EDFM,12,11,11,18,departures,0.9166666666666666,1.5,path0_legacy
ENST,12,0,0,0,departures,0.0,0.0,path0_legacy
LFMU,12,0,0,0,departures,0.0,0.0,path0_legacy
ENBL,12,0,0,0,departures,0.0,0.0,path0_legacy
EKRK,12,11,11,11,departures,0.9166666666666666,0.9166666666666666,path0_legacy
GCGM,12,0,0,0,departures,0.0,0.0,path0_legacy
ENSD,12,1,0,0,departures,0.0,0.0,path0_legacy
LTCP,12,0,0,0,departures,0.0,0.0,path0_legacy
LIRS,12,1,0,0,departures,0.0,0.0,path0_legacy
LFTZ,12,11,0,0,departures,0.0,0.0,path0_legacy
LTCN,12,0,0,0,departures,0.0,0.0,path0_legacy
LFTW,12,11,11,11,departures,0.9166666666666666,0.9166666666666666,path0_legacy
HLLB,12,0,0,0,departures,0.0,0.0,path0_legacy
LGIO,12,10,10,10,arrivals,0.8333333333333334,0.8333333333333334,path0_legacy
LTCD,12,0,0,0,arrivals,0.0,0.0,path0_legacy
LTFD,12,12,12,13,arrivals,1.0,1.0833333333333333,path0_legacy
LIBF,12,0,0,0,arrivals,0.0,0.0,path0_legacy
ETSI,12,11,10,10,arrivals,0.8333333333333334,0.8333333333333334,path0_legacy
EKSB,12,12,12,12,arrivals,1.0,1.0,path0_legacy
LGRX,12,1,0,0,arrivals,0.0,0.0,path0_legacy
LFMU,12,1,1,1,arrivals,0.08333333333333333,0.08333333333333333,path0_legacy
GCGM,12,0,0,0,arrivals,0.0,0.0,path0_legacy
LTCN,12,0,0,0,arrivals,0.0,0.0,path0_legacy
HLLB,12,1,1,1,arrivals,0.08333333333333333,0.08333333333333333,path0_legacy
LIBC,12,0,0,0,arrivals,0.0,0.0,path0_legacy
EFVA,12,0,0,0,arrivals,0.0,0.0,path0_legacy
LRBV,11,10,10,10,departures,0.9090909090909091,0.9090909090909091,path0_legacy
LTCD,11,0,0,0,departures,0.0,0.0,path0_legacy
EGPN,11,11,11,12,departures,1.0,1.0909090909090908,path0_legacy
LTCV,11,0,0,0,departures,0.0,0.0,path0_legacy
LIPO,11,11,11,13,departures,1.0,1.1818181818181819,path0_legacy
LGRX,11,0,0,0,departures,0.0,0.0,path0_legacy
ENAN,11,4,0,0,departures,0.0,0.0,path0_legacy
GMML,11,0,0,0,departures,0.0,0.0,path0_legacy
LFSD,11,10,10,11,departures,0.9090909090909091,1.0,path0_legacy
LFMV,11,11,11,11,arrivals,1.0,1.0,path0_legacy
EGPN,11,10,1,1,arrivals,0.09090909090909091,0.09090909090909091,path0_legacy
LTCV,11,0,0,0,arrivals,0.0,0.0,path0_legacy
ESNS,11,1,1,1,arrivals,0.09090909090909091,0.09090909090909091,path0_legacy
LTDA,11,1,0,0,arrivals,0.0,0.0,path0_legacy
EDFM,11,10,10,14,arrivals,0.9090909090909091,1.2727272727272727,path0_legacy
ENST,11,2,0,0,arrivals,0.0,0.0,path0_legacy
LICB,11,11,10,11,arrivals,0.9090909090909091,1.0,path0_legacy
ENBL,11,0,0,0,arrivals,0.0,0.0,path0_legacy
GMML,11,0,0,0,arrivals,0.0,0.0,path0_legacy
ENSD,11,3,0,0,arrivals,0.0,0.0,path0_legacy
LTCP,11,0,0,0,arrivals,0.0,0.0,path0_legacy
LIRS,11,1,1,1,arrivals,0.09090909090909091,0.09090909090909091,path0_legacy
LFTW,11,11,11,11,arrivals,1.0,1.0,path0_legacy
EDMA,11,11,11,11,arrivals,1.0,1.0,path0_legacy
LGIO,10,8,8,8,departures,0.8,0.8,path0_legacy
LFMV,10,9,8,12,departures,0.8,1.2,path0_legacy
EKSB,10,10,10,10,departures,1.0,1.0,path0_legacy
ESNZ,10,8,8,8,departures,0.8,0.8,path0_legacy
LQMO,10,0,0,0,departures,0.0,0.0,path0_legacy
LGIK,10,3,0,0,departures,0.0,0.0,path0_legacy
LIMP,10,0,0,1,departures,0.0,0.1,path0_legacy
EHGG,10,10,10,10,departures,1.0,1.0,path0_legacy
LIPK,10,7,7,7,departures,0.7,0.7,path0_legacy
DAAE,10,0,0,0,departures,0.0,0.0,path0_legacy
LFCR,10,8,8,8,arrivals,0.8,0.8,path0_legacy
EKOD,10,10,10,10,arrivals,1.0,1.0,path0_legacy
EHGG,10,10,10,11,arrivals,1.0,1.1,path0_legacy
LDSB,10,1,0,0,arrivals,0.0,0.0,path0_legacy
LIPK,10,8,7,7,arrivals,0.7,0.7,path0_legacy
DAAE,10,2,2,2,arrivals,0.2,0.2,path0_legacy
LICB,9,9,9,9,departures,1.0,1.0,path0_legacy
EDTY,9,5,4,4,departures,0.4444444444444444,0.4444444444444444,path0_legacy
LFCR,9,1,1,1,departures,0.1111111111111111,0.1111111111111111,path0_legacy
LKPD,9,9,9,13,departures,1.0,1.4444444444444444,path0_legacy
GMMI,9,0,0,0,departures,0.0,0.0,path0_legacy
ESTA,9,0,0,0,departures,0.0,0.0,path0_legacy
ESKN,9,4,4,4,departures,0.4444444444444444,0.4444444444444444,path0_legacy
LBPD,9,0,0,0,departures,0.0,0.0,path0_legacy
GMFK,9,0,0,0,departures,0.0,0.0,path0_legacy
LTCO,9,0,0,0,departures,0.0,0.0,path0_legacy
ENMS,9,0,0,0,departures,0.0,0.0,path0_legacy
LDSB,9,0,0,0,departures,0.0,0.0,path0_legacy
LTBR,9,1,0,1,departures,0.0,0.1111111111111111,path0_legacy
ENNA,9,0,0,0,departures,0.0,0.0,path0_legacy
UUBW,9,0,0,0,arrivals,0.0,0.0,path0_legacy
LRBV,9,9,9,9,arrivals,1.0,1.0,path0_legacy
ESNZ,9,7,7,7,arrivals,0.7777777777777778,0.7777777777777778,path0_legacy
EKRK,9,9,9,9,arrivals,1.0,1.0,path0_legacy
DAON,9,0,0,0,arrivals,0.0,0.0,path0_legacy
LQMO,9,0,0,0,arrivals,0.0,0.0,path0_legacy
GMMI,9,0,0,0,arrivals,0.0,0.0,path0_legacy
LGIK,9,3,0,0,arrivals,0.0,0.0,path0_legacy
ENAN,9,4,0,0,arrivals,0.0,0.0,path0_legacy
URML,9,0,0,0,arrivals,0.0,0.0,path0_legacy
ESKN,9,7,6,6,arrivals,0.6666666666666666,0.6666666666666666,path0_legacy
EGNR,9,8,8,9,arrivals,0.8888888888888888,1.0,path0_legacy
GMFK,9,0,0,0,arrivals,0.0,0.0,path0_legacy
LTCO,9,1,0,0,arrivals,0.0,0.0,path0_legacy
ENMS,9,1,0,0,arrivals,0.0,0.0,path0_legacy
LTBR,9,7,7,9,arrivals,0.7777777777777778,1.0,path0_legacy
EPSY,8,0,0,0,departures,0.0,0.0,path0_legacy
LSMP,8,3,1,4,departures,0.125,0.5,path0_legacy
LQTZ,8,0,0,0,departures,0.0,0.0,path0_legacy
LFSL,8,0,0,0,departures,0.0,0.0,path0_legacy
LDOS,8,0,0,0,departures,0.0,0.0,path0_legacy
EGPI,8,0,0,0,departures,0.0,0.0,path0_legacy
ESMX,8,0,0,0,departures,0.0,0.0,path0_legacy
EFMA,8,1,1,1,departures,0.125,0.125,path0_legacy
LFRG,8,7,7,7,departures,0.875,0.875,path0_legacy
EGPR,8,0,0,0,departures,0.0,0.0,path0_legacy
BIEG,8,0,0,0,departures,0.0,0.0,path0_legacy
DAON,8,0,0,0,departures,0.0,0.0,path0_legacy
EDHI,8,8,8,8,departures,1.0,1.0,path0_legacy
EDLN,8,8,6,7,departures,0.75,0.875,path0_legacy
EFTP,8,6,5,5,departures,0.625,0.625,path0_legacy
ENJS,8,0,0,0,departures,0.0,0.0,path0_legacy
LFOT,8,0,0,0,departures,0.0,0.0,path0_legacy
UBBG,8,0,0,0,departures,0.0,0.0,path0_legacy
LGST,8,0,0,0,departures,0.0,0.0,path0_legacy
LEBZ,8,0,0,0,departures,0.0,0.0,path0_legacy
LFLB,8,6,5,5,arrivals,0.625,0.625,path0_legacy
LSMP,8,8,7,10,arrivals,0.875,1.25,path0_legacy
LQTZ,8,1,1,1,arrivals,0.125,0.125,path0_legacy
LFSL,8,0,0,0,arrivals,0.0,0.0,path0_legacy
LDOS,8,3,3,3,arrivals,0.375,0.375,path0_legacy
EGPI,8,0,0,0,arrivals,0.0,0.0,path0_legacy
ESMX,8,1,1,1,arrivals,0.125,0.125,path0_legacy
EBKT,8,8,8,8,arrivals,1.0,1.0,path0_legacy
EFMA,8,0,0,0,arrivals,0.0,0.0,path0_legacy
BIEG,8,0,0,0,arrivals,0.0,0.0,path0_legacy
LKPD,8,8,8,12,arrivals,1.0,1.5,path0_legacy
ESTA,8,1,1,1,arrivals,0.125,0.125,path0_legacy
LFOT,8,4,4,6,arrivals,0.5,0.75,path0_legacy
LGST,8,0,0,0,arrivals,0.0,0.0,path0_legacy
ENNA,8,0,0,0,arrivals,0.0,0.0,path0_legacy
EDRY,7,7,0,0,departures,0.0,0.0,path0_legacy
ENNM,7,2,0,0,departures,0.0,0.0,path0_legacy
ESNQ,7,0,0,0,departures,0.0,0.0,path0_legacy
LIBF,7,0,0,0,departures,0.0,0.0,path0_legacy
LHDC,7,0,0,0,departures,0.0,0.0,path0_legacy
EIDL,7,0,0,0,departures,0.0,0.0,path0_legacy
LTCW,7,0,0,0,departures,0.0,0.0,path0_legacy
BIIS,7,0,0,0,departures,0.0,0.0,path0_legacy
EDTL,7,7,7,7,departures,1.0,1.0,path0_legacy
EKOD,7,7,7,7,departures,1.0,1.0,path0_legacy
OITT,7,0,0,0,departures,0.0,0.0,path0_legacy
ESSL,7,6,6,6,departures,0.8571428571428571,0.8571428571428571,path0_legacy
EGPL,7,0,0,0,departures,0.0,0.0,path0_legacy
UUBW,7,0,0,0,departures,0.0,0.0,path0_legacy
HEBA,7,1,1,1,departures,0.14285714285714285,0.14285714285714285,path0_legacy
ESNQ,7,0,0,0,arrivals,0.0,0.0,path0_legacy
EIDL,7,3,3,3,arrivals,0.42857142857142855,0.42857142857142855,path0_legacy
LTCW,7,0,0,0,arrivals,0.0,0.0,path0_legacy
EGPR,7,0,0,0,arrivals,0.0,0.0,path0_legacy
BIIS,7,0,0,0,arrivals,0.0,0.0,path0_legacy
DABB,7,1,0,0,arrivals,0.0,0.0,path0_legacy
EDHI,7,7,7,7,arrivals,1.0,1.0,path0_legacy
EDTL,7,7,7,8,arrivals,1.0,1.1428571428571428,path0_legacy
OITT,7,0,0,0,arrivals,0.0,0.0,path0_legacy
ENJS,7,0,0,0,arrivals,0.0,0.0,path0_legacy
EGPL,7,0,0,0,arrivals,0.0,0.0,path0_legacy
LEBZ,7,1,1,1,arrivals,0.14285714285714285,0.14285714285714285,path0_legacy
EDTY,7,7,6,6,arrivals,0.8571428571428571,0.8571428571428571,path0_legacy
LIMP,7,5,5,5,arrivals,0.7142857142857143,0.7142857142857143,path0_legacy
EDVK,6,4,3,3,departures,0.5,0.5,path0_legacy
EHJA,6,0,0,0,departures,0.0,0.0,path0_legacy
HEAL,6,1,1,1,departures,0.16666666666666666,0.16666666666666666,path0_legacy
EGPU,6,0,0,0,departures,0.0,0.0,path0_legacy
HEMM,6,0,0,0,departures,0.0,0.0,path0_legacy
ESNK,6,0,0,0,departures,0.0,0.0,path0_legacy
EDHL,6,6,6,6,departures,1.0,1.0,path0_legacy
ENDU,6,0,0,0,departures,0.0,0.0,path0_legacy
EFKE,6,0,0,0,departures,0.0,0.0,path0_legacy
ESOE,6,0,0,0,departures,0.0,0.0,path0_legacy
ENSO,6,2,2,11,departures,0.3333333333333333,1.8333333333333333,path0_legacy
EFJO,6,0,0,0,departures,0.0,0.0,path0_legacy
LPPM,6,6,6,10,departures,1.0,1.6666666666666667,path0_legacy
URML,6,0,0,0,departures,0.0,0.0,path0_legacy
ENRM,6,0,0,0,departures,0.0,0.0,path0_legacy
LTCU,6,0,0,0,departures,0.0,0.0,path0_legacy
EGNR,6,6,6,6,departures,1.0,1.0,path0_legacy
LPVZ,6,1,0,0,departures,0.0,0.0,path0_legacy
ESKM,6,3,0,0,departures,0.0,0.0,path0_legacy
ESNL,6,0,0,0,departures,0.0,0.0,path0_legacy
EFIV,6,2,0,0,departures,0.0,0.0,path0_legacy
DABB,6,0,0,0,departures,0.0,0.0,path0_legacy
EDVK,6,4,4,5,arrivals,0.6666666666666666,0.8333333333333334,path0_legacy
HEAL,6,2,2,2,arrivals,0.3333333333333333,0.3333333333333333,path0_legacy
EDRY,6,6,0,0,arrivals,0.0,0.0,path0_legacy
EGPU,6,0,0,0,arrivals,0.0,0.0,path0_legacy
ENNM,6,2,0,0,arrivals,0.0,0.0,path0_legacy
ESNK,6,0,0,1,arrivals,0.0,0.16666666666666666,path0_legacy
EDHL,6,6,6,6,arrivals,1.0,1.0,path0_legacy
LHDC,6,0,0,0,arrivals,0.0,0.0,path0_legacy
ESOE,6,5,5,6,arrivals,0.8333333333333334,1.0,path0_legacy
ENSO,6,4,4,4,arrivals,0.6666666666666666,0.6666666666666666,path0_legacy
EFJO,6,0,0,0,arrivals,0.0,0.0,path0_legacy
LFLI,6,6,5,5,arrivals,0.8333333333333334,0.8333333333333334,path0_legacy
LFEC,6,0,0,0,arrivals,0.0,0.0,path0_legacy
LWOH,6,0,0,0,arrivals,0.0,0.0,path0_legacy
HEBA,6,5,5,5,arrivals,0.8333333333333334,0.8333333333333334,path0_legacy
LIMZ,6,6,6,6,arrivals,1.0,1.0,path0_legacy
ENRM,6,0,0,0,arrivals,0.0,0.0,path0_legacy
EFTP,6,5,5,5,arrivals,0.8333333333333334,0.8333333333333334,path0_legacy
ENLE,6,0,0,0,arrivals,0.0,0.0,path0_legacy
LTCU,6,0,0,0,arrivals,0.0,0.0,path0_legacy
ESSL,6,6,6,7,arrivals,1.0,1.1666666666666667,path0_legacy
LGLE,6,1,0,0,arrivals,0.0,0.0,path0_legacy
EFIV,6,2,0,0,arrivals,0.0,0.0,path0_legacy
ESKM,6,3,0,0,arrivals,0.0,0.0,path0_legacy
ESNL,6,0,0,0,arrivals,0.0,0.0,path0_legacy
ESNX,5,0,0,0,departures,0.0,0.0,path0_legacy
LFLB,5,1,0,0,departures,0.0,0.0,path0_legacy
EFKI,5,0,0,0,departures,0.0,0.0,path0_legacy
ORMM,5,0,0,0,departures,0.0,0.0,path0_legacy
EEKE,5,0,0,0,departures,0.0,0.0,path0_legacy
LTCM,5,0,0,0,departures,0.0,0.0,path0_legacy
LTCL,5,0,0,0,departures,0.0,0.0,path0_legacy
LFEC,5,0,0,0,departures,0.0,0.0,path0_legacy
LGKY,5,1,0,0,departures,0.0,0.0,path0_legacy
ENHE,5,0,0,0,departures,0.0,0.0,path0_legacy
ESNG,5,0,0,0,departures,0.0,0.0,path0_legacy
LTAW,5,0,0,0,departures,0.0,0.0,path0_legacy
ENFB,5,1,0,0,departures,0.0,0.0,path0_legacy
LGKC,5,0,0,0,departures,0.0,0.0,path0_legacy
ENLE,5,2,0,0,departures,0.0,0.0,path0_legacy
EFJY,5,0,0,0,departures,0.0,0.0,path0_legacy
EETU,5,1,1,1,departures,0.2,0.2,path0_legacy
LFJL,5,4,4,4,departures,0.8,0.8,path0_legacy
EFKK,5,5,5,5,departures,1.0,1.0,path0_legacy
LRTM,5,0,0,0,departures,0.0,0.0,path0_legacy
EDAH,5,1,1,1,departures,0.2,0.2,path0_legacy
LGLE,5,0,0,0,departures,0.0,0.0,path0_legacy
EGEC,5,0,0,0,departures,0.0,0.0,path0_legacy
ESGT,5,0,0,0,departures,0.0,0.0,path0_legacy
ENRS,5,3,0,0,departures,0.0,0.0,path0_legacy
DAAS,5,0,0,0,departures,0.0,0.0,path0_legacy
ESDF,5,5,5,5,departures,1.0,1.0,path0_legacy
EEKA,5,0,0,0,departures,0.0,0.0,path0_legacy
LFLI,5,1,1,1,departures,0.2,0.2,path0_legacy
LWOH,5,0,0,0,departures,0.0,0.0,path0_legacy
LIMZ,5,3,3,3,departures,0.6,0.6,path0_legacy
GMMZ,5,0,0,0,departures,0.0,0.0,path0_legacy
EPSY,5,2,2,2,arrivals,0.4,0.4,path0_legacy
LSZS,5,0,0,0,arrivals,0.0,0.0,path0_legacy
URMG,5,0,0,0,arrivals,0.0,0.0,path0_legacy
EFKI,5,0,0,0,arrivals,0.0,0.0,path0_legacy
HEMM,5,0,0,0,arrivals,0.0,0.0,path0_legacy
ORMM,5,3,3,3,arrivals,0.6,0.6,path0_legacy
ENDU,5,0,0,0,arrivals,0.0,0.0,path0_legacy
EEKE,5,0,0,0,arrivals,0.0,0.0,path0_legacy
DAAS,5,0,0,0,arrivals,0.0,0.0,path0_legacy
LTCM,5,0,0,0,arrivals,0.0,0.0,path0_legacy
LTCL,5,0,0,0,arrivals,0.0,0.0,path0_legacy
LFRG,5,5,5,5,arrivals,1.0,1.0,path0_legacy
EEKA,5,0,0,0,arrivals,0.0,0.0,path0_legacy
ENHE,5,0,0,0,arrivals,0.0,0.0,path0_legacy
LPPM,5,5,3,4,arrivals,0.6,0.8,path0_legacy
ESNG,5,0,0,0,arrivals,0.0,0.0,path0_legacy
LTAW,5,0,0,0,arrivals,0.0,0.0,path0_legacy
EGVN,5,4,4,4,arrivals,0.8,0.8,path0_legacy
GMMZ,5,0,0,0,arrivals,0.0,0.0,path0_legacy
LESA,5,1,0,0,arrivals,0.0,0.0,path0_legacy
UBBG,5,0,0,0,arrivals,0.0,0.0,path0_legacy
LFJL,5,5,5,5,arrivals,1.0,1.0,path0_legacy
LPVZ,5,2,0,0,arrivals,0.0,0.0,path0_legacy
LRTM,5,0,0,0,arrivals,0.0,0.0,path0_legacy
EDAH,5,3,3,3,arrivals,0.6,0.6,path0_legacy
EGEC,5,0,0,0,arrivals,0.0,0.0,path0_legacy
ENRS,5,0,0,0,arrivals,0.0,0.0,path0_legacy
EKDF,5,0,0,0,arrivals,0.0,0.0,path0_legacy
LGKC,5,0,0,0,arrivals,0.0,0.0,path0_legacy
ENOA,5,0,0,0,arrivals,0.0,0.0,path0_legacy
LGSO,4,0,0,0,departures,0.0,0.0,path0_legacy
LFPN,4,4,4,4,departures,1.0,1.0,path0_legacy
LFOZ,4,0,0,0,departures,0.0,0.0,path0_legacy
UWSG,4,0,0,0,departures,0.0,0.0,path0_legacy
EPRA,4,0,0,0,departures,0.0,0.0,path0_legacy
LZTT,4,0,0,0,departures,0.0,0.0,path0_legacy
ENRO,4,0,0,0,departures,0.0,0.0,path0_legacy
EDQG,4,4,0,0,departures,0.0,0.0,path0_legacy
ESNV,4,0,0,0,departures,0.0,0.0,path0_legacy
LECU,4,3,3,3,departures,0.75,0.75,path0_legacy
ESOH,4,2,0,0,departures,0.0,0.0,path0_legacy
ESMT,4,0,0,0,departures,0.0,0.0,path0_legacy
URWW,4,0,0,0,departures,0.0,0.0,path0_legacy
ENSR,4,0,0,0,departures,0.0,0.0,path0_legacy
ENGC,4,0,0,0,departures,0.0,0.0,path0_legacy
ESOK,4,0,0,0,departures,0.0,0.0,path0_legacy
LSZA,4,3,3,3,departures,0.75,0.75,path0_legacy
EKDF,4,0,0,0,departures,0.0,0.0,path0_legacy
EDAZ,4,4,0,0,departures,0.0,0.0,path0_legacy
ESMQ,4,3,3,3,departures,0.75,0.75,path0_legacy
LFRT,4,0,0,0,departures,0.0,0.0,path0_legacy
LSGL,4,3,0,0,departures,0.0,0.0,path0_legacy
LFLW,4,0,0,0,departures,0.0,0.0,path0_legacy
LESA,4,0,0,0,departures,0.0,0.0,path0_legacy
LESU,4,0,0,0,departures,0.0,0.0,path0_legacy
LFRH,4,0,0,0,departures,0.0,0.0,path0_legacy
LGBL,4,0,0,0,departures,0.0,0.0,path0_legacy
LTAP,4,0,0,0,departures,0.0,0.0,path0_legacy
LJPZ,4,3,2,3,departures,0.5,0.75,path0_legacy
LFRD,4,3,3,3,departures,0.75,0.75,path0_legacy
LTFC,4,0,0,0,departures,0.0,0.0,path0_legacy
LKHK,4,4,0,0,departures,0.0,0.0,path0_legacy
ESSP,4,1,1,1,departures,0.25,0.25,path0_legacy
LKCS,4,4,4,4,departures,1.0,1.0,path0_legacy
ESND,4,0,0,0,departures,0.0,0.0,path0_legacy
EFKT,4,0,0,0,departures,0.0,0.0,path0_legacy
EPZG,4,2,2,2,departures,0.5,0.5,path0_legacy
ESGJ,4,0,0,0,departures,0.0,0.0,path0_legacy
LGKS,4,0,0,0,departures,0.0,0.0,path0_legacy
LFCK,4,4,4,4,departures,1.0,1.0,path0_legacy
LEVD,4,0,0,0,departures,0.0,0.0,path0_legacy
ORKK,4,0,0,0,departures,0.0,0.0,path0_legacy
LGSO,4,0,0,0,arrivals,0.0,0.0,path0_legacy
ESNX,4,0,0,0,arrivals,0.0,0.0,path0_legacy
EDRZ,4,4,0,0,arrivals,0.0,0.0,path0_legacy
UWSG,4,1,1,1,arrivals,0.25,0.25,path0_legacy
LRBM,4,0,0,0,arrivals,0.0,0.0,path0_legacy
LGPL,4,0,0,0,arrivals,0.0,0.0,path0_legacy
URMO,4,0,0,0,arrivals,0.0,0.0,path0_legacy
ENXO,4,0,0,0,arrivals,0.0,0.0,path0_legacy
LZTT,4,0,0,0,arrivals,0.0,0.0,path0_legacy
LEVD,4,0,0,0,arrivals,0.0,0.0,path0_legacy
EHLL,4,0,0,0,arrivals,0.0,0.0,path0_legacy
LFLX,4,0,0,0,arrivals,0.0,0.0,path0_legacy
LKCS,4,4,4,4,arrivals,1.0,1.0,path0_legacy
EDQG,4,4,0,0,arrivals,0.0,0.0,path0_legacy
ENQG,4,0,0,0,arrivals,0.0,0.0,path0_legacy
ESNV,4,0,0,0,arrivals,0.0,0.0,path0_legacy
ESDF,4,1,1,1,arrivals,0.25,0.25,path0_legacy
ESOH,4,4,0,0,arrivals,0.0,0.0,path0_legacy
LGKY,4,2,0,0,arrivals,0.0,0.0,path0_legacy
ENQS,4,0,0,0,arrivals,0.0,0.0,path0_legacy
ENSR,4,0,0,0,arrivals,0.0,0.0,path0_legacy
ENGC,4,0,0,0,arrivals,0.0,0.0,path0_legacy
ESOK,4,1,1,1,arrivals,0.25,0.25,path0_legacy
EDAZ,4,4,0,0,arrivals,0.0,0.0,path0_legacy
EGNO,4,4,4,4,arrivals,1.0,1.0,path0_legacy
LSGL,4,3,0,0,arrivals,0.0,0.0,path0_legacy
EFJY,4,0,0,0,arrivals,0.0,0.0,path0_legacy
LFRH,4,3,3,3,arrivals,0.75,0.75,path0_legacy
LTAP,4,0,0,0,arrivals,0.0,0.0,path0_legacy
EETU,4,0,0,0,arrivals,0.0,0.0,path0_legacy
EFKK,4,4,4,4,arrivals,1.0,1.0,path0_legacy
LTAS,4,0,0,0,arrivals,0.0,0.0,path0_legacy
ESGJ,4,0,0,0,arrivals,0.0,0.0,path0_legacy
LGKS,4,0,0,0,arrivals,0.0,0.0,path0_legacy
LFCK,4,4,4,4,arrivals,1.0,1.0,path0_legacy
LTFC,4,0,0,0,arrivals,0.0,0.0,path0_legacy
LKHK,4,4,0,0,arrivals,0.0,0.0,path0_legacy
EFKE,4,0,0,0,arrivals,0.0,0.0,path0_legacy
ESSP,4,2,2,2,arrivals,0.5,0.5,path0_legacy
LDLO,4,0,0,0,arrivals,0.0,0.0,path0_legacy
ESND,4,0,0,0,arrivals,0.0,0.0,path0_legacy
LSZA,4,4,4,5,arrivals,1.0,1.25,path0_legacy
LZPP,4,3,3,3,arrivals,0.75,0.75,path0_legacy
EFKT,4,1,0,0,arrivals,0.0,0.0,path0_legacy
LFLW,4,0,0,0,arrivals,0.0,0.0,path0_legacy
LGBL,4,0,0,0,arrivals,0.0,0.0,path0_legacy
ESGT,4,1,1,1,arrivals,0.25,0.25,path0_legacy
BIBD,3,0,0,0,departures,0.0,0.0,path0_legacy
ENQO,3,0,0,0,departures,0.0,0.0,path0_legacy
EGLK,3,3,3,4,departures,1.0,1.3333333333333333,path0_legacy
LFBI,3,0,0,0,departures,0.0,0.0,path0_legacy
ENWS,3,0,0,0,departures,0.0,0.0,path0_legacy
URMG,3,0,0,0,departures,0.0,0.0,path0_legacy
LRBM,3,0,0,0,departures,0.0,0.0,path0_legacy
EGMD,3,3,2,2,departures,0.6666666666666666,0.6666666666666666,path0_legacy
ETAR,3,3,3,4,departures,1.0,1.3333333333333333,path0_legacy
EDGS,3,3,3,3,departures,1.0,1.0,path0_legacy
URMO,3,0,0,0,departures,0.0,0.0,path0_legacy
ENXO,3,1,0,0,departures,0.0,0.0,path0_legacy
LELN,3,0,0,0,departures,0.0,0.0,path0_legacy
LFLS,3,2,2,3,departures,0.6666666666666666,1.0,path0_legacy
EDTM,3,2,2,2,departures,0.6666666666666666,0.6666666666666666,path0_legacy
LPBJ,3,2,2,2,departures,0.6666666666666666,0.6666666666666666,path0_legacy
ENOL,3,1,1,1,departures,0.3333333333333333,0.3333333333333333,path0_legacy
OJAM,3,0,0,0,departures,0.0,0.0,path0_legacy
ENSE,3,0,0,0,departures,0.0,0.0,path0_legacy
ENOC,3,0,0,0,departures,0.0,0.0,path0_legacy
DTTX,3,0,0,0,departures,0.0,0.0,path0_legacy
LTBH,3,0,0,0,departures,0.0,0.0,path0_legacy
EFKS,3,0,0,0,departures,0.0,0.0,path0_legacy
BIHN,3,0,0,0,departures,0.0,0.0,path0_legacy
ENSL,3,0,0,0,departures,0.0,0.0,path0_legacy
UDSG,3,0,0,0,departures,0.0,0.0,path0_legacy
GMMB,3,0,0,0,departures,0.0,0.0,path0_legacy
ENWY,3,0,0,0,departures,0.0,0.0,path0_legacy
ESOW,3,3,3,3,departures,1.0,1.0,path0_legacy
LTAL,3,0,0,0,departures,0.0,0.0,path0_legacy
ESNO,3,0,0,0,departures,0.0,0.0,path0_legacy
LTAS,3,0,0,0,departures,0.0,0.0,path0_legacy
LFHP,3,0,0,0,departures,0.0,0.0,path0_legacy
EGNH,3,3,3,4,departures,1.0,1.3333333333333333,path0_legacy
LGSY,3,0,0,0,departures,0.0,0.0,path0_legacy
LSZS,3,1,0,0,departures,0.0,0.0,path0_legacy
ESNN,3,0,0,0,departures,0.0,0.0,path0_legacy
ENWV,3,0,0,0,departures,0.0,0.0,path0_legacy
GMTA,3,3,3,3,departures,1.0,1.0,path0_legacy
LDLO,3,0,0,0,departures,0.0,0.0,path0_legacy
EKHA,3,0,0,0,departures,0.0,0.0,path0_legacy
LRCK,3,0,0,0,departures,0.0,0.0,path0_legacy
LFAT,3,0,0,0,departures,0.0,0.0,path0_legacy
EGNO,3,3,3,4,departures,1.0,1.3333333333333333,path0_legacy
ENOA,3,0,0,0,departures,0.0,0.0,path0_legacy
LSZC,3,2,0,0,departures,0.0,0.0,path0_legacy
ENQA,3,3,0,0,departures,0.0,0.0,path0_legacy
OSDI,3,0,0,0,departures,0.0,0.0,path0_legacy
ESUP,3,0,0,0,departures,0.0,0.0,path0_legacy
BIBD,3,0,0,0,arrivals,0.0,0.0,path0_legacy
ULAA,3,0,0,0,arrivals,0.0,0.0,path0_legacy
LFBI,3,2,2,2,arrivals,0.6666666666666666,0.6666666666666666,path0_legacy
LFLU,3,3,3,3,arrivals,1.0,1.0,path0_legacy
LFOZ,3,2,0,0,arrivals,0.0,0.0,path0_legacy
ENWS,3,0,0,0,arrivals,0.0,0.0,path0_legacy
EHJA,3,0,0,0,arrivals,0.0,0.0,path0_legacy
EPRA,3,2,2,3,arrivals,0.6666666666666666,1.0,path0_legacy
LFMQ,3,3,3,3,arrivals,1.0,1.0,path0_legacy
OSDI,3,0,0,0,arrivals,0.0,0.0,path0_legacy
LFOH,3,3,2,2,arrivals,0.6666666666666666,0.6666666666666666,path0_legacy
LELN,3,0,0,0,arrivals,0.0,0.0,path0_legacy
ESUP,3,0,0,0,arrivals,0.0,0.0,path0_legacy
GMTA,3,3,3,3,arrivals,1.0,1.0,path0_legacy
EDTM,3,3,3,3,arrivals,1.0,1.0,path0_legacy
OJAM,3,1,0,0,arrivals,0.0,0.0,path0_legacy
LECU,3,3,3,3,arrivals,1.0,1.0,path0_legacy
ESMT,3,1,0,0,arrivals,0.0,0.0,path0_legacy
ENOC,3,2,0,0,arrivals,0.0,0.0,path0_legacy
DTTX,3,0,0,0,arrivals,0.0,0.0,path0_legacy
LTBH,3,0,0,0,arrivals,0.0,0.0,path0_legacy
EFKS,3,0,0,0,arrivals,0.0,0.0,path0_legacy
ENSL,3,0,0,0,arrivals,0.0,0.0,path0_legacy
UDSG,3,0,0,0,arrivals,0.0,0.0,path0_legacy
GMMB,3,0,0,0,arrivals,0.0,0.0,path0_legacy
ENWY,3,0,0,0,arrivals,0.0,0.0,path0_legacy
ESOW,3,3,3,3,arrivals,1.0,1.0,path0_legacy
LTAL,3,0,0,0,arrivals,0.0,0.0,path0_legacy
ESNO,3,0,0,0,arrivals,0.0,0.0,path0_legacy
LFHP,3,0,0,0,arrivals,0.0,0.0,path0_legacy
EGNH,3,3,3,3,arrivals,1.0,1.0,path0_legacy
EPZG,3,3,3,3,arrivals,1.0,1.0,path0_legacy
LGSY,3,0,0,0,arrivals,0.0,0.0,path0_legacy
LFRC,3,2,1,1,arrivals,0.3333333333333333,0.3333333333333333,path0_legacy
ESUT,3,0,0,0,arrivals,0.0,0.0,path0_legacy
EDGS,3,3,3,3,arrivals,1.0,1.0,path0_legacy
ENRO,3,0,0,0,arrivals,0.0,0.0,path0_legacy
ENWV,3,0,0,0,arrivals,0.0,0.0,path0_legacy
LFLS,3,3,3,3,arrivals,1.0,1.0,path0_legacy
EKHA,3,0,0,0,arrivals,0.0,0.0,path0_legacy
URWW,3,0,0,0,arrivals,0.0,0.0,path0_legacy
ENFB,3,0,0,0,arrivals,0.0,0.0,path0_legacy
ESMQ,3,3,3,3,arrivals,1.0,1.0,path0_legacy
BIHN,3,0,0,0,arrivals,0.0,0.0,path0_legacy
EHFB,3,0,0,0,arrivals,0.0,0.0,path0_legacy
ENQA,3,2,0,0,arrivals,0.0,0.0,path0_legacy
LFRD,3,3,3,3,arrivals,1.0,1.0,path0_legacy
LFQG,2,0,0,0,departures,0.0,0.0,path0_legacy
EHPK,2,2,0,0,departures,0.0,0.0,path0_legacy
LFLU,2,2,2,3,departures,1.0,1.5,path0_legacy
LTAG,2,0,0,0,departures,0.0,0.0,path0_legacy
LFRC,2,2,1,8,departures,0.5,4.0,path0_legacy
ENQV,2,0,0,0,departures,0.0,0.0,path0_legacy
LFMQ,2,2,2,2,departures,1.0,1.0,path0_legacy
EGFE,2,2,2,2,departures,1.0,1.0,path0_legacy
EHKJ,2,0,0,0,departures,0.0,0.0,path0_legacy
ENQC,2,2,0,0,departures,0.0,0.0,path0_legacy
LFOK,2,0,0,0,departures,0.0,0.0,path0_legacy
EGBJ,2,2,2,2,departures,1.0,1.0,path0_legacy
LSGK,2,0,0,0,departures,0.0,0.0,path0_legacy
EGPC,2,0,0,0,departures,0.0,0.0,path0_legacy
LSGC,2,0,0,0,departures,0.0,0.0,path0_legacy
ENNE,2,0,0,0,departures,0.0,0.0,path0_legacy
ENQS,2,0,0,0,departures,0.0,0.0,path0_legacy
ENXW,2,1,0,0,departures,0.0,0.0,path0_legacy
LEAB,2,2,2,2,departures,1.0,1.0,path0_legacy
EGVN,2,2,2,2,departures,1.0,1.0,path0_legacy
EDXQ,2,2,0,0,departures,0.0,0.0,path0_legacy
LTBY,2,0,0,0,departures,0.0,0.0,path0_legacy
ENWA,2,0,0,0,departures,0.0,0.0,path0_legacy
LFPT,2,2,2,3,departures,1.0,1.5,path0_legacy
OENN,2,0,0,0,departures,0.0,0.0,path0_legacy
ENUA,2,0,0,0,departures,0.0,0.0,path0_legacy
LEGT,2,1,1,1,departures,0.5,0.5,path0_legacy
LFGA,2,1,1,2,departures,0.5,1.0,path0_legacy
LDRG,2,0,0,0,departures,0.0,0.0,path0_legacy
GMMD,2,0,0,0,departures,0.0,0.0,path0_legacy
LFRV,2,1,1,1,departures,0.5,0.5,path0_legacy
LJMB,2,2,1,2,departures,0.5,1.0,path0_legacy
LTBZ,2,0,0,0,departures,0.0,0.0,path0_legacy
LTBU,2,0,0,0,departures,0.0,0.0,path0_legacy
ESUT,2,0,0,0,departures,0.0,0.0,path0_legacy
BIVO,2,0,0,0,departures,0.0,0.0,path0_legacy
ENQD,2,0,0,0,departures,0.0,0.0,path0_legacy
EHGQ,2,0,0,0,departures,0.0,0.0,path0_legacy
LFOH,2,2,2,2,departures,1.0,1.0,path0_legacy
LGPL,2,0,0,0,departures,0.0,0.0,path0_legacy
LSTS,2,0,0,0,departures,0.0,0.0,path0_legacy
EHLL,2,0,0,0,departures,0.0,0.0,path0_legacy
GMAT,2,0,0,0,departures,0.0,0.0,path0_legacy
BITN,2,0,0,0,departures,0.0,0.0,path0_legacy
LFLX,2,0,0,0,departures,0.0,0.0,path0_legacy
DAUB,2,0,0,0,departures,0.0,0.0,path0_legacy
ORNI,2,0,0,0,departures,0.0,0.0,path0_legacy
LEDA,2,0,0,0,departures,0.0,0.0,path0_legacy
ETND,2,2,2,2,departures,1.0,1.0,path0_legacy
LIBG,2,0,0,0,departures,0.0,0.0,path0_legacy
LKKV,2,0,0,0,departures,0.0,0.0,path0_legacy
LFAC,2,0,0,0,departures,0.0,0.0,path0_legacy
ENQE,2,1,0,0,departures,0.0,0.0,path0_legacy
EHFB,2,0,0,0,departures,0.0,0.0,path0_legacy
EGNL,2,1,1,1,departures,0.5,0.5,path0_legacy
LRSM,2,0,0,0,departures,0.0,0.0,path0_legacy
ENQJ,2,0,0,0,departures,0.0,0.0,path0_legacy
ULAA,2,0,0,0,departures,0.0,0.0,path0_legacy
LGKJ,2,0,0,0,departures,0.0,0.0,path0_legacy
ENGA,2,0,0,0,departures,0.0,0.0,path0_legacy
DAOI,2,0,0,0,departures,0.0,0.0,path0_legacy
LZPP,2,2,2,2,departures,1.0,1.0,path0_legacy
ESST,2,0,0,0,departures,0.0,0.0,path0_legacy
EIWF,2,1,1,1,departures,0.5,0.5,path0_legacy
HLMS,2,0,0,0,departures,0.0,0.0,path0_legacy
LFQG,2,0,0,0,arrivals,0.0,0.0,path0_legacy
ENQO,2,0,0,0,arrivals,0.0,0.0,path0_legacy
EGLK,2,2,2,2,arrivals,1.0,1.0,path0_legacy
LTBZ,2,0,0,0,arrivals,0.0,0.0,path0_legacy
LTAG,2,0,0,0,arrivals,0.0,0.0,path0_legacy
LTBU,2,1,1,1,arrivals,0.5,0.5,path0_legacy
ENQV,2,0,0,0,arrivals,0.0,0.0,path0_legacy
EGMD,2,2,2,4,arrivals,1.0,2.0,path0_legacy
LFOK,2,0,0,0,arrivals,0.0,0.0,path0_legacy
ESNN,2,0,0,0,arrivals,0.0,0.0,path0_legacy
LSGK,2,0,0,0,arrivals,0.0,0.0,path0_legacy
EDMS,2,0,0,0,arrivals,0.0,0.0,path0_legacy
ENWE,2,0,0,0,arrivals,0.0,0.0,path0_legacy
LSGC,2,0,0,0,arrivals,0.0,0.0,path0_legacy
ENNE,2,0,0,0,arrivals,0.0,0.0,path0_legacy
DAUB,2,0,0,0,arrivals,0.0,0.0,path0_legacy
EHKV,2,1,0,0,arrivals,0.0,0.0,path0_legacy
ORNI,2,0,0,0,arrivals,0.0,0.0,path0_legacy
LEDA,2,0,0,0,arrivals,0.0,0.0,path0_legacy
ETND,2,2,2,2,arrivals,1.0,1.0,path0_legacy
ENSE,2,0,0,0,arrivals,0.0,0.0,path0_legacy
DAOI,2,0,0,0,arrivals,0.0,0.0,path0_legacy
ENXW,2,0,0,0,arrivals,0.0,0.0,path0_legacy
LEAB,2,2,2,2,arrivals,1.0,1.0,path0_legacy
LFRT,2,2,1,1,arrivals,0.5,0.5,path0_legacy
ENWA,2,0,0,0,arrivals,0.0,0.0,path0_legacy
LFPT,2,2,0,0,arrivals,0.0,0.0,path0_legacy
LKKV,2,2,2,2,arrivals,1.0,1.0,path0_legacy
EHPG,2,2,0,0,arrivals,0.0,0.0,path0_legacy
LEGT,2,2,2,2,arrivals,1.0,1.0,path0_legacy
EKHB,2,0,0,0,arrivals,0.0,0.0,path0_legacy
ESST,2,2,2,4,arrivals,1.0,2.0,path0_legacy
ENQR,2,0,0,0,arrivals,0.0,0.0,path0_legacy
EBMB,2,2,0,0,arrivals,0.0,0.0,path0_legacy
LFRV,2,2,2,2,arrivals,1.0,1.0,path0_legacy
DTTZ,2,0,0,0,arrivals,0.0,0.0,path0_legacy
LJMB,2,1,0,0,arrivals,0.0,0.0,path0_legacy
EHJR,2,0,0,0,arrivals,0.0,0.0,path0_legacy
BIVO,2,0,0,0,arrivals,0.0,0.0,path0_legacy
EHKJ,2,0,0,0,arrivals,0.0,0.0,path0_legacy
ENQD,2,0,0,0,arrivals,0.0,0.0,path0_legacy
OJAQ,2,1,0,0,arrivals,0.0,0.0,path0_legacy
GMAT,2,1,0,0,arrivals,0.0,0.0,path0_legacy
BITN,2,0,0,0,arrivals,0.0,0.0,path0_legacy
LFSN,2,1,0,0,arrivals,0.0,0.0,path0_legacy
LFJR,2,2,2,2,arrivals,1.0,1.0,path0_legacy
EGPC,2,0,0,0,arrivals,0.0,0.0,path0_legacy
EDFZ,2,2,1,1,arrivals,0.5,0.5,path0_legacy
LRCK,2,0,0,0,arrivals,0.0,0.0,path0_legacy
LOAN,2,2,1,1,arrivals,0.5,0.5,path0_legacy
LTBY,2,0,0,0,arrivals,0.0,0.0,path0_legacy
LIBG,2,1,0,0,arrivals,0.0,0.0,path0_legacy
OENN,2,0,0,0,arrivals,0.0,0.0,path0_legacy
ENUA,2,0,0,0,arrivals,0.0,0.0,path0_legacy
EDLN,2,2,2,4,arrivals,1.0,2.0,path0_legacy
LESU,2,0,0,0,arrivals,0.0,0.0,path0_legacy
ENQE,2,0,0,0,arrivals,0.0,0.0,path0_legacy
GMMD,2,0,0,0,arrivals,0.0,0.0,path0_legacy
EGNL,2,2,1,1,arrivals,0.5,0.5,path0_legacy
ENUD,2,0,0,0,arrivals,0.0,0.0,path0_legacy
ENQJ,2,0,0,0,arrivals,0.0,0.0,path0_legacy
HLMS,2,1,0,0,arrivals,0.0,0.0,path0_legacy
ORKK,2,0,0,0,arrivals,0.0,0.0,path0_legacy
EGBJ,2,2,2,2,arrivals,1.0,1.0,path0_legacy
LFAT,2,2,1,1,arrivals,0.5,0.5,path0_legacy
LFAC,2,2,1,1,arrivals,0.5,0.5,path0_legacy
EBCV,1,1,1,1,departures,1.0,1.0,path0_legacy
ENRK,1,1,0,0,departures,0.0,0.0,path0_legacy
ULPB,1,0,0,0,departures,0.0,0.0,path0_legacy
EHTW,1,1,1,1,departures,1.0,1.0,path0_legacy
ENSF,1,0,0,0,departures,0.0,0.0,path0_legacy
UGSA,1,0,0,0,departures,0.0,0.0,path0_legacy
EDQM,1,0,0,0,departures,0.0,0.0,path0_legacy
DABT,1,0,0,0,departures,0.0,0.0,path0_legacy
LGTG,1,0,0,0,departures,0.0,0.0,path0_legacy
EYSA,1,1,1,1,departures,1.0,1.0,path0_legacy
EDMS,1,0,0,0,departures,0.0,0.0,path0_legacy
URWA,1,0,0,0,departures,0.0,0.0,path0_legacy
ENWE,1,0,0,0,departures,0.0,0.0,path0_legacy
ENQG,1,0,0,0,departures,0.0,0.0,path0_legacy
EHKV,1,0,0,0,departures,0.0,0.0,path0_legacy
LFLA,1,0,0,0,departures,0.0,0.0,path0_legacy
LFGF,1,1,0,0,departures,0.0,0.0,path0_legacy
UMII,1,0,0,0,departures,0.0,0.0,path0_legacy
LOIH,1,1,0,0,departures,0.0,0.0,path0_legacy
ENQK,1,0,0,0,departures,0.0,0.0,path0_legacy
ULMM,1,0,0,0,departures,0.0,0.0,path0_legacy
ESMK,1,1,1,1,departures,1.0,1.0,path0_legacy
EDWF,1,1,0,0,departures,0.0,0.0,path0_legacy
LFAQ,1,1,0,0,departures,0.0,0.0,path0_legacy
EKGC,1,0,0,0,departures,0.0,0.0,path0_legacy
ENWK,1,0,0,0,departures,0.0,0.0,path0_legacy
LFRO,1,1,1,1,departures,1.0,1.0,path0_legacy
ULWC,1,0,0,0,departures,0.0,0.0,path0_legacy
LFRI,1,0,0,1,departures,0.0,1.0,path0_legacy
USKK,1,0,0,0,departures,0.0,0.0,path0_legacy
UWPS,1,0,0,0,departures,0.0,0.0,path0_legacy
EGEO,1,0,0,0,departures,0.0,0.0,path0_legacy
LKKU,1,1,1,1,departures,1.0,1.0,path0_legacy
EHPG,1,0,0,0,departures,0.0,0.0,path0_legacy
ENWI,1,0,0,0,departures,0.0,0.0,path0_legacy
LFCI,1,1,1,1,departures,1.0,1.0,path0_legacy
EIWT,1,1,0,0,departures,0.0,0.0,path0_legacy
EGUB,1,1,1,2,departures,1.0,2.0,path0_legacy
ENLA,1,1,0,0,departures,0.0,0.0,path0_legacy
LFBF,1,1,1,1,departures,1.0,1.0,path0_legacy
LKRO,1,1,0,0,departures,0.0,0.0,path0_legacy
EGSC,1,1,1,4,departures,1.0,4.0,path0_legacy
EGHL,1,1,1,3,departures,1.0,3.0,path0_legacy
ENDR,1,0,0,0,departures,0.0,0.0,path0_legacy
LFCH,1,0,0,0,departures,0.0,0.0,path0_legacy
DTTZ,1,0,0,0,departures,0.0,0.0,path0_legacy
EFLP,1,0,0,0,departures,0.0,0.0,path0_legacy
DAUH,1,0,0,0,departures,0.0,0.0,path0_legacy
EPBC,1,0,0,0,departures,0.0,0.0,path0_legacy
EPWK,1,0,0,0,departures,0.0,0.0,path0_legacy
EDRZ,1,1,0,0,departures,0.0,0.0,path0_legacy
EBSP,1,1,0,0,departures,0.0,0.0,path0_legacy
GMAZ,1,1,0,0,departures,0.0,0.0,path0_legacy
LKMH,1,1,0,0,departures,0.0,0.0,path0_legacy
ENQL,1,0,0,0,departures,0.0,0.0,path0_legacy
EHJR,1,0,0,0,departures,0.0,0.0,path0_legacy
LEBA,1,0,0,0,departures,0.0,0.0,path0_legacy
LKJI,1,1,0,0,departures,0.0,0.0,path0_legacy
LYKV,1,0,0,0,departures,0.0,0.0,path0_legacy
LIMG,1,0,0,0,departures,0.0,0.0,path0_legacy
EDBM,1,1,0,0,departures,0.0,0.0,path0_legacy
LFJR,1,1,1,1,departures,1.0,1.0,path0_legacy
LRAR,1,0,0,0,departures,0.0,0.0,path0_legacy
LFLH,1,1,0,0,departures,0.0,0.0,path0_legacy
EDBC,1,1,0,0,departures,0.0,0.0,path0_legacy
EDFZ,1,1,1,1,departures,1.0,1.0,path0_legacy
ENQM,1,0,0,0,departures,0.0,0.0,path0_legacy
EHKS,1,0,0,0,departures,0.0,0.0,path0_legacy
EDFE,1,1,1,100,departures,1.0,100.0,path0_legacy
LKPM,1,1,0,0,departures,0.0,0.0,path0_legacy
LFSG,1,0,0,0,departures,0.0,0.0,path0_legacy
UBBF,1,0,0,0,departures,0.0,0.0,path0_legacy
ENBE,1,0,0,0,departures,0.0,0.0,path0_legacy
DAAV,1,0,0,0,departures,0.0,0.0,path0_legacy
DAUG,1,0,0,0,departures,0.0,0.0,path0_legacy
EKSI,1,0,0,0,departures,0.0,0.0,path0_legacy
EDTF,1,1,0,0,departures,0.0,0.0,path0_legacy
EHJC,1,0,0,0,departures,0.0,0.0,path0_legacy
EKHB,1,0,0,0,departures,0.0,0.0,path0_legacy
LGKA,1,0,0,0,departures,0.0,0.0,path0_legacy
EPCD,1,0,0,0,departures,0.0,0.0,path0_legacy
ENUN,1,0,0,0,departures,0.0,0.0,path0_legacy
BIGJ,1,0,0,0,departures,0.0,0.0,path0_legacy
UBBL,1,0,0,0,departures,0.0,0.0,path0_legacy
ENUD,1,0,0,0,departures,0.0,0.0,path0_legacy
LFMH,1,1,1,1,departures,1.0,1.0,path0_legacy
EPPW,1,0,0,0,departures,0.0,0.0,path0_legacy
LFHS,1,1,0,0,departures,0.0,0.0,path0_legacy
LFOP,1,0,0,0,departures,0.0,0.0,path0_legacy
LOLW,1,1,0,0,departures,0.0,0.0,path0_legacy
EHAK,1,0,0,0,departures,0.0,0.0,path0_legacy
ENUE,1,0,0,0,departures,0.0,0.0,path0_legacy
EDMV,1,0,0,0,departures,0.0,0.0,path0_legacy
EKTE,1,0,0,0,departures,0.0,0.0,path0_legacy
OJAQ,1,0,0,0,departures,0.0,0.0,path0_legacy
EDAY,1,1,0,0,departures,0.0,0.0,path0_legacy
EGOV,1,1,1,1,departures,1.0,1.0,path0_legacy
LFLD,1,0,0,0,departures,0.0,0.0,path0_legacy
ENUS,1,0,0,0,departures,0.0,0.0,path0_legacy
LPEV,1,1,1,1,departures,1.0,1.0,path0_legacy
ENRY,1,1,1,1,departures,1.0,1.0,path0_legacy
LFBA,1,0,0,0,departures,0.0,0.0,path0_legacy
EHFD,1,0,0,0,departures,0.0,0.0,path0_legacy
ENQB,1,1,0,0,departures,0.0,0.0,path0_legacy
OIGG,1,0,0,0,departures,0.0,0.0,path0_legacy
LIRJ,1,0,0,0,departures,0.0,0.0,path0_legacy
LCRA,1,1,1,1,departures,1.0,1.0,path0_legacy
EHQM,1,0,0,0,departures,0.0,0.0,path0_legacy
UUBC,1,0,0,0,departures,0.0,0.0,path0_legacy
UUBI,1,0,0,0,departures,0.0,0.0,path0_legacy
EGBK,1,1,0,0,departures,0.0,0.0,path0_legacy
EHGN,1,0,0,0,departures,0.0,0.0,path0_legacy
ENQR,1,0,0,0,departures,0.0,0.0,path0_legacy
LSZG,1,1,1,1,departures,1.0,1.0,path0_legacy
EHLE,1,1,1,1,departures,1.0,1.0,path0_legacy
ENUK,1,0,0,0,departures,0.0,0.0,path0_legacy
EBMB,1,1,0,0,departures,0.0,0.0,path0_legacy
EDTD,1,0,0,1,departures,0.0,1.0,path0_legacy
LGKZ,1,0,0,0,departures,0.0,0.0,path0_legacy
LHPR,1,1,1,1,departures,1.0,1.0,path0_legacy
LFLO,1,0,0,0,departures,0.0,0.0,path0_legacy
DAUH,1,0,0,0,arrivals,0.0,0.0,path0_legacy
EBCV,1,1,1,1,arrivals,1.0,1.0,path0_legacy
EHFT,1,0,0,0,arrivals,0.0,0.0,path0_legacy
ENRK,1,1,0,0,arrivals,0.0,0.0,path0_legacy
ULPB,1,0,0,0,arrivals,0.0,0.0,path0_legacy
LEBA,1,1,1,1,arrivals,1.0,1.0,path0_legacy
UGSA,1,0,0,0,arrivals,0.0,0.0,path0_legacy
LIMG,1,1,1,1,arrivals,1.0,1.0,path0_legacy
EDBM,1,1,0,0,arrivals,0.0,0.0,path0_legacy
URWA,1,0,0,0,arrivals,0.0,0.0,path0_legacy
LFLD,1,0,0,0,arrivals,0.0,0.0,path0_legacy
LPEV,1,1,1,1,arrivals,1.0,1.0,path0_legacy
EDBC,1,1,0,0,arrivals,0.0,0.0,path0_legacy
LFLA,1,0,0,0,arrivals,0.0,0.0,path0_legacy
UMII,1,0,0,0,arrivals,0.0,0.0,path0_legacy
ENQB,1,0,0,0,arrivals,0.0,0.0,path0_legacy
OIGG,1,0,0,0,arrivals,0.0,0.0,path0_legacy
LIRJ,1,0,0,0,arrivals,0.0,0.0,path0_legacy
LFAQ,1,1,0,0,arrivals,0.0,0.0,path0_legacy
ENWK,1,0,0,0,arrivals,0.0,0.0,path0_legacy
LFRO,1,1,1,1,arrivals,1.0,1.0,path0_legacy
LFTF,1,1,0,0,arrivals,0.0,0.0,path0_legacy
ULWC,1,0,0,0,arrivals,0.0,0.0,path0_legacy
EGTF,1,1,0,0,arrivals,0.0,0.0,path0_legacy
DAAV,1,0,0,0,arrivals,0.0,0.0,path0_legacy
USKK,1,0,0,0,arrivals,0.0,0.0,path0_legacy
UWPS,1,0,0,0,arrivals,0.0,0.0,path0_legacy
EDGE,1,1,0,0,arrivals,0.0,0.0,path0_legacy
EKAR,1,0,0,0,arrivals,0.0,0.0,path0_legacy
LSZC,1,1,0,0,arrivals,0.0,0.0,path0_legacy
UUBC,1,0,0,0,arrivals,0.0,0.0,path0_legacy
UUBI,1,0,0,0,arrivals,0.0,0.0,path0_legacy
LFCI,1,1,1,1,arrivals,1.0,1.0,path0_legacy
LFGA,1,1,1,1,arrivals,1.0,1.0,path0_legacy
EGUB,1,1,1,1,arrivals,1.0,1.0,path0_legacy
ENLA,1,0,0,0,arrivals,0.0,0.0,path0_legacy
LKRO,1,1,0,0,arrivals,0.0,0.0,path0_legacy
LRSM,1,0,0,0,arrivals,0.0,0.0,path0_legacy
EHKE,1,0,0,0,arrivals,0.0,0.0,path0_legacy
EGSC,1,1,1,1,arrivals,1.0,1.0,path0_legacy
ENDR,1,0,0,0,arrivals,0.0,0.0,path0_legacy
UBBL,1,0,0,0,arrivals,0.0,0.0,path0_legacy
LHPR,1,1,1,1,arrivals,1.0,1.0,path0_legacy
EGWC,1,1,1,1,arrivals,1.0,1.0,path0_legacy
EHPK,1,0,0,0,arrivals,0.0,0.0,path0_legacy
LPVR,1,1,1,2,arrivals,1.0,2.0,path0_legacy
EPWK,1,0,0,0,arrivals,0.0,0.0,path0_legacy
GMAZ,1,0,0,0,arrivals,0.0,0.0,path0_legacy
LIQS,1,0,0,0,arrivals,0.0,0.0,path0_legacy
LKMH,1,1,0,0,arrivals,0.0,0.0,path0_legacy
EHTW,1,1,1,1,arrivals,1.0,1.0,path0_legacy
EPNT,1,0,0,0,arrivals,0.0,0.0,path0_legacy
EGFE,1,1,1,1,arrivals,1.0,1.0,path0_legacy
ENQC,1,1,0,0,arrivals,0.0,0.0,path0_legacy
LIMW,1,0,0,0,arrivals,0.0,0.0,path0_legacy
LSTS,1,1,0,0,arrivals,0.0,0.0,path0_legacy
LYKV,1,0,0,0,arrivals,0.0,0.0,path0_legacy
EHDV,1,0,0,0,arrivals,0.0,0.0,path0_legacy
EDLE,1,1,0,0,arrivals,0.0,0.0,path0_legacy
EGBP,1,1,0,0,arrivals,0.0,0.0,path0_legacy
ENQM,1,0,0,0,arrivals,0.0,0.0,path0_legacy
EDFE,1,1,1,2,arrivals,1.0,2.0,path0_legacy
LFSG,1,0,0,0,arrivals,0.0,0.0,path0_legacy
UBBF,1,0,0,0,arrivals,0.0,0.0,path0_legacy
EHFD,1,0,0,0,arrivals,0.0,0.0,path0_legacy
EHLI,1,0,0,0,arrivals,0.0,0.0,path0_legacy
EDBR,1,1,1,1,arrivals,1.0,1.0,path0_legacy
EDXQ,1,1,0,0,arrivals,0.0,0.0,path0_legacy
EDTF,1,1,0,0,arrivals,0.0,0.0,path0_legacy
LDRG,1,0,0,0,arrivals,0.0,0.0,path0_legacy
EIWT,1,1,1,1,arrivals,1.0,1.0,path0_legacy
ENUN,1,0,0,0,arrivals,0.0,0.0,path0_legacy
LGKZ,1,0,0,0,arrivals,0.0,0.0,path0_legacy
LFMH,1,1,1,1,arrivals,1.0,1.0,path0_legacy
EPPW,1,0,0,0,arrivals,0.0,0.0,path0_legacy
LFPN,1,1,0,0,arrivals,0.0,0.0,path0_legacy
LFOP,1,0,0,0,arrivals,0.0,0.0,path0_legacy
LOLW,1,1,0,0,arrivals,0.0,0.0,path0_legacy
ENSF,1,0,0,0,arrivals,0.0,0.0,path0_legacy
EDQM,1,1,1,1,arrivals,1.0,1.0,path0_legacy
DABT,1,0,0,0,arrivals,0.0,0.0,path0_legacy
EHGQ,1,0,0,0,arrivals,0.0,0.0,path0_legacy
EDMV,1,0,0,0,arrivals,0.0,0.0,path0_legacy
EDAQ,1,1,0,0,arrivals,0.0,0.0,path0_legacy
EGOV,1,1,0,0,arrivals,0.0,0.0,path0_legacy
ENUS,1,0,0,0,arrivals,0.0,0.0,path0_legacy
ENGA,1,0,0,0,arrivals,0.0,0.0,path0_legacy
LRAR,1,0,0,1,arrivals,0.0,1.0,path0_legacy
LFLH,1,1,0,0,arrivals,0.0,0.0,path0_legacy
LFBA,1,1,1,1,arrivals,1.0,1.0,path0_legacy
ULMM,1,0,0,0,arrivals,0.0,0.0,path0_legacy
LFRI,1,0,0,0,arrivals,0.0,0.0,path0_legacy
EHFR,1,0,0,0,arrivals,0.0,0.0,path0_legacy
LGKA,1,0,0,0,arrivals,0.0,0.0,path0_legacy
EGBK,1,1,0,0,arrivals,0.0,0.0,path0_legacy
EIWF,1,1,1,1,arrivals,1.0,1.0,path0_legacy
BIGJ,1,0,0,0,arrivals,0.0,0.0,path0_legacy
LJPZ,1,1,1,2,arrivals,1.0,2.0,path0_legacy
EHLE,1,1,1,1,arrivals,1.0,1.0,path0_legacy
ENUK,1,0,0,0,arrivals,0.0,0.0,path0_legacy
EDTD,1,1,1,1,arrivals,1.0,1.0,path0_legacy
LFLO,1,0,0,0,arrivals,0.0,0.0,path0_legacy
EFLP,1,0,0,0,arrivals,0.0,0.0,path0_legacy
OOA,7964,42,0,0,arrivals,0.0,0.0,path1_penalty
OOA,7892,80,0,0,departures,0.0,0.0,path1_penalty
LTFM,2282,1315,1311,1319,departures,0.5744960560911481,0.5780017528483786,path1_penalty
LTFM,2258,1887,1865,1871,arrivals,0.8259521700620017,0.8286093888396812,path1_penalty
EHAM,2148,2144,2144,2165,departures,0.9981378026070763,1.0079143389199254,path1_penalty
EHAM,2136,1929,1926,1930,arrivals,0.901685393258427,0.903558052434457,path1_penalty
EDDF,2094,2085,2080,2084,departures,0.9933142311365807,0.9952244508118434,path1_penalty
EDDF,2091,1835,1831,1834,arrivals,0.8756575801052128,0.877092300334768,path1_penalty
LFPG,2084,2067,2058,2068,departures,0.9875239923224568,0.9923224568138196,path1_penalty
LFPG,2066,1774,1773,1830,arrivals,0.8581800580832527,0.8857696030977735,path1_penalty
EGLL,2001,1989,1987,2023,departures,0.9930034982508745,1.0109945027486258,path1_penalty
EGLL,1986,1701,1697,1829,arrivals,0.8544813695871097,0.9209466263846928,path1_penalty
LEMD,1786,1614,1612,1619,arrivals,0.9025755879059351,0.906494960806271,path1_penalty
LEMD,1773,1670,1668,1670,departures,0.9407783417935702,0.9419063733784546,path1_penalty
LEBL,1597,1529,1527,1528,arrivals,0.9561678146524734,0.9567939887288667,path1_penalty
LEBL,1591,1583,1582,1583,departures,0.994343180389692,0.9949717159019484,path1_penalty
EDDM,1573,1562,1558,1562,departures,0.9904640813731723,0.993006993006993,path1_penalty
EDDM,1571,1486,1481,1482,arrivals,0.942711648631445,0.9433481858688734,path1_penalty
LIRF,1449,1445,1445,1449,departures,0.9972394755003451,1.0,path1_penalty
LTAI,1437,763,761,772,arrivals,0.5295755045233125,0.5372303409881698,path1_penalty
LEPA,1436,1385,1384,1389,arrivals,0.9637883008356546,0.9672701949860725,path1_penalty
LTAI,1435,728,727,730,departures,0.5066202090592334,0.5087108013937283,path1_penalty
LIRF,1433,1297,1296,1300,arrivals,0.9043963712491278,0.9071877180739707,path1_penalty
LEPA,1417,1239,1238,1239,departures,0.8736767819336627,0.8743824982357092,path1_penalty
LGAV,1317,134,126,127,arrivals,0.09567198177676538,0.09643128321943811,path1_penalty
LGAV,1306,305,301,308,departures,0.2304747320061256,0.23583460949464014,path1_penalty
EGKK,1223,1218,1218,1219,departures,0.9959116925592805,0.9967293540474244,path1_penalty
EGKK,1220,1129,1129,1130,arrivals,0.9254098360655738,0.9262295081967213,path1_penalty
EIDW,1188,1110,1109,1112,arrivals,0.9335016835016835,0.936026936026936,path1_penalty
EIDW,1185,1165,1164,1164,departures,0.9822784810126582,0.9822784810126582,path1_penalty
LSZH,1178,1167,1160,1166,departures,0.9847198641765704,0.9898132427843803,path1_penalty
LSZH,1160,1076,1073,1084,arrivals,0.925,0.9344827586206896,path1_penalty
LOWW,1156,1145,1143,1153,departures,0.9887543252595156,0.9974048442906575,path1_penalty
EKCH,1152,1058,1058,1058,arrivals,0.9184027777777778,0.9184027777777778,path1_penalty
LOWW,1145,1074,1072,1079,arrivals,0.9362445414847161,0.9423580786026201,path1_penalty
EKCH,1140,1117,1117,1122,departures,0.9798245614035088,0.9842105263157894,path1_penalty
LTFJ,1138,1003,999,1004,arrivals,0.8778558875219684,0.8822495606326889,path1_penalty
LTFJ,1137,1030,1030,1045,departures,0.9058927000879508,0.9190853122251539,path1_penalty
LPPT,1010,976,976,976,departures,0.9663366336633663,0.9663366336633663,path1_penalty
LPPT,1001,906,906,907,arrivals,0.9050949050949051,0.906093906093906,path1_penalty
LFPO,992,985,985,988,departures,0.9929435483870968,0.9959677419354839,path1_penalty
LFPO,991,949,949,951,arrivals,0.9576185671039354,0.9596367305751766,path1_penalty
LIMC,973,969,966,968,departures,0.9928057553956835,0.9948612538540597,path1_penalty
LIMC,967,892,886,890,arrivals,0.9162357807652534,0.9203722854188211,path1_penalty
ENGM,940,886,885,899,arrivals,0.9414893617021277,0.9563829787234043,path1_penalty
ENGM,932,807,806,815,departures,0.8648068669527897,0.8744635193133047,path1_penalty
EGCC,926,919,918,920,departures,0.9913606911447084,0.9935205183585313,path1_penalty
EGCC,924,840,840,841,arrivals,0.9090909090909091,0.9101731601731602,path1_penalty
EGSS,888,846,840,844,arrivals,0.9459459459459459,0.9504504504504504,path1_penalty
EGSS,885,882,879,880,departures,0.9932203389830508,0.9943502824858758,path1_penalty
EPWA,880,783,780,780,arrivals,0.8863636363636364,0.8863636363636364,path1_penalty
EPWA,875,870,870,872,departures,0.9942857142857143,0.9965714285714286,path1_penalty
EBBR,872,868,868,878,departures,0.9954128440366973,1.0068807339449541,path1_penalty
EBBR,871,786,784,795,arrivals,0.9001148105625718,0.912743972445465,path1_penalty
EDDB,870,851,848,861,departures,0.9747126436781609,0.9896551724137931,path1_penalty
LEMG,861,843,843,843,arrivals,0.9790940766550522,0.9790940766550522,path1_penalty
LEMG,850,846,846,848,departures,0.9952941176470588,0.9976470588235294,path1_penalty
ESSA,841,731,726,734,arrivals,0.8632580261593341,0.8727705112960761,path1_penalty
EDDB,840,797,792,795,arrivals,0.9428571428571428,0.9464285714285714,path1_penalty
ESSA,820,792,790,798,departures,0.9634146341463414,0.973170731707317,path1_penalty
EDDL,758,753,750,755,departures,0.9894459102902374,0.996042216358839,path1_penalty
EDDL,751,732,731,737,arrivals,0.9733688415446072,0.9813581890812251,path1_penalty
LFMN,710,691,687,736,arrivals,0.967605633802817,1.036619718309859,path1_penalty
LFMN,707,697,691,694,departures,0.9773691654879774,0.9816124469589816,path1_penalty
LSGG,680,452,445,452,departures,0.6544117647058824,0.6647058823529411,path1_penalty
LSGG,670,650,648,666,arrivals,0.9671641791044776,0.9940298507462687,path1_penalty
LKPR,667,659,658,664,departures,0.9865067466266867,0.9955022488755623,path1_penalty
EFHK,666,577,576,578,arrivals,0.8648648648648649,0.8678678678678678,path1_penalty
EFHK,659,654,654,659,departures,0.992412746585736,1.0,path1_penalty
LKPR,657,620,617,620,arrivals,0.939117199391172,0.943683409436834,path1_penalty
LEAL,599,598,598,598,departures,0.998330550918197,0.998330550918197,path1_penalty
LEAL,599,592,592,592,arrivals,0.988313856427379,0.988313856427379,path1_penalty
EGPH,584,553,553,557,arrivals,0.946917808219178,0.9537671232876712,path1_penalty
LHBP,578,567,566,567,departures,0.9792387543252595,0.9809688581314879,path1_penalty
EGPH,577,573,571,571,departures,0.9896013864818024,0.9896013864818024,path1_penalty
LHBP,577,542,540,543,arrivals,0.9358752166377816,0.9410745233968805,path1_penalty
EGGW,552,532,528,536,arrivals,0.9565217391304348,0.9710144927536232,path1_penalty
EGGW,550,548,538,542,departures,0.9781818181818182,0.9854545454545455,path1_penalty
EDDH,538,532,529,537,departures,0.983271375464684,0.9981412639405205,path1_penalty
EDDH,532,523,521,530,arrivals,0.9793233082706767,0.9962406015037594,path1_penalty
GCLP,521,0,0,0,arrivals,0.0,0.0,path1_penalty
GCLP,520,2,0,0,departures,0.0,0.0,path1_penalty
LLBG,516,457,456,458,arrivals,0.8837209302325582,0.8875968992248062,path1_penalty
EDDK,515,499,499,500,departures,0.9689320388349515,0.970873786407767,path1_penalty
LLBG,513,497,496,497,departures,0.9668615984405458,0.9688109161793372,path1_penalty
LPPR,513,509,508,508,departures,0.9902534113060428,0.9902534113060428,path1_penalty
LPPR,512,482,481,481,arrivals,0.939453125,0.939453125,path1_penalty
LEIB,509,490,490,491,arrivals,0.962671905697446,0.9646365422396856,path1_penalty
EDDK,509,488,485,485,arrivals,0.9528487229862476,0.9528487229862476,path1_penalty
LROP,509,496,494,495,arrivals,0.9705304518664047,0.9724950884086444,path1_penalty
LROP,504,495,494,495,departures,0.9801587301587301,0.9821428571428571,path1_penalty
LEIB,495,418,418,418,departures,0.8444444444444444,0.8444444444444444,path1_penalty
EGBB,474,468,467,467,departures,0.9852320675105485,0.9852320675105485,path1_penalty
EGBB,466,433,432,432,arrivals,0.927038626609442,0.927038626609442,path1_penalty
LIML,465,458,455,464,arrivals,0.978494623655914,0.9978494623655914,path1_penalty
LIME,460,454,451,453,arrivals,0.9804347826086957,0.9847826086956522,path1_penalty
LIML,458,451,451,456,departures,0.9847161572052402,0.9956331877729258,path1_penalty
LIME,453,447,446,446,departures,0.9845474613686535,0.9845474613686535,path1_penalty
LIRN,449,4,0,0,departures,0.0,0.0,path1_penalty
LIRN,447,4,0,0,arrivals,0.0,0.0,path1_penalty
LFML,445,442,441,442,arrivals,0.9910112359550561,0.9932584269662922,path1_penalty
LFML,444,440,439,440,departures,0.9887387387387387,0.990990990990991,path1_penalty
EDDS,440,420,415,419,departures,0.9431818181818182,0.9522727272727273,path1_penalty
EDDS,433,414,414,420,arrivals,0.9561200923787528,0.9699769053117783,path1_penalty
LGIR,430,3,0,0,arrivals,0.0,0.0,path1_penalty
LGIR,424,0,0,0,departures,0.0,0.0,path1_penalty
LIPZ,412,407,407,408,departures,0.9878640776699029,0.9902912621359223,path1_penalty
LFLL,412,401,401,415,arrivals,0.9733009708737864,1.0072815533980584,path1_penalty
LFLL,411,406,406,421,departures,0.9878345498783455,1.024330900243309,path1_penalty
LIPZ,409,390,390,393,arrivals,0.9535452322738386,0.960880195599022,path1_penalty
LPFR,407,403,402,404,arrivals,0.9877149877149877,0.9926289926289926,path1_penalty
LPFR,405,403,400,400,departures,0.9876543209876543,0.9876543209876543,path1_penalty
LYBE,395,374,374,376,arrivals,0.9468354430379747,0.9518987341772152,path1_penalty
LYBE,394,388,388,388,departures,0.9847715736040609,0.9847715736040609,path1_penalty
LICC,391,22,20,20,arrivals,0.05115089514066496,0.05115089514066496,path1_penalty
LICC,390,4,0,0,departures,0.0,0.0,path1_penalty
LTAC,381,2,0,0,departures,0.0,0.0,path1_penalty
LIPE,380,374,374,375,departures,0.9842105263157894,0.9868421052631579,path1_penalty
LIPE,376,373,372,372,arrivals,0.9893617021276596,0.9893617021276596,path1_penalty
LTAC,374,4,0,0,arrivals,0.0,0.0,path1_penalty
LCLK,368,319,316,317,departures,0.8586956521739131,0.8614130434782609,path1_penalty
LCLK,367,356,355,362,arrivals,0.9673024523160763,0.9863760217983651,path1_penalty
GMMN,360,148,147,149,departures,0.4083333333333333,0.41388888888888886,path1_penalty
EPKK,360,351,351,353,departures,0.975,0.9805555555555555,path1_penalty
EGGD,360,343,342,343,arrivals,0.95,0.9527777777777777,path1_penalty
EGGD,359,357,357,357,departures,0.9944289693593314,0.9944289693593314,path1_penalty
LEVC,357,352,352,353,arrivals,0.9859943977591037,0.988795518207283,path1_penalty
GMMN,357,266,266,272,arrivals,0.7450980392156863,0.7619047619047619,path1_penalty
ENBR,357,337,325,335,arrivals,0.9103641456582633,0.938375350140056,path1_penalty
EPKK,356,307,306,307,arrivals,0.8595505617977528,0.8623595505617978,path1_penalty
LEVC,355,318,318,318,departures,0.895774647887324,0.895774647887324,path1_penalty
LFSB,354,349,348,350,departures,0.9830508474576272,0.9887005649717514,path1_penalty
LFSB,352,344,344,345,arrivals,0.9772727272727273,0.9801136363636364,path1_penalty
ENBR,349,342,337,353,departures,0.9656160458452722,1.011461318051576,path1_penalty
LTBJ,346,2,1,1,departures,0.002890173410404624,0.002890173410404624,path1_penalty
LGRP,346,316,315,316,arrivals,0.9104046242774566,0.9132947976878613,path1_penalty
EGPF,346,307,305,308,arrivals,0.8815028901734104,0.8901734104046243,path1_penalty
EGPF,344,324,322,323,departures,0.936046511627907,0.938953488372093,path1_penalty
LTBJ,341,3,0,0,arrivals,0.0,0.0,path1_penalty
LGRP,340,318,318,319,departures,0.9352941176470588,0.9382352941176471,path1_penalty
LMML,326,322,322,325,departures,0.9877300613496932,0.9969325153374233,path1_penalty
LMML,326,320,318,320,arrivals,0.9754601226993865,0.9815950920245399,path1_penalty
LATI,323,2,0,0,arrivals,0.0,0.0,path1_penalty
GCTS,323,0,0,0,arrivals,0.0,0.0,path1_penalty
GCTS,321,2,0,0,departures,0.0,0.0,path1_penalty
GCXO,320,1,0,0,arrivals,0.0,0.0,path1_penalty
GCXO,319,65,65,65,departures,0.20376175548589343,0.20376175548589343,path1_penalty
LATI,316,3,0,0,departures,0.0,0.0,path1_penalty
LICJ,314,120,118,118,arrivals,0.37579617834394907,0.37579617834394907,path1_penalty
LICJ,310,139,139,140,departures,0.4483870967741935,0.45161290322580644,path1_penalty
EBCI,304,304,304,304,departures,1.0,1.0,path1_penalty
EBCI,303,300,299,299,arrivals,0.9867986798679867,0.9867986798679867,path1_penalty
BIKF,297,291,291,292,departures,0.9797979797979798,0.9831649831649831,path1_penalty
BIKF,296,100,99,102,arrivals,0.3344594594594595,0.34459459459459457,path1_penalty
ELLX,294,291,291,291,departures,0.9897959183673469,0.9897959183673469,path1_penalty
ELLX,294,284,284,287,arrivals,0.9659863945578231,0.9761904761904762,path1_penalty
LFBO,293,290,290,291,departures,0.9897610921501706,0.9931740614334471,path1_penalty
LFBO,290,289,287,287,arrivals,0.9896551724137931,0.9896551724137931,path1_penalty
LGTS,281,219,219,222,arrivals,0.7793594306049823,0.7900355871886121,path1_penalty
LTBS,280,5,0,0,arrivals,0.0,0.0,path1_penalty
LGTS,279,116,116,118,departures,0.4157706093189964,0.4229390681003584,path1_penalty
GMMX,279,4,0,0,arrivals,0.0,0.0,path1_penalty
GMMX,278,1,1,1,departures,0.0035971223021582736,0.0035971223021582736,path1_penalty
EVRA,278,228,227,227,arrivals,0.8165467625899281,0.8165467625899281,path1_penalty
LEZL,276,275,274,276,arrivals,0.9927536231884058,1.0,path1_penalty
LEZL,275,274,274,274,departures,0.9963636363636363,0.9963636363636363,path1_penalty
LTBS,273,1,0,0,departures,0.0,0.0,path1_penalty
EVRA,273,270,269,270,departures,0.9853479853479854,0.989010989010989,path1_penalty
LBSF,272,1,0,0,departures,0.0,0.0,path1_penalty
GCRR,269,0,0,0,departures,0.0,0.0,path1_penalty
GCRR,269,0,0,0,arrivals,0.0,0.0,path1_penalty
EGNX,267,264,264,265,departures,0.9887640449438202,0.9925093632958801,path1_penalty
LBSF,267,4,0,0,arrivals,0.0,0.0,path1_penalty
EDDP,261,245,244,245,arrivals,0.9348659003831418,0.9386973180076629,path1_penalty
EPKT,259,241,240,240,departures,0.9266409266409267,0.9266409266409267,path1_penalty
HEGN,258,0,0,0,arrivals,0.0,0.0,path1_penalty
HEGN,257,0,0,0,departures,0.0,0.0,path1_penalty
UGTB,257,1,0,0,departures,0.0,0.0,path1_penalty
LFRS,257,251,248,249,arrivals,0.9649805447470817,0.9688715953307393,path1_penalty
UGTB,257,29,26,27,arrivals,0.10116731517509728,0.10505836575875487,path1_penalty
EPKT,257,237,236,236,arrivals,0.9182879377431906,0.9182879377431906,path1_penalty
LFRS,256,184,184,184,departures,0.71875,0.71875,path1_penalty
EDDP,256,251,251,253,departures,0.98046875,0.98828125,path1_penalty
EGNX,255,240,240,240,arrivals,0.9411764705882353,0.9411764705882353,path1_penalty
LIEO,252,28,25,25,arrivals,0.0992063492063492,0.0992063492063492,path1_penalty
EPGD,248,6,6,6,departures,0.024193548387096774,0.024193548387096774,path1_penalty
LGKR,247,4,0,0,arrivals,0.0,0.0,path1_penalty
EGAA,246,239,205,205,arrivals,0.8333333333333334,0.8333333333333334,path1_penalty
LGKR,244,0,0,0,departures,0.0,0.0,path1_penalty
HECA,244,4,4,4,departures,0.01639344262295082,0.01639344262295082,path1_penalty
EPGD,244,1,0,0,arrivals,0.0,0.0,path1_penalty
EGAA,239,148,148,149,departures,0.6192468619246861,0.6234309623430963,path1_penalty
ENZV,236,71,69,77,departures,0.2923728813559322,0.326271186440678,path1_penalty
ENZV,236,64,61,61,arrivals,0.2584745762711864,0.2584745762711864,path1_penalty
LEBB,235,1,0,0,arrivals,0.0,0.0,path1_penalty
LEBB,234,1,0,0,departures,0.0,0.0,path1_penalty
LTFE,232,179,178,185,arrivals,0.7672413793103449,0.7974137931034483,path1_penalty
HECA,231,39,36,36,arrivals,0.15584415584415584,0.15584415584415584,path1_penalty
LFPB,230,221,221,238,departures,0.9608695652173913,1.0347826086956522,path1_penalty
LIBD,229,1,0,0,arrivals,0.0,0.0,path1_penalty
LIBD,228,2,0,0,departures,0.0,0.0,path1_penalty
LIEO,228,15,9,9,departures,0.039473684210526314,0.039473684210526314,path1_penalty
LIRP,228,148,145,145,arrivals,0.6359649122807017,0.6359649122807017,path1_penalty
UUWW,227,7,4,4,arrivals,0.01762114537444934,0.01762114537444934,path1_penalty
LEMH,226,191,191,191,arrivals,0.8451327433628318,0.8451327433628318,path1_penalty
LFBD,225,222,222,224,departures,0.9866666666666667,0.9955555555555555,path1_penalty
LFPB,225,218,168,172,arrivals,0.7466666666666667,0.7644444444444445,path1_penalty
LEMH,222,174,174,174,departures,0.7837837837837838,0.7837837837837838,path1_penalty
LTFE,220,6,3,3,departures,0.013636363636363636,0.013636363636363636,path1_penalty
LIRP,220,42,41,41,departures,0.18636363636363637,0.18636363636363637,path1_penalty
ENVA,219,208,208,230,arrivals,0.9497716894977168,1.0502283105022832,path1_penalty
LFBD,219,215,215,217,arrivals,0.9817351598173516,0.9908675799086758,path1_penalty
LUKK,217,2,0,0,departures,0.0,0.0,path1_penalty
ENVA,217,210,199,202,departures,0.9170506912442397,0.9308755760368663,path1_penalty
LUKK,217,3,0,0,arrivals,0.0,0.0,path1_penalty
LDSP,216,3,0,0,departures,0.0,0.0,path1_penalty
ESGG,216,214,214,214,departures,0.9907407407407407,0.9907407407407407,path1_penalty
UUWW,216,1,1,1,departures,0.004629629629629629,0.004629629629629629,path1_penalty
LDZA,215,3,0,0,departures,0.0,0.0,path1_penalty
LDSP,215,5,0,0,arrivals,0.0,0.0,path1_penalty
LDZA,215,207,206,213,arrivals,0.958139534883721,0.9906976744186047,path1_penalty
ESGG,214,208,208,210,arrivals,0.9719626168224299,0.9813084112149533,path1_penalty
UUEE,214,1,1,3,arrivals,0.004672897196261682,0.014018691588785047,path1_penalty
EDDV,213,210,210,211,departures,0.9859154929577465,0.9906103286384976,path1_penalty
GCFV,212,0,0,0,departures,0.0,0.0,path1_penalty
UUEE,212,2,2,2,departures,0.009433962264150943,0.009433962264150943,path1_penalty
EGNT,211,199,199,199,departures,0.943127962085308,0.943127962085308,path1_penalty
GCFV,211,2,0,0,arrivals,0.0,0.0,path1_penalty
EGNT,211,184,184,184,arrivals,0.8720379146919431,0.8720379146919431,path1_penalty
EDDV,209,202,202,203,arrivals,0.9665071770334929,0.9712918660287081,path1_penalty
EGGP,208,204,203,206,departures,0.9759615384615384,0.9903846153846154,path1_penalty
EGGP,206,194,194,201,arrivals,0.941747572815534,0.9757281553398058,path1_penalty
LIRQ,202,1,1,1,departures,0.0049504950495049506,0.0049504950495049506,path1_penalty
EDDN,201,195,194,196,departures,0.9651741293532339,0.9751243781094527,path1_penalty
EDDN,199,192,191,196,arrivals,0.9597989949748744,0.9849246231155779,path1_penalty
LGSA,199,18,16,16,arrivals,0.08040201005025126,0.08040201005025126,path1_penalty
EGLC,198,198,198,252,departures,1.0,1.2727272727272727,path1_penalty
LIRQ,198,33,31,31,arrivals,0.15656565656565657,0.15656565656565657,path1_penalty
LGSA,196,14,14,14,departures,0.07142857142857142,0.07142857142857142,path1_penalty
LIEE,195,1,1,1,arrivals,0.005128205128205128,0.005128205128205128,path1_penalty
EPWR,194,189,189,190,arrivals,0.9742268041237113,0.979381443298969,path1_penalty
EPWR,193,190,190,190,departures,0.9844559585492227,0.9844559585492227,path1_penalty
EGNM,193,173,173,176,arrivals,0.8963730569948186,0.9119170984455959,path1_penalty
UDYZ,192,1,0,0,departures,0.0,0.0,path1_penalty
UDYZ,192,1,0,0,arrivals,0.0,0.0,path1_penalty
LIEE,191,1,0,0,departures,0.0,0.0,path1_penalty
EHEH,191,191,189,189,departures,0.9895287958115183,0.9895287958115183,path1_penalty
EGNM,190,185,184,184,departures,0.968421052631579,0.968421052631579,path1_penalty
EHEH,190,187,186,187,arrivals,0.9789473684210527,0.9842105263157894,path1_penalty
EYVI,189,116,115,118,arrivals,0.6084656084656085,0.6243386243386243,path1_penalty
EGLC,189,189,189,276,arrivals,1.0,1.4603174603174602,path1_penalty
EYVI,186,175,175,177,departures,0.9408602150537635,0.9516129032258065,path1_penalty
DAAG,186,5,4,4,departures,0.021505376344086023,0.021505376344086023,path1_penalty
DTTA,186,0,0,0,arrivals,0.0,0.0,path1_penalty
DTTA,185,2,0,0,departures,0.0,0.0,path1_penalty
DAAG,184,93,93,94,arrivals,0.5054347826086957,0.5108695652173914,path1_penalty
LFOB,181,172,172,172,departures,0.9502762430939227,0.9502762430939227,path1_penalty
LFOB,181,177,177,177,arrivals,0.9779005524861878,0.9779005524861878,path1_penalty
LDDU,180,4,0,0,arrivals,0.0,0.0,path1_penalty
LGKO,178,168,168,169,departures,0.9438202247191011,0.949438202247191,path1_penalty
LDDU,177,1,0,0,departures,0.0,0.0,path1_penalty
LGKO,177,166,166,169,arrivals,0.9378531073446328,0.9548022598870056,path1_penalty
EETN,162,142,142,142,arrivals,0.8765432098765432,0.8765432098765432,path1_penalty
EPPO,161,156,156,156,departures,0.968944099378882,0.968944099378882,path1_penalty
HESH,161,0,0,0,arrivals,0.0,0.0,path1_penalty
UMKK,160,1,0,0,departures,0.0,0.0,path1_penalty
EETN,159,149,149,150,departures,0.9371069182389937,0.9433962264150944,path1_penalty
LPMA,159,153,153,153,departures,0.9622641509433962,0.9622641509433962,path1_penalty
HESH,159,0,0,0,departures,0.0,0.0,path1_penalty
UMKK,159,0,0,3,arrivals,0.0,0.018867924528301886,path1_penalty
LPMA,158,14,14,18,arrivals,0.08860759493670886,0.11392405063291139,path1_penalty
LIMF,157,153,151,152,departures,0.9617834394904459,0.9681528662420382,path1_penalty
LIMF,157,155,155,158,arrivals,0.9872611464968153,1.0063694267515924,path1_penalty
LIRA,156,153,153,153,arrivals,0.9807692307692307,0.9807692307692307,path1_penalty
LIRA,154,152,150,154,departures,0.974025974025974,1.0,path1_penalty
EPPO,154,148,148,148,arrivals,0.961038961038961,0.961038961038961,path1_penalty
EKBI,154,150,149,150,arrivals,0.9675324675324676,0.974025974025974,path1_penalty
LPPD,153,42,42,42,departures,0.27450980392156865,0.27450980392156865,path1_penalty
EKBI,152,146,146,147,departures,0.9605263157894737,0.9671052631578947,path1_penalty
LPPD,151,92,91,93,arrivals,0.6026490066225165,0.6158940397350994,path1_penalty
ULLI,148,1,1,1,arrivals,0.006756756756756757,0.006756756756756757,path1_penalty
OLBA,144,8,5,5,departures,0.034722222222222224,0.034722222222222224,path1_penalty
LIPX,144,120,119,119,departures,0.8263888888888888,0.8263888888888888,path1_penalty
OLBA,144,17,16,17,arrivals,0.1111111111111111,0.11805555555555555,path1_penalty
ENTC,143,7,0,0,arrivals,0.0,0.0,path1_penalty
ULLI,142,0,0,0,departures,0.0,0.0,path1_penalty
LIPX,142,138,138,143,arrivals,0.971830985915493,1.0070422535211268,path1_penalty
LGSR,139,3,0,0,departures,0.0,0.0,path1_penalty
LGSR,139,2,0,0,arrivals,0.0,0.0,path1_penalty
ENTC,138,5,0,0,departures,0.0,0.0,path1_penalty
LTCG,138,84,84,84,arrivals,0.6086956521739131,0.6086956521739131,path1_penalty
EGPD,137,124,124,124,departures,0.9051094890510949,0.9051094890510949,path1_penalty
EGPD,136,123,123,123,arrivals,0.9044117647058824,0.9044117647058824,path1_penalty
ENBO,134,99,98,127,departures,0.7313432835820896,0.9477611940298507,path1_penalty
EBLG,134,133,132,138,departures,0.9850746268656716,1.0298507462686568,path1_penalty
LTDB,133,3,0,0,departures,0.0,0.0,path1_penalty
LTCG,133,97,97,97,departures,0.7293233082706767,0.7293233082706767,path1_penalty
ENBO,133,115,110,129,arrivals,0.8270676691729323,0.9699248120300752,path1_penalty
LRCL,130,0,0,0,departures,0.0,0.0,path1_penalty
LIBR,130,2,0,0,departures,0.0,0.0,path1_penalty
LRCL,129,0,0,0,arrivals,0.0,0.0,path1_penalty
LTDB,129,3,0,0,arrivals,0.0,0.0,path1_penalty
LGZA,126,126,123,125,departures,0.9761904761904762,0.9920634920634921,path1_penalty
EBLG,126,97,97,102,arrivals,0.7698412698412699,0.8095238095238095,path1_penalty
LGZA,126,119,118,122,arrivals,0.9365079365079365,0.9682539682539683,path1_penalty
LIBR,125,0,0,0,arrivals,0.0,0.0,path1_penalty
EGAC,123,120,120,121,departures,0.975609756097561,0.983739837398374,path1_penalty
EGAC,123,116,116,149,arrivals,0.943089430894309,1.2113821138211383,path1_penalty
BKPR,120,0,0,0,departures,0.0,0.0,path1_penalty
BKPR,120,2,0,0,arrivals,0.0,0.0,path1_penalty
EICK,120,119,119,119,arrivals,0.9916666666666667,0.9916666666666667,path1_penalty
EICK,119,118,118,118,departures,0.9915966386554622,0.9915966386554622,path1_penalty
LDZD,118,10,3,3,arrivals,0.025423728813559324,0.025423728813559324,path1_penalty
OJAI,116,1,0,1,departures,0.0,0.008620689655172414,path1_penalty
OJAI,116,0,0,0,arrivals,0.0,0.0,path1_penalty
LDZD,114,1,0,0,departures,0.0,0.0,path1_penalty
LICA,112,1,0,0,arrivals,0.0,0.0,path1_penalty
EGLF,110,110,109,119,departures,0.990909090909091,1.0818181818181818,path1_penalty
LICA,108,0,0,0,departures,0.0,0.0,path1_penalty
EGJJ,108,106,96,96,arrivals,0.8888888888888888,0.8888888888888888,path1_penalty
EGLF,108,107,0,0,arrivals,0.0,0.0,path1_penalty
LCPH,107,98,97,97,arrivals,0.9065420560747663,0.9065420560747663,path1_penalty
LWSK,106,0,0,0,departures,0.0,0.0,path1_penalty
OKKK,106,103,103,103,departures,0.9716981132075472,0.9716981132075472,path1_penalty
LEST,106,82,79,79,arrivals,0.7452830188679245,0.7452830188679245,path1_penalty
LCPH,105,23,23,23,departures,0.21904761904761905,0.21904761904761905,path1_penalty
LGMK,105,12,9,9,departures,0.08571428571428572,0.08571428571428572,path1_penalty
LEST,105,15,15,15,departures,0.14285714285714285,0.14285714285714285,path1_penalty
LZIB,105,101,101,101,departures,0.9619047619047619,0.9619047619047619,path1_penalty
LEGE,105,29,27,27,arrivals,0.2571428571428571,0.2571428571428571,path1_penalty
LWSK,105,0,0,0,arrivals,0.0,0.0,path1_penalty
LZIB,105,103,102,102,arrivals,0.9714285714285714,0.9714285714285714,path1_penalty
LEGE,104,79,79,80,departures,0.7596153846153846,0.7692307692307693,path1_penalty
LGMK,104,49,47,50,arrivals,0.4519230769230769,0.4807692307692308,path1_penalty
EDJA,104,102,102,102,arrivals,0.9807692307692307,0.9807692307692307,path1_penalty
EDJA,102,101,101,101,departures,0.9901960784313726,0.9901960784313726,path1_penalty
OKKK,102,41,41,42,arrivals,0.4019607843137255,0.4117647058823529,path1_penalty
EGJJ,101,97,95,101,departures,0.9405940594059405,1.0,path1_penalty
EHRD,100,100,99,101,arrivals,0.99,1.01,path1_penalty
EHRD,99,98,96,101,departures,0.9696969696969697,1.02020202020202,path1_penalty
LBBG,97,82,82,82,arrivals,0.845360824742268,0.845360824742268,path1_penalty
LOWS,96,94,94,97,departures,0.9791666666666666,1.0104166666666667,path1_penalty
LOWS,95,92,90,90,arrivals,0.9473684210526315,0.9473684210526315,path1_penalty
DTTJ,94,1,0,0,arrivals,0.0,0.0,path1_penalty
LJLJ,94,86,85,86,arrivals,0.9042553191489362,0.9148936170212766,path1_penalty
LBBG,93,23,23,23,departures,0.24731182795698925,0.24731182795698925,path1_penalty
LQSA,93,0,0,0,departures,0.0,0.0,path1_penalty
LQSA,93,0,0,0,arrivals,0.0,0.0,path1_penalty
GMAD,92,0,0,0,departures,0.0,0.0,path1_penalty
EGKB,92,91,32,32,departures,0.34782608695652173,0.34782608695652173,path1_penalty
EINN,91,61,60,60,departures,0.6593406593406593,0.6593406593406593,path1_penalty
GMAD,91,0,0,0,arrivals,0.0,0.0,path1_penalty
EGKB,91,90,0,0,arrivals,0.0,0.0,path1_penalty
LJLJ,90,60,60,61,departures,0.6666666666666666,0.6777777777777778,path1_penalty
DTTJ,89,0,0,0,departures,0.0,0.0,path1_penalty
UUDD,89,5,5,5,departures,0.056179775280898875,0.056179775280898875,path1_penalty
EDDW,88,87,86,88,departures,0.9772727272727273,1.0,path1_penalty
GMTT,88,88,88,88,departures,1.0,1.0,path1_penalty
EDLW,87,85,85,86,departures,0.9770114942528736,0.9885057471264368,path1_penalty
EDDW,87,87,87,90,arrivals,1.0,1.0344827586206897,path1_penalty
GMTT,87,86,86,87,arrivals,0.9885057471264368,1.0,path1_penalty
EDLW,87,84,84,84,arrivals,0.9655172413793104,0.9655172413793104,path1_penalty
EINN,86,80,80,82,arrivals,0.9302325581395349,0.9534883720930233,path1_penalty
LIMJ,86,86,85,85,arrivals,0.9883720930232558,0.9883720930232558,path1_penalty
EGHI,86,78,78,79,arrivals,0.9069767441860465,0.9186046511627907,path1_penalty
LIPH,85,85,85,85,departures,1.0,1.0,path1_penalty
GCLA,85,0,0,0,departures,0.0,0.0,path1_penalty
LIPH,85,85,85,85,arrivals,1.0,1.0,path1_penalty
EDSB,85,78,78,79,arrivals,0.9176470588235294,0.9294117647058824,path1_penalty
LFKB,84,5,4,4,departures,0.047619047619047616,0.047619047619047616,path1_penalty
LFKB,84,20,20,20,arrivals,0.23809523809523808,0.23809523809523808,path1_penalty
GCLA,84,0,0,0,arrivals,0.0,0.0,path1_penalty
EGHI,83,74,74,75,departures,0.891566265060241,0.9036144578313253,path1_penalty
EGJB,83,60,55,57,departures,0.6626506024096386,0.6867469879518072,path1_penalty
LYTV,83,2,0,0,arrivals,0.0,0.0,path1_penalty
LYTV,82,1,0,0,departures,0.0,0.0,path1_penalty
EDSB,81,76,76,77,departures,0.9382716049382716,0.9506172839506173,path1_penalty
EGNS,81,73,72,72,arrivals,0.8888888888888888,0.8888888888888888,path1_penalty
DTMB,81,0,0,0,arrivals,0.0,0.0,path1_penalty
EGNS,80,44,44,44,departures,0.55,0.55,path1_penalty
LFKJ,80,78,78,78,arrivals,0.975,0.975,path1_penalty
LIMJ,79,42,41,41,departures,0.5189873417721519,0.5189873417721519,path1_penalty
DTMB,79,1,0,0,departures,0.0,0.0,path1_penalty
LFKJ,78,76,76,76,departures,0.9743589743589743,0.9743589743589743,path1_penalty
EDFH,77,18,17,17,departures,0.22077922077922077,0.22077922077922077,path1_penalty
LYPG,77,0,0,0,departures,0.0,0.0,path1_penalty
LYPG,77,1,0,0,arrivals,0.0,0.0,path1_penalty
EKYT,75,72,72,72,departures,0.96,0.96,path1_penalty
LBWN,75,14,14,14,arrivals,0.18666666666666668,0.18666666666666668,path1_penalty
LFMT,75,54,54,54,arrivals,0.72,0.72,path1_penalty
UUDD,75,0,0,0,arrivals,0.0,0.0,path1_penalty
LFMT,74,69,68,68,departures,0.918918918918919,0.918918918918919,path1_penalty
EDFH,74,71,71,72,arrivals,0.9594594594594594,0.972972972972973,path1_penalty
LTAJ,74,0,0,0,arrivals,0.0,0.0,path1_penalty
EGJB,74,64,58,79,arrivals,0.7837837837837838,1.0675675675675675,path1_penalty
LTAU,73,0,0,0,arrivals,0.0,0.0,path1_penalty
LTAJ,72,0,0,0,departures,0.0,0.0,path1_penalty
LFMD,72,69,31,31,arrivals,0.4305555555555556,0.4305555555555556,path1_penalty
EGHH,72,67,66,68,arrivals,0.9166666666666666,0.9444444444444444,path1_penalty
ENTO,72,55,54,55,arrivals,0.75,0.7638888888888888,path1_penalty
LBWN,71,2,1,1,departures,0.014084507042253521,0.014084507042253521,path1_penalty
LRIA,71,1,0,0,departures,0.0,0.0,path1_penalty
EGHH,71,69,68,68,departures,0.9577464788732394,0.9577464788732394,path1_penalty
ENTO,71,2,1,2,departures,0.014084507042253521,0.028169014084507043,path1_penalty
EKYT,71,69,69,69,arrivals,0.971830985915493,0.971830985915493,path1_penalty
LTAU,70,0,0,0,departures,0.0,0.0,path1_penalty
LEAS,69,2,2,2,departures,0.028985507246376812,0.028985507246376812,path1_penalty
UGSB,69,49,48,49,arrivals,0.6956521739130435,0.7101449275362319,path1_penalty
EDLV,69,69,69,69,arrivals,1.0,1.0,path1_penalty
EDLV,68,68,68,71,departures,1.0,1.0441176470588236,path1_penalty
LERS,68,44,44,44,arrivals,0.6470588235294118,0.6470588235294118,path1_penalty
LEAS,68,1,0,0,arrivals,0.0,0.0,path1_penalty
LRIA,68,0,0,0,arrivals,0.0,0.0,path1_penalty
UGSB,67,47,47,47,departures,0.7014925373134329,0.7014925373134329,path1_penalty
LERS,67,4,4,4,departures,0.05970149253731343,0.05970149253731343,path1_penalty
URSS,67,0,0,0,arrivals,0.0,0.0,path1_penalty
LFMD,65,60,59,61,departures,0.9076923076923077,0.9384615384615385,path1_penalty
LFKF,65,50,49,49,arrivals,0.7538461538461538,0.7538461538461538,path1_penalty
GMME,64,3,3,3,departures,0.046875,0.046875,path1_penalty
GMME,63,18,18,18,arrivals,0.2857142857142857,0.2857142857142857,path1_penalty
LIEA,62,62,62,62,departures,1.0,1.0,path1_penalty
LGKF,62,59,58,59,departures,0.9354838709677419,0.9516129032258065,path1_penalty
LIEA,62,62,62,62,arrivals,1.0,1.0,path1_penalty
LIPQ,61,58,58,58,departures,0.9508196721311475,0.9508196721311475,path1_penalty
LFKF,61,5,5,5,departures,0.08196721311475409,0.08196721311475409,path1_penalty
EDDG,60,60,60,60,departures,1.0,1.0,path1_penalty
EPRZ,60,57,56,56,departures,0.9333333333333333,0.9333333333333333,path1_penalty
LGKF,60,56,55,56,arrivals,0.9166666666666666,0.9333333333333333,path1_penalty
DTNH,59,0,0,0,departures,0.0,0.0,path1_penalty
LRTR,59,0,0,0,departures,0.0,0.0,path1_penalty
LIPQ,59,59,58,58,arrivals,0.9830508474576272,0.9830508474576272,path1_penalty
LTBA,58,54,52,59,departures,0.896551724137931,1.0172413793103448,path1_penalty
DTNH,58,0,0,0,arrivals,0.0,0.0,path1_penalty
EPRZ,58,55,54,54,arrivals,0.9310344827586207,0.9310344827586207,path1_penalty
LFBZ,57,54,54,55,arrivals,0.9473684210526315,0.9649122807017544,path1_penalty
LRTR,57,0,0,1,arrivals,0.0,0.017543859649122806,path1_penalty
LFQQ,57,56,56,56,arrivals,0.9824561403508771,0.9824561403508771,path1_penalty
LOWG,56,55,52,53,departures,0.9285714285714286,0.9464285714285714,path1_penalty
LFQQ,56,54,54,54,departures,0.9642857142857143,0.9642857142857143,path1_penalty
LTCC,56,0,0,0,arrivals,0.0,0.0,path1_penalty
EDDG,56,54,54,54,arrivals,0.9642857142857143,0.9642857142857143,path1_penalty
LFBZ,55,1,1,1,departures,0.01818181818181818,0.01818181818181818,path1_penalty
LTCC,55,1,0,0,departures,0.0,0.0,path1_penalty
LDPL,55,47,46,51,arrivals,0.8363636363636363,0.9272727272727272,path1_penalty
LFTH,55,39,36,49,arrivals,0.6545454545454545,0.8909090909090909,path1_penalty
EYKA,54,52,51,51,departures,0.9444444444444444,0.9444444444444444,path1_penalty
LOWG,53,53,53,57,arrivals,1.0,1.0754716981132075,path1_penalty
LKTB,52,50,47,51,departures,0.9038461538461539,0.9807692307692307,path1_penalty
URSS,52,0,0,0,departures,0.0,0.0,path1_penalty
GMFF,52,0,0,0,departures,0.0,0.0,path1_penalty
LTBA,52,47,42,65,arrivals,0.8076923076923077,1.25,path1_penalty
LKTB,52,51,50,52,arrivals,0.9615384615384616,1.0,path1_penalty
GMFF,52,0,0,0,arrivals,0.0,0.0,path1_penalty
LFTH,51,8,5,16,departures,0.09803921568627451,0.3137254901960784,path1_penalty
EGPE,51,35,35,35,departures,0.6862745098039216,0.6862745098039216,path1_penalty
EHKD,50,44,41,51,departures,0.82,1.02,path1_penalty
LFST,50,48,48,48,arrivals,0.96,0.96,path1_penalty
EYKA,50,13,9,9,arrivals,0.18,0.18,path1_penalty
LDPL,49,17,17,17,departures,0.3469387755102041,0.3469387755102041,path1_penalty
UGKO,49,0,0,0,departures,0.0,0.0,path1_penalty
LFST,49,47,47,47,departures,0.9591836734693877,0.9591836734693877,path1_penalty
DAOO,49,19,19,19,arrivals,0.3877551020408163,0.3877551020408163,path1_penalty
UGKO,49,0,0,0,arrivals,0.0,0.0,path1_penalty
EGFF,49,46,45,46,arrivals,0.9183673469387755,0.9387755102040817,path1_penalty
EGPE,49,45,45,45,arrivals,0.9183673469387755,0.9183673469387755,path1_penalty
DAOO,48,4,4,4,departures,0.08333333333333333,0.08333333333333333,path1_penalty
EGFF,48,47,46,47,departures,0.9583333333333334,0.9791666666666666,path1_penalty
UBBN,48,0,0,0,departures,0.0,0.0,path1_penalty
ENCN,48,23,23,23,departures,0.4791666666666667,0.4791666666666667,path1_penalty
EHKD,48,36,36,43,arrivals,0.75,0.8958333333333334,path1_penalty
ENAL,48,1,1,1,arrivals,0.020833333333333332,0.020833333333333332,path1_penalty
UBBN,48,1,0,0,arrivals,0.0,0.0,path1_penalty
ORBI,48,1,0,0,arrivals,0.0,0.0,path1_penalty
LFRB,47,41,41,41,departures,0.8723404255319149,0.8723404255319149,path1_penalty
ENAL,46,0,0,0,departures,0.0,0.0,path1_penalty
ENKB,46,0,0,0,departures,0.0,0.0,path1_penalty
LGPZ,46,3,0,0,arrivals,0.0,0.0,path1_penalty
LTFH,45,3,3,3,departures,0.06666666666666667,0.06666666666666667,path1_penalty
LGPZ,45,2,0,0,departures,0.0,0.0,path1_penalty
EDDC,45,43,43,43,departures,0.9555555555555556,0.9555555555555556,path1_penalty
LGPA,45,0,0,0,departures,0.0,0.0,path1_penalty
LTFH,45,3,2,2,arrivals,0.044444444444444446,0.044444444444444446,path1_penalty
EDDC,45,45,45,45,arrivals,1.0,1.0,path1_penalty
LIRI,44,7,0,0,departures,0.0,0.0,path1_penalty
GEML,44,40,40,40,departures,0.9090909090909091,0.9090909090909091,path1_penalty
ORER,44,0,0,0,departures,0.0,0.0,path1_penalty
ESSB,44,38,37,38,departures,0.8409090909090909,0.8636363636363636,path1_penalty
BIRK,44,39,39,39,departures,0.8863636363636364,0.8863636363636364,path1_penalty
GEML,44,43,43,43,arrivals,0.9772727272727273,0.9772727272727273,path1_penalty
ORER,44,0,0,0,arrivals,0.0,0.0,path1_penalty
LEJR,44,44,44,45,arrivals,1.0,1.0227272727272727,path1_penalty
BIRK,44,36,34,35,arrivals,0.7727272727272727,0.7954545454545454,path1_penalty
ENKB,44,0,0,0,arrivals,0.0,0.0,path1_penalty
LFRB,44,39,39,39,arrivals,0.8863636363636364,0.8863636363636364,path1_penalty
LKMT,44,38,38,43,arrivals,0.8636363636363636,0.9772727272727273,path1_penalty
LKMT,43,25,21,21,departures,0.4883720930232558,0.4883720930232558,path1_penalty
LIBP,43,43,43,43,arrivals,1.0,1.0,path1_penalty
LOWI,43,28,27,27,arrivals,0.627906976744186,0.627906976744186,path1_penalty
ENCN,43,10,10,10,arrivals,0.23255813953488372,0.23255813953488372,path1_penalty
EPMO,42,42,42,42,departures,1.0,1.0,path1_penalty
ENEV,42,6,0,0,departures,0.0,0.0,path1_penalty
ORBI,42,0,0,0,departures,0.0,0.0,path1_penalty
LIRI,42,4,0,0,arrivals,0.0,0.0,path1_penalty
UMMS,42,2,2,3,arrivals,0.047619047619047616,0.07142857142857142,path1_penalty
ESMS,42,36,36,36,arrivals,0.8571428571428571,0.8571428571428571,path1_penalty
ENEV,42,9,0,0,arrivals,0.0,0.0,path1_penalty
LGSM,42,7,7,10,arrivals,0.16666666666666666,0.23809523809523808,path1_penalty
ESMS,41,38,38,38,departures,0.926829268292683,0.926829268292683,path1_penalty
LIBP,41,41,41,42,departures,1.0,1.024390243902439,path1_penalty
LGSM,41,3,2,5,departures,0.04878048780487805,0.12195121951219512,path1_penalty
LIRZ,41,41,41,45,arrivals,1.0,1.0975609756097562,path1_penalty
UMMS,40,13,13,13,departures,0.325,0.325,path1_penalty
LEJR,40,40,40,40,departures,1.0,1.0,path1_penalty
LEVX,40,0,0,0,arrivals,0.0,0.0,path1_penalty
UWKD,40,0,0,0,arrivals,0.0,0.0,path1_penalty
LICT,40,1,1,1,arrivals,0.025,0.025,path1_penalty
EPMO,40,30,30,30,arrivals,0.75,0.75,path1_penalty
LEAM,40,36,36,37,arrivals,0.9,0.925,path1_penalty
GMMW,40,6,6,6,arrivals,0.15,0.15,path1_penalty
LGPA,40,0,0,0,arrivals,0.0,0.0,path1_penalty
LEVT,39,0,0,0,departures,0.0,0.0,path1_penalty
LICT,39,2,2,2,departures,0.05128205128205128,0.05128205128205128,path1_penalty
LIRZ,39,39,35,35,departures,0.8974358974358975,0.8974358974358975,path1_penalty
LEXJ,39,0,0,0,departures,0.0,0.0,path1_penalty
GMMW,39,19,19,19,departures,0.48717948717948717,0.48717948717948717,path1_penalty
EGPB,39,0,0,0,arrivals,0.0,0.0,path1_penalty
LEVT,39,0,0,0,arrivals,0.0,0.0,path1_penalty
LEZG,39,16,15,15,arrivals,0.38461538461538464,0.38461538461538464,path1_penalty
EDLP,39,35,34,35,arrivals,0.8717948717948718,0.8974358974358975,path1_penalty
EGPB,38,0,0,0,departures,0.0,0.0,path1_penalty
UWKD,38,0,0,0,departures,0.0,0.0,path1_penalty
LEZG,38,14,14,15,departures,0.3684210526315789,0.39473684210526316,path1_penalty
ESPA,38,0,0,0,departures,0.0,0.0,path1_penalty
LEVX,37,1,0,0,departures,0.0,0.0,path1_penalty
LGSK,37,1,1,1,departures,0.02702702702702703,0.02702702702702703,path1_penalty
LOWL,37,36,36,37,departures,0.972972972972973,1.0,path1_penalty
LEAM,37,35,35,35,departures,0.9459459459459459,0.9459459459459459,path1_penalty
LIPY,37,1,0,0,departures,0.0,0.0,path1_penalty
LGSK,37,15,15,15,arrivals,0.40540540540540543,0.40540540540540543,path1_penalty
ESSB,37,32,32,35,arrivals,0.8648648648648649,0.9459459459459459,path1_penalty
LEXJ,37,0,0,0,arrivals,0.0,0.0,path1_penalty
EGTE,36,27,27,27,departures,0.75,0.75,path1_penalty
LECO,36,35,35,35,departures,0.9722222222222222,0.9722222222222222,path1_penalty
EGTE,36,33,33,33,arrivals,0.9166666666666666,0.9166666666666666,path1_penalty
LIPY,36,2,2,2,arrivals,0.05555555555555555,0.05555555555555555,path1_penalty
LTFO,36,7,6,6,arrivals,0.16666666666666666,0.16666666666666666,path1_penalty
EGMC,35,35,35,39,departures,1.0,1.1142857142857143,path1_penalty
EDLP,35,30,30,31,departures,0.8571428571428571,0.8857142857142857,path1_penalty
LZKZ,35,18,18,18,departures,0.5142857142857142,0.5142857142857142,path1_penalty
LTFO,35,0,0,0,departures,0.0,0.0,path1_penalty
LTFG,35,35,34,34,arrivals,0.9714285714285714,0.9714285714285714,path1_penalty
ESPA,35,0,0,0,arrivals,0.0,0.0,path1_penalty
LECO,35,35,35,38,arrivals,1.0,1.0857142857142856,path1_penalty
GMFO,34,1,1,1,departures,0.029411764705882353,0.029411764705882353,path1_penalty
LTFG,34,34,34,34,departures,1.0,1.0,path1_penalty
LEGR,34,0,0,0,departures,0.0,0.0,path1_penalty
LOWL,34,32,31,31,arrivals,0.9117647058823529,0.9117647058823529,path1_penalty
LICR,34,0,0,0,arrivals,0.0,0.0,path1_penalty
GMFO,34,7,7,7,arrivals,0.20588235294117646,0.20588235294117646,path1_penalty
LEGR,34,0,0,0,arrivals,0.0,0.0,path1_penalty
LGMT,34,34,34,34,arrivals,1.0,1.0,path1_penalty
LZKZ,34,25,25,26,arrivals,0.7352941176470589,0.7647058823529411,path1_penalty
LICR,33,0,0,0,departures,0.0,0.0,path1_penalty
LTCI,33,0,0,0,departures,0.0,0.0,path1_penalty
LGMT,33,31,31,32,departures,0.9393939393939394,0.9696969696969697,path1_penalty
LOWI,33,15,14,14,departures,0.42424242424242425,0.42424242424242425,path1_penalty
EGMC,33,33,33,35,arrivals,1.0,1.0606060606060606,path1_penalty
EKAH,33,28,28,28,arrivals,0.8484848484848485,0.8484848484848485,path1_penalty
EGWU,32,32,0,1,departures,0.0,0.03125,path1_penalty
LTCB,32,2,2,2,departures,0.0625,0.0625,path1_penalty
EKAH,32,6,6,6,departures,0.1875,0.1875,path1_penalty
LFRN,32,32,32,32,departures,1.0,1.0,path1_penalty
LEMI,32,32,32,32,arrivals,1.0,1.0,path1_penalty
LTCI,32,0,0,0,arrivals,0.0,0.0,path1_penalty
LEMI,31,24,24,24,departures,0.7741935483870968,0.7741935483870968,path1_penalty
EIKN,31,30,30,30,departures,0.967741935483871,0.967741935483871,path1_penalty
ENHD,31,1,0,0,departures,0.0,0.0,path1_penalty
EDMO,31,29,25,25,departures,0.8064516129032258,0.8064516129032258,path1_penalty
LFRN,31,31,31,31,arrivals,1.0,1.0,path1_penalty
LTCE,31,0,0,0,arrivals,0.0,0.0,path1_penalty
EGPK,30,28,28,28,departures,0.9333333333333333,0.9333333333333333,path1_penalty
URMM,30,0,0,0,departures,0.0,0.0,path1_penalty
LGNX,30,1,0,0,departures,0.0,0.0,path1_penalty
LTCB,30,10,10,10,arrivals,0.3333333333333333,0.3333333333333333,path1_penalty
LGNX,30,0,0,0,arrivals,0.0,0.0,path1_penalty
EIKN,30,30,30,30,arrivals,1.0,1.0,path1_penalty
EBAW,29,29,25,25,departures,0.8620689655172413,0.8620689655172413,path1_penalty
LTCE,29,0,0,0,departures,0.0,0.0,path1_penalty
EGPA,29,0,0,0,departures,0.0,0.0,path1_penalty
LTAZ,29,0,0,0,departures,0.0,0.0,path1_penalty
EGPK,29,29,29,31,arrivals,1.0,1.0689655172413792,path1_penalty
URMM,29,0,0,0,arrivals,0.0,0.0,path1_penalty
ENHD,29,1,1,3,arrivals,0.034482758620689655,0.10344827586206896,path1_penalty
LTAZ,29,1,0,0,arrivals,0.0,0.0,path1_penalty
EGHQ,28,27,27,27,departures,0.9642857142857143,0.9642857142857143,path1_penalty
ESNU,28,0,0,0,departures,0.0,0.0,path1_penalty
EGHQ,28,27,27,27,arrivals,0.9642857142857143,0.9642857142857143,path1_penalty
LTCA,27,0,0,0,departures,0.0,0.0,path1_penalty
ENBN,27,0,0,0,departures,0.0,0.0,path1_penalty
LICD,27,0,0,0,departures,0.0,0.0,path1_penalty
LIPB,27,13,11,11,arrivals,0.4074074074074074,0.4074074074074074,path1_penalty
EGWU,27,25,0,0,arrivals,0.0,0.0,path1_penalty
LTAN,27,0,0,0,arrivals,0.0,0.0,path1_penalty
LTCA,27,0,0,0,arrivals,0.0,0.0,path1_penalty
LICD,27,2,2,2,arrivals,0.07407407407407407,0.07407407407407407,path1_penalty
LFKC,27,27,27,27,arrivals,1.0,1.0,path1_penalty
LTAT,26,0,0,0,departures,0.0,0.0,path1_penalty
LPCS,26,24,23,24,departures,0.8846153846153846,0.9230769230769231,path1_penalty
LIPB,26,0,0,0,departures,0.0,0.0,path1_penalty
LTCS,26,0,0,0,departures,0.0,0.0,path1_penalty
LTAN,26,0,0,0,departures,0.0,0.0,path1_penalty
LRBS,26,26,26,28,departures,1.0,1.0769230769230769,path1_penalty
LFKC,26,26,26,26,departures,1.0,1.0,path1_penalty
LGHI,26,0,0,0,arrivals,0.0,0.0,path1_penalty
LTCS,26,0,0,0,arrivals,0.0,0.0,path1_penalty
ESNU,26,0,0,0,arrivals,0.0,0.0,path1_penalty
ENBN,26,1,0,0,arrivals,0.0,0.0,path1_penalty
EGPA,26,0,0,0,arrivals,0.0,0.0,path1_penalty
LGKL,25,5,4,4,departures,0.16,0.16,path1_penalty
LGHI,25,1,0,0,departures,0.0,0.0,path1_penalty
LGML,25,0,0,0,departures,0.0,0.0,path1_penalty
LFMP,25,4,4,4,departures,0.16,0.16,path1_penalty
EHBK,25,21,19,20,departures,0.76,0.8,path1_penalty
EFOU,25,0,0,0,departures,0.0,0.0,path1_penalty
EGSH,25,25,25,25,departures,1.0,1.0,path1_penalty
LPCS,25,25,23,26,arrivals,0.92,1.04,path1_penalty
LGKL,25,13,13,14,arrivals,0.52,0.56,path1_penalty
EBAW,25,25,24,26,arrivals,0.96,1.04,path1_penalty
EFOU,25,0,0,0,arrivals,0.0,0.0,path1_penalty
EGSH,25,25,25,26,arrivals,1.0,1.04,path1_penalty
LFRK,24,1,0,0,departures,0.0,0.0,path1_penalty
EKVG,24,0,0,0,departures,0.0,0.0,path1_penalty
ENFL,24,0,0,0,departures,0.0,0.0,path1_penalty
ENAT,24,0,0,0,departures,0.0,0.0,path1_penalty
LICG,24,0,0,0,departures,0.0,0.0,path1_penalty
LIPR,24,21,21,23,departures,0.875,0.9583333333333334,path1_penalty
LTAT,24,0,0,0,arrivals,0.0,0.0,path1_penalty
EKVG,24,0,0,0,arrivals,0.0,0.0,path1_penalty
ENFL,24,0,0,0,arrivals,0.0,0.0,path1_penalty
ENAT,24,0,0,0,arrivals,0.0,0.0,path1_penalty
LESO,24,1,0,0,arrivals,0.0,0.0,path1_penalty
LFMP,24,14,14,14,arrivals,0.5833333333333334,0.5833333333333334,path1_penalty
EHBK,24,19,19,20,arrivals,0.7916666666666666,0.8333333333333334,path1_penalty
LIPR,24,23,22,23,arrivals,0.9166666666666666,0.9583333333333334,path1_penalty
EDDR,23,16,16,17,departures,0.6956521739130435,0.7391304347826086,path1_penalty
ESSV,23,0,0,0,departures,0.0,0.0,path1_penalty
ENOV,23,0,0,0,departures,0.0,0.0,path1_penalty
ENKR,23,0,0,0,departures,0.0,0.0,path1_penalty
LESO,23,1,0,0,departures,0.0,0.0,path1_penalty
ENLK,23,4,0,0,departures,0.0,0.0,path1_penalty
LFBT,23,20,20,20,departures,0.8695652173913043,0.8695652173913043,path1_penalty
ENKR,23,0,0,0,arrivals,0.0,0.0,path1_penalty
LICG,23,3,3,3,arrivals,0.13043478260869565,0.13043478260869565,path1_penalty
EGPO,23,3,0,0,arrivals,0.0,0.0,path1_penalty
EDXW,22,20,19,19,departures,0.8636363636363636,0.8636363636363636,path1_penalty
LLER,22,0,0,0,departures,0.0,0.0,path1_penalty
LSGS,22,0,0,0,departures,0.0,0.0,path1_penalty
LRSB,22,1,0,0,departures,0.0,0.0,path1_penalty
LFBP,22,4,4,4,departures,0.18181818181818182,0.18181818181818182,path1_penalty
LGKP,22,0,0,0,departures,0.0,0.0,path1_penalty
EGNV,22,19,19,19,departures,0.8636363636363636,0.8636363636363636,path1_penalty
EGPO,22,0,0,0,departures,0.0,0.0,path1_penalty
EPSC,22,0,0,0,departures,0.0,0.0,path1_penalty
EIKY,22,22,22,22,departures,1.0,1.0,path1_penalty
LRCV,22,1,0,0,departures,0.0,0.0,path1_penalty
GCHI,22,0,0,0,departures,0.0,0.0,path1_penalty
LFRK,22,21,20,20,arrivals,0.9090909090909091,0.9090909090909091,path1_penalty
EDDR,22,16,16,19,arrivals,0.7272727272727273,0.8636363636363636,path1_penalty
ESSV,22,0,0,0,arrivals,0.0,0.0,path1_penalty
EDXW,22,21,20,21,arrivals,0.9090909090909091,0.9545454545454546,path1_penalty
ENOV,22,0,0,0,arrivals,0.0,0.0,path1_penalty
LLER,22,0,0,0,arrivals,0.0,0.0,path1_penalty
LRSB,22,0,0,0,arrivals,0.0,0.0,path1_penalty
LFBP,22,21,19,19,arrivals,0.8636363636363636,0.8636363636363636,path1_penalty
LGKP,22,0,0,0,arrivals,0.0,0.0,path1_penalty
EDMO,22,22,19,20,arrivals,0.8636363636363636,0.9090909090909091,path1_penalty
EPSC,22,1,0,0,arrivals,0.0,0.0,path1_penalty
ENLK,22,2,0,0,arrivals,0.0,0.0,path1_penalty
GCHI,22,0,0,0,arrivals,0.0,0.0,path1_penalty
LFBT,22,22,22,24,arrivals,1.0,1.0909090909090908,path1_penalty
LDRI,21,0,0,0,departures,0.0,0.0,path1_penalty
ENSG,21,7,0,0,departures,0.0,0.0,path1_penalty
LRSV,21,0,0,0,departures,0.0,0.0,path1_penalty
BIAR,21,0,0,0,departures,0.0,0.0,path1_penalty
LDRI,21,1,0,0,arrivals,0.0,0.0,path1_penalty
ENSG,21,8,0,0,arrivals,0.0,0.0,path1_penalty
LGML,21,0,0,0,arrivals,0.0,0.0,path1_penalty
EGNV,21,19,19,19,arrivals,0.9047619047619048,0.9047619047619048,path1_penalty
LSZB,21,20,20,22,arrivals,0.9523809523809523,1.0476190476190477,path1_penalty
EIKY,21,21,21,21,arrivals,1.0,1.0,path1_penalty
LFLC,21,19,18,19,arrivals,0.8571428571428571,0.9047619047619048,path1_penalty
LRCV,21,1,0,0,arrivals,0.0,0.0,path1_penalty
LRBS,21,21,20,22,arrivals,0.9523809523809523,1.0476190476190477,path1_penalty
BIAR,21,0,0,0,arrivals,0.0,0.0,path1_penalty
DABC,20,0,0,0,departures,0.0,0.0,path1_penalty
LTCR,20,0,0,0,departures,0.0,0.0,path1_penalty
LSZB,20,18,18,18,departures,0.9,0.9,path1_penalty
GMTN,20,20,19,19,arrivals,0.95,0.95,path1_penalty
LSGS,20,2,0,0,arrivals,0.0,0.0,path1_penalty
LTCR,20,0,0,0,arrivals,0.0,0.0,path1_penalty
LRSV,20,0,0,0,arrivals,0.0,0.0,path1_penalty
EGNJ,20,15,15,15,arrivals,0.75,0.75,path1_penalty
HLLM,20,1,0,0,arrivals,0.0,0.0,path1_penalty
DABC,20,0,0,0,arrivals,0.0,0.0,path1_penalty
LOWK,19,0,0,0,departures,0.0,0.0,path1_penalty
LTCJ,19,0,0,0,departures,0.0,0.0,path1_penalty
GMTN,19,18,18,18,departures,0.9473684210526315,0.9473684210526315,path1_penalty
EFTU,19,1,1,1,departures,0.05263157894736842,0.05263157894736842,path1_penalty
ENVD,19,0,0,0,departures,0.0,0.0,path1_penalty
LRBC,19,0,0,0,departures,0.0,0.0,path1_penalty
EGTK,19,19,19,20,departures,1.0,1.0526315789473684,path1_penalty
ENSK,19,5,0,0,departures,0.0,0.0,path1_penalty
LSZR,19,18,18,21,departures,0.9473684210526315,1.105263157894737,path1_penalty
HLLM,19,1,0,0,departures,0.0,0.0,path1_penalty
LTCJ,19,0,0,0,arrivals,0.0,0.0,path1_penalty
LRBC,19,1,0,0,arrivals,0.0,0.0,path1_penalty
ENSK,19,4,0,0,arrivals,0.0,0.0,path1_penalty
LFTZ,19,18,0,0,arrivals,0.0,0.0,path1_penalty
LSZR,19,19,19,19,arrivals,1.0,1.0,path1_penalty
EYPA,18,16,15,15,departures,0.8333333333333334,0.8333333333333334,path1_penalty
EGJA,18,13,6,6,departures,0.3333333333333333,0.3333333333333333,path1_penalty
EBOS,18,16,16,16,departures,0.8888888888888888,0.8888888888888888,path1_penalty
LFLC,18,0,0,0,departures,0.0,0.0,path1_penalty
LOWK,18,1,0,0,arrivals,0.0,0.0,path1_penalty
LIPO,18,18,14,16,arrivals,0.7777777777777778,0.8888888888888888,path1_penalty
EFTU,18,9,9,9,arrivals,0.5,0.5,path1_penalty
EGJA,18,18,7,12,arrivals,0.3888888888888889,0.6666666666666666,path1_penalty
EFRO,17,0,0,0,departures,0.0,0.0,path1_penalty
LPAZ,17,0,0,0,departures,0.0,0.0,path1_penalty
EPLL,17,0,0,0,departures,0.0,0.0,path1_penalty
EBKT,17,16,16,17,departures,0.9411764705882353,1.0,path1_penalty
LQBK,17,0,0,0,departures,0.0,0.0,path1_penalty
ENML,17,0,0,0,departures,0.0,0.0,path1_penalty
LGAL,17,0,0,0,departures,0.0,0.0,path1_penalty
EFRO,17,0,0,0,arrivals,0.0,0.0,path1_penalty
LQBK,17,0,0,0,arrivals,0.0,0.0,path1_penalty
EYPA,17,4,3,3,arrivals,0.17647058823529413,0.17647058823529413,path1_penalty
EBOS,17,16,16,19,arrivals,0.9411764705882353,1.1176470588235294,path1_penalty
LFLY,16,15,0,0,departures,0.0,0.0,path1_penalty
EKRN,16,0,0,0,departures,0.0,0.0,path1_penalty
LYNI,16,0,0,0,departures,0.0,0.0,path1_penalty
LFBL,16,0,0,0,departures,0.0,0.0,path1_penalty
EPBY,16,15,15,15,departures,0.9375,0.9375,path1_penalty
LTCF,16,0,0,0,departures,0.0,0.0,path1_penalty
EGNJ,16,12,12,12,departures,0.75,0.75,path1_penalty
EDDE,16,16,16,16,departures,1.0,1.0,path1_penalty
LXGB,16,15,15,15,departures,0.9375,0.9375,path1_penalty
LEPP,16,0,0,0,departures,0.0,0.0,path1_penalty
EPLB,16,7,7,7,departures,0.4375,0.4375,path1_penalty
LFBE,16,10,9,9,departures,0.5625,0.5625,path1_penalty
EKEB,16,13,13,13,departures,0.8125,0.8125,path1_penalty
LECH,16,6,5,5,departures,0.3125,0.3125,path1_penalty
LFLY,16,16,0,0,arrivals,0.0,0.0,path1_penalty
LYNI,16,0,0,0,arrivals,0.0,0.0,path1_penalty
LFBL,16,0,0,0,arrivals,0.0,0.0,path1_penalty
EPLL,16,15,15,15,arrivals,0.9375,0.9375,path1_penalty
LTCF,16,0,0,0,arrivals,0.0,0.0,path1_penalty
LFMK,16,5,5,5,arrivals,0.3125,0.3125,path1_penalty
ENSH,16,1,0,0,arrivals,0.0,0.0,path1_penalty
EGTK,16,16,15,15,arrivals,0.9375,0.9375,path1_penalty
LGAL,16,15,15,15,arrivals,0.9375,0.9375,path1_penalty
EDVE,16,16,14,14,arrivals,0.875,0.875,path1_penalty
LXGB,16,15,15,15,arrivals,0.9375,0.9375,path1_penalty
EPLB,16,15,15,16,arrivals,0.9375,1.0,path1_penalty
LFBE,16,10,10,10,arrivals,0.625,0.625,path1_penalty
UWGG,15,0,0,0,departures,0.0,0.0,path1_penalty
HESX,15,0,0,0,departures,0.0,0.0,path1_penalty
LTCK,15,0,0,0,departures,0.0,0.0,path1_penalty
EDNY,15,13,12,12,departures,0.8,0.8,path1_penalty
LFMK,15,0,0,0,departures,0.0,0.0,path1_penalty
ENRA,15,0,0,0,departures,0.0,0.0,path1_penalty
EGAE,15,1,1,1,departures,0.06666666666666667,0.06666666666666667,path1_penalty
LFRM,15,15,14,16,arrivals,0.9333333333333333,1.0666666666666667,path1_penalty
EKRN,15,0,0,0,arrivals,0.0,0.0,path1_penalty
HESX,15,1,1,4,arrivals,0.06666666666666667,0.26666666666666666,path1_penalty
ENVD,15,0,0,0,arrivals,0.0,0.0,path1_penalty
LTCK,15,0,0,0,arrivals,0.0,0.0,path1_penalty
EPBY,15,7,7,7,arrivals,0.4666666666666667,0.4666666666666667,path1_penalty
EDNY,15,12,12,13,arrivals,0.8,0.8666666666666667,path1_penalty
ENML,15,0,0,0,arrivals,0.0,0.0,path1_penalty
LLHA,15,13,13,13,arrivals,0.8666666666666667,0.8666666666666667,path1_penalty
EDDE,15,15,15,15,arrivals,1.0,1.0,path1_penalty
LFSD,15,15,14,15,arrivals,0.9333333333333333,1.0,path1_penalty
LGLM,15,2,0,0,arrivals,0.0,0.0,path1_penalty
EKEB,15,12,12,12,arrivals,0.8,0.8,path1_penalty
LECH,15,13,13,14,arrivals,0.8666666666666667,0.9333333333333333,path1_penalty
LTAY,14,0,0,0,departures,0.0,0.0,path1_penalty
ETSI,14,13,13,13,departures,0.9285714285714286,0.9285714285714286,path1_penalty
LLHA,14,13,13,13,departures,0.9285714285714286,0.9285714285714286,path1_penalty
LROD,14,0,0,0,departures,0.0,0.0,path1_penalty
ENSH,14,1,0,0,departures,0.0,0.0,path1_penalty
LTAR,14,0,0,0,departures,0.0,0.0,path1_penalty
EFKU,14,14,14,14,departures,1.0,1.0,path1_penalty
EDVE,14,14,14,14,departures,1.0,1.0,path1_penalty
LGLM,14,1,0,0,departures,0.0,0.0,path1_penalty
LFBH,14,2,2,2,arrivals,0.14285714285714285,0.14285714285714285,path1_penalty
LPAZ,14,10,10,12,arrivals,0.7142857142857143,0.8571428571428571,path1_penalty
LROD,14,0,0,0,arrivals,0.0,0.0,path1_penalty
ENRA,14,1,0,0,arrivals,0.0,0.0,path1_penalty
EGAE,14,1,1,1,arrivals,0.07142857142857142,0.07142857142857142,path1_penalty
LTAR,14,0,0,0,arrivals,0.0,0.0,path1_penalty
LEPP,14,0,0,0,arrivals,0.0,0.0,path1_penalty
LFRM,13,13,13,14,departures,1.0,1.0769230769230769,path1_penalty
LFBH,13,13,13,13,departures,1.0,1.0,path1_penalty
LTDA,13,0,0,0,departures,0.0,0.0,path1_penalty
LGKV,13,13,13,13,departures,1.0,1.0,path1_penalty
LPPS,13,0,0,0,departures,0.0,0.0,path1_penalty
LFRZ,13,10,10,10,departures,0.7692307692307693,0.7692307692307693,path1_penalty
LTCT,13,0,0,0,departures,0.0,0.0,path1_penalty
LIBC,13,0,0,0,departures,0.0,0.0,path1_penalty
EDMA,13,13,13,13,departures,1.0,1.0,path1_penalty
EFVA,13,0,0,0,departures,0.0,0.0,path1_penalty
UWGG,13,0,0,0,arrivals,0.0,0.0,path1_penalty
LTAY,13,0,0,0,arrivals,0.0,0.0,path1_penalty
LGKV,13,13,13,13,arrivals,1.0,1.0,path1_penalty
LPPS,13,6,2,2,arrivals,0.15384615384615385,0.15384615384615385,path1_penalty
LFRZ,13,13,12,17,arrivals,0.9230769230769231,1.3076923076923077,path1_penalty
EFKU,13,13,13,13,arrivals,1.0,1.0,path1_penalty
LTCT,13,0,0,0,arrivals,0.0,0.0,path1_penalty
LBPD,13,0,0,0,arrivals,0.0,0.0,path1_penalty
ESNS,12,0,0,0,departures,0.0,0.0,path1_penalty
LTFD,12,5,5,5,departures,0.4166666666666667,0.4166666666666667,path1_penalty
EDFM,12,11,11,18,departures,0.9166666666666666,1.5,path1_penalty
ENST,12,0,0,0,departures,0.0,0.0,path1_penalty
LFMU,12,0,0,0,departures,0.0,0.0,path1_penalty
ENBL,12,0,0,0,departures,0.0,0.0,path1_penalty
EKRK,12,11,11,11,departures,0.9166666666666666,0.9166666666666666,path1_penalty
GCGM,12,0,0,0,departures,0.0,0.0,path1_penalty
ENSD,12,1,0,0,departures,0.0,0.0,path1_penalty
LTCP,12,0,0,0,departures,0.0,0.0,path1_penalty
LIRS,12,1,0,0,departures,0.0,0.0,path1_penalty
LFTZ,12,11,0,0,departures,0.0,0.0,path1_penalty
LTCN,12,0,0,0,departures,0.0,0.0,path1_penalty
LFTW,12,11,11,11,departures,0.9166666666666666,0.9166666666666666,path1_penalty
HLLB,12,0,0,0,departures,0.0,0.0,path1_penalty
LGIO,12,10,10,10,arrivals,0.8333333333333334,0.8333333333333334,path1_penalty
LTCD,12,0,0,0,arrivals,0.0,0.0,path1_penalty
LTFD,12,12,12,13,arrivals,1.0,1.0833333333333333,path1_penalty
LIBF,12,0,0,0,arrivals,0.0,0.0,path1_penalty
ETSI,12,11,10,10,arrivals,0.8333333333333334,0.8333333333333334,path1_penalty
EKSB,12,12,12,12,arrivals,1.0,1.0,path1_penalty
LGRX,12,1,0,0,arrivals,0.0,0.0,path1_penalty
LFMU,12,1,1,1,arrivals,0.08333333333333333,0.08333333333333333,path1_penalty
GCGM,12,0,0,0,arrivals,0.0,0.0,path1_penalty
LTCN,12,0,0,0,arrivals,0.0,0.0,path1_penalty
HLLB,12,1,1,1,arrivals,0.08333333333333333,0.08333333333333333,path1_penalty
LIBC,12,0,0,0,arrivals,0.0,0.0,path1_penalty
EFVA,12,0,0,0,arrivals,0.0,0.0,path1_penalty
LRBV,11,10,10,10,departures,0.9090909090909091,0.9090909090909091,path1_penalty
LTCD,11,0,0,0,departures,0.0,0.0,path1_penalty
EGPN,11,11,11,12,departures,1.0,1.0909090909090908,path1_penalty
LTCV,11,0,0,0,departures,0.0,0.0,path1_penalty
LIPO,11,11,11,13,departures,1.0,1.1818181818181819,path1_penalty
LGRX,11,0,0,0,departures,0.0,0.0,path1_penalty
ENAN,11,4,0,0,departures,0.0,0.0,path1_penalty
GMML,11,0,0,0,departures,0.0,0.0,path1_penalty
LFSD,11,10,10,11,departures,0.9090909090909091,1.0,path1_penalty
LFMV,11,11,11,11,arrivals,1.0,1.0,path1_penalty
EGPN,11,10,10,10,arrivals,0.9090909090909091,0.9090909090909091,path1_penalty
LTCV,11,0,0,0,arrivals,0.0,0.0,path1_penalty
ESNS,11,1,1,1,arrivals,0.09090909090909091,0.09090909090909091,path1_penalty
LTDA,11,1,0,0,arrivals,0.0,0.0,path1_penalty
EDFM,11,10,10,15,arrivals,0.9090909090909091,1.3636363636363635,path1_penalty
ENST,11,2,0,0,arrivals,0.0,0.0,path1_penalty
LICB,11,11,10,11,arrivals,0.9090909090909091,1.0,path1_penalty
ENBL,11,0,0,0,arrivals,0.0,0.0,path1_penalty
GMML,11,0,0,0,arrivals,0.0,0.0,path1_penalty
ENSD,11,3,0,0,arrivals,0.0,0.0,path1_penalty
LTCP,11,0,0,0,arrivals,0.0,0.0,path1_penalty
LIRS,11,1,1,1,arrivals,0.09090909090909091,0.09090909090909091,path1_penalty
LFTW,11,11,11,11,arrivals,1.0,1.0,path1_penalty
EDMA,11,11,11,11,arrivals,1.0,1.0,path1_penalty
LGIO,10,8,8,8,departures,0.8,0.8,path1_penalty
LFMV,10,9,9,13,departures,0.9,1.3,path1_penalty
EKSB,10,10,10,10,departures,1.0,1.0,path1_penalty
ESNZ,10,8,8,8,departures,0.8,0.8,path1_penalty
LQMO,10,0,0,0,departures,0.0,0.0,path1_penalty
LGIK,10,3,0,0,departures,0.0,0.0,path1_penalty
LIMP,10,0,0,1,departures,0.0,0.1,path1_penalty
EHGG,10,10,10,10,departures,1.0,1.0,path1_penalty
LIPK,10,7,7,7,departures,0.7,0.7,path1_penalty
DAAE,10,0,0,0,departures,0.0,0.0,path1_penalty
LFCR,10,8,8,8,arrivals,0.8,0.8,path1_penalty
EKOD,10,10,10,10,arrivals,1.0,1.0,path1_penalty
EHGG,10,10,10,11,arrivals,1.0,1.1,path1_penalty
LDSB,10,1,0,0,arrivals,0.0,0.0,path1_penalty
LIPK,10,8,8,8,arrivals,0.8,0.8,path1_penalty
DAAE,10,2,2,2,arrivals,0.2,0.2,path1_penalty
LICB,9,9,9,9,departures,1.0,1.0,path1_penalty
EDTY,9,5,4,4,departures,0.4444444444444444,0.4444444444444444,path1_penalty
LFCR,9,1,1,1,departures,0.1111111111111111,0.1111111111111111,path1_penalty
LKPD,9,9,9,13,departures,1.0,1.4444444444444444,path1_penalty
GMMI,9,0,0,0,departures,0.0,0.0,path1_penalty
ESTA,9,0,0,0,departures,0.0,0.0,path1_penalty
ESKN,9,4,4,4,departures,0.4444444444444444,0.4444444444444444,path1_penalty
LBPD,9,0,0,0,departures,0.0,0.0,path1_penalty
GMFK,9,0,0,0,departures,0.0,0.0,path1_penalty
LTCO,9,0,0,0,departures,0.0,0.0,path1_penalty
ENMS,9,0,0,0,departures,0.0,0.0,path1_penalty
LDSB,9,0,0,0,departures,0.0,0.0,path1_penalty
LTBR,9,1,0,1,departures,0.0,0.1111111111111111,path1_penalty
ENNA,9,0,0,0,departures,0.0,0.0,path1_penalty
UUBW,9,0,0,0,arrivals,0.0,0.0,path1_penalty
LRBV,9,9,9,9,arrivals,1.0,1.0,path1_penalty
ESNZ,9,7,7,7,arrivals,0.7777777777777778,0.7777777777777778,path1_penalty
EKRK,9,9,9,9,arrivals,1.0,1.0,path1_penalty
DAON,9,0,0,0,arrivals,0.0,0.0,path1_penalty
LQMO,9,0,0,0,arrivals,0.0,0.0,path1_penalty
GMMI,9,0,0,0,arrivals,0.0,0.0,path1_penalty
LGIK,9,3,0,0,arrivals,0.0,0.0,path1_penalty
ENAN,9,4,0,0,arrivals,0.0,0.0,path1_penalty
URML,9,0,0,0,arrivals,0.0,0.0,path1_penalty
ESKN,9,7,6,6,arrivals,0.6666666666666666,0.6666666666666666,path1_penalty
EGNR,9,8,2,2,arrivals,0.2222222222222222,0.2222222222222222,path1_penalty
GMFK,9,0,0,0,arrivals,0.0,0.0,path1_penalty
LTCO,9,1,0,0,arrivals,0.0,0.0,path1_penalty
ENMS,9,1,0,0,arrivals,0.0,0.0,path1_penalty
LTBR,9,7,7,9,arrivals,0.7777777777777778,1.0,path1_penalty
EPSY,8,0,0,0,departures,0.0,0.0,path1_penalty
LSMP,8,3,1,1,departures,0.125,0.125,path1_penalty
LQTZ,8,0,0,0,departures,0.0,0.0,path1_penalty
LFSL,8,0,0,0,departures,0.0,0.0,path1_penalty
LDOS,8,0,0,0,departures,0.0,0.0,path1_penalty
EGPI,8,0,0,0,departures,0.0,0.0,path1_penalty
ESMX,8,0,0,0,departures,0.0,0.0,path1_penalty
EFMA,8,1,1,1,departures,0.125,0.125,path1_penalty
LFRG,8,7,7,9,departures,0.875,1.125,path1_penalty
EGPR,8,0,0,0,departures,0.0,0.0,path1_penalty
BIEG,8,0,0,0,departures,0.0,0.0,path1_penalty
DAON,8,0,0,0,departures,0.0,0.0,path1_penalty
EDHI,8,8,0,0,departures,0.0,0.0,path1_penalty
EDLN,8,8,3,3,departures,0.375,0.375,path1_penalty
EFTP,8,6,5,5,departures,0.625,0.625,path1_penalty
ENJS,8,0,0,0,departures,0.0,0.0,path1_penalty
LFOT,8,0,0,0,departures,0.0,0.0,path1_penalty
UBBG,8,0,0,0,departures,0.0,0.0,path1_penalty
LGST,8,0,0,0,departures,0.0,0.0,path1_penalty
LEBZ,8,0,0,0,departures,0.0,0.0,path1_penalty
LFLB,8,6,5,5,arrivals,0.625,0.625,path1_penalty
LSMP,8,8,7,8,arrivals,0.875,1.0,path1_penalty
LQTZ,8,1,1,1,arrivals,0.125,0.125,path1_penalty
LFSL,8,0,0,0,arrivals,0.0,0.0,path1_penalty
LDOS,8,3,3,3,arrivals,0.375,0.375,path1_penalty
EGPI,8,0,0,0,arrivals,0.0,0.0,path1_penalty
ESMX,8,1,1,1,arrivals,0.125,0.125,path1_penalty
EBKT,8,8,8,8,arrivals,1.0,1.0,path1_penalty
EFMA,8,0,0,0,arrivals,0.0,0.0,path1_penalty
BIEG,8,0,0,0,arrivals,0.0,0.0,path1_penalty
LKPD,8,8,8,13,arrivals,1.0,1.625,path1_penalty
ESTA,8,1,1,1,arrivals,0.125,0.125,path1_penalty
LFOT,8,4,4,6,arrivals,0.5,0.75,path1_penalty
LGST,8,0,0,0,arrivals,0.0,0.0,path1_penalty
ENNA,8,0,0,0,arrivals,0.0,0.0,path1_penalty
EDRY,7,7,0,0,departures,0.0,0.0,path1_penalty
ENNM,7,2,0,0,departures,0.0,0.0,path1_penalty
ESNQ,7,0,0,0,departures,0.0,0.0,path1_penalty
LIBF,7,0,0,0,departures,0.0,0.0,path1_penalty
LHDC,7,0,0,0,departures,0.0,0.0,path1_penalty
EIDL,7,0,0,0,departures,0.0,0.0,path1_penalty
LTCW,7,0,0,0,departures,0.0,0.0,path1_penalty
BIIS,7,0,0,0,departures,0.0,0.0,path1_penalty
EDTL,7,7,7,7,departures,1.0,1.0,path1_penalty
EKOD,7,7,7,7,departures,1.0,1.0,path1_penalty
OITT,7,0,0,0,departures,0.0,0.0,path1_penalty
ESSL,7,6,6,6,departures,0.8571428571428571,0.8571428571428571,path1_penalty
EGPL,7,0,0,0,departures,0.0,0.0,path1_penalty
UUBW,7,0,0,0,departures,0.0,0.0,path1_penalty
HEBA,7,1,1,1,departures,0.14285714285714285,0.14285714285714285,path1_penalty
ESNQ,7,0,0,0,arrivals,0.0,0.0,path1_penalty
EIDL,7,3,3,3,arrivals,0.42857142857142855,0.42857142857142855,path1_penalty
LTCW,7,0,0,0,arrivals,0.0,0.0,path1_penalty
EGPR,7,0,0,0,arrivals,0.0,0.0,path1_penalty
BIIS,7,0,0,0,arrivals,0.0,0.0,path1_penalty
DABB,7,1,0,0,arrivals,0.0,0.0,path1_penalty
EDHI,7,7,0,0,arrivals,0.0,0.0,path1_penalty
EDTL,7,7,6,7,arrivals,0.8571428571428571,1.0,path1_penalty
OITT,7,0,0,0,arrivals,0.0,0.0,path1_penalty
ENJS,7,0,0,0,arrivals,0.0,0.0,path1_penalty
EGPL,7,0,0,0,arrivals,0.0,0.0,path1_penalty
LEBZ,7,1,1,1,arrivals,0.14285714285714285,0.14285714285714285,path1_penalty
EDTY,7,7,6,6,arrivals,0.8571428571428571,0.8571428571428571,path1_penalty
LIMP,7,5,5,5,arrivals,0.7142857142857143,0.7142857142857143,path1_penalty
EDVK,6,4,3,3,departures,0.5,0.5,path1_penalty
EHJA,6,0,0,0,departures,0.0,0.0,path1_penalty
HEAL,6,1,1,1,departures,0.16666666666666666,0.16666666666666666,path1_penalty
EGPU,6,0,0,0,departures,0.0,0.0,path1_penalty
HEMM,6,0,0,0,departures,0.0,0.0,path1_penalty
ESNK,6,0,0,0,departures,0.0,0.0,path1_penalty
EDHL,6,6,6,6,departures,1.0,1.0,path1_penalty
ENDU,6,0,0,0,departures,0.0,0.0,path1_penalty
EFKE,6,0,0,0,departures,0.0,0.0,path1_penalty
ESOE,6,0,0,0,departures,0.0,0.0,path1_penalty
ENSO,6,2,2,11,departures,0.3333333333333333,1.8333333333333333,path1_penalty
EFJO,6,0,0,0,departures,0.0,0.0,path1_penalty
LPPM,6,6,6,10,departures,1.0,1.6666666666666667,path1_penalty
URML,6,0,0,0,departures,0.0,0.0,path1_penalty
ENRM,6,0,0,0,departures,0.0,0.0,path1_penalty
LTCU,6,0,0,0,departures,0.0,0.0,path1_penalty
EGNR,6,6,3,3,departures,0.5,0.5,path1_penalty
LPVZ,6,1,0,0,departures,0.0,0.0,path1_penalty
ESKM,6,3,0,0,departures,0.0,0.0,path1_penalty
ESNL,6,0,0,0,departures,0.0,0.0,path1_penalty
EFIV,6,2,0,0,departures,0.0,0.0,path1_penalty
DABB,6,0,0,0,departures,0.0,0.0,path1_penalty
EDVK,6,4,4,5,arrivals,0.6666666666666666,0.8333333333333334,path1_penalty
HEAL,6,2,2,2,arrivals,0.3333333333333333,0.3333333333333333,path1_penalty
EDRY,6,6,0,0,arrivals,0.0,0.0,path1_penalty
EGPU,6,0,0,0,arrivals,0.0,0.0,path1_penalty
ENNM,6,2,0,0,arrivals,0.0,0.0,path1_penalty
ESNK,6,0,0,1,arrivals,0.0,0.16666666666666666,path1_penalty
EDHL,6,6,6,6,arrivals,1.0,1.0,path1_penalty
LHDC,6,0,0,0,arrivals,0.0,0.0,path1_penalty
ESOE,6,5,5,6,arrivals,0.8333333333333334,1.0,path1_penalty
ENSO,6,4,4,4,arrivals,0.6666666666666666,0.6666666666666666,path1_penalty
EFJO,6,0,0,0,arrivals,0.0,0.0,path1_penalty
LFLI,6,6,0,0,arrivals,0.0,0.0,path1_penalty
LFEC,6,0,0,0,arrivals,0.0,0.0,path1_penalty
LWOH,6,0,0,0,arrivals,0.0,0.0,path1_penalty
HEBA,6,5,5,5,arrivals,0.8333333333333334,0.8333333333333334,path1_penalty
LIMZ,6,6,6,6,arrivals,1.0,1.0,path1_penalty
ENRM,6,0,0,0,arrivals,0.0,0.0,path1_penalty
EFTP,6,5,5,5,arrivals,0.8333333333333334,0.8333333333333334,path1_penalty
ENLE,6,0,0,0,arrivals,0.0,0.0,path1_penalty
LTCU,6,0,0,0,arrivals,0.0,0.0,path1_penalty
ESSL,6,6,6,7,arrivals,1.0,1.1666666666666667,path1_penalty
LGLE,6,1,0,0,arrivals,0.0,0.0,path1_penalty
EFIV,6,2,0,0,arrivals,0.0,0.0,path1_penalty
ESKM,6,3,0,0,arrivals,0.0,0.0,path1_penalty
ESNL,6,0,0,0,arrivals,0.0,0.0,path1_penalty
ESNX,5,0,0,0,departures,0.0,0.0,path1_penalty
LFLB,5,1,0,0,departures,0.0,0.0,path1_penalty
EFKI,5,0,0,0,departures,0.0,0.0,path1_penalty
ORMM,5,0,0,0,departures,0.0,0.0,path1_penalty
EEKE,5,0,0,0,departures,0.0,0.0,path1_penalty
LTCM,5,0,0,0,departures,0.0,0.0,path1_penalty
LTCL,5,0,0,0,departures,0.0,0.0,path1_penalty
LFEC,5,0,0,0,departures,0.0,0.0,path1_penalty
LGKY,5,1,0,0,departures,0.0,0.0,path1_penalty
ENHE,5,0,0,0,departures,0.0,0.0,path1_penalty
ESNG,5,0,0,0,departures,0.0,0.0,path1_penalty
LTAW,5,0,0,0,departures,0.0,0.0,path1_penalty
ENFB,5,1,0,0,departures,0.0,0.0,path1_penalty
LGKC,5,0,0,0,departures,0.0,0.0,path1_penalty
ENLE,5,2,0,0,departures,0.0,0.0,path1_penalty
EFJY,5,0,0,0,departures,0.0,0.0,path1_penalty
EETU,5,1,1,1,departures,0.2,0.2,path1_penalty
LFJL,5,4,4,4,departures,0.8,0.8,path1_penalty
EFKK,5,5,5,5,departures,1.0,1.0,path1_penalty
LRTM,5,0,0,0,departures,0.0,0.0,path1_penalty
EDAH,5,1,1,1,departures,0.2,0.2,path1_penalty
LGLE,5,0,0,0,departures,0.0,0.0,path1_penalty
EGEC,5,0,0,0,departures,0.0,0.0,path1_penalty
ESGT,5,0,0,0,departures,0.0,0.0,path1_penalty
ENRS,5,3,0,0,departures,0.0,0.0,path1_penalty
DAAS,5,0,0,0,departures,0.0,0.0,path1_penalty
ESDF,5,5,5,5,departures,1.0,1.0,path1_penalty
EEKA,5,0,0,0,departures,0.0,0.0,path1_penalty
LFLI,5,1,0,0,departures,0.0,0.0,path1_penalty
LWOH,5,0,0,0,departures,0.0,0.0,path1_penalty
LIMZ,5,3,3,3,departures,0.6,0.6,path1_penalty
GMMZ,5,0,0,0,departures,0.0,0.0,path1_penalty
EPSY,5,2,2,2,arrivals,0.4,0.4,path1_penalty
LSZS,5,0,0,0,arrivals,0.0,0.0,path1_penalty
URMG,5,0,0,0,arrivals,0.0,0.0,path1_penalty
EFKI,5,0,0,0,arrivals,0.0,0.0,path1_penalty
HEMM,5,0,0,0,arrivals,0.0,0.0,path1_penalty
ORMM,5,3,3,3,arrivals,0.6,0.6,path1_penalty
ENDU,5,0,0,0,arrivals,0.0,0.0,path1_penalty
EEKE,5,0,0,0,arrivals,0.0,0.0,path1_penalty
DAAS,5,0,0,0,arrivals,0.0,0.0,path1_penalty
LTCM,5,0,0,0,arrivals,0.0,0.0,path1_penalty
LTCL,5,0,0,0,arrivals,0.0,0.0,path1_penalty
LFRG,5,5,5,7,arrivals,1.0,1.4,path1_penalty
EEKA,5,0,0,0,arrivals,0.0,0.0,path1_penalty
ENHE,5,0,0,0,arrivals,0.0,0.0,path1_penalty
LPPM,5,5,3,4,arrivals,0.6,0.8,path1_penalty
ESNG,5,0,0,0,arrivals,0.0,0.0,path1_penalty
LTAW,5,0,0,0,arrivals,0.0,0.0,path1_penalty
EGVN,5,4,4,4,arrivals,0.8,0.8,path1_penalty
GMMZ,5,0,0,0,arrivals,0.0,0.0,path1_penalty
LESA,5,1,0,0,arrivals,0.0,0.0,path1_penalty
UBBG,5,0,0,0,arrivals,0.0,0.0,path1_penalty
LFJL,5,5,5,5,arrivals,1.0,1.0,path1_penalty
LPVZ,5,2,0,0,arrivals,0.0,0.0,path1_penalty
LRTM,5,0,0,0,arrivals,0.0,0.0,path1_penalty
EDAH,5,3,3,3,arrivals,0.6,0.6,path1_penalty
EGEC,5,0,0,0,arrivals,0.0,0.0,path1_penalty
ENRS,5,0,0,0,arrivals,0.0,0.0,path1_penalty
EKDF,5,0,0,0,arrivals,0.0,0.0,path1_penalty
LGKC,5,0,0,0,arrivals,0.0,0.0,path1_penalty
ENOA,5,0,0,0,arrivals,0.0,0.0,path1_penalty
LGSO,4,0,0,0,departures,0.0,0.0,path1_penalty
LFPN,4,4,4,4,departures,1.0,1.0,path1_penalty
LFOZ,4,0,0,0,departures,0.0,0.0,path1_penalty
UWSG,4,0,0,0,departures,0.0,0.0,path1_penalty
EPRA,4,0,0,0,departures,0.0,0.0,path1_penalty
LZTT,4,0,0,0,departures,0.0,0.0,path1_penalty
ENRO,4,0,0,0,departures,0.0,0.0,path1_penalty
EDQG,4,4,0,0,departures,0.0,0.0,path1_penalty
ESNV,4,0,0,0,departures,0.0,0.0,path1_penalty
LECU,4,3,3,3,departures,0.75,0.75,path1_penalty
ESOH,4,2,0,0,departures,0.0,0.0,path1_penalty
ESMT,4,0,0,0,departures,0.0,0.0,path1_penalty
URWW,4,0,0,0,departures,0.0,0.0,path1_penalty
ENSR,4,0,0,0,departures,0.0,0.0,path1_penalty
ENGC,4,0,0,0,departures,0.0,0.0,path1_penalty
ESOK,4,0,0,0,departures,0.0,0.0,path1_penalty
LSZA,4,3,3,3,departures,0.75,0.75,path1_penalty
EKDF,4,0,0,0,departures,0.0,0.0,path1_penalty
EDAZ,4,4,0,0,departures,0.0,0.0,path1_penalty
ESMQ,4,3,3,3,departures,0.75,0.75,path1_penalty
LFRT,4,0,0,0,departures,0.0,0.0,path1_penalty
LSGL,4,3,0,0,departures,0.0,0.0,path1_penalty
LFLW,4,0,0,0,departures,0.0,0.0,path1_penalty
LESA,4,0,0,0,departures,0.0,0.0,path1_penalty
LESU,4,0,0,0,departures,0.0,0.0,path1_penalty
LFRH,4,0,0,0,departures,0.0,0.0,path1_penalty
LGBL,4,0,0,0,departures,0.0,0.0,path1_penalty
LTAP,4,0,0,0,departures,0.0,0.0,path1_penalty
LJPZ,4,3,2,3,departures,0.5,0.75,path1_penalty
LFRD,4,3,3,3,departures,0.75,0.75,path1_penalty
LTFC,4,0,0,0,departures,0.0,0.0,path1_penalty
LKHK,4,4,0,0,departures,0.0,0.0,path1_penalty
ESSP,4,1,1,1,departures,0.25,0.25,path1_penalty
LKCS,4,4,4,4,departures,1.0,1.0,path1_penalty
ESND,4,0,0,0,departures,0.0,0.0,path1_penalty
EFKT,4,0,0,0,departures,0.0,0.0,path1_penalty
EPZG,4,2,2,2,departures,0.5,0.5,path1_penalty
ESGJ,4,0,0,0,departures,0.0,0.0,path1_penalty
LGKS,4,0,0,0,departures,0.0,0.0,path1_penalty
LFCK,4,4,4,4,departures,1.0,1.0,path1_penalty
LEVD,4,0,0,0,departures,0.0,0.0,path1_penalty
ORKK,4,0,0,0,departures,0.0,0.0,path1_penalty
LGSO,4,0,0,0,arrivals,0.0,0.0,path1_penalty
ESNX,4,0,0,0,arrivals,0.0,0.0,path1_penalty
EDRZ,4,4,0,0,arrivals,0.0,0.0,path1_penalty
UWSG,4,1,1,1,arrivals,0.25,0.25,path1_penalty
LRBM,4,0,0,0,arrivals,0.0,0.0,path1_penalty
LGPL,4,0,0,0,arrivals,0.0,0.0,path1_penalty
URMO,4,0,0,0,arrivals,0.0,0.0,path1_penalty
ENXO,4,0,0,0,arrivals,0.0,0.0,path1_penalty
LZTT,4,0,0,0,arrivals,0.0,0.0,path1_penalty
LEVD,4,0,0,0,arrivals,0.0,0.0,path1_penalty
EHLL,4,0,0,0,arrivals,0.0,0.0,path1_penalty
LFLX,4,0,0,0,arrivals,0.0,0.0,path1_penalty
LKCS,4,4,4,4,arrivals,1.0,1.0,path1_penalty
EDQG,4,4,0,0,arrivals,0.0,0.0,path1_penalty
ENQG,4,0,0,0,arrivals,0.0,0.0,path1_penalty
ESNV,4,0,0,0,arrivals,0.0,0.0,path1_penalty
ESDF,4,1,1,1,arrivals,0.25,0.25,path1_penalty
ESOH,4,4,0,0,arrivals,0.0,0.0,path1_penalty
LGKY,4,2,0,0,arrivals,0.0,0.0,path1_penalty
ENQS,4,0,0,0,arrivals,0.0,0.0,path1_penalty
ENSR,4,0,0,0,arrivals,0.0,0.0,path1_penalty
ENGC,4,0,0,0,arrivals,0.0,0.0,path1_penalty
ESOK,4,1,1,1,arrivals,0.25,0.25,path1_penalty
EDAZ,4,4,0,0,arrivals,0.0,0.0,path1_penalty
EGNO,4,4,4,4,arrivals,1.0,1.0,path1_penalty
LSGL,4,3,0,0,arrivals,0.0,0.0,path1_penalty
EFJY,4,0,0,0,arrivals,0.0,0.0,path1_penalty
LFRH,4,3,3,3,arrivals,0.75,0.75,path1_penalty
LTAP,4,0,0,0,arrivals,0.0,0.0,path1_penalty
EETU,4,0,0,0,arrivals,0.0,0.0,path1_penalty
EFKK,4,4,4,4,arrivals,1.0,1.0,path1_penalty
LTAS,4,0,0,0,arrivals,0.0,0.0,path1_penalty
ESGJ,4,0,0,0,arrivals,0.0,0.0,path1_penalty
LGKS,4,0,0,0,arrivals,0.0,0.0,path1_penalty
LFCK,4,4,4,4,arrivals,1.0,1.0,path1_penalty
LTFC,4,0,0,0,arrivals,0.0,0.0,path1_penalty
LKHK,4,4,0,0,arrivals,0.0,0.0,path1_penalty
EFKE,4,0,0,0,arrivals,0.0,0.0,path1_penalty
ESSP,4,2,2,2,arrivals,0.5,0.5,path1_penalty
LDLO,4,0,0,0,arrivals,0.0,0.0,path1_penalty
ESND,4,0,0,0,arrivals,0.0,0.0,path1_penalty
LSZA,4,4,4,5,arrivals,1.0,1.25,path1_penalty
LZPP,4,3,3,3,arrivals,0.75,0.75,path1_penalty
EFKT,4,1,0,0,arrivals,0.0,0.0,path1_penalty
LFLW,4,0,0,0,arrivals,0.0,0.0,path1_penalty
LGBL,4,0,0,0,arrivals,0.0,0.0,path1_penalty
ESGT,4,1,1,1,arrivals,0.25,0.25,path1_penalty
BIBD,3,0,0,0,departures,0.0,0.0,path1_penalty
ENQO,3,0,0,0,departures,0.0,0.0,path1_penalty
EGLK,3,3,3,3,departures,1.0,1.0,path1_penalty
LFBI,3,0,0,0,departures,0.0,0.0,path1_penalty
ENWS,3,0,0,0,departures,0.0,0.0,path1_penalty
URMG,3,0,0,0,departures,0.0,0.0,path1_penalty
LRBM,3,0,0,0,departures,0.0,0.0,path1_penalty
EGMD,3,3,2,2,departures,0.6666666666666666,0.6666666666666666,path1_penalty
ETAR,3,3,3,4,departures,1.0,1.3333333333333333,path1_penalty
EDGS,3,3,3,3,departures,1.0,1.0,path1_penalty
URMO,3,0,0,0,departures,0.0,0.0,path1_penalty
ENXO,3,1,0,0,departures,0.0,0.0,path1_penalty
LELN,3,0,0,0,departures,0.0,0.0,path1_penalty
LFLS,3,2,2,3,departures,0.6666666666666666,1.0,path1_penalty
EDTM,3,2,2,2,departures,0.6666666666666666,0.6666666666666666,path1_penalty
LPBJ,3,2,2,2,departures,0.6666666666666666,0.6666666666666666,path1_penalty
ENOL,3,1,1,1,departures,0.3333333333333333,0.3333333333333333,path1_penalty
OJAM,3,0,0,0,departures,0.0,0.0,path1_penalty
ENSE,3,0,0,0,departures,0.0,0.0,path1_penalty
ENOC,3,0,0,0,departures,0.0,0.0,path1_penalty
DTTX,3,0,0,0,departures,0.0,0.0,path1_penalty
LTBH,3,0,0,0,departures,0.0,0.0,path1_penalty
EFKS,3,0,0,0,departures,0.0,0.0,path1_penalty
BIHN,3,0,0,0,departures,0.0,0.0,path1_penalty
ENSL,3,0,0,0,departures,0.0,0.0,path1_penalty
UDSG,3,0,0,0,departures,0.0,0.0,path1_penalty
GMMB,3,0,0,0,departures,0.0,0.0,path1_penalty
ENWY,3,0,0,0,departures,0.0,0.0,path1_penalty
ESOW,3,3,3,3,departures,1.0,1.0,path1_penalty
LTAL,3,0,0,0,departures,0.0,0.0,path1_penalty
ESNO,3,0,0,0,departures,0.0,0.0,path1_penalty
LTAS,3,0,0,0,departures,0.0,0.0,path1_penalty
LFHP,3,0,0,0,departures,0.0,0.0,path1_penalty
EGNH,3,3,3,4,departures,1.0,1.3333333333333333,path1_penalty
LGSY,3,0,0,0,departures,0.0,0.0,path1_penalty
LSZS,3,1,0,0,departures,0.0,0.0,path1_penalty
ESNN,3,0,0,0,departures,0.0,0.0,path1_penalty
ENWV,3,0,0,0,departures,0.0,0.0,path1_penalty
GMTA,3,3,3,3,departures,1.0,1.0,path1_penalty
LDLO,3,0,0,0,departures,0.0,0.0,path1_penalty
EKHA,3,0,0,0,departures,0.0,0.0,path1_penalty
LRCK,3,0,0,0,departures,0.0,0.0,path1_penalty
LFAT,3,0,0,0,departures,0.0,0.0,path1_penalty
EGNO,3,3,3,4,departures,1.0,1.3333333333333333,path1_penalty
ENOA,3,0,0,0,departures,0.0,0.0,path1_penalty
LSZC,3,2,0,0,departures,0.0,0.0,path1_penalty
ENQA,3,3,0,0,departures,0.0,0.0,path1_penalty
OSDI,3,0,0,0,departures,0.0,0.0,path1_penalty
ESUP,3,0,0,0,departures,0.0,0.0,path1_penalty
BIBD,3,0,0,0,arrivals,0.0,0.0,path1_penalty
ULAA,3,0,0,0,arrivals,0.0,0.0,path1_penalty
LFBI,3,2,2,2,arrivals,0.6666666666666666,0.6666666666666666,path1_penalty
LFLU,3,3,3,3,arrivals,1.0,1.0,path1_penalty
LFOZ,3,2,0,0,arrivals,0.0,0.0,path1_penalty
ENWS,3,0,0,0,arrivals,0.0,0.0,path1_penalty
EHJA,3,0,0,0,arrivals,0.0,0.0,path1_penalty
EPRA,3,2,2,3,arrivals,0.6666666666666666,1.0,path1_penalty
LFMQ,3,3,3,3,arrivals,1.0,1.0,path1_penalty
OSDI,3,0,0,0,arrivals,0.0,0.0,path1_penalty
LFOH,3,3,0,0,arrivals,0.0,0.0,path1_penalty
LELN,3,0,0,0,arrivals,0.0,0.0,path1_penalty
ESUP,3,0,0,0,arrivals,0.0,0.0,path1_penalty
GMTA,3,3,3,3,arrivals,1.0,1.0,path1_penalty
EDTM,3,3,3,3,arrivals,1.0,1.0,path1_penalty
OJAM,3,1,0,0,arrivals,0.0,0.0,path1_penalty
LECU,3,3,1,1,arrivals,0.3333333333333333,0.3333333333333333,path1_penalty
ESMT,3,1,0,0,arrivals,0.0,0.0,path1_penalty
ENOC,3,2,0,0,arrivals,0.0,0.0,path1_penalty
DTTX,3,0,0,0,arrivals,0.0,0.0,path1_penalty
LTBH,3,0,0,0,arrivals,0.0,0.0,path1_penalty
EFKS,3,0,0,0,arrivals,0.0,0.0,path1_penalty
ENSL,3,0,0,0,arrivals,0.0,0.0,path1_penalty
UDSG,3,0,0,0,arrivals,0.0,0.0,path1_penalty
GMMB,3,0,0,0,arrivals,0.0,0.0,path1_penalty
ENWY,3,0,0,0,arrivals,0.0,0.0,path1_penalty
ESOW,3,3,3,3,arrivals,1.0,1.0,path1_penalty
LTAL,3,0,0,0,arrivals,0.0,0.0,path1_penalty
ESNO,3,0,0,0,arrivals,0.0,0.0,path1_penalty
LFHP,3,0,0,0,arrivals,0.0,0.0,path1_penalty
EGNH,3,3,3,3,arrivals,1.0,1.0,path1_penalty
EPZG,3,3,3,3,arrivals,1.0,1.0,path1_penalty
LGSY,3,0,0,0,arrivals,0.0,0.0,path1_penalty
LFRC,3,2,1,1,arrivals,0.3333333333333333,0.3333333333333333,path1_penalty
ESUT,3,0,0,0,arrivals,0.0,0.0,path1_penalty
EDGS,3,3,3,3,arrivals,1.0,1.0,path1_penalty
ENRO,3,0,0,0,arrivals,0.0,0.0,path1_penalty
ENWV,3,0,0,0,arrivals,0.0,0.0,path1_penalty
LFLS,3,3,3,3,arrivals,1.0,1.0,path1_penalty
EKHA,3,0,0,0,arrivals,0.0,0.0,path1_penalty
URWW,3,0,0,0,arrivals,0.0,0.0,path1_penalty
ENFB,3,0,0,0,arrivals,0.0,0.0,path1_penalty
ESMQ,3,3,3,3,arrivals,1.0,1.0,path1_penalty
BIHN,3,0,0,0,arrivals,0.0,0.0,path1_penalty
EHFB,3,0,0,0,arrivals,0.0,0.0,path1_penalty
ENQA,3,2,0,0,arrivals,0.0,0.0,path1_penalty
LFRD,3,3,3,3,arrivals,1.0,1.0,path1_penalty
LFQG,2,0,0,0,departures,0.0,0.0,path1_penalty
EHPK,2,2,0,0,departures,0.0,0.0,path1_penalty
LFLU,2,2,2,3,departures,1.0,1.5,path1_penalty
LTAG,2,0,0,0,departures,0.0,0.0,path1_penalty
LFRC,2,2,1,8,departures,0.5,4.0,path1_penalty
ENQV,2,0,0,0,departures,0.0,0.0,path1_penalty
LFMQ,2,2,2,2,departures,1.0,1.0,path1_penalty
EGFE,2,2,2,2,departures,1.0,1.0,path1_penalty
EHKJ,2,0,0,0,departures,0.0,0.0,path1_penalty
ENQC,2,2,0,0,departures,0.0,0.0,path1_penalty
LFOK,2,0,0,0,departures,0.0,0.0,path1_penalty
EGBJ,2,2,2,2,departures,1.0,1.0,path1_penalty
LSGK,2,0,0,0,departures,0.0,0.0,path1_penalty
EGPC,2,0,0,0,departures,0.0,0.0,path1_penalty
LSGC,2,0,0,0,departures,0.0,0.0,path1_penalty
ENNE,2,0,0,0,departures,0.0,0.0,path1_penalty
ENQS,2,0,0,0,departures,0.0,0.0,path1_penalty
ENXW,2,1,0,0,departures,0.0,0.0,path1_penalty
LEAB,2,2,2,2,departures,1.0,1.0,path1_penalty
EGVN,2,2,2,2,departures,1.0,1.0,path1_penalty
EDXQ,2,2,0,0,departures,0.0,0.0,path1_penalty
LTBY,2,0,0,0,departures,0.0,0.0,path1_penalty
ENWA,2,0,0,0,departures,0.0,0.0,path1_penalty
LFPT,2,2,2,3,departures,1.0,1.5,path1_penalty
OENN,2,0,0,0,departures,0.0,0.0,path1_penalty
ENUA,2,0,0,0,departures,0.0,0.0,path1_penalty
LEGT,2,1,1,1,departures,0.5,0.5,path1_penalty
LFGA,2,1,1,2,departures,0.5,1.0,path1_penalty
LDRG,2,0,0,0,departures,0.0,0.0,path1_penalty
GMMD,2,0,0,0,departures,0.0,0.0,path1_penalty
LFRV,2,1,1,1,departures,0.5,0.5,path1_penalty
LJMB,2,2,1,2,departures,0.5,1.0,path1_penalty
LTBZ,2,0,0,0,departures,0.0,0.0,path1_penalty
LTBU,2,0,0,0,departures,0.0,0.0,path1_penalty
ESUT,2,0,0,0,departures,0.0,0.0,path1_penalty
BIVO,2,0,0,0,departures,0.0,0.0,path1_penalty
ENQD,2,0,0,0,departures,0.0,0.0,path1_penalty
EHGQ,2,0,0,0,departures,0.0,0.0,path1_penalty
LFOH,2,2,0,0,departures,0.0,0.0,path1_penalty
LGPL,2,0,0,0,departures,0.0,0.0,path1_penalty
LSTS,2,0,0,0,departures,0.0,0.0,path1_penalty
EHLL,2,0,0,0,departures,0.0,0.0,path1_penalty
GMAT,2,0,0,0,departures,0.0,0.0,path1_penalty
BITN,2,0,0,0,departures,0.0,0.0,path1_penalty
LFLX,2,0,0,0,departures,0.0,0.0,path1_penalty
DAUB,2,0,0,0,departures,0.0,0.0,path1_penalty
ORNI,2,0,0,0,departures,0.0,0.0,path1_penalty
LEDA,2,0,0,0,departures,0.0,0.0,path1_penalty
ETND,2,2,2,2,departures,1.0,1.0,path1_penalty
LIBG,2,0,0,0,departures,0.0,0.0,path1_penalty
LKKV,2,0,0,0,departures,0.0,0.0,path1_penalty
LFAC,2,0,0,0,departures,0.0,0.0,path1_penalty
ENQE,2,1,0,0,departures,0.0,0.0,path1_penalty
EHFB,2,0,0,0,departures,0.0,0.0,path1_penalty
EGNL,2,1,1,1,departures,0.5,0.5,path1_penalty
LRSM,2,0,0,0,departures,0.0,0.0,path1_penalty
ENQJ,2,0,0,0,departures,0.0,0.0,path1_penalty
ULAA,2,0,0,0,departures,0.0,0.0,path1_penalty
LGKJ,2,0,0,0,departures,0.0,0.0,path1_penalty
ENGA,2,0,0,0,departures,0.0,0.0,path1_penalty
DAOI,2,0,0,0,departures,0.0,0.0,path1_penalty
LZPP,2,2,2,2,departures,1.0,1.0,path1_penalty
ESST,2,0,0,0,departures,0.0,0.0,path1_penalty
EIWF,2,1,1,1,departures,0.5,0.5,path1_penalty
HLMS,2,0,0,0,departures,0.0,0.0,path1_penalty
LFQG,2,0,0,0,arrivals,0.0,0.0,path1_penalty
ENQO,2,0,0,0,arrivals,0.0,0.0,path1_penalty
EGLK,2,2,1,1,arrivals,0.5,0.5,path1_penalty
LTBZ,2,0,0,0,arrivals,0.0,0.0,path1_penalty
LTAG,2,0,0,0,arrivals,0.0,0.0,path1_penalty
LTBU,2,1,1,1,arrivals,0.5,0.5,path1_penalty
ENQV,2,0,0,0,arrivals,0.0,0.0,path1_penalty
EGMD,2,2,2,2,arrivals,1.0,1.0,path1_penalty
LFOK,2,0,0,0,arrivals,0.0,0.0,path1_penalty
ESNN,2,0,0,0,arrivals,0.0,0.0,path1_penalty
LSGK,2,0,0,0,arrivals,0.0,0.0,path1_penalty
EDMS,2,0,0,0,arrivals,0.0,0.0,path1_penalty
ENWE,2,0,0,0,arrivals,0.0,0.0,path1_penalty
LSGC,2,0,0,0,arrivals,0.0,0.0,path1_penalty
ENNE,2,0,0,0,arrivals,0.0,0.0,path1_penalty
DAUB,2,0,0,0,arrivals,0.0,0.0,path1_penalty
EHKV,2,1,0,0,arrivals,0.0,0.0,path1_penalty
ORNI,2,0,0,0,arrivals,0.0,0.0,path1_penalty
LEDA,2,0,0,0,arrivals,0.0,0.0,path1_penalty
ETND,2,2,2,2,arrivals,1.0,1.0,path1_penalty
ENSE,2,0,0,0,arrivals,0.0,0.0,path1_penalty
DAOI,2,0,0,0,arrivals,0.0,0.0,path1_penalty
ENXW,2,0,0,0,arrivals,0.0,0.0,path1_penalty
LEAB,2,2,2,2,arrivals,1.0,1.0,path1_penalty
LFRT,2,2,1,1,arrivals,0.5,0.5,path1_penalty
ENWA,2,0,0,0,arrivals,0.0,0.0,path1_penalty
LFPT,2,2,0,0,arrivals,0.0,0.0,path1_penalty
LKKV,2,2,2,2,arrivals,1.0,1.0,path1_penalty
EHPG,2,2,0,0,arrivals,0.0,0.0,path1_penalty
LEGT,2,2,1,1,arrivals,0.5,0.5,path1_penalty
EKHB,2,0,0,0,arrivals,0.0,0.0,path1_penalty
ESST,2,2,2,4,arrivals,1.0,2.0,path1_penalty
ENQR,2,0,0,0,arrivals,0.0,0.0,path1_penalty
EBMB,2,2,0,0,arrivals,0.0,0.0,path1_penalty
LFRV,2,2,2,2,arrivals,1.0,1.0,path1_penalty
DTTZ,2,0,0,0,arrivals,0.0,0.0,path1_penalty
LJMB,2,1,0,0,arrivals,0.0,0.0,path1_penalty
EHJR,2,0,0,0,arrivals,0.0,0.0,path1_penalty
BIVO,2,0,0,0,arrivals,0.0,0.0,path1_penalty
EHKJ,2,0,0,0,arrivals,0.0,0.0,path1_penalty
ENQD,2,0,0,0,arrivals,0.0,0.0,path1_penalty
OJAQ,2,1,0,0,arrivals,0.0,0.0,path1_penalty
GMAT,2,1,0,0,arrivals,0.0,0.0,path1_penalty
BITN,2,0,0,0,arrivals,0.0,0.0,path1_penalty
LFSN,2,1,0,0,arrivals,0.0,0.0,path1_penalty
LFJR,2,2,2,2,arrivals,1.0,1.0,path1_penalty
EGPC,2,0,0,0,arrivals,0.0,0.0,path1_penalty
EDFZ,2,2,1,1,arrivals,0.5,0.5,path1_penalty
LRCK,2,0,0,0,arrivals,0.0,0.0,path1_penalty
LOAN,2,2,1,1,arrivals,0.5,0.5,path1_penalty
LTBY,2,0,0,0,arrivals,0.0,0.0,path1_penalty
LIBG,2,1,0,0,arrivals,0.0,0.0,path1_penalty
OENN,2,0,0,0,arrivals,0.0,0.0,path1_penalty
ENUA,2,0,0,0,arrivals,0.0,0.0,path1_penalty
EDLN,2,2,1,1,arrivals,0.5,0.5,path1_penalty
LESU,2,0,0,0,arrivals,0.0,0.0,path1_penalty
ENQE,2,0,0,0,arrivals,0.0,0.0,path1_penalty
GMMD,2,0,0,0,arrivals,0.0,0.0,path1_penalty
EGNL,2,2,1,1,arrivals,0.5,0.5,path1_penalty
ENUD,2,0,0,0,arrivals,0.0,0.0,path1_penalty
ENQJ,2,0,0,0,arrivals,0.0,0.0,path1_penalty
HLMS,2,1,0,0,arrivals,0.0,0.0,path1_penalty
ORKK,2,0,0,0,arrivals,0.0,0.0,path1_penalty
EGBJ,2,2,2,2,arrivals,1.0,1.0,path1_penalty
LFAT,2,2,1,1,arrivals,0.5,0.5,path1_penalty
LFAC,2,2,1,1,arrivals,0.5,0.5,path1_penalty
EBCV,1,1,1,1,departures,1.0,1.0,path1_penalty
ENRK,1,1,0,0,departures,0.0,0.0,path1_penalty
ULPB,1,0,0,0,departures,0.0,0.0,path1_penalty
EHTW,1,1,1,1,departures,1.0,1.0,path1_penalty
ENSF,1,0,0,0,departures,0.0,0.0,path1_penalty
UGSA,1,0,0,0,departures,0.0,0.0,path1_penalty
EDQM,1,0,0,0,departures,0.0,0.0,path1_penalty
DABT,1,0,0,0,departures,0.0,0.0,path1_penalty
LGTG,1,0,0,0,departures,0.0,0.0,path1_penalty
EYSA,1,1,1,1,departures,1.0,1.0,path1_penalty
EDMS,1,0,0,0,departures,0.0,0.0,path1_penalty
URWA,1,0,0,0,departures,0.0,0.0,path1_penalty
ENWE,1,0,0,0,departures,0.0,0.0,path1_penalty
ENQG,1,0,0,0,departures,0.0,0.0,path1_penalty
EHKV,1,0,0,0,departures,0.0,0.0,path1_penalty
LFLA,1,0,0,0,departures,0.0,0.0,path1_penalty
LFGF,1,1,0,0,departures,0.0,0.0,path1_penalty
UMII,1,0,0,0,departures,0.0,0.0,path1_penalty
LOIH,1,1,0,0,departures,0.0,0.0,path1_penalty
ENQK,1,0,0,0,departures,0.0,0.0,path1_penalty
ULMM,1,0,0,0,departures,0.0,0.0,path1_penalty
ESMK,1,1,1,1,departures,1.0,1.0,path1_penalty
EDWF,1,1,0,0,departures,0.0,0.0,path1_penalty
LFAQ,1,1,0,0,departures,0.0,0.0,path1_penalty
EKGC,1,0,0,0,departures,0.0,0.0,path1_penalty
ENWK,1,0,0,0,departures,0.0,0.0,path1_penalty
LFRO,1,1,1,1,departures,1.0,1.0,path1_penalty
ULWC,1,0,0,0,departures,0.0,0.0,path1_penalty
LFRI,1,0,0,1,departures,0.0,1.0,path1_penalty
USKK,1,0,0,0,departures,0.0,0.0,path1_penalty
UWPS,1,0,0,0,departures,0.0,0.0,path1_penalty
EGEO,1,0,0,0,departures,0.0,0.0,path1_penalty
LKKU,1,1,1,1,departures,1.0,1.0,path1_penalty
EHPG,1,0,0,0,departures,0.0,0.0,path1_penalty
ENWI,1,0,0,0,departures,0.0,0.0,path1_penalty
LFCI,1,1,1,1,departures,1.0,1.0,path1_penalty
EIWT,1,1,0,0,departures,0.0,0.0,path1_penalty
EGUB,1,1,1,2,departures,1.0,2.0,path1_penalty
ENLA,1,1,0,0,departures,0.0,0.0,path1_penalty
LFBF,1,1,0,0,departures,0.0,0.0,path1_penalty
LKRO,1,1,0,0,departures,0.0,0.0,path1_penalty
EGSC,1,1,1,3,departures,1.0,3.0,path1_penalty
EGHL,1,1,1,3,departures,1.0,3.0,path1_penalty
ENDR,1,0,0,0,departures,0.0,0.0,path1_penalty
LFCH,1,0,0,0,departures,0.0,0.0,path1_penalty
DTTZ,1,0,0,0,departures,0.0,0.0,path1_penalty
EFLP,1,0,0,0,departures,0.0,0.0,path1_penalty
DAUH,1,0,0,0,departures,0.0,0.0,path1_penalty
EPBC,1,0,0,0,departures,0.0,0.0,path1_penalty
EPWK,1,0,0,0,departures,0.0,0.0,path1_penalty
EDRZ,1,1,0,0,departures,0.0,0.0,path1_penalty
EBSP,1,1,0,0,departures,0.0,0.0,path1_penalty
GMAZ,1,1,0,0,departures,0.0,0.0,path1_penalty
LKMH,1,1,0,0,departures,0.0,0.0,path1_penalty
ENQL,1,0,0,0,departures,0.0,0.0,path1_penalty
EHJR,1,0,0,0,departures,0.0,0.0,path1_penalty
LEBA,1,0,0,0,departures,0.0,0.0,path1_penalty
LKJI,1,1,0,0,departures,0.0,0.0,path1_penalty
LYKV,1,0,0,0,departures,0.0,0.0,path1_penalty
LIMG,1,0,0,0,departures,0.0,0.0,path1_penalty
EDBM,1,1,0,0,departures,0.0,0.0,path1_penalty
LFJR,1,1,1,1,departures,1.0,1.0,path1_penalty
LRAR,1,0,0,0,departures,0.0,0.0,path1_penalty
LFLH,1,1,0,0,departures,0.0,0.0,path1_penalty
EDBC,1,1,0,0,departures,0.0,0.0,path1_penalty
EDFZ,1,1,1,1,departures,1.0,1.0,path1_penalty
ENQM,1,0,0,0,departures,0.0,0.0,path1_penalty
EHKS,1,0,0,0,departures,0.0,0.0,path1_penalty
EDFE,1,1,0,4,departures,0.0,4.0,path1_penalty
LKPM,1,1,0,0,departures,0.0,0.0,path1_penalty
LFSG,1,0,0,0,departures,0.0,0.0,path1_penalty
UBBF,1,0,0,0,departures,0.0,0.0,path1_penalty
ENBE,1,0,0,0,departures,0.0,0.0,path1_penalty
DAAV,1,0,0,0,departures,0.0,0.0,path1_penalty
DAUG,1,0,0,0,departures,0.0,0.0,path1_penalty
EKSI,1,0,0,0,departures,0.0,0.0,path1_penalty
EDTF,1,1,0,0,departures,0.0,0.0,path1_penalty
EHJC,1,0,0,0,departures,0.0,0.0,path1_penalty
EKHB,1,0,0,0,departures,0.0,0.0,path1_penalty
LGKA,1,0,0,0,departures,0.0,0.0,path1_penalty
EPCD,1,0,0,0,departures,0.0,0.0,path1_penalty
ENUN,1,0,0,0,departures,0.0,0.0,path1_penalty
BIGJ,1,0,0,0,departures,0.0,0.0,path1_penalty
UBBL,1,0,0,0,departures,0.0,0.0,path1_penalty
ENUD,1,0,0,0,departures,0.0,0.0,path1_penalty
LFMH,1,1,1,1,departures,1.0,1.0,path1_penalty
EPPW,1,0,0,0,departures,0.0,0.0,path1_penalty
LFHS,1,1,0,0,departures,0.0,0.0,path1_penalty
LFOP,1,0,0,0,departures,0.0,0.0,path1_penalty
LOLW,1,1,0,0,departures,0.0,0.0,path1_penalty
EHAK,1,0,0,0,departures,0.0,0.0,path1_penalty
ENUE,1,0,0,0,departures,0.0,0.0,path1_penalty
EDMV,1,0,0,0,departures,0.0,0.0,path1_penalty
EKTE,1,0,0,0,departures,0.0,0.0,path1_penalty
OJAQ,1,0,0,0,departures,0.0,0.0,path1_penalty
EDAY,1,1,0,0,departures,0.0,0.0,path1_penalty
EGOV,1,1,1,1,departures,1.0,1.0,path1_penalty
LFLD,1,0,0,0,departures,0.0,0.0,path1_penalty
ENUS,1,0,0,0,departures,0.0,0.0,path1_penalty
LPEV,1,1,1,1,departures,1.0,1.0,path1_penalty
ENRY,1,1,1,1,departures,1.0,1.0,path1_penalty
LFBA,1,0,0,0,departures,0.0,0.0,path1_penalty
EHFD,1,0,0,0,departures,0.0,0.0,path1_penalty
ENQB,1,1,0,0,departures,0.0,0.0,path1_penalty
OIGG,1,0,0,0,departures,0.0,0.0,path1_penalty
LIRJ,1,0,0,0,departures,0.0,0.0,path1_penalty
LCRA,1,1,1,1,departures,1.0,1.0,path1_penalty
EHQM,1,0,0,0,departures,0.0,0.0,path1_penalty
UUBC,1,0,0,0,departures,0.0,0.0,path1_penalty
UUBI,1,0,0,0,departures,0.0,0.0,path1_penalty
EGBK,1,1,0,0,departures,0.0,0.0,path1_penalty
EHGN,1,0,0,0,departures,0.0,0.0,path1_penalty
ENQR,1,0,0,0,departures,0.0,0.0,path1_penalty
LSZG,1,1,1,1,departures,1.0,1.0,path1_penalty
EHLE,1,1,1,1,departures,1.0,1.0,path1_penalty
ENUK,1,0,0,0,departures,0.0,0.0,path1_penalty
EBMB,1,1,0,0,departures,0.0,0.0,path1_penalty
EDTD,1,0,0,1,departures,0.0,1.0,path1_penalty
LGKZ,1,0,0,0,departures,0.0,0.0,path1_penalty
LHPR,1,1,1,1,departures,1.0,1.0,path1_penalty
LFLO,1,0,0,0,departures,0.0,0.0,path1_penalty
DAUH,1,0,0,0,arrivals,0.0,0.0,path1_penalty
EBCV,1,1,1,1,arrivals,1.0,1.0,path1_penalty
EHFT,1,0,0,0,arrivals,0.0,0.0,path1_penalty
ENRK,1,1,0,0,arrivals,0.0,0.0,path1_penalty
ULPB,1,0,0,0,arrivals,0.0,0.0,path1_penalty
LEBA,1,1,1,1,arrivals,1.0,1.0,path1_penalty
UGSA,1,0,0,0,arrivals,0.0,0.0,path1_penalty
LIMG,1,1,1,1,arrivals,1.0,1.0,path1_penalty
EDBM,1,1,0,0,arrivals,0.0,0.0,path1_penalty
URWA,1,0,0,0,arrivals,0.0,0.0,path1_penalty
LFLD,1,0,0,0,arrivals,0.0,0.0,path1_penalty
LPEV,1,1,1,1,arrivals,1.0,1.0,path1_penalty
EDBC,1,1,0,0,arrivals,0.0,0.0,path1_penalty
LFLA,1,0,0,0,arrivals,0.0,0.0,path1_penalty
UMII,1,0,0,0,arrivals,0.0,0.0,path1_penalty
ENQB,1,0,0,0,arrivals,0.0,0.0,path1_penalty
OIGG,1,0,0,0,arrivals,0.0,0.0,path1_penalty
LIRJ,1,0,0,0,arrivals,0.0,0.0,path1_penalty
LFAQ,1,1,0,0,arrivals,0.0,0.0,path1_penalty
ENWK,1,0,0,0,arrivals,0.0,0.0,path1_penalty
LFRO,1,1,1,1,arrivals,1.0,1.0,path1_penalty
LFTF,1,1,0,0,arrivals,0.0,0.0,path1_penalty
ULWC,1,0,0,0,arrivals,0.0,0.0,path1_penalty
EGTF,1,1,0,0,arrivals,0.0,0.0,path1_penalty
DAAV,1,0,0,0,arrivals,0.0,0.0,path1_penalty
USKK,1,0,0,0,arrivals,0.0,0.0,path1_penalty
UWPS,1,0,0,0,arrivals,0.0,0.0,path1_penalty
EDGE,1,1,0,0,arrivals,0.0,0.0,path1_penalty
EKAR,1,0,0,0,arrivals,0.0,0.0,path1_penalty
LSZC,1,1,0,0,arrivals,0.0,0.0,path1_penalty
UUBC,1,0,0,0,arrivals,0.0,0.0,path1_penalty
UUBI,1,0,0,0,arrivals,0.0,0.0,path1_penalty
LFCI,1,1,1,1,arrivals,1.0,1.0,path1_penalty
LFGA,1,1,1,1,arrivals,1.0,1.0,path1_penalty
EGUB,1,1,1,1,arrivals,1.0,1.0,path1_penalty
ENLA,1,0,0,0,arrivals,0.0,0.0,path1_penalty
LKRO,1,1,0,0,arrivals,0.0,0.0,path1_penalty
LRSM,1,0,0,0,arrivals,0.0,0.0,path1_penalty
EHKE,1,0,0,0,arrivals,0.0,0.0,path1_penalty
EGSC,1,1,1,1,arrivals,1.0,1.0,path1_penalty
ENDR,1,0,0,0,arrivals,0.0,0.0,path1_penalty
UBBL,1,0,0,0,arrivals,0.0,0.0,path1_penalty
LHPR,1,1,1,1,arrivals,1.0,1.0,path1_penalty
EGWC,1,1,1,1,arrivals,1.0,1.0,path1_penalty
EHPK,1,0,0,0,arrivals,0.0,0.0,path1_penalty
LPVR,1,1,1,2,arrivals,1.0,2.0,path1_penalty
EPWK,1,0,0,0,arrivals,0.0,0.0,path1_penalty
GMAZ,1,0,0,0,arrivals,0.0,0.0,path1_penalty
LIQS,1,0,0,0,arrivals,0.0,0.0,path1_penalty
LKMH,1,1,0,0,arrivals,0.0,0.0,path1_penalty
EHTW,1,1,1,1,arrivals,1.0,1.0,path1_penalty
EPNT,1,0,0,0,arrivals,0.0,0.0,path1_penalty
EGFE,1,1,1,1,arrivals,1.0,1.0,path1_penalty
ENQC,1,1,0,0,arrivals,0.0,0.0,path1_penalty
LIMW,1,0,0,0,arrivals,0.0,0.0,path1_penalty
LSTS,1,1,0,0,arrivals,0.0,0.0,path1_penalty
LYKV,1,0,0,0,arrivals,0.0,0.0,path1_penalty
EHDV,1,0,0,0,arrivals,0.0,0.0,path1_penalty
EDLE,1,1,0,0,arrivals,0.0,0.0,path1_penalty
EGBP,1,1,0,0,arrivals,0.0,0.0,path1_penalty
ENQM,1,0,0,0,arrivals,0.0,0.0,path1_penalty
EDFE,1,1,0,1,arrivals,0.0,1.0,path1_penalty
LFSG,1,0,0,0,arrivals,0.0,0.0,path1_penalty
UBBF,1,0,0,0,arrivals,0.0,0.0,path1_penalty
EHFD,1,0,0,0,arrivals,0.0,0.0,path1_penalty
EHLI,1,0,0,0,arrivals,0.0,0.0,path1_penalty
EDBR,1,1,1,1,arrivals,1.0,1.0,path1_penalty
EDXQ,1,1,0,0,arrivals,0.0,0.0,path1_penalty
EDTF,1,1,0,0,arrivals,0.0,0.0,path1_penalty
LDRG,1,0,0,0,arrivals,0.0,0.0,path1_penalty
EIWT,1,1,0,0,arrivals,0.0,0.0,path1_penalty
ENUN,1,0,0,0,arrivals,0.0,0.0,path1_penalty
LGKZ,1,0,0,0,arrivals,0.0,0.0,path1_penalty
LFMH,1,1,1,1,arrivals,1.0,1.0,path1_penalty
EPPW,1,0,0,0,arrivals,0.0,0.0,path1_penalty
LFPN,1,1,0,0,arrivals,0.0,0.0,path1_penalty
LFOP,1,0,0,0,arrivals,0.0,0.0,path1_penalty
LOLW,1,1,0,0,arrivals,0.0,0.0,path1_penalty
ENSF,1,0,0,0,arrivals,0.0,0.0,path1_penalty
EDQM,1,1,1,1,arrivals,1.0,1.0,path1_penalty
DABT,1,0,0,0,arrivals,0.0,0.0,path1_penalty
EHGQ,1,0,0,0,arrivals,0.0,0.0,path1_penalty
EDMV,1,0,0,0,arrivals,0.0,0.0,path1_penalty
EDAQ,1,1,0,0,arrivals,0.0,0.0,path1_penalty
EGOV,1,1,0,0,arrivals,0.0,0.0,path1_penalty
ENUS,1,0,0,0,arrivals,0.0,0.0,path1_penalty
ENGA,1,0,0,0,arrivals,0.0,0.0,path1_penalty
LRAR,1,0,0,1,arrivals,0.0,1.0,path1_penalty
LFLH,1,1,0,0,arrivals,0.0,0.0,path1_penalty
LFBA,1,1,1,1,arrivals,1.0,1.0,path1_penalty
ULMM,1,0,0,0,arrivals,0.0,0.0,path1_penalty
LFRI,1,0,0,0,arrivals,0.0,0.0,path1_penalty
EHFR,1,0,0,0,arrivals,0.0,0.0,path1_penalty
LGKA,1,0,0,0,arrivals,0.0,0.0,path1_penalty
EGBK,1,1,0,0,arrivals,0.0,0.0,path1_penalty
EIWF,1,1,1,1,arrivals,1.0,1.0,path1_penalty
BIGJ,1,0,0,0,arrivals,0.0,0.0,path1_penalty
LJPZ,1,1,1,2,arrivals,1.0,2.0,path1_penalty
EHLE,1,1,1,1,arrivals,1.0,1.0,path1_penalty
ENUK,1,0,0,0,arrivals,0.0,0.0,path1_penalty
EDTD,1,1,1,1,arrivals,1.0,1.0,path1_penalty
LFLO,1,0,0,0,arrivals,0.0,0.0,path1_penalty
EFLP,1,0,0,0,arrivals,0.0,0.0,path1_penalty
OOA,7964,35,0,0,arrivals,0.0,0.0,path2_ceiling
OOA,7892,83,0,0,departures,0.0,0.0,path2_ceiling
LTFM,2282,2064,2062,2072,departures,0.9035933391761612,0.9079754601226994,path2_ceiling
LTFM,2258,1920,1859,1860,arrivals,0.8232949512843224,0.8237378210806023,path2_ceiling
EHAM,2148,2144,2144,2165,departures,0.9981378026070763,1.0079143389199254,path2_ceiling
EHAM,2136,1928,1925,1929,arrivals,0.9012172284644194,0.9030898876404494,path2_ceiling
EDDF,2094,2085,2083,2086,departures,0.9947468958930277,0.9961795606494747,path2_ceiling
EDDF,2091,1835,1829,1832,arrivals,0.874701099952176,0.8761358201817312,path2_ceiling
LFPG,2084,2067,2050,2060,departures,0.9836852207293666,0.9884836852207294,path2_ceiling
LFPG,2066,1770,1769,1823,arrivals,0.856243949661181,0.8823814133591481,path2_ceiling
EGLL,2001,1989,1987,2019,departures,0.9930034982508745,1.0089955022488755,path2_ceiling
EGLL,1986,1701,1534,1664,arrivals,0.7724068479355488,0.837865055387714,path2_ceiling
LEMD,1786,1584,1582,1587,arrivals,0.8857782754759238,0.8885778275475924,path2_ceiling
LEMD,1773,1756,1755,1757,departures,0.9898477157360406,0.990975747320925,path2_ceiling
LEBL,1597,1518,1516,1517,arrivals,0.9492798998121478,0.949906073888541,path2_ceiling
LEBL,1591,1583,1582,1583,departures,0.994343180389692,0.9949717159019484,path2_ceiling
EDDM,1573,1568,1561,1565,departures,0.9923712650985378,0.9949141767323586,path2_ceiling
EDDM,1571,1485,1481,1484,arrivals,0.942711648631445,0.9446212603437301,path2_ceiling
LIRF,1449,1445,1445,1447,departures,0.9972394755003451,0.9986197377501725,path2_ceiling
LTAI,1437,843,842,852,arrivals,0.5859429366736256,0.592901878914405,path2_ceiling
LEPA,1436,1418,1417,1420,arrivals,0.9867688022284122,0.9888579387186629,path2_ceiling
LTAI,1435,790,789,792,departures,0.5498257839721254,0.5519163763066202,path2_ceiling
LIRF,1433,1297,1294,1305,arrivals,0.9030006978367062,0.9106769016050245,path2_ceiling
LEPA,1417,1368,1367,1368,departures,0.9647141848976711,0.9654199011997178,path2_ceiling
LGAV,1317,669,660,663,arrivals,0.5011389521640092,0.5034168564920274,path2_ceiling
LGAV,1306,1180,1180,1187,departures,0.9035222052067381,0.9088820826952527,path2_ceiling
EGKK,1223,1220,1220,1223,departures,0.9975470155355682,1.0,path2_ceiling
EGKK,1220,1130,1130,1130,arrivals,0.9262295081967213,0.9262295081967213,path2_ceiling
EIDW,1188,1109,1108,1111,arrivals,0.9326599326599326,0.9351851851851852,path2_ceiling
EIDW,1185,1167,1166,1166,departures,0.9839662447257383,0.9839662447257383,path2_ceiling
LSZH,1178,1170,1162,1168,departures,0.9864176570458404,0.9915110356536503,path2_ceiling
LSZH,1160,1076,1073,1083,arrivals,0.925,0.9336206896551724,path2_ceiling
LOWW,1156,1147,1146,1156,departures,0.9913494809688581,1.0,path2_ceiling
EKCH,1152,1059,1056,1056,arrivals,0.9166666666666666,0.9166666666666666,path2_ceiling
LOWW,1145,1073,1071,1077,arrivals,0.9353711790393013,0.9406113537117904,path2_ceiling
EKCH,1140,1127,1127,1132,departures,0.9885964912280701,0.9929824561403509,path2_ceiling
LTFJ,1138,1011,1007,1030,arrivals,0.8848857644991213,0.9050966608084359,path2_ceiling
LTFJ,1137,1097,1097,1111,departures,0.9648197009674582,0.9771328056288479,path2_ceiling
LPPT,1010,1001,1001,1001,departures,0.9910891089108911,0.9910891089108911,path2_ceiling
LPPT,1001,905,901,902,arrivals,0.9000999000999002,0.9010989010989011,path2_ceiling
LFPO,992,985,985,988,departures,0.9929435483870968,0.9959677419354839,path2_ceiling
LFPO,991,949,949,951,arrivals,0.9576185671039354,0.9596367305751766,path2_ceiling
LIMC,973,969,967,968,departures,0.9938335046248715,0.9948612538540597,path2_ceiling
LIMC,967,892,887,891,arrivals,0.9172699069286453,0.921406411582213,path2_ceiling
ENGM,940,897,896,909,arrivals,0.9531914893617022,0.9670212765957447,path2_ceiling
ENGM,932,871,871,880,departures,0.9345493562231759,0.944206008583691,path2_ceiling
EGCC,926,922,920,920,departures,0.9935205183585313,0.9935205183585313,path2_ceiling
EGCC,924,839,839,840,arrivals,0.908008658008658,0.9090909090909091,path2_ceiling
EGSS,888,847,841,846,arrivals,0.9470720720720721,0.9527027027027027,path2_ceiling
EGSS,885,883,880,880,departures,0.9943502824858758,0.9943502824858758,path2_ceiling
EPWA,880,783,779,779,arrivals,0.8852272727272728,0.8852272727272728,path2_ceiling
EPWA,875,870,870,872,departures,0.9942857142857143,0.9965714285714286,path2_ceiling
EBBR,872,868,868,878,departures,0.9954128440366973,1.0068807339449541,path2_ceiling
EBBR,871,786,784,795,arrivals,0.9001148105625718,0.912743972445465,path2_ceiling
EDDB,870,851,848,861,departures,0.9747126436781609,0.9896551724137931,path2_ceiling
LEMG,861,838,838,838,arrivals,0.9732868757259001,0.9732868757259001,path2_ceiling
LEMG,850,847,847,849,departures,0.9964705882352941,0.9988235294117647,path2_ceiling
ESSA,841,732,726,734,arrivals,0.8632580261593341,0.8727705112960761,path2_ceiling
EDDB,840,797,792,795,arrivals,0.9428571428571428,0.9464285714285714,path2_ceiling
ESSA,820,792,790,798,departures,0.9634146341463414,0.973170731707317,path2_ceiling
EDDL,758,753,750,755,departures,0.9894459102902374,0.996042216358839,path2_ceiling
EDDL,751,731,730,736,arrivals,0.9720372836218375,0.9800266311584553,path2_ceiling
LFMN,710,691,687,737,arrivals,0.967605633802817,1.0380281690140845,path2_ceiling
LFMN,707,697,691,695,departures,0.9773691654879774,0.983026874115983,path2_ceiling
LSGG,680,658,656,668,departures,0.9647058823529412,0.9823529411764705,path2_ceiling
LSGG,670,649,647,655,arrivals,0.9656716417910448,0.9776119402985075,path2_ceiling
LKPR,667,659,658,662,departures,0.9865067466266867,0.992503748125937,path2_ceiling
EFHK,666,577,576,578,arrivals,0.8648648648648649,0.8678678678678678,path2_ceiling
EFHK,659,655,655,660,departures,0.9939301972685888,1.0015174506828528,path2_ceiling
LKPR,657,620,617,620,arrivals,0.939117199391172,0.943683409436834,path2_ceiling
LEAL,599,598,598,598,departures,0.998330550918197,0.998330550918197,path2_ceiling
LEAL,599,589,589,589,arrivals,0.9833055091819699,0.9833055091819699,path2_ceiling
EGPH,584,553,553,557,arrivals,0.946917808219178,0.9537671232876712,path2_ceiling
LHBP,578,568,567,568,departures,0.9809688581314879,0.9826989619377162,path2_ceiling
EGPH,577,573,571,571,departures,0.9896013864818024,0.9896013864818024,path2_ceiling
LHBP,577,541,539,542,arrivals,0.9341421143847487,0.9393414211438474,path2_ceiling
EGGW,552,532,528,538,arrivals,0.9565217391304348,0.9746376811594203,path2_ceiling
EGGW,550,550,540,544,departures,0.9818181818181818,0.9890909090909091,path2_ceiling
EDDH,538,532,529,537,departures,0.983271375464684,0.9981412639405205,path2_ceiling
EDDH,532,522,520,529,arrivals,0.9774436090225563,0.9943609022556391,path2_ceiling
GCLP,521,1,0,0,arrivals,0.0,0.0,path2_ceiling
GCLP,520,4,0,0,departures,0.0,0.0,path2_ceiling
LLBG,516,458,456,458,arrivals,0.8837209302325582,0.8875968992248062,path2_ceiling
EDDK,515,499,499,500,departures,0.9689320388349515,0.970873786407767,path2_ceiling
LLBG,513,499,498,499,departures,0.9707602339181286,0.9727095516569201,path2_ceiling
LPPR,513,509,508,508,departures,0.9902534113060428,0.9902534113060428,path2_ceiling
LPPR,512,482,481,481,arrivals,0.939453125,0.939453125,path2_ceiling
LEIB,509,499,499,500,arrivals,0.9803536345776032,0.9823182711198428,path2_ceiling
EDDK,509,489,486,486,arrivals,0.9548133595284872,0.9548133595284872,path2_ceiling
LROP,509,496,494,495,arrivals,0.9705304518664047,0.9724950884086444,path2_ceiling
LROP,504,495,427,429,departures,0.8472222222222222,0.8511904761904762,path2_ceiling
LEIB,495,486,486,486,departures,0.9818181818181818,0.9818181818181818,path2_ceiling
EGBB,474,468,468,468,departures,0.9873417721518988,0.9873417721518988,path2_ceiling
EGBB,466,434,433,433,arrivals,0.9291845493562232,0.9291845493562232,path2_ceiling
LIML,465,458,456,462,arrivals,0.9806451612903225,0.9935483870967742,path2_ceiling
LIME,460,456,451,451,arrivals,0.9804347826086957,0.9804347826086957,path2_ceiling
LIML,458,451,450,454,departures,0.982532751091703,0.9912663755458515,path2_ceiling
LIME,453,448,447,448,departures,0.9867549668874173,0.9889624724061811,path2_ceiling
LIRN,449,5,0,0,departures,0.0,0.0,path2_ceiling
LIRN,447,3,0,0,arrivals,0.0,0.0,path2_ceiling
LFML,445,441,440,444,arrivals,0.9887640449438202,0.9977528089887641,path2_ceiling
LFML,444,442,441,442,departures,0.9932432432432432,0.9954954954954955,path2_ceiling
EDDS,440,421,416,420,departures,0.9454545454545454,0.9545454545454546,path2_ceiling
EDDS,433,413,413,419,arrivals,0.953810623556582,0.9676674364896074,path2_ceiling
LGIR,430,2,0,0,arrivals,0.0,0.0,path2_ceiling
LGIR,424,1,0,0,departures,0.0,0.0,path2_ceiling
LIPZ,412,408,408,409,departures,0.9902912621359223,0.9927184466019418,path2_ceiling
LFLL,412,401,400,414,arrivals,0.970873786407767,1.0048543689320388,path2_ceiling
LFLL,411,406,406,421,departures,0.9878345498783455,1.024330900243309,path2_ceiling
LIPZ,409,390,389,392,arrivals,0.9511002444987775,0.9584352078239609,path2_ceiling
LPFR,407,403,401,402,arrivals,0.9852579852579852,0.9877149877149877,path2_ceiling
LPFR,405,404,401,401,departures,0.9901234567901235,0.9901234567901235,path2_ceiling
LYBE,395,374,374,374,arrivals,0.9468354430379747,0.9468354430379747,path2_ceiling
LYBE,394,389,389,389,departures,0.9873096446700508,0.9873096446700508,path2_ceiling
LICC,391,332,329,336,arrivals,0.8414322250639387,0.8593350383631714,path2_ceiling
LICC,390,18,14,14,departures,0.035897435897435895,0.035897435897435895,path2_ceiling
LTAC,381,2,0,0,departures,0.0,0.0,path2_ceiling
LIPE,380,375,375,376,departures,0.9868421052631579,0.9894736842105263,path2_ceiling
LIPE,376,373,371,371,arrivals,0.9867021276595744,0.9867021276595744,path2_ceiling
LTAC,374,3,0,1,arrivals,0.0,0.00267379679144385,path2_ceiling
LCLK,368,341,338,339,departures,0.9184782608695652,0.9211956521739131,path2_ceiling
LCLK,367,360,359,365,arrivals,0.9782016348773842,0.9945504087193461,path2_ceiling
GMMN,360,161,160,162,departures,0.4444444444444444,0.45,path2_ceiling
EPKK,360,353,353,354,departures,0.9805555555555555,0.9833333333333333,path2_ceiling
EGGD,360,343,342,344,arrivals,0.95,0.9555555555555556,path2_ceiling
EGGD,359,358,357,357,departures,0.9944289693593314,0.9944289693593314,path2_ceiling
LEVC,357,350,350,351,arrivals,0.9803921568627451,0.9831932773109243,path2_ceiling
GMMN,357,265,265,271,arrivals,0.742296918767507,0.7591036414565826,path2_ceiling
ENBR,357,337,325,335,arrivals,0.9103641456582633,0.938375350140056,path2_ceiling
EPKK,356,338,337,338,arrivals,0.9466292134831461,0.949438202247191,path2_ceiling
LEVC,355,320,320,320,departures,0.9014084507042254,0.9014084507042254,path2_ceiling
LFSB,354,350,349,351,departures,0.9858757062146892,0.9915254237288136,path2_ceiling
LFSB,352,344,344,345,arrivals,0.9772727272727273,0.9801136363636364,path2_ceiling
ENBR,349,343,338,354,departures,0.9684813753581661,1.0143266475644699,path2_ceiling
LTBJ,346,18,15,15,departures,0.04335260115606936,0.04335260115606936,path2_ceiling
LGRP,346,316,315,316,arrivals,0.9104046242774566,0.9132947976878613,path2_ceiling
EGPF,346,308,306,309,arrivals,0.884393063583815,0.8930635838150289,path2_ceiling
EGPF,344,325,323,324,departures,0.938953488372093,0.9418604651162791,path2_ceiling
LTBJ,341,7,5,5,arrivals,0.01466275659824047,0.01466275659824047,path2_ceiling
LGRP,340,318,318,319,departures,0.9352941176470588,0.9382352941176471,path2_ceiling
LMML,326,322,322,325,departures,0.9877300613496932,0.9969325153374233,path2_ceiling
LMML,326,320,318,320,arrivals,0.9754601226993865,0.9815950920245399,path2_ceiling
LATI,323,1,0,0,arrivals,0.0,0.0,path2_ceiling
GCTS,323,0,0,0,arrivals,0.0,0.0,path2_ceiling
GCTS,321,2,0,0,departures,0.0,0.0,path2_ceiling
GCXO,320,1,1,1,arrivals,0.003125,0.003125,path2_ceiling
GCXO,319,258,258,260,departures,0.8087774294670846,0.8150470219435737,path2_ceiling
LATI,316,3,0,0,departures,0.0,0.0,path2_ceiling
LICJ,314,129,126,126,arrivals,0.4012738853503185,0.4012738853503185,path2_ceiling
LICJ,310,188,188,191,departures,0.6064516129032258,0.6161290322580645,path2_ceiling
EBCI,304,304,304,304,departures,1.0,1.0,path2_ceiling
EBCI,303,300,299,299,arrivals,0.9867986798679867,0.9867986798679867,path2_ceiling
BIKF,297,291,291,292,departures,0.9797979797979798,0.9831649831649831,path2_ceiling
BIKF,296,99,98,101,arrivals,0.3310810810810811,0.34121621621621623,path2_ceiling
ELLX,294,292,292,292,departures,0.9931972789115646,0.9931972789115646,path2_ceiling
ELLX,294,284,284,287,arrivals,0.9659863945578231,0.9761904761904762,path2_ceiling
LFBO,293,291,291,292,departures,0.9931740614334471,0.9965870307167235,path2_ceiling
LFBO,290,289,287,287,arrivals,0.9896551724137931,0.9896551724137931,path2_ceiling
LGTS,281,253,253,256,arrivals,0.900355871886121,0.9110320284697508,path2_ceiling
LTBS,280,4,1,1,arrivals,0.0035714285714285713,0.0035714285714285713,path2_ceiling
LGTS,279,157,157,159,departures,0.5627240143369175,0.5698924731182796,path2_ceiling
GMMX,279,10,7,7,arrivals,0.025089605734767026,0.025089605734767026,path2_ceiling
GMMX,278,2,2,2,departures,0.007194244604316547,0.007194244604316547,path2_ceiling
EVRA,278,229,228,228,arrivals,0.8201438848920863,0.8201438848920863,path2_ceiling
LEZL,276,269,268,270,arrivals,0.9710144927536232,0.9782608695652174,path2_ceiling
LEZL,275,273,273,273,departures,0.9927272727272727,0.9927272727272727,path2_ceiling
LTBS,273,1,0,0,departures,0.0,0.0,path2_ceiling
EVRA,273,270,269,270,departures,0.9853479853479854,0.989010989010989,path2_ceiling
LBSF,272,2,1,1,departures,0.003676470588235294,0.003676470588235294,path2_ceiling
GCRR,269,0,0,0,departures,0.0,0.0,path2_ceiling
GCRR,269,0,0,0,arrivals,0.0,0.0,path2_ceiling
EGNX,267,264,264,264,departures,0.9887640449438202,0.9887640449438202,path2_ceiling
LBSF,267,5,1,1,arrivals,0.003745318352059925,0.003745318352059925,path2_ceiling
EDDP,261,245,244,245,arrivals,0.9348659003831418,0.9386973180076629,path2_ceiling
EPKT,259,250,249,249,departures,0.9613899613899614,0.9613899613899614,path2_ceiling
HEGN,258,0,0,0,arrivals,0.0,0.0,path2_ceiling
HEGN,257,0,0,0,departures,0.0,0.0,path2_ceiling
UGTB,257,14,12,12,departures,0.04669260700389105,0.04669260700389105,path2_ceiling
LFRS,257,252,251,252,arrivals,0.9766536964980544,0.980544747081712,path2_ceiling
UGTB,257,50,48,51,arrivals,0.1867704280155642,0.19844357976653695,path2_ceiling
EPKT,257,241,240,240,arrivals,0.933852140077821,0.933852140077821,path2_ceiling
LFRS,256,240,240,240,departures,0.9375,0.9375,path2_ceiling
EDDP,256,254,254,256,departures,0.9921875,1.0,path2_ceiling
EGNX,255,239,239,239,arrivals,0.9372549019607843,0.9372549019607843,path2_ceiling
LIEO,252,60,57,57,arrivals,0.2261904761904762,0.2261904761904762,path2_ceiling
EPGD,248,9,8,8,departures,0.03225806451612903,0.03225806451612903,path2_ceiling
LGKR,247,8,4,4,arrivals,0.016194331983805668,0.016194331983805668,path2_ceiling
EGAA,246,240,128,128,arrivals,0.5203252032520326,0.5203252032520326,path2_ceiling
LGKR,244,2,2,2,departures,0.00819672131147541,0.00819672131147541,path2_ceiling
HECA,244,5,4,4,departures,0.01639344262295082,0.01639344262295082,path2_ceiling
EPGD,244,4,0,0,arrivals,0.0,0.0,path2_ceiling
EGAA,239,200,200,201,departures,0.8368200836820083,0.8410041841004184,path2_ceiling
ENZV,236,72,70,78,departures,0.2966101694915254,0.3305084745762712,path2_ceiling
ENZV,236,64,61,61,arrivals,0.2584745762711864,0.2584745762711864,path2_ceiling
LEBB,235,0,0,0,arrivals,0.0,0.0,path2_ceiling
LEBB,234,1,0,0,departures,0.0,0.0,path2_ceiling
LTFE,232,204,203,209,arrivals,0.875,0.9008620689655172,path2_ceiling
HECA,231,46,39,39,arrivals,0.16883116883116883,0.16883116883116883,path2_ceiling
LFPB,230,226,226,248,departures,0.9826086956521739,1.0782608695652174,path2_ceiling
LIBD,229,2,0,0,arrivals,0.0,0.0,path2_ceiling
LIBD,228,2,0,0,departures,0.0,0.0,path2_ceiling
LIEO,228,20,15,15,departures,0.06578947368421052,0.06578947368421052,path2_ceiling
LIRP,228,222,222,229,arrivals,0.9736842105263158,1.0043859649122806,path2_ceiling
UUWW,227,7,4,4,arrivals,0.01762114537444934,0.01762114537444934,path2_ceiling
LEMH,226,218,218,219,arrivals,0.9646017699115044,0.9690265486725663,path2_ceiling
LFBD,225,222,222,224,departures,0.9866666666666667,0.9955555555555555,path2_ceiling
LFPB,225,218,168,171,arrivals,0.7466666666666667,0.76,path2_ceiling
LEMH,222,188,188,188,departures,0.8468468468468469,0.8468468468468469,path2_ceiling
LTFE,220,28,26,26,departures,0.11818181818181818,0.11818181818181818,path2_ceiling
LIRP,220,186,186,186,departures,0.8454545454545455,0.8454545454545455,path2_ceiling
ENVA,219,208,208,223,arrivals,0.9497716894977168,1.0182648401826484,path2_ceiling
LFBD,219,215,215,216,arrivals,0.9817351598173516,0.9863013698630136,path2_ceiling
LUKK,217,3,0,0,departures,0.0,0.0,path2_ceiling
ENVA,217,211,199,201,departures,0.9170506912442397,0.9262672811059908,path2_ceiling
LUKK,217,2,0,0,arrivals,0.0,0.0,path2_ceiling
LDSP,216,3,0,0,departures,0.0,0.0,path2_ceiling
ESGG,216,214,214,214,departures,0.9907407407407407,0.9907407407407407,path2_ceiling
UUWW,216,4,4,4,departures,0.018518518518518517,0.018518518518518517,path2_ceiling
LDZA,215,51,49,49,departures,0.22790697674418606,0.22790697674418606,path2_ceiling
LDSP,215,6,0,0,arrivals,0.0,0.0,path2_ceiling
LDZA,215,210,209,212,arrivals,0.9720930232558139,0.986046511627907,path2_ceiling
ESGG,214,208,208,210,arrivals,0.9719626168224299,0.9813084112149533,path2_ceiling
UUEE,214,1,1,4,arrivals,0.004672897196261682,0.018691588785046728,path2_ceiling
EDDV,213,211,211,212,departures,0.9906103286384976,0.9953051643192489,path2_ceiling
GCFV,212,0,0,0,departures,0.0,0.0,path2_ceiling
UUEE,212,19,19,19,departures,0.08962264150943396,0.08962264150943396,path2_ceiling
EGNT,211,199,199,199,departures,0.943127962085308,0.943127962085308,path2_ceiling
GCFV,211,2,0,0,arrivals,0.0,0.0,path2_ceiling
EGNT,211,184,184,184,arrivals,0.8720379146919431,0.8720379146919431,path2_ceiling
EDDV,209,202,202,204,arrivals,0.9665071770334929,0.9760765550239234,path2_ceiling
EGGP,208,204,203,206,departures,0.9759615384615384,0.9903846153846154,path2_ceiling
EGGP,206,194,194,202,arrivals,0.941747572815534,0.9805825242718447,path2_ceiling
LIRQ,202,2,1,1,departures,0.0049504950495049506,0.0049504950495049506,path2_ceiling
EDDN,201,195,194,196,departures,0.9651741293532339,0.9751243781094527,path2_ceiling
EDDN,199,193,192,199,arrivals,0.964824120603015,1.0,path2_ceiling
LGSA,199,28,26,26,arrivals,0.1306532663316583,0.1306532663316583,path2_ceiling
EGLC,198,198,197,252,departures,0.9949494949494949,1.2727272727272727,path2_ceiling
LIRQ,198,86,78,78,arrivals,0.3939393939393939,0.3939393939393939,path2_ceiling
LGSA,196,51,51,51,departures,0.2602040816326531,0.2602040816326531,path2_ceiling
LIEE,195,3,2,2,arrivals,0.010256410256410256,0.010256410256410256,path2_ceiling
EPWR,194,189,189,190,arrivals,0.9742268041237113,0.979381443298969,path2_ceiling
EPWR,193,192,192,192,departures,0.9948186528497409,0.9948186528497409,path2_ceiling
EGNM,193,173,173,175,arrivals,0.8963730569948186,0.9067357512953368,path2_ceiling
UDYZ,192,1,0,0,departures,0.0,0.0,path2_ceiling
UDYZ,192,1,0,0,arrivals,0.0,0.0,path2_ceiling
LIEE,191,1,0,0,departures,0.0,0.0,path2_ceiling
EHEH,191,191,189,189,departures,0.9895287958115183,0.9895287958115183,path2_ceiling
EGNM,190,186,184,184,departures,0.968421052631579,0.968421052631579,path2_ceiling
EHEH,190,187,186,187,arrivals,0.9789473684210527,0.9842105263157894,path2_ceiling
EYVI,189,120,115,118,arrivals,0.6084656084656085,0.6243386243386243,path2_ceiling
EGLC,189,189,188,410,arrivals,0.9947089947089947,2.1693121693121693,path2_ceiling
EYVI,186,176,176,178,departures,0.946236559139785,0.956989247311828,path2_ceiling
DAAG,186,11,10,10,departures,0.053763440860215055,0.053763440860215055,path2_ceiling
DTTA,186,0,0,0,arrivals,0.0,0.0,path2_ceiling
DTTA,185,2,0,0,departures,0.0,0.0,path2_ceiling
DAAG,184,96,96,97,arrivals,0.5217391304347826,0.5271739130434783,path2_ceiling
LFOB,181,179,179,179,departures,0.988950276243094,0.988950276243094,path2_ceiling
LFOB,181,177,177,177,arrivals,0.9779005524861878,0.9779005524861878,path2_ceiling
LDDU,180,5,0,0,arrivals,0.0,0.0,path2_ceiling
LGKO,178,168,168,170,departures,0.9438202247191011,0.9550561797752809,path2_ceiling
LDDU,177,2,0,0,departures,0.0,0.0,path2_ceiling
LGKO,177,168,168,174,arrivals,0.9491525423728814,0.9830508474576272,path2_ceiling
EETN,162,142,142,142,arrivals,0.8765432098765432,0.8765432098765432,path2_ceiling
EPPO,161,156,156,156,departures,0.968944099378882,0.968944099378882,path2_ceiling
HESH,161,2,0,0,arrivals,0.0,0.0,path2_ceiling
UMKK,160,1,0,1,departures,0.0,0.00625,path2_ceiling
EETN,159,149,149,150,departures,0.9371069182389937,0.9433962264150944,path2_ceiling
LPMA,159,153,153,153,departures,0.9622641509433962,0.9622641509433962,path2_ceiling
HESH,159,0,0,0,departures,0.0,0.0,path2_ceiling
UMKK,159,1,1,10,arrivals,0.006289308176100629,0.06289308176100629,path2_ceiling
LPMA,158,10,10,14,arrivals,0.06329113924050633,0.08860759493670886,path2_ceiling
LIMF,157,156,153,154,departures,0.9745222929936306,0.9808917197452229,path2_ceiling
LIMF,157,155,154,157,arrivals,0.9808917197452229,1.0,path2_ceiling
LIRA,156,153,145,147,arrivals,0.9294871794871795,0.9423076923076923,path2_ceiling
LIRA,154,152,152,155,departures,0.987012987012987,1.0064935064935066,path2_ceiling
EPPO,154,148,148,148,arrivals,0.961038961038961,0.961038961038961,path2_ceiling
EKBI,154,150,149,149,arrivals,0.9675324675324676,0.9675324675324676,path2_ceiling
LPPD,153,47,47,47,departures,0.30718954248366015,0.30718954248366015,path2_ceiling
EKBI,152,148,148,149,departures,0.9736842105263158,0.9802631578947368,path2_ceiling
LPPD,151,91,90,92,arrivals,0.5960264900662252,0.609271523178808,path2_ceiling
ULLI,148,1,1,1,arrivals,0.006756756756756757,0.006756756756756757,path2_ceiling
OLBA,144,26,22,22,departures,0.1527777777777778,0.1527777777777778,path2_ceiling
LIPX,144,143,140,140,departures,0.9722222222222222,0.9722222222222222,path2_ceiling
OLBA,144,23,22,23,arrivals,0.1527777777777778,0.1597222222222222,path2_ceiling
ENTC,143,6,0,0,arrivals,0.0,0.0,path2_ceiling
ULLI,142,0,0,0,departures,0.0,0.0,path2_ceiling
LIPX,142,138,136,142,arrivals,0.9577464788732394,1.0,path2_ceiling
LGSR,139,3,0,0,departures,0.0,0.0,path2_ceiling
LGSR,139,2,0,0,arrivals,0.0,0.0,path2_ceiling
ENTC,138,4,0,0,departures,0.0,0.0,path2_ceiling
LTCG,138,103,103,104,arrivals,0.7463768115942029,0.7536231884057971,path2_ceiling
EGPD,137,125,125,125,departures,0.9124087591240876,0.9124087591240876,path2_ceiling
EGPD,136,123,123,123,arrivals,0.9044117647058824,0.9044117647058824,path2_ceiling
ENBO,134,126,126,157,departures,0.9402985074626866,1.171641791044776,path2_ceiling
EBLG,134,134,133,137,departures,0.9925373134328358,1.0223880597014925,path2_ceiling
LTDB,133,3,0,0,departures,0.0,0.0,path2_ceiling
LTCG,133,123,123,123,departures,0.924812030075188,0.924812030075188,path2_ceiling
ENBO,133,118,114,132,arrivals,0.8571428571428571,0.9924812030075187,path2_ceiling
LRCL,130,0,0,0,departures,0.0,0.0,path2_ceiling
LIBR,130,2,0,0,departures,0.0,0.0,path2_ceiling
LRCL,129,0,0,0,arrivals,0.0,0.0,path2_ceiling
LTDB,129,3,0,0,arrivals,0.0,0.0,path2_ceiling
LGZA,126,125,123,125,departures,0.9761904761904762,0.9920634920634921,path2_ceiling
EBLG,126,97,95,98,arrivals,0.753968253968254,0.7777777777777778,path2_ceiling
LGZA,126,119,118,121,arrivals,0.9365079365079365,0.9603174603174603,path2_ceiling
LIBR,125,0,0,0,arrivals,0.0,0.0,path2_ceiling
EGAC,123,121,121,122,departures,0.983739837398374,0.991869918699187,path2_ceiling
EGAC,123,120,120,231,arrivals,0.975609756097561,1.8780487804878048,path2_ceiling
BKPR,120,0,0,0,departures,0.0,0.0,path2_ceiling
BKPR,120,2,0,0,arrivals,0.0,0.0,path2_ceiling
EICK,120,119,119,119,arrivals,0.9916666666666667,0.9916666666666667,path2_ceiling
EICK,119,118,118,118,departures,0.9915966386554622,0.9915966386554622,path2_ceiling
LDZD,118,8,5,5,arrivals,0.0423728813559322,0.0423728813559322,path2_ceiling
OJAI,116,0,0,1,departures,0.0,0.008620689655172414,path2_ceiling
OJAI,116,0,0,1,arrivals,0.0,0.008620689655172414,path2_ceiling
LDZD,114,1,0,0,departures,0.0,0.0,path2_ceiling
LICA,112,1,0,0,arrivals,0.0,0.0,path2_ceiling
EGLF,110,110,109,114,departures,0.990909090909091,1.0363636363636364,path2_ceiling
LICA,108,0,0,0,departures,0.0,0.0,path2_ceiling
EGJJ,108,106,96,96,arrivals,0.8888888888888888,0.8888888888888888,path2_ceiling
EGLF,108,107,0,0,arrivals,0.0,0.0,path2_ceiling
LCPH,107,98,97,97,arrivals,0.9065420560747663,0.9065420560747663,path2_ceiling
LWSK,106,0,0,0,departures,0.0,0.0,path2_ceiling
OKKK,106,105,105,105,departures,0.9905660377358491,0.9905660377358491,path2_ceiling
LEST,106,96,83,83,arrivals,0.7830188679245284,0.7830188679245284,path2_ceiling
LCPH,105,24,24,24,departures,0.22857142857142856,0.22857142857142856,path2_ceiling
LGMK,105,45,43,43,departures,0.4095238095238095,0.4095238095238095,path2_ceiling
LEST,105,83,83,83,departures,0.7904761904761904,0.7904761904761904,path2_ceiling
LZIB,105,101,101,101,departures,0.9619047619047619,0.9619047619047619,path2_ceiling
LEGE,105,37,34,34,arrivals,0.3238095238095238,0.3238095238095238,path2_ceiling
LWSK,105,0,0,0,arrivals,0.0,0.0,path2_ceiling
LZIB,105,103,103,103,arrivals,0.9809523809523809,0.9809523809523809,path2_ceiling
LEGE,104,92,92,96,departures,0.8846153846153846,0.9230769230769231,path2_ceiling
LGMK,104,70,70,76,arrivals,0.6730769230769231,0.7307692307692307,path2_ceiling
EDJA,104,102,102,102,arrivals,0.9807692307692307,0.9807692307692307,path2_ceiling
EDJA,102,101,101,101,departures,0.9901960784313726,0.9901960784313726,path2_ceiling
OKKK,102,29,29,30,arrivals,0.28431372549019607,0.29411764705882354,path2_ceiling
EGJJ,101,97,96,102,departures,0.9504950495049505,1.00990099009901,path2_ceiling
EHRD,100,100,99,101,arrivals,0.99,1.01,path2_ceiling
EHRD,99,98,96,101,departures,0.9696969696969697,1.02020202020202,path2_ceiling
LBBG,97,90,90,90,arrivals,0.9278350515463918,0.9278350515463918,path2_ceiling
LOWS,96,95,95,98,departures,0.9895833333333334,1.0208333333333333,path2_ceiling
LOWS,95,92,90,90,arrivals,0.9473684210526315,0.9473684210526315,path2_ceiling
DTTJ,94,0,0,0,arrivals,0.0,0.0,path2_ceiling
LJLJ,94,90,89,90,arrivals,0.9468085106382979,0.9574468085106383,path2_ceiling
LBBG,93,82,82,82,departures,0.8817204301075269,0.8817204301075269,path2_ceiling
LQSA,93,0,0,0,departures,0.0,0.0,path2_ceiling
LQSA,93,0,0,0,arrivals,0.0,0.0,path2_ceiling
GMAD,92,0,0,0,departures,0.0,0.0,path2_ceiling
EGKB,92,91,32,33,departures,0.34782608695652173,0.358695652173913,path2_ceiling
EINN,91,89,89,89,departures,0.978021978021978,0.978021978021978,path2_ceiling
GMAD,91,0,0,0,arrivals,0.0,0.0,path2_ceiling
EGKB,91,90,0,0,arrivals,0.0,0.0,path2_ceiling
LJLJ,90,87,87,88,departures,0.9666666666666667,0.9777777777777777,path2_ceiling
DTTJ,89,0,0,0,departures,0.0,0.0,path2_ceiling
UUDD,89,6,6,6,departures,0.06741573033707865,0.06741573033707865,path2_ceiling
EDDW,88,87,86,88,departures,0.9772727272727273,1.0,path2_ceiling
GMTT,88,88,88,88,departures,1.0,1.0,path2_ceiling
EDLW,87,85,85,86,departures,0.9770114942528736,0.9885057471264368,path2_ceiling
EDDW,87,87,87,89,arrivals,1.0,1.0229885057471264,path2_ceiling
GMTT,87,86,86,87,arrivals,0.9885057471264368,1.0,path2_ceiling
EDLW,87,84,84,84,arrivals,0.9655172413793104,0.9655172413793104,path2_ceiling
EINN,86,80,80,81,arrivals,0.9302325581395349,0.9418604651162791,path2_ceiling
LIMJ,86,86,84,84,arrivals,0.9767441860465116,0.9767441860465116,path2_ceiling
EGHI,86,78,78,80,arrivals,0.9069767441860465,0.9302325581395349,path2_ceiling
LIPH,85,85,85,85,departures,1.0,1.0,path2_ceiling
GCLA,85,0,0,0,departures,0.0,0.0,path2_ceiling
LIPH,85,85,85,86,arrivals,1.0,1.011764705882353,path2_ceiling
EDSB,85,78,78,82,arrivals,0.9176470588235294,0.9647058823529412,path2_ceiling
LFKB,84,28,27,27,departures,0.32142857142857145,0.32142857142857145,path2_ceiling
LFKB,84,69,69,69,arrivals,0.8214285714285714,0.8214285714285714,path2_ceiling
GCLA,84,4,4,5,arrivals,0.047619047619047616,0.05952380952380952,path2_ceiling
EGHI,83,75,74,75,departures,0.891566265060241,0.9036144578313253,path2_ceiling
EGJB,83,65,60,61,departures,0.7228915662650602,0.7349397590361446,path2_ceiling
LYTV,83,2,0,0,arrivals,0.0,0.0,path2_ceiling
LYTV,82,0,0,0,departures,0.0,0.0,path2_ceiling
EDSB,81,76,76,77,departures,0.9382716049382716,0.9506172839506173,path2_ceiling
EGNS,81,75,74,74,arrivals,0.9135802469135802,0.9135802469135802,path2_ceiling
DTMB,81,0,0,0,arrivals,0.0,0.0,path2_ceiling
EGNS,80,71,71,71,departures,0.8875,0.8875,path2_ceiling
LFKJ,80,79,79,79,arrivals,0.9875,0.9875,path2_ceiling
LIMJ,79,76,75,75,departures,0.9493670886075949,0.9493670886075949,path2_ceiling
DTMB,79,1,0,0,departures,0.0,0.0,path2_ceiling
LFKJ,78,78,78,78,departures,1.0,1.0,path2_ceiling
EDFH,77,75,75,75,departures,0.974025974025974,0.974025974025974,path2_ceiling
LYPG,77,0,0,0,departures,0.0,0.0,path2_ceiling
LYPG,77,0,0,0,arrivals,0.0,0.0,path2_ceiling
EKYT,75,73,73,73,departures,0.9733333333333334,0.9733333333333334,path2_ceiling
LBWN,75,61,61,62,arrivals,0.8133333333333334,0.8266666666666667,path2_ceiling
LFMT,75,73,73,73,arrivals,0.9733333333333334,0.9733333333333334,path2_ceiling
UUDD,75,2,1,1,arrivals,0.013333333333333334,0.013333333333333334,path2_ceiling
LFMT,74,74,74,74,departures,1.0,1.0,path2_ceiling
EDFH,74,71,71,71,arrivals,0.9594594594594594,0.9594594594594594,path2_ceiling
LTAJ,74,0,0,0,arrivals,0.0,0.0,path2_ceiling
EGJB,74,70,59,80,arrivals,0.7972972972972973,1.0810810810810811,path2_ceiling
LTAU,73,0,0,0,arrivals,0.0,0.0,path2_ceiling
LTAJ,72,0,0,0,departures,0.0,0.0,path2_ceiling
LFMD,72,69,30,30,arrivals,0.4166666666666667,0.4166666666666667,path2_ceiling
EGHH,72,67,66,68,arrivals,0.9166666666666666,0.9444444444444444,path2_ceiling
ENTO,72,65,63,64,arrivals,0.875,0.8888888888888888,path2_ceiling
LBWN,71,11,10,10,departures,0.14084507042253522,0.14084507042253522,path2_ceiling
LRIA,71,1,0,0,departures,0.0,0.0,path2_ceiling
EGHH,71,70,69,70,departures,0.971830985915493,0.9859154929577465,path2_ceiling
ENTO,71,33,33,34,departures,0.4647887323943662,0.4788732394366197,path2_ceiling
EKYT,71,69,69,69,arrivals,0.971830985915493,0.971830985915493,path2_ceiling
LTAU,70,0,0,0,departures,0.0,0.0,path2_ceiling
LEAS,69,18,18,18,departures,0.2608695652173913,0.2608695652173913,path2_ceiling
UGSB,69,45,45,45,arrivals,0.6521739130434783,0.6521739130434783,path2_ceiling
EDLV,69,69,69,69,arrivals,1.0,1.0,path2_ceiling
EDLV,68,68,68,71,departures,1.0,1.0441176470588236,path2_ceiling
LERS,68,61,61,61,arrivals,0.8970588235294118,0.8970588235294118,path2_ceiling
LEAS,68,1,1,1,arrivals,0.014705882352941176,0.014705882352941176,path2_ceiling
LRIA,68,0,0,0,arrivals,0.0,0.0,path2_ceiling
UGSB,67,53,53,53,departures,0.7910447761194029,0.7910447761194029,path2_ceiling
LERS,67,9,9,9,departures,0.13432835820895522,0.13432835820895522,path2_ceiling
URSS,67,0,0,0,arrivals,0.0,0.0,path2_ceiling
LFMD,65,60,57,59,departures,0.8769230769230769,0.9076923076923077,path2_ceiling
LFKF,65,58,57,57,arrivals,0.8769230769230769,0.8769230769230769,path2_ceiling
GMME,64,5,5,5,departures,0.078125,0.078125,path2_ceiling
GMME,63,20,20,20,arrivals,0.31746031746031744,0.31746031746031744,path2_ceiling
LIEA,62,62,62,62,departures,1.0,1.0,path2_ceiling
LGKF,62,61,60,60,departures,0.967741935483871,0.967741935483871,path2_ceiling
LIEA,62,62,62,62,arrivals,1.0,1.0,path2_ceiling
LIPQ,61,58,58,58,departures,0.9508196721311475,0.9508196721311475,path2_ceiling
LFKF,61,28,28,28,departures,0.45901639344262296,0.45901639344262296,path2_ceiling
EDDG,60,60,60,60,departures,1.0,1.0,path2_ceiling
EPRZ,60,57,56,56,departures,0.9333333333333333,0.9333333333333333,path2_ceiling
LGKF,60,56,55,55,arrivals,0.9166666666666666,0.9166666666666666,path2_ceiling
DTNH,59,0,0,0,departures,0.0,0.0,path2_ceiling
LRTR,59,0,0,0,departures,0.0,0.0,path2_ceiling
LIPQ,59,59,58,58,arrivals,0.9830508474576272,0.9830508474576272,path2_ceiling
LTBA,58,54,53,57,departures,0.9137931034482759,0.9827586206896551,path2_ceiling
DTNH,58,0,0,0,arrivals,0.0,0.0,path2_ceiling
EPRZ,58,55,54,54,arrivals,0.9310344827586207,0.9310344827586207,path2_ceiling
LFBZ,57,56,56,58,arrivals,0.9824561403508771,1.0175438596491229,path2_ceiling
LRTR,57,1,1,2,arrivals,0.017543859649122806,0.03508771929824561,path2_ceiling
LFQQ,57,56,56,57,arrivals,0.9824561403508771,1.0,path2_ceiling
LOWG,56,56,52,53,departures,0.9285714285714286,0.9464285714285714,path2_ceiling
LFQQ,56,56,56,56,departures,1.0,1.0,path2_ceiling
LTCC,56,0,0,0,arrivals,0.0,0.0,path2_ceiling
EDDG,56,54,54,54,arrivals,0.9642857142857143,0.9642857142857143,path2_ceiling
LFBZ,55,7,7,7,departures,0.12727272727272726,0.12727272727272726,path2_ceiling
LTCC,55,1,0,0,departures,0.0,0.0,path2_ceiling
LDPL,55,48,47,50,arrivals,0.8545454545454545,0.9090909090909091,path2_ceiling
LFTH,55,49,48,59,arrivals,0.8727272727272727,1.0727272727272728,path2_ceiling
EYKA,54,52,51,51,departures,0.9444444444444444,0.9444444444444444,path2_ceiling
LOWG,53,53,53,57,arrivals,1.0,1.0754716981132075,path2_ceiling
LKTB,52,51,48,49,departures,0.9230769230769231,0.9423076923076923,path2_ceiling
URSS,52,0,0,0,departures,0.0,0.0,path2_ceiling
GMFF,52,0,0,0,departures,0.0,0.0,path2_ceiling
LTBA,52,47,42,71,arrivals,0.8076923076923077,1.3653846153846154,path2_ceiling
LKTB,52,51,50,52,arrivals,0.9615384615384616,1.0,path2_ceiling
GMFF,52,0,0,0,arrivals,0.0,0.0,path2_ceiling
LFTH,51,13,10,21,departures,0.19607843137254902,0.4117647058823529,path2_ceiling
EGPE,51,47,47,47,departures,0.9215686274509803,0.9215686274509803,path2_ceiling
EHKD,50,44,41,51,departures,0.82,1.02,path2_ceiling
LFST,50,48,47,47,arrivals,0.94,0.94,path2_ceiling
EYKA,50,15,9,9,arrivals,0.18,0.18,path2_ceiling
LDPL,49,43,43,44,departures,0.8775510204081632,0.8979591836734694,path2_ceiling
UGKO,49,0,0,0,departures,0.0,0.0,path2_ceiling
LFST,49,47,47,47,departures,0.9591836734693877,0.9591836734693877,path2_ceiling
DAOO,49,24,24,24,arrivals,0.4897959183673469,0.4897959183673469,path2_ceiling
UGKO,49,0,0,0,arrivals,0.0,0.0,path2_ceiling
EGFF,49,46,44,45,arrivals,0.8979591836734694,0.9183673469387755,path2_ceiling
EGPE,49,45,45,45,arrivals,0.9183673469387755,0.9183673469387755,path2_ceiling
DAOO,48,9,9,9,departures,0.1875,0.1875,path2_ceiling
EGFF,48,47,46,47,departures,0.9583333333333334,0.9791666666666666,path2_ceiling
UBBN,48,0,0,0,departures,0.0,0.0,path2_ceiling
ENCN,48,34,34,34,departures,0.7083333333333334,0.7083333333333334,path2_ceiling
EHKD,48,36,36,43,arrivals,0.75,0.8958333333333334,path2_ceiling
ENAL,48,1,1,1,arrivals,0.020833333333333332,0.020833333333333332,path2_ceiling
UBBN,48,1,0,0,arrivals,0.0,0.0,path2_ceiling
ORBI,48,1,0,0,arrivals,0.0,0.0,path2_ceiling
LFRB,47,41,41,41,departures,0.8723404255319149,0.8723404255319149,path2_ceiling
ENAL,46,0,0,0,departures,0.0,0.0,path2_ceiling
ENKB,46,0,0,0,departures,0.0,0.0,path2_ceiling
LGPZ,46,1,0,0,arrivals,0.0,0.0,path2_ceiling
LTFH,45,3,3,3,departures,0.06666666666666667,0.06666666666666667,path2_ceiling
LGPZ,45,1,0,0,departures,0.0,0.0,path2_ceiling
EDDC,45,44,44,44,departures,0.9777777777777777,0.9777777777777777,path2_ceiling
LGPA,45,0,0,0,departures,0.0,0.0,path2_ceiling
LTFH,45,4,3,3,arrivals,0.06666666666666667,0.06666666666666667,path2_ceiling
EDDC,45,45,45,45,arrivals,1.0,1.0,path2_ceiling
LIRI,44,7,0,0,departures,0.0,0.0,path2_ceiling
GEML,44,43,43,43,departures,0.9772727272727273,0.9772727272727273,path2_ceiling
ORER,44,0,0,0,departures,0.0,0.0,path2_ceiling
ESSB,44,38,37,38,departures,0.8409090909090909,0.8636363636363636,path2_ceiling
BIRK,44,41,41,41,departures,0.9318181818181818,0.9318181818181818,path2_ceiling
GEML,44,43,43,45,arrivals,0.9772727272727273,1.0227272727272727,path2_ceiling
ORER,44,0,0,0,arrivals,0.0,0.0,path2_ceiling
LEJR,44,43,42,43,arrivals,0.9545454545454546,0.9772727272727273,path2_ceiling
BIRK,44,36,34,35,arrivals,0.7727272727272727,0.7954545454545454,path2_ceiling
ENKB,44,0,0,0,arrivals,0.0,0.0,path2_ceiling
LFRB,44,39,39,39,arrivals,0.8863636363636364,0.8863636363636364,path2_ceiling
LKMT,44,39,39,41,arrivals,0.8863636363636364,0.9318181818181818,path2_ceiling
LKMT,43,38,37,37,departures,0.8604651162790697,0.8604651162790697,path2_ceiling
LIBP,43,43,43,43,arrivals,1.0,1.0,path2_ceiling
LOWI,43,28,27,27,arrivals,0.627906976744186,0.627906976744186,path2_ceiling
ENCN,43,10,10,10,arrivals,0.23255813953488372,0.23255813953488372,path2_ceiling
EPMO,42,42,42,42,departures,1.0,1.0,path2_ceiling
ENEV,42,6,0,0,departures,0.0,0.0,path2_ceiling
ORBI,42,0,0,0,departures,0.0,0.0,path2_ceiling
LIRI,42,6,3,3,arrivals,0.07142857142857142,0.07142857142857142,path2_ceiling
UMMS,42,2,2,3,arrivals,0.047619047619047616,0.07142857142857142,path2_ceiling
ESMS,42,36,36,37,arrivals,0.8571428571428571,0.8809523809523809,path2_ceiling
ENEV,42,9,0,0,arrivals,0.0,0.0,path2_ceiling
LGSM,42,15,15,20,arrivals,0.35714285714285715,0.47619047619047616,path2_ceiling
ESMS,41,38,38,38,departures,0.926829268292683,0.926829268292683,path2_ceiling
LIBP,41,41,41,42,departures,1.0,1.024390243902439,path2_ceiling
LGSM,41,8,7,10,departures,0.17073170731707318,0.24390243902439024,path2_ceiling
LIRZ,41,41,41,45,arrivals,1.0,1.0975609756097562,path2_ceiling
UMMS,40,13,13,13,departures,0.325,0.325,path2_ceiling
LEJR,40,40,40,40,departures,1.0,1.0,path2_ceiling
LEVX,40,15,15,16,arrivals,0.375,0.4,path2_ceiling
UWKD,40,0,0,0,arrivals,0.0,0.0,path2_ceiling
LICT,40,4,4,4,arrivals,0.1,0.1,path2_ceiling
EPMO,40,30,30,30,arrivals,0.75,0.75,path2_ceiling
LEAM,40,37,36,37,arrivals,0.9,0.925,path2_ceiling
GMMW,40,32,30,30,arrivals,0.75,0.75,path2_ceiling
LGPA,40,0,0,0,arrivals,0.0,0.0,path2_ceiling
LEVT,39,0,0,0,departures,0.0,0.0,path2_ceiling
LICT,39,2,2,2,departures,0.05128205128205128,0.05128205128205128,path2_ceiling
LIRZ,39,39,35,35,departures,0.8974358974358975,0.8974358974358975,path2_ceiling
LEXJ,39,0,0,0,departures,0.0,0.0,path2_ceiling
GMMW,39,31,31,31,departures,0.7948717948717948,0.7948717948717948,path2_ceiling
EGPB,39,0,0,0,arrivals,0.0,0.0,path2_ceiling
LEVT,39,0,0,0,arrivals,0.0,0.0,path2_ceiling
LEZG,39,16,15,15,arrivals,0.38461538461538464,0.38461538461538464,path2_ceiling
EDLP,39,35,34,35,arrivals,0.8717948717948718,0.8974358974358975,path2_ceiling
EGPB,38,0,0,0,departures,0.0,0.0,path2_ceiling
UWKD,38,0,0,0,departures,0.0,0.0,path2_ceiling
LEZG,38,14,14,15,departures,0.3684210526315789,0.39473684210526316,path2_ceiling
ESPA,38,0,0,0,departures,0.0,0.0,path2_ceiling
LEVX,37,2,1,1,departures,0.02702702702702703,0.02702702702702703,path2_ceiling
LGSK,37,5,5,5,departures,0.13513513513513514,0.13513513513513514,path2_ceiling
LOWL,37,36,36,37,departures,0.972972972972973,1.0,path2_ceiling
LEAM,37,35,35,35,departures,0.9459459459459459,0.9459459459459459,path2_ceiling
LIPY,37,1,0,0,departures,0.0,0.0,path2_ceiling
LGSK,37,29,29,29,arrivals,0.7837837837837838,0.7837837837837838,path2_ceiling
ESSB,37,32,32,35,arrivals,0.8648648648648649,0.9459459459459459,path2_ceiling
LEXJ,37,0,0,0,arrivals,0.0,0.0,path2_ceiling
EGTE,36,33,33,33,departures,0.9166666666666666,0.9166666666666666,path2_ceiling
LECO,36,35,35,35,departures,0.9722222222222222,0.9722222222222222,path2_ceiling
EGTE,36,33,33,33,arrivals,0.9166666666666666,0.9166666666666666,path2_ceiling
LIPY,36,8,8,9,arrivals,0.2222222222222222,0.25,path2_ceiling
LTFO,36,19,17,17,arrivals,0.4722222222222222,0.4722222222222222,path2_ceiling
EGMC,35,35,35,39,departures,1.0,1.1142857142857143,path2_ceiling
EDLP,35,32,32,33,departures,0.9142857142857143,0.9428571428571428,path2_ceiling
LZKZ,35,22,22,22,departures,0.6285714285714286,0.6285714285714286,path2_ceiling
LTFO,35,0,0,0,departures,0.0,0.0,path2_ceiling
LTFG,35,35,34,34,arrivals,0.9714285714285714,0.9714285714285714,path2_ceiling
ESPA,35,0,0,0,arrivals,0.0,0.0,path2_ceiling
LECO,35,35,35,48,arrivals,1.0,1.3714285714285714,path2_ceiling
GMFO,34,3,3,3,departures,0.08823529411764706,0.08823529411764706,path2_ceiling
LTFG,34,34,34,34,departures,1.0,1.0,path2_ceiling
LEGR,34,0,0,0,departures,0.0,0.0,path2_ceiling
LOWL,34,32,31,31,arrivals,0.9117647058823529,0.9117647058823529,path2_ceiling
LICR,34,1,0,0,arrivals,0.0,0.0,path2_ceiling
GMFO,34,19,19,19,arrivals,0.5588235294117647,0.5588235294117647,path2_ceiling
LEGR,34,0,0,0,arrivals,0.0,0.0,path2_ceiling
LGMT,34,34,34,34,arrivals,1.0,1.0,path2_ceiling
LZKZ,34,27,27,27,arrivals,0.7941176470588235,0.7941176470588235,path2_ceiling
LICR,33,0,0,0,departures,0.0,0.0,path2_ceiling
LTCI,33,0,0,0,departures,0.0,0.0,path2_ceiling
LGMT,33,31,31,32,departures,0.9393939393939394,0.9696969696969697,path2_ceiling
LOWI,33,25,24,25,departures,0.7272727272727273,0.7575757575757576,path2_ceiling
EGMC,33,33,33,63,arrivals,1.0,1.9090909090909092,path2_ceiling
EKAH,33,30,30,30,arrivals,0.9090909090909091,0.9090909090909091,path2_ceiling
EGWU,32,32,0,0,departures,0.0,0.0,path2_ceiling
LTCB,32,2,2,2,departures,0.0625,0.0625,path2_ceiling
EKAH,32,22,22,22,departures,0.6875,0.6875,path2_ceiling
LFRN,32,32,32,32,departures,1.0,1.0,path2_ceiling
LEMI,32,31,31,31,arrivals,0.96875,0.96875,path2_ceiling
LTCI,32,0,0,0,arrivals,0.0,0.0,path2_ceiling
LEMI,31,29,29,29,departures,0.9354838709677419,0.9354838709677419,path2_ceiling
EIKN,31,30,30,30,departures,0.967741935483871,0.967741935483871,path2_ceiling
ENHD,31,4,3,3,departures,0.0967741935483871,0.0967741935483871,path2_ceiling
EDMO,31,29,25,25,departures,0.8064516129032258,0.8064516129032258,path2_ceiling
LFRN,31,31,31,31,arrivals,1.0,1.0,path2_ceiling
LTCE,31,1,0,0,arrivals,0.0,0.0,path2_ceiling
EGPK,30,28,28,28,departures,0.9333333333333333,0.9333333333333333,path2_ceiling
URMM,30,0,0,0,departures,0.0,0.0,path2_ceiling
LGNX,30,1,0,0,departures,0.0,0.0,path2_ceiling
LTCB,30,9,9,9,arrivals,0.3,0.3,path2_ceiling
LGNX,30,2,0,0,arrivals,0.0,0.0,path2_ceiling
EIKN,30,30,30,30,arrivals,1.0,1.0,path2_ceiling
EBAW,29,29,25,25,departures,0.8620689655172413,0.8620689655172413,path2_ceiling
LTCE,29,0,0,0,departures,0.0,0.0,path2_ceiling
EGPA,29,0,0,0,departures,0.0,0.0,path2_ceiling
LTAZ,29,0,0,0,departures,0.0,0.0,path2_ceiling
EGPK,29,29,29,31,arrivals,1.0,1.0689655172413792,path2_ceiling
URMM,29,0,0,0,arrivals,0.0,0.0,path2_ceiling
ENHD,29,19,19,21,arrivals,0.6551724137931034,0.7241379310344828,path2_ceiling
LTAZ,29,1,0,0,arrivals,0.0,0.0,path2_ceiling
EGHQ,28,27,27,27,departures,0.9642857142857143,0.9642857142857143,path2_ceiling
ESNU,28,0,0,0,departures,0.0,0.0,path2_ceiling
EGHQ,28,27,27,27,arrivals,0.9642857142857143,0.9642857142857143,path2_ceiling
LTCA,27,0,0,0,departures,0.0,0.0,path2_ceiling
ENBN,27,0,0,0,departures,0.0,0.0,path2_ceiling
LICD,27,2,2,2,departures,0.07407407407407407,0.07407407407407407,path2_ceiling
LIPB,27,18,17,17,arrivals,0.6296296296296297,0.6296296296296297,path2_ceiling
EGWU,27,25,0,0,arrivals,0.0,0.0,path2_ceiling
LTAN,27,0,0,0,arrivals,0.0,0.0,path2_ceiling
LTCA,27,0,0,0,arrivals,0.0,0.0,path2_ceiling
LICD,27,7,7,7,arrivals,0.25925925925925924,0.25925925925925924,path2_ceiling
LFKC,27,27,27,27,arrivals,1.0,1.0,path2_ceiling
LTAT,26,0,0,0,departures,0.0,0.0,path2_ceiling
LPCS,26,26,23,24,departures,0.8846153846153846,0.9230769230769231,path2_ceiling
LIPB,26,0,0,0,departures,0.0,0.0,path2_ceiling
LTCS,26,0,0,0,departures,0.0,0.0,path2_ceiling
LTAN,26,0,0,0,departures,0.0,0.0,path2_ceiling
LRBS,26,26,25,94,departures,0.9615384615384616,3.6153846153846154,path2_ceiling
LFKC,26,26,26,26,departures,1.0,1.0,path2_ceiling
LGHI,26,2,1,1,arrivals,0.038461538461538464,0.038461538461538464,path2_ceiling
LTCS,26,0,0,0,arrivals,0.0,0.0,path2_ceiling
ESNU,26,0,0,0,arrivals,0.0,0.0,path2_ceiling
ENBN,26,0,0,0,arrivals,0.0,0.0,path2_ceiling
EGPA,26,0,0,0,arrivals,0.0,0.0,path2_ceiling
LGKL,25,8,6,6,departures,0.24,0.24,path2_ceiling
LGHI,25,3,2,2,departures,0.08,0.08,path2_ceiling
LGML,25,0,0,0,departures,0.0,0.0,path2_ceiling
LFMP,25,8,8,8,departures,0.32,0.32,path2_ceiling
EHBK,25,21,19,20,departures,0.76,0.8,path2_ceiling
EFOU,25,0,0,0,departures,0.0,0.0,path2_ceiling
EGSH,25,25,25,25,departures,1.0,1.0,path2_ceiling
LPCS,25,24,22,29,arrivals,0.88,1.16,path2_ceiling
LGKL,25,20,20,23,arrivals,0.8,0.92,path2_ceiling
EBAW,25,25,24,26,arrivals,0.96,1.04,path2_ceiling
EFOU,25,0,0,0,arrivals,0.0,0.0,path2_ceiling
EGSH,25,25,25,26,arrivals,1.0,1.04,path2_ceiling
LFRK,24,13,12,12,departures,0.5,0.5,path2_ceiling
EKVG,24,0,0,0,departures,0.0,0.0,path2_ceiling
ENFL,24,0,0,0,departures,0.0,0.0,path2_ceiling
ENAT,24,0,0,0,departures,0.0,0.0,path2_ceiling
LICG,24,0,0,0,departures,0.0,0.0,path2_ceiling
LIPR,24,23,23,25,departures,0.9583333333333334,1.0416666666666667,path2_ceiling
LTAT,24,0,0,0,arrivals,0.0,0.0,path2_ceiling
EKVG,24,0,0,0,arrivals,0.0,0.0,path2_ceiling
ENFL,24,0,0,0,arrivals,0.0,0.0,path2_ceiling
ENAT,24,0,0,0,arrivals,0.0,0.0,path2_ceiling
LESO,24,2,0,0,arrivals,0.0,0.0,path2_ceiling
LFMP,24,18,18,18,arrivals,0.75,0.75,path2_ceiling
EHBK,24,19,19,23,arrivals,0.7916666666666666,0.9583333333333334,path2_ceiling
LIPR,24,24,23,24,arrivals,0.9583333333333334,1.0,path2_ceiling
EDDR,23,17,17,18,departures,0.7391304347826086,0.782608695652174,path2_ceiling
ESSV,23,0,0,0,departures,0.0,0.0,path2_ceiling
ENOV,23,0,0,0,departures,0.0,0.0,path2_ceiling
ENKR,23,0,0,0,departures,0.0,0.0,path2_ceiling
LESO,23,1,0,0,departures,0.0,0.0,path2_ceiling
ENLK,23,5,0,0,departures,0.0,0.0,path2_ceiling
LFBT,23,23,23,23,departures,1.0,1.0,path2_ceiling
ENKR,23,0,0,0,arrivals,0.0,0.0,path2_ceiling
LICG,23,3,3,3,arrivals,0.13043478260869565,0.13043478260869565,path2_ceiling
EGPO,23,3,0,0,arrivals,0.0,0.0,path2_ceiling
EDXW,22,20,19,19,departures,0.8636363636363636,0.8636363636363636,path2_ceiling
LLER,22,0,0,0,departures,0.0,0.0,path2_ceiling
LSGS,22,0,0,0,departures,0.0,0.0,path2_ceiling
LRSB,22,1,0,0,departures,0.0,0.0,path2_ceiling
LFBP,22,10,10,10,departures,0.45454545454545453,0.45454545454545453,path2_ceiling
LGKP,22,0,0,0,departures,0.0,0.0,path2_ceiling
EGNV,22,19,19,19,departures,0.8636363636363636,0.8636363636363636,path2_ceiling
EGPO,22,0,0,0,departures,0.0,0.0,path2_ceiling
EPSC,22,5,5,5,departures,0.22727272727272727,0.22727272727272727,path2_ceiling
EIKY,22,22,22,22,departures,1.0,1.0,path2_ceiling
LRCV,22,1,0,0,departures,0.0,0.0,path2_ceiling
GCHI,22,0,0,0,departures,0.0,0.0,path2_ceiling
LFRK,22,21,18,18,arrivals,0.8181818181818182,0.8181818181818182,path2_ceiling
EDDR,22,16,16,19,arrivals,0.7272727272727273,0.8636363636363636,path2_ceiling
ESSV,22,2,2,2,arrivals,0.09090909090909091,0.09090909090909091,path2_ceiling
EDXW,22,21,20,21,arrivals,0.9090909090909091,0.9545454545454546,path2_ceiling
ENOV,22,0,0,0,arrivals,0.0,0.0,path2_ceiling
LLER,22,0,0,0,arrivals,0.0,0.0,path2_ceiling
LRSB,22,2,2,3,arrivals,0.09090909090909091,0.13636363636363635,path2_ceiling
LFBP,22,21,19,19,arrivals,0.8636363636363636,0.8636363636363636,path2_ceiling
LGKP,22,0,0,0,arrivals,0.0,0.0,path2_ceiling
EDMO,22,22,18,19,arrivals,0.8181818181818182,0.8636363636363636,path2_ceiling
EPSC,22,11,11,11,arrivals,0.5,0.5,path2_ceiling
ENLK,22,2,0,0,arrivals,0.0,0.0,path2_ceiling
GCHI,22,0,0,0,arrivals,0.0,0.0,path2_ceiling
LFBT,22,22,22,24,arrivals,1.0,1.0909090909090908,path2_ceiling
LDRI,21,0,0,0,departures,0.0,0.0,path2_ceiling
ENSG,21,7,0,0,departures,0.0,0.0,path2_ceiling
LRSV,21,0,0,0,departures,0.0,0.0,path2_ceiling
BIAR,21,0,0,0,departures,0.0,0.0,path2_ceiling
LDRI,21,18,18,19,arrivals,0.8571428571428571,0.9047619047619048,path2_ceiling
ENSG,21,8,0,0,arrivals,0.0,0.0,path2_ceiling
LGML,21,0,0,0,arrivals,0.0,0.0,path2_ceiling
EGNV,21,19,19,19,arrivals,0.9047619047619048,0.9047619047619048,path2_ceiling
LSZB,21,20,20,28,arrivals,0.9523809523809523,1.3333333333333333,path2_ceiling
EIKY,21,21,21,21,arrivals,1.0,1.0,path2_ceiling
LFLC,21,20,20,21,arrivals,0.9523809523809523,1.0,path2_ceiling
LRCV,21,1,0,0,arrivals,0.0,0.0,path2_ceiling
LRBS,21,21,20,22,arrivals,0.9523809523809523,1.0476190476190477,path2_ceiling
BIAR,21,0,0,0,arrivals,0.0,0.0,path2_ceiling
DABC,20,0,0,0,departures,0.0,0.0,path2_ceiling
LTCR,20,0,0,0,departures,0.0,0.0,path2_ceiling
LSZB,20,19,18,20,departures,0.9,1.0,path2_ceiling
GMTN,20,20,19,19,arrivals,0.95,0.95,path2_ceiling
LSGS,20,2,0,0,arrivals,0.0,0.0,path2_ceiling
LTCR,20,0,0,0,arrivals,0.0,0.0,path2_ceiling
LRSV,20,0,0,0,arrivals,0.0,0.0,path2_ceiling
EGNJ,20,15,15,15,arrivals,0.75,0.75,path2_ceiling
HLLM,20,1,0,0,arrivals,0.0,0.0,path2_ceiling
DABC,20,0,0,0,arrivals,0.0,0.0,path2_ceiling
LOWK,19,0,0,0,departures,0.0,0.0,path2_ceiling
LTCJ,19,0,0,0,departures,0.0,0.0,path2_ceiling
GMTN,19,18,18,18,departures,0.9473684210526315,0.9473684210526315,path2_ceiling
EFTU,19,9,9,9,departures,0.47368421052631576,0.47368421052631576,path2_ceiling
ENVD,19,0,0,0,departures,0.0,0.0,path2_ceiling
LRBC,19,0,0,0,departures,0.0,0.0,path2_ceiling
EGTK,19,19,19,20,departures,1.0,1.0526315789473684,path2_ceiling
ENSK,19,5,0,0,departures,0.0,0.0,path2_ceiling
LSZR,19,19,19,22,departures,1.0,1.1578947368421053,path2_ceiling
HLLM,19,1,0,0,departures,0.0,0.0,path2_ceiling
LTCJ,19,0,0,0,arrivals,0.0,0.0,path2_ceiling
LRBC,19,1,1,1,arrivals,0.05263157894736842,0.05263157894736842,path2_ceiling
ENSK,19,4,0,0,arrivals,0.0,0.0,path2_ceiling
LFTZ,19,18,0,0,arrivals,0.0,0.0,path2_ceiling
LSZR,19,19,19,19,arrivals,1.0,1.0,path2_ceiling
EYPA,18,16,15,15,departures,0.8333333333333334,0.8333333333333334,path2_ceiling
EGJA,18,13,6,6,departures,0.3333333333333333,0.3333333333333333,path2_ceiling
EBOS,18,16,16,16,departures,0.8888888888888888,0.8888888888888888,path2_ceiling
LFLC,18,10,10,10,departures,0.5555555555555556,0.5555555555555556,path2_ceiling
LOWK,18,5,4,4,arrivals,0.2222222222222222,0.2222222222222222,path2_ceiling
LIPO,18,18,14,19,arrivals,0.7777777777777778,1.0555555555555556,path2_ceiling
EFTU,18,10,10,10,arrivals,0.5555555555555556,0.5555555555555556,path2_ceiling
EGJA,18,18,7,17,arrivals,0.3888888888888889,0.9444444444444444,path2_ceiling
EFRO,17,0,0,0,departures,0.0,0.0,path2_ceiling
LPAZ,17,7,7,7,departures,0.4117647058823529,0.4117647058823529,path2_ceiling
EPLL,17,2,2,2,departures,0.11764705882352941,0.11764705882352941,path2_ceiling
EBKT,17,16,16,17,departures,0.9411764705882353,1.0,path2_ceiling
LQBK,17,0,0,0,departures,0.0,0.0,path2_ceiling
ENML,17,0,0,0,departures,0.0,0.0,path2_ceiling
LGAL,17,2,2,2,departures,0.11764705882352941,0.11764705882352941,path2_ceiling
EFRO,17,0,0,0,arrivals,0.0,0.0,path2_ceiling
LQBK,17,6,6,6,arrivals,0.35294117647058826,0.35294117647058826,path2_ceiling
EYPA,17,4,3,3,arrivals,0.17647058823529413,0.17647058823529413,path2_ceiling
EBOS,17,16,16,18,arrivals,0.9411764705882353,1.0588235294117647,path2_ceiling
LFLY,16,16,0,0,departures,0.0,0.0,path2_ceiling
EKRN,16,0,0,0,departures,0.0,0.0,path2_ceiling
LYNI,16,0,0,0,departures,0.0,0.0,path2_ceiling
LFBL,16,0,0,0,departures,0.0,0.0,path2_ceiling
EPBY,16,15,15,15,departures,0.9375,0.9375,path2_ceiling
LTCF,16,0,0,0,departures,0.0,0.0,path2_ceiling
EGNJ,16,12,12,12,departures,0.75,0.75,path2_ceiling
EDDE,16,16,16,16,departures,1.0,1.0,path2_ceiling
LXGB,16,15,15,15,departures,0.9375,0.9375,path2_ceiling
LEPP,16,0,0,0,departures,0.0,0.0,path2_ceiling
EPLB,16,15,15,16,departures,0.9375,1.0,path2_ceiling
LFBE,16,15,15,15,departures,0.9375,0.9375,path2_ceiling
EKEB,16,13,13,13,departures,0.8125,0.8125,path2_ceiling
LECH,16,14,14,14,departures,0.875,0.875,path2_ceiling
LFLY,16,16,0,0,arrivals,0.0,0.0,path2_ceiling
LYNI,16,0,0,0,arrivals,0.0,0.0,path2_ceiling
LFBL,16,0,0,0,arrivals,0.0,0.0,path2_ceiling
EPLL,16,15,15,15,arrivals,0.9375,0.9375,path2_ceiling
LTCF,16,0,0,0,arrivals,0.0,0.0,path2_ceiling
LFMK,16,15,15,15,arrivals,0.9375,0.9375,path2_ceiling
ENSH,16,1,0,0,arrivals,0.0,0.0,path2_ceiling
EGTK,16,16,14,14,arrivals,0.875,0.875,path2_ceiling
LGAL,16,15,15,15,arrivals,0.9375,0.9375,path2_ceiling
EDVE,16,16,14,14,arrivals,0.875,0.875,path2_ceiling
LXGB,16,15,15,15,arrivals,0.9375,0.9375,path2_ceiling
EPLB,16,15,15,17,arrivals,0.9375,1.0625,path2_ceiling
LFBE,16,13,13,13,arrivals,0.8125,0.8125,path2_ceiling
UWGG,15,0,0,0,departures,0.0,0.0,path2_ceiling
HESX,15,0,0,2,departures,0.0,0.13333333333333333,path2_ceiling
LTCK,15,0,0,0,departures,0.0,0.0,path2_ceiling
EDNY,15,13,12,12,departures,0.8,0.8,path2_ceiling
LFMK,15,13,13,13,departures,0.8666666666666667,0.8666666666666667,path2_ceiling
ENRA,15,0,0,0,departures,0.0,0.0,path2_ceiling
EGAE,15,3,3,3,departures,0.2,0.2,path2_ceiling
LFRM,15,15,14,16,arrivals,0.9333333333333333,1.0666666666666667,path2_ceiling
EKRN,15,9,9,9,arrivals,0.6,0.6,path2_ceiling
HESX,15,3,3,9,arrivals,0.2,0.6,path2_ceiling
ENVD,15,0,0,0,arrivals,0.0,0.0,path2_ceiling
LTCK,15,0,0,0,arrivals,0.0,0.0,path2_ceiling
EPBY,15,8,8,8,arrivals,0.5333333333333333,0.5333333333333333,path2_ceiling
EDNY,15,12,12,13,arrivals,0.8,0.8666666666666667,path2_ceiling
ENML,15,0,0,0,arrivals,0.0,0.0,path2_ceiling
LLHA,15,13,13,13,arrivals,0.8666666666666667,0.8666666666666667,path2_ceiling
EDDE,15,15,15,15,arrivals,1.0,1.0,path2_ceiling
LFSD,15,15,14,15,arrivals,0.9333333333333333,1.0,path2_ceiling
LGLM,15,2,0,0,arrivals,0.0,0.0,path2_ceiling
EKEB,15,12,12,12,arrivals,0.8,0.8,path2_ceiling
LECH,15,13,13,13,arrivals,0.8666666666666667,0.8666666666666667,path2_ceiling
LTAY,14,0,0,0,departures,0.0,0.0,path2_ceiling
ETSI,14,13,13,13,departures,0.9285714285714286,0.9285714285714286,path2_ceiling
LLHA,14,13,13,13,departures,0.9285714285714286,0.9285714285714286,path2_ceiling
LROD,14,0,0,0,departures,0.0,0.0,path2_ceiling
ENSH,14,1,0,0,departures,0.0,0.0,path2_ceiling
LTAR,14,0,0,0,departures,0.0,0.0,path2_ceiling
EFKU,14,14,14,14,departures,1.0,1.0,path2_ceiling
EDVE,14,14,14,14,departures,1.0,1.0,path2_ceiling
LGLM,14,1,0,0,departures,0.0,0.0,path2_ceiling
LFBH,14,5,5,5,arrivals,0.35714285714285715,0.35714285714285715,path2_ceiling
LPAZ,14,11,11,13,arrivals,0.7857142857142857,0.9285714285714286,path2_ceiling
LROD,14,0,0,0,arrivals,0.0,0.0,path2_ceiling
ENRA,14,0,0,0,arrivals,0.0,0.0,path2_ceiling
EGAE,14,2,2,2,arrivals,0.14285714285714285,0.14285714285714285,path2_ceiling
LTAR,14,0,0,0,arrivals,0.0,0.0,path2_ceiling
LEPP,14,1,1,1,arrivals,0.07142857142857142,0.07142857142857142,path2_ceiling
LFRM,13,13,13,14,departures,1.0,1.0769230769230769,path2_ceiling
LFBH,13,13,13,13,departures,1.0,1.0,path2_ceiling
LTDA,13,0,0,0,departures,0.0,0.0,path2_ceiling
LGKV,13,13,13,13,departures,1.0,1.0,path2_ceiling
LPPS,13,0,0,0,departures,0.0,0.0,path2_ceiling
LFRZ,13,11,10,10,departures,0.7692307692307693,0.7692307692307693,path2_ceiling
LTCT,13,0,0,0,departures,0.0,0.0,path2_ceiling
LIBC,13,0,0,0,departures,0.0,0.0,path2_ceiling
EDMA,13,13,13,13,departures,1.0,1.0,path2_ceiling
EFVA,13,0,0,0,departures,0.0,0.0,path2_ceiling
UWGG,13,0,0,0,arrivals,0.0,0.0,path2_ceiling
LTAY,13,0,0,0,arrivals,0.0,0.0,path2_ceiling
LGKV,13,13,13,13,arrivals,1.0,1.0,path2_ceiling
LPPS,13,6,2,2,arrivals,0.15384615384615385,0.15384615384615385,path2_ceiling
LFRZ,13,13,12,17,arrivals,0.9230769230769231,1.3076923076923077,path2_ceiling
EFKU,13,13,13,13,arrivals,1.0,1.0,path2_ceiling
LTCT,13,0,0,0,arrivals,0.0,0.0,path2_ceiling
LBPD,13,1,0,0,arrivals,0.0,0.0,path2_ceiling
ESNS,12,0,0,0,departures,0.0,0.0,path2_ceiling
LTFD,12,6,6,6,departures,0.5,0.5,path2_ceiling
EDFM,12,11,11,18,departures,0.9166666666666666,1.5,path2_ceiling
ENST,12,0,0,0,departures,0.0,0.0,path2_ceiling
LFMU,12,4,4,4,departures,0.3333333333333333,0.3333333333333333,path2_ceiling
ENBL,12,0,0,0,departures,0.0,0.0,path2_ceiling
EKRK,12,11,11,11,departures,0.9166666666666666,0.9166666666666666,path2_ceiling
GCGM,12,0,0,0,departures,0.0,0.0,path2_ceiling
ENSD,12,1,0,0,departures,0.0,0.0,path2_ceiling
LTCP,12,0,0,0,departures,0.0,0.0,path2_ceiling
LIRS,12,1,0,0,departures,0.0,0.0,path2_ceiling
LFTZ,12,11,0,0,departures,0.0,0.0,path2_ceiling
LTCN,12,0,0,0,departures,0.0,0.0,path2_ceiling
LFTW,12,12,12,12,departures,1.0,1.0,path2_ceiling
HLLB,12,0,0,0,departures,0.0,0.0,path2_ceiling
LGIO,12,10,10,10,arrivals,0.8333333333333334,0.8333333333333334,path2_ceiling
LTCD,12,0,0,0,arrivals,0.0,0.0,path2_ceiling
LTFD,12,12,12,13,arrivals,1.0,1.0833333333333333,path2_ceiling
LIBF,12,0,0,0,arrivals,0.0,0.0,path2_ceiling
ETSI,12,11,10,10,arrivals,0.8333333333333334,0.8333333333333334,path2_ceiling
EKSB,12,12,12,12,arrivals,1.0,1.0,path2_ceiling
LGRX,12,1,0,0,arrivals,0.0,0.0,path2_ceiling
LFMU,12,11,11,11,arrivals,0.9166666666666666,0.9166666666666666,path2_ceiling
GCGM,12,0,0,0,arrivals,0.0,0.0,path2_ceiling
LTCN,12,0,0,0,arrivals,0.0,0.0,path2_ceiling
HLLB,12,1,1,1,arrivals,0.08333333333333333,0.08333333333333333,path2_ceiling
LIBC,12,0,0,0,arrivals,0.0,0.0,path2_ceiling
EFVA,12,0,0,0,arrivals,0.0,0.0,path2_ceiling
LRBV,11,10,10,10,departures,0.9090909090909091,0.9090909090909091,path2_ceiling
LTCD,11,0,0,0,departures,0.0,0.0,path2_ceiling
EGPN,11,11,11,12,departures,1.0,1.0909090909090908,path2_ceiling
LTCV,11,0,0,0,departures,0.0,0.0,path2_ceiling
LIPO,11,11,11,15,departures,1.0,1.3636363636363635,path2_ceiling
LGRX,11,0,0,0,departures,0.0,0.0,path2_ceiling
ENAN,11,4,0,0,departures,0.0,0.0,path2_ceiling
GMML,11,0,0,0,departures,0.0,0.0,path2_ceiling
LFSD,11,11,11,11,departures,1.0,1.0,path2_ceiling
LFMV,11,11,11,11,arrivals,1.0,1.0,path2_ceiling
EGPN,11,11,11,11,arrivals,1.0,1.0,path2_ceiling
LTCV,11,0,0,0,arrivals,0.0,0.0,path2_ceiling
ESNS,11,5,5,5,arrivals,0.45454545454545453,0.45454545454545453,path2_ceiling
LTDA,11,0,0,0,arrivals,0.0,0.0,path2_ceiling
EDFM,11,10,10,16,arrivals,0.9090909090909091,1.4545454545454546,path2_ceiling
ENST,11,0,0,0,arrivals,0.0,0.0,path2_ceiling
LICB,11,11,10,13,arrivals,0.9090909090909091,1.1818181818181819,path2_ceiling
ENBL,11,0,0,0,arrivals,0.0,0.0,path2_ceiling
GMML,11,0,0,0,arrivals,0.0,0.0,path2_ceiling
ENSD,11,3,0,0,arrivals,0.0,0.0,path2_ceiling
LTCP,11,0,0,0,arrivals,0.0,0.0,path2_ceiling
LIRS,11,3,3,3,arrivals,0.2727272727272727,0.2727272727272727,path2_ceiling
LFTW,11,11,11,11,arrivals,1.0,1.0,path2_ceiling
EDMA,11,11,10,10,arrivals,0.9090909090909091,0.9090909090909091,path2_ceiling
LGIO,10,9,9,9,departures,0.9,0.9,path2_ceiling
LFMV,10,9,9,12,departures,0.9,1.2,path2_ceiling
EKSB,10,10,10,10,departures,1.0,1.0,path2_ceiling
ESNZ,10,8,8,8,departures,0.8,0.8,path2_ceiling
LQMO,10,0,0,0,departures,0.0,0.0,path2_ceiling
LGIK,10,3,0,0,departures,0.0,0.0,path2_ceiling
LIMP,10,5,5,6,departures,0.5,0.6,path2_ceiling
EHGG,10,10,10,10,departures,1.0,1.0,path2_ceiling
LIPK,10,8,8,8,departures,0.8,0.8,path2_ceiling
DAAE,10,0,0,0,departures,0.0,0.0,path2_ceiling
LFCR,10,10,10,10,arrivals,1.0,1.0,path2_ceiling
EKOD,10,10,10,10,arrivals,1.0,1.0,path2_ceiling
EHGG,10,10,10,11,arrivals,1.0,1.1,path2_ceiling
LDSB,10,1,0,0,arrivals,0.0,0.0,path2_ceiling
LIPK,10,8,8,8,arrivals,0.8,0.8,path2_ceiling
DAAE,10,2,2,2,arrivals,0.2,0.2,path2_ceiling
LICB,9,9,9,10,departures,1.0,1.1111111111111112,path2_ceiling
EDTY,9,9,7,7,departures,0.7777777777777778,0.7777777777777778,path2_ceiling
LFCR,9,9,9,9,departures,1.0,1.0,path2_ceiling
LKPD,9,9,9,13,departures,1.0,1.4444444444444444,path2_ceiling
GMMI,9,0,0,0,departures,0.0,0.0,path2_ceiling
ESTA,9,0,0,0,departures,0.0,0.0,path2_ceiling
ESKN,9,7,7,7,departures,0.7777777777777778,0.7777777777777778,path2_ceiling
LBPD,9,0,0,0,departures,0.0,0.0,path2_ceiling
GMFK,9,0,0,0,departures,0.0,0.0,path2_ceiling
LTCO,9,0,0,0,departures,0.0,0.0,path2_ceiling
ENMS,9,0,0,0,departures,0.0,0.0,path2_ceiling
LDSB,9,0,0,0,departures,0.0,0.0,path2_ceiling
LTBR,9,6,5,6,departures,0.5555555555555556,0.6666666666666666,path2_ceiling
ENNA,9,0,0,0,departures,0.0,0.0,path2_ceiling
UUBW,9,0,0,0,arrivals,0.0,0.0,path2_ceiling
LRBV,9,9,9,9,arrivals,1.0,1.0,path2_ceiling
ESNZ,9,7,7,7,arrivals,0.7777777777777778,0.7777777777777778,path2_ceiling
EKRK,9,9,9,10,arrivals,1.0,1.1111111111111112,path2_ceiling
DAON,9,0,0,0,arrivals,0.0,0.0,path2_ceiling
LQMO,9,0,0,0,arrivals,0.0,0.0,path2_ceiling
GMMI,9,0,0,0,arrivals,0.0,0.0,path2_ceiling
LGIK,9,4,0,0,arrivals,0.0,0.0,path2_ceiling
ENAN,9,4,0,0,arrivals,0.0,0.0,path2_ceiling
URML,9,0,0,0,arrivals,0.0,0.0,path2_ceiling
ESKN,9,7,6,7,arrivals,0.6666666666666666,0.7777777777777778,path2_ceiling
EGNR,9,8,1,1,arrivals,0.1111111111111111,0.1111111111111111,path2_ceiling
GMFK,9,0,0,0,arrivals,0.0,0.0,path2_ceiling
LTCO,9,1,0,0,arrivals,0.0,0.0,path2_ceiling
ENMS,9,0,0,0,arrivals,0.0,0.0,path2_ceiling
LTBR,9,7,7,11,arrivals,0.7777777777777778,1.2222222222222223,path2_ceiling
EPSY,8,5,5,5,departures,0.625,0.625,path2_ceiling
LSMP,8,8,7,8,departures,0.875,1.0,path2_ceiling
LQTZ,8,4,4,4,departures,0.5,0.5,path2_ceiling
LFSL,8,0,0,0,departures,0.0,0.0,path2_ceiling
LDOS,8,1,1,1,departures,0.125,0.125,path2_ceiling
EGPI,8,0,0,0,departures,0.0,0.0,path2_ceiling
ESMX,8,0,0,0,departures,0.0,0.0,path2_ceiling
EFMA,8,2,2,2,departures,0.25,0.25,path2_ceiling
LFRG,8,8,8,10,departures,1.0,1.25,path2_ceiling
EGPR,8,0,0,0,departures,0.0,0.0,path2_ceiling
BIEG,8,0,0,0,departures,0.0,0.0,path2_ceiling
DAON,8,0,0,0,departures,0.0,0.0,path2_ceiling
EDHI,8,8,0,0,departures,0.0,0.0,path2_ceiling
EDLN,8,8,3,3,departures,0.375,0.375,path2_ceiling
EFTP,8,6,5,5,departures,0.625,0.625,path2_ceiling
ENJS,8,0,0,0,departures,0.0,0.0,path2_ceiling
LFOT,8,2,2,2,departures,0.25,0.25,path2_ceiling
UBBG,8,0,0,0,departures,0.0,0.0,path2_ceiling
LGST,8,0,0,0,departures,0.0,0.0,path2_ceiling
LEBZ,8,7,7,7,departures,0.875,0.875,path2_ceiling
LFLB,8,8,7,7,arrivals,0.875,0.875,path2_ceiling
LSMP,8,8,3,5,arrivals,0.375,0.625,path2_ceiling
LQTZ,8,1,1,1,arrivals,0.125,0.125,path2_ceiling
LFSL,8,3,3,3,arrivals,0.375,0.375,path2_ceiling
LDOS,8,4,4,4,arrivals,0.5,0.5,path2_ceiling
EGPI,8,0,0,0,arrivals,0.0,0.0,path2_ceiling
ESMX,8,3,3,3,arrivals,0.375,0.375,path2_ceiling
EBKT,8,8,7,7,arrivals,0.875,0.875,path2_ceiling
EFMA,8,2,2,2,arrivals,0.25,0.25,path2_ceiling
BIEG,8,0,0,0,arrivals,0.0,0.0,path2_ceiling
LKPD,8,8,8,13,arrivals,1.0,1.625,path2_ceiling
ESTA,8,4,3,3,arrivals,0.375,0.375,path2_ceiling
LFOT,8,8,8,8,arrivals,1.0,1.0,path2_ceiling
LGST,8,0,0,0,arrivals,0.0,0.0,path2_ceiling
ENNA,8,0,0,0,arrivals,0.0,0.0,path2_ceiling
EDRY,7,7,0,0,departures,0.0,0.0,path2_ceiling
ENNM,7,3,0,0,departures,0.0,0.0,path2_ceiling
ESNQ,7,0,0,0,departures,0.0,0.0,path2_ceiling
LIBF,7,0,0,0,departures,0.0,0.0,path2_ceiling
LHDC,7,0,0,0,departures,0.0,0.0,path2_ceiling
EIDL,7,7,7,7,departures,1.0,1.0,path2_ceiling
LTCW,7,0,0,0,departures,0.0,0.0,path2_ceiling
BIIS,7,0,0,0,departures,0.0,0.0,path2_ceiling
EDTL,7,7,7,7,departures,1.0,1.0,path2_ceiling
EKOD,7,7,7,7,departures,1.0,1.0,path2_ceiling
OITT,7,0,0,0,departures,0.0,0.0,path2_ceiling
ESSL,7,6,6,6,departures,0.8571428571428571,0.8571428571428571,path2_ceiling
EGPL,7,0,0,0,departures,0.0,0.0,path2_ceiling
UUBW,7,0,0,0,departures,0.0,0.0,path2_ceiling
HEBA,7,1,1,1,departures,0.14285714285714285,0.14285714285714285,path2_ceiling
ESNQ,7,0,0,0,arrivals,0.0,0.0,path2_ceiling
EIDL,7,7,7,7,arrivals,1.0,1.0,path2_ceiling
LTCW,7,0,0,0,arrivals,0.0,0.0,path2_ceiling
EGPR,7,0,0,0,arrivals,0.0,0.0,path2_ceiling
BIIS,7,0,0,0,arrivals,0.0,0.0,path2_ceiling
DABB,7,1,0,0,arrivals,0.0,0.0,path2_ceiling
EDHI,7,7,0,0,arrivals,0.0,0.0,path2_ceiling
EDTL,7,7,4,5,arrivals,0.5714285714285714,0.7142857142857143,path2_ceiling
OITT,7,0,0,0,arrivals,0.0,0.0,path2_ceiling
ENJS,7,0,0,0,arrivals,0.0,0.0,path2_ceiling
EGPL,7,0,0,0,arrivals,0.0,0.0,path2_ceiling
LEBZ,7,5,5,5,arrivals,0.7142857142857143,0.7142857142857143,path2_ceiling
EDTY,7,7,6,6,arrivals,0.8571428571428571,0.8571428571428571,path2_ceiling
LIMP,7,5,5,6,arrivals,0.7142857142857143,0.8571428571428571,path2_ceiling
EDVK,6,4,3,3,departures,0.5,0.5,path2_ceiling
EHJA,6,0,0,0,departures,0.0,0.0,path2_ceiling
HEAL,6,1,1,1,departures,0.16666666666666666,0.16666666666666666,path2_ceiling
EGPU,6,0,0,0,departures,0.0,0.0,path2_ceiling
HEMM,6,0,0,0,departures,0.0,0.0,path2_ceiling
ESNK,6,0,0,0,departures,0.0,0.0,path2_ceiling
EDHL,6,6,6,6,departures,1.0,1.0,path2_ceiling
ENDU,6,0,0,0,departures,0.0,0.0,path2_ceiling
EFKE,6,0,0,0,departures,0.0,0.0,path2_ceiling
ESOE,6,1,1,1,departures,0.16666666666666666,0.16666666666666666,path2_ceiling
ENSO,6,6,6,15,departures,1.0,2.5,path2_ceiling
EFJO,6,0,0,0,departures,0.0,0.0,path2_ceiling
LPPM,6,6,6,10,departures,1.0,1.6666666666666667,path2_ceiling
URML,6,0,0,0,departures,0.0,0.0,path2_ceiling
ENRM,6,0,0,1,departures,0.0,0.16666666666666666,path2_ceiling
LTCU,6,0,0,0,departures,0.0,0.0,path2_ceiling
EGNR,6,6,3,3,departures,0.5,0.5,path2_ceiling
LPVZ,6,6,2,3,departures,0.3333333333333333,0.5,path2_ceiling
ESKM,6,4,1,2,departures,0.16666666666666666,0.3333333333333333,path2_ceiling
ESNL,6,0,0,0,departures,0.0,0.0,path2_ceiling
EFIV,6,2,0,0,departures,0.0,0.0,path2_ceiling
DABB,6,0,0,0,departures,0.0,0.0,path2_ceiling
EDVK,6,4,4,5,arrivals,0.6666666666666666,0.8333333333333334,path2_ceiling
HEAL,6,2,2,2,arrivals,0.3333333333333333,0.3333333333333333,path2_ceiling
EDRY,6,6,0,0,arrivals,0.0,0.0,path2_ceiling
EGPU,6,0,0,0,arrivals,0.0,0.0,path2_ceiling
ENNM,6,4,0,0,arrivals,0.0,0.0,path2_ceiling
ESNK,6,0,0,1,arrivals,0.0,0.16666666666666666,path2_ceiling
EDHL,6,6,6,6,arrivals,1.0,1.0,path2_ceiling
LHDC,6,0,0,0,arrivals,0.0,0.0,path2_ceiling
ESOE,6,6,6,7,arrivals,1.0,1.1666666666666667,path2_ceiling
ENSO,6,6,6,6,arrivals,1.0,1.0,path2_ceiling
EFJO,6,1,1,1,arrivals,0.16666666666666666,0.16666666666666666,path2_ceiling
LFLI,6,6,0,0,arrivals,0.0,0.0,path2_ceiling
LFEC,6,0,0,0,arrivals,0.0,0.0,path2_ceiling
LWOH,6,0,0,0,arrivals,0.0,0.0,path2_ceiling
HEBA,6,5,5,5,arrivals,0.8333333333333334,0.8333333333333334,path2_ceiling
LIMZ,6,6,6,6,arrivals,1.0,1.0,path2_ceiling
ENRM,6,1,1,4,arrivals,0.16666666666666666,0.6666666666666666,path2_ceiling
EFTP,6,5,5,5,arrivals,0.8333333333333334,0.8333333333333334,path2_ceiling
ENLE,6,0,0,0,arrivals,0.0,0.0,path2_ceiling
LTCU,6,0,0,0,arrivals,0.0,0.0,path2_ceiling
ESSL,6,6,6,7,arrivals,1.0,1.1666666666666667,path2_ceiling
LGLE,6,2,0,0,arrivals,0.0,0.0,path2_ceiling
EFIV,6,2,0,0,arrivals,0.0,0.0,path2_ceiling
ESKM,6,6,3,6,arrivals,0.5,1.0,path2_ceiling
ESNL,6,0,0,0,arrivals,0.0,0.0,path2_ceiling
ESNX,5,0,0,0,departures,0.0,0.0,path2_ceiling
LFLB,5,3,3,4,departures,0.6,0.8,path2_ceiling
EFKI,5,0,0,0,departures,0.0,0.0,path2_ceiling
ORMM,5,3,3,3,departures,0.6,0.6,path2_ceiling
EEKE,5,1,1,1,departures,0.2,0.2,path2_ceiling
LTCM,5,0,0,0,departures,0.0,0.0,path2_ceiling
LTCL,5,0,0,0,departures,0.0,0.0,path2_ceiling
LFEC,5,0,0,0,departures,0.0,0.0,path2_ceiling
LGKY,5,2,0,0,departures,0.0,0.0,path2_ceiling
ENHE,5,0,0,0,departures,0.0,0.0,path2_ceiling
ESNG,5,0,0,0,departures,0.0,0.0,path2_ceiling
LTAW,5,0,0,0,departures,0.0,0.0,path2_ceiling
ENFB,5,1,0,0,departures,0.0,0.0,path2_ceiling
LGKC,5,0,0,0,departures,0.0,0.0,path2_ceiling
ENLE,5,2,0,0,departures,0.0,0.0,path2_ceiling
EFJY,5,0,0,0,departures,0.0,0.0,path2_ceiling
EETU,5,1,1,1,departures,0.2,0.2,path2_ceiling
LFJL,5,4,4,4,departures,0.8,0.8,path2_ceiling
EFKK,5,5,5,5,departures,1.0,1.0,path2_ceiling
LRTM,5,0,0,0,departures,0.0,0.0,path2_ceiling
EDAH,5,2,2,2,departures,0.4,0.4,path2_ceiling
LGLE,5,0,0,0,departures,0.0,0.0,path2_ceiling
EGEC,5,0,0,0,departures,0.0,0.0,path2_ceiling
ESGT,5,1,1,1,departures,0.2,0.2,path2_ceiling
ENRS,5,4,0,0,departures,0.0,0.0,path2_ceiling
DAAS,5,0,0,0,departures,0.0,0.0,path2_ceiling
ESDF,5,5,5,5,departures,1.0,1.0,path2_ceiling
EEKA,5,0,0,0,departures,0.0,0.0,path2_ceiling
LFLI,5,5,0,1,departures,0.0,0.2,path2_ceiling
LWOH,5,0,0,0,departures,0.0,0.0,path2_ceiling
LIMZ,5,5,5,5,departures,1.0,1.0,path2_ceiling
GMMZ,5,0,0,0,departures,0.0,0.0,path2_ceiling
EPSY,5,2,2,2,arrivals,0.4,0.4,path2_ceiling
LSZS,5,0,0,0,arrivals,0.0,0.0,path2_ceiling
URMG,5,0,0,0,arrivals,0.0,0.0,path2_ceiling
EFKI,5,0,0,0,arrivals,0.0,0.0,path2_ceiling
HEMM,5,0,0,0,arrivals,0.0,0.0,path2_ceiling
ORMM,5,1,1,1,arrivals,0.2,0.2,path2_ceiling
ENDU,5,0,0,0,arrivals,0.0,0.0,path2_ceiling
EEKE,5,4,4,4,arrivals,0.8,0.8,path2_ceiling
DAAS,5,0,0,0,arrivals,0.0,0.0,path2_ceiling
LTCM,5,0,0,0,arrivals,0.0,0.0,path2_ceiling
LTCL,5,0,0,0,arrivals,0.0,0.0,path2_ceiling
LFRG,5,5,5,9,arrivals,1.0,1.8,path2_ceiling
EEKA,5,0,0,1,arrivals,0.0,0.2,path2_ceiling
ENHE,5,0,0,0,arrivals,0.0,0.0,path2_ceiling
LPPM,5,5,3,4,arrivals,0.6,0.8,path2_ceiling
ESNG,5,0,0,0,arrivals,0.0,0.0,path2_ceiling
LTAW,5,0,0,0,arrivals,0.0,0.0,path2_ceiling
EGVN,5,4,4,5,arrivals,0.8,1.0,path2_ceiling
GMMZ,5,0,0,0,arrivals,0.0,0.0,path2_ceiling
LESA,5,1,0,0,arrivals,0.0,0.0,path2_ceiling
UBBG,5,0,0,0,arrivals,0.0,0.0,path2_ceiling
LFJL,5,5,5,5,arrivals,1.0,1.0,path2_ceiling
LPVZ,5,5,1,1,arrivals,0.2,0.2,path2_ceiling
LRTM,5,0,0,0,arrivals,0.0,0.0,path2_ceiling
EDAH,5,3,3,3,arrivals,0.6,0.6,path2_ceiling
EGEC,5,0,0,0,arrivals,0.0,0.0,path2_ceiling
ENRS,5,0,0,0,arrivals,0.0,0.0,path2_ceiling
EKDF,5,0,0,0,arrivals,0.0,0.0,path2_ceiling
LGKC,5,0,0,0,arrivals,0.0,0.0,path2_ceiling
ENOA,5,0,0,0,arrivals,0.0,0.0,path2_ceiling
LGSO,4,0,0,0,departures,0.0,0.0,path2_ceiling
LFPN,4,4,4,4,departures,1.0,1.0,path2_ceiling
LFOZ,4,4,0,0,departures,0.0,0.0,path2_ceiling
UWSG,4,0,0,0,departures,0.0,0.0,path2_ceiling
EPRA,4,2,2,2,departures,0.5,0.5,path2_ceiling
LZTT,4,0,0,0,departures,0.0,0.0,path2_ceiling
ENRO,4,0,0,0,departures,0.0,0.0,path2_ceiling
EDQG,4,4,0,0,departures,0.0,0.0,path2_ceiling
ESNV,4,0,0,0,departures,0.0,0.0,path2_ceiling
LECU,4,3,3,3,departures,0.75,0.75,path2_ceiling
ESOH,4,4,0,0,departures,0.0,0.0,path2_ceiling
ESMT,4,1,1,1,departures,0.25,0.25,path2_ceiling
URWW,4,0,0,0,departures,0.0,0.0,path2_ceiling
ENSR,4,0,0,0,departures,0.0,0.0,path2_ceiling
ENGC,4,0,0,0,departures,0.0,0.0,path2_ceiling
ESOK,4,0,0,0,departures,0.0,0.0,path2_ceiling
LSZA,4,4,4,4,departures,1.0,1.0,path2_ceiling
EKDF,4,0,0,0,departures,0.0,0.0,path2_ceiling
EDAZ,4,4,0,0,departures,0.0,0.0,path2_ceiling
ESMQ,4,4,4,4,departures,1.0,1.0,path2_ceiling
LFRT,4,3,3,3,departures,0.75,0.75,path2_ceiling
LSGL,4,3,0,0,departures,0.0,0.0,path2_ceiling
LFLW,4,0,0,0,departures,0.0,0.0,path2_ceiling
LESA,4,0,0,0,departures,0.0,0.0,path2_ceiling
LESU,4,0,0,0,departures,0.0,0.0,path2_ceiling
LFRH,4,3,3,3,departures,0.75,0.75,path2_ceiling
LGBL,4,0,0,0,departures,0.0,0.0,path2_ceiling
LTAP,4,0,0,0,departures,0.0,0.0,path2_ceiling
LJPZ,4,3,2,2,departures,0.5,0.5,path2_ceiling
LFRD,4,4,4,4,departures,1.0,1.0,path2_ceiling
LTFC,4,0,0,0,departures,0.0,0.0,path2_ceiling
LKHK,4,4,0,0,departures,0.0,0.0,path2_ceiling
ESSP,4,3,3,3,departures,0.75,0.75,path2_ceiling
LKCS,4,4,4,4,departures,1.0,1.0,path2_ceiling
ESND,4,1,0,0,departures,0.0,0.0,path2_ceiling
EFKT,4,0,0,0,departures,0.0,0.0,path2_ceiling
EPZG,4,4,4,4,departures,1.0,1.0,path2_ceiling
ESGJ,4,0,0,0,departures,0.0,0.0,path2_ceiling
LGKS,4,0,0,0,departures,0.0,0.0,path2_ceiling
LFCK,4,4,4,4,departures,1.0,1.0,path2_ceiling
LEVD,4,0,0,0,departures,0.0,0.0,path2_ceiling
ORKK,4,0,0,0,departures,0.0,0.0,path2_ceiling
LGSO,4,0,0,0,arrivals,0.0,0.0,path2_ceiling
ESNX,4,0,0,0,arrivals,0.0,0.0,path2_ceiling
EDRZ,4,4,0,0,arrivals,0.0,0.0,path2_ceiling
UWSG,4,1,1,1,arrivals,0.25,0.25,path2_ceiling
LRBM,4,0,0,0,arrivals,0.0,0.0,path2_ceiling
LGPL,4,1,0,0,arrivals,0.0,0.0,path2_ceiling
URMO,4,0,0,0,arrivals,0.0,0.0,path2_ceiling
ENXO,4,0,0,0,arrivals,0.0,0.0,path2_ceiling
LZTT,4,1,1,1,arrivals,0.25,0.25,path2_ceiling
LEVD,4,0,0,0,arrivals,0.0,0.0,path2_ceiling
EHLL,4,0,0,0,arrivals,0.0,0.0,path2_ceiling
LFLX,4,0,0,0,arrivals,0.0,0.0,path2_ceiling
LKCS,4,4,4,4,arrivals,1.0,1.0,path2_ceiling
EDQG,4,4,0,0,arrivals,0.0,0.0,path2_ceiling
ENQG,4,0,0,0,arrivals,0.0,0.0,path2_ceiling
ESNV,4,0,0,0,arrivals,0.0,0.0,path2_ceiling
ESDF,4,1,1,1,arrivals,0.25,0.25,path2_ceiling
ESOH,4,4,0,0,arrivals,0.0,0.0,path2_ceiling
LGKY,4,3,0,0,arrivals,0.0,0.0,path2_ceiling
ENQS,4,0,0,0,arrivals,0.0,0.0,path2_ceiling
ENSR,4,0,0,0,arrivals,0.0,0.0,path2_ceiling
ENGC,4,0,0,0,arrivals,0.0,0.0,path2_ceiling
ESOK,4,1,1,1,arrivals,0.25,0.25,path2_ceiling
EDAZ,4,4,0,0,arrivals,0.0,0.0,path2_ceiling
EGNO,4,4,4,4,arrivals,1.0,1.0,path2_ceiling
LSGL,4,3,0,0,arrivals,0.0,0.0,path2_ceiling
EFJY,4,0,0,0,arrivals,0.0,0.0,path2_ceiling
LFRH,4,4,4,4,arrivals,1.0,1.0,path2_ceiling
LTAP,4,0,0,0,arrivals,0.0,0.0,path2_ceiling
EETU,4,0,0,0,arrivals,0.0,0.0,path2_ceiling
EFKK,4,4,4,4,arrivals,1.0,1.0,path2_ceiling
LTAS,4,0,0,0,arrivals,0.0,0.0,path2_ceiling
ESGJ,4,0,0,0,arrivals,0.0,0.0,path2_ceiling
LGKS,4,0,0,0,arrivals,0.0,0.0,path2_ceiling
LFCK,4,4,4,4,arrivals,1.0,1.0,path2_ceiling
LTFC,4,0,0,0,arrivals,0.0,0.0,path2_ceiling
LKHK,4,4,0,0,arrivals,0.0,0.0,path2_ceiling
EFKE,4,0,0,0,arrivals,0.0,0.0,path2_ceiling
ESSP,4,4,3,3,arrivals,0.75,0.75,path2_ceiling
LDLO,4,1,0,0,arrivals,0.0,0.0,path2_ceiling
ESND,4,3,0,0,arrivals,0.0,0.0,path2_ceiling
LSZA,4,4,4,5,arrivals,1.0,1.25,path2_ceiling
LZPP,4,4,4,4,arrivals,1.0,1.0,path2_ceiling
EFKT,4,1,0,0,arrivals,0.0,0.0,path2_ceiling
LFLW,4,0,0,0,arrivals,0.0,0.0,path2_ceiling
LGBL,4,1,1,1,arrivals,0.25,0.25,path2_ceiling
ESGT,4,1,1,1,arrivals,0.25,0.25,path2_ceiling
BIBD,3,0,0,0,departures,0.0,0.0,path2_ceiling
ENQO,3,0,0,0,departures,0.0,0.0,path2_ceiling
EGLK,3,3,3,3,departures,1.0,1.0,path2_ceiling
LFBI,3,0,0,0,departures,0.0,0.0,path2_ceiling
ENWS,3,0,0,0,departures,0.0,0.0,path2_ceiling
URMG,3,0,0,0,departures,0.0,0.0,path2_ceiling
LRBM,3,0,0,0,departures,0.0,0.0,path2_ceiling
EGMD,3,3,2,2,departures,0.6666666666666666,0.6666666666666666,path2_ceiling
ETAR,3,3,3,4,departures,1.0,1.3333333333333333,path2_ceiling
EDGS,3,3,3,3,departures,1.0,1.0,path2_ceiling
URMO,3,0,0,0,departures,0.0,0.0,path2_ceiling
ENXO,3,1,0,0,departures,0.0,0.0,path2_ceiling
LELN,3,0,0,0,departures,0.0,0.0,path2_ceiling
LFLS,3,3,3,3,departures,1.0,1.0,path2_ceiling
EDTM,3,3,3,3,departures,1.0,1.0,path2_ceiling
LPBJ,3,2,2,2,departures,0.6666666666666666,0.6666666666666666,path2_ceiling
ENOL,3,1,1,1,departures,0.3333333333333333,0.3333333333333333,path2_ceiling
OJAM,3,0,0,0,departures,0.0,0.0,path2_ceiling
ENSE,3,0,0,0,departures,0.0,0.0,path2_ceiling
ENOC,3,0,0,0,departures,0.0,0.0,path2_ceiling
DTTX,3,0,0,0,departures,0.0,0.0,path2_ceiling
LTBH,3,0,0,0,departures,0.0,0.0,path2_ceiling
EFKS,3,0,0,0,departures,0.0,0.0,path2_ceiling
BIHN,3,0,0,0,departures,0.0,0.0,path2_ceiling
ENSL,3,0,0,0,departures,0.0,0.0,path2_ceiling
UDSG,3,0,0,0,departures,0.0,0.0,path2_ceiling
GMMB,3,0,0,0,departures,0.0,0.0,path2_ceiling
ENWY,3,0,0,0,departures,0.0,0.0,path2_ceiling
ESOW,3,3,3,3,departures,1.0,1.0,path2_ceiling
LTAL,3,0,0,0,departures,0.0,0.0,path2_ceiling
ESNO,3,0,0,0,departures,0.0,0.0,path2_ceiling
LTAS,3,0,0,0,departures,0.0,0.0,path2_ceiling
LFHP,3,0,0,0,departures,0.0,0.0,path2_ceiling
EGNH,3,3,3,4,departures,1.0,1.3333333333333333,path2_ceiling
LGSY,3,0,0,0,departures,0.0,0.0,path2_ceiling
LSZS,3,1,0,0,departures,0.0,0.0,path2_ceiling
ESNN,3,0,0,0,departures,0.0,0.0,path2_ceiling
ENWV,3,0,0,0,departures,0.0,0.0,path2_ceiling
GMTA,3,3,3,3,departures,1.0,1.0,path2_ceiling
LDLO,3,1,0,0,departures,0.0,0.0,path2_ceiling
EKHA,3,0,0,0,departures,0.0,0.0,path2_ceiling
LRCK,3,0,0,0,departures,0.0,0.0,path2_ceiling
LFAT,3,1,1,1,departures,0.3333333333333333,0.3333333333333333,path2_ceiling
EGNO,3,3,3,4,departures,1.0,1.3333333333333333,path2_ceiling
ENOA,3,0,0,0,departures,0.0,0.0,path2_ceiling
LSZC,3,3,0,0,departures,0.0,0.0,path2_ceiling
ENQA,3,3,0,0,departures,0.0,0.0,path2_ceiling
OSDI,3,0,0,0,departures,0.0,0.0,path2_ceiling
ESUP,3,0,0,0,departures,0.0,0.0,path2_ceiling
BIBD,3,0,0,0,arrivals,0.0,0.0,path2_ceiling
ULAA,3,0,0,0,arrivals,0.0,0.0,path2_ceiling
LFBI,3,2,2,2,arrivals,0.6666666666666666,0.6666666666666666,path2_ceiling
LFLU,3,3,3,3,arrivals,1.0,1.0,path2_ceiling
LFOZ,3,2,0,0,arrivals,0.0,0.0,path2_ceiling
ENWS,3,0,0,0,arrivals,0.0,0.0,path2_ceiling
EHJA,3,0,0,0,arrivals,0.0,0.0,path2_ceiling
EPRA,3,3,3,4,arrivals,1.0,1.3333333333333333,path2_ceiling
LFMQ,3,3,0,0,arrivals,0.0,0.0,path2_ceiling
OSDI,3,0,0,0,arrivals,0.0,0.0,path2_ceiling
LFOH,3,3,0,0,arrivals,0.0,0.0,path2_ceiling
LELN,3,1,1,1,arrivals,0.3333333333333333,0.3333333333333333,path2_ceiling
ESUP,3,0,0,0,arrivals,0.0,0.0,path2_ceiling
GMTA,3,3,3,3,arrivals,1.0,1.0,path2_ceiling
EDTM,3,3,3,3,arrivals,1.0,1.0,path2_ceiling
OJAM,3,0,0,0,arrivals,0.0,0.0,path2_ceiling
LECU,3,3,1,1,arrivals,0.3333333333333333,0.3333333333333333,path2_ceiling
ESMT,3,2,1,2,arrivals,0.3333333333333333,0.6666666666666666,path2_ceiling
ENOC,3,2,0,0,arrivals,0.0,0.0,path2_ceiling
DTTX,3,0,0,0,arrivals,0.0,0.0,path2_ceiling
LTBH,3,0,0,0,arrivals,0.0,0.0,path2_ceiling
EFKS,3,0,0,0,arrivals,0.0,0.0,path2_ceiling
ENSL,3,0,0,0,arrivals,0.0,0.0,path2_ceiling
UDSG,3,0,0,0,arrivals,0.0,0.0,path2_ceiling
GMMB,3,0,0,0,arrivals,0.0,0.0,path2_ceiling
ENWY,3,0,0,0,arrivals,0.0,0.0,path2_ceiling
ESOW,3,3,3,3,arrivals,1.0,1.0,path2_ceiling
LTAL,3,0,0,0,arrivals,0.0,0.0,path2_ceiling
ESNO,3,0,0,0,arrivals,0.0,0.0,path2_ceiling
LFHP,3,0,0,0,arrivals,0.0,0.0,path2_ceiling
EGNH,3,3,3,3,arrivals,1.0,1.0,path2_ceiling
EPZG,3,3,3,3,arrivals,1.0,1.0,path2_ceiling
LGSY,3,0,0,0,arrivals,0.0,0.0,path2_ceiling
LFRC,3,3,2,2,arrivals,0.6666666666666666,0.6666666666666666,path2_ceiling
ESUT,3,0,0,0,arrivals,0.0,0.0,path2_ceiling
EDGS,3,3,3,3,arrivals,1.0,1.0,path2_ceiling
ENRO,3,0,0,0,arrivals,0.0,0.0,path2_ceiling
ENWV,3,0,0,0,arrivals,0.0,0.0,path2_ceiling
LFLS,3,3,3,4,arrivals,1.0,1.3333333333333333,path2_ceiling
EKHA,3,0,0,0,arrivals,0.0,0.0,path2_ceiling
URWW,3,0,0,0,arrivals,0.0,0.0,path2_ceiling
ENFB,3,0,0,0,arrivals,0.0,0.0,path2_ceiling
ESMQ,3,3,3,3,arrivals,1.0,1.0,path2_ceiling
BIHN,3,0,0,0,arrivals,0.0,0.0,path2_ceiling
EHFB,3,0,0,0,arrivals,0.0,0.0,path2_ceiling
ENQA,3,2,0,0,arrivals,0.0,0.0,path2_ceiling
LFRD,3,3,3,4,arrivals,1.0,1.3333333333333333,path2_ceiling
LFQG,2,0,0,0,departures,0.0,0.0,path2_ceiling
EHPK,2,2,0,0,departures,0.0,0.0,path2_ceiling
LFLU,2,2,2,2,departures,1.0,1.0,path2_ceiling
LTAG,2,0,0,0,departures,0.0,0.0,path2_ceiling
LFRC,2,2,1,8,departures,0.5,4.0,path2_ceiling
ENQV,2,0,0,0,departures,0.0,0.0,path2_ceiling
LFMQ,2,2,2,2,departures,1.0,1.0,path2_ceiling
EGFE,2,2,2,2,departures,1.0,1.0,path2_ceiling
EHKJ,2,0,0,0,departures,0.0,0.0,path2_ceiling
ENQC,2,2,0,0,departures,0.0,0.0,path2_ceiling
LFOK,2,1,1,1,departures,0.5,0.5,path2_ceiling
EGBJ,2,2,2,2,departures,1.0,1.0,path2_ceiling
LSGK,2,0,0,0,departures,0.0,0.0,path2_ceiling
EGPC,2,0,0,0,departures,0.0,0.0,path2_ceiling
LSGC,2,1,1,3,departures,0.5,1.5,path2_ceiling
ENNE,2,0,0,0,departures,0.0,0.0,path2_ceiling
ENQS,2,0,0,0,departures,0.0,0.0,path2_ceiling
ENXW,2,1,0,0,departures,0.0,0.0,path2_ceiling
LEAB,2,2,2,2,departures,1.0,1.0,path2_ceiling
EGVN,2,2,2,2,departures,1.0,1.0,path2_ceiling
EDXQ,2,2,0,0,departures,0.0,0.0,path2_ceiling
LTBY,2,0,0,0,departures,0.0,0.0,path2_ceiling
ENWA,2,0,0,0,departures,0.0,0.0,path2_ceiling
LFPT,2,2,2,3,departures,1.0,1.5,path2_ceiling
OENN,2,0,0,0,departures,0.0,0.0,path2_ceiling
ENUA,2,0,0,0,departures,0.0,0.0,path2_ceiling
LEGT,2,2,2,2,departures,1.0,1.0,path2_ceiling
LFGA,2,1,1,2,departures,0.5,1.0,path2_ceiling
LDRG,2,0,0,0,departures,0.0,0.0,path2_ceiling
GMMD,2,0,0,0,departures,0.0,0.0,path2_ceiling
LFRV,2,2,2,2,departures,1.0,1.0,path2_ceiling
LJMB,2,2,1,3,departures,0.5,1.5,path2_ceiling
LTBZ,2,0,0,0,departures,0.0,0.0,path2_ceiling
LTBU,2,2,2,2,departures,1.0,1.0,path2_ceiling
ESUT,2,0,0,0,departures,0.0,0.0,path2_ceiling
BIVO,2,0,0,0,departures,0.0,0.0,path2_ceiling
ENQD,2,0,0,0,departures,0.0,0.0,path2_ceiling
EHGQ,2,0,0,0,departures,0.0,0.0,path2_ceiling
LFOH,2,2,0,0,departures,0.0,0.0,path2_ceiling
LGPL,2,0,0,0,departures,0.0,0.0,path2_ceiling
LSTS,2,2,0,0,departures,0.0,0.0,path2_ceiling
EHLL,2,0,0,0,departures,0.0,0.0,path2_ceiling
GMAT,2,0,0,0,departures,0.0,0.0,path2_ceiling
BITN,2,0,0,0,departures,0.0,0.0,path2_ceiling
LFLX,2,0,0,0,departures,0.0,0.0,path2_ceiling
DAUB,2,0,0,0,departures,0.0,0.0,path2_ceiling
ORNI,2,0,0,0,departures,0.0,0.0,path2_ceiling
LEDA,2,0,0,0,departures,0.0,0.0,path2_ceiling
ETND,2,2,2,2,departures,1.0,1.0,path2_ceiling
LIBG,2,0,0,0,departures,0.0,0.0,path2_ceiling
LKKV,2,2,2,2,departures,1.0,1.0,path2_ceiling
LFAC,2,1,1,1,departures,0.5,0.5,path2_ceiling
ENQE,2,1,0,0,departures,0.0,0.0,path2_ceiling
EHFB,2,0,0,0,departures,0.0,0.0,path2_ceiling
EGNL,2,2,1,1,departures,0.5,0.5,path2_ceiling
LRSM,2,0,0,0,departures,0.0,0.0,path2_ceiling
ENQJ,2,0,0,0,departures,0.0,0.0,path2_ceiling
ULAA,2,0,0,0,departures,0.0,0.0,path2_ceiling
LGKJ,2,0,0,0,departures,0.0,0.0,path2_ceiling
ENGA,2,0,0,0,departures,0.0,0.0,path2_ceiling
DAOI,2,0,0,0,departures,0.0,0.0,path2_ceiling
LZPP,2,2,2,2,departures,1.0,1.0,path2_ceiling
ESST,2,2,2,4,departures,1.0,2.0,path2_ceiling
EIWF,2,1,1,1,departures,0.5,0.5,path2_ceiling
HLMS,2,0,0,0,departures,0.0,0.0,path2_ceiling
LFQG,2,0,0,0,arrivals,0.0,0.0,path2_ceiling
ENQO,2,0,0,0,arrivals,0.0,0.0,path2_ceiling
EGLK,2,2,1,1,arrivals,0.5,0.5,path2_ceiling
LTBZ,2,0,0,0,arrivals,0.0,0.0,path2_ceiling
LTAG,2,0,0,0,arrivals,0.0,0.0,path2_ceiling
LTBU,2,2,2,15,arrivals,1.0,7.5,path2_ceiling
ENQV,2,0,0,0,arrivals,0.0,0.0,path2_ceiling
EGMD,2,2,2,2,arrivals,1.0,1.0,path2_ceiling
LFOK,2,0,0,0,arrivals,0.0,0.0,path2_ceiling
ESNN,2,1,1,1,arrivals,0.5,0.5,path2_ceiling
LSGK,2,2,0,0,arrivals,0.0,0.0,path2_ceiling
EDMS,2,2,0,0,arrivals,0.0,0.0,path2_ceiling
ENWE,2,0,0,0,arrivals,0.0,0.0,path2_ceiling
LSGC,2,2,2,2,arrivals,1.0,1.0,path2_ceiling
ENNE,2,0,0,0,arrivals,0.0,0.0,path2_ceiling
DAUB,2,0,0,0,arrivals,0.0,0.0,path2_ceiling
EHKV,2,1,0,0,arrivals,0.0,0.0,path2_ceiling
ORNI,2,0,0,0,arrivals,0.0,0.0,path2_ceiling
LEDA,2,0,0,0,arrivals,0.0,0.0,path2_ceiling
ETND,2,2,2,2,arrivals,1.0,1.0,path2_ceiling
ENSE,2,0,0,0,arrivals,0.0,0.0,path2_ceiling
DAOI,2,1,1,1,arrivals,0.5,0.5,path2_ceiling
ENXW,2,0,0,0,arrivals,0.0,0.0,path2_ceiling
LEAB,2,2,2,2,arrivals,1.0,1.0,path2_ceiling
LFRT,2,2,0,0,arrivals,0.0,0.0,path2_ceiling
ENWA,2,0,0,0,arrivals,0.0,0.0,path2_ceiling
LFPT,2,2,0,0,arrivals,0.0,0.0,path2_ceiling
LKKV,2,2,2,2,arrivals,1.0,1.0,path2_ceiling
EHPG,2,2,0,0,arrivals,0.0,0.0,path2_ceiling
LEGT,2,2,1,1,arrivals,0.5,0.5,path2_ceiling
EKHB,2,0,0,0,arrivals,0.0,0.0,path2_ceiling
ESST,2,2,2,5,arrivals,1.0,2.5,path2_ceiling
ENQR,2,0,0,0,arrivals,0.0,0.0,path2_ceiling
EBMB,2,2,0,0,arrivals,0.0,0.0,path2_ceiling
LFRV,2,2,2,2,arrivals,1.0,1.0,path2_ceiling
DTTZ,2,0,0,0,arrivals,0.0,0.0,path2_ceiling
LJMB,2,1,0,0,arrivals,0.0,0.0,path2_ceiling
EHJR,2,0,0,0,arrivals,0.0,0.0,path2_ceiling
BIVO,2,0,0,0,arrivals,0.0,0.0,path2_ceiling
EHKJ,2,0,0,0,arrivals,0.0,0.0,path2_ceiling
ENQD,2,0,0,0,arrivals,0.0,0.0,path2_ceiling
OJAQ,2,1,0,0,arrivals,0.0,0.0,path2_ceiling
GMAT,2,1,0,0,arrivals,0.0,0.0,path2_ceiling
BITN,2,0,0,0,arrivals,0.0,0.0,path2_ceiling
LFSN,2,2,0,0,arrivals,0.0,0.0,path2_ceiling
LFJR,2,2,2,2,arrivals,1.0,1.0,path2_ceiling
EGPC,2,0,0,0,arrivals,0.0,0.0,path2_ceiling
EDFZ,2,2,0,0,arrivals,0.0,0.0,path2_ceiling
LRCK,2,0,0,0,arrivals,0.0,0.0,path2_ceiling
LOAN,2,2,1,1,arrivals,0.5,0.5,path2_ceiling
LTBY,2,0,0,0,arrivals,0.0,0.0,path2_ceiling
LIBG,2,1,0,0,arrivals,0.0,0.0,path2_ceiling
OENN,2,0,0,0,arrivals,0.0,0.0,path2_ceiling
ENUA,2,0,0,0,arrivals,0.0,0.0,path2_ceiling
EDLN,2,2,0,0,arrivals,0.0,0.0,path2_ceiling
LESU,2,0,0,0,arrivals,0.0,0.0,path2_ceiling
ENQE,2,0,0,0,arrivals,0.0,0.0,path2_ceiling
GMMD,2,0,0,0,arrivals,0.0,0.0,path2_ceiling
EGNL,2,2,1,1,arrivals,0.5,0.5,path2_ceiling
ENUD,2,0,0,0,arrivals,0.0,0.0,path2_ceiling
ENQJ,2,0,0,0,arrivals,0.0,0.0,path2_ceiling
HLMS,2,1,0,0,arrivals,0.0,0.0,path2_ceiling
ORKK,2,0,0,0,arrivals,0.0,0.0,path2_ceiling
EGBJ,2,2,2,2,arrivals,1.0,1.0,path2_ceiling
LFAT,2,2,1,1,arrivals,0.5,0.5,path2_ceiling
LFAC,2,2,1,1,arrivals,0.5,0.5,path2_ceiling
EBCV,1,1,1,1,departures,1.0,1.0,path2_ceiling
ENRK,1,1,0,0,departures,0.0,0.0,path2_ceiling
ULPB,1,0,0,0,departures,0.0,0.0,path2_ceiling
EHTW,1,1,1,1,departures,1.0,1.0,path2_ceiling
ENSF,1,0,0,0,departures,0.0,0.0,path2_ceiling
UGSA,1,0,0,0,departures,0.0,0.0,path2_ceiling
EDQM,1,1,1,1,departures,1.0,1.0,path2_ceiling
DABT,1,0,0,0,departures,0.0,0.0,path2_ceiling
LGTG,1,0,0,0,departures,0.0,0.0,path2_ceiling
EYSA,1,1,1,1,departures,1.0,1.0,path2_ceiling
EDMS,1,1,0,0,departures,0.0,0.0,path2_ceiling
URWA,1,0,0,0,departures,0.0,0.0,path2_ceiling
ENWE,1,0,0,0,departures,0.0,0.0,path2_ceiling
ENQG,1,0,0,0,departures,0.0,0.0,path2_ceiling
EHKV,1,0,0,0,departures,0.0,0.0,path2_ceiling
LFLA,1,0,0,0,departures,0.0,0.0,path2_ceiling
LFGF,1,1,0,0,departures,0.0,0.0,path2_ceiling
UMII,1,0,0,0,departures,0.0,0.0,path2_ceiling
LOIH,1,1,0,0,departures,0.0,0.0,path2_ceiling
ENQK,1,0,0,0,departures,0.0,0.0,path2_ceiling
ULMM,1,0,0,0,departures,0.0,0.0,path2_ceiling
ESMK,1,1,1,1,departures,1.0,1.0,path2_ceiling
EDWF,1,1,0,0,departures,0.0,0.0,path2_ceiling
LFAQ,1,1,0,0,departures,0.0,0.0,path2_ceiling
EKGC,1,0,0,0,departures,0.0,0.0,path2_ceiling
ENWK,1,0,0,0,departures,0.0,0.0,path2_ceiling
LFRO,1,1,1,1,departures,1.0,1.0,path2_ceiling
ULWC,1,0,0,0,departures,0.0,0.0,path2_ceiling
LFRI,1,0,0,1,departures,0.0,1.0,path2_ceiling
USKK,1,0,0,0,departures,0.0,0.0,path2_ceiling
UWPS,1,0,0,0,departures,0.0,0.0,path2_ceiling
EGEO,1,0,0,0,departures,0.0,0.0,path2_ceiling
LKKU,1,1,1,1,departures,1.0,1.0,path2_ceiling
EHPG,1,0,0,0,departures,0.0,0.0,path2_ceiling
ENWI,1,0,0,0,departures,0.0,0.0,path2_ceiling
LFCI,1,1,1,1,departures,1.0,1.0,path2_ceiling
EIWT,1,1,0,0,departures,0.0,0.0,path2_ceiling
EGUB,1,1,1,2,departures,1.0,2.0,path2_ceiling
ENLA,1,1,0,0,departures,0.0,0.0,path2_ceiling
LFBF,1,1,0,0,departures,0.0,0.0,path2_ceiling
LKRO,1,1,0,0,departures,0.0,0.0,path2_ceiling
EGSC,1,1,1,3,departures,1.0,3.0,path2_ceiling
EGHL,1,1,1,1,departures,1.0,1.0,path2_ceiling
ENDR,1,0,0,0,departures,0.0,0.0,path2_ceiling
LFCH,1,0,0,0,departures,0.0,0.0,path2_ceiling
DTTZ,1,0,0,0,departures,0.0,0.0,path2_ceiling
EFLP,1,0,0,0,departures,0.0,0.0,path2_ceiling
DAUH,1,0,0,0,departures,0.0,0.0,path2_ceiling
EPBC,1,0,0,0,departures,0.0,0.0,path2_ceiling
EPWK,1,0,0,0,departures,0.0,0.0,path2_ceiling
EDRZ,1,1,0,0,departures,0.0,0.0,path2_ceiling
EBSP,1,1,0,0,departures,0.0,0.0,path2_ceiling
GMAZ,1,1,0,0,departures,0.0,0.0,path2_ceiling
LKMH,1,1,0,0,departures,0.0,0.0,path2_ceiling
ENQL,1,0,0,0,departures,0.0,0.0,path2_ceiling
EHJR,1,0,0,0,departures,0.0,0.0,path2_ceiling
LEBA,1,1,1,1,departures,1.0,1.0,path2_ceiling
LKJI,1,1,0,0,departures,0.0,0.0,path2_ceiling
LYKV,1,0,0,0,departures,0.0,0.0,path2_ceiling
LIMG,1,0,0,0,departures,0.0,0.0,path2_ceiling
EDBM,1,1,0,0,departures,0.0,0.0,path2_ceiling
LFJR,1,1,1,1,departures,1.0,1.0,path2_ceiling
LRAR,1,0,0,0,departures,0.0,0.0,path2_ceiling
LFLH,1,1,0,0,departures,0.0,0.0,path2_ceiling
EDBC,1,1,0,0,departures,0.0,0.0,path2_ceiling
EDFZ,1,1,1,1,departures,1.0,1.0,path2_ceiling
ENQM,1,0,0,0,departures,0.0,0.0,path2_ceiling
EHKS,1,0,0,0,departures,0.0,0.0,path2_ceiling
EDFE,1,1,0,1,departures,0.0,1.0,path2_ceiling
LKPM,1,1,0,0,departures,0.0,0.0,path2_ceiling
LFSG,1,0,0,0,departures,0.0,0.0,path2_ceiling
UBBF,1,0,0,0,departures,0.0,0.0,path2_ceiling
ENBE,1,0,0,0,departures,0.0,0.0,path2_ceiling
DAAV,1,0,0,0,departures,0.0,0.0,path2_ceiling
DAUG,1,0,0,0,departures,0.0,0.0,path2_ceiling
EKSI,1,0,0,0,departures,0.0,0.0,path2_ceiling
EDTF,1,1,0,0,departures,0.0,0.0,path2_ceiling
EHJC,1,0,0,0,departures,0.0,0.0,path2_ceiling
EKHB,1,0,0,0,departures,0.0,0.0,path2_ceiling
LGKA,1,0,0,0,departures,0.0,0.0,path2_ceiling
EPCD,1,1,0,0,departures,0.0,0.0,path2_ceiling
ENUN,1,0,0,0,departures,0.0,0.0,path2_ceiling
BIGJ,1,0,0,0,departures,0.0,0.0,path2_ceiling
UBBL,1,0,0,0,departures,0.0,0.0,path2_ceiling
ENUD,1,0,0,0,departures,0.0,0.0,path2_ceiling
LFMH,1,1,1,1,departures,1.0,1.0,path2_ceiling
EPPW,1,0,0,0,departures,0.0,0.0,path2_ceiling
LFHS,1,1,0,0,departures,0.0,0.0,path2_ceiling
LFOP,1,0,0,0,departures,0.0,0.0,path2_ceiling
LOLW,1,1,0,0,departures,0.0,0.0,path2_ceiling
EHAK,1,0,0,0,departures,0.0,0.0,path2_ceiling
ENUE,1,0,0,0,departures,0.0,0.0,path2_ceiling
EDMV,1,0,0,0,departures,0.0,0.0,path2_ceiling
EKTE,1,0,0,0,departures,0.0,0.0,path2_ceiling
OJAQ,1,0,0,0,departures,0.0,0.0,path2_ceiling
EDAY,1,1,0,0,departures,0.0,0.0,path2_ceiling
EGOV,1,1,1,1,departures,1.0,1.0,path2_ceiling
LFLD,1,0,0,0,departures,0.0,0.0,path2_ceiling
ENUS,1,0,0,0,departures,0.0,0.0,path2_ceiling
LPEV,1,1,1,1,departures,1.0,1.0,path2_ceiling
ENRY,1,1,1,1,departures,1.0,1.0,path2_ceiling
LFBA,1,0,0,0,departures,0.0,0.0,path2_ceiling
EHFD,1,0,0,0,departures,0.0,0.0,path2_ceiling
ENQB,1,1,0,0,departures,0.0,0.0,path2_ceiling
OIGG,1,0,0,0,departures,0.0,0.0,path2_ceiling
LIRJ,1,0,0,0,departures,0.0,0.0,path2_ceiling
LCRA,1,1,1,1,departures,1.0,1.0,path2_ceiling
EHQM,1,0,0,0,departures,0.0,0.0,path2_ceiling
UUBC,1,0,0,0,departures,0.0,0.0,path2_ceiling
UUBI,1,0,0,0,departures,0.0,0.0,path2_ceiling
EGBK,1,1,0,0,departures,0.0,0.0,path2_ceiling
EHGN,1,0,0,0,departures,0.0,0.0,path2_ceiling
ENQR,1,0,0,0,departures,0.0,0.0,path2_ceiling
LSZG,1,1,1,1,departures,1.0,1.0,path2_ceiling
EHLE,1,1,1,1,departures,1.0,1.0,path2_ceiling
ENUK,1,0,0,0,departures,0.0,0.0,path2_ceiling
EBMB,1,1,0,0,departures,0.0,0.0,path2_ceiling
EDTD,1,1,1,2,departures,1.0,2.0,path2_ceiling
LGKZ,1,0,0,0,departures,0.0,0.0,path2_ceiling
LHPR,1,1,1,1,departures,1.0,1.0,path2_ceiling
LFLO,1,1,1,1,departures,1.0,1.0,path2_ceiling
DAUH,1,0,0,0,arrivals,0.0,0.0,path2_ceiling
EBCV,1,1,1,1,arrivals,1.0,1.0,path2_ceiling
EHFT,1,0,0,0,arrivals,0.0,0.0,path2_ceiling
ENRK,1,1,0,0,arrivals,0.0,0.0,path2_ceiling
ULPB,1,0,0,0,arrivals,0.0,0.0,path2_ceiling
LEBA,1,1,1,1,arrivals,1.0,1.0,path2_ceiling
UGSA,1,0,0,0,arrivals,0.0,0.0,path2_ceiling
LIMG,1,1,1,1,arrivals,1.0,1.0,path2_ceiling
EDBM,1,1,0,0,arrivals,0.0,0.0,path2_ceiling
URWA,1,0,0,0,arrivals,0.0,0.0,path2_ceiling
LFLD,1,0,0,0,arrivals,0.0,0.0,path2_ceiling
LPEV,1,1,1,1,arrivals,1.0,1.0,path2_ceiling
EDBC,1,1,0,0,arrivals,0.0,0.0,path2_ceiling
LFLA,1,0,0,0,arrivals,0.0,0.0,path2_ceiling
UMII,1,0,0,0,arrivals,0.0,0.0,path2_ceiling
ENQB,1,0,0,0,arrivals,0.0,0.0,path2_ceiling
OIGG,1,0,0,0,arrivals,0.0,0.0,path2_ceiling
LIRJ,1,0,0,0,arrivals,0.0,0.0,path2_ceiling
LFAQ,1,1,0,0,arrivals,0.0,0.0,path2_ceiling
ENWK,1,0,0,0,arrivals,0.0,0.0,path2_ceiling
LFRO,1,1,1,1,arrivals,1.0,1.0,path2_ceiling
LFTF,1,1,0,0,arrivals,0.0,0.0,path2_ceiling
ULWC,1,0,0,0,arrivals,0.0,0.0,path2_ceiling
EGTF,1,1,0,0,arrivals,0.0,0.0,path2_ceiling
DAAV,1,0,0,0,arrivals,0.0,0.0,path2_ceiling
USKK,1,0,0,0,arrivals,0.0,0.0,path2_ceiling
UWPS,1,0,0,0,arrivals,0.0,0.0,path2_ceiling
EDGE,1,1,0,0,arrivals,0.0,0.0,path2_ceiling
EKAR,1,0,0,0,arrivals,0.0,0.0,path2_ceiling
LSZC,1,1,0,0,arrivals,0.0,0.0,path2_ceiling
UUBC,1,0,0,0,arrivals,0.0,0.0,path2_ceiling
UUBI,1,0,0,0,arrivals,0.0,0.0,path2_ceiling
LFCI,1,1,1,1,arrivals,1.0,1.0,path2_ceiling
LFGA,1,1,1,1,arrivals,1.0,1.0,path2_ceiling
EGUB,1,1,1,1,arrivals,1.0,1.0,path2_ceiling
ENLA,1,0,0,0,arrivals,0.0,0.0,path2_ceiling
LKRO,1,1,0,0,arrivals,0.0,0.0,path2_ceiling
LRSM,1,0,0,0,arrivals,0.0,0.0,path2_ceiling
EHKE,1,0,0,0,arrivals,0.0,0.0,path2_ceiling
EGSC,1,1,1,1,arrivals,1.0,1.0,path2_ceiling
ENDR,1,0,0,0,arrivals,0.0,0.0,path2_ceiling
UBBL,1,0,0,0,arrivals,0.0,0.0,path2_ceiling
LHPR,1,1,1,1,arrivals,1.0,1.0,path2_ceiling
EGWC,1,1,1,1,arrivals,1.0,1.0,path2_ceiling
EHPK,1,0,0,0,arrivals,0.0,0.0,path2_ceiling
LPVR,1,1,1,4,arrivals,1.0,4.0,path2_ceiling
EPWK,1,0,0,0,arrivals,0.0,0.0,path2_ceiling
GMAZ,1,0,0,0,arrivals,0.0,0.0,path2_ceiling
LIQS,1,0,0,0,arrivals,0.0,0.0,path2_ceiling
LKMH,1,1,0,0,arrivals,0.0,0.0,path2_ceiling
EHTW,1,1,1,1,arrivals,1.0,1.0,path2_ceiling
EPNT,1,0,0,0,arrivals,0.0,0.0,path2_ceiling
EGFE,1,1,1,1,arrivals,1.0,1.0,path2_ceiling
ENQC,1,1,0,0,arrivals,0.0,0.0,path2_ceiling
LIMW,1,0,0,0,arrivals,0.0,0.0,path2_ceiling
LSTS,1,1,0,0,arrivals,0.0,0.0,path2_ceiling
LYKV,1,0,0,0,arrivals,0.0,0.0,path2_ceiling
EHDV,1,0,0,0,arrivals,0.0,0.0,path2_ceiling
EDLE,1,1,0,0,arrivals,0.0,0.0,path2_ceiling
EGBP,1,1,0,0,arrivals,0.0,0.0,path2_ceiling
ENQM,1,0,0,0,arrivals,0.0,0.0,path2_ceiling
EDFE,1,1,0,3,arrivals,0.0,3.0,path2_ceiling
LFSG,1,0,0,1,arrivals,0.0,1.0,path2_ceiling
UBBF,1,0,0,0,arrivals,0.0,0.0,path2_ceiling
EHFD,1,0,0,0,arrivals,0.0,0.0,path2_ceiling
EHLI,1,0,0,0,arrivals,0.0,0.0,path2_ceiling
EDBR,1,1,1,1,arrivals,1.0,1.0,path2_ceiling
EDXQ,1,1,0,0,arrivals,0.0,0.0,path2_ceiling
EDTF,1,1,0,0,arrivals,0.0,0.0,path2_ceiling
LDRG,1,0,0,0,arrivals,0.0,0.0,path2_ceiling
EIWT,1,1,0,0,arrivals,0.0,0.0,path2_ceiling
ENUN,1,0,0,0,arrivals,0.0,0.0,path2_ceiling
LGKZ,1,0,0,0,arrivals,0.0,0.0,path2_ceiling
LFMH,1,1,1,1,arrivals,1.0,1.0,path2_ceiling
EPPW,1,0,0,0,arrivals,0.0,0.0,path2_ceiling
LFPN,1,1,0,0,arrivals,0.0,0.0,path2_ceiling
LFOP,1,1,1,1,arrivals,1.0,1.0,path2_ceiling
LOLW,1,1,0,0,arrivals,0.0,0.0,path2_ceiling
ENSF,1,0,0,0,arrivals,0.0,0.0,path2_ceiling
EDQM,1,1,1,1,arrivals,1.0,1.0,path2_ceiling
DABT,1,0,0,0,arrivals,0.0,0.0,path2_ceiling
EHGQ,1,0,0,0,arrivals,0.0,0.0,path2_ceiling
EDMV,1,0,0,0,arrivals,0.0,0.0,path2_ceiling
EDAQ,1,1,0,0,arrivals,0.0,0.0,path2_ceiling
EGOV,1,1,0,0,arrivals,0.0,0.0,path2_ceiling
ENUS,1,0,0,0,arrivals,0.0,0.0,path2_ceiling
ENGA,1,0,0,0,arrivals,0.0,0.0,path2_ceiling
LRAR,1,0,0,1,arrivals,0.0,1.0,path2_ceiling
LFLH,1,1,0,0,arrivals,0.0,0.0,path2_ceiling
LFBA,1,1,1,1,arrivals,1.0,1.0,path2_ceiling
ULMM,1,0,0,0,arrivals,0.0,0.0,path2_ceiling
LFRI,1,0,0,0,arrivals,0.0,0.0,path2_ceiling
EHFR,1,0,0,0,arrivals,0.0,0.0,path2_ceiling
LGKA,1,0,0,0,arrivals,0.0,0.0,path2_ceiling
EGBK,1,1,0,0,arrivals,0.0,0.0,path2_ceiling
EIWF,1,1,1,1,arrivals,1.0,1.0,path2_ceiling
BIGJ,1,0,0,0,arrivals,0.0,0.0,path2_ceiling
LJPZ,1,1,1,2,arrivals,1.0,2.0,path2_ceiling
EHLE,1,1,1,1,arrivals,1.0,1.0,path2_ceiling
ENUK,1,0,0,0,arrivals,0.0,0.0,path2_ceiling
EDTD,1,1,1,1,arrivals,1.0,1.0,path2_ceiling
LFLO,1,1,0,0,arrivals,0.0,0.0,path2_ceiling
EFLP,1,0,0,0,arrivals,0.0,0.0,path2_ceiling
OOA,7964,36,0,0,arrivals,0.0,0.0,path3_margin
OOA,7892,93,0,0,departures,0.0,0.0,path3_margin
LTFM,2282,2090,2088,2098,departures,0.9149868536371604,0.9193689745836985,path3_margin
LTFM,2258,1922,1861,1862,arrivals,0.8241806908768822,0.8246235606731621,path3_margin
EHAM,2148,2144,2144,2167,departures,0.9981378026070763,1.0088454376163873,path3_margin
EHAM,2136,1928,1925,1929,arrivals,0.9012172284644194,0.9030898876404494,path3_margin
EDDF,2094,2085,2084,2087,departures,0.9952244508118434,0.9966571155682904,path3_margin
EDDF,2091,1835,1829,1831,arrivals,0.874701099952176,0.8756575801052128,path3_margin
LFPG,2084,2067,2050,2060,departures,0.9836852207293666,0.9884836852207294,path3_margin
LFPG,2066,1770,1769,1823,arrivals,0.856243949661181,0.8823814133591481,path3_margin
EGLL,2001,1989,1987,2019,departures,0.9930034982508745,1.0089955022488755,path3_margin
EGLL,1986,1701,1534,1663,arrivals,0.7724068479355488,0.8373615307150051,path3_margin
LEMD,1786,1583,1581,1586,arrivals,0.8852183650615901,0.8880179171332587,path3_margin
LEMD,1773,1756,1755,1757,departures,0.9898477157360406,0.990975747320925,path3_margin
LEBL,1597,1517,1515,1516,arrivals,0.9486537257357546,0.9492798998121478,path3_margin
LEBL,1591,1583,1582,1583,departures,0.994343180389692,0.9949717159019484,path3_margin
EDDM,1573,1568,1562,1565,departures,0.993006993006993,0.9949141767323586,path3_margin
EDDM,1571,1485,1481,1484,arrivals,0.942711648631445,0.9446212603437301,path3_margin
LIRF,1449,1445,1445,1447,departures,0.9972394755003451,0.9986197377501725,path3_margin
LTAI,1437,872,871,879,arrivals,0.6061238691718859,0.6116910229645094,path3_margin
LEPA,1436,1418,1417,1420,arrivals,0.9867688022284122,0.9888579387186629,path3_margin
LTAI,1435,821,818,823,departures,0.570034843205575,0.5735191637630662,path3_margin
LIRF,1433,1297,1294,1304,arrivals,0.9030006978367062,0.9099790648988136,path3_margin
LEPA,1417,1377,1376,1377,departures,0.9710656316160904,0.9717713479181369,path3_margin
LGAV,1317,692,682,685,arrivals,0.5178435839028094,0.5201214882308276,path3_margin
LGAV,1306,1183,1183,1192,departures,0.9058192955589587,0.9127105666156202,path3_margin
EGKK,1223,1220,1220,1223,departures,0.9975470155355682,1.0,path3_margin
EGKK,1220,1130,1130,1130,arrivals,0.9262295081967213,0.9262295081967213,path3_margin
EIDW,1188,1108,1107,1110,arrivals,0.9318181818181818,0.9343434343434344,path3_margin
EIDW,1185,1167,1166,1166,departures,0.9839662447257383,0.9839662447257383,path3_margin
LSZH,1178,1170,1162,1168,departures,0.9864176570458404,0.9915110356536503,path3_margin
LSZH,1160,1076,1073,1083,arrivals,0.925,0.9336206896551724,path3_margin
LOWW,1156,1147,1146,1156,departures,0.9913494809688581,1.0,path3_margin
EKCH,1152,1059,1056,1056,arrivals,0.9166666666666666,0.9166666666666666,path3_margin
LOWW,1145,1073,1071,1076,arrivals,0.9353711790393013,0.9397379912663756,path3_margin
EKCH,1140,1128,1128,1133,departures,0.9894736842105263,0.993859649122807,path3_margin
LTFJ,1138,1011,1007,1030,arrivals,0.8848857644991213,0.9050966608084359,path3_margin
LTFJ,1137,1098,1098,1135,departures,0.9656992084432717,0.9982409850483729,path3_margin
LPPT,1010,1002,1002,1002,departures,0.9920792079207921,0.9920792079207921,path3_margin
LPPT,1001,904,900,901,arrivals,0.8991008991008991,0.9000999000999002,path3_margin
LFPO,992,985,985,988,departures,0.9929435483870968,0.9959677419354839,path3_margin
LFPO,991,949,949,951,arrivals,0.9576185671039354,0.9596367305751766,path3_margin
LIMC,973,969,967,968,departures,0.9938335046248715,0.9948612538540597,path3_margin
LIMC,967,892,886,890,arrivals,0.9162357807652534,0.9203722854188211,path3_margin
ENGM,940,897,896,909,arrivals,0.9531914893617022,0.9670212765957447,path3_margin
ENGM,932,884,884,893,departures,0.9484978540772532,0.9581545064377682,path3_margin
EGCC,926,922,921,921,departures,0.9946004319654428,0.9946004319654428,path3_margin
EGCC,924,839,839,840,arrivals,0.908008658008658,0.9090909090909091,path3_margin
EGSS,888,847,841,846,arrivals,0.9470720720720721,0.9527027027027027,path3_margin
EGSS,885,883,880,880,departures,0.9943502824858758,0.9943502824858758,path3_margin
EPWA,880,784,779,779,arrivals,0.8852272727272728,0.8852272727272728,path3_margin
EPWA,875,870,870,872,departures,0.9942857142857143,0.9965714285714286,path3_margin
EBBR,872,868,868,878,departures,0.9954128440366973,1.0068807339449541,path3_margin
EBBR,871,786,784,795,arrivals,0.9001148105625718,0.912743972445465,path3_margin
EDDB,870,851,847,860,departures,0.9735632183908046,0.9885057471264368,path3_margin
LEMG,861,838,838,838,arrivals,0.9732868757259001,0.9732868757259001,path3_margin
LEMG,850,847,847,849,departures,0.9964705882352941,0.9988235294117647,path3_margin
ESSA,841,732,726,734,arrivals,0.8632580261593341,0.8727705112960761,path3_margin
EDDB,840,797,792,795,arrivals,0.9428571428571428,0.9464285714285714,path3_margin
ESSA,820,792,790,798,departures,0.9634146341463414,0.973170731707317,path3_margin
EDDL,758,753,750,755,departures,0.9894459102902374,0.996042216358839,path3_margin
EDDL,751,731,730,736,arrivals,0.9720372836218375,0.9800266311584553,path3_margin
LFMN,710,691,687,737,arrivals,0.967605633802817,1.0380281690140845,path3_margin
LFMN,707,698,692,696,departures,0.9787835926449788,0.9844413012729845,path3_margin
LSGG,680,662,661,673,departures,0.9720588235294118,0.9897058823529412,path3_margin
LSGG,670,649,647,655,arrivals,0.9656716417910448,0.9776119402985075,path3_margin
LKPR,667,659,658,662,departures,0.9865067466266867,0.992503748125937,path3_margin
EFHK,666,577,576,578,arrivals,0.8648648648648649,0.8678678678678678,path3_margin
EFHK,659,655,655,660,departures,0.9939301972685888,1.0015174506828528,path3_margin
LKPR,657,621,617,620,arrivals,0.939117199391172,0.943683409436834,path3_margin
LEAL,599,598,598,598,departures,0.998330550918197,0.998330550918197,path3_margin
LEAL,599,589,589,589,arrivals,0.9833055091819699,0.9833055091819699,path3_margin
EGPH,584,553,553,557,arrivals,0.946917808219178,0.9537671232876712,path3_margin
LHBP,578,568,567,568,departures,0.9809688581314879,0.9826989619377162,path3_margin
EGPH,577,573,571,571,departures,0.9896013864818024,0.9896013864818024,path3_margin
LHBP,577,541,539,542,arrivals,0.9341421143847487,0.9393414211438474,path3_margin
EGGW,552,532,527,536,arrivals,0.9547101449275363,0.9710144927536232,path3_margin
EGGW,550,550,540,544,departures,0.9818181818181818,0.9890909090909091,path3_margin
EDDH,538,532,528,536,departures,0.9814126394052045,0.9962825278810409,path3_margin
EDDH,532,522,520,529,arrivals,0.9774436090225563,0.9943609022556391,path3_margin
GCLP,521,1,0,0,arrivals,0.0,0.0,path3_margin
GCLP,520,4,0,0,departures,0.0,0.0,path3_margin
LLBG,516,458,456,458,arrivals,0.8837209302325582,0.8875968992248062,path3_margin
EDDK,515,500,500,501,departures,0.970873786407767,0.9728155339805825,path3_margin
LLBG,513,500,498,499,departures,0.9707602339181286,0.9727095516569201,path3_margin
LPPR,513,509,508,508,departures,0.9902534113060428,0.9902534113060428,path3_margin
LPPR,512,482,481,481,arrivals,0.939453125,0.939453125,path3_margin
LEIB,509,499,499,500,arrivals,0.9803536345776032,0.9823182711198428,path3_margin
EDDK,509,489,486,486,arrivals,0.9548133595284872,0.9548133595284872,path3_margin
LROP,509,496,494,495,arrivals,0.9705304518664047,0.9724950884086444,path3_margin
LROP,504,495,427,429,departures,0.8472222222222222,0.8511904761904762,path3_margin
LEIB,495,487,487,487,departures,0.9838383838383838,0.9838383838383838,path3_margin
EGBB,474,468,468,468,departures,0.9873417721518988,0.9873417721518988,path3_margin
EGBB,466,434,433,433,arrivals,0.9291845493562232,0.9291845493562232,path3_margin
LIML,465,458,456,462,arrivals,0.9806451612903225,0.9935483870967742,path3_margin
LIME,460,455,450,450,arrivals,0.9782608695652174,0.9782608695652174,path3_margin
LIML,458,451,451,455,departures,0.9847161572052402,0.9934497816593887,path3_margin
LIME,453,448,447,447,departures,0.9867549668874173,0.9867549668874173,path3_margin
LIRN,449,5,0,0,departures,0.0,0.0,path3_margin
LIRN,447,3,0,0,arrivals,0.0,0.0,path3_margin
LFML,445,441,440,444,arrivals,0.9887640449438202,0.9977528089887641,path3_margin
LFML,444,442,441,442,departures,0.9932432432432432,0.9954954954954955,path3_margin
EDDS,440,422,417,421,departures,0.9477272727272728,0.9568181818181818,path3_margin
EDDS,433,413,413,419,arrivals,0.953810623556582,0.9676674364896074,path3_margin
LGIR,430,2,0,0,arrivals,0.0,0.0,path3_margin
LGIR,424,1,0,0,departures,0.0,0.0,path3_margin
LIPZ,412,408,408,409,departures,0.9902912621359223,0.9927184466019418,path3_margin
LFLL,412,401,400,414,arrivals,0.970873786407767,1.0048543689320388,path3_margin
LFLL,411,406,406,421,departures,0.9878345498783455,1.024330900243309,path3_margin
LIPZ,409,390,389,393,arrivals,0.9511002444987775,0.960880195599022,path3_margin
LPFR,407,403,402,404,arrivals,0.9877149877149877,0.9926289926289926,path3_margin
LPFR,405,404,401,401,departures,0.9901234567901235,0.9901234567901235,path3_margin
LYBE,395,374,374,374,arrivals,0.9468354430379747,0.9468354430379747,path3_margin
LYBE,394,390,390,390,departures,0.9898477157360406,0.9898477157360406,path3_margin
LICC,391,339,336,343,arrivals,0.8593350383631714,0.8772378516624041,path3_margin
LICC,390,33,28,28,departures,0.07179487179487179,0.07179487179487179,path3_margin
LTAC,381,2,0,0,departures,0.0,0.0,path3_margin
LIPE,380,375,375,376,departures,0.9868421052631579,0.9894736842105263,path3_margin
LIPE,376,373,371,371,arrivals,0.9867021276595744,0.9867021276595744,path3_margin
LTAC,374,3,0,1,arrivals,0.0,0.00267379679144385,path3_margin
LCLK,368,341,338,340,departures,0.9184782608695652,0.9239130434782609,path3_margin
LCLK,367,360,359,365,arrivals,0.9782016348773842,0.9945504087193461,path3_margin
GMMN,360,181,180,182,departures,0.5,0.5055555555555555,path3_margin
EPKK,360,354,354,355,departures,0.9833333333333333,0.9861111111111112,path3_margin
EGGD,360,343,342,344,arrivals,0.95,0.9555555555555556,path3_margin
EGGD,359,358,357,357,departures,0.9944289693593314,0.9944289693593314,path3_margin
LEVC,357,349,349,350,arrivals,0.9775910364145658,0.9803921568627451,path3_margin
GMMN,357,268,268,274,arrivals,0.7507002801120448,0.7675070028011205,path3_margin
ENBR,357,340,328,338,arrivals,0.9187675070028011,0.9467787114845938,path3_margin
EPKK,356,339,338,339,arrivals,0.949438202247191,0.952247191011236,path3_margin
LEVC,355,320,320,320,departures,0.9014084507042254,0.9014084507042254,path3_margin
LFSB,354,350,349,351,departures,0.9858757062146892,0.9915254237288136,path3_margin
LFSB,352,344,344,345,arrivals,0.9772727272727273,0.9801136363636364,path3_margin
ENBR,349,343,338,352,departures,0.9684813753581661,1.008595988538682,path3_margin
LTBJ,346,26,21,21,departures,0.06069364161849711,0.06069364161849711,path3_margin
LGRP,346,316,315,316,arrivals,0.9104046242774566,0.9132947976878613,path3_margin
EGPF,346,308,306,309,arrivals,0.884393063583815,0.8930635838150289,path3_margin
EGPF,344,325,323,324,departures,0.938953488372093,0.9418604651162791,path3_margin
LTBJ,341,7,6,6,arrivals,0.017595307917888565,0.017595307917888565,path3_margin
LGRP,340,318,318,319,departures,0.9352941176470588,0.9382352941176471,path3_margin
LMML,326,322,322,325,departures,0.9877300613496932,0.9969325153374233,path3_margin
LMML,326,320,318,320,arrivals,0.9754601226993865,0.9815950920245399,path3_margin
LATI,323,1,0,0,arrivals,0.0,0.0,path3_margin
GCTS,323,0,0,0,arrivals,0.0,0.0,path3_margin
GCTS,321,2,0,0,departures,0.0,0.0,path3_margin
GCXO,320,1,1,1,arrivals,0.003125,0.003125,path3_margin
GCXO,319,268,268,270,departures,0.8401253918495298,0.8463949843260188,path3_margin
LATI,316,3,0,0,departures,0.0,0.0,path3_margin
LICJ,314,132,129,129,arrivals,0.410828025477707,0.410828025477707,path3_margin
LICJ,310,194,194,197,departures,0.6258064516129033,0.635483870967742,path3_margin
EBCI,304,304,304,304,departures,1.0,1.0,path3_margin
EBCI,303,300,299,299,arrivals,0.9867986798679867,0.9867986798679867,path3_margin
BIKF,297,292,292,293,departures,0.9831649831649831,0.9865319865319865,path3_margin
BIKF,296,99,98,101,arrivals,0.3310810810810811,0.34121621621621623,path3_margin
ELLX,294,292,291,291,departures,0.9897959183673469,0.9897959183673469,path3_margin
ELLX,294,284,284,287,arrivals,0.9659863945578231,0.9761904761904762,path3_margin
LFBO,293,291,291,292,departures,0.9931740614334471,0.9965870307167235,path3_margin
LFBO,290,289,287,287,arrivals,0.9896551724137931,0.9896551724137931,path3_margin
LGTS,281,256,256,259,arrivals,0.9110320284697508,0.9217081850533808,path3_margin
LTBS,280,3,1,1,arrivals,0.0035714285714285713,0.0035714285714285713,path3_margin
LGTS,279,164,164,165,departures,0.5878136200716846,0.5913978494623656,path3_margin
GMMX,279,11,8,8,arrivals,0.02867383512544803,0.02867383512544803,path3_margin
GMMX,278,2,2,2,departures,0.007194244604316547,0.007194244604316547,path3_margin
EVRA,278,229,228,228,arrivals,0.8201438848920863,0.8201438848920863,path3_margin
LEZL,276,267,266,268,arrivals,0.9637681159420289,0.9710144927536232,path3_margin
LEZL,275,273,273,273,departures,0.9927272727272727,0.9927272727272727,path3_margin
LTBS,273,2,0,0,departures,0.0,0.0,path3_margin
EVRA,273,270,268,269,departures,0.9816849816849816,0.9853479853479854,path3_margin
LBSF,272,3,2,2,departures,0.007352941176470588,0.007352941176470588,path3_margin
GCRR,269,0,0,0,departures,0.0,0.0,path3_margin
GCRR,269,0,0,0,arrivals,0.0,0.0,path3_margin
EGNX,267,264,264,264,departures,0.9887640449438202,0.9887640449438202,path3_margin
LBSF,267,4,1,1,arrivals,0.003745318352059925,0.003745318352059925,path3_margin
EDDP,261,245,244,245,arrivals,0.9348659003831418,0.9386973180076629,path3_margin
EPKT,259,250,249,249,departures,0.9613899613899614,0.9613899613899614,path3_margin
HEGN,258,0,0,0,arrivals,0.0,0.0,path3_margin
HEGN,257,0,0,0,departures,0.0,0.0,path3_margin
UGTB,257,17,15,15,departures,0.058365758754863814,0.058365758754863814,path3_margin
LFRS,257,252,251,252,arrivals,0.9766536964980544,0.980544747081712,path3_margin
UGTB,257,50,48,51,arrivals,0.1867704280155642,0.19844357976653695,path3_margin
EPKT,257,241,240,240,arrivals,0.933852140077821,0.933852140077821,path3_margin
LFRS,256,242,242,242,departures,0.9453125,0.9453125,path3_margin
EDDP,256,254,254,256,departures,0.9921875,1.0,path3_margin
EGNX,255,239,239,239,arrivals,0.9372549019607843,0.9372549019607843,path3_margin
LIEO,252,70,68,68,arrivals,0.2698412698412698,0.2698412698412698,path3_margin
EPGD,248,9,8,8,departures,0.03225806451612903,0.03225806451612903,path3_margin
LGKR,247,8,4,4,arrivals,0.016194331983805668,0.016194331983805668,path3_margin
EGAA,246,240,128,129,arrivals,0.5203252032520326,0.524390243902439,path3_margin
LGKR,244,2,2,2,departures,0.00819672131147541,0.00819672131147541,path3_margin
HECA,244,7,6,6,departures,0.02459016393442623,0.02459016393442623,path3_margin
EPGD,244,5,1,1,arrivals,0.004098360655737705,0.004098360655737705,path3_margin
EGAA,239,206,206,207,departures,0.8619246861924686,0.8661087866108786,path3_margin
ENZV,236,75,73,82,departures,0.3093220338983051,0.3474576271186441,path3_margin
ENZV,236,68,65,67,arrivals,0.2754237288135593,0.2838983050847458,path3_margin
LEBB,235,0,0,0,arrivals,0.0,0.0,path3_margin
LEBB,234,1,0,0,departures,0.0,0.0,path3_margin
LTFE,232,205,204,210,arrivals,0.8793103448275862,0.9051724137931034,path3_margin
HECA,231,51,43,43,arrivals,0.18614718614718614,0.18614718614718614,path3_margin
LFPB,230,226,226,248,departures,0.9826086956521739,1.0782608695652174,path3_margin
LIBD,229,2,0,0,arrivals,0.0,0.0,path3_margin
LIBD,228,2,0,0,departures,0.0,0.0,path3_margin
LIEO,228,22,17,17,departures,0.07456140350877193,0.07456140350877193,path3_margin
LIRP,228,223,223,229,arrivals,0.9780701754385965,1.0043859649122806,path3_margin
UUWW,227,8,4,4,arrivals,0.01762114537444934,0.01762114537444934,path3_margin
LEMH,226,218,218,219,arrivals,0.9646017699115044,0.9690265486725663,path3_margin
LFBD,225,222,222,224,departures,0.9866666666666667,0.9955555555555555,path3_margin
LFPB,225,218,168,171,arrivals,0.7466666666666667,0.76,path3_margin
LEMH,222,193,193,193,departures,0.8693693693693694,0.8693693693693694,path3_margin
LTFE,220,33,28,28,departures,0.12727272727272726,0.12727272727272726,path3_margin
LIRP,220,196,196,196,departures,0.8909090909090909,0.8909090909090909,path3_margin
ENVA,219,208,208,223,arrivals,0.9497716894977168,1.0182648401826484,path3_margin
LFBD,219,215,214,215,arrivals,0.9771689497716894,0.9817351598173516,path3_margin
LUKK,217,3,0,0,departures,0.0,0.0,path3_margin
ENVA,217,211,199,201,departures,0.9170506912442397,0.9262672811059908,path3_margin
LUKK,217,2,0,0,arrivals,0.0,0.0,path3_margin
LDSP,216,4,0,0,departures,0.0,0.0,path3_margin
ESGG,216,214,214,214,departures,0.9907407407407407,0.9907407407407407,path3_margin
UUWW,216,4,4,5,departures,0.018518518518518517,0.023148148148148147,path3_margin
LDZA,215,67,65,65,departures,0.3023255813953488,0.3023255813953488,path3_margin
LDSP,215,5,0,0,arrivals,0.0,0.0,path3_margin
LDZA,215,210,209,212,arrivals,0.9720930232558139,0.986046511627907,path3_margin
ESGG,214,208,208,210,arrivals,0.9719626168224299,0.9813084112149533,path3_margin
UUEE,214,1,1,5,arrivals,0.004672897196261682,0.02336448598130841,path3_margin
EDDV,213,211,211,212,departures,0.9906103286384976,0.9953051643192489,path3_margin
GCFV,212,0,0,0,departures,0.0,0.0,path3_margin
UUEE,212,26,26,26,departures,0.12264150943396226,0.12264150943396226,path3_margin
EGNT,211,199,199,199,departures,0.943127962085308,0.943127962085308,path3_margin
GCFV,211,2,0,0,arrivals,0.0,0.0,path3_margin
EGNT,211,184,184,184,arrivals,0.8720379146919431,0.8720379146919431,path3_margin
EDDV,209,202,202,204,arrivals,0.9665071770334929,0.9760765550239234,path3_margin
EGGP,208,204,203,206,departures,0.9759615384615384,0.9903846153846154,path3_margin
EGGP,206,194,194,202,arrivals,0.941747572815534,0.9805825242718447,path3_margin
LIRQ,202,4,3,3,departures,0.01485148514851485,0.01485148514851485,path3_margin
EDDN,201,195,194,196,departures,0.9651741293532339,0.9751243781094527,path3_margin
EDDN,199,193,192,199,arrivals,0.964824120603015,1.0,path3_margin
LGSA,199,33,31,31,arrivals,0.15577889447236182,0.15577889447236182,path3_margin
EGLC,198,198,198,253,departures,1.0,1.2777777777777777,path3_margin
LIRQ,198,96,89,89,arrivals,0.4494949494949495,0.4494949494949495,path3_margin
LGSA,196,61,61,61,departures,0.3112244897959184,0.3112244897959184,path3_margin
LIEE,195,3,2,2,arrivals,0.010256410256410256,0.010256410256410256,path3_margin
EPWR,194,189,189,190,arrivals,0.9742268041237113,0.979381443298969,path3_margin
EPWR,193,192,192,192,departures,0.9948186528497409,0.9948186528497409,path3_margin
EGNM,193,173,173,175,arrivals,0.8963730569948186,0.9067357512953368,path3_margin
UDYZ,192,1,0,0,departures,0.0,0.0,path3_margin
UDYZ,192,1,0,0,arrivals,0.0,0.0,path3_margin
LIEE,191,1,0,0,departures,0.0,0.0,path3_margin
EHEH,191,191,189,189,departures,0.9895287958115183,0.9895287958115183,path3_margin
EGNM,190,186,184,184,departures,0.968421052631579,0.968421052631579,path3_margin
EHEH,190,187,186,187,arrivals,0.9789473684210527,0.9842105263157894,path3_margin
EYVI,189,127,121,124,arrivals,0.6402116402116402,0.656084656084656,path3_margin
EGLC,189,189,188,410,arrivals,0.9947089947089947,2.1693121693121693,path3_margin
EYVI,186,176,176,180,departures,0.946236559139785,0.967741935483871,path3_margin
DAAG,186,17,15,15,departures,0.08064516129032258,0.08064516129032258,path3_margin
DTTA,186,0,0,0,arrivals,0.0,0.0,path3_margin
DTTA,185,2,0,0,departures,0.0,0.0,path3_margin
DAAG,184,106,106,107,arrivals,0.5760869565217391,0.5815217391304348,path3_margin
LFOB,181,180,180,180,departures,0.994475138121547,0.994475138121547,path3_margin
LFOB,181,177,177,177,arrivals,0.9779005524861878,0.9779005524861878,path3_margin
LDDU,180,5,0,0,arrivals,0.0,0.0,path3_margin
LGKO,178,168,168,171,departures,0.9438202247191011,0.9606741573033708,path3_margin
LDDU,177,4,0,0,departures,0.0,0.0,path3_margin
LGKO,177,168,168,173,arrivals,0.9491525423728814,0.9774011299435028,path3_margin
EETN,162,142,142,142,arrivals,0.8765432098765432,0.8765432098765432,path3_margin
EPPO,161,156,156,156,departures,0.968944099378882,0.968944099378882,path3_margin
HESH,161,2,0,0,arrivals,0.0,0.0,path3_margin
UMKK,160,1,0,1,departures,0.0,0.00625,path3_margin
EETN,159,149,149,150,departures,0.9371069182389937,0.9433962264150944,path3_margin
LPMA,159,153,153,153,departures,0.9622641509433962,0.9622641509433962,path3_margin
HESH,159,0,0,0,departures,0.0,0.0,path3_margin
UMKK,159,2,2,13,arrivals,0.012578616352201259,0.08176100628930817,path3_margin
LPMA,158,10,10,15,arrivals,0.06329113924050633,0.0949367088607595,path3_margin
LIMF,157,156,154,155,departures,0.9808917197452229,0.9872611464968153,path3_margin
LIMF,157,155,155,158,arrivals,0.9872611464968153,1.0063694267515924,path3_margin
LIRA,156,153,146,148,arrivals,0.9358974358974359,0.9487179487179487,path3_margin
LIRA,154,152,152,155,departures,0.987012987012987,1.0064935064935066,path3_margin
EPPO,154,148,148,148,arrivals,0.961038961038961,0.961038961038961,path3_margin
EKBI,154,150,149,149,arrivals,0.9675324675324676,0.9675324675324676,path3_margin
LPPD,153,47,47,47,departures,0.30718954248366015,0.30718954248366015,path3_margin
EKBI,152,148,148,149,departures,0.9736842105263158,0.9802631578947368,path3_margin
LPPD,151,91,90,92,arrivals,0.5960264900662252,0.609271523178808,path3_margin
ULLI,148,1,1,1,arrivals,0.006756756756756757,0.006756756756756757,path3_margin
OLBA,144,29,25,25,departures,0.1736111111111111,0.1736111111111111,path3_margin
LIPX,144,143,142,142,departures,0.9861111111111112,0.9861111111111112,path3_margin
OLBA,144,30,29,30,arrivals,0.2013888888888889,0.20833333333333334,path3_margin
ENTC,143,6,0,0,arrivals,0.0,0.0,path3_margin
ULLI,142,0,0,0,departures,0.0,0.0,path3_margin
LIPX,142,138,137,143,arrivals,0.9647887323943662,1.0070422535211268,path3_margin
LGSR,139,3,0,0,departures,0.0,0.0,path3_margin
LGSR,139,2,0,0,arrivals,0.0,0.0,path3_margin
ENTC,138,4,0,0,departures,0.0,0.0,path3_margin
LTCG,138,103,103,104,arrivals,0.7463768115942029,0.7536231884057971,path3_margin
EGPD,137,125,125,125,departures,0.9124087591240876,0.9124087591240876,path3_margin
EGPD,136,123,123,123,arrivals,0.9044117647058824,0.9044117647058824,path3_margin
ENBO,134,126,126,157,departures,0.9402985074626866,1.171641791044776,path3_margin
EBLG,134,134,132,136,departures,0.9850746268656716,1.0149253731343284,path3_margin
LTDB,133,4,0,0,departures,0.0,0.0,path3_margin
LTCG,133,123,123,123,departures,0.924812030075188,0.924812030075188,path3_margin
ENBO,133,120,116,135,arrivals,0.8721804511278195,1.0150375939849625,path3_margin
LRCL,130,0,0,0,departures,0.0,0.0,path3_margin
LIBR,130,2,0,0,departures,0.0,0.0,path3_margin
LRCL,129,0,0,0,arrivals,0.0,0.0,path3_margin
LTDB,129,3,0,0,arrivals,0.0,0.0,path3_margin
LGZA,126,125,123,125,departures,0.9761904761904762,0.9920634920634921,path3_margin
EBLG,126,97,95,98,arrivals,0.753968253968254,0.7777777777777778,path3_margin
LGZA,126,119,118,121,arrivals,0.9365079365079365,0.9603174603174603,path3_margin
LIBR,125,0,0,0,arrivals,0.0,0.0,path3_margin
EGAC,123,121,121,122,departures,0.983739837398374,0.991869918699187,path3_margin
EGAC,123,120,120,231,arrivals,0.975609756097561,1.8780487804878048,path3_margin
BKPR,120,1,0,0,departures,0.0,0.0,path3_margin
BKPR,120,3,0,0,arrivals,0.0,0.0,path3_margin
EICK,120,119,119,119,arrivals,0.9916666666666667,0.9916666666666667,path3_margin
EICK,119,118,118,118,departures,0.9915966386554622,0.9915966386554622,path3_margin
LDZD,118,9,6,6,arrivals,0.05084745762711865,0.05084745762711865,path3_margin
OJAI,116,0,0,2,departures,0.0,0.017241379310344827,path3_margin
OJAI,116,0,0,1,arrivals,0.0,0.008620689655172414,path3_margin
LDZD,114,1,0,0,departures,0.0,0.0,path3_margin
LICA,112,1,0,0,arrivals,0.0,0.0,path3_margin
EGLF,110,110,109,114,departures,0.990909090909091,1.0363636363636364,path3_margin
LICA,108,0,0,0,departures,0.0,0.0,path3_margin
EGJJ,108,106,96,96,arrivals,0.8888888888888888,0.8888888888888888,path3_margin
EGLF,108,107,0,0,arrivals,0.0,0.0,path3_margin
LCPH,107,98,97,97,arrivals,0.9065420560747663,0.9065420560747663,path3_margin
LWSK,106,1,0,0,departures,0.0,0.0,path3_margin
OKKK,106,105,105,105,departures,0.9905660377358491,0.9905660377358491,path3_margin
LEST,106,96,83,83,arrivals,0.7830188679245284,0.7830188679245284,path3_margin
LCPH,105,35,35,35,departures,0.3333333333333333,0.3333333333333333,path3_margin
LGMK,105,48,46,46,departures,0.4380952380952381,0.4380952380952381,path3_margin
LEST,105,87,87,87,departures,0.8285714285714286,0.8285714285714286,path3_margin
LZIB,105,101,101,101,departures,0.9619047619047619,0.9619047619047619,path3_margin
LEGE,105,42,39,39,arrivals,0.37142857142857144,0.37142857142857144,path3_margin
LWSK,105,0,0,0,arrivals,0.0,0.0,path3_margin
LZIB,105,103,103,103,arrivals,0.9809523809523809,0.9809523809523809,path3_margin
LEGE,104,92,92,96,departures,0.8846153846153846,0.9230769230769231,path3_margin
LGMK,104,71,71,78,arrivals,0.6826923076923077,0.75,path3_margin
EDJA,104,102,102,102,arrivals,0.9807692307692307,0.9807692307692307,path3_margin
EDJA,102,101,101,101,departures,0.9901960784313726,0.9901960784313726,path3_margin
OKKK,102,29,29,30,arrivals,0.28431372549019607,0.29411764705882354,path3_margin
EGJJ,101,97,96,102,departures,0.9504950495049505,1.00990099009901,path3_margin
EHRD,100,100,99,101,arrivals,0.99,1.01,path3_margin
EHRD,99,98,96,99,departures,0.9696969696969697,1.0,path3_margin
LBBG,97,90,90,90,arrivals,0.9278350515463918,0.9278350515463918,path3_margin
LOWS,96,95,95,98,departures,0.9895833333333334,1.0208333333333333,path3_margin
LOWS,95,92,90,90,arrivals,0.9473684210526315,0.9473684210526315,path3_margin
DTTJ,94,0,0,0,arrivals,0.0,0.0,path3_margin
LJLJ,94,90,89,90,arrivals,0.9468085106382979,0.9574468085106383,path3_margin
LBBG,93,85,85,85,departures,0.9139784946236559,0.9139784946236559,path3_margin
LQSA,93,1,0,0,departures,0.0,0.0,path3_margin
LQSA,93,0,0,0,arrivals,0.0,0.0,path3_margin
GMAD,92,0,0,0,departures,0.0,0.0,path3_margin
EGKB,92,91,32,33,departures,0.34782608695652173,0.358695652173913,path3_margin
EINN,91,89,89,89,departures,0.978021978021978,0.978021978021978,path3_margin
GMAD,91,0,0,0,arrivals,0.0,0.0,path3_margin
EGKB,91,90,0,0,arrivals,0.0,0.0,path3_margin
LJLJ,90,87,87,88,departures,0.9666666666666667,0.9777777777777777,path3_margin
DTTJ,89,0,0,0,departures,0.0,0.0,path3_margin
UUDD,89,6,6,6,departures,0.06741573033707865,0.06741573033707865,path3_margin
EDDW,88,87,86,88,departures,0.9772727272727273,1.0,path3_margin
GMTT,88,88,88,88,departures,1.0,1.0,path3_margin
EDLW,87,85,85,86,departures,0.9770114942528736,0.9885057471264368,path3_margin
EDDW,87,87,87,89,arrivals,1.0,1.0229885057471264,path3_margin
GMTT,87,86,86,87,arrivals,0.9885057471264368,1.0,path3_margin
EDLW,87,84,84,84,arrivals,0.9655172413793104,0.9655172413793104,path3_margin
EINN,86,80,80,81,arrivals,0.9302325581395349,0.9418604651162791,path3_margin
LIMJ,86,86,85,85,arrivals,0.9883720930232558,0.9883720930232558,path3_margin
EGHI,86,78,78,80,arrivals,0.9069767441860465,0.9302325581395349,path3_margin
LIPH,85,85,85,85,departures,1.0,1.0,path3_margin
GCLA,85,0,0,0,departures,0.0,0.0,path3_margin
LIPH,85,85,84,85,arrivals,0.9882352941176471,1.0,path3_margin
EDSB,85,78,78,82,arrivals,0.9176470588235294,0.9647058823529412,path3_margin
LFKB,84,30,29,29,departures,0.34523809523809523,0.34523809523809523,path3_margin
LFKB,84,69,69,69,arrivals,0.8214285714285714,0.8214285714285714,path3_margin
GCLA,84,5,5,6,arrivals,0.05952380952380952,0.07142857142857142,path3_margin
EGHI,83,75,74,75,departures,0.891566265060241,0.9036144578313253,path3_margin
EGJB,83,65,60,61,departures,0.7228915662650602,0.7349397590361446,path3_margin
LYTV,83,1,0,0,arrivals,0.0,0.0,path3_margin
LYTV,82,2,0,0,departures,0.0,0.0,path3_margin
EDSB,81,76,76,77,departures,0.9382716049382716,0.9506172839506173,path3_margin
EGNS,81,75,74,74,arrivals,0.9135802469135802,0.9135802469135802,path3_margin
DTMB,81,0,0,0,arrivals,0.0,0.0,path3_margin
EGNS,80,71,71,71,departures,0.8875,0.8875,path3_margin
LFKJ,80,79,79,79,arrivals,0.9875,0.9875,path3_margin
LIMJ,79,76,75,75,departures,0.9493670886075949,0.9493670886075949,path3_margin
DTMB,79,1,0,0,departures,0.0,0.0,path3_margin
LFKJ,78,78,78,78,departures,1.0,1.0,path3_margin
EDFH,77,75,75,75,departures,0.974025974025974,0.974025974025974,path3_margin
LYPG,77,2,0,0,departures,0.0,0.0,path3_margin
LYPG,77,0,0,0,arrivals,0.0,0.0,path3_margin
EKYT,75,73,73,73,departures,0.9733333333333334,0.9733333333333334,path3_margin
LBWN,75,61,61,62,arrivals,0.8133333333333334,0.8266666666666667,path3_margin
LFMT,75,73,73,73,arrivals,0.9733333333333334,0.9733333333333334,path3_margin
UUDD,75,2,1,1,arrivals,0.013333333333333334,0.013333333333333334,path3_margin
LFMT,74,74,74,74,departures,1.0,1.0,path3_margin
EDFH,74,71,71,71,arrivals,0.9594594594594594,0.9594594594594594,path3_margin
LTAJ,74,0,0,0,arrivals,0.0,0.0,path3_margin
EGJB,74,70,59,80,arrivals,0.7972972972972973,1.0810810810810811,path3_margin
LTAU,73,0,0,0,arrivals,0.0,0.0,path3_margin
LTAJ,72,0,0,0,departures,0.0,0.0,path3_margin
LFMD,72,69,30,30,arrivals,0.4166666666666667,0.4166666666666667,path3_margin
EGHH,72,67,66,68,arrivals,0.9166666666666666,0.9444444444444444,path3_margin
ENTO,72,67,65,66,arrivals,0.9027777777777778,0.9166666666666666,path3_margin
LBWN,71,12,11,11,departures,0.15492957746478872,0.15492957746478872,path3_margin
LRIA,71,1,0,0,departures,0.0,0.0,path3_margin
EGHH,71,70,69,70,departures,0.971830985915493,0.9859154929577465,path3_margin
ENTO,71,39,39,40,departures,0.5492957746478874,0.5633802816901409,path3_margin
EKYT,71,69,69,69,arrivals,0.971830985915493,0.971830985915493,path3_margin
LTAU,70,0,0,0,departures,0.0,0.0,path3_margin
LEAS,69,25,25,25,departures,0.36231884057971014,0.36231884057971014,path3_margin
UGSB,69,45,45,45,arrivals,0.6521739130434783,0.6521739130434783,path3_margin
EDLV,69,69,69,69,arrivals,1.0,1.0,path3_margin
EDLV,68,68,68,71,departures,1.0,1.0441176470588236,path3_margin
LERS,68,61,61,61,arrivals,0.8970588235294118,0.8970588235294118,path3_margin
LEAS,68,2,2,2,arrivals,0.029411764705882353,0.029411764705882353,path3_margin
LRIA,68,0,0,0,arrivals,0.0,0.0,path3_margin
UGSB,67,55,55,55,departures,0.8208955223880597,0.8208955223880597,path3_margin
LERS,67,13,13,13,departures,0.19402985074626866,0.19402985074626866,path3_margin
URSS,67,0,0,0,arrivals,0.0,0.0,path3_margin
LFMD,65,60,57,59,departures,0.8769230769230769,0.9076923076923077,path3_margin
LFKF,65,58,57,57,arrivals,0.8769230769230769,0.8769230769230769,path3_margin
GMME,64,7,7,7,departures,0.109375,0.109375,path3_margin
GMME,63,23,22,22,arrivals,0.3492063492063492,0.3492063492063492,path3_margin
LIEA,62,62,62,62,departures,1.0,1.0,path3_margin
LGKF,62,61,60,60,departures,0.967741935483871,0.967741935483871,path3_margin
LIEA,62,62,62,62,arrivals,1.0,1.0,path3_margin
LIPQ,61,58,58,58,departures,0.9508196721311475,0.9508196721311475,path3_margin
LFKF,61,28,28,28,departures,0.45901639344262296,0.45901639344262296,path3_margin
EDDG,60,60,60,60,departures,1.0,1.0,path3_margin
EPRZ,60,57,56,56,departures,0.9333333333333333,0.9333333333333333,path3_margin
LGKF,60,57,56,56,arrivals,0.9333333333333333,0.9333333333333333,path3_margin
DTNH,59,0,0,0,departures,0.0,0.0,path3_margin
LRTR,59,0,0,0,departures,0.0,0.0,path3_margin
LIPQ,59,59,58,58,arrivals,0.9830508474576272,0.9830508474576272,path3_margin
LTBA,58,54,53,57,departures,0.9137931034482759,0.9827586206896551,path3_margin
DTNH,58,0,0,0,arrivals,0.0,0.0,path3_margin
EPRZ,58,55,54,54,arrivals,0.9310344827586207,0.9310344827586207,path3_margin
LFBZ,57,56,56,58,arrivals,0.9824561403508771,1.0175438596491229,path3_margin
LRTR,57,1,1,2,arrivals,0.017543859649122806,0.03508771929824561,path3_margin
LFQQ,57,56,56,57,arrivals,0.9824561403508771,1.0,path3_margin
LOWG,56,56,53,54,departures,0.9464285714285714,0.9642857142857143,path3_margin
LFQQ,56,56,56,56,departures,1.0,1.0,path3_margin
LTCC,56,0,0,0,arrivals,0.0,0.0,path3_margin
EDDG,56,54,54,54,arrivals,0.9642857142857143,0.9642857142857143,path3_margin
LFBZ,55,10,10,10,departures,0.18181818181818182,0.18181818181818182,path3_margin
LTCC,55,1,0,0,departures,0.0,0.0,path3_margin
LDPL,55,49,48,51,arrivals,0.8727272727272727,0.9272727272727272,path3_margin
LFTH,55,50,49,60,arrivals,0.8909090909090909,1.0909090909090908,path3_margin
EYKA,54,52,51,51,departures,0.9444444444444444,0.9444444444444444,path3_margin
LOWG,53,53,52,56,arrivals,0.9811320754716981,1.0566037735849056,path3_margin
LKTB,52,51,48,49,departures,0.9230769230769231,0.9423076923076923,path3_margin
URSS,52,0,0,0,departures,0.0,0.0,path3_margin
GMFF,52,0,0,0,departures,0.0,0.0,path3_margin
LTBA,52,47,42,71,arrivals,0.8076923076923077,1.3653846153846154,path3_margin
LKTB,52,51,50,52,arrivals,0.9615384615384616,1.0,path3_margin
GMFF,52,0,0,0,arrivals,0.0,0.0,path3_margin
LFTH,51,17,14,25,departures,0.27450980392156865,0.49019607843137253,path3_margin
EGPE,51,48,48,48,departures,0.9411764705882353,0.9411764705882353,path3_margin
EHKD,50,44,41,51,departures,0.82,1.02,path3_margin
LFST,50,48,47,47,arrivals,0.94,0.94,path3_margin
EYKA,50,16,9,9,arrivals,0.18,0.18,path3_margin
LDPL,49,43,43,44,departures,0.8775510204081632,0.8979591836734694,path3_margin
UGKO,49,0,0,0,departures,0.0,0.0,path3_margin
LFST,49,47,47,47,departures,0.9591836734693877,0.9591836734693877,path3_margin
DAOO,49,24,24,24,arrivals,0.4897959183673469,0.4897959183673469,path3_margin
UGKO,49,0,0,0,arrivals,0.0,0.0,path3_margin
EGFF,49,46,44,45,arrivals,0.8979591836734694,0.9183673469387755,path3_margin
EGPE,49,45,45,45,arrivals,0.9183673469387755,0.9183673469387755,path3_margin
DAOO,48,9,9,9,departures,0.1875,0.1875,path3_margin
EGFF,48,47,46,47,departures,0.9583333333333334,0.9791666666666666,path3_margin
UBBN,48,0,0,0,departures,0.0,0.0,path3_margin
ENCN,48,35,35,35,departures,0.7291666666666666,0.7291666666666666,path3_margin
EHKD,48,37,37,45,arrivals,0.7708333333333334,0.9375,path3_margin
ENAL,48,1,1,1,arrivals,0.020833333333333332,0.020833333333333332,path3_margin
UBBN,48,1,0,0,arrivals,0.0,0.0,path3_margin
ORBI,48,1,0,0,arrivals,0.0,0.0,path3_margin
LFRB,47,41,41,41,departures,0.8723404255319149,0.8723404255319149,path3_margin
ENAL,46,0,0,0,departures,0.0,0.0,path3_margin
ENKB,46,0,0,0,departures,0.0,0.0,path3_margin
LGPZ,46,1,0,0,arrivals,0.0,0.0,path3_margin
LTFH,45,3,3,3,departures,0.06666666666666667,0.06666666666666667,path3_margin
LGPZ,45,1,0,0,departures,0.0,0.0,path3_margin
EDDC,45,44,44,44,departures,0.9777777777777777,0.9777777777777777,path3_margin
LGPA,45,0,0,0,departures,0.0,0.0,path3_margin
LTFH,45,4,3,3,arrivals,0.06666666666666667,0.06666666666666667,path3_margin
EDDC,45,45,45,45,arrivals,1.0,1.0,path3_margin
LIRI,44,7,0,0,departures,0.0,0.0,path3_margin
GEML,44,43,43,43,departures,0.9772727272727273,0.9772727272727273,path3_margin
ORER,44,0,0,0,departures,0.0,0.0,path3_margin
ESSB,44,38,37,38,departures,0.8409090909090909,0.8636363636363636,path3_margin
BIRK,44,41,41,41,departures,0.9318181818181818,0.9318181818181818,path3_margin
GEML,44,43,43,45,arrivals,0.9772727272727273,1.0227272727272727,path3_margin
ORER,44,0,0,0,arrivals,0.0,0.0,path3_margin
LEJR,44,43,42,43,arrivals,0.9545454545454546,0.9772727272727273,path3_margin
BIRK,44,36,34,35,arrivals,0.7727272727272727,0.7954545454545454,path3_margin
ENKB,44,0,0,0,arrivals,0.0,0.0,path3_margin
LFRB,44,39,39,39,arrivals,0.8863636363636364,0.8863636363636364,path3_margin
LKMT,44,39,39,41,arrivals,0.8863636363636364,0.9318181818181818,path3_margin
LKMT,43,40,39,39,departures,0.9069767441860465,0.9069767441860465,path3_margin
LIBP,43,43,43,43,arrivals,1.0,1.0,path3_margin
LOWI,43,28,27,27,arrivals,0.627906976744186,0.627906976744186,path3_margin
ENCN,43,10,10,10,arrivals,0.23255813953488372,0.23255813953488372,path3_margin
EPMO,42,42,42,42,departures,1.0,1.0,path3_margin
ENEV,42,6,0,0,departures,0.0,0.0,path3_margin
ORBI,42,0,0,0,departures,0.0,0.0,path3_margin
LIRI,42,8,5,5,arrivals,0.11904761904761904,0.11904761904761904,path3_margin
UMMS,42,2,2,3,arrivals,0.047619047619047616,0.07142857142857142,path3_margin
ESMS,42,36,36,37,arrivals,0.8571428571428571,0.8809523809523809,path3_margin
ENEV,42,9,0,0,arrivals,0.0,0.0,path3_margin
LGSM,42,16,16,22,arrivals,0.38095238095238093,0.5238095238095238,path3_margin
ESMS,41,38,38,38,departures,0.926829268292683,0.926829268292683,path3_margin
LIBP,41,41,41,42,departures,1.0,1.024390243902439,path3_margin
LGSM,41,8,7,10,departures,0.17073170731707318,0.24390243902439024,path3_margin
LIRZ,41,41,41,45,arrivals,1.0,1.0975609756097562,path3_margin
UMMS,40,14,14,14,departures,0.35,0.35,path3_margin
LEJR,40,40,40,40,departures,1.0,1.0,path3_margin
LEVX,40,17,17,18,arrivals,0.425,0.45,path3_margin
UWKD,40,0,0,0,arrivals,0.0,0.0,path3_margin
LICT,40,4,4,4,arrivals,0.1,0.1,path3_margin
EPMO,40,30,30,30,arrivals,0.75,0.75,path3_margin
LEAM,40,37,36,37,arrivals,0.9,0.925,path3_margin
GMMW,40,34,32,32,arrivals,0.8,0.8,path3_margin
LGPA,40,0,0,0,arrivals,0.0,0.0,path3_margin
LEVT,39,0,0,0,departures,0.0,0.0,path3_margin
LICT,39,3,3,3,departures,0.07692307692307693,0.07692307692307693,path3_margin
LIRZ,39,39,35,35,departures,0.8974358974358975,0.8974358974358975,path3_margin
LEXJ,39,0,0,0,departures,0.0,0.0,path3_margin
GMMW,39,32,32,32,departures,0.8205128205128205,0.8205128205128205,path3_margin
EGPB,39,0,0,0,arrivals,0.0,0.0,path3_margin
LEVT,39,0,0,0,arrivals,0.0,0.0,path3_margin
LEZG,39,16,15,15,arrivals,0.38461538461538464,0.38461538461538464,path3_margin
EDLP,39,35,34,35,arrivals,0.8717948717948718,0.8974358974358975,path3_margin
EGPB,38,0,0,0,departures,0.0,0.0,path3_margin
UWKD,38,0,0,0,departures,0.0,0.0,path3_margin
LEZG,38,14,14,15,departures,0.3684210526315789,0.39473684210526316,path3_margin
ESPA,38,0,0,0,departures,0.0,0.0,path3_margin
LEVX,37,2,1,1,departures,0.02702702702702703,0.02702702702702703,path3_margin
LGSK,37,5,5,5,departures,0.13513513513513514,0.13513513513513514,path3_margin
LOWL,37,36,36,37,departures,0.972972972972973,1.0,path3_margin
LEAM,37,35,35,35,departures,0.9459459459459459,0.9459459459459459,path3_margin
LIPY,37,1,0,0,departures,0.0,0.0,path3_margin
LGSK,37,30,30,30,arrivals,0.8108108108108109,0.8108108108108109,path3_margin
ESSB,37,32,32,35,arrivals,0.8648648648648649,0.9459459459459459,path3_margin
LEXJ,37,0,0,0,arrivals,0.0,0.0,path3_margin
EGTE,36,33,33,33,departures,0.9166666666666666,0.9166666666666666,path3_margin
LECO,36,35,35,35,departures,0.9722222222222222,0.9722222222222222,path3_margin
EGTE,36,33,33,33,arrivals,0.9166666666666666,0.9166666666666666,path3_margin
LIPY,36,8,8,9,arrivals,0.2222222222222222,0.25,path3_margin
LTFO,36,19,17,17,arrivals,0.4722222222222222,0.4722222222222222,path3_margin
EGMC,35,35,35,38,departures,1.0,1.0857142857142856,path3_margin
EDLP,35,32,32,33,departures,0.9142857142857143,0.9428571428571428,path3_margin
LZKZ,35,23,23,23,departures,0.6571428571428571,0.6571428571428571,path3_margin
LTFO,35,0,0,0,departures,0.0,0.0,path3_margin
LTFG,35,35,34,34,arrivals,0.9714285714285714,0.9714285714285714,path3_margin
ESPA,35,0,0,0,arrivals,0.0,0.0,path3_margin
LECO,35,35,35,48,arrivals,1.0,1.3714285714285714,path3_margin
GMFO,34,4,4,4,departures,0.11764705882352941,0.11764705882352941,path3_margin
LTFG,34,34,34,34,departures,1.0,1.0,path3_margin
LEGR,34,0,0,0,departures,0.0,0.0,path3_margin
LOWL,34,32,31,31,arrivals,0.9117647058823529,0.9117647058823529,path3_margin
LICR,34,1,0,0,arrivals,0.0,0.0,path3_margin
GMFO,34,22,22,22,arrivals,0.6470588235294118,0.6470588235294118,path3_margin
LEGR,34,0,0,0,arrivals,0.0,0.0,path3_margin
LGMT,34,34,34,34,arrivals,1.0,1.0,path3_margin
LZKZ,34,27,27,27,arrivals,0.7941176470588235,0.7941176470588235,path3_margin
LICR,33,0,0,0,departures,0.0,0.0,path3_margin
LTCI,33,0,0,0,departures,0.0,0.0,path3_margin
LGMT,33,31,31,32,departures,0.9393939393939394,0.9696969696969697,path3_margin
LOWI,33,26,25,26,departures,0.7575757575757576,0.7878787878787878,path3_margin
EGMC,33,33,33,63,arrivals,1.0,1.9090909090909092,path3_margin
EKAH,33,30,30,30,arrivals,0.9090909090909091,0.9090909090909091,path3_margin
EGWU,32,32,0,0,departures,0.0,0.0,path3_margin
LTCB,32,2,2,2,departures,0.0625,0.0625,path3_margin
EKAH,32,24,24,24,departures,0.75,0.75,path3_margin
LFRN,32,32,32,32,departures,1.0,1.0,path3_margin
LEMI,32,31,31,31,arrivals,0.96875,0.96875,path3_margin
LTCI,32,0,0,0,arrivals,0.0,0.0,path3_margin
LEMI,31,30,30,30,departures,0.967741935483871,0.967741935483871,path3_margin
EIKN,31,30,30,30,departures,0.967741935483871,0.967741935483871,path3_margin
ENHD,31,5,4,4,departures,0.12903225806451613,0.12903225806451613,path3_margin
EDMO,31,29,25,25,departures,0.8064516129032258,0.8064516129032258,path3_margin
LFRN,31,31,31,31,arrivals,1.0,1.0,path3_margin
LTCE,31,1,0,0,arrivals,0.0,0.0,path3_margin
EGPK,30,28,28,28,departures,0.9333333333333333,0.9333333333333333,path3_margin
URMM,30,0,0,0,departures,0.0,0.0,path3_margin
LGNX,30,1,0,0,departures,0.0,0.0,path3_margin
LTCB,30,10,10,10,arrivals,0.3333333333333333,0.3333333333333333,path3_margin
LGNX,30,2,0,0,arrivals,0.0,0.0,path3_margin
EIKN,30,30,30,30,arrivals,1.0,1.0,path3_margin
EBAW,29,29,25,25,departures,0.8620689655172413,0.8620689655172413,path3_margin
LTCE,29,0,0,0,departures,0.0,0.0,path3_margin
EGPA,29,0,0,0,departures,0.0,0.0,path3_margin
LTAZ,29,0,0,0,departures,0.0,0.0,path3_margin
EGPK,29,29,29,31,arrivals,1.0,1.0689655172413792,path3_margin
URMM,29,0,0,0,arrivals,0.0,0.0,path3_margin
ENHD,29,19,19,21,arrivals,0.6551724137931034,0.7241379310344828,path3_margin
LTAZ,29,1,0,0,arrivals,0.0,0.0,path3_margin
EGHQ,28,27,27,27,departures,0.9642857142857143,0.9642857142857143,path3_margin
ESNU,28,0,0,0,departures,0.0,0.0,path3_margin
EGHQ,28,27,27,27,arrivals,0.9642857142857143,0.9642857142857143,path3_margin
LTCA,27,0,0,0,departures,0.0,0.0,path3_margin
ENBN,27,0,0,0,departures,0.0,0.0,path3_margin
LICD,27,4,4,4,departures,0.14814814814814814,0.14814814814814814,path3_margin
LIPB,27,18,17,17,arrivals,0.6296296296296297,0.6296296296296297,path3_margin
EGWU,27,25,0,0,arrivals,0.0,0.0,path3_margin
LTAN,27,0,0,0,arrivals,0.0,0.0,path3_margin
LTCA,27,0,0,0,arrivals,0.0,0.0,path3_margin
LICD,27,8,8,8,arrivals,0.2962962962962963,0.2962962962962963,path3_margin
LFKC,27,27,27,27,arrivals,1.0,1.0,path3_margin
LTAT,26,0,0,0,departures,0.0,0.0,path3_margin
LPCS,26,26,23,24,departures,0.8846153846153846,0.9230769230769231,path3_margin
LIPB,26,0,0,0,departures,0.0,0.0,path3_margin
LTCS,26,0,0,0,departures,0.0,0.0,path3_margin
LTAN,26,0,0,0,departures,0.0,0.0,path3_margin
LRBS,26,26,25,94,departures,0.9615384615384616,3.6153846153846154,path3_margin
LFKC,26,26,26,26,departures,1.0,1.0,path3_margin
LGHI,26,3,2,2,arrivals,0.07692307692307693,0.07692307692307693,path3_margin
LTCS,26,0,0,0,arrivals,0.0,0.0,path3_margin
ESNU,26,0,0,0,arrivals,0.0,0.0,path3_margin
ENBN,26,0,0,0,arrivals,0.0,0.0,path3_margin
EGPA,26,0,0,0,arrivals,0.0,0.0,path3_margin
LGKL,25,11,10,10,departures,0.4,0.4,path3_margin
LGHI,25,3,2,2,departures,0.08,0.08,path3_margin
LGML,25,0,0,0,departures,0.0,0.0,path3_margin
LFMP,25,10,10,10,departures,0.4,0.4,path3_margin
EHBK,25,21,19,20,departures,0.76,0.8,path3_margin
EFOU,25,0,0,0,departures,0.0,0.0,path3_margin
EGSH,25,25,25,25,departures,1.0,1.0,path3_margin
LPCS,25,24,22,29,arrivals,0.88,1.16,path3_margin
LGKL,25,20,20,22,arrivals,0.8,0.88,path3_margin
EBAW,25,25,24,26,arrivals,0.96,1.04,path3_margin
EFOU,25,0,0,0,arrivals,0.0,0.0,path3_margin
EGSH,25,25,25,26,arrivals,1.0,1.04,path3_margin
LFRK,24,13,12,12,departures,0.5,0.5,path3_margin
EKVG,24,0,0,0,departures,0.0,0.0,path3_margin
ENFL,24,0,0,0,departures,0.0,0.0,path3_margin
ENAT,24,0,0,0,departures,0.0,0.0,path3_margin
LICG,24,0,0,0,departures,0.0,0.0,path3_margin
LIPR,24,23,23,25,departures,0.9583333333333334,1.0416666666666667,path3_margin
LTAT,24,0,0,0,arrivals,0.0,0.0,path3_margin
EKVG,24,0,0,0,arrivals,0.0,0.0,path3_margin
ENFL,24,0,0,0,arrivals,0.0,0.0,path3_margin
ENAT,24,0,0,0,arrivals,0.0,0.0,path3_margin
LESO,24,2,0,0,arrivals,0.0,0.0,path3_margin
LFMP,24,18,18,18,arrivals,0.75,0.75,path3_margin
EHBK,24,19,19,23,arrivals,0.7916666666666666,0.9583333333333334,path3_margin
LIPR,24,24,23,24,arrivals,0.9583333333333334,1.0,path3_margin
EDDR,23,17,17,18,departures,0.7391304347826086,0.782608695652174,path3_margin
ESSV,23,0,0,0,departures,0.0,0.0,path3_margin
ENOV,23,0,0,0,departures,0.0,0.0,path3_margin
ENKR,23,0,0,0,departures,0.0,0.0,path3_margin
LESO,23,1,0,0,departures,0.0,0.0,path3_margin
ENLK,23,5,0,0,departures,0.0,0.0,path3_margin
LFBT,23,23,23,23,departures,1.0,1.0,path3_margin
ENKR,23,0,0,0,arrivals,0.0,0.0,path3_margin
LICG,23,3,3,3,arrivals,0.13043478260869565,0.13043478260869565,path3_margin
EGPO,23,3,0,0,arrivals,0.0,0.0,path3_margin
EDXW,22,20,19,19,departures,0.8636363636363636,0.8636363636363636,path3_margin
LLER,22,0,0,0,departures,0.0,0.0,path3_margin
LSGS,22,0,0,0,departures,0.0,0.0,path3_margin
LRSB,22,1,0,0,departures,0.0,0.0,path3_margin
LFBP,22,10,10,10,departures,0.45454545454545453,0.45454545454545453,path3_margin
LGKP,22,0,0,0,departures,0.0,0.0,path3_margin
EGNV,22,19,19,19,departures,0.8636363636363636,0.8636363636363636,path3_margin
EGPO,22,0,0,0,departures,0.0,0.0,path3_margin
EPSC,22,6,6,6,departures,0.2727272727272727,0.2727272727272727,path3_margin
EIKY,22,22,22,22,departures,1.0,1.0,path3_margin
LRCV,22,1,0,0,departures,0.0,0.0,path3_margin
GCHI,22,0,0,0,departures,0.0,0.0,path3_margin
LFRK,22,21,18,18,arrivals,0.8181818181818182,0.8181818181818182,path3_margin
EDDR,22,16,16,19,arrivals,0.7272727272727273,0.8636363636363636,path3_margin
ESSV,22,5,5,5,arrivals,0.22727272727272727,0.22727272727272727,path3_margin
EDXW,22,21,20,21,arrivals,0.9090909090909091,0.9545454545454546,path3_margin
ENOV,22,0,0,0,arrivals,0.0,0.0,path3_margin
LLER,22,0,0,0,arrivals,0.0,0.0,path3_margin
LRSB,22,3,3,4,arrivals,0.13636363636363635,0.18181818181818182,path3_margin
LFBP,22,22,20,20,arrivals,0.9090909090909091,0.9090909090909091,path3_margin
LGKP,22,0,0,0,arrivals,0.0,0.0,path3_margin
EDMO,22,22,18,19,arrivals,0.8181818181818182,0.8636363636363636,path3_margin
EPSC,22,12,11,11,arrivals,0.5,0.5,path3_margin
ENLK,22,3,0,0,arrivals,0.0,0.0,path3_margin
GCHI,22,0,0,0,arrivals,0.0,0.0,path3_margin
LFBT,22,22,22,24,arrivals,1.0,1.0909090909090908,path3_margin
LDRI,21,0,0,0,departures,0.0,0.0,path3_margin
ENSG,21,7,0,0,departures,0.0,0.0,path3_margin
LRSV,21,0,0,0,departures,0.0,0.0,path3_margin
BIAR,21,0,0,0,departures,0.0,0.0,path3_margin
LDRI,21,18,17,18,arrivals,0.8095238095238095,0.8571428571428571,path3_margin
ENSG,21,8,0,0,arrivals,0.0,0.0,path3_margin
LGML,21,0,0,0,arrivals,0.0,0.0,path3_margin
EGNV,21,19,19,19,arrivals,0.9047619047619048,0.9047619047619048,path3_margin
LSZB,21,20,20,28,arrivals,0.9523809523809523,1.3333333333333333,path3_margin
EIKY,21,21,21,21,arrivals,1.0,1.0,path3_margin
LFLC,21,20,20,21,arrivals,0.9523809523809523,1.0,path3_margin
LRCV,21,1,0,0,arrivals,0.0,0.0,path3_margin
LRBS,21,21,20,22,arrivals,0.9523809523809523,1.0476190476190477,path3_margin
BIAR,21,0,0,0,arrivals,0.0,0.0,path3_margin
DABC,20,0,0,0,departures,0.0,0.0,path3_margin
LTCR,20,0,0,0,departures,0.0,0.0,path3_margin
LSZB,20,19,18,20,departures,0.9,1.0,path3_margin
GMTN,20,20,19,19,arrivals,0.95,0.95,path3_margin
LSGS,20,2,0,0,arrivals,0.0,0.0,path3_margin
LTCR,20,0,0,0,arrivals,0.0,0.0,path3_margin
LRSV,20,0,0,0,arrivals,0.0,0.0,path3_margin
EGNJ,20,15,15,15,arrivals,0.75,0.75,path3_margin
HLLM,20,1,0,0,arrivals,0.0,0.0,path3_margin
DABC,20,0,0,0,arrivals,0.0,0.0,path3_margin
LOWK,19,0,0,0,departures,0.0,0.0,path3_margin
LTCJ,19,0,0,0,departures,0.0,0.0,path3_margin
GMTN,19,18,18,18,departures,0.9473684210526315,0.9473684210526315,path3_margin
EFTU,19,10,10,10,departures,0.5263157894736842,0.5263157894736842,path3_margin
ENVD,19,0,0,0,departures,0.0,0.0,path3_margin
LRBC,19,1,1,1,departures,0.05263157894736842,0.05263157894736842,path3_margin
EGTK,19,19,19,20,departures,1.0,1.0526315789473684,path3_margin
ENSK,19,5,0,0,departures,0.0,0.0,path3_margin
LSZR,19,19,19,22,departures,1.0,1.1578947368421053,path3_margin
HLLM,19,1,0,0,departures,0.0,0.0,path3_margin
LTCJ,19,0,0,0,arrivals,0.0,0.0,path3_margin
LRBC,19,2,2,2,arrivals,0.10526315789473684,0.10526315789473684,path3_margin
ENSK,19,4,0,0,arrivals,0.0,0.0,path3_margin
LFTZ,19,18,0,0,arrivals,0.0,0.0,path3_margin
LSZR,19,19,19,19,arrivals,1.0,1.0,path3_margin
EYPA,18,16,15,16,departures,0.8333333333333334,0.8888888888888888,path3_margin
EGJA,18,13,6,6,departures,0.3333333333333333,0.3333333333333333,path3_margin
EBOS,18,16,16,16,departures,0.8888888888888888,0.8888888888888888,path3_margin
LFLC,18,12,12,12,departures,0.6666666666666666,0.6666666666666666,path3_margin
LOWK,18,5,5,5,arrivals,0.2777777777777778,0.2777777777777778,path3_margin
LIPO,18,18,14,18,arrivals,0.7777777777777778,1.0,path3_margin
EFTU,18,10,10,10,arrivals,0.5555555555555556,0.5555555555555556,path3_margin
EGJA,18,18,7,17,arrivals,0.3888888888888889,0.9444444444444444,path3_margin
EFRO,17,0,0,0,departures,0.0,0.0,path3_margin
LPAZ,17,9,9,9,departures,0.5294117647058824,0.5294117647058824,path3_margin
EPLL,17,3,3,3,departures,0.17647058823529413,0.17647058823529413,path3_margin
EBKT,17,16,16,17,departures,0.9411764705882353,1.0,path3_margin
LQBK,17,0,0,0,departures,0.0,0.0,path3_margin
ENML,17,0,0,0,departures,0.0,0.0,path3_margin
LGAL,17,2,2,2,departures,0.11764705882352941,0.11764705882352941,path3_margin
EFRO,17,0,0,0,arrivals,0.0,0.0,path3_margin
LQBK,17,7,7,7,arrivals,0.4117647058823529,0.4117647058823529,path3_margin
EYPA,17,4,3,3,arrivals,0.17647058823529413,0.17647058823529413,path3_margin
EBOS,17,16,16,18,arrivals,0.9411764705882353,1.0588235294117647,path3_margin
LFLY,16,16,0,0,departures,0.0,0.0,path3_margin
EKRN,16,0,0,0,departures,0.0,0.0,path3_margin
LYNI,16,0,0,0,departures,0.0,0.0,path3_margin
LFBL,16,0,0,0,departures,0.0,0.0,path3_margin
EPBY,16,15,15,15,departures,0.9375,0.9375,path3_margin
LTCF,16,0,0,0,departures,0.0,0.0,path3_margin
EGNJ,16,12,12,12,departures,0.75,0.75,path3_margin
EDDE,16,16,16,16,departures,1.0,1.0,path3_margin
LXGB,16,15,15,15,departures,0.9375,0.9375,path3_margin
LEPP,16,0,0,0,departures,0.0,0.0,path3_margin
EPLB,16,15,15,16,departures,0.9375,1.0,path3_margin
LFBE,16,15,15,15,departures,0.9375,0.9375,path3_margin
EKEB,16,13,13,13,departures,0.8125,0.8125,path3_margin
LECH,16,14,14,14,departures,0.875,0.875,path3_margin
LFLY,16,16,0,0,arrivals,0.0,0.0,path3_margin
LYNI,16,1,0,0,arrivals,0.0,0.0,path3_margin
LFBL,16,0,0,0,arrivals,0.0,0.0,path3_margin
EPLL,16,15,15,15,arrivals,0.9375,0.9375,path3_margin
LTCF,16,0,0,0,arrivals,0.0,0.0,path3_margin
LFMK,16,15,15,15,arrivals,0.9375,0.9375,path3_margin
ENSH,16,1,0,0,arrivals,0.0,0.0,path3_margin
EGTK,16,16,14,14,arrivals,0.875,0.875,path3_margin
LGAL,16,16,16,16,arrivals,1.0,1.0,path3_margin
EDVE,16,16,14,14,arrivals,0.875,0.875,path3_margin
LXGB,16,15,15,15,arrivals,0.9375,0.9375,path3_margin
EPLB,16,15,15,17,arrivals,0.9375,1.0625,path3_margin
LFBE,16,13,13,13,arrivals,0.8125,0.8125,path3_margin
UWGG,15,0,0,0,departures,0.0,0.0,path3_margin
HESX,15,0,0,2,departures,0.0,0.13333333333333333,path3_margin
LTCK,15,0,0,0,departures,0.0,0.0,path3_margin
EDNY,15,13,12,12,departures,0.8,0.8,path3_margin
LFMK,15,14,14,14,departures,0.9333333333333333,0.9333333333333333,path3_margin
ENRA,15,0,0,0,departures,0.0,0.0,path3_margin
EGAE,15,3,3,3,departures,0.2,0.2,path3_margin
LFRM,15,15,14,16,arrivals,0.9333333333333333,1.0666666666666667,path3_margin
EKRN,15,10,10,10,arrivals,0.6666666666666666,0.6666666666666666,path3_margin
HESX,15,4,4,12,arrivals,0.26666666666666666,0.8,path3_margin
ENVD,15,0,0,0,arrivals,0.0,0.0,path3_margin
LTCK,15,0,0,0,arrivals,0.0,0.0,path3_margin
EPBY,15,8,8,8,arrivals,0.5333333333333333,0.5333333333333333,path3_margin
EDNY,15,12,12,13,arrivals,0.8,0.8666666666666667,path3_margin
ENML,15,0,0,0,arrivals,0.0,0.0,path3_margin
LLHA,15,13,13,13,arrivals,0.8666666666666667,0.8666666666666667,path3_margin
EDDE,15,15,15,15,arrivals,1.0,1.0,path3_margin
LFSD,15,15,14,15,arrivals,0.9333333333333333,1.0,path3_margin
LGLM,15,2,0,0,arrivals,0.0,0.0,path3_margin
EKEB,15,12,12,12,arrivals,0.8,0.8,path3_margin
LECH,15,13,13,13,arrivals,0.8666666666666667,0.8666666666666667,path3_margin
LTAY,14,0,0,0,departures,0.0,0.0,path3_margin
ETSI,14,13,13,13,departures,0.9285714285714286,0.9285714285714286,path3_margin
LLHA,14,13,13,13,departures,0.9285714285714286,0.9285714285714286,path3_margin
LROD,14,0,0,0,departures,0.0,0.0,path3_margin
ENSH,14,1,0,0,departures,0.0,0.0,path3_margin
LTAR,14,0,0,0,departures,0.0,0.0,path3_margin
EFKU,14,14,14,14,departures,1.0,1.0,path3_margin
EDVE,14,14,14,14,departures,1.0,1.0,path3_margin
LGLM,14,0,0,0,departures,0.0,0.0,path3_margin
LFBH,14,5,5,5,arrivals,0.35714285714285715,0.35714285714285715,path3_margin
LPAZ,14,11,11,13,arrivals,0.7857142857142857,0.9285714285714286,path3_margin
LROD,14,0,0,0,arrivals,0.0,0.0,path3_margin
ENRA,14,0,0,0,arrivals,0.0,0.0,path3_margin
EGAE,14,3,2,2,arrivals,0.14285714285714285,0.14285714285714285,path3_margin
LTAR,14,0,0,0,arrivals,0.0,0.0,path3_margin
LEPP,14,2,2,2,arrivals,0.14285714285714285,0.14285714285714285,path3_margin
LFRM,13,13,13,14,departures,1.0,1.0769230769230769,path3_margin
LFBH,13,13,13,13,departures,1.0,1.0,path3_margin
LTDA,13,0,0,0,departures,0.0,0.0,path3_margin
LGKV,13,13,13,13,departures,1.0,1.0,path3_margin
LPPS,13,0,0,0,departures,0.0,0.0,path3_margin
LFRZ,13,11,10,10,departures,0.7692307692307693,0.7692307692307693,path3_margin
LTCT,13,0,0,0,departures,0.0,0.0,path3_margin
LIBC,13,0,0,0,departures,0.0,0.0,path3_margin
EDMA,13,13,13,13,departures,1.0,1.0,path3_margin
EFVA,13,0,0,0,departures,0.0,0.0,path3_margin
UWGG,13,0,0,0,arrivals,0.0,0.0,path3_margin
LTAY,13,0,0,0,arrivals,0.0,0.0,path3_margin
LGKV,13,13,13,13,arrivals,1.0,1.0,path3_margin
LPPS,13,6,1,1,arrivals,0.07692307692307693,0.07692307692307693,path3_margin
LFRZ,13,13,12,17,arrivals,0.9230769230769231,1.3076923076923077,path3_margin
EFKU,13,13,13,13,arrivals,1.0,1.0,path3_margin
LTCT,13,0,0,0,arrivals,0.0,0.0,path3_margin
LBPD,13,1,0,0,arrivals,0.0,0.0,path3_margin
ESNS,12,0,0,0,departures,0.0,0.0,path3_margin
LTFD,12,9,9,9,departures,0.75,0.75,path3_margin
EDFM,12,11,11,18,departures,0.9166666666666666,1.5,path3_margin
ENST,12,0,0,0,departures,0.0,0.0,path3_margin
LFMU,12,5,5,5,departures,0.4166666666666667,0.4166666666666667,path3_margin
ENBL,12,0,0,0,departures,0.0,0.0,path3_margin
EKRK,12,11,11,11,departures,0.9166666666666666,0.9166666666666666,path3_margin
GCGM,12,0,0,0,departures,0.0,0.0,path3_margin
ENSD,12,1,0,0,departures,0.0,0.0,path3_margin
LTCP,12,0,0,0,departures,0.0,0.0,path3_margin
LIRS,12,2,1,1,departures,0.08333333333333333,0.08333333333333333,path3_margin
LFTZ,12,11,0,0,departures,0.0,0.0,path3_margin
LTCN,12,0,0,0,departures,0.0,0.0,path3_margin
LFTW,12,12,12,12,departures,1.0,1.0,path3_margin
HLLB,12,1,0,0,departures,0.0,0.0,path3_margin
LGIO,12,10,10,10,arrivals,0.8333333333333334,0.8333333333333334,path3_margin
LTCD,12,0,0,0,arrivals,0.0,0.0,path3_margin
LTFD,12,12,12,12,arrivals,1.0,1.0,path3_margin
LIBF,12,0,0,0,arrivals,0.0,0.0,path3_margin
ETSI,12,11,10,10,arrivals,0.8333333333333334,0.8333333333333334,path3_margin
EKSB,12,12,12,12,arrivals,1.0,1.0,path3_margin
LGRX,12,2,1,1,arrivals,0.08333333333333333,0.08333333333333333,path3_margin
LFMU,12,11,11,11,arrivals,0.9166666666666666,0.9166666666666666,path3_margin
GCGM,12,0,0,0,arrivals,0.0,0.0,path3_margin
LTCN,12,0,0,0,arrivals,0.0,0.0,path3_margin
HLLB,12,1,1,1,arrivals,0.08333333333333333,0.08333333333333333,path3_margin
LIBC,12,0,0,0,arrivals,0.0,0.0,path3_margin
EFVA,12,0,0,0,arrivals,0.0,0.0,path3_margin
LRBV,11,10,10,10,departures,0.9090909090909091,0.9090909090909091,path3_margin
LTCD,11,0,0,0,departures,0.0,0.0,path3_margin
EGPN,11,11,11,12,departures,1.0,1.0909090909090908,path3_margin
LTCV,11,0,0,0,departures,0.0,0.0,path3_margin
LIPO,11,11,11,13,departures,1.0,1.1818181818181819,path3_margin
LGRX,11,0,0,0,departures,0.0,0.0,path3_margin
ENAN,11,4,0,0,departures,0.0,0.0,path3_margin
GMML,11,0,0,0,departures,0.0,0.0,path3_margin
LFSD,11,11,11,11,departures,1.0,1.0,path3_margin
LFMV,11,11,11,11,arrivals,1.0,1.0,path3_margin
EGPN,11,11,11,11,arrivals,1.0,1.0,path3_margin
LTCV,11,0,0,0,arrivals,0.0,0.0,path3_margin
ESNS,11,6,6,6,arrivals,0.5454545454545454,0.5454545454545454,path3_margin
LTDA,11,0,0,0,arrivals,0.0,0.0,path3_margin
EDFM,11,10,10,16,arrivals,0.9090909090909091,1.4545454545454546,path3_margin
ENST,11,0,0,0,arrivals,0.0,0.0,path3_margin
LICB,11,11,10,13,arrivals,0.9090909090909091,1.1818181818181819,path3_margin
ENBL,11,0,0,0,arrivals,0.0,0.0,path3_margin
GMML,11,0,0,0,arrivals,0.0,0.0,path3_margin
ENSD,11,3,0,0,arrivals,0.0,0.0,path3_margin
LTCP,11,0,0,0,arrivals,0.0,0.0,path3_margin
LIRS,11,3,3,3,arrivals,0.2727272727272727,0.2727272727272727,path3_margin
LFTW,11,11,11,11,arrivals,1.0,1.0,path3_margin
EDMA,11,11,10,10,arrivals,0.9090909090909091,0.9090909090909091,path3_margin
LGIO,10,9,9,9,departures,0.9,0.9,path3_margin
LFMV,10,9,9,12,departures,0.9,1.2,path3_margin
EKSB,10,10,10,10,departures,1.0,1.0,path3_margin
ESNZ,10,8,8,8,departures,0.8,0.8,path3_margin
LQMO,10,0,0,0,departures,0.0,0.0,path3_margin
LGIK,10,3,0,0,departures,0.0,0.0,path3_margin
LIMP,10,5,5,6,departures,0.5,0.6,path3_margin
EHGG,10,10,10,10,departures,1.0,1.0,path3_margin
LIPK,10,8,8,8,departures,0.8,0.8,path3_margin
DAAE,10,0,0,0,departures,0.0,0.0,path3_margin
LFCR,10,10,10,10,arrivals,1.0,1.0,path3_margin
EKOD,10,10,10,10,arrivals,1.0,1.0,path3_margin
EHGG,10,10,10,11,arrivals,1.0,1.1,path3_margin
LDSB,10,1,0,0,arrivals,0.0,0.0,path3_margin
LIPK,10,8,8,8,arrivals,0.8,0.8,path3_margin
DAAE,10,2,2,2,arrivals,0.2,0.2,path3_margin
LICB,9,9,9,10,departures,1.0,1.1111111111111112,path3_margin
EDTY,9,9,7,7,departures,0.7777777777777778,0.7777777777777778,path3_margin
LFCR,9,9,9,9,departures,1.0,1.0,path3_margin
LKPD,9,9,9,13,departures,1.0,1.4444444444444444,path3_margin
GMMI,9,0,0,0,departures,0.0,0.0,path3_margin
ESTA,9,1,1,1,departures,0.1111111111111111,0.1111111111111111,path3_margin
ESKN,9,7,7,7,departures,0.7777777777777778,0.7777777777777778,path3_margin
LBPD,9,0,0,0,departures,0.0,0.0,path3_margin
GMFK,9,0,0,0,departures,0.0,0.0,path3_margin
LTCO,9,0,0,0,departures,0.0,0.0,path3_margin
ENMS,9,0,0,0,departures,0.0,0.0,path3_margin
LDSB,9,0,0,0,departures,0.0,0.0,path3_margin
LTBR,9,7,6,7,departures,0.6666666666666666,0.7777777777777778,path3_margin
ENNA,9,0,0,0,departures,0.0,0.0,path3_margin
UUBW,9,0,0,0,arrivals,0.0,0.0,path3_margin
LRBV,9,9,9,9,arrivals,1.0,1.0,path3_margin
ESNZ,9,7,7,7,arrivals,0.7777777777777778,0.7777777777777778,path3_margin
EKRK,9,9,9,10,arrivals,1.0,1.1111111111111112,path3_margin
DAON,9,0,0,0,arrivals,0.0,0.0,path3_margin
LQMO,9,0,0,0,arrivals,0.0,0.0,path3_margin
GMMI,9,0,0,0,arrivals,0.0,0.0,path3_margin
LGIK,9,5,0,0,arrivals,0.0,0.0,path3_margin
ENAN,9,4,0,0,arrivals,0.0,0.0,path3_margin
URML,9,0,0,0,arrivals,0.0,0.0,path3_margin
ESKN,9,7,6,7,arrivals,0.6666666666666666,0.7777777777777778,path3_margin
EGNR,9,8,1,1,arrivals,0.1111111111111111,0.1111111111111111,path3_margin
GMFK,9,0,0,0,arrivals,0.0,0.0,path3_margin
LTCO,9,1,0,0,arrivals,0.0,0.0,path3_margin
ENMS,9,0,0,0,arrivals,0.0,0.0,path3_margin
LTBR,9,7,7,11,arrivals,0.7777777777777778,1.2222222222222223,path3_margin
EPSY,8,6,6,6,departures,0.75,0.75,path3_margin
LSMP,8,8,7,8,departures,0.875,1.0,path3_margin
LQTZ,8,5,5,5,departures,0.625,0.625,path3_margin
LFSL,8,0,0,0,departures,0.0,0.0,path3_margin
LDOS,8,1,1,1,departures,0.125,0.125,path3_margin
EGPI,8,0,0,0,departures,0.0,0.0,path3_margin
ESMX,8,0,0,0,departures,0.0,0.0,path3_margin
EFMA,8,2,2,2,departures,0.25,0.25,path3_margin
LFRG,8,8,8,10,departures,1.0,1.25,path3_margin
EGPR,8,0,0,0,departures,0.0,0.0,path3_margin
BIEG,8,0,0,0,departures,0.0,0.0,path3_margin
DAON,8,0,0,0,departures,0.0,0.0,path3_margin
EDHI,8,8,0,1,departures,0.0,0.125,path3_margin
EDLN,8,8,3,3,departures,0.375,0.375,path3_margin
EFTP,8,6,5,5,departures,0.625,0.625,path3_margin
ENJS,8,0,0,0,departures,0.0,0.0,path3_margin
LFOT,8,3,3,3,departures,0.375,0.375,path3_margin
UBBG,8,0,0,0,departures,0.0,0.0,path3_margin
LGST,8,0,0,0,departures,0.0,0.0,path3_margin
LEBZ,8,7,7,7,departures,0.875,0.875,path3_margin
LFLB,8,8,7,7,arrivals,0.875,0.875,path3_margin
LSMP,8,8,3,5,arrivals,0.375,0.625,path3_margin
LQTZ,8,1,1,1,arrivals,0.125,0.125,path3_margin
LFSL,8,3,3,3,arrivals,0.375,0.375,path3_margin
LDOS,8,4,4,4,arrivals,0.5,0.5,path3_margin
EGPI,8,0,0,0,arrivals,0.0,0.0,path3_margin
ESMX,8,3,3,3,arrivals,0.375,0.375,path3_margin
EBKT,8,8,7,7,arrivals,0.875,0.875,path3_margin
EFMA,8,2,2,2,arrivals,0.25,0.25,path3_margin
BIEG,8,0,0,0,arrivals,0.0,0.0,path3_margin
LKPD,8,8,8,13,arrivals,1.0,1.625,path3_margin
ESTA,8,4,3,3,arrivals,0.375,0.375,path3_margin
LFOT,8,8,8,8,arrivals,1.0,1.0,path3_margin
LGST,8,0,0,0,arrivals,0.0,0.0,path3_margin
ENNA,8,0,0,0,arrivals,0.0,0.0,path3_margin
EDRY,7,7,0,0,departures,0.0,0.0,path3_margin
ENNM,7,3,0,0,departures,0.0,0.0,path3_margin
ESNQ,7,0,0,0,departures,0.0,0.0,path3_margin
LIBF,7,0,0,0,departures,0.0,0.0,path3_margin
LHDC,7,0,0,0,departures,0.0,0.0,path3_margin
EIDL,7,7,7,7,departures,1.0,1.0,path3_margin
LTCW,7,0,0,0,departures,0.0,0.0,path3_margin
BIIS,7,0,0,0,departures,0.0,0.0,path3_margin
EDTL,7,7,7,7,departures,1.0,1.0,path3_margin
EKOD,7,7,7,7,departures,1.0,1.0,path3_margin
OITT,7,0,0,0,departures,0.0,0.0,path3_margin
ESSL,7,6,6,6,departures,0.8571428571428571,0.8571428571428571,path3_margin
EGPL,7,0,0,0,departures,0.0,0.0,path3_margin
UUBW,7,0,0,0,departures,0.0,0.0,path3_margin
HEBA,7,1,1,1,departures,0.14285714285714285,0.14285714285714285,path3_margin
ESNQ,7,0,0,0,arrivals,0.0,0.0,path3_margin
EIDL,7,7,7,7,arrivals,1.0,1.0,path3_margin
LTCW,7,0,0,0,arrivals,0.0,0.0,path3_margin
EGPR,7,0,0,0,arrivals,0.0,0.0,path3_margin
BIIS,7,0,0,0,arrivals,0.0,0.0,path3_margin
DABB,7,1,0,0,arrivals,0.0,0.0,path3_margin
EDHI,7,7,0,0,arrivals,0.0,0.0,path3_margin
EDTL,7,7,4,5,arrivals,0.5714285714285714,0.7142857142857143,path3_margin
OITT,7,0,0,0,arrivals,0.0,0.0,path3_margin
ENJS,7,0,0,0,arrivals,0.0,0.0,path3_margin
EGPL,7,0,0,0,arrivals,0.0,0.0,path3_margin
LEBZ,7,5,5,5,arrivals,0.7142857142857143,0.7142857142857143,path3_margin
EDTY,7,7,6,6,arrivals,0.8571428571428571,0.8571428571428571,path3_margin
LIMP,7,5,5,6,arrivals,0.7142857142857143,0.8571428571428571,path3_margin
EDVK,6,4,3,3,departures,0.5,0.5,path3_margin
EHJA,6,0,0,0,departures,0.0,0.0,path3_margin
HEAL,6,1,1,1,departures,0.16666666666666666,0.16666666666666666,path3_margin
EGPU,6,0,0,0,departures,0.0,0.0,path3_margin
HEMM,6,0,0,0,departures,0.0,0.0,path3_margin
ESNK,6,0,0,0,departures,0.0,0.0,path3_margin
EDHL,6,6,6,6,departures,1.0,1.0,path3_margin
ENDU,6,0,0,0,departures,0.0,0.0,path3_margin
EFKE,6,0,0,0,departures,0.0,0.0,path3_margin
ESOE,6,3,3,3,departures,0.5,0.5,path3_margin
ENSO,6,6,6,14,departures,1.0,2.3333333333333335,path3_margin
EFJO,6,0,0,0,departures,0.0,0.0,path3_margin
LPPM,6,6,6,10,departures,1.0,1.6666666666666667,path3_margin
URML,6,0,0,0,departures,0.0,0.0,path3_margin
ENRM,6,0,0,1,departures,0.0,0.16666666666666666,path3_margin
LTCU,6,0,0,0,departures,0.0,0.0,path3_margin
EGNR,6,6,3,3,departures,0.5,0.5,path3_margin
LPVZ,6,6,2,3,departures,0.3333333333333333,0.5,path3_margin
ESKM,6,5,2,4,departures,0.3333333333333333,0.6666666666666666,path3_margin
ESNL,6,0,0,0,departures,0.0,0.0,path3_margin
EFIV,6,2,0,0,departures,0.0,0.0,path3_margin
DABB,6,0,0,0,departures,0.0,0.0,path3_margin
EDVK,6,4,4,5,arrivals,0.6666666666666666,0.8333333333333334,path3_margin
HEAL,6,2,2,2,arrivals,0.3333333333333333,0.3333333333333333,path3_margin
EDRY,6,6,0,0,arrivals,0.0,0.0,path3_margin
EGPU,6,0,0,0,arrivals,0.0,0.0,path3_margin
ENNM,6,4,0,0,arrivals,0.0,0.0,path3_margin
ESNK,6,0,0,1,arrivals,0.0,0.16666666666666666,path3_margin
EDHL,6,6,6,6,arrivals,1.0,1.0,path3_margin
LHDC,6,0,0,0,arrivals,0.0,0.0,path3_margin
ESOE,6,6,6,7,arrivals,1.0,1.1666666666666667,path3_margin
ENSO,6,6,6,6,arrivals,1.0,1.0,path3_margin
EFJO,6,1,1,1,arrivals,0.16666666666666666,0.16666666666666666,path3_margin
LFLI,6,6,0,0,arrivals,0.0,0.0,path3_margin
LFEC,6,0,0,0,arrivals,0.0,0.0,path3_margin
LWOH,6,0,0,0,arrivals,0.0,0.0,path3_margin
HEBA,6,5,5,5,arrivals,0.8333333333333334,0.8333333333333334,path3_margin
LIMZ,6,6,6,6,arrivals,1.0,1.0,path3_margin
ENRM,6,2,2,5,arrivals,0.3333333333333333,0.8333333333333334,path3_margin
EFTP,6,5,5,5,arrivals,0.8333333333333334,0.8333333333333334,path3_margin
ENLE,6,0,0,0,arrivals,0.0,0.0,path3_margin
LTCU,6,0,0,0,arrivals,0.0,0.0,path3_margin
ESSL,6,6,6,7,arrivals,1.0,1.1666666666666667,path3_margin
LGLE,6,1,0,0,arrivals,0.0,0.0,path3_margin
EFIV,6,2,0,0,arrivals,0.0,0.0,path3_margin
ESKM,6,6,3,6,arrivals,0.5,1.0,path3_margin
ESNL,6,0,0,0,arrivals,0.0,0.0,path3_margin
ESNX,5,0,0,0,departures,0.0,0.0,path3_margin
LFLB,5,4,4,5,departures,0.8,1.0,path3_margin
EFKI,5,0,0,0,departures,0.0,0.0,path3_margin
ORMM,5,5,5,5,departures,1.0,1.0,path3_margin
EEKE,5,1,1,1,departures,0.2,0.2,path3_margin
LTCM,5,0,0,0,departures,0.0,0.0,path3_margin
LTCL,5,0,0,0,departures,0.0,0.0,path3_margin
LFEC,5,0,0,0,departures,0.0,0.0,path3_margin
LGKY,5,2,0,0,departures,0.0,0.0,path3_margin
ENHE,5,0,0,0,departures,0.0,0.0,path3_margin
ESNG,5,0,0,0,departures,0.0,0.0,path3_margin
LTAW,5,0,0,0,departures,0.0,0.0,path3_margin
ENFB,5,0,0,0,departures,0.0,0.0,path3_margin
LGKC,5,0,0,0,departures,0.0,0.0,path3_margin
ENLE,5,2,0,0,departures,0.0,0.0,path3_margin
EFJY,5,0,0,0,departures,0.0,0.0,path3_margin
EETU,5,1,1,1,departures,0.2,0.2,path3_margin
LFJL,5,4,4,4,departures,0.8,0.8,path3_margin
EFKK,5,5,5,5,departures,1.0,1.0,path3_margin
LRTM,5,0,0,0,departures,0.0,0.0,path3_margin
EDAH,5,2,2,2,departures,0.4,0.4,path3_margin
LGLE,5,0,0,0,departures,0.0,0.0,path3_margin
EGEC,5,0,0,0,departures,0.0,0.0,path3_margin
ESGT,5,1,1,1,departures,0.2,0.2,path3_margin
ENRS,5,4,0,0,departures,0.0,0.0,path3_margin
DAAS,5,0,0,0,departures,0.0,0.0,path3_margin
ESDF,5,5,5,5,departures,1.0,1.0,path3_margin
EEKA,5,0,0,0,departures,0.0,0.0,path3_margin
LFLI,5,5,0,0,departures,0.0,0.0,path3_margin
LWOH,5,0,0,0,departures,0.0,0.0,path3_margin
LIMZ,5,5,5,5,departures,1.0,1.0,path3_margin
GMMZ,5,0,0,0,departures,0.0,0.0,path3_margin
EPSY,5,2,2,2,arrivals,0.4,0.4,path3_margin
LSZS,5,0,0,0,arrivals,0.0,0.0,path3_margin
URMG,5,0,0,0,arrivals,0.0,0.0,path3_margin
EFKI,5,0,0,0,arrivals,0.0,0.0,path3_margin
HEMM,5,0,0,0,arrivals,0.0,0.0,path3_margin
ORMM,5,1,1,1,arrivals,0.2,0.2,path3_margin
ENDU,5,0,0,0,arrivals,0.0,0.0,path3_margin
EEKE,5,5,5,5,arrivals,1.0,1.0,path3_margin
DAAS,5,0,0,0,arrivals,0.0,0.0,path3_margin
LTCM,5,0,0,0,arrivals,0.0,0.0,path3_margin
LTCL,5,0,0,0,arrivals,0.0,0.0,path3_margin
LFRG,5,5,5,9,arrivals,1.0,1.8,path3_margin
EEKA,5,0,0,1,arrivals,0.0,0.2,path3_margin
ENHE,5,0,0,0,arrivals,0.0,0.0,path3_margin
LPPM,5,5,3,4,arrivals,0.6,0.8,path3_margin
ESNG,5,0,0,0,arrivals,0.0,0.0,path3_margin
LTAW,5,0,0,0,arrivals,0.0,0.0,path3_margin
EGVN,5,4,4,5,arrivals,0.8,1.0,path3_margin
GMMZ,5,0,0,0,arrivals,0.0,0.0,path3_margin
LESA,5,1,0,0,arrivals,0.0,0.0,path3_margin
UBBG,5,0,0,0,arrivals,0.0,0.0,path3_margin
LFJL,5,5,5,5,arrivals,1.0,1.0,path3_margin
LPVZ,5,5,1,1,arrivals,0.2,0.2,path3_margin
LRTM,5,0,0,0,arrivals,0.0,0.0,path3_margin
EDAH,5,3,3,4,arrivals,0.6,0.8,path3_margin
EGEC,5,0,0,0,arrivals,0.0,0.0,path3_margin
ENRS,5,0,0,0,arrivals,0.0,0.0,path3_margin
EKDF,5,0,0,0,arrivals,0.0,0.0,path3_margin
LGKC,5,0,0,0,arrivals,0.0,0.0,path3_margin
ENOA,5,0,0,0,arrivals,0.0,0.0,path3_margin
LGSO,4,0,0,0,departures,0.0,0.0,path3_margin
LFPN,4,4,4,4,departures,1.0,1.0,path3_margin
LFOZ,4,4,0,0,departures,0.0,0.0,path3_margin
UWSG,4,0,0,0,departures,0.0,0.0,path3_margin
EPRA,4,2,2,2,departures,0.5,0.5,path3_margin
LZTT,4,0,0,0,departures,0.0,0.0,path3_margin
ENRO,4,0,0,0,departures,0.0,0.0,path3_margin
EDQG,4,4,0,0,departures,0.0,0.0,path3_margin
ESNV,4,0,0,0,departures,0.0,0.0,path3_margin
LECU,4,3,3,3,departures,0.75,0.75,path3_margin
ESOH,4,4,0,0,departures,0.0,0.0,path3_margin
ESMT,4,1,1,1,departures,0.25,0.25,path3_margin
URWW,4,0,0,0,departures,0.0,0.0,path3_margin
ENSR,4,0,0,0,departures,0.0,0.0,path3_margin
ENGC,4,0,0,0,departures,0.0,0.0,path3_margin
ESOK,4,0,0,0,departures,0.0,0.0,path3_margin
LSZA,4,4,4,4,departures,1.0,1.0,path3_margin
EKDF,4,0,0,0,departures,0.0,0.0,path3_margin
EDAZ,4,4,0,0,departures,0.0,0.0,path3_margin
ESMQ,4,4,4,4,departures,1.0,1.0,path3_margin
LFRT,4,3,3,3,departures,0.75,0.75,path3_margin
LSGL,4,3,0,0,departures,0.0,0.0,path3_margin
LFLW,4,0,0,0,departures,0.0,0.0,path3_margin
LESA,4,0,0,0,departures,0.0,0.0,path3_margin
LESU,4,0,0,0,departures,0.0,0.0,path3_margin
LFRH,4,4,4,4,departures,1.0,1.0,path3_margin
LGBL,4,0,0,0,departures,0.0,0.0,path3_margin
LTAP,4,0,0,0,departures,0.0,0.0,path3_margin
LJPZ,4,3,2,2,departures,0.5,0.5,path3_margin
LFRD,4,4,4,4,departures,1.0,1.0,path3_margin
LTFC,4,0,0,0,departures,0.0,0.0,path3_margin
LKHK,4,4,0,0,departures,0.0,0.0,path3_margin
ESSP,4,3,3,3,departures,0.75,0.75,path3_margin
LKCS,4,4,4,4,departures,1.0,1.0,path3_margin
ESND,4,2,0,0,departures,0.0,0.0,path3_margin
EFKT,4,0,0,0,departures,0.0,0.0,path3_margin
EPZG,4,4,4,4,departures,1.0,1.0,path3_margin
ESGJ,4,0,0,0,departures,0.0,0.0,path3_margin
LGKS,4,0,0,0,departures,0.0,0.0,path3_margin
LFCK,4,4,4,4,departures,1.0,1.0,path3_margin
LEVD,4,0,0,0,departures,0.0,0.0,path3_margin
ORKK,4,0,0,0,departures,0.0,0.0,path3_margin
LGSO,4,0,0,0,arrivals,0.0,0.0,path3_margin
ESNX,4,0,0,0,arrivals,0.0,0.0,path3_margin
EDRZ,4,4,0,0,arrivals,0.0,0.0,path3_margin
UWSG,4,1,1,1,arrivals,0.25,0.25,path3_margin
LRBM,4,0,0,0,arrivals,0.0,0.0,path3_margin
LGPL,4,1,0,0,arrivals,0.0,0.0,path3_margin
URMO,4,0,0,0,arrivals,0.0,0.0,path3_margin
ENXO,4,0,0,0,arrivals,0.0,0.0,path3_margin
LZTT,4,1,1,1,arrivals,0.25,0.25,path3_margin
LEVD,4,0,0,0,arrivals,0.0,0.0,path3_margin
EHLL,4,0,0,0,arrivals,0.0,0.0,path3_margin
LFLX,4,0,0,0,arrivals,0.0,0.0,path3_margin
LKCS,4,4,4,5,arrivals,1.0,1.25,path3_margin
EDQG,4,4,0,0,arrivals,0.0,0.0,path3_margin
ENQG,4,0,0,0,arrivals,0.0,0.0,path3_margin
ESNV,4,0,0,0,arrivals,0.0,0.0,path3_margin
ESDF,4,1,1,1,arrivals,0.25,0.25,path3_margin
ESOH,4,4,0,0,arrivals,0.0,0.0,path3_margin
LGKY,4,3,0,0,arrivals,0.0,0.0,path3_margin
ENQS,4,0,0,0,arrivals,0.0,0.0,path3_margin
ENSR,4,0,0,0,arrivals,0.0,0.0,path3_margin
ENGC,4,0,0,0,arrivals,0.0,0.0,path3_margin
ESOK,4,1,1,1,arrivals,0.25,0.25,path3_margin
EDAZ,4,4,0,0,arrivals,0.0,0.0,path3_margin
EGNO,4,4,4,4,arrivals,1.0,1.0,path3_margin
LSGL,4,3,0,0,arrivals,0.0,0.0,path3_margin
EFJY,4,0,0,0,arrivals,0.0,0.0,path3_margin
LFRH,4,4,4,4,arrivals,1.0,1.0,path3_margin
LTAP,4,0,0,0,arrivals,0.0,0.0,path3_margin
EETU,4,1,1,1,arrivals,0.25,0.25,path3_margin
EFKK,4,4,4,4,arrivals,1.0,1.0,path3_margin
LTAS,4,0,0,0,arrivals,0.0,0.0,path3_margin
ESGJ,4,0,0,0,arrivals,0.0,0.0,path3_margin
LGKS,4,0,0,0,arrivals,0.0,0.0,path3_margin
LFCK,4,4,4,4,arrivals,1.0,1.0,path3_margin
LTFC,4,0,0,0,arrivals,0.0,0.0,path3_margin
LKHK,4,4,0,0,arrivals,0.0,0.0,path3_margin
EFKE,4,0,0,0,arrivals,0.0,0.0,path3_margin
ESSP,4,4,3,3,arrivals,0.75,0.75,path3_margin
LDLO,4,1,0,0,arrivals,0.0,0.0,path3_margin
ESND,4,3,0,0,arrivals,0.0,0.0,path3_margin
LSZA,4,4,4,5,arrivals,1.0,1.25,path3_margin
LZPP,4,4,4,4,arrivals,1.0,1.0,path3_margin
EFKT,4,1,1,1,arrivals,0.25,0.25,path3_margin
LFLW,4,0,0,0,arrivals,0.0,0.0,path3_margin
LGBL,4,1,1,1,arrivals,0.25,0.25,path3_margin
ESGT,4,1,1,1,arrivals,0.25,0.25,path3_margin
BIBD,3,0,0,0,departures,0.0,0.0,path3_margin
ENQO,3,0,0,0,departures,0.0,0.0,path3_margin
EGLK,3,3,3,3,departures,1.0,1.0,path3_margin
LFBI,3,0,0,0,departures,0.0,0.0,path3_margin
ENWS,3,0,0,0,departures,0.0,0.0,path3_margin
URMG,3,0,0,0,departures,0.0,0.0,path3_margin
LRBM,3,0,0,0,departures,0.0,0.0,path3_margin
EGMD,3,3,2,2,departures,0.6666666666666666,0.6666666666666666,path3_margin
ETAR,3,3,3,4,departures,1.0,1.3333333333333333,path3_margin
EDGS,3,3,3,3,departures,1.0,1.0,path3_margin
URMO,3,0,0,0,departures,0.0,0.0,path3_margin
ENXO,3,1,0,0,departures,0.0,0.0,path3_margin
LELN,3,0,0,0,departures,0.0,0.0,path3_margin
LFLS,3,3,3,3,departures,1.0,1.0,path3_margin
EDTM,3,3,3,3,departures,1.0,1.0,path3_margin
LPBJ,3,2,2,2,departures,0.6666666666666666,0.6666666666666666,path3_margin
ENOL,3,1,1,1,departures,0.3333333333333333,0.3333333333333333,path3_margin
OJAM,3,0,0,0,departures,0.0,0.0,path3_margin
ENSE,3,0,0,0,departures,0.0,0.0,path3_margin
ENOC,3,0,0,0,departures,0.0,0.0,path3_margin
DTTX,3,0,0,0,departures,0.0,0.0,path3_margin
LTBH,3,0,0,0,departures,0.0,0.0,path3_margin
EFKS,3,0,0,0,departures,0.0,0.0,path3_margin
BIHN,3,0,0,0,departures,0.0,0.0,path3_margin
ENSL,3,0,0,0,departures,0.0,0.0,path3_margin
UDSG,3,0,0,0,departures,0.0,0.0,path3_margin
GMMB,3,0,0,0,departures,0.0,0.0,path3_margin
ENWY,3,0,0,0,departures,0.0,0.0,path3_margin
ESOW,3,3,3,3,departures,1.0,1.0,path3_margin
LTAL,3,0,0,0,departures,0.0,0.0,path3_margin
ESNO,3,0,0,0,departures,0.0,0.0,path3_margin
LTAS,3,0,0,0,departures,0.0,0.0,path3_margin
LFHP,3,0,0,0,departures,0.0,0.0,path3_margin
EGNH,3,3,3,3,departures,1.0,1.0,path3_margin
LGSY,3,0,0,0,departures,0.0,0.0,path3_margin
LSZS,3,1,0,0,departures,0.0,0.0,path3_margin
ESNN,3,0,0,0,departures,0.0,0.0,path3_margin
ENWV,3,0,0,0,departures,0.0,0.0,path3_margin
GMTA,3,3,3,3,departures,1.0,1.0,path3_margin
LDLO,3,1,0,0,departures,0.0,0.0,path3_margin
EKHA,3,0,0,0,departures,0.0,0.0,path3_margin
LRCK,3,0,0,0,departures,0.0,0.0,path3_margin
LFAT,3,1,1,1,departures,0.3333333333333333,0.3333333333333333,path3_margin
EGNO,3,3,3,4,departures,1.0,1.3333333333333333,path3_margin
ENOA,3,0,0,0,departures,0.0,0.0,path3_margin
LSZC,3,3,0,0,departures,0.0,0.0,path3_margin
ENQA,3,2,0,0,departures,0.0,0.0,path3_margin
OSDI,3,0,0,0,departures,0.0,0.0,path3_margin
ESUP,3,0,0,0,departures,0.0,0.0,path3_margin
BIBD,3,0,0,0,arrivals,0.0,0.0,path3_margin
ULAA,3,0,0,0,arrivals,0.0,0.0,path3_margin
LFBI,3,2,2,2,arrivals,0.6666666666666666,0.6666666666666666,path3_margin
LFLU,3,3,3,3,arrivals,1.0,1.0,path3_margin
LFOZ,3,2,0,0,arrivals,0.0,0.0,path3_margin
ENWS,3,0,0,0,arrivals,0.0,0.0,path3_margin
EHJA,3,0,0,0,arrivals,0.0,0.0,path3_margin
EPRA,3,3,3,4,arrivals,1.0,1.3333333333333333,path3_margin
LFMQ,3,3,0,0,arrivals,0.0,0.0,path3_margin
OSDI,3,0,0,0,arrivals,0.0,0.0,path3_margin
LFOH,3,3,0,0,arrivals,0.0,0.0,path3_margin
LELN,3,1,1,1,arrivals,0.3333333333333333,0.3333333333333333,path3_margin
ESUP,3,0,0,0,arrivals,0.0,0.0,path3_margin
GMTA,3,3,3,3,arrivals,1.0,1.0,path3_margin
EDTM,3,3,3,3,arrivals,1.0,1.0,path3_margin
OJAM,3,0,0,0,arrivals,0.0,0.0,path3_margin
LECU,3,3,1,1,arrivals,0.3333333333333333,0.3333333333333333,path3_margin
ESMT,3,2,1,2,arrivals,0.3333333333333333,0.6666666666666666,path3_margin
ENOC,3,2,0,0,arrivals,0.0,0.0,path3_margin
DTTX,3,0,0,0,arrivals,0.0,0.0,path3_margin
LTBH,3,0,0,0,arrivals,0.0,0.0,path3_margin
EFKS,3,0,0,0,arrivals,0.0,0.0,path3_margin
ENSL,3,0,0,0,arrivals,0.0,0.0,path3_margin
UDSG,3,0,0,0,arrivals,0.0,0.0,path3_margin
GMMB,3,0,0,0,arrivals,0.0,0.0,path3_margin
ENWY,3,0,0,0,arrivals,0.0,0.0,path3_margin
ESOW,3,3,3,3,arrivals,1.0,1.0,path3_margin
LTAL,3,0,0,0,arrivals,0.0,0.0,path3_margin
ESNO,3,0,0,0,arrivals,0.0,0.0,path3_margin
LFHP,3,0,0,0,arrivals,0.0,0.0,path3_margin
EGNH,3,3,3,3,arrivals,1.0,1.0,path3_margin
EPZG,3,3,3,3,arrivals,1.0,1.0,path3_margin
LGSY,3,0,0,0,arrivals,0.0,0.0,path3_margin
LFRC,3,3,2,2,arrivals,0.6666666666666666,0.6666666666666666,path3_margin
ESUT,3,0,0,0,arrivals,0.0,0.0,path3_margin
EDGS,3,3,3,3,arrivals,1.0,1.0,path3_margin
ENRO,3,0,0,0,arrivals,0.0,0.0,path3_margin
ENWV,3,0,0,0,arrivals,0.0,0.0,path3_margin
LFLS,3,3,3,4,arrivals,1.0,1.3333333333333333,path3_margin
EKHA,3,0,0,0,arrivals,0.0,0.0,path3_margin
URWW,3,0,0,0,arrivals,0.0,0.0,path3_margin
ENFB,3,0,0,0,arrivals,0.0,0.0,path3_margin
ESMQ,3,3,3,3,arrivals,1.0,1.0,path3_margin
BIHN,3,0,0,0,arrivals,0.0,0.0,path3_margin
EHFB,3,0,0,0,arrivals,0.0,0.0,path3_margin
ENQA,3,2,0,0,arrivals,0.0,0.0,path3_margin
LFRD,3,3,3,4,arrivals,1.0,1.3333333333333333,path3_margin
LFQG,2,0,0,0,departures,0.0,0.0,path3_margin
EHPK,2,2,0,0,departures,0.0,0.0,path3_margin
LFLU,2,2,2,2,departures,1.0,1.0,path3_margin
LTAG,2,0,0,0,departures,0.0,0.0,path3_margin
LFRC,2,2,1,8,departures,0.5,4.0,path3_margin
ENQV,2,0,0,0,departures,0.0,0.0,path3_margin
LFMQ,2,2,2,2,departures,1.0,1.0,path3_margin
EGFE,2,2,2,2,departures,1.0,1.0,path3_margin
EHKJ,2,0,0,0,departures,0.0,0.0,path3_margin
ENQC,2,1,0,0,departures,0.0,0.0,path3_margin
LFOK,2,1,1,1,departures,0.5,0.5,path3_margin
EGBJ,2,2,2,2,departures,1.0,1.0,path3_margin
LSGK,2,0,0,0,departures,0.0,0.0,path3_margin
EGPC,2,0,0,0,departures,0.0,0.0,path3_margin
LSGC,2,1,1,3,departures,0.5,1.5,path3_margin
ENNE,2,0,0,0,departures,0.0,0.0,path3_margin
ENQS,2,0,0,0,departures,0.0,0.0,path3_margin
ENXW,2,1,0,0,departures,0.0,0.0,path3_margin
LEAB,2,2,2,2,departures,1.0,1.0,path3_margin
EGVN,2,2,2,2,departures,1.0,1.0,path3_margin
EDXQ,2,2,0,0,departures,0.0,0.0,path3_margin
LTBY,2,0,0,0,departures,0.0,0.0,path3_margin
ENWA,2,0,0,0,departures,0.0,0.0,path3_margin
LFPT,2,2,2,3,departures,1.0,1.5,path3_margin
OENN,2,0,0,0,departures,0.0,0.0,path3_margin
ENUA,2,0,0,0,departures,0.0,0.0,path3_margin
LEGT,2,2,2,2,departures,1.0,1.0,path3_margin
LFGA,2,1,1,2,departures,0.5,1.0,path3_margin
LDRG,2,0,0,0,departures,0.0,0.0,path3_margin
GMMD,2,0,0,0,departures,0.0,0.0,path3_margin
LFRV,2,2,2,2,departures,1.0,1.0,path3_margin
LJMB,2,2,1,2,departures,0.5,1.0,path3_margin
LTBZ,2,0,0,0,departures,0.0,0.0,path3_margin
LTBU,2,2,2,2,departures,1.0,1.0,path3_margin
ESUT,2,0,0,0,departures,0.0,0.0,path3_margin
BIVO,2,0,0,0,departures,0.0,0.0,path3_margin
ENQD,2,0,0,0,departures,0.0,0.0,path3_margin
EHGQ,2,0,0,0,departures,0.0,0.0,path3_margin
LFOH,2,2,0,0,departures,0.0,0.0,path3_margin
LGPL,2,1,0,0,departures,0.0,0.0,path3_margin
LSTS,2,2,0,0,departures,0.0,0.0,path3_margin
EHLL,2,0,0,0,departures,0.0,0.0,path3_margin
GMAT,2,0,0,0,departures,0.0,0.0,path3_margin
BITN,2,0,0,0,departures,0.0,0.0,path3_margin
LFLX,2,0,0,0,departures,0.0,0.0,path3_margin
DAUB,2,0,0,0,departures,0.0,0.0,path3_margin
ORNI,2,0,0,0,departures,0.0,0.0,path3_margin
LEDA,2,0,0,0,departures,0.0,0.0,path3_margin
ETND,2,2,2,2,departures,1.0,1.0,path3_margin
LIBG,2,0,0,0,departures,0.0,0.0,path3_margin
LKKV,2,2,2,2,departures,1.0,1.0,path3_margin
LFAC,2,1,1,1,departures,0.5,0.5,path3_margin
ENQE,2,1,0,0,departures,0.0,0.0,path3_margin
EHFB,2,0,0,0,departures,0.0,0.0,path3_margin
EGNL,2,2,1,1,departures,0.5,0.5,path3_margin
LRSM,2,0,0,0,departures,0.0,0.0,path3_margin
ENQJ,2,0,0,0,departures,0.0,0.0,path3_margin
ULAA,2,0,0,0,departures,0.0,0.0,path3_margin
LGKJ,2,0,0,0,departures,0.0,0.0,path3_margin
ENGA,2,0,0,0,departures,0.0,0.0,path3_margin
DAOI,2,0,0,0,departures,0.0,0.0,path3_margin
LZPP,2,2,2,2,departures,1.0,1.0,path3_margin
ESST,2,2,2,4,departures,1.0,2.0,path3_margin
EIWF,2,1,1,1,departures,0.5,0.5,path3_margin
HLMS,2,0,0,0,departures,0.0,0.0,path3_margin
LFQG,2,0,0,0,arrivals,0.0,0.0,path3_margin
ENQO,2,0,0,0,arrivals,0.0,0.0,path3_margin
EGLK,2,2,1,1,arrivals,0.5,0.5,path3_margin
LTBZ,2,0,0,0,arrivals,0.0,0.0,path3_margin
LTAG,2,0,0,0,arrivals,0.0,0.0,path3_margin
LTBU,2,2,2,15,arrivals,1.0,7.5,path3_margin
ENQV,2,0,0,0,arrivals,0.0,0.0,path3_margin
EGMD,2,2,2,2,arrivals,1.0,1.0,path3_margin
LFOK,2,0,0,0,arrivals,0.0,0.0,path3_margin
ESNN,2,1,1,1,arrivals,0.5,0.5,path3_margin
LSGK,2,2,0,0,arrivals,0.0,0.0,path3_margin
EDMS,2,2,0,0,arrivals,0.0,0.0,path3_margin
ENWE,2,0,0,0,arrivals,0.0,0.0,path3_margin
LSGC,2,2,2,2,arrivals,1.0,1.0,path3_margin
ENNE,2,0,0,0,arrivals,0.0,0.0,path3_margin
DAUB,2,0,0,0,arrivals,0.0,0.0,path3_margin
EHKV,2,1,0,0,arrivals,0.0,0.0,path3_margin
ORNI,2,0,0,0,arrivals,0.0,0.0,path3_margin
LEDA,2,0,0,0,arrivals,0.0,0.0,path3_margin
ETND,2,2,2,2,arrivals,1.0,1.0,path3_margin
ENSE,2,0,0,0,arrivals,0.0,0.0,path3_margin
DAOI,2,1,1,1,arrivals,0.5,0.5,path3_margin
ENXW,2,0,0,0,arrivals,0.0,0.0,path3_margin
LEAB,2,2,2,2,arrivals,1.0,1.0,path3_margin
LFRT,2,2,0,0,arrivals,0.0,0.0,path3_margin
ENWA,2,1,0,0,arrivals,0.0,0.0,path3_margin
LFPT,2,2,0,0,arrivals,0.0,0.0,path3_margin
LKKV,2,2,2,2,arrivals,1.0,1.0,path3_margin
EHPG,2,2,0,0,arrivals,0.0,0.0,path3_margin
LEGT,2,2,1,1,arrivals,0.5,0.5,path3_margin
EKHB,2,0,0,0,arrivals,0.0,0.0,path3_margin
ESST,2,2,2,5,arrivals,1.0,2.5,path3_margin
ENQR,2,0,0,0,arrivals,0.0,0.0,path3_margin
EBMB,2,2,0,0,arrivals,0.0,0.0,path3_margin
LFRV,2,2,2,2,arrivals,1.0,1.0,path3_margin
DTTZ,2,0,0,0,arrivals,0.0,0.0,path3_margin
LJMB,2,1,0,1,arrivals,0.0,0.5,path3_margin
EHJR,2,0,0,0,arrivals,0.0,0.0,path3_margin
BIVO,2,0,0,0,arrivals,0.0,0.0,path3_margin
EHKJ,2,0,0,0,arrivals,0.0,0.0,path3_margin
ENQD,2,0,0,0,arrivals,0.0,0.0,path3_margin
OJAQ,2,1,0,0,arrivals,0.0,0.0,path3_margin
GMAT,2,1,0,0,arrivals,0.0,0.0,path3_margin
BITN,2,0,0,0,arrivals,0.0,0.0,path3_margin
LFSN,2,2,0,0,arrivals,0.0,0.0,path3_margin
LFJR,2,2,2,2,arrivals,1.0,1.0,path3_margin
EGPC,2,0,0,0,arrivals,0.0,0.0,path3_margin
EDFZ,2,2,0,0,arrivals,0.0,0.0,path3_margin
LRCK,2,0,0,0,arrivals,0.0,0.0,path3_margin
LOAN,2,2,1,1,arrivals,0.5,0.5,path3_margin
LTBY,2,0,0,0,arrivals,0.0,0.0,path3_margin
LIBG,2,1,0,0,arrivals,0.0,0.0,path3_margin
OENN,2,0,0,0,arrivals,0.0,0.0,path3_margin
ENUA,2,0,0,0,arrivals,0.0,0.0,path3_margin
EDLN,2,2,0,0,arrivals,0.0,0.0,path3_margin
LESU,2,0,0,0,arrivals,0.0,0.0,path3_margin
ENQE,2,0,0,0,arrivals,0.0,0.0,path3_margin
GMMD,2,0,0,0,arrivals,0.0,0.0,path3_margin
EGNL,2,2,1,1,arrivals,0.5,0.5,path3_margin
ENUD,2,0,0,0,arrivals,0.0,0.0,path3_margin
ENQJ,2,0,0,0,arrivals,0.0,0.0,path3_margin
HLMS,2,1,0,0,arrivals,0.0,0.0,path3_margin
ORKK,2,0,0,0,arrivals,0.0,0.0,path3_margin
EGBJ,2,2,2,2,arrivals,1.0,1.0,path3_margin
LFAT,2,2,1,1,arrivals,0.5,0.5,path3_margin
LFAC,2,2,1,1,arrivals,0.5,0.5,path3_margin
EBCV,1,1,1,1,departures,1.0,1.0,path3_margin
ENRK,1,1,0,0,departures,0.0,0.0,path3_margin
ULPB,1,0,0,0,departures,0.0,0.0,path3_margin
EHTW,1,1,1,1,departures,1.0,1.0,path3_margin
ENSF,1,0,0,0,departures,0.0,0.0,path3_margin
UGSA,1,0,0,0,departures,0.0,0.0,path3_margin
EDQM,1,1,1,1,departures,1.0,1.0,path3_margin
DABT,1,0,0,0,departures,0.0,0.0,path3_margin
LGTG,1,0,0,0,departures,0.0,0.0,path3_margin
EYSA,1,1,1,1,departures,1.0,1.0,path3_margin
EDMS,1,1,0,0,departures,0.0,0.0,path3_margin
URWA,1,0,0,0,departures,0.0,0.0,path3_margin
ENWE,1,0,0,0,departures,0.0,0.0,path3_margin
ENQG,1,0,0,0,departures,0.0,0.0,path3_margin
EHKV,1,0,0,0,departures,0.0,0.0,path3_margin
LFLA,1,0,0,0,departures,0.0,0.0,path3_margin
LFGF,1,1,0,0,departures,0.0,0.0,path3_margin
UMII,1,0,0,0,departures,0.0,0.0,path3_margin
LOIH,1,1,0,0,departures,0.0,0.0,path3_margin
ENQK,1,0,0,0,departures,0.0,0.0,path3_margin
ULMM,1,0,0,0,departures,0.0,0.0,path3_margin
ESMK,1,1,1,1,departures,1.0,1.0,path3_margin
EDWF,1,1,0,0,departures,0.0,0.0,path3_margin
LFAQ,1,1,0,0,departures,0.0,0.0,path3_margin
EKGC,1,0,0,0,departures,0.0,0.0,path3_margin
ENWK,1,0,0,0,departures,0.0,0.0,path3_margin
LFRO,1,1,1,1,departures,1.0,1.0,path3_margin
ULWC,1,0,0,0,departures,0.0,0.0,path3_margin
LFRI,1,0,0,1,departures,0.0,1.0,path3_margin
USKK,1,0,0,0,departures,0.0,0.0,path3_margin
UWPS,1,0,0,0,departures,0.0,0.0,path3_margin
EGEO,1,0,0,0,departures,0.0,0.0,path3_margin
LKKU,1,1,1,1,departures,1.0,1.0,path3_margin
EHPG,1,0,0,0,departures,0.0,0.0,path3_margin
ENWI,1,0,0,0,departures,0.0,0.0,path3_margin
LFCI,1,1,1,1,departures,1.0,1.0,path3_margin
EIWT,1,1,0,0,departures,0.0,0.0,path3_margin
EGUB,1,1,1,2,departures,1.0,2.0,path3_margin
ENLA,1,1,0,0,departures,0.0,0.0,path3_margin
LFBF,1,1,0,0,departures,0.0,0.0,path3_margin
LKRO,1,1,0,0,departures,0.0,0.0,path3_margin
EGSC,1,1,1,3,departures,1.0,3.0,path3_margin
EGHL,1,1,1,2,departures,1.0,2.0,path3_margin
ENDR,1,0,0,0,departures,0.0,0.0,path3_margin
LFCH,1,0,0,0,departures,0.0,0.0,path3_margin
DTTZ,1,0,0,0,departures,0.0,0.0,path3_margin
EFLP,1,0,0,0,departures,0.0,0.0,path3_margin
DAUH,1,0,0,0,departures,0.0,0.0,path3_margin
EPBC,1,0,0,0,departures,0.0,0.0,path3_margin
EPWK,1,0,0,0,departures,0.0,0.0,path3_margin
EDRZ,1,1,0,0,departures,0.0,0.0,path3_margin
EBSP,1,1,0,0,departures,0.0,0.0,path3_margin
GMAZ,1,1,0,0,departures,0.0,0.0,path3_margin
LKMH,1,1,0,0,departures,0.0,0.0,path3_margin
ENQL,1,0,0,0,departures,0.0,0.0,path3_margin
EHJR,1,0,0,0,departures,0.0,0.0,path3_margin
LEBA,1,1,1,1,departures,1.0,1.0,path3_margin
LKJI,1,1,0,0,departures,0.0,0.0,path3_margin
LYKV,1,1,0,0,departures,0.0,0.0,path3_margin
LIMG,1,0,0,0,departures,0.0,0.0,path3_margin
EDBM,1,1,0,0,departures,0.0,0.0,path3_margin
LFJR,1,1,1,1,departures,1.0,1.0,path3_margin
LRAR,1,0,0,0,departures,0.0,0.0,path3_margin
LFLH,1,1,0,0,departures,0.0,0.0,path3_margin
EDBC,1,1,0,0,departures,0.0,0.0,path3_margin
EDFZ,1,1,1,1,departures,1.0,1.0,path3_margin
ENQM,1,0,0,0,departures,0.0,0.0,path3_margin
EHKS,1,0,0,0,departures,0.0,0.0,path3_margin
EDFE,1,1,0,0,departures,0.0,0.0,path3_margin
LKPM,1,1,0,0,departures,0.0,0.0,path3_margin
LFSG,1,0,0,0,departures,0.0,0.0,path3_margin
UBBF,1,0,0,0,departures,0.0,0.0,path3_margin
ENBE,1,0,0,0,departures,0.0,0.0,path3_margin
DAAV,1,0,0,0,departures,0.0,0.0,path3_margin
DAUG,1,0,0,0,departures,0.0,0.0,path3_margin
EKSI,1,0,0,0,departures,0.0,0.0,path3_margin
EDTF,1,1,0,0,departures,0.0,0.0,path3_margin
EHJC,1,0,0,0,departures,0.0,0.0,path3_margin
EKHB,1,0,0,0,departures,0.0,0.0,path3_margin
LGKA,1,0,0,0,departures,0.0,0.0,path3_margin
EPCD,1,1,0,0,departures,0.0,0.0,path3_margin
ENUN,1,0,0,0,departures,0.0,0.0,path3_margin
BIGJ,1,0,0,0,departures,0.0,0.0,path3_margin
UBBL,1,0,0,0,departures,0.0,0.0,path3_margin
ENUD,1,0,0,0,departures,0.0,0.0,path3_margin
LFMH,1,1,1,1,departures,1.0,1.0,path3_margin
EPPW,1,0,0,0,departures,0.0,0.0,path3_margin
LFHS,1,1,0,0,departures,0.0,0.0,path3_margin
LFOP,1,0,0,0,departures,0.0,0.0,path3_margin
LOLW,1,1,0,0,departures,0.0,0.0,path3_margin
EHAK,1,0,0,0,departures,0.0,0.0,path3_margin
ENUE,1,0,0,0,departures,0.0,0.0,path3_margin
EDMV,1,0,0,0,departures,0.0,0.0,path3_margin
EKTE,1,0,0,0,departures,0.0,0.0,path3_margin
OJAQ,1,0,0,0,departures,0.0,0.0,path3_margin
EDAY,1,1,0,0,departures,0.0,0.0,path3_margin
EGOV,1,1,1,1,departures,1.0,1.0,path3_margin
LFLD,1,0,0,0,departures,0.0,0.0,path3_margin
ENUS,1,0,0,0,departures,0.0,0.0,path3_margin
LPEV,1,1,1,1,departures,1.0,1.0,path3_margin
ENRY,1,1,1,1,departures,1.0,1.0,path3_margin
LFBA,1,0,0,0,departures,0.0,0.0,path3_margin
EHFD,1,0,0,0,departures,0.0,0.0,path3_margin
ENQB,1,1,0,0,departures,0.0,0.0,path3_margin
OIGG,1,0,0,0,departures,0.0,0.0,path3_margin
LIRJ,1,0,0,0,departures,0.0,0.0,path3_margin
LCRA,1,1,1,1,departures,1.0,1.0,path3_margin
EHQM,1,0,0,0,departures,0.0,0.0,path3_margin
UUBC,1,0,0,0,departures,0.0,0.0,path3_margin
UUBI,1,0,0,0,departures,0.0,0.0,path3_margin
EGBK,1,1,0,0,departures,0.0,0.0,path3_margin
EHGN,1,0,0,0,departures,0.0,0.0,path3_margin
ENQR,1,0,0,0,departures,0.0,0.0,path3_margin
LSZG,1,1,1,1,departures,1.0,1.0,path3_margin
EHLE,1,1,1,1,departures,1.0,1.0,path3_margin
ENUK,1,0,0,0,departures,0.0,0.0,path3_margin
EBMB,1,1,0,0,departures,0.0,0.0,path3_margin
EDTD,1,1,1,2,departures,1.0,2.0,path3_margin
LGKZ,1,0,0,0,departures,0.0,0.0,path3_margin
LHPR,1,1,1,1,departures,1.0,1.0,path3_margin
LFLO,1,1,1,1,departures,1.0,1.0,path3_margin
DAUH,1,0,0,0,arrivals,0.0,0.0,path3_margin
EBCV,1,1,1,1,arrivals,1.0,1.0,path3_margin
EHFT,1,0,0,0,arrivals,0.0,0.0,path3_margin
ENRK,1,1,0,0,arrivals,0.0,0.0,path3_margin
ULPB,1,0,0,0,arrivals,0.0,0.0,path3_margin
LEBA,1,1,1,1,arrivals,1.0,1.0,path3_margin
UGSA,1,0,0,0,arrivals,0.0,0.0,path3_margin
LIMG,1,1,1,1,arrivals,1.0,1.0,path3_margin
EDBM,1,1,0,0,arrivals,0.0,0.0,path3_margin
URWA,1,0,0,0,arrivals,0.0,0.0,path3_margin
LFLD,1,0,0,0,arrivals,0.0,0.0,path3_margin
LPEV,1,1,1,1,arrivals,1.0,1.0,path3_margin
EDBC,1,1,0,0,arrivals,0.0,0.0,path3_margin
LFLA,1,0,0,0,arrivals,0.0,0.0,path3_margin
UMII,1,0,0,0,arrivals,0.0,0.0,path3_margin
ENQB,1,0,0,0,arrivals,0.0,0.0,path3_margin
OIGG,1,0,0,0,arrivals,0.0,0.0,path3_margin
LIRJ,1,0,0,0,arrivals,0.0,0.0,path3_margin
LFAQ,1,1,0,0,arrivals,0.0,0.0,path3_margin
ENWK,1,0,0,0,arrivals,0.0,0.0,path3_margin
LFRO,1,1,1,1,arrivals,1.0,1.0,path3_margin
LFTF,1,1,0,0,arrivals,0.0,0.0,path3_margin
ULWC,1,0,0,0,arrivals,0.0,0.0,path3_margin
EGTF,1,1,0,0,arrivals,0.0,0.0,path3_margin
DAAV,1,0,0,0,arrivals,0.0,0.0,path3_margin
USKK,1,0,0,0,arrivals,0.0,0.0,path3_margin
UWPS,1,0,0,0,arrivals,0.0,0.0,path3_margin
EDGE,1,1,0,0,arrivals,0.0,0.0,path3_margin
EKAR,1,0,0,0,arrivals,0.0,0.0,path3_margin
LSZC,1,1,0,0,arrivals,0.0,0.0,path3_margin
UUBC,1,0,0,0,arrivals,0.0,0.0,path3_margin
UUBI,1,0,0,0,arrivals,0.0,0.0,path3_margin
LFCI,1,1,1,1,arrivals,1.0,1.0,path3_margin
LFGA,1,1,1,1,arrivals,1.0,1.0,path3_margin
EGUB,1,1,1,1,arrivals,1.0,1.0,path3_margin
ENLA,1,0,0,0,arrivals,0.0,0.0,path3_margin
LKRO,1,1,0,0,arrivals,0.0,0.0,path3_margin
LRSM,1,0,0,0,arrivals,0.0,0.0,path3_margin
EHKE,1,0,0,0,arrivals,0.0,0.0,path3_margin
EGSC,1,1,1,1,arrivals,1.0,1.0,path3_margin
ENDR,1,0,0,0,arrivals,0.0,0.0,path3_margin
UBBL,1,0,0,0,arrivals,0.0,0.0,path3_margin
LHPR,1,1,1,1,arrivals,1.0,1.0,path3_margin
EGWC,1,1,1,1,arrivals,1.0,1.0,path3_margin
EHPK,1,1,0,0,arrivals,0.0,0.0,path3_margin
LPVR,1,1,1,4,arrivals,1.0,4.0,path3_margin
EPWK,1,0,0,0,arrivals,0.0,0.0,path3_margin
GMAZ,1,0,0,0,arrivals,0.0,0.0,path3_margin
LIQS,1,0,0,0,arrivals,0.0,0.0,path3_margin
LKMH,1,1,0,0,arrivals,0.0,0.0,path3_margin
EHTW,1,1,1,1,arrivals,1.0,1.0,path3_margin
EPNT,1,0,0,0,arrivals,0.0,0.0,path3_margin
EGFE,1,1,1,1,arrivals,1.0,1.0,path3_margin
ENQC,1,1,0,0,arrivals,0.0,0.0,path3_margin
LIMW,1,0,0,0,arrivals,0.0,0.0,path3_margin
LSTS,1,1,0,0,arrivals,0.0,0.0,path3_margin
LYKV,1,0,0,0,arrivals,0.0,0.0,path3_margin
EHDV,1,0,0,0,arrivals,0.0,0.0,path3_margin
EDLE,1,1,0,0,arrivals,0.0,0.0,path3_margin
EGBP,1,1,0,0,arrivals,0.0,0.0,path3_margin
ENQM,1,0,0,0,arrivals,0.0,0.0,path3_margin
EDFE,1,1,0,3,arrivals,0.0,3.0,path3_margin
LFSG,1,0,0,1,arrivals,0.0,1.0,path3_margin
UBBF,1,0,0,0,arrivals,0.0,0.0,path3_margin
EHFD,1,0,0,0,arrivals,0.0,0.0,path3_margin
EHLI,1,0,0,0,arrivals,0.0,0.0,path3_margin
EDBR,1,1,1,1,arrivals,1.0,1.0,path3_margin
EDXQ,1,1,0,0,arrivals,0.0,0.0,path3_margin
EDTF,1,1,0,0,arrivals,0.0,0.0,path3_margin
LDRG,1,0,0,0,arrivals,0.0,0.0,path3_margin
EIWT,1,1,0,0,arrivals,0.0,0.0,path3_margin
ENUN,1,0,0,0,arrivals,0.0,0.0,path3_margin
LGKZ,1,0,0,0,arrivals,0.0,0.0,path3_margin
LFMH,1,1,1,1,arrivals,1.0,1.0,path3_margin
EPPW,1,0,0,0,arrivals,0.0,0.0,path3_margin
LFPN,1,1,0,0,arrivals,0.0,0.0,path3_margin
LFOP,1,1,1,1,arrivals,1.0,1.0,path3_margin
LOLW,1,1,0,0,arrivals,0.0,0.0,path3_margin
ENSF,1,0,0,0,arrivals,0.0,0.0,path3_margin
EDQM,1,1,1,1,arrivals,1.0,1.0,path3_margin
DABT,1,0,0,0,arrivals,0.0,0.0,path3_margin
EHGQ,1,0,0,0,arrivals,0.0,0.0,path3_margin
EDMV,1,0,0,0,arrivals,0.0,0.0,path3_margin
EDAQ,1,1,0,0,arrivals,0.0,0.0,path3_margin
EGOV,1,1,0,0,arrivals,0.0,0.0,path3_margin
ENUS,1,0,0,0,arrivals,0.0,0.0,path3_margin
ENGA,1,0,0,0,arrivals,0.0,0.0,path3_margin
LRAR,1,0,0,1,arrivals,0.0,1.0,path3_margin
LFLH,1,1,0,0,arrivals,0.0,0.0,path3_margin
LFBA,1,1,1,1,arrivals,1.0,1.0,path3_margin
ULMM,1,0,0,0,arrivals,0.0,0.0,path3_margin
LFRI,1,0,0,0,arrivals,0.0,0.0,path3_margin
EHFR,1,0,0,0,arrivals,0.0,0.0,path3_margin
LGKA,1,0,0,0,arrivals,0.0,0.0,path3_margin
EGBK,1,1,0,0,arrivals,0.0,0.0,path3_margin
EIWF,1,1,1,1,arrivals,1.0,1.0,path3_margin
BIGJ,1,0,0,0,arrivals,0.0,0.0,path3_margin
LJPZ,1,1,1,3,arrivals,1.0,3.0,path3_margin
EHLE,1,1,1,1,arrivals,1.0,1.0,path3_margin
ENUK,1,0,0,0,arrivals,0.0,0.0,path3_margin
EDTD,1,1,1,1,arrivals,1.0,1.0,path3_margin
LFLO,1,1,0,0,arrivals,0.0,0.0,path3_margin
EFLP,1,0,0,0,arrivals,0.0,0.0,path3_margin
OOA,7964,34,0,0,arrivals,0.0,0.0,path4_radius
OOA,7892,85,0,0,departures,0.0,0.0,path4_radius
LTFM,2282,2087,2086,2100,departures,0.9141104294478528,0.9202453987730062,path4_radius
LTFM,2258,1920,1855,1856,arrivals,0.8215234720992028,0.8219663418954827,path4_radius
EHAM,2148,2144,2144,2163,departures,0.9981378026070763,1.0069832402234637,path4_radius
EHAM,2136,1928,1925,1929,arrivals,0.9012172284644194,0.9030898876404494,path4_radius
EDDF,2094,2085,2084,2087,departures,0.9952244508118434,0.9966571155682904,path4_radius
EDDF,2091,1834,1832,1834,arrivals,0.8761358201817312,0.877092300334768,path4_radius
LFPG,2084,2067,2048,2058,departures,0.982725527831094,0.9875239923224568,path4_radius
LFPG,2066,1770,1769,1823,arrivals,0.856243949661181,0.8823814133591481,path4_radius
EGLL,2001,1989,1986,2025,departures,0.992503748125937,1.0119940029985008,path4_radius
EGLL,1986,1701,1534,1664,arrivals,0.7724068479355488,0.837865055387714,path4_radius
LEMD,1786,1583,1581,1586,arrivals,0.8852183650615901,0.8880179171332587,path4_radius
LEMD,1773,1756,1754,1756,departures,0.9892836999435984,0.9904117315284828,path4_radius
LEBL,1597,1517,1515,1516,arrivals,0.9486537257357546,0.9492798998121478,path4_radius
LEBL,1591,1583,1582,1583,departures,0.994343180389692,0.9949717159019484,path4_radius
EDDM,1573,1568,1567,1570,departures,0.996185632549269,0.9980928162746344,path4_radius
EDDM,1571,1485,1483,1485,arrivals,0.9439847231063018,0.9452577975811585,path4_radius
LIRF,1449,1445,1445,1447,departures,0.9972394755003451,0.9986197377501725,path4_radius
LTAI,1437,869,868,876,arrivals,0.6040361864996521,0.6096033402922756,path4_radius
LEPA,1436,1417,1416,1419,arrivals,0.9860724233983287,0.9881615598885793,path4_radius
LTAI,1435,821,818,823,departures,0.570034843205575,0.5735191637630662,path4_radius
LIRF,1433,1296,1294,1304,arrivals,0.9030006978367062,0.9099790648988136,path4_radius
LEPA,1417,1377,1376,1377,departures,0.9710656316160904,0.9717713479181369,path4_radius
LGAV,1317,514,500,502,arrivals,0.37965072133637057,0.381169324221716,path4_radius
LGAV,1306,1183,1183,1194,departures,0.9058192955589587,0.9142419601837672,path4_radius
EGKK,1223,1220,1220,1223,departures,0.9975470155355682,1.0,path4_radius
EGKK,1220,1130,1130,1130,arrivals,0.9262295081967213,0.9262295081967213,path4_radius
EIDW,1188,1108,1107,1110,arrivals,0.9318181818181818,0.9343434343434344,path4_radius
EIDW,1185,1167,1166,1166,departures,0.9839662447257383,0.9839662447257383,path4_radius
LSZH,1178,1169,1162,1168,departures,0.9864176570458404,0.9915110356536503,path4_radius
LSZH,1160,1076,1073,1083,arrivals,0.925,0.9336206896551724,path4_radius
LOWW,1156,1148,1146,1156,departures,0.9913494809688581,1.0,path4_radius
EKCH,1152,1058,1056,1056,arrivals,0.9166666666666666,0.9166666666666666,path4_radius
LOWW,1145,1073,1071,1076,arrivals,0.9353711790393013,0.9397379912663756,path4_radius
EKCH,1140,1128,1128,1133,departures,0.9894736842105263,0.993859649122807,path4_radius
LTFJ,1138,1011,1005,1026,arrivals,0.883128295254833,0.9015817223198594,path4_radius
LTFJ,1137,1099,1099,1107,departures,0.9665787159190853,0.9736147757255936,path4_radius
LPPT,1010,1002,1002,1002,departures,0.9920792079207921,0.9920792079207921,path4_radius
LPPT,1001,904,900,901,arrivals,0.8991008991008991,0.9000999000999002,path4_radius
LFPO,992,986,986,989,departures,0.9939516129032258,0.9969758064516129,path4_radius
LFPO,991,949,949,950,arrivals,0.9576185671039354,0.958627648839556,path4_radius
LIMC,973,969,967,968,departures,0.9938335046248715,0.9948612538540597,path4_radius
LIMC,967,892,886,890,arrivals,0.9162357807652534,0.9203722854188211,path4_radius
ENGM,940,896,896,909,arrivals,0.9531914893617022,0.9670212765957447,path4_radius
ENGM,932,884,884,893,departures,0.9484978540772532,0.9581545064377682,path4_radius
EGCC,926,922,921,921,departures,0.9946004319654428,0.9946004319654428,path4_radius
EGCC,924,839,839,840,arrivals,0.908008658008658,0.9090909090909091,path4_radius
EGSS,888,847,844,848,arrivals,0.9504504504504504,0.954954954954955,path4_radius
EGSS,885,883,881,881,departures,0.9954802259887006,0.9954802259887006,path4_radius
EPWA,880,783,779,779,arrivals,0.8852272727272728,0.8852272727272728,path4_radius
EPWA,875,871,870,872,departures,0.9942857142857143,0.9965714285714286,path4_radius
EBBR,872,868,868,878,departures,0.9954128440366973,1.0068807339449541,path4_radius
EBBR,871,786,784,795,arrivals,0.9001148105625718,0.912743972445465,path4_radius
EDDB,870,849,847,859,departures,0.9735632183908046,0.9873563218390805,path4_radius
LEMG,861,838,838,838,arrivals,0.9732868757259001,0.9732868757259001,path4_radius
LEMG,850,847,847,849,departures,0.9964705882352941,0.9988235294117647,path4_radius
ESSA,841,731,726,734,arrivals,0.8632580261593341,0.8727705112960761,path4_radius
EDDB,840,797,792,795,arrivals,0.9428571428571428,0.9464285714285714,path4_radius
ESSA,820,792,790,798,departures,0.9634146341463414,0.973170731707317,path4_radius
EDDL,758,753,750,756,departures,0.9894459102902374,0.9973614775725593,path4_radius
EDDL,751,731,730,736,arrivals,0.9720372836218375,0.9800266311584553,path4_radius
LFMN,710,691,687,737,arrivals,0.967605633802817,1.0380281690140845,path4_radius
LFMN,707,698,692,696,departures,0.9787835926449788,0.9844413012729845,path4_radius
LSGG,680,663,661,670,departures,0.9720588235294118,0.9852941176470589,path4_radius
LSGG,670,649,647,655,arrivals,0.9656716417910448,0.9776119402985075,path4_radius
LKPR,667,659,658,661,departures,0.9865067466266867,0.9910044977511244,path4_radius
EFHK,666,576,575,577,arrivals,0.8633633633633634,0.8663663663663663,path4_radius
EFHK,659,655,655,660,departures,0.9939301972685888,1.0015174506828528,path4_radius
LKPR,657,620,617,619,arrivals,0.939117199391172,0.9421613394216134,path4_radius
LEAL,599,598,598,598,departures,0.998330550918197,0.998330550918197,path4_radius
LEAL,599,589,589,589,arrivals,0.9833055091819699,0.9833055091819699,path4_radius
EGPH,584,553,553,557,arrivals,0.946917808219178,0.9537671232876712,path4_radius
LHBP,578,568,567,568,departures,0.9809688581314879,0.9826989619377162,path4_radius
EGPH,577,572,571,571,departures,0.9896013864818024,0.9896013864818024,path4_radius
LHBP,577,540,539,542,arrivals,0.9341421143847487,0.9393414211438474,path4_radius
EGGW,552,532,527,530,arrivals,0.9547101449275363,0.9601449275362319,path4_radius
EGGW,550,550,546,547,departures,0.9927272727272727,0.9945454545454545,path4_radius
EDDH,538,532,529,537,departures,0.983271375464684,0.9981412639405205,path4_radius
EDDH,532,522,520,529,arrivals,0.9774436090225563,0.9943609022556391,path4_radius
GCLP,521,0,0,0,arrivals,0.0,0.0,path4_radius
GCLP,520,5,0,0,departures,0.0,0.0,path4_radius
LLBG,516,458,456,458,arrivals,0.8837209302325582,0.8875968992248062,path4_radius
EDDK,515,500,500,501,departures,0.970873786407767,0.9728155339805825,path4_radius
LLBG,513,499,497,498,departures,0.9688109161793372,0.9707602339181286,path4_radius
LPPR,513,509,508,508,departures,0.9902534113060428,0.9902534113060428,path4_radius
LPPR,512,482,481,481,arrivals,0.939453125,0.939453125,path4_radius
LEIB,509,498,498,499,arrivals,0.9783889980353635,0.9803536345776032,path4_radius
EDDK,509,489,486,486,arrivals,0.9548133595284872,0.9548133595284872,path4_radius
LROP,509,496,494,495,arrivals,0.9705304518664047,0.9724950884086444,path4_radius
LROP,504,495,427,429,departures,0.8472222222222222,0.8511904761904762,path4_radius
LEIB,495,487,487,487,departures,0.9838383838383838,0.9838383838383838,path4_radius
EGBB,474,468,468,468,departures,0.9873417721518988,0.9873417721518988,path4_radius
EGBB,466,434,433,433,arrivals,0.9291845493562232,0.9291845493562232,path4_radius
LIML,465,458,456,464,arrivals,0.9806451612903225,0.9978494623655914,path4_radius
LIME,460,453,450,450,arrivals,0.9782608695652174,0.9782608695652174,path4_radius
LIML,458,451,451,456,departures,0.9847161572052402,0.9956331877729258,path4_radius
LIME,453,448,448,448,departures,0.9889624724061811,0.9889624724061811,path4_radius
LIRN,449,4,0,0,departures,0.0,0.0,path4_radius
LIRN,447,3,0,0,arrivals,0.0,0.0,path4_radius
LFML,445,441,439,443,arrivals,0.9865168539325843,0.9955056179775281,path4_radius
LFML,444,442,441,442,departures,0.9932432432432432,0.9954954954954955,path4_radius
EDDS,440,422,417,421,departures,0.9477272727272728,0.9568181818181818,path4_radius
EDDS,433,413,413,419,arrivals,0.953810623556582,0.9676674364896074,path4_radius
LGIR,430,2,0,0,arrivals,0.0,0.0,path4_radius
LGIR,424,2,0,0,departures,0.0,0.0,path4_radius
LIPZ,412,408,408,409,departures,0.9902912621359223,0.9927184466019418,path4_radius
LFLL,412,401,400,414,arrivals,0.970873786407767,1.0048543689320388,path4_radius
LFLL,411,406,406,421,departures,0.9878345498783455,1.024330900243309,path4_radius
LIPZ,409,390,390,391,arrivals,0.9535452322738386,0.9559902200488998,path4_radius
LPFR,407,403,402,404,arrivals,0.9877149877149877,0.9926289926289926,path4_radius
LPFR,405,403,401,401,departures,0.9901234567901235,0.9901234567901235,path4_radius
LYBE,395,374,374,374,arrivals,0.9468354430379747,0.9468354430379747,path4_radius
LYBE,394,390,390,390,departures,0.9898477157360406,0.9898477157360406,path4_radius
LICC,391,323,292,298,arrivals,0.7468030690537084,0.7621483375959079,path4_radius
LICC,390,33,28,28,departures,0.07179487179487179,0.07179487179487179,path4_radius
LTAC,381,3,0,0,departures,0.0,0.0,path4_radius
LIPE,380,375,375,376,departures,0.9868421052631579,0.9894736842105263,path4_radius
LIPE,376,373,372,372,arrivals,0.9893617021276596,0.9893617021276596,path4_radius
LTAC,374,3,0,0,arrivals,0.0,0.0,path4_radius
LCLK,368,341,338,340,departures,0.9184782608695652,0.9239130434782609,path4_radius
LCLK,367,360,359,365,arrivals,0.9782016348773842,0.9945504087193461,path4_radius
GMMN,360,180,180,182,departures,0.5,0.5055555555555555,path4_radius
EPKK,360,354,354,355,departures,0.9833333333333333,0.9861111111111112,path4_radius
EGGD,360,343,343,345,arrivals,0.9527777777777777,0.9583333333333334,path4_radius
EGGD,359,358,357,357,departures,0.9944289693593314,0.9944289693593314,path4_radius
LEVC,357,349,349,350,arrivals,0.9775910364145658,0.9803921568627451,path4_radius
GMMN,357,268,268,274,arrivals,0.7507002801120448,0.7675070028011205,path4_radius
ENBR,357,341,329,339,arrivals,0.9215686274509803,0.9495798319327731,path4_radius
EPKK,356,339,338,339,arrivals,0.949438202247191,0.952247191011236,path4_radius
LEVC,355,320,320,320,departures,0.9014084507042254,0.9014084507042254,path4_radius
LFSB,354,350,349,351,departures,0.9858757062146892,0.9915254237288136,path4_radius
LFSB,352,344,344,345,arrivals,0.9772727272727273,0.9801136363636364,path4_radius
ENBR,349,339,339,352,departures,0.9713467048710601,1.008595988538682,path4_radius
LTBJ,346,25,21,21,departures,0.06069364161849711,0.06069364161849711,path4_radius
LGRP,346,316,315,316,arrivals,0.9104046242774566,0.9132947976878613,path4_radius
EGPF,346,308,307,310,arrivals,0.8872832369942196,0.8959537572254336,path4_radius
EGPF,344,325,323,324,departures,0.938953488372093,0.9418604651162791,path4_radius
LTBJ,341,7,6,6,arrivals,0.017595307917888565,0.017595307917888565,path4_radius
LGRP,340,318,318,319,departures,0.9352941176470588,0.9382352941176471,path4_radius
LMML,326,322,322,325,departures,0.9877300613496932,0.9969325153374233,path4_radius
LMML,326,320,318,320,arrivals,0.9754601226993865,0.9815950920245399,path4_radius
LATI,323,1,0,0,arrivals,0.0,0.0,path4_radius
GCTS,323,0,0,0,arrivals,0.0,0.0,path4_radius
GCTS,321,3,0,0,departures,0.0,0.0,path4_radius
GCXO,320,1,1,1,arrivals,0.003125,0.003125,path4_radius
GCXO,319,268,268,270,departures,0.8401253918495298,0.8463949843260188,path4_radius
LATI,316,2,0,0,departures,0.0,0.0,path4_radius
LICJ,314,132,129,129,arrivals,0.410828025477707,0.410828025477707,path4_radius
LICJ,310,194,194,197,departures,0.6258064516129033,0.635483870967742,path4_radius
EBCI,304,304,304,304,departures,1.0,1.0,path4_radius
EBCI,303,300,300,300,arrivals,0.9900990099009901,0.9900990099009901,path4_radius
BIKF,297,292,292,293,departures,0.9831649831649831,0.9865319865319865,path4_radius
BIKF,296,99,98,101,arrivals,0.3310810810810811,0.34121621621621623,path4_radius
ELLX,294,292,292,292,departures,0.9931972789115646,0.9931972789115646,path4_radius
ELLX,294,284,284,287,arrivals,0.9659863945578231,0.9761904761904762,path4_radius
LFBO,293,291,290,291,departures,0.9897610921501706,0.9931740614334471,path4_radius
LFBO,290,289,287,287,arrivals,0.9896551724137931,0.9896551724137931,path4_radius
LGTS,281,254,254,257,arrivals,0.9039145907473309,0.9145907473309609,path4_radius
LTBS,280,3,1,1,arrivals,0.0035714285714285713,0.0035714285714285713,path4_radius
LGTS,279,164,164,167,departures,0.5878136200716846,0.5985663082437276,path4_radius
GMMX,279,11,8,8,arrivals,0.02867383512544803,0.02867383512544803,path4_radius
GMMX,278,2,2,2,departures,0.007194244604316547,0.007194244604316547,path4_radius
EVRA,278,228,228,228,arrivals,0.8201438848920863,0.8201438848920863,path4_radius
LEZL,276,267,266,267,arrivals,0.9637681159420289,0.967391304347826,path4_radius
LEZL,275,274,274,274,departures,0.9963636363636363,0.9963636363636363,path4_radius
LTBS,273,2,0,0,departures,0.0,0.0,path4_radius
EVRA,273,269,268,269,departures,0.9816849816849816,0.9853479853479854,path4_radius
LBSF,272,3,2,2,departures,0.007352941176470588,0.007352941176470588,path4_radius
GCRR,269,1,0,0,departures,0.0,0.0,path4_radius
GCRR,269,0,0,0,arrivals,0.0,0.0,path4_radius
EGNX,267,264,264,264,departures,0.9887640449438202,0.9887640449438202,path4_radius
LBSF,267,5,1,1,arrivals,0.003745318352059925,0.003745318352059925,path4_radius
EDDP,261,245,244,245,arrivals,0.9348659003831418,0.9386973180076629,path4_radius
EPKT,259,250,249,249,departures,0.9613899613899614,0.9613899613899614,path4_radius
HEGN,258,0,0,0,arrivals,0.0,0.0,path4_radius
HEGN,257,0,0,0,departures,0.0,0.0,path4_radius
UGTB,257,18,15,15,departures,0.058365758754863814,0.058365758754863814,path4_radius
LFRS,257,252,250,251,arrivals,0.9727626459143969,0.9766536964980544,path4_radius
UGTB,257,50,48,51,arrivals,0.1867704280155642,0.19844357976653695,path4_radius
EPKT,257,241,240,240,arrivals,0.933852140077821,0.933852140077821,path4_radius
LFRS,256,242,242,242,departures,0.9453125,0.9453125,path4_radius
EDDP,256,254,254,256,departures,0.9921875,1.0,path4_radius
EGNX,255,239,239,239,arrivals,0.9372549019607843,0.9372549019607843,path4_radius
LIEO,252,68,66,66,arrivals,0.2619047619047619,0.2619047619047619,path4_radius
EPGD,248,9,8,8,departures,0.03225806451612903,0.03225806451612903,path4_radius
LGKR,247,8,4,4,arrivals,0.016194331983805668,0.016194331983805668,path4_radius
EGAA,246,240,128,128,arrivals,0.5203252032520326,0.5203252032520326,path4_radius
LGKR,244,2,2,2,departures,0.00819672131147541,0.00819672131147541,path4_radius
HECA,244,7,6,6,departures,0.02459016393442623,0.02459016393442623,path4_radius
EPGD,244,4,1,1,arrivals,0.004098360655737705,0.004098360655737705,path4_radius
EGAA,239,206,206,207,departures,0.8619246861924686,0.8661087866108786,path4_radius
ENZV,236,75,73,82,departures,0.3093220338983051,0.3474576271186441,path4_radius
ENZV,236,68,65,67,arrivals,0.2754237288135593,0.2838983050847458,path4_radius
LEBB,235,0,0,0,arrivals,0.0,0.0,path4_radius
LEBB,234,2,0,0,departures,0.0,0.0,path4_radius
LTFE,232,205,205,212,arrivals,0.8836206896551724,0.9137931034482759,path4_radius
HECA,231,51,43,43,arrivals,0.18614718614718614,0.18614718614718614,path4_radius
LFPB,230,227,226,250,departures,0.9826086956521739,1.0869565217391304,path4_radius
LIBD,229,2,0,0,arrivals,0.0,0.0,path4_radius
LIBD,228,1,0,0,departures,0.0,0.0,path4_radius
LIEO,228,23,17,17,departures,0.07456140350877193,0.07456140350877193,path4_radius
LIRP,228,219,219,225,arrivals,0.9605263157894737,0.9868421052631579,path4_radius
UUWW,227,8,4,4,arrivals,0.01762114537444934,0.01762114537444934,path4_radius
LEMH,226,217,217,218,arrivals,0.9601769911504425,0.9646017699115044,path4_radius
LFBD,225,222,222,224,departures,0.9866666666666667,0.9955555555555555,path4_radius
LFPB,225,218,168,172,arrivals,0.7466666666666667,0.7644444444444445,path4_radius
LEMH,222,193,193,193,departures,0.8693693693693694,0.8693693693693694,path4_radius
LTFE,220,33,28,28,departures,0.12727272727272726,0.12727272727272726,path4_radius
LIRP,220,196,196,196,departures,0.8909090909090909,0.8909090909090909,path4_radius
ENVA,219,208,208,224,arrivals,0.9497716894977168,1.0228310502283104,path4_radius
LFBD,219,215,215,217,arrivals,0.9817351598173516,0.9908675799086758,path4_radius
LUKK,217,2,0,0,departures,0.0,0.0,path4_radius
ENVA,217,211,199,201,departures,0.9170506912442397,0.9262672811059908,path4_radius
LUKK,217,2,0,0,arrivals,0.0,0.0,path4_radius
LDSP,216,3,0,0,departures,0.0,0.0,path4_radius
ESGG,216,214,214,214,departures,0.9907407407407407,0.9907407407407407,path4_radius
UUWW,216,4,4,4,departures,0.018518518518518517,0.018518518518518517,path4_radius
LDZA,215,67,65,65,departures,0.3023255813953488,0.3023255813953488,path4_radius
LDSP,215,5,0,0,arrivals,0.0,0.0,path4_radius
LDZA,215,210,209,212,arrivals,0.9720930232558139,0.986046511627907,path4_radius
ESGG,214,208,208,210,arrivals,0.9719626168224299,0.9813084112149533,path4_radius
UUEE,214,1,1,5,arrivals,0.004672897196261682,0.02336448598130841,path4_radius
EDDV,213,211,211,212,departures,0.9906103286384976,0.9953051643192489,path4_radius
GCFV,212,1,0,0,departures,0.0,0.0,path4_radius
UUEE,212,26,26,26,departures,0.12264150943396226,0.12264150943396226,path4_radius
EGNT,211,199,199,199,departures,0.943127962085308,0.943127962085308,path4_radius
GCFV,211,2,0,0,arrivals,0.0,0.0,path4_radius
EGNT,211,184,184,184,arrivals,0.8720379146919431,0.8720379146919431,path4_radius
EDDV,209,202,202,203,arrivals,0.9665071770334929,0.9712918660287081,path4_radius
EGGP,208,204,203,217,departures,0.9759615384615384,1.0432692307692308,path4_radius
EGGP,206,194,194,202,arrivals,0.941747572815534,0.9805825242718447,path4_radius
LIRQ,202,3,3,3,departures,0.01485148514851485,0.01485148514851485,path4_radius
EDDN,201,196,194,196,departures,0.9651741293532339,0.9751243781094527,path4_radius
EDDN,199,193,192,196,arrivals,0.964824120603015,0.9849246231155779,path4_radius
LGSA,199,33,31,31,arrivals,0.15577889447236182,0.15577889447236182,path4_radius
EGLC,198,198,198,255,departures,1.0,1.2878787878787878,path4_radius
LIRQ,198,95,88,88,arrivals,0.4444444444444444,0.4444444444444444,path4_radius
LGSA,196,61,61,61,departures,0.3112244897959184,0.3112244897959184,path4_radius
LIEE,195,3,2,2,arrivals,0.010256410256410256,0.010256410256410256,path4_radius
EPWR,194,189,189,190,arrivals,0.9742268041237113,0.979381443298969,path4_radius
EPWR,193,192,192,192,departures,0.9948186528497409,0.9948186528497409,path4_radius
EGNM,193,173,173,175,arrivals,0.8963730569948186,0.9067357512953368,path4_radius
UDYZ,192,0,0,0,departures,0.0,0.0,path4_radius
UDYZ,192,1,0,0,arrivals,0.0,0.0,path4_radius
LIEE,191,1,0,0,departures,0.0,0.0,path4_radius
EHEH,191,191,189,189,departures,0.9895287958115183,0.9895287958115183,path4_radius
EGNM,190,185,184,185,departures,0.968421052631579,0.9736842105263158,path4_radius
EHEH,190,187,186,187,arrivals,0.9789473684210527,0.9842105263157894,path4_radius
EYVI,189,125,120,123,arrivals,0.6349206349206349,0.6507936507936508,path4_radius
EGLC,189,189,188,413,arrivals,0.9947089947089947,2.185185185185185,path4_radius
EYVI,186,176,176,180,departures,0.946236559139785,0.967741935483871,path4_radius
DAAG,186,15,15,15,departures,0.08064516129032258,0.08064516129032258,path4_radius
DTTA,186,0,0,0,arrivals,0.0,0.0,path4_radius
DTTA,185,0,0,0,departures,0.0,0.0,path4_radius
DAAG,184,105,103,104,arrivals,0.5597826086956522,0.5652173913043478,path4_radius
LFOB,181,180,180,180,departures,0.994475138121547,0.994475138121547,path4_radius
LFOB,181,177,177,177,arrivals,0.9779005524861878,0.9779005524861878,path4_radius
LDDU,180,4,0,0,arrivals,0.0,0.0,path4_radius
LGKO,178,168,168,170,departures,0.9438202247191011,0.9550561797752809,path4_radius
LDDU,177,2,0,0,departures,0.0,0.0,path4_radius
LGKO,177,167,167,170,arrivals,0.943502824858757,0.96045197740113,path4_radius
EETN,162,142,142,142,arrivals,0.8765432098765432,0.8765432098765432,path4_radius
EPPO,161,156,156,156,departures,0.968944099378882,0.968944099378882,path4_radius
HESH,161,2,0,0,arrivals,0.0,0.0,path4_radius
UMKK,160,1,0,0,departures,0.0,0.0,path4_radius
EETN,159,149,149,150,departures,0.9371069182389937,0.9433962264150944,path4_radius
LPMA,159,159,159,159,departures,1.0,1.0,path4_radius
HESH,159,2,0,0,departures,0.0,0.0,path4_radius
UMKK,159,0,0,4,arrivals,0.0,0.025157232704402517,path4_radius
LPMA,158,10,10,10,arrivals,0.06329113924050633,0.06329113924050633,path4_radius
LIMF,157,156,154,155,departures,0.9808917197452229,0.9872611464968153,path4_radius
LIMF,157,155,155,158,arrivals,0.9872611464968153,1.0063694267515924,path4_radius
LIRA,156,153,146,148,arrivals,0.9358974358974359,0.9487179487179487,path4_radius
LIRA,154,152,152,155,departures,0.987012987012987,1.0064935064935066,path4_radius
EPPO,154,148,148,148,arrivals,0.961038961038961,0.961038961038961,path4_radius
EKBI,154,150,149,149,arrivals,0.9675324675324676,0.9675324675324676,path4_radius
LPPD,153,47,47,47,departures,0.30718954248366015,0.30718954248366015,path4_radius
EKBI,152,148,148,149,departures,0.9736842105263158,0.9802631578947368,path4_radius
LPPD,151,91,90,92,arrivals,0.5960264900662252,0.609271523178808,path4_radius
ULLI,148,1,0,0,arrivals,0.0,0.0,path4_radius
OLBA,144,29,25,25,departures,0.1736111111111111,0.1736111111111111,path4_radius
LIPX,144,143,142,142,departures,0.9861111111111112,0.9861111111111112,path4_radius
OLBA,144,28,23,24,arrivals,0.1597222222222222,0.16666666666666666,path4_radius
ENTC,143,6,0,0,arrivals,0.0,0.0,path4_radius
ULLI,142,0,0,0,departures,0.0,0.0,path4_radius
LIPX,142,138,137,143,arrivals,0.9647887323943662,1.0070422535211268,path4_radius
LGSR,139,4,0,0,departures,0.0,0.0,path4_radius
LGSR,139,2,0,0,arrivals,0.0,0.0,path4_radius
ENTC,138,4,0,0,departures,0.0,0.0,path4_radius
LTCG,138,104,103,103,arrivals,0.7463768115942029,0.7463768115942029,path4_radius
EGPD,137,125,125,125,departures,0.9124087591240876,0.9124087591240876,path4_radius
EGPD,136,123,123,123,arrivals,0.9044117647058824,0.9044117647058824,path4_radius
ENBO,134,126,126,157,departures,0.9402985074626866,1.171641791044776,path4_radius
EBLG,134,134,133,136,departures,0.9925373134328358,1.0149253731343284,path4_radius
LTDB,133,4,0,0,departures,0.0,0.0,path4_radius
LTCG,133,123,123,123,departures,0.924812030075188,0.924812030075188,path4_radius
ENBO,133,120,116,135,arrivals,0.8721804511278195,1.0150375939849625,path4_radius
LRCL,130,0,0,0,departures,0.0,0.0,path4_radius
LIBR,130,2,0,0,departures,0.0,0.0,path4_radius
LRCL,129,0,0,0,arrivals,0.0,0.0,path4_radius
LTDB,129,3,0,0,arrivals,0.0,0.0,path4_radius
LGZA,126,124,124,128,departures,0.9841269841269841,1.0158730158730158,path4_radius
EBLG,126,97,95,97,arrivals,0.753968253968254,0.7698412698412699,path4_radius
LGZA,126,119,119,119,arrivals,0.9444444444444444,0.9444444444444444,path4_radius
LIBR,125,0,0,0,arrivals,0.0,0.0,path4_radius
EGAC,123,121,121,122,departures,0.983739837398374,0.991869918699187,path4_radius
EGAC,123,120,120,231,arrivals,0.975609756097561,1.8780487804878048,path4_radius
BKPR,120,0,0,0,departures,0.0,0.0,path4_radius
BKPR,120,2,0,0,arrivals,0.0,0.0,path4_radius
EICK,120,119,119,119,arrivals,0.9916666666666667,0.9916666666666667,path4_radius
EICK,119,118,118,118,departures,0.9915966386554622,0.9915966386554622,path4_radius
LDZD,118,9,6,6,arrivals,0.05084745762711865,0.05084745762711865,path4_radius
OJAI,116,2,0,2,departures,0.0,0.017241379310344827,path4_radius
OJAI,116,0,0,1,arrivals,0.0,0.008620689655172414,path4_radius
LDZD,114,1,0,0,departures,0.0,0.0,path4_radius
LICA,112,1,0,0,arrivals,0.0,0.0,path4_radius
EGLF,110,110,110,113,departures,1.0,1.0272727272727273,path4_radius
LICA,108,0,0,0,departures,0.0,0.0,path4_radius
EGJJ,108,106,106,106,arrivals,0.9814814814814815,0.9814814814814815,path4_radius
EGLF,108,107,0,0,arrivals,0.0,0.0,path4_radius
LCPH,107,98,97,97,arrivals,0.9065420560747663,0.9065420560747663,path4_radius
LWSK,106,0,0,0,departures,0.0,0.0,path4_radius
OKKK,106,105,105,105,departures,0.9905660377358491,0.9905660377358491,path4_radius
LEST,106,96,83,83,arrivals,0.7830188679245284,0.7830188679245284,path4_radius
LCPH,105,35,35,35,departures,0.3333333333333333,0.3333333333333333,path4_radius
LGMK,105,48,46,46,departures,0.4380952380952381,0.4380952380952381,path4_radius
LEST,105,87,87,87,departures,0.8285714285714286,0.8285714285714286,path4_radius
LZIB,105,101,101,101,departures,0.9619047619047619,0.9619047619047619,path4_radius
LEGE,105,41,38,38,arrivals,0.3619047619047619,0.3619047619047619,path4_radius
LWSK,105,0,0,0,arrivals,0.0,0.0,path4_radius
LZIB,105,103,103,103,arrivals,0.9809523809523809,0.9809523809523809,path4_radius
LEGE,104,93,93,97,departures,0.8942307692307693,0.9326923076923077,path4_radius
LGMK,104,71,71,76,arrivals,0.6826923076923077,0.7307692307692307,path4_radius
EDJA,104,102,102,102,arrivals,0.9807692307692307,0.9807692307692307,path4_radius
EDJA,102,101,101,101,departures,0.9901960784313726,0.9901960784313726,path4_radius
OKKK,102,29,29,30,arrivals,0.28431372549019607,0.29411764705882354,path4_radius
EGJJ,101,97,96,97,departures,0.9504950495049505,0.9603960396039604,path4_radius
EHRD,100,100,99,101,arrivals,0.99,1.01,path4_radius
EHRD,99,98,96,99,departures,0.9696969696969697,1.0,path4_radius
LBBG,97,90,90,90,arrivals,0.9278350515463918,0.9278350515463918,path4_radius
LOWS,96,95,95,98,departures,0.9895833333333334,1.0208333333333333,path4_radius
LOWS,95,92,90,90,arrivals,0.9473684210526315,0.9473684210526315,path4_radius
DTTJ,94,0,0,0,arrivals,0.0,0.0,path4_radius
LJLJ,94,90,89,90,arrivals,0.9468085106382979,0.9574468085106383,path4_radius
LBBG,93,86,86,86,departures,0.9247311827956989,0.9247311827956989,path4_radius
LQSA,93,0,0,0,departures,0.0,0.0,path4_radius
LQSA,93,0,0,0,arrivals,0.0,0.0,path4_radius
GMAD,92,2,0,0,departures,0.0,0.0,path4_radius
EGKB,92,91,30,30,departures,0.32608695652173914,0.32608695652173914,path4_radius
EINN,91,89,89,89,departures,0.978021978021978,0.978021978021978,path4_radius
GMAD,91,0,0,0,arrivals,0.0,0.0,path4_radius
EGKB,91,90,0,0,arrivals,0.0,0.0,path4_radius
LJLJ,90,87,87,88,departures,0.9666666666666667,0.9777777777777777,path4_radius
DTTJ,89,0,0,0,departures,0.0,0.0,path4_radius
UUDD,89,6,6,6,departures,0.06741573033707865,0.06741573033707865,path4_radius
EDDW,88,87,86,86,departures,0.9772727272727273,0.9772727272727273,path4_radius
GMTT,88,88,88,88,departures,1.0,1.0,path4_radius
EDLW,87,85,85,86,departures,0.9770114942528736,0.9885057471264368,path4_radius
EDDW,87,87,87,89,arrivals,1.0,1.0229885057471264,path4_radius
GMTT,87,86,86,87,arrivals,0.9885057471264368,1.0,path4_radius
EDLW,87,84,84,84,arrivals,0.9655172413793104,0.9655172413793104,path4_radius
EINN,86,80,80,81,arrivals,0.9302325581395349,0.9418604651162791,path4_radius
LIMJ,86,86,85,85,arrivals,0.9883720930232558,0.9883720930232558,path4_radius
EGHI,86,78,78,79,arrivals,0.9069767441860465,0.9186046511627907,path4_radius
LIPH,85,85,85,85,departures,1.0,1.0,path4_radius
GCLA,85,0,0,0,departures,0.0,0.0,path4_radius
LIPH,85,85,85,85,arrivals,1.0,1.0,path4_radius
EDSB,85,78,78,82,arrivals,0.9176470588235294,0.9647058823529412,path4_radius
LFKB,84,30,29,29,departures,0.34523809523809523,0.34523809523809523,path4_radius
LFKB,84,66,66,66,arrivals,0.7857142857142857,0.7857142857142857,path4_radius
GCLA,84,4,4,4,arrivals,0.047619047619047616,0.047619047619047616,path4_radius
EGHI,83,75,75,76,departures,0.9036144578313253,0.9156626506024096,path4_radius
EGJB,83,76,76,77,departures,0.9156626506024096,0.927710843373494,path4_radius
LYTV,83,1,0,0,arrivals,0.0,0.0,path4_radius
LYTV,82,3,0,0,departures,0.0,0.0,path4_radius
EDSB,81,76,76,77,departures,0.9382716049382716,0.9506172839506173,path4_radius
EGNS,81,75,74,74,arrivals,0.9135802469135802,0.9135802469135802,path4_radius
DTMB,81,0,0,0,arrivals,0.0,0.0,path4_radius
EGNS,80,71,71,71,departures,0.8875,0.8875,path4_radius
LFKJ,80,79,79,79,arrivals,0.9875,0.9875,path4_radius
LIMJ,79,76,75,75,departures,0.9493670886075949,0.9493670886075949,path4_radius
DTMB,79,0,0,0,departures,0.0,0.0,path4_radius
LFKJ,78,78,78,78,departures,1.0,1.0,path4_radius
EDFH,77,75,75,75,departures,0.974025974025974,0.974025974025974,path4_radius
LYPG,77,1,0,0,departures,0.0,0.0,path4_radius
LYPG,77,0,0,0,arrivals,0.0,0.0,path4_radius
EKYT,75,73,73,73,departures,0.9733333333333334,0.9733333333333334,path4_radius
LBWN,75,46,46,47,arrivals,0.6133333333333333,0.6266666666666667,path4_radius
LFMT,75,73,73,73,arrivals,0.9733333333333334,0.9733333333333334,path4_radius
UUDD,75,2,0,0,arrivals,0.0,0.0,path4_radius
LFMT,74,74,74,74,departures,1.0,1.0,path4_radius
EDFH,74,71,71,71,arrivals,0.9594594594594594,0.9594594594594594,path4_radius
LTAJ,74,0,0,0,arrivals,0.0,0.0,path4_radius
EGJB,74,70,61,64,arrivals,0.8243243243243243,0.8648648648648649,path4_radius
LTAU,73,0,0,0,arrivals,0.0,0.0,path4_radius
LTAJ,72,0,0,0,departures,0.0,0.0,path4_radius
LFMD,72,68,30,30,arrivals,0.4166666666666667,0.4166666666666667,path4_radius
EGHH,72,66,66,68,arrivals,0.9166666666666666,0.9444444444444444,path4_radius
ENTO,72,65,63,63,arrivals,0.875,0.875,path4_radius
LBWN,71,12,11,11,departures,0.15492957746478872,0.15492957746478872,path4_radius
LRIA,71,1,0,0,departures,0.0,0.0,path4_radius
EGHH,71,70,69,69,departures,0.971830985915493,0.971830985915493,path4_radius
ENTO,71,40,39,39,departures,0.5492957746478874,0.5492957746478874,path4_radius
EKYT,71,69,69,69,arrivals,0.971830985915493,0.971830985915493,path4_radius
LTAU,70,0,0,0,departures,0.0,0.0,path4_radius
LEAS,69,25,25,25,departures,0.36231884057971014,0.36231884057971014,path4_radius
UGSB,69,45,45,45,arrivals,0.6521739130434783,0.6521739130434783,path4_radius
EDLV,69,69,69,69,arrivals,1.0,1.0,path4_radius
EDLV,68,68,68,68,departures,1.0,1.0,path4_radius
LERS,68,61,61,61,arrivals,0.8970588235294118,0.8970588235294118,path4_radius
LEAS,68,2,2,2,arrivals,0.029411764705882353,0.029411764705882353,path4_radius
LRIA,68,0,0,0,arrivals,0.0,0.0,path4_radius
UGSB,67,55,55,55,departures,0.8208955223880597,0.8208955223880597,path4_radius
LERS,67,13,13,13,departures,0.19402985074626866,0.19402985074626866,path4_radius
URSS,67,0,0,0,arrivals,0.0,0.0,path4_radius
LFMD,65,59,57,59,departures,0.8769230769230769,0.9076923076923077,path4_radius
LFKF,65,58,57,57,arrivals,0.8769230769230769,0.8769230769230769,path4_radius
GMME,64,7,7,7,departures,0.109375,0.109375,path4_radius
GMME,63,23,22,22,arrivals,0.3492063492063492,0.3492063492063492,path4_radius
LIEA,62,62,62,62,departures,1.0,1.0,path4_radius
LGKF,62,61,60,60,departures,0.967741935483871,0.967741935483871,path4_radius
LIEA,62,62,62,62,arrivals,1.0,1.0,path4_radius
LIPQ,61,58,58,58,departures,0.9508196721311475,0.9508196721311475,path4_radius
LFKF,61,28,28,28,departures,0.45901639344262296,0.45901639344262296,path4_radius
EDDG,60,60,60,60,departures,1.0,1.0,path4_radius
EPRZ,60,57,56,56,departures,0.9333333333333333,0.9333333333333333,path4_radius
LGKF,60,57,57,59,arrivals,0.95,0.9833333333333333,path4_radius
DTNH,59,0,0,0,departures,0.0,0.0,path4_radius
LRTR,59,0,0,0,departures,0.0,0.0,path4_radius
LIPQ,59,59,58,58,arrivals,0.9830508474576272,0.9830508474576272,path4_radius
LTBA,58,57,53,57,departures,0.9137931034482759,0.9827586206896551,path4_radius
DTNH,58,0,0,0,arrivals,0.0,0.0,path4_radius
EPRZ,58,55,54,54,arrivals,0.9310344827586207,0.9310344827586207,path4_radius
LFBZ,57,56,56,58,arrivals,0.9824561403508771,1.0175438596491229,path4_radius
LRTR,57,0,0,1,arrivals,0.0,0.017543859649122806,path4_radius
LFQQ,57,56,56,57,arrivals,0.9824561403508771,1.0,path4_radius
LOWG,56,56,53,54,departures,0.9464285714285714,0.9642857142857143,path4_radius
LFQQ,56,56,56,56,departures,1.0,1.0,path4_radius
LTCC,56,0,0,0,arrivals,0.0,0.0,path4_radius
EDDG,56,54,54,54,arrivals,0.9642857142857143,0.9642857142857143,path4_radius
LFBZ,55,10,10,10,departures,0.18181818181818182,0.18181818181818182,path4_radius
LTCC,55,1,0,0,departures,0.0,0.0,path4_radius
LDPL,55,49,48,50,arrivals,0.8727272727272727,0.9090909090909091,path4_radius
LFTH,55,50,48,58,arrivals,0.8727272727272727,1.0545454545454545,path4_radius
EYKA,54,51,51,51,departures,0.9444444444444444,0.9444444444444444,path4_radius
LOWG,53,53,53,57,arrivals,1.0,1.0754716981132075,path4_radius
LKTB,52,51,48,49,departures,0.9230769230769231,0.9423076923076923,path4_radius
URSS,52,0,0,0,departures,0.0,0.0,path4_radius
GMFF,52,0,0,0,departures,0.0,0.0,path4_radius
LTBA,52,47,42,79,arrivals,0.8076923076923077,1.5192307692307692,path4_radius
LKTB,52,51,50,52,arrivals,0.9615384615384616,1.0,path4_radius
GMFF,52,0,0,0,arrivals,0.0,0.0,path4_radius
LFTH,51,17,14,25,departures,0.27450980392156865,0.49019607843137253,path4_radius
EGPE,51,48,48,48,departures,0.9411764705882353,0.9411764705882353,path4_radius
EHKD,50,42,41,53,departures,0.82,1.06,path4_radius
LFST,50,48,47,47,arrivals,0.94,0.94,path4_radius
EYKA,50,16,9,9,arrivals,0.18,0.18,path4_radius
LDPL,49,43,43,45,departures,0.8775510204081632,0.9183673469387755,path4_radius
UGKO,49,0,0,0,departures,0.0,0.0,path4_radius
LFST,49,47,47,47,departures,0.9591836734693877,0.9591836734693877,path4_radius
DAOO,49,22,22,22,arrivals,0.4489795918367347,0.4489795918367347,path4_radius
UGKO,49,0,0,0,arrivals,0.0,0.0,path4_radius
EGFF,49,46,44,44,arrivals,0.8979591836734694,0.8979591836734694,path4_radius
EGPE,49,45,45,45,arrivals,0.9183673469387755,0.9183673469387755,path4_radius
DAOO,48,9,9,9,departures,0.1875,0.1875,path4_radius
EGFF,48,47,47,50,departures,0.9791666666666666,1.0416666666666667,path4_radius
UBBN,48,0,0,0,departures,0.0,0.0,path4_radius
ENCN,48,35,35,35,departures,0.7291666666666666,0.7291666666666666,path4_radius
EHKD,48,37,37,45,arrivals,0.7708333333333334,0.9375,path4_radius
ENAL,48,1,1,1,arrivals,0.020833333333333332,0.020833333333333332,path4_radius
UBBN,48,1,0,0,arrivals,0.0,0.0,path4_radius
ORBI,48,1,0,0,arrivals,0.0,0.0,path4_radius
LFRB,47,41,41,41,departures,0.8723404255319149,0.8723404255319149,path4_radius
ENAL,46,0,0,0,departures,0.0,0.0,path4_radius
ENKB,46,0,0,0,departures,0.0,0.0,path4_radius
LGPZ,46,1,0,0,arrivals,0.0,0.0,path4_radius
LTFH,45,3,3,3,departures,0.06666666666666667,0.06666666666666667,path4_radius
LGPZ,45,1,0,0,departures,0.0,0.0,path4_radius
EDDC,45,44,44,44,departures,0.9777777777777777,0.9777777777777777,path4_radius
LGPA,45,0,0,0,departures,0.0,0.0,path4_radius
LTFH,45,4,3,3,arrivals,0.06666666666666667,0.06666666666666667,path4_radius
EDDC,45,45,45,45,arrivals,1.0,1.0,path4_radius
LIRI,44,7,0,0,departures,0.0,0.0,path4_radius
GEML,44,43,43,43,departures,0.9772727272727273,0.9772727272727273,path4_radius
ORER,44,0,0,0,departures,0.0,0.0,path4_radius
ESSB,44,38,37,38,departures,0.8409090909090909,0.8636363636363636,path4_radius
BIRK,44,41,41,41,departures,0.9318181818181818,0.9318181818181818,path4_radius
GEML,44,43,43,45,arrivals,0.9772727272727273,1.0227272727272727,path4_radius
ORER,44,0,0,0,arrivals,0.0,0.0,path4_radius
LEJR,44,43,43,44,arrivals,0.9772727272727273,1.0,path4_radius
BIRK,44,36,34,35,arrivals,0.7727272727272727,0.7954545454545454,path4_radius
ENKB,44,0,0,0,arrivals,0.0,0.0,path4_radius
LFRB,44,39,39,39,arrivals,0.8863636363636364,0.8863636363636364,path4_radius
LKMT,44,39,39,41,arrivals,0.8863636363636364,0.9318181818181818,path4_radius
LKMT,43,40,39,39,departures,0.9069767441860465,0.9069767441860465,path4_radius
LIBP,43,43,43,43,arrivals,1.0,1.0,path4_radius
LOWI,43,28,27,27,arrivals,0.627906976744186,0.627906976744186,path4_radius
ENCN,43,10,10,10,arrivals,0.23255813953488372,0.23255813953488372,path4_radius
EPMO,42,42,42,43,departures,1.0,1.0238095238095237,path4_radius
ENEV,42,6,0,0,departures,0.0,0.0,path4_radius
ORBI,42,0,0,0,departures,0.0,0.0,path4_radius
LIRI,42,3,0,0,arrivals,0.0,0.0,path4_radius
UMMS,42,2,2,2,arrivals,0.047619047619047616,0.047619047619047616,path4_radius
ESMS,42,36,36,37,arrivals,0.8571428571428571,0.8809523809523809,path4_radius
ENEV,42,9,0,0,arrivals,0.0,0.0,path4_radius
LGSM,42,16,16,17,arrivals,0.38095238095238093,0.40476190476190477,path4_radius
ESMS,41,38,38,38,departures,0.926829268292683,0.926829268292683,path4_radius
LIBP,41,41,41,42,departures,1.0,1.024390243902439,path4_radius
LGSM,41,8,7,7,departures,0.17073170731707318,0.17073170731707318,path4_radius
LIRZ,41,41,41,45,arrivals,1.0,1.0975609756097562,path4_radius
UMMS,40,14,14,14,departures,0.35,0.35,path4_radius
LEJR,40,40,40,40,departures,1.0,1.0,path4_radius
LEVX,40,16,16,17,arrivals,0.4,0.425,path4_radius
UWKD,40,0,0,0,arrivals,0.0,0.0,path4_radius
LICT,40,4,4,4,arrivals,0.1,0.1,path4_radius
EPMO,40,30,30,30,arrivals,0.75,0.75,path4_radius
LEAM,40,37,36,37,arrivals,0.9,0.925,path4_radius
GMMW,40,34,32,32,arrivals,0.8,0.8,path4_radius
LGPA,40,0,0,0,arrivals,0.0,0.0,path4_radius
LEVT,39,0,0,0,departures,0.0,0.0,path4_radius
LICT,39,3,3,3,departures,0.07692307692307693,0.07692307692307693,path4_radius
LIRZ,39,39,35,35,departures,0.8974358974358975,0.8974358974358975,path4_radius
LEXJ,39,0,0,0,departures,0.0,0.0,path4_radius
GMMW,39,32,32,32,departures,0.8205128205128205,0.8205128205128205,path4_radius
EGPB,39,0,0,0,arrivals,0.0,0.0,path4_radius
LEVT,39,0,0,0,arrivals,0.0,0.0,path4_radius
LEZG,39,16,15,15,arrivals,0.38461538461538464,0.38461538461538464,path4_radius
EDLP,39,35,35,36,arrivals,0.8974358974358975,0.9230769230769231,path4_radius
EGPB,38,0,0,0,departures,0.0,0.0,path4_radius
UWKD,38,0,0,0,departures,0.0,0.0,path4_radius
LEZG,38,14,14,15,departures,0.3684210526315789,0.39473684210526316,path4_radius
ESPA,38,0,0,0,departures,0.0,0.0,path4_radius
LEVX,37,2,1,1,departures,0.02702702702702703,0.02702702702702703,path4_radius
LGSK,37,5,5,5,departures,0.13513513513513514,0.13513513513513514,path4_radius
LOWL,37,36,36,37,departures,0.972972972972973,1.0,path4_radius
LEAM,37,35,35,35,departures,0.9459459459459459,0.9459459459459459,path4_radius
LIPY,37,1,0,0,departures,0.0,0.0,path4_radius
LGSK,37,30,30,30,arrivals,0.8108108108108109,0.8108108108108109,path4_radius
ESSB,37,32,32,35,arrivals,0.8648648648648649,0.9459459459459459,path4_radius
LEXJ,37,0,0,0,arrivals,0.0,0.0,path4_radius
EGTE,36,33,33,33,departures,0.9166666666666666,0.9166666666666666,path4_radius
LECO,36,35,35,35,departures,0.9722222222222222,0.9722222222222222,path4_radius
EGTE,36,33,33,33,arrivals,0.9166666666666666,0.9166666666666666,path4_radius
LIPY,36,8,8,9,arrivals,0.2222222222222222,0.25,path4_radius
LTFO,36,18,17,17,arrivals,0.4722222222222222,0.4722222222222222,path4_radius
EGMC,35,35,35,36,departures,1.0,1.0285714285714285,path4_radius
EDLP,35,32,32,33,departures,0.9142857142857143,0.9428571428571428,path4_radius
LZKZ,35,23,23,23,departures,0.6571428571428571,0.6571428571428571,path4_radius
LTFO,35,0,0,0,departures,0.0,0.0,path4_radius
LTFG,35,35,34,34,arrivals,0.9714285714285714,0.9714285714285714,path4_radius
ESPA,35,0,0,0,arrivals,0.0,0.0,path4_radius
LECO,35,35,35,48,arrivals,1.0,1.3714285714285714,path4_radius
GMFO,34,4,4,4,departures,0.11764705882352941,0.11764705882352941,path4_radius
LTFG,34,34,34,34,departures,1.0,1.0,path4_radius
LEGR,34,0,0,0,departures,0.0,0.0,path4_radius
LOWL,34,32,31,31,arrivals,0.9117647058823529,0.9117647058823529,path4_radius
LICR,34,1,0,0,arrivals,0.0,0.0,path4_radius
GMFO,34,22,22,22,arrivals,0.6470588235294118,0.6470588235294118,path4_radius
LEGR,34,0,0,0,arrivals,0.0,0.0,path4_radius
LGMT,34,34,34,34,arrivals,1.0,1.0,path4_radius
LZKZ,34,27,27,27,arrivals,0.7941176470588235,0.7941176470588235,path4_radius
LICR,33,0,0,0,departures,0.0,0.0,path4_radius
LTCI,33,0,0,0,departures,0.0,0.0,path4_radius
LGMT,33,31,31,32,departures,0.9393939393939394,0.9696969696969697,path4_radius
LOWI,33,26,25,26,departures,0.7575757575757576,0.7878787878787878,path4_radius
EGMC,33,33,33,63,arrivals,1.0,1.9090909090909092,path4_radius
EKAH,33,30,30,30,arrivals,0.9090909090909091,0.9090909090909091,path4_radius
EGWU,32,32,0,2,departures,0.0,0.0625,path4_radius
LTCB,32,2,2,2,departures,0.0625,0.0625,path4_radius
EKAH,32,24,24,24,departures,0.75,0.75,path4_radius
LFRN,32,32,32,32,departures,1.0,1.0,path4_radius
LEMI,32,31,31,31,arrivals,0.96875,0.96875,path4_radius
LTCI,32,0,0,0,arrivals,0.0,0.0,path4_radius
LEMI,31,30,30,30,departures,0.967741935483871,0.967741935483871,path4_radius
EIKN,31,30,30,30,departures,0.967741935483871,0.967741935483871,path4_radius
ENHD,31,5,4,4,departures,0.12903225806451613,0.12903225806451613,path4_radius
EDMO,31,29,27,27,departures,0.8709677419354839,0.8709677419354839,path4_radius
LFRN,31,31,31,31,arrivals,1.0,1.0,path4_radius
LTCE,31,1,0,0,arrivals,0.0,0.0,path4_radius
EGPK,30,29,29,29,departures,0.9666666666666667,0.9666666666666667,path4_radius
URMM,30,0,0,0,departures,0.0,0.0,path4_radius
LGNX,30,1,0,0,departures,0.0,0.0,path4_radius
LTCB,30,10,10,10,arrivals,0.3333333333333333,0.3333333333333333,path4_radius
LGNX,30,1,0,0,arrivals,0.0,0.0,path4_radius
EIKN,30,30,30,30,arrivals,1.0,1.0,path4_radius
EBAW,29,29,25,25,departures,0.8620689655172413,0.8620689655172413,path4_radius
LTCE,29,0,0,0,departures,0.0,0.0,path4_radius
EGPA,29,0,0,0,departures,0.0,0.0,path4_radius
LTAZ,29,0,0,0,departures,0.0,0.0,path4_radius
EGPK,29,29,29,30,arrivals,1.0,1.0344827586206897,path4_radius
URMM,29,0,0,0,arrivals,0.0,0.0,path4_radius
ENHD,29,19,18,18,arrivals,0.6206896551724138,0.6206896551724138,path4_radius
LTAZ,29,1,0,0,arrivals,0.0,0.0,path4_radius
EGHQ,28,27,27,27,departures,0.9642857142857143,0.9642857142857143,path4_radius
ESNU,28,0,0,0,departures,0.0,0.0,path4_radius
EGHQ,28,27,27,27,arrivals,0.9642857142857143,0.9642857142857143,path4_radius
LTCA,27,0,0,0,departures,0.0,0.0,path4_radius
ENBN,27,0,0,0,departures,0.0,0.0,path4_radius
LICD,27,4,4,4,departures,0.14814814814814814,0.14814814814814814,path4_radius
LIPB,27,18,17,18,arrivals,0.6296296296296297,0.6666666666666666,path4_radius
EGWU,27,25,0,0,arrivals,0.0,0.0,path4_radius
LTAN,27,0,0,0,arrivals,0.0,0.0,path4_radius
LTCA,27,0,0,0,arrivals,0.0,0.0,path4_radius
LICD,27,8,8,8,arrivals,0.2962962962962963,0.2962962962962963,path4_radius
LFKC,27,27,27,27,arrivals,1.0,1.0,path4_radius
LTAT,26,0,0,0,departures,0.0,0.0,path4_radius
LPCS,26,26,23,24,departures,0.8846153846153846,0.9230769230769231,path4_radius
LIPB,26,0,0,0,departures,0.0,0.0,path4_radius
LTCS,26,0,0,0,departures,0.0,0.0,path4_radius
LTAN,26,0,0,0,departures,0.0,0.0,path4_radius
LRBS,26,26,25,94,departures,0.9615384615384616,3.6153846153846154,path4_radius
LFKC,26,26,26,26,departures,1.0,1.0,path4_radius
LGHI,26,3,2,2,arrivals,0.07692307692307693,0.07692307692307693,path4_radius
LTCS,26,0,0,0,arrivals,0.0,0.0,path4_radius
ESNU,26,0,0,0,arrivals,0.0,0.0,path4_radius
ENBN,26,0,0,0,arrivals,0.0,0.0,path4_radius
EGPA,26,0,0,0,arrivals,0.0,0.0,path4_radius
LGKL,25,11,10,10,departures,0.4,0.4,path4_radius
LGHI,25,3,2,2,departures,0.08,0.08,path4_radius
LGML,25,0,0,0,departures,0.0,0.0,path4_radius
LFMP,25,10,10,10,departures,0.4,0.4,path4_radius
EHBK,25,21,20,20,departures,0.8,0.8,path4_radius
EFOU,25,0,0,0,departures,0.0,0.0,path4_radius
EGSH,25,25,25,25,departures,1.0,1.0,path4_radius
LPCS,25,24,22,29,arrivals,0.88,1.16,path4_radius
LGKL,25,20,20,22,arrivals,0.8,0.88,path4_radius
EBAW,25,25,24,26,arrivals,0.96,1.04,path4_radius
EFOU,25,0,0,0,arrivals,0.0,0.0,path4_radius
EGSH,25,25,25,25,arrivals,1.0,1.0,path4_radius
LFRK,24,13,12,12,departures,0.5,0.5,path4_radius
EKVG,24,0,0,0,departures,0.0,0.0,path4_radius
ENFL,24,0,0,0,departures,0.0,0.0,path4_radius
ENAT,24,0,0,0,departures,0.0,0.0,path4_radius
LICG,24,0,0,0,departures,0.0,0.0,path4_radius
LIPR,24,23,23,25,departures,0.9583333333333334,1.0416666666666667,path4_radius
LTAT,24,0,0,0,arrivals,0.0,0.0,path4_radius
EKVG,24,0,0,0,arrivals,0.0,0.0,path4_radius
ENFL,24,0,0,0,arrivals,0.0,0.0,path4_radius
ENAT,24,0,0,0,arrivals,0.0,0.0,path4_radius
LESO,24,2,0,0,arrivals,0.0,0.0,path4_radius
LFMP,24,18,18,18,arrivals,0.75,0.75,path4_radius
EHBK,24,19,19,22,arrivals,0.7916666666666666,0.9166666666666666,path4_radius
LIPR,24,24,23,24,arrivals,0.9583333333333334,1.0,path4_radius
EDDR,23,17,17,18,departures,0.7391304347826086,0.782608695652174,path4_radius
ESSV,23,0,0,0,departures,0.0,0.0,path4_radius
ENOV,23,0,0,0,departures,0.0,0.0,path4_radius
ENKR,23,0,0,0,departures,0.0,0.0,path4_radius
LESO,23,1,0,0,departures,0.0,0.0,path4_radius
ENLK,23,5,0,0,departures,0.0,0.0,path4_radius
LFBT,23,23,23,23,departures,1.0,1.0,path4_radius
ENKR,23,0,0,0,arrivals,0.0,0.0,path4_radius
LICG,23,3,3,3,arrivals,0.13043478260869565,0.13043478260869565,path4_radius
EGPO,23,3,0,0,arrivals,0.0,0.0,path4_radius
EDXW,22,20,19,19,departures,0.8636363636363636,0.8636363636363636,path4_radius
LLER,22,0,0,0,departures,0.0,0.0,path4_radius
LSGS,22,0,0,2,departures,0.0,0.09090909090909091,path4_radius
LRSB,22,1,0,0,departures,0.0,0.0,path4_radius
LFBP,22,10,10,10,departures,0.45454545454545453,0.45454545454545453,path4_radius
LGKP,22,0,0,0,departures,0.0,0.0,path4_radius
EGNV,22,19,19,19,departures,0.8636363636363636,0.8636363636363636,path4_radius
EGPO,22,0,0,0,departures,0.0,0.0,path4_radius
EPSC,22,6,6,6,departures,0.2727272727272727,0.2727272727272727,path4_radius
EIKY,22,22,22,22,departures,1.0,1.0,path4_radius
LRCV,22,1,0,0,departures,0.0,0.0,path4_radius
GCHI,22,0,0,0,departures,0.0,0.0,path4_radius
LFRK,22,21,18,18,arrivals,0.8181818181818182,0.8181818181818182,path4_radius
EDDR,22,16,16,19,arrivals,0.7272727272727273,0.8636363636363636,path4_radius
ESSV,22,3,3,3,arrivals,0.13636363636363635,0.13636363636363635,path4_radius
EDXW,22,21,20,21,arrivals,0.9090909090909091,0.9545454545454546,path4_radius
ENOV,22,0,0,0,arrivals,0.0,0.0,path4_radius
LLER,22,0,0,0,arrivals,0.0,0.0,path4_radius
LRSB,22,3,3,4,arrivals,0.13636363636363635,0.18181818181818182,path4_radius
LFBP,22,22,20,20,arrivals,0.9090909090909091,0.9090909090909091,path4_radius
LGKP,22,0,0,0,arrivals,0.0,0.0,path4_radius
EDMO,22,22,18,19,arrivals,0.8181818181818182,0.8636363636363636,path4_radius
EPSC,22,12,11,11,arrivals,0.5,0.5,path4_radius
ENLK,22,3,0,0,arrivals,0.0,0.0,path4_radius
GCHI,22,0,0,0,arrivals,0.0,0.0,path4_radius
LFBT,22,22,22,24,arrivals,1.0,1.0909090909090908,path4_radius
LDRI,21,0,0,0,departures,0.0,0.0,path4_radius
ENSG,21,7,0,0,departures,0.0,0.0,path4_radius
LRSV,21,0,0,0,departures,0.0,0.0,path4_radius
BIAR,21,0,0,0,departures,0.0,0.0,path4_radius
LDRI,21,18,18,19,arrivals,0.8571428571428571,0.9047619047619048,path4_radius
ENSG,21,8,0,0,arrivals,0.0,0.0,path4_radius
LGML,21,0,0,0,arrivals,0.0,0.0,path4_radius
EGNV,21,19,19,19,arrivals,0.9047619047619048,0.9047619047619048,path4_radius
LSZB,21,20,20,25,arrivals,0.9523809523809523,1.1904761904761905,path4_radius
EIKY,21,21,21,21,arrivals,1.0,1.0,path4_radius
LFLC,21,20,20,21,arrivals,0.9523809523809523,1.0,path4_radius
LRCV,21,1,0,0,arrivals,0.0,0.0,path4_radius
LRBS,21,21,20,22,arrivals,0.9523809523809523,1.0476190476190477,path4_radius
BIAR,21,0,0,0,arrivals,0.0,0.0,path4_radius
DABC,20,0,0,0,departures,0.0,0.0,path4_radius
LTCR,20,0,0,0,departures,0.0,0.0,path4_radius
LSZB,20,18,18,18,departures,0.9,0.9,path4_radius
GMTN,20,20,19,19,arrivals,0.95,0.95,path4_radius
LSGS,20,2,0,2,arrivals,0.0,0.1,path4_radius
LTCR,20,0,0,0,arrivals,0.0,0.0,path4_radius
LRSV,20,0,0,0,arrivals,0.0,0.0,path4_radius
EGNJ,20,15,15,15,arrivals,0.75,0.75,path4_radius
HLLM,20,1,0,0,arrivals,0.0,0.0,path4_radius
DABC,20,0,0,0,arrivals,0.0,0.0,path4_radius
LOWK,19,0,0,0,departures,0.0,0.0,path4_radius
LTCJ,19,0,0,0,departures,0.0,0.0,path4_radius
GMTN,19,18,18,18,departures,0.9473684210526315,0.9473684210526315,path4_radius
EFTU,19,10,10,10,departures,0.5263157894736842,0.5263157894736842,path4_radius
ENVD,19,0,0,0,departures,0.0,0.0,path4_radius
LRBC,19,1,1,1,departures,0.05263157894736842,0.05263157894736842,path4_radius
EGTK,19,19,19,20,departures,1.0,1.0526315789473684,path4_radius
ENSK,19,5,0,0,departures,0.0,0.0,path4_radius
LSZR,19,19,19,22,departures,1.0,1.1578947368421053,path4_radius
HLLM,19,0,0,0,departures,0.0,0.0,path4_radius
LTCJ,19,0,0,0,arrivals,0.0,0.0,path4_radius
LRBC,19,2,2,2,arrivals,0.10526315789473684,0.10526315789473684,path4_radius
ENSK,19,4,0,0,arrivals,0.0,0.0,path4_radius
LFTZ,19,18,0,0,arrivals,0.0,0.0,path4_radius
LSZR,19,19,19,19,arrivals,1.0,1.0,path4_radius
EYPA,18,16,15,16,departures,0.8333333333333334,0.8888888888888888,path4_radius
EGJA,18,6,6,6,departures,0.3333333333333333,0.3333333333333333,path4_radius
EBOS,18,16,16,16,departures,0.8888888888888888,0.8888888888888888,path4_radius
LFLC,18,12,12,12,departures,0.6666666666666666,0.6666666666666666,path4_radius
LOWK,18,5,5,5,arrivals,0.2777777777777778,0.2777777777777778,path4_radius
LIPO,18,18,14,18,arrivals,0.7777777777777778,1.0,path4_radius
EFTU,18,10,10,10,arrivals,0.5555555555555556,0.5555555555555556,path4_radius
EGJA,18,18,15,23,arrivals,0.8333333333333334,1.2777777777777777,path4_radius
EFRO,17,0,0,0,departures,0.0,0.0,path4_radius
LPAZ,17,9,9,9,departures,0.5294117647058824,0.5294117647058824,path4_radius
EPLL,17,3,3,3,departures,0.17647058823529413,0.17647058823529413,path4_radius
EBKT,17,16,16,17,departures,0.9411764705882353,1.0,path4_radius
LQBK,17,0,0,0,departures,0.0,0.0,path4_radius
ENML,17,0,0,0,departures,0.0,0.0,path4_radius
LGAL,17,1,1,1,departures,0.058823529411764705,0.058823529411764705,path4_radius
EFRO,17,0,0,0,arrivals,0.0,0.0,path4_radius
LQBK,17,4,4,4,arrivals,0.23529411764705882,0.23529411764705882,path4_radius
EYPA,17,3,2,2,arrivals,0.11764705882352941,0.11764705882352941,path4_radius
EBOS,17,16,16,18,arrivals,0.9411764705882353,1.0588235294117647,path4_radius
LFLY,16,16,0,0,departures,0.0,0.0,path4_radius
EKRN,16,0,0,0,departures,0.0,0.0,path4_radius
LYNI,16,0,0,0,departures,0.0,0.0,path4_radius
LFBL,16,0,0,0,departures,0.0,0.0,path4_radius
EPBY,16,15,15,15,departures,0.9375,0.9375,path4_radius
LTCF,16,0,0,0,departures,0.0,0.0,path4_radius
EGNJ,16,12,12,12,departures,0.75,0.75,path4_radius
EDDE,16,16,16,16,departures,1.0,1.0,path4_radius
LXGB,16,15,15,15,departures,0.9375,0.9375,path4_radius
LEPP,16,0,0,0,departures,0.0,0.0,path4_radius
EPLB,16,15,15,15,departures,0.9375,0.9375,path4_radius
LFBE,16,15,15,15,departures,0.9375,0.9375,path4_radius
EKEB,16,13,13,13,departures,0.8125,0.8125,path4_radius
LECH,16,14,14,14,departures,0.875,0.875,path4_radius
LFLY,16,16,0,0,arrivals,0.0,0.0,path4_radius
LYNI,16,0,0,0,arrivals,0.0,0.0,path4_radius
LFBL,16,0,0,0,arrivals,0.0,0.0,path4_radius
EPLL,16,15,15,15,arrivals,0.9375,0.9375,path4_radius
LTCF,16,0,0,0,arrivals,0.0,0.0,path4_radius
LFMK,16,15,15,15,arrivals,0.9375,0.9375,path4_radius
ENSH,16,1,0,0,arrivals,0.0,0.0,path4_radius
EGTK,16,16,14,14,arrivals,0.875,0.875,path4_radius
LGAL,16,16,16,16,arrivals,1.0,1.0,path4_radius
EDVE,16,16,14,14,arrivals,0.875,0.875,path4_radius
LXGB,16,15,15,15,arrivals,0.9375,0.9375,path4_radius
EPLB,16,15,15,17,arrivals,0.9375,1.0625,path4_radius
LFBE,16,13,13,13,arrivals,0.8125,0.8125,path4_radius
UWGG,15,0,0,0,departures,0.0,0.0,path4_radius
HESX,15,0,0,2,departures,0.0,0.13333333333333333,path4_radius
LTCK,15,0,0,0,departures,0.0,0.0,path4_radius
EDNY,15,13,12,12,departures,0.8,0.8,path4_radius
LFMK,15,15,14,14,departures,0.9333333333333333,0.9333333333333333,path4_radius
ENRA,15,0,0,0,departures,0.0,0.0,path4_radius
EGAE,15,3,3,3,departures,0.2,0.2,path4_radius
LFRM,15,15,14,16,arrivals,0.9333333333333333,1.0666666666666667,path4_radius
EKRN,15,6,6,6,arrivals,0.4,0.4,path4_radius
HESX,15,4,4,12,arrivals,0.26666666666666666,0.8,path4_radius
ENVD,15,0,0,0,arrivals,0.0,0.0,path4_radius
LTCK,15,0,0,0,arrivals,0.0,0.0,path4_radius
EPBY,15,8,8,8,arrivals,0.5333333333333333,0.5333333333333333,path4_radius
EDNY,15,12,12,13,arrivals,0.8,0.8666666666666667,path4_radius
ENML,15,0,0,0,arrivals,0.0,0.0,path4_radius
LLHA,15,13,13,13,arrivals,0.8666666666666667,0.8666666666666667,path4_radius
EDDE,15,15,15,15,arrivals,1.0,1.0,path4_radius
LFSD,15,15,14,14,arrivals,0.9333333333333333,0.9333333333333333,path4_radius
LGLM,15,2,0,0,arrivals,0.0,0.0,path4_radius
EKEB,15,12,12,12,arrivals,0.8,0.8,path4_radius
LECH,15,13,13,13,arrivals,0.8666666666666667,0.8666666666666667,path4_radius
LTAY,14,0,0,0,departures,0.0,0.0,path4_radius
ETSI,14,13,13,13,departures,0.9285714285714286,0.9285714285714286,path4_radius
LLHA,14,13,13,13,departures,0.9285714285714286,0.9285714285714286,path4_radius
LROD,14,0,0,0,departures,0.0,0.0,path4_radius
ENSH,14,1,0,0,departures,0.0,0.0,path4_radius
LTAR,14,0,0,0,departures,0.0,0.0,path4_radius
EFKU,14,14,14,14,departures,1.0,1.0,path4_radius
EDVE,14,14,14,14,departures,1.0,1.0,path4_radius
LGLM,14,2,0,0,departures,0.0,0.0,path4_radius
LFBH,14,5,5,5,arrivals,0.35714285714285715,0.35714285714285715,path4_radius
LPAZ,14,11,11,13,arrivals,0.7857142857142857,0.9285714285714286,path4_radius
LROD,14,0,0,0,arrivals,0.0,0.0,path4_radius
ENRA,14,0,0,0,arrivals,0.0,0.0,path4_radius
EGAE,14,2,2,2,arrivals,0.14285714285714285,0.14285714285714285,path4_radius
LTAR,14,0,0,0,arrivals,0.0,0.0,path4_radius
LEPP,14,2,2,2,arrivals,0.14285714285714285,0.14285714285714285,path4_radius
LFRM,13,13,13,14,departures,1.0,1.0769230769230769,path4_radius
LFBH,13,13,13,13,departures,1.0,1.0,path4_radius
LTDA,13,0,0,0,departures,0.0,0.0,path4_radius
LGKV,13,13,13,13,departures,1.0,1.0,path4_radius
LPPS,13,3,3,3,departures,0.23076923076923078,0.23076923076923078,path4_radius
LFRZ,13,11,10,10,departures,0.7692307692307693,0.7692307692307693,path4_radius
LTCT,13,0,0,0,departures,0.0,0.0,path4_radius
LIBC,13,0,0,0,departures,0.0,0.0,path4_radius
EDMA,13,13,13,13,departures,1.0,1.0,path4_radius
EFVA,13,0,0,0,departures,0.0,0.0,path4_radius
UWGG,13,0,0,0,arrivals,0.0,0.0,path4_radius
LTAY,13,0,0,0,arrivals,0.0,0.0,path4_radius
LGKV,13,13,13,13,arrivals,1.0,1.0,path4_radius
LPPS,13,6,6,6,arrivals,0.46153846153846156,0.46153846153846156,path4_radius
LFRZ,13,13,12,17,arrivals,0.9230769230769231,1.3076923076923077,path4_radius
EFKU,13,13,13,13,arrivals,1.0,1.0,path4_radius
LTCT,13,0,0,0,arrivals,0.0,0.0,path4_radius
LBPD,13,1,0,0,arrivals,0.0,0.0,path4_radius
ESNS,12,0,0,0,departures,0.0,0.0,path4_radius
LTFD,12,9,9,9,departures,0.75,0.75,path4_radius
EDFM,12,11,11,18,departures,0.9166666666666666,1.5,path4_radius
ENST,12,0,0,0,departures,0.0,0.0,path4_radius
LFMU,12,5,5,5,departures,0.4166666666666667,0.4166666666666667,path4_radius
ENBL,12,0,0,0,departures,0.0,0.0,path4_radius
EKRK,12,11,11,11,departures,0.9166666666666666,0.9166666666666666,path4_radius
GCGM,12,0,0,0,departures,0.0,0.0,path4_radius
ENSD,12,1,0,0,departures,0.0,0.0,path4_radius
LTCP,12,0,0,0,departures,0.0,0.0,path4_radius
LIRS,12,2,1,1,departures,0.08333333333333333,0.08333333333333333,path4_radius
LFTZ,12,11,0,0,departures,0.0,0.0,path4_radius
LTCN,12,0,0,0,departures,0.0,0.0,path4_radius
LFTW,12,12,12,12,departures,1.0,1.0,path4_radius
HLLB,12,0,0,0,departures,0.0,0.0,path4_radius
LGIO,12,10,10,10,arrivals,0.8333333333333334,0.8333333333333334,path4_radius
LTCD,12,0,0,0,arrivals,0.0,0.0,path4_radius
LTFD,12,12,12,12,arrivals,1.0,1.0,path4_radius
LIBF,12,0,0,0,arrivals,0.0,0.0,path4_radius
ETSI,12,11,10,10,arrivals,0.8333333333333334,0.8333333333333334,path4_radius
EKSB,12,12,12,12,arrivals,1.0,1.0,path4_radius
LGRX,12,2,1,1,arrivals,0.08333333333333333,0.08333333333333333,path4_radius
LFMU,12,11,11,11,arrivals,0.9166666666666666,0.9166666666666666,path4_radius
GCGM,12,0,0,0,arrivals,0.0,0.0,path4_radius
LTCN,12,0,0,0,arrivals,0.0,0.0,path4_radius
HLLB,12,1,1,1,arrivals,0.08333333333333333,0.08333333333333333,path4_radius
LIBC,12,0,0,0,arrivals,0.0,0.0,path4_radius
EFVA,12,0,0,0,arrivals,0.0,0.0,path4_radius
LRBV,11,10,10,10,departures,0.9090909090909091,0.9090909090909091,path4_radius
LTCD,11,0,0,0,departures,0.0,0.0,path4_radius
EGPN,11,11,11,12,departures,1.0,1.0909090909090908,path4_radius
LTCV,11,0,0,0,departures,0.0,0.0,path4_radius
LIPO,11,11,11,13,departures,1.0,1.1818181818181819,path4_radius
LGRX,11,0,0,0,departures,0.0,0.0,path4_radius
ENAN,11,4,0,0,departures,0.0,0.0,path4_radius
GMML,11,0,0,0,departures,0.0,0.0,path4_radius
LFSD,11,11,11,11,departures,1.0,1.0,path4_radius
LFMV,11,11,11,11,arrivals,1.0,1.0,path4_radius
EGPN,11,11,11,11,arrivals,1.0,1.0,path4_radius
LTCV,11,0,0,0,arrivals,0.0,0.0,path4_radius
ESNS,11,6,6,6,arrivals,0.5454545454545454,0.5454545454545454,path4_radius
LTDA,11,0,0,0,arrivals,0.0,0.0,path4_radius
EDFM,11,10,10,16,arrivals,0.9090909090909091,1.4545454545454546,path4_radius
ENST,11,0,0,0,arrivals,0.0,0.0,path4_radius
LICB,11,11,10,12,arrivals,0.9090909090909091,1.0909090909090908,path4_radius
ENBL,11,0,0,0,arrivals,0.0,0.0,path4_radius
GMML,11,0,0,0,arrivals,0.0,0.0,path4_radius
ENSD,11,3,0,0,arrivals,0.0,0.0,path4_radius
LTCP,11,0,0,0,arrivals,0.0,0.0,path4_radius
LIRS,11,3,3,3,arrivals,0.2727272727272727,0.2727272727272727,path4_radius
LFTW,11,11,11,11,arrivals,1.0,1.0,path4_radius
EDMA,11,11,11,11,arrivals,1.0,1.0,path4_radius
LGIO,10,9,9,9,departures,0.9,0.9,path4_radius
LFMV,10,9,9,10,departures,0.9,1.0,path4_radius
EKSB,10,10,10,10,departures,1.0,1.0,path4_radius
ESNZ,10,8,8,8,departures,0.8,0.8,path4_radius
LQMO,10,0,0,0,departures,0.0,0.0,path4_radius
LGIK,10,0,0,0,departures,0.0,0.0,path4_radius
LIMP,10,5,5,5,departures,0.5,0.5,path4_radius
EHGG,10,10,10,10,departures,1.0,1.0,path4_radius
LIPK,10,8,8,8,departures,0.8,0.8,path4_radius
DAAE,10,0,0,0,departures,0.0,0.0,path4_radius
LFCR,10,10,10,10,arrivals,1.0,1.0,path4_radius
EKOD,10,10,10,10,arrivals,1.0,1.0,path4_radius
EHGG,10,10,10,11,arrivals,1.0,1.1,path4_radius
LDSB,10,1,0,0,arrivals,0.0,0.0,path4_radius
LIPK,10,8,8,8,arrivals,0.8,0.8,path4_radius
DAAE,10,2,2,2,arrivals,0.2,0.2,path4_radius
LICB,9,9,9,9,departures,1.0,1.0,path4_radius
EDTY,9,9,7,7,departures,0.7777777777777778,0.7777777777777778,path4_radius
LFCR,9,9,9,9,departures,1.0,1.0,path4_radius
LKPD,9,9,9,13,departures,1.0,1.4444444444444444,path4_radius
GMMI,9,0,0,0,departures,0.0,0.0,path4_radius
ESTA,9,1,1,1,departures,0.1111111111111111,0.1111111111111111,path4_radius
ESKN,9,7,7,7,departures,0.7777777777777778,0.7777777777777778,path4_radius
LBPD,9,0,0,0,departures,0.0,0.0,path4_radius
GMFK,9,0,0,0,departures,0.0,0.0,path4_radius
LTCO,9,0,0,0,departures,0.0,0.0,path4_radius
ENMS,9,0,0,0,departures,0.0,0.0,path4_radius
LDSB,9,0,0,0,departures,0.0,0.0,path4_radius
LTBR,9,7,6,6,departures,0.6666666666666666,0.6666666666666666,path4_radius
ENNA,9,0,0,0,departures,0.0,0.0,path4_radius
UUBW,9,0,0,0,arrivals,0.0,0.0,path4_radius
LRBV,9,9,9,9,arrivals,1.0,1.0,path4_radius
ESNZ,9,7,7,7,arrivals,0.7777777777777778,0.7777777777777778,path4_radius
EKRK,9,9,9,10,arrivals,1.0,1.1111111111111112,path4_radius
DAON,9,0,0,0,arrivals,0.0,0.0,path4_radius
LQMO,9,0,0,0,arrivals,0.0,0.0,path4_radius
GMMI,9,0,0,0,arrivals,0.0,0.0,path4_radius
LGIK,9,0,0,0,arrivals,0.0,0.0,path4_radius
ENAN,9,4,0,0,arrivals,0.0,0.0,path4_radius
URML,9,0,0,0,arrivals,0.0,0.0,path4_radius
ESKN,9,6,6,7,arrivals,0.6666666666666666,0.7777777777777778,path4_radius
EGNR,9,8,1,1,arrivals,0.1111111111111111,0.1111111111111111,path4_radius
GMFK,9,0,0,0,arrivals,0.0,0.0,path4_radius
LTCO,9,1,0,0,arrivals,0.0,0.0,path4_radius
ENMS,9,0,0,0,arrivals,0.0,0.0,path4_radius
LTBR,9,7,7,11,arrivals,0.7777777777777778,1.2222222222222223,path4_radius
EPSY,8,6,6,6,departures,0.75,0.75,path4_radius
LSMP,8,8,7,8,departures,0.875,1.0,path4_radius
LQTZ,8,5,5,5,departures,0.625,0.625,path4_radius
LFSL,8,0,0,0,departures,0.0,0.0,path4_radius
LDOS,8,1,1,1,departures,0.125,0.125,path4_radius
EGPI,8,0,0,0,departures,0.0,0.0,path4_radius
ESMX,8,0,0,0,departures,0.0,0.0,path4_radius
EFMA,8,2,2,2,departures,0.25,0.25,path4_radius
LFRG,8,8,8,10,departures,1.0,1.25,path4_radius
EGPR,8,0,0,0,departures,0.0,0.0,path4_radius
BIEG,8,0,0,0,departures,0.0,0.0,path4_radius
DAON,8,0,0,0,departures,0.0,0.0,path4_radius
EDHI,8,8,0,0,departures,0.0,0.0,path4_radius
EDLN,8,7,3,4,departures,0.375,0.5,path4_radius
EFTP,8,6,5,5,departures,0.625,0.625,path4_radius
ENJS,8,0,0,0,departures,0.0,0.0,path4_radius
LFOT,8,3,3,3,departures,0.375,0.375,path4_radius
UBBG,8,0,0,0,departures,0.0,0.0,path4_radius
LGST,8,0,0,0,departures,0.0,0.0,path4_radius
LEBZ,8,7,7,7,departures,0.875,0.875,path4_radius
LFLB,8,8,7,7,arrivals,0.875,0.875,path4_radius
LSMP,8,8,3,6,arrivals,0.375,0.75,path4_radius
LQTZ,8,1,1,1,arrivals,0.125,0.125,path4_radius
LFSL,8,3,3,3,arrivals,0.375,0.375,path4_radius
LDOS,8,4,4,4,arrivals,0.5,0.5,path4_radius
EGPI,8,0,0,0,arrivals,0.0,0.0,path4_radius
ESMX,8,3,3,3,arrivals,0.375,0.375,path4_radius
EBKT,8,8,7,7,arrivals,0.875,0.875,path4_radius
EFMA,8,2,2,2,arrivals,0.25,0.25,path4_radius
BIEG,8,0,0,0,arrivals,0.0,0.0,path4_radius
LKPD,8,8,8,13,arrivals,1.0,1.625,path4_radius
ESTA,8,4,3,3,arrivals,0.375,0.375,path4_radius
LFOT,8,8,8,8,arrivals,1.0,1.0,path4_radius
LGST,8,0,0,0,arrivals,0.0,0.0,path4_radius
ENNA,8,0,0,0,arrivals,0.0,0.0,path4_radius
EDRY,7,7,0,0,departures,0.0,0.0,path4_radius
ENNM,7,2,0,0,departures,0.0,0.0,path4_radius
ESNQ,7,0,0,0,departures,0.0,0.0,path4_radius
LIBF,7,0,0,0,departures,0.0,0.0,path4_radius
LHDC,7,0,0,0,departures,0.0,0.0,path4_radius
EIDL,7,7,7,7,departures,1.0,1.0,path4_radius
LTCW,7,0,0,0,departures,0.0,0.0,path4_radius
BIIS,7,0,0,0,departures,0.0,0.0,path4_radius
EDTL,7,7,7,7,departures,1.0,1.0,path4_radius
EKOD,7,7,7,7,departures,1.0,1.0,path4_radius
OITT,7,0,0,0,departures,0.0,0.0,path4_radius
ESSL,7,6,6,6,departures,0.8571428571428571,0.8571428571428571,path4_radius
EGPL,7,0,0,0,departures,0.0,0.0,path4_radius
UUBW,7,0,0,0,departures,0.0,0.0,path4_radius
HEBA,7,1,1,1,departures,0.14285714285714285,0.14285714285714285,path4_radius
ESNQ,7,0,0,0,arrivals,0.0,0.0,path4_radius
EIDL,7,7,7,7,arrivals,1.0,1.0,path4_radius
LTCW,7,0,0,0,arrivals,0.0,0.0,path4_radius
EGPR,7,0,0,0,arrivals,0.0,0.0,path4_radius
BIIS,7,0,0,0,arrivals,0.0,0.0,path4_radius
DABB,7,1,0,0,arrivals,0.0,0.0,path4_radius
EDHI,7,7,0,0,arrivals,0.0,0.0,path4_radius
EDTL,7,7,4,5,arrivals,0.5714285714285714,0.7142857142857143,path4_radius
OITT,7,0,0,0,arrivals,0.0,0.0,path4_radius
ENJS,7,0,0,0,arrivals,0.0,0.0,path4_radius
EGPL,7,0,0,0,arrivals,0.0,0.0,path4_radius
LEBZ,7,5,5,5,arrivals,0.7142857142857143,0.7142857142857143,path4_radius
EDTY,7,7,6,6,arrivals,0.8571428571428571,0.8571428571428571,path4_radius
LIMP,7,5,5,5,arrivals,0.7142857142857143,0.7142857142857143,path4_radius
EDVK,6,4,4,4,departures,0.6666666666666666,0.6666666666666666,path4_radius
EHJA,6,0,0,0,departures,0.0,0.0,path4_radius
HEAL,6,1,1,1,departures,0.16666666666666666,0.16666666666666666,path4_radius
EGPU,6,0,0,0,departures,0.0,0.0,path4_radius
HEMM,6,0,0,0,departures,0.0,0.0,path4_radius
ESNK,6,0,0,0,departures,0.0,0.0,path4_radius
EDHL,6,6,6,6,departures,1.0,1.0,path4_radius
ENDU,6,0,0,0,departures,0.0,0.0,path4_radius
EFKE,6,0,0,0,departures,0.0,0.0,path4_radius
ESOE,6,3,3,3,departures,0.5,0.5,path4_radius
ENSO,6,6,6,6,departures,1.0,1.0,path4_radius
EFJO,6,0,0,0,departures,0.0,0.0,path4_radius
LPPM,6,6,6,7,departures,1.0,1.1666666666666667,path4_radius
URML,6,0,0,0,departures,0.0,0.0,path4_radius
ENRM,6,0,0,0,departures,0.0,0.0,path4_radius
LTCU,6,0,0,0,departures,0.0,0.0,path4_radius
EGNR,6,6,3,3,departures,0.5,0.5,path4_radius
LPVZ,6,6,1,1,departures,0.16666666666666666,0.16666666666666666,path4_radius
ESKM,6,5,2,4,departures,0.3333333333333333,0.6666666666666666,path4_radius
ESNL,6,0,0,0,departures,0.0,0.0,path4_radius
EFIV,6,2,0,0,departures,0.0,0.0,path4_radius
DABB,6,0,0,0,departures,0.0,0.0,path4_radius
EDVK,6,4,4,4,arrivals,0.6666666666666666,0.6666666666666666,path4_radius
HEAL,6,2,2,2,arrivals,0.3333333333333333,0.3333333333333333,path4_radius
EDRY,6,6,0,0,arrivals,0.0,0.0,path4_radius
EGPU,6,0,0,0,arrivals,0.0,0.0,path4_radius
ENNM,6,2,0,0,arrivals,0.0,0.0,path4_radius
ESNK,6,0,0,0,arrivals,0.0,0.0,path4_radius
EDHL,6,6,6,6,arrivals,1.0,1.0,path4_radius
LHDC,6,0,0,0,arrivals,0.0,0.0,path4_radius
ESOE,6,6,6,6,arrivals,1.0,1.0,path4_radius
ENSO,6,6,6,8,arrivals,1.0,1.3333333333333333,path4_radius
EFJO,6,1,1,1,arrivals,0.16666666666666666,0.16666666666666666,path4_radius
LFLI,6,6,0,1,arrivals,0.0,0.16666666666666666,path4_radius
LFEC,6,0,0,0,arrivals,0.0,0.0,path4_radius
LWOH,6,0,0,0,arrivals,0.0,0.0,path4_radius
HEBA,6,5,5,5,arrivals,0.8333333333333334,0.8333333333333334,path4_radius
LIMZ,6,6,6,6,arrivals,1.0,1.0,path4_radius
ENRM,6,1,1,1,arrivals,0.16666666666666666,0.16666666666666666,path4_radius
EFTP,6,5,5,5,arrivals,0.8333333333333334,0.8333333333333334,path4_radius
ENLE,6,0,0,0,arrivals,0.0,0.0,path4_radius
LTCU,6,0,0,0,arrivals,0.0,0.0,path4_radius
ESSL,6,6,6,7,arrivals,1.0,1.1666666666666667,path4_radius
LGLE,6,1,0,0,arrivals,0.0,0.0,path4_radius
EFIV,6,2,0,0,arrivals,0.0,0.0,path4_radius
ESKM,6,6,3,6,arrivals,0.5,1.0,path4_radius
ESNL,6,0,0,0,arrivals,0.0,0.0,path4_radius
ESNX,5,0,0,0,departures,0.0,0.0,path4_radius
LFLB,5,4,4,5,departures,0.8,1.0,path4_radius
EFKI,5,0,0,0,departures,0.0,0.0,path4_radius
ORMM,5,5,5,5,departures,1.0,1.0,path4_radius
EEKE,5,1,1,1,departures,0.2,0.2,path4_radius
LTCM,5,0,0,0,departures,0.0,0.0,path4_radius
LTCL,5,0,0,0,departures,0.0,0.0,path4_radius
LFEC,5,0,0,0,departures,0.0,0.0,path4_radius
LGKY,5,2,0,0,departures,0.0,0.0,path4_radius
ENHE,5,0,0,0,departures,0.0,0.0,path4_radius
ESNG,5,0,0,0,departures,0.0,0.0,path4_radius
LTAW,5,0,0,0,departures,0.0,0.0,path4_radius
ENFB,5,0,0,0,departures,0.0,0.0,path4_radius
LGKC,5,0,0,0,departures,0.0,0.0,path4_radius
ENLE,5,2,0,0,departures,0.0,0.0,path4_radius
EFJY,5,0,0,0,departures,0.0,0.0,path4_radius
EETU,5,1,1,1,departures,0.2,0.2,path4_radius
LFJL,5,4,4,4,departures,0.8,0.8,path4_radius
EFKK,5,5,5,5,departures,1.0,1.0,path4_radius
LRTM,5,0,0,0,departures,0.0,0.0,path4_radius
EDAH,5,2,2,2,departures,0.4,0.4,path4_radius
LGLE,5,0,0,0,departures,0.0,0.0,path4_radius
EGEC,5,0,0,0,departures,0.0,0.0,path4_radius
ESGT,5,1,1,1,departures,0.2,0.2,path4_radius
ENRS,5,4,0,0,departures,0.0,0.0,path4_radius
DAAS,5,0,0,0,departures,0.0,0.0,path4_radius
ESDF,5,5,5,5,departures,1.0,1.0,path4_radius
EEKA,5,0,0,0,departures,0.0,0.0,path4_radius
LFLI,5,5,0,1,departures,0.0,0.2,path4_radius
LWOH,5,0,0,0,departures,0.0,0.0,path4_radius
LIMZ,5,5,5,5,departures,1.0,1.0,path4_radius
GMMZ,5,0,0,0,departures,0.0,0.0,path4_radius
EPSY,5,2,2,2,arrivals,0.4,0.4,path4_radius
LSZS,5,0,0,0,arrivals,0.0,0.0,path4_radius
URMG,5,0,0,0,arrivals,0.0,0.0,path4_radius
EFKI,5,0,0,0,arrivals,0.0,0.0,path4_radius
HEMM,5,0,0,0,arrivals,0.0,0.0,path4_radius
ORMM,5,1,1,1,arrivals,0.2,0.2,path4_radius
ENDU,5,0,0,0,arrivals,0.0,0.0,path4_radius
EEKE,5,5,5,5,arrivals,1.0,1.0,path4_radius
DAAS,5,0,0,0,arrivals,0.0,0.0,path4_radius
LTCM,5,0,0,0,arrivals,0.0,0.0,path4_radius
LTCL,5,0,0,0,arrivals,0.0,0.0,path4_radius
LFRG,5,5,5,9,arrivals,1.0,1.8,path4_radius
EEKA,5,0,0,1,arrivals,0.0,0.2,path4_radius
ENHE,5,0,0,0,arrivals,0.0,0.0,path4_radius
LPPM,5,5,3,4,arrivals,0.6,0.8,path4_radius
ESNG,5,0,0,0,arrivals,0.0,0.0,path4_radius
LTAW,5,0,0,0,arrivals,0.0,0.0,path4_radius
EGVN,5,4,4,5,arrivals,0.8,1.0,path4_radius
GMMZ,5,0,0,0,arrivals,0.0,0.0,path4_radius
LESA,5,1,0,0,arrivals,0.0,0.0,path4_radius
UBBG,5,0,0,0,arrivals,0.0,0.0,path4_radius
LFJL,5,5,5,5,arrivals,1.0,1.0,path4_radius
LPVZ,5,5,1,1,arrivals,0.2,0.2,path4_radius
LRTM,5,0,0,0,arrivals,0.0,0.0,path4_radius
EDAH,5,3,3,4,arrivals,0.6,0.8,path4_radius
EGEC,5,0,0,0,arrivals,0.0,0.0,path4_radius
ENRS,5,0,0,0,arrivals,0.0,0.0,path4_radius
EKDF,5,0,0,0,arrivals,0.0,0.0,path4_radius
LGKC,5,0,0,0,arrivals,0.0,0.0,path4_radius
ENOA,5,0,0,0,arrivals,0.0,0.0,path4_radius
LGSO,4,0,0,0,departures,0.0,0.0,path4_radius
LFPN,4,4,4,6,departures,1.0,1.5,path4_radius
LFOZ,4,3,0,0,departures,0.0,0.0,path4_radius
UWSG,4,0,0,0,departures,0.0,0.0,path4_radius
EPRA,4,2,2,2,departures,0.5,0.5,path4_radius
LZTT,4,0,0,0,departures,0.0,0.0,path4_radius
ENRO,4,0,0,0,departures,0.0,0.0,path4_radius
EDQG,4,4,0,0,departures,0.0,0.0,path4_radius
ESNV,4,0,0,0,departures,0.0,0.0,path4_radius
LECU,4,3,3,3,departures,0.75,0.75,path4_radius
ESOH,4,2,0,0,departures,0.0,0.0,path4_radius
ESMT,4,1,1,1,departures,0.25,0.25,path4_radius
URWW,4,0,0,0,departures,0.0,0.0,path4_radius
ENSR,4,0,0,0,departures,0.0,0.0,path4_radius
ENGC,4,0,0,0,departures,0.0,0.0,path4_radius
ESOK,4,0,0,0,departures,0.0,0.0,path4_radius
LSZA,4,4,4,4,departures,1.0,1.0,path4_radius
EKDF,4,0,0,0,departures,0.0,0.0,path4_radius
EDAZ,4,4,0,0,departures,0.0,0.0,path4_radius
ESMQ,4,4,4,4,departures,1.0,1.0,path4_radius
LFRT,4,4,3,3,departures,0.75,0.75,path4_radius
LSGL,4,1,0,0,departures,0.0,0.0,path4_radius
LFLW,4,0,0,0,departures,0.0,0.0,path4_radius
LESA,4,0,0,0,departures,0.0,0.0,path4_radius
LESU,4,0,0,0,departures,0.0,0.0,path4_radius
LFRH,4,4,4,4,departures,1.0,1.0,path4_radius
LGBL,4,0,0,0,departures,0.0,0.0,path4_radius
LTAP,4,0,0,0,departures,0.0,0.0,path4_radius
LJPZ,4,3,2,2,departures,0.5,0.5,path4_radius
LFRD,4,4,4,4,departures,1.0,1.0,path4_radius
LTFC,4,0,0,0,departures,0.0,0.0,path4_radius
LKHK,4,4,0,0,departures,0.0,0.0,path4_radius
ESSP,4,3,3,3,departures,0.75,0.75,path4_radius
LKCS,4,4,4,4,departures,1.0,1.0,path4_radius
ESND,4,2,0,0,departures,0.0,0.0,path4_radius
EFKT,4,0,0,0,departures,0.0,0.0,path4_radius
EPZG,4,4,4,4,departures,1.0,1.0,path4_radius
ESGJ,4,0,0,0,departures,0.0,0.0,path4_radius
LGKS,4,0,0,0,departures,0.0,0.0,path4_radius
LFCK,4,4,4,4,departures,1.0,1.0,path4_radius
LEVD,4,0,0,0,departures,0.0,0.0,path4_radius
ORKK,4,0,0,0,departures,0.0,0.0,path4_radius
LGSO,4,0,0,0,arrivals,0.0,0.0,path4_radius
ESNX,4,0,0,0,arrivals,0.0,0.0,path4_radius
EDRZ,4,4,0,0,arrivals,0.0,0.0,path4_radius
UWSG,4,1,1,1,arrivals,0.25,0.25,path4_radius
LRBM,4,0,0,0,arrivals,0.0,0.0,path4_radius
LGPL,4,0,0,0,arrivals,0.0,0.0,path4_radius
URMO,4,0,0,0,arrivals,0.0,0.0,path4_radius
ENXO,4,0,0,0,arrivals,0.0,0.0,path4_radius
LZTT,4,1,1,1,arrivals,0.25,0.25,path4_radius
LEVD,4,0,0,0,arrivals,0.0,0.0,path4_radius
EHLL,4,0,0,0,arrivals,0.0,0.0,path4_radius
LFLX,4,0,0,0,arrivals,0.0,0.0,path4_radius
LKCS,4,4,4,4,arrivals,1.0,1.0,path4_radius
EDQG,4,4,0,0,arrivals,0.0,0.0,path4_radius
ENQG,4,0,0,0,arrivals,0.0,0.0,path4_radius
ESNV,4,0,0,0,arrivals,0.0,0.0,path4_radius
ESDF,4,1,1,1,arrivals,0.25,0.25,path4_radius
ESOH,4,3,0,0,arrivals,0.0,0.0,path4_radius
LGKY,4,2,0,0,arrivals,0.0,0.0,path4_radius
ENQS,4,0,0,0,arrivals,0.0,0.0,path4_radius
ENSR,4,0,0,0,arrivals,0.0,0.0,path4_radius
ENGC,4,0,0,0,arrivals,0.0,0.0,path4_radius
ESOK,4,1,1,1,arrivals,0.25,0.25,path4_radius
EDAZ,4,4,0,0,arrivals,0.0,0.0,path4_radius
EGNO,4,4,4,4,arrivals,1.0,1.0,path4_radius
LSGL,4,3,0,0,arrivals,0.0,0.0,path4_radius
EFJY,4,0,0,0,arrivals,0.0,0.0,path4_radius
LFRH,4,4,4,4,arrivals,1.0,1.0,path4_radius
LTAP,4,0,0,0,arrivals,0.0,0.0,path4_radius
EETU,4,1,1,1,arrivals,0.25,0.25,path4_radius
EFKK,4,4,4,4,arrivals,1.0,1.0,path4_radius
LTAS,4,0,0,0,arrivals,0.0,0.0,path4_radius
ESGJ,4,0,0,0,arrivals,0.0,0.0,path4_radius
LGKS,4,0,0,0,arrivals,0.0,0.0,path4_radius
LFCK,4,4,4,4,arrivals,1.0,1.0,path4_radius
LTFC,4,0,0,0,arrivals,0.0,0.0,path4_radius
LKHK,4,4,0,0,arrivals,0.0,0.0,path4_radius
EFKE,4,0,0,0,arrivals,0.0,0.0,path4_radius
ESSP,4,4,3,3,arrivals,0.75,0.75,path4_radius
LDLO,4,0,0,0,arrivals,0.0,0.0,path4_radius
ESND,4,3,0,0,arrivals,0.0,0.0,path4_radius
LSZA,4,4,4,5,arrivals,1.0,1.25,path4_radius
LZPP,4,4,4,4,arrivals,1.0,1.0,path4_radius
EFKT,4,1,1,1,arrivals,0.25,0.25,path4_radius
LFLW,4,0,0,0,arrivals,0.0,0.0,path4_radius
LGBL,4,1,1,1,arrivals,0.25,0.25,path4_radius
ESGT,4,0,0,0,arrivals,0.0,0.0,path4_radius
BIBD,3,0,0,0,departures,0.0,0.0,path4_radius
ENQO,3,0,0,0,departures,0.0,0.0,path4_radius
EGLK,3,3,3,5,departures,1.0,1.6666666666666667,path4_radius
LFBI,3,0,0,0,departures,0.0,0.0,path4_radius
ENWS,3,0,0,0,departures,0.0,0.0,path4_radius
URMG,3,0,0,0,departures,0.0,0.0,path4_radius
LRBM,3,0,0,0,departures,0.0,0.0,path4_radius
EGMD,3,3,2,2,departures,0.6666666666666666,0.6666666666666666,path4_radius
ETAR,3,3,3,4,departures,1.0,1.3333333333333333,path4_radius
EDGS,3,3,3,3,departures,1.0,1.0,path4_radius
URMO,3,0,0,0,departures,0.0,0.0,path4_radius
ENXO,3,1,0,0,departures,0.0,0.0,path4_radius
LELN,3,0,0,0,departures,0.0,0.0,path4_radius
LFLS,3,3,3,3,departures,1.0,1.0,path4_radius
EDTM,3,3,3,3,departures,1.0,1.0,path4_radius
LPBJ,3,2,2,2,departures,0.6666666666666666,0.6666666666666666,path4_radius
ENOL,3,1,1,1,departures,0.3333333333333333,0.3333333333333333,path4_radius
OJAM,3,1,0,0,departures,0.0,0.0,path4_radius
ENSE,3,0,0,0,departures,0.0,0.0,path4_radius
ENOC,3,0,0,0,departures,0.0,0.0,path4_radius
DTTX,3,0,0,0,departures,0.0,0.0,path4_radius
LTBH,3,0,0,0,departures,0.0,0.0,path4_radius
EFKS,3,0,0,0,departures,0.0,0.0,path4_radius
BIHN,3,0,0,0,departures,0.0,0.0,path4_radius
ENSL,3,0,0,0,departures,0.0,0.0,path4_radius
UDSG,3,0,0,0,departures,0.0,0.0,path4_radius
GMMB,3,0,0,0,departures,0.0,0.0,path4_radius
ENWY,3,0,0,0,departures,0.0,0.0,path4_radius
ESOW,3,3,3,3,departures,1.0,1.0,path4_radius
LTAL,3,0,0,0,departures,0.0,0.0,path4_radius
ESNO,3,0,0,0,departures,0.0,0.0,path4_radius
LTAS,3,0,0,0,departures,0.0,0.0,path4_radius
LFHP,3,0,0,0,departures,0.0,0.0,path4_radius
EGNH,3,3,3,3,departures,1.0,1.0,path4_radius
LGSY,3,0,0,0,departures,0.0,0.0,path4_radius
LSZS,3,1,0,0,departures,0.0,0.0,path4_radius
ESNN,3,0,0,0,departures,0.0,0.0,path4_radius
ENWV,3,0,0,0,departures,0.0,0.0,path4_radius
GMTA,3,3,3,3,departures,1.0,1.0,path4_radius
LDLO,3,1,0,0,departures,0.0,0.0,path4_radius
EKHA,3,0,0,0,departures,0.0,0.0,path4_radius
LRCK,3,0,0,0,departures,0.0,0.0,path4_radius
LFAT,3,1,1,1,departures,0.3333333333333333,0.3333333333333333,path4_radius
EGNO,3,3,3,3,departures,1.0,1.0,path4_radius
ENOA,3,0,0,0,departures,0.0,0.0,path4_radius
LSZC,3,3,0,0,departures,0.0,0.0,path4_radius
ENQA,3,0,0,0,departures,0.0,0.0,path4_radius
OSDI,3,0,0,0,departures,0.0,0.0,path4_radius
ESUP,3,0,0,0,departures,0.0,0.0,path4_radius
BIBD,3,0,0,0,arrivals,0.0,0.0,path4_radius
ULAA,3,0,0,0,arrivals,0.0,0.0,path4_radius
LFBI,3,2,2,2,arrivals,0.6666666666666666,0.6666666666666666,path4_radius
LFLU,3,3,3,3,arrivals,1.0,1.0,path4_radius
LFOZ,3,0,0,0,arrivals,0.0,0.0,path4_radius
ENWS,3,0,0,0,arrivals,0.0,0.0,path4_radius
EHJA,3,0,0,0,arrivals,0.0,0.0,path4_radius
EPRA,3,3,3,4,arrivals,1.0,1.3333333333333333,path4_radius
LFMQ,3,3,0,0,arrivals,0.0,0.0,path4_radius
OSDI,3,0,0,0,arrivals,0.0,0.0,path4_radius
LFOH,3,3,0,0,arrivals,0.0,0.0,path4_radius
LELN,3,1,1,1,arrivals,0.3333333333333333,0.3333333333333333,path4_radius
ESUP,3,0,0,0,arrivals,0.0,0.0,path4_radius
GMTA,3,3,3,3,arrivals,1.0,1.0,path4_radius
EDTM,3,3,3,3,arrivals,1.0,1.0,path4_radius
OJAM,3,0,0,0,arrivals,0.0,0.0,path4_radius
LECU,3,3,1,1,arrivals,0.3333333333333333,0.3333333333333333,path4_radius
ESMT,3,1,0,1,arrivals,0.0,0.3333333333333333,path4_radius
ENOC,3,2,0,0,arrivals,0.0,0.0,path4_radius
DTTX,3,0,0,0,arrivals,0.0,0.0,path4_radius
LTBH,3,0,0,0,arrivals,0.0,0.0,path4_radius
EFKS,3,0,0,0,arrivals,0.0,0.0,path4_radius
ENSL,3,0,0,0,arrivals,0.0,0.0,path4_radius
UDSG,3,0,0,0,arrivals,0.0,0.0,path4_radius
GMMB,3,0,0,0,arrivals,0.0,0.0,path4_radius
ENWY,3,0,0,0,arrivals,0.0,0.0,path4_radius
ESOW,3,3,3,3,arrivals,1.0,1.0,path4_radius
LTAL,3,0,0,0,arrivals,0.0,0.0,path4_radius
ESNO,3,0,0,0,arrivals,0.0,0.0,path4_radius
LFHP,3,0,0,0,arrivals,0.0,0.0,path4_radius
EGNH,3,3,3,3,arrivals,1.0,1.0,path4_radius
EPZG,3,3,3,3,arrivals,1.0,1.0,path4_radius
LGSY,3,0,0,0,arrivals,0.0,0.0,path4_radius
LFRC,3,3,2,2,arrivals,0.6666666666666666,0.6666666666666666,path4_radius
ESUT,3,0,0,0,arrivals,0.0,0.0,path4_radius
EDGS,3,3,3,3,arrivals,1.0,1.0,path4_radius
ENRO,3,0,0,0,arrivals,0.0,0.0,path4_radius
ENWV,3,0,0,0,arrivals,0.0,0.0,path4_radius
LFLS,3,3,3,4,arrivals,1.0,1.3333333333333333,path4_radius
EKHA,3,0,0,0,arrivals,0.0,0.0,path4_radius
URWW,3,0,0,0,arrivals,0.0,0.0,path4_radius
ENFB,3,0,0,0,arrivals,0.0,0.0,path4_radius
ESMQ,3,3,3,3,arrivals,1.0,1.0,path4_radius
BIHN,3,0,0,0,arrivals,0.0,0.0,path4_radius
EHFB,3,0,0,0,arrivals,0.0,0.0,path4_radius
ENQA,3,3,0,0,arrivals,0.0,0.0,path4_radius
LFRD,3,3,3,4,arrivals,1.0,1.3333333333333333,path4_radius
LFQG,2,0,0,0,departures,0.0,0.0,path4_radius
EHPK,2,0,0,0,departures,0.0,0.0,path4_radius
LFLU,2,2,2,2,departures,1.0,1.0,path4_radius
LTAG,2,0,0,0,departures,0.0,0.0,path4_radius
LFRC,2,1,1,1,departures,0.5,0.5,path4_radius
ENQV,2,0,0,0,departures,0.0,0.0,path4_radius
LFMQ,2,2,2,2,departures,1.0,1.0,path4_radius
EGFE,2,2,2,2,departures,1.0,1.0,path4_radius
EHKJ,2,0,0,0,departures,0.0,0.0,path4_radius
ENQC,2,0,0,0,departures,0.0,0.0,path4_radius
LFOK,2,1,1,1,departures,0.5,0.5,path4_radius
EGBJ,2,2,2,2,departures,1.0,1.0,path4_radius
LSGK,2,0,0,0,departures,0.0,0.0,path4_radius
EGPC,2,0,0,0,departures,0.0,0.0,path4_radius
LSGC,2,1,1,1,departures,0.5,0.5,path4_radius
ENNE,2,0,0,0,departures,0.0,0.0,path4_radius
ENQS,2,0,0,0,departures,0.0,0.0,path4_radius
ENXW,2,1,0,0,departures,0.0,0.0,path4_radius
LEAB,2,2,2,2,departures,1.0,1.0,path4_radius
EGVN,2,2,2,2,departures,1.0,1.0,path4_radius
EDXQ,2,0,0,0,departures,0.0,0.0,path4_radius
LTBY,2,0,0,0,departures,0.0,0.0,path4_radius
ENWA,2,0,0,0,departures,0.0,0.0,path4_radius
LFPT,2,2,2,3,departures,1.0,1.5,path4_radius
OENN,2,0,0,0,departures,0.0,0.0,path4_radius
ENUA,2,0,0,0,departures,0.0,0.0,path4_radius
LEGT,2,2,2,2,departures,1.0,1.0,path4_radius
LFGA,2,1,1,2,departures,0.5,1.0,path4_radius
LDRG,2,0,0,0,departures,0.0,0.0,path4_radius
GMMD,2,0,0,0,departures,0.0,0.0,path4_radius
LFRV,2,2,2,2,departures,1.0,1.0,path4_radius
LJMB,2,2,1,2,departures,0.5,1.0,path4_radius
LTBZ,2,0,0,0,departures,0.0,0.0,path4_radius
LTBU,2,2,2,2,departures,1.0,1.0,path4_radius
ESUT,2,0,0,0,departures,0.0,0.0,path4_radius
BIVO,2,0,0,0,departures,0.0,0.0,path4_radius
ENQD,2,0,0,0,departures,0.0,0.0,path4_radius
EHGQ,2,0,0,0,departures,0.0,0.0,path4_radius
LFOH,2,2,0,0,departures,0.0,0.0,path4_radius
LGPL,2,0,0,0,departures,0.0,0.0,path4_radius
LSTS,2,2,0,0,departures,0.0,0.0,path4_radius
EHLL,2,0,0,0,departures,0.0,0.0,path4_radius
GMAT,2,0,0,0,departures,0.0,0.0,path4_radius
BITN,2,0,0,0,departures,0.0,0.0,path4_radius
LFLX,2,0,0,0,departures,0.0,0.0,path4_radius
DAUB,2,0,0,0,departures,0.0,0.0,path4_radius
ORNI,2,0,0,0,departures,0.0,0.0,path4_radius
LEDA,2,0,0,0,departures,0.0,0.0,path4_radius
ETND,2,2,2,2,departures,1.0,1.0,path4_radius
LIBG,2,0,0,0,departures,0.0,0.0,path4_radius
LKKV,2,2,2,2,departures,1.0,1.0,path4_radius
LFAC,2,1,1,1,departures,0.5,0.5,path4_radius
ENQE,2,1,0,0,departures,0.0,0.0,path4_radius
EHFB,2,0,0,0,departures,0.0,0.0,path4_radius
EGNL,2,2,1,1,departures,0.5,0.5,path4_radius
LRSM,2,0,0,0,departures,0.0,0.0,path4_radius
ENQJ,2,0,0,0,departures,0.0,0.0,path4_radius
ULAA,2,0,0,0,departures,0.0,0.0,path4_radius
LGKJ,2,0,0,0,departures,0.0,0.0,path4_radius
ENGA,2,0,0,0,departures,0.0,0.0,path4_radius
DAOI,2,0,0,0,departures,0.0,0.0,path4_radius
LZPP,2,2,2,2,departures,1.0,1.0,path4_radius
ESST,2,0,0,0,departures,0.0,0.0,path4_radius
EIWF,2,1,1,1,departures,0.5,0.5,path4_radius
HLMS,2,0,0,0,departures,0.0,0.0,path4_radius
LFQG,2,0,0,0,arrivals,0.0,0.0,path4_radius
ENQO,2,0,0,0,arrivals,0.0,0.0,path4_radius
EGLK,2,2,1,1,arrivals,0.5,0.5,path4_radius
LTBZ,2,0,0,0,arrivals,0.0,0.0,path4_radius
LTAG,2,0,0,0,arrivals,0.0,0.0,path4_radius
LTBU,2,2,2,14,arrivals,1.0,7.0,path4_radius
ENQV,2,0,0,0,arrivals,0.0,0.0,path4_radius
EGMD,2,2,2,2,arrivals,1.0,1.0,path4_radius
LFOK,2,0,0,0,arrivals,0.0,0.0,path4_radius
ESNN,2,1,1,1,arrivals,0.5,0.5,path4_radius
LSGK,2,2,0,0,arrivals,0.0,0.0,path4_radius
EDMS,2,0,0,0,arrivals,0.0,0.0,path4_radius
ENWE,2,0,0,0,arrivals,0.0,0.0,path4_radius
LSGC,2,2,2,2,arrivals,1.0,1.0,path4_radius
ENNE,2,0,0,0,arrivals,0.0,0.0,path4_radius
DAUB,2,0,0,0,arrivals,0.0,0.0,path4_radius
EHKV,2,1,0,0,arrivals,0.0,0.0,path4_radius
ORNI,2,0,0,0,arrivals,0.0,0.0,path4_radius
LEDA,2,0,0,0,arrivals,0.0,0.0,path4_radius
ETND,2,2,2,2,arrivals,1.0,1.0,path4_radius
ENSE,2,0,0,0,arrivals,0.0,0.0,path4_radius
DAOI,2,1,1,1,arrivals,0.5,0.5,path4_radius
ENXW,2,0,0,0,arrivals,0.0,0.0,path4_radius
LEAB,2,2,2,2,arrivals,1.0,1.0,path4_radius
LFRT,2,2,0,0,arrivals,0.0,0.0,path4_radius
ENWA,2,1,0,0,arrivals,0.0,0.0,path4_radius
LFPT,2,2,0,0,arrivals,0.0,0.0,path4_radius
LKKV,2,2,2,2,arrivals,1.0,1.0,path4_radius
EHPG,2,2,0,0,arrivals,0.0,0.0,path4_radius
LEGT,2,2,1,1,arrivals,0.5,0.5,path4_radius
EKHB,2,0,0,0,arrivals,0.0,0.0,path4_radius
ESST,2,1,1,3,arrivals,0.5,1.5,path4_radius
ENQR,2,0,0,0,arrivals,0.0,0.0,path4_radius
EBMB,2,2,0,0,arrivals,0.0,0.0,path4_radius
LFRV,2,2,2,2,arrivals,1.0,1.0,path4_radius
DTTZ,2,0,0,0,arrivals,0.0,0.0,path4_radius
LJMB,2,1,0,0,arrivals,0.0,0.0,path4_radius
EHJR,2,0,0,0,arrivals,0.0,0.0,path4_radius
BIVO,2,0,0,0,arrivals,0.0,0.0,path4_radius
EHKJ,2,0,0,0,arrivals,0.0,0.0,path4_radius
ENQD,2,0,0,0,arrivals,0.0,0.0,path4_radius
OJAQ,2,1,0,0,arrivals,0.0,0.0,path4_radius
GMAT,2,1,0,0,arrivals,0.0,0.0,path4_radius
BITN,2,0,0,0,arrivals,0.0,0.0,path4_radius
LFSN,2,2,0,0,arrivals,0.0,0.0,path4_radius
LFJR,2,2,2,2,arrivals,1.0,1.0,path4_radius
EGPC,2,0,0,0,arrivals,0.0,0.0,path4_radius
EDFZ,2,2,0,0,arrivals,0.0,0.0,path4_radius
LRCK,2,0,0,0,arrivals,0.0,0.0,path4_radius
LOAN,2,2,1,1,arrivals,0.5,0.5,path4_radius
LTBY,2,0,0,0,arrivals,0.0,0.0,path4_radius
LIBG,2,1,0,0,arrivals,0.0,0.0,path4_radius
OENN,2,0,0,0,arrivals,0.0,0.0,path4_radius
ENUA,2,0,0,0,arrivals,0.0,0.0,path4_radius
EDLN,2,2,1,1,arrivals,0.5,0.5,path4_radius
LESU,2,0,0,0,arrivals,0.0,0.0,path4_radius
ENQE,2,0,0,0,arrivals,0.0,0.0,path4_radius
GMMD,2,0,0,0,arrivals,0.0,0.0,path4_radius
EGNL,2,2,1,1,arrivals,0.5,0.5,path4_radius
ENUD,2,0,0,0,arrivals,0.0,0.0,path4_radius
ENQJ,2,0,0,0,arrivals,0.0,0.0,path4_radius
HLMS,2,1,0,0,arrivals,0.0,0.0,path4_radius
ORKK,2,0,0,0,arrivals,0.0,0.0,path4_radius
EGBJ,2,2,2,2,arrivals,1.0,1.0,path4_radius
LFAT,2,2,1,1,arrivals,0.5,0.5,path4_radius
LFAC,2,2,1,1,arrivals,0.5,0.5,path4_radius
EBCV,1,1,1,1,departures,1.0,1.0,path4_radius
ENRK,1,0,0,0,departures,0.0,0.0,path4_radius
ULPB,1,0,0,0,departures,0.0,0.0,path4_radius
EHTW,1,1,1,1,departures,1.0,1.0,path4_radius
ENSF,1,0,0,0,departures,0.0,0.0,path4_radius
UGSA,1,0,0,0,departures,0.0,0.0,path4_radius
EDQM,1,1,1,1,departures,1.0,1.0,path4_radius
DABT,1,0,0,0,departures,0.0,0.0,path4_radius
LGTG,1,0,0,0,departures,0.0,0.0,path4_radius
EYSA,1,1,1,1,departures,1.0,1.0,path4_radius
EDMS,1,0,0,0,departures,0.0,0.0,path4_radius
URWA,1,0,0,0,departures,0.0,0.0,path4_radius
ENWE,1,0,0,0,departures,0.0,0.0,path4_radius
ENQG,1,0,0,0,departures,0.0,0.0,path4_radius
EHKV,1,0,0,0,departures,0.0,0.0,path4_radius
LFLA,1,0,0,0,departures,0.0,0.0,path4_radius
LFGF,1,1,0,0,departures,0.0,0.0,path4_radius
UMII,1,0,0,0,departures,0.0,0.0,path4_radius
LOIH,1,1,0,0,departures,0.0,0.0,path4_radius
ENQK,1,0,0,0,departures,0.0,0.0,path4_radius
ULMM,1,0,0,0,departures,0.0,0.0,path4_radius
ESMK,1,1,1,1,departures,1.0,1.0,path4_radius
EDWF,1,1,0,0,departures,0.0,0.0,path4_radius
LFAQ,1,1,0,0,departures,0.0,0.0,path4_radius
EKGC,1,0,0,0,departures,0.0,0.0,path4_radius
ENWK,1,0,0,0,departures,0.0,0.0,path4_radius
LFRO,1,1,1,1,departures,1.0,1.0,path4_radius
ULWC,1,0,0,0,departures,0.0,0.0,path4_radius
LFRI,1,0,0,0,departures,0.0,0.0,path4_radius
USKK,1,0,0,0,departures,0.0,0.0,path4_radius
UWPS,1,0,0,0,departures,0.0,0.0,path4_radius
EGEO,1,0,0,0,departures,0.0,0.0,path4_radius
LKKU,1,1,1,1,departures,1.0,1.0,path4_radius
EHPG,1,0,0,0,departures,0.0,0.0,path4_radius
ENWI,1,0,0,0,departures,0.0,0.0,path4_radius
LFCI,1,1,1,1,departures,1.0,1.0,path4_radius
EIWT,1,1,0,0,departures,0.0,0.0,path4_radius
EGUB,1,1,1,1,departures,1.0,1.0,path4_radius
ENLA,1,1,0,0,departures,0.0,0.0,path4_radius
LFBF,1,1,0,1,departures,0.0,1.0,path4_radius
LKRO,1,1,0,0,departures,0.0,0.0,path4_radius
EGSC,1,1,1,1,departures,1.0,1.0,path4_radius
EGHL,1,1,1,1,departures,1.0,1.0,path4_radius
ENDR,1,0,0,0,departures,0.0,0.0,path4_radius
LFCH,1,1,1,1,departures,1.0,1.0,path4_radius
DTTZ,1,0,0,0,departures,0.0,0.0,path4_radius
EFLP,1,0,0,0,departures,0.0,0.0,path4_radius
DAUH,1,0,0,0,departures,0.0,0.0,path4_radius
EPBC,1,0,0,0,departures,0.0,0.0,path4_radius
EPWK,1,0,0,0,departures,0.0,0.0,path4_radius
EDRZ,1,1,0,0,departures,0.0,0.0,path4_radius
EBSP,1,0,0,0,departures,0.0,0.0,path4_radius
GMAZ,1,1,0,0,departures,0.0,0.0,path4_radius
LKMH,1,1,0,0,departures,0.0,0.0,path4_radius
ENQL,1,0,0,0,departures,0.0,0.0,path4_radius
EHJR,1,0,0,0,departures,0.0,0.0,path4_radius
LEBA,1,1,1,1,departures,1.0,1.0,path4_radius
LKJI,1,1,0,0,departures,0.0,0.0,path4_radius
LYKV,1,0,0,0,departures,0.0,0.0,path4_radius
LIMG,1,0,0,0,departures,0.0,0.0,path4_radius
EDBM,1,1,0,0,departures,0.0,0.0,path4_radius
LFJR,1,1,1,1,departures,1.0,1.0,path4_radius
LRAR,1,0,0,0,departures,0.0,0.0,path4_radius
LFLH,1,0,0,0,departures,0.0,0.0,path4_radius
EDBC,1,0,0,0,departures,0.0,0.0,path4_radius
EDFZ,1,1,1,3,departures,1.0,3.0,path4_radius
ENQM,1,0,0,0,departures,0.0,0.0,path4_radius
EHKS,1,0,0,0,departures,0.0,0.0,path4_radius
EDFE,1,1,0,0,departures,0.0,0.0,path4_radius
LKPM,1,0,0,0,departures,0.0,0.0,path4_radius
LFSG,1,0,0,0,departures,0.0,0.0,path4_radius
UBBF,1,0,0,0,departures,0.0,0.0,path4_radius
ENBE,1,0,0,0,departures,0.0,0.0,path4_radius
DAAV,1,0,0,0,departures,0.0,0.0,path4_radius
DAUG,1,0,0,0,departures,0.0,0.0,path4_radius
EKSI,1,0,0,0,departures,0.0,0.0,path4_radius
EDTF,1,1,0,0,departures,0.0,0.0,path4_radius
EHJC,1,0,0,0,departures,0.0,0.0,path4_radius
EKHB,1,0,0,0,departures,0.0,0.0,path4_radius
LGKA,1,0,0,0,departures,0.0,0.0,path4_radius
EPCD,1,0,0,0,departures,0.0,0.0,path4_radius
ENUN,1,0,0,0,departures,0.0,0.0,path4_radius
BIGJ,1,0,0,0,departures,0.0,0.0,path4_radius
UBBL,1,0,0,0,departures,0.0,0.0,path4_radius
ENUD,1,0,0,0,departures,0.0,0.0,path4_radius
LFMH,1,1,1,1,departures,1.0,1.0,path4_radius
EPPW,1,0,0,0,departures,0.0,0.0,path4_radius
LFHS,1,1,0,0,departures,0.0,0.0,path4_radius
LFOP,1,0,0,0,departures,0.0,0.0,path4_radius
LOLW,1,1,0,0,departures,0.0,0.0,path4_radius
EHAK,1,0,0,0,departures,0.0,0.0,path4_radius
ENUE,1,0,0,0,departures,0.0,0.0,path4_radius
EDMV,1,1,0,0,departures,0.0,0.0,path4_radius
EKTE,1,0,0,0,departures,0.0,0.0,path4_radius
OJAQ,1,0,0,0,departures,0.0,0.0,path4_radius
EDAY,1,0,0,0,departures,0.0,0.0,path4_radius
EGOV,1,1,1,1,departures,1.0,1.0,path4_radius
LFLD,1,0,0,0,departures,0.0,0.0,path4_radius
ENUS,1,0,0,0,departures,0.0,0.0,path4_radius
LPEV,1,1,1,1,departures,1.0,1.0,path4_radius
ENRY,1,1,1,1,departures,1.0,1.0,path4_radius
LFBA,1,0,0,0,departures,0.0,0.0,path4_radius
EHFD,1,0,0,0,departures,0.0,0.0,path4_radius
ENQB,1,0,0,0,departures,0.0,0.0,path4_radius
OIGG,1,0,0,0,departures,0.0,0.0,path4_radius
LIRJ,1,0,0,0,departures,0.0,0.0,path4_radius
LCRA,1,1,1,1,departures,1.0,1.0,path4_radius
EHQM,1,0,0,0,departures,0.0,0.0,path4_radius
UUBC,1,0,0,0,departures,0.0,0.0,path4_radius
UUBI,1,0,0,0,departures,0.0,0.0,path4_radius
EGBK,1,1,0,0,departures,0.0,0.0,path4_radius
EHGN,1,0,0,0,departures,0.0,0.0,path4_radius
ENQR,1,0,0,0,departures,0.0,0.0,path4_radius
LSZG,1,1,1,1,departures,1.0,1.0,path4_radius
EHLE,1,1,1,1,departures,1.0,1.0,path4_radius
ENUK,1,0,0,0,departures,0.0,0.0,path4_radius
EBMB,1,1,0,0,departures,0.0,0.0,path4_radius
EDTD,1,1,1,1,departures,1.0,1.0,path4_radius
LGKZ,1,0,0,0,departures,0.0,0.0,path4_radius
LHPR,1,1,1,1,departures,1.0,1.0,path4_radius
LFLO,1,1,1,1,departures,1.0,1.0,path4_radius
DAUH,1,0,0,0,arrivals,0.0,0.0,path4_radius
EBCV,1,1,1,1,arrivals,1.0,1.0,path4_radius
EHFT,1,0,0,0,arrivals,0.0,0.0,path4_radius
ENRK,1,1,0,0,arrivals,0.0,0.0,path4_radius
ULPB,1,0,0,0,arrivals,0.0,0.0,path4_radius
LEBA,1,1,1,1,arrivals,1.0,1.0,path4_radius
UGSA,1,0,0,0,arrivals,0.0,0.0,path4_radius
LIMG,1,1,1,1,arrivals,1.0,1.0,path4_radius
EDBM,1,1,0,0,arrivals,0.0,0.0,path4_radius
URWA,1,0,0,0,arrivals,0.0,0.0,path4_radius
LFLD,1,0,0,0,arrivals,0.0,0.0,path4_radius
LPEV,1,1,1,1,arrivals,1.0,1.0,path4_radius
EDBC,1,1,0,0,arrivals,0.0,0.0,path4_radius
LFLA,1,0,0,0,arrivals,0.0,0.0,path4_radius
UMII,1,0,0,0,arrivals,0.0,0.0,path4_radius
ENQB,1,0,0,0,arrivals,0.0,0.0,path4_radius
OIGG,1,0,0,0,arrivals,0.0,0.0,path4_radius
LIRJ,1,0,0,0,arrivals,0.0,0.0,path4_radius
LFAQ,1,1,0,0,arrivals,0.0,0.0,path4_radius
ENWK,1,0,0,0,arrivals,0.0,0.0,path4_radius
LFRO,1,1,1,1,arrivals,1.0,1.0,path4_radius
LFTF,1,1,0,0,arrivals,0.0,0.0,path4_radius
ULWC,1,0,0,0,arrivals,0.0,0.0,path4_radius
EGTF,1,1,0,0,arrivals,0.0,0.0,path4_radius
DAAV,1,0,0,0,arrivals,0.0,0.0,path4_radius
USKK,1,0,0,0,arrivals,0.0,0.0,path4_radius
UWPS,1,0,0,0,arrivals,0.0,0.0,path4_radius
EDGE,1,1,0,0,arrivals,0.0,0.0,path4_radius
EKAR,1,0,0,0,arrivals,0.0,0.0,path4_radius
LSZC,1,1,0,0,arrivals,0.0,0.0,path4_radius
UUBC,1,0,0,0,arrivals,0.0,0.0,path4_radius
UUBI,1,0,0,0,arrivals,0.0,0.0,path4_radius
LFCI,1,1,1,1,arrivals,1.0,1.0,path4_radius
LFGA,1,1,1,1,arrivals,1.0,1.0,path4_radius
EGUB,1,1,1,1,arrivals,1.0,1.0,path4_radius
ENLA,1,0,0,0,arrivals,0.0,0.0,path4_radius
LKRO,1,1,0,0,arrivals,0.0,0.0,path4_radius
LRSM,1,0,0,0,arrivals,0.0,0.0,path4_radius
EHKE,1,0,0,0,arrivals,0.0,0.0,path4_radius
EGSC,1,1,1,1,arrivals,1.0,1.0,path4_radius
ENDR,1,0,0,0,arrivals,0.0,0.0,path4_radius
UBBL,1,0,0,0,arrivals,0.0,0.0,path4_radius
LHPR,1,1,1,1,arrivals,1.0,1.0,path4_radius
EGWC,1,1,1,1,arrivals,1.0,1.0,path4_radius
EHPK,1,1,0,0,arrivals,0.0,0.0,path4_radius
LPVR,1,1,1,4,arrivals,1.0,4.0,path4_radius
EPWK,1,0,0,0,arrivals,0.0,0.0,path4_radius
GMAZ,1,0,0,0,arrivals,0.0,0.0,path4_radius
LIQS,1,0,0,0,arrivals,0.0,0.0,path4_radius
LKMH,1,1,0,0,arrivals,0.0,0.0,path4_radius
EHTW,1,1,1,1,arrivals,1.0,1.0,path4_radius
EPNT,1,0,0,0,arrivals,0.0,0.0,path4_radius
EGFE,1,1,1,1,arrivals,1.0,1.0,path4_radius
ENQC,1,1,0,0,arrivals,0.0,0.0,path4_radius
LIMW,1,0,0,0,arrivals,0.0,0.0,path4_radius
LSTS,1,1,0,0,arrivals,0.0,0.0,path4_radius
LYKV,1,0,0,0,arrivals,0.0,0.0,path4_radius
EHDV,1,0,0,0,arrivals,0.0,0.0,path4_radius
EDLE,1,1,0,0,arrivals,0.0,0.0,path4_radius
EGBP,1,1,0,0,arrivals,0.0,0.0,path4_radius
ENQM,1,0,0,0,arrivals,0.0,0.0,path4_radius
EDFE,1,1,0,0,arrivals,0.0,0.0,path4_radius
LFSG,1,0,0,1,arrivals,0.0,1.0,path4_radius
UBBF,1,0,0,0,arrivals,0.0,0.0,path4_radius
EHFD,1,0,0,0,arrivals,0.0,0.0,path4_radius
EHLI,1,0,0,0,arrivals,0.0,0.0,path4_radius
EDBR,1,1,1,1,arrivals,1.0,1.0,path4_radius
EDXQ,1,0,0,0,arrivals,0.0,0.0,path4_radius
EDTF,1,1,0,0,arrivals,0.0,0.0,path4_radius
LDRG,1,0,0,0,arrivals,0.0,0.0,path4_radius
EIWT,1,1,0,0,arrivals,0.0,0.0,path4_radius
ENUN,1,0,0,0,arrivals,0.0,0.0,path4_radius
LGKZ,1,0,0,0,arrivals,0.0,0.0,path4_radius
LFMH,1,1,1,1,arrivals,1.0,1.0,path4_radius
EPPW,1,0,0,0,arrivals,0.0,0.0,path4_radius
LFPN,1,1,0,0,arrivals,0.0,0.0,path4_radius
LFOP,1,1,1,1,arrivals,1.0,1.0,path4_radius
LOLW,1,1,0,0,arrivals,0.0,0.0,path4_radius
ENSF,1,0,0,0,arrivals,0.0,0.0,path4_radius
EDQM,1,1,1,1,arrivals,1.0,1.0,path4_radius
DABT,1,0,0,0,arrivals,0.0,0.0,path4_radius
EHGQ,1,0,0,0,arrivals,0.0,0.0,path4_radius
EDMV,1,0,0,0,arrivals,0.0,0.0,path4_radius
EDAQ,1,1,0,0,arrivals,0.0,0.0,path4_radius
EGOV,1,1,0,0,arrivals,0.0,0.0,path4_radius
ENUS,1,0,0,0,arrivals,0.0,0.0,path4_radius
ENGA,1,0,0,0,arrivals,0.0,0.0,path4_radius
LRAR,1,0,0,0,arrivals,0.0,0.0,path4_radius
LFLH,1,1,0,0,arrivals,0.0,0.0,path4_radius
LFBA,1,1,1,1,arrivals,1.0,1.0,path4_radius
ULMM,1,0,0,0,arrivals,0.0,0.0,path4_radius
LFRI,1,0,0,0,arrivals,0.0,0.0,path4_radius
EHFR,1,0,0,0,arrivals,0.0,0.0,path4_radius
LGKA,1,0,0,0,arrivals,0.0,0.0,path4_radius
EGBK,1,1,0,0,arrivals,0.0,0.0,path4_radius
EIWF,1,1,1,1,arrivals,1.0,1.0,path4_radius
BIGJ,1,0,0,0,arrivals,0.0,0.0,path4_radius
LJPZ,1,1,1,2,arrivals,1.0,2.0,path4_radius
EHLE,1,1,1,1,arrivals,1.0,1.0,path4_radius
ENUK,1,0,0,0,arrivals,0.0,0.0,path4_radius
EDTD,1,1,1,1,arrivals,1.0,1.0,path4_radius
LFLO,1,1,0,0,arrivals,0.0,0.0,path4_radius
EFLP,1,0,0,0,arrivals,0.0,0.0,path4_radius
OOA,7964,35,0,0,arrivals,0.0,0.0,path5_datum
OOA,7892,87,0,0,departures,0.0,0.0,path5_datum
LTFM,2282,2110,2109,2123,departures,0.9241893076248905,0.9303242769500438,path5_datum
LTFM,2258,1918,1848,1849,arrivals,0.8184233835252436,0.8188662533215235,path5_datum
EHAM,2148,2144,2144,2163,departures,0.9981378026070763,1.0069832402234637,path5_datum
EHAM,2136,1928,1925,1929,arrivals,0.9012172284644194,0.9030898876404494,path5_datum
EDDF,2094,2085,2084,2086,departures,0.9952244508118434,0.9961795606494747,path5_datum
EDDF,2091,1835,1832,1834,arrivals,0.8761358201817312,0.877092300334768,path5_datum
LFPG,2084,2067,2049,2059,departures,0.9832053742802304,0.988003838771593,path5_datum
LFPG,2066,1768,1768,1822,arrivals,0.8557599225556631,0.8818973862536302,path5_datum
EGLL,2001,1989,1986,2025,departures,0.992503748125937,1.0119940029985008,path5_datum
EGLL,1986,1701,1528,1658,arrivals,0.7693856998992951,0.8348439073514602,path5_datum
LEMD,1786,1578,1576,1581,arrivals,0.8824188129899216,0.8852183650615901,path5_datum
LEMD,1773,1756,1755,1757,departures,0.9898477157360406,0.990975747320925,path5_datum
LEBL,1597,1515,1513,1514,arrivals,0.947401377582968,0.9480275516593613,path5_datum
LEBL,1591,1583,1582,1583,departures,0.994343180389692,0.9949717159019484,path5_datum
EDDM,1573,1568,1567,1570,departures,0.996185632549269,0.9980928162746344,path5_datum
EDDM,1571,1484,1482,1487,arrivals,0.9433481858688734,0.9465308720560153,path5_datum
LIRF,1449,1445,1445,1447,departures,0.9972394755003451,0.9986197377501725,path5_datum
LTAI,1437,870,869,877,arrivals,0.60473208072373,0.6102992345163535,path5_datum
LEPA,1436,1416,1415,1418,arrivals,0.9853760445682451,0.9874651810584958,path5_datum
LTAI,1435,823,820,825,departures,0.5714285714285714,0.5749128919860628,path5_datum
LIRF,1433,1296,1291,1301,arrivals,0.900907187718074,0.9078855547801814,path5_datum
LEPA,1417,1380,1379,1380,departures,0.9731827805222301,0.9738884968242767,path5_datum
LGAV,1317,539,527,529,arrivals,0.40015186028853456,0.40167046317388005,path5_datum
LGAV,1306,1189,1189,1201,departures,0.9104134762633997,0.9196018376722818,path5_datum
EGKK,1223,1220,1220,1223,departures,0.9975470155355682,1.0,path5_datum
EGKK,1220,1130,1130,1130,arrivals,0.9262295081967213,0.9262295081967213,path5_datum
EIDW,1188,1108,1107,1110,arrivals,0.9318181818181818,0.9343434343434344,path5_datum
EIDW,1185,1167,1166,1166,departures,0.9839662447257383,0.9839662447257383,path5_datum
LSZH,1178,1169,1162,1168,departures,0.9864176570458404,0.9915110356536503,path5_datum
LSZH,1160,1076,1073,1083,arrivals,0.925,0.9336206896551724,path5_datum
LOWW,1156,1147,1146,1156,departures,0.9913494809688581,1.0,path5_datum
EKCH,1152,1058,1055,1055,arrivals,0.9157986111111112,0.9157986111111112,path5_datum
LOWW,1145,1072,1070,1075,arrivals,0.9344978165938864,0.9388646288209607,path5_datum
EKCH,1140,1129,1128,1133,departures,0.9894736842105263,0.993859649122807,path5_datum
LTFJ,1138,1012,1005,1027,arrivals,0.883128295254833,0.9024604569420035,path5_datum
LTFJ,1137,1100,1100,1108,departures,0.9674582233948988,0.9744942832014072,path5_datum
LPPT,1010,1002,1002,1002,departures,0.9920792079207921,0.9920792079207921,path5_datum
LPPT,1001,904,895,896,arrivals,0.8941058941058941,0.8951048951048951,path5_datum
LFPO,992,986,986,989,departures,0.9939516129032258,0.9969758064516129,path5_datum
LFPO,991,949,949,950,arrivals,0.9576185671039354,0.958627648839556,path5_datum
LIMC,973,969,967,968,departures,0.9938335046248715,0.9948612538540597,path5_datum
LIMC,967,892,887,891,arrivals,0.9172699069286453,0.921406411582213,path5_datum
ENGM,940,896,896,909,arrivals,0.9531914893617022,0.9670212765957447,path5_datum
ENGM,932,901,901,910,departures,0.9667381974248928,0.9763948497854077,path5_datum
EGCC,926,922,921,921,departures,0.9946004319654428,0.9946004319654428,path5_datum
EGCC,924,839,839,840,arrivals,0.908008658008658,0.9090909090909091,path5_datum
EGSS,888,847,845,851,arrivals,0.9515765765765766,0.9583333333333334,path5_datum
EGSS,885,883,881,881,departures,0.9954802259887006,0.9954802259887006,path5_datum
EPWA,880,782,778,778,arrivals,0.884090909090909,0.884090909090909,path5_datum
EPWA,875,871,870,872,departures,0.9942857142857143,0.9965714285714286,path5_datum
EBBR,872,868,868,878,departures,0.9954128440366973,1.0068807339449541,path5_datum
EBBR,871,786,784,795,arrivals,0.9001148105625718,0.912743972445465,path5_datum
EDDB,870,850,847,859,departures,0.9735632183908046,0.9873563218390805,path5_datum
LEMG,861,837,837,837,arrivals,0.9721254355400697,0.9721254355400697,path5_datum
LEMG,850,847,847,849,departures,0.9964705882352941,0.9988235294117647,path5_datum
ESSA,841,731,726,734,arrivals,0.8632580261593341,0.8727705112960761,path5_datum
EDDB,840,796,791,794,arrivals,0.9416666666666667,0.9452380952380952,path5_datum
ESSA,820,792,790,798,departures,0.9634146341463414,0.973170731707317,path5_datum
EDDL,758,753,750,756,departures,0.9894459102902374,0.9973614775725593,path5_datum
EDDL,751,731,730,736,arrivals,0.9720372836218375,0.9800266311584553,path5_datum
LFMN,710,691,687,737,arrivals,0.967605633802817,1.0380281690140845,path5_datum
LFMN,707,698,692,696,departures,0.9787835926449788,0.9844413012729845,path5_datum
LSGG,680,675,674,683,departures,0.9911764705882353,1.0044117647058823,path5_datum
LSGG,670,649,647,655,arrivals,0.9656716417910448,0.9776119402985075,path5_datum
LKPR,667,659,658,661,departures,0.9865067466266867,0.9910044977511244,path5_datum
EFHK,666,576,575,577,arrivals,0.8633633633633634,0.8663663663663663,path5_datum
EFHK,659,655,655,660,departures,0.9939301972685888,1.0015174506828528,path5_datum
LKPR,657,620,617,620,arrivals,0.939117199391172,0.943683409436834,path5_datum
LEAL,599,598,598,598,departures,0.998330550918197,0.998330550918197,path5_datum
LEAL,599,589,589,589,arrivals,0.9833055091819699,0.9833055091819699,path5_datum
EGPH,584,553,553,557,arrivals,0.946917808219178,0.9537671232876712,path5_datum
LHBP,578,568,567,568,departures,0.9809688581314879,0.9826989619377162,path5_datum
EGPH,577,572,571,571,departures,0.9896013864818024,0.9896013864818024,path5_datum
LHBP,577,538,537,540,arrivals,0.9306759098786829,0.9358752166377816,path5_datum
EGGW,552,533,526,529,arrivals,0.9528985507246377,0.9583333333333334,path5_datum
EGGW,550,550,546,547,departures,0.9927272727272727,0.9945454545454545,path5_datum
EDDH,538,532,529,537,departures,0.983271375464684,0.9981412639405205,path5_datum
EDDH,532,522,520,529,arrivals,0.9774436090225563,0.9943609022556391,path5_datum
GCLP,521,0,0,0,arrivals,0.0,0.0,path5_datum
GCLP,520,5,0,0,departures,0.0,0.0,path5_datum
LLBG,516,453,451,453,arrivals,0.874031007751938,0.877906976744186,path5_datum
EDDK,515,500,500,501,departures,0.970873786407767,0.9728155339805825,path5_datum
LLBG,513,499,497,498,departures,0.9688109161793372,0.9707602339181286,path5_datum
LPPR,513,509,508,508,departures,0.9902534113060428,0.9902534113060428,path5_datum
LPPR,512,482,481,481,arrivals,0.939453125,0.939453125,path5_datum
LEIB,509,498,498,499,arrivals,0.9783889980353635,0.9803536345776032,path5_datum
EDDK,509,489,486,486,arrivals,0.9548133595284872,0.9548133595284872,path5_datum
LROP,509,496,494,495,arrivals,0.9705304518664047,0.9724950884086444,path5_datum
LROP,504,495,423,425,departures,0.8392857142857143,0.8432539682539683,path5_datum
LEIB,495,487,487,487,departures,0.9838383838383838,0.9838383838383838,path5_datum
EGBB,474,468,468,468,departures,0.9873417721518988,0.9873417721518988,path5_datum
EGBB,466,434,433,433,arrivals,0.9291845493562232,0.9291845493562232,path5_datum
LIML,465,458,456,464,arrivals,0.9806451612903225,0.9978494623655914,path5_datum
LIME,460,453,450,450,arrivals,0.9782608695652174,0.9782608695652174,path5_datum
LIML,458,451,451,456,departures,0.9847161572052402,0.9956331877729258,path5_datum
LIME,453,448,448,448,departures,0.9889624724061811,0.9889624724061811,path5_datum
LIRN,449,6,2,2,departures,0.004454342984409799,0.004454342984409799,path5_datum
LIRN,447,2,0,0,arrivals,0.0,0.0,path5_datum
LFML,445,441,440,444,arrivals,0.9887640449438202,0.9977528089887641,path5_datum
LFML,444,442,441,442,departures,0.9932432432432432,0.9954954954954955,path5_datum
EDDS,440,422,417,420,departures,0.9477272727272728,0.9545454545454546,path5_datum
EDDS,433,413,413,419,arrivals,0.953810623556582,0.9676674364896074,path5_datum
LGIR,430,2,0,0,arrivals,0.0,0.0,path5_datum
LGIR,424,2,0,0,departures,0.0,0.0,path5_datum
LIPZ,412,408,408,409,departures,0.9902912621359223,0.9927184466019418,path5_datum
LFLL,412,401,399,413,arrivals,0.9684466019417476,1.0024271844660195,path5_datum
LFLL,411,406,406,421,departures,0.9878345498783455,1.024330900243309,path5_datum
LIPZ,409,390,390,391,arrivals,0.9535452322738386,0.9559902200488998,path5_datum
LPFR,407,403,402,404,arrivals,0.9877149877149877,0.9926289926289926,path5_datum
LPFR,405,403,401,401,departures,0.9901234567901235,0.9901234567901235,path5_datum
LYBE,395,374,374,374,arrivals,0.9468354430379747,0.9468354430379747,path5_datum
LYBE,394,390,390,390,departures,0.9898477157360406,0.9898477157360406,path5_datum
LICC,391,328,293,299,arrivals,0.7493606138107417,0.7647058823529411,path5_datum
LICC,390,41,30,30,departures,0.07692307692307693,0.07692307692307693,path5_datum
LTAC,381,3,0,0,departures,0.0,0.0,path5_datum
LIPE,380,375,375,376,departures,0.9868421052631579,0.9894736842105263,path5_datum
LIPE,376,373,372,372,arrivals,0.9893617021276596,0.9893617021276596,path5_datum
LTAC,374,3,0,0,arrivals,0.0,0.0,path5_datum
LCLK,368,341,338,340,departures,0.9184782608695652,0.9239130434782609,path5_datum
LCLK,367,360,358,364,arrivals,0.9754768392370572,0.9918256130790191,path5_datum
GMMN,360,182,182,184,departures,0.5055555555555555,0.5111111111111111,path5_datum
EPKK,360,354,354,355,departures,0.9833333333333333,0.9861111111111112,path5_datum
EGGD,360,343,343,345,arrivals,0.9527777777777777,0.9583333333333334,path5_datum
EGGD,359,358,357,357,departures,0.9944289693593314,0.9944289693593314,path5_datum
LEVC,357,348,348,349,arrivals,0.9747899159663865,0.9775910364145658,path5_datum
GMMN,357,268,268,274,arrivals,0.7507002801120448,0.7675070028011205,path5_datum
ENBR,357,341,329,339,arrivals,0.9215686274509803,0.9495798319327731,path5_datum
EPKK,356,339,338,339,arrivals,0.949438202247191,0.952247191011236,path5_datum
LEVC,355,320,320,320,departures,0.9014084507042254,0.9014084507042254,path5_datum
LFSB,354,350,349,351,departures,0.9858757062146892,0.9915254237288136,path5_datum
LFSB,352,344,344,345,arrivals,0.9772727272727273,0.9801136363636364,path5_datum
ENBR,349,339,339,352,departures,0.9713467048710601,1.008595988538682,path5_datum
LTBJ,346,27,23,23,departures,0.06647398843930635,0.06647398843930635,path5_datum
LGRP,346,316,315,316,arrivals,0.9104046242774566,0.9132947976878613,path5_datum
EGPF,346,308,307,310,arrivals,0.8872832369942196,0.8959537572254336,path5_datum
EGPF,344,325,323,324,departures,0.938953488372093,0.9418604651162791,path5_datum
LTBJ,341,9,8,8,arrivals,0.02346041055718475,0.02346041055718475,path5_datum
LGRP,340,318,318,319,departures,0.9352941176470588,0.9382352941176471,path5_datum
LMML,326,322,322,325,departures,0.9877300613496932,0.9969325153374233,path5_datum
LMML,326,320,318,320,arrivals,0.9754601226993865,0.9815950920245399,path5_datum
LATI,323,1,0,0,arrivals,0.0,0.0,path5_datum
GCTS,323,0,0,0,arrivals,0.0,0.0,path5_datum
GCTS,321,3,0,0,departures,0.0,0.0,path5_datum
GCXO,320,31,31,32,arrivals,0.096875,0.1,path5_datum
GCXO,319,291,291,295,departures,0.9122257053291536,0.9247648902821317,path5_datum
LATI,316,2,0,0,departures,0.0,0.0,path5_datum
LICJ,314,132,129,129,arrivals,0.410828025477707,0.410828025477707,path5_datum
LICJ,310,195,194,197,departures,0.6258064516129033,0.635483870967742,path5_datum
EBCI,304,304,304,304,departures,1.0,1.0,path5_datum
EBCI,303,300,300,300,arrivals,0.9900990099009901,0.9900990099009901,path5_datum
BIKF,297,292,292,293,departures,0.9831649831649831,0.9865319865319865,path5_datum
BIKF,296,99,98,101,arrivals,0.3310810810810811,0.34121621621621623,path5_datum
ELLX,294,292,292,292,departures,0.9931972789115646,0.9931972789115646,path5_datum
ELLX,294,284,284,287,arrivals,0.9659863945578231,0.9761904761904762,path5_datum
LFBO,293,291,291,292,departures,0.9931740614334471,0.9965870307167235,path5_datum
LFBO,290,289,286,286,arrivals,0.9862068965517241,0.9862068965517241,path5_datum
LGTS,281,254,254,257,arrivals,0.9039145907473309,0.9145907473309609,path5_datum
LTBS,280,3,1,1,arrivals,0.0035714285714285713,0.0035714285714285713,path5_datum
LGTS,279,164,164,166,departures,0.5878136200716846,0.5949820788530465,path5_datum
GMMX,279,16,13,13,arrivals,0.04659498207885305,0.04659498207885305,path5_datum
GMMX,278,4,4,4,departures,0.014388489208633094,0.014388489208633094,path5_datum
EVRA,278,228,228,228,arrivals,0.8201438848920863,0.8201438848920863,path5_datum
LEZL,276,266,265,266,arrivals,0.9601449275362319,0.9637681159420289,path5_datum
LEZL,275,274,274,274,departures,0.9963636363636363,0.9963636363636363,path5_datum
LTBS,273,2,0,0,departures,0.0,0.0,path5_datum
EVRA,273,269,268,269,departures,0.9816849816849816,0.9853479853479854,path5_datum
LBSF,272,3,2,2,departures,0.007352941176470588,0.007352941176470588,path5_datum
GCRR,269,1,0,0,departures,0.0,0.0,path5_datum
GCRR,269,0,0,0,arrivals,0.0,0.0,path5_datum
EGNX,267,264,264,264,departures,0.9887640449438202,0.9887640449438202,path5_datum
LBSF,267,9,7,7,arrivals,0.026217228464419477,0.026217228464419477,path5_datum
EDDP,261,245,244,245,arrivals,0.9348659003831418,0.9386973180076629,path5_datum
EPKT,259,250,249,249,departures,0.9613899613899614,0.9613899613899614,path5_datum
HEGN,258,0,0,0,arrivals,0.0,0.0,path5_datum
HEGN,257,0,0,0,departures,0.0,0.0,path5_datum
UGTB,257,80,77,78,departures,0.29961089494163423,0.3035019455252918,path5_datum
LFRS,257,252,250,251,arrivals,0.9727626459143969,0.9766536964980544,path5_datum
UGTB,257,49,48,50,arrivals,0.1867704280155642,0.19455252918287938,path5_datum
EPKT,257,241,240,240,arrivals,0.933852140077821,0.933852140077821,path5_datum
LFRS,256,242,242,242,departures,0.9453125,0.9453125,path5_datum
EDDP,256,254,254,256,departures,0.9921875,1.0,path5_datum
EGNX,255,239,239,239,arrivals,0.9372549019607843,0.9372549019607843,path5_datum
LIEO,252,68,66,66,arrivals,0.2619047619047619,0.2619047619047619,path5_datum
EPGD,248,9,8,8,departures,0.03225806451612903,0.03225806451612903,path5_datum
LGKR,247,8,4,4,arrivals,0.016194331983805668,0.016194331983805668,path5_datum
EGAA,246,240,128,128,arrivals,0.5203252032520326,0.5203252032520326,path5_datum
LGKR,244,2,2,2,departures,0.00819672131147541,0.00819672131147541,path5_datum
HECA,244,7,6,6,departures,0.02459016393442623,0.02459016393442623,path5_datum
EPGD,244,4,1,1,arrivals,0.004098360655737705,0.004098360655737705,path5_datum
EGAA,239,215,215,216,departures,0.899581589958159,0.9037656903765691,path5_datum
ENZV,236,76,74,83,departures,0.3135593220338983,0.3516949152542373,path5_datum
ENZV,236,68,65,67,arrivals,0.2754237288135593,0.2838983050847458,path5_datum
LEBB,235,0,0,0,arrivals,0.0,0.0,path5_datum
LEBB,234,2,0,0,departures,0.0,0.0,path5_datum
LTFE,232,205,205,212,arrivals,0.8836206896551724,0.9137931034482759,path5_datum
HECA,231,51,43,43,arrivals,0.18614718614718614,0.18614718614718614,path5_datum
LFPB,230,227,226,249,departures,0.9826086956521739,1.0826086956521739,path5_datum
LIBD,229,2,0,0,arrivals,0.0,0.0,path5_datum
LIBD,228,1,0,0,departures,0.0,0.0,path5_datum
LIEO,228,24,18,18,departures,0.07894736842105263,0.07894736842105263,path5_datum
LIRP,228,219,219,224,arrivals,0.9605263157894737,0.9824561403508771,path5_datum
UUWW,227,8,4,4,arrivals,0.01762114537444934,0.01762114537444934,path5_datum
LEMH,226,217,217,218,arrivals,0.9601769911504425,0.9646017699115044,path5_datum
LFBD,225,222,221,223,departures,0.9822222222222222,0.9911111111111112,path5_datum
LFPB,225,218,168,171,arrivals,0.7466666666666667,0.76,path5_datum
LEMH,222,195,195,195,departures,0.8783783783783784,0.8783783783783784,path5_datum
LTFE,220,33,28,28,departures,0.12727272727272726,0.12727272727272726,path5_datum
LIRP,220,196,196,196,departures,0.8909090909090909,0.8909090909090909,path5_datum
ENVA,219,208,208,224,arrivals,0.9497716894977168,1.0228310502283104,path5_datum
LFBD,219,215,215,217,arrivals,0.9817351598173516,0.9908675799086758,path5_datum
LUKK,217,2,0,0,departures,0.0,0.0,path5_datum
ENVA,217,211,199,201,departures,0.9170506912442397,0.9262672811059908,path5_datum
LUKK,217,2,0,0,arrivals,0.0,0.0,path5_datum
LDSP,216,3,0,0,departures,0.0,0.0,path5_datum
ESGG,216,214,214,214,departures,0.9907407407407407,0.9907407407407407,path5_datum
UUWW,216,4,4,4,departures,0.018518518518518517,0.018518518518518517,path5_datum
LDZA,215,92,89,89,departures,0.413953488372093,0.413953488372093,path5_datum
LDSP,215,5,0,0,arrivals,0.0,0.0,path5_datum
LDZA,215,210,209,212,arrivals,0.9720930232558139,0.986046511627907,path5_datum
ESGG,214,208,208,211,arrivals,0.9719626168224299,0.985981308411215,path5_datum
UUEE,214,1,1,5,arrivals,0.004672897196261682,0.02336448598130841,path5_datum
EDDV,213,211,211,212,departures,0.9906103286384976,0.9953051643192489,path5_datum
GCFV,212,1,0,0,departures,0.0,0.0,path5_datum
UUEE,212,32,32,33,departures,0.1509433962264151,0.15566037735849056,path5_datum
EGNT,211,199,199,199,departures,0.943127962085308,0.943127962085308,path5_datum
GCFV,211,2,0,0,arrivals,0.0,0.0,path5_datum
EGNT,211,184,184,184,arrivals,0.8720379146919431,0.8720379146919431,path5_datum
EDDV,209,202,202,203,arrivals,0.9665071770334929,0.9712918660287081,path5_datum
EGGP,208,204,203,217,departures,0.9759615384615384,1.0432692307692308,path5_datum
EGGP,206,194,194,202,arrivals,0.941747572815534,0.9805825242718447,path5_datum
LIRQ,202,4,4,4,departures,0.019801980198019802,0.019801980198019802,path5_datum
EDDN,201,196,194,196,departures,0.9651741293532339,0.9751243781094527,path5_datum
EDDN,199,193,192,197,arrivals,0.964824120603015,0.9899497487437185,path5_datum
LGSA,199,34,32,32,arrivals,0.16080402010050251,0.16080402010050251,path5_datum
EGLC,198,198,198,255,departures,1.0,1.2878787878787878,path5_datum
LIRQ,198,103,96,96,arrivals,0.48484848484848486,0.48484848484848486,path5_datum
LGSA,196,73,73,73,departures,0.37244897959183676,0.37244897959183676,path5_datum
LIEE,195,3,2,2,arrivals,0.010256410256410256,0.010256410256410256,path5_datum
EPWR,194,189,189,190,arrivals,0.9742268041237113,0.979381443298969,path5_datum
EPWR,193,192,192,192,departures,0.9948186528497409,0.9948186528497409,path5_datum
EGNM,193,173,173,175,arrivals,0.8963730569948186,0.9067357512953368,path5_datum
UDYZ,192,0,0,0,departures,0.0,0.0,path5_datum
UDYZ,192,1,0,0,arrivals,0.0,0.0,path5_datum
LIEE,191,1,0,0,departures,0.0,0.0,path5_datum
EHEH,191,191,189,189,departures,0.9895287958115183,0.9895287958115183,path5_datum
EGNM,190,186,184,184,departures,0.968421052631579,0.968421052631579,path5_datum
EHEH,190,187,186,187,arrivals,0.9789473684210527,0.9842105263157894,path5_datum
EYVI,189,125,120,123,arrivals,0.6349206349206349,0.6507936507936508,path5_datum
EGLC,189,189,188,419,arrivals,0.9947089947089947,2.2169312169312168,path5_datum
EYVI,186,176,176,180,departures,0.946236559139785,0.967741935483871,path5_datum
DAAG,186,15,15,15,departures,0.08064516129032258,0.08064516129032258,path5_datum
DTTA,186,0,0,0,arrivals,0.0,0.0,path5_datum
DTTA,185,0,0,0,departures,0.0,0.0,path5_datum
DAAG,184,105,103,104,arrivals,0.5597826086956522,0.5652173913043478,path5_datum
LFOB,181,180,180,180,departures,0.994475138121547,0.994475138121547,path5_datum
LFOB,181,177,177,177,arrivals,0.9779005524861878,0.9779005524861878,path5_datum
LDDU,180,4,0,0,arrivals,0.0,0.0,path5_datum
LGKO,178,168,168,170,departures,0.9438202247191011,0.9550561797752809,path5_datum
LDDU,177,2,0,0,departures,0.0,0.0,path5_datum
LGKO,177,167,167,170,arrivals,0.943502824858757,0.96045197740113,path5_datum
EETN,162,142,142,142,arrivals,0.8765432098765432,0.8765432098765432,path5_datum
EPPO,161,156,156,156,departures,0.968944099378882,0.968944099378882,path5_datum
HESH,161,2,0,0,arrivals,0.0,0.0,path5_datum
UMKK,160,1,0,0,departures,0.0,0.0,path5_datum
EETN,159,149,149,150,departures,0.9371069182389937,0.9433962264150944,path5_datum
LPMA,159,159,159,159,departures,1.0,1.0,path5_datum
HESH,159,2,0,0,departures,0.0,0.0,path5_datum
UMKK,159,0,0,4,arrivals,0.0,0.025157232704402517,path5_datum
LPMA,158,10,10,10,arrivals,0.06329113924050633,0.06329113924050633,path5_datum
LIMF,157,156,154,155,departures,0.9808917197452229,0.9872611464968153,path5_datum
LIMF,157,155,155,158,arrivals,0.9872611464968153,1.0063694267515924,path5_datum
LIRA,156,153,146,151,arrivals,0.9358974358974359,0.967948717948718,path5_datum
LIRA,154,152,152,155,departures,0.987012987012987,1.0064935064935066,path5_datum
EPPO,154,148,148,148,arrivals,0.961038961038961,0.961038961038961,path5_datum
EKBI,154,150,149,149,arrivals,0.9675324675324676,0.9675324675324676,path5_datum
LPPD,153,47,47,47,departures,0.30718954248366015,0.30718954248366015,path5_datum
EKBI,152,148,148,149,departures,0.9736842105263158,0.9802631578947368,path5_datum
LPPD,151,91,90,92,arrivals,0.5960264900662252,0.609271523178808,path5_datum
ULLI,148,1,0,0,arrivals,0.0,0.0,path5_datum
OLBA,144,33,29,29,departures,0.2013888888888889,0.2013888888888889,path5_datum
LIPX,144,143,143,143,departures,0.9930555555555556,0.9930555555555556,path5_datum
OLBA,144,28,23,24,arrivals,0.1597222222222222,0.16666666666666666,path5_datum
ENTC,143,6,0,0,arrivals,0.0,0.0,path5_datum
ULLI,142,0,0,0,departures,0.0,0.0,path5_datum
LIPX,142,138,137,141,arrivals,0.9647887323943662,0.9929577464788732,path5_datum
LGSR,139,4,0,0,departures,0.0,0.0,path5_datum
LGSR,139,2,0,0,arrivals,0.0,0.0,path5_datum
ENTC,138,4,0,0,departures,0.0,0.0,path5_datum
LTCG,138,104,103,104,arrivals,0.7463768115942029,0.7536231884057971,path5_datum
EGPD,137,125,125,125,departures,0.9124087591240876,0.9124087591240876,path5_datum
EGPD,136,123,123,123,arrivals,0.9044117647058824,0.9044117647058824,path5_datum
ENBO,134,126,126,157,departures,0.9402985074626866,1.171641791044776,path5_datum
EBLG,134,134,133,135,departures,0.9925373134328358,1.007462686567164,path5_datum
LTDB,133,4,0,0,departures,0.0,0.0,path5_datum
LTCG,133,123,123,123,departures,0.924812030075188,0.924812030075188,path5_datum
ENBO,133,120,116,135,arrivals,0.8721804511278195,1.0150375939849625,path5_datum
LRCL,130,0,0,0,departures,0.0,0.0,path5_datum
LIBR,130,2,0,0,departures,0.0,0.0,path5_datum
LRCL,129,2,0,0,arrivals,0.0,0.0,path5_datum
LTDB,129,3,0,0,arrivals,0.0,0.0,path5_datum
LGZA,126,124,124,128,departures,0.9841269841269841,1.0158730158730158,path5_datum
EBLG,126,94,93,94,arrivals,0.7380952380952381,0.746031746031746,path5_datum
LGZA,126,119,119,119,arrivals,0.9444444444444444,0.9444444444444444,path5_datum
LIBR,125,0,0,0,arrivals,0.0,0.0,path5_datum
EGAC,123,121,121,122,departures,0.983739837398374,0.991869918699187,path5_datum
EGAC,123,120,120,231,arrivals,0.975609756097561,1.8780487804878048,path5_datum
BKPR,120,0,0,0,departures,0.0,0.0,path5_datum
BKPR,120,2,0,0,arrivals,0.0,0.0,path5_datum
EICK,120,119,119,119,arrivals,0.9916666666666667,0.9916666666666667,path5_datum
EICK,119,118,118,118,departures,0.9915966386554622,0.9915966386554622,path5_datum
LDZD,118,8,6,6,arrivals,0.05084745762711865,0.05084745762711865,path5_datum
OJAI,116,9,7,9,departures,0.0603448275862069,0.07758620689655173,path5_datum
OJAI,116,19,4,5,arrivals,0.034482758620689655,0.04310344827586207,path5_datum
LDZD,114,1,0,0,departures,0.0,0.0,path5_datum
LICA,112,1,0,0,arrivals,0.0,0.0,path5_datum
EGLF,110,110,110,112,departures,1.0,1.018181818181818,path5_datum
LICA,108,0,0,0,departures,0.0,0.0,path5_datum
EGJJ,108,106,106,106,arrivals,0.9814814814814815,0.9814814814814815,path5_datum
EGLF,108,107,0,0,arrivals,0.0,0.0,path5_datum
LCPH,107,98,97,97,arrivals,0.9065420560747663,0.9065420560747663,path5_datum
LWSK,106,0,0,0,departures,0.0,0.0,path5_datum
OKKK,106,105,105,105,departures,0.9905660377358491,0.9905660377358491,path5_datum
LEST,106,95,79,79,arrivals,0.7452830188679245,0.7452830188679245,path5_datum
LCPH,105,35,35,35,departures,0.3333333333333333,0.3333333333333333,path5_datum
LGMK,105,51,50,50,departures,0.47619047619047616,0.47619047619047616,path5_datum
LEST,105,93,93,93,departures,0.8857142857142857,0.8857142857142857,path5_datum
LZIB,105,101,101,101,departures,0.9619047619047619,0.9619047619047619,path5_datum
LEGE,105,44,41,41,arrivals,0.3904761904761905,0.3904761904761905,path5_datum
LWSK,105,0,0,0,arrivals,0.0,0.0,path5_datum
LZIB,105,103,103,103,arrivals,0.9809523809523809,0.9809523809523809,path5_datum
LEGE,104,93,93,97,departures,0.8942307692307693,0.9326923076923077,path5_datum
LGMK,104,76,76,80,arrivals,0.7307692307692307,0.7692307692307693,path5_datum
EDJA,104,102,102,102,arrivals,0.9807692307692307,0.9807692307692307,path5_datum
EDJA,102,101,101,101,departures,0.9901960784313726,0.9901960784313726,path5_datum
OKKK,102,27,27,28,arrivals,0.2647058823529412,0.27450980392156865,path5_datum
EGJJ,101,97,96,97,departures,0.9504950495049505,0.9603960396039604,path5_datum
EHRD,100,100,99,101,arrivals,0.99,1.01,path5_datum
EHRD,99,98,96,99,departures,0.9696969696969697,1.0,path5_datum
LBBG,97,90,90,90,arrivals,0.9278350515463918,0.9278350515463918,path5_datum
LOWS,96,95,95,98,departures,0.9895833333333334,1.0208333333333333,path5_datum
LOWS,95,92,90,90,arrivals,0.9473684210526315,0.9473684210526315,path5_datum
DTTJ,94,0,0,0,arrivals,0.0,0.0,path5_datum
LJLJ,94,90,89,90,arrivals,0.9468085106382979,0.9574468085106383,path5_datum
LBBG,93,86,86,86,departures,0.9247311827956989,0.9247311827956989,path5_datum
LQSA,93,0,0,0,departures,0.0,0.0,path5_datum
LQSA,93,0,0,0,arrivals,0.0,0.0,path5_datum
GMAD,92,2,0,0,departures,0.0,0.0,path5_datum
EGKB,92,91,30,30,departures,0.32608695652173914,0.32608695652173914,path5_datum
EINN,91,89,89,89,departures,0.978021978021978,0.978021978021978,path5_datum
GMAD,91,0,0,0,arrivals,0.0,0.0,path5_datum
EGKB,91,90,0,0,arrivals,0.0,0.0,path5_datum
LJLJ,90,87,87,88,departures,0.9666666666666667,0.9777777777777777,path5_datum
DTTJ,89,0,0,0,departures,0.0,0.0,path5_datum
UUDD,89,6,6,7,departures,0.06741573033707865,0.07865168539325842,path5_datum
EDDW,88,87,86,86,departures,0.9772727272727273,0.9772727272727273,path5_datum
GMTT,88,88,88,88,departures,1.0,1.0,path5_datum
EDLW,87,85,85,86,departures,0.9770114942528736,0.9885057471264368,path5_datum
EDDW,87,87,87,89,arrivals,1.0,1.0229885057471264,path5_datum
GMTT,87,86,86,87,arrivals,0.9885057471264368,1.0,path5_datum
EDLW,87,84,84,84,arrivals,0.9655172413793104,0.9655172413793104,path5_datum
EINN,86,80,80,81,arrivals,0.9302325581395349,0.9418604651162791,path5_datum
LIMJ,86,86,85,85,arrivals,0.9883720930232558,0.9883720930232558,path5_datum
EGHI,86,78,78,79,arrivals,0.9069767441860465,0.9186046511627907,path5_datum
LIPH,85,85,85,85,departures,1.0,1.0,path5_datum
GCLA,85,2,0,0,departures,0.0,0.0,path5_datum
LIPH,85,85,85,85,arrivals,1.0,1.0,path5_datum
EDSB,85,78,78,82,arrivals,0.9176470588235294,0.9647058823529412,path5_datum
LFKB,84,30,29,29,departures,0.34523809523809523,0.34523809523809523,path5_datum
LFKB,84,66,66,66,arrivals,0.7857142857142857,0.7857142857142857,path5_datum
GCLA,84,7,6,6,arrivals,0.07142857142857142,0.07142857142857142,path5_datum
EGHI,83,75,75,76,departures,0.9036144578313253,0.9156626506024096,path5_datum
EGJB,83,76,76,77,departures,0.9156626506024096,0.927710843373494,path5_datum
LYTV,83,1,0,0,arrivals,0.0,0.0,path5_datum
LYTV,82,2,0,0,departures,0.0,0.0,path5_datum
EDSB,81,76,76,77,departures,0.9382716049382716,0.9506172839506173,path5_datum
EGNS,81,75,74,74,arrivals,0.9135802469135802,0.9135802469135802,path5_datum
DTMB,81,0,0,0,arrivals,0.0,0.0,path5_datum
EGNS,80,71,71,71,departures,0.8875,0.8875,path5_datum
LFKJ,80,79,79,79,arrivals,0.9875,0.9875,path5_datum
LIMJ,79,76,75,75,departures,0.9493670886075949,0.9493670886075949,path5_datum
DTMB,79,0,0,0,departures,0.0,0.0,path5_datum
LFKJ,78,78,78,78,departures,1.0,1.0,path5_datum
EDFH,77,75,75,75,departures,0.974025974025974,0.974025974025974,path5_datum
LYPG,77,1,0,0,departures,0.0,0.0,path5_datum
LYPG,77,0,0,0,arrivals,0.0,0.0,path5_datum
EKYT,75,73,73,73,departures,0.9733333333333334,0.9733333333333334,path5_datum
LBWN,75,47,47,48,arrivals,0.6266666666666667,0.64,path5_datum
LFMT,75,73,72,72,arrivals,0.96,0.96,path5_datum
UUDD,75,2,0,0,arrivals,0.0,0.0,path5_datum
LFMT,74,74,74,74,departures,1.0,1.0,path5_datum
EDFH,74,71,71,71,arrivals,0.9594594594594594,0.9594594594594594,path5_datum
LTAJ,74,0,0,0,arrivals,0.0,0.0,path5_datum
EGJB,74,70,61,64,arrivals,0.8243243243243243,0.8648648648648649,path5_datum
LTAU,73,0,0,0,arrivals,0.0,0.0,path5_datum
LTAJ,72,0,0,0,departures,0.0,0.0,path5_datum
LFMD,72,68,30,30,arrivals,0.4166666666666667,0.4166666666666667,path5_datum
EGHH,72,66,66,68,arrivals,0.9166666666666666,0.9444444444444444,path5_datum
ENTO,72,66,64,64,arrivals,0.8888888888888888,0.8888888888888888,path5_datum
LBWN,71,18,15,15,departures,0.2112676056338028,0.2112676056338028,path5_datum
LRIA,71,1,0,0,departures,0.0,0.0,path5_datum
EGHH,71,70,69,69,departures,0.971830985915493,0.971830985915493,path5_datum
ENTO,71,49,47,47,departures,0.6619718309859155,0.6619718309859155,path5_datum
EKYT,71,69,69,69,arrivals,0.971830985915493,0.971830985915493,path5_datum
LTAU,70,0,0,0,departures,0.0,0.0,path5_datum
LEAS,69,29,29,29,departures,0.42028985507246375,0.42028985507246375,path5_datum
UGSB,69,45,45,45,arrivals,0.6521739130434783,0.6521739130434783,path5_datum
EDLV,69,69,69,69,arrivals,1.0,1.0,path5_datum
EDLV,68,68,68,68,departures,1.0,1.0,path5_datum
LERS,68,61,61,61,arrivals,0.8970588235294118,0.8970588235294118,path5_datum
LEAS,68,3,3,3,arrivals,0.04411764705882353,0.04411764705882353,path5_datum
LRIA,68,0,0,0,arrivals,0.0,0.0,path5_datum
UGSB,67,55,55,55,departures,0.8208955223880597,0.8208955223880597,path5_datum
LERS,67,14,14,14,departures,0.208955223880597,0.208955223880597,path5_datum
URSS,67,0,0,0,arrivals,0.0,0.0,path5_datum
LFMD,65,59,57,59,departures,0.8769230769230769,0.9076923076923077,path5_datum
LFKF,65,58,57,57,arrivals,0.8769230769230769,0.8769230769230769,path5_datum
GMME,64,7,7,7,departures,0.109375,0.109375,path5_datum
GMME,63,23,22,22,arrivals,0.3492063492063492,0.3492063492063492,path5_datum
LIEA,62,62,62,62,departures,1.0,1.0,path5_datum
LGKF,62,61,60,60,departures,0.967741935483871,0.967741935483871,path5_datum
LIEA,62,62,62,62,arrivals,1.0,1.0,path5_datum
LIPQ,61,58,58,58,departures,0.9508196721311475,0.9508196721311475,path5_datum
LFKF,61,29,29,29,departures,0.47540983606557374,0.47540983606557374,path5_datum
EDDG,60,60,60,60,departures,1.0,1.0,path5_datum
EPRZ,60,57,56,56,departures,0.9333333333333333,0.9333333333333333,path5_datum
LGKF,60,56,56,58,arrivals,0.9333333333333333,0.9666666666666667,path5_datum
DTNH,59,0,0,0,departures,0.0,0.0,path5_datum
LRTR,59,0,0,0,departures,0.0,0.0,path5_datum
LIPQ,59,59,58,58,arrivals,0.9830508474576272,0.9830508474576272,path5_datum
LTBA,58,57,53,56,departures,0.9137931034482759,0.9655172413793104,path5_datum
DTNH,58,0,0,0,arrivals,0.0,0.0,path5_datum
EPRZ,58,55,54,54,arrivals,0.9310344827586207,0.9310344827586207,path5_datum
LFBZ,57,57,57,60,arrivals,1.0,1.0526315789473684,path5_datum
LRTR,57,0,0,1,arrivals,0.0,0.017543859649122806,path5_datum
LFQQ,57,56,55,56,arrivals,0.9649122807017544,0.9824561403508771,path5_datum
LOWG,56,56,53,54,departures,0.9464285714285714,0.9642857142857143,path5_datum
LFQQ,56,56,56,56,departures,1.0,1.0,path5_datum
LTCC,56,0,0,0,arrivals,0.0,0.0,path5_datum
EDDG,56,54,54,54,arrivals,0.9642857142857143,0.9642857142857143,path5_datum
LFBZ,55,12,12,12,departures,0.21818181818181817,0.21818181818181817,path5_datum
LTCC,55,1,0,0,departures,0.0,0.0,path5_datum
LDPL,55,49,48,49,arrivals,0.8727272727272727,0.8909090909090909,path5_datum
LFTH,55,51,48,58,arrivals,0.8727272727272727,1.0545454545454545,path5_datum
EYKA,54,51,51,51,departures,0.9444444444444444,0.9444444444444444,path5_datum
LOWG,53,53,53,57,arrivals,1.0,1.0754716981132075,path5_datum
LKTB,52,51,48,49,departures,0.9230769230769231,0.9423076923076923,path5_datum
URSS,52,0,0,0,departures,0.0,0.0,path5_datum
GMFF,52,0,0,0,departures,0.0,0.0,path5_datum
LTBA,52,47,42,77,arrivals,0.8076923076923077,1.4807692307692308,path5_datum
LKTB,52,51,50,52,arrivals,0.9615384615384616,1.0,path5_datum
GMFF,52,0,0,0,arrivals,0.0,0.0,path5_datum
LFTH,51,24,14,25,departures,0.27450980392156865,0.49019607843137253,path5_datum
EGPE,51,48,48,48,departures,0.9411764705882353,0.9411764705882353,path5_datum
EHKD,50,42,41,53,departures,0.82,1.06,path5_datum
LFST,50,48,47,47,arrivals,0.94,0.94,path5_datum
EYKA,50,16,9,9,arrivals,0.18,0.18,path5_datum
LDPL,49,45,45,48,departures,0.9183673469387755,0.9795918367346939,path5_datum
UGKO,49,0,0,0,departures,0.0,0.0,path5_datum
LFST,49,47,47,47,departures,0.9591836734693877,0.9591836734693877,path5_datum
DAOO,49,22,22,22,arrivals,0.4489795918367347,0.4489795918367347,path5_datum
UGKO,49,0,0,0,arrivals,0.0,0.0,path5_datum
EGFF,49,46,44,44,arrivals,0.8979591836734694,0.8979591836734694,path5_datum
EGPE,49,45,45,45,arrivals,0.9183673469387755,0.9183673469387755,path5_datum
DAOO,48,10,9,9,departures,0.1875,0.1875,path5_datum
EGFF,48,47,47,50,departures,0.9791666666666666,1.0416666666666667,path5_datum
UBBN,48,0,0,0,departures,0.0,0.0,path5_datum
ENCN,48,35,35,35,departures,0.7291666666666666,0.7291666666666666,path5_datum
EHKD,48,37,37,45,arrivals,0.7708333333333334,0.9375,path5_datum
ENAL,48,1,1,1,arrivals,0.020833333333333332,0.020833333333333332,path5_datum
UBBN,48,1,0,0,arrivals,0.0,0.0,path5_datum
ORBI,48,1,0,0,arrivals,0.0,0.0,path5_datum
LFRB,47,41,41,41,departures,0.8723404255319149,0.8723404255319149,path5_datum
ENAL,46,0,0,0,departures,0.0,0.0,path5_datum
ENKB,46,0,0,0,departures,0.0,0.0,path5_datum
LGPZ,46,1,0,0,arrivals,0.0,0.0,path5_datum
LTFH,45,3,3,3,departures,0.06666666666666667,0.06666666666666667,path5_datum
LGPZ,45,1,0,0,departures,0.0,0.0,path5_datum
EDDC,45,44,44,44,departures,0.9777777777777777,0.9777777777777777,path5_datum
LGPA,45,0,0,0,departures,0.0,0.0,path5_datum
LTFH,45,4,3,3,arrivals,0.06666666666666667,0.06666666666666667,path5_datum
EDDC,45,45,45,45,arrivals,1.0,1.0,path5_datum
LIRI,44,6,0,0,departures,0.0,0.0,path5_datum
GEML,44,43,43,43,departures,0.9772727272727273,0.9772727272727273,path5_datum
ORER,44,0,0,0,departures,0.0,0.0,path5_datum
ESSB,44,38,37,38,departures,0.8409090909090909,0.8636363636363636,path5_datum
BIRK,44,41,41,41,departures,0.9318181818181818,0.9318181818181818,path5_datum
GEML,44,43,43,45,arrivals,0.9772727272727273,1.0227272727272727,path5_datum
ORER,44,0,0,0,arrivals,0.0,0.0,path5_datum
LEJR,44,43,43,44,arrivals,0.9772727272727273,1.0,path5_datum
BIRK,44,36,34,35,arrivals,0.7727272727272727,0.7954545454545454,path5_datum
ENKB,44,0,0,0,arrivals,0.0,0.0,path5_datum
LFRB,44,39,39,39,arrivals,0.8863636363636364,0.8863636363636364,path5_datum
LKMT,44,39,39,41,arrivals,0.8863636363636364,0.9318181818181818,path5_datum
LKMT,43,40,39,39,departures,0.9069767441860465,0.9069767441860465,path5_datum
LIBP,43,43,43,43,arrivals,1.0,1.0,path5_datum
LOWI,43,30,29,29,arrivals,0.6744186046511628,0.6744186046511628,path5_datum
ENCN,43,10,10,10,arrivals,0.23255813953488372,0.23255813953488372,path5_datum
EPMO,42,42,42,43,departures,1.0,1.0238095238095237,path5_datum
ENEV,42,6,0,0,departures,0.0,0.0,path5_datum
ORBI,42,0,0,0,departures,0.0,0.0,path5_datum
LIRI,42,3,0,0,arrivals,0.0,0.0,path5_datum
UMMS,42,2,2,2,arrivals,0.047619047619047616,0.047619047619047616,path5_datum
ESMS,42,36,36,38,arrivals,0.8571428571428571,0.9047619047619048,path5_datum
ENEV,42,9,0,0,arrivals,0.0,0.0,path5_datum
LGSM,42,16,16,17,arrivals,0.38095238095238093,0.40476190476190477,path5_datum
ESMS,41,38,38,38,departures,0.926829268292683,0.926829268292683,path5_datum
LIBP,41,41,41,42,departures,1.0,1.024390243902439,path5_datum
LGSM,41,8,7,7,departures,0.17073170731707318,0.17073170731707318,path5_datum
LIRZ,41,41,41,45,arrivals,1.0,1.0975609756097562,path5_datum
UMMS,40,14,14,14,departures,0.35,0.35,path5_datum
LEJR,40,40,40,40,departures,1.0,1.0,path5_datum
LEVX,40,27,27,28,arrivals,0.675,0.7,path5_datum
UWKD,40,0,0,0,arrivals,0.0,0.0,path5_datum
LICT,40,4,4,4,arrivals,0.1,0.1,path5_datum
EPMO,40,30,30,30,arrivals,0.75,0.75,path5_datum
LEAM,40,37,36,36,arrivals,0.9,0.9,path5_datum
GMMW,40,34,32,32,arrivals,0.8,0.8,path5_datum
LGPA,40,0,0,0,arrivals,0.0,0.0,path5_datum
LEVT,39,0,0,0,departures,0.0,0.0,path5_datum
LICT,39,3,3,3,departures,0.07692307692307693,0.07692307692307693,path5_datum
LIRZ,39,39,35,35,departures,0.8974358974358975,0.8974358974358975,path5_datum
LEXJ,39,0,0,0,departures,0.0,0.0,path5_datum
GMMW,39,33,33,33,departures,0.8461538461538461,0.8461538461538461,path5_datum
EGPB,39,0,0,0,arrivals,0.0,0.0,path5_datum
LEVT,39,13,13,13,arrivals,0.3333333333333333,0.3333333333333333,path5_datum
LEZG,39,15,15,15,arrivals,0.38461538461538464,0.38461538461538464,path5_datum
EDLP,39,35,35,36,arrivals,0.8974358974358975,0.9230769230769231,path5_datum
EGPB,38,0,0,0,departures,0.0,0.0,path5_datum
UWKD,38,0,0,0,departures,0.0,0.0,path5_datum
LEZG,38,14,14,15,departures,0.3684210526315789,0.39473684210526316,path5_datum
ESPA,38,0,0,0,departures,0.0,0.0,path5_datum
LEVX,37,6,5,5,departures,0.13513513513513514,0.13513513513513514,path5_datum
LGSK,37,5,5,5,departures,0.13513513513513514,0.13513513513513514,path5_datum
LOWL,37,36,36,37,departures,0.972972972972973,1.0,path5_datum
LEAM,37,35,35,35,departures,0.9459459459459459,0.9459459459459459,path5_datum
LIPY,37,2,1,1,departures,0.02702702702702703,0.02702702702702703,path5_datum
LGSK,37,30,30,30,arrivals,0.8108108108108109,0.8108108108108109,path5_datum
ESSB,37,32,32,35,arrivals,0.8648648648648649,0.9459459459459459,path5_datum
LEXJ,37,0,0,0,arrivals,0.0,0.0,path5_datum
EGTE,36,33,33,33,departures,0.9166666666666666,0.9166666666666666,path5_datum
LECO,36,35,35,35,departures,0.9722222222222222,0.9722222222222222,path5_datum
EGTE,36,33,33,33,arrivals,0.9166666666666666,0.9166666666666666,path5_datum
LIPY,36,9,9,10,arrivals,0.25,0.2777777777777778,path5_datum
LTFO,36,20,18,18,arrivals,0.5,0.5,path5_datum
EGMC,35,35,35,36,departures,1.0,1.0285714285714285,path5_datum
EDLP,35,32,32,33,departures,0.9142857142857143,0.9428571428571428,path5_datum
LZKZ,35,24,24,24,departures,0.6857142857142857,0.6857142857142857,path5_datum
LTFO,35,0,0,0,departures,0.0,0.0,path5_datum
LTFG,35,35,34,34,arrivals,0.9714285714285714,0.9714285714285714,path5_datum
ESPA,35,0,0,0,arrivals,0.0,0.0,path5_datum
LECO,35,35,35,51,arrivals,1.0,1.457142857142857,path5_datum
GMFO,34,7,7,7,departures,0.20588235294117646,0.20588235294117646,path5_datum
LTFG,34,34,34,34,departures,1.0,1.0,path5_datum
LEGR,34,0,0,0,departures,0.0,0.0,path5_datum
LOWL,34,32,31,31,arrivals,0.9117647058823529,0.9117647058823529,path5_datum
LICR,34,1,0,0,arrivals,0.0,0.0,path5_datum
GMFO,34,29,29,29,arrivals,0.8529411764705882,0.8529411764705882,path5_datum
LEGR,34,8,3,3,arrivals,0.08823529411764706,0.08823529411764706,path5_datum
LGMT,34,34,34,34,arrivals,1.0,1.0,path5_datum
LZKZ,34,27,27,27,arrivals,0.7941176470588235,0.7941176470588235,path5_datum
LICR,33,0,0,0,departures,0.0,0.0,path5_datum
LTCI,33,0,0,0,departures,0.0,0.0,path5_datum
LGMT,33,31,31,32,departures,0.9393939393939394,0.9696969696969697,path5_datum
LOWI,33,27,26,27,departures,0.7878787878787878,0.8181818181818182,path5_datum
EGMC,33,33,33,63,arrivals,1.0,1.9090909090909092,path5_datum
EKAH,33,30,30,30,arrivals,0.9090909090909091,0.9090909090909091,path5_datum
EGWU,32,32,0,2,departures,0.0,0.0625,path5_datum
LTCB,32,2,2,2,departures,0.0625,0.0625,path5_datum
EKAH,32,25,25,25,departures,0.78125,0.78125,path5_datum
LFRN,32,32,32,32,departures,1.0,1.0,path5_datum
LEMI,32,31,31,31,arrivals,0.96875,0.96875,path5_datum
LTCI,32,0,0,0,arrivals,0.0,0.0,path5_datum
LEMI,31,31,31,31,departures,1.0,1.0,path5_datum
EIKN,31,30,30,30,departures,0.967741935483871,0.967741935483871,path5_datum
ENHD,31,6,5,5,departures,0.16129032258064516,0.16129032258064516,path5_datum
EDMO,31,29,27,27,departures,0.8709677419354839,0.8709677419354839,path5_datum
LFRN,31,31,31,31,arrivals,1.0,1.0,path5_datum
LTCE,31,1,0,0,arrivals,0.0,0.0,path5_datum
EGPK,30,29,29,29,departures,0.9666666666666667,0.9666666666666667,path5_datum
URMM,30,0,0,0,departures,0.0,0.0,path5_datum
LGNX,30,1,0,0,departures,0.0,0.0,path5_datum
LTCB,30,10,10,10,arrivals,0.3333333333333333,0.3333333333333333,path5_datum
LGNX,30,1,0,0,arrivals,0.0,0.0,path5_datum
EIKN,30,30,30,30,arrivals,1.0,1.0,path5_datum
EBAW,29,29,25,25,departures,0.8620689655172413,0.8620689655172413,path5_datum
LTCE,29,0,0,0,departures,0.0,0.0,path5_datum
EGPA,29,0,0,0,departures,0.0,0.0,path5_datum
LTAZ,29,0,0,0,departures,0.0,0.0,path5_datum
EGPK,29,29,29,30,arrivals,1.0,1.0344827586206897,path5_datum
URMM,29,0,0,0,arrivals,0.0,0.0,path5_datum
ENHD,29,21,20,20,arrivals,0.6896551724137931,0.6896551724137931,path5_datum
LTAZ,29,1,0,0,arrivals,0.0,0.0,path5_datum
EGHQ,28,27,27,27,departures,0.9642857142857143,0.9642857142857143,path5_datum
ESNU,28,0,0,0,departures,0.0,0.0,path5_datum
EGHQ,28,27,27,27,arrivals,0.9642857142857143,0.9642857142857143,path5_datum
LTCA,27,0,0,0,departures,0.0,0.0,path5_datum
ENBN,27,0,0,0,departures,0.0,0.0,path5_datum
LICD,27,4,4,4,departures,0.14814814814814814,0.14814814814814814,path5_datum
LIPB,27,18,17,18,arrivals,0.6296296296296297,0.6666666666666666,path5_datum
EGWU,27,25,0,0,arrivals,0.0,0.0,path5_datum
LTAN,27,0,0,0,arrivals,0.0,0.0,path5_datum
LTCA,27,0,0,0,arrivals,0.0,0.0,path5_datum
LICD,27,8,8,8,arrivals,0.2962962962962963,0.2962962962962963,path5_datum
LFKC,27,27,27,27,arrivals,1.0,1.0,path5_datum
LTAT,26,0,0,0,departures,0.0,0.0,path5_datum
LPCS,26,26,23,24,departures,0.8846153846153846,0.9230769230769231,path5_datum
LIPB,26,11,11,11,departures,0.4230769230769231,0.4230769230769231,path5_datum
LTCS,26,0,0,0,departures,0.0,0.0,path5_datum
LTAN,26,0,0,0,departures,0.0,0.0,path5_datum
LRBS,26,26,25,98,departures,0.9615384615384616,3.769230769230769,path5_datum
LFKC,26,26,26,26,departures,1.0,1.0,path5_datum
LGHI,26,3,2,2,arrivals,0.07692307692307693,0.07692307692307693,path5_datum
LTCS,26,0,0,0,arrivals,0.0,0.0,path5_datum
ESNU,26,0,0,0,arrivals,0.0,0.0,path5_datum
ENBN,26,0,0,0,arrivals,0.0,0.0,path5_datum
EGPA,26,0,0,0,arrivals,0.0,0.0,path5_datum
LGKL,25,12,11,11,departures,0.44,0.44,path5_datum
LGHI,25,3,2,2,departures,0.08,0.08,path5_datum
LGML,25,0,0,0,departures,0.0,0.0,path5_datum
LFMP,25,12,12,12,departures,0.48,0.48,path5_datum
EHBK,25,21,20,20,departures,0.8,0.8,path5_datum
EFOU,25,0,0,0,departures,0.0,0.0,path5_datum
EGSH,25,25,25,25,departures,1.0,1.0,path5_datum
LPCS,25,24,21,32,arrivals,0.84,1.28,path5_datum
LGKL,25,21,21,23,arrivals,0.84,0.92,path5_datum
EBAW,25,25,24,26,arrivals,0.96,1.04,path5_datum
EFOU,25,0,0,0,arrivals,0.0,0.0,path5_datum
EGSH,25,25,25,25,arrivals,1.0,1.0,path5_datum
LFRK,24,16,15,15,departures,0.625,0.625,path5_datum
EKVG,24,0,0,0,departures,0.0,0.0,path5_datum
ENFL,24,0,0,0,departures,0.0,0.0,path5_datum
ENAT,24,0,0,0,departures,0.0,0.0,path5_datum
LICG,24,0,0,0,departures,0.0,0.0,path5_datum
LIPR,24,24,24,26,departures,1.0,1.0833333333333333,path5_datum
LTAT,24,0,0,0,arrivals,0.0,0.0,path5_datum
EKVG,24,0,0,0,arrivals,0.0,0.0,path5_datum
ENFL,24,0,0,0,arrivals,0.0,0.0,path5_datum
ENAT,24,0,0,0,arrivals,0.0,0.0,path5_datum
LESO,24,3,0,0,arrivals,0.0,0.0,path5_datum
LFMP,24,19,18,18,arrivals,0.75,0.75,path5_datum
EHBK,24,19,19,22,arrivals,0.7916666666666666,0.9166666666666666,path5_datum
LIPR,24,24,23,24,arrivals,0.9583333333333334,1.0,path5_datum
EDDR,23,17,17,18,departures,0.7391304347826086,0.782608695652174,path5_datum
ESSV,23,0,0,0,departures,0.0,0.0,path5_datum
ENOV,23,0,0,0,departures,0.0,0.0,path5_datum
ENKR,23,0,0,0,departures,0.0,0.0,path5_datum
LESO,23,1,0,0,departures,0.0,0.0,path5_datum
ENLK,23,5,0,0,departures,0.0,0.0,path5_datum
LFBT,23,23,23,23,departures,1.0,1.0,path5_datum
ENKR,23,0,0,0,arrivals,0.0,0.0,path5_datum
LICG,23,3,3,3,arrivals,0.13043478260869565,0.13043478260869565,path5_datum
EGPO,23,3,0,0,arrivals,0.0,0.0,path5_datum
EDXW,22,20,19,19,departures,0.8636363636363636,0.8636363636363636,path5_datum
LLER,22,0,0,0,departures,0.0,0.0,path5_datum
LSGS,22,0,0,2,departures,0.0,0.09090909090909091,path5_datum
LRSB,22,1,0,0,departures,0.0,0.0,path5_datum
LFBP,22,11,11,11,departures,0.5,0.5,path5_datum
LGKP,22,0,0,0,departures,0.0,0.0,path5_datum
EGNV,22,19,19,19,departures,0.8636363636363636,0.8636363636363636,path5_datum
EGPO,22,0,0,0,departures,0.0,0.0,path5_datum
EPSC,22,6,6,6,departures,0.2727272727272727,0.2727272727272727,path5_datum
EIKY,22,22,22,22,departures,1.0,1.0,path5_datum
LRCV,22,1,0,0,departures,0.0,0.0,path5_datum
GCHI,22,0,0,0,departures,0.0,0.0,path5_datum
LFRK,22,21,18,18,arrivals,0.8181818181818182,0.8181818181818182,path5_datum
EDDR,22,16,16,19,arrivals,0.7272727272727273,0.8636363636363636,path5_datum
ESSV,22,3,3,3,arrivals,0.13636363636363635,0.13636363636363635,path5_datum
EDXW,22,21,20,21,arrivals,0.9090909090909091,0.9545454545454546,path5_datum
ENOV,22,0,0,0,arrivals,0.0,0.0,path5_datum
LLER,22,0,0,0,arrivals,0.0,0.0,path5_datum
LRSB,22,3,3,4,arrivals,0.13636363636363635,0.18181818181818182,path5_datum
LFBP,22,22,20,20,arrivals,0.9090909090909091,0.9090909090909091,path5_datum
LGKP,22,0,0,0,arrivals,0.0,0.0,path5_datum
EDMO,22,22,16,16,arrivals,0.7272727272727273,0.7272727272727273,path5_datum
EPSC,22,12,11,11,arrivals,0.5,0.5,path5_datum
ENLK,22,3,0,0,arrivals,0.0,0.0,path5_datum
GCHI,22,0,0,0,arrivals,0.0,0.0,path5_datum
LFBT,22,22,22,24,arrivals,1.0,1.0909090909090908,path5_datum
LDRI,21,0,0,0,departures,0.0,0.0,path5_datum
ENSG,21,7,0,0,departures,0.0,0.0,path5_datum
LRSV,21,0,0,0,departures,0.0,0.0,path5_datum
BIAR,21,0,0,0,departures,0.0,0.0,path5_datum
LDRI,21,18,18,19,arrivals,0.8571428571428571,0.9047619047619048,path5_datum
ENSG,21,8,0,0,arrivals,0.0,0.0,path5_datum
LGML,21,0,0,0,arrivals,0.0,0.0,path5_datum
EGNV,21,19,19,19,arrivals,0.9047619047619048,0.9047619047619048,path5_datum
LSZB,21,20,20,27,arrivals,0.9523809523809523,1.2857142857142858,path5_datum
EIKY,21,21,21,21,arrivals,1.0,1.0,path5_datum
LFLC,21,20,20,20,arrivals,0.9523809523809523,0.9523809523809523,path5_datum
LRCV,21,1,0,0,arrivals,0.0,0.0,path5_datum
LRBS,21,21,20,22,arrivals,0.9523809523809523,1.0476190476190477,path5_datum
BIAR,21,0,0,0,arrivals,0.0,0.0,path5_datum
DABC,20,0,0,0,departures,0.0,0.0,path5_datum
LTCR,20,0,0,0,departures,0.0,0.0,path5_datum
LSZB,20,18,18,19,departures,0.9,0.95,path5_datum
GMTN,20,20,19,19,arrivals,0.95,0.95,path5_datum
LSGS,20,2,1,3,arrivals,0.05,0.15,path5_datum
LTCR,20,0,0,0,arrivals,0.0,0.0,path5_datum
LRSV,20,0,0,0,arrivals,0.0,0.0,path5_datum
EGNJ,20,15,15,15,arrivals,0.75,0.75,path5_datum
HLLM,20,1,0,0,arrivals,0.0,0.0,path5_datum
DABC,20,0,0,0,arrivals,0.0,0.0,path5_datum
LOWK,19,5,5,5,departures,0.2631578947368421,0.2631578947368421,path5_datum
LTCJ,19,0,0,0,departures,0.0,0.0,path5_datum
GMTN,19,18,18,18,departures,0.9473684210526315,0.9473684210526315,path5_datum
EFTU,19,12,12,12,departures,0.631578947368421,0.631578947368421,path5_datum
ENVD,19,0,0,0,departures,0.0,0.0,path5_datum
LRBC,19,3,3,3,departures,0.15789473684210525,0.15789473684210525,path5_datum
EGTK,19,19,19,20,departures,1.0,1.0526315789473684,path5_datum
ENSK,19,5,0,0,departures,0.0,0.0,path5_datum
LSZR,19,19,19,22,departures,1.0,1.1578947368421053,path5_datum
HLLM,19,0,0,0,departures,0.0,0.0,path5_datum
LTCJ,19,0,0,0,arrivals,0.0,0.0,path5_datum
LRBC,19,3,3,3,arrivals,0.15789473684210525,0.15789473684210525,path5_datum
ENSK,19,4,0,0,arrivals,0.0,0.0,path5_datum
LFTZ,19,18,0,0,arrivals,0.0,0.0,path5_datum
LSZR,19,19,19,19,arrivals,1.0,1.0,path5_datum
EYPA,18,16,15,16,departures,0.8333333333333334,0.8888888888888888,path5_datum
EGJA,18,6,6,6,departures,0.3333333333333333,0.3333333333333333,path5_datum
EBOS,18,16,16,16,departures,0.8888888888888888,0.8888888888888888,path5_datum
LFLC,18,18,18,18,departures,1.0,1.0,path5_datum
LOWK,18,15,15,15,arrivals,0.8333333333333334,0.8333333333333334,path5_datum
LIPO,18,18,15,19,arrivals,0.8333333333333334,1.0555555555555556,path5_datum
EFTU,18,10,10,10,arrivals,0.5555555555555556,0.5555555555555556,path5_datum
EGJA,18,18,15,23,arrivals,0.8333333333333334,1.2777777777777777,path5_datum
EFRO,17,0,0,0,departures,0.0,0.0,path5_datum
LPAZ,17,11,11,11,departures,0.6470588235294118,0.6470588235294118,path5_datum
EPLL,17,12,12,12,departures,0.7058823529411765,0.7058823529411765,path5_datum
EBKT,17,16,16,17,departures,0.9411764705882353,1.0,path5_datum
LQBK,17,0,0,0,departures,0.0,0.0,path5_datum
ENML,17,0,0,0,departures,0.0,0.0,path5_datum
LGAL,17,1,1,1,departures,0.058823529411764705,0.058823529411764705,path5_datum
EFRO,17,0,0,0,arrivals,0.0,0.0,path5_datum
LQBK,17,4,4,4,arrivals,0.23529411764705882,0.23529411764705882,path5_datum
EYPA,17,3,2,2,arrivals,0.11764705882352941,0.11764705882352941,path5_datum
EBOS,17,16,16,18,arrivals,0.9411764705882353,1.0588235294117647,path5_datum
LFLY,16,16,0,0,departures,0.0,0.0,path5_datum
EKRN,16,0,0,0,departures,0.0,0.0,path5_datum
LYNI,16,0,0,0,departures,0.0,0.0,path5_datum
LFBL,16,0,0,0,departures,0.0,0.0,path5_datum
EPBY,16,15,15,15,departures,0.9375,0.9375,path5_datum
LTCF,16,0,0,0,departures,0.0,0.0,path5_datum
EGNJ,16,12,12,12,departures,0.75,0.75,path5_datum
EDDE,16,16,16,16,departures,1.0,1.0,path5_datum
LXGB,16,15,15,15,departures,0.9375,0.9375,path5_datum
LEPP,16,3,3,3,departures,0.1875,0.1875,path5_datum
EPLB,16,15,15,15,departures,0.9375,0.9375,path5_datum
LFBE,16,15,15,15,departures,0.9375,0.9375,path5_datum
EKEB,16,13,13,13,departures,0.8125,0.8125,path5_datum
LECH,16,14,14,14,departures,0.875,0.875,path5_datum
LFLY,16,16,0,1,arrivals,0.0,0.0625,path5_datum
LYNI,16,0,0,0,arrivals,0.0,0.0,path5_datum
LFBL,16,0,0,0,arrivals,0.0,0.0,path5_datum
EPLL,16,15,15,15,arrivals,0.9375,0.9375,path5_datum
LTCF,16,0,0,0,arrivals,0.0,0.0,path5_datum
LFMK,16,15,15,16,arrivals,0.9375,1.0,path5_datum
ENSH,16,1,0,0,arrivals,0.0,0.0,path5_datum
EGTK,16,16,14,14,arrivals,0.875,0.875,path5_datum
LGAL,16,16,16,16,arrivals,1.0,1.0,path5_datum
EDVE,16,16,14,14,arrivals,0.875,0.875,path5_datum
LXGB,16,15,15,15,arrivals,0.9375,0.9375,path5_datum
EPLB,16,15,15,17,arrivals,0.9375,1.0625,path5_datum
LFBE,16,13,13,13,arrivals,0.8125,0.8125,path5_datum
UWGG,15,0,0,0,departures,0.0,0.0,path5_datum
HESX,15,0,0,2,departures,0.0,0.13333333333333333,path5_datum
LTCK,15,0,0,0,departures,0.0,0.0,path5_datum
EDNY,15,13,12,12,departures,0.8,0.8,path5_datum
LFMK,15,15,15,15,departures,1.0,1.0,path5_datum
ENRA,15,0,0,0,departures,0.0,0.0,path5_datum
EGAE,15,3,3,3,departures,0.2,0.2,path5_datum
LFRM,15,15,14,16,arrivals,0.9333333333333333,1.0666666666666667,path5_datum
EKRN,15,6,6,6,arrivals,0.4,0.4,path5_datum
HESX,15,4,4,12,arrivals,0.26666666666666666,0.8,path5_datum
ENVD,15,0,0,0,arrivals,0.0,0.0,path5_datum
LTCK,15,0,0,0,arrivals,0.0,0.0,path5_datum
EPBY,15,8,8,8,arrivals,0.5333333333333333,0.5333333333333333,path5_datum
EDNY,15,12,12,13,arrivals,0.8,0.8666666666666667,path5_datum
ENML,15,0,0,0,arrivals,0.0,0.0,path5_datum
LLHA,15,13,13,13,arrivals,0.8666666666666667,0.8666666666666667,path5_datum
EDDE,15,15,15,15,arrivals,1.0,1.0,path5_datum
LFSD,15,15,14,14,arrivals,0.9333333333333333,0.9333333333333333,path5_datum
LGLM,15,2,0,0,arrivals,0.0,0.0,path5_datum
EKEB,15,12,12,12,arrivals,0.8,0.8,path5_datum
LECH,15,13,13,13,arrivals,0.8666666666666667,0.8666666666666667,path5_datum
LTAY,14,0,0,0,departures,0.0,0.0,path5_datum
ETSI,14,13,13,13,departures,0.9285714285714286,0.9285714285714286,path5_datum
LLHA,14,13,13,13,departures,0.9285714285714286,0.9285714285714286,path5_datum
LROD,14,0,0,0,departures,0.0,0.0,path5_datum
ENSH,14,1,0,0,departures,0.0,0.0,path5_datum
LTAR,14,0,0,0,departures,0.0,0.0,path5_datum
EFKU,14,14,14,14,departures,1.0,1.0,path5_datum
EDVE,14,14,14,14,departures,1.0,1.0,path5_datum
LGLM,14,2,0,0,departures,0.0,0.0,path5_datum
LFBH,14,5,5,5,arrivals,0.35714285714285715,0.35714285714285715,path5_datum
LPAZ,14,12,12,14,arrivals,0.8571428571428571,1.0,path5_datum
LROD,14,0,0,0,arrivals,0.0,0.0,path5_datum
ENRA,14,0,0,0,arrivals,0.0,0.0,path5_datum
EGAE,14,2,2,2,arrivals,0.14285714285714285,0.14285714285714285,path5_datum
LTAR,14,0,0,0,arrivals,0.0,0.0,path5_datum
LEPP,14,2,2,2,arrivals,0.14285714285714285,0.14285714285714285,path5_datum
LFRM,13,13,13,14,departures,1.0,1.0769230769230769,path5_datum
LFBH,13,13,13,13,departures,1.0,1.0,path5_datum
LTDA,13,0,0,0,departures,0.0,0.0,path5_datum
LGKV,13,13,13,13,departures,1.0,1.0,path5_datum
LPPS,13,3,3,3,departures,0.23076923076923078,0.23076923076923078,path5_datum
LFRZ,13,11,10,10,departures,0.7692307692307693,0.7692307692307693,path5_datum
LTCT,13,0,0,0,departures,0.0,0.0,path5_datum
LIBC,13,0,0,0,departures,0.0,0.0,path5_datum
EDMA,13,13,13,13,departures,1.0,1.0,path5_datum
EFVA,13,0,0,0,departures,0.0,0.0,path5_datum
UWGG,13,0,0,0,arrivals,0.0,0.0,path5_datum
LTAY,13,0,0,0,arrivals,0.0,0.0,path5_datum
LGKV,13,13,13,13,arrivals,1.0,1.0,path5_datum
LPPS,13,6,6,6,arrivals,0.46153846153846156,0.46153846153846156,path5_datum
LFRZ,13,13,12,17,arrivals,0.9230769230769231,1.3076923076923077,path5_datum
EFKU,13,13,13,13,arrivals,1.0,1.0,path5_datum
LTCT,13,0,0,0,arrivals,0.0,0.0,path5_datum
LBPD,13,1,0,0,arrivals,0.0,0.0,path5_datum
ESNS,12,0,0,0,departures,0.0,0.0,path5_datum
LTFD,12,9,9,9,departures,0.75,0.75,path5_datum
EDFM,12,11,11,18,departures,0.9166666666666666,1.5,path5_datum
ENST,12,0,0,0,departures,0.0,0.0,path5_datum
LFMU,12,5,5,5,departures,0.4166666666666667,0.4166666666666667,path5_datum
ENBL,12,0,0,0,departures,0.0,0.0,path5_datum
EKRK,12,11,11,12,departures,0.9166666666666666,1.0,path5_datum
GCGM,12,0,0,0,departures,0.0,0.0,path5_datum
ENSD,12,1,0,0,departures,0.0,0.0,path5_datum
LTCP,12,0,0,0,departures,0.0,0.0,path5_datum
LIRS,12,2,1,1,departures,0.08333333333333333,0.08333333333333333,path5_datum
LFTZ,12,11,0,0,departures,0.0,0.0,path5_datum
LTCN,12,0,0,0,departures,0.0,0.0,path5_datum
LFTW,12,12,12,12,departures,1.0,1.0,path5_datum
HLLB,12,0,0,0,departures,0.0,0.0,path5_datum
LGIO,12,10,10,10,arrivals,0.8333333333333334,0.8333333333333334,path5_datum
LTCD,12,0,0,0,arrivals,0.0,0.0,path5_datum
LTFD,12,12,12,12,arrivals,1.0,1.0,path5_datum
LIBF,12,0,0,0,arrivals,0.0,0.0,path5_datum
ETSI,12,11,10,10,arrivals,0.8333333333333334,0.8333333333333334,path5_datum
EKSB,12,12,12,12,arrivals,1.0,1.0,path5_datum
LGRX,12,2,1,1,arrivals,0.08333333333333333,0.08333333333333333,path5_datum
LFMU,12,11,11,11,arrivals,0.9166666666666666,0.9166666666666666,path5_datum
GCGM,12,0,0,0,arrivals,0.0,0.0,path5_datum
LTCN,12,0,0,0,arrivals,0.0,0.0,path5_datum
HLLB,12,1,1,1,arrivals,0.08333333333333333,0.08333333333333333,path5_datum
LIBC,12,0,0,0,arrivals,0.0,0.0,path5_datum
EFVA,12,0,0,0,arrivals,0.0,0.0,path5_datum
LRBV,11,10,10,10,departures,0.9090909090909091,0.9090909090909091,path5_datum
LTCD,11,0,0,0,departures,0.0,0.0,path5_datum
EGPN,11,11,11,12,departures,1.0,1.0909090909090908,path5_datum
LTCV,11,0,0,0,departures,0.0,0.0,path5_datum
LIPO,11,11,11,13,departures,1.0,1.1818181818181819,path5_datum
LGRX,11,0,0,0,departures,0.0,0.0,path5_datum
ENAN,11,4,0,0,departures,0.0,0.0,path5_datum
GMML,11,0,0,0,departures,0.0,0.0,path5_datum
LFSD,11,11,11,11,departures,1.0,1.0,path5_datum
LFMV,11,11,11,11,arrivals,1.0,1.0,path5_datum
EGPN,11,11,11,11,arrivals,1.0,1.0,path5_datum
LTCV,11,0,0,0,arrivals,0.0,0.0,path5_datum
ESNS,11,6,6,6,arrivals,0.5454545454545454,0.5454545454545454,path5_datum
LTDA,11,0,0,0,arrivals,0.0,0.0,path5_datum
EDFM,11,10,10,16,arrivals,0.9090909090909091,1.4545454545454546,path5_datum
ENST,11,0,0,0,arrivals,0.0,0.0,path5_datum
LICB,11,11,10,13,arrivals,0.9090909090909091,1.1818181818181819,path5_datum
ENBL,11,0,0,0,arrivals,0.0,0.0,path5_datum
GMML,11,0,0,0,arrivals,0.0,0.0,path5_datum
ENSD,11,3,0,0,arrivals,0.0,0.0,path5_datum
LTCP,11,0,0,0,arrivals,0.0,0.0,path5_datum
LIRS,11,4,3,3,arrivals,0.2727272727272727,0.2727272727272727,path5_datum
LFTW,11,11,11,12,arrivals,1.0,1.0909090909090908,path5_datum
EDMA,11,11,11,11,arrivals,1.0,1.0,path5_datum
LGIO,10,9,9,9,departures,0.9,0.9,path5_datum
LFMV,10,9,9,10,departures,0.9,1.0,path5_datum
EKSB,10,10,10,10,departures,1.0,1.0,path5_datum
ESNZ,10,8,8,8,departures,0.8,0.8,path5_datum
LQMO,10,0,0,0,departures,0.0,0.0,path5_datum
LGIK,10,0,0,0,departures,0.0,0.0,path5_datum
LIMP,10,5,5,5,departures,0.5,0.5,path5_datum
EHGG,10,10,10,10,departures,1.0,1.0,path5_datum
LIPK,10,8,8,8,departures,0.8,0.8,path5_datum
DAAE,10,0,0,0,departures,0.0,0.0,path5_datum
LFCR,10,10,10,10,arrivals,1.0,1.0,path5_datum
EKOD,10,10,10,10,arrivals,1.0,1.0,path5_datum
EHGG,10,10,10,11,arrivals,1.0,1.1,path5_datum
LDSB,10,1,0,0,arrivals,0.0,0.0,path5_datum
LIPK,10,8,8,8,arrivals,0.8,0.8,path5_datum
DAAE,10,2,2,2,arrivals,0.2,0.2,path5_datum
LICB,9,9,9,9,departures,1.0,1.0,path5_datum
EDTY,9,9,7,7,departures,0.7777777777777778,0.7777777777777778,path5_datum
LFCR,9,9,9,9,departures,1.0,1.0,path5_datum
LKPD,9,9,9,13,departures,1.0,1.4444444444444444,path5_datum
GMMI,9,0,0,0,departures,0.0,0.0,path5_datum
ESTA,9,1,1,1,departures,0.1111111111111111,0.1111111111111111,path5_datum
ESKN,9,7,7,7,departures,0.7777777777777778,0.7777777777777778,path5_datum
LBPD,9,0,0,0,departures,0.0,0.0,path5_datum
GMFK,9,0,0,0,departures,0.0,0.0,path5_datum
LTCO,9,0,0,0,departures,0.0,0.0,path5_datum
ENMS,9,0,0,0,departures,0.0,0.0,path5_datum
LDSB,9,0,0,0,departures,0.0,0.0,path5_datum
LTBR,9,8,8,8,departures,0.8888888888888888,0.8888888888888888,path5_datum
ENNA,9,0,0,0,departures,0.0,0.0,path5_datum
UUBW,9,0,0,0,arrivals,0.0,0.0,path5_datum
LRBV,9,9,9,9,arrivals,1.0,1.0,path5_datum
ESNZ,9,7,7,7,arrivals,0.7777777777777778,0.7777777777777778,path5_datum
EKRK,9,9,9,10,arrivals,1.0,1.1111111111111112,path5_datum
DAON,9,0,0,0,arrivals,0.0,0.0,path5_datum
LQMO,9,0,0,0,arrivals,0.0,0.0,path5_datum
GMMI,9,0,0,0,arrivals,0.0,0.0,path5_datum
LGIK,9,0,0,0,arrivals,0.0,0.0,path5_datum
ENAN,9,4,0,0,arrivals,0.0,0.0,path5_datum
URML,9,0,0,0,arrivals,0.0,0.0,path5_datum
ESKN,9,6,6,7,arrivals,0.6666666666666666,0.7777777777777778,path5_datum
EGNR,9,8,1,1,arrivals,0.1111111111111111,0.1111111111111111,path5_datum
GMFK,9,0,0,0,arrivals,0.0,0.0,path5_datum
LTCO,9,1,0,0,arrivals,0.0,0.0,path5_datum
ENMS,9,0,0,0,arrivals,0.0,0.0,path5_datum
LTBR,9,7,7,10,arrivals,0.7777777777777778,1.1111111111111112,path5_datum
EPSY,8,6,6,6,departures,0.75,0.75,path5_datum
LSMP,8,8,7,9,departures,0.875,1.125,path5_datum
LQTZ,8,6,6,6,departures,0.75,0.75,path5_datum
LFSL,8,0,0,0,departures,0.0,0.0,path5_datum
LDOS,8,1,1,1,departures,0.125,0.125,path5_datum
EGPI,8,0,0,0,departures,0.0,0.0,path5_datum
ESMX,8,0,0,0,departures,0.0,0.0,path5_datum
EFMA,8,2,2,2,departures,0.25,0.25,path5_datum
LFRG,8,8,8,10,departures,1.0,1.25,path5_datum
EGPR,8,0,0,0,departures,0.0,0.0,path5_datum
BIEG,8,0,0,0,departures,0.0,0.0,path5_datum
DAON,8,0,0,0,departures,0.0,0.0,path5_datum
EDHI,8,8,0,0,departures,0.0,0.0,path5_datum
EDLN,8,7,3,4,departures,0.375,0.5,path5_datum
EFTP,8,6,5,5,departures,0.625,0.625,path5_datum
ENJS,8,0,0,0,departures,0.0,0.0,path5_datum
LFOT,8,4,4,4,departures,0.5,0.5,path5_datum
UBBG,8,0,0,0,departures,0.0,0.0,path5_datum
LGST,8,0,0,0,departures,0.0,0.0,path5_datum
LEBZ,8,7,7,7,departures,0.875,0.875,path5_datum
LFLB,8,8,6,6,arrivals,0.75,0.75,path5_datum
LSMP,8,8,3,5,arrivals,0.375,0.625,path5_datum
LQTZ,8,1,1,1,arrivals,0.125,0.125,path5_datum
LFSL,8,3,2,2,arrivals,0.25,0.25,path5_datum
LDOS,8,4,4,4,arrivals,0.5,0.5,path5_datum
EGPI,8,0,0,0,arrivals,0.0,0.0,path5_datum
ESMX,8,4,4,4,arrivals,0.5,0.5,path5_datum
EBKT,8,8,7,7,arrivals,0.875,0.875,path5_datum
EFMA,8,2,2,2,arrivals,0.25,0.25,path5_datum
BIEG,8,0,0,0,arrivals,0.0,0.0,path5_datum
LKPD,8,8,8,13,arrivals,1.0,1.625,path5_datum
ESTA,8,4,3,3,arrivals,0.375,0.375,path5_datum
LFOT,8,8,8,8,arrivals,1.0,1.0,path5_datum
LGST,8,0,0,0,arrivals,0.0,0.0,path5_datum
ENNA,8,0,0,0,arrivals,0.0,0.0,path5_datum
EDRY,7,7,0,0,departures,0.0,0.0,path5_datum
ENNM,7,2,0,0,departures,0.0,0.0,path5_datum
ESNQ,7,0,0,0,departures,0.0,0.0,path5_datum
LIBF,7,0,0,0,departures,0.0,0.0,path5_datum
LHDC,7,0,0,0,departures,0.0,0.0,path5_datum
EIDL,7,7,7,7,departures,1.0,1.0,path5_datum
LTCW,7,0,0,0,departures,0.0,0.0,path5_datum
BIIS,7,0,0,0,departures,0.0,0.0,path5_datum
EDTL,7,7,7,7,departures,1.0,1.0,path5_datum
EKOD,7,7,7,7,departures,1.0,1.0,path5_datum
OITT,7,0,0,0,departures,0.0,0.0,path5_datum
ESSL,7,6,6,6,departures,0.8571428571428571,0.8571428571428571,path5_datum
EGPL,7,0,0,0,departures,0.0,0.0,path5_datum
UUBW,7,1,0,0,departures,0.0,0.0,path5_datum
HEBA,7,1,1,1,departures,0.14285714285714285,0.14285714285714285,path5_datum
ESNQ,7,6,6,6,arrivals,0.8571428571428571,0.8571428571428571,path5_datum
EIDL,7,7,7,7,arrivals,1.0,1.0,path5_datum
LTCW,7,0,0,0,arrivals,0.0,0.0,path5_datum
EGPR,7,0,0,0,arrivals,0.0,0.0,path5_datum
BIIS,7,0,0,0,arrivals,0.0,0.0,path5_datum
DABB,7,1,0,0,arrivals,0.0,0.0,path5_datum
EDHI,7,7,0,0,arrivals,0.0,0.0,path5_datum
EDTL,7,7,4,5,arrivals,0.5714285714285714,0.7142857142857143,path5_datum
OITT,7,0,0,0,arrivals,0.0,0.0,path5_datum
ENJS,7,0,0,0,arrivals,0.0,0.0,path5_datum
EGPL,7,0,0,0,arrivals,0.0,0.0,path5_datum
LEBZ,7,6,6,6,arrivals,0.8571428571428571,0.8571428571428571,path5_datum
EDTY,7,7,6,6,arrivals,0.8571428571428571,0.8571428571428571,path5_datum
LIMP,7,5,5,5,arrivals,0.7142857142857143,0.7142857142857143,path5_datum
EDVK,6,4,4,4,departures,0.6666666666666666,0.6666666666666666,path5_datum
EHJA,6,0,0,0,departures,0.0,0.0,path5_datum
HEAL,6,1,1,1,departures,0.16666666666666666,0.16666666666666666,path5_datum
EGPU,6,0,0,0,departures,0.0,0.0,path5_datum
HEMM,6,0,0,0,departures,0.0,0.0,path5_datum
ESNK,6,0,0,0,departures,0.0,0.0,path5_datum
EDHL,6,6,6,6,departures,1.0,1.0,path5_datum
ENDU,6,0,0,0,departures,0.0,0.0,path5_datum
EFKE,6,0,0,0,departures,0.0,0.0,path5_datum
ESOE,6,4,4,4,departures,0.6666666666666666,0.6666666666666666,path5_datum
ENSO,6,6,6,6,departures,1.0,1.0,path5_datum
EFJO,6,0,0,0,departures,0.0,0.0,path5_datum
LPPM,6,6,6,7,departures,1.0,1.1666666666666667,path5_datum
URML,6,0,0,0,departures,0.0,0.0,path5_datum
ENRM,6,0,0,0,departures,0.0,0.0,path5_datum
LTCU,6,0,0,0,departures,0.0,0.0,path5_datum
EGNR,6,6,3,3,departures,0.5,0.5,path5_datum
LPVZ,6,6,3,4,departures,0.5,0.6666666666666666,path5_datum
ESKM,6,5,2,4,departures,0.3333333333333333,0.6666666666666666,path5_datum
ESNL,6,0,0,0,departures,0.0,0.0,path5_datum
EFIV,6,2,0,0,departures,0.0,0.0,path5_datum
DABB,6,0,0,0,departures,0.0,0.0,path5_datum
EDVK,6,4,4,4,arrivals,0.6666666666666666,0.6666666666666666,path5_datum
HEAL,6,2,2,2,arrivals,0.3333333333333333,0.3333333333333333,path5_datum
EDRY,6,6,0,0,arrivals,0.0,0.0,path5_datum
EGPU,6,0,0,0,arrivals,0.0,0.0,path5_datum
ENNM,6,2,0,0,arrivals,0.0,0.0,path5_datum
ESNK,6,0,0,0,arrivals,0.0,0.0,path5_datum
EDHL,6,6,6,6,arrivals,1.0,1.0,path5_datum
LHDC,6,0,0,0,arrivals,0.0,0.0,path5_datum
ESOE,6,6,6,6,arrivals,1.0,1.0,path5_datum
ENSO,6,6,6,8,arrivals,1.0,1.3333333333333333,path5_datum
EFJO,6,2,2,2,arrivals,0.3333333333333333,0.3333333333333333,path5_datum
LFLI,6,6,0,0,arrivals,0.0,0.0,path5_datum
LFEC,6,0,0,0,arrivals,0.0,0.0,path5_datum
LWOH,6,0,0,0,arrivals,0.0,0.0,path5_datum
HEBA,6,5,5,5,arrivals,0.8333333333333334,0.8333333333333334,path5_datum
LIMZ,6,6,6,6,arrivals,1.0,1.0,path5_datum
ENRM,6,1,1,1,arrivals,0.16666666666666666,0.16666666666666666,path5_datum
EFTP,6,5,5,5,arrivals,0.8333333333333334,0.8333333333333334,path5_datum
ENLE,6,0,0,0,arrivals,0.0,0.0,path5_datum
LTCU,6,0,0,0,arrivals,0.0,0.0,path5_datum
ESSL,6,6,6,7,arrivals,1.0,1.1666666666666667,path5_datum
LGLE,6,1,0,0,arrivals,0.0,0.0,path5_datum
EFIV,6,2,0,0,arrivals,0.0,0.0,path5_datum
ESKM,6,6,3,6,arrivals,0.5,1.0,path5_datum
ESNL,6,0,0,0,arrivals,0.0,0.0,path5_datum
ESNX,5,0,0,0,departures,0.0,0.0,path5_datum
LFLB,5,4,4,5,departures,0.8,1.0,path5_datum
EFKI,5,0,0,0,departures,0.0,0.0,path5_datum
ORMM,5,5,5,5,departures,1.0,1.0,path5_datum
EEKE,5,1,1,1,departures,0.2,0.2,path5_datum
LTCM,5,0,0,0,departures,0.0,0.0,path5_datum
LTCL,5,0,0,0,departures,0.0,0.0,path5_datum
LFEC,5,0,0,0,departures,0.0,0.0,path5_datum
LGKY,5,2,0,0,departures,0.0,0.0,path5_datum
ENHE,5,0,0,0,departures,0.0,0.0,path5_datum
ESNG,5,0,0,0,departures,0.0,0.0,path5_datum
LTAW,5,0,0,0,departures,0.0,0.0,path5_datum
ENFB,5,0,0,0,departures,0.0,0.0,path5_datum
LGKC,5,0,0,0,departures,0.0,0.0,path5_datum
ENLE,5,2,0,0,departures,0.0,0.0,path5_datum
EFJY,5,2,2,2,departures,0.4,0.4,path5_datum
EETU,5,1,1,1,departures,0.2,0.2,path5_datum
LFJL,5,4,4,4,departures,0.8,0.8,path5_datum
EFKK,5,5,5,5,departures,1.0,1.0,path5_datum
LRTM,5,0,0,0,departures,0.0,0.0,path5_datum
EDAH,5,2,2,2,departures,0.4,0.4,path5_datum
LGLE,5,0,0,0,departures,0.0,0.0,path5_datum
EGEC,5,0,0,0,departures,0.0,0.0,path5_datum
ESGT,5,1,1,1,departures,0.2,0.2,path5_datum
ENRS,5,4,0,0,departures,0.0,0.0,path5_datum
DAAS,5,0,0,0,departures,0.0,0.0,path5_datum
ESDF,5,5,5,5,departures,1.0,1.0,path5_datum
EEKA,5,0,0,0,departures,0.0,0.0,path5_datum
LFLI,5,5,0,2,departures,0.0,0.4,path5_datum
LWOH,5,0,0,0,departures,0.0,0.0,path5_datum
LIMZ,5,5,5,5,departures,1.0,1.0,path5_datum
GMMZ,5,0,0,0,departures,0.0,0.0,path5_datum
EPSY,5,2,2,2,arrivals,0.4,0.4,path5_datum
LSZS,5,0,0,0,arrivals,0.0,0.0,path5_datum
URMG,5,0,0,0,arrivals,0.0,0.0,path5_datum
EFKI,5,0,0,0,arrivals,0.0,0.0,path5_datum
HEMM,5,0,0,0,arrivals,0.0,0.0,path5_datum
ORMM,5,1,1,1,arrivals,0.2,0.2,path5_datum
ENDU,5,0,0,0,arrivals,0.0,0.0,path5_datum
EEKE,5,5,5,5,arrivals,1.0,1.0,path5_datum
DAAS,5,0,0,0,arrivals,0.0,0.0,path5_datum
LTCM,5,0,0,0,arrivals,0.0,0.0,path5_datum
LTCL,5,0,0,0,arrivals,0.0,0.0,path5_datum
LFRG,5,5,5,9,arrivals,1.0,1.8,path5_datum
EEKA,5,0,0,1,arrivals,0.0,0.2,path5_datum
ENHE,5,0,0,0,arrivals,0.0,0.0,path5_datum
LPPM,5,5,3,4,arrivals,0.6,0.8,path5_datum
ESNG,5,0,0,0,arrivals,0.0,0.0,path5_datum
LTAW,5,0,0,0,arrivals,0.0,0.0,path5_datum
EGVN,5,4,4,5,arrivals,0.8,1.0,path5_datum
GMMZ,5,0,0,0,arrivals,0.0,0.0,path5_datum
LESA,5,3,3,3,arrivals,0.6,0.6,path5_datum
UBBG,5,0,0,0,arrivals,0.0,0.0,path5_datum
LFJL,5,5,5,5,arrivals,1.0,1.0,path5_datum
LPVZ,5,5,2,4,arrivals,0.4,0.8,path5_datum
LRTM,5,2,2,3,arrivals,0.4,0.6,path5_datum
EDAH,5,3,3,4,arrivals,0.6,0.8,path5_datum
EGEC,5,0,0,0,arrivals,0.0,0.0,path5_datum
ENRS,5,0,0,0,arrivals,0.0,0.0,path5_datum
EKDF,5,0,0,0,arrivals,0.0,0.0,path5_datum
LGKC,5,0,0,0,arrivals,0.0,0.0,path5_datum
ENOA,5,0,0,0,arrivals,0.0,0.0,path5_datum
LGSO,4,0,0,0,departures,0.0,0.0,path5_datum
LFPN,4,4,4,6,departures,1.0,1.5,path5_datum
LFOZ,4,3,0,0,departures,0.0,0.0,path5_datum
UWSG,4,0,0,0,departures,0.0,0.0,path5_datum
EPRA,4,3,3,3,departures,0.75,0.75,path5_datum
LZTT,4,4,4,4,departures,1.0,1.0,path5_datum
ENRO,4,0,0,0,departures,0.0,0.0,path5_datum
EDQG,4,4,0,0,departures,0.0,0.0,path5_datum
ESNV,4,0,0,0,departures,0.0,0.0,path5_datum
LECU,4,3,3,3,departures,0.75,0.75,path5_datum
ESOH,4,2,0,0,departures,0.0,0.0,path5_datum
ESMT,4,1,1,1,departures,0.25,0.25,path5_datum
URWW,4,0,0,0,departures,0.0,0.0,path5_datum
ENSR,4,0,0,0,departures,0.0,0.0,path5_datum
ENGC,4,0,0,0,departures,0.0,0.0,path5_datum
ESOK,4,0,0,0,departures,0.0,0.0,path5_datum
LSZA,4,4,4,4,departures,1.0,1.0,path5_datum
EKDF,4,0,0,0,departures,0.0,0.0,path5_datum
EDAZ,4,4,0,0,departures,0.0,0.0,path5_datum
ESMQ,4,4,4,4,departures,1.0,1.0,path5_datum
LFRT,4,4,3,3,departures,0.75,0.75,path5_datum
LSGL,4,3,0,0,departures,0.0,0.0,path5_datum
LFLW,4,0,0,0,departures,0.0,0.0,path5_datum
LESA,4,4,4,4,departures,1.0,1.0,path5_datum
LESU,4,0,0,0,departures,0.0,0.0,path5_datum
LFRH,4,4,4,4,departures,1.0,1.0,path5_datum
LGBL,4,0,0,0,departures,0.0,0.0,path5_datum
LTAP,4,0,0,0,departures,0.0,0.0,path5_datum
LJPZ,4,3,2,2,departures,0.5,0.5,path5_datum
LFRD,4,4,4,4,departures,1.0,1.0,path5_datum
LTFC,4,0,0,0,departures,0.0,0.0,path5_datum
LKHK,4,4,0,0,departures,0.0,0.0,path5_datum
ESSP,4,3,3,3,departures,0.75,0.75,path5_datum
LKCS,4,4,4,4,departures,1.0,1.0,path5_datum
ESND,4,2,0,0,departures,0.0,0.0,path5_datum
EFKT,4,0,0,0,departures,0.0,0.0,path5_datum
EPZG,4,4,4,4,departures,1.0,1.0,path5_datum
ESGJ,4,0,0,0,departures,0.0,0.0,path5_datum
LGKS,4,0,0,0,departures,0.0,0.0,path5_datum
LFCK,4,4,4,4,departures,1.0,1.0,path5_datum
LEVD,4,1,1,1,departures,0.25,0.25,path5_datum
ORKK,4,0,0,0,departures,0.0,0.0,path5_datum
LGSO,4,0,0,0,arrivals,0.0,0.0,path5_datum
ESNX,4,0,0,0,arrivals,0.0,0.0,path5_datum
EDRZ,4,4,0,0,arrivals,0.0,0.0,path5_datum
UWSG,4,1,1,1,arrivals,0.25,0.25,path5_datum
LRBM,4,0,0,0,arrivals,0.0,0.0,path5_datum
LGPL,4,0,0,0,arrivals,0.0,0.0,path5_datum
URMO,4,0,0,0,arrivals,0.0,0.0,path5_datum
ENXO,4,0,0,0,arrivals,0.0,0.0,path5_datum
LZTT,4,4,4,4,arrivals,1.0,1.0,path5_datum
LEVD,4,1,1,1,arrivals,0.25,0.25,path5_datum
EHLL,4,0,0,0,arrivals,0.0,0.0,path5_datum
LFLX,4,0,0,0,arrivals,0.0,0.0,path5_datum
LKCS,4,4,4,4,arrivals,1.0,1.0,path5_datum
EDQG,4,4,0,0,arrivals,0.0,0.0,path5_datum
ENQG,4,0,0,0,arrivals,0.0,0.0,path5_datum
ESNV,4,0,0,0,arrivals,0.0,0.0,path5_datum
ESDF,4,1,1,1,arrivals,0.25,0.25,path5_datum
ESOH,4,3,0,0,arrivals,0.0,0.0,path5_datum
LGKY,4,2,0,0,arrivals,0.0,0.0,path5_datum
ENQS,4,0,0,0,arrivals,0.0,0.0,path5_datum
ENSR,4,0,0,0,arrivals,0.0,0.0,path5_datum
ENGC,4,0,0,0,arrivals,0.0,0.0,path5_datum
ESOK,4,1,1,1,arrivals,0.25,0.25,path5_datum
EDAZ,4,4,0,0,arrivals,0.0,0.0,path5_datum
EGNO,4,4,4,4,arrivals,1.0,1.0,path5_datum
LSGL,4,3,0,0,arrivals,0.0,0.0,path5_datum
EFJY,4,2,2,2,arrivals,0.5,0.5,path5_datum
LFRH,4,4,4,4,arrivals,1.0,1.0,path5_datum
LTAP,4,0,0,0,arrivals,0.0,0.0,path5_datum
EETU,4,2,2,2,arrivals,0.5,0.5,path5_datum
EFKK,4,4,4,4,arrivals,1.0,1.0,path5_datum
LTAS,4,0,0,0,arrivals,0.0,0.0,path5_datum
ESGJ,4,0,0,0,arrivals,0.0,0.0,path5_datum
LGKS,4,0,0,0,arrivals,0.0,0.0,path5_datum
LFCK,4,4,4,4,arrivals,1.0,1.0,path5_datum
LTFC,4,0,0,1,arrivals,0.0,0.25,path5_datum
LKHK,4,4,0,0,arrivals,0.0,0.0,path5_datum
EFKE,4,0,0,0,arrivals,0.0,0.0,path5_datum
ESSP,4,4,3,3,arrivals,0.75,0.75,path5_datum
LDLO,4,0,0,0,arrivals,0.0,0.0,path5_datum
ESND,4,3,0,0,arrivals,0.0,0.0,path5_datum
LSZA,4,4,4,5,arrivals,1.0,1.25,path5_datum
LZPP,4,4,4,4,arrivals,1.0,1.0,path5_datum
EFKT,4,1,1,1,arrivals,0.25,0.25,path5_datum
LFLW,4,0,0,1,arrivals,0.0,0.25,path5_datum
LGBL,4,1,1,1,arrivals,0.25,0.25,path5_datum
ESGT,4,1,0,0,arrivals,0.0,0.0,path5_datum
BIBD,3,0,0,0,departures,0.0,0.0,path5_datum
ENQO,3,0,0,0,departures,0.0,0.0,path5_datum
EGLK,3,3,3,5,departures,1.0,1.6666666666666667,path5_datum
LFBI,3,0,0,0,departures,0.0,0.0,path5_datum
ENWS,3,0,0,0,departures,0.0,0.0,path5_datum
URMG,3,0,0,0,departures,0.0,0.0,path5_datum
LRBM,3,0,0,0,departures,0.0,0.0,path5_datum
EGMD,3,3,2,2,departures,0.6666666666666666,0.6666666666666666,path5_datum
ETAR,3,3,3,4,departures,1.0,1.3333333333333333,path5_datum
EDGS,3,3,3,3,departures,1.0,1.0,path5_datum
URMO,3,0,0,0,departures,0.0,0.0,path5_datum
ENXO,3,1,0,0,departures,0.0,0.0,path5_datum
LELN,3,3,3,3,departures,1.0,1.0,path5_datum
LFLS,3,3,3,3,departures,1.0,1.0,path5_datum
EDTM,3,3,3,3,departures,1.0,1.0,path5_datum
LPBJ,3,2,2,2,departures,0.6666666666666666,0.6666666666666666,path5_datum
ENOL,3,1,1,1,departures,0.3333333333333333,0.3333333333333333,path5_datum
OJAM,3,1,0,0,departures,0.0,0.0,path5_datum
ENSE,3,0,0,0,departures,0.0,0.0,path5_datum
ENOC,3,0,0,0,departures,0.0,0.0,path5_datum
DTTX,3,0,0,0,departures,0.0,0.0,path5_datum
LTBH,3,0,0,0,departures,0.0,0.0,path5_datum
EFKS,3,0,0,0,departures,0.0,0.0,path5_datum
BIHN,3,0,0,0,departures,0.0,0.0,path5_datum
ENSL,3,0,0,0,departures,0.0,0.0,path5_datum
UDSG,3,0,0,0,departures,0.0,0.0,path5_datum
GMMB,3,0,0,0,departures,0.0,0.0,path5_datum
ENWY,3,0,0,0,departures,0.0,0.0,path5_datum
ESOW,3,3,3,3,departures,1.0,1.0,path5_datum
LTAL,3,0,0,0,departures,0.0,0.0,path5_datum
ESNO,3,0,0,0,departures,0.0,0.0,path5_datum
LTAS,3,0,0,0,departures,0.0,0.0,path5_datum
LFHP,3,0,0,0,departures,0.0,0.0,path5_datum
EGNH,3,3,3,3,departures,1.0,1.0,path5_datum
LGSY,3,0,0,0,departures,0.0,0.0,path5_datum
LSZS,3,1,0,0,departures,0.0,0.0,path5_datum
ESNN,3,0,0,0,departures,0.0,0.0,path5_datum
ENWV,3,0,0,0,departures,0.0,0.0,path5_datum
GMTA,3,3,3,3,departures,1.0,1.0,path5_datum
LDLO,3,1,0,0,departures,0.0,0.0,path5_datum
EKHA,3,0,0,0,departures,0.0,0.0,path5_datum
LRCK,3,0,0,0,departures,0.0,0.0,path5_datum
LFAT,3,1,1,1,departures,0.3333333333333333,0.3333333333333333,path5_datum
EGNO,3,3,3,3,departures,1.0,1.0,path5_datum
ENOA,3,0,0,0,departures,0.0,0.0,path5_datum
LSZC,3,3,0,0,departures,0.0,0.0,path5_datum
ENQA,3,0,0,0,departures,0.0,0.0,path5_datum
OSDI,3,0,0,0,departures,0.0,0.0,path5_datum
ESUP,3,0,0,0,departures,0.0,0.0,path5_datum
BIBD,3,0,0,0,arrivals,0.0,0.0,path5_datum
ULAA,3,0,0,0,arrivals,0.0,0.0,path5_datum
LFBI,3,2,2,2,arrivals,0.6666666666666666,0.6666666666666666,path5_datum
LFLU,3,3,3,3,arrivals,1.0,1.0,path5_datum
LFOZ,3,0,0,0,arrivals,0.0,0.0,path5_datum
ENWS,3,0,0,0,arrivals,0.0,0.0,path5_datum
EHJA,3,0,0,0,arrivals,0.0,0.0,path5_datum
EPRA,3,3,3,4,arrivals,1.0,1.3333333333333333,path5_datum
LFMQ,3,3,0,1,arrivals,0.0,0.3333333333333333,path5_datum
OSDI,3,0,0,0,arrivals,0.0,0.0,path5_datum
LFOH,3,3,0,0,arrivals,0.0,0.0,path5_datum
LELN,3,3,3,3,arrivals,1.0,1.0,path5_datum
ESUP,3,0,0,0,arrivals,0.0,0.0,path5_datum
GMTA,3,3,3,3,arrivals,1.0,1.0,path5_datum
EDTM,3,3,3,3,arrivals,1.0,1.0,path5_datum
OJAM,3,0,0,15,arrivals,0.0,5.0,path5_datum
LECU,3,3,1,1,arrivals,0.3333333333333333,0.3333333333333333,path5_datum
ESMT,3,1,0,1,arrivals,0.0,0.3333333333333333,path5_datum
ENOC,3,2,0,0,arrivals,0.0,0.0,path5_datum
DTTX,3,0,0,0,arrivals,0.0,0.0,path5_datum
LTBH,3,0,0,0,arrivals,0.0,0.0,path5_datum
EFKS,3,0,0,0,arrivals,0.0,0.0,path5_datum
ENSL,3,0,0,0,arrivals,0.0,0.0,path5_datum
UDSG,3,0,0,0,arrivals,0.0,0.0,path5_datum
GMMB,3,0,0,0,arrivals,0.0,0.0,path5_datum
ENWY,3,0,0,0,arrivals,0.0,0.0,path5_datum
ESOW,3,3,3,3,arrivals,1.0,1.0,path5_datum
LTAL,3,0,0,0,arrivals,0.0,0.0,path5_datum
ESNO,3,0,0,0,arrivals,0.0,0.0,path5_datum
LFHP,3,0,0,0,arrivals,0.0,0.0,path5_datum
EGNH,3,3,3,3,arrivals,1.0,1.0,path5_datum
EPZG,3,3,3,3,arrivals,1.0,1.0,path5_datum
LGSY,3,0,0,0,arrivals,0.0,0.0,path5_datum
LFRC,3,3,2,2,arrivals,0.6666666666666666,0.6666666666666666,path5_datum
ESUT,3,0,0,0,arrivals,0.0,0.0,path5_datum
EDGS,3,3,3,3,arrivals,1.0,1.0,path5_datum
ENRO,3,0,0,0,arrivals,0.0,0.0,path5_datum
ENWV,3,0,0,0,arrivals,0.0,0.0,path5_datum
LFLS,3,3,3,4,arrivals,1.0,1.3333333333333333,path5_datum
EKHA,3,0,0,0,arrivals,0.0,0.0,path5_datum
URWW,3,0,0,0,arrivals,0.0,0.0,path5_datum
ENFB,3,0,0,0,arrivals,0.0,0.0,path5_datum
ESMQ,3,3,3,3,arrivals,1.0,1.0,path5_datum
BIHN,3,0,0,0,arrivals,0.0,0.0,path5_datum
EHFB,3,0,0,0,arrivals,0.0,0.0,path5_datum
ENQA,3,3,0,0,arrivals,0.0,0.0,path5_datum
LFRD,3,3,3,4,arrivals,1.0,1.3333333333333333,path5_datum
LFQG,2,0,0,0,departures,0.0,0.0,path5_datum
EHPK,2,0,0,0,departures,0.0,0.0,path5_datum
LFLU,2,2,2,2,departures,1.0,1.0,path5_datum
LTAG,2,0,0,0,departures,0.0,0.0,path5_datum
LFRC,2,2,2,2,departures,1.0,1.0,path5_datum
ENQV,2,0,0,0,departures,0.0,0.0,path5_datum
LFMQ,2,2,2,9,departures,1.0,4.5,path5_datum
EGFE,2,2,2,2,departures,1.0,1.0,path5_datum
EHKJ,2,0,0,0,departures,0.0,0.0,path5_datum
ENQC,2,0,0,0,departures,0.0,0.0,path5_datum
LFOK,2,1,1,1,departures,0.5,0.5,path5_datum
EGBJ,2,2,2,2,departures,1.0,1.0,path5_datum
LSGK,2,0,0,0,departures,0.0,0.0,path5_datum
EGPC,2,0,0,0,departures,0.0,0.0,path5_datum
LSGC,2,2,2,2,departures,1.0,1.0,path5_datum
ENNE,2,0,0,0,departures,0.0,0.0,path5_datum
ENQS,2,0,0,0,departures,0.0,0.0,path5_datum
ENXW,2,1,0,0,departures,0.0,0.0,path5_datum
LEAB,2,2,2,2,departures,1.0,1.0,path5_datum
EGVN,2,2,2,2,departures,1.0,1.0,path5_datum
EDXQ,2,0,0,0,departures,0.0,0.0,path5_datum
LTBY,2,0,0,0,departures,0.0,0.0,path5_datum
ENWA,2,0,0,0,departures,0.0,0.0,path5_datum
LFPT,2,2,2,3,departures,1.0,1.5,path5_datum
OENN,2,0,0,0,departures,0.0,0.0,path5_datum
ENUA,2,0,0,0,departures,0.0,0.0,path5_datum
LEGT,2,2,2,2,departures,1.0,1.0,path5_datum
LFGA,2,1,1,2,departures,0.5,1.0,path5_datum
LDRG,2,0,0,0,departures,0.0,0.0,path5_datum
GMMD,2,0,0,0,departures,0.0,0.0,path5_datum
LFRV,2,2,2,2,departures,1.0,1.0,path5_datum
LJMB,2,2,1,2,departures,0.5,1.0,path5_datum
LTBZ,2,0,0,0,departures,0.0,0.0,path5_datum
LTBU,2,2,2,2,departures,1.0,1.0,path5_datum
ESUT,2,0,0,0,departures,0.0,0.0,path5_datum
BIVO,2,0,0,0,departures,0.0,0.0,path5_datum
ENQD,2,0,0,0,departures,0.0,0.0,path5_datum
EHGQ,2,0,0,0,departures,0.0,0.0,path5_datum
LFOH,2,2,0,0,departures,0.0,0.0,path5_datum
LGPL,2,0,0,0,departures,0.0,0.0,path5_datum
LSTS,2,2,0,0,departures,0.0,0.0,path5_datum
EHLL,2,0,0,0,departures,0.0,0.0,path5_datum
GMAT,2,0,0,0,departures,0.0,0.0,path5_datum
BITN,2,0,0,0,departures,0.0,0.0,path5_datum
LFLX,2,0,0,0,departures,0.0,0.0,path5_datum
DAUB,2,0,0,0,departures,0.0,0.0,path5_datum
ORNI,2,0,0,0,departures,0.0,0.0,path5_datum
LEDA,2,0,0,0,departures,0.0,0.0,path5_datum
ETND,2,2,2,2,departures,1.0,1.0,path5_datum
LIBG,2,0,0,0,departures,0.0,0.0,path5_datum
LKKV,2,2,2,2,departures,1.0,1.0,path5_datum
LFAC,2,1,1,1,departures,0.5,0.5,path5_datum
ENQE,2,1,0,0,departures,0.0,0.0,path5_datum
EHFB,2,0,0,0,departures,0.0,0.0,path5_datum
EGNL,2,2,1,1,departures,0.5,0.5,path5_datum
LRSM,2,0,0,0,departures,0.0,0.0,path5_datum
ENQJ,2,0,0,0,departures,0.0,0.0,path5_datum
ULAA,2,0,0,0,departures,0.0,0.0,path5_datum
LGKJ,2,0,0,0,departures,0.0,0.0,path5_datum
ENGA,2,0,0,0,departures,0.0,0.0,path5_datum
DAOI,2,0,0,0,departures,0.0,0.0,path5_datum
LZPP,2,2,2,2,departures,1.0,1.0,path5_datum
ESST,2,0,0,0,departures,0.0,0.0,path5_datum
EIWF,2,1,1,1,departures,0.5,0.5,path5_datum
HLMS,2,0,0,0,departures,0.0,0.0,path5_datum
LFQG,2,0,0,0,arrivals,0.0,0.0,path5_datum
ENQO,2,0,0,0,arrivals,0.0,0.0,path5_datum
EGLK,2,2,1,1,arrivals,0.5,0.5,path5_datum
LTBZ,2,0,0,0,arrivals,0.0,0.0,path5_datum
LTAG,2,0,0,0,arrivals,0.0,0.0,path5_datum
LTBU,2,2,2,20,arrivals,1.0,10.0,path5_datum
ENQV,2,0,0,0,arrivals,0.0,0.0,path5_datum
EGMD,2,2,2,2,arrivals,1.0,1.0,path5_datum
LFOK,2,0,0,0,arrivals,0.0,0.0,path5_datum
ESNN,2,1,1,1,arrivals,0.5,0.5,path5_datum
LSGK,2,2,0,0,arrivals,0.0,0.0,path5_datum
EDMS,2,0,0,0,arrivals,0.0,0.0,path5_datum
ENWE,2,0,0,0,arrivals,0.0,0.0,path5_datum
LSGC,2,2,2,2,arrivals,1.0,1.0,path5_datum
ENNE,2,0,0,0,arrivals,0.0,0.0,path5_datum
DAUB,2,0,0,0,arrivals,0.0,0.0,path5_datum
EHKV,2,1,0,0,arrivals,0.0,0.0,path5_datum
ORNI,2,0,0,0,arrivals,0.0,0.0,path5_datum
LEDA,2,0,0,0,arrivals,0.0,0.0,path5_datum
ETND,2,2,2,2,arrivals,1.0,1.0,path5_datum
ENSE,2,0,0,0,arrivals,0.0,0.0,path5_datum
DAOI,2,1,1,1,arrivals,0.5,0.5,path5_datum
ENXW,2,0,0,0,arrivals,0.0,0.0,path5_datum
LEAB,2,2,2,2,arrivals,1.0,1.0,path5_datum
LFRT,2,2,0,0,arrivals,0.0,0.0,path5_datum
ENWA,2,1,0,0,arrivals,0.0,0.0,path5_datum
LFPT,2,2,0,0,arrivals,0.0,0.0,path5_datum
LKKV,2,2,2,2,arrivals,1.0,1.0,path5_datum
EHPG,2,2,0,0,arrivals,0.0,0.0,path5_datum
LEGT,2,2,1,1,arrivals,0.5,0.5,path5_datum
EKHB,2,0,0,0,arrivals,0.0,0.0,path5_datum
ESST,2,1,1,3,arrivals,0.5,1.5,path5_datum
ENQR,2,0,0,0,arrivals,0.0,0.0,path5_datum
EBMB,2,2,0,0,arrivals,0.0,0.0,path5_datum
LFRV,2,2,2,2,arrivals,1.0,1.0,path5_datum
DTTZ,2,0,0,0,arrivals,0.0,0.0,path5_datum
LJMB,2,1,0,0,arrivals,0.0,0.0,path5_datum
EHJR,2,0,0,0,arrivals,0.0,0.0,path5_datum
BIVO,2,0,0,0,arrivals,0.0,0.0,path5_datum
EHKJ,2,0,0,0,arrivals,0.0,0.0,path5_datum
ENQD,2,0,0,0,arrivals,0.0,0.0,path5_datum
OJAQ,2,1,0,0,arrivals,0.0,0.0,path5_datum
GMAT,2,1,0,0,arrivals,0.0,0.0,path5_datum
BITN,2,0,0,0,arrivals,0.0,0.0,path5_datum
LFSN,2,2,0,0,arrivals,0.0,0.0,path5_datum
LFJR,2,2,2,2,arrivals,1.0,1.0,path5_datum
EGPC,2,0,0,0,arrivals,0.0,0.0,path5_datum
EDFZ,2,2,0,0,arrivals,0.0,0.0,path5_datum
LRCK,2,0,0,0,arrivals,0.0,0.0,path5_datum
LOAN,2,2,1,1,arrivals,0.5,0.5,path5_datum
LTBY,2,1,1,1,arrivals,0.5,0.5,path5_datum
LIBG,2,1,0,0,arrivals,0.0,0.0,path5_datum
OENN,2,0,0,0,arrivals,0.0,0.0,path5_datum
ENUA,2,0,0,0,arrivals,0.0,0.0,path5_datum
EDLN,2,2,1,1,arrivals,0.5,0.5,path5_datum
LESU,2,0,0,0,arrivals,0.0,0.0,path5_datum
ENQE,2,0,0,0,arrivals,0.0,0.0,path5_datum
GMMD,2,0,0,0,arrivals,0.0,0.0,path5_datum
EGNL,2,2,1,1,arrivals,0.5,0.5,path5_datum
ENUD,2,0,0,0,arrivals,0.0,0.0,path5_datum
ENQJ,2,0,0,0,arrivals,0.0,0.0,path5_datum
HLMS,2,1,0,0,arrivals,0.0,0.0,path5_datum
ORKK,2,0,0,0,arrivals,0.0,0.0,path5_datum
EGBJ,2,2,2,2,arrivals,1.0,1.0,path5_datum
LFAT,2,2,1,1,arrivals,0.5,0.5,path5_datum
LFAC,2,2,1,1,arrivals,0.5,0.5,path5_datum
EBCV,1,1,1,1,departures,1.0,1.0,path5_datum
ENRK,1,0,0,0,departures,0.0,0.0,path5_datum
ULPB,1,0,0,0,departures,0.0,0.0,path5_datum
EHTW,1,1,1,1,departures,1.0,1.0,path5_datum
ENSF,1,0,0,0,departures,0.0,0.0,path5_datum
UGSA,1,0,0,0,departures,0.0,0.0,path5_datum
EDQM,1,1,1,1,departures,1.0,1.0,path5_datum
DABT,1,0,0,0,departures,0.0,0.0,path5_datum
LGTG,1,0,0,0,departures,0.0,0.0,path5_datum
EYSA,1,1,1,1,departures,1.0,1.0,path5_datum
EDMS,1,0,0,0,departures,0.0,0.0,path5_datum
URWA,1,0,0,0,departures,0.0,0.0,path5_datum
ENWE,1,0,0,0,departures,0.0,0.0,path5_datum
ENQG,1,0,0,0,departures,0.0,0.0,path5_datum
EHKV,1,0,0,0,departures,0.0,0.0,path5_datum
LFLA,1,0,0,0,departures,0.0,0.0,path5_datum
LFGF,1,1,0,0,departures,0.0,0.0,path5_datum
UMII,1,0,0,0,departures,0.0,0.0,path5_datum
LOIH,1,1,0,0,departures,0.0,0.0,path5_datum
ENQK,1,0,0,0,departures,0.0,0.0,path5_datum
ULMM,1,0,0,0,departures,0.0,0.0,path5_datum
ESMK,1,1,1,1,departures,1.0,1.0,path5_datum
EDWF,1,1,0,0,departures,0.0,0.0,path5_datum
LFAQ,1,1,0,0,departures,0.0,0.0,path5_datum
EKGC,1,0,0,0,departures,0.0,0.0,path5_datum
ENWK,1,0,0,0,departures,0.0,0.0,path5_datum
LFRO,1,1,1,1,departures,1.0,1.0,path5_datum
ULWC,1,0,0,0,departures,0.0,0.0,path5_datum
LFRI,1,0,0,0,departures,0.0,0.0,path5_datum
USKK,1,0,0,0,departures,0.0,0.0,path5_datum
UWPS,1,0,0,0,departures,0.0,0.0,path5_datum
EGEO,1,0,0,0,departures,0.0,0.0,path5_datum
LKKU,1,1,1,2,departures,1.0,2.0,path5_datum
EHPG,1,0,0,0,departures,0.0,0.0,path5_datum
ENWI,1,0,0,0,departures,0.0,0.0,path5_datum
LFCI,1,1,1,1,departures,1.0,1.0,path5_datum
EIWT,1,1,0,1,departures,0.0,1.0,path5_datum
EGUB,1,1,1,1,departures,1.0,1.0,path5_datum
ENLA,1,1,0,0,departures,0.0,0.0,path5_datum
LFBF,1,1,0,0,departures,0.0,0.0,path5_datum
LKRO,1,1,0,0,departures,0.0,0.0,path5_datum
EGSC,1,1,1,1,departures,1.0,1.0,path5_datum
EGHL,1,1,1,1,departures,1.0,1.0,path5_datum
ENDR,1,0,0,0,departures,0.0,0.0,path5_datum
LFCH,1,1,1,2,departures,1.0,2.0,path5_datum
DTTZ,1,0,0,0,departures,0.0,0.0,path5_datum
EFLP,1,0,0,0,departures,0.0,0.0,path5_datum
DAUH,1,0,0,0,departures,0.0,0.0,path5_datum
EPBC,1,0,0,0,departures,0.0,0.0,path5_datum
EPWK,1,0,0,0,departures,0.0,0.0,path5_datum
EDRZ,1,1,0,0,departures,0.0,0.0,path5_datum
EBSP,1,0,0,0,departures,0.0,0.0,path5_datum
GMAZ,1,1,0,0,departures,0.0,0.0,path5_datum
LKMH,1,1,0,0,departures,0.0,0.0,path5_datum
ENQL,1,0,0,0,departures,0.0,0.0,path5_datum
EHJR,1,0,0,0,departures,0.0,0.0,path5_datum
LEBA,1,1,1,1,departures,1.0,1.0,path5_datum
LKJI,1,1,0,0,departures,0.0,0.0,path5_datum
LYKV,1,0,0,0,departures,0.0,0.0,path5_datum
LIMG,1,1,1,2,departures,1.0,2.0,path5_datum
EDBM,1,1,0,0,departures,0.0,0.0,path5_datum
LFJR,1,1,1,1,departures,1.0,1.0,path5_datum
LRAR,1,0,0,0,departures,0.0,0.0,path5_datum
LFLH,1,0,0,0,departures,0.0,0.0,path5_datum
EDBC,1,0,0,0,departures,0.0,0.0,path5_datum
EDFZ,1,1,1,3,departures,1.0,3.0,path5_datum
ENQM,1,0,0,0,departures,0.0,0.0,path5_datum
EHKS,1,0,0,0,departures,0.0,0.0,path5_datum
EDFE,1,1,0,0,departures,0.0,0.0,path5_datum
LKPM,1,0,0,0,departures,0.0,0.0,path5_datum
LFSG,1,0,0,0,departures,0.0,0.0,path5_datum
UBBF,1,0,0,0,departures,0.0,0.0,path5_datum
ENBE,1,0,0,0,departures,0.0,0.0,path5_datum
DAAV,1,0,0,0,departures,0.0,0.0,path5_datum
DAUG,1,0,0,0,departures,0.0,0.0,path5_datum
EKSI,1,0,0,0,departures,0.0,0.0,path5_datum
EDTF,1,1,0,0,departures,0.0,0.0,path5_datum
EHJC,1,0,0,0,departures,0.0,0.0,path5_datum
EKHB,1,0,0,0,departures,0.0,0.0,path5_datum
LGKA,1,0,0,0,departures,0.0,0.0,path5_datum
EPCD,1,0,0,0,departures,0.0,0.0,path5_datum
ENUN,1,0,0,0,departures,0.0,0.0,path5_datum
BIGJ,1,0,0,0,departures,0.0,0.0,path5_datum
UBBL,1,0,0,0,departures,0.0,0.0,path5_datum
ENUD,1,0,0,0,departures,0.0,0.0,path5_datum
LFMH,1,1,1,1,departures,1.0,1.0,path5_datum
EPPW,1,0,0,0,departures,0.0,0.0,path5_datum
LFHS,1,1,0,0,departures,0.0,0.0,path5_datum
LFOP,1,0,0,0,departures,0.0,0.0,path5_datum
LOLW,1,1,0,0,departures,0.0,0.0,path5_datum
EHAK,1,0,0,0,departures,0.0,0.0,path5_datum
ENUE,1,0,0,0,departures,0.0,0.0,path5_datum
EDMV,1,1,0,0,departures,0.0,0.0,path5_datum
EKTE,1,0,0,0,departures,0.0,0.0,path5_datum
OJAQ,1,0,0,0,departures,0.0,0.0,path5_datum
EDAY,1,0,0,0,departures,0.0,0.0,path5_datum
EGOV,1,1,1,1,departures,1.0,1.0,path5_datum
LFLD,1,0,0,0,departures,0.0,0.0,path5_datum
ENUS,1,0,0,0,departures,0.0,0.0,path5_datum
LPEV,1,1,1,1,departures,1.0,1.0,path5_datum
ENRY,1,1,1,2,departures,1.0,2.0,path5_datum
LFBA,1,0,0,0,departures,0.0,0.0,path5_datum
EHFD,1,0,0,0,departures,0.0,0.0,path5_datum
ENQB,1,0,0,0,departures,0.0,0.0,path5_datum
OIGG,1,0,0,0,departures,0.0,0.0,path5_datum
LIRJ,1,0,0,0,departures,0.0,0.0,path5_datum
LCRA,1,1,1,1,departures,1.0,1.0,path5_datum
EHQM,1,0,0,0,departures,0.0,0.0,path5_datum
UUBC,1,0,0,0,departures,0.0,0.0,path5_datum
UUBI,1,0,0,0,departures,0.0,0.0,path5_datum
EGBK,1,1,0,0,departures,0.0,0.0,path5_datum
EHGN,1,0,0,0,departures,0.0,0.0,path5_datum
ENQR,1,0,0,0,departures,0.0,0.0,path5_datum
LSZG,1,1,0,0,departures,0.0,0.0,path5_datum
EHLE,1,1,1,1,departures,1.0,1.0,path5_datum
ENUK,1,0,0,0,departures,0.0,0.0,path5_datum
EBMB,1,1,0,0,departures,0.0,0.0,path5_datum
EDTD,1,1,1,1,departures,1.0,1.0,path5_datum
LGKZ,1,0,0,0,departures,0.0,0.0,path5_datum
LHPR,1,1,1,1,departures,1.0,1.0,path5_datum
LFLO,1,1,1,1,departures,1.0,1.0,path5_datum
DAUH,1,0,0,0,arrivals,0.0,0.0,path5_datum
EBCV,1,1,1,1,arrivals,1.0,1.0,path5_datum
EHFT,1,0,0,0,arrivals,0.0,0.0,path5_datum
ENRK,1,1,0,0,arrivals,0.0,0.0,path5_datum
ULPB,1,0,0,0,arrivals,0.0,0.0,path5_datum
LEBA,1,1,1,1,arrivals,1.0,1.0,path5_datum
UGSA,1,0,0,0,arrivals,0.0,0.0,path5_datum
LIMG,1,1,1,1,arrivals,1.0,1.0,path5_datum
EDBM,1,1,0,0,arrivals,0.0,0.0,path5_datum
URWA,1,0,0,0,arrivals,0.0,0.0,path5_datum
LFLD,1,0,0,0,arrivals,0.0,0.0,path5_datum
LPEV,1,1,1,1,arrivals,1.0,1.0,path5_datum
EDBC,1,1,0,0,arrivals,0.0,0.0,path5_datum
LFLA,1,0,0,0,arrivals,0.0,0.0,path5_datum
UMII,1,0,0,0,arrivals,0.0,0.0,path5_datum
ENQB,1,0,0,0,arrivals,0.0,0.0,path5_datum
OIGG,1,0,0,0,arrivals,0.0,0.0,path5_datum
LIRJ,1,0,0,0,arrivals,0.0,0.0,path5_datum
LFAQ,1,1,0,0,arrivals,0.0,0.0,path5_datum
ENWK,1,0,0,0,arrivals,0.0,0.0,path5_datum
LFRO,1,1,1,1,arrivals,1.0,1.0,path5_datum
LFTF,1,1,0,0,arrivals,0.0,0.0,path5_datum
ULWC,1,0,0,0,arrivals,0.0,0.0,path5_datum
EGTF,1,1,0,0,arrivals,0.0,0.0,path5_datum
DAAV,1,0,0,0,arrivals,0.0,0.0,path5_datum
USKK,1,0,0,0,arrivals,0.0,0.0,path5_datum
UWPS,1,0,0,0,arrivals,0.0,0.0,path5_datum
EDGE,1,1,0,0,arrivals,0.0,0.0,path5_datum
EKAR,1,0,0,0,arrivals,0.0,0.0,path5_datum
LSZC,1,1,0,0,arrivals,0.0,0.0,path5_datum
UUBC,1,0,0,0,arrivals,0.0,0.0,path5_datum
UUBI,1,0,0,0,arrivals,0.0,0.0,path5_datum
LFCI,1,1,1,1,arrivals,1.0,1.0,path5_datum
LFGA,1,1,1,1,arrivals,1.0,1.0,path5_datum
EGUB,1,1,1,1,arrivals,1.0,1.0,path5_datum
ENLA,1,0,0,0,arrivals,0.0,0.0,path5_datum
LKRO,1,1,0,0,arrivals,0.0,0.0,path5_datum
LRSM,1,0,0,0,arrivals,0.0,0.0,path5_datum
EHKE,1,0,0,0,arrivals,0.0,0.0,path5_datum
EGSC,1,1,1,1,arrivals,1.0,1.0,path5_datum
ENDR,1,0,0,0,arrivals,0.0,0.0,path5_datum
UBBL,1,0,0,0,arrivals,0.0,0.0,path5_datum
LHPR,1,1,1,1,arrivals,1.0,1.0,path5_datum
EGWC,1,1,1,1,arrivals,1.0,1.0,path5_datum
EHPK,1,1,0,0,arrivals,0.0,0.0,path5_datum
LPVR,1,1,0,3,arrivals,0.0,3.0,path5_datum
EPWK,1,0,0,0,arrivals,0.0,0.0,path5_datum
GMAZ,1,0,0,0,arrivals,0.0,0.0,path5_datum
LIQS,1,0,0,2,arrivals,0.0,2.0,path5_datum
LKMH,1,1,0,0,arrivals,0.0,0.0,path5_datum
EHTW,1,1,1,1,arrivals,1.0,1.0,path5_datum
EPNT,1,0,0,0,arrivals,0.0,0.0,path5_datum
EGFE,1,1,1,1,arrivals,1.0,1.0,path5_datum
ENQC,1,1,0,0,arrivals,0.0,0.0,path5_datum
LIMW,1,0,0,0,arrivals,0.0,0.0,path5_datum
LSTS,1,1,0,0,arrivals,0.0,0.0,path5_datum
LYKV,1,0,0,0,arrivals,0.0,0.0,path5_datum
EHDV,1,0,0,0,arrivals,0.0,0.0,path5_datum
EDLE,1,1,0,0,arrivals,0.0,0.0,path5_datum
EGBP,1,1,0,0,arrivals,0.0,0.0,path5_datum
ENQM,1,0,0,0,arrivals,0.0,0.0,path5_datum
EDFE,1,1,0,0,arrivals,0.0,0.0,path5_datum
LFSG,1,1,1,2,arrivals,1.0,2.0,path5_datum
UBBF,1,0,0,0,arrivals,0.0,0.0,path5_datum
EHFD,1,0,0,0,arrivals,0.0,0.0,path5_datum
EHLI,1,0,0,0,arrivals,0.0,0.0,path5_datum
EDBR,1,1,1,1,arrivals,1.0,1.0,path5_datum
EDXQ,1,0,0,0,arrivals,0.0,0.0,path5_datum
EDTF,1,1,0,0,arrivals,0.0,0.0,path5_datum
LDRG,1,0,0,0,arrivals,0.0,0.0,path5_datum
EIWT,1,1,0,0,arrivals,0.0,0.0,path5_datum
ENUN,1,0,0,0,arrivals,0.0,0.0,path5_datum
LGKZ,1,1,1,1,arrivals,1.0,1.0,path5_datum
LFMH,1,1,1,1,arrivals,1.0,1.0,path5_datum
EPPW,1,0,0,0,arrivals,0.0,0.0,path5_datum
LFPN,1,1,0,0,arrivals,0.0,0.0,path5_datum
LFOP,1,1,1,1,arrivals,1.0,1.0,path5_datum
LOLW,1,1,0,0,arrivals,0.0,0.0,path5_datum
ENSF,1,0,0,0,arrivals,0.0,0.0,path5_datum
EDQM,1,1,1,1,arrivals,1.0,1.0,path5_datum
DABT,1,0,0,0,arrivals,0.0,0.0,path5_datum
EHGQ,1,0,0,0,arrivals,0.0,0.0,path5_datum
EDMV,1,0,0,0,arrivals,0.0,0.0,path5_datum
EDAQ,1,1,0,0,arrivals,0.0,0.0,path5_datum
EGOV,1,1,0,0,arrivals,0.0,0.0,path5_datum
ENUS,1,0,0,0,arrivals,0.0,0.0,path5_datum
ENGA,1,0,0,0,arrivals,0.0,0.0,path5_datum
LRAR,1,0,0,0,arrivals,0.0,0.0,path5_datum
LFLH,1,1,0,0,arrivals,0.0,0.0,path5_datum
LFBA,1,1,1,1,arrivals,1.0,1.0,path5_datum
ULMM,1,0,0,0,arrivals,0.0,0.0,path5_datum
LFRI,1,0,0,0,arrivals,0.0,0.0,path5_datum
EHFR,1,0,0,0,arrivals,0.0,0.0,path5_datum
LGKA,1,0,0,0,arrivals,0.0,0.0,path5_datum
EGBK,1,1,0,0,arrivals,0.0,0.0,path5_datum
EIWF,1,1,1,1,arrivals,1.0,1.0,path5_datum
BIGJ,1,0,0,0,arrivals,0.0,0.0,path5_datum
LJPZ,1,1,1,2,arrivals,1.0,2.0,path5_datum
EHLE,1,1,1,1,arrivals,1.0,1.0,path5_datum
ENUK,1,0,0,0,arrivals,0.0,0.0,path5_datum
EDTD,1,1,1,1,arrivals,1.0,1.0,path5_datum
LFLO,1,1,0,0,arrivals,0.0,0.0,path5_datum
EFLP,1,0,0,0,arrivals,0.0,0.0,path5_datum
