airport,n_truth,n_predicted_here,n_correct,n_assigned,role,recall,count_ratio,run
OOA,7964,22,0,0,arrivals,0.0,0.0,datum_msl
OOA,7892,920,628,704,departures,0.07957425240750127,0.08920425747592499,datum_msl
LTFM,2282,2173,2166,2174,departures,0.9491673970201577,0.9526730937773883,datum_msl
LTFM,2258,1822,1777,1777,arrivals,0.7869796279893712,0.7869796279893712,datum_msl
EHAM,2148,2143,2143,2158,departures,0.9976722532588455,1.004655493482309,datum_msl
EHAM,2136,1876,1875,1877,arrivals,0.8778089887640449,0.8787453183520599,datum_msl
EDDF,2094,2080,2080,2082,departures,0.9933142311365807,0.994269340974212,datum_msl
EDDF,2091,1775,1770,1771,arrivals,0.8464849354375896,0.846963175514108,datum_msl
LFPG,2084,2065,2061,2071,departures,0.9889635316698656,0.9937619961612284,datum_msl
LFPG,2066,1715,1713,1715,arrivals,0.8291384317521782,0.8301064859632139,datum_msl
EGLL,2001,1989,1988,2024,departures,0.993503248375812,1.0114942528735633,datum_msl
EGLL,1986,1582,1580,1693,arrivals,0.7955689828801611,0.8524672708962739,datum_msl
LEMD,1786,1536,1534,1540,arrivals,0.858902575587906,0.8622620380739082,datum_msl
LEMD,1773,1758,1757,1757,departures,0.990975747320925,0.990975747320925,datum_msl
LEBL,1597,1497,1494,1495,arrivals,0.9355040701314965,0.9361302442078898,datum_msl
LEBL,1591,1578,1577,1577,departures,0.9912005028284098,0.9912005028284098,datum_msl
EDDM,1573,1561,1561,1564,departures,0.9923712650985378,0.9942784488239034,datum_msl
EDDM,1571,1468,1467,1470,arrivals,0.9338001273074474,0.9357097390197326,datum_msl
LIRF,1449,1442,1442,1442,departures,0.9951690821256038,0.9951690821256038,datum_msl
LTAI,1437,929,929,932,arrivals,0.6464857341684064,0.6485734168406402,datum_msl
LEPA,1436,1415,1414,1417,arrivals,0.9846796657381616,0.9867688022284122,datum_msl
LTAI,1435,1229,1228,1234,departures,0.8557491289198607,0.8599303135888502,datum_msl
LIRF,1433,1256,1255,1256,arrivals,0.875785066294487,0.8764829030006979,datum_msl
LEPA,1417,1360,1360,1361,departures,0.9597741707833451,0.9604798870853917,datum_msl
LGAV,1317,750,747,749,arrivals,0.5671981776765376,0.568716780561883,datum_msl
LGAV,1306,1238,1238,1248,departures,0.9479326186830015,0.9555895865237366,datum_msl
EGKK,1223,1213,1213,1215,departures,0.9918233851185609,0.9934587080948487,datum_msl
EGKK,1220,1103,1103,1103,arrivals,0.9040983606557377,0.9040983606557377,datum_msl
EIDW,1188,1084,1082,1084,arrivals,0.9107744107744108,0.9124579124579124,datum_msl
EIDW,1185,1164,1163,1163,departures,0.9814345991561182,0.9814345991561182,datum_msl
LSZH,1178,1170,1163,1166,departures,0.9872665534804754,0.9898132427843803,datum_msl
LSZH,1160,1053,1049,1056,arrivals,0.9043103448275862,0.9103448275862069,datum_msl
LOWW,1156,1137,1136,1144,departures,0.9826989619377162,0.9896193771626297,datum_msl
EKCH,1152,1048,1046,1046,arrivals,0.9079861111111112,0.9079861111111112,datum_msl
LOWW,1145,1045,1042,1044,arrivals,0.9100436681222708,0.9117903930131004,datum_msl
EKCH,1140,1132,1132,1135,departures,0.9929824561403509,0.9956140350877193,datum_msl
LTFJ,1138,991,985,994,arrivals,0.8655536028119508,0.8734622144112478,datum_msl
LTFJ,1137,1092,1091,1105,departures,0.9595426561125769,0.9718557607739666,datum_msl
LPPT,1010,1001,1001,1001,departures,0.9910891089108911,0.9910891089108911,datum_msl
LPPT,1001,881,881,881,arrivals,0.8801198801198801,0.8801198801198801,datum_msl
LFPO,992,982,982,989,departures,0.9899193548387096,0.9969758064516129,datum_msl
LFPO,991,941,941,943,arrivals,0.9495459132189707,0.9515640766902119,datum_msl
LIMC,973,964,963,964,departures,0.9897225077081192,0.9907502569373073,datum_msl
LIMC,967,856,852,852,arrivals,0.8810754912099276,0.8810754912099276,datum_msl
ENGM,940,890,889,895,arrivals,0.9457446808510638,0.9521276595744681,datum_msl
ENGM,932,919,919,924,departures,0.9860515021459227,0.9914163090128756,datum_msl
EGCC,926,906,905,905,departures,0.9773218142548596,0.9773218142548596,datum_msl
EGCC,924,819,818,818,arrivals,0.8852813852813853,0.8852813852813853,datum_msl
EGSS,888,832,831,833,arrivals,0.9358108108108109,0.9380630630630631,datum_msl
EGSS,885,880,880,880,departures,0.9943502824858758,0.9943502824858758,datum_msl
EPWA,880,754,751,751,arrivals,0.8534090909090909,0.8534090909090909,datum_msl
EPWA,875,869,868,872,departures,0.992,0.9965714285714286,datum_msl
EBBR,872,866,866,877,departures,0.9931192660550459,1.0057339449541285,datum_msl
EBBR,871,767,767,775,arrivals,0.8805970149253731,0.8897818599311137,datum_msl
EDDB,870,852,850,864,departures,0.9770114942528736,0.993103448275862,datum_msl
LEMG,861,834,834,834,arrivals,0.9686411149825784,0.9686411149825784,datum_msl
LEMG,850,846,846,848,departures,0.9952941176470588,0.9976470588235294,datum_msl
ESSA,841,728,721,726,arrivals,0.8573127229488704,0.8632580261593341,datum_msl
EDDB,840,789,788,796,arrivals,0.9380952380952381,0.9476190476190476,datum_msl
ESSA,820,771,767,771,departures,0.9353658536585366,0.9402439024390243,datum_msl
EDDL,758,747,745,750,departures,0.9828496042216359,0.9894459102902374,datum_msl
EDDL,751,717,715,719,arrivals,0.952063914780293,0.9573901464713716,datum_msl
LFMN,710,684,677,738,arrivals,0.9535211267605633,1.0394366197183098,datum_msl
LFMN,707,697,691,692,departures,0.9773691654879774,0.9787835926449788,datum_msl
LSGG,680,675,675,686,departures,0.9926470588235294,1.0088235294117647,datum_msl
LSGG,670,637,637,645,arrivals,0.9507462686567164,0.9626865671641791,datum_msl
LKPR,667,657,656,660,departures,0.9835082458770614,0.9895052473763118,datum_msl
EFHK,666,576,576,578,arrivals,0.8648648648648649,0.8678678678678678,datum_msl
EFHK,659,653,653,660,departures,0.9908952959028832,1.0015174506828528,datum_msl
LKPR,657,606,605,610,arrivals,0.9208523592085236,0.928462709284627,datum_msl
LEAL,599,597,597,597,departures,0.996661101836394,0.996661101836394,datum_msl
LEAL,599,588,588,588,arrivals,0.9816360601001669,0.9816360601001669,datum_msl
EGPH,584,541,541,545,arrivals,0.9263698630136986,0.9332191780821918,datum_msl
LHBP,578,555,553,554,departures,0.9567474048442907,0.9584775086505191,datum_msl
EGPH,577,571,570,570,departures,0.9878682842287695,0.9878682842287695,datum_msl
LHBP,577,518,514,515,arrivals,0.8908145580589255,0.8925476603119584,datum_msl
EGGW,552,526,523,527,arrivals,0.947463768115942,0.9547101449275363,datum_msl
EGGW,550,549,549,551,departures,0.9981818181818182,1.0018181818181817,datum_msl
EDDH,538,531,528,537,departures,0.9814126394052045,0.9981412639405205,datum_msl
EDDH,532,509,506,515,arrivals,0.9511278195488722,0.9680451127819549,datum_msl
GCLP,521,1,0,0,arrivals,0.0,0.0,datum_msl
GCLP,520,23,0,0,departures,0.0,0.0,datum_msl
LLBG,516,433,430,431,arrivals,0.8333333333333334,0.8352713178294574,datum_msl
EDDK,515,500,500,501,departures,0.970873786407767,0.9728155339805825,datum_msl
LLBG,513,500,500,510,departures,0.9746588693957114,0.9941520467836257,datum_msl
LPPR,513,511,508,508,departures,0.9902534113060428,0.9902534113060428,datum_msl
LPPR,512,480,479,479,arrivals,0.935546875,0.935546875,datum_msl
LEIB,509,499,499,500,arrivals,0.9803536345776032,0.9823182711198428,datum_msl
EDDK,509,474,474,477,arrivals,0.931237721021611,0.93713163064833,datum_msl
LROP,509,486,485,486,arrivals,0.9528487229862476,0.9548133595284872,datum_msl
LROP,504,491,491,491,departures,0.9742063492063492,0.9742063492063492,datum_msl
LEIB,495,484,484,484,departures,0.9777777777777777,0.9777777777777777,datum_msl
EGBB,474,468,468,468,departures,0.9873417721518988,0.9873417721518988,datum_msl
EGBB,466,419,418,418,arrivals,0.8969957081545065,0.8969957081545065,datum_msl
LIML,465,457,457,463,arrivals,0.9827956989247312,0.9956989247311828,datum_msl
LIME,460,448,444,444,arrivals,0.9652173913043478,0.9652173913043478,datum_msl
LIML,458,451,451,452,departures,0.9847161572052402,0.9868995633187773,datum_msl
LIME,453,450,450,450,departures,0.9933774834437086,0.9933774834437086,datum_msl
LIRN,449,380,334,337,departures,0.7438752783964365,0.7505567928730512,datum_msl
LIRN,447,1,0,0,arrivals,0.0,0.0,datum_msl
LFML,445,440,439,443,arrivals,0.9865168539325843,0.9955056179775281,datum_msl
LFML,444,441,440,440,departures,0.990990990990991,0.990990990990991,datum_msl
EDDS,440,420,414,417,departures,0.9409090909090909,0.9477272727272728,datum_msl
EDDS,433,409,408,413,arrivals,0.9422632794457275,0.953810623556582,datum_msl
LGIR,430,0,0,0,arrivals,0.0,0.0,datum_msl
LGIR,424,6,0,0,departures,0.0,0.0,datum_msl
LIPZ,412,408,408,409,departures,0.9902912621359223,0.9927184466019418,datum_msl
LFLL,412,398,397,411,arrivals,0.9635922330097088,0.9975728155339806,datum_msl
LFLL,411,402,402,417,departures,0.9781021897810219,1.0145985401459854,datum_msl
LIPZ,409,386,386,388,arrivals,0.9437652811735942,0.9486552567237164,datum_msl
LPFR,407,403,402,404,arrivals,0.9877149877149877,0.9926289926289926,datum_msl
LPFR,405,400,398,398,departures,0.9827160493827161,0.9827160493827161,datum_msl
LYBE,395,364,364,364,arrivals,0.9215189873417722,0.9215189873417722,datum_msl
LYBE,394,388,388,389,departures,0.9847715736040609,0.9873096446700508,datum_msl
LICC,391,354,352,352,arrivals,0.9002557544757033,0.9002557544757033,datum_msl
LICC,390,352,348,348,departures,0.8923076923076924,0.8923076923076924,datum_msl
LTAC,381,7,0,0,departures,0.0,0.0,datum_msl
LIPE,380,376,376,376,departures,0.9894736842105263,0.9894736842105263,datum_msl
LIPE,376,371,371,372,arrivals,0.9867021276595744,0.9893617021276596,datum_msl
LTAC,374,0,0,1,arrivals,0.0,0.00267379679144385,datum_msl
LCLK,368,353,352,354,departures,0.9565217391304348,0.9619565217391305,datum_msl
LCLK,367,349,348,350,arrivals,0.9482288828337875,0.9536784741144414,datum_msl
GMMN,360,287,282,355,departures,0.7833333333333333,0.9861111111111112,datum_msl
EPKK,360,348,346,347,departures,0.9611111111111111,0.9638888888888889,datum_msl
EGGD,360,334,334,335,arrivals,0.9277777777777778,0.9305555555555556,datum_msl
EGGD,359,355,354,354,departures,0.9860724233983287,0.9860724233983287,datum_msl
LEVC,357,348,348,349,arrivals,0.9747899159663865,0.9775910364145658,datum_msl
GMMN,357,258,258,261,arrivals,0.7226890756302521,0.7310924369747899,datum_msl
ENBR,357,340,339,358,arrivals,0.9495798319327731,1.0028011204481793,datum_msl
EPKK,356,334,332,332,arrivals,0.9325842696629213,0.9325842696629213,datum_msl
LEVC,355,337,336,336,departures,0.9464788732394366,0.9464788732394366,datum_msl
LFSB,354,351,349,352,departures,0.9858757062146892,0.9943502824858758,datum_msl
LFSB,352,340,339,340,arrivals,0.9630681818181818,0.9659090909090909,datum_msl
ENBR,349,343,343,358,departures,0.9828080229226361,1.0257879656160458,datum_msl
LTBJ,346,274,229,229,departures,0.661849710982659,0.661849710982659,datum_msl
LGRP,346,316,315,316,arrivals,0.9104046242774566,0.9132947976878613,datum_msl
EGPF,346,301,300,303,arrivals,0.8670520231213873,0.8757225433526011,datum_msl
EGPF,344,325,323,327,departures,0.938953488372093,0.9505813953488372,datum_msl
LTBJ,341,13,13,13,arrivals,0.03812316715542522,0.03812316715542522,datum_msl
LGRP,340,322,321,327,departures,0.9441176470588235,0.961764705882353,datum_msl
LMML,326,325,325,326,departures,0.9969325153374233,1.0,datum_msl
LMML,326,318,317,318,arrivals,0.9723926380368099,0.9754601226993865,datum_msl
LATI,323,0,0,0,arrivals,0.0,0.0,datum_msl
GCTS,323,0,0,0,arrivals,0.0,0.0,datum_msl
GCTS,321,4,0,6,departures,0.0,0.018691588785046728,datum_msl
GCXO,320,2,2,2,arrivals,0.00625,0.00625,datum_msl
GCXO,319,305,305,362,departures,0.9561128526645768,1.134796238244514,datum_msl
LATI,316,6,0,0,departures,0.0,0.0,datum_msl
LICJ,314,156,154,154,arrivals,0.49044585987261147,0.49044585987261147,datum_msl
LICJ,310,281,281,282,departures,0.9064516129032258,0.9096774193548387,datum_msl
EBCI,304,303,303,303,departures,0.9967105263157895,0.9967105263157895,datum_msl
EBCI,303,296,296,296,arrivals,0.976897689768977,0.976897689768977,datum_msl
BIKF,297,296,294,322,departures,0.98989898989899,1.0841750841750841,datum_msl
BIKF,296,90,89,89,arrivals,0.30067567567567566,0.30067567567567566,datum_msl
ELLX,294,291,291,291,departures,0.9897959183673469,0.9897959183673469,datum_msl
ELLX,294,271,271,272,arrivals,0.9217687074829932,0.9251700680272109,datum_msl
LFBO,293,288,288,290,departures,0.9829351535836177,0.9897610921501706,datum_msl
LFBO,290,288,288,290,arrivals,0.993103448275862,1.0,datum_msl
LGTS,281,263,263,263,arrivals,0.9359430604982206,0.9359430604982206,datum_msl
LTBS,280,8,8,8,arrivals,0.02857142857142857,0.02857142857142857,datum_msl
LGTS,279,260,259,259,departures,0.9283154121863799,0.9283154121863799,datum_msl
GMMX,279,13,12,12,arrivals,0.043010752688172046,0.043010752688172046,datum_msl
GMMX,278,74,66,67,departures,0.23741007194244604,0.24100719424460432,datum_msl
EVRA,278,227,226,226,arrivals,0.8129496402877698,0.8129496402877698,datum_msl
LEZL,276,264,264,265,arrivals,0.9565217391304348,0.9601449275362319,datum_msl
LEZL,275,275,274,274,departures,0.9963636363636363,0.9963636363636363,datum_msl
LTBS,273,205,205,205,departures,0.7509157509157509,0.7509157509157509,datum_msl
EVRA,273,270,269,270,departures,0.9853479853479854,0.989010989010989,datum_msl
LBSF,272,153,153,153,departures,0.5625,0.5625,datum_msl
GCRR,269,1,0,0,departures,0.0,0.0,datum_msl
GCRR,269,0,0,0,arrivals,0.0,0.0,datum_msl
EGNX,267,263,263,263,departures,0.9850187265917603,0.9850187265917603,datum_msl
LBSF,267,2,1,1,arrivals,0.003745318352059925,0.003745318352059925,datum_msl
EDDP,261,236,235,236,arrivals,0.9003831417624522,0.9042145593869731,datum_msl
EPKT,259,251,249,249,departures,0.9613899613899614,0.9613899613899614,datum_msl
HEGN,258,0,0,0,arrivals,0.0,0.0,datum_msl
HEGN,257,0,0,0,departures,0.0,0.0,datum_msl
UGTB,257,157,151,192,departures,0.5875486381322957,0.7470817120622568,datum_msl
LFRS,257,251,246,246,arrivals,0.9571984435797666,0.9571984435797666,datum_msl
UGTB,257,47,46,47,arrivals,0.17898832684824903,0.1828793774319066,datum_msl
EPKT,257,240,239,239,arrivals,0.9299610894941635,0.9299610894941635,datum_msl
LFRS,256,247,247,248,departures,0.96484375,0.96875,datum_msl
EDDP,256,255,255,257,departures,0.99609375,1.00390625,datum_msl
EGNX,255,231,231,231,arrivals,0.9058823529411765,0.9058823529411765,datum_msl
LIEO,252,104,103,104,arrivals,0.4087301587301587,0.4126984126984127,datum_msl
EPGD,248,35,17,17,departures,0.06854838709677419,0.06854838709677419,datum_msl
LGKR,247,28,27,27,arrivals,0.10931174089068826,0.10931174089068826,datum_msl
EGAA,246,234,191,192,arrivals,0.7764227642276422,0.7804878048780488,datum_msl
LGKR,244,203,201,206,departures,0.8237704918032787,0.8442622950819673,datum_msl
HECA,244,48,30,30,departures,0.12295081967213115,0.12295081967213115,datum_msl
EPGD,244,11,1,2,arrivals,0.004098360655737705,0.00819672131147541,datum_msl
EGAA,239,232,232,233,departures,0.9707112970711297,0.9748953974895398,datum_msl
ENZV,236,151,148,162,departures,0.6271186440677966,0.6864406779661016,datum_msl
ENZV,236,71,67,72,arrivals,0.2838983050847458,0.3050847457627119,datum_msl
LEBB,235,0,0,0,arrivals,0.0,0.0,datum_msl
LEBB,234,180,169,171,departures,0.7222222222222222,0.7307692307692307,datum_msl
LTFE,232,199,198,202,arrivals,0.853448275862069,0.8706896551724138,datum_msl
HECA,231,73,59,59,arrivals,0.2554112554112554,0.2554112554112554,datum_msl
LFPB,230,227,227,230,departures,0.9869565217391304,1.0,datum_msl
LIBD,229,1,0,0,arrivals,0.0,0.0,datum_msl
LIBD,228,1,0,0,departures,0.0,0.0,datum_msl
LIEO,228,182,175,175,departures,0.7675438596491229,0.7675438596491229,datum_msl
LIRP,228,220,220,226,arrivals,0.9649122807017544,0.9912280701754386,datum_msl
UUWW,227,5,4,4,arrivals,0.01762114537444934,0.01762114537444934,datum_msl
LEMH,226,220,220,221,arrivals,0.9734513274336283,0.9778761061946902,datum_msl
LFBD,225,222,222,224,departures,0.9866666666666667,0.9955555555555555,datum_msl
LFPB,225,217,217,221,arrivals,0.9644444444444444,0.9822222222222222,datum_msl
LEMH,222,212,212,212,departures,0.954954954954955,0.954954954954955,datum_msl
LTFE,220,196,191,193,departures,0.8681818181818182,0.8772727272727273,datum_msl
LIRP,220,211,211,211,departures,0.9590909090909091,0.9590909090909091,datum_msl
ENVA,219,208,199,205,arrivals,0.908675799086758,0.9360730593607306,datum_msl
LFBD,219,215,215,220,arrivals,0.9817351598173516,1.004566210045662,datum_msl
LUKK,217,7,5,5,departures,0.02304147465437788,0.02304147465437788,datum_msl
ENVA,217,204,192,194,departures,0.8847926267281107,0.8940092165898618,datum_msl
LUKK,217,0,0,0,arrivals,0.0,0.0,datum_msl
LDSP,216,3,0,0,departures,0.0,0.0,datum_msl
ESGG,216,214,214,214,departures,0.9907407407407407,0.9907407407407407,datum_msl
UUWW,216,16,5,5,departures,0.023148148148148147,0.023148148148148147,datum_msl
LDZA,215,210,210,210,departures,0.9767441860465116,0.9767441860465116,datum_msl
LDSP,215,1,0,0,arrivals,0.0,0.0,datum_msl
LDZA,215,208,207,207,arrivals,0.9627906976744186,0.9627906976744186,datum_msl
ESGG,214,207,207,209,arrivals,0.9672897196261683,0.9766355140186916,datum_msl
UUEE,214,1,1,3,arrivals,0.004672897196261682,0.014018691588785047,datum_msl
EDDV,213,212,212,213,departures,0.9953051643192489,1.0,datum_msl
GCFV,212,0,0,0,departures,0.0,0.0,datum_msl
UUEE,212,60,59,61,departures,0.2783018867924528,0.28773584905660377,datum_msl
EGNT,211,197,197,197,departures,0.933649289099526,0.933649289099526,datum_msl
GCFV,211,2,0,0,arrivals,0.0,0.0,datum_msl
EGNT,211,178,178,178,arrivals,0.8436018957345972,0.8436018957345972,datum_msl
EDDV,209,202,202,203,arrivals,0.9665071770334929,0.9712918660287081,datum_msl
EGGP,208,204,202,204,departures,0.9711538461538461,0.9807692307692307,datum_msl
EGGP,206,189,189,197,arrivals,0.9174757281553398,0.9563106796116505,datum_msl
LIRQ,202,196,196,197,departures,0.9702970297029703,0.9752475247524752,datum_msl
EDDN,201,197,196,197,departures,0.9751243781094527,0.9800995024875622,datum_msl
EDDN,199,191,191,198,arrivals,0.9597989949748744,0.9949748743718593,datum_msl
LGSA,199,62,60,60,arrivals,0.3015075376884422,0.3015075376884422,datum_msl
EGLC,198,197,197,199,departures,0.9949494949494949,1.005050505050505,datum_msl
LIRQ,198,123,117,117,arrivals,0.5909090909090909,0.5909090909090909,datum_msl
LGSA,196,182,182,184,departures,0.9285714285714286,0.9387755102040817,datum_msl
LIEE,195,3,3,3,arrivals,0.015384615384615385,0.015384615384615385,datum_msl
EPWR,194,187,187,188,arrivals,0.9639175257731959,0.9690721649484536,datum_msl
EPWR,193,186,186,187,departures,0.9637305699481865,0.9689119170984456,datum_msl
EGNM,193,169,169,171,arrivals,0.8756476683937824,0.8860103626943006,datum_msl
UDYZ,192,2,0,0,departures,0.0,0.0,datum_msl
UDYZ,192,1,0,0,arrivals,0.0,0.0,datum_msl
LIEE,191,113,112,112,departures,0.5863874345549738,0.5863874345549738,datum_msl
EHEH,191,191,189,189,departures,0.9895287958115183,0.9895287958115183,datum_msl
EGNM,190,178,177,177,departures,0.9315789473684211,0.9315789473684211,datum_msl
EHEH,190,187,187,189,arrivals,0.9842105263157894,0.9947368421052631,datum_msl
EYVI,189,137,127,130,arrivals,0.671957671957672,0.6878306878306878,datum_msl
EGLC,189,189,167,238,arrivals,0.8835978835978836,1.2592592592592593,datum_msl
EYVI,186,176,176,176,departures,0.946236559139785,0.946236559139785,datum_msl
DAAG,186,82,82,83,departures,0.44086021505376344,0.44623655913978494,datum_msl
DTTA,186,0,0,0,arrivals,0.0,0.0,datum_msl
DTTA,185,1,1,1,departures,0.005405405405405406,0.005405405405405406,datum_msl
DAAG,184,117,116,116,arrivals,0.6304347826086957,0.6304347826086957,datum_msl
LFOB,181,180,180,180,departures,0.994475138121547,0.994475138121547,datum_msl
LFOB,181,176,176,176,arrivals,0.9723756906077348,0.9723756906077348,datum_msl
LDDU,180,1,0,0,arrivals,0.0,0.0,datum_msl
LGKO,178,172,171,178,departures,0.9606741573033708,1.0,datum_msl
LDDU,177,1,0,0,departures,0.0,0.0,datum_msl
LGKO,177,167,167,172,arrivals,0.943502824858757,0.9717514124293786,datum_msl
EETN,162,143,142,142,arrivals,0.8765432098765432,0.8765432098765432,datum_msl
EPPO,161,154,154,154,departures,0.9565217391304348,0.9565217391304348,datum_msl
HESH,161,0,0,0,arrivals,0.0,0.0,datum_msl
UMKK,160,3,1,3,departures,0.00625,0.01875,datum_msl
EETN,159,148,148,150,departures,0.9308176100628931,0.9433962264150944,datum_msl
LPMA,159,155,155,156,departures,0.9748427672955975,0.9811320754716981,datum_msl
HESH,159,1,0,0,departures,0.0,0.0,datum_msl
UMKK,159,2,2,26,arrivals,0.012578616352201259,0.16352201257861634,datum_msl
LPMA,158,9,9,11,arrivals,0.056962025316455694,0.06962025316455696,datum_msl
LIMF,157,156,154,155,departures,0.9808917197452229,0.9872611464968153,datum_msl
LIMF,157,155,154,156,arrivals,0.9808917197452229,0.9936305732484076,datum_msl
LIRA,156,149,148,149,arrivals,0.9487179487179487,0.9551282051282052,datum_msl
LIRA,154,152,152,154,departures,0.987012987012987,1.0,datum_msl
EPPO,154,145,145,145,arrivals,0.9415584415584416,0.9415584415584416,datum_msl
EKBI,154,145,144,144,arrivals,0.935064935064935,0.935064935064935,datum_msl
LPPD,153,56,55,122,departures,0.35947712418300654,0.7973856209150327,datum_msl
EKBI,152,151,151,152,departures,0.993421052631579,1.0,datum_msl
LPPD,151,88,87,89,arrivals,0.5761589403973509,0.5894039735099338,datum_msl
ULLI,148,1,1,1,arrivals,0.006756756756756757,0.006756756756756757,datum_msl
OLBA,144,125,123,124,departures,0.8541666666666666,0.8611111111111112,datum_msl
LIPX,144,144,144,144,departures,1.0,1.0,datum_msl
OLBA,144,40,39,39,arrivals,0.2708333333333333,0.2708333333333333,datum_msl
ENTC,143,1,0,0,arrivals,0.0,0.0,datum_msl
ULLI,142,2,0,0,departures,0.0,0.0,datum_msl
LIPX,142,137,137,142,arrivals,0.9647887323943662,1.0,datum_msl
LGSR,139,5,3,7,departures,0.02158273381294964,0.050359712230215826,datum_msl
LGSR,139,1,0,0,arrivals,0.0,0.0,datum_msl
ENTC,138,82,17,17,departures,0.12318840579710146,0.12318840579710146,datum_msl
LTCG,138,89,89,89,arrivals,0.644927536231884,0.644927536231884,datum_msl
EGPD,137,125,125,125,departures,0.9124087591240876,0.9124087591240876,datum_msl
EGPD,136,122,122,122,arrivals,0.8970588235294118,0.8970588235294118,datum_msl
ENBO,134,129,129,225,departures,0.9626865671641791,1.6791044776119404,datum_msl
EBLG,134,133,133,134,departures,0.9925373134328358,1.0,datum_msl
LTDB,133,5,1,1,departures,0.007518796992481203,0.007518796992481203,datum_msl
LTCG,133,122,122,133,departures,0.9172932330827067,1.0,datum_msl
ENBO,133,119,116,135,arrivals,0.8721804511278195,1.0150375939849625,datum_msl
LRCL,130,90,88,89,departures,0.676923076923077,0.6846153846153846,datum_msl
LIBR,130,1,0,0,departures,0.0,0.0,datum_msl
LRCL,129,0,0,0,arrivals,0.0,0.0,datum_msl
LTDB,129,3,0,0,arrivals,0.0,0.0,datum_msl
LGZA,126,126,126,130,departures,1.0,1.0317460317460319,datum_msl
EBLG,126,74,74,74,arrivals,0.5873015873015873,0.5873015873015873,datum_msl
LGZA,126,119,119,123,arrivals,0.9444444444444444,0.9761904761904762,datum_msl
LIBR,125,0,0,0,arrivals,0.0,0.0,datum_msl
EGAC,123,122,121,122,departures,0.983739837398374,0.991869918699187,datum_msl
EGAC,123,120,120,162,arrivals,0.975609756097561,1.3170731707317074,datum_msl
BKPR,120,0,0,0,departures,0.0,0.0,datum_msl
BKPR,120,2,0,0,arrivals,0.0,0.0,datum_msl
EICK,120,115,115,115,arrivals,0.9583333333333334,0.9583333333333334,datum_msl
EICK,119,118,118,118,departures,0.9915966386554622,0.9915966386554622,datum_msl
LDZD,118,13,12,12,arrivals,0.1016949152542373,0.1016949152542373,datum_msl
OJAI,116,55,55,57,departures,0.47413793103448276,0.49137931034482757,datum_msl
OJAI,116,0,0,3,arrivals,0.0,0.02586206896551724,datum_msl
LDZD,114,53,49,49,departures,0.4298245614035088,0.4298245614035088,datum_msl
LICA,112,1,0,0,arrivals,0.0,0.0,datum_msl
EGLF,110,110,110,112,departures,1.0,1.018181818181818,datum_msl
LICA,108,2,2,2,departures,0.018518518518518517,0.018518518518518517,datum_msl
EGJJ,108,106,106,106,arrivals,0.9814814814814815,0.9814814814814815,datum_msl
EGLF,108,107,17,17,arrivals,0.1574074074074074,0.1574074074074074,datum_msl
LCPH,107,99,99,99,arrivals,0.9252336448598131,0.9252336448598131,datum_msl
LWSK,106,12,8,8,departures,0.07547169811320754,0.07547169811320754,datum_msl
OKKK,106,105,105,105,departures,0.9905660377358491,0.9905660377358491,datum_msl
LEST,106,96,90,90,arrivals,0.8490566037735849,0.8490566037735849,datum_msl
LCPH,105,84,84,84,departures,0.8,0.8,datum_msl
LGMK,105,91,89,101,departures,0.8476190476190476,0.9619047619047619,datum_msl
LEST,105,95,95,95,departures,0.9047619047619048,0.9047619047619048,datum_msl
LZIB,105,101,101,101,departures,0.9619047619047619,0.9619047619047619,datum_msl
LEGE,105,52,49,49,arrivals,0.4666666666666667,0.4666666666666667,datum_msl
LWSK,105,0,0,0,arrivals,0.0,0.0,datum_msl
LZIB,105,101,101,102,arrivals,0.9619047619047619,0.9714285714285714,datum_msl
LEGE,104,103,103,107,departures,0.9903846153846154,1.0288461538461537,datum_msl
LGMK,104,78,77,88,arrivals,0.7403846153846154,0.8461538461538461,datum_msl
EDJA,104,101,101,101,arrivals,0.9711538461538461,0.9711538461538461,datum_msl
EDJA,102,99,99,99,departures,0.9705882352941176,0.9705882352941176,datum_msl
OKKK,102,12,12,13,arrivals,0.11764705882352941,0.12745098039215685,datum_msl
EGJJ,101,98,97,97,departures,0.9603960396039604,0.9603960396039604,datum_msl
EHRD,100,99,98,99,arrivals,0.98,0.99,datum_msl
EHRD,99,98,96,97,departures,0.9696969696969697,0.9797979797979798,datum_msl
LBBG,97,92,92,93,arrivals,0.9484536082474226,0.9587628865979382,datum_msl
LOWS,96,95,95,98,departures,0.9895833333333334,1.0208333333333333,datum_msl
LOWS,95,90,89,91,arrivals,0.9368421052631579,0.9578947368421052,datum_msl
DTTJ,94,0,0,0,arrivals,0.0,0.0,datum_msl
LJLJ,94,88,88,90,arrivals,0.9361702127659575,0.9574468085106383,datum_msl
LBBG,93,91,91,93,departures,0.978494623655914,1.0,datum_msl
LQSA,93,70,68,68,departures,0.7311827956989247,0.7311827956989247,datum_msl
LQSA,93,0,0,0,arrivals,0.0,0.0,datum_msl
GMAD,92,6,0,0,departures,0.0,0.0,datum_msl
EGKB,92,90,81,82,departures,0.8804347826086957,0.8913043478260869,datum_msl
EINN,91,91,91,92,departures,1.0,1.010989010989011,datum_msl
GMAD,91,0,0,0,arrivals,0.0,0.0,datum_msl
EGKB,91,90,0,0,arrivals,0.0,0.0,datum_msl
LJLJ,90,87,87,88,departures,0.9666666666666667,0.9777777777777777,datum_msl
DTTJ,89,0,0,0,departures,0.0,0.0,datum_msl
UUDD,89,11,7,8,departures,0.07865168539325842,0.0898876404494382,datum_msl
EDDW,88,88,87,90,departures,0.9886363636363636,1.0227272727272727,datum_msl
GMTT,88,87,87,87,departures,0.9886363636363636,0.9886363636363636,datum_msl
EDLW,87,82,82,82,departures,0.9425287356321839,0.9425287356321839,datum_msl
EDDW,87,87,87,90,arrivals,1.0,1.0344827586206897,datum_msl
GMTT,87,86,86,87,arrivals,0.9885057471264368,1.0,datum_msl
EDLW,87,82,82,82,arrivals,0.9425287356321839,0.9425287356321839,datum_msl
EINN,86,80,80,81,arrivals,0.9302325581395349,0.9418604651162791,datum_msl
LIMJ,86,85,83,83,arrivals,0.9651162790697675,0.9651162790697675,datum_msl
EGHI,86,78,78,80,arrivals,0.9069767441860465,0.9302325581395349,datum_msl
LIPH,85,85,85,85,departures,1.0,1.0,datum_msl
GCLA,85,64,40,41,departures,0.47058823529411764,0.4823529411764706,datum_msl
LIPH,85,85,85,85,arrivals,1.0,1.0,datum_msl
EDSB,85,77,77,79,arrivals,0.9058823529411765,0.9294117647058824,datum_msl
LFKB,84,77,77,77,departures,0.9166666666666666,0.9166666666666666,datum_msl
LFKB,84,74,74,74,arrivals,0.8809523809523809,0.8809523809523809,datum_msl
GCLA,84,12,12,13,arrivals,0.14285714285714285,0.15476190476190477,datum_msl
EGHI,83,71,71,71,departures,0.8554216867469879,0.8554216867469879,datum_msl
EGJB,83,82,82,83,departures,0.9879518072289156,1.0,datum_msl
LYTV,83,1,0,0,arrivals,0.0,0.0,datum_msl
LYTV,82,3,0,0,departures,0.0,0.0,datum_msl
EDSB,81,76,76,78,departures,0.9382716049382716,0.9629629629629629,datum_msl
EGNS,81,75,74,74,arrivals,0.9135802469135802,0.9135802469135802,datum_msl
DTMB,81,0,0,0,arrivals,0.0,0.0,datum_msl
EGNS,80,71,71,72,departures,0.8875,0.9,datum_msl
LFKJ,80,79,79,79,arrivals,0.9875,0.9875,datum_msl
LIMJ,79,78,77,77,departures,0.9746835443037974,0.9746835443037974,datum_msl
DTMB,79,0,0,0,departures,0.0,0.0,datum_msl
LFKJ,78,78,78,78,departures,1.0,1.0,datum_msl
EDFH,77,73,73,73,departures,0.948051948051948,0.948051948051948,datum_msl
LYPG,77,2,0,0,departures,0.0,0.0,datum_msl
LYPG,77,0,0,0,arrivals,0.0,0.0,datum_msl
EKYT,75,73,73,73,departures,0.9733333333333334,0.9733333333333334,datum_msl
LBWN,75,66,65,66,arrivals,0.8666666666666667,0.88,datum_msl
LFMT,75,75,75,75,arrivals,1.0,1.0,datum_msl
UUDD,75,0,0,0,arrivals,0.0,0.0,datum_msl
LFMT,74,73,73,73,departures,0.9864864864864865,0.9864864864864865,datum_msl
EDFH,74,68,68,68,arrivals,0.918918918918919,0.918918918918919,datum_msl
LTAJ,74,0,0,0,arrivals,0.0,0.0,datum_msl
EGJB,74,70,65,65,arrivals,0.8783783783783784,0.8783783783783784,datum_msl
LTAU,73,0,0,0,arrivals,0.0,0.0,datum_msl
LTAJ,72,1,0,0,departures,0.0,0.0,datum_msl
LFMD,72,69,13,13,arrivals,0.18055555555555555,0.18055555555555555,datum_msl
EGHH,72,65,64,66,arrivals,0.8888888888888888,0.9166666666666666,datum_msl
ENTO,72,69,67,68,arrivals,0.9305555555555556,0.9444444444444444,datum_msl
LBWN,71,61,61,61,departures,0.8591549295774648,0.8591549295774648,datum_msl
LRIA,71,51,37,38,departures,0.5211267605633803,0.5352112676056338,datum_msl
EGHH,71,71,70,70,departures,0.9859154929577465,0.9859154929577465,datum_msl
ENTO,71,65,65,67,departures,0.9154929577464789,0.9436619718309859,datum_msl
EKYT,71,69,69,69,arrivals,0.971830985915493,0.971830985915493,datum_msl
LTAU,70,0,0,0,departures,0.0,0.0,datum_msl
LEAS,69,62,62,62,departures,0.8985507246376812,0.8985507246376812,datum_msl
UGSB,69,39,39,39,arrivals,0.5652173913043478,0.5652173913043478,datum_msl
EDLV,69,69,69,69,arrivals,1.0,1.0,datum_msl
EDLV,68,68,68,68,departures,1.0,1.0,datum_msl
LERS,68,61,61,61,arrivals,0.8970588235294118,0.8970588235294118,datum_msl
LEAS,68,5,5,5,arrivals,0.07352941176470588,0.07352941176470588,datum_msl
LRIA,68,0,0,0,arrivals,0.0,0.0,datum_msl
UGSB,67,58,58,63,departures,0.8656716417910447,0.9402985074626866,datum_msl
LERS,67,62,62,62,departures,0.9253731343283582,0.9253731343283582,datum_msl
URSS,67,0,0,0,arrivals,0.0,0.0,datum_msl
LFMD,65,60,60,61,departures,0.9230769230769231,0.9384615384615385,datum_msl
LFKF,65,57,57,57,arrivals,0.8769230769230769,0.8769230769230769,datum_msl
GMME,64,55,40,46,departures,0.625,0.71875,datum_msl
GMME,63,27,26,26,arrivals,0.4126984126984127,0.4126984126984127,datum_msl
LIEA,62,62,62,62,departures,1.0,1.0,datum_msl
LGKF,62,62,61,61,departures,0.9838709677419355,0.9838709677419355,datum_msl
LIEA,62,62,62,62,arrivals,1.0,1.0,datum_msl
LIPQ,61,58,58,58,departures,0.9508196721311475,0.9508196721311475,datum_msl
LFKF,61,60,60,65,departures,0.9836065573770492,1.0655737704918034,datum_msl
EDDG,60,60,60,60,departures,1.0,1.0,datum_msl
EPRZ,60,55,54,54,departures,0.9,0.9,datum_msl
LGKF,60,56,55,55,arrivals,0.9166666666666666,0.9166666666666666,datum_msl
DTNH,59,0,0,0,departures,0.0,0.0,datum_msl
LRTR,59,38,31,31,departures,0.5254237288135594,0.5254237288135594,datum_msl
LIPQ,59,59,58,58,arrivals,0.9830508474576272,0.9830508474576272,datum_msl
LTBA,58,58,58,65,departures,1.0,1.1206896551724137,datum_msl
DTNH,58,0,0,0,arrivals,0.0,0.0,datum_msl
EPRZ,58,53,52,52,arrivals,0.896551724137931,0.896551724137931,datum_msl
LFBZ,57,57,57,60,arrivals,1.0,1.0526315789473684,datum_msl
LRTR,57,3,3,4,arrivals,0.05263157894736842,0.07017543859649122,datum_msl
LFQQ,57,56,56,56,arrivals,0.9824561403508771,0.9824561403508771,datum_msl
LOWG,56,56,53,54,departures,0.9464285714285714,0.9642857142857143,datum_msl
LFQQ,56,56,56,56,departures,1.0,1.0,datum_msl
LTCC,56,0,0,0,arrivals,0.0,0.0,datum_msl
EDDG,56,54,54,54,arrivals,0.9642857142857143,0.9642857142857143,datum_msl
LFBZ,55,51,51,52,departures,0.9272727272727272,0.9454545454545454,datum_msl
LTCC,55,2,0,0,departures,0.0,0.0,datum_msl
LDPL,55,49,49,50,arrivals,0.8909090909090909,0.9090909090909091,datum_msl
LFTH,55,53,52,63,arrivals,0.9454545454545454,1.1454545454545455,datum_msl
EYKA,54,52,50,50,departures,0.9259259259259259,0.9259259259259259,datum_msl
LOWG,53,52,51,54,arrivals,0.9622641509433962,1.0188679245283019,datum_msl
LKTB,52,51,48,48,departures,0.9230769230769231,0.9230769230769231,datum_msl
URSS,52,1,0,0,departures,0.0,0.0,datum_msl
GMFF,52,46,45,46,departures,0.8653846153846154,0.8846153846153846,datum_msl
LTBA,52,47,42,72,arrivals,0.8076923076923077,1.3846153846153846,datum_msl
LKTB,52,50,47,47,arrivals,0.9038461538461539,0.9038461538461539,datum_msl
GMFF,52,0,0,0,arrivals,0.0,0.0,datum_msl
LFTH,51,45,45,56,departures,0.8823529411764706,1.0980392156862746,datum_msl
EGPE,51,48,48,48,departures,0.9411764705882353,0.9411764705882353,datum_msl
EHKD,50,49,49,78,departures,0.98,1.56,datum_msl
LFST,50,48,48,49,arrivals,0.96,0.98,datum_msl
EYKA,50,19,11,11,arrivals,0.22,0.22,datum_msl
LDPL,49,44,44,45,departures,0.8979591836734694,0.9183673469387755,datum_msl
UGKO,49,0,0,2,departures,0.0,0.04081632653061224,datum_msl
LFST,49,47,47,47,departures,0.9591836734693877,0.9591836734693877,datum_msl
DAOO,49,35,35,35,arrivals,0.7142857142857143,0.7142857142857143,datum_msl
UGKO,49,0,0,0,arrivals,0.0,0.0,datum_msl
EGFF,49,45,44,44,arrivals,0.8979591836734694,0.8979591836734694,datum_msl
EGPE,49,45,45,45,arrivals,0.9183673469387755,0.9183673469387755,datum_msl
DAOO,48,37,37,37,departures,0.7708333333333334,0.7708333333333334,datum_msl
EGFF,48,47,47,48,departures,0.9791666666666666,1.0,datum_msl
UBBN,48,0,0,0,departures,0.0,0.0,datum_msl
ENCN,48,48,48,48,departures,1.0,1.0,datum_msl
EHKD,48,36,36,43,arrivals,0.75,0.8958333333333334,datum_msl
ENAL,48,1,1,1,arrivals,0.020833333333333332,0.020833333333333332,datum_msl
UBBN,48,1,0,0,arrivals,0.0,0.0,datum_msl
ORBI,48,0,0,0,arrivals,0.0,0.0,datum_msl
LFRB,47,41,41,41,departures,0.8723404255319149,0.8723404255319149,datum_msl
ENAL,46,9,1,1,departures,0.021739130434782608,0.021739130434782608,datum_msl
ENKB,46,4,4,4,departures,0.08695652173913043,0.08695652173913043,datum_msl
LGPZ,46,1,0,0,arrivals,0.0,0.0,datum_msl
LTFH,45,7,7,8,departures,0.15555555555555556,0.17777777777777778,datum_msl
LGPZ,45,31,24,26,departures,0.5333333333333333,0.5777777777777777,datum_msl
EDDC,45,44,44,44,departures,0.9777777777777777,0.9777777777777777,datum_msl
LGPA,45,8,0,0,departures,0.0,0.0,datum_msl
LTFH,45,4,4,4,arrivals,0.08888888888888889,0.08888888888888889,datum_msl
EDDC,45,44,44,44,arrivals,0.9777777777777777,0.9777777777777777,datum_msl
LIRI,44,29,27,31,departures,0.6136363636363636,0.7045454545454546,datum_msl
GEML,44,44,44,46,departures,1.0,1.0454545454545454,datum_msl
ORER,44,1,0,0,departures,0.0,0.0,datum_msl
ESSB,44,39,38,40,departures,0.8636363636363636,0.9090909090909091,datum_msl
BIRK,44,44,44,57,departures,1.0,1.2954545454545454,datum_msl
GEML,44,43,43,44,arrivals,0.9772727272727273,1.0,datum_msl
ORER,44,0,0,0,arrivals,0.0,0.0,datum_msl
LEJR,44,43,43,43,arrivals,0.9772727272727273,0.9772727272727273,datum_msl
BIRK,44,37,37,38,arrivals,0.8409090909090909,0.8636363636363636,datum_msl
ENKB,44,0,0,0,arrivals,0.0,0.0,datum_msl
LFRB,44,39,39,39,arrivals,0.8863636363636364,0.8863636363636364,datum_msl
LKMT,44,39,39,40,arrivals,0.8863636363636364,0.9090909090909091,datum_msl
LKMT,43,40,40,40,departures,0.9302325581395349,0.9302325581395349,datum_msl
LIBP,43,42,42,42,arrivals,0.9767441860465116,0.9767441860465116,datum_msl
LOWI,43,31,30,30,arrivals,0.6976744186046512,0.6976744186046512,datum_msl
ENCN,43,12,12,12,arrivals,0.27906976744186046,0.27906976744186046,datum_msl
EPMO,42,42,42,46,departures,1.0,1.0952380952380953,datum_msl
ENEV,42,13,0,0,departures,0.0,0.0,datum_msl
ORBI,42,4,0,0,departures,0.0,0.0,datum_msl
LIRI,42,15,13,13,arrivals,0.30952380952380953,0.30952380952380953,datum_msl
UMMS,42,2,2,2,arrivals,0.047619047619047616,0.047619047619047616,datum_msl
ESMS,42,36,36,36,arrivals,0.8571428571428571,0.8571428571428571,datum_msl
ENEV,42,9,0,0,arrivals,0.0,0.0,datum_msl
LGSM,42,23,23,30,arrivals,0.5476190476190477,0.7142857142857143,datum_msl
ESMS,41,38,38,39,departures,0.926829268292683,0.9512195121951219,datum_msl
LIBP,41,41,41,43,departures,1.0,1.048780487804878,datum_msl
LGSM,41,40,39,48,departures,0.9512195121951219,1.170731707317073,datum_msl
LIRZ,41,41,39,41,arrivals,0.9512195121951219,1.0,datum_msl
UMMS,40,19,16,16,departures,0.4,0.4,datum_msl
LEJR,40,40,40,40,departures,1.0,1.0,datum_msl
LEVX,40,23,23,23,arrivals,0.575,0.575,datum_msl
UWKD,40,0,0,0,arrivals,0.0,0.0,datum_msl
LICT,40,6,6,6,arrivals,0.15,0.15,datum_msl
EPMO,40,29,29,29,arrivals,0.725,0.725,datum_msl
LEAM,40,39,39,39,arrivals,0.975,0.975,datum_msl
GMMW,40,37,36,36,arrivals,0.9,0.9,datum_msl
LGPA,40,4,0,0,arrivals,0.0,0.0,datum_msl
LEVT,39,38,37,46,departures,0.9487179487179487,1.1794871794871795,datum_msl
LICT,39,8,8,10,departures,0.20512820512820512,0.2564102564102564,datum_msl
LIRZ,39,39,35,35,departures,0.8974358974358975,0.8974358974358975,datum_msl
LEXJ,39,36,36,37,departures,0.9230769230769231,0.9487179487179487,datum_msl
GMMW,39,39,37,37,departures,0.9487179487179487,0.9487179487179487,datum_msl
EGPB,39,0,0,0,arrivals,0.0,0.0,datum_msl
LEVT,39,1,1,1,arrivals,0.02564102564102564,0.02564102564102564,datum_msl
LEZG,39,13,13,13,arrivals,0.3333333333333333,0.3333333333333333,datum_msl
EDLP,39,35,35,36,arrivals,0.8974358974358975,0.9230769230769231,datum_msl
EGPB,38,1,0,0,departures,0.0,0.0,datum_msl
UWKD,38,11,1,1,departures,0.02631578947368421,0.02631578947368421,datum_msl
LEZG,38,14,14,14,departures,0.3684210526315789,0.3684210526315789,datum_msl
ESPA,38,16,16,16,departures,0.42105263157894735,0.42105263157894735,datum_msl
LEVX,37,36,36,36,departures,0.972972972972973,0.972972972972973,datum_msl
LGSK,37,25,24,24,departures,0.6486486486486487,0.6486486486486487,datum_msl
LOWL,37,36,36,36,departures,0.972972972972973,0.972972972972973,datum_msl
LEAM,37,36,36,36,departures,0.972972972972973,0.972972972972973,datum_msl
LIPY,37,37,37,37,departures,1.0,1.0,datum_msl
LGSK,37,31,31,31,arrivals,0.8378378378378378,0.8378378378378378,datum_msl
ESSB,37,32,32,34,arrivals,0.8648648648648649,0.918918918918919,datum_msl
LEXJ,37,0,0,0,arrivals,0.0,0.0,datum_msl
EGTE,36,34,34,34,departures,0.9444444444444444,0.9444444444444444,datum_msl
LECO,36,34,34,34,departures,0.9444444444444444,0.9444444444444444,datum_msl
EGTE,36,32,32,32,arrivals,0.8888888888888888,0.8888888888888888,datum_msl
LIPY,36,15,15,15,arrivals,0.4166666666666667,0.4166666666666667,datum_msl
LTFO,36,22,22,22,arrivals,0.6111111111111112,0.6111111111111112,datum_msl
EGMC,35,35,35,35,departures,1.0,1.0,datum_msl
EDLP,35,32,32,32,departures,0.9142857142857143,0.9142857142857143,datum_msl
LZKZ,35,35,35,35,departures,1.0,1.0,datum_msl
LTFO,35,32,32,32,departures,0.9142857142857143,0.9142857142857143,datum_msl
LTFG,35,33,32,32,arrivals,0.9142857142857143,0.9142857142857143,datum_msl
ESPA,35,0,0,0,arrivals,0.0,0.0,datum_msl
LECO,35,35,35,41,arrivals,1.0,1.1714285714285715,datum_msl
GMFO,34,32,32,32,departures,0.9411764705882353,0.9411764705882353,datum_msl
LTFG,34,34,34,34,departures,1.0,1.0,datum_msl
LEGR,34,32,32,32,departures,0.9411764705882353,0.9411764705882353,datum_msl
LOWL,34,32,32,33,arrivals,0.9411764705882353,0.9705882352941176,datum_msl
LICR,34,0,0,0,arrivals,0.0,0.0,datum_msl
GMFO,34,27,27,27,arrivals,0.7941176470588235,0.7941176470588235,datum_msl
LEGR,34,1,1,1,arrivals,0.029411764705882353,0.029411764705882353,datum_msl
LGMT,34,34,34,34,arrivals,1.0,1.0,datum_msl
LZKZ,34,27,27,27,arrivals,0.7941176470588235,0.7941176470588235,datum_msl
LICR,33,4,4,8,departures,0.12121212121212122,0.24242424242424243,datum_msl
LTCI,33,0,0,0,departures,0.0,0.0,datum_msl
LGMT,33,32,31,31,departures,0.9393939393939394,0.9393939393939394,datum_msl
LOWI,33,30,29,29,departures,0.8787878787878788,0.8787878787878788,datum_msl
EGMC,33,33,33,69,arrivals,1.0,2.090909090909091,datum_msl
EKAH,33,30,30,30,arrivals,0.9090909090909091,0.9090909090909091,datum_msl
EGWU,32,32,0,0,departures,0.0,0.0,datum_msl
LTCB,32,12,11,13,departures,0.34375,0.40625,datum_msl
EKAH,32,32,32,32,departures,1.0,1.0,datum_msl
LFRN,32,32,32,32,departures,1.0,1.0,datum_msl
LEMI,32,31,31,31,arrivals,0.96875,0.96875,datum_msl
LTCI,32,0,0,0,arrivals,0.0,0.0,datum_msl
LEMI,31,31,31,31,departures,1.0,1.0,datum_msl
EIKN,31,30,30,30,departures,0.967741935483871,0.967741935483871,datum_msl
ENHD,31,29,27,31,departures,0.8709677419354839,1.0,datum_msl
EDMO,31,30,27,27,departures,0.8709677419354839,0.8709677419354839,datum_msl
LFRN,31,31,31,31,arrivals,1.0,1.0,datum_msl
LTCE,31,0,0,0,arrivals,0.0,0.0,datum_msl
EGPK,30,30,30,30,departures,1.0,1.0,datum_msl
URMM,30,3,2,2,departures,0.06666666666666667,0.06666666666666667,datum_msl
LGNX,30,9,0,0,departures,0.0,0.0,datum_msl
LTCB,30,12,12,12,arrivals,0.4,0.4,datum_msl
LGNX,30,2,0,0,arrivals,0.0,0.0,datum_msl
EIKN,30,30,30,30,arrivals,1.0,1.0,datum_msl
EBAW,29,29,28,29,departures,0.9655172413793104,1.0,datum_msl
LTCE,29,0,0,0,departures,0.0,0.0,datum_msl
EGPA,29,11,0,0,departures,0.0,0.0,datum_msl
LTAZ,29,0,0,0,departures,0.0,0.0,datum_msl
EGPK,29,25,25,26,arrivals,0.8620689655172413,0.896551724137931,datum_msl
URMM,29,0,0,0,arrivals,0.0,0.0,datum_msl
ENHD,29,23,23,27,arrivals,0.7931034482758621,0.9310344827586207,datum_msl
LTAZ,29,1,0,0,arrivals,0.0,0.0,datum_msl
EGHQ,28,27,27,27,departures,0.9642857142857143,0.9642857142857143,datum_msl
ESNU,28,8,8,8,departures,0.2857142857142857,0.2857142857142857,datum_msl
EGHQ,28,27,27,27,arrivals,0.9642857142857143,0.9642857142857143,datum_msl
LTCA,27,0,0,0,departures,0.0,0.0,datum_msl
ENBN,27,10,5,10,departures,0.18518518518518517,0.37037037037037035,datum_msl
LICD,27,25,25,25,departures,0.9259259259259259,0.9259259259259259,datum_msl
LIPB,27,17,16,16,arrivals,0.5925925925925926,0.5925925925925926,datum_msl
EGWU,27,25,0,0,arrivals,0.0,0.0,datum_msl
LTAN,27,0,0,0,arrivals,0.0,0.0,datum_msl
LTCA,27,0,0,0,arrivals,0.0,0.0,datum_msl
LICD,27,11,11,11,arrivals,0.4074074074074074,0.4074074074074074,datum_msl
LFKC,27,27,27,27,arrivals,1.0,1.0,datum_msl
LTAT,26,1,0,0,departures,0.0,0.0,datum_msl
LPCS,26,26,23,24,departures,0.8846153846153846,0.9230769230769231,datum_msl
LIPB,26,26,25,25,departures,0.9615384615384616,0.9615384615384616,datum_msl
LTCS,26,0,0,0,departures,0.0,0.0,datum_msl
LTAN,26,0,0,0,departures,0.0,0.0,datum_msl
LRBS,26,26,26,27,departures,1.0,1.0384615384615385,datum_msl
LFKC,26,26,26,26,departures,1.0,1.0,datum_msl
LGHI,26,5,4,4,arrivals,0.15384615384615385,0.15384615384615385,datum_msl
LTCS,26,0,0,0,arrivals,0.0,0.0,datum_msl
ESNU,26,0,0,0,arrivals,0.0,0.0,datum_msl
ENBN,26,0,0,0,arrivals,0.0,0.0,datum_msl
EGPA,26,0,0,0,arrivals,0.0,0.0,datum_msl
LGKL,25,21,21,21,departures,0.84,0.84,datum_msl
LGHI,25,24,24,26,departures,0.96,1.04,datum_msl
LGML,25,0,0,0,departures,0.0,0.0,datum_msl
LFMP,25,24,24,24,departures,0.96,0.96,datum_msl
EHBK,25,22,21,21,departures,0.84,0.84,datum_msl
EFOU,25,1,1,2,departures,0.04,0.08,datum_msl
EGSH,25,25,25,25,departures,1.0,1.0,datum_msl
LGKL,25,22,22,22,arrivals,0.88,0.88,datum_msl
EFOU,25,0,0,0,arrivals,0.0,0.0,datum_msl
EGSH,25,25,25,26,arrivals,1.0,1.04,datum_msl
LPCS,25,24,21,22,arrivals,0.84,0.88,datum_msl
EBAW,25,25,24,27,arrivals,0.96,1.08,datum_msl
LFRK,24,24,23,24,departures,0.9583333333333334,1.0,datum_msl
EKVG,24,0,0,0,departures,0.0,0.0,datum_msl
ENFL,24,15,15,19,departures,0.625,0.7916666666666666,datum_msl
ENAT,24,18,0,0,departures,0.0,0.0,datum_msl
LICG,24,14,11,11,departures,0.4583333333333333,0.4583333333333333,datum_msl
LIPR,24,23,23,25,departures,0.9583333333333334,1.0416666666666667,datum_msl
LTAT,24,0,0,0,arrivals,0.0,0.0,datum_msl
EKVG,24,0,0,0,arrivals,0.0,0.0,datum_msl
ENFL,24,0,0,0,arrivals,0.0,0.0,datum_msl
ENAT,24,0,0,0,arrivals,0.0,0.0,datum_msl
LESO,24,3,0,0,arrivals,0.0,0.0,datum_msl
EHBK,24,19,18,19,arrivals,0.75,0.7916666666666666,datum_msl
LIPR,24,23,23,24,arrivals,0.9583333333333334,1.0,datum_msl
LFMP,24,22,21,21,arrivals,0.875,0.875,datum_msl
EDDR,23,17,17,18,departures,0.7391304347826086,0.782608695652174,datum_msl
ESSV,23,20,20,21,departures,0.8695652173913043,0.9130434782608695,datum_msl
ENOV,23,3,3,11,departures,0.13043478260869565,0.4782608695652174,datum_msl
ENKR,23,6,0,0,departures,0.0,0.0,datum_msl
LESO,23,19,15,16,departures,0.6521739130434783,0.6956521739130435,datum_msl
ENLK,23,19,0,0,departures,0.0,0.0,datum_msl
LFBT,23,23,23,23,departures,1.0,1.0,datum_msl
ENKR,23,0,0,0,arrivals,0.0,0.0,datum_msl
LICG,23,3,3,3,arrivals,0.13043478260869565,0.13043478260869565,datum_msl
EGPO,23,3,0,0,arrivals,0.0,0.0,datum_msl
EDXW,22,21,19,19,departures,0.8636363636363636,0.8636363636363636,datum_msl
LLER,22,4,0,0,departures,0.0,0.0,datum_msl
LSGS,22,21,21,23,departures,0.9545454545454546,1.0454545454545454,datum_msl
LRSB,22,13,13,13,departures,0.5909090909090909,0.5909090909090909,datum_msl
LFBP,22,18,18,18,departures,0.8181818181818182,0.8181818181818182,datum_msl
LGKP,22,3,0,0,departures,0.0,0.0,datum_msl
EGNV,22,19,19,19,departures,0.8636363636363636,0.8636363636363636,datum_msl
EGPO,22,2,2,2,departures,0.09090909090909091,0.09090909090909091,datum_msl
EPSC,22,21,21,21,departures,0.9545454545454546,0.9545454545454546,datum_msl
EIKY,22,22,22,22,departures,1.0,1.0,datum_msl
LRCV,22,1,1,1,departures,0.045454545454545456,0.045454545454545456,datum_msl
GCHI,22,11,0,0,departures,0.0,0.0,datum_msl
LFRK,22,21,20,20,arrivals,0.9090909090909091,0.9090909090909091,datum_msl
EDDR,22,16,16,19,arrivals,0.7272727272727273,0.8636363636363636,datum_msl
ESSV,22,11,11,11,arrivals,0.5,0.5,datum_msl
EDXW,22,21,19,19,arrivals,0.8636363636363636,0.8636363636363636,datum_msl
ENOV,22,0,0,0,arrivals,0.0,0.0,datum_msl
LLER,22,0,0,0,arrivals,0.0,0.0,datum_msl
LRSB,22,3,3,3,arrivals,0.13636363636363635,0.13636363636363635,datum_msl
LFBP,22,22,22,22,arrivals,1.0,1.0,datum_msl
LGKP,22,0,0,0,arrivals,0.0,0.0,datum_msl
EDMO,22,22,19,20,arrivals,0.8636363636363636,0.9090909090909091,datum_msl
EPSC,22,12,11,11,arrivals,0.5,0.5,datum_msl
ENLK,22,2,0,0,arrivals,0.0,0.0,datum_msl
GCHI,22,0,0,0,arrivals,0.0,0.0,datum_msl
LFBT,22,22,22,22,arrivals,1.0,1.0,datum_msl
LDRI,21,18,18,19,departures,0.8571428571428571,0.9047619047619048,datum_msl
LRSV,21,11,11,13,departures,0.5238095238095238,0.6190476190476191,datum_msl
ENSG,21,6,0,0,departures,0.0,0.0,datum_msl
BIAR,21,0,0,0,departures,0.0,0.0,datum_msl
LDRI,21,18,18,19,arrivals,0.8571428571428571,0.9047619047619048,datum_msl
LGML,21,0,0,0,arrivals,0.0,0.0,datum_msl
EGNV,21,19,19,19,arrivals,0.9047619047619048,0.9047619047619048,datum_msl
LSZB,21,20,19,23,arrivals,0.9047619047619048,1.0952380952380953,datum_msl
LRCV,21,0,0,0,arrivals,0.0,0.0,datum_msl
LRBS,21,20,19,20,arrivals,0.9047619047619048,0.9523809523809523,datum_msl
BIAR,21,0,0,0,arrivals,0.0,0.0,datum_msl
ENSG,21,5,0,0,arrivals,0.0,0.0,datum_msl
EIKY,21,21,21,21,arrivals,1.0,1.0,datum_msl
LFLC,21,20,20,20,arrivals,0.9523809523809523,0.9523809523809523,datum_msl
DABC,20,0,0,0,departures,0.0,0.0,datum_msl
LTCR,20,0,0,0,departures,0.0,0.0,datum_msl
LSZB,20,19,18,20,departures,0.9,1.0,datum_msl
GMTN,20,20,19,19,arrivals,0.95,0.95,datum_msl
LSGS,20,1,0,0,arrivals,0.0,0.0,datum_msl
LTCR,20,0,0,0,arrivals,0.0,0.0,datum_msl
LRSV,20,0,0,0,arrivals,0.0,0.0,datum_msl
EGNJ,20,15,15,15,arrivals,0.75,0.75,datum_msl
HLLM,20,1,1,1,arrivals,0.05,0.05,datum_msl
DABC,20,0,0,0,arrivals,0.0,0.0,datum_msl
LTCJ,19,0,0,0,departures,0.0,0.0,datum_msl
GMTN,19,18,18,18,departures,0.9473684210526315,0.9473684210526315,datum_msl
EFTU,19,17,17,17,departures,0.8947368421052632,0.8947368421052632,datum_msl
ENVD,19,8,0,0,departures,0.0,0.0,datum_msl
LRBC,19,19,19,30,departures,1.0,1.5789473684210527,datum_msl
ENSK,19,18,0,0,departures,0.0,0.0,datum_msl
LSZR,19,19,19,21,departures,1.0,1.105263157894737,datum_msl
LOWK,19,19,19,19,departures,1.0,1.0,datum_msl
EGTK,19,19,19,20,departures,1.0,1.0526315789473684,datum_msl
HLLM,19,2,2,2,departures,0.10526315789473684,0.10526315789473684,datum_msl
LTCJ,19,0,0,0,arrivals,0.0,0.0,datum_msl
LRBC,19,3,3,3,arrivals,0.15789473684210525,0.15789473684210525,datum_msl
ENSK,19,4,0,0,arrivals,0.0,0.0,datum_msl
LFTZ,19,18,0,0,arrivals,0.0,0.0,datum_msl
LSZR,19,18,18,18,arrivals,0.9473684210526315,0.9473684210526315,datum_msl
EYPA,18,17,16,16,departures,0.8888888888888888,0.8888888888888888,datum_msl
EGJA,18,16,16,16,departures,0.8888888888888888,0.8888888888888888,datum_msl
EBOS,18,16,16,16,departures,0.8888888888888888,0.8888888888888888,datum_msl
LFLC,18,18,18,18,departures,1.0,1.0,datum_msl
LOWK,18,9,9,9,arrivals,0.5,0.5,datum_msl
LIPO,18,18,14,15,arrivals,0.7777777777777778,0.8333333333333334,datum_msl
EGJA,18,18,18,22,arrivals,1.0,1.2222222222222223,datum_msl
EFTU,18,10,10,10,arrivals,0.5555555555555556,0.5555555555555556,datum_msl
EFRO,17,0,0,0,departures,0.0,0.0,datum_msl
LPAZ,17,16,16,16,departures,0.9411764705882353,0.9411764705882353,datum_msl
EPLL,17,17,17,17,departures,1.0,1.0,datum_msl
LQBK,17,17,17,17,departures,1.0,1.0,datum_msl
ENML,17,5,4,4,departures,0.23529411764705882,0.23529411764705882,datum_msl
LGAL,17,16,16,16,departures,0.9411764705882353,0.9411764705882353,datum_msl
EBKT,17,17,17,18,departures,1.0,1.0588235294117647,datum_msl
EFRO,17,0,0,0,arrivals,0.0,0.0,datum_msl
LQBK,17,8,8,8,arrivals,0.47058823529411764,0.47058823529411764,datum_msl
EBOS,17,15,15,18,arrivals,0.8823529411764706,1.0588235294117647,datum_msl
EYPA,17,6,4,4,arrivals,0.23529411764705882,0.23529411764705882,datum_msl
LFLY,16,16,0,0,departures,0.0,0.0,datum_msl
EKRN,16,16,16,17,departures,1.0,1.0625,datum_msl
LYNI,16,1,0,0,departures,0.0,0.0,datum_msl
LFBL,16,11,11,11,departures,0.6875,0.6875,datum_msl
EPBY,16,15,15,15,departures,0.9375,0.9375,datum_msl
LTCF,16,0,0,0,departures,0.0,0.0,datum_msl
EGNJ,16,12,12,12,departures,0.75,0.75,datum_msl
EDDE,16,16,16,16,departures,1.0,1.0,datum_msl
LXGB,16,15,15,15,departures,0.9375,0.9375,datum_msl
LEPP,16,16,16,18,departures,1.0,1.125,datum_msl
EPLB,16,15,15,16,departures,0.9375,1.0,datum_msl
LFBE,16,15,15,15,departures,0.9375,0.9375,datum_msl
EKEB,16,13,13,15,departures,0.8125,0.9375,datum_msl
LECH,16,14,14,15,departures,0.875,0.9375,datum_msl
LFLY,16,16,0,0,arrivals,0.0,0.0,datum_msl
LYNI,16,0,0,0,arrivals,0.0,0.0,datum_msl
LFBL,16,0,0,0,arrivals,0.0,0.0,datum_msl
EPLL,16,15,15,15,arrivals,0.9375,0.9375,datum_msl
LTCF,16,0,0,0,arrivals,0.0,0.0,datum_msl
ENSH,16,1,0,0,arrivals,0.0,0.0,datum_msl
LFMK,16,16,16,17,arrivals,1.0,1.0625,datum_msl
EGTK,16,16,15,15,arrivals,0.9375,0.9375,datum_msl
LGAL,16,16,16,16,arrivals,1.0,1.0,datum_msl
EDVE,16,16,14,14,arrivals,0.875,0.875,datum_msl
EPLB,16,15,15,18,arrivals,0.9375,1.125,datum_msl
LFBE,16,16,16,16,arrivals,1.0,1.0,datum_msl
LXGB,16,15,15,15,arrivals,0.9375,0.9375,datum_msl
UWGG,15,0,0,0,departures,0.0,0.0,datum_msl
HESX,15,5,4,5,departures,0.26666666666666666,0.3333333333333333,datum_msl
LTCK,15,0,0,0,departures,0.0,0.0,datum_msl
EDNY,15,13,12,12,departures,0.8,0.8,datum_msl
ENRA,15,9,7,8,departures,0.4666666666666667,0.5333333333333333,datum_msl
EGAE,15,5,5,5,departures,0.3333333333333333,0.3333333333333333,datum_msl
LFMK,15,15,15,15,departures,1.0,1.0,datum_msl
LFRM,15,15,14,16,arrivals,0.9333333333333333,1.0666666666666667,datum_msl
EKRN,15,14,14,14,arrivals,0.9333333333333333,0.9333333333333333,datum_msl
ENVD,15,0,0,0,arrivals,0.0,0.0,datum_msl
LTCK,15,0,0,0,arrivals,0.0,0.0,datum_msl
EPBY,15,9,9,9,arrivals,0.6,0.6,datum_msl
EDNY,15,12,12,13,arrivals,0.8,0.8666666666666667,datum_msl
ENML,15,0,0,0,arrivals,0.0,0.0,datum_msl
LLHA,15,13,13,13,arrivals,0.8666666666666667,0.8666666666666667,datum_msl
LGLM,15,0,0,0,arrivals,0.0,0.0,datum_msl
LECH,15,13,13,13,arrivals,0.8666666666666667,0.8666666666666667,datum_msl
HESX,15,4,4,17,arrivals,0.26666666666666666,1.1333333333333333,datum_msl
EDDE,15,15,14,14,arrivals,0.9333333333333333,0.9333333333333333,datum_msl
EKEB,15,12,12,12,arrivals,0.8,0.8,datum_msl
LFSD,15,15,14,16,arrivals,0.9333333333333333,1.0666666666666667,datum_msl
LTAY,14,2,2,2,departures,0.14285714285714285,0.14285714285714285,datum_msl
ETSI,14,13,13,13,departures,0.9285714285714286,0.9285714285714286,datum_msl
LROD,14,4,3,3,departures,0.21428571428571427,0.21428571428571427,datum_msl
ENSH,14,14,0,0,departures,0.0,0.0,datum_msl
LTAR,14,0,0,0,departures,0.0,0.0,datum_msl
EDVE,14,14,14,14,departures,1.0,1.0,datum_msl
LGLM,14,0,0,0,departures,0.0,0.0,datum_msl
LLHA,14,13,13,13,departures,0.9285714285714286,0.9285714285714286,datum_msl
EFKU,14,14,14,14,departures,1.0,1.0,datum_msl
LFBH,14,10,9,9,arrivals,0.6428571428571429,0.6428571428571429,datum_msl
LPAZ,14,12,12,14,arrivals,0.8571428571428571,1.0,datum_msl
LROD,14,0,0,0,arrivals,0.0,0.0,datum_msl
ENRA,14,0,0,0,arrivals,0.0,0.0,datum_msl
EGAE,14,4,3,3,arrivals,0.21428571428571427,0.21428571428571427,datum_msl
LTAR,14,0,0,0,arrivals,0.0,0.0,datum_msl
LEPP,14,2,2,2,arrivals,0.14285714285714285,0.14285714285714285,datum_msl
LFRM,13,13,13,14,departures,1.0,1.0769230769230769,datum_msl
LFBH,13,13,13,13,departures,1.0,1.0,datum_msl
LTDA,13,0,0,0,departures,0.0,0.0,datum_msl
LPPS,13,6,5,5,departures,0.38461538461538464,0.38461538461538464,datum_msl
LFRZ,13,13,10,10,departures,0.7692307692307693,0.7692307692307693,datum_msl
LTCT,13,0,0,0,departures,0.0,0.0,datum_msl
LIBC,13,0,0,0,departures,0.0,0.0,datum_msl
EDMA,13,13,13,13,departures,1.0,1.0,datum_msl
LGKV,13,13,13,14,departures,1.0,1.0769230769230769,datum_msl
EFVA,13,12,12,12,departures,0.9230769230769231,0.9230769230769231,datum_msl
UWGG,13,0,0,0,arrivals,0.0,0.0,datum_msl
LTAY,13,0,0,0,arrivals,0.0,0.0,datum_msl
LGKV,13,13,13,13,arrivals,1.0,1.0,datum_msl
LPPS,13,6,4,4,arrivals,0.3076923076923077,0.3076923076923077,datum_msl
LFRZ,13,13,10,10,arrivals,0.7692307692307693,0.7692307692307693,datum_msl
EFKU,13,13,13,13,arrivals,1.0,1.0,datum_msl
LTCT,13,0,0,0,arrivals,0.0,0.0,datum_msl
LBPD,13,1,0,0,arrivals,0.0,0.0,datum_msl
ESNS,12,12,12,12,departures,1.0,1.0,datum_msl
EDFM,12,11,11,17,departures,0.9166666666666666,1.4166666666666667,datum_msl
LFMU,12,12,12,12,departures,1.0,1.0,datum_msl
ENBL,12,0,0,0,departures,0.0,0.0,datum_msl
GCGM,12,6,0,0,departures,0.0,0.0,datum_msl
ENSD,12,1,0,0,departures,0.0,0.0,datum_msl
LTCP,12,0,0,0,departures,0.0,0.0,datum_msl
LIRS,12,12,12,13,departures,1.0,1.0833333333333333,datum_msl
LFTZ,12,11,0,0,departures,0.0,0.0,datum_msl
LFTW,12,11,11,11,departures,0.9166666666666666,0.9166666666666666,datum_msl
LTFD,12,11,11,11,departures,0.9166666666666666,0.9166666666666666,datum_msl
ENST,12,4,3,4,departures,0.25,0.3333333333333333,datum_msl
EKRK,12,12,12,12,departures,1.0,1.0,datum_msl
LTCN,12,0,0,0,departures,0.0,0.0,datum_msl
HLLB,12,0,0,0,departures,0.0,0.0,datum_msl
LGIO,12,10,10,10,arrivals,0.8333333333333334,0.8333333333333334,datum_msl
LTFD,12,12,12,12,arrivals,1.0,1.0,datum_msl
LIBF,12,0,0,0,arrivals,0.0,0.0,datum_msl
ETSI,12,11,9,9,arrivals,0.75,0.75,datum_msl
LGRX,12,1,1,1,arrivals,0.08333333333333333,0.08333333333333333,datum_msl
LFMU,12,11,11,11,arrivals,0.9166666666666666,0.9166666666666666,datum_msl
LTCN,12,0,0,0,arrivals,0.0,0.0,datum_msl
HLLB,12,0,0,0,arrivals,0.0,0.0,datum_msl
LIBC,12,0,0,0,arrivals,0.0,0.0,datum_msl
EFVA,12,0,0,0,arrivals,0.0,0.0,datum_msl
LTCD,12,0,0,0,arrivals,0.0,0.0,datum_msl
EKSB,12,12,12,12,arrivals,1.0,1.0,datum_msl
GCGM,12,0,0,0,arrivals,0.0,0.0,datum_msl
LRBV,11,10,10,10,departures,0.9090909090909091,0.9090909090909091,datum_msl
LTCD,11,0,0,0,departures,0.0,0.0,datum_msl
EGPN,11,11,11,12,departures,1.0,1.0909090909090908,datum_msl
LTCV,11,0,0,0,departures,0.0,0.0,datum_msl
LIPO,11,11,11,13,departures,1.0,1.1818181818181819,datum_msl
LGRX,11,1,1,1,departures,0.09090909090909091,0.09090909090909091,datum_msl
ENAN,11,10,0,0,departures,0.0,0.0,datum_msl
GMML,11,2,0,0,departures,0.0,0.0,datum_msl
LFSD,11,11,11,12,departures,1.0,1.0909090909090908,datum_msl
LFMV,11,11,11,11,arrivals,1.0,1.0,datum_msl
EGPN,11,11,11,11,arrivals,1.0,1.0,datum_msl
LTCV,11,0,0,0,arrivals,0.0,0.0,datum_msl
ESNS,11,8,8,8,arrivals,0.7272727272727273,0.7272727272727273,datum_msl
EDFM,11,10,10,14,arrivals,0.9090909090909091,1.2727272727272727,datum_msl
GMML,11,0,0,0,arrivals,0.0,0.0,datum_msl
LTCP,11,0,0,0,arrivals,0.0,0.0,datum_msl
LIRS,11,5,5,5,arrivals,0.45454545454545453,0.45454545454545453,datum_msl
LFTW,11,11,11,11,arrivals,1.0,1.0,datum_msl
EDMA,11,11,10,10,arrivals,0.9090909090909091,0.9090909090909091,datum_msl
LTDA,11,0,0,0,arrivals,0.0,0.0,datum_msl
ENST,11,0,0,0,arrivals,0.0,0.0,datum_msl
LICB,11,11,10,12,arrivals,0.9090909090909091,1.0909090909090908,datum_msl
ENBL,11,0,0,0,arrivals,0.0,0.0,datum_msl
ENSD,11,2,0,0,arrivals,0.0,0.0,datum_msl
LGIO,10,9,9,9,departures,0.9,0.9,datum_msl
LFMV,10,9,9,10,departures,0.9,1.0,datum_msl
EKSB,10,10,10,10,departures,1.0,1.0,datum_msl
ESNZ,10,8,8,8,departures,0.8,0.8,datum_msl
LQMO,10,0,0,1,departures,0.0,0.1,datum_msl
LGIK,10,7,0,0,departures,0.0,0.0,datum_msl
LIMP,10,10,10,10,departures,1.0,1.0,datum_msl
EHGG,10,10,10,10,departures,1.0,1.0,datum_msl
LIPK,10,7,7,7,departures,0.7,0.7,datum_msl
DAAE,10,1,1,1,departures,0.1,0.1,datum_msl
LFCR,10,10,10,10,arrivals,1.0,1.0,datum_msl
LDSB,10,1,0,0,arrivals,0.0,0.0,datum_msl
LIPK,10,8,8,8,arrivals,0.8,0.8,datum_msl
DAAE,10,3,3,3,arrivals,0.3,0.3,datum_msl
EKOD,10,10,10,10,arrivals,1.0,1.0,datum_msl
EHGG,10,10,10,11,arrivals,1.0,1.1,datum_msl
LFCR,9,9,9,9,departures,1.0,1.0,datum_msl
LKPD,9,9,9,13,departures,1.0,1.4444444444444444,datum_msl
ESKN,9,7,7,7,departures,0.7777777777777778,0.7777777777777778,datum_msl
LBPD,9,4,4,4,departures,0.4444444444444444,0.4444444444444444,datum_msl
GMFK,9,3,0,0,departures,0.0,0.0,datum_msl
LTCO,9,0,0,0,departures,0.0,0.0,datum_msl
LDSB,9,0,0,0,departures,0.0,0.0,datum_msl
LTBR,9,9,9,10,departures,1.0,1.1111111111111112,datum_msl
ENNA,9,8,0,0,departures,0.0,0.0,datum_msl
LICB,9,9,9,9,departures,1.0,1.0,datum_msl
EDTY,9,9,9,9,departures,1.0,1.0,datum_msl
ESTA,9,8,7,7,departures,0.7777777777777778,0.7777777777777778,datum_msl
ENMS,9,3,0,0,departures,0.0,0.0,datum_msl
GMMI,9,0,0,0,departures,0.0,0.0,datum_msl
UUBW,9,0,0,0,arrivals,0.0,0.0,datum_msl
DAON,9,0,0,0,arrivals,0.0,0.0,datum_msl
GMMI,9,0,0,0,arrivals,0.0,0.0,datum_msl
LGIK,9,6,0,0,arrivals,0.0,0.0,datum_msl
EGNR,9,8,1,1,arrivals,0.1111111111111111,0.1111111111111111,datum_msl
GMFK,9,0,0,0,arrivals,0.0,0.0,datum_msl
ENMS,9,0,0,0,arrivals,0.0,0.0,datum_msl
LTBR,9,7,7,9,arrivals,0.7777777777777778,1.0,datum_msl
LRBV,9,9,9,9,arrivals,1.0,1.0,datum_msl
ESNZ,9,7,7,7,arrivals,0.7777777777777778,0.7777777777777778,datum_msl
EKRK,9,9,9,9,arrivals,1.0,1.0,datum_msl
LQMO,9,0,0,0,arrivals,0.0,0.0,datum_msl
ENAN,9,4,0,0,arrivals,0.0,0.0,datum_msl
URML,9,0,0,0,arrivals,0.0,0.0,datum_msl
ESKN,9,7,6,7,arrivals,0.6666666666666666,0.7777777777777778,datum_msl
LTCO,9,1,0,0,arrivals,0.0,0.0,datum_msl
LSMP,8,8,7,8,departures,0.875,1.0,datum_msl
LFSL,8,8,8,8,departures,1.0,1.0,datum_msl
EGPI,8,7,5,5,departures,0.625,0.625,datum_msl
ESMX,8,6,6,6,departures,0.75,0.75,datum_msl
EFMA,8,2,2,2,departures,0.25,0.25,datum_msl
EGPR,8,1,0,0,departures,0.0,0.0,datum_msl
EDHI,8,8,0,0,departures,0.0,0.0,datum_msl
ENJS,8,0,0,0,departures,0.0,0.0,datum_msl
LFOT,8,8,8,8,departures,1.0,1.0,datum_msl
LEBZ,8,7,7,7,departures,0.875,0.875,datum_msl
EPSY,8,7,7,8,departures,0.875,1.0,datum_msl
LQTZ,8,6,6,8,departures,0.75,1.0,datum_msl
LDOS,8,3,3,3,departures,0.375,0.375,datum_msl
LFRG,8,8,8,10,departures,1.0,1.25,datum_msl
BIEG,8,0,0,0,departures,0.0,0.0,datum_msl
DAON,8,2,2,2,departures,0.25,0.25,datum_msl
EDLN,8,8,5,5,departures,0.625,0.625,datum_msl
EFTP,8,5,5,5,departures,0.625,0.625,datum_msl
UBBG,8,0,0,0,departures,0.0,0.0,datum_msl
LGST,8,2,0,0,departures,0.0,0.0,datum_msl
LSMP,8,8,6,8,arrivals,0.75,1.0,datum_msl
LQTZ,8,1,1,1,arrivals,0.125,0.125,datum_msl
LFSL,8,4,4,4,arrivals,0.5,0.5,datum_msl
LDOS,8,4,4,4,arrivals,0.5,0.5,datum_msl
EGPI,8,1,1,1,arrivals,0.125,0.125,datum_msl
ESMX,8,4,4,4,arrivals,0.5,0.5,datum_msl
EBKT,8,8,8,8,arrivals,1.0,1.0,datum_msl
EFMA,8,2,2,2,arrivals,0.25,0.25,datum_msl
BIEG,8,0,0,0,arrivals,0.0,0.0,datum_msl
LKPD,8,8,8,12,arrivals,1.0,1.5,datum_msl
ESTA,8,5,4,4,arrivals,0.5,0.5,datum_msl
LFOT,8,8,8,8,arrivals,1.0,1.0,datum_msl
LFLB,8,8,7,7,arrivals,0.875,0.875,datum_msl
ENNA,8,0,0,0,arrivals,0.0,0.0,datum_msl
LGST,8,0,0,0,arrivals,0.0,0.0,datum_msl
EDRY,7,7,0,0,departures,0.0,0.0,datum_msl
EDTL,7,7,7,7,departures,1.0,1.0,datum_msl
ESSL,7,7,6,6,departures,0.8571428571428571,0.8571428571428571,datum_msl
ENNM,7,4,0,0,departures,0.0,0.0,datum_msl
LIBF,7,0,0,0,departures,0.0,0.0,datum_msl
LHDC,7,6,6,7,departures,0.8571428571428571,1.0,datum_msl
EIDL,7,7,7,7,departures,1.0,1.0,datum_msl
LTCW,7,0,0,0,departures,0.0,0.0,datum_msl
BIIS,7,6,0,0,departures,0.0,0.0,datum_msl
EKOD,7,7,7,7,departures,1.0,1.0,datum_msl
OITT,7,0,0,0,departures,0.0,0.0,datum_msl
UUBW,7,1,0,0,departures,0.0,0.0,datum_msl
ESNQ,7,6,6,6,departures,0.8571428571428571,0.8571428571428571,datum_msl
EGPL,7,0,0,0,departures,0.0,0.0,datum_msl
HEBA,7,6,6,6,departures,0.8571428571428571,0.8571428571428571,datum_msl
ESNQ,7,2,2,2,arrivals,0.2857142857142857,0.2857142857142857,datum_msl
EGPR,7,0,0,0,arrivals,0.0,0.0,datum_msl
BIIS,7,0,0,0,arrivals,0.0,0.0,datum_msl
DABB,7,0,0,0,arrivals,0.0,0.0,datum_msl
EDTL,7,7,5,5,arrivals,0.7142857142857143,0.7142857142857143,datum_msl
ENJS,7,0,0,0,arrivals,0.0,0.0,datum_msl
EGPL,7,0,0,0,arrivals,0.0,0.0,datum_msl
LEBZ,7,7,7,7,arrivals,1.0,1.0,datum_msl
LTCW,7,0,0,0,arrivals,0.0,0.0,datum_msl
EDHI,7,7,0,0,arrivals,0.0,0.0,datum_msl
EIDL,7,7,7,7,arrivals,1.0,1.0,datum_msl
OITT,7,0,0,0,arrivals,0.0,0.0,datum_msl
EDTY,7,7,6,6,arrivals,0.8571428571428571,0.8571428571428571,datum_msl
LIMP,7,5,5,5,arrivals,0.7142857142857143,0.7142857142857143,datum_msl
HEAL,6,1,1,1,departures,0.16666666666666666,0.16666666666666666,datum_msl
ENDU,6,2,2,15,departures,0.3333333333333333,2.5,datum_msl
EFKE,6,1,0,0,departures,0.0,0.0,datum_msl
ESOE,6,6,6,6,departures,1.0,1.0,datum_msl
EFJO,6,6,6,6,departures,1.0,1.0,datum_msl
URML,6,0,0,0,departures,0.0,0.0,datum_msl
ENRM,6,5,5,11,departures,0.8333333333333334,1.8333333333333333,datum_msl
LTCU,6,0,0,0,departures,0.0,0.0,datum_msl
EGNR,6,6,4,4,departures,0.6666666666666666,0.6666666666666666,datum_msl
EDVK,6,4,4,4,departures,0.6666666666666666,0.6666666666666666,datum_msl
EGPU,6,1,0,0,departures,0.0,0.0,datum_msl
HEMM,6,0,0,0,departures,0.0,0.0,datum_msl
ESNK,6,0,0,0,departures,0.0,0.0,datum_msl
EDHL,6,6,6,6,departures,1.0,1.0,datum_msl
ENSO,6,6,6,6,departures,1.0,1.0,datum_msl
LPVZ,6,6,0,0,departures,0.0,0.0,datum_msl
ESKM,6,3,0,0,departures,0.0,0.0,datum_msl
EHJA,6,3,0,0,departures,0.0,0.0,datum_msl
ESNL,6,0,0,0,departures,0.0,0.0,datum_msl
LPPM,6,6,6,7,departures,1.0,1.1666666666666667,datum_msl
EFIV,6,2,0,0,departures,0.0,0.0,datum_msl
DABB,6,0,0,0,departures,0.0,0.0,datum_msl
EDVK,6,4,4,4,arrivals,0.6666666666666666,0.6666666666666666,datum_msl
EDRY,6,5,0,0,arrivals,0.0,0.0,datum_msl
EGPU,6,0,0,0,arrivals,0.0,0.0,datum_msl
LHDC,6,0,0,0,arrivals,0.0,0.0,datum_msl
ESOE,6,6,6,7,arrivals,1.0,1.1666666666666667,datum_msl
LFLI,6,6,0,0,arrivals,0.0,0.0,datum_msl
LFEC,6,0,0,0,arrivals,0.0,0.0,datum_msl
LIMZ,6,6,6,6,arrivals,1.0,1.0,datum_msl
EFTP,6,5,5,5,arrivals,0.8333333333333334,0.8333333333333334,datum_msl
ENLE,6,0,0,0,arrivals,0.0,0.0,datum_msl
EFIV,6,2,0,0,arrivals,0.0,0.0,datum_msl
HEAL,6,2,2,2,arrivals,0.3333333333333333,0.3333333333333333,datum_msl
ENNM,6,4,0,0,arrivals,0.0,0.0,datum_msl
ESNK,6,0,0,1,arrivals,0.0,0.16666666666666666,datum_msl
EDHL,6,6,6,6,arrivals,1.0,1.0,datum_msl
ENSO,6,6,6,6,arrivals,1.0,1.0,datum_msl
EFJO,6,2,2,2,arrivals,0.3333333333333333,0.3333333333333333,datum_msl
LWOH,6,0,0,0,arrivals,0.0,0.0,datum_msl
HEBA,6,5,5,5,arrivals,0.8333333333333334,0.8333333333333334,datum_msl
ESSL,6,6,6,6,arrivals,1.0,1.0,datum_msl
LGLE,6,1,0,0,arrivals,0.0,0.0,datum_msl
ESKM,6,6,3,6,arrivals,0.5,1.0,datum_msl
ESNL,6,0,0,0,arrivals,0.0,0.0,datum_msl
ENRM,6,3,3,6,arrivals,0.5,1.0,datum_msl
LTCU,6,0,0,0,arrivals,0.0,0.0,datum_msl
EEKE,5,5,5,5,departures,1.0,1.0,datum_msl
LTCM,5,1,0,0,departures,0.0,0.0,datum_msl
LTCL,5,0,0,0,departures,0.0,0.0,datum_msl
LGKY,5,4,0,0,departures,0.0,0.0,datum_msl
ENHE,5,0,0,0,departures,0.0,0.0,datum_msl
ENFB,5,0,0,0,departures,0.0,0.0,datum_msl
LGKC,5,0,0,0,departures,0.0,0.0,datum_msl
ENLE,5,2,0,0,departures,0.0,0.0,datum_msl
LRTM,5,5,5,6,departures,1.0,1.2,datum_msl
LGLE,5,1,0,0,departures,0.0,0.0,datum_msl
EGEC,5,0,0,2,departures,0.0,0.4,datum_msl
ESGT,5,2,2,2,departures,0.4,0.4,datum_msl
EFKI,5,4,4,4,departures,0.8,0.8,datum_msl
ORMM,5,5,5,5,departures,1.0,1.0,datum_msl
ESNG,5,0,0,0,departures,0.0,0.0,datum_msl
EFJY,5,5,5,5,departures,1.0,1.0,datum_msl
EETU,5,5,4,4,departures,0.8,0.8,datum_msl
EFKK,5,5,5,5,departures,1.0,1.0,datum_msl
EDAH,5,3,3,3,departures,0.6,0.6,datum_msl
ESNX,5,0,0,0,departures,0.0,0.0,datum_msl
LFLB,5,5,5,6,departures,1.0,1.2,datum_msl
LFEC,5,0,0,0,departures,0.0,0.0,datum_msl
LTAW,5,0,0,0,departures,0.0,0.0,datum_msl
LFJL,5,4,4,4,departures,0.8,0.8,datum_msl
ENRS,5,5,0,0,departures,0.0,0.0,datum_msl
DAAS,5,0,0,0,departures,0.0,0.0,datum_msl
EEKA,5,0,0,0,departures,0.0,0.0,datum_msl
LFLI,5,5,0,0,departures,0.0,0.0,datum_msl
LWOH,5,1,1,1,departures,0.2,0.2,datum_msl
LIMZ,5,5,5,5,departures,1.0,1.0,datum_msl
ESDF,5,5,5,5,departures,1.0,1.0,datum_msl
GMMZ,5,2,0,0,departures,0.0,0.0,datum_msl
EPSY,5,2,2,2,arrivals,0.4,0.4,datum_msl
URMG,5,0,0,0,arrivals,0.0,0.0,datum_msl
ENDU,5,0,0,0,arrivals,0.0,0.0,datum_msl
LTCM,5,0,0,0,arrivals,0.0,0.0,datum_msl
LTCL,5,0,0,0,arrivals,0.0,0.0,datum_msl
LFRG,5,5,5,5,arrivals,1.0,1.0,datum_msl
EEKA,5,0,0,1,arrivals,0.0,0.2,datum_msl
ENHE,5,0,0,0,arrivals,0.0,0.0,datum_msl
LTAW,5,0,0,0,arrivals,0.0,0.0,datum_msl
EGVN,5,4,4,4,arrivals,0.8,0.8,datum_msl
LESA,5,0,0,0,arrivals,0.0,0.0,datum_msl
LRTM,5,0,0,0,arrivals,0.0,0.0,datum_msl
EDAH,5,3,3,4,arrivals,0.6,0.8,datum_msl
LSZS,5,0,0,0,arrivals,0.0,0.0,datum_msl
EFKI,5,0,0,0,arrivals,0.0,0.0,datum_msl
HEMM,5,0,0,0,arrivals,0.0,0.0,datum_msl
ORMM,5,1,1,1,arrivals,0.2,0.2,datum_msl
EEKE,5,5,5,5,arrivals,1.0,1.0,datum_msl
DAAS,5,0,0,0,arrivals,0.0,0.0,datum_msl
LPPM,5,5,5,8,arrivals,1.0,1.6,datum_msl
ESNG,5,0,0,0,arrivals,0.0,0.0,datum_msl
GMMZ,5,0,0,0,arrivals,0.0,0.0,datum_msl
UBBG,5,0,0,0,arrivals,0.0,0.0,datum_msl
LFJL,5,5,5,5,arrivals,1.0,1.0,datum_msl
ENOA,5,0,0,0,arrivals,0.0,0.0,datum_msl
LPVZ,5,5,1,1,arrivals,0.2,0.2,datum_msl
EGEC,5,0,0,0,arrivals,0.0,0.0,datum_msl
ENRS,5,0,0,0,arrivals,0.0,0.0,datum_msl
EKDF,5,0,0,0,arrivals,0.0,0.0,datum_msl
LGKC,5,0,0,0,arrivals,0.0,0.0,datum_msl
LGSO,4,3,0,0,departures,0.0,0.0,datum_msl
LFPN,4,4,0,0,departures,0.0,0.0,datum_msl
LFOZ,4,4,0,0,departures,0.0,0.0,datum_msl
UWSG,4,1,1,1,departures,0.25,0.25,datum_msl
EPRA,4,4,4,4,departures,1.0,1.0,datum_msl
LZTT,4,4,4,4,departures,1.0,1.0,datum_msl
ESMT,4,3,3,4,departures,0.75,1.0,datum_msl
URWW,4,0,0,0,departures,0.0,0.0,datum_msl
ENSR,4,0,0,28,departures,0.0,7.0,datum_msl
ESOK,4,1,1,1,departures,0.25,0.25,datum_msl
EDAZ,4,4,0,0,departures,0.0,0.0,datum_msl
LFRT,4,4,3,3,departures,0.75,0.75,datum_msl
LFLW,4,0,0,0,departures,0.0,0.0,datum_msl
LFRD,4,4,4,4,departures,1.0,1.0,datum_msl
LTFC,4,0,0,1,departures,0.0,0.25,datum_msl
ENRO,4,4,4,4,departures,1.0,1.0,datum_msl
LECU,4,3,3,3,departures,0.75,0.75,datum_msl
ESOH,4,4,0,0,departures,0.0,0.0,datum_msl
LSZA,4,4,4,4,departures,1.0,1.0,datum_msl
LSGL,4,3,0,0,departures,0.0,0.0,datum_msl
LGBL,4,4,4,5,departures,1.0,1.25,datum_msl
LTAP,4,0,0,0,departures,0.0,0.0,datum_msl
LJPZ,4,3,2,2,departures,0.5,0.5,datum_msl
EDQG,4,4,0,0,departures,0.0,0.0,datum_msl
ESNV,4,0,0,0,departures,0.0,0.0,datum_msl
ENGC,4,0,0,0,departures,0.0,0.0,datum_msl
EKDF,4,0,0,0,departures,0.0,0.0,datum_msl
ESMQ,4,4,4,5,departures,1.0,1.25,datum_msl
LESA,4,4,4,4,departures,1.0,1.0,datum_msl
LESU,4,4,4,4,departures,1.0,1.0,datum_msl
LFRH,4,4,4,4,departures,1.0,1.0,datum_msl
EPZG,4,3,3,3,departures,0.75,0.75,datum_msl
LKCS,4,4,4,4,departures,1.0,1.0,datum_msl
ESND,4,0,0,0,departures,0.0,0.0,datum_msl
ESGJ,4,1,1,1,departures,0.25,0.25,datum_msl
LGKS,4,0,0,0,departures,0.0,0.0,datum_msl
LFCK,4,4,4,4,departures,1.0,1.0,datum_msl
LKHK,4,4,0,0,departures,0.0,0.0,datum_msl
ESSP,4,4,4,4,departures,1.0,1.0,datum_msl
EFKT,4,1,1,1,departures,0.25,0.25,datum_msl
LEVD,4,3,3,3,departures,0.75,0.75,datum_msl
ORKK,4,0,0,0,departures,0.0,0.0,datum_msl
EDRZ,4,4,0,0,arrivals,0.0,0.0,datum_msl
UWSG,4,1,1,1,arrivals,0.25,0.25,datum_msl
LGPL,4,1,0,0,arrivals,0.0,0.0,datum_msl
URMO,4,0,0,0,arrivals,0.0,0.0,datum_msl
ENXO,4,0,0,0,arrivals,0.0,0.0,datum_msl
LEVD,4,0,0,0,arrivals,0.0,0.0,datum_msl
EHLL,4,0,0,0,arrivals,0.0,0.0,datum_msl
LFLX,4,0,0,0,arrivals,0.0,0.0,datum_msl
LKCS,4,4,4,5,arrivals,1.0,1.25,datum_msl
ENQG,4,0,0,0,arrivals,0.0,0.0,datum_msl
ESDF,4,2,2,2,arrivals,0.5,0.5,datum_msl
LGKY,4,3,0,0,arrivals,0.0,0.0,datum_msl
ENQS,4,0,0,0,arrivals,0.0,0.0,datum_msl
ENSR,4,0,0,0,arrivals,0.0,0.0,datum_msl
ENGC,4,0,0,0,arrivals,0.0,0.0,datum_msl
EDAZ,4,4,0,0,arrivals,0.0,0.0,datum_msl
LTAS,4,0,0,0,arrivals,0.0,0.0,datum_msl
ESGJ,4,0,0,0,arrivals,0.0,0.0,datum_msl
LFCK,4,4,4,4,arrivals,1.0,1.0,datum_msl
LGSO,4,2,0,0,arrivals,0.0,0.0,datum_msl
LRBM,4,0,0,0,arrivals,0.0,0.0,datum_msl
LZTT,4,1,1,1,arrivals,0.25,0.25,datum_msl
ESOH,4,4,0,0,arrivals,0.0,0.0,datum_msl
ESOK,4,1,1,1,arrivals,0.25,0.25,datum_msl
EGNO,4,4,4,4,arrivals,1.0,1.0,datum_msl
LSGL,4,3,0,0,arrivals,0.0,0.0,datum_msl
EFJY,4,2,2,2,arrivals,0.5,0.5,datum_msl
LFRH,4,4,4,4,arrivals,1.0,1.0,datum_msl
LTAP,4,0,0,0,arrivals,0.0,0.0,datum_msl
LTFC,4,0,0,0,arrivals,0.0,0.0,datum_msl
ESNX,4,0,0,0,arrivals,0.0,0.0,datum_msl
EDQG,4,4,0,0,arrivals,0.0,0.0,datum_msl
ESNV,4,0,0,0,arrivals,0.0,0.0,datum_msl
ESND,4,3,0,0,arrivals,0.0,0.0,datum_msl
LSZA,4,4,4,5,arrivals,1.0,1.25,datum_msl
EETU,4,2,2,3,arrivals,0.5,0.75,datum_msl
EFKK,4,4,4,4,arrivals,1.0,1.0,datum_msl
LGKS,4,0,0,0,arrivals,0.0,0.0,datum_msl
LKHK,4,4,0,0,arrivals,0.0,0.0,datum_msl
ESSP,4,4,3,3,arrivals,0.75,0.75,datum_msl
LDLO,4,1,0,0,arrivals,0.0,0.0,datum_msl
LGBL,4,2,2,2,arrivals,0.5,0.5,datum_msl
ESGT,4,1,1,1,arrivals,0.25,0.25,datum_msl
EFKE,4,0,0,0,arrivals,0.0,0.0,datum_msl
LZPP,4,4,3,3,arrivals,0.75,0.75,datum_msl
EFKT,4,1,1,1,arrivals,0.25,0.25,datum_msl
LFLW,4,0,0,0,arrivals,0.0,0.0,datum_msl
BIBD,3,3,1,1,departures,0.3333333333333333,0.3333333333333333,datum_msl
ENQO,3,0,0,0,departures,0.0,0.0,datum_msl
EGLK,3,3,3,3,departures,1.0,1.0,datum_msl
ENWS,3,0,0,0,departures,0.0,0.0,datum_msl
LRBM,3,1,0,0,departures,0.0,0.0,datum_msl
EGMD,3,3,2,2,departures,0.6666666666666666,0.6666666666666666,datum_msl
ETAR,3,3,3,3,departures,1.0,1.0,datum_msl
ENXO,3,1,0,0,departures,0.0,0.0,datum_msl
LELN,3,3,3,3,departures,1.0,1.0,datum_msl
LFLS,3,3,3,3,departures,1.0,1.0,datum_msl
OJAM,3,0,0,7,departures,0.0,2.3333333333333335,datum_msl
ENOC,3,0,0,0,departures,0.0,0.0,datum_msl
LTBH,3,3,3,3,departures,1.0,1.0,datum_msl
UDSG,3,0,0,0,departures,0.0,0.0,datum_msl
ENWY,3,0,0,0,departures,0.0,0.0,datum_msl
LTAL,3,0,0,0,departures,0.0,0.0,datum_msl
EGNH,3,3,3,3,departures,1.0,1.0,datum_msl
LGSY,3,0,0,0,departures,0.0,0.0,datum_msl
URMG,3,1,0,0,departures,0.0,0.0,datum_msl
EDGS,3,3,3,3,departures,1.0,1.0,datum_msl
LPBJ,3,2,2,2,departures,0.6666666666666666,0.6666666666666666,datum_msl
ENOL,3,1,1,1,departures,0.3333333333333333,0.3333333333333333,datum_msl
ENSE,3,0,0,0,departures,0.0,0.0,datum_msl
BIHN,3,0,0,0,departures,0.0,0.0,datum_msl
GMMB,3,1,0,0,departures,0.0,0.0,datum_msl
ESOW,3,3,3,3,departures,1.0,1.0,datum_msl
LTAS,3,0,0,0,departures,0.0,0.0,datum_msl
LFHP,3,0,0,0,departures,0.0,0.0,datum_msl
LFBI,3,3,3,3,departures,1.0,1.0,datum_msl
URMO,3,0,0,0,departures,0.0,0.0,datum_msl
EDTM,3,3,3,3,departures,1.0,1.0,datum_msl
DTTX,3,0,0,0,departures,0.0,0.0,datum_msl
EFKS,3,0,0,0,departures,0.0,0.0,datum_msl
ENOA,3,0,0,0,departures,0.0,0.0,datum_msl
ENSL,3,0,0,0,departures,0.0,0.0,datum_msl
ESNO,3,1,1,1,departures,0.3333333333333333,0.3333333333333333,datum_msl
ENQA,3,2,0,0,departures,0.0,0.0,datum_msl
LSZS,3,3,3,3,departures,1.0,1.0,datum_msl
ESNN,3,3,3,3,departures,1.0,1.0,datum_msl
LDLO,3,1,0,0,departures,0.0,0.0,datum_msl
LRCK,3,3,2,2,departures,0.6666666666666666,0.6666666666666666,datum_msl
EGNO,3,3,3,3,departures,1.0,1.0,datum_msl
ENWV,3,0,0,0,departures,0.0,0.0,datum_msl
GMTA,3,3,3,3,departures,1.0,1.0,datum_msl
EKHA,3,0,0,0,departures,0.0,0.0,datum_msl
LSZC,3,3,0,0,departures,0.0,0.0,datum_msl
OSDI,3,0,0,0,departures,0.0,0.0,datum_msl
ESUP,3,0,0,0,departures,0.0,0.0,datum_msl
LFAT,3,2,2,2,departures,0.6666666666666666,0.6666666666666666,datum_msl
BIBD,3,0,0,0,arrivals,0.0,0.0,datum_msl
ULAA,3,0,0,0,arrivals,0.0,0.0,datum_msl
LFLU,3,3,3,3,arrivals,1.0,1.0,datum_msl
ENWS,3,0,0,0,arrivals,0.0,0.0,datum_msl
LFMQ,3,3,0,0,arrivals,0.0,0.0,datum_msl
OSDI,3,0,0,0,arrivals,0.0,0.0,datum_msl
LELN,3,3,3,3,arrivals,1.0,1.0,datum_msl
ESUP,3,0,0,0,arrivals,0.0,0.0,datum_msl
GMTA,3,3,3,3,arrivals,1.0,1.0,datum_msl
EDTM,3,3,3,3,arrivals,1.0,1.0,datum_msl
LECU,3,3,0,0,arrivals,0.0,0.0,datum_msl
ESMT,3,3,2,3,arrivals,0.6666666666666666,1.0,datum_msl
ENOC,3,2,0,0,arrivals,0.0,0.0,datum_msl
UDSG,3,0,0,0,arrivals,0.0,0.0,datum_msl
ENWY,3,0,0,0,arrivals,0.0,0.0,datum_msl
LFHP,3,0,0,0,arrivals,0.0,0.0,datum_msl
EGNH,3,3,3,3,arrivals,1.0,1.0,datum_msl
LFBI,3,2,2,2,arrivals,0.6666666666666666,0.6666666666666666,datum_msl
EPRA,3,3,3,3,arrivals,1.0,1.0,datum_msl
LFOH,3,3,2,2,arrivals,0.6666666666666666,0.6666666666666666,datum_msl
OJAM,3,0,0,0,arrivals,0.0,0.0,datum_msl
DTTX,3,0,0,0,arrivals,0.0,0.0,datum_msl
EFKS,3,0,0,0,arrivals,0.0,0.0,datum_msl
GMMB,3,0,0,0,arrivals,0.0,0.0,datum_msl
ESOW,3,3,3,3,arrivals,1.0,1.0,datum_msl
LTAL,3,0,0,0,arrivals,0.0,0.0,datum_msl
EPZG,3,3,3,3,arrivals,1.0,1.0,datum_msl
LGSY,3,0,0,0,arrivals,0.0,0.0,datum_msl
LFOZ,3,2,0,0,arrivals,0.0,0.0,datum_msl
EHJA,3,0,0,0,arrivals,0.0,0.0,datum_msl
ESUT,3,0,0,0,arrivals,0.0,0.0,datum_msl
ENFB,3,0,0,0,arrivals,0.0,0.0,datum_msl
ESMQ,3,3,3,3,arrivals,1.0,1.0,datum_msl
LTBH,3,2,2,2,arrivals,0.6666666666666666,0.6666666666666666,datum_msl
ENSL,3,0,0,0,arrivals,0.0,0.0,datum_msl
ESNO,3,0,0,0,arrivals,0.0,0.0,datum_msl
ENQA,3,2,0,0,arrivals,0.0,0.0,datum_msl
LFRC,3,3,2,2,arrivals,0.6666666666666666,0.6666666666666666,datum_msl
ENRO,3,0,0,0,arrivals,0.0,0.0,datum_msl
EKHA,3,0,0,0,arrivals,0.0,0.0,datum_msl
URWW,3,0,0,0,arrivals,0.0,0.0,datum_msl
BIHN,3,0,0,0,arrivals,0.0,0.0,datum_msl
EDGS,3,3,3,3,arrivals,1.0,1.0,datum_msl
ENWV,3,0,0,0,arrivals,0.0,0.0,datum_msl
LFLS,3,3,3,4,arrivals,1.0,1.3333333333333333,datum_msl
EHFB,3,0,0,0,arrivals,0.0,0.0,datum_msl
LFRD,3,3,3,4,arrivals,1.0,1.3333333333333333,datum_msl
ENQV,2,0,0,0,departures,0.0,0.0,datum_msl
EHKJ,2,1,0,0,departures,0.0,0.0,datum_msl
EGBJ,2,2,2,2,departures,1.0,1.0,datum_msl
LSGK,2,2,0,0,departures,0.0,0.0,datum_msl
EGPC,2,0,0,12,departures,0.0,6.0,datum_msl
LSGC,2,2,2,2,departures,1.0,1.0,datum_msl
ENQS,2,0,0,0,departures,0.0,0.0,datum_msl
ENXW,2,1,0,0,departures,0.0,0.0,datum_msl
LTBY,2,1,1,1,departures,0.5,0.5,datum_msl
ENWA,2,1,0,0,departures,0.0,0.0,datum_msl
LEGT,2,2,2,2,departures,1.0,1.0,datum_msl
LDRG,2,1,0,0,departures,0.0,0.0,datum_msl
GMMD,2,0,0,0,departures,0.0,0.0,datum_msl
LFRV,2,2,2,2,departures,1.0,1.0,datum_msl
LJMB,2,2,1,2,departures,0.5,1.0,datum_msl
EHPK,2,2,0,0,departures,0.0,0.0,datum_msl
LFLU,2,2,2,2,departures,1.0,1.0,datum_msl
LTAG,2,0,0,0,departures,0.0,0.0,datum_msl
LFRC,2,2,2,2,departures,1.0,1.0,datum_msl
EGFE,2,2,2,2,departures,1.0,1.0,datum_msl
ENQC,2,1,0,0,departures,0.0,0.0,datum_msl
LFOK,2,2,2,2,departures,1.0,1.0,datum_msl
EGVN,2,2,2,2,departures,1.0,1.0,datum_msl
EDXQ,2,2,0,0,departures,0.0,0.0,datum_msl
LFPT,2,2,2,3,departures,1.0,1.5,datum_msl
OENN,2,0,0,0,departures,0.0,0.0,datum_msl
ENUA,2,0,0,0,departures,0.0,0.0,datum_msl
LFQG,2,2,1,1,departures,0.5,0.5,datum_msl
LFMQ,2,2,2,2,departures,1.0,1.0,datum_msl
EHLL,2,1,0,0,departures,0.0,0.0,datum_msl
ENNE,2,0,0,0,departures,0.0,0.0,datum_msl
ORNI,2,0,0,0,departures,0.0,0.0,datum_msl
LEAB,2,2,2,2,departures,1.0,1.0,datum_msl
LFGA,2,1,1,1,departures,0.5,0.5,datum_msl
EGNL,2,2,2,3,departures,1.0,1.5,datum_msl
LTBZ,2,2,0,0,departures,0.0,0.0,datum_msl
BIVO,2,0,0,0,departures,0.0,0.0,datum_msl
LSTS,2,2,0,0,departures,0.0,0.0,datum_msl
GMAT,2,1,0,0,departures,0.0,0.0,datum_msl
BITN,2,0,0,0,departures,0.0,0.0,datum_msl
LFLX,2,2,2,2,departures,1.0,1.0,datum_msl
LKKV,2,2,2,2,departures,1.0,1.0,datum_msl
LFAC,2,2,2,2,departures,1.0,1.0,datum_msl
ENQJ,2,1,0,0,departures,0.0,0.0,datum_msl
ESUT,2,0,0,0,departures,0.0,0.0,datum_msl
EHGQ,2,1,0,0,departures,0.0,0.0,datum_msl
LFOH,2,2,0,0,departures,0.0,0.0,datum_msl
DAUB,2,0,0,0,departures,0.0,0.0,datum_msl
ENQE,2,1,0,0,departures,0.0,0.0,datum_msl
LTBU,2,2,2,2,departures,1.0,1.0,datum_msl
LGKJ,2,0,0,0,departures,0.0,0.0,datum_msl
ENQD,2,0,0,0,departures,0.0,0.0,datum_msl
LGPL,2,0,0,0,departures,0.0,0.0,datum_msl
LEDA,2,1,1,1,departures,0.5,0.5,datum_msl
ETND,2,2,2,2,departures,1.0,1.0,datum_msl
LIBG,2,0,0,0,departures,0.0,0.0,datum_msl
EHFB,2,0,0,0,departures,0.0,0.0,datum_msl
LRSM,2,1,1,1,departures,0.5,0.5,datum_msl
ULAA,2,0,0,0,departures,0.0,0.0,datum_msl
ENGA,2,0,0,0,departures,0.0,0.0,datum_msl
DAOI,2,1,1,1,departures,0.5,0.5,datum_msl
ESST,2,2,2,5,departures,1.0,2.5,datum_msl
EIWF,2,2,1,1,departures,0.5,0.5,datum_msl
HLMS,2,0,0,0,departures,0.0,0.0,datum_msl
LZPP,2,2,2,2,departures,1.0,1.0,datum_msl
ENQO,2,0,0,0,arrivals,0.0,0.0,datum_msl
EGLK,2,2,1,1,arrivals,0.5,0.5,datum_msl
LTAG,2,0,0,0,arrivals,0.0,0.0,datum_msl
LTBU,2,1,1,10,arrivals,0.5,5.0,datum_msl
ENQV,2,0,0,0,arrivals,0.0,0.0,datum_msl
LSGK,2,2,0,0,arrivals,0.0,0.0,datum_msl
EDMS,2,1,0,0,arrivals,0.0,0.0,datum_msl
ENWE,2,0,0,0,arrivals,0.0,0.0,datum_msl
ORNI,2,0,0,0,arrivals,0.0,0.0,datum_msl
DAOI,2,1,1,1,arrivals,0.5,0.5,datum_msl
ENXW,2,0,0,0,arrivals,0.0,0.0,datum_msl
LEAB,2,2,2,2,arrivals,1.0,1.0,datum_msl
ENWA,2,1,0,0,arrivals,0.0,0.0,datum_msl
LKKV,2,1,1,1,arrivals,0.5,0.5,datum_msl
LEGT,2,2,1,1,arrivals,0.5,0.5,datum_msl
EBMB,2,2,0,0,arrivals,0.0,0.0,datum_msl
LJMB,2,1,1,2,arrivals,0.5,1.0,datum_msl
EGMD,2,2,2,2,arrivals,1.0,1.0,datum_msl
LSGC,2,2,2,2,arrivals,1.0,1.0,datum_msl
DAUB,2,0,0,0,arrivals,0.0,0.0,datum_msl
EHKV,2,1,0,0,arrivals,0.0,0.0,datum_msl
LFPT,2,2,2,2,arrivals,1.0,1.0,datum_msl
EHPG,2,2,0,0,arrivals,0.0,0.0,datum_msl
EKHB,2,0,0,0,arrivals,0.0,0.0,datum_msl
ESST,2,1,1,4,arrivals,0.5,2.0,datum_msl
ENQR,2,0,0,0,arrivals,0.0,0.0,datum_msl
DTTZ,2,0,0,0,arrivals,0.0,0.0,datum_msl
LFQG,2,0,0,0,arrivals,0.0,0.0,datum_msl
LTBZ,2,0,0,0,arrivals,0.0,0.0,datum_msl
LFOK,2,0,0,0,arrivals,0.0,0.0,datum_msl
ESNN,2,1,1,1,arrivals,0.5,0.5,datum_msl
ENNE,2,0,0,0,arrivals,0.0,0.0,datum_msl
LEDA,2,0,0,0,arrivals,0.0,0.0,datum_msl
ETND,2,2,2,2,arrivals,1.0,1.0,datum_msl
ENSE,2,0,0,0,arrivals,0.0,0.0,datum_msl
LFRT,2,2,0,0,arrivals,0.0,0.0,datum_msl
EDLN,2,2,0,0,arrivals,0.0,0.0,datum_msl
GMMD,2,0,0,0,arrivals,0.0,0.0,datum_msl
EGNL,2,2,1,1,arrivals,0.5,0.5,datum_msl
LFRV,2,2,2,2,arrivals,1.0,1.0,datum_msl
HLMS,2,1,0,0,arrivals,0.0,0.0,datum_msl
EHJR,2,0,0,0,arrivals,0.0,0.0,datum_msl
BIVO,2,0,0,0,arrivals,0.0,0.0,datum_msl
OJAQ,2,0,0,0,arrivals,0.0,0.0,datum_msl
GMAT,2,1,0,0,arrivals,0.0,0.0,datum_msl
BITN,2,0,0,0,arrivals,0.0,0.0,datum_msl
LFSN,2,2,0,0,arrivals,0.0,0.0,datum_msl
LFJR,2,2,2,2,arrivals,1.0,1.0,datum_msl
LRCK,2,0,0,0,arrivals,0.0,0.0,datum_msl
LOAN,2,2,1,1,arrivals,0.5,0.5,datum_msl
OENN,2,0,0,0,arrivals,0.0,0.0,datum_msl
ENUA,2,0,0,0,arrivals,0.0,0.0,datum_msl
ENQE,2,0,0,0,arrivals,0.0,0.0,datum_msl
ENUD,2,0,0,0,arrivals,0.0,0.0,datum_msl
ENQJ,2,0,0,0,arrivals,0.0,0.0,datum_msl
EHKJ,2,0,0,0,arrivals,0.0,0.0,datum_msl
LTBY,2,0,0,0,arrivals,0.0,0.0,datum_msl
LIBG,2,0,0,0,arrivals,0.0,0.0,datum_msl
LESU,2,0,0,0,arrivals,0.0,0.0,datum_msl
ORKK,2,0,0,0,arrivals,0.0,0.0,datum_msl
ENQD,2,0,0,0,arrivals,0.0,0.0,datum_msl
EGBJ,2,2,2,2,arrivals,1.0,1.0,datum_msl
EGPC,2,0,0,0,arrivals,0.0,0.0,datum_msl
EDFZ,2,2,1,1,arrivals,0.5,0.5,datum_msl
LFAC,2,2,1,1,arrivals,0.5,0.5,datum_msl
LFAT,2,2,1,1,arrivals,0.5,0.5,datum_msl
ENRK,1,1,0,0,departures,0.0,0.0,datum_msl
ULPB,1,0,0,0,departures,0.0,0.0,datum_msl
EYSA,1,1,1,1,departures,1.0,1.0,datum_msl
EDMS,1,1,0,0,departures,0.0,0.0,datum_msl
ENWE,1,0,0,0,departures,0.0,0.0,datum_msl
ENQG,1,0,0,0,departures,0.0,0.0,datum_msl
UMII,1,0,0,0,departures,0.0,0.0,datum_msl
LOIH,1,1,0,0,departures,0.0,0.0,datum_msl
ENQK,1,0,0,0,departures,0.0,0.0,datum_msl
LFAQ,1,1,0,0,departures,0.0,0.0,datum_msl
LFRO,1,1,1,1,departures,1.0,1.0,datum_msl
LFRI,1,1,1,1,departures,1.0,1.0,datum_msl
LKKU,1,1,1,1,departures,1.0,1.0,datum_msl
LFCI,1,1,1,1,departures,1.0,1.0,datum_msl
EIWT,1,1,0,0,departures,0.0,0.0,datum_msl
EGHL,1,1,1,1,departures,1.0,1.0,datum_msl
DTTZ,1,0,0,0,departures,0.0,0.0,datum_msl
EFLP,1,0,0,0,departures,0.0,0.0,datum_msl
EBCV,1,1,1,1,departures,1.0,1.0,datum_msl
ENSF,1,0,0,0,departures,0.0,0.0,datum_msl
UGSA,1,0,0,0,departures,0.0,0.0,datum_msl
EDQM,1,1,1,1,departures,1.0,1.0,datum_msl
URWA,1,0,0,0,departures,0.0,0.0,datum_msl
EHKV,1,1,0,0,departures,0.0,0.0,datum_msl
LFLA,1,1,1,1,departures,1.0,1.0,datum_msl
LFGF,1,1,0,0,departures,0.0,0.0,datum_msl
ULMM,1,0,0,0,departures,0.0,0.0,datum_msl
EKGC,1,1,0,0,departures,0.0,0.0,datum_msl
ENWK,1,0,0,0,departures,0.0,0.0,datum_msl
USKK,1,0,0,0,departures,0.0,0.0,datum_msl
UWPS,1,0,0,0,departures,0.0,0.0,datum_msl
EGEO,1,1,0,0,departures,0.0,0.0,datum_msl
EHPG,1,1,0,0,departures,0.0,0.0,datum_msl
EGUB,1,1,1,1,departures,1.0,1.0,datum_msl
ENLA,1,1,0,0,departures,0.0,0.0,datum_msl
LFBF,1,1,0,0,departures,0.0,0.0,datum_msl
EHTW,1,1,1,1,departures,1.0,1.0,datum_msl
DABT,1,0,0,0,departures,0.0,0.0,datum_msl
LGTG,1,1,1,1,departures,1.0,1.0,datum_msl
LFLH,1,1,0,0,departures,0.0,0.0,datum_msl
EHKS,1,1,0,0,departures,0.0,0.0,datum_msl
ESMK,1,1,1,1,departures,1.0,1.0,datum_msl
EDWF,1,1,0,0,departures,0.0,0.0,datum_msl
ULWC,1,0,0,0,departures,0.0,0.0,datum_msl
EHJC,1,1,0,0,departures,0.0,0.0,datum_msl
ENWI,1,0,0,0,departures,0.0,0.0,datum_msl
LKRO,1,1,0,0,departures,0.0,0.0,datum_msl
EGSC,1,1,1,1,departures,1.0,1.0,datum_msl
ENDR,1,0,0,0,departures,0.0,0.0,datum_msl
LFCH,1,1,1,1,departures,1.0,1.0,datum_msl
DAUH,1,0,0,0,departures,0.0,0.0,datum_msl
EDRZ,1,1,0,0,departures,0.0,0.0,datum_msl
EBSP,1,1,0,0,departures,0.0,0.0,datum_msl
LKMH,1,1,0,0,departures,0.0,0.0,datum_msl
EHJR,1,1,0,0,departures,0.0,0.0,datum_msl
LEBA,1,1,1,1,departures,1.0,1.0,datum_msl
LFJR,1,1,1,1,departures,1.0,1.0,datum_msl
EDFZ,1,1,1,2,departures,1.0,2.0,datum_msl
UBBF,1,0,0,0,departures,0.0,0.0,datum_msl
LGKA,1,1,0,0,departures,0.0,0.0,datum_msl
EPCD,1,1,0,0,departures,0.0,0.0,datum_msl
BIGJ,1,1,0,0,departures,0.0,0.0,datum_msl
UBBL,1,0,0,0,departures,0.0,0.0,datum_msl
ENUD,1,0,0,0,departures,0.0,0.0,datum_msl
EPPW,1,0,0,0,departures,0.0,0.0,datum_msl
EPBC,1,0,0,0,departures,0.0,0.0,datum_msl
EPWK,1,0,0,0,departures,0.0,0.0,datum_msl
ENQL,1,0,0,0,departures,0.0,0.0,datum_msl
LYKV,1,0,0,4,departures,0.0,4.0,datum_msl
LIMG,1,1,1,1,departures,1.0,1.0,datum_msl
LRAR,1,1,1,6,departures,1.0,6.0,datum_msl
EDBC,1,1,0,0,departures,0.0,0.0,datum_msl
ENQM,1,0,0,0,departures,0.0,0.0,datum_msl
EDFE,1,1,0,0,departures,0.0,0.0,datum_msl
LKPM,1,1,0,0,departures,0.0,0.0,datum_msl
LFSG,1,1,1,1,departures,1.0,1.0,datum_msl
ENBE,1,0,0,0,departures,0.0,0.0,datum_msl
DAAV,1,0,0,0,departures,0.0,0.0,datum_msl
EKSI,1,0,0,0,departures,0.0,0.0,datum_msl
EDTF,1,1,0,0,departures,0.0,0.0,datum_msl
EKHB,1,0,0,0,departures,0.0,0.0,datum_msl
ENUN,1,0,0,0,departures,0.0,0.0,datum_msl
LFMH,1,1,1,1,departures,1.0,1.0,datum_msl
GMAZ,1,1,0,0,departures,0.0,0.0,datum_msl
LOLW,1,1,0,0,departures,0.0,0.0,datum_msl
LKJI,1,1,0,0,departures,0.0,0.0,datum_msl
EHAK,1,0,0,0,departures,0.0,0.0,datum_msl
EDBM,1,1,0,0,departures,0.0,0.0,datum_msl
OJAQ,1,0,0,0,departures,0.0,0.0,datum_msl
ENRY,1,1,1,2,departures,1.0,2.0,datum_msl
EHFD,1,0,0,0,departures,0.0,0.0,datum_msl
DAUG,1,0,0,0,departures,0.0,0.0,datum_msl
ENQR,1,0,0,0,departures,0.0,0.0,datum_msl
LFOP,1,0,0,0,departures,0.0,0.0,datum_msl
ENUE,1,0,0,0,departures,0.0,0.0,datum_msl
EKTE,1,1,0,0,departures,0.0,0.0,datum_msl
ENUS,1,0,0,0,departures,0.0,0.0,datum_msl
LPEV,1,1,1,1,departures,1.0,1.0,datum_msl
OIGG,1,0,0,0,departures,0.0,0.0,datum_msl
LIRJ,1,0,0,0,departures,0.0,0.0,datum_msl
EHQM,1,1,0,0,departures,0.0,0.0,datum_msl
UUBI,1,0,0,0,departures,0.0,0.0,datum_msl
EGBK,1,1,0,0,departures,0.0,0.0,datum_msl
EHGN,1,0,0,0,departures,0.0,0.0,datum_msl
LSZG,1,1,1,2,departures,1.0,2.0,datum_msl
EDTD,1,1,1,1,departures,1.0,1.0,datum_msl
LFHS,1,1,0,0,departures,0.0,0.0,datum_msl
EDMV,1,0,0,0,departures,0.0,0.0,datum_msl
EDAY,1,1,0,0,departures,0.0,0.0,datum_msl
EGOV,1,1,1,1,departures,1.0,1.0,datum_msl
LFLD,1,1,1,1,departures,1.0,1.0,datum_msl
LFBA,1,1,1,1,departures,1.0,1.0,datum_msl
ENQB,1,1,0,0,departures,0.0,0.0,datum_msl
LCRA,1,1,1,2,departures,1.0,2.0,datum_msl
UUBC,1,0,0,0,departures,0.0,0.0,datum_msl
EHLE,1,1,1,1,departures,1.0,1.0,datum_msl
ENUK,1,0,0,0,departures,0.0,0.0,datum_msl
EBMB,1,1,0,0,departures,0.0,0.0,datum_msl
LGKZ,1,1,1,2,departures,1.0,2.0,datum_msl
LHPR,1,1,1,1,departures,1.0,1.0,datum_msl
LFLO,1,1,1,1,departures,1.0,1.0,datum_msl
ENRK,1,1,0,0,arrivals,0.0,0.0,datum_msl
ULPB,1,0,0,0,arrivals,0.0,0.0,datum_msl
LEBA,1,1,1,1,arrivals,1.0,1.0,datum_msl
LFLD,1,0,0,0,arrivals,0.0,0.0,datum_msl
UMII,1,0,0,0,arrivals,0.0,0.0,datum_msl
OIGG,1,0,0,0,arrivals,0.0,0.0,datum_msl
LFRO,1,1,1,1,arrivals,1.0,1.0,datum_msl
EGTF,1,1,0,0,arrivals,0.0,0.0,datum_msl
USKK,1,0,0,0,arrivals,0.0,0.0,datum_msl
UWPS,1,0,0,0,arrivals,0.0,0.0,datum_msl
EKAR,1,0,0,0,arrivals,0.0,0.0,datum_msl
UUBI,1,0,0,0,arrivals,0.0,0.0,datum_msl
LKRO,1,1,0,0,arrivals,0.0,0.0,datum_msl
EHKE,1,0,0,0,arrivals,0.0,0.0,datum_msl
DAUH,1,0,0,0,arrivals,0.0,0.0,datum_msl
EBCV,1,1,1,1,arrivals,1.0,1.0,datum_msl
EHFT,1,0,0,0,arrivals,0.0,0.0,datum_msl
LIMG,1,1,1,1,arrivals,1.0,1.0,datum_msl
EDBM,1,1,0,0,arrivals,0.0,0.0,datum_msl
URWA,1,0,0,0,arrivals,0.0,0.0,datum_msl
EDBC,1,1,0,0,arrivals,0.0,0.0,datum_msl
LFLA,1,0,0,0,arrivals,0.0,0.0,datum_msl
ENQB,1,0,0,0,arrivals,0.0,0.0,datum_msl
LIRJ,1,0,0,0,arrivals,0.0,0.0,datum_msl
LFAQ,1,1,0,0,arrivals,0.0,0.0,datum_msl
ENWK,1,0,0,0,arrivals,0.0,0.0,datum_msl
LSZC,1,1,0,0,arrivals,0.0,0.0,datum_msl
UUBC,1,0,0,0,arrivals,0.0,0.0,datum_msl
LFGA,1,1,1,2,arrivals,1.0,2.0,datum_msl
EGUB,1,1,1,1,arrivals,1.0,1.0,datum_msl
ENLA,1,0,0,0,arrivals,0.0,0.0,datum_msl
LHPR,1,1,1,1,arrivals,1.0,1.0,datum_msl
EGWC,1,1,1,1,arrivals,1.0,1.0,datum_msl
UGSA,1,0,0,0,arrivals,0.0,0.0,datum_msl
EHDV,1,0,0,0,arrivals,0.0,0.0,datum_msl
LPEV,1,1,1,1,arrivals,1.0,1.0,datum_msl
UBBF,1,0,0,0,arrivals,0.0,0.0,datum_msl
LFTF,1,1,0,0,arrivals,0.0,0.0,datum_msl
ULWC,1,0,0,0,arrivals,0.0,0.0,datum_msl
DAAV,1,0,0,0,arrivals,0.0,0.0,datum_msl
EDGE,1,1,0,0,arrivals,0.0,0.0,datum_msl
LFCI,1,1,1,1,arrivals,1.0,1.0,datum_msl
EIWT,1,1,0,0,arrivals,0.0,0.0,datum_msl
LRSM,1,0,0,0,arrivals,0.0,0.0,datum_msl
EGSC,1,1,1,1,arrivals,1.0,1.0,datum_msl
ENDR,1,0,0,0,arrivals,0.0,0.0,datum_msl
UBBL,1,0,0,0,arrivals,0.0,0.0,datum_msl
LPVR,1,1,1,4,arrivals,1.0,4.0,datum_msl
LIQS,1,0,0,0,arrivals,0.0,0.0,datum_msl
LKMH,1,1,0,0,arrivals,0.0,0.0,datum_msl
EGFE,1,1,1,1,arrivals,1.0,1.0,datum_msl
LIMW,1,0,0,0,arrivals,0.0,0.0,datum_msl
LSTS,1,1,0,0,arrivals,0.0,0.0,datum_msl
EDLE,1,1,0,0,arrivals,0.0,0.0,datum_msl
EGBP,1,1,0,0,arrivals,0.0,0.0,datum_msl
ENQM,1,0,0,0,arrivals,0.0,0.0,datum_msl
EHLI,1,0,0,0,arrivals,0.0,0.0,datum_msl
LDRG,1,1,0,0,arrivals,0.0,0.0,datum_msl
LGKZ,1,0,0,0,arrivals,0.0,0.0,datum_msl
EPPW,1,0,0,0,arrivals,0.0,0.0,datum_msl
EHPK,1,0,0,0,arrivals,0.0,0.0,datum_msl
EPWK,1,0,0,0,arrivals,0.0,0.0,datum_msl
EHTW,1,1,1,1,arrivals,1.0,1.0,datum_msl
EPNT,1,0,0,0,arrivals,0.0,0.0,datum_msl
LYKV,1,0,0,0,arrivals,0.0,0.0,datum_msl
EDFE,1,1,0,2,arrivals,0.0,2.0,datum_msl
LFSG,1,0,0,1,arrivals,0.0,1.0,datum_msl
EHFD,1,0,0,0,arrivals,0.0,0.0,datum_msl
EDBR,1,1,1,1,arrivals,1.0,1.0,datum_msl
EDXQ,1,1,0,0,arrivals,0.0,0.0,datum_msl
EDTF,1,1,0,0,arrivals,0.0,0.0,datum_msl
ENUN,1,0,0,0,arrivals,0.0,0.0,datum_msl
LFMH,1,1,1,1,arrivals,1.0,1.0,datum_msl
LFPN,1,1,0,0,arrivals,0.0,0.0,datum_msl
GMAZ,1,0,0,0,arrivals,0.0,0.0,datum_msl
LFOP,1,1,1,1,arrivals,1.0,1.0,datum_msl
LOLW,1,1,0,0,arrivals,0.0,0.0,datum_msl
ENQC,1,1,0,0,arrivals,0.0,0.0,datum_msl
EDAQ,1,1,0,0,arrivals,0.0,0.0,datum_msl
ULMM,1,0,0,0,arrivals,0.0,0.0,datum_msl
EHFR,1,0,0,0,arrivals,0.0,0.0,datum_msl
ENSF,1,0,0,0,arrivals,0.0,0.0,datum_msl
EDQM,1,1,1,1,arrivals,1.0,1.0,datum_msl
DABT,1,0,0,0,arrivals,0.0,0.0,datum_msl
ENUS,1,0,0,0,arrivals,0.0,0.0,datum_msl
ENGA,1,0,0,0,arrivals,0.0,0.0,datum_msl
LFLH,1,1,0,0,arrivals,0.0,0.0,datum_msl
LFBA,1,1,1,1,arrivals,1.0,1.0,datum_msl
LFRI,1,0,0,0,arrivals,0.0,0.0,datum_msl
LGKA,1,0,0,0,arrivals,0.0,0.0,datum_msl
EGBK,1,1,0,0,arrivals,0.0,0.0,datum_msl
BIGJ,1,0,0,0,arrivals,0.0,0.0,datum_msl
EDTD,1,1,1,2,arrivals,1.0,2.0,datum_msl
LFLO,1,1,0,0,arrivals,0.0,0.0,datum_msl
EHGQ,1,0,0,0,arrivals,0.0,0.0,datum_msl
EDMV,1,0,0,0,arrivals,0.0,0.0,datum_msl
EGOV,1,1,0,0,arrivals,0.0,0.0,datum_msl
LRAR,1,0,0,1,arrivals,0.0,1.0,datum_msl
EIWF,1,1,1,1,arrivals,1.0,1.0,datum_msl
LJPZ,1,1,1,2,arrivals,1.0,2.0,datum_msl
EHLE,1,1,1,1,arrivals,1.0,1.0,datum_msl
ENUK,1,0,0,0,arrivals,0.0,0.0,datum_msl
EFLP,1,0,0,0,arrivals,0.0,0.0,datum_msl
OOA,7964,24,0,0,arrivals,0.0,0.0,datum_field
OOA,7892,919,628,704,departures,0.07957425240750127,0.08920425747592499,datum_field
LTFM,2282,2173,2166,2174,departures,0.9491673970201577,0.9526730937773883,datum_field
LTFM,2258,1825,1777,1777,arrivals,0.7869796279893712,0.7869796279893712,datum_field
EHAM,2148,2143,2143,2158,departures,0.9976722532588455,1.004655493482309,datum_field
EHAM,2136,1876,1875,1877,arrivals,0.8778089887640449,0.8787453183520599,datum_field
EDDF,2094,2080,2080,2082,departures,0.9933142311365807,0.994269340974212,datum_field
EDDF,2091,1775,1769,1770,arrivals,0.8460066953610712,0.8464849354375896,datum_field
LFPG,2084,2065,2061,2071,departures,0.9889635316698656,0.9937619961612284,datum_field
LFPG,2066,1715,1713,1716,arrivals,0.8291384317521782,0.8305905130687319,datum_field
EGLL,2001,1989,1988,2024,departures,0.993503248375812,1.0114942528735633,datum_field
EGLL,1986,1582,1580,1693,arrivals,0.7955689828801611,0.8524672708962739,datum_field
LEMD,1786,1537,1533,1538,arrivals,0.8583426651735723,0.8611422172452408,datum_field
LEMD,1773,1758,1757,1757,departures,0.990975747320925,0.990975747320925,datum_field
LEBL,1597,1497,1494,1495,arrivals,0.9355040701314965,0.9361302442078898,datum_field
LEBL,1591,1578,1577,1577,departures,0.9912005028284098,0.9912005028284098,datum_field
EDDM,1573,1561,1561,1564,departures,0.9923712650985378,0.9942784488239034,datum_field
EDDM,1571,1468,1467,1474,arrivals,0.9338001273074474,0.9382558879694463,datum_field
LIRF,1449,1442,1442,1442,departures,0.9951690821256038,0.9951690821256038,datum_field
LTAI,1437,930,930,933,arrivals,0.6471816283924844,0.6492693110647182,datum_field
LEPA,1436,1415,1414,1417,arrivals,0.9846796657381616,0.9867688022284122,datum_field
LTAI,1435,1229,1228,1234,departures,0.8557491289198607,0.8599303135888502,datum_field
LIRF,1433,1256,1254,1255,arrivals,0.8750872295882763,0.875785066294487,datum_field
LEPA,1417,1360,1360,1361,departures,0.9597741707833451,0.9604798870853917,datum_field
LGAV,1317,775,771,773,arrivals,0.5854214123006833,0.5869400151860289,datum_field
LGAV,1306,1238,1238,1248,departures,0.9479326186830015,0.9555895865237366,datum_field
EGKK,1223,1213,1213,1215,departures,0.9918233851185609,0.9934587080948487,datum_field
EGKK,1220,1103,1103,1103,arrivals,0.9040983606557377,0.9040983606557377,datum_field
EIDW,1188,1085,1083,1085,arrivals,0.9116161616161617,0.9132996632996633,datum_field
EIDW,1185,1164,1163,1163,departures,0.9814345991561182,0.9814345991561182,datum_field
LSZH,1178,1170,1163,1166,departures,0.9872665534804754,0.9898132427843803,datum_field
LSZH,1160,1053,1049,1056,arrivals,0.9043103448275862,0.9103448275862069,datum_field
LOWW,1156,1137,1136,1144,departures,0.9826989619377162,0.9896193771626297,datum_field
EKCH,1152,1048,1046,1046,arrivals,0.9079861111111112,0.9079861111111112,datum_field
LOWW,1145,1045,1042,1044,arrivals,0.9100436681222708,0.9117903930131004,datum_field
EKCH,1140,1132,1132,1135,departures,0.9929824561403509,0.9956140350877193,datum_field
LTFJ,1138,992,985,998,arrivals,0.8655536028119508,0.8769771528998243,datum_field
LTFJ,1137,1092,1091,1105,departures,0.9595426561125769,0.9718557607739666,datum_field
LPPT,1010,1001,1001,1001,departures,0.9910891089108911,0.9910891089108911,datum_field
LPPT,1001,881,881,881,arrivals,0.8801198801198801,0.8801198801198801,datum_field
LFPO,992,982,982,989,departures,0.9899193548387096,0.9969758064516129,datum_field
LFPO,991,941,941,943,arrivals,0.9495459132189707,0.9515640766902119,datum_field
LIMC,973,964,963,964,departures,0.9897225077081192,0.9907502569373073,datum_field
LIMC,967,856,851,851,arrivals,0.8800413650465356,0.8800413650465356,datum_field
ENGM,940,890,889,895,arrivals,0.9457446808510638,0.9521276595744681,datum_field
ENGM,932,919,919,924,departures,0.9860515021459227,0.9914163090128756,datum_field
EGCC,926,906,905,905,departures,0.9773218142548596,0.9773218142548596,datum_field
EGCC,924,819,818,818,arrivals,0.8852813852813853,0.8852813852813853,datum_field
EGSS,888,833,832,835,arrivals,0.9369369369369369,0.9403153153153153,datum_field
EGSS,885,880,880,880,departures,0.9943502824858758,0.9943502824858758,datum_field
EPWA,880,755,751,751,arrivals,0.8534090909090909,0.8534090909090909,datum_field
EPWA,875,869,868,872,departures,0.992,0.9965714285714286,datum_field
EBBR,872,866,866,877,departures,0.9931192660550459,1.0057339449541285,datum_field
EBBR,871,767,767,775,arrivals,0.8805970149253731,0.8897818599311137,datum_field
EDDB,870,852,850,864,departures,0.9770114942528736,0.993103448275862,datum_field
LEMG,861,834,834,834,arrivals,0.9686411149825784,0.9686411149825784,datum_field
LEMG,850,846,846,848,departures,0.9952941176470588,0.9976470588235294,datum_field
ESSA,841,728,721,726,arrivals,0.8573127229488704,0.8632580261593341,datum_field
EDDB,840,789,788,796,arrivals,0.9380952380952381,0.9476190476190476,datum_field
ESSA,820,771,767,771,departures,0.9353658536585366,0.9402439024390243,datum_field
EDDL,758,747,745,750,departures,0.9828496042216359,0.9894459102902374,datum_field
EDDL,751,717,715,719,arrivals,0.952063914780293,0.9573901464713716,datum_field
LFMN,710,684,677,738,arrivals,0.9535211267605633,1.0394366197183098,datum_field
LFMN,707,697,691,692,departures,0.9773691654879774,0.9787835926449788,datum_field
LSGG,680,675,675,686,departures,0.9926470588235294,1.0088235294117647,datum_field
LSGG,670,637,636,644,arrivals,0.9492537313432836,0.9611940298507463,datum_field
LKPR,667,657,656,660,departures,0.9835082458770614,0.9895052473763118,datum_field
EFHK,666,577,576,578,arrivals,0.8648648648648649,0.8678678678678678,datum_field
EFHK,659,653,653,660,departures,0.9908952959028832,1.0015174506828528,datum_field
LKPR,657,606,605,610,arrivals,0.9208523592085236,0.928462709284627,datum_field
LEAL,599,597,597,597,departures,0.996661101836394,0.996661101836394,datum_field
LEAL,599,588,588,588,arrivals,0.9816360601001669,0.9816360601001669,datum_field
EGPH,584,541,541,545,arrivals,0.9263698630136986,0.9332191780821918,datum_field
LHBP,578,555,553,554,departures,0.9567474048442907,0.9584775086505191,datum_field
EGPH,577,571,570,570,departures,0.9878682842287695,0.9878682842287695,datum_field
LHBP,577,518,514,515,arrivals,0.8908145580589255,0.8925476603119584,datum_field
EGGW,552,527,523,529,arrivals,0.947463768115942,0.9583333333333334,datum_field
EGGW,550,549,549,551,departures,0.9981818181818182,1.0018181818181817,datum_field
EDDH,538,531,528,537,departures,0.9814126394052045,0.9981412639405205,datum_field
EDDH,532,509,506,515,arrivals,0.9511278195488722,0.9680451127819549,datum_field
GCLP,521,1,0,0,arrivals,0.0,0.0,datum_field
GCLP,520,23,0,0,departures,0.0,0.0,datum_field
LLBG,516,433,430,431,arrivals,0.8333333333333334,0.8352713178294574,datum_field
EDDK,515,500,500,501,departures,0.970873786407767,0.9728155339805825,datum_field
LLBG,513,500,500,510,departures,0.9746588693957114,0.9941520467836257,datum_field
LPPR,513,511,508,508,departures,0.9902534113060428,0.9902534113060428,datum_field
LPPR,512,480,479,479,arrivals,0.935546875,0.935546875,datum_field
LEIB,509,499,499,500,arrivals,0.9803536345776032,0.9823182711198428,datum_field
EDDK,509,474,474,477,arrivals,0.931237721021611,0.93713163064833,datum_field
LROP,509,486,485,486,arrivals,0.9528487229862476,0.9548133595284872,datum_field
LROP,504,491,491,491,departures,0.9742063492063492,0.9742063492063492,datum_field
LEIB,495,484,484,484,departures,0.9777777777777777,0.9777777777777777,datum_field
EGBB,474,468,468,468,departures,0.9873417721518988,0.9873417721518988,datum_field
EGBB,466,419,418,418,arrivals,0.8969957081545065,0.8969957081545065,datum_field
LIML,465,457,457,463,arrivals,0.9827956989247312,0.9956989247311828,datum_field
LIME,460,448,444,444,arrivals,0.9652173913043478,0.9652173913043478,datum_field
LIML,458,451,451,452,departures,0.9847161572052402,0.9868995633187773,datum_field
LIME,453,450,450,450,departures,0.9933774834437086,0.9933774834437086,datum_field
LIRN,449,380,334,337,departures,0.7438752783964365,0.7505567928730512,datum_field
LIRN,447,1,0,3,arrivals,0.0,0.006711409395973154,datum_field
LFML,445,440,439,443,arrivals,0.9865168539325843,0.9955056179775281,datum_field
LFML,444,441,440,440,departures,0.990990990990991,0.990990990990991,datum_field
EDDS,440,420,414,417,departures,0.9409090909090909,0.9477272727272728,datum_field
EDDS,433,409,408,413,arrivals,0.9422632794457275,0.953810623556582,datum_field
LGIR,430,0,0,0,arrivals,0.0,0.0,datum_field
LGIR,424,6,0,0,departures,0.0,0.0,datum_field
LIPZ,412,408,408,409,departures,0.9902912621359223,0.9927184466019418,datum_field
LFLL,412,398,397,411,arrivals,0.9635922330097088,0.9975728155339806,datum_field
LFLL,411,402,402,417,departures,0.9781021897810219,1.0145985401459854,datum_field
LIPZ,409,386,385,387,arrivals,0.941320293398533,0.9462102689486552,datum_field
LPFR,407,403,402,404,arrivals,0.9877149877149877,0.9926289926289926,datum_field
LPFR,405,400,398,398,departures,0.9827160493827161,0.9827160493827161,datum_field
LYBE,395,364,364,364,arrivals,0.9215189873417722,0.9215189873417722,datum_field
LYBE,394,388,388,389,departures,0.9847715736040609,0.9873096446700508,datum_field
LICC,391,357,351,351,arrivals,0.8976982097186701,0.8976982097186701,datum_field
LICC,390,352,348,348,departures,0.8923076923076924,0.8923076923076924,datum_field
LTAC,381,7,0,0,departures,0.0,0.0,datum_field
LIPE,380,376,376,376,departures,0.9894736842105263,0.9894736842105263,datum_field
LIPE,376,371,371,372,arrivals,0.9867021276595744,0.9893617021276596,datum_field
LTAC,374,1,0,1,arrivals,0.0,0.00267379679144385,datum_field
LCLK,368,353,352,354,departures,0.9565217391304348,0.9619565217391305,datum_field
LCLK,367,351,348,350,arrivals,0.9482288828337875,0.9536784741144414,datum_field
GMMN,360,287,282,355,departures,0.7833333333333333,0.9861111111111112,datum_field
EPKK,360,348,346,347,departures,0.9611111111111111,0.9638888888888889,datum_field
EGGD,360,334,334,336,arrivals,0.9277777777777778,0.9333333333333333,datum_field
EGGD,359,355,354,354,departures,0.9860724233983287,0.9860724233983287,datum_field
LEVC,357,348,348,349,arrivals,0.9747899159663865,0.9775910364145658,datum_field
GMMN,357,258,258,261,arrivals,0.7226890756302521,0.7310924369747899,datum_field
ENBR,357,340,339,358,arrivals,0.9495798319327731,1.0028011204481793,datum_field
EPKK,356,334,332,332,arrivals,0.9325842696629213,0.9325842696629213,datum_field
LEVC,355,337,336,336,departures,0.9464788732394366,0.9464788732394366,datum_field
LFSB,354,351,349,352,departures,0.9858757062146892,0.9943502824858758,datum_field
LFSB,352,340,339,340,arrivals,0.9630681818181818,0.9659090909090909,datum_field
ENBR,349,343,343,358,departures,0.9828080229226361,1.0257879656160458,datum_field
LTBJ,346,274,229,229,departures,0.661849710982659,0.661849710982659,datum_field
LGRP,346,316,315,316,arrivals,0.9104046242774566,0.9132947976878613,datum_field
EGPF,346,301,300,303,arrivals,0.8670520231213873,0.8757225433526011,datum_field
EGPF,344,325,323,327,departures,0.938953488372093,0.9505813953488372,datum_field
LTBJ,341,13,13,13,arrivals,0.03812316715542522,0.03812316715542522,datum_field
LGRP,340,322,321,327,departures,0.9441176470588235,0.961764705882353,datum_field
LMML,326,325,325,326,departures,0.9969325153374233,1.0,datum_field
LMML,326,318,317,318,arrivals,0.9723926380368099,0.9754601226993865,datum_field
LATI,323,0,0,0,arrivals,0.0,0.0,datum_field
GCTS,323,0,0,0,arrivals,0.0,0.0,datum_field
GCTS,321,4,0,6,departures,0.0,0.018691588785046728,datum_field
GCXO,320,41,41,42,arrivals,0.128125,0.13125,datum_field
GCXO,319,305,305,362,departures,0.9561128526645768,1.134796238244514,datum_field
LATI,316,6,0,0,departures,0.0,0.0,datum_field
LICJ,314,161,157,157,arrivals,0.5,0.5,datum_field
LICJ,310,281,281,282,departures,0.9064516129032258,0.9096774193548387,datum_field
EBCI,304,303,303,303,departures,0.9967105263157895,0.9967105263157895,datum_field
EBCI,303,296,296,296,arrivals,0.976897689768977,0.976897689768977,datum_field
BIKF,297,296,294,322,departures,0.98989898989899,1.0841750841750841,datum_field
BIKF,296,90,89,89,arrivals,0.30067567567567566,0.30067567567567566,datum_field
ELLX,294,291,291,291,departures,0.9897959183673469,0.9897959183673469,datum_field
ELLX,294,271,271,272,arrivals,0.9217687074829932,0.9251700680272109,datum_field
LFBO,293,288,288,290,departures,0.9829351535836177,0.9897610921501706,datum_field
LFBO,290,288,288,290,arrivals,0.993103448275862,1.0,datum_field
LGTS,281,263,263,263,arrivals,0.9359430604982206,0.9359430604982206,datum_field
LTBS,280,8,8,8,arrivals,0.02857142857142857,0.02857142857142857,datum_field
LGTS,279,260,259,259,departures,0.9283154121863799,0.9283154121863799,datum_field
GMMX,279,19,18,18,arrivals,0.06451612903225806,0.06451612903225806,datum_field
GMMX,278,74,66,67,departures,0.23741007194244604,0.24100719424460432,datum_field
EVRA,278,227,226,226,arrivals,0.8129496402877698,0.8129496402877698,datum_field
LEZL,276,264,264,265,arrivals,0.9565217391304348,0.9601449275362319,datum_field
LEZL,275,275,274,274,departures,0.9963636363636363,0.9963636363636363,datum_field
LTBS,273,205,205,205,departures,0.7509157509157509,0.7509157509157509,datum_field
EVRA,273,270,269,270,departures,0.9853479853479854,0.989010989010989,datum_field
LBSF,272,153,153,153,departures,0.5625,0.5625,datum_field
GCRR,269,1,0,0,departures,0.0,0.0,datum_field
GCRR,269,0,0,0,arrivals,0.0,0.0,datum_field
EGNX,267,263,263,263,departures,0.9850187265917603,0.9850187265917603,datum_field
LBSF,267,8,7,7,arrivals,0.026217228464419477,0.026217228464419477,datum_field
EDDP,261,236,235,236,arrivals,0.9003831417624522,0.9042145593869731,datum_field
EPKT,259,251,249,249,departures,0.9613899613899614,0.9613899613899614,datum_field
HEGN,258,0,0,0,arrivals,0.0,0.0,datum_field
HEGN,257,0,0,0,departures,0.0,0.0,datum_field
UGTB,257,157,151,192,departures,0.5875486381322957,0.7470817120622568,datum_field
LFRS,257,251,246,246,arrivals,0.9571984435797666,0.9571984435797666,datum_field
UGTB,257,47,46,47,arrivals,0.17898832684824903,0.1828793774319066,datum_field
EPKT,257,240,239,239,arrivals,0.9299610894941635,0.9299610894941635,datum_field
LFRS,256,247,247,248,departures,0.96484375,0.96875,datum_field
EDDP,256,255,255,257,departures,0.99609375,1.00390625,datum_field
EGNX,255,231,231,231,arrivals,0.9058823529411765,0.9058823529411765,datum_field
LIEO,252,106,105,106,arrivals,0.4166666666666667,0.42063492063492064,datum_field
EPGD,248,35,17,17,departures,0.06854838709677419,0.06854838709677419,datum_field
LGKR,247,31,27,27,arrivals,0.10931174089068826,0.10931174089068826,datum_field
EGAA,246,234,190,192,arrivals,0.7723577235772358,0.7804878048780488,datum_field
LGKR,244,203,201,206,departures,0.8237704918032787,0.8442622950819673,datum_field
HECA,244,48,30,30,departures,0.12295081967213115,0.12295081967213115,datum_field
EPGD,244,11,1,2,arrivals,0.004098360655737705,0.00819672131147541,datum_field
EGAA,239,232,232,233,departures,0.9707112970711297,0.9748953974895398,datum_field
ENZV,236,151,148,162,departures,0.6271186440677966,0.6864406779661016,datum_field
ENZV,236,71,67,72,arrivals,0.2838983050847458,0.3050847457627119,datum_field
LEBB,235,0,0,0,arrivals,0.0,0.0,datum_field
LEBB,234,180,169,171,departures,0.7222222222222222,0.7307692307692307,datum_field
LTFE,232,199,198,202,arrivals,0.853448275862069,0.8706896551724138,datum_field
HECA,231,76,61,61,arrivals,0.26406926406926406,0.26406926406926406,datum_field
LFPB,230,227,227,230,departures,0.9869565217391304,1.0,datum_field
LIBD,229,1,0,0,arrivals,0.0,0.0,datum_field
LIBD,228,1,0,0,departures,0.0,0.0,datum_field
LIEO,228,182,175,175,departures,0.7675438596491229,0.7675438596491229,datum_field
LIRP,228,220,219,226,arrivals,0.9605263157894737,0.9912280701754386,datum_field
UUWW,227,5,4,4,arrivals,0.01762114537444934,0.01762114537444934,datum_field
LEMH,226,220,220,221,arrivals,0.9734513274336283,0.9778761061946902,datum_field
LFBD,225,222,222,224,departures,0.9866666666666667,0.9955555555555555,datum_field
LFPB,225,217,216,220,arrivals,0.96,0.9777777777777777,datum_field
LEMH,222,212,212,212,departures,0.954954954954955,0.954954954954955,datum_field
LTFE,220,196,191,193,departures,0.8681818181818182,0.8772727272727273,datum_field
LIRP,220,211,211,211,departures,0.9590909090909091,0.9590909090909091,datum_field
ENVA,219,208,199,205,arrivals,0.908675799086758,0.9360730593607306,datum_field
LFBD,219,215,215,220,arrivals,0.9817351598173516,1.004566210045662,datum_field
LUKK,217,7,5,5,departures,0.02304147465437788,0.02304147465437788,datum_field
ENVA,217,204,192,194,departures,0.8847926267281107,0.8940092165898618,datum_field
LUKK,217,0,0,0,arrivals,0.0,0.0,datum_field
LDSP,216,3,0,0,departures,0.0,0.0,datum_field
ESGG,216,214,214,214,departures,0.9907407407407407,0.9907407407407407,datum_field
UUWW,216,16,5,5,departures,0.023148148148148147,0.023148148148148147,datum_field
LDZA,215,210,210,210,departures,0.9767441860465116,0.9767441860465116,datum_field
LDSP,215,1,0,0,arrivals,0.0,0.0,datum_field
LDZA,215,208,207,207,arrivals,0.9627906976744186,0.9627906976744186,datum_field
ESGG,214,207,207,209,arrivals,0.9672897196261683,0.9766355140186916,datum_field
UUEE,214,1,1,3,arrivals,0.004672897196261682,0.014018691588785047,datum_field
EDDV,213,212,212,213,departures,0.9953051643192489,1.0,datum_field
GCFV,212,0,0,0,departures,0.0,0.0,datum_field
UUEE,212,60,59,61,departures,0.2783018867924528,0.28773584905660377,datum_field
EGNT,211,197,197,197,departures,0.933649289099526,0.933649289099526,datum_field
GCFV,211,2,0,0,arrivals,0.0,0.0,datum_field
EGNT,211,178,178,178,arrivals,0.8436018957345972,0.8436018957345972,datum_field
EDDV,209,202,202,203,arrivals,0.9665071770334929,0.9712918660287081,datum_field
EGGP,208,204,202,204,departures,0.9711538461538461,0.9807692307692307,datum_field
EGGP,206,189,189,197,arrivals,0.9174757281553398,0.9563106796116505,datum_field
LIRQ,202,196,196,197,departures,0.9702970297029703,0.9752475247524752,datum_field
EDDN,201,197,196,197,departures,0.9751243781094527,0.9800995024875622,datum_field
EDDN,199,191,191,199,arrivals,0.9597989949748744,1.0,datum_field
LGSA,199,62,60,60,arrivals,0.3015075376884422,0.3015075376884422,datum_field
EGLC,198,197,197,199,departures,0.9949494949494949,1.005050505050505,datum_field
LIRQ,198,140,122,122,arrivals,0.6161616161616161,0.6161616161616161,datum_field
LGSA,196,182,182,184,departures,0.9285714285714286,0.9387755102040817,datum_field
LIEE,195,4,3,3,arrivals,0.015384615384615385,0.015384615384615385,datum_field
EPWR,194,187,187,188,arrivals,0.9639175257731959,0.9690721649484536,datum_field
EPWR,193,186,186,187,departures,0.9637305699481865,0.9689119170984456,datum_field
EGNM,193,169,169,171,arrivals,0.8756476683937824,0.8860103626943006,datum_field
UDYZ,192,2,0,0,departures,0.0,0.0,datum_field
UDYZ,192,1,0,0,arrivals,0.0,0.0,datum_field
LIEE,191,113,112,112,departures,0.5863874345549738,0.5863874345549738,datum_field
EHEH,191,191,189,189,departures,0.9895287958115183,0.9895287958115183,datum_field
EGNM,190,178,177,177,departures,0.9315789473684211,0.9315789473684211,datum_field
EHEH,190,187,187,189,arrivals,0.9842105263157894,0.9947368421052631,datum_field
EYVI,189,139,127,130,arrivals,0.671957671957672,0.6878306878306878,datum_field
EGLC,189,189,167,237,arrivals,0.8835978835978836,1.253968253968254,datum_field
EYVI,186,176,176,176,departures,0.946236559139785,0.946236559139785,datum_field
DAAG,186,82,82,83,departures,0.44086021505376344,0.44623655913978494,datum_field
DTTA,186,0,0,0,arrivals,0.0,0.0,datum_field
DTTA,185,1,1,1,departures,0.005405405405405406,0.005405405405405406,datum_field
DAAG,184,119,118,118,arrivals,0.6413043478260869,0.6413043478260869,datum_field
LFOB,181,180,180,180,departures,0.994475138121547,0.994475138121547,datum_field
LFOB,181,176,176,176,arrivals,0.9723756906077348,0.9723756906077348,datum_field
LDDU,180,1,0,0,arrivals,0.0,0.0,datum_field
LGKO,178,172,171,178,departures,0.9606741573033708,1.0,datum_field
LDDU,177,1,0,0,departures,0.0,0.0,datum_field
LGKO,177,168,168,173,arrivals,0.9491525423728814,0.9774011299435028,datum_field
EETN,162,143,142,142,arrivals,0.8765432098765432,0.8765432098765432,datum_field
EPPO,161,154,154,154,departures,0.9565217391304348,0.9565217391304348,datum_field
HESH,161,0,0,0,arrivals,0.0,0.0,datum_field
UMKK,160,3,1,3,departures,0.00625,0.01875,datum_field
EETN,159,148,148,150,departures,0.9308176100628931,0.9433962264150944,datum_field
LPMA,159,155,155,156,departures,0.9748427672955975,0.9811320754716981,datum_field
HESH,159,1,0,0,departures,0.0,0.0,datum_field
UMKK,159,2,2,27,arrivals,0.012578616352201259,0.16981132075471697,datum_field
LPMA,158,9,9,11,arrivals,0.056962025316455694,0.06962025316455696,datum_field
LIMF,157,156,154,155,departures,0.9808917197452229,0.9872611464968153,datum_field
LIMF,157,155,154,156,arrivals,0.9808917197452229,0.9936305732484076,datum_field
LIRA,156,149,148,150,arrivals,0.9487179487179487,0.9615384615384616,datum_field
LIRA,154,152,152,154,departures,0.987012987012987,1.0,datum_field
EPPO,154,145,145,145,arrivals,0.9415584415584416,0.9415584415584416,datum_field
EKBI,154,145,144,144,arrivals,0.935064935064935,0.935064935064935,datum_field
LPPD,153,56,55,122,departures,0.35947712418300654,0.7973856209150327,datum_field
EKBI,152,151,151,152,departures,0.993421052631579,1.0,datum_field
LPPD,151,88,87,89,arrivals,0.5761589403973509,0.5894039735099338,datum_field
ULLI,148,1,1,1,arrivals,0.006756756756756757,0.006756756756756757,datum_field
OLBA,144,125,123,124,departures,0.8541666666666666,0.8611111111111112,datum_field
LIPX,144,144,144,144,departures,1.0,1.0,datum_field
OLBA,144,41,40,40,arrivals,0.2777777777777778,0.2777777777777778,datum_field
ENTC,143,1,0,0,arrivals,0.0,0.0,datum_field
ULLI,142,2,0,0,departures,0.0,0.0,datum_field
LIPX,142,137,136,141,arrivals,0.9577464788732394,0.9929577464788732,datum_field
LGSR,139,5,3,7,departures,0.02158273381294964,0.050359712230215826,datum_field
LGSR,139,1,0,0,arrivals,0.0,0.0,datum_field
ENTC,138,82,17,17,departures,0.12318840579710146,0.12318840579710146,datum_field
LTCG,138,89,89,89,arrivals,0.644927536231884,0.644927536231884,datum_field
EGPD,137,125,125,125,departures,0.9124087591240876,0.9124087591240876,datum_field
EGPD,136,122,122,122,arrivals,0.8970588235294118,0.8970588235294118,datum_field
ENBO,134,129,129,225,departures,0.9626865671641791,1.6791044776119404,datum_field
EBLG,134,133,133,134,departures,0.9925373134328358,1.0,datum_field
LTDB,133,5,1,1,departures,0.007518796992481203,0.007518796992481203,datum_field
LTCG,133,122,122,133,departures,0.9172932330827067,1.0,datum_field
ENBO,133,119,116,135,arrivals,0.8721804511278195,1.0150375939849625,datum_field
LRCL,130,90,88,89,departures,0.676923076923077,0.6846153846153846,datum_field
LIBR,130,1,0,0,departures,0.0,0.0,datum_field
LRCL,129,8,1,1,arrivals,0.007751937984496124,0.007751937984496124,datum_field
LTDB,129,3,0,0,arrivals,0.0,0.0,datum_field
LGZA,126,126,126,130,departures,1.0,1.0317460317460319,datum_field
EBLG,126,75,75,75,arrivals,0.5952380952380952,0.5952380952380952,datum_field
LGZA,126,119,119,123,arrivals,0.9444444444444444,0.9761904761904762,datum_field
LIBR,125,0,0,0,arrivals,0.0,0.0,datum_field
EGAC,123,122,121,122,departures,0.983739837398374,0.991869918699187,datum_field
EGAC,123,120,120,163,arrivals,0.975609756097561,1.3252032520325203,datum_field
BKPR,120,0,0,0,departures,0.0,0.0,datum_field
BKPR,120,2,0,0,arrivals,0.0,0.0,datum_field
EICK,120,115,115,115,arrivals,0.9583333333333334,0.9583333333333334,datum_field
EICK,119,118,118,118,departures,0.9915966386554622,0.9915966386554622,datum_field
LDZD,118,14,12,12,arrivals,0.1016949152542373,0.1016949152542373,datum_field
OJAI,116,55,55,57,departures,0.47413793103448276,0.49137931034482757,datum_field
OJAI,116,21,4,7,arrivals,0.034482758620689655,0.0603448275862069,datum_field
LDZD,114,53,49,49,departures,0.4298245614035088,0.4298245614035088,datum_field
LICA,112,1,0,0,arrivals,0.0,0.0,datum_field
EGLF,110,110,110,112,departures,1.0,1.018181818181818,datum_field
LICA,108,2,2,2,departures,0.018518518518518517,0.018518518518518517,datum_field
EGJJ,108,106,106,106,arrivals,0.9814814814814815,0.9814814814814815,datum_field
EGLF,108,107,17,17,arrivals,0.1574074074074074,0.1574074074074074,datum_field
LCPH,107,99,99,99,arrivals,0.9252336448598131,0.9252336448598131,datum_field
LWSK,106,12,8,8,departures,0.07547169811320754,0.07547169811320754,datum_field
OKKK,106,105,105,105,departures,0.9905660377358491,0.9905660377358491,datum_field
LEST,106,96,89,90,arrivals,0.839622641509434,0.8490566037735849,datum_field
LCPH,105,84,84,84,departures,0.8,0.8,datum_field
LGMK,105,91,89,101,departures,0.8476190476190476,0.9619047619047619,datum_field
LEST,105,95,95,95,departures,0.9047619047619048,0.9047619047619048,datum_field
LZIB,105,101,101,101,departures,0.9619047619047619,0.9619047619047619,datum_field
LEGE,105,58,55,56,arrivals,0.5238095238095238,0.5333333333333333,datum_field
LWSK,105,0,0,0,arrivals,0.0,0.0,datum_field
LZIB,105,101,101,102,arrivals,0.9619047619047619,0.9714285714285714,datum_field
LEGE,104,103,103,106,departures,0.9903846153846154,1.0192307692307692,datum_field
LGMK,104,81,80,95,arrivals,0.7692307692307693,0.9134615384615384,datum_field
EDJA,104,101,101,101,arrivals,0.9711538461538461,0.9711538461538461,datum_field
EDJA,102,99,99,99,departures,0.9705882352941176,0.9705882352941176,datum_field
OKKK,102,12,12,13,arrivals,0.11764705882352941,0.12745098039215685,datum_field
EGJJ,101,98,97,97,departures,0.9603960396039604,0.9603960396039604,datum_field
EHRD,100,99,98,99,arrivals,0.98,0.99,datum_field
EHRD,99,98,96,97,departures,0.9696969696969697,0.9797979797979798,datum_field
LBBG,97,92,92,93,arrivals,0.9484536082474226,0.9587628865979382,datum_field
LOWS,96,95,95,98,departures,0.9895833333333334,1.0208333333333333,datum_field
LOWS,95,90,89,91,arrivals,0.9368421052631579,0.9578947368421052,datum_field
DTTJ,94,0,0,0,arrivals,0.0,0.0,datum_field
LJLJ,94,88,88,90,arrivals,0.9361702127659575,0.9574468085106383,datum_field
LBBG,93,91,91,93,departures,0.978494623655914,1.0,datum_field
LQSA,93,70,68,68,departures,0.7311827956989247,0.7311827956989247,datum_field
LQSA,93,2,2,2,arrivals,0.021505376344086023,0.021505376344086023,datum_field
GMAD,92,6,0,0,departures,0.0,0.0,datum_field
EGKB,92,90,81,82,departures,0.8804347826086957,0.8913043478260869,datum_field
EINN,91,91,91,92,departures,1.0,1.010989010989011,datum_field
GMAD,91,0,0,0,arrivals,0.0,0.0,datum_field
EGKB,91,90,0,0,arrivals,0.0,0.0,datum_field
LJLJ,90,87,87,88,departures,0.9666666666666667,0.9777777777777777,datum_field
DTTJ,89,0,0,0,departures,0.0,0.0,datum_field
UUDD,89,11,7,8,departures,0.07865168539325842,0.0898876404494382,datum_field
EDDW,88,88,87,90,departures,0.9886363636363636,1.0227272727272727,datum_field
GMTT,88,87,87,87,departures,0.9886363636363636,0.9886363636363636,datum_field
EDLW,87,82,82,82,departures,0.9425287356321839,0.9425287356321839,datum_field
EDDW,87,87,87,90,arrivals,1.0,1.0344827586206897,datum_field
GMTT,87,86,86,87,arrivals,0.9885057471264368,1.0,datum_field
EDLW,87,82,82,82,arrivals,0.9425287356321839,0.9425287356321839,datum_field
EINN,86,80,80,81,arrivals,0.9302325581395349,0.9418604651162791,datum_field
LIMJ,86,85,83,83,arrivals,0.9651162790697675,0.9651162790697675,datum_field
EGHI,86,78,78,80,arrivals,0.9069767441860465,0.9302325581395349,datum_field
LIPH,85,85,85,85,departures,1.0,1.0,datum_field
GCLA,85,64,40,41,departures,0.47058823529411764,0.4823529411764706,datum_field
LIPH,85,85,85,86,arrivals,1.0,1.011764705882353,datum_field
EDSB,85,77,77,79,arrivals,0.9058823529411765,0.9294117647058824,datum_field
LFKB,84,77,77,77,departures,0.9166666666666666,0.9166666666666666,datum_field
LFKB,84,74,74,74,arrivals,0.8809523809523809,0.8809523809523809,datum_field
GCLA,84,13,12,13,arrivals,0.14285714285714285,0.15476190476190477,datum_field
EGHI,83,71,71,71,departures,0.8554216867469879,0.8554216867469879,datum_field
EGJB,83,82,82,83,departures,0.9879518072289156,1.0,datum_field
LYTV,83,1,0,0,arrivals,0.0,0.0,datum_field
LYTV,82,3,0,0,departures,0.0,0.0,datum_field
EDSB,81,76,76,78,departures,0.9382716049382716,0.9629629629629629,datum_field
EGNS,81,75,74,74,arrivals,0.9135802469135802,0.9135802469135802,datum_field
DTMB,81,0,0,0,arrivals,0.0,0.0,datum_field
EGNS,80,71,71,72,departures,0.8875,0.9,datum_field
LFKJ,80,79,79,79,arrivals,0.9875,0.9875,datum_field
LIMJ,79,78,77,77,departures,0.9746835443037974,0.9746835443037974,datum_field
DTMB,79,0,0,0,departures,0.0,0.0,datum_field
LFKJ,78,78,78,78,departures,1.0,1.0,datum_field
EDFH,77,73,73,73,departures,0.948051948051948,0.948051948051948,datum_field
LYPG,77,2,0,0,departures,0.0,0.0,datum_field
LYPG,77,0,0,0,arrivals,0.0,0.0,datum_field
EKYT,75,73,73,73,departures,0.9733333333333334,0.9733333333333334,datum_field
LBWN,75,69,68,69,arrivals,0.9066666666666666,0.92,datum_field
LFMT,75,75,75,75,arrivals,1.0,1.0,datum_field
UUDD,75,0,0,0,arrivals,0.0,0.0,datum_field
LFMT,74,73,73,73,departures,0.9864864864864865,0.9864864864864865,datum_field
EDFH,74,68,68,68,arrivals,0.918918918918919,0.918918918918919,datum_field
LTAJ,74,0,0,0,arrivals,0.0,0.0,datum_field
EGJB,74,70,65,65,arrivals,0.8783783783783784,0.8783783783783784,datum_field
LTAU,73,0,0,0,arrivals,0.0,0.0,datum_field
LTAJ,72,1,0,0,departures,0.0,0.0,datum_field
LFMD,72,69,13,13,arrivals,0.18055555555555555,0.18055555555555555,datum_field
EGHH,72,65,64,66,arrivals,0.8888888888888888,0.9166666666666666,datum_field
ENTO,72,69,67,68,arrivals,0.9305555555555556,0.9444444444444444,datum_field
LBWN,71,61,61,61,departures,0.8591549295774648,0.8591549295774648,datum_field
LRIA,71,51,37,38,departures,0.5211267605633803,0.5352112676056338,datum_field
EGHH,71,71,70,70,departures,0.9859154929577465,0.9859154929577465,datum_field
ENTO,71,65,65,67,departures,0.9154929577464789,0.9436619718309859,datum_field
EKYT,71,69,69,69,arrivals,0.971830985915493,0.971830985915493,datum_field
LTAU,70,0,0,0,departures,0.0,0.0,datum_field
LEAS,69,62,62,62,departures,0.8985507246376812,0.8985507246376812,datum_field
UGSB,69,39,39,39,arrivals,0.5652173913043478,0.5652173913043478,datum_field
EDLV,69,69,69,69,arrivals,1.0,1.0,datum_field
EDLV,68,68,68,68,departures,1.0,1.0,datum_field
LERS,68,62,61,61,arrivals,0.8970588235294118,0.8970588235294118,datum_field
LEAS,68,6,6,6,arrivals,0.08823529411764706,0.08823529411764706,datum_field
LRIA,68,0,0,0,arrivals,0.0,0.0,datum_field
UGSB,67,58,58,63,departures,0.8656716417910447,0.9402985074626866,datum_field
LERS,67,62,62,62,departures,0.9253731343283582,0.9253731343283582,datum_field
URSS,67,0,0,0,arrivals,0.0,0.0,datum_field
LFMD,65,60,60,61,departures,0.9230769230769231,0.9384615384615385,datum_field
LFKF,65,57,57,57,arrivals,0.8769230769230769,0.8769230769230769,datum_field
GMME,64,55,40,46,departures,0.625,0.71875,datum_field
GMME,63,27,25,25,arrivals,0.3968253968253968,0.3968253968253968,datum_field
LIEA,62,62,62,62,departures,1.0,1.0,datum_field
LGKF,62,62,61,61,departures,0.9838709677419355,0.9838709677419355,datum_field
LIEA,62,62,62,62,arrivals,1.0,1.0,datum_field
LIPQ,61,58,58,58,departures,0.9508196721311475,0.9508196721311475,datum_field
LFKF,61,60,60,65,departures,0.9836065573770492,1.0655737704918034,datum_field
EDDG,60,60,60,60,departures,1.0,1.0,datum_field
EPRZ,60,55,54,54,departures,0.9,0.9,datum_field
LGKF,60,56,55,55,arrivals,0.9166666666666666,0.9166666666666666,datum_field
DTNH,59,0,0,0,departures,0.0,0.0,datum_field
LRTR,59,38,31,31,departures,0.5254237288135594,0.5254237288135594,datum_field
LIPQ,59,59,58,58,arrivals,0.9830508474576272,0.9830508474576272,datum_field
LTBA,58,58,58,65,departures,1.0,1.1206896551724137,datum_field
DTNH,58,0,0,0,arrivals,0.0,0.0,datum_field
EPRZ,58,53,52,52,arrivals,0.896551724137931,0.896551724137931,datum_field
LFBZ,57,57,57,60,arrivals,1.0,1.0526315789473684,datum_field
LRTR,57,5,4,5,arrivals,0.07017543859649122,0.08771929824561403,datum_field
LFQQ,57,56,56,56,arrivals,0.9824561403508771,0.9824561403508771,datum_field
LOWG,56,56,53,54,departures,0.9464285714285714,0.9642857142857143,datum_field
LFQQ,56,56,56,56,departures,1.0,1.0,datum_field
LTCC,56,0,0,0,arrivals,0.0,0.0,datum_field
EDDG,56,54,54,54,arrivals,0.9642857142857143,0.9642857142857143,datum_field
LFBZ,55,51,51,52,departures,0.9272727272727272,0.9454545454545454,datum_field
LTCC,55,2,0,0,departures,0.0,0.0,datum_field
LDPL,55,49,49,50,arrivals,0.8909090909090909,0.9090909090909091,datum_field
LFTH,55,55,52,62,arrivals,0.9454545454545454,1.1272727272727272,datum_field
EYKA,54,52,50,50,departures,0.9259259259259259,0.9259259259259259,datum_field
LOWG,53,52,51,54,arrivals,0.9622641509433962,1.0188679245283019,datum_field
LKTB,52,51,48,48,departures,0.9230769230769231,0.9230769230769231,datum_field
URSS,52,1,0,0,departures,0.0,0.0,datum_field
GMFF,52,46,45,46,departures,0.8653846153846154,0.8846153846153846,datum_field
LTBA,52,47,42,66,arrivals,0.8076923076923077,1.2692307692307692,datum_field
LKTB,52,50,47,47,arrivals,0.9038461538461539,0.9038461538461539,datum_field
GMFF,52,0,0,0,arrivals,0.0,0.0,datum_field
LFTH,51,45,45,56,departures,0.8823529411764706,1.0980392156862746,datum_field
EGPE,51,48,48,48,departures,0.9411764705882353,0.9411764705882353,datum_field
EHKD,50,49,49,78,departures,0.98,1.56,datum_field
LFST,50,48,48,49,arrivals,0.96,0.98,datum_field
EYKA,50,19,11,11,arrivals,0.22,0.22,datum_field
LDPL,49,44,44,45,departures,0.8979591836734694,0.9183673469387755,datum_field
UGKO,49,0,0,2,departures,0.0,0.04081632653061224,datum_field
LFST,49,47,47,47,departures,0.9591836734693877,0.9591836734693877,datum_field
DAOO,49,35,35,35,arrivals,0.7142857142857143,0.7142857142857143,datum_field
UGKO,49,0,0,0,arrivals,0.0,0.0,datum_field
EGFF,49,45,43,43,arrivals,0.8775510204081632,0.8775510204081632,datum_field
EGPE,49,45,45,45,arrivals,0.9183673469387755,0.9183673469387755,datum_field
DAOO,48,37,37,37,departures,0.7708333333333334,0.7708333333333334,datum_field
EGFF,48,47,47,48,departures,0.9791666666666666,1.0,datum_field
UBBN,48,0,0,0,departures,0.0,0.0,datum_field
ENCN,48,48,48,48,departures,1.0,1.0,datum_field
EHKD,48,36,36,43,arrivals,0.75,0.8958333333333334,datum_field
ENAL,48,1,1,1,arrivals,0.020833333333333332,0.020833333333333332,datum_field
UBBN,48,1,0,0,arrivals,0.0,0.0,datum_field
ORBI,48,1,0,0,arrivals,0.0,0.0,datum_field
LFRB,47,41,41,41,departures,0.8723404255319149,0.8723404255319149,datum_field
ENAL,46,9,1,1,departures,0.021739130434782608,0.021739130434782608,datum_field
ENKB,46,4,4,4,departures,0.08695652173913043,0.08695652173913043,datum_field
LGPZ,46,2,0,0,arrivals,0.0,0.0,datum_field
LTFH,45,7,7,8,departures,0.15555555555555556,0.17777777777777778,datum_field
LGPZ,45,31,24,26,departures,0.5333333333333333,0.5777777777777777,datum_field
EDDC,45,44,44,44,departures,0.9777777777777777,0.9777777777777777,datum_field
LGPA,45,8,0,0,departures,0.0,0.0,datum_field
LTFH,45,4,4,4,arrivals,0.08888888888888889,0.08888888888888889,datum_field
EDDC,45,44,44,44,arrivals,0.9777777777777777,0.9777777777777777,datum_field
LIRI,44,29,27,31,departures,0.6136363636363636,0.7045454545454546,datum_field
GEML,44,44,44,46,departures,1.0,1.0454545454545454,datum_field
ORER,44,1,0,0,departures,0.0,0.0,datum_field
ESSB,44,39,38,40,departures,0.8636363636363636,0.9090909090909091,datum_field
BIRK,44,44,44,57,departures,1.0,1.2954545454545454,datum_field
GEML,44,43,43,44,arrivals,0.9772727272727273,1.0,datum_field
ORER,44,0,0,0,arrivals,0.0,0.0,datum_field
LEJR,44,43,43,43,arrivals,0.9772727272727273,0.9772727272727273,datum_field
BIRK,44,37,37,38,arrivals,0.8409090909090909,0.8636363636363636,datum_field
ENKB,44,0,0,0,arrivals,0.0,0.0,datum_field
LFRB,44,39,39,39,arrivals,0.8863636363636364,0.8863636363636364,datum_field
LKMT,44,39,39,40,arrivals,0.8863636363636364,0.9090909090909091,datum_field
LKMT,43,40,40,40,departures,0.9302325581395349,0.9302325581395349,datum_field
LIBP,43,42,42,42,arrivals,0.9767441860465116,0.9767441860465116,datum_field
LOWI,43,35,34,34,arrivals,0.7906976744186046,0.7906976744186046,datum_field
ENCN,43,13,13,13,arrivals,0.3023255813953488,0.3023255813953488,datum_field
EPMO,42,42,42,46,departures,1.0,1.0952380952380953,datum_field
ENEV,42,13,0,0,departures,0.0,0.0,datum_field
ORBI,42,4,0,0,departures,0.0,0.0,datum_field
LIRI,42,18,13,13,arrivals,0.30952380952380953,0.30952380952380953,datum_field
UMMS,42,2,2,2,arrivals,0.047619047619047616,0.047619047619047616,datum_field
ESMS,42,36,36,36,arrivals,0.8571428571428571,0.8571428571428571,datum_field
ENEV,42,9,0,0,arrivals,0.0,0.0,datum_field
LGSM,42,23,23,30,arrivals,0.5476190476190477,0.7142857142857143,datum_field
ESMS,41,38,38,39,departures,0.926829268292683,0.9512195121951219,datum_field
LIBP,41,41,41,43,departures,1.0,1.048780487804878,datum_field
LGSM,41,40,39,48,departures,0.9512195121951219,1.170731707317073,datum_field
LIRZ,41,41,39,41,arrivals,0.9512195121951219,1.0,datum_field
UMMS,40,19,16,16,departures,0.4,0.4,datum_field
LEJR,40,40,40,40,departures,1.0,1.0,datum_field
LEVX,40,35,34,34,arrivals,0.85,0.85,datum_field
UWKD,40,0,0,0,arrivals,0.0,0.0,datum_field
LICT,40,6,6,6,arrivals,0.15,0.15,datum_field
EPMO,40,29,29,29,arrivals,0.725,0.725,datum_field
LEAM,40,39,39,39,arrivals,0.975,0.975,datum_field
GMMW,40,39,38,38,arrivals,0.95,0.95,datum_field
LGPA,40,5,0,0,arrivals,0.0,0.0,datum_field
LEVT,39,38,37,46,departures,0.9487179487179487,1.1794871794871795,datum_field
LICT,39,8,8,10,departures,0.20512820512820512,0.2564102564102564,datum_field
LIRZ,39,39,35,35,departures,0.8974358974358975,0.8974358974358975,datum_field
LEXJ,39,36,36,37,departures,0.9230769230769231,0.9487179487179487,datum_field
GMMW,39,39,37,37,departures,0.9487179487179487,0.9487179487179487,datum_field
EGPB,39,0,0,0,arrivals,0.0,0.0,datum_field
LEVT,39,24,24,24,arrivals,0.6153846153846154,0.6153846153846154,datum_field
LEZG,39,13,13,13,arrivals,0.3333333333333333,0.3333333333333333,datum_field
EDLP,39,35,35,36,arrivals,0.8974358974358975,0.9230769230769231,datum_field
EGPB,38,1,0,0,departures,0.0,0.0,datum_field
UWKD,38,11,1,1,departures,0.02631578947368421,0.02631578947368421,datum_field
LEZG,38,14,14,14,departures,0.3684210526315789,0.3684210526315789,datum_field
ESPA,38,16,16,16,departures,0.42105263157894735,0.42105263157894735,datum_field
LEVX,37,36,36,36,departures,0.972972972972973,0.972972972972973,datum_field
LGSK,37,25,24,24,departures,0.6486486486486487,0.6486486486486487,datum_field
LOWL,37,36,36,36,departures,0.972972972972973,0.972972972972973,datum_field
LEAM,37,36,36,36,departures,0.972972972972973,0.972972972972973,datum_field
LIPY,37,37,37,37,departures,1.0,1.0,datum_field
LGSK,37,31,31,31,arrivals,0.8378378378378378,0.8378378378378378,datum_field
ESSB,37,32,32,34,arrivals,0.8648648648648649,0.918918918918919,datum_field
LEXJ,37,0,0,0,arrivals,0.0,0.0,datum_field
EGTE,36,34,34,34,departures,0.9444444444444444,0.9444444444444444,datum_field
LECO,36,34,34,34,departures,0.9444444444444444,0.9444444444444444,datum_field
EGTE,36,32,32,32,arrivals,0.8888888888888888,0.8888888888888888,datum_field
LIPY,36,15,15,15,arrivals,0.4166666666666667,0.4166666666666667,datum_field
LTFO,36,22,22,22,arrivals,0.6111111111111112,0.6111111111111112,datum_field
EGMC,35,35,35,35,departures,1.0,1.0,datum_field
EDLP,35,32,32,32,departures,0.9142857142857143,0.9142857142857143,datum_field
LZKZ,35,35,35,35,departures,1.0,1.0,datum_field
LTFO,35,32,32,32,departures,0.9142857142857143,0.9142857142857143,datum_field
LTFG,35,33,32,32,arrivals,0.9142857142857143,0.9142857142857143,datum_field
ESPA,35,0,0,0,arrivals,0.0,0.0,datum_field
LECO,35,35,35,42,arrivals,1.0,1.2,datum_field
GMFO,34,32,32,32,departures,0.9411764705882353,0.9411764705882353,datum_field
LTFG,34,34,34,34,departures,1.0,1.0,datum_field
LEGR,34,32,32,32,departures,0.9411764705882353,0.9411764705882353,datum_field
LOWL,34,32,32,33,arrivals,0.9411764705882353,0.9705882352941176,datum_field
LICR,34,0,0,0,arrivals,0.0,0.0,datum_field
GMFO,34,32,32,32,arrivals,0.9411764705882353,0.9411764705882353,datum_field
LEGR,34,10,7,7,arrivals,0.20588235294117646,0.20588235294117646,datum_field
LGMT,34,34,34,34,arrivals,1.0,1.0,datum_field
LZKZ,34,29,29,29,arrivals,0.8529411764705882,0.8529411764705882,datum_field
LICR,33,4,4,8,departures,0.12121212121212122,0.24242424242424243,datum_field
LTCI,33,0,0,0,departures,0.0,0.0,datum_field
LGMT,33,32,31,31,departures,0.9393939393939394,0.9393939393939394,datum_field
LOWI,33,30,29,29,departures,0.8787878787878788,0.8787878787878788,datum_field
EGMC,33,33,33,69,arrivals,1.0,2.090909090909091,datum_field
EKAH,33,30,30,30,arrivals,0.9090909090909091,0.9090909090909091,datum_field
EGWU,32,32,0,0,departures,0.0,0.0,datum_field
LTCB,32,12,11,13,departures,0.34375,0.40625,datum_field
EKAH,32,32,32,32,departures,1.0,1.0,datum_field
LFRN,32,32,32,32,departures,1.0,1.0,datum_field
LEMI,32,31,31,31,arrivals,0.96875,0.96875,datum_field
LTCI,32,0,0,0,arrivals,0.0,0.0,datum_field
LEMI,31,31,31,31,departures,1.0,1.0,datum_field
EIKN,31,30,30,30,departures,0.967741935483871,0.967741935483871,datum_field
ENHD,31,29,27,31,departures,0.8709677419354839,1.0,datum_field
EDMO,31,30,27,27,departures,0.8709677419354839,0.8709677419354839,datum_field
LFRN,31,31,31,31,arrivals,1.0,1.0,datum_field
LTCE,31,0,0,0,arrivals,0.0,0.0,datum_field
EGPK,30,30,30,30,departures,1.0,1.0,datum_field
URMM,30,3,2,2,departures,0.06666666666666667,0.06666666666666667,datum_field
LGNX,30,9,0,0,departures,0.0,0.0,datum_field
LTCB,30,12,12,12,arrivals,0.4,0.4,datum_field
LGNX,30,4,0,0,arrivals,0.0,0.0,datum_field
EIKN,30,30,30,30,arrivals,1.0,1.0,datum_field
EBAW,29,29,28,29,departures,0.9655172413793104,1.0,datum_field
LTCE,29,0,0,0,departures,0.0,0.0,datum_field
EGPA,29,11,0,0,departures,0.0,0.0,datum_field
LTAZ,29,0,0,0,departures,0.0,0.0,datum_field
EGPK,29,25,25,26,arrivals,0.8620689655172413,0.896551724137931,datum_field
URMM,29,0,0,0,arrivals,0.0,0.0,datum_field
ENHD,29,23,23,27,arrivals,0.7931034482758621,0.9310344827586207,datum_field
LTAZ,29,1,0,0,arrivals,0.0,0.0,datum_field
EGHQ,28,27,27,27,departures,0.9642857142857143,0.9642857142857143,datum_field
ESNU,28,8,8,8,departures,0.2857142857142857,0.2857142857142857,datum_field
EGHQ,28,27,27,27,arrivals,0.9642857142857143,0.9642857142857143,datum_field
LTCA,27,0,0,0,departures,0.0,0.0,datum_field
ENBN,27,10,5,10,departures,0.18518518518518517,0.37037037037037035,datum_field
LICD,27,25,25,25,departures,0.9259259259259259,0.9259259259259259,datum_field
LIPB,27,17,16,16,arrivals,0.5925925925925926,0.5925925925925926,datum_field
EGWU,27,25,0,0,arrivals,0.0,0.0,datum_field
LTAN,27,0,0,0,arrivals,0.0,0.0,datum_field
LTCA,27,0,0,0,arrivals,0.0,0.0,datum_field
LICD,27,11,11,11,arrivals,0.4074074074074074,0.4074074074074074,datum_field
LFKC,27,27,27,27,arrivals,1.0,1.0,datum_field
LTAT,26,1,0,0,departures,0.0,0.0,datum_field
LPCS,26,26,23,24,departures,0.8846153846153846,0.9230769230769231,datum_field
LIPB,26,26,25,25,departures,0.9615384615384616,0.9615384615384616,datum_field
LTCS,26,0,0,0,departures,0.0,0.0,datum_field
LTAN,26,0,0,0,departures,0.0,0.0,datum_field
LRBS,26,26,26,27,departures,1.0,1.0384615384615385,datum_field
LFKC,26,26,26,26,departures,1.0,1.0,datum_field
LGHI,26,5,4,4,arrivals,0.15384615384615385,0.15384615384615385,datum_field
LTCS,26,0,0,0,arrivals,0.0,0.0,datum_field
ESNU,26,0,0,0,arrivals,0.0,0.0,datum_field
ENBN,26,0,0,0,arrivals,0.0,0.0,datum_field
EGPA,26,0,0,0,arrivals,0.0,0.0,datum_field
LGKL,25,21,21,21,departures,0.84,0.84,datum_field
LGHI,25,24,24,26,departures,0.96,1.04,datum_field
LGML,25,0,0,0,departures,0.0,0.0,datum_field
LFMP,25,24,24,24,departures,0.96,0.96,datum_field
EHBK,25,22,21,21,departures,0.84,0.84,datum_field
EFOU,25,1,1,2,departures,0.04,0.08,datum_field
EGSH,25,25,25,25,departures,1.0,1.0,datum_field
LGKL,25,22,22,22,arrivals,0.88,0.88,datum_field
EFOU,25,0,0,0,arrivals,0.0,0.0,datum_field
EGSH,25,25,25,26,arrivals,1.0,1.04,datum_field
LPCS,25,24,21,22,arrivals,0.84,0.88,datum_field
EBAW,25,25,24,26,arrivals,0.96,1.04,datum_field
LFRK,24,24,23,24,departures,0.9583333333333334,1.0,datum_field
EKVG,24,0,0,0,departures,0.0,0.0,datum_field
ENFL,24,15,15,19,departures,0.625,0.7916666666666666,datum_field
ENAT,24,18,0,0,departures,0.0,0.0,datum_field
LICG,24,14,11,11,departures,0.4583333333333333,0.4583333333333333,datum_field
LIPR,24,23,23,25,departures,0.9583333333333334,1.0416666666666667,datum_field
LTAT,24,0,0,0,arrivals,0.0,0.0,datum_field
EKVG,24,0,0,0,arrivals,0.0,0.0,datum_field
ENFL,24,0,0,0,arrivals,0.0,0.0,datum_field
ENAT,24,0,0,0,arrivals,0.0,0.0,datum_field
LESO,24,3,0,0,arrivals,0.0,0.0,datum_field
EHBK,24,19,18,19,arrivals,0.75,0.7916666666666666,datum_field
LIPR,24,23,23,24,arrivals,0.9583333333333334,1.0,datum_field
LFMP,24,23,21,21,arrivals,0.875,0.875,datum_field
EDDR,23,17,17,18,departures,0.7391304347826086,0.782608695652174,datum_field
ESSV,23,20,20,21,departures,0.8695652173913043,0.9130434782608695,datum_field
ENOV,23,3,3,11,departures,0.13043478260869565,0.4782608695652174,datum_field
ENKR,23,6,0,0,departures,0.0,0.0,datum_field
LESO,23,19,15,16,departures,0.6521739130434783,0.6956521739130435,datum_field
ENLK,23,19,0,0,departures,0.0,0.0,datum_field
LFBT,23,23,23,23,departures,1.0,1.0,datum_field
ENKR,23,0,0,0,arrivals,0.0,0.0,datum_field
LICG,23,3,3,3,arrivals,0.13043478260869565,0.13043478260869565,datum_field
EGPO,23,3,0,0,arrivals,0.0,0.0,datum_field
EDXW,22,21,19,19,departures,0.8636363636363636,0.8636363636363636,datum_field
LLER,22,4,0,0,departures,0.0,0.0,datum_field
LSGS,22,21,21,23,departures,0.9545454545454546,1.0454545454545454,datum_field
LRSB,22,13,13,13,departures,0.5909090909090909,0.5909090909090909,datum_field
LFBP,22,18,18,18,departures,0.8181818181818182,0.8181818181818182,datum_field
LGKP,22,3,0,0,departures,0.0,0.0,datum_field
EGNV,22,19,19,19,departures,0.8636363636363636,0.8636363636363636,datum_field
EGPO,22,2,2,2,departures,0.09090909090909091,0.09090909090909091,datum_field
EPSC,22,21,21,21,departures,0.9545454545454546,0.9545454545454546,datum_field
EIKY,22,22,22,22,departures,1.0,1.0,datum_field
LRCV,22,1,1,1,departures,0.045454545454545456,0.045454545454545456,datum_field
GCHI,22,11,0,0,departures,0.0,0.0,datum_field
LFRK,22,21,19,19,arrivals,0.8636363636363636,0.8636363636363636,datum_field
EDDR,22,16,16,19,arrivals,0.7272727272727273,0.8636363636363636,datum_field
ESSV,22,13,13,13,arrivals,0.5909090909090909,0.5909090909090909,datum_field
EDXW,22,21,19,19,arrivals,0.8636363636363636,0.8636363636363636,datum_field
ENOV,22,0,0,0,arrivals,0.0,0.0,datum_field
LLER,22,0,0,0,arrivals,0.0,0.0,datum_field
LRSB,22,3,3,3,arrivals,0.13636363636363635,0.13636363636363635,datum_field
LFBP,22,22,22,22,arrivals,1.0,1.0,datum_field
LGKP,22,0,0,0,arrivals,0.0,0.0,datum_field
EDMO,22,22,16,16,arrivals,0.7272727272727273,0.7272727272727273,datum_field
EPSC,22,13,12,12,arrivals,0.5454545454545454,0.5454545454545454,datum_field
ENLK,22,2,0,0,arrivals,0.0,0.0,datum_field
GCHI,22,0,0,0,arrivals,0.0,0.0,datum_field
LFBT,22,22,22,22,arrivals,1.0,1.0,datum_field
LDRI,21,18,18,19,departures,0.8571428571428571,0.9047619047619048,datum_field
LRSV,21,11,11,13,departures,0.5238095238095238,0.6190476190476191,datum_field
ENSG,21,6,0,0,departures,0.0,0.0,datum_field
BIAR,21,0,0,0,departures,0.0,0.0,datum_field
LDRI,21,18,18,19,arrivals,0.8571428571428571,0.9047619047619048,datum_field
LGML,21,0,0,0,arrivals,0.0,0.0,datum_field
EGNV,21,19,19,19,arrivals,0.9047619047619048,0.9047619047619048,datum_field
LSZB,21,20,19,24,arrivals,0.9047619047619048,1.1428571428571428,datum_field
LRCV,21,0,0,0,arrivals,0.0,0.0,datum_field
LRBS,21,20,19,20,arrivals,0.9047619047619048,0.9523809523809523,datum_field
BIAR,21,0,0,0,arrivals,0.0,0.0,datum_field
ENSG,21,5,0,0,arrivals,0.0,0.0,datum_field
EIKY,21,21,21,21,arrivals,1.0,1.0,datum_field
LFLC,21,21,21,21,arrivals,1.0,1.0,datum_field
DABC,20,0,0,0,departures,0.0,0.0,datum_field
LTCR,20,0,0,0,departures,0.0,0.0,datum_field
LSZB,20,19,18,20,departures,0.9,1.0,datum_field
GMTN,20,20,19,19,arrivals,0.95,0.95,datum_field
LSGS,20,2,1,1,arrivals,0.05,0.05,datum_field
LTCR,20,0,0,0,arrivals,0.0,0.0,datum_field
LRSV,20,0,0,0,arrivals,0.0,0.0,datum_field
EGNJ,20,15,15,15,arrivals,0.75,0.75,datum_field
HLLM,20,1,1,1,arrivals,0.05,0.05,datum_field
DABC,20,0,0,0,arrivals,0.0,0.0,datum_field
LTCJ,19,0,0,0,departures,0.0,0.0,datum_field
GMTN,19,18,18,18,departures,0.9473684210526315,0.9473684210526315,datum_field
EFTU,19,17,17,17,departures,0.8947368421052632,0.8947368421052632,datum_field
ENVD,19,8,0,0,departures,0.0,0.0,datum_field
LRBC,19,19,19,30,departures,1.0,1.5789473684210527,datum_field
ENSK,19,18,0,0,departures,0.0,0.0,datum_field
LSZR,19,19,19,21,departures,1.0,1.105263157894737,datum_field
LOWK,19,19,19,19,departures,1.0,1.0,datum_field
EGTK,19,19,19,20,departures,1.0,1.0526315789473684,datum_field
HLLM,19,2,2,2,departures,0.10526315789473684,0.10526315789473684,datum_field
LTCJ,19,0,0,0,arrivals,0.0,0.0,datum_field
LRBC,19,6,6,6,arrivals,0.3157894736842105,0.3157894736842105,datum_field
ENSK,19,4,0,0,arrivals,0.0,0.0,datum_field
LFTZ,19,18,0,0,arrivals,0.0,0.0,datum_field
LSZR,19,18,18,18,arrivals,0.9473684210526315,0.9473684210526315,datum_field
EYPA,18,17,16,16,departures,0.8888888888888888,0.8888888888888888,datum_field
EGJA,18,16,16,16,departures,0.8888888888888888,0.8888888888888888,datum_field
EBOS,18,16,16,16,departures,0.8888888888888888,0.8888888888888888,datum_field
LFLC,18,18,18,18,departures,1.0,1.0,datum_field
LOWK,18,16,16,16,arrivals,0.8888888888888888,0.8888888888888888,datum_field
LIPO,18,18,14,16,arrivals,0.7777777777777778,0.8888888888888888,datum_field
EGJA,18,18,18,22,arrivals,1.0,1.2222222222222223,datum_field
EFTU,18,10,10,10,arrivals,0.5555555555555556,0.5555555555555556,datum_field
EFRO,17,0,0,0,departures,0.0,0.0,datum_field
LPAZ,17,16,16,16,departures,0.9411764705882353,0.9411764705882353,datum_field
EPLL,17,17,17,17,departures,1.0,1.0,datum_field
LQBK,17,17,17,17,departures,1.0,1.0,datum_field
ENML,17,5,4,4,departures,0.23529411764705882,0.23529411764705882,datum_field
LGAL,17,16,16,16,departures,0.9411764705882353,0.9411764705882353,datum_field
EBKT,17,17,17,18,departures,1.0,1.0588235294117647,datum_field
EFRO,17,0,0,0,arrivals,0.0,0.0,datum_field
LQBK,17,13,13,13,arrivals,0.7647058823529411,0.7647058823529411,datum_field
EBOS,17,15,15,18,arrivals,0.8823529411764706,1.0588235294117647,datum_field
EYPA,17,6,4,4,arrivals,0.23529411764705882,0.23529411764705882,datum_field
LFLY,16,16,0,0,departures,0.0,0.0,datum_field
EKRN,16,16,16,17,departures,1.0,1.0625,datum_field
LYNI,16,1,0,0,departures,0.0,0.0,datum_field
LFBL,16,11,11,11,departures,0.6875,0.6875,datum_field
EPBY,16,15,15,15,departures,0.9375,0.9375,datum_field
LTCF,16,0,0,0,departures,0.0,0.0,datum_field
EGNJ,16,12,12,12,departures,0.75,0.75,datum_field
EDDE,16,16,16,16,departures,1.0,1.0,datum_field
LXGB,16,15,15,15,departures,0.9375,0.9375,datum_field
LEPP,16,16,16,18,departures,1.0,1.125,datum_field
EPLB,16,15,15,16,departures,0.9375,1.0,datum_field
LFBE,16,15,15,15,departures,0.9375,0.9375,datum_field
EKEB,16,13,13,15,departures,0.8125,0.9375,datum_field
LECH,16,14,14,15,departures,0.875,0.9375,datum_field
LFLY,16,16,0,0,arrivals,0.0,0.0,datum_field
LYNI,16,0,0,0,arrivals,0.0,0.0,datum_field
LFBL,16,0,0,0,arrivals,0.0,0.0,datum_field
EPLL,16,15,15,15,arrivals,0.9375,0.9375,datum_field
LTCF,16,0,0,0,arrivals,0.0,0.0,datum_field
ENSH,16,1,0,0,arrivals,0.0,0.0,datum_field
LFMK,16,16,16,18,arrivals,1.0,1.125,datum_field
EGTK,16,16,14,15,arrivals,0.875,0.9375,datum_field
LGAL,16,16,16,16,arrivals,1.0,1.0,datum_field
EDVE,16,16,14,14,arrivals,0.875,0.875,datum_field
EPLB,16,15,15,18,arrivals,0.9375,1.125,datum_field
LFBE,16,16,16,16,arrivals,1.0,1.0,datum_field
LXGB,16,15,15,15,arrivals,0.9375,0.9375,datum_field
UWGG,15,0,0,0,departures,0.0,0.0,datum_field
HESX,15,5,4,5,departures,0.26666666666666666,0.3333333333333333,datum_field
LTCK,15,0,0,0,departures,0.0,0.0,datum_field
EDNY,15,13,12,12,departures,0.8,0.8,datum_field
ENRA,15,9,7,8,departures,0.4666666666666667,0.5333333333333333,datum_field
EGAE,15,5,5,5,departures,0.3333333333333333,0.3333333333333333,datum_field
LFMK,15,15,15,15,departures,1.0,1.0,datum_field
LFRM,15,15,14,16,arrivals,0.9333333333333333,1.0666666666666667,datum_field
EKRN,15,14,14,14,arrivals,0.9333333333333333,0.9333333333333333,datum_field
ENVD,15,0,0,0,arrivals,0.0,0.0,datum_field
LTCK,15,0,0,0,arrivals,0.0,0.0,datum_field
EPBY,15,9,9,9,arrivals,0.6,0.6,datum_field
EDNY,15,12,12,13,arrivals,0.8,0.8666666666666667,datum_field
ENML,15,0,0,0,arrivals,0.0,0.0,datum_field
LLHA,15,13,13,13,arrivals,0.8666666666666667,0.8666666666666667,datum_field
LGLM,15,0,0,0,arrivals,0.0,0.0,datum_field
LECH,15,13,13,13,arrivals,0.8666666666666667,0.8666666666666667,datum_field
HESX,15,4,4,18,arrivals,0.26666666666666666,1.2,datum_field
EDDE,15,15,14,14,arrivals,0.9333333333333333,0.9333333333333333,datum_field
EKEB,15,12,12,12,arrivals,0.8,0.8,datum_field
LFSD,15,15,14,16,arrivals,0.9333333333333333,1.0666666666666667,datum_field
LTAY,14,2,2,2,departures,0.14285714285714285,0.14285714285714285,datum_field
ETSI,14,13,13,13,departures,0.9285714285714286,0.9285714285714286,datum_field
LROD,14,4,3,3,departures,0.21428571428571427,0.21428571428571427,datum_field
ENSH,14,14,0,0,departures,0.0,0.0,datum_field
LTAR,14,0,0,0,departures,0.0,0.0,datum_field
EDVE,14,14,14,14,departures,1.0,1.0,datum_field
LGLM,14,0,0,0,departures,0.0,0.0,datum_field
LLHA,14,13,13,13,departures,0.9285714285714286,0.9285714285714286,datum_field
EFKU,14,14,14,14,departures,1.0,1.0,datum_field
LFBH,14,11,9,9,arrivals,0.6428571428571429,0.6428571428571429,datum_field
LPAZ,14,12,12,14,arrivals,0.8571428571428571,1.0,datum_field
LROD,14,0,0,0,arrivals,0.0,0.0,datum_field
ENRA,14,0,0,0,arrivals,0.0,0.0,datum_field
EGAE,14,4,3,3,arrivals,0.21428571428571427,0.21428571428571427,datum_field
LTAR,14,0,0,0,arrivals,0.0,0.0,datum_field
LEPP,14,2,2,2,arrivals,0.14285714285714285,0.14285714285714285,datum_field
LFRM,13,13,13,14,departures,1.0,1.0769230769230769,datum_field
LFBH,13,13,13,13,departures,1.0,1.0,datum_field
LTDA,13,0,0,0,departures,0.0,0.0,datum_field
LPPS,13,6,5,5,departures,0.38461538461538464,0.38461538461538464,datum_field
LFRZ,13,13,10,10,departures,0.7692307692307693,0.7692307692307693,datum_field
LTCT,13,0,0,0,departures,0.0,0.0,datum_field
LIBC,13,0,0,0,departures,0.0,0.0,datum_field
EDMA,13,13,13,13,departures,1.0,1.0,datum_field
LGKV,13,13,13,14,departures,1.0,1.0769230769230769,datum_field
EFVA,13,12,12,12,departures,0.9230769230769231,0.9230769230769231,datum_field
UWGG,13,0,0,0,arrivals,0.0,0.0,datum_field
LTAY,13,0,0,0,arrivals,0.0,0.0,datum_field
LGKV,13,13,13,13,arrivals,1.0,1.0,datum_field
LPPS,13,6,4,4,arrivals,0.3076923076923077,0.3076923076923077,datum_field
LFRZ,13,13,10,10,arrivals,0.7692307692307693,0.7692307692307693,datum_field
EFKU,13,13,13,13,arrivals,1.0,1.0,datum_field
LTCT,13,0,0,0,arrivals,0.0,0.0,datum_field
LBPD,13,1,0,0,arrivals,0.0,0.0,datum_field
ESNS,12,12,12,12,departures,1.0,1.0,datum_field
EDFM,12,11,11,17,departures,0.9166666666666666,1.4166666666666667,datum_field
LFMU,12,12,12,12,departures,1.0,1.0,datum_field
ENBL,12,0,0,0,departures,0.0,0.0,datum_field
GCGM,12,6,0,0,departures,0.0,0.0,datum_field
ENSD,12,1,0,0,departures,0.0,0.0,datum_field
LTCP,12,0,0,0,departures,0.0,0.0,datum_field
LIRS,12,12,12,13,departures,1.0,1.0833333333333333,datum_field
LFTZ,12,11,0,0,departures,0.0,0.0,datum_field
LFTW,12,11,11,11,departures,0.9166666666666666,0.9166666666666666,datum_field
LTFD,12,11,11,11,departures,0.9166666666666666,0.9166666666666666,datum_field
ENST,12,4,3,4,departures,0.25,0.3333333333333333,datum_field
EKRK,12,12,12,12,departures,1.0,1.0,datum_field
LTCN,12,0,0,0,departures,0.0,0.0,datum_field
HLLB,12,0,0,0,departures,0.0,0.0,datum_field
LGIO,12,10,10,14,arrivals,0.8333333333333334,1.1666666666666667,datum_field
LTFD,12,12,12,12,arrivals,1.0,1.0,datum_field
LIBF,12,0,0,0,arrivals,0.0,0.0,datum_field
ETSI,12,11,9,9,arrivals,0.75,0.75,datum_field
LGRX,12,1,1,1,arrivals,0.08333333333333333,0.08333333333333333,datum_field
LFMU,12,11,11,11,arrivals,0.9166666666666666,0.9166666666666666,datum_field
LTCN,12,0,0,0,arrivals,0.0,0.0,datum_field
HLLB,12,0,0,0,arrivals,0.0,0.0,datum_field
LIBC,12,0,0,0,arrivals,0.0,0.0,datum_field
EFVA,12,0,0,0,arrivals,0.0,0.0,datum_field
LTCD,12,0,0,0,arrivals,0.0,0.0,datum_field
EKSB,12,12,12,12,arrivals,1.0,1.0,datum_field
GCGM,12,0,0,0,arrivals,0.0,0.0,datum_field
LRBV,11,10,10,10,departures,0.9090909090909091,0.9090909090909091,datum_field
LTCD,11,0,0,0,departures,0.0,0.0,datum_field
EGPN,11,11,11,12,departures,1.0,1.0909090909090908,datum_field
LTCV,11,0,0,0,departures,0.0,0.0,datum_field
LIPO,11,11,11,13,departures,1.0,1.1818181818181819,datum_field
LGRX,11,1,1,1,departures,0.09090909090909091,0.09090909090909091,datum_field
ENAN,11,10,0,0,departures,0.0,0.0,datum_field
GMML,11,2,0,0,departures,0.0,0.0,datum_field
LFSD,11,11,11,12,departures,1.0,1.0909090909090908,datum_field
LFMV,11,11,11,11,arrivals,1.0,1.0,datum_field
EGPN,11,11,11,11,arrivals,1.0,1.0,datum_field
LTCV,11,0,0,0,arrivals,0.0,0.0,datum_field
ESNS,11,9,9,9,arrivals,0.8181818181818182,0.8181818181818182,datum_field
EDFM,11,10,10,14,arrivals,0.9090909090909091,1.2727272727272727,datum_field
GMML,11,0,0,0,arrivals,0.0,0.0,datum_field
LTCP,11,0,0,0,arrivals,0.0,0.0,datum_field
LIRS,11,5,5,5,arrivals,0.45454545454545453,0.45454545454545453,datum_field
LFTW,11,11,11,11,arrivals,1.0,1.0,datum_field
EDMA,11,11,10,10,arrivals,0.9090909090909091,0.9090909090909091,datum_field
LTDA,11,0,0,0,arrivals,0.0,0.0,datum_field
ENST,11,0,0,0,arrivals,0.0,0.0,datum_field
LICB,11,11,10,16,arrivals,0.9090909090909091,1.4545454545454546,datum_field
ENBL,11,0,0,0,arrivals,0.0,0.0,datum_field
ENSD,11,2,0,0,arrivals,0.0,0.0,datum_field
LGIO,10,9,9,9,departures,0.9,0.9,datum_field
LFMV,10,9,9,10,departures,0.9,1.0,datum_field
EKSB,10,10,10,10,departures,1.0,1.0,datum_field
ESNZ,10,8,8,8,departures,0.8,0.8,datum_field
LQMO,10,0,0,1,departures,0.0,0.1,datum_field
LGIK,10,7,0,0,departures,0.0,0.0,datum_field
LIMP,10,10,10,10,departures,1.0,1.0,datum_field
EHGG,10,10,10,10,departures,1.0,1.0,datum_field
LIPK,10,7,7,7,departures,0.7,0.7,datum_field
DAAE,10,1,1,1,departures,0.1,0.1,datum_field
LFCR,10,10,10,10,arrivals,1.0,1.0,datum_field
LDSB,10,1,0,0,arrivals,0.0,0.0,datum_field
LIPK,10,8,8,8,arrivals,0.8,0.8,datum_field
DAAE,10,3,3,3,arrivals,0.3,0.3,datum_field
EKOD,10,10,10,10,arrivals,1.0,1.0,datum_field
EHGG,10,10,10,11,arrivals,1.0,1.1,datum_field
LFCR,9,9,9,9,departures,1.0,1.0,datum_field
LKPD,9,9,9,13,departures,1.0,1.4444444444444444,datum_field
ESKN,9,7,7,7,departures,0.7777777777777778,0.7777777777777778,datum_field
LBPD,9,4,4,4,departures,0.4444444444444444,0.4444444444444444,datum_field
GMFK,9,3,0,0,departures,0.0,0.0,datum_field
LTCO,9,0,0,0,departures,0.0,0.0,datum_field
LDSB,9,0,0,0,departures,0.0,0.0,datum_field
LTBR,9,9,9,10,departures,1.0,1.1111111111111112,datum_field
ENNA,9,8,0,0,departures,0.0,0.0,datum_field
LICB,9,9,9,9,departures,1.0,1.0,datum_field
EDTY,9,9,9,9,departures,1.0,1.0,datum_field
ESTA,9,8,7,7,departures,0.7777777777777778,0.7777777777777778,datum_field
ENMS,9,3,0,0,departures,0.0,0.0,datum_field
GMMI,9,0,0,0,departures,0.0,0.0,datum_field
UUBW,9,0,0,0,arrivals,0.0,0.0,datum_field
DAON,9,1,1,1,arrivals,0.1111111111111111,0.1111111111111111,datum_field
GMMI,9,0,0,0,arrivals,0.0,0.0,datum_field
LGIK,9,6,0,0,arrivals,0.0,0.0,datum_field
EGNR,9,8,1,1,arrivals,0.1111111111111111,0.1111111111111111,datum_field
GMFK,9,0,0,0,arrivals,0.0,0.0,datum_field
ENMS,9,0,0,0,arrivals,0.0,0.0,datum_field
LTBR,9,7,7,9,arrivals,0.7777777777777778,1.0,datum_field
LRBV,9,9,9,9,arrivals,1.0,1.0,datum_field
ESNZ,9,7,7,7,arrivals,0.7777777777777778,0.7777777777777778,datum_field
EKRK,9,9,9,9,arrivals,1.0,1.0,datum_field
LQMO,9,0,0,0,arrivals,0.0,0.0,datum_field
ENAN,9,4,0,0,arrivals,0.0,0.0,datum_field
URML,9,0,0,0,arrivals,0.0,0.0,datum_field
ESKN,9,7,6,7,arrivals,0.6666666666666666,0.7777777777777778,datum_field
LTCO,9,1,0,0,arrivals,0.0,0.0,datum_field
LSMP,8,8,7,8,departures,0.875,1.0,datum_field
LFSL,8,8,8,8,departures,1.0,1.0,datum_field
EGPI,8,7,5,5,departures,0.625,0.625,datum_field
ESMX,8,6,6,6,departures,0.75,0.75,datum_field
EFMA,8,2,2,2,departures,0.25,0.25,datum_field
EGPR,8,1,0,0,departures,0.0,0.0,datum_field
EDHI,8,8,0,0,departures,0.0,0.0,datum_field
ENJS,8,0,0,0,departures,0.0,0.0,datum_field
LFOT,8,8,8,8,departures,1.0,1.0,datum_field
LEBZ,8,7,7,7,departures,0.875,0.875,datum_field
EPSY,8,7,7,8,departures,0.875,1.0,datum_field
LQTZ,8,6,6,8,departures,0.75,1.0,datum_field
LDOS,8,3,3,3,departures,0.375,0.375,datum_field
LFRG,8,8,8,10,departures,1.0,1.25,datum_field
BIEG,8,0,0,0,departures,0.0,0.0,datum_field
DAON,8,2,2,2,departures,0.25,0.25,datum_field
EDLN,8,8,5,5,departures,0.625,0.625,datum_field
EFTP,8,5,5,5,departures,0.625,0.625,datum_field
UBBG,8,0,0,0,departures,0.0,0.0,datum_field
LGST,8,2,0,0,departures,0.0,0.0,datum_field
LSMP,8,8,5,8,arrivals,0.625,1.0,datum_field
LQTZ,8,1,1,1,arrivals,0.125,0.125,datum_field
LFSL,8,5,4,4,arrivals,0.5,0.5,datum_field
LDOS,8,4,4,4,arrivals,0.5,0.5,datum_field
EGPI,8,2,1,1,arrivals,0.125,0.125,datum_field
ESMX,8,4,4,4,arrivals,0.5,0.5,datum_field
EBKT,8,8,8,8,arrivals,1.0,1.0,datum_field
EFMA,8,2,2,2,arrivals,0.25,0.25,datum_field
BIEG,8,0,0,0,arrivals,0.0,0.0,datum_field
LKPD,8,8,8,12,arrivals,1.0,1.5,datum_field
ESTA,8,5,4,4,arrivals,0.5,0.5,datum_field
LFOT,8,8,8,8,arrivals,1.0,1.0,datum_field
LFLB,8,8,7,7,arrivals,0.875,0.875,datum_field
ENNA,8,0,0,0,arrivals,0.0,0.0,datum_field
LGST,8,0,0,0,arrivals,0.0,0.0,datum_field
EDRY,7,7,0,0,departures,0.0,0.0,datum_field
EDTL,7,7,7,7,departures,1.0,1.0,datum_field
ESSL,7,7,6,6,departures,0.8571428571428571,0.8571428571428571,datum_field
ENNM,7,4,0,0,departures,0.0,0.0,datum_field
LIBF,7,0,0,0,departures,0.0,0.0,datum_field
LHDC,7,6,6,7,departures,0.8571428571428571,1.0,datum_field
EIDL,7,7,7,7,departures,1.0,1.0,datum_field
LTCW,7,0,0,0,departures,0.0,0.0,datum_field
BIIS,7,6,0,0,departures,0.0,0.0,datum_field
EKOD,7,7,7,7,departures,1.0,1.0,datum_field
OITT,7,0,0,0,departures,0.0,0.0,datum_field
UUBW,7,1,0,0,departures,0.0,0.0,datum_field
ESNQ,7,6,6,6,departures,0.8571428571428571,0.8571428571428571,datum_field
EGPL,7,0,0,0,departures,0.0,0.0,datum_field
HEBA,7,6,6,6,departures,0.8571428571428571,0.8571428571428571,datum_field
ESNQ,7,6,6,6,arrivals,0.8571428571428571,0.8571428571428571,datum_field
EGPR,7,0,0,0,arrivals,0.0,0.0,datum_field
BIIS,7,0,0,0,arrivals,0.0,0.0,datum_field
DABB,7,0,0,0,arrivals,0.0,0.0,datum_field
EDTL,7,7,5,5,arrivals,0.7142857142857143,0.7142857142857143,datum_field
ENJS,7,0,0,0,arrivals,0.0,0.0,datum_field
EGPL,7,0,0,0,arrivals,0.0,0.0,datum_field
LEBZ,7,7,7,7,arrivals,1.0,1.0,datum_field
LTCW,7,0,0,0,arrivals,0.0,0.0,datum_field
EDHI,7,7,0,0,arrivals,0.0,0.0,datum_field
EIDL,7,7,7,7,arrivals,1.0,1.0,datum_field
OITT,7,0,0,0,arrivals,0.0,0.0,datum_field
EDTY,7,7,6,6,arrivals,0.8571428571428571,0.8571428571428571,datum_field
LIMP,7,5,5,5,arrivals,0.7142857142857143,0.7142857142857143,datum_field
HEAL,6,1,1,1,departures,0.16666666666666666,0.16666666666666666,datum_field
ENDU,6,2,2,15,departures,0.3333333333333333,2.5,datum_field
EFKE,6,1,0,0,departures,0.0,0.0,datum_field
ESOE,6,6,6,6,departures,1.0,1.0,datum_field
EFJO,6,6,6,6,departures,1.0,1.0,datum_field
URML,6,0,0,0,departures,0.0,0.0,datum_field
ENRM,6,5,5,11,departures,0.8333333333333334,1.8333333333333333,datum_field
LTCU,6,0,0,0,departures,0.0,0.0,datum_field
EGNR,6,6,4,4,departures,0.6666666666666666,0.6666666666666666,datum_field
EDVK,6,4,4,4,departures,0.6666666666666666,0.6666666666666666,datum_field
EGPU,6,1,0,0,departures,0.0,0.0,datum_field
HEMM,6,0,0,0,departures,0.0,0.0,datum_field
ESNK,6,0,0,0,departures,0.0,0.0,datum_field
EDHL,6,6,6,6,departures,1.0,1.0,datum_field
ENSO,6,6,6,6,departures,1.0,1.0,datum_field
LPVZ,6,6,0,0,departures,0.0,0.0,datum_field
ESKM,6,3,0,0,departures,0.0,0.0,datum_field
EHJA,6,3,0,0,departures,0.0,0.0,datum_field
ESNL,6,0,0,0,departures,0.0,0.0,datum_field
LPPM,6,6,6,7,departures,1.0,1.1666666666666667,datum_field
EFIV,6,2,0,0,departures,0.0,0.0,datum_field
DABB,6,0,0,0,departures,0.0,0.0,datum_field
EDVK,6,4,4,4,arrivals,0.6666666666666666,0.6666666666666666,datum_field
EDRY,6,5,0,0,arrivals,0.0,0.0,datum_field
EGPU,6,0,0,0,arrivals,0.0,0.0,datum_field
LHDC,6,0,0,0,arrivals,0.0,0.0,datum_field
ESOE,6,6,6,7,arrivals,1.0,1.1666666666666667,datum_field
LFLI,6,6,0,1,arrivals,0.0,0.16666666666666666,datum_field
LFEC,6,0,0,0,arrivals,0.0,0.0,datum_field
LIMZ,6,6,6,6,arrivals,1.0,1.0,datum_field
EFTP,6,5,5,5,arrivals,0.8333333333333334,0.8333333333333334,datum_field
ENLE,6,0,0,0,arrivals,0.0,0.0,datum_field
EFIV,6,2,0,0,arrivals,0.0,0.0,datum_field
HEAL,6,2,2,2,arrivals,0.3333333333333333,0.3333333333333333,datum_field
ENNM,6,4,0,0,arrivals,0.0,0.0,datum_field
ESNK,6,0,0,1,arrivals,0.0,0.16666666666666666,datum_field
EDHL,6,6,6,6,arrivals,1.0,1.0,datum_field
ENSO,6,6,6,6,arrivals,1.0,1.0,datum_field
EFJO,6,2,2,2,arrivals,0.3333333333333333,0.3333333333333333,datum_field
LWOH,6,0,0,0,arrivals,0.0,0.0,datum_field
HEBA,6,5,5,5,arrivals,0.8333333333333334,0.8333333333333334,datum_field
ESSL,6,6,6,6,arrivals,1.0,1.0,datum_field
LGLE,6,1,0,0,arrivals,0.0,0.0,datum_field
ESKM,6,6,3,6,arrivals,0.5,1.0,datum_field
ESNL,6,0,0,0,arrivals,0.0,0.0,datum_field
ENRM,6,3,3,6,arrivals,0.5,1.0,datum_field
LTCU,6,0,0,0,arrivals,0.0,0.0,datum_field
EEKE,5,5,5,5,departures,1.0,1.0,datum_field
LTCM,5,1,0,0,departures,0.0,0.0,datum_field
LTCL,5,0,0,0,departures,0.0,0.0,datum_field
LGKY,5,4,0,0,departures,0.0,0.0,datum_field
ENHE,5,0,0,0,departures,0.0,0.0,datum_field
ENFB,5,0,0,0,departures,0.0,0.0,datum_field
LGKC,5,0,0,0,departures,0.0,0.0,datum_field
ENLE,5,2,0,0,departures,0.0,0.0,datum_field
LRTM,5,5,5,6,departures,1.0,1.2,datum_field
LGLE,5,1,0,0,departures,0.0,0.0,datum_field
EGEC,5,0,0,2,departures,0.0,0.4,datum_field
ESGT,5,2,2,2,departures,0.4,0.4,datum_field
EFKI,5,4,4,4,departures,0.8,0.8,datum_field
ORMM,5,5,5,5,departures,1.0,1.0,datum_field
ESNG,5,0,0,0,departures,0.0,0.0,datum_field
EFJY,5,5,5,5,departures,1.0,1.0,datum_field
EETU,5,5,4,4,departures,0.8,0.8,datum_field
EFKK,5,5,5,5,departures,1.0,1.0,datum_field
EDAH,5,3,3,3,departures,0.6,0.6,datum_field
ESNX,5,0,0,0,departures,0.0,0.0,datum_field
LFLB,5,5,5,6,departures,1.0,1.2,datum_field
LFEC,5,0,0,0,departures,0.0,0.0,datum_field
LTAW,5,0,0,0,departures,0.0,0.0,datum_field
LFJL,5,4,4,4,departures,0.8,0.8,datum_field
ENRS,5,5,0,0,departures,0.0,0.0,datum_field
DAAS,5,0,0,0,departures,0.0,0.0,datum_field
EEKA,5,0,0,0,departures,0.0,0.0,datum_field
LFLI,5,5,0,0,departures,0.0,0.0,datum_field
LWOH,5,1,1,1,departures,0.2,0.2,datum_field
LIMZ,5,5,5,5,departures,1.0,1.0,datum_field
ESDF,5,5,5,5,departures,1.0,1.0,datum_field
GMMZ,5,2,0,0,departures,0.0,0.0,datum_field
EPSY,5,2,2,2,arrivals,0.4,0.4,datum_field
URMG,5,0,0,0,arrivals,0.0,0.0,datum_field
ENDU,5,0,0,0,arrivals,0.0,0.0,datum_field
LTCM,5,0,0,0,arrivals,0.0,0.0,datum_field
LTCL,5,0,0,0,arrivals,0.0,0.0,datum_field
LFRG,5,5,5,6,arrivals,1.0,1.2,datum_field
EEKA,5,0,0,1,arrivals,0.0,0.2,datum_field
ENHE,5,0,0,0,arrivals,0.0,0.0,datum_field
LTAW,5,0,0,0,arrivals,0.0,0.0,datum_field
EGVN,5,4,4,4,arrivals,0.8,0.8,datum_field
LESA,5,5,5,5,arrivals,1.0,1.0,datum_field
LRTM,5,2,2,8,arrivals,0.4,1.6,datum_field
EDAH,5,3,3,4,arrivals,0.6,0.8,datum_field
LSZS,5,0,0,0,arrivals,0.0,0.0,datum_field
EFKI,5,0,0,0,arrivals,0.0,0.0,datum_field
HEMM,5,0,0,0,arrivals,0.0,0.0,datum_field
ORMM,5,1,1,1,arrivals,0.2,0.2,datum_field
EEKE,5,5,5,5,arrivals,1.0,1.0,datum_field
DAAS,5,0,0,0,arrivals,0.0,0.0,datum_field
LPPM,5,5,5,8,arrivals,1.0,1.6,datum_field
ESNG,5,0,0,0,arrivals,0.0,0.0,datum_field
GMMZ,5,0,0,0,arrivals,0.0,0.0,datum_field
UBBG,5,0,0,0,arrivals,0.0,0.0,datum_field
LFJL,5,5,5,5,arrivals,1.0,1.0,datum_field
ENOA,5,0,0,0,arrivals,0.0,0.0,datum_field
LPVZ,5,5,1,1,arrivals,0.2,0.2,datum_field
EGEC,5,0,0,1,arrivals,0.0,0.2,datum_field
ENRS,5,0,0,0,arrivals,0.0,0.0,datum_field
EKDF,5,0,0,0,arrivals,0.0,0.0,datum_field
LGKC,5,0,0,0,arrivals,0.0,0.0,datum_field
LGSO,4,3,0,0,departures,0.0,0.0,datum_field
LFPN,4,4,0,0,departures,0.0,0.0,datum_field
LFOZ,4,4,0,0,departures,0.0,0.0,datum_field
UWSG,4,1,1,1,departures,0.25,0.25,datum_field
EPRA,4,4,4,4,departures,1.0,1.0,datum_field
LZTT,4,4,4,4,departures,1.0,1.0,datum_field
ESMT,4,3,3,4,departures,0.75,1.0,datum_field
URWW,4,0,0,0,departures,0.0,0.0,datum_field
ENSR,4,0,0,28,departures,0.0,7.0,datum_field
ESOK,4,1,1,1,departures,0.25,0.25,datum_field
EDAZ,4,4,0,0,departures,0.0,0.0,datum_field
LFRT,4,4,3,3,departures,0.75,0.75,datum_field
LFLW,4,0,0,0,departures,0.0,0.0,datum_field
LFRD,4,4,4,4,departures,1.0,1.0,datum_field
LTFC,4,0,0,1,departures,0.0,0.25,datum_field
ENRO,4,4,4,4,departures,1.0,1.0,datum_field
LECU,4,3,3,3,departures,0.75,0.75,datum_field
ESOH,4,4,0,0,departures,0.0,0.0,datum_field
LSZA,4,4,4,4,departures,1.0,1.0,datum_field
LSGL,4,3,0,0,departures,0.0,0.0,datum_field
LGBL,4,4,4,5,departures,1.0,1.25,datum_field
LTAP,4,0,0,0,departures,0.0,0.0,datum_field
LJPZ,4,3,2,2,departures,0.5,0.5,datum_field
EDQG,4,4,0,0,departures,0.0,0.0,datum_field
ESNV,4,0,0,0,departures,0.0,0.0,datum_field
ENGC,4,0,0,0,departures,0.0,0.0,datum_field
EKDF,4,0,0,0,departures,0.0,0.0,datum_field
ESMQ,4,4,4,5,departures,1.0,1.25,datum_field
LESA,4,4,4,4,departures,1.0,1.0,datum_field
LESU,4,4,4,4,departures,1.0,1.0,datum_field
LFRH,4,4,4,4,departures,1.0,1.0,datum_field
EPZG,4,3,3,3,departures,0.75,0.75,datum_field
LKCS,4,4,4,4,departures,1.0,1.0,datum_field
ESND,4,0,0,0,departures,0.0,0.0,datum_field
ESGJ,4,1,1,1,departures,0.25,0.25,datum_field
LGKS,4,0,0,0,departures,0.0,0.0,datum_field
LFCK,4,4,4,4,departures,1.0,1.0,datum_field
LKHK,4,4,0,0,departures,0.0,0.0,datum_field
ESSP,4,4,4,4,departures,1.0,1.0,datum_field
EFKT,4,1,1,1,departures,0.25,0.25,datum_field
LEVD,4,3,3,3,departures,0.75,0.75,datum_field
ORKK,4,0,0,0,departures,0.0,0.0,datum_field
EDRZ,4,4,0,0,arrivals,0.0,0.0,datum_field
UWSG,4,1,1,1,arrivals,0.25,0.25,datum_field
LGPL,4,1,0,0,arrivals,0.0,0.0,datum_field
URMO,4,0,0,0,arrivals,0.0,0.0,datum_field
ENXO,4,0,0,0,arrivals,0.0,0.0,datum_field
LEVD,4,2,2,2,arrivals,0.5,0.5,datum_field
EHLL,4,0,0,0,arrivals,0.0,0.0,datum_field
LFLX,4,1,0,0,arrivals,0.0,0.0,datum_field
LKCS,4,4,4,5,arrivals,1.0,1.25,datum_field
ENQG,4,0,0,0,arrivals,0.0,0.0,datum_field
ESDF,4,3,3,3,arrivals,0.75,0.75,datum_field
LGKY,4,3,0,0,arrivals,0.0,0.0,datum_field
ENQS,4,0,0,0,arrivals,0.0,0.0,datum_field
ENSR,4,0,0,0,arrivals,0.0,0.0,datum_field
ENGC,4,0,0,0,arrivals,0.0,0.0,datum_field
EDAZ,4,4,0,0,arrivals,0.0,0.0,datum_field
LTAS,4,0,0,0,arrivals,0.0,0.0,datum_field
ESGJ,4,0,0,0,arrivals,0.0,0.0,datum_field
LFCK,4,4,4,4,arrivals,1.0,1.0,datum_field
LGSO,4,2,0,0,arrivals,0.0,0.0,datum_field
LRBM,4,0,0,0,arrivals,0.0,0.0,datum_field
LZTT,4,4,4,4,arrivals,1.0,1.0,datum_field
ESOH,4,4,0,0,arrivals,0.0,0.0,datum_field
ESOK,4,1,1,1,arrivals,0.25,0.25,datum_field
EGNO,4,4,4,4,arrivals,1.0,1.0,datum_field
LSGL,4,3,0,0,arrivals,0.0,0.0,datum_field
EFJY,4,3,3,3,arrivals,0.75,0.75,datum_field
LFRH,4,4,4,4,arrivals,1.0,1.0,datum_field
LTAP,4,0,0,0,arrivals,0.0,0.0,datum_field
LTFC,4,0,0,1,arrivals,0.0,0.25,datum_field
ESNX,4,0,0,0,arrivals,0.0,0.0,datum_field
EDQG,4,4,0,0,arrivals,0.0,0.0,datum_field
ESNV,4,0,0,0,arrivals,0.0,0.0,datum_field
ESND,4,3,0,0,arrivals,0.0,0.0,datum_field
LSZA,4,4,4,5,arrivals,1.0,1.25,datum_field
EETU,4,2,2,3,arrivals,0.5,0.75,datum_field
EFKK,4,4,4,4,arrivals,1.0,1.0,datum_field
LGKS,4,0,0,0,arrivals,0.0,0.0,datum_field
LKHK,4,4,0,0,arrivals,0.0,0.0,datum_field
ESSP,4,4,3,3,arrivals,0.75,0.75,datum_field
LDLO,4,1,0,0,arrivals,0.0,0.0,datum_field
LGBL,4,2,2,2,arrivals,0.5,0.5,datum_field
ESGT,4,1,1,1,arrivals,0.25,0.25,datum_field
EFKE,4,0,0,0,arrivals,0.0,0.0,datum_field
LZPP,4,4,3,3,arrivals,0.75,0.75,datum_field
EFKT,4,1,1,1,arrivals,0.25,0.25,datum_field
LFLW,4,0,0,1,arrivals,0.0,0.25,datum_field
BIBD,3,3,1,1,departures,0.3333333333333333,0.3333333333333333,datum_field
ENQO,3,0,0,0,departures,0.0,0.0,datum_field
EGLK,3,3,3,3,departures,1.0,1.0,datum_field
ENWS,3,0,0,0,departures,0.0,0.0,datum_field
LRBM,3,1,0,0,departures,0.0,0.0,datum_field
EGMD,3,3,2,2,departures,0.6666666666666666,0.6666666666666666,datum_field
ETAR,3,3,3,3,departures,1.0,1.0,datum_field
ENXO,3,1,0,0,departures,0.0,0.0,datum_field
LELN,3,3,3,3,departures,1.0,1.0,datum_field
LFLS,3,3,3,3,departures,1.0,1.0,datum_field
OJAM,3,0,0,7,departures,0.0,2.3333333333333335,datum_field
ENOC,3,0,0,0,departures,0.0,0.0,datum_field
LTBH,3,3,3,3,departures,1.0,1.0,datum_field
UDSG,3,0,0,0,departures,0.0,0.0,datum_field
ENWY,3,0,0,0,departures,0.0,0.0,datum_field
LTAL,3,0,0,0,departures,0.0,0.0,datum_field
EGNH,3,3,3,3,departures,1.0,1.0,datum_field
LGSY,3,0,0,0,departures,0.0,0.0,datum_field
URMG,3,1,0,0,departures,0.0,0.0,datum_field
EDGS,3,3,3,3,departures,1.0,1.0,datum_field
LPBJ,3,2,2,2,departures,0.6666666666666666,0.6666666666666666,datum_field
ENOL,3,1,1,1,departures,0.3333333333333333,0.3333333333333333,datum_field
ENSE,3,0,0,0,departures,0.0,0.0,datum_field
BIHN,3,0,0,0,departures,0.0,0.0,datum_field
GMMB,3,1,0,0,departures,0.0,0.0,datum_field
ESOW,3,3,3,3,departures,1.0,1.0,datum_field
LTAS,3,0,0,0,departures,0.0,0.0,datum_field
LFHP,3,0,0,0,departures,0.0,0.0,datum_field
LFBI,3,3,3,3,departures,1.0,1.0,datum_field
URMO,3,0,0,0,departures,0.0,0.0,datum_field
EDTM,3,3,3,3,departures,1.0,1.0,datum_field
DTTX,3,0,0,0,departures,0.0,0.0,datum_field
EFKS,3,0,0,0,departures,0.0,0.0,datum_field
ENOA,3,0,0,0,departures,0.0,0.0,datum_field
ENSL,3,0,0,0,departures,0.0,0.0,datum_field
ESNO,3,1,1,1,departures,0.3333333333333333,0.3333333333333333,datum_field
ENQA,3,2,0,0,departures,0.0,0.0,datum_field
LSZS,3,3,3,3,departures,1.0,1.0,datum_field
ESNN,3,3,3,3,departures,1.0,1.0,datum_field
LDLO,3,1,0,0,departures,0.0,0.0,datum_field
LRCK,3,3,2,2,departures,0.6666666666666666,0.6666666666666666,datum_field
EGNO,3,3,3,3,departures,1.0,1.0,datum_field
ENWV,3,0,0,0,departures,0.0,0.0,datum_field
GMTA,3,3,3,3,departures,1.0,1.0,datum_field
EKHA,3,0,0,0,departures,0.0,0.0,datum_field
LSZC,3,3,0,0,departures,0.0,0.0,datum_field
OSDI,3,0,0,0,departures,0.0,0.0,datum_field
ESUP,3,0,0,0,departures,0.0,0.0,datum_field
LFAT,3,2,2,2,departures,0.6666666666666666,0.6666666666666666,datum_field
BIBD,3,0,0,0,arrivals,0.0,0.0,datum_field
ULAA,3,0,0,0,arrivals,0.0,0.0,datum_field
LFLU,3,3,3,3,arrivals,1.0,1.0,datum_field
ENWS,3,0,0,0,arrivals,0.0,0.0,datum_field
LFMQ,3,3,0,2,arrivals,0.0,0.6666666666666666,datum_field
OSDI,3,0,0,0,arrivals,0.0,0.0,datum_field
LELN,3,3,3,3,arrivals,1.0,1.0,datum_field
ESUP,3,0,0,0,arrivals,0.0,0.0,datum_field
GMTA,3,3,3,3,arrivals,1.0,1.0,datum_field
EDTM,3,3,3,3,arrivals,1.0,1.0,datum_field
LECU,3,3,0,0,arrivals,0.0,0.0,datum_field
ESMT,3,3,2,3,arrivals,0.6666666666666666,1.0,datum_field
ENOC,3,2,0,0,arrivals,0.0,0.0,datum_field
UDSG,3,0,0,0,arrivals,0.0,0.0,datum_field
ENWY,3,0,0,0,arrivals,0.0,0.0,datum_field
LFHP,3,0,0,0,arrivals,0.0,0.0,datum_field
EGNH,3,3,3,3,arrivals,1.0,1.0,datum_field
LFBI,3,2,2,2,arrivals,0.6666666666666666,0.6666666666666666,datum_field
EPRA,3,3,3,4,arrivals,1.0,1.3333333333333333,datum_field
LFOH,3,3,2,2,arrivals,0.6666666666666666,0.6666666666666666,datum_field
OJAM,3,0,0,17,arrivals,0.0,5.666666666666667,datum_field
DTTX,3,0,0,0,arrivals,0.0,0.0,datum_field
EFKS,3,0,0,0,arrivals,0.0,0.0,datum_field
GMMB,3,0,0,0,arrivals,0.0,0.0,datum_field
ESOW,3,3,3,3,arrivals,1.0,1.0,datum_field
LTAL,3,0,0,0,arrivals,0.0,0.0,datum_field
EPZG,3,3,3,3,arrivals,1.0,1.0,datum_field
LGSY,3,0,0,0,arrivals,0.0,0.0,datum_field
LFOZ,3,2,0,0,arrivals,0.0,0.0,datum_field
EHJA,3,0,0,0,arrivals,0.0,0.0,datum_field
ESUT,3,0,0,0,arrivals,0.0,0.0,datum_field
ENFB,3,0,0,0,arrivals,0.0,0.0,datum_field
ESMQ,3,3,3,3,arrivals,1.0,1.0,datum_field
LTBH,3,2,2,2,arrivals,0.6666666666666666,0.6666666666666666,datum_field
ENSL,3,0,0,0,arrivals,0.0,0.0,datum_field
ESNO,3,0,0,0,arrivals,0.0,0.0,datum_field
ENQA,3,2,0,0,arrivals,0.0,0.0,datum_field
LFRC,3,3,2,2,arrivals,0.6666666666666666,0.6666666666666666,datum_field
ENRO,3,0,0,0,arrivals,0.0,0.0,datum_field
EKHA,3,0,0,0,arrivals,0.0,0.0,datum_field
URWW,3,0,0,0,arrivals,0.0,0.0,datum_field
BIHN,3,0,0,0,arrivals,0.0,0.0,datum_field
EDGS,3,3,3,3,arrivals,1.0,1.0,datum_field
ENWV,3,0,0,0,arrivals,0.0,0.0,datum_field
LFLS,3,3,3,4,arrivals,1.0,1.3333333333333333,datum_field
EHFB,3,0,0,0,arrivals,0.0,0.0,datum_field
LFRD,3,3,3,4,arrivals,1.0,1.3333333333333333,datum_field
ENQV,2,0,0,0,departures,0.0,0.0,datum_field
EHKJ,2,1,0,0,departures,0.0,0.0,datum_field
EGBJ,2,2,2,2,departures,1.0,1.0,datum_field
LSGK,2,2,0,0,departures,0.0,0.0,datum_field
EGPC,2,0,0,12,departures,0.0,6.0,datum_field
LSGC,2,2,2,2,departures,1.0,1.0,datum_field
ENQS,2,0,0,0,departures,0.0,0.0,datum_field
ENXW,2,1,0,0,departures,0.0,0.0,datum_field
LTBY,2,1,1,1,departures,0.5,0.5,datum_field
ENWA,2,1,0,0,departures,0.0,0.0,datum_field
LEGT,2,2,2,2,departures,1.0,1.0,datum_field
LDRG,2,1,0,0,departures,0.0,0.0,datum_field
GMMD,2,0,0,0,departures,0.0,0.0,datum_field
LFRV,2,2,2,2,departures,1.0,1.0,datum_field
LJMB,2,2,1,2,departures,0.5,1.0,datum_field
EHPK,2,2,0,0,departures,0.0,0.0,datum_field
LFLU,2,2,2,2,departures,1.0,1.0,datum_field
LTAG,2,0,0,0,departures,0.0,0.0,datum_field
LFRC,2,2,2,2,departures,1.0,1.0,datum_field
EGFE,2,2,2,2,departures,1.0,1.0,datum_field
ENQC,2,1,0,0,departures,0.0,0.0,datum_field
LFOK,2,2,2,2,departures,1.0,1.0,datum_field
EGVN,2,2,2,2,departures,1.0,1.0,datum_field
EDXQ,2,2,0,0,departures,0.0,0.0,datum_field
LFPT,2,2,2,3,departures,1.0,1.5,datum_field
OENN,2,0,0,0,departures,0.0,0.0,datum_field
ENUA,2,0,0,0,departures,0.0,0.0,datum_field
LFQG,2,2,1,1,departures,0.5,0.5,datum_field
LFMQ,2,2,2,2,departures,1.0,1.0,datum_field
EHLL,2,1,0,0,departures,0.0,0.0,datum_field
ENNE,2,0,0,0,departures,0.0,0.0,datum_field
ORNI,2,0,0,0,departures,0.0,0.0,datum_field
LEAB,2,2,2,2,departures,1.0,1.0,datum_field
LFGA,2,1,1,1,departures,0.5,0.5,datum_field
EGNL,2,2,2,3,departures,1.0,1.5,datum_field
LTBZ,2,2,0,0,departures,0.0,0.0,datum_field
BIVO,2,0,0,0,departures,0.0,0.0,datum_field
LSTS,2,2,0,0,departures,0.0,0.0,datum_field
GMAT,2,1,0,0,departures,0.0,0.0,datum_field
BITN,2,0,0,0,departures,0.0,0.0,datum_field
LFLX,2,2,2,2,departures,1.0,1.0,datum_field
LKKV,2,2,2,2,departures,1.0,1.0,datum_field
LFAC,2,2,2,2,departures,1.0,1.0,datum_field
ENQJ,2,1,0,0,departures,0.0,0.0,datum_field
ESUT,2,0,0,0,departures,0.0,0.0,datum_field
EHGQ,2,1,0,0,departures,0.0,0.0,datum_field
LFOH,2,2,0,0,departures,0.0,0.0,datum_field
DAUB,2,0,0,0,departures,0.0,0.0,datum_field
ENQE,2,1,0,0,departures,0.0,0.0,datum_field
LTBU,2,2,2,2,departures,1.0,1.0,datum_field
LGKJ,2,0,0,0,departures,0.0,0.0,datum_field
ENQD,2,0,0,0,departures,0.0,0.0,datum_field
LGPL,2,0,0,0,departures,0.0,0.0,datum_field
LEDA,2,1,1,1,departures,0.5,0.5,datum_field
ETND,2,2,2,2,departures,1.0,1.0,datum_field
LIBG,2,0,0,0,departures,0.0,0.0,datum_field
EHFB,2,0,0,0,departures,0.0,0.0,datum_field
LRSM,2,1,1,1,departures,0.5,0.5,datum_field
ULAA,2,0,0,0,departures,0.0,0.0,datum_field
ENGA,2,0,0,0,departures,0.0,0.0,datum_field
DAOI,2,1,1,1,departures,0.5,0.5,datum_field
ESST,2,2,2,5,departures,1.0,2.5,datum_field
EIWF,2,2,1,1,departures,0.5,0.5,datum_field
HLMS,2,0,0,0,departures,0.0,0.0,datum_field
LZPP,2,2,2,2,departures,1.0,1.0,datum_field
ENQO,2,0,0,0,arrivals,0.0,0.0,datum_field
EGLK,2,2,1,1,arrivals,0.5,0.5,datum_field
LTAG,2,0,0,0,arrivals,0.0,0.0,datum_field
LTBU,2,1,1,15,arrivals,0.5,7.5,datum_field
ENQV,2,0,0,0,arrivals,0.0,0.0,datum_field
LSGK,2,2,0,0,arrivals,0.0,0.0,datum_field
EDMS,2,1,0,0,arrivals,0.0,0.0,datum_field
ENWE,2,0,0,0,arrivals,0.0,0.0,datum_field
ORNI,2,0,0,0,arrivals,0.0,0.0,datum_field
DAOI,2,1,1,1,arrivals,0.5,0.5,datum_field
ENXW,2,0,0,0,arrivals,0.0,0.0,datum_field
LEAB,2,2,2,2,arrivals,1.0,1.0,datum_field
ENWA,2,1,0,0,arrivals,0.0,0.0,datum_field
LKKV,2,1,1,1,arrivals,0.5,0.5,datum_field
LEGT,2,2,1,1,arrivals,0.5,0.5,datum_field
EBMB,2,2,0,0,arrivals,0.0,0.0,datum_field
LJMB,2,1,1,2,arrivals,0.5,1.0,datum_field
EGMD,2,2,2,2,arrivals,1.0,1.0,datum_field
LSGC,2,2,2,2,arrivals,1.0,1.0,datum_field
DAUB,2,0,0,0,arrivals,0.0,0.0,datum_field
EHKV,2,1,0,0,arrivals,0.0,0.0,datum_field
LFPT,2,2,2,2,arrivals,1.0,1.0,datum_field
EHPG,2,2,0,0,arrivals,0.0,0.0,datum_field
EKHB,2,0,0,0,arrivals,0.0,0.0,datum_field
ESST,2,1,1,4,arrivals,0.5,2.0,datum_field
ENQR,2,0,0,0,arrivals,0.0,0.0,datum_field
DTTZ,2,0,0,0,arrivals,0.0,0.0,datum_field
LFQG,2,0,0,0,arrivals,0.0,0.0,datum_field
LTBZ,2,0,0,0,arrivals,0.0,0.0,datum_field
LFOK,2,0,0,0,arrivals,0.0,0.0,datum_field
ESNN,2,1,1,1,arrivals,0.5,0.5,datum_field
ENNE,2,0,0,0,arrivals,0.0,0.0,datum_field
LEDA,2,0,0,1,arrivals,0.0,0.5,datum_field
ETND,2,2,2,2,arrivals,1.0,1.0,datum_field
ENSE,2,0,0,0,arrivals,0.0,0.0,datum_field
LFRT,2,2,0,0,arrivals,0.0,0.0,datum_field
EDLN,2,2,0,0,arrivals,0.0,0.0,datum_field
GMMD,2,0,0,0,arrivals,0.0,0.0,datum_field
EGNL,2,2,1,1,arrivals,0.5,0.5,datum_field
LFRV,2,2,2,2,arrivals,1.0,1.0,datum_field
HLMS,2,1,0,0,arrivals,0.0,0.0,datum_field
EHJR,2,0,0,0,arrivals,0.0,0.0,datum_field
BIVO,2,0,0,0,arrivals,0.0,0.0,datum_field
OJAQ,2,0,0,0,arrivals,0.0,0.0,datum_field
GMAT,2,1,0,0,arrivals,0.0,0.0,datum_field
BITN,2,0,0,0,arrivals,0.0,0.0,datum_field
LFSN,2,2,0,0,arrivals,0.0,0.0,datum_field
LFJR,2,2,2,2,arrivals,1.0,1.0,datum_field
LRCK,2,0,0,0,arrivals,0.0,0.0,datum_field
LOAN,2,2,1,1,arrivals,0.5,0.5,datum_field
OENN,2,0,0,0,arrivals,0.0,0.0,datum_field
ENUA,2,0,0,0,arrivals,0.0,0.0,datum_field
ENQE,2,0,0,0,arrivals,0.0,0.0,datum_field
ENUD,2,0,0,0,arrivals,0.0,0.0,datum_field
ENQJ,2,0,0,0,arrivals,0.0,0.0,datum_field
EHKJ,2,0,0,0,arrivals,0.0,0.0,datum_field
LTBY,2,2,2,2,arrivals,1.0,1.0,datum_field
LIBG,2,0,0,0,arrivals,0.0,0.0,datum_field
LESU,2,0,0,0,arrivals,0.0,0.0,datum_field
ORKK,2,0,0,0,arrivals,0.0,0.0,datum_field
ENQD,2,0,0,0,arrivals,0.0,0.0,datum_field
EGBJ,2,2,2,2,arrivals,1.0,1.0,datum_field
EGPC,2,0,0,0,arrivals,0.0,0.0,datum_field
EDFZ,2,2,1,1,arrivals,0.5,0.5,datum_field
LFAC,2,2,1,1,arrivals,0.5,0.5,datum_field
LFAT,2,2,1,1,arrivals,0.5,0.5,datum_field
ENRK,1,1,0,0,departures,0.0,0.0,datum_field
ULPB,1,0,0,0,departures,0.0,0.0,datum_field
EYSA,1,1,1,1,departures,1.0,1.0,datum_field
EDMS,1,1,0,0,departures,0.0,0.0,datum_field
ENWE,1,0,0,0,departures,0.0,0.0,datum_field
ENQG,1,0,0,0,departures,0.0,0.0,datum_field
UMII,1,0,0,0,departures,0.0,0.0,datum_field
LOIH,1,1,0,0,departures,0.0,0.0,datum_field
ENQK,1,0,0,0,departures,0.0,0.0,datum_field
LFAQ,1,1,0,0,departures,0.0,0.0,datum_field
LFRO,1,1,1,1,departures,1.0,1.0,datum_field
LFRI,1,1,1,1,departures,1.0,1.0,datum_field
LKKU,1,1,1,1,departures,1.0,1.0,datum_field
LFCI,1,1,1,1,departures,1.0,1.0,datum_field
EIWT,1,1,0,0,departures,0.0,0.0,datum_field
EGHL,1,1,1,1,departures,1.0,1.0,datum_field
DTTZ,1,0,0,0,departures,0.0,0.0,datum_field
EFLP,1,0,0,0,departures,0.0,0.0,datum_field
EBCV,1,1,1,1,departures,1.0,1.0,datum_field
ENSF,1,0,0,0,departures,0.0,0.0,datum_field
UGSA,1,0,0,0,departures,0.0,0.0,datum_field
EDQM,1,1,1,1,departures,1.0,1.0,datum_field
URWA,1,0,0,0,departures,0.0,0.0,datum_field
EHKV,1,1,0,0,departures,0.0,0.0,datum_field
LFLA,1,1,1,1,departures,1.0,1.0,datum_field
LFGF,1,1,0,0,departures,0.0,0.0,datum_field
ULMM,1,0,0,0,departures,0.0,0.0,datum_field
EKGC,1,1,0,0,departures,0.0,0.0,datum_field
ENWK,1,0,0,0,departures,0.0,0.0,datum_field
USKK,1,0,0,0,departures,0.0,0.0,datum_field
UWPS,1,0,0,0,departures,0.0,0.0,datum_field
EGEO,1,1,0,0,departures,0.0,0.0,datum_field
EHPG,1,1,0,0,departures,0.0,0.0,datum_field
EGUB,1,1,1,1,departures,1.0,1.0,datum_field
ENLA,1,1,0,0,departures,0.0,0.0,datum_field
LFBF,1,1,0,0,departures,0.0,0.0,datum_field
EHTW,1,1,1,1,departures,1.0,1.0,datum_field
DABT,1,0,0,0,departures,0.0,0.0,datum_field
LGTG,1,1,1,1,departures,1.0,1.0,datum_field
LFLH,1,1,0,0,departures,0.0,0.0,datum_field
EHKS,1,1,0,0,departures,0.0,0.0,datum_field
ESMK,1,1,1,1,departures,1.0,1.0,datum_field
EDWF,1,1,0,0,departures,0.0,0.0,datum_field
ULWC,1,0,0,0,departures,0.0,0.0,datum_field
EHJC,1,1,0,0,departures,0.0,0.0,datum_field
ENWI,1,0,0,0,departures,0.0,0.0,datum_field
LKRO,1,1,0,0,departures,0.0,0.0,datum_field
EGSC,1,1,1,1,departures,1.0,1.0,datum_field
ENDR,1,0,0,0,departures,0.0,0.0,datum_field
LFCH,1,1,1,1,departures,1.0,1.0,datum_field
DAUH,1,0,0,0,departures,0.0,0.0,datum_field
EDRZ,1,1,0,0,departures,0.0,0.0,datum_field
EBSP,1,1,0,0,departures,0.0,0.0,datum_field
LKMH,1,1,0,0,departures,0.0,0.0,datum_field
EHJR,1,1,0,0,departures,0.0,0.0,datum_field
LEBA,1,1,1,1,departures,1.0,1.0,datum_field
LFJR,1,1,1,1,departures,1.0,1.0,datum_field
EDFZ,1,1,1,2,departures,1.0,2.0,datum_field
UBBF,1,0,0,0,departures,0.0,0.0,datum_field
LGKA,1,1,0,0,departures,0.0,0.0,datum_field
EPCD,1,1,0,0,departures,0.0,0.0,datum_field
BIGJ,1,1,0,0,departures,0.0,0.0,datum_field
UBBL,1,0,0,0,departures,0.0,0.0,datum_field
ENUD,1,0,0,0,departures,0.0,0.0,datum_field
EPPW,1,0,0,0,departures,0.0,0.0,datum_field
EPBC,1,0,0,0,departures,0.0,0.0,datum_field
EPWK,1,0,0,0,departures,0.0,0.0,datum_field
ENQL,1,0,0,0,departures,0.0,0.0,datum_field
LYKV,1,0,0,4,departures,0.0,4.0,datum_field
LIMG,1,1,1,1,departures,1.0,1.0,datum_field
LRAR,1,1,1,6,departures,1.0,6.0,datum_field
EDBC,1,1,0,0,departures,0.0,0.0,datum_field
ENQM,1,0,0,0,departures,0.0,0.0,datum_field
EDFE,1,1,0,0,departures,0.0,0.0,datum_field
LKPM,1,1,0,0,departures,0.0,0.0,datum_field
LFSG,1,1,1,1,departures,1.0,1.0,datum_field
ENBE,1,0,0,0,departures,0.0,0.0,datum_field
DAAV,1,0,0,0,departures,0.0,0.0,datum_field
EKSI,1,0,0,0,departures,0.0,0.0,datum_field
EDTF,1,1,0,0,departures,0.0,0.0,datum_field
EKHB,1,0,0,0,departures,0.0,0.0,datum_field
ENUN,1,0,0,0,departures,0.0,0.0,datum_field
LFMH,1,1,1,1,departures,1.0,1.0,datum_field
GMAZ,1,1,0,0,departures,0.0,0.0,datum_field
LOLW,1,1,0,0,departures,0.0,0.0,datum_field
LKJI,1,1,0,0,departures,0.0,0.0,datum_field
EHAK,1,0,0,0,departures,0.0,0.0,datum_field
EDBM,1,1,0,0,departures,0.0,0.0,datum_field
OJAQ,1,0,0,0,departures,0.0,0.0,datum_field
ENRY,1,1,1,2,departures,1.0,2.0,datum_field
EHFD,1,0,0,0,departures,0.0,0.0,datum_field
DAUG,1,0,0,0,departures,0.0,0.0,datum_field
ENQR,1,0,0,0,departures,0.0,0.0,datum_field
LFOP,1,0,0,0,departures,0.0,0.0,datum_field
ENUE,1,0,0,0,departures,0.0,0.0,datum_field
EKTE,1,1,0,0,departures,0.0,0.0,datum_field
ENUS,1,0,0,0,departures,0.0,0.0,datum_field
LPEV,1,1,1,1,departures,1.0,1.0,datum_field
OIGG,1,0,0,0,departures,0.0,0.0,datum_field
LIRJ,1,0,0,0,departures,0.0,0.0,datum_field
EHQM,1,1,0,0,departures,0.0,0.0,datum_field
UUBI,1,0,0,0,departures,0.0,0.0,datum_field
EGBK,1,1,0,0,departures,0.0,0.0,datum_field
EHGN,1,0,0,0,departures,0.0,0.0,datum_field
LSZG,1,1,1,2,departures,1.0,2.0,datum_field
EDTD,1,1,1,1,departures,1.0,1.0,datum_field
LFHS,1,1,0,0,departures,0.0,0.0,datum_field
EDMV,1,0,0,0,departures,0.0,0.0,datum_field
EDAY,1,1,0,0,departures,0.0,0.0,datum_field
EGOV,1,1,1,1,departures,1.0,1.0,datum_field
LFLD,1,1,1,1,departures,1.0,1.0,datum_field
LFBA,1,1,1,1,departures,1.0,1.0,datum_field
ENQB,1,1,0,0,departures,0.0,0.0,datum_field
LCRA,1,1,1,2,departures,1.0,2.0,datum_field
UUBC,1,0,0,0,departures,0.0,0.0,datum_field
EHLE,1,1,1,1,departures,1.0,1.0,datum_field
ENUK,1,0,0,0,departures,0.0,0.0,datum_field
EBMB,1,1,0,0,departures,0.0,0.0,datum_field
LGKZ,1,1,1,2,departures,1.0,2.0,datum_field
LHPR,1,1,1,1,departures,1.0,1.0,datum_field
LFLO,1,1,1,1,departures,1.0,1.0,datum_field
ENRK,1,1,0,0,arrivals,0.0,0.0,datum_field
ULPB,1,0,0,0,arrivals,0.0,0.0,datum_field
LEBA,1,1,1,1,arrivals,1.0,1.0,datum_field
LFLD,1,0,0,1,arrivals,0.0,1.0,datum_field
UMII,1,0,0,0,arrivals,0.0,0.0,datum_field
OIGG,1,0,0,0,arrivals,0.0,0.0,datum_field
LFRO,1,1,1,1,arrivals,1.0,1.0,datum_field
EGTF,1,1,0,0,arrivals,0.0,0.0,datum_field
USKK,1,0,0,0,arrivals,0.0,0.0,datum_field
UWPS,1,0,0,0,arrivals,0.0,0.0,datum_field
EKAR,1,0,0,0,arrivals,0.0,0.0,datum_field
UUBI,1,0,0,0,arrivals,0.0,0.0,datum_field
LKRO,1,1,0,0,arrivals,0.0,0.0,datum_field
EHKE,1,0,0,0,arrivals,0.0,0.0,datum_field
DAUH,1,0,0,0,arrivals,0.0,0.0,datum_field
EBCV,1,1,1,1,arrivals,1.0,1.0,datum_field
EHFT,1,0,0,0,arrivals,0.0,0.0,datum_field
LIMG,1,1,1,1,arrivals,1.0,1.0,datum_field
EDBM,1,1,0,0,arrivals,0.0,0.0,datum_field
URWA,1,0,0,0,arrivals,0.0,0.0,datum_field
EDBC,1,1,0,0,arrivals,0.0,0.0,datum_field
LFLA,1,0,0,0,arrivals,0.0,0.0,datum_field
ENQB,1,0,0,0,arrivals,0.0,0.0,datum_field
LIRJ,1,0,0,0,arrivals,0.0,0.0,datum_field
LFAQ,1,1,0,0,arrivals,0.0,0.0,datum_field
ENWK,1,0,0,0,arrivals,0.0,0.0,datum_field
LSZC,1,1,0,0,arrivals,0.0,0.0,datum_field
UUBC,1,0,0,0,arrivals,0.0,0.0,datum_field
LFGA,1,1,1,2,arrivals,1.0,2.0,datum_field
EGUB,1,1,1,1,arrivals,1.0,1.0,datum_field
ENLA,1,0,0,0,arrivals,0.0,0.0,datum_field
LHPR,1,1,1,1,arrivals,1.0,1.0,datum_field
EGWC,1,1,1,1,arrivals,1.0,1.0,datum_field
UGSA,1,0,0,0,arrivals,0.0,0.0,datum_field
EHDV,1,0,0,0,arrivals,0.0,0.0,datum_field
LPEV,1,1,1,1,arrivals,1.0,1.0,datum_field
UBBF,1,0,0,0,arrivals,0.0,0.0,datum_field
LFTF,1,1,0,0,arrivals,0.0,0.0,datum_field
ULWC,1,0,0,0,arrivals,0.0,0.0,datum_field
DAAV,1,0,0,0,arrivals,0.0,0.0,datum_field
EDGE,1,1,0,0,arrivals,0.0,0.0,datum_field
LFCI,1,1,1,1,arrivals,1.0,1.0,datum_field
EIWT,1,1,0,0,arrivals,0.0,0.0,datum_field
LRSM,1,0,0,0,arrivals,0.0,0.0,datum_field
EGSC,1,1,1,1,arrivals,1.0,1.0,datum_field
ENDR,1,0,0,0,arrivals,0.0,0.0,datum_field
UBBL,1,0,0,0,arrivals,0.0,0.0,datum_field
LPVR,1,1,1,4,arrivals,1.0,4.0,datum_field
LIQS,1,0,0,13,arrivals,0.0,13.0,datum_field
LKMH,1,1,0,0,arrivals,0.0,0.0,datum_field
EGFE,1,1,1,1,arrivals,1.0,1.0,datum_field
LIMW,1,0,0,0,arrivals,0.0,0.0,datum_field
LSTS,1,1,0,0,arrivals,0.0,0.0,datum_field
EDLE,1,1,0,0,arrivals,0.0,0.0,datum_field
EGBP,1,1,0,0,arrivals,0.0,0.0,datum_field
ENQM,1,0,0,0,arrivals,0.0,0.0,datum_field
EHLI,1,0,0,0,arrivals,0.0,0.0,datum_field
LDRG,1,1,0,0,arrivals,0.0,0.0,datum_field
LGKZ,1,1,1,1,arrivals,1.0,1.0,datum_field
EPPW,1,0,0,0,arrivals,0.0,0.0,datum_field
EHPK,1,0,0,0,arrivals,0.0,0.0,datum_field
EPWK,1,0,0,0,arrivals,0.0,0.0,datum_field
EHTW,1,1,1,1,arrivals,1.0,1.0,datum_field
EPNT,1,0,0,0,arrivals,0.0,0.0,datum_field
LYKV,1,0,0,0,arrivals,0.0,0.0,datum_field
EDFE,1,1,0,3,arrivals,0.0,3.0,datum_field
LFSG,1,1,1,2,arrivals,1.0,2.0,datum_field
EHFD,1,0,0,0,arrivals,0.0,0.0,datum_field
EDBR,1,1,1,1,arrivals,1.0,1.0,datum_field
EDXQ,1,1,0,0,arrivals,0.0,0.0,datum_field
EDTF,1,1,0,0,arrivals,0.0,0.0,datum_field
ENUN,1,0,0,0,arrivals,0.0,0.0,datum_field
LFMH,1,1,1,1,arrivals,1.0,1.0,datum_field
LFPN,1,1,0,0,arrivals,0.0,0.0,datum_field
GMAZ,1,0,0,0,arrivals,0.0,0.0,datum_field
LFOP,1,1,1,1,arrivals,1.0,1.0,datum_field
LOLW,1,1,0,0,arrivals,0.0,0.0,datum_field
ENQC,1,1,0,0,arrivals,0.0,0.0,datum_field
EDAQ,1,1,0,0,arrivals,0.0,0.0,datum_field
ULMM,1,0,0,0,arrivals,0.0,0.0,datum_field
EHFR,1,0,0,0,arrivals,0.0,0.0,datum_field
ENSF,1,0,0,0,arrivals,0.0,0.0,datum_field
EDQM,1,1,1,1,arrivals,1.0,1.0,datum_field
DABT,1,0,0,0,arrivals,0.0,0.0,datum_field
ENUS,1,0,0,0,arrivals,0.0,0.0,datum_field
ENGA,1,0,0,0,arrivals,0.0,0.0,datum_field
LFLH,1,1,0,0,arrivals,0.0,0.0,datum_field
LFBA,1,1,1,1,arrivals,1.0,1.0,datum_field
LFRI,1,0,0,0,arrivals,0.0,0.0,datum_field
LGKA,1,0,0,0,arrivals,0.0,0.0,datum_field
EGBK,1,1,0,0,arrivals,0.0,0.0,datum_field
BIGJ,1,0,0,0,arrivals,0.0,0.0,datum_field
EDTD,1,1,1,2,arrivals,1.0,2.0,datum_field
LFLO,1,1,0,0,arrivals,0.0,0.0,datum_field
EHGQ,1,0,0,0,arrivals,0.0,0.0,datum_field
EDMV,1,0,0,0,arrivals,0.0,0.0,datum_field
EGOV,1,1,0,0,arrivals,0.0,0.0,datum_field
LRAR,1,0,0,2,arrivals,0.0,2.0,datum_field
EIWF,1,1,1,1,arrivals,1.0,1.0,datum_field
LJPZ,1,1,1,2,arrivals,1.0,2.0,datum_field
EHLE,1,1,1,1,arrivals,1.0,1.0,datum_field
ENUK,1,0,0,0,arrivals,0.0,0.0,datum_field
EFLP,1,0,0,0,arrivals,0.0,0.0,datum_field
OOA,7964,42,0,0,arrivals,0.0,0.0,legacy
OOA,7892,80,0,0,departures,0.0,0.0,legacy
LTFM,2282,1315,1311,1318,departures,0.5744960560911481,0.5775635407537248,legacy
LTFM,2258,1887,1592,1598,arrivals,0.7050487156775908,0.7077059344552702,legacy
EHAM,2148,2144,2144,2165,departures,0.9981378026070763,1.0079143389199254,legacy
EHAM,2136,1929,1926,1930,arrivals,0.901685393258427,0.903558052434457,legacy
EDDF,2094,2085,2030,2033,departures,0.9694364851957975,0.9708691499522445,legacy
EDDF,2091,1835,1832,1834,arrivals,0.8761358201817312,0.877092300334768,legacy
LFPG,2084,2067,2064,2074,departures,0.9904030710172744,0.9952015355086372,legacy
LFPG,2066,1774,1773,1779,arrivals,0.8581800580832527,0.8610842207163601,legacy
EGLL,2001,1989,1987,1989,departures,0.9930034982508745,0.9940029985007496,legacy
EGLL,1986,1701,1697,1698,arrivals,0.8544813695871097,0.8549848942598187,legacy
LEMD,1786,1614,1607,1611,arrivals,0.8997760358342665,0.9020156774916014,legacy
LEMD,1773,1670,1666,1668,departures,0.9396503102086858,0.9407783417935702,legacy
LEBL,1597,1529,1528,1530,arrivals,0.9567939887288667,0.9580463368816531,legacy
LEBL,1591,1583,1582,1583,departures,0.994343180389692,0.9949717159019484,legacy
EDDM,1573,1562,1560,1564,departures,0.9917355371900827,0.9942784488239034,legacy
EDDM,1571,1486,1483,1484,arrivals,0.9439847231063018,0.9446212603437301,legacy
LIRF,1449,1445,1445,1447,departures,0.9972394755003451,0.9986197377501725,legacy
LTAI,1437,763,761,772,arrivals,0.5295755045233125,0.5372303409881698,legacy
LEPA,1436,1385,1383,1387,arrivals,0.963091922005571,0.9658774373259053,legacy
LTAI,1435,728,727,730,departures,0.5066202090592334,0.5087108013937283,legacy
LIRF,1433,1297,1292,1296,arrivals,0.9016050244242847,0.9043963712491278,legacy
LEPA,1417,1239,1238,1239,departures,0.8736767819336627,0.8743824982357092,legacy
LGAV,1317,134,117,118,arrivals,0.0888382687927107,0.08959757023538345,legacy
LGAV,1306,305,301,308,departures,0.2304747320061256,0.23583460949464014,legacy
EGKK,1223,1218,1218,1218,departures,0.9959116925592805,0.9959116925592805,legacy
EGKK,1220,1129,1129,1130,arrivals,0.9254098360655738,0.9262295081967213,legacy
EIDW,1188,1110,1109,1111,arrivals,0.9335016835016835,0.9351851851851852,legacy
EIDW,1185,1165,1164,1164,departures,0.9822784810126582,0.9822784810126582,legacy
LSZH,1178,1167,1160,1166,departures,0.9847198641765704,0.9898132427843803,legacy
LSZH,1160,1076,1068,1076,arrivals,0.9206896551724137,0.9275862068965517,legacy
LOWW,1156,1145,1143,1153,departures,0.9887543252595156,0.9974048442906575,legacy
EKCH,1152,1058,1058,1058,arrivals,0.9184027777777778,0.9184027777777778,legacy
LOWW,1145,1074,1072,1078,arrivals,0.9362445414847161,0.9414847161572052,legacy
EKCH,1140,1117,1117,1122,departures,0.9798245614035088,0.9842105263157894,legacy
LTFJ,1138,1003,997,999,arrivals,0.8760984182776801,0.8778558875219684,legacy
LTFJ,1137,1030,1030,1044,departures,0.9058927000879508,0.9182058047493403,legacy
LPPT,1010,976,803,803,departures,0.7950495049504951,0.7950495049504951,legacy
LPPT,1001,906,906,907,arrivals,0.9050949050949051,0.906093906093906,legacy
LFPO,992,985,985,989,departures,0.9929435483870968,0.9969758064516129,legacy
LFPO,991,949,949,950,arrivals,0.9576185671039354,0.958627648839556,legacy
LIMC,973,969,966,968,departures,0.9928057553956835,0.9948612538540597,legacy
LIMC,967,892,885,889,arrivals,0.9152016546018614,0.9193381592554292,legacy
ENGM,940,886,885,899,arrivals,0.9414893617021277,0.9563829787234043,legacy
ENGM,932,807,806,815,departures,0.8648068669527897,0.8744635193133047,legacy
EGCC,926,919,918,920,departures,0.9913606911447084,0.9935205183585313,legacy
EGCC,924,840,840,841,arrivals,0.9090909090909091,0.9101731601731602,legacy
EGSS,888,846,841,844,arrivals,0.9470720720720721,0.9504504504504504,legacy
EGSS,885,882,879,879,departures,0.9932203389830508,0.9932203389830508,legacy
EPWA,880,783,780,780,arrivals,0.8863636363636364,0.8863636363636364,legacy
EPWA,875,870,870,872,departures,0.9942857142857143,0.9965714285714286,legacy
EBBR,872,868,868,878,departures,0.9954128440366973,1.0068807339449541,legacy
EBBR,871,786,783,793,arrivals,0.8989667049368542,0.9104477611940298,legacy
EDDB,870,851,848,861,departures,0.9747126436781609,0.9896551724137931,legacy
LEMG,861,843,843,843,arrivals,0.9790940766550522,0.9790940766550522,legacy
LEMG,850,846,846,848,departures,0.9952941176470588,0.9976470588235294,legacy
ESSA,841,731,724,730,arrivals,0.8608799048751486,0.8680142687277052,legacy
EDDB,840,797,795,800,arrivals,0.9464285714285714,0.9523809523809523,legacy
ESSA,820,792,790,798,departures,0.9634146341463414,0.973170731707317,legacy
EDDL,758,753,750,751,departures,0.9894459102902374,0.9907651715039578,legacy
EDDL,751,732,730,735,arrivals,0.9720372836218375,0.9786950732356857,legacy
LFMN,710,691,686,697,arrivals,0.9661971830985916,0.9816901408450704,legacy
LFMN,707,697,691,694,departures,0.9773691654879774,0.9816124469589816,legacy
LSGG,680,452,445,448,departures,0.6544117647058824,0.6588235294117647,legacy
LSGG,670,650,648,658,arrivals,0.9671641791044776,0.982089552238806,legacy
LKPR,667,659,658,663,departures,0.9865067466266867,0.9940029985007496,legacy
EFHK,666,577,576,578,arrivals,0.8648648648648649,0.8678678678678678,legacy
EFHK,659,654,654,659,departures,0.992412746585736,1.0,legacy
LKPR,657,620,616,616,arrivals,0.9375951293759512,0.9375951293759512,legacy
LEAL,599,598,598,598,departures,0.998330550918197,0.998330550918197,legacy
LEAL,599,592,592,592,arrivals,0.988313856427379,0.988313856427379,legacy
EGPH,584,553,553,556,arrivals,0.946917808219178,0.952054794520548,legacy
LHBP,578,567,566,567,departures,0.9792387543252595,0.9809688581314879,legacy
EGPH,577,573,571,571,departures,0.9896013864818024,0.9896013864818024,legacy
LHBP,577,542,540,543,arrivals,0.9358752166377816,0.9410745233968805,legacy
EGGW,552,532,529,535,arrivals,0.9583333333333334,0.9692028985507246,legacy
EGGW,550,548,538,542,departures,0.9781818181818182,0.9854545454545455,legacy
EDDH,538,532,529,529,departures,0.983271375464684,0.983271375464684,legacy
EDDH,532,523,520,521,arrivals,0.9774436090225563,0.9793233082706767,legacy
GCLP,521,0,0,0,arrivals,0.0,0.0,legacy
GCLP,520,2,0,0,departures,0.0,0.0,legacy
LLBG,516,457,456,458,arrivals,0.8837209302325582,0.8875968992248062,legacy
EDDK,515,499,499,500,departures,0.9689320388349515,0.970873786407767,legacy
LLBG,513,497,496,497,departures,0.9668615984405458,0.9688109161793372,legacy
LPPR,513,509,508,508,departures,0.9902534113060428,0.9902534113060428,legacy
LPPR,512,482,480,480,arrivals,0.9375,0.9375,legacy
LEIB,509,490,490,491,arrivals,0.962671905697446,0.9646365422396856,legacy
EDDK,509,488,484,484,arrivals,0.9508840864440079,0.9508840864440079,legacy
LROP,509,496,495,496,arrivals,0.9724950884086444,0.9744597249508841,legacy
LROP,504,495,495,496,departures,0.9821428571428571,0.9841269841269841,legacy
LEIB,495,418,418,418,departures,0.8444444444444444,0.8444444444444444,legacy
EGBB,474,468,467,467,departures,0.9852320675105485,0.9852320675105485,legacy
EGBB,466,433,432,432,arrivals,0.927038626609442,0.927038626609442,legacy
LIML,465,458,454,461,arrivals,0.9763440860215054,0.9913978494623656,legacy
LIME,460,454,451,452,arrivals,0.9804347826086957,0.9826086956521739,legacy
LIML,458,451,451,456,departures,0.9847161572052402,0.9956331877729258,legacy
LIME,453,447,446,446,departures,0.9845474613686535,0.9845474613686535,legacy
LIRN,449,4,0,0,departures,0.0,0.0,legacy
LIRN,447,4,0,0,arrivals,0.0,0.0,legacy
LFML,445,442,441,442,arrivals,0.9910112359550561,0.9932584269662922,legacy
LFML,444,440,439,440,departures,0.9887387387387387,0.990990990990991,legacy
EDDS,440,420,415,419,departures,0.9431818181818182,0.9522727272727273,legacy
EDDS,433,414,414,420,arrivals,0.9561200923787528,0.9699769053117783,legacy
LGIR,430,3,0,0,arrivals,0.0,0.0,legacy
LGIR,424,0,0,0,departures,0.0,0.0,legacy
LIPZ,412,407,407,408,departures,0.9878640776699029,0.9902912621359223,legacy
LFLL,412,401,401,401,arrivals,0.9733009708737864,0.9733009708737864,legacy
LFLL,411,406,406,406,departures,0.9878345498783455,0.9878345498783455,legacy
LIPZ,409,390,390,393,arrivals,0.9535452322738386,0.960880195599022,legacy
LPFR,407,403,402,404,arrivals,0.9877149877149877,0.9926289926289926,legacy
LPFR,405,403,400,400,departures,0.9876543209876543,0.9876543209876543,legacy
LYBE,395,374,374,376,arrivals,0.9468354430379747,0.9518987341772152,legacy
LYBE,394,388,387,387,departures,0.9822335025380711,0.9822335025380711,legacy
LICC,391,22,19,19,arrivals,0.04859335038363171,0.04859335038363171,legacy
LICC,390,4,0,0,departures,0.0,0.0,legacy
LTAC,381,2,0,0,departures,0.0,0.0,legacy
LIPE,380,374,374,375,departures,0.9842105263157894,0.9868421052631579,legacy
LIPE,376,373,372,372,arrivals,0.9893617021276596,0.9893617021276596,legacy
LTAC,374,4,0,0,arrivals,0.0,0.0,legacy
LCLK,368,319,316,317,departures,0.8586956521739131,0.8614130434782609,legacy
LCLK,367,356,355,362,arrivals,0.9673024523160763,0.9863760217983651,legacy
GMMN,360,148,147,149,departures,0.4083333333333333,0.41388888888888886,legacy
EPKK,360,351,351,353,departures,0.975,0.9805555555555555,legacy
EGGD,360,343,343,344,arrivals,0.9527777777777777,0.9555555555555556,legacy
EGGD,359,357,357,357,departures,0.9944289693593314,0.9944289693593314,legacy
LEVC,357,352,351,351,arrivals,0.9831932773109243,0.9831932773109243,legacy
GMMN,357,266,266,272,arrivals,0.7450980392156863,0.7619047619047619,legacy
ENBR,357,337,326,337,arrivals,0.9131652661064426,0.9439775910364145,legacy
EPKK,356,307,306,307,arrivals,0.8595505617977528,0.8623595505617978,legacy
LEVC,355,318,318,318,departures,0.895774647887324,0.895774647887324,legacy
LFSB,354,349,348,350,departures,0.9830508474576272,0.9887005649717514,legacy
LFSB,352,344,344,345,arrivals,0.9772727272727273,0.9801136363636364,legacy
ENBR,349,342,337,353,departures,0.9656160458452722,1.011461318051576,legacy
LTBJ,346,2,1,1,departures,0.002890173410404624,0.002890173410404624,legacy
LGRP,346,316,315,316,arrivals,0.9104046242774566,0.9132947976878613,legacy
EGPF,346,307,305,308,arrivals,0.8815028901734104,0.8901734104046243,legacy
EGPF,344,324,322,323,departures,0.936046511627907,0.938953488372093,legacy
LTBJ,341,3,0,0,arrivals,0.0,0.0,legacy
LGRP,340,318,318,319,departures,0.9352941176470588,0.9382352941176471,legacy
LMML,326,322,322,325,departures,0.9877300613496932,0.9969325153374233,legacy
LMML,326,320,319,322,arrivals,0.9785276073619632,0.9877300613496932,legacy
LATI,323,2,0,0,arrivals,0.0,0.0,legacy
GCTS,323,0,0,0,arrivals,0.0,0.0,legacy
GCTS,321,2,0,0,departures,0.0,0.0,legacy
GCXO,320,1,0,0,arrivals,0.0,0.0,legacy
GCXO,319,65,65,65,departures,0.20376175548589343,0.20376175548589343,legacy
LATI,316,3,0,0,departures,0.0,0.0,legacy
LICJ,314,120,117,117,arrivals,0.37261146496815284,0.37261146496815284,legacy
LICJ,310,139,139,140,departures,0.4483870967741935,0.45161290322580644,legacy
EBCI,304,304,304,304,departures,1.0,1.0,legacy
EBCI,303,300,299,299,arrivals,0.9867986798679867,0.9867986798679867,legacy
BIKF,297,291,291,292,departures,0.9797979797979798,0.9831649831649831,legacy
BIKF,296,100,98,99,arrivals,0.3310810810810811,0.3344594594594595,legacy
ELLX,294,291,291,291,departures,0.9897959183673469,0.9897959183673469,legacy
ELLX,294,284,284,287,arrivals,0.9659863945578231,0.9761904761904762,legacy
LFBO,293,290,290,290,departures,0.9897610921501706,0.9897610921501706,legacy
LFBO,290,289,287,287,arrivals,0.9896551724137931,0.9896551724137931,legacy
LGTS,281,219,219,222,arrivals,0.7793594306049823,0.7900355871886121,legacy
LTBS,280,5,0,0,arrivals,0.0,0.0,legacy
LGTS,279,116,116,118,departures,0.4157706093189964,0.4229390681003584,legacy
GMMX,279,4,0,0,arrivals,0.0,0.0,legacy
GMMX,278,1,1,1,departures,0.0035971223021582736,0.0035971223021582736,legacy
EVRA,278,228,227,227,arrivals,0.8165467625899281,0.8165467625899281,legacy
LEZL,276,275,274,276,arrivals,0.9927536231884058,1.0,legacy
LEZL,275,274,274,274,departures,0.9963636363636363,0.9963636363636363,legacy
LTBS,273,1,0,0,departures,0.0,0.0,legacy
EVRA,273,270,269,270,departures,0.9853479853479854,0.989010989010989,legacy
LBSF,272,1,0,0,departures,0.0,0.0,legacy
GCRR,269,0,0,0,departures,0.0,0.0,legacy
GCRR,269,0,0,0,arrivals,0.0,0.0,legacy
EGNX,267,264,264,265,departures,0.9887640449438202,0.9925093632958801,legacy
LBSF,267,4,0,0,arrivals,0.0,0.0,legacy
EDDP,261,245,244,245,arrivals,0.9348659003831418,0.9386973180076629,legacy
EPKT,259,241,240,240,departures,0.9266409266409267,0.9266409266409267,legacy
HEGN,258,0,0,0,arrivals,0.0,0.0,legacy
HEGN,257,0,0,0,departures,0.0,0.0,legacy
UGTB,257,1,0,0,departures,0.0,0.0,legacy
LFRS,257,251,248,248,arrivals,0.9649805447470817,0.9649805447470817,legacy
UGTB,257,29,26,27,arrivals,0.10116731517509728,0.10505836575875487,legacy
EPKT,257,237,236,236,arrivals,0.9182879377431906,0.9182879377431906,legacy
LFRS,256,184,184,184,departures,0.71875,0.71875,legacy
EDDP,256,251,251,253,departures,0.98046875,0.98828125,legacy
EGNX,255,240,239,239,arrivals,0.9372549019607843,0.9372549019607843,legacy
LIEO,252,28,25,25,arrivals,0.0992063492063492,0.0992063492063492,legacy
EPGD,248,6,6,6,departures,0.024193548387096774,0.024193548387096774,legacy
LGKR,247,4,0,0,arrivals,0.0,0.0,legacy
EGAA,246,239,214,214,arrivals,0.8699186991869918,0.8699186991869918,legacy
LGKR,244,0,0,0,departures,0.0,0.0,legacy
HECA,244,4,4,4,departures,0.01639344262295082,0.01639344262295082,legacy
EPGD,244,1,0,0,arrivals,0.0,0.0,legacy
EGAA,239,148,148,149,departures,0.6192468619246861,0.6234309623430963,legacy
ENZV,236,71,69,77,departures,0.2923728813559322,0.326271186440678,legacy
ENZV,236,64,61,61,arrivals,0.2584745762711864,0.2584745762711864,legacy
LEBB,235,1,0,0,arrivals,0.0,0.0,legacy
LEBB,234,1,0,0,departures,0.0,0.0,legacy
LTFE,232,179,174,178,arrivals,0.75,0.7672413793103449,legacy
HECA,231,39,4,4,arrivals,0.017316017316017316,0.017316017316017316,legacy
LFPB,230,221,220,231,departures,0.9565217391304348,1.0043478260869565,legacy
LIBD,229,1,0,0,arrivals,0.0,0.0,legacy
LIBD,228,2,0,0,departures,0.0,0.0,legacy
LIEO,228,15,9,9,departures,0.039473684210526314,0.039473684210526314,legacy
LIRP,228,148,145,145,arrivals,0.6359649122807017,0.6359649122807017,legacy
UUWW,227,7,4,4,arrivals,0.01762114537444934,0.01762114537444934,legacy
LEMH,226,191,191,191,arrivals,0.8451327433628318,0.8451327433628318,legacy
LFBD,225,222,222,224,departures,0.9866666666666667,0.9955555555555555,legacy
LFPB,225,218,215,221,arrivals,0.9555555555555556,0.9822222222222222,legacy
LEMH,222,174,174,174,departures,0.7837837837837838,0.7837837837837838,legacy
LTFE,220,6,3,3,departures,0.013636363636363636,0.013636363636363636,legacy
LIRP,220,42,41,41,departures,0.18636363636363637,0.18636363636363637,legacy
ENVA,219,208,208,230,arrivals,0.9497716894977168,1.0502283105022832,legacy
LFBD,219,215,214,216,arrivals,0.9771689497716894,0.9863013698630136,legacy
LUKK,217,2,0,0,departures,0.0,0.0,legacy
ENVA,217,210,199,202,departures,0.9170506912442397,0.9308755760368663,legacy
LUKK,217,3,0,0,arrivals,0.0,0.0,legacy
LDSP,216,3,0,0,departures,0.0,0.0,legacy
ESGG,216,214,214,214,departures,0.9907407407407407,0.9907407407407407,legacy
UUWW,216,1,1,1,departures,0.004629629629629629,0.004629629629629629,legacy
LDZA,215,3,0,0,departures,0.0,0.0,legacy
LDSP,215,5,0,0,arrivals,0.0,0.0,legacy
LDZA,215,207,206,213,arrivals,0.958139534883721,0.9906976744186047,legacy
ESGG,214,208,208,210,arrivals,0.9719626168224299,0.9813084112149533,legacy
UUEE,214,1,1,3,arrivals,0.004672897196261682,0.014018691588785047,legacy
EDDV,213,210,209,210,departures,0.9812206572769953,0.9859154929577465,legacy
GCFV,212,0,0,0,departures,0.0,0.0,legacy
UUEE,212,2,2,2,departures,0.009433962264150943,0.009433962264150943,legacy
EGNT,211,199,199,199,departures,0.943127962085308,0.943127962085308,legacy
GCFV,211,2,0,0,arrivals,0.0,0.0,legacy
EGNT,211,184,184,184,arrivals,0.8720379146919431,0.8720379146919431,legacy
EDDV,209,202,202,203,arrivals,0.9665071770334929,0.9712918660287081,legacy
EGGP,208,204,203,203,departures,0.9759615384615384,0.9759615384615384,legacy
EGGP,206,194,193,195,arrivals,0.9368932038834952,0.9466019417475728,legacy
LIRQ,202,1,1,1,departures,0.0049504950495049506,0.0049504950495049506,legacy
EDDN,201,195,194,196,departures,0.9651741293532339,0.9751243781094527,legacy
EDDN,199,192,191,196,arrivals,0.9597989949748744,0.9849246231155779,legacy
LGSA,199,18,16,16,arrivals,0.08040201005025126,0.08040201005025126,legacy
EGLC,198,198,198,198,departures,1.0,1.0,legacy
LIRQ,198,33,31,31,arrivals,0.15656565656565657,0.15656565656565657,legacy
LGSA,196,14,14,14,departures,0.07142857142857142,0.07142857142857142,legacy
LIEE,195,1,0,0,arrivals,0.0,0.0,legacy
EPWR,194,189,189,190,arrivals,0.9742268041237113,0.979381443298969,legacy
EPWR,193,190,190,190,departures,0.9844559585492227,0.9844559585492227,legacy
EGNM,193,173,173,176,arrivals,0.8963730569948186,0.9119170984455959,legacy
UDYZ,192,1,0,0,departures,0.0,0.0,legacy
UDYZ,192,1,0,0,arrivals,0.0,0.0,legacy
LIEE,191,1,0,0,departures,0.0,0.0,legacy
EHEH,191,191,189,189,departures,0.9895287958115183,0.9895287958115183,legacy
EGNM,190,185,184,184,departures,0.968421052631579,0.968421052631579,legacy
EHEH,190,187,186,187,arrivals,0.9789473684210527,0.9842105263157894,legacy
EYVI,189,116,115,118,arrivals,0.6084656084656085,0.6243386243386243,legacy
EGLC,189,189,189,189,arrivals,1.0,1.0,legacy
EYVI,186,175,175,177,departures,0.9408602150537635,0.9516129032258065,legacy
DAAG,186,5,4,4,departures,0.021505376344086023,0.021505376344086023,legacy
DTTA,186,0,0,0,arrivals,0.0,0.0,legacy
DTTA,185,2,0,0,departures,0.0,0.0,legacy
DAAG,184,93,92,93,arrivals,0.5,0.5054347826086957,legacy
LFOB,181,172,172,172,departures,0.9502762430939227,0.9502762430939227,legacy
LFOB,181,177,144,144,arrivals,0.7955801104972375,0.7955801104972375,legacy
LDDU,180,4,0,0,arrivals,0.0,0.0,legacy
LGKO,178,168,168,169,departures,0.9438202247191011,0.949438202247191,legacy
LDDU,177,1,0,0,departures,0.0,0.0,legacy
LGKO,177,166,166,169,arrivals,0.9378531073446328,0.9548022598870056,legacy
EETN,162,142,142,142,arrivals,0.8765432098765432,0.8765432098765432,legacy
EPPO,161,156,156,156,departures,0.968944099378882,0.968944099378882,legacy
HESH,161,0,0,0,arrivals,0.0,0.0,legacy
UMKK,160,1,0,0,departures,0.0,0.0,legacy
EETN,159,149,149,150,departures,0.9371069182389937,0.9433962264150944,legacy
LPMA,159,153,153,153,departures,0.9622641509433962,0.9622641509433962,legacy
HESH,159,0,0,0,departures,0.0,0.0,legacy
UMKK,159,0,0,0,arrivals,0.0,0.0,legacy
LPMA,158,14,14,18,arrivals,0.08860759493670886,0.11392405063291139,legacy
LIMF,157,153,151,152,departures,0.9617834394904459,0.9681528662420382,legacy
LIMF,157,155,153,157,arrivals,0.9745222929936306,1.0,legacy
LIRA,156,153,49,49,arrivals,0.3141025641025641,0.3141025641025641,legacy
LIRA,154,152,152,155,departures,0.987012987012987,1.0064935064935066,legacy
EPPO,154,148,148,148,arrivals,0.961038961038961,0.961038961038961,legacy
EKBI,154,150,149,150,arrivals,0.9675324675324676,0.974025974025974,legacy
LPPD,153,42,42,42,departures,0.27450980392156865,0.27450980392156865,legacy
EKBI,152,146,146,147,departures,0.9605263157894737,0.9671052631578947,legacy
LPPD,151,92,91,93,arrivals,0.6026490066225165,0.6158940397350994,legacy
ULLI,148,1,0,0,arrivals,0.0,0.0,legacy
OLBA,144,8,5,5,departures,0.034722222222222224,0.034722222222222224,legacy
LIPX,144,120,119,119,departures,0.8263888888888888,0.8263888888888888,legacy
OLBA,144,17,16,17,arrivals,0.1111111111111111,0.11805555555555555,legacy
ENTC,143,7,0,0,arrivals,0.0,0.0,legacy
ULLI,142,0,0,0,departures,0.0,0.0,legacy
LIPX,142,138,138,143,arrivals,0.971830985915493,1.0070422535211268,legacy
LGSR,139,3,0,0,departures,0.0,0.0,legacy
LGSR,139,2,0,0,arrivals,0.0,0.0,legacy
ENTC,138,5,0,0,departures,0.0,0.0,legacy
LTCG,138,84,84,84,arrivals,0.6086956521739131,0.6086956521739131,legacy
EGPD,137,124,124,124,departures,0.9051094890510949,0.9051094890510949,legacy
EGPD,136,123,123,123,arrivals,0.9044117647058824,0.9044117647058824,legacy
ENBO,134,99,98,127,departures,0.7313432835820896,0.9477611940298507,legacy
EBLG,134,133,132,138,departures,0.9850746268656716,1.0298507462686568,legacy
LTDB,133,3,0,0,departures,0.0,0.0,legacy
LTCG,133,97,97,97,departures,0.7293233082706767,0.7293233082706767,legacy
ENBO,133,115,110,129,arrivals,0.8270676691729323,0.9699248120300752,legacy
LRCL,130,0,0,0,departures,0.0,0.0,legacy
LIBR,130,2,0,0,departures,0.0,0.0,legacy
LRCL,129,0,0,0,arrivals,0.0,0.0,legacy
LTDB,129,3,0,0,arrivals,0.0,0.0,legacy
LGZA,126,126,123,125,departures,0.9761904761904762,0.9920634920634921,legacy
EBLG,126,97,97,102,arrivals,0.7698412698412699,0.8095238095238095,legacy
LGZA,126,119,118,120,arrivals,0.9365079365079365,0.9523809523809523,legacy
LIBR,125,0,0,0,arrivals,0.0,0.0,legacy
EGAC,123,120,120,121,departures,0.975609756097561,0.983739837398374,legacy
EGAC,123,116,116,140,arrivals,0.943089430894309,1.1382113821138211,legacy
BKPR,120,0,0,0,departures,0.0,0.0,legacy
BKPR,120,2,0,0,arrivals,0.0,0.0,legacy
EICK,120,119,119,119,arrivals,0.9916666666666667,0.9916666666666667,legacy
EICK,119,118,118,118,departures,0.9915966386554622,0.9915966386554622,legacy
LDZD,118,10,3,3,arrivals,0.025423728813559324,0.025423728813559324,legacy
OJAI,116,1,0,1,departures,0.0,0.008620689655172414,legacy
OJAI,116,0,0,0,arrivals,0.0,0.0,legacy
LDZD,114,1,0,0,departures,0.0,0.0,legacy
LICA,112,1,0,0,arrivals,0.0,0.0,legacy
EGLF,110,110,109,119,departures,0.990909090909091,1.0818181818181818,legacy
LICA,108,0,0,0,departures,0.0,0.0,legacy
EGJJ,108,106,96,96,arrivals,0.8888888888888888,0.8888888888888888,legacy
EGLF,108,107,104,107,arrivals,0.9629629629629629,0.9907407407407407,legacy
LCPH,107,98,97,97,arrivals,0.9065420560747663,0.9065420560747663,legacy
LWSK,106,0,0,0,departures,0.0,0.0,legacy
OKKK,106,103,103,103,departures,0.9716981132075472,0.9716981132075472,legacy
LEST,106,82,79,79,arrivals,0.7452830188679245,0.7452830188679245,legacy
LCPH,105,23,23,23,departures,0.21904761904761905,0.21904761904761905,legacy
LGMK,105,12,9,9,departures,0.08571428571428572,0.08571428571428572,legacy
LEST,105,15,15,15,departures,0.14285714285714285,0.14285714285714285,legacy
LZIB,105,101,101,101,departures,0.9619047619047619,0.9619047619047619,legacy
LEGE,105,29,27,27,arrivals,0.2571428571428571,0.2571428571428571,legacy
LWSK,105,0,0,0,arrivals,0.0,0.0,legacy
LZIB,105,103,103,103,arrivals,0.9809523809523809,0.9809523809523809,legacy
LEGE,104,79,79,80,departures,0.7596153846153846,0.7692307692307693,legacy
LGMK,104,49,47,50,arrivals,0.4519230769230769,0.4807692307692308,legacy
EDJA,104,102,102,102,arrivals,0.9807692307692307,0.9807692307692307,legacy
EDJA,102,101,101,101,departures,0.9901960784313726,0.9901960784313726,legacy
OKKK,102,41,41,42,arrivals,0.4019607843137255,0.4117647058823529,legacy
EGJJ,101,97,95,101,departures,0.9405940594059405,1.0,legacy
EHRD,100,100,99,101,arrivals,0.99,1.01,legacy
EHRD,99,98,96,101,departures,0.9696969696969697,1.02020202020202,legacy
LBBG,97,82,82,82,arrivals,0.845360824742268,0.845360824742268,legacy
LOWS,96,94,94,97,departures,0.9791666666666666,1.0104166666666667,legacy
LOWS,95,92,90,90,arrivals,0.9473684210526315,0.9473684210526315,legacy
DTTJ,94,1,0,0,arrivals,0.0,0.0,legacy
LJLJ,94,86,85,86,arrivals,0.9042553191489362,0.9148936170212766,legacy
LBBG,93,23,23,23,departures,0.24731182795698925,0.24731182795698925,legacy
LQSA,93,0,0,0,departures,0.0,0.0,legacy
LQSA,93,0,0,0,arrivals,0.0,0.0,legacy
GMAD,92,0,0,0,departures,0.0,0.0,legacy
EGKB,92,91,81,84,departures,0.8804347826086957,0.9130434782608695,legacy
EINN,91,61,60,60,departures,0.6593406593406593,0.6593406593406593,legacy
GMAD,91,0,0,0,arrivals,0.0,0.0,legacy
EGKB,91,90,88,100,arrivals,0.967032967032967,1.098901098901099,legacy
LJLJ,90,60,60,61,departures,0.6666666666666666,0.6777777777777778,legacy
DTTJ,89,0,0,0,departures,0.0,0.0,legacy
UUDD,89,5,5,5,departures,0.056179775280898875,0.056179775280898875,legacy
EDDW,88,87,86,88,departures,0.9772727272727273,1.0,legacy
GMTT,88,88,88,88,departures,1.0,1.0,legacy
EDLW,87,85,85,86,departures,0.9770114942528736,0.9885057471264368,legacy
EDDW,87,87,86,88,arrivals,0.9885057471264368,1.0114942528735633,legacy
GMTT,87,86,86,87,arrivals,0.9885057471264368,1.0,legacy
EDLW,87,84,84,84,arrivals,0.9655172413793104,0.9655172413793104,legacy
EINN,86,80,80,82,arrivals,0.9302325581395349,0.9534883720930233,legacy
LIMJ,86,86,85,85,arrivals,0.9883720930232558,0.9883720930232558,legacy
EGHI,86,78,78,79,arrivals,0.9069767441860465,0.9186046511627907,legacy
LIPH,85,85,85,85,departures,1.0,1.0,legacy
GCLA,85,0,0,0,departures,0.0,0.0,legacy
LIPH,85,85,84,84,arrivals,0.9882352941176471,0.9882352941176471,legacy
EDSB,85,78,78,78,arrivals,0.9176470588235294,0.9176470588235294,legacy
LFKB,84,5,4,4,departures,0.047619047619047616,0.047619047619047616,legacy
LFKB,84,20,20,20,arrivals,0.23809523809523808,0.23809523809523808,legacy
GCLA,84,0,0,0,arrivals,0.0,0.0,legacy
EGHI,83,74,74,75,departures,0.891566265060241,0.9036144578313253,legacy
EGJB,83,60,55,57,departures,0.6626506024096386,0.6867469879518072,legacy
LYTV,83,2,0,0,arrivals,0.0,0.0,legacy
LYTV,82,1,0,0,departures,0.0,0.0,legacy
EDSB,81,76,76,77,departures,0.9382716049382716,0.9506172839506173,legacy
EGNS,81,73,72,72,arrivals,0.8888888888888888,0.8888888888888888,legacy
DTMB,81,0,0,0,arrivals,0.0,0.0,legacy
EGNS,80,44,44,44,departures,0.55,0.55,legacy
LFKJ,80,78,78,78,arrivals,0.975,0.975,legacy
LIMJ,79,42,41,41,departures,0.5189873417721519,0.5189873417721519,legacy
DTMB,79,1,0,0,departures,0.0,0.0,legacy
LFKJ,78,76,76,76,departures,0.9743589743589743,0.9743589743589743,legacy
EDFH,77,18,17,17,departures,0.22077922077922077,0.22077922077922077,legacy
LYPG,77,0,0,0,departures,0.0,0.0,legacy
LYPG,77,1,0,0,arrivals,0.0,0.0,legacy
EKYT,75,72,72,72,departures,0.96,0.96,legacy
LBWN,75,14,14,14,arrivals,0.18666666666666668,0.18666666666666668,legacy
LFMT,75,54,54,54,arrivals,0.72,0.72,legacy
UUDD,75,0,0,0,arrivals,0.0,0.0,legacy
LFMT,74,69,68,68,departures,0.918918918918919,0.918918918918919,legacy
EDFH,74,71,71,72,arrivals,0.9594594594594594,0.972972972972973,legacy
LTAJ,74,0,0,0,arrivals,0.0,0.0,legacy
EGJB,74,64,63,84,arrivals,0.8513513513513513,1.135135135135135,legacy
LTAU,73,0,0,0,arrivals,0.0,0.0,legacy
LTAJ,72,0,0,0,departures,0.0,0.0,legacy
LFMD,72,69,68,72,arrivals,0.9444444444444444,1.0,legacy
EGHH,72,67,66,68,arrivals,0.9166666666666666,0.9444444444444444,legacy
ENTO,72,55,54,54,arrivals,0.75,0.75,legacy
LBWN,71,2,1,1,departures,0.014084507042253521,0.014084507042253521,legacy
LRIA,71,1,0,0,departures,0.0,0.0,legacy
EGHH,71,69,68,68,departures,0.9577464788732394,0.9577464788732394,legacy
ENTO,71,2,1,2,departures,0.014084507042253521,0.028169014084507043,legacy
EKYT,71,69,69,69,arrivals,0.971830985915493,0.971830985915493,legacy
LTAU,70,0,0,0,departures,0.0,0.0,legacy
LEAS,69,2,2,2,departures,0.028985507246376812,0.028985507246376812,legacy
UGSB,69,49,49,50,arrivals,0.7101449275362319,0.7246376811594203,legacy
EDLV,69,69,69,69,arrivals,1.0,1.0,legacy
EDLV,68,68,68,69,departures,1.0,1.0147058823529411,legacy
LERS,68,44,44,44,arrivals,0.6470588235294118,0.6470588235294118,legacy
LEAS,68,1,0,0,arrivals,0.0,0.0,legacy
LRIA,68,0,0,0,arrivals,0.0,0.0,legacy
UGSB,67,47,47,47,departures,0.7014925373134329,0.7014925373134329,legacy
LERS,67,4,4,4,departures,0.05970149253731343,0.05970149253731343,legacy
URSS,67,0,0,0,arrivals,0.0,0.0,legacy
LFMD,65,60,59,61,departures,0.9076923076923077,0.9384615384615385,legacy
LFKF,65,50,49,49,arrivals,0.7538461538461538,0.7538461538461538,legacy
GMME,64,3,3,3,departures,0.046875,0.046875,legacy
GMME,63,18,18,18,arrivals,0.2857142857142857,0.2857142857142857,legacy
LIEA,62,62,62,62,departures,1.0,1.0,legacy
LGKF,62,59,58,59,departures,0.9354838709677419,0.9516129032258065,legacy
LIEA,62,62,62,62,arrivals,1.0,1.0,legacy
LIPQ,61,58,58,58,departures,0.9508196721311475,0.9508196721311475,legacy
LFKF,61,5,5,5,departures,0.08196721311475409,0.08196721311475409,legacy
EDDG,60,60,60,60,departures,1.0,1.0,legacy
EPRZ,60,57,56,56,departures,0.9333333333333333,0.9333333333333333,legacy
LGKF,60,56,55,58,arrivals,0.9166666666666666,0.9666666666666667,legacy
DTNH,59,0,0,0,departures,0.0,0.0,legacy
LRTR,59,0,0,0,departures,0.0,0.0,legacy
LIPQ,59,59,58,58,arrivals,0.9830508474576272,0.9830508474576272,legacy
LTBA,58,54,54,61,departures,0.9310344827586207,1.0517241379310345,legacy
DTNH,58,0,0,0,arrivals,0.0,0.0,legacy
EPRZ,58,55,54,54,arrivals,0.9310344827586207,0.9310344827586207,legacy
LFBZ,57,54,54,55,arrivals,0.9473684210526315,0.9649122807017544,legacy
LRTR,57,0,0,1,arrivals,0.0,0.017543859649122806,legacy
LFQQ,57,56,56,56,arrivals,0.9824561403508771,0.9824561403508771,legacy
LOWG,56,55,52,53,departures,0.9285714285714286,0.9464285714285714,legacy
LFQQ,56,54,54,54,departures,0.9642857142857143,0.9642857142857143,legacy
LTCC,56,0,0,0,arrivals,0.0,0.0,legacy
EDDG,56,54,54,54,arrivals,0.9642857142857143,0.9642857142857143,legacy
LFBZ,55,1,1,1,departures,0.01818181818181818,0.01818181818181818,legacy
LTCC,55,1,0,0,departures,0.0,0.0,legacy
LDPL,55,47,46,51,arrivals,0.8363636363636363,0.9272727272727272,legacy
LFTH,55,39,36,37,arrivals,0.6545454545454545,0.6727272727272727,legacy
EYKA,54,52,51,51,departures,0.9444444444444444,0.9444444444444444,legacy
LOWG,53,53,53,57,arrivals,1.0,1.0754716981132075,legacy
LKTB,52,50,47,51,departures,0.9038461538461539,0.9807692307692307,legacy
URSS,52,0,0,0,departures,0.0,0.0,legacy
GMFF,52,0,0,0,departures,0.0,0.0,legacy
LTBA,52,47,46,346,arrivals,0.8846153846153846,6.653846153846154,legacy
LKTB,52,51,50,52,arrivals,0.9615384615384616,1.0,legacy
GMFF,52,0,0,0,arrivals,0.0,0.0,legacy
LFTH,51,8,5,6,departures,0.09803921568627451,0.11764705882352941,legacy
EGPE,51,35,35,35,departures,0.6862745098039216,0.6862745098039216,legacy
EHKD,50,44,41,51,departures,0.82,1.02,legacy
LFST,50,48,48,48,arrivals,0.96,0.96,legacy
EYKA,50,13,9,9,arrivals,0.18,0.18,legacy
LDPL,49,17,17,17,departures,0.3469387755102041,0.3469387755102041,legacy
UGKO,49,0,0,0,departures,0.0,0.0,legacy
LFST,49,47,47,47,departures,0.9591836734693877,0.9591836734693877,legacy
DAOO,49,19,6,6,arrivals,0.12244897959183673,0.12244897959183673,legacy
UGKO,49,0,0,0,arrivals,0.0,0.0,legacy
EGFF,49,46,46,46,arrivals,0.9387755102040817,0.9387755102040817,legacy
EGPE,49,45,45,45,arrivals,0.9183673469387755,0.9183673469387755,legacy
DAOO,48,4,4,4,departures,0.08333333333333333,0.08333333333333333,legacy
EGFF,48,47,46,46,departures,0.9583333333333334,0.9583333333333334,legacy
UBBN,48,0,0,0,departures,0.0,0.0,legacy
ENCN,48,23,23,23,departures,0.4791666666666667,0.4791666666666667,legacy
EHKD,48,36,36,43,arrivals,0.75,0.8958333333333334,legacy
ENAL,48,1,1,1,arrivals,0.020833333333333332,0.020833333333333332,legacy
UBBN,48,1,0,0,arrivals,0.0,0.0,legacy
ORBI,48,1,0,0,arrivals,0.0,0.0,legacy
LFRB,47,41,41,41,departures,0.8723404255319149,0.8723404255319149,legacy
ENAL,46,0,0,0,departures,0.0,0.0,legacy
ENKB,46,0,0,0,departures,0.0,0.0,legacy
LGPZ,46,3,0,0,arrivals,0.0,0.0,legacy
LTFH,45,3,3,3,departures,0.06666666666666667,0.06666666666666667,legacy
LGPZ,45,2,0,0,departures,0.0,0.0,legacy
EDDC,45,43,43,43,departures,0.9555555555555556,0.9555555555555556,legacy
LGPA,45,0,0,0,departures,0.0,0.0,legacy
LTFH,45,3,2,2,arrivals,0.044444444444444446,0.044444444444444446,legacy
EDDC,45,45,45,45,arrivals,1.0,1.0,legacy
LIRI,44,7,0,0,departures,0.0,0.0,legacy
GEML,44,40,40,40,departures,0.9090909090909091,0.9090909090909091,legacy
ORER,44,0,0,0,departures,0.0,0.0,legacy
ESSB,44,38,37,38,departures,0.8409090909090909,0.8636363636363636,legacy
BIRK,44,39,39,39,departures,0.8863636363636364,0.8863636363636364,legacy
GEML,44,43,43,43,arrivals,0.9772727272727273,0.9772727272727273,legacy
ORER,44,0,0,0,arrivals,0.0,0.0,legacy
LEJR,44,44,44,45,arrivals,1.0,1.0227272727272727,legacy
BIRK,44,36,36,38,arrivals,0.8181818181818182,0.8636363636363636,legacy
ENKB,44,0,0,0,arrivals,0.0,0.0,legacy
LFRB,44,39,30,30,arrivals,0.6818181818181818,0.6818181818181818,legacy
LKMT,44,38,38,42,arrivals,0.8636363636363636,0.9545454545454546,legacy
LKMT,43,25,21,21,departures,0.4883720930232558,0.4883720930232558,legacy
LIBP,43,43,43,43,arrivals,1.0,1.0,legacy
LOWI,43,28,27,27,arrivals,0.627906976744186,0.627906976744186,legacy
ENCN,43,10,10,10,arrivals,0.23255813953488372,0.23255813953488372,legacy
EPMO,42,42,42,42,departures,1.0,1.0,legacy
ENEV,42,6,0,0,departures,0.0,0.0,legacy
ORBI,42,0,0,0,departures,0.0,0.0,legacy
LIRI,42,4,0,0,arrivals,0.0,0.0,legacy
UMMS,42,2,2,3,arrivals,0.047619047619047616,0.07142857142857142,legacy
ESMS,42,36,36,36,arrivals,0.8571428571428571,0.8571428571428571,legacy
ENEV,42,9,0,0,arrivals,0.0,0.0,legacy
LGSM,42,7,7,10,arrivals,0.16666666666666666,0.23809523809523808,legacy
ESMS,41,38,38,38,departures,0.926829268292683,0.926829268292683,legacy
LIBP,41,41,41,42,departures,1.0,1.024390243902439,legacy
LGSM,41,3,2,5,departures,0.04878048780487805,0.12195121951219512,legacy
LIRZ,41,41,40,43,arrivals,0.975609756097561,1.048780487804878,legacy
UMMS,40,13,13,13,departures,0.325,0.325,legacy
LEJR,40,40,40,40,departures,1.0,1.0,legacy
LEVX,40,0,0,0,arrivals,0.0,0.0,legacy
UWKD,40,0,0,0,arrivals,0.0,0.0,legacy
LICT,40,1,1,1,arrivals,0.025,0.025,legacy
EPMO,40,30,30,30,arrivals,0.75,0.75,legacy
LEAM,40,36,36,37,arrivals,0.9,0.925,legacy
GMMW,40,6,6,6,arrivals,0.15,0.15,legacy
LGPA,40,0,0,0,arrivals,0.0,0.0,legacy
LEVT,39,0,0,0,departures,0.0,0.0,legacy
LICT,39,2,2,2,departures,0.05128205128205128,0.05128205128205128,legacy
LIRZ,39,39,35,35,departures,0.8974358974358975,0.8974358974358975,legacy
LEXJ,39,0,0,0,departures,0.0,0.0,legacy
GMMW,39,19,19,19,departures,0.48717948717948717,0.48717948717948717,legacy
EGPB,39,0,0,0,arrivals,0.0,0.0,legacy
LEVT,39,0,0,0,arrivals,0.0,0.0,legacy
LEZG,39,16,15,15,arrivals,0.38461538461538464,0.38461538461538464,legacy
EDLP,39,35,33,33,arrivals,0.8461538461538461,0.8461538461538461,legacy
EGPB,38,0,0,0,departures,0.0,0.0,legacy
UWKD,38,0,0,0,departures,0.0,0.0,legacy
LEZG,38,14,14,15,departures,0.3684210526315789,0.39473684210526316,legacy
ESPA,38,0,0,0,departures,0.0,0.0,legacy
LEVX,37,1,0,0,departures,0.0,0.0,legacy
LGSK,37,1,1,1,departures,0.02702702702702703,0.02702702702702703,legacy
LOWL,37,36,36,37,departures,0.972972972972973,1.0,legacy
LEAM,37,35,35,35,departures,0.9459459459459459,0.9459459459459459,legacy
LIPY,37,1,0,0,departures,0.0,0.0,legacy
LGSK,37,15,15,15,arrivals,0.40540540540540543,0.40540540540540543,legacy
ESSB,37,32,32,35,arrivals,0.8648648648648649,0.9459459459459459,legacy
LEXJ,37,0,0,0,arrivals,0.0,0.0,legacy
EGTE,36,27,27,27,departures,0.75,0.75,legacy
LECO,36,35,35,35,departures,0.9722222222222222,0.9722222222222222,legacy
EGTE,36,33,33,33,arrivals,0.9166666666666666,0.9166666666666666,legacy
LIPY,36,2,2,2,arrivals,0.05555555555555555,0.05555555555555555,legacy
LTFO,36,7,6,6,arrivals,0.16666666666666666,0.16666666666666666,legacy
EGMC,35,35,35,38,departures,1.0,1.0857142857142856,legacy
EDLP,35,30,30,31,departures,0.8571428571428571,0.8857142857142857,legacy
LZKZ,35,18,18,18,departures,0.5142857142857142,0.5142857142857142,legacy
LTFO,35,0,0,0,departures,0.0,0.0,legacy
LTFG,35,35,34,34,arrivals,0.9714285714285714,0.9714285714285714,legacy
ESPA,35,0,0,0,arrivals,0.0,0.0,legacy
LECO,35,35,35,38,arrivals,1.0,1.0857142857142856,legacy
GMFO,34,1,1,1,departures,0.029411764705882353,0.029411764705882353,legacy
LTFG,34,34,34,34,departures,1.0,1.0,legacy
LEGR,34,0,0,0,departures,0.0,0.0,legacy
LOWL,34,32,31,31,arrivals,0.9117647058823529,0.9117647058823529,legacy
LICR,34,0,0,0,arrivals,0.0,0.0,legacy
GMFO,34,7,7,7,arrivals,0.20588235294117646,0.20588235294117646,legacy
LEGR,34,0,0,0,arrivals,0.0,0.0,legacy
LGMT,34,34,34,34,arrivals,1.0,1.0,legacy
LZKZ,34,25,25,26,arrivals,0.7352941176470589,0.7647058823529411,legacy
LICR,33,0,0,0,departures,0.0,0.0,legacy
LTCI,33,0,0,0,departures,0.0,0.0,legacy
LGMT,33,31,31,32,departures,0.9393939393939394,0.9696969696969697,legacy
LOWI,33,15,14,14,departures,0.42424242424242425,0.42424242424242425,legacy
EGMC,33,33,33,35,arrivals,1.0,1.0606060606060606,legacy
EKAH,33,28,28,28,arrivals,0.8484848484848485,0.8484848484848485,legacy
EGWU,32,32,29,34,departures,0.90625,1.0625,legacy
LTCB,32,2,2,2,departures,0.0625,0.0625,legacy
EKAH,32,6,6,6,departures,0.1875,0.1875,legacy
LFRN,32,32,32,32,departures,1.0,1.0,legacy
LEMI,32,32,32,32,arrivals,1.0,1.0,legacy
LTCI,32,0,0,0,arrivals,0.0,0.0,legacy
LEMI,31,24,24,24,departures,0.7741935483870968,0.7741935483870968,legacy
EIKN,31,30,30,30,departures,0.967741935483871,0.967741935483871,legacy
ENHD,31,1,0,0,departures,0.0,0.0,legacy
EDMO,31,29,25,25,departures,0.8064516129032258,0.8064516129032258,legacy
LFRN,31,31,31,31,arrivals,1.0,1.0,legacy
LTCE,31,0,0,0,arrivals,0.0,0.0,legacy
EGPK,30,28,28,28,departures,0.9333333333333333,0.9333333333333333,legacy
URMM,30,0,0,0,departures,0.0,0.0,legacy
LGNX,30,1,0,0,departures,0.0,0.0,legacy
LTCB,30,10,10,10,arrivals,0.3333333333333333,0.3333333333333333,legacy
LGNX,30,0,0,0,arrivals,0.0,0.0,legacy
EIKN,30,30,30,30,arrivals,1.0,1.0,legacy
EBAW,29,29,25,25,departures,0.8620689655172413,0.8620689655172413,legacy
LTCE,29,0,0,0,departures,0.0,0.0,legacy
EGPA,29,0,0,0,departures,0.0,0.0,legacy
LTAZ,29,0,0,0,departures,0.0,0.0,legacy
EGPK,29,29,29,31,arrivals,1.0,1.0689655172413792,legacy
URMM,29,0,0,0,arrivals,0.0,0.0,legacy
ENHD,29,1,1,3,arrivals,0.034482758620689655,0.10344827586206896,legacy
LTAZ,29,1,0,0,arrivals,0.0,0.0,legacy
EGHQ,28,27,27,27,departures,0.9642857142857143,0.9642857142857143,legacy
ESNU,28,0,0,0,departures,0.0,0.0,legacy
EGHQ,28,27,27,27,arrivals,0.9642857142857143,0.9642857142857143,legacy
LTCA,27,0,0,0,departures,0.0,0.0,legacy
ENBN,27,0,0,0,departures,0.0,0.0,legacy
LICD,27,0,0,0,departures,0.0,0.0,legacy
LIPB,27,13,11,11,arrivals,0.4074074074074074,0.4074074074074074,legacy
EGWU,27,25,21,21,arrivals,0.7777777777777778,0.7777777777777778,legacy
LTAN,27,0,0,0,arrivals,0.0,0.0,legacy
LTCA,27,0,0,0,arrivals,0.0,0.0,legacy
LICD,27,2,2,2,arrivals,0.07407407407407407,0.07407407407407407,legacy
LFKC,27,27,27,27,arrivals,1.0,1.0,legacy
LTAT,26,0,0,0,departures,0.0,0.0,legacy
LPCS,26,24,23,24,departures,0.8846153846153846,0.9230769230769231,legacy
LIPB,26,0,0,0,departures,0.0,0.0,legacy
LTCS,26,0,0,0,departures,0.0,0.0,legacy
LTAN,26,0,0,0,departures,0.0,0.0,legacy
LRBS,26,26,26,27,departures,1.0,1.0384615384615385,legacy
LFKC,26,26,26,26,departures,1.0,1.0,legacy
LGHI,26,0,0,0,arrivals,0.0,0.0,legacy
LTCS,26,0,0,0,arrivals,0.0,0.0,legacy
ESNU,26,0,0,0,arrivals,0.0,0.0,legacy
ENBN,26,1,0,0,arrivals,0.0,0.0,legacy
EGPA,26,0,0,0,arrivals,0.0,0.0,legacy
LGKL,25,5,4,4,departures,0.16,0.16,legacy
LGHI,25,1,0,0,departures,0.0,0.0,legacy
LGML,25,0,0,0,departures,0.0,0.0,legacy
LFMP,25,4,4,4,departures,0.16,0.16,legacy
EHBK,25,21,19,20,departures,0.76,0.8,legacy
EFOU,25,0,0,0,departures,0.0,0.0,legacy
EGSH,25,25,25,25,departures,1.0,1.0,legacy
LPCS,25,25,22,24,arrivals,0.88,0.96,legacy
LGKL,25,13,13,14,arrivals,0.52,0.56,legacy
EBAW,25,25,25,30,arrivals,1.0,1.2,legacy
EFOU,25,0,0,0,arrivals,0.0,0.0,legacy
EGSH,25,25,25,26,arrivals,1.0,1.04,legacy
LFRK,24,1,0,0,departures,0.0,0.0,legacy
EKVG,24,0,0,0,departures,0.0,0.0,legacy
ENFL,24,0,0,0,departures,0.0,0.0,legacy
ENAT,24,0,0,0,departures,0.0,0.0,legacy
LICG,24,0,0,0,departures,0.0,0.0,legacy
LIPR,24,21,21,23,departures,0.875,0.9583333333333334,legacy
LTAT,24,0,0,0,arrivals,0.0,0.0,legacy
EKVG,24,0,0,0,arrivals,0.0,0.0,legacy
ENFL,24,0,0,0,arrivals,0.0,0.0,legacy
ENAT,24,0,0,0,arrivals,0.0,0.0,legacy
LESO,24,1,0,0,arrivals,0.0,0.0,legacy
LFMP,24,14,14,14,arrivals,0.5833333333333334,0.5833333333333334,legacy
EHBK,24,19,19,20,arrivals,0.7916666666666666,0.8333333333333334,legacy
LIPR,24,23,22,23,arrivals,0.9166666666666666,0.9583333333333334,legacy
EDDR,23,16,16,17,departures,0.6956521739130435,0.7391304347826086,legacy
ESSV,23,0,0,0,departures,0.0,0.0,legacy
ENOV,23,0,0,0,departures,0.0,0.0,legacy
ENKR,23,0,0,0,departures,0.0,0.0,legacy
LESO,23,1,0,0,departures,0.0,0.0,legacy
ENLK,23,4,0,0,departures,0.0,0.0,legacy
LFBT,23,20,20,20,departures,0.8695652173913043,0.8695652173913043,legacy
ENKR,23,0,0,0,arrivals,0.0,0.0,legacy
LICG,23,3,3,3,arrivals,0.13043478260869565,0.13043478260869565,legacy
EGPO,23,3,0,0,arrivals,0.0,0.0,legacy
EDXW,22,20,19,19,departures,0.8636363636363636,0.8636363636363636,legacy
LLER,22,0,0,0,departures,0.0,0.0,legacy
LSGS,22,0,0,0,departures,0.0,0.0,legacy
LRSB,22,1,0,0,departures,0.0,0.0,legacy
LFBP,22,4,4,4,departures,0.18181818181818182,0.18181818181818182,legacy
LGKP,22,0,0,0,departures,0.0,0.0,legacy
EGNV,22,19,19,19,departures,0.8636363636363636,0.8636363636363636,legacy
EGPO,22,0,0,0,departures,0.0,0.0,legacy
EPSC,22,0,0,0,departures,0.0,0.0,legacy
EIKY,22,22,22,22,departures,1.0,1.0,legacy
LRCV,22,1,0,0,departures,0.0,0.0,legacy
GCHI,22,0,0,0,departures,0.0,0.0,legacy
LFRK,22,21,20,20,arrivals,0.9090909090909091,0.9090909090909091,legacy
EDDR,22,16,16,16,arrivals,0.7272727272727273,0.7272727272727273,legacy
ESSV,22,0,0,0,arrivals,0.0,0.0,legacy
EDXW,22,21,21,23,arrivals,0.9545454545454546,1.0454545454545454,legacy
ENOV,22,0,0,0,arrivals,0.0,0.0,legacy
LLER,22,0,0,0,arrivals,0.0,0.0,legacy
LRSB,22,0,0,0,arrivals,0.0,0.0,legacy
LFBP,22,21,19,19,arrivals,0.8636363636363636,0.8636363636363636,legacy
LGKP,22,0,0,0,arrivals,0.0,0.0,legacy
EDMO,22,22,21,26,arrivals,0.9545454545454546,1.1818181818181819,legacy
EPSC,22,1,0,0,arrivals,0.0,0.0,legacy
ENLK,22,2,0,0,arrivals,0.0,0.0,legacy
GCHI,22,0,0,0,arrivals,0.0,0.0,legacy
LFBT,22,22,22,24,arrivals,1.0,1.0909090909090908,legacy
LDRI,21,0,0,0,departures,0.0,0.0,legacy
ENSG,21,7,0,0,departures,0.0,0.0,legacy
LRSV,21,0,0,0,departures,0.0,0.0,legacy
BIAR,21,0,0,0,departures,0.0,0.0,legacy
LDRI,21,1,0,0,arrivals,0.0,0.0,legacy
ENSG,21,8,0,0,arrivals,0.0,0.0,legacy
LGML,21,0,0,0,arrivals,0.0,0.0,legacy
EGNV,21,19,19,19,arrivals,0.9047619047619048,0.9047619047619048,legacy
LSZB,21,20,20,21,arrivals,0.9523809523809523,1.0,legacy
EIKY,21,21,21,21,arrivals,1.0,1.0,legacy
LFLC,21,19,18,19,arrivals,0.8571428571428571,0.9047619047619048,legacy
LRCV,21,1,0,0,arrivals,0.0,0.0,legacy
LRBS,21,21,20,21,arrivals,0.9523809523809523,1.0,legacy
BIAR,21,0,0,0,arrivals,0.0,0.0,legacy
DABC,20,0,0,0,departures,0.0,0.0,legacy
LTCR,20,0,0,0,departures,0.0,0.0,legacy
LSZB,20,18,18,18,departures,0.9,0.9,legacy
GMTN,20,20,19,19,arrivals,0.95,0.95,legacy
LSGS,20,2,0,1,arrivals,0.0,0.05,legacy
LTCR,20,0,0,0,arrivals,0.0,0.0,legacy
LRSV,20,0,0,0,arrivals,0.0,0.0,legacy
EGNJ,20,15,15,15,arrivals,0.75,0.75,legacy
HLLM,20,1,0,0,arrivals,0.0,0.0,legacy
DABC,20,0,0,0,arrivals,0.0,0.0,legacy
LOWK,19,0,0,0,departures,0.0,0.0,legacy
LTCJ,19,0,0,0,departures,0.0,0.0,legacy
GMTN,19,18,18,18,departures,0.9473684210526315,0.9473684210526315,legacy
EFTU,19,1,1,1,departures,0.05263157894736842,0.05263157894736842,legacy
ENVD,19,0,0,0,departures,0.0,0.0,legacy
LRBC,19,0,0,0,departures,0.0,0.0,legacy
EGTK,19,19,19,20,departures,1.0,1.0526315789473684,legacy
ENSK,19,5,0,0,departures,0.0,0.0,legacy
LSZR,19,18,18,21,departures,0.9473684210526315,1.105263157894737,legacy
HLLM,19,1,0,0,departures,0.0,0.0,legacy
LTCJ,19,0,0,0,arrivals,0.0,0.0,legacy
LRBC,19,1,0,0,arrivals,0.0,0.0,legacy
ENSK,19,4,0,0,arrivals,0.0,0.0,legacy
LFTZ,19,18,0,0,arrivals,0.0,0.0,legacy
LSZR,19,19,19,19,arrivals,1.0,1.0,legacy
EYPA,18,16,15,15,departures,0.8333333333333334,0.8333333333333334,legacy
EGJA,18,13,6,6,departures,0.3333333333333333,0.3333333333333333,legacy
EBOS,18,16,16,16,departures,0.8888888888888888,0.8888888888888888,legacy
LFLC,18,0,0,0,departures,0.0,0.0,legacy
LOWK,18,1,0,0,arrivals,0.0,0.0,legacy
LIPO,18,18,14,15,arrivals,0.7777777777777778,0.8333333333333334,legacy
EFTU,18,9,9,9,arrivals,0.5,0.5,legacy
EGJA,18,18,7,7,arrivals,0.3888888888888889,0.3888888888888889,legacy
EFRO,17,0,0,0,departures,0.0,0.0,legacy
LPAZ,17,0,0,0,departures,0.0,0.0,legacy
EPLL,17,0,0,0,departures,0.0,0.0,legacy
EBKT,17,16,16,17,departures,0.9411764705882353,1.0,legacy
LQBK,17,0,0,0,departures,0.0,0.0,legacy
ENML,17,0,0,0,departures,0.0,0.0,legacy
LGAL,17,0,0,0,departures,0.0,0.0,legacy
EFRO,17,0,0,0,arrivals,0.0,0.0,legacy
LQBK,17,0,0,0,arrivals,0.0,0.0,legacy
EYPA,17,4,3,3,arrivals,0.17647058823529413,0.17647058823529413,legacy
EBOS,17,16,16,18,arrivals,0.9411764705882353,1.0588235294117647,legacy
LFLY,16,15,15,15,departures,0.9375,0.9375,legacy
EKRN,16,0,0,0,departures,0.0,0.0,legacy
LYNI,16,0,0,0,departures,0.0,0.0,legacy
LFBL,16,0,0,0,departures,0.0,0.0,legacy
EPBY,16,15,15,15,departures,0.9375,0.9375,legacy
LTCF,16,0,0,0,departures,0.0,0.0,legacy
EGNJ,16,12,12,12,departures,0.75,0.75,legacy
EDDE,16,16,16,16,departures,1.0,1.0,legacy
LXGB,16,15,15,15,departures,0.9375,0.9375,legacy
LEPP,16,0,0,0,departures,0.0,0.0,legacy
EPLB,16,7,7,7,departures,0.4375,0.4375,legacy
LFBE,16,10,9,9,departures,0.5625,0.5625,legacy
EKEB,16,13,13,13,departures,0.8125,0.8125,legacy
LECH,16,6,5,5,departures,0.3125,0.3125,legacy
LFLY,16,16,14,14,arrivals,0.875,0.875,legacy
LYNI,16,0,0,0,arrivals,0.0,0.0,legacy
LFBL,16,0,0,0,arrivals,0.0,0.0,legacy
EPLL,16,15,15,15,arrivals,0.9375,0.9375,legacy
LTCF,16,0,0,0,arrivals,0.0,0.0,legacy
LFMK,16,5,5,5,arrivals,0.3125,0.3125,legacy
ENSH,16,1,0,0,arrivals,0.0,0.0,legacy
EGTK,16,16,15,15,arrivals,0.9375,0.9375,legacy
LGAL,16,15,15,15,arrivals,0.9375,0.9375,legacy
EDVE,16,16,14,14,arrivals,0.875,0.875,legacy
LXGB,16,15,15,15,arrivals,0.9375,0.9375,legacy
EPLB,16,15,15,16,arrivals,0.9375,1.0,legacy
LFBE,16,10,10,10,arrivals,0.625,0.625,legacy
UWGG,15,0,0,0,departures,0.0,0.0,legacy
HESX,15,0,0,0,departures,0.0,0.0,legacy
LTCK,15,0,0,0,departures,0.0,0.0,legacy
EDNY,15,13,12,12,departures,0.8,0.8,legacy
LFMK,15,0,0,0,departures,0.0,0.0,legacy
ENRA,15,0,0,0,departures,0.0,0.0,legacy
EGAE,15,1,1,1,departures,0.06666666666666667,0.06666666666666667,legacy
LFRM,15,15,14,16,arrivals,0.9333333333333333,1.0666666666666667,legacy
EKRN,15,0,0,0,arrivals,0.0,0.0,legacy
HESX,15,1,1,1,arrivals,0.06666666666666667,0.06666666666666667,legacy
ENVD,15,0,0,0,arrivals,0.0,0.0,legacy
LTCK,15,0,0,0,arrivals,0.0,0.0,legacy
EPBY,15,7,7,7,arrivals,0.4666666666666667,0.4666666666666667,legacy
EDNY,15,12,12,13,arrivals,0.8,0.8666666666666667,legacy
ENML,15,0,0,0,arrivals,0.0,0.0,legacy
LLHA,15,13,13,13,arrivals,0.8666666666666667,0.8666666666666667,legacy
EDDE,15,15,14,14,arrivals,0.9333333333333333,0.9333333333333333,legacy
LFSD,15,15,14,14,arrivals,0.9333333333333333,0.9333333333333333,legacy
LGLM,15,2,0,0,arrivals,0.0,0.0,legacy
EKEB,15,12,12,12,arrivals,0.8,0.8,legacy
LECH,15,13,13,14,arrivals,0.8666666666666667,0.9333333333333333,legacy
LTAY,14,0,0,0,departures,0.0,0.0,legacy
ETSI,14,13,13,13,departures,0.9285714285714286,0.9285714285714286,legacy
LLHA,14,13,13,13,departures,0.9285714285714286,0.9285714285714286,legacy
LROD,14,0,0,0,departures,0.0,0.0,legacy
ENSH,14,1,0,0,departures,0.0,0.0,legacy
LTAR,14,0,0,0,departures,0.0,0.0,legacy
EFKU,14,14,14,14,departures,1.0,1.0,legacy
EDVE,14,14,14,14,departures,1.0,1.0,legacy
LGLM,14,1,0,0,departures,0.0,0.0,legacy
LFBH,14,2,2,2,arrivals,0.14285714285714285,0.14285714285714285,legacy
LPAZ,14,10,10,12,arrivals,0.7142857142857143,0.8571428571428571,legacy
LROD,14,0,0,0,arrivals,0.0,0.0,legacy
ENRA,14,1,0,0,arrivals,0.0,0.0,legacy
EGAE,14,1,1,1,arrivals,0.07142857142857142,0.07142857142857142,legacy
LTAR,14,0,0,0,arrivals,0.0,0.0,legacy
LEPP,14,0,0,0,arrivals,0.0,0.0,legacy
LFRM,13,13,13,14,departures,1.0,1.0769230769230769,legacy
LFBH,13,13,13,13,departures,1.0,1.0,legacy
LTDA,13,0,0,0,departures,0.0,0.0,legacy
LGKV,13,13,13,13,departures,1.0,1.0,legacy
LPPS,13,0,0,0,departures,0.0,0.0,legacy
LFRZ,13,10,10,10,departures,0.7692307692307693,0.7692307692307693,legacy
LTCT,13,0,0,0,departures,0.0,0.0,legacy
LIBC,13,0,0,0,departures,0.0,0.0,legacy
EDMA,13,13,13,13,departures,1.0,1.0,legacy
EFVA,13,0,0,0,departures,0.0,0.0,legacy
UWGG,13,0,0,0,arrivals,0.0,0.0,legacy
LTAY,13,0,0,0,arrivals,0.0,0.0,legacy
LGKV,13,13,13,13,arrivals,1.0,1.0,legacy
LPPS,13,6,2,2,arrivals,0.15384615384615385,0.15384615384615385,legacy
LFRZ,13,13,12,14,arrivals,0.9230769230769231,1.0769230769230769,legacy
EFKU,13,13,13,13,arrivals,1.0,1.0,legacy
LTCT,13,0,0,0,arrivals,0.0,0.0,legacy
LBPD,13,0,0,0,arrivals,0.0,0.0,legacy
ESNS,12,0,0,0,departures,0.0,0.0,legacy
LTFD,12,5,5,5,departures,0.4166666666666667,0.4166666666666667,legacy
EDFM,12,11,11,18,departures,0.9166666666666666,1.5,legacy
ENST,12,0,0,0,departures,0.0,0.0,legacy
LFMU,12,0,0,0,departures,0.0,0.0,legacy
ENBL,12,0,0,0,departures,0.0,0.0,legacy
EKRK,12,11,11,11,departures,0.9166666666666666,0.9166666666666666,legacy
GCGM,12,0,0,0,departures,0.0,0.0,legacy
ENSD,12,1,0,0,departures,0.0,0.0,legacy
LTCP,12,0,0,0,departures,0.0,0.0,legacy
LIRS,12,1,0,0,departures,0.0,0.0,legacy
LFTZ,12,11,0,0,departures,0.0,0.0,legacy
LTCN,12,0,0,0,departures,0.0,0.0,legacy
LFTW,12,11,11,11,departures,0.9166666666666666,0.9166666666666666,legacy
HLLB,12,0,0,0,departures,0.0,0.0,legacy
LGIO,12,10,10,10,arrivals,0.8333333333333334,0.8333333333333334,legacy
LTCD,12,0,0,0,arrivals,0.0,0.0,legacy
LTFD,12,12,12,13,arrivals,1.0,1.0833333333333333,legacy
LIBF,12,0,0,0,arrivals,0.0,0.0,legacy
ETSI,12,11,10,10,arrivals,0.8333333333333334,0.8333333333333334,legacy
EKSB,12,12,12,12,arrivals,1.0,1.0,legacy
LGRX,12,1,0,0,arrivals,0.0,0.0,legacy
LFMU,12,1,1,1,arrivals,0.08333333333333333,0.08333333333333333,legacy
GCGM,12,0,0,0,arrivals,0.0,0.0,legacy
LTCN,12,0,0,0,arrivals,0.0,0.0,legacy
HLLB,12,1,1,1,arrivals,0.08333333333333333,0.08333333333333333,legacy
LIBC,12,0,0,0,arrivals,0.0,0.0,legacy
EFVA,12,0,0,0,arrivals,0.0,0.0,legacy
LRBV,11,10,10,10,departures,0.9090909090909091,0.9090909090909091,legacy
LTCD,11,0,0,0,departures,0.0,0.0,legacy
EGPN,11,11,11,12,departures,1.0,1.0909090909090908,legacy
LTCV,11,0,0,0,departures,0.0,0.0,legacy
LIPO,11,11,11,13,departures,1.0,1.1818181818181819,legacy
LGRX,11,0,0,0,departures,0.0,0.0,legacy
ENAN,11,4,0,0,departures,0.0,0.0,legacy
GMML,11,0,0,0,departures,0.0,0.0,legacy
LFSD,11,10,10,12,departures,0.9090909090909091,1.0909090909090908,legacy
LFMV,11,11,11,11,arrivals,1.0,1.0,legacy
EGPN,11,10,4,4,arrivals,0.36363636363636365,0.36363636363636365,legacy
LTCV,11,0,0,0,arrivals,0.0,0.0,legacy
ESNS,11,1,1,1,arrivals,0.09090909090909091,0.09090909090909091,legacy
LTDA,11,1,0,0,arrivals,0.0,0.0,legacy
EDFM,11,10,10,14,arrivals,0.9090909090909091,1.2727272727272727,legacy
ENST,11,2,0,0,arrivals,0.0,0.0,legacy
LICB,11,11,10,11,arrivals,0.9090909090909091,1.0,legacy
ENBL,11,0,0,0,arrivals,0.0,0.0,legacy
GMML,11,0,0,0,arrivals,0.0,0.0,legacy
ENSD,11,3,0,0,arrivals,0.0,0.0,legacy
LTCP,11,0,0,0,arrivals,0.0,0.0,legacy
LIRS,11,1,1,1,arrivals,0.09090909090909091,0.09090909090909091,legacy
LFTW,11,11,11,11,arrivals,1.0,1.0,legacy
EDMA,11,11,11,11,arrivals,1.0,1.0,legacy
LGIO,10,8,8,8,departures,0.8,0.8,legacy
LFMV,10,9,8,12,departures,0.8,1.2,legacy
EKSB,10,10,10,10,departures,1.0,1.0,legacy
ESNZ,10,8,8,8,departures,0.8,0.8,legacy
LQMO,10,0,0,0,departures,0.0,0.0,legacy
LGIK,10,3,0,0,departures,0.0,0.0,legacy
LIMP,10,0,0,1,departures,0.0,0.1,legacy
EHGG,10,10,10,10,departures,1.0,1.0,legacy
LIPK,10,7,7,7,departures,0.7,0.7,legacy
DAAE,10,0,0,0,departures,0.0,0.0,legacy
LFCR,10,8,8,8,arrivals,0.8,0.8,legacy
EKOD,10,10,10,10,arrivals,1.0,1.0,legacy
EHGG,10,10,10,11,arrivals,1.0,1.1,legacy
LDSB,10,1,0,0,arrivals,0.0,0.0,legacy
LIPK,10,8,7,7,arrivals,0.7,0.7,legacy
DAAE,10,2,2,2,arrivals,0.2,0.2,legacy
LICB,9,9,9,9,departures,1.0,1.0,legacy
EDTY,9,5,4,4,departures,0.4444444444444444,0.4444444444444444,legacy
LFCR,9,1,1,1,departures,0.1111111111111111,0.1111111111111111,legacy
LKPD,9,9,9,13,departures,1.0,1.4444444444444444,legacy
GMMI,9,0,0,0,departures,0.0,0.0,legacy
ESTA,9,0,0,0,departures,0.0,0.0,legacy
ESKN,9,4,4,4,departures,0.4444444444444444,0.4444444444444444,legacy
LBPD,9,0,0,0,departures,0.0,0.0,legacy
GMFK,9,0,0,0,departures,0.0,0.0,legacy
LTCO,9,0,0,0,departures,0.0,0.0,legacy
ENMS,9,0,0,0,departures,0.0,0.0,legacy
LDSB,9,0,0,0,departures,0.0,0.0,legacy
LTBR,9,1,0,1,departures,0.0,0.1111111111111111,legacy
ENNA,9,0,0,0,departures,0.0,0.0,legacy
UUBW,9,0,0,0,arrivals,0.0,0.0,legacy
LRBV,9,9,9,9,arrivals,1.0,1.0,legacy
ESNZ,9,7,7,7,arrivals,0.7777777777777778,0.7777777777777778,legacy
EKRK,9,9,9,9,arrivals,1.0,1.0,legacy
DAON,9,0,0,0,arrivals,0.0,0.0,legacy
LQMO,9,0,0,0,arrivals,0.0,0.0,legacy
GMMI,9,0,0,0,arrivals,0.0,0.0,legacy
LGIK,9,3,0,0,arrivals,0.0,0.0,legacy
ENAN,9,4,0,0,arrivals,0.0,0.0,legacy
URML,9,0,0,0,arrivals,0.0,0.0,legacy
ESKN,9,7,6,6,arrivals,0.6666666666666666,0.6666666666666666,legacy
EGNR,9,8,7,8,arrivals,0.7777777777777778,0.8888888888888888,legacy
GMFK,9,0,0,0,arrivals,0.0,0.0,legacy
LTCO,9,1,0,0,arrivals,0.0,0.0,legacy
ENMS,9,1,0,0,arrivals,0.0,0.0,legacy
LTBR,9,7,7,9,arrivals,0.7777777777777778,1.0,legacy
EPSY,8,0,0,0,departures,0.0,0.0,legacy
LSMP,8,3,1,4,departures,0.125,0.5,legacy
LQTZ,8,0,0,0,departures,0.0,0.0,legacy
LFSL,8,0,0,0,departures,0.0,0.0,legacy
LDOS,8,0,0,0,departures,0.0,0.0,legacy
EGPI,8,0,0,0,departures,0.0,0.0,legacy
ESMX,8,0,0,0,departures,0.0,0.0,legacy
EFMA,8,1,1,1,departures,0.125,0.125,legacy
LFRG,8,7,7,7,departures,0.875,0.875,legacy
EGPR,8,0,0,0,departures,0.0,0.0,legacy
BIEG,8,0,0,0,departures,0.0,0.0,legacy
DAON,8,0,0,0,departures,0.0,0.0,legacy
EDHI,8,8,8,8,departures,1.0,1.0,legacy
EDLN,8,8,6,7,departures,0.75,0.875,legacy
EFTP,8,6,5,5,departures,0.625,0.625,legacy
ENJS,8,0,0,0,departures,0.0,0.0,legacy
LFOT,8,0,0,0,departures,0.0,0.0,legacy
UBBG,8,0,0,0,departures,0.0,0.0,legacy
LGST,8,0,0,0,departures,0.0,0.0,legacy
LEBZ,8,0,0,0,departures,0.0,0.0,legacy
LFLB,8,6,5,5,arrivals,0.625,0.625,legacy
LSMP,8,8,7,10,arrivals,0.875,1.25,legacy
LQTZ,8,1,1,1,arrivals,0.125,0.125,legacy
LFSL,8,0,0,0,arrivals,0.0,0.0,legacy
LDOS,8,3,3,3,arrivals,0.375,0.375,legacy
EGPI,8,0,0,0,arrivals,0.0,0.0,legacy
ESMX,8,1,1,1,arrivals,0.125,0.125,legacy
EBKT,8,8,8,8,arrivals,1.0,1.0,legacy
EFMA,8,0,0,0,arrivals,0.0,0.0,legacy
BIEG,8,0,0,0,arrivals,0.0,0.0,legacy
LKPD,8,8,8,12,arrivals,1.0,1.5,legacy
ESTA,8,1,0,0,arrivals,0.0,0.0,legacy
LFOT,8,4,4,6,arrivals,0.5,0.75,legacy
LGST,8,0,0,0,arrivals,0.0,0.0,legacy
ENNA,8,0,0,0,arrivals,0.0,0.0,legacy
EDRY,7,7,0,0,departures,0.0,0.0,legacy
ENNM,7,2,0,0,departures,0.0,0.0,legacy
ESNQ,7,0,0,0,departures,0.0,0.0,legacy
LIBF,7,0,0,0,departures,0.0,0.0,legacy
LHDC,7,0,0,0,departures,0.0,0.0,legacy
EIDL,7,0,0,0,departures,0.0,0.0,legacy
LTCW,7,0,0,0,departures,0.0,0.0,legacy
BIIS,7,0,0,0,departures,0.0,0.0,legacy
EDTL,7,7,7,7,departures,1.0,1.0,legacy
EKOD,7,7,7,7,departures,1.0,1.0,legacy
OITT,7,0,0,0,departures,0.0,0.0,legacy
ESSL,7,6,6,6,departures,0.8571428571428571,0.8571428571428571,legacy
EGPL,7,0,0,0,departures,0.0,0.0,legacy
UUBW,7,0,0,0,departures,0.0,0.0,legacy
HEBA,7,1,1,1,departures,0.14285714285714285,0.14285714285714285,legacy
ESNQ,7,0,0,0,arrivals,0.0,0.0,legacy
EIDL,7,3,3,3,arrivals,0.42857142857142855,0.42857142857142855,legacy
LTCW,7,0,0,0,arrivals,0.0,0.0,legacy
EGPR,7,0,0,0,arrivals,0.0,0.0,legacy
BIIS,7,0,0,0,arrivals,0.0,0.0,legacy
DABB,7,1,0,0,arrivals,0.0,0.0,legacy
EDHI,7,7,7,7,arrivals,1.0,1.0,legacy
EDTL,7,7,7,8,arrivals,1.0,1.1428571428571428,legacy
OITT,7,0,0,0,arrivals,0.0,0.0,legacy
ENJS,7,0,0,0,arrivals,0.0,0.0,legacy
EGPL,7,0,0,0,arrivals,0.0,0.0,legacy
LEBZ,7,1,1,1,arrivals,0.14285714285714285,0.14285714285714285,legacy
EDTY,7,7,6,6,arrivals,0.8571428571428571,0.8571428571428571,legacy
LIMP,7,5,5,5,arrivals,0.7142857142857143,0.7142857142857143,legacy
EDVK,6,4,3,3,departures,0.5,0.5,legacy
EHJA,6,0,0,0,departures,0.0,0.0,legacy
HEAL,6,1,1,1,departures,0.16666666666666666,0.16666666666666666,legacy
EGPU,6,0,0,0,departures,0.0,0.0,legacy
HEMM,6,0,0,0,departures,0.0,0.0,legacy
ESNK,6,0,0,0,departures,0.0,0.0,legacy
EDHL,6,6,6,6,departures,1.0,1.0,legacy
ENDU,6,0,0,0,departures,0.0,0.0,legacy
EFKE,6,0,0,0,departures,0.0,0.0,legacy
ESOE,6,0,0,0,departures,0.0,0.0,legacy
ENSO,6,2,2,11,departures,0.3333333333333333,1.8333333333333333,legacy
EFJO,6,0,0,0,departures,0.0,0.0,legacy
LPPM,6,6,6,10,departures,1.0,1.6666666666666667,legacy
URML,6,0,0,0,departures,0.0,0.0,legacy
ENRM,6,0,0,0,departures,0.0,0.0,legacy
LTCU,6,0,0,0,departures,0.0,0.0,legacy
EGNR,6,6,6,6,departures,1.0,1.0,legacy
LPVZ,6,1,0,0,departures,0.0,0.0,legacy
ESKM,6,3,0,0,departures,0.0,0.0,legacy
ESNL,6,0,0,0,departures,0.0,0.0,legacy
EFIV,6,2,0,0,departures,0.0,0.0,legacy
DABB,6,0,0,0,departures,0.0,0.0,legacy
EDVK,6,4,4,5,arrivals,0.6666666666666666,0.8333333333333334,legacy
HEAL,6,2,2,2,arrivals,0.3333333333333333,0.3333333333333333,legacy
EDRY,6,6,0,0,arrivals,0.0,0.0,legacy
EGPU,6,0,0,0,arrivals,0.0,0.0,legacy
ENNM,6,2,0,0,arrivals,0.0,0.0,legacy
ESNK,6,0,0,1,arrivals,0.0,0.16666666666666666,legacy
EDHL,6,6,6,6,arrivals,1.0,1.0,legacy
LHDC,6,0,0,0,arrivals,0.0,0.0,legacy
ESOE,6,5,5,6,arrivals,0.8333333333333334,1.0,legacy
ENSO,6,4,4,4,arrivals,0.6666666666666666,0.6666666666666666,legacy
EFJO,6,0,0,0,arrivals,0.0,0.0,legacy
LFLI,6,6,6,6,arrivals,1.0,1.0,legacy
LFEC,6,0,0,0,arrivals,0.0,0.0,legacy
LWOH,6,0,0,0,arrivals,0.0,0.0,legacy
HEBA,6,5,5,5,arrivals,0.8333333333333334,0.8333333333333334,legacy
LIMZ,6,6,6,6,arrivals,1.0,1.0,legacy
ENRM,6,0,0,0,arrivals,0.0,0.0,legacy
EFTP,6,5,5,5,arrivals,0.8333333333333334,0.8333333333333334,legacy
ENLE,6,0,0,0,arrivals,0.0,0.0,legacy
LTCU,6,0,0,0,arrivals,0.0,0.0,legacy
ESSL,6,6,6,7,arrivals,1.0,1.1666666666666667,legacy
LGLE,6,1,0,0,arrivals,0.0,0.0,legacy
EFIV,6,2,0,0,arrivals,0.0,0.0,legacy
ESKM,6,3,0,0,arrivals,0.0,0.0,legacy
ESNL,6,0,0,0,arrivals,0.0,0.0,legacy
ESNX,5,0,0,0,departures,0.0,0.0,legacy
LFLB,5,1,0,0,departures,0.0,0.0,legacy
EFKI,5,0,0,0,departures,0.0,0.0,legacy
ORMM,5,0,0,0,departures,0.0,0.0,legacy
EEKE,5,0,0,0,departures,0.0,0.0,legacy
LTCM,5,0,0,0,departures,0.0,0.0,legacy
LTCL,5,0,0,0,departures,0.0,0.0,legacy
LFEC,5,0,0,0,departures,0.0,0.0,legacy
LGKY,5,1,0,0,departures,0.0,0.0,legacy
ENHE,5,0,0,0,departures,0.0,0.0,legacy
ESNG,5,0,0,0,departures,0.0,0.0,legacy
LTAW,5,0,0,0,departures,0.0,0.0,legacy
ENFB,5,1,0,0,departures,0.0,0.0,legacy
LGKC,5,0,0,0,departures,0.0,0.0,legacy
ENLE,5,2,0,0,departures,0.0,0.0,legacy
EFJY,5,0,0,0,departures,0.0,0.0,legacy
EETU,5,1,1,1,departures,0.2,0.2,legacy
LFJL,5,4,4,4,departures,0.8,0.8,legacy
EFKK,5,5,5,5,departures,1.0,1.0,legacy
LRTM,5,0,0,0,departures,0.0,0.0,legacy
EDAH,5,1,1,1,departures,0.2,0.2,legacy
LGLE,5,0,0,0,departures,0.0,0.0,legacy
EGEC,5,0,0,0,departures,0.0,0.0,legacy
ESGT,5,0,0,0,departures,0.0,0.0,legacy
ENRS,5,3,0,0,departures,0.0,0.0,legacy
DAAS,5,0,0,0,departures,0.0,0.0,legacy
ESDF,5,5,5,5,departures,1.0,1.0,legacy
EEKA,5,0,0,0,departures,0.0,0.0,legacy
LFLI,5,1,1,1,departures,0.2,0.2,legacy
LWOH,5,0,0,0,departures,0.0,0.0,legacy
LIMZ,5,3,3,3,departures,0.6,0.6,legacy
GMMZ,5,0,0,0,departures,0.0,0.0,legacy
EPSY,5,2,2,2,arrivals,0.4,0.4,legacy
LSZS,5,0,0,0,arrivals,0.0,0.0,legacy
URMG,5,0,0,0,arrivals,0.0,0.0,legacy
EFKI,5,0,0,0,arrivals,0.0,0.0,legacy
HEMM,5,0,0,0,arrivals,0.0,0.0,legacy
ORMM,5,3,3,3,arrivals,0.6,0.6,legacy
ENDU,5,0,0,0,arrivals,0.0,0.0,legacy
EEKE,5,0,0,0,arrivals,0.0,0.0,legacy
DAAS,5,0,0,0,arrivals,0.0,0.0,legacy
LTCM,5,0,0,0,arrivals,0.0,0.0,legacy
LTCL,5,0,0,0,arrivals,0.0,0.0,legacy
LFRG,5,5,5,5,arrivals,1.0,1.0,legacy
EEKA,5,0,0,0,arrivals,0.0,0.0,legacy
ENHE,5,0,0,0,arrivals,0.0,0.0,legacy
LPPM,5,5,4,6,arrivals,0.8,1.2,legacy
ESNG,5,0,0,0,arrivals,0.0,0.0,legacy
LTAW,5,0,0,0,arrivals,0.0,0.0,legacy
EGVN,5,4,4,4,arrivals,0.8,0.8,legacy
GMMZ,5,0,0,0,arrivals,0.0,0.0,legacy
LESA,5,1,0,0,arrivals,0.0,0.0,legacy
UBBG,5,0,0,0,arrivals,0.0,0.0,legacy
LFJL,5,5,5,5,arrivals,1.0,1.0,legacy
LPVZ,5,2,0,0,arrivals,0.0,0.0,legacy
LRTM,5,0,0,0,arrivals,0.0,0.0,legacy
EDAH,5,3,3,3,arrivals,0.6,0.6,legacy
EGEC,5,0,0,0,arrivals,0.0,0.0,legacy
ENRS,5,0,0,0,arrivals,0.0,0.0,legacy
EKDF,5,0,0,0,arrivals,0.0,0.0,legacy
LGKC,5,0,0,0,arrivals,0.0,0.0,legacy
ENOA,5,0,0,0,arrivals,0.0,0.0,legacy
LGSO,4,0,0,0,departures,0.0,0.0,legacy
LFPN,4,4,4,4,departures,1.0,1.0,legacy
LFOZ,4,0,0,0,departures,0.0,0.0,legacy
UWSG,4,0,0,0,departures,0.0,0.0,legacy
EPRA,4,0,0,0,departures,0.0,0.0,legacy
LZTT,4,0,0,0,departures,0.0,0.0,legacy
ENRO,4,0,0,0,departures,0.0,0.0,legacy
EDQG,4,4,0,0,departures,0.0,0.0,legacy
ESNV,4,0,0,0,departures,0.0,0.0,legacy
LECU,4,3,3,3,departures,0.75,0.75,legacy
ESOH,4,2,0,0,departures,0.0,0.0,legacy
ESMT,4,0,0,0,departures,0.0,0.0,legacy
URWW,4,0,0,0,departures,0.0,0.0,legacy
ENSR,4,0,0,0,departures,0.0,0.0,legacy
ENGC,4,0,0,0,departures,0.0,0.0,legacy
ESOK,4,0,0,0,departures,0.0,0.0,legacy
LSZA,4,3,3,3,departures,0.75,0.75,legacy
EKDF,4,0,0,0,departures,0.0,0.0,legacy
EDAZ,4,4,0,0,departures,0.0,0.0,legacy
ESMQ,4,3,3,3,departures,0.75,0.75,legacy
LFRT,4,0,0,0,departures,0.0,0.0,legacy
LSGL,4,3,0,0,departures,0.0,0.0,legacy
LFLW,4,0,0,0,departures,0.0,0.0,legacy
LESA,4,0,0,0,departures,0.0,0.0,legacy
LESU,4,0,0,0,departures,0.0,0.0,legacy
LFRH,4,0,0,0,departures,0.0,0.0,legacy
LGBL,4,0,0,0,departures,0.0,0.0,legacy
LTAP,4,0,0,0,departures,0.0,0.0,legacy
LJPZ,4,3,2,3,departures,0.5,0.75,legacy
LFRD,4,3,3,3,departures,0.75,0.75,legacy
LTFC,4,0,0,0,departures,0.0,0.0,legacy
LKHK,4,4,0,0,departures,0.0,0.0,legacy
ESSP,4,1,1,1,departures,0.25,0.25,legacy
LKCS,4,4,4,4,departures,1.0,1.0,legacy
ESND,4,0,0,0,departures,0.0,0.0,legacy
EFKT,4,0,0,0,departures,0.0,0.0,legacy
EPZG,4,2,2,2,departures,0.5,0.5,legacy
ESGJ,4,0,0,0,departures,0.0,0.0,legacy
LGKS,4,0,0,0,departures,0.0,0.0,legacy
LFCK,4,4,4,4,departures,1.0,1.0,legacy
LEVD,4,0,0,0,departures,0.0,0.0,legacy
ORKK,4,0,0,0,departures,0.0,0.0,legacy
LGSO,4,0,0,0,arrivals,0.0,0.0,legacy
ESNX,4,0,0,0,arrivals,0.0,0.0,legacy
EDRZ,4,4,0,0,arrivals,0.0,0.0,legacy
UWSG,4,1,1,1,arrivals,0.25,0.25,legacy
LRBM,4,0,0,0,arrivals,0.0,0.0,legacy
LGPL,4,0,0,0,arrivals,0.0,0.0,legacy
URMO,4,0,0,0,arrivals,0.0,0.0,legacy
ENXO,4,0,0,0,arrivals,0.0,0.0,legacy
LZTT,4,0,0,0,arrivals,0.0,0.0,legacy
LEVD,4,0,0,0,arrivals,0.0,0.0,legacy
EHLL,4,0,0,0,arrivals,0.0,0.0,legacy
LFLX,4,0,0,0,arrivals,0.0,0.0,legacy
LKCS,4,4,4,4,arrivals,1.0,1.0,legacy
EDQG,4,4,0,0,arrivals,0.0,0.0,legacy
ENQG,4,0,0,0,arrivals,0.0,0.0,legacy
ESNV,4,0,0,0,arrivals,0.0,0.0,legacy
ESDF,4,1,1,1,arrivals,0.25,0.25,legacy
ESOH,4,4,0,0,arrivals,0.0,0.0,legacy
LGKY,4,2,0,0,arrivals,0.0,0.0,legacy
ENQS,4,0,0,0,arrivals,0.0,0.0,legacy
ENSR,4,0,0,0,arrivals,0.0,0.0,legacy
ENGC,4,0,0,0,arrivals,0.0,0.0,legacy
ESOK,4,1,1,1,arrivals,0.25,0.25,legacy
EDAZ,4,4,0,0,arrivals,0.0,0.0,legacy
EGNO,4,4,4,4,arrivals,1.0,1.0,legacy
LSGL,4,3,0,0,arrivals,0.0,0.0,legacy
EFJY,4,0,0,0,arrivals,0.0,0.0,legacy
LFRH,4,3,3,3,arrivals,0.75,0.75,legacy
LTAP,4,0,0,0,arrivals,0.0,0.0,legacy
EETU,4,0,0,0,arrivals,0.0,0.0,legacy
EFKK,4,4,4,4,arrivals,1.0,1.0,legacy
LTAS,4,0,0,0,arrivals,0.0,0.0,legacy
ESGJ,4,0,0,0,arrivals,0.0,0.0,legacy
LGKS,4,0,0,0,arrivals,0.0,0.0,legacy
LFCK,4,4,4,4,arrivals,1.0,1.0,legacy
LTFC,4,0,0,0,arrivals,0.0,0.0,legacy
LKHK,4,4,0,0,arrivals,0.0,0.0,legacy
EFKE,4,0,0,0,arrivals,0.0,0.0,legacy
ESSP,4,2,2,2,arrivals,0.5,0.5,legacy
LDLO,4,0,0,0,arrivals,0.0,0.0,legacy
ESND,4,0,0,0,arrivals,0.0,0.0,legacy
LSZA,4,4,4,5,arrivals,1.0,1.25,legacy
LZPP,4,3,3,3,arrivals,0.75,0.75,legacy
EFKT,4,1,0,0,arrivals,0.0,0.0,legacy
LFLW,4,0,0,0,arrivals,0.0,0.0,legacy
LGBL,4,0,0,0,arrivals,0.0,0.0,legacy
ESGT,4,1,1,1,arrivals,0.25,0.25,legacy
BIBD,3,0,0,0,departures,0.0,0.0,legacy
ENQO,3,0,0,0,departures,0.0,0.0,legacy
EGLK,3,3,3,3,departures,1.0,1.0,legacy
LFBI,3,0,0,0,departures,0.0,0.0,legacy
ENWS,3,0,0,0,departures,0.0,0.0,legacy
URMG,3,0,0,0,departures,0.0,0.0,legacy
LRBM,3,0,0,0,departures,0.0,0.0,legacy
EGMD,3,3,2,2,departures,0.6666666666666666,0.6666666666666666,legacy
ETAR,3,3,3,4,departures,1.0,1.3333333333333333,legacy
EDGS,3,3,3,3,departures,1.0,1.0,legacy
URMO,3,0,0,0,departures,0.0,0.0,legacy
ENXO,3,1,0,0,departures,0.0,0.0,legacy
LELN,3,0,0,0,departures,0.0,0.0,legacy
LFLS,3,2,2,3,departures,0.6666666666666666,1.0,legacy
EDTM,3,2,2,2,departures,0.6666666666666666,0.6666666666666666,legacy
LPBJ,3,2,2,2,departures,0.6666666666666666,0.6666666666666666,legacy
ENOL,3,1,1,1,departures,0.3333333333333333,0.3333333333333333,legacy
OJAM,3,0,0,0,departures,0.0,0.0,legacy
ENSE,3,0,0,0,departures,0.0,0.0,legacy
ENOC,3,0,0,0,departures,0.0,0.0,legacy
DTTX,3,0,0,0,departures,0.0,0.0,legacy
LTBH,3,0,0,0,departures,0.0,0.0,legacy
EFKS,3,0,0,0,departures,0.0,0.0,legacy
BIHN,3,0,0,0,departures,0.0,0.0,legacy
ENSL,3,0,0,0,departures,0.0,0.0,legacy
UDSG,3,0,0,0,departures,0.0,0.0,legacy
GMMB,3,0,0,0,departures,0.0,0.0,legacy
ENWY,3,0,0,0,departures,0.0,0.0,legacy
ESOW,3,3,3,3,departures,1.0,1.0,legacy
LTAL,3,0,0,0,departures,0.0,0.0,legacy
ESNO,3,0,0,0,departures,0.0,0.0,legacy
LTAS,3,0,0,0,departures,0.0,0.0,legacy
LFHP,3,0,0,0,departures,0.0,0.0,legacy
EGNH,3,3,3,4,departures,1.0,1.3333333333333333,legacy
LGSY,3,0,0,0,departures,0.0,0.0,legacy
LSZS,3,1,0,0,departures,0.0,0.0,legacy
ESNN,3,0,0,0,departures,0.0,0.0,legacy
ENWV,3,0,0,0,departures,0.0,0.0,legacy
GMTA,3,3,3,3,departures,1.0,1.0,legacy
LDLO,3,0,0,0,departures,0.0,0.0,legacy
EKHA,3,0,0,0,departures,0.0,0.0,legacy
LRCK,3,0,0,0,departures,0.0,0.0,legacy
LFAT,3,0,0,0,departures,0.0,0.0,legacy
EGNO,3,3,3,4,departures,1.0,1.3333333333333333,legacy
ENOA,3,0,0,0,departures,0.0,0.0,legacy
LSZC,3,2,0,0,departures,0.0,0.0,legacy
ENQA,3,3,0,0,departures,0.0,0.0,legacy
OSDI,3,0,0,0,departures,0.0,0.0,legacy
ESUP,3,0,0,0,departures,0.0,0.0,legacy
BIBD,3,0,0,0,arrivals,0.0,0.0,legacy
ULAA,3,0,0,0,arrivals,0.0,0.0,legacy
LFBI,3,2,2,2,arrivals,0.6666666666666666,0.6666666666666666,legacy
LFLU,3,3,3,3,arrivals,1.0,1.0,legacy
LFOZ,3,2,0,0,arrivals,0.0,0.0,legacy
ENWS,3,0,0,0,arrivals,0.0,0.0,legacy
EHJA,3,0,0,0,arrivals,0.0,0.0,legacy
EPRA,3,2,2,3,arrivals,0.6666666666666666,1.0,legacy
LFMQ,3,3,3,3,arrivals,1.0,1.0,legacy
OSDI,3,0,0,0,arrivals,0.0,0.0,legacy
LFOH,3,3,2,2,arrivals,0.6666666666666666,0.6666666666666666,legacy
LELN,3,0,0,0,arrivals,0.0,0.0,legacy
ESUP,3,0,0,0,arrivals,0.0,0.0,legacy
GMTA,3,3,3,3,arrivals,1.0,1.0,legacy
EDTM,3,3,3,3,arrivals,1.0,1.0,legacy
OJAM,3,1,0,0,arrivals,0.0,0.0,legacy
LECU,3,3,3,3,arrivals,1.0,1.0,legacy
ESMT,3,1,0,0,arrivals,0.0,0.0,legacy
ENOC,3,2,0,0,arrivals,0.0,0.0,legacy
DTTX,3,0,0,0,arrivals,0.0,0.0,legacy
LTBH,3,0,0,0,arrivals,0.0,0.0,legacy
EFKS,3,0,0,0,arrivals,0.0,0.0,legacy
ENSL,3,0,0,0,arrivals,0.0,0.0,legacy
UDSG,3,0,0,0,arrivals,0.0,0.0,legacy
GMMB,3,0,0,0,arrivals,0.0,0.0,legacy
ENWY,3,0,0,0,arrivals,0.0,0.0,legacy
ESOW,3,3,3,3,arrivals,1.0,1.0,legacy
LTAL,3,0,0,0,arrivals,0.0,0.0,legacy
ESNO,3,0,0,0,arrivals,0.0,0.0,legacy
LFHP,3,0,0,0,arrivals,0.0,0.0,legacy
EGNH,3,3,3,3,arrivals,1.0,1.0,legacy
EPZG,3,3,3,3,arrivals,1.0,1.0,legacy
LGSY,3,0,0,0,arrivals,0.0,0.0,legacy
LFRC,3,2,1,1,arrivals,0.3333333333333333,0.3333333333333333,legacy
ESUT,3,0,0,0,arrivals,0.0,0.0,legacy
EDGS,3,3,3,3,arrivals,1.0,1.0,legacy
ENRO,3,0,0,0,arrivals,0.0,0.0,legacy
ENWV,3,0,0,0,arrivals,0.0,0.0,legacy
LFLS,3,3,3,3,arrivals,1.0,1.0,legacy
EKHA,3,0,0,0,arrivals,0.0,0.0,legacy
URWW,3,0,0,0,arrivals,0.0,0.0,legacy
ENFB,3,0,0,0,arrivals,0.0,0.0,legacy
ESMQ,3,3,3,3,arrivals,1.0,1.0,legacy
BIHN,3,0,0,0,arrivals,0.0,0.0,legacy
EHFB,3,0,0,0,arrivals,0.0,0.0,legacy
ENQA,3,2,0,0,arrivals,0.0,0.0,legacy
LFRD,3,3,3,3,arrivals,1.0,1.0,legacy
LFQG,2,0,0,0,departures,0.0,0.0,legacy
EHPK,2,2,0,0,departures,0.0,0.0,legacy
LFLU,2,2,2,3,departures,1.0,1.5,legacy
LTAG,2,0,0,0,departures,0.0,0.0,legacy
LFRC,2,2,1,8,departures,0.5,4.0,legacy
ENQV,2,0,0,0,departures,0.0,0.0,legacy
LFMQ,2,2,2,2,departures,1.0,1.0,legacy
EGFE,2,2,2,2,departures,1.0,1.0,legacy
EHKJ,2,0,0,0,departures,0.0,0.0,legacy
ENQC,2,2,0,0,departures,0.0,0.0,legacy
LFOK,2,0,0,0,departures,0.0,0.0,legacy
EGBJ,2,2,2,2,departures,1.0,1.0,legacy
LSGK,2,0,0,0,departures,0.0,0.0,legacy
EGPC,2,0,0,0,departures,0.0,0.0,legacy
LSGC,2,0,0,0,departures,0.0,0.0,legacy
ENNE,2,0,0,0,departures,0.0,0.0,legacy
ENQS,2,0,0,0,departures,0.0,0.0,legacy
ENXW,2,1,0,0,departures,0.0,0.0,legacy
LEAB,2,2,2,2,departures,1.0,1.0,legacy
EGVN,2,2,2,2,departures,1.0,1.0,legacy
EDXQ,2,2,0,0,departures,0.0,0.0,legacy
LTBY,2,0,0,0,departures,0.0,0.0,legacy
ENWA,2,0,0,0,departures,0.0,0.0,legacy
LFPT,2,2,2,3,departures,1.0,1.5,legacy
OENN,2,0,0,0,departures,0.0,0.0,legacy
ENUA,2,0,0,0,departures,0.0,0.0,legacy
LEGT,2,1,1,1,departures,0.5,0.5,legacy
LFGA,2,1,1,2,departures,0.5,1.0,legacy
LDRG,2,0,0,0,departures,0.0,0.0,legacy
GMMD,2,0,0,0,departures,0.0,0.0,legacy
LFRV,2,1,1,1,departures,0.5,0.5,legacy
LJMB,2,2,1,2,departures,0.5,1.0,legacy
LTBZ,2,0,0,0,departures,0.0,0.0,legacy
LTBU,2,0,0,0,departures,0.0,0.0,legacy
ESUT,2,0,0,0,departures,0.0,0.0,legacy
BIVO,2,0,0,0,departures,0.0,0.0,legacy
ENQD,2,0,0,0,departures,0.0,0.0,legacy
EHGQ,2,0,0,0,departures,0.0,0.0,legacy
LFOH,2,2,2,2,departures,1.0,1.0,legacy
LGPL,2,0,0,0,departures,0.0,0.0,legacy
LSTS,2,0,0,0,departures,0.0,0.0,legacy
EHLL,2,0,0,0,departures,0.0,0.0,legacy
GMAT,2,0,0,0,departures,0.0,0.0,legacy
BITN,2,0,0,0,departures,0.0,0.0,legacy
LFLX,2,0,0,0,departures,0.0,0.0,legacy
DAUB,2,0,0,0,departures,0.0,0.0,legacy
ORNI,2,0,0,0,departures,0.0,0.0,legacy
LEDA,2,0,0,0,departures,0.0,0.0,legacy
ETND,2,2,2,2,departures,1.0,1.0,legacy
LIBG,2,0,0,0,departures,0.0,0.0,legacy
LKKV,2,0,0,0,departures,0.0,0.0,legacy
LFAC,2,0,0,0,departures,0.0,0.0,legacy
ENQE,2,1,0,0,departures,0.0,0.0,legacy
EHFB,2,0,0,0,departures,0.0,0.0,legacy
EGNL,2,1,1,1,departures,0.5,0.5,legacy
LRSM,2,0,0,0,departures,0.0,0.0,legacy
ENQJ,2,0,0,0,departures,0.0,0.0,legacy
ULAA,2,0,0,0,departures,0.0,0.0,legacy
LGKJ,2,0,0,0,departures,0.0,0.0,legacy
ENGA,2,0,0,0,departures,0.0,0.0,legacy
DAOI,2,0,0,0,departures,0.0,0.0,legacy
LZPP,2,2,2,2,departures,1.0,1.0,legacy
ESST,2,0,0,0,departures,0.0,0.0,legacy
EIWF,2,1,1,1,departures,0.5,0.5,legacy
HLMS,2,0,0,0,departures,0.0,0.0,legacy
LFQG,2,0,0,0,arrivals,0.0,0.0,legacy
ENQO,2,0,0,0,arrivals,0.0,0.0,legacy
EGLK,2,2,2,2,arrivals,1.0,1.0,legacy
LTBZ,2,0,0,0,arrivals,0.0,0.0,legacy
LTAG,2,0,0,0,arrivals,0.0,0.0,legacy
LTBU,2,1,1,1,arrivals,0.5,0.5,legacy
ENQV,2,0,0,0,arrivals,0.0,0.0,legacy
EGMD,2,2,2,2,arrivals,1.0,1.0,legacy
LFOK,2,0,0,0,arrivals,0.0,0.0,legacy
ESNN,2,0,0,0,arrivals,0.0,0.0,legacy
LSGK,2,0,0,0,arrivals,0.0,0.0,legacy
EDMS,2,0,0,0,arrivals,0.0,0.0,legacy
ENWE,2,0,0,0,arrivals,0.0,0.0,legacy
LSGC,2,0,0,0,arrivals,0.0,0.0,legacy
ENNE,2,0,0,0,arrivals,0.0,0.0,legacy
DAUB,2,0,0,0,arrivals,0.0,0.0,legacy
EHKV,2,1,0,0,arrivals,0.0,0.0,legacy
ORNI,2,0,0,0,arrivals,0.0,0.0,legacy
LEDA,2,0,0,0,arrivals,0.0,0.0,legacy
ETND,2,2,2,2,arrivals,1.0,1.0,legacy
ENSE,2,0,0,0,arrivals,0.0,0.0,legacy
DAOI,2,0,0,0,arrivals,0.0,0.0,legacy
ENXW,2,0,0,0,arrivals,0.0,0.0,legacy
LEAB,2,2,2,2,arrivals,1.0,1.0,legacy
LFRT,2,2,1,1,arrivals,0.5,0.5,legacy
ENWA,2,0,0,0,arrivals,0.0,0.0,legacy
LFPT,2,2,0,0,arrivals,0.0,0.0,legacy
LKKV,2,2,2,2,arrivals,1.0,1.0,legacy
EHPG,2,2,0,0,arrivals,0.0,0.0,legacy
LEGT,2,2,2,2,arrivals,1.0,1.0,legacy
EKHB,2,0,0,0,arrivals,0.0,0.0,legacy
ESST,2,2,2,4,arrivals,1.0,2.0,legacy
ENQR,2,0,0,0,arrivals,0.0,0.0,legacy
EBMB,2,2,0,0,arrivals,0.0,0.0,legacy
LFRV,2,2,2,2,arrivals,1.0,1.0,legacy
DTTZ,2,0,0,0,arrivals,0.0,0.0,legacy
LJMB,2,1,0,0,arrivals,0.0,0.0,legacy
EHJR,2,0,0,0,arrivals,0.0,0.0,legacy
BIVO,2,0,0,0,arrivals,0.0,0.0,legacy
EHKJ,2,0,0,0,arrivals,0.0,0.0,legacy
ENQD,2,0,0,0,arrivals,0.0,0.0,legacy
OJAQ,2,1,0,0,arrivals,0.0,0.0,legacy
GMAT,2,1,0,0,arrivals,0.0,0.0,legacy
BITN,2,0,0,0,arrivals,0.0,0.0,legacy
LFSN,2,1,0,0,arrivals,0.0,0.0,legacy
LFJR,2,2,2,2,arrivals,1.0,1.0,legacy
EGPC,2,0,0,0,arrivals,0.0,0.0,legacy
EDFZ,2,2,1,1,arrivals,0.5,0.5,legacy
LRCK,2,0,0,0,arrivals,0.0,0.0,legacy
LOAN,2,2,2,3,arrivals,1.0,1.5,legacy
LTBY,2,0,0,0,arrivals,0.0,0.0,legacy
LIBG,2,1,0,0,arrivals,0.0,0.0,legacy
OENN,2,0,0,0,arrivals,0.0,0.0,legacy
ENUA,2,0,0,0,arrivals,0.0,0.0,legacy
EDLN,2,2,2,4,arrivals,1.0,2.0,legacy
LESU,2,0,0,0,arrivals,0.0,0.0,legacy
ENQE,2,0,0,0,arrivals,0.0,0.0,legacy
GMMD,2,0,0,0,arrivals,0.0,0.0,legacy
EGNL,2,2,1,1,arrivals,0.5,0.5,legacy
ENUD,2,0,0,0,arrivals,0.0,0.0,legacy
ENQJ,2,0,0,0,arrivals,0.0,0.0,legacy
HLMS,2,1,0,0,arrivals,0.0,0.0,legacy
ORKK,2,0,0,0,arrivals,0.0,0.0,legacy
EGBJ,2,2,2,2,arrivals,1.0,1.0,legacy
LFAT,2,2,1,1,arrivals,0.5,0.5,legacy
LFAC,2,2,1,1,arrivals,0.5,0.5,legacy
EBCV,1,1,1,1,departures,1.0,1.0,legacy
ENRK,1,1,0,0,departures,0.0,0.0,legacy
ULPB,1,0,0,0,departures,0.0,0.0,legacy
EHTW,1,1,1,1,departures,1.0,1.0,legacy
ENSF,1,0,0,0,departures,0.0,0.0,legacy
UGSA,1,0,0,0,departures,0.0,0.0,legacy
EDQM,1,0,0,0,departures,0.0,0.0,legacy
DABT,1,0,0,0,departures,0.0,0.0,legacy
LGTG,1,0,0,0,departures,0.0,0.0,legacy
EYSA,1,1,1,1,departures,1.0,1.0,legacy
EDMS,1,0,0,0,departures,0.0,0.0,legacy
URWA,1,0,0,0,departures,0.0,0.0,legacy
ENWE,1,0,0,0,departures,0.0,0.0,legacy
ENQG,1,0,0,0,departures,0.0,0.0,legacy
EHKV,1,0,0,0,departures,0.0,0.0,legacy
LFLA,1,0,0,0,departures,0.0,0.0,legacy
LFGF,1,1,0,0,departures,0.0,0.0,legacy
UMII,1,0,0,0,departures,0.0,0.0,legacy
LOIH,1,1,0,0,departures,0.0,0.0,legacy
ENQK,1,0,0,0,departures,0.0,0.0,legacy
ULMM,1,0,0,0,departures,0.0,0.0,legacy
ESMK,1,1,1,1,departures,1.0,1.0,legacy
EDWF,1,1,0,0,departures,0.0,0.0,legacy
LFAQ,1,1,0,0,departures,0.0,0.0,legacy
EKGC,1,0,0,0,departures,0.0,0.0,legacy
ENWK,1,0,0,0,departures,0.0,0.0,legacy
LFRO,1,1,1,1,departures,1.0,1.0,legacy
ULWC,1,0,0,0,departures,0.0,0.0,legacy
LFRI,1,0,0,1,departures,0.0,1.0,legacy
USKK,1,0,0,0,departures,0.0,0.0,legacy
UWPS,1,0,0,0,departures,0.0,0.0,legacy
EGEO,1,0,0,0,departures,0.0,0.0,legacy
LKKU,1,1,1,1,departures,1.0,1.0,legacy
EHPG,1,0,0,0,departures,0.0,0.0,legacy
ENWI,1,0,0,0,departures,0.0,0.0,legacy
LFCI,1,1,1,1,departures,1.0,1.0,legacy
EIWT,1,1,0,0,departures,0.0,0.0,legacy
EGUB,1,1,1,3,departures,1.0,3.0,legacy
ENLA,1,1,0,0,departures,0.0,0.0,legacy
LFBF,1,1,1,1,departures,1.0,1.0,legacy
LKRO,1,1,0,0,departures,0.0,0.0,legacy
EGSC,1,1,1,4,departures,1.0,4.0,legacy
EGHL,1,1,1,3,departures,1.0,3.0,legacy
ENDR,1,0,0,0,departures,0.0,0.0,legacy
LFCH,1,0,0,0,departures,0.0,0.0,legacy
DTTZ,1,0,0,0,departures,0.0,0.0,legacy
EFLP,1,0,0,0,departures,0.0,0.0,legacy
DAUH,1,0,0,0,departures,0.0,0.0,legacy
EPBC,1,0,0,0,departures,0.0,0.0,legacy
EPWK,1,0,0,0,departures,0.0,0.0,legacy
EDRZ,1,1,0,0,departures,0.0,0.0,legacy
EBSP,1,1,0,0,departures,0.0,0.0,legacy
GMAZ,1,1,0,0,departures,0.0,0.0,legacy
LKMH,1,1,0,0,departures,0.0,0.0,legacy
ENQL,1,0,0,0,departures,0.0,0.0,legacy
EHJR,1,0,0,0,departures,0.0,0.0,legacy
LEBA,1,0,0,0,departures,0.0,0.0,legacy
LKJI,1,1,0,0,departures,0.0,0.0,legacy
LYKV,1,0,0,0,departures,0.0,0.0,legacy
LIMG,1,0,0,0,departures,0.0,0.0,legacy
EDBM,1,1,0,0,departures,0.0,0.0,legacy
LFJR,1,1,1,1,departures,1.0,1.0,legacy
LRAR,1,0,0,0,departures,0.0,0.0,legacy
LFLH,1,1,0,0,departures,0.0,0.0,legacy
EDBC,1,1,0,0,departures,0.0,0.0,legacy
EDFZ,1,1,1,1,departures,1.0,1.0,legacy
ENQM,1,0,0,0,departures,0.0,0.0,legacy
EHKS,1,0,0,0,departures,0.0,0.0,legacy
EDFE,1,1,1,51,departures,1.0,51.0,legacy
LKPM,1,1,0,0,departures,0.0,0.0,legacy
LFSG,1,0,0,0,departures,0.0,0.0,legacy
UBBF,1,0,0,0,departures,0.0,0.0,legacy
ENBE,1,0,0,0,departures,0.0,0.0,legacy
DAAV,1,0,0,0,departures,0.0,0.0,legacy
DAUG,1,0,0,0,departures,0.0,0.0,legacy
EKSI,1,0,0,0,departures,0.0,0.0,legacy
EDTF,1,1,0,0,departures,0.0,0.0,legacy
EHJC,1,0,0,0,departures,0.0,0.0,legacy
EKHB,1,0,0,0,departures,0.0,0.0,legacy
LGKA,1,0,0,0,departures,0.0,0.0,legacy
EPCD,1,0,0,0,departures,0.0,0.0,legacy
ENUN,1,0,0,0,departures,0.0,0.0,legacy
BIGJ,1,0,0,0,departures,0.0,0.0,legacy
UBBL,1,0,0,0,departures,0.0,0.0,legacy
ENUD,1,0,0,0,departures,0.0,0.0,legacy
LFMH,1,1,1,1,departures,1.0,1.0,legacy
EPPW,1,0,0,0,departures,0.0,0.0,legacy
LFHS,1,1,0,0,departures,0.0,0.0,legacy
LFOP,1,0,0,0,departures,0.0,0.0,legacy
LOLW,1,1,0,0,departures,0.0,0.0,legacy
EHAK,1,0,0,0,departures,0.0,0.0,legacy
ENUE,1,0,0,0,departures,0.0,0.0,legacy
EDMV,1,0,0,0,departures,0.0,0.0,legacy
EKTE,1,0,0,0,departures,0.0,0.0,legacy
OJAQ,1,0,0,0,departures,0.0,0.0,legacy
EDAY,1,1,0,0,departures,0.0,0.0,legacy
EGOV,1,1,1,1,departures,1.0,1.0,legacy
LFLD,1,0,0,0,departures,0.0,0.0,legacy
ENUS,1,0,0,0,departures,0.0,0.0,legacy
LPEV,1,1,1,1,departures,1.0,1.0,legacy
ENRY,1,1,1,1,departures,1.0,1.0,legacy
LFBA,1,0,0,0,departures,0.0,0.0,legacy
EHFD,1,0,0,0,departures,0.0,0.0,legacy
ENQB,1,1,0,0,departures,0.0,0.0,legacy
OIGG,1,0,0,0,departures,0.0,0.0,legacy
LIRJ,1,0,0,0,departures,0.0,0.0,legacy
LCRA,1,1,1,1,departures,1.0,1.0,legacy
EHQM,1,0,0,0,departures,0.0,0.0,legacy
UUBC,1,0,0,0,departures,0.0,0.0,legacy
UUBI,1,0,0,0,departures,0.0,0.0,legacy
EGBK,1,1,0,0,departures,0.0,0.0,legacy
EHGN,1,0,0,0,departures,0.0,0.0,legacy
ENQR,1,0,0,0,departures,0.0,0.0,legacy
LSZG,1,1,1,1,departures,1.0,1.0,legacy
EHLE,1,1,1,1,departures,1.0,1.0,legacy
ENUK,1,0,0,0,departures,0.0,0.0,legacy
EBMB,1,1,0,0,departures,0.0,0.0,legacy
EDTD,1,0,0,1,departures,0.0,1.0,legacy
LGKZ,1,0,0,0,departures,0.0,0.0,legacy
LHPR,1,1,1,1,departures,1.0,1.0,legacy
LFLO,1,0,0,0,departures,0.0,0.0,legacy
DAUH,1,0,0,0,arrivals,0.0,0.0,legacy
EBCV,1,1,1,1,arrivals,1.0,1.0,legacy
EHFT,1,0,0,0,arrivals,0.0,0.0,legacy
ENRK,1,1,0,0,arrivals,0.0,0.0,legacy
ULPB,1,0,0,0,arrivals,0.0,0.0,legacy
LEBA,1,1,1,1,arrivals,1.0,1.0,legacy
UGSA,1,0,0,0,arrivals,0.0,0.0,legacy
LIMG,1,1,1,1,arrivals,1.0,1.0,legacy
EDBM,1,1,0,0,arrivals,0.0,0.0,legacy
URWA,1,0,0,0,arrivals,0.0,0.0,legacy
LFLD,1,0,0,0,arrivals,0.0,0.0,legacy
LPEV,1,1,1,1,arrivals,1.0,1.0,legacy
EDBC,1,1,0,0,arrivals,0.0,0.0,legacy
LFLA,1,0,0,0,arrivals,0.0,0.0,legacy
UMII,1,0,0,0,arrivals,0.0,0.0,legacy
ENQB,1,0,0,0,arrivals,0.0,0.0,legacy
OIGG,1,0,0,0,arrivals,0.0,0.0,legacy
LIRJ,1,0,0,0,arrivals,0.0,0.0,legacy
LFAQ,1,1,0,0,arrivals,0.0,0.0,legacy
ENWK,1,0,0,0,arrivals,0.0,0.0,legacy
LFRO,1,1,1,1,arrivals,1.0,1.0,legacy
LFTF,1,1,0,0,arrivals,0.0,0.0,legacy
ULWC,1,0,0,0,arrivals,0.0,0.0,legacy
EGTF,1,1,0,0,arrivals,0.0,0.0,legacy
DAAV,1,0,0,0,arrivals,0.0,0.0,legacy
USKK,1,0,0,0,arrivals,0.0,0.0,legacy
UWPS,1,0,0,0,arrivals,0.0,0.0,legacy
EDGE,1,1,0,0,arrivals,0.0,0.0,legacy
EKAR,1,0,0,0,arrivals,0.0,0.0,legacy
LSZC,1,1,0,0,arrivals,0.0,0.0,legacy
UUBC,1,0,0,0,arrivals,0.0,0.0,legacy
UUBI,1,0,0,0,arrivals,0.0,0.0,legacy
LFCI,1,1,1,1,arrivals,1.0,1.0,legacy
LFGA,1,1,1,1,arrivals,1.0,1.0,legacy
EGUB,1,1,1,1,arrivals,1.0,1.0,legacy
ENLA,1,0,0,0,arrivals,0.0,0.0,legacy
LKRO,1,1,0,0,arrivals,0.0,0.0,legacy
LRSM,1,0,0,0,arrivals,0.0,0.0,legacy
EHKE,1,0,0,0,arrivals,0.0,0.0,legacy
EGSC,1,1,1,1,arrivals,1.0,1.0,legacy
ENDR,1,0,0,0,arrivals,0.0,0.0,legacy
UBBL,1,0,0,0,arrivals,0.0,0.0,legacy
LHPR,1,1,1,1,arrivals,1.0,1.0,legacy
EGWC,1,1,1,1,arrivals,1.0,1.0,legacy
EHPK,1,0,0,0,arrivals,0.0,0.0,legacy
LPVR,1,1,1,2,arrivals,1.0,2.0,legacy
EPWK,1,0,0,0,arrivals,0.0,0.0,legacy
GMAZ,1,0,0,0,arrivals,0.0,0.0,legacy
LIQS,1,0,0,0,arrivals,0.0,0.0,legacy
LKMH,1,1,0,0,arrivals,0.0,0.0,legacy
EHTW,1,1,1,1,arrivals,1.0,1.0,legacy
EPNT,1,0,0,0,arrivals,0.0,0.0,legacy
EGFE,1,1,1,1,arrivals,1.0,1.0,legacy
ENQC,1,1,0,0,arrivals,0.0,0.0,legacy
LIMW,1,0,0,0,arrivals,0.0,0.0,legacy
LSTS,1,1,0,0,arrivals,0.0,0.0,legacy
LYKV,1,0,0,0,arrivals,0.0,0.0,legacy
EHDV,1,0,0,0,arrivals,0.0,0.0,legacy
EDLE,1,1,0,0,arrivals,0.0,0.0,legacy
EGBP,1,1,0,0,arrivals,0.0,0.0,legacy
ENQM,1,0,0,0,arrivals,0.0,0.0,legacy
EDFE,1,1,1,1,arrivals,1.0,1.0,legacy
LFSG,1,0,0,0,arrivals,0.0,0.0,legacy
UBBF,1,0,0,0,arrivals,0.0,0.0,legacy
EHFD,1,0,0,0,arrivals,0.0,0.0,legacy
EHLI,1,0,0,0,arrivals,0.0,0.0,legacy
EDBR,1,1,1,1,arrivals,1.0,1.0,legacy
EDXQ,1,1,0,0,arrivals,0.0,0.0,legacy
EDTF,1,1,0,0,arrivals,0.0,0.0,legacy
LDRG,1,0,0,0,arrivals,0.0,0.0,legacy
EIWT,1,1,1,1,arrivals,1.0,1.0,legacy
ENUN,1,0,0,0,arrivals,0.0,0.0,legacy
LGKZ,1,0,0,0,arrivals,0.0,0.0,legacy
LFMH,1,1,1,1,arrivals,1.0,1.0,legacy
EPPW,1,0,0,0,arrivals,0.0,0.0,legacy
LFPN,1,1,1,1,arrivals,1.0,1.0,legacy
LFOP,1,0,0,0,arrivals,0.0,0.0,legacy
LOLW,1,1,0,0,arrivals,0.0,0.0,legacy
ENSF,1,0,0,0,arrivals,0.0,0.0,legacy
EDQM,1,1,1,1,arrivals,1.0,1.0,legacy
DABT,1,0,0,0,arrivals,0.0,0.0,legacy
EHGQ,1,0,0,0,arrivals,0.0,0.0,legacy
EDMV,1,0,0,0,arrivals,0.0,0.0,legacy
EDAQ,1,1,0,0,arrivals,0.0,0.0,legacy
EGOV,1,1,0,0,arrivals,0.0,0.0,legacy
ENUS,1,0,0,0,arrivals,0.0,0.0,legacy
ENGA,1,0,0,0,arrivals,0.0,0.0,legacy
LRAR,1,0,0,1,arrivals,0.0,1.0,legacy
LFLH,1,1,0,0,arrivals,0.0,0.0,legacy
LFBA,1,1,1,1,arrivals,1.0,1.0,legacy
ULMM,1,0,0,0,arrivals,0.0,0.0,legacy
LFRI,1,0,0,0,arrivals,0.0,0.0,legacy
EHFR,1,0,0,0,arrivals,0.0,0.0,legacy
LGKA,1,0,0,0,arrivals,0.0,0.0,legacy
EGBK,1,1,0,0,arrivals,0.0,0.0,legacy
EIWF,1,1,1,1,arrivals,1.0,1.0,legacy
BIGJ,1,0,0,0,arrivals,0.0,0.0,legacy
LJPZ,1,1,1,2,arrivals,1.0,2.0,legacy
EHLE,1,1,1,1,arrivals,1.0,1.0,legacy
ENUK,1,0,0,0,arrivals,0.0,0.0,legacy
EDTD,1,1,1,1,arrivals,1.0,1.0,legacy
LFLO,1,0,0,0,arrivals,0.0,0.0,legacy
EFLP,1,0,0,0,arrivals,0.0,0.0,legacy
