adep_accuracy,adep_correct,adep_coverage,adep_gt_ooa_share,adep_inarea_accuracy,adep_inarea_coverage,adep_ooa_precision,adep_ooa_recall,adep_overall,adep_pred_ooa_share,adep_score,adep_wrong,ades_accuracy,ades_correct,ades_coverage,ades_gt_ooa_share,ades_inarea_accuracy,ades_inarea_coverage,ades_ooa_precision,ades_ooa_recall,ades_overall,ades_pred_ooa_share,ades_score,ades_wrong,fl_cap,k,legacy,margin,n_ground_truth,penalty_nm,radius_nm,stage,stage2_role
0.9872950441443381,64188,0.6835232768409101,0.08297237057908238,0.9883287654359006,0.7445886453269742,0.0,0.0,0.6748391437823289,0.0,62536.0,826,0.9752063536644354,62500,0.6737983094326927,0.08372934101518147,0.9756173706721614,0.7350605838076005,0.0,0.0,0.6570923924471173,0.0,59322.0,1589,40,2.0,True,4,95116,0.0,30.0,0,
0.9953741161571745,56591,0.5977332940830145,0.08297237057908238,0.996425678768884,0.6511281298725121,0.0,0.0,0.594968249295597,0.0,56065.0,263,0.9877496891835889,59586,0.6342255771899575,0.08372934101518147,0.9881428168687086,0.6919060950982192,0.0,0.0,0.6264561167416628,0.0,58108.0,739,20,2.0,,0,95116,10.0,5.0,1,
0.9947071339394046,56568,0.5978909962572018,0.08297237057908238,0.9957577144466546,0.6513001008896634,0.0,0.0,0.5947264392951764,0.0,55966.0,301,0.9858448306755062,60522,0.6454329450355356,0.08372934101518147,0.9862785998305196,0.7041031760602167,0.0,0.0,0.6362967324109509,0.0,58784.0,869,20,2.0,,0,95116,10.0,10.0,1,
0.9942002495650187,56569,0.5982064006055764,0.08297237057908238,0.9952497404950826,0.6516440429239658,0.0,0.0,0.5947369527734556,0.0,55909.0,330,0.9839973979508864,60506,0.6464737793851718,0.08372934101518147,0.9844616911537397,0.7052161740407564,0.0,0.0,0.6361285167584844,0.0,58538.0,984,20,2.0,,0,95116,10.0,15.0,1,
0.9937114651583552,56571,0.598521804953951,0.08297237057908238,0.9947773791939227,0.6519765202237916,0.0,0.0,0.5947579797300139,0.0,55855.0,358,0.9827681413629572,60511,0.6473358846040624,0.08372934101518147,0.9832791680207995,0.7061226363135671,0.0,0.0,0.6361810841498802,0.0,58389.0,1061,20,2.0,,0,95116,10.0,20.0,1,
0.9925610119830869,56573,0.5992367214769334,0.08297237057908238,0.9936418723105296,0.6527446574337339,0.0,0.0,0.5947790066865721,0.0,55725.0,424,0.9811455344260169,60520,0.6485028806930485,0.08372934101518147,0.9817981246552675,0.7072930053240316,0.0,0.0,0.6362757054543925,0.0,58194.0,1163,20,2.0,,0,95116,10.0,30.0,1,
0.9920043485122126,56575,0.5995941797384247,0.08297237057908238,0.9930839579420386,0.6531344584059433,0.0,0.0,0.5948000336431305,0.0,55663.0,456,0.9801460705089796,60525,0.6492177972160309,0.08372934101518147,0.9807972775887215,0.7080732513310078,0.0,0.0,0.6363282728457883,0.0,58073.0,1226,20,2.0,,0,95116,10.0,40.0,1,
0.98974825492906,56575,0.6009609319147147,0.08297237057908238,0.9908229566192053,0.6546248738879208,0.0,0.0,0.5948000336431305,0.0,55403.0,586,0.9785792809105018,60531,0.6503217124353421,0.08372934101518147,0.9793392441107948,0.7091977235175326,0.0,0.0,0.6363913537154632,0.0,57881.0,1325,20,2.0,,0,95116,10.0,60.0,1,
0.982853271255342,56575,0.6051768367046554,0.08297237057908238,0.9841355436881382,0.6590731908648996,0.0,0.0,0.5948000336431305,0.0,54601.0,987,0.9776151945346189,60531,0.6509630346103705,0.08372934101518147,0.978547641372175,0.7097714338167799,0.0,0.0,0.6363913537154632,0.0,57759.0,1386,20,2.0,,0,95116,10.0,80.0,1,
0.9953595837216527,51265,0.5414861852895412,0.08297237057908238,0.996501117698513,0.5898032651563789,0.0,0.0,0.5389734639808235,0.0,50787.0,239,0.9889176884989864,59519,0.6327642037091551,0.08372934101518147,0.9892628604670489,0.6903456030842666,0.0,0.0,0.6257517136969595,0.0,58185.0,667,20,2.0,,2,95116,10.0,5.0,1,
0.9947587063710835,51244,0.5415913200723327,0.08297237057908238,0.9958993295112234,0.5899179125011464,0.0,0.0,0.5387526809369612,0.0,50704.0,270,0.9871258658998824,60420,0.6435089785104504,0.08372934101518147,0.9875130753138075,0.7020378189829264,0.0,0.0,0.6352243576264771,0.0,58844.0,788,20,2.0,,2,95116,10.0,10.0,1,
0.9942181952232203,51243,0.5418751839858699,0.08297237057908238,0.9953576007148129,0.5902274603320187,0.0,0.0,0.538742167458682,0.0,50647.0,298,0.9853989591660277,60402,0.6444446780772951,0.08372934101518147,0.9858171076039236,0.7030360749036166,0.0,0.0,0.6350351150174524,0.0,58612.0,895,20,2.0,,2,95116,10.0,15.0,1,
0.9938903758873502,51243,0.5420539131166155,0.08297237057908238,0.9950290296898969,0.5904223608181235,0.0,0.0,0.538742167458682,0.0,50613.0,315,0.9842436290164897,60405,0.6452331889482317,0.08372934101518147,0.9847089317444533,0.7038622177345327,0.0,0.0,0.6350666554522898,0.0,58471.0,967,20,2.0,,2,95116,10.0,20.0,1,
0.9928697370715545,51243,0.5426111274654106,0.08297237057908238,0.994006052141527,0.5910299917453912,0.0,0.0,0.538742167458682,0.0,50507.0,368,0.9829636981954862,60410,0.6461268346019597,0.08372934101518147,0.983443762514855,0.7048260510372683,0.0,0.0,0.6351192228436856,0.0,58316.0,1047,20,2.0,,2,95116,10.0,30.0,1,
0.9924085442608982,51245,0.5428844779006686,0.08297237057908238,0.9935437589670014,0.5913280748417866,0.0,0.0,0.5387631944152403,0.0,50461.0,392,0.9821176011574789,60413,0.6467155893855924,0.08372934101518147,0.9825968153798611,0.7054686065724252,0.0,0.0,0.635150763278523,0.0,58213.0,1100,20,2.0,,2,95116,10.0,40.0,1,
0.9905286556489804,51245,0.5439147987720258,0.08297237057908238,0.9916595711742395,0.5924516188205081,0.0,0.0,0.5387631944152403,0.0,50265.0,490,0.9808913061125092,60418,0.647577694604483,0.08372934101518147,0.9814011662849439,0.7063865430512208,0.0,0.0,0.6352033306699189,0.0,58064.0,1177,20,2.0,,2,95116,10.0,60.0,1,
0.9824201526015107,51245,0.5484040539972245,0.08297237057908238,0.9836458913181181,0.5972782720352197,0.0,0.0,0.5387631944152403,0.0,49411.0,917,0.980350159827354,60418,0.6479351528659741,0.08372934101518147,0.9808913061125092,0.7067537176427391,0.0,0.0,0.6352033306699189,0.0,57996.0,1211,20,2.0,,2,95116,10.0,80.0,1,
0.9958107716647726,44689,0.4718133647335885,0.08297237057908238,0.9969882205961093,0.5138952581858204,0.0,0.0,0.46983683081710753,0.0,44313.0,188,0.9893234245746183,58841,0.6252996341309559,0.08372934101518147,0.9896395714550011,0.682221865246925,0.0,0.0,0.6186235754236932,0.0,57571.0,635,20,2.0,,4,95116,10.0,5.0,1,
0.9951654227470201,44668,0.4718974725598217,0.08297237057908238,0.9963418986438258,0.5139869760616345,0.0,0.0,0.4696160477732453,0.0,44234.0,217,0.9874838152783773,59488,0.6333529584927877,0.08372934101518147,0.9878281662542967,0.6909881586194235,0.0,0.0,0.6254257958703058,0.0,57980.0,754,20,2.0,,4,95116,10.0,10.0,1,
0.9945891783567135,44667,0.47216030951680055,0.08297237057908238,0.995764317720757,0.5142735944235531,0.0,0.0,0.46960553429496615,0.0,44181.0,243,0.9858253618262902,59464,0.6341624963202827,0.08372934101518147,0.9861686954791203,0.6918716724802644,0.0,0.0,0.625173472391606,0.0,57754.0,855,20,2.0,,4,95116,10.0,15.0,1,
0.9943013601050686,44667,0.47229698473442955,0.08297237057908238,0.9954758190327613,0.5144226359717509,0.0,0.0,0.46960553429496615,0.0,44155.0,256,0.9847807366189719,59465,0.6348458724084276,0.08372934101518147,0.9851233371436144,0.6926174958692859,0.0,0.0,0.6251839858698852,0.0,57627.0,919,20,2.0,,4,95116,10.0,20.0,1,
0.9931738337706231,44667,0.47283317212666637,0.08297237057908238,0.9943456289931213,0.5150073374300651,0.0,0.0,0.46960553429496615,0.0,44053.0,307,0.9838197339686321,59466,0.6354766811051769,0.08372934101518147,0.98417794842938,0.6932944740223976,0.0,0.0,0.6251944993481644,0.0,57510.0,978,20,2.0,,4,95116,10.0,30.0,1,
0.9928871501922693,44669,0.4729908743008537,0.08297237057908238,0.9940582161296065,0.5151793084472164,0.0,0.0,0.46962656125152447,0.0,44029.0,320,0.9831206189657453,59467,0.6359392741494596,0.08372934101518147,0.9834783183938081,0.6937993390857352,0.0,0.0,0.6252050128264435,0.0,57425.0,1021,20,2.0,,4,95116,10.0,40.0,1,
0.9912126927770998,44669,0.4737898986500694,0.08297237057908238,0.9923798098284902,0.5160506282674493,0.0,0.0,0.46962656125152447,0.0,43877.0,396,0.9821151369025993,59471,0.6366331637158837,0.08372934101518147,0.9825045432017182,0.6945336882687718,0.0,0.0,0.6252470667395601,0.0,57305.0,1083,20,2.0,,4,95116,10.0,60.0,1,
0.9844841645912767,44669,0.4770280499600488,0.08297237057908238,0.9857007304102213,0.519547372282858,0.0,0.0,0.46962656125152447,0.0,43261.0,704,0.98156400607381,59471,0.636990621977375,0.08372934101518147,0.9819529753649032,0.69492381127226,0.0,0.0,0.6252470667395601,0.0,57237.0,1117,20,2.0,,4,95116,10.0,80.0,1,
0.9959715036892545,23487,0.24792884477900667,0.08297237057908238,0.9975366319813124,0.2699371732550674,0.0,0.0,0.24693006434248707,0.0,23297.0,95,0.9897850865744366,56878,0.6041570293115774,0.08372934101518147,0.9900952182011246,0.6591587112171837,0.0,0.0,0.5979856175617141,0.0,55704.0,587,20,2.0,,8,95116,10.0,5.0,1,
0.9950826621449766,23474,0.24801295260523992,0.08297237057908238,0.9966458625228208,0.2700288911308814,0.0,0.0,0.24679338912485807,0.0,23242.0,116,0.9879547180230551,57250,0.6092350393204088,0.08372934101518147,0.9882787550277063,0.6646892785019277,0.0,0.0,0.6018966314815594,0.0,55854.0,698,20,2.0,,8,95116,10.0,10.0,1,
0.9945345930602042,23474,0.24814962782286892,0.08297237057908238,0.9960960706102011,0.27017793267907914,0.0,0.0,0.24679338912485807,0.0,23216.0,129,0.98626383096067,57225,0.6100130367130662,0.08372934101518147,0.9865869006775512,0.6655383697448136,0.0,0.0,0.6016337945245805,0.0,55631.0,797,20,2.0,,8,95116,10.0,15.0,1,
0.9942397289284202,23474,0.248223222170823,0.08297237057908238,0.9958002799813346,0.2702581858204164,0.0,0.0,0.24679338912485807,0.0,23202.0,136,0.9852282900626679,57226,0.6106648723663737,0.08372934101518147,0.9855506759665892,0.6662497705158803,0.0,0.0,0.6016443080028596,0.0,55510.0,858,20,2.0,,8,95116,10.0,20.0,1,
0.9927680270670332,23474,0.2485911939105934,0.08297237057908238,0.9943239579803457,0.27065945152710263,0.0,0.0,0.24679338912485807,0.0,23132.0,171,0.9842795961541769,57227,0.6112641406282855,0.08372934101518147,0.9846013557689,0.6669038002570222,0.0,0.0,0.6016548214811388,0.0,55399.0,914,20,2.0,,8,95116,10.0,30.0,1,
0.9924325695442632,23475,0.24868581521510577,0.08297237057908238,0.9939873819706144,0.2707626341373934,0.0,0.0,0.24680390260313723,0.0,23117.0,179,0.9835862709038723,57228,0.6117057067160099,0.08372934101518147,0.9839075716938313,0.66738571690839,0.0,0.0,0.601665334959418,0.0,55318.0,955,20,2.0,,8,95116,10.0,40.0,1,
0.9908407901401317,23475,0.24908532738971362,0.08297237057908238,0.9923906150919467,0.27119829404750984,0.0,0.0,0.24680390260313723,0.0,23041.0,217,0.9825904814229792,57230,0.6123470288910383,0.08372934101518147,0.9829111206526406,0.6680856434734717,0.0,0.0,0.6016863619159762,0.0,55202.0,1014,20,2.0,,8,95116,10.0,60.0,1,
0.984194197551568,23475,0.25076748391437825,0.08297237057908238,0.9858060723134422,0.27300972209483626,0.0,0.0,0.24680390260313723,0.0,22721.0,377,0.9801671576351305,57230,0.6138609697632365,0.08372934101518147,0.9804862169987494,0.6697379291353038,0.0,0.0,0.6016863619159762,0.0,54914.0,1158,20,2.0,,8,95116,10.0,80.0,1,
0.9858870967741935,1467,0.015644055679380965,0.08297237057908238,0.9945762711864407,0.016910483353205538,0.0,0.0,0.015423272635518735,0.0,1425.0,21,0.9905814342175119,50378,0.5346839648429287,0.08372934101518147,0.9908736871090831,0.5833715806866164,0.0,0.0,0.529648008747214,0.0,49420.0,479,20,2.0,,16,95116,10.0,5.0,1,
0.9839034205231388,1467,0.015675596114218426,0.08297237057908238,0.9925575101488497,0.016944877556635787,0.0,0.0,0.015423272635518735,0.0,1419.0,24,0.9885900250941029,50426,0.5362715000630809,0.08372934101518147,0.9889002196422968,0.5850927115843584,0.0,0.0,0.5301526557046133,0.0,49262.0,582,20,2.0,,16,95116,10.0,10.0,1,
0.9832439678284183,1467,0.015686109592497582,0.08297237057908238,0.9918864097363083,0.016956342291112536,0.0,0.0,0.015423272635518735,0.0,1417.0,25,0.9868812656641605,50402,0.5369443626729468,0.08372934101518147,0.9871905358821687,0.5858270607673949,0.0,0.0,0.5299003322259136,0.0,49062.0,670,20,2.0,,16,95116,10.0,15.0,1,
0.9819277108433735,1467,0.01570713654905589,0.08297237057908238,0.9905469277515192,0.01697927176006604,0.0,0.0,0.015423272635518735,0.0,1413.0,27,0.9859356050232776,50403,0.5374700365869044,0.08372934101518147,0.9862442766015732,0.5864007710666422,0.0,0.0,0.5299108457041928,0.0,48965.0,719,20,2.0,,16,95116,10.0,20.0,1,
0.9806149732620321,1467,0.015728163505614196,0.08297237057908238,0.9892110586648685,0.017002201229019537,0.0,0.0,0.015423272635518735,0.0,1409.0,29,0.9850110414101737,50404,0.537985197022583,0.08372934101518147,0.9853191281399668,0.5869630071599046,0.0,0.0,0.529921359182472,0.0,48870.0,767,20,2.0,,16,95116,10.0,30.0,1,
0.979305740987984,1467,0.015749190462172505,0.08297237057908238,0.9878787878787879,0.017025130697973036,0.0,0.0,0.015423272635518735,0.0,1405.0,31,0.9842996348298151,50405,0.5383847091971908,0.08372934101518147,0.9846072705252671,0.5873990269873325,0.0,0.0,0.529931872660751,0.0,48797.0,804,20,2.0,,16,95116,10.0,40.0,1,
0.9760479041916168,1467,0.015801757853568275,0.08297237057908238,0.9845637583892617,0.017082454370356784,0.0,0.0,0.015423272635518735,0.0,1395.0,36,0.9833017966174434,50407,0.5389524370242651,0.08372934101518147,0.9836087966124847,0.5880186341105196,0.0,0.0,0.5299528996173094,0.0,48695.0,856,20,2.0,,16,95116,10.0,60.0,1,
0.9575718015665796,1467,0.016106648723663738,0.08297237057908238,0.9664031620553359,0.01740346693570577,0.0,0.0,0.015423272635518735,0.0,1337.0,65,0.9825351343975985,50407,0.5393729761554312,0.08372934101518147,0.9828416557802172,0.5884776023499174,0.0,0.0,0.5299528996173094,0.0,48615.0,896,20,2.0,,16,95116,10.0,80.0,1,
0.9955437281516707,63223,0.667668951595946,0.08297237057908238,0.9965480281201727,0.727345684673943,0.0,0.0,0.6646936372429455,0.0,62657.0,283,0.9871316580932503,60064,0.6397136128516758,0.08372934101518147,0.9875536410121504,0.697872682210391,0.0,0.0,0.6314815593590983,0.0,58498.0,783,30,2.0,,0,95116,10.0,5.0,1,
0.9945574826793451,63593,0.6722423146473779,0.08297237057908238,0.9956318887775552,0.7322755204989453,0.0,0.0,0.6685836242062324,0.0,62897.0,348,0.9843522331327209,62152,0.6638210185457757,0.08372934101518147,0.984820155284424,0.7241371397099321,0.0,0.0,0.6534337020059716,0.0,60176.0,988,30,2.0,,0,95116,10.0,10.0,1,
0.9939974676816782,63589,0.6725787459523108,0.08297237057908238,0.995070731096645,0.7326423920022013,0.0,0.0,0.6685415702931158,0.0,62821.0,384,0.9825552050473186,62294,0.6665545228983557,0.08372934101518147,0.9830513824012119,0.7270974848540481,0.0,0.0,0.6549266159216115,0.0,60082.0,1106,30,2.0,,0,95116,10.0,15.0,1,
0.9933921737092869,63592,0.6730203120400353,0.08297237057908238,0.9944796309328329,0.733112446115748,0.0,0.0,0.6685731107279532,0.0,62746.0,423,0.9812015870017003,62322,0.6677740863787376,0.08372934101518147,0.981758034026465,0.728382595924362,0.0,0.0,0.6552209933134279,0.0,59934.0,1194,30,2.0,,0,95116,10.0,20.0,1,
0.9921525188386352,63594,0.673882417258926,0.08297237057908238,0.9932527410739387,0.7340410896083647,0.0,0.0,0.6685941376845116,0.0,62588.0,503,0.9794966063348416,62343,0.6691618655115859,0.08372934101518147,0.9802204367855851,0.7297709748485405,0.0,0.0,0.6554417763572901,0.0,59733.0,1305,30,2.0,,0,95116,10.0,30.0,1,
0.9916113138117068,63596,0.6742714159552546,0.08297237057908238,0.9927103007976523,0.7344652847840044,0.0,0.0,0.6686151646410698,0.0,62520.0,538,0.978300436187906,62351,0.6700660246435931,0.08372934101518147,0.9790224064565767,0.7307577565632458,0.0,0.0,0.6555258841835233,0.0,59585.0,1383,30,2.0,,0,95116,10.0,40.0,1,
0.9891282370324287,63596,0.6759640859581985,0.08297237057908238,0.9902217239661186,0.7363111070347611,0.0,0.0,0.6686151646410698,0.0,62198.0,699,0.9767704139972745,62358,0.6711909668194626,0.08372934101518147,0.9775973160675373,0.7319051771617404,0.0,0.0,0.6555994785314774,0.0,59392.0,1483,30,2.0,,0,95116,10.0,60.0,1,
0.9834534376643058,63596,0.6798645863997645,0.08297237057908238,0.9848088328661907,0.7403581583050537,0.0,0.0,0.6686151646410698,0.0,61456.0,1070,0.9755792306127876,62360,0.6720320450817948,0.08372934101518147,0.9766334648875524,0.7326510005507619,0.0,0.0,0.6556205054880356,0.0,59238.0,1561,30,2.0,,0,95116,10.0,80.0,1,
0.9955269687867311,60982,0.6440136254678498,0.08297237057908238,0.9965681788469081,0.7015500321012565,0.0,0.0,0.6411329324193616,0.0,60434.0,274,0.9875004111706852,60042,0.6392405063291139,0.08372934101518147,0.9878903550626872,0.6973792913530383,0.0,0.0,0.631250262836957,0.0,58522.0,760,30,2.0,,2,95116,10.0,5.0,1,
0.9945837806187177,61149,0.6463896715589386,0.08297237057908238,0.9956850229589345,0.7040952031550949,0.0,0.0,0.6428886832919803,0.0,60483.0,333,0.9848797359903535,62075,0.6626435089785104,0.08372934101518147,0.9853174603174604,0.722874977051588,0.0,0.0,0.6526241641784768,0.0,60169.0,953,30,2.0,,2,95116,10.0,10.0,1,
0.9940497480084539,61144,0.6466840489507548,0.08297237057908238,0.9951498974642753,0.7044162157204439,0.0,0.0,0.6428361159005845,0.0,60412.0,366,0.9832126711137807,62200,0.6651036628958324,0.08372934101518147,0.9836791497975709,0.7255369928400954,0.0,0.0,0.653938348963371,0.0,60076.0,1062,30,2.0,,2,95116,10.0,15.0,1,
0.9935490161030858,61144,0.6470099667774086,0.08297237057908238,0.994648056870496,0.7047716224892232,0.0,0.0,0.6428361159005845,0.0,60350.0,397,0.981993782252592,62226,0.6662075781151436,0.08372934101518147,0.9825054473110809,0.72670736185056,0.0,0.0,0.654211699398629,0.0,59944.0,1141,30,2.0,,2,95116,10.0,20.0,1,
0.9923557575265763,61144,0.647787964170066,0.08297237057908238,0.9934521585130063,0.7056200128405026,0.0,0.0,0.6428361159005845,0.0,60202.0,471,0.9806359110102729,62239,0.6672694394213382,0.08372934101518147,0.981161522212063,0.7278547824490545,0.0,0.0,0.654348374616258,0.0,59781.0,1229,30,2.0,,2,95116,10.0,30.0,1,
0.9918409057730052,61146,0.6481454224315573,0.08297237057908238,0.9929361328981342,0.7060098138127121,0.0,0.0,0.6428571428571429,0.0,60140.0,503,0.9797113311192609,62244,0.6679528155094832,0.08372934101518147,0.980235909226917,0.728600605838076,0.0,0.0,0.6544009420076539,0.0,59666.0,1289,30,2.0,,2,95116,10.0,40.0,1,
0.9897858426275151,61146,0.6494911476512889,0.08297237057908238,0.9908765334067964,0.707477299825736,0.0,0.0,0.6428571428571429,0.0,59884.0,631,0.9786350988067726,62250,0.6687518398586989,0.08372934101518147,0.9791892784672739,0.729449697080962,0.0,0.0,0.6544640228773287,0.0,59532.0,1359,30,2.0,,2,95116,10.0,60.0,1,
0.9846693935392444,61146,0.6528659741788974,0.08297237057908238,0.9858759794911484,0.7110657617169587,0.0,0.0,0.6428571428571429,0.0,59242.0,952,0.9779746755899079,62252,0.6692249463812607,0.08372934101518147,0.9785742356362493,0.7299316137323297,0.0,0.0,0.654485049833887,0.0,59448.0,1402,30,2.0,,2,95116,10.0,80.0,1,
0.9956359945872801,58862,0.6215568358635771,0.08297237057908238,0.9966981052203803,0.6770728239933963,0.0,0.0,0.6188443584675554,0.0,58346.0,258,0.9878756886938735,59887,0.6373480802388662,0.08372934101518147,0.9882343234323432,0.695336882687718,0.0,0.0,0.6296206737036881,0.0,58417.0,735,30,2.0,,4,95116,10.0,5.0,1,
0.9946637846600695,58902,0.6225871567349341,0.08297237057908238,0.9957567663516643,0.6781734385031642,0.0,0.0,0.6192648975987216,0.0,58270.0,316,0.9852529550071176,61599,0.6573131754909795,0.08372934101518147,0.9856470814132104,0.7170919772351754,0.0,0.0,0.6476197485175995,0.0,59755.0,922,30,2.0,,4,95116,10.0,10.0,1,
0.9940925278917075,58897,0.6228920476050297,0.08297237057908238,0.9951843465918692,0.67850591580299,0.0,0.0,0.6192123302073258,0.0,58197.0,350,0.9836468354632333,61654,0.6589743050590857,0.08372934101518147,0.9840393270980304,0.7189049017807968,0.0,0.0,0.6481979898229531,0.0,59604.0,1025,30,2.0,,4,95116,10.0,15.0,1,
0.9936564709058087,58897,0.6231653980402877,0.08297237057908238,0.994747331441697,0.6788039988993855,0.0,0.0,0.6192123302073258,0.0,58145.0,376,0.9825701813083516,61672,0.6598889776693722,0.08372934101518147,0.9829616996860108,0.719903157701487,0.0,0.0,0.6483872324319778,0.0,59484.0,1094,30,2.0,,4,95116,10.0,20.0,1,
0.9924341994405689,58897,0.6239328819546659,0.08297237057908238,0.9935223764781296,0.6796409245161882,0.0,0.0,0.6192123302073258,0.0,57999.0,449,0.9814458253106949,61677,0.660698515496867,0.08372934101518147,0.9818364163137954,0.7207866715623279,0.0,0.0,0.6484397998233735,0.0,59345.0,1166,30,2.0,,4,95116,10.0,30.0,1,
0.9919831578947368,58899,0.6242377728247613,0.08297237057908238,0.9930703085483055,0.679973401816014,0.0,0.0,0.6192333571638841,0.0,57947.0,476,0.9807600572428049,61680,0.6611926489759872,0.08372934101518147,0.9811500835122883,0.7213259592436203,0.0,0.0,0.6484713402582111,0.0,59260.0,1210,30,2.0,,4,95116,10.0,40.0,1,
0.9900156320911704,58899,0.6254783632617015,0.08297237057908238,0.9910984721006932,0.6813262404842704,0.0,0.0,0.6192333571638841,0.0,57711.0,594,0.9799358200419394,61685,0.6618024307161782,0.08372934101518147,0.9803563198296277,0.7219685147787773,0.0,0.0,0.6485239076496068,0.0,59159.0,1263,30,2.0,,4,95116,10.0,60.0,1,
0.9846202711513065,58899,0.6289057571807056,0.08297237057908238,0.9857738204823512,0.685006420251307,0.0,0.0,0.6192333571638841,0.0,57059.0,920,0.9794541210841364,61687,0.6621493754993902,0.08372934101518147,0.9798741938558312,0.7223471635762805,0.0,0.0,0.6485449346061651,0.0,59099.0,1294,30,2.0,,4,95116,10.0,80.0,1,
0.9958077082797762,50357,0.5316560830985323,0.08297237057908238,0.9969708968521085,0.5790837384206182,0.0,0.0,0.5294272257033517,0.0,49933.0,212,0.9882278816819207,59602,0.6340889019723285,0.08372934101518147,0.9885884889699784,0.6917798788323848,0.0,0.0,0.6266243323941293,0.0,58182.0,710,30,2.0,,8,95116,10.0,5.0,1,
0.9948009330644842,50323,0.531834812229278,0.08297237057908238,0.9959625546737388,0.5792786389067229,0.0,0.0,0.5290697674418605,0.0,49797.0,263,0.9856405109193634,60884,0.649428066781614,0.08372934101518147,0.9860076439722744,0.7085092711584359,0.0,0.0,0.6401026115480045,0.0,59110.0,887,30,2.0,,8,95116,10.0,10.0,1,
0.9941911009246819,50318,0.532108162664536,0.08297237057908238,0.9953514133681483,0.5795767220031184,0.0,0.0,0.5290172000504647,0.0,49730.0,294,0.9840672214591581,60899,0.6506266033054375,0.08372934101518147,0.9844330930134816,0.7098173306407196,0.0,0.0,0.6402603137221918,0.0,58927.0,986,30,2.0,,8,95116,10.0,15.0,1,
0.9938769060598878,50318,0.5322763783170024,0.08297237057908238,0.9950364848029425,0.5797601577547464,0.0,0.0,0.5290172000504647,0.0,49698.0,310,0.982988201494585,60903,0.6513835737415367,0.08372934101518147,0.9833532470048761,0.7106434734716358,0.0,0.0,0.6403023676353085,0.0,58795.0,1054,30,2.0,,8,95116,10.0,20.0,1,
0.9925242124780559,50318,0.533001808318264,0.08297237057908238,0.9936806350961729,0.5805512244336422,0.0,0.0,0.5290172000504647,0.0,49560.0,379,0.9818952731024698,60905,0.6521300306993566,0.08372934101518147,0.9822594952019998,0.7114581420965669,0.0,0.0,0.6403233945918668,0.0,58659.0,1123,30,2.0,,8,95116,10.0,30.0,1,
0.9921526874088095,50320,0.5332225913621262,0.08297237057908238,0.9933081979510058,0.5807919838576538,0.0,0.0,0.529038227007023,0.0,49524.0,398,0.9812785976670748,60906,0.6525505698305227,0.08372934101518147,0.981642356354259,0.7119171103359647,0.0,0.0,0.6403339080701459,0.0,58582.0,1162,30,2.0,,8,95116,10.0,40.0,1,
0.9904342006849585,50320,0.5341477774506918,0.08297237057908238,0.991585709500069,0.5818008804916078,0.0,0.0,0.529038227007023,0.0,49348.0,486,0.9803637534202478,60910,0.6532024054838302,0.08372934101518147,0.9807268101824271,0.7126285111070314,0.0,0.0,0.6403759619832625,0.0,58470.0,1220,30,2.0,,8,95116,10.0,60.0,1,
0.9846009352926214,50320,0.5373123344127171,0.08297237057908238,0.9857968459202664,0.5852173713656792,0.0,0.0,0.529038227007023,0.0,48746.0,787,0.979859401895018,60911,0.6535493502670423,0.08372934101518147,0.9802220791760541,0.7130071599045346,0.0,0.0,0.6403864754615417,0.0,58407.0,1252,30,2.0,,8,95116,10.0,80.0,1,
0.9950308327845298,16620,0.17560662769670718,0.08297237057908238,0.997180056398872,0.19108272952398422,0.0,0.0,0.1747340089995374,0.0,16454.0,83,0.9893707338608347,58268,0.6191807897724884,0.08372934101518147,0.9896732114953462,0.6755553515696714,0.0,0.0,0.6125993523697381,0.0,57016.0,626,30,2.0,,16,95116,10.0,5.0,1,
0.9929400502572694,16596,0.17572227595777787,0.08297237057908238,0.9950833433265379,0.19120884160322846,0.0,0.0,0.1744816855208377,0.0,16360.0,118,0.9866465611125074,58888,0.627496951091299,0.08372934101518147,0.9869442070156033,0.6846314485037636,0.0,0.0,0.6191177089028134,0.0,57294.0,797,30,2.0,,16,95116,10.0,10.0,1,
0.9919880418535127,16591,0.17583792421884856,0.08297237057908238,0.994127868656001,0.19133495368247272,0.0,0.0,0.17442911812944195,0.0,16323.0,134,0.9850571442914275,58868,0.6282959754405147,0.08372934101518147,0.9853539326783054,0.6855034881586194,0.0,0.0,0.6189074393372304,0.0,57082.0,893,30,2.0,,16,95116,10.0,15.0,1,
0.9915137751748043,16591,0.1759220320450818,0.08297237057908238,0.993651554171408,0.19142667155828672,0.0,0.0,0.17442911812944195,0.0,16307.0,142,0.9840858561374768,58869,0.628926784137264,0.08372934101518147,0.984382054411986,0.6861919405177161,0.0,0.0,0.6189179528155094,0.0,56965.0,952,30,2.0,,16,95116,10.0,20.0,1,
0.9897393068066576,16591,0.1762374363934564,0.08297237057908238,0.9918694326537932,0.1917706135925892,0.0,0.0,0.17442911812944195,0.0,16247.0,172,0.98306726337586,58870,0.6295891332688507,0.08372934101518147,0.9833628436842281,0.6869148154947677,0.0,0.0,0.6189284662937886,0.0,56842.0,1014,30,2.0,,16,95116,10.0,30.0,1,
0.9893261776982707,16591,0.1763110307414105,0.08297237057908238,0.9914545237241544,0.19185086673392643,0.0,0.0,0.17442911812944195,0.0,16233.0,179,0.9823457758347378,58871,0.6300622397914126,0.08372934101518147,0.9826409173607518,0.6874311547640903,0.0,0.0,0.6189389797720678,0.0,56755.0,1058,30,2.0,,16,95116,10.0,40.0,1,
0.9873832053799917,16591,0.17665797552462256,0.08297237057908238,0.9895031907914356,0.19222920297165919,0.0,0.0,0.17442911812944195,0.0,16167.0,212,0.9811191841087855,58875,0.6308928045754657,0.08372934101518147,0.9814135689281547,0.688337617036901,0.0,0.0,0.6189810336851844,0.0,56609.0,1133,30,2.0,,16,95116,10.0,60.0,1,
0.9786468471656934,16591,0.17823499726649564,0.08297237057908238,0.9807874201938993,0.19393744840869487,0.0,0.0,0.17442911812944195,0.0,15867.0,362,0.9806455911256204,58876,0.6312082089238403,0.08372934101518147,0.9809396867710763,0.6886818432164494,0.0,0.0,0.6189915471634636,0.0,56552.0,1162,30,2.0,,16,95116,10.0,80.0,1,
0.9952256017572226,65245,0.6892426090247697,0.08297237057908238,0.9961981250190857,0.7508713198202329,0.0,0.0,0.6859518903233945,0.0,64619.0,313,0.9854583565322765,60178,0.6420160645948105,0.08372934101518147,0.9858458110808951,0.700408481733064,0.0,0.0,0.632680095882922,0.0,58402.0,888,40,2.0,,0,95116,10.0,5.0,1,
0.9940399028504164,66713,0.705591067748854,0.08297237057908238,0.9950629437384404,0.7686416582591947,0.0,0.0,0.7013856764371925,0.0,65913.0,400,0.9826910670170415,62451,0.6681420581185079,0.08372934101518147,0.9831706549118387,0.7288415641637599,0.0,0.0,0.6565772320114387,0.0,60251.0,1100,40,2.0,,0,95116,10.0,10.0,1,
0.9934621055296589,66708,0.7059485260103453,0.08297237057908238,0.9944840335132235,0.7690314592314041,0.0,0.0,0.7013331090457967,0.0,65830.0,439,0.980595043890313,63116,0.6767000294377392,0.08372934101518147,0.9810980538456756,0.7381586194235359,0.0,0.0,0.6635686950670759,0.0,60618.0,1249,40,2.0,,0,95116,10.0,15.0,1,
0.9928265269674962,66710,0.7064216325329072,0.08297237057908238,0.9938619230654628,0.7695359075483812,0.0,0.0,0.701354136002355,0.0,65746.0,482,0.9794544920092207,63309,0.679559695529669,0.08372934101518147,0.980015479876161,0.7412337066275014,0.0,0.0,0.6655977963749526,0.0,60653.0,1328,40,2.0,,0,95116,10.0,20.0,1,
0.991292848546084,66715,0.7075676016653349,0.08297237057908238,0.9923397292875205,0.7707740988718701,0.0,0.0,0.7014067033937508,0.0,65543.0,586,0.9776546658230583,63353,0.6812839059674503,0.08372934101518147,0.9784095998517397,0.7429663117312282,0.0,0.0,0.6660603894192355,0.0,60457.0,1448,40,2.0,,0,95116,10.0,30.0,1,
0.9906013363028954,66717,0.7080827621010135,0.08297237057908238,0.9916614643717114,0.7713244061267541,0.0,0.0,0.7014277303503091,0.0,65451.0,633,0.9764520951162755,63361,0.6822090920560158,0.08372934101518147,0.9772201486782442,0.7439645676519185,0.0,0.0,0.6661444972454686,0.0,60305.0,1528,40,2.0,,0,95116,10.0,40.0,1,
0.988078136338729,66718,0.7099015938433071,0.08297237057908238,0.9891621817966167,0.7732848757222782,0.0,0.0,0.7014382438285882,0.0,65108.0,805,0.9748773095798526,63368,0.683386601623281,0.08372934101518147,0.9757629885128268,0.7451578850743529,0.0,0.0,0.6662180915934228,0.0,60102.0,1633,40,2.0,,0,95116,10.0,60.0,1,
0.9816675739697206,66721,0.7145695781992515,0.08297237057908238,0.9834038350995622,0.7778478400440246,0.0,0.0,0.7014697842634258,0.0,64229.0,1246,0.9736053711072531,63371,0.6843117877118466,0.08372934101518147,0.9747435128358943,0.7459725536992841,0.0,0.0,0.6662496320282603,0.0,59935.0,1718,40,2.0,,0,95116,10.0,80.0,1,
0.9954343534057256,64536,0.6816098237941041,0.08297237057908238,0.9964179841897233,0.7425479225901128,0.0,0.0,0.6784978342234745,0.0,63944.0,296,0.9858423320825208,60163,0.6416060389419236,0.08372934101518147,0.986230185400718,0.6999609876996512,0.0,0.0,0.6325223937087346,0.0,58435.0,864,40,2.0,,2,95116,10.0,5.0,1,
0.9941647215738579,65593,0.6936582699020144,0.08297237057908238,0.9952055106282905,0.755629184628084,0.0,0.0,0.6896105807645402,0.0,64823.0,385,0.9833141632659492,62408,0.667258925943059,0.08372934101518147,0.9837791824960197,0.7278892050670094,0.0,0.0,0.656125152445435,0.0,60290.0,1059,40,2.0,,2,95116,10.0,10.0,1,
0.9935917829386902,65586,0.6939841877286681,0.08297237057908238,0.9946314831665151,0.7559845913968632,0.0,0.0,0.6895369864165861,0.0,64740.0,423,0.9814330625330718,63061,0.6755330333487531,0.08372934101518147,0.9819067935163415,0.7369079309711768,0.0,0.0,0.6629904537617225,0.0,60675.0,1193,40,2.0,,2,95116,10.0,15.0,1,
0.9930802658873764,65586,0.6943416459901594,0.08297237057908238,0.9941188953223997,0.7563743923690728,0.0,0.0,0.6895369864165861,0.0,64672.0,457,0.9804213365576896,63246,0.6782139703099374,0.08372934101518147,0.9809383481969756,0.7397994308793832,0.0,0.0,0.664935447243366,0.0,60720.0,1263,40,2.0,,2,95116,10.0,20.0,1,
0.9915641157439603,65588,0.6954245342529123,0.08297237057908238,0.9925995429574587,0.7575552600201779,0.0,0.0,0.6895580133731444,0.0,64472.0,558,0.9790370989201399,63283,0.6795702090079482,0.08372934101518147,0.9795675123446279,0.7412681292454563,0.0,0.0,0.6653244459396946,0.0,60573.0,1355,40,2.0,,2,95116,10.0,30.0,1,
0.9909950744870516,65590,0.6958450733840784,0.08297237057908238,0.9920292814253521,0.7580138493992479,0.0,0.0,0.6895790403297026,0.0,64398.0,596,0.9780703787843664,63288,0.6802956390092098,0.08372934101518147,0.9785997031172686,0.7420598494584175,0.0,0.0,0.6653770133310904,0.0,60450.0,1419,40,2.0,,2,95116,10.0,40.0,1,
0.9886798709716319,65591,0.6974851759956264,0.08297237057908238,0.9897092330209889,0.7598023479776208,0.0,0.0,0.6895895538079818,0.0,64089.0,751,0.976940174106316,63294,0.6811472307498213,0.08372934101518147,0.9775135135135136,0.7429548375252433,0.0,0.0,0.6654400942007653,0.0,60306.0,1494,40,2.0,,2,95116,10.0,60.0,1,
0.9835362562226354,65594,0.7011648933933302,0.08297237057908238,0.9848357456008648,0.7635971750894249,0.0,0.0,0.6896210942428193,0.0,63398.0,1098,0.9761879058003424,63297,0.6817044450986164,0.08372934101518147,0.9768055555555556,0.7435285478244905,0.0,0.0,0.6654716346356029,0.0,60209.0,1544,40,2.0,,2,95116,10.0,80.0,1,
0.9955185659411011,63755,0.6733041759535725,0.08297237057908238,0.9964988511855453,0.7335022470879574,0.0,0.0,0.6702868076874553,0.0,63181.0,287,0.9862251264201747,60069,0.6403549350267043,0.08372934101518147,0.9865814801432184,0.6986185055994125,0.0,0.0,0.6315341267504941,0.0,58391.0,839,40,2.0,,4,95116,10.0,5.0,1,
0.9942028985507246,64484,0.6819042011859203,0.08297237057908238,0.9952463267070009,0.7428230762175548,0.0,0.0,0.6779511333529585,0.0,63732.0,376,0.9838416129900137,62166,0.6643151520248959,0.08372934101518147,0.9842621912602914,0.7247108500091793,0.0,0.0,0.6535808907018799,0.0,60124.0,1021,40,2.0,,4,95116,10.0,10.0,1,
0.9936353829557713,64477,0.682219605534295,0.08297237057908238,0.9946777328684706,0.7431670182518573,0.0,0.0,0.6778775390050045,0.0,63651.0,413,0.9820809882891498,62644,0.6706232389923883,0.08372934101518147,0.9824968632371393,0.7315953736001468,0.0,0.0,0.6586063333193154,0.0,60358.0,1143,40,2.0,,4,95116,10.0,15.0,1,
0.9931915155809548,64477,0.6825244964043904,0.08297237057908238,0.9942329339562999,0.743499495551683,0.0,0.0,0.6778775390050045,0.0,63593.0,442,0.9810111744940221,62770,0.6727049076916607,0.08372934101518147,0.9814253103599238,0.7338672663851662,0.0,0.0,0.6599310315824888,0.0,60340.0,1215,40,2.0,,4,95116,10.0,20.0,1,
0.9917402405635709,64477,0.6835232768409101,0.08297237057908238,0.992778616081052,0.7445886453269742,0.0,0.0,0.6778775390050045,0.0,63403.0,537,0.9798561375587074,62798,0.6737983094326927,0.08372934101518147,0.9802691142955262,0.7350605838076005,0.0,0.0,0.660225408974305,0.0,60216.0,1291,40,2.0,,4,95116,10.0,30.0,1,
0.9912068992021644,64479,0.6839122755372388,0.08297237057908238,0.9922441253866395,0.745012840502614,0.0,0.0,0.6778985659615627,0.0,63335.0,572,0.9790169454534117,62801,0.6744080911728836,0.08372934101518147,0.9794291952588896,0.7357260877547274,0.0,0.0,0.6602569494091425,0.0,60109.0,1346,40,2.0,,4,95116,10.0,40.0,1,
0.9889720543574956,64479,0.6854577568442743,0.08297237057908238,0.9900046061722708,0.7466981564706962,0.0,0.0,0.6778985659615627,0.0,63041.0,719,0.9781037812246932,62806,0.6750914672610286,0.08372934101518147,0.9785457208295031,0.736448962731779,0.0,0.0,0.6603095168005383,0.0,59994.0,1406,40,2.0,,4,95116,10.0,60.0,1,
0.9845023971661526,64479,0.6885697464149039,0.08297237057908238,0.9856612195606647,0.7499885352655232,0.0,0.0,0.6778985659615627,0.0,62449.0,1015,0.9775719844357976,62809,0.6754909794356365,0.08372934101518147,0.9780286515104328,0.736873508353222,0.0,0.0,0.6603410572353757,0.0,59927.0,1441,40,2.0,,4,95116,10.0,80.0,1,
0.9955619586997201,60119,0.634877412843265,0.08297237057908238,0.9965851636966432,0.6916101073099147,0.0,0.0,0.6320598006644518,0.0,59583.0,268,0.9868000395504433,59881,0.6379788889356155,0.08372934101518147,0.9871579294427959,0.6960253350468147,0.0,0.0,0.6295575928340132,0.0,58279.0,801,40,2.0,,8,95116,10.0,5.0,1,
0.9941803913810442,60304,0.6377160519786366,0.08297237057908238,0.995246897280169,0.6946711914152068,0.0,0.0,0.6340047941460953,0.0,59598.0,353,0.9845399398156256,61836,0.6603200302788175,0.08372934101518147,0.9849006116207951,0.7203965485588397,0.0,0.0,0.6501114428697591,0.0,59894.0,971,40,2.0,,8,95116,10.0,10.0,1,
0.9936390751940412,60297,0.6379894024138946,0.08297237057908238,0.9947045432049886,0.6949692745116023,0.0,0.0,0.6339311997981412,0.0,59525.0,386,0.9829181494661922,62145,0.6647146641995038,0.08372934101518147,0.9832758457010854,0.7251927666605471,0.0,0.0,0.6533601076580176,0.0,59985.0,1080,40,2.0,,8,95116,10.0,15.0,1,
0.9932626099561822,60297,0.6382312124143151,0.08297237057908238,0.9943272703286555,0.6952329634045675,0.0,0.0,0.6339311997981412,0.0,59479.0,409,0.9818044092350908,62214,0.6662075781151436,0.08372934101518147,0.982160899216974,0.7268221039104094,0.0,0.0,0.6540855376592792,0.0,59908.0,1153,40,2.0,,8,95116,10.0,20.0,1,
0.991775909995559,60297,0.6391879389377182,0.08297237057908238,0.9928373839162221,0.6962762542419517,0.0,0.0,0.6339311997981412,0.0,59297.0,500,0.9806783080123558,62226,0.6671012237688717,0.08372934101518147,0.9810339119330275,0.7277974114191298,0.0,0.0,0.654211699398629,0.0,59774.0,1226,40,2.0,,8,95116,10.0,30.0,1,
0.9912218697088752,60299,0.6395664241557677,0.08297237057908238,0.9922821221695629,0.6966889846831147,0.0,0.0,0.6339522267546995,0.0,59231.0,534,0.9798608049379606,62229,0.6676899785525043,0.08372934101518147,0.9802157990076396,0.7284399669542868,0.0,0.0,0.6542432398334665,0.0,59671.0,1279,40,2.0,,8,95116,10.0,40.0,1,
0.9892055055202847,60299,0.6408700954623828,0.08297237057908238,0.9902614464954346,0.6981106117582316,0.0,0.0,0.6339522267546995,0.0,58983.0,658,0.9789526670966321,62233,0.668352327684091,0.08372934101518147,0.9793069805501353,0.7291628419313384,0.0,0.0,0.6542852937465832,0.0,59557.0,1338,40,2.0,,8,95116,10.0,60.0,1,
0.985020256142185,60299,0.6435930863366837,0.08297237057908238,0.9861479082850881,0.7010226543153261,0.0,0.0,0.6339522267546995,0.0,58465.0,917,0.9783374206124631,62234,0.6687833802935363,0.08372934101518147,0.9787066742152607,0.7296218101707362,0.0,0.0,0.6542958072248622,0.0,59478.0,1378,40,2.0,,8,95116,10.0,80.0,1,
0.9957329027793795,43170,0.45581185079271624,0.08297237057908238,0.9969746657121082,0.4964344675777309,0.0,0.0,0.4538668573110728,0.0,42800.0,185,0.9878404264179229,59305,0.6311766684890029,0.08372934101518147,0.988153159157558,0.6886359463925097,0.0,0.0,0.6235018293452206,0.0,57845.0,730,40,2.0,,16,95116,10.0,5.0,1,
0.9939388352423314,43128,0.4561903360107658,0.08297237057908238,0.9951773311489028,0.4968471980188939,0.0,0.0,0.45342529122334835,0.0,42602.0,263,0.9855634316858343,60759,0.6481454224315573,0.08372934101518147,0.9858832692401305,0.7071438406462273,0.0,0.0,0.6387884267631103,0.0,58979.0,890,40,2.0,,16,95116,10.0,10.0,1,
0.993342547800046,43121,0.45639009209806974,0.08297237057908238,0.9945797582802841,0.49706502797395213,0.0,0.0,0.45335169687539423,0.0,42543.0,289,0.983942172415466,60846,0.6501429833045965,0.08372934101518147,0.9842605024345266,0.7093239397833669,0.0,0.0,0.6397030993733966,0.0,58860.0,993,40,2.0,,16,95116,10.0,15.0,1,
0.9929765578225026,43121,0.4565583077505362,0.08297237057908238,0.9942128562206032,0.4972484637255801,0.0,0.0,0.45335169687539423,0.0,42511.0,305,0.9828983915767715,60865,0.6510366289583246,0.08372934101518147,0.9832159472731972,0.7102992472920874,0.0,0.0,0.6399028554607006,0.0,58747.0,1059,40,2.0,,16,95116,10.0,20.0,1,
0.9915608903605593,43121,0.45721014340384375,0.08297237057908238,0.992793663949901,0.4979592772631386,0.0,0.0,0.45335169687539423,0.0,42387.0,367,0.981774487508266,60871,0.6518461667858194,0.08372934101518147,0.9820912860392701,0.7111827611529282,0.0,0.0,0.6399659363303756,0.0,58611.0,1130,40,2.0,,16,95116,10.0,30.0,1,
0.9911508492886202,43122,0.45740989949114763,0.08297237057908238,0.9923825742756541,0.4981771072181968,0.0,0.0,0.4533622103536734,0.0,42352.0,385,0.9809207663921878,60873,0.652434921569452,0.08372934101518147,0.9812370037235844,0.7118253166880851,0.0,0.0,0.6399869632869338,0.0,58505.0,1184,40,2.0,,16,95116,10.0,40.0,1,
0.9893089841240709,43122,0.45826149123175913,0.08297237057908238,0.990536132677907,0.49910575071081353,0.0,0.0,0.4533622103536734,0.0,42190.0,466,0.9797849739264791,60876,0.6532234324403886,0.08372934101518147,0.9801004636785162,0.7126858821369562,0.0,0.0,0.6400185037217713,0.0,58364.0,1256,40,2.0,,16,95116,10.0,60.0,1,
0.9834652313727279,43122,0.46098448210605997,0.08297237057908238,0.9847228882647119,0.5020521874713382,0.0,0.0,0.4533622103536734,0.0,41672.0,725,0.9793124527452022,60877,0.6535493502670423,0.08372934101518147,0.9796433973801938,0.7130301083165045,0.0,0.0,0.6400290172000505,0.0,58305.0,1286,40,2.0,,16,95116,10.0,80.0,1,
0.9928346101847679,66093,0.6998822490432735,0.08297237057908238,0.9937900339818964,0.7624736311107034,0.0,0.0,0.6948673199041171,0.0,65139.0,477,0.9800518684043126,60086,0.644570839816645,0.08372934101518147,0.9804196717031622,0.7032081879933909,0.0,0.0,0.6317128558812397,0.0,57640.0,1223,60,2.0,,0,95116,10.0,5.0,1,
0.992657327555178,68947,0.7302346608351907,0.08297237057908238,0.9936730752601389,0.795492066403742,0.0,0.0,0.7248727869128222,0.0,67927.0,510,0.9736443549268506,62359,0.6733567433449682,0.08372934101518147,0.9741006295202836,0.7345442445382779,0.0,0.0,0.6556099920097566,0.0,58983.0,1688,60,2.0,,0,95116,10.0,10.0,1,
0.9920706744236156,69063,0.731895790403297,0.08297237057908238,0.9930835154722191,0.7973034944510685,0.0,0.0,0.7260923503932041,0.0,67959.0,552,0.9709670511212408,63476,0.6873081290214055,0.08372934101518147,0.9714574310157481,0.7497360932623462,0.0,0.0,0.6673535472475713,0.0,59680.0,1898,60,2.0,,0,95116,10.0,15.0,1,
0.9914022018401297,69070,0.7324635182303714,0.08297237057908238,0.9924420943732398,0.7978996606438595,0.0,0.0,0.7261659447411581,0.0,67872.0,599,0.9735555153051983,64500,0.6965389629505025,0.08372934101518147,0.9741142356601323,0.7597530750872039,0.0,0.0,0.6781193490054249,0.0,60996.0,1752,60,2.0,,0,95116,10.0,20.0,1,
0.9895848256496949,69075,0.7338618108414988,0.08297237057908238,0.9906634540917305,0.7993900761258369,0.0,0.0,0.726218512132554,0.0,67621.0,727,0.971659858224198,64697,0.7000294377391816,0.08372934101518147,0.972404671366089,0.7634133467964017,0.0,0.0,0.6801905042264182,0.0,60923.0,1887,60,2.0,,0,95116,10.0,30.0,1,
0.9886929638747353,69078,0.734555700407923,0.08297237057908238,0.9897837830092705,0.8001352838668256,0.0,0.0,0.7262500525673914,0.0,67498.0,790,0.9700935420039576,64713,0.7013331090457967,0.08372934101518147,0.9709814395246598,0.7647214062786856,0.0,0.0,0.6803587198788847,0.0,60723.0,1995,60,2.0,,0,95116,10.0,40.0,1,
0.9860399389068901,69079,0.736542747802683,0.08297237057908238,0.9871531052616537,0.8022791892139778,0.0,0.0,0.7262605660456706,0.0,67123.0,978,0.9678789328867089,64724,0.703057319483578,0.08372934101518147,0.968936660728454,0.7664654855883973,0.0,0.0,0.6804743681399554,0.0,60428.0,2148,60,2.0,,0,95116,10.0,60.0,1,
0.9801637413624303,69079,0.7409584086799277,0.08297237057908238,0.9818494513616465,0.8066128588461892,0.0,0.0,0.7262605660456706,0.0,66283.0,1398,0.9662322540194366,64725,0.7042663694856807,0.08372934101518147,0.9675611032214665,0.7675670093629521,0.0,0.0,0.6804848816182346,0.0,60201.0,2262,60,2.0,,0,95116,10.0,80.0,1,
0.9932958705575726,65932,0.6978531477353968,0.08297237057908238,0.9942545202298192,0.7602609373566909,0.0,0.0,0.6931746499011733,0.0,65042.0,445,0.9802865628773785,60070,0.6442449219899912,0.08372934101518147,0.9806546404375153,0.7028524876078576,0.0,0.0,0.6315446402287733,0.0,57654.0,1208,60,2.0,,2,95116,10.0,5.0,1,
0.992768325555781,68503,0.7254510282181758,0.08297237057908238,0.9937764753670284,0.7902870769512979,0.0,0.0,0.7202048025568779,0.0,67505.0,499,0.9741201475276614,62332,0.6727364481264981,0.08372934101518147,0.9745770661996935,0.7338672663851662,0.0,0.0,0.6553261280962194,0.0,59020.0,1656,60,2.0,,2,95116,10.0,10.0,1,
0.9922154215682019,68573,0.7265969973506035,0.08297237057908238,0.993221419156733,0.7915367330092635,0.0,0.0,0.7209407460364187,0.0,67497.0,538,0.9717770355161952,63424,0.6861726733672568,0.08372934101518147,0.9722537327160683,0.7485083532219571,0.0,0.0,0.6668068463770553,0.0,59740.0,1842,60,2.0,,2,95116,10.0,15.0,1,
0.9916275034343143,68576,0.7270595903948862,0.08297237057908238,0.9926322646015777,0.7920411813262405,0.0,0.0,0.7209722864712561,0.0,67418.0,579,0.974449739051509,64416,0.694993481643467,0.08372934101518147,0.9749659452096262,0.7581007894253717,0.0,0.0,0.677236216829976,0.0,61038.0,1689,60,2.0,,2,95116,10.0,20.0,1,
0.9898957822108029,68578,0.7283527482232222,0.08297237057908238,0.9909113239990175,0.793439878932404,0.0,0.0,0.7209933134278145,0.0,67178.0,700,0.9730254834628592,64605,0.6980529038227007,0.08372934101518147,0.9735533453887885,0.761428309161006,0.0,0.0,0.6792232642247361,0.0,61023.0,1791,60,2.0,,2,95116,10.0,30.0,1,
0.9890252520154021,68580,0.7290150973548088,0.08297237057908238,0.9900389779125163,0.7941621572044392,0.0,0.0,0.7210143403843727,0.0,67058.0,761,0.9718011189316008,64617,0.6990621977374994,0.08372934101518147,0.9723568182502182,0.7625068845235909,0.0,0.0,0.679349425964086,0.0,60867.0,1875,60,2.0,,2,95116,10.0,40.0,1,
0.9865924359472329,68581,0.7308234156188234,0.08297237057908238,0.9876011635609574,0.79613409153444,0.0,0.0,0.7210248538626519,0.0,66717.0,932,0.9701709876450543,64626,0.7003343286092771,0.08372934101518147,0.970797656602073,0.7638378924178447,0.0,0.0,0.6794440472685983,0.0,60652.0,1987,60,2.0,,2,95116,10.0,60.0,1,
0.9815655011521561,68581,0.7345662138862021,0.08297237057908238,0.9828315109130255,0.7999977070531047,0.0,0.0,0.7210248538626519,0.0,66005.0,1288,0.9691966227261138,64627,0.7010492451322595,0.08372934101518147,0.9698656862009455,0.7645837158068661,0.0,0.0,0.6794545607468775,0.0,60519.0,2054,60,2.0,,2,95116,10.0,80.0,1,
0.9938389054996829,65814,0.6962235586021279,0.08297237057908238,0.9947852899832222,0.7584953682472714,0.0,0.0,0.6919340594642331,0.0,64998.0,408,0.980680908095386,60001,0.6432461415534716,0.08372934101518147,0.9810336652441916,0.7017739122452726,0.0,0.0,0.6308192102275116,0.0,57637.0,1182,60,2.0,,4,95116,10.0,5.0,1,
0.9928297652185318,68125,0.7214033390807014,0.08297237057908238,0.993829141623388,0.7858846189122259,0.0,0.0,0.7162307077673578,0.0,67141.0,492,0.9747121034077556,62211,0.6710227511669961,0.08372934101518147,0.9751246120568043,0.7320313934275748,0.0,0.0,0.6540539972244417,0.0,58983.0,1614,60,2.0,,4,95116,10.0,10.0,1,
0.9922709673663067,68171,0.7222969847344295,0.08297237057908238,0.9932685442862763,0.7868591213427497,0.0,0.0,0.7167143277681989,0.0,67109.0,531,0.9725171575416244,63200,0.6832288994490937,0.08372934101518147,0.9729363588780443,0.745341472370112,0.0,0.0,0.6644518272425249,0.0,59628.0,1786,60,2.0,,4,95116,10.0,15.0,1,
0.9916939413775547,68174,0.7227490643004332,0.08297237057908238,0.9926903139379114,0.78735210492525,0.0,0.0,0.7167458682030363,0.0,67032.0,571,0.9751886333211635,64105,0.6911140081584591,0.08372934101518147,0.9756041882266999,0.7539471268588214,0.0,0.0,0.6739665250851592,0.0,60843.0,1631,60,2.0,,4,95116,10.0,20.0,1,
0.9899374174156732,68176,0.7240527356070482,0.08297237057908238,0.9909446358231951,0.7887622672658902,0.0,0.0,0.7167668951595946,0.0,66790.0,693,0.9739773571179582,64264,0.6936898103368518,0.08372934101518147,0.9744056283357594,0.7567468331191481,0.0,0.0,0.6756381681315446,0.0,60830.0,1717,60,2.0,,4,95116,10.0,30.0,1,
0.9891047309550407,68178,0.7246835443037974,0.08297237057908238,0.9901102252428876,0.7894501513344951,0.0,0.0,0.7167879221161529,0.0,66676.0,751,0.9729042414701341,64272,0.6945414020774633,0.08372934101518147,0.9733315160601518,0.7576762438039287,0.0,0.0,0.6757222759577779,0.0,60692.0,1790,60,2.0,,4,95116,10.0,40.0,1,
0.9866855770065703,68178,0.7264603221329745,0.08297237057908238,0.9876861563423538,0.7913876914610658,0.0,0.0,0.7167879221161529,0.0,66338.0,920,0.9715982949907797,64279,0.695550695992262,0.08372934101518147,0.9720390757319138,0.7587662933724986,0.0,0.0,0.675795870305732,0.0,60521.0,1879,60,2.0,,4,95116,10.0,60.0,1,
0.9822503961965134,68178,0.7297405273560705,0.08297237057908238,0.9834121855527348,0.7948271118040906,0.0,0.0,0.7167879221161529,0.0,65714.0,1232,0.9708503247243618,64280,0.696097396862778,0.08372934101518147,0.9713050967829674,0.7593514778777308,0.0,0.0,0.6758063837840111,0.0,60420.0,1930,60,2.0,,4,95116,10.0,80.0,1,
0.9940908813290172,65105,0.6885487194583456,0.08297237057908238,0.9950328595445515,0.750137576813721,0.0,0.0,0.684480003364313,0.0,64331.0,387,0.9811169210090646,59855,0.6413957693763405,0.08372934101518147,0.9814708534885628,0.6997544519919222,0.0,0.0,0.6292842423987552,0.0,57551.0,1152,60,2.0,,8,95116,10.0,5.0,1,
0.9929771944411451,66879,0.7081037890575718,0.08297237057908238,0.9939659656684253,0.7714046592680913,0.0,0.0,0.703130913831532,0.0,65933.0,473,0.9753212639791119,62008,0.6684154085537659,0.08372934101518147,0.9757049345417925,0.7292087387552781,0.0,0.0,0.6519197611337735,0.0,58870.0,1569,60,2.0,,8,95116,10.0,10.0,1,
0.9923895144421202,66894,0.7086820303629253,0.08297237057908238,0.9933768933768934,0.7720352196643125,0.0,0.0,0.7032886160057193,0.0,65868.0,513,0.973172429798097,62901,0.6795386685731107,0.08372934101518147,0.9735489862250426,0.7413484486873508,0.0,0.0,0.6613082972370579,0.0,59433.0,1734,60,2.0,,8,95116,10.0,15.0,1,
0.9918600341018607,66896,0.7090815425375331,0.08297237057908238,0.9928463296625011,0.7724708795744291,0.0,0.0,0.7033096429622776,0.0,65798.0,549,0.9758773946360153,63676,0.6860044577147903,0.08372934101518147,0.9762514373323112,0.7484050853680926,0.0,0.0,0.6694562429034021,0.0,60528.0,1574,60,2.0,,8,95116,10.0,20.0,1,
0.990040105962617,66898,0.7104062408007065,0.08297237057908238,0.9910227542071581,0.7739154361184994,0.0,0.0,0.703330669918836,0.0,65552.0,673,0.974696309878524,63789,0.6880545859792254,0.08372934101518147,0.9750687863038826,0.750642555535157,0.0,0.0,0.6706442659489465,0.0,60477.0,1656,60,2.0,,8,95116,10.0,30.0,1,
0.9891328454202706,66900,0.7110791034105723,0.08297237057908238,0.990113663272555,0.7746491791250114,0.0,0.0,0.7033516968753942,0.0,65430.0,735,0.9736568986568986,63794,0.6888430968501619,0.08372934101518147,0.9740285517978472,0.7515031209840279,0.0,0.0,0.6706968333403424,0.0,60342.0,1726,60,2.0,,8,95116,10.0,40.0,1,
0.986711110455598,66900,0.7128243408049119,0.08297237057908238,0.9876871290636903,0.7765523250481519,0.0,0.0,0.7033516968753942,0.0,65098.0,901,0.9724563676549044,63798,0.6897367425038899,0.08372934101518147,0.9728419158572104,0.7524669542867634,0.0,0.0,0.670738887253459,0.0,60184.0,1807,60,2.0,,8,95116,10.0,60.0,1,
0.9826818842814965,66900,0.7157470877665166,0.08297237057908238,0.9837222638846002,0.7796821975603045,0.0,0.0,0.7033516968753942,0.0,64542.0,1179,0.9716126281162908,63799,0.6903465242440809,0.08372934101518147,0.9720123103175087,0.7531209840279053,0.0,0.0,0.670749400731738,0.0,60071.0,1864,60,2.0,,8,95116,10.0,80.0,1,
0.994350737140282,61781,0.6532234324403886,0.08297237057908238,0.9953279309178199,0.7116275337063194,0.0,0.0,0.6495332015644055,0.0,61079.0,351,0.9820031040517783,59476,0.6367593254552336,0.08372934101518147,0.9823112623251359,0.6947287497705159,0.0,0.0,0.6252996341309559,0.0,57296.0,1090,60,2.0,,16,95116,10.0,5.0,1,
0.9928598750478134,62296,0.6596576811472308,0.08297237057908238,0.9939053575417212,0.7185866275337063,0.0,0.0,0.6549476428781699,0.0,61400.0,448,0.9769657827338816,61415,0.6609087850624501,0.08372934101518147,0.9772767054405423,0.7210735267119516,0.0,0.0,0.6456852685142352,0.0,58519.0,1448,60,2.0,,16,95116,10.0,10.0,1,
0.9922265761891108,62290,0.660015139408722,0.08297237057908238,0.9932708253603776,0.7189764285059158,0.0,0.0,0.6548845620084949,0.0,61314.0,488,0.9751448444786384,62106,0.6695929181210312,0.08372934101518147,0.9754511614757574,0.7305512208555168,0.0,0.0,0.6529500820051306,0.0,58940.0,1583,60,2.0,,16,95116,10.0,15.0,1,
0.9917842244371556,62290,0.6603095168005383,0.08297237057908238,0.9928275422378068,0.7192974410712648,0.0,0.0,0.6548845620084949,0.0,61258.0,516,0.976946369482425,62591,0.6735775263888305,0.08372934101518147,0.977251436422683,0.7348999449238113,0.0,0.0,0.6580491189705202,0.0,59637.0,1477,60,2.0,,16,95116,10.0,20.0,1,
0.9902863229519403,62290,0.6613082972370579,0.08297237057908238,0.9913264900135275,0.720386590846556,0.0,0.0,0.6548845620084949,0.0,61068.0,611,0.975784096925904,62659,0.6751124942175869,0.08372934101518147,0.9760881079228588,0.7365751789976134,0.0,0.0,0.6587640354935027,0.0,59549.0,1555,60,2.0,,16,95116,10.0,30.0,1,
0.9890601927565457,62292,0.6621493754993902,0.08297237057908238,0.9900977509337996,0.721303769604696,0.0,0.0,0.6549055889650532,0.0,60914.0,689,0.9747231209556994,62663,0.6758904916102443,0.08372934101518147,0.9750264517333666,0.7374242702404994,0.0,0.0,0.6588060894066193,0.0,59413.0,1625,60,2.0,,16,95116,10.0,40.0,1,
0.9868508602389024,62292,0.6636317759367509,0.08297237057908238,0.9878837858411571,0.7229202971659177,0.0,0.0,0.6549055889650532,0.0,60632.0,830,0.9734074775936252,62667,0.6768472181336473,0.08372934101518147,0.9737099706334779,0.7384684229851294,0.0,0.0,0.6588481433197358,0.0,59243.0,1712,60,2.0,,16,95116,10.0,60.0,1,
0.9829267522958942,62292,0.6662811724630977,0.08297237057908238,0.9839981044151331,0.7257750160506282,0.0,0.0,0.6549055889650532,0.0,60128.0,1082,0.9727279782693053,62668,0.6773308381344885,0.08372934101518147,0.9730451524750016,0.738984762254452,0.0,0.0,0.658858656798015,0.0,59154.0,1757,60,2.0,,16,95116,10.0,80.0,1,
0.9909081377409643,66156,0.7019113503511502,0.08297237057908238,0.9918589484100211,0.7646863248647161,0.0,0.0,0.6955296690357038,0.0,64942.0,607,0.9732642890768307,59956,0.6476618024307161,0.08372934101518147,0.9736436122704168,0.70657013034698,0.0,0.0,0.6303461037049497,0.0,56662.0,1647,80,2.0,,0,95116,10.0,5.0,1,
0.9912216118253384,70008,0.7425459439000799,0.08297237057908238,0.9922471830486854,0.8088943410070623,0.0,0.0,0.7360275873670045,0.0,68768.0,620,0.9658392306858479,62371,0.6789288868329199,0.08372934101518147,0.9663180726624835,0.7406026252983293,0.0,0.0,0.6557361537491063,0.0,57959.0,2206,80,2.0,,0,95116,10.0,10.0,1,
0.991257858105074,70641,0.7492325160856218,0.08297237057908238,0.9922882427307206,0.8161744473997983,0.0,0.0,0.7426826191177089,0.0,69395.0,623,0.962265578882044,63574,0.6945939694688591,0.08372934101518147,0.9627756239399079,0.7576647695979438,0.0,0.0,0.6683838681189285,0.0,58588.0,2493,80,2.0,,0,95116,10.0,15.0,1,
0.9905833555203677,70691,0.750273350435258,0.08297237057908238,0.9916394293489696,0.8172865266440429,0.0,0.0,0.7432082930316666,0.0,69347.0,672,0.9654930732638423,64745,0.7050233399217797,0.08372934101518147,0.9660693236246437,0.7689898109050853,0.0,0.0,0.6806951511838176,0.0,60117.0,2314,80,2.0,,0,95116,10.0,20.0,1,
0.9886597217366986,70704,0.7518713991336894,0.08297237057908238,0.9897530656811692,0.8189947720810786,0.0,0.0,0.7433449682492956,0.0,69082.0,811,0.9634427343357655,65227,0.7117835064552757,0.08372934101518147,0.9641975491138081,0.7762185606756012,0.0,0.0,0.6857626477143698,0.0,60277.0,2475,80,2.0,,0,95116,10.0,30.0,1,
0.9874453614870055,70708,0.7528386391353715,0.08297237057908238,0.9885635992506222,0.820026598183986,0.0,0.0,0.7433870221624123,0.0,68910.0,899,0.9614614024749558,65264,0.713654905588965,0.08372934101518147,0.962453915351718,0.7780659078391775,0.0,0.0,0.6861516464106985,0.0,60032.0,2616,80,2.0,,0,95116,10.0,40.0,1,
0.9845307713728766,70709,0.7550780100088313,0.08297237057908238,0.9856698774690885,0.8224456571585802,0.0,0.0,0.7433975356406913,0.0,68487.0,1111,0.9587868106043915,65279,0.7158101686361916,0.08372934101518147,0.9600135298097003,0.7802230585643474,0.0,0.0,0.6863093485848858,0.0,59667.0,2806,80,2.0,,0,95116,10.0,60.0,1,
0.9786715754799241,70710,0.7596093191471467,0.08297237057908238,0.9804084688656878,0.8268710446666055,0.0,0.0,0.7434080491189705,0.0,67628.0,1541,0.9565816274196621,65280,0.7174712982042979,0.08372934101518147,0.9581963363081258,0.7817147053423903,0.0,0.0,0.686319862063165,0.0,59354.0,2963,80,2.0,,0,95116,10.0,80.0,1,
0.9913407569709157,66057,0.7005551116531393,0.08297237057908238,0.9922938260477693,0.7632073741172154,0.0,0.0,0.6944888346860676,0.0,64903.0,577,0.9736406158643539,59949,0.6473358846040624,0.08372934101518147,0.9740202768570871,0.7062144299614467,0.0,0.0,0.6302725093569956,0.0,56703.0,1623,80,2.0,,2,95116,10.0,5.0,1,
0.9915916172265141,69696,0.7389608478068884,0.08297237057908238,0.9926084170049135,0.8049963312849674,0.0,0.0,0.7327473821439084,0.0,68514.0,591,0.9665235652403019,62363,0.6783611590058455,0.08372934101518147,0.966988153569435,0.7399944923811272,0.0,0.0,0.6556520459228731,0.0,58043.0,2160,80,2.0,,2,95116,10.0,10.0,1,
0.9913812591839042,70166,0.7441019386853946,0.08297237057908238,0.9924048484505608,0.8105911217096212,0.0,0.0,0.7376887169351108,0.0,68946.0,610,0.9633610235265583,63551,0.6935531351192229,0.08372934101518147,0.9638285610288765,0.7565632458233891,0.0,0.0,0.6681420581185079,0.0,58717.0,2417,80,2.0,,2,95116,10.0,15.0,1,
0.9907697518841562,70200,0.7449219899911687,0.08297237057908238,0.9917915824868255,0.8114853709988077,0.0,0.0,0.7380461751966021,0.0,68892.0,654,0.9667582992201272,64709,0.7037091551368855,0.08372934101518147,0.9672640846649426,0.7676129061868918,0.0,0.0,0.6803166659657681,0.0,60259.0,2225,80,2.0,,2,95116,10.0,20.0,1,
0.9889007831427122,70208,0.7464149039068085,0.08297237057908238,0.9899326020134795,0.8131018985600293,0.0,0.0,0.7381302830228352,0.0,68632.0,788,0.9651985901726742,65176,0.7099331342781445,0.08372934101518147,0.965742057847321,0.774371213512025,0.0,0.0,0.685226460322133,0.0,60476.0,2350,80,2.0,,2,95116,10.0,30.0,1,
0.9876770717571427,70211,0.7473716304302115,0.08297237057908238,0.9887062932139186,0.8141451893974135,0.0,0.0,0.7381618234576728,0.0,68459.0,876,0.9636613515790096,65210,0.7114365616720636,0.08372934101518147,0.9642455787543621,0.7759776023499174,0.0,0.0,0.6855839185836242,0.0,60292.0,2459,80,2.0,,2,95116,10.0,40.0,1,
0.9849753798240815,70212,0.7494322721729257,0.08297237057908238,0.9859989608055162,0.8163922773548564,0.0,0.0,0.7381723369359519,0.0,68070.0,1071,0.9617063316523636,65221,0.7130030699356575,0.08372934101518147,0.9623732865089788,0.7776184138057647,0.0,0.0,0.6856995668446949,0.0,60027.0,2597,80,2.0,,2,95116,10.0,60.0,1,
0.9798891881707674,70212,0.7533222591362126,0.08297237057908238,0.9811626607043041,0.8204163991561956,0.0,0.0,0.7381723369359519,0.0,67330.0,1441,0.9603616338310216,65222,0.7140123638504563,0.08372934101518147,0.961111684177952,0.7786510923444098,0.0,0.0,0.6857100803229741,0.0,59838.0,2692,80,2.0,,2,95116,10.0,80.0,1,
0.991690333438519,65996,0.6996614659994113,0.08297237057908238,0.992630027374184,0.7622443364211685,0.0,0.0,0.6938475125110392,0.0,64890.0,553,0.9739577402931178,59876,0.6463371041675428,0.08372934101518147,0.974306403059149,0.7051473288048467,0.0,0.0,0.6295050254426174,0.0,56674.0,1601,80,2.0,,4,95116,10.0,5.0,1,
0.9918416916702386,69419,0.7358383447579797,0.08297237057908238,0.9928488679758005,0.8016027698798496,0.0,0.0,0.7298351486605829,0.0,68277.0,571,0.9670582385480764,62236,0.6766054081332268,0.08372934101518147,0.9674641297082187,0.7381241968055811,0.0,0.0,0.6543168341814206,0.0,57996.0,2120,80,2.0,,4,95116,10.0,10.0,1,
0.9915012151272686,69765,0.7397598721561042,0.08297237057908238,0.9925168229218534,0.8058676511052004,0.0,0.0,0.7334728121451701,0.0,68569.0,598,0.9643232378603079,63330,0.6904516590268724,0.08372934101518147,0.9647345570873639,0.7532242518817698,0.0,0.0,0.665818579418815,0.0,58644.0,2343,80,2.0,,4,95116,10.0,15.0,1,
0.9908991523859555,69792,0.7404958156356449,0.08297237057908238,0.9919131336962238,0.8066701825185729,0.0,0.0,0.7337566760587073,0.0,68510.0,641,0.9677647200264494,64397,0.6995878716514572,0.08372934101518147,0.9681721141413838,0.7631953368826877,0.0,0.0,0.6770364607426721,0.0,60107.0,2145,80,2.0,,4,95116,10.0,20.0,1,
0.9890468026015615,69800,0.7419677025947264,0.08297237057908238,0.9900709219858156,0.808263780610841,0.0,0.0,0.7338407838849405,0.0,68254.0,773,0.9663999761172642,64743,0.7043399638336347,0.08372934101518147,0.966832925153814,0.7683587295759133,0.0,0.0,0.6806741242272594,0.0,60241.0,2251,80,2.0,,4,95116,10.0,30.0,1,
0.9878155779463376,69803,0.7429244291181294,0.08297237057908238,0.988837103880098,0.8093070714482252,0.0,0.0,0.733872324319778,0.0,68081.0,861,0.9649998509997914,64765,0.7056015812271332,0.08372934101518147,0.9654313994395087,0.7697356342941069,0.0,0.0,0.6809054207494007,0.0,60067.0,2349,80,2.0,,4,95116,10.0,40.0,1,
0.9850554599079901,69803,0.7450060978174019,0.08297237057908238,0.9860712822613683,0.8115770888746217,0.0,0.0,0.733872324319778,0.0,67685.0,1059,0.9633105294467579,64773,0.7069262794903066,0.08372934101518147,0.9637548542605902,0.7711699100422251,0.0,0.0,0.680989528575634,0.0,59839.0,2467,80,2.0,,4,95116,10.0,60.0,1,
0.9805995729377388,69803,0.7483914378232894,0.08297237057908238,0.9817580872011252,0.8151426212968907,0.0,0.0,0.733872324319778,0.0,67041.0,1381,0.9622092159600701,64774,0.7077463307960806,0.08372934101518147,0.9626954402235302,0.772030475491096,0.0,0.0,0.6810000420539131,0.0,59686.0,2544,80,2.0,,4,95116,10.0,80.0,1,
0.9923400012086783,65681,0.6958661003406367,0.08297237057908238,0.9932704231315973,0.7581170320095386,0.0,0.0,0.6905357668531057,0.0,64667.0,507,0.9743581378657881,59734,0.6445392993818074,0.08372934101518147,0.9747079172377782,0.703185239581421,0.0,0.0,0.6280121115269776,0.0,56590.0,1572,80,2.0,,8,95116,10.0,5.0,1,
0.9921105964099595,68535,0.7262710795239498,0.08297237057908238,0.9931025488690208,0.791192790974961,0.0,0.0,0.7205412338618108,0.0,67445.0,545,0.9676176511878207,62033,0.6740085789982758,0.08372934101518147,0.9679951313900506,0.7353130163392694,0.0,0.0,0.6521825980907523,0.0,57881.0,2076,80,2.0,,8,95116,10.0,10.0,1,
0.991628779678141,68705,0.7284263425711762,0.08297237057908238,0.9926173139158576,0.7935430615426947,0.0,0.0,0.722328525169267,0.0,67545.0,580,0.9651550874184758,63042,0.6867193742377729,0.08372934101518147,0.9655246351063667,0.7491853313750688,0.0,0.0,0.6627906976744186,0.0,58490.0,2276,80,2.0,,8,95116,10.0,15.0,1,
0.9910868812737972,68718,0.728962529963413,0.08297237057908238,0.9920741478626186,0.7941277630010088,0.0,0.0,0.722465200386896,0.0,67482.0,618,0.9686384266263237,64027,0.6949409142520712,0.08372934101518147,0.9690049186530458,0.7581581604552965,0.0,0.0,0.6731464737793852,0.0,59881.0,2073,80,2.0,,8,95116,10.0,20.0,1,
0.9891335636154289,68725,0.7304764708356113,0.08297237057908238,0.9901168402702741,0.7957786847656608,0.0,0.0,0.72253879473485,0.0,67215.0,755,0.9673711921775103,64306,0.6988834686067539,0.08372934101518147,0.9677351392024078,0.7624609876996512,0.0,0.0,0.6760797342192691,0.0,59968.0,2169,80,2.0,,8,95116,10.0,30.0,1,
0.9877834947828337,68728,0.7315067917069683,0.08297237057908238,0.9887640449438202,0.7969022287443823,0.0,0.0,0.7225703351696875,0.0,67028.0,850,0.966084892907567,64320,0.6999663568695067,0.08372934101518147,0.9664477934878969,0.7636428309161006,0.0,0.0,0.6762269229151773,0.0,59804.0,2258,80,2.0,,8,95116,10.0,40.0,1,
0.9849946255822286,68728,0.7335779469279616,0.08297237057908238,0.9859696439330904,0.799160781436302,0.0,0.0,0.7225703351696875,0.0,66634.0,1047,0.9645084867750255,64325,0.7011648933933302,0.08372934101518147,0.964899122478062,0.7649279419864146,0.0,0.0,0.676279490306573,0.0,59591.0,2367,80,2.0,,8,95116,10.0,60.0,1,
0.9809317195706783,68728,0.7366163421506371,0.08297237057908238,0.9819688526932419,0.8024167660276988,0.0,0.0,0.7225703351696875,0.0,66056.0,1336,0.9634544528652308,64326,0.7019428907859876,0.08372934101518147,0.9638586712217927,0.7657655590233156,0.0,0.0,0.6762900037848522,0.0,59446.0,2440,80,2.0,,8,95116,10.0,80.0,1,
0.9934969098791624,64623,0.683859708145843,0.08297237057908238,0.9944294837270139,0.7450357699715675,0.0,0.0,0.6794125068337609,0.0,63777.0,423,0.975298909473131,59384,0.6401446654611211,0.08372934101518147,0.9756033448882026,0.6984234440976684,0.0,0.0,0.6243323941292738,0.0,56376.0,1504,80,2.0,,16,95116,10.0,5.0,1,
0.9921765355788468,66454,0.7041717481811682,0.08297237057908238,0.9931700318333309,0.767116848573787,0.0,0.0,0.6986626855628916,0.0,65406.0,524,0.9687455694009043,61495,0.6673850876824089,0.08372934101518147,0.9690508832474511,0.7281416375986782,0.0,0.0,0.6465263467765675,0.0,57527.0,1984,80,2.0,,16,95116,10.0,10.0,1,
0.9915309834794537,66500,0.7051179612262921,0.08297237057908238,0.9925224996641842,0.7681486746766945,0.0,0.0,0.6991463055637327,0.0,65364.0,568,0.9664987991012629,62373,0.6784873207451954,0.08372934101518147,0.966798418972332,0.740258399118781,0.0,0.0,0.6557571807056647,0.0,58049.0,2162,80,2.0,,16,95116,10.0,15.0,1,
0.9910299201335082,66510,0.7055805542705749,0.08297237057908238,0.9920202848832873,0.7686531229936715,0.0,0.0,0.6992514403465242,0.0,65306.0,602,0.9698941230627589,63208,0.6851633794524581,0.08372934101518147,0.9701918649270913,0.7475445199192216,0.0,0.0,0.6645359350687582,0.0,59284.0,1962,80,2.0,,16,95116,10.0,20.0,1,
0.9891883049284673,66515,0.7069473064468649,0.08297237057908238,0.9901749162634909,0.7701435384756489,0.0,0.0,0.69930400773792,0.0,65061.0,727,0.9687590749996179,63383,0.6878653433702006,0.08372934101518147,0.9690552998914489,0.7504933908573527,0.0,0.0,0.66637579376761,0.0,59295.0,2044,80,2.0,,16,95116,10.0,30.0,1,
0.9875879680494106,66518,0.7081248160141301,0.08297237057908238,0.9885713436473613,0.7714275887370449,0.0,0.0,0.6993355481727574,0.0,64846.0,836,0.9674923309372282,63393,0.6888746372849993,0.08372934101518147,0.9677877349129047,0.7515949146319074,0.0,0.0,0.6664809285504016,0.0,59133.0,2130,80,2.0,,16,95116,10.0,40.0,1,
0.9848099016937107,66518,0.7101223768871694,0.08297237057908238,0.9857877498999659,0.7736058882876272,0.0,0.0,0.6993355481727574,0.0,64466.0,1026,0.9657846228843898,63397,0.6901362546784978,0.08372934101518147,0.9660789662161132,0.7529718193501009,0.0,0.0,0.6665229824635183,0.0,58905.0,2246,80,2.0,,16,95116,10.0,60.0,1,
0.9808889019966378,66518,0.7129610160225409,0.08297237057908238,0.9818879622112333,0.7766784371273961,0.0,0.0,0.6993355481727574,0.0,63926.0,1296,0.9648150966367371,63398,0.6908406577232011,0.08372934101518147,0.9651235366651951,0.7537291169451074,0.0,0.0,0.6665334959417973,0.0,58774.0,2312,80,2.0,,16,95116,10.0,80.0,1,
0.9886737194429502,66166,0.703604020354094,0.08297237057908238,0.9896349033039681,0.766520682380996,0.0,0.0,0.6956348038184953,0.0,64650.0,758,0.961056169607653,59474,0.6506160898271585,0.08372934101518147,0.9614290333010023,0.7097943822287498,0.0,0.0,0.6252786071743975,0.0,54654.0,2410,100,2.0,,0,95116,10.0,5.0,1,
0.9891712489628307,70337,0.7475818999957946,0.08297237057908238,0.9902156774411532,0.8143630193524718,0.0,0.0,0.7394865217208462,0.0,68797.0,770,0.9530973859322893,62019,0.6841225451028218,0.08372934101518147,0.9535663217454143,0.7462708830548926,0.0,0.0,0.6520354093948442,0.0,55915.0,3052,100,2.0,,0,95116,10.0,10.0,1,
0.9896174636749479,71582,0.7604714243660372,0.08297237057908238,0.9906583445202541,0.8284073190864899,0.0,0.0,0.7525758021783927,0.0,70080.0,751,0.9491517796877109,63279,0.7009230833929098,0.08372934101518147,0.9496788329931565,0.7645492931889113,0.0,0.0,0.665282392026578,0.0,56499.0,3390,100,2.0,,0,95116,10.0,15.0,1,
0.9892141332047661,71812,0.7632259556751756,0.08297237057908238,0.990278141677124,0.8313881500504449,0.0,0.0,0.7549939021825981,0.0,70246.0,783,0.9513974880594375,64539,0.7131923125446823,0.08372934101518147,0.9520430741997344,0.7778364237194786,0.0,0.0,0.678529374658312,0.0,57945.0,3297,100,2.0,,0,95116,10.0,20.0,1,
0.9870194090740512,71856,0.7653917322006812,0.08297237057908238,0.9881188118811881,0.8337154911492249,0.0,0.0,0.7554564952268809,0.0,69966.0,945,0.9485674535889744,65454,0.7254615416964548,0.08372934101518147,0.949406747700966,0.7910547090141362,0.0,0.0,0.6881492072837377,0.0,58356.0,3549,100,2.0,,0,95116,10.0,30.0,1,
0.9853290005895822,71863,0.7667795113335296,0.08297237057908238,0.9864651539485786,0.8351944418967256,0.0,0.0,0.7555300895748349,0.0,69723.0,1070,0.9467155708942832,65561,0.728068884309685,0.08372934101518147,0.9477967963916035,0.7936937763906737,0.0,0.0,0.6892741494596072,0.0,58181.0,3690,100,2.0,,0,95116,10.0,40.0,1,
0.9820303639022124,71864,0.7693658269902014,0.08297237057908238,0.9831992557325016,0.8379803723745758,0.0,0.0,0.7555406030531141,0.0,69234.0,1315,0.9436946011281225,65583,0.7306446864880777,0.08372934101518147,0.9450544699982708,0.7962639985313016,0.0,0.0,0.6895054459817486,0.0,57757.0,3913,100,2.0,,0,95116,10.0,60.0,1,
0.9760966997147902,71870,0.7741074056940999,0.08297237057908238,0.9779029580646039,0.8425891956342291,0.0,0.0,0.755603683922789,0.0,68350.0,1760,0.9411621198857684,65583,0.7326107069262795,0.08372934101518147,0.9429483400670012,0.7980425004589682,0.0,0.0,0.6895054459817486,0.0,57383.0,4100,100,2.0,,0,95116,10.0,80.0,1,
0.988914653302416,66104,0.7027734555700408,0.08297237057908238,0.9898772087451333,0.7656149683573329,0.0,0.0,0.6949829681651878,0.0,64622.0,741,0.961332040090527,59468,0.6503637663484587,0.08372934101518147,0.9617051555728054,0.709519001285111,0.0,0.0,0.6252155263047227,0.0,54684.0,2392,100,2.0,,2,95116,10.0,5.0,1,
0.9895824522822747,70199,0.7458051221666177,0.08297237057908238,0.9906018485853383,0.8124484086948546,0.0,0.0,0.7380356617183229,0.0,68721.0,739,0.9537065518302061,62010,0.683586357710585,0.08372934101518147,0.9541614734801274,0.7456971727556453,0.0,0.0,0.6519407880903318,0.0,55990.0,3010,100,2.0,,2,95116,10.0,10.0,1,
0.9899762595621208,71307,0.7572753269691744,0.08297237057908238,0.9909943714821764,0.8249449692745116,0.0,0.0,0.7496845956516254,0.0,69863.0,722,0.9501644662731492,63261,0.6999768703477859,0.08372934101518147,0.9506213653508047,0.763573985680191,0.0,0.0,0.6650931494175533,0.0,56625.0,3318,100,2.0,,2,95116,10.0,15.0,1,
0.9895219112476815,71489,0.7595567517557509,0.08297237057908238,0.9905364961480907,0.8274328166559662,0.0,0.0,0.7515980486984314,0.0,69975.0,757,0.9526566053338846,64512,0.7119517221077422,0.08372934101518147,0.9531351574966018,0.7766201578850743,0.0,0.0,0.6782455107447748,0.0,58100.0,3206,100,2.0,,2,95116,10.0,20.0,1,
0.9874094015324084,71523,0.761543799150511,0.08297237057908238,0.9884328358208955,0.8295881867375952,0.0,0.0,0.7519555069599226,0.0,69699.0,912,0.950454050127134,65415,0.7235901425627654,0.08372934101518147,0.9509652846426703,0.7892876812924545,0.0,0.0,0.6877391816308508,0.0,58595.0,3410,100,2.0,,2,95116,10.0,30.0,1,
0.9858182419581576,71529,0.7628369569788469,0.08297237057908238,0.9868519080599322,0.8309868843437586,0.0,0.0,0.7520185878295975,0.0,69471.0,1029,0.9490410800162234,65518,0.7258084864796669,0.08372934101518147,0.9495912806539509,0.7916743161373233,0.0,0.0,0.6888220698936036,0.0,58482.0,3518,100,2.0,,2,95116,10.0,40.0,1,
0.9827844414217606,71530,0.7652024895916565,0.08297237057908238,0.9838117375218343,0.8335664496010272,0.0,0.0,0.7520291013078767,0.0,69024.0,1253,0.946833102172908,65536,0.7277009125699146,0.08372934101518147,0.9474764706732784,0.7936593537727189,0.0,0.0,0.6890113125026284,0.0,58176.0,3680,100,2.0,,2,95116,10.0,60.0,1,
0.9775603356383414,71532,0.7693132595988057,0.08297237057908238,0.9788579169916664,0.8378084013574245,0.0,0.0,0.752050128264435,0.0,68248.0,1642,0.9450581143829493,65536,0.7290676647462047,0.08372934101518147,0.9457809591156394,0.7950821553148522,0.0,0.0,0.6890113125026284,0.0,57916.0,3810,100,2.0,,2,95116,10.0,80.0,1,
0.9892606794080643,66047,0.7019218638294293,0.08297237057908238,0.990195049549482,0.7647092543336697,0.0,0.0,0.694383699903276,0.0,64613.0,717,0.9616847078620779,59435,0.6497644980865469,0.08372934101518147,0.9620271604538613,0.708887919955939,0.0,0.0,0.6248685815215106,0.0,54699.0,2368,100,2.0,,4,95116,10.0,5.0,1,
0.9899677838693268,70062,0.744059884772278,0.08297237057908238,0.99096193830356,0.8105681922406677,0.0,0.0,0.7365953151940788,0.0,68642.0,710,0.954251286634411,61929,0.6823037133605282,0.08372934101518147,0.9546631724988438,0.7443317422434368,0.0,0.0,0.6510891963497203,0.0,55991.0,2969,100,2.0,,4,95116,10.0,10.0,1,
0.9902571607777545,71046,0.7542894991378948,0.08297237057908238,0.9912519358754343,0.8217119141520682,0.0,0.0,0.7469405778207662,0.0,69648.0,699,0.9509747792810438,63120,0.6978216073005593,0.08372934101518147,0.9513904589645037,0.7612561960712318,0.0,0.0,0.6636107489801926,0.0,56612.0,3254,100,2.0,,4,95116,10.0,15.0,1,
0.9897943576980298,71187,0.7561398713150259,0.08297237057908238,0.9907862322370528,0.8237297074199762,0.0,0.0,0.7484229782581269,0.0,69719.0,734,0.9537091988130564,64280,0.7086084360149711,0.08372934101518147,0.9541197251042733,0.7730287314117863,0.0,0.0,0.6758063837840111,0.0,58040.0,3120,100,2.0,,4,95116,10.0,20.0,1,
0.9876296666111943,71216,0.7581058917532276,0.08297237057908238,0.9886305268272367,0.8258621480326516,0.0,0.0,0.7487278691282224,0.0,69432.0,892,0.9518102262416952,65041,0.718428024727701,0.08372934101518147,0.95224221483683,0.7837226913897558,0.0,0.0,0.6838071407544472,0.0,58455.0,3293,100,2.0,,4,95116,10.0,30.0,1,
0.9860718834800908,71222,0.7593675091467261,0.08297237057908238,0.987083183191507,0.8272264514353848,0.0,0.0,0.7487909499978973,0.0,69210.0,1006,0.9504992409202382,65113,0.7202153160351571,0.08372934101518147,0.9509295634775751,0.7856733064071966,0.0,0.0,0.6845641111905463,0.0,58331.0,3391,100,2.0,,4,95116,10.0,40.0,1,
0.9829825408874474,71222,0.7617540687160941,0.08297237057908238,0.9839875105345326,0.8298289461616069,0.0,0.0,0.7487909499978973,0.0,68756.0,1233,0.9484991042689233,65123,0.7218449051684259,0.08372934101518147,0.9489413787576318,0.7874403341288783,0.0,0.0,0.6846692459733378,0.0,58051.0,3536,100,2.0,,4,95116,10.0,60.0,1,
0.9783644930422957,71222,0.7653496782875646,0.08297237057908238,0.979521667973209,0.8336123085389342,0.0,0.0,0.7487909499978973,0.0,68072.0,1575,0.9469268462914225,65123,0.7230434416922494,0.08372934101518147,0.947409002298583,0.7887139709932073,0.0,0.0,0.6846692459733378,0.0,57823.0,3650,100,2.0,,4,95116,10.0,80.0,1,
0.9899676618786193,65818,0.6989886033895454,0.08297237057908238,0.9908917091971154,0.7615220581491333,0.0,0.0,0.6919761133773498,0.0,64484.0,667,0.9622956668396471,59339,0.6483031246057446,0.08372934101518147,0.9626391096979332,0.7072930053240316,0.0,0.0,0.6238592876067118,0.0,54689.0,2325,100,2.0,,8,95116,10.0,5.0,1,
0.9905849844032646,69546,0.7381197695445562,0.08297237057908238,0.9915736344582745,0.8041020819957809,0.0,0.0,0.7311703604020354,0.0,68224.0,661,0.9552524971394997,61780,0.6799486942259977,0.08372934101518147,0.9556366786288826,0.7417844685147787,0.0,0.0,0.6495226880861265,0.0,55992.0,2894,100,2.0,,8,95116,10.0,10.0,1,
0.9903653547750035,70207,0.7453004752092183,0.08297237057908238,0.991358251316737,0.8119210309089242,0.0,0.0,0.7381197695445562,0.0,68841.0,683,0.9522778543202773,62897,0.6944047268598343,0.08372934101518147,0.9526528633960892,0.7575615017440793,0.0,0.0,0.6612662433239412,0.0,56593.0,3152,100,2.0,,8,95116,10.0,15.0,1,
0.989858869263923,70278,0.7464359308633668,0.08297237057908238,0.9908497469228925,0.8131592222324131,0.0,0.0,0.7388662265023761,0.0,68838.0,720,0.9552187546662685,63971,0.704087640354935,0.08372934101518147,0.9555897466539197,0.7681292454562144,0.0,0.0,0.6725577189957526,0.0,57973.0,2999,100,2.0,,8,95116,10.0,20.0,1,
0.9877476464802586,70298,0.7482442491273813,0.08297237057908238,0.9887340187625705,0.815131156562414,0.0,0.0,0.7390764960679591,0.0,68554.0,872,0.9535165305730697,64575,0.7120042894991379,0.08372934101518147,0.953910923997341,0.7767463741509087,0.0,0.0,0.6789078598763615,0.0,58279.0,3148,100,2.0,,8,95116,10.0,30.0,1,
0.9861270865479029,70301,0.7495058665208798,0.08297237057908238,0.9871101812718516,0.8165069246996239,0.0,0.0,0.7391080365027966,0.0,68323.0,989,0.9522567525750409,64623,0.7134761764582195,0.08372934101518147,0.9526498120439302,0.7783527629888012,0.0,0.0,0.6794125068337609,0.0,58143.0,3240,100,2.0,,8,95116,10.0,40.0,1,
0.982969560536361,70301,0.751913453046806,0.08297237057908238,0.9839463665882879,0.8191323488947996,0.0,0.0,0.7391080365027966,0.0,67865.0,1218,0.950315399432428,64630,0.7150111442869759,0.08372934101518147,0.9507208002353633,0.7800165228566184,0.0,0.0,0.6794861011817149,0.0,57872.0,3379,100,2.0,,8,95116,10.0,60.0,1,
0.9788226448720447,70301,0.7550990369653896,0.08297237057908238,0.9798458472131238,0.8225603045033477,0.0,0.0,0.7391080365027966,0.0,67259.0,1521,0.9487808100529955,64630,0.7161676268976829,0.08372934101518147,0.9491988426911836,0.7812672113089775,0.0,0.0,0.6794861011817149,0.0,57652.0,3489,100,2.0,,8,95116,10.0,80.0,1,
0.9915676562642438,65263,0.6919761133773498,0.08297237057908238,0.9924874918259653,0.7538865449876181,0.0,0.0,0.6861411329324194,0.0,64153.0,555,0.9634617579443366,59092,0.6448231632953446,0.08372934101518147,0.9637603157517043,0.7035294657609693,0.0,0.0,0.6212624584717608,0.0,54610.0,2241,100,2.0,,16,95116,10.0,5.0,1,
0.9915077711905144,68068,0.7217607973421927,0.08297237057908238,0.9924908505023111,0.7862858846189122,0.0,0.0,0.7156314395054459,0.0,66902.0,583,0.9567095516569201,61349,0.6741767946507422,0.08372934101518147,0.9570229626856358,0.7355425004589682,0.0,0.0,0.6449913789478111,0.0,55797.0,2776,100,2.0,,16,95116,10.0,10.0,1,
0.9908278184140253,68272,0.7244207073468186,0.08297237057908238,0.9918066128188738,0.7891864624415299,0.0,0.0,0.7177761890743933,0.0,67008.0,632,0.9545851260928815,62343,0.6866247529332604,0.08372934101518147,0.9548921700771964,0.7491279603451441,0.0,0.0,0.6554417763572901,0.0,56411.0,2966,100,2.0,,16,95116,10.0,15.0,1,
0.9903140678015254,68298,0.7250725430001261,0.08297237057908238,0.9912914743533919,0.7898972759790883,0.0,0.0,0.7180495395096513,0.0,66962.0,668,0.9575530964743638,63255,0.6945098616426258,0.08372934101518147,0.95785759714104,0.7577336148338535,0.0,0.0,0.6650300685478784,0.0,57647.0,2804,100,2.0,,16,95116,10.0,20.0,1,
0.9884244186887761,68311,0.7265969973506035,0.08297237057908238,0.9893979114464899,0.791559662478217,0.0,0.0,0.7181862147272804,0.0,66711.0,800,0.9560664112388251,63631,0.6997245468690861,0.08372934101518147,0.9563825470067485,0.7634133467964017,0.0,0.0,0.6689831363808403,0.0,57783.0,2924,100,2.0,,16,95116,10.0,30.0,1,
0.986554985919561,68314,0.7280058034400101,0.08297237057908238,0.9875247553377567,0.7930959368981014,0.0,0.0,0.7182177551621178,0.0,66452.0,931,0.9546893045160709,63652,0.7009651373060263,0.08372934101518147,0.9550044260401195,0.7647673031026253,0.0,0.0,0.6692039194247025,0.0,57610.0,3021,100,2.0,,16,95116,10.0,40.0,1,
0.983147441893934,68314,0.730529038227007,0.08297237057908238,0.9841105204776928,0.7958474731725214,0.0,0.0,0.7182177551621178,0.0,65972.0,1171,0.9527330419685086,63654,0.7024265107868287,0.08372934101518147,0.9530468633028897,0.7663622177345327,0.0,0.0,0.6692249463812607,0.0,57338.0,3158,100,2.0,,16,95116,10.0,60.0,1,
0.9789770854530603,68314,0.7336410277976366,0.08297237057908238,0.9799601210712799,0.7992181051086856,0.0,0.0,0.7182177551621178,0.0,65380.0,1467,0.9513091822094691,63654,0.7034778586147441,0.08372934101518147,0.9516362929629685,0.7674981641270424,0.0,0.0,0.6692249463812607,0.0,57138.0,3258,100,2.0,,16,95116,10.0,80.0,1,
0.9857291977333731,66103,0.7050338534000589,0.08297237057908238,0.986685573550265,0.768079886269834,0.0,0.0,0.6949724546869086,0.0,64189.0,957,0.9506139066346974,59074,0.6533390807014593,0.08372934101518147,0.9510118003123138,0.7127432531668808,0.0,0.0,0.621073215862736,0.0,52936.0,3069,120,2.0,,0,95116,10.0,5.0,1,
0.9857630820057676,70417,0.7510198073930779,0.08297237057908238,0.986812971215561,0.8181005227918922,0.0,0.0,0.7403275999831784,0.0,68383.0,1017,0.9419648308706802,61710,0.6887589890239286,0.08372934101518147,0.9424395607752104,0.7513195336882688,0.0,0.0,0.6487867446065857,0.0,54106.0,3802,120,2.0,,0,95116,10.0,10.0,1,
0.9860852670753065,72071,0.7684091004667984,0.08297237057908238,0.987152268898355,0.8370287994130056,0.0,0.0,0.7577168930568989,0.0,70037.0,1017,0.9380000594866303,63073,0.7069473064468649,0.08372934101518147,0.9385025146564295,0.7711354874242703,0.0,0.0,0.6631166155010724,0.0,54735.0,4169,120,2.0,,0,95116,10.0,15.0,1,
0.9858116548091023,72607,0.7743387022162412,0.08297237057908238,0.9868970110505498,0.8434719801889389,0.0,0.0,0.7633521174145255,0.0,70517.0,1045,0.9383605600933489,64334,0.7208040708187897,0.08372934101518147,0.9389768663796249,0.7861552230585643,0.0,0.0,0.6763741116110854,0.0,55882.0,4226,120,2.0,,0,95116,10.0,20.0,1,
0.9837189490338197,72747,0.7774822322217082,0.08297237057908238,0.9848509463081797,0.8468540768595799,0.0,0.0,0.764824004373607,0.0,70339.0,1204,0.9344910247995205,65491,0.7368055847596618,0.08372934101518147,0.9353318385009783,0.8034124288599229,0.0,0.0,0.6885382059800664,0.0,56309.0,4591,120,2.0,,0,95116,10.0,30.0,1,
0.9818108217514505,72762,0.7791538752680937,0.08297237057908238,0.9829514751972334,0.8486655049069064,0.0,0.0,0.7649817065477943,0.0,70066.0,1348,0.9321680405204091,65702,0.7410214895496026,0.08372934101518147,0.9332935594761215,0.8077611529282174,0.0,0.0,0.6907565498969679,0.0,56140.0,4781,120,2.0,,0,95116,10.0,40.0,1,
0.9783523590550334,72763,0.7819189200555111,0.08297237057908238,0.979537713878007,0.8516348711363845,0.0,0.0,0.7649922200260735,0.0,69543.0,1610,0.9288368347437872,65744,0.7441545060767905,0.08372934101518147,0.9303220693949171,0.8108591885441527,0.0,0.0,0.6911981159846924,0.0,55670.0,5037,120,2.0,,0,95116,10.0,60.0,1,
0.9723669793420455,72770,0.7868076874553177,0.08297237057908238,0.9741502791127294,0.8564271301476658,0.0,0.0,0.7650658143740275,0.0,68634.0,2068,0.9261675001760935,65744,0.7462992556457378,0.08372934101518147,0.9280108407204563,0.8128786487975033,0.0,0.0,0.6911981159846924,0.0,55262.0,5241,120,2.0,,0,95116,10.0,80.0,1,
0.9858959434046745,66057,0.704424071659868,0.08297237057908238,0.9868533098286448,0.7674149316701825,0.0,0.0,0.6944888346860676,0.0,64167.0,945,0.9508669124394288,59065,0.6530657302662013,0.08372934101518147,0.9512650786748482,0.7124449238112722,0.0,0.0,0.6209785945582237,0.0,52961.0,3052,120,2.0,,2,95116,10.0,5.0,1,
0.9861599943910818,70328,0.7497687034778586,0.08297237057908238,0.9871982032565975,0.8167476841236357,0.0,0.0,0.7393919004163337,0.0,68354.0,987,0.9425559544725384,61695,0.6881597207620169,0.08372934101518147,0.9430169817953931,0.7506769781531119,0.0,0.0,0.6486290424323984,0.0,54175.0,3760,120,2.0,,2,95116,10.0,10.0,1,
0.986598814879842,71927,0.7664746204634342,0.08297237057908238,0.9876419459815727,0.8349422177382372,0.0,0.0,0.7562029521847008,0.0,69973.0,977,0.9388867379456175,63050,0.7060221203582994,0.08372934101518147,0.9393483410557054,0.7701601799155499,0.0,0.0,0.6628748055006518,0.0,54842.0,4104,120,2.0,,2,95116,10.0,15.0,1,
0.9864180039778765,72409,0.7717523865595693,0.08297237057908238,0.9874538040884234,0.8406975144455654,0.0,0.0,0.761270448715253,0.0,70415.0,997,0.9396060437794079,64301,0.7194793725556163,0.08372934101518147,0.9401005877364835,0.7848127409583256,0.0,0.0,0.6760271668278733,0.0,56035.0,4133,120,2.0,,2,95116,10.0,20.0,1,
0.9844551847728692,72513,0.7744017830859161,0.08297237057908238,0.985498776841533,0.8435751627992296,0.0,0.0,0.762363850456285,0.0,70223.0,1145,0.9362749306092082,65440,0.734829050843181,0.08372934101518147,0.9367976522797223,0.8015306590783918,0.0,0.0,0.6880020185878296,0.0,56532.0,4454,120,2.0,,2,95116,10.0,30.0,1,
0.9826705507756927,72526,0.7759472643929518,0.08297237057908238,0.9837235168054689,0.845249014032835,0.0,0.0,0.7625005256739139,0.0,69968.0,1279,0.9343914590747331,65641,0.7385718491105597,0.08372934101518147,0.9349637500534135,0.8055695795850927,0.0,0.0,0.6901152277219396,0.0,56423.0,4609,120,2.0,,2,95116,10.0,40.0,1,
0.979485725089809,72527,0.7784810126582279,0.08297237057908238,0.9805318588018982,0.8480120150417316,0.0,0.0,0.7625110391521931,0.0,69489.0,1519,0.9319352412843906,65680,0.7409584086799277,0.08372934101518147,0.9326233581824637,0.8080709564898109,0.0,0.0,0.6905252533748265,0.0,56086.0,4797,120,2.0,,2,95116,10.0,60.0,1,
0.9741847096115618,72530,0.7827494848395643,0.08297237057908238,0.975508063106078,0.8524144730808034,0.0,0.0,0.7625425795870305,0.0,68686.0,1922,0.9300086374127409,65680,0.7424933765086841,0.08372934101518147,0.930786236607902,0.8096658711217184,0.0,0.0,0.6905252533748265,0.0,55794.0,4943,120,2.0,,2,95116,10.0,80.0,1,
0.9861380814387716,66018,0.7038353168762354,0.08297237057908238,0.9870817260249395,0.7667843712739613,0.0,0.0,0.6940788090331805,0.0,64162.0,928,0.9512324794586757,59043,0.652571596787081,0.08372934101518147,0.9516157627528407,0.7119171103359647,0.0,0.0,0.6207472980360823,0.0,52989.0,3027,120,2.0,,4,95116,10.0,5.0,1,
0.9864800359409222,70265,0.7488540308675722,0.08297237057908238,0.9875059729600585,0.8157617169586352,0.0,0.0,0.738729551284747,0.0,68339.0,963,0.9432365856270751,61649,0.6871504268472182,0.08372934101518147,0.9436697331965895,0.7495984027905269,0.0,0.0,0.6481454224315573,0.0,54229.0,3710,120,2.0,,4,95116,10.0,10.0,1,
0.9869970997759543,71807,0.7648870852432819,0.08297237057908238,0.9880292252019208,0.8332225075667248,0.0,0.0,0.7549413347912023,0.0,69915.0,946,0.9397575974685056,62960,0.704360990790193,0.08372934101518147,0.9401926379451953,0.7683702037818982,0.0,0.0,0.661928592455528,0.0,54888.0,4036,120,2.0,,4,95116,10.0,15.0,1,
0.9867793878638058,72251,0.7697863661213676,0.08297237057908238,0.9878047113189232,0.83856507383289,0.0,0.0,0.7596093191471467,0.0,70315.0,968,0.9408263202650793,64170,0.7170822995079692,0.08372934101518147,0.9412817391049242,0.7822310446117129,0.0,0.0,0.6746499011733041,0.0,56098.0,4036,120,2.0,,4,95116,10.0,20.0,1,
0.9847942389632311,72342,0.7723096009083645,0.08297237057908238,0.9858275871467117,0.8413051453728332,0.0,0.0,0.7605660456705496,0.0,70108.0,1117,0.9378686307794113,65195,0.7308339290971024,0.08372934101518147,0.9383410814778567,0.7972163576280521,0.0,0.0,0.6854262164094369,0.0,56557.0,4319,120,2.0,,4,95116,10.0,30.0,1,
0.982963576833725,72353,0.7738655956936793,0.08297237057908238,0.9840063104353385,0.8429904613409154,0.0,0.0,0.7606816939316203,0.0,69845.0,1254,0.9361376070579474,65363,0.7340720804070818,0.08372934101518147,0.9366071044750455,0.8007504130714155,0.0,0.0,0.6871924807603348,0.0,56445.0,4459,120,2.0,,4,95116,10.0,40.0,1,
0.9796893829634544,72353,0.7764519113503512,0.08297237057908238,0.9807251779057946,0.8458107860221957,0.0,0.0,0.7606816939316203,0.0,69353.0,1500,0.9338636428551027,65391,0.7361747760629127,0.08372934101518147,0.9343573622919197,0.8030223058564347,0.0,0.0,0.687486858152151,0.0,56129.0,4631,120,2.0,,4,95116,10.0,60.0,1,
0.9749504803740584,72354,0.7802367635308466,0.08297237057908238,0.9761342633190777,0.8498005136201046,0.0,0.0,0.7606922074098995,0.0,68636.0,1859,0.9321729461574648,65391,0.7375099878043652,0.08372934101518147,0.9327047882582835,0.804445107398568,0.0,0.0,0.687486858152151,0.0,55875.0,4758,120,2.0,,4,95116,10.0,80.0,1,
0.9863577825032196,65867,0.7020690525253375,0.08297237057908238,0.9872892153188938,0.7648697606163442,0.0,0.0,0.6924912738130283,0.0,64045.0,911,0.9518406739723374,58977,0.6514256276546533,0.08372934101518147,0.9522095032048694,0.7106778960895906,0.0,0.0,0.6200534084696581,0.0,53009.0,2984,120,2.0,,8,95116,10.0,5.0,1,
0.9872048077194369,69979,0.7452584212961016,0.08297237057908238,0.9882085463326461,0.8118637072365404,0.0,0.0,0.735722696496909,0.0,68165.0,907,0.9441495889066143,61551,0.6853946759745995,0.08372934101518147,0.9445407810941456,0.7477166330089958,0.0,0.0,0.6471151015602001,0.0,54269.0,3641,120,2.0,,8,95116,10.0,10.0,1,
0.9875411833107229,71338,0.7594726439295176,0.08297237057908238,0.9885401510427493,0.827352563514629,0.0,0.0,0.7500105134782792,0.0,69538.0,900,0.9408697997033753,62804,0.7017851886118003,0.08372934101518147,0.9412505245488879,0.7656049201395263,0.0,0.0,0.66028848984398,0.0,54910.0,3947,120,2.0,,8,95116,10.0,15.0,1,
0.9871892003581514,71665,0.7632259556751756,0.08297237057908238,0.9881828962245939,0.8314454737228286,0.0,0.0,0.7534484208755625,0.0,69805.0,930,0.9422711399902753,63951,0.7135392573278944,0.08372934101518147,0.9426600433366253,0.7784216082247108,0.0,0.0,0.6723474494301694,0.0,56115.0,3918,120,2.0,,8,95116,10.0,20.0,1,
0.9851250566566402,71724,0.7654548130703562,0.08297237057908238,0.986113784474936,0.8338759974318994,0.0,0.0,0.7540687160940326,0.0,69558.0,1083,0.9397359917696666,64854,0.7255666764792464,0.08372934101518147,0.940144673325312,0.791525151459519,0.0,0.0,0.6818411203162454,0.0,56536.0,4159,120,2.0,,8,95116,10.0,30.0,1,
0.9833036326250857,71732,0.7669582404642752,0.08297237057908238,0.9842885958532871,0.8355154544620746,0.0,0.0,0.7541528239202658,0.0,69296.0,1218,0.9380025116561052,64982,0.728342234744943,0.08372934101518147,0.9384088841393851,0.7945543418395447,0.0,0.0,0.6831868455359771,0.0,56392.0,4295,120,2.0,,8,95116,10.0,40.0,1,
0.9800256851654507,71732,0.7695235291643887,0.08297237057908238,0.9810040891125669,0.8383128496744016,0.0,0.0,0.7541528239202658,0.0,68808.0,1462,0.935794080386963,65004,0.7303082551831448,0.08372934101518147,0.9362253715865884,0.7966770699467597,0.0,0.0,0.6834181420581185,0.0,56084.0,4460,120,2.0,,8,95116,10.0,60.0,1,
0.9756004678617087,71732,0.7730140039530679,0.08297237057908238,0.9766365319681952,0.8420618178482986,0.0,0.0,0.7541528239202658,0.0,68144.0,1794,0.9340997269722662,65004,0.7316329534463182,0.08372934101518147,0.9345428928792213,0.798111345694878,0.0,0.0,0.6834181420581185,0.0,55832.0,4586,120,2.0,,8,95116,10.0,80.0,1,
0.9871825803727607,65466,0.6972118255603684,0.08297237057908238,0.9880914647951098,0.7595959827570393,0.0,0.0,0.6882753690230876,0.0,63766.0,850,0.9532557234580712,58793,0.6484292863450944,0.08372934101518147,0.9535649409627611,0.7074536442078209,0.0,0.0,0.6181189284662938,0.0,53027.0,2883,120,2.0,,16,95116,10.0,5.0,1,
0.9882399954330079,69244,0.7366583960637537,0.08297237057908238,0.9892,0.8025314133724663,0.0,0.0,0.7279952899617309,0.0,67596.0,824,0.945823160367154,61208,0.6803692333571639,0.08372934101518147,0.946130184100289,0.7423008077841013,0.0,0.0,0.6435089785104504,0.0,54196.0,3506,120,2.0,,16,95116,10.0,10.0,1,
0.9883087064921894,70163,0.7463833634719711,0.08297237057908238,0.9892702047261858,0.8131248280289829,0.0,0.0,0.7376571765002734,0.0,68503.0,830,0.9427776433583354,62344,0.6952352916438874,0.08372934101518147,0.943077132527569,0.7585253350468147,0.0,0.0,0.6554522898355692,0.0,54776.0,3784,120,2.0,,16,95116,10.0,15.0,1,
0.9878091599837081,70333,0.7485701669540351,0.08297237057908238,0.9887673620873868,0.8155094928001467,0.0,0.0,0.7394444678077295,0.0,68597.0,868,0.9447774100247488,63370,0.705181042095967,0.08372934101518147,0.945073300225195,0.7693799339085735,0.0,0.0,0.6662391185499811,0.0,55962.0,3704,120,2.0,,16,95116,10.0,20.0,1,
0.9857809282322122,70368,0.7504836200008411,0.08297237057908238,0.9867347224948818,0.8175960744749151,0.0,0.0,0.7398124395474999,0.0,68338.0,1015,0.9428714460297127,64037,0.7140439042852937,0.08372934101518147,0.9431769644303705,0.7790412153478979,0.0,0.0,0.6732516085621767,0.0,56277.0,3880,120,2.0,,16,95116,10.0,30.0,1,
0.9837151763373824,70374,0.7521237226123891,0.08297237057908238,0.9846648943612705,0.819384573053288,0.0,0.0,0.7398755204171749,0.0,68044.0,1165,0.9412015151070264,64109,0.7161150595062871,0.08372934101518147,0.9415056100569817,0.7813016339269323,0.0,0.0,0.6740085789982758,0.0,56099.0,4005,120,2.0,,16,95116,10.0,40.0,1,
0.9803167704459025,70374,0.7547310652256193,0.08297237057908238,0.9812599347444156,0.8222278272035219,0.0,0.0,0.7398755204171749,0.0,67548.0,1413,0.9388965355668141,64121,0.7180074855965347,0.08372934101518147,0.9392128429347747,0.7833555167982376,0.0,0.0,0.6741347407376256,0.0,55775.0,4173,120,2.0,,16,95116,10.0,60.0,1,
0.9761151797603196,70374,0.7579797300138778,0.08297237057908238,0.977077403679278,0.825747500687884,0.0,0.0,0.7398755204171749,0.0,66930.0,1722,0.9372907865694113,64121,0.7192375625551958,0.08372934101518147,0.9376197230467779,0.7846865246924912,0.0,0.0,0.6741347407376256,0.0,55541.0,4290,120,2.0,,16,95116,10.0,80.0,1,
0.9779361544172235,65864,0.7080827621010135,0.08297237057908238,0.9789245266193038,0.7713702650646611,0.0,0.0,0.6924597333781909,0.0,62892.0,1486,0.9409767270513991,58748,0.6563879894024139,0.08372934101518147,0.9413838412973111,0.7160592986965302,0.0,0.0,0.6176458219437319,0.0,51378.0,3685,150,2.0,,0,95116,10.0,5.0,1,
0.97901590886909,70216,0.754037175659195,0.08297237057908238,0.980081794453052,0.8213679721177658,0.0,0.0,0.7382143908490685,0.0,67206.0,1505,0.9304978309013135,61344,0.6931115690314984,0.08372934101518147,0.9309920930020792,0.7560469065540665,0.0,0.0,0.6449388115564153,0.0,52180.0,4582,150,2.0,,0,95116,10.0,10.0,1,
0.9786786175052624,72065,0.7741599730854956,0.08297237057908238,0.9797430494188023,0.8432885444373108,0.0,0.0,0.757653812187224,0.0,68925.0,1570,0.9251889466225791,62676,0.7122250725430002,0.08372934101518147,0.9257629021299223,0.7768266935928034,0.0,0.0,0.6589427646242483,0.0,52540.0,5068,150,2.0,,0,95116,10.0,15.0,1,
0.9778142091188842,72766,0.782381513099794,0.08297237057908238,0.9788796814464055,0.8522425020636522,0.0,0.0,0.7650237604609109,0.0,69464.0,1651,0.9246369264595267,63922,0.7268177803944657,0.08372934101518147,0.9254535188429297,0.7925348815861942,0.0,0.0,0.672042558560074,0.0,53502.0,5210,150,2.0,,0,95116,10.0,20.0,1,
0.9758223596523964,73214,0.788805248328357,0.08297237057908238,0.9769421686103921,0.8591901311565624,0.0,0.0,0.7697337987299718,0.0,69586.0,1814,0.9192184433809101,65111,0.7447012069473065,0.08372934101518147,0.9202317857395237,0.811857444464843,0.0,0.0,0.684543084233988,0.0,53667.0,5722,150,2.0,,0,95116,10.0,30.0,1,
0.9738647240242476,73258,0.7908658900710711,0.08297237057908238,0.9749923473122429,0.8614257543795286,0.0,0.0,0.7701963917742546,0.0,69326.0,1966,0.916551076737702,65417,0.7503784852180495,0.08372934101518147,0.917862805348599,0.817778134753075,0.0,0.0,0.687760208587409,0.0,53505.0,5956,150,2.0,,0,95116,10.0,40.0,1,
0.9699485020585938,73267,0.7941566087724463,0.08297237057908238,0.9711570324615936,0.864933963129414,0.0,0.0,0.770291013078767,0.0,68727.0,2270,0.9127690700104493,65514,0.7546049034862694,0.08372934101518147,0.9145018774689764,0.8220006425555352,0.0,0.0,0.688780015980487,0.0,52992.0,6261,150,2.0,,0,95116,10.0,60.0,1,
0.9641569514987236,73274,0.7990033222591362,0.08297237057908238,0.9659490884163624,0.8696803632027882,0.0,0.0,0.7703646074267211,0.0,67826.0,2724,0.90993430829271,65518,0.7570019765339164,0.08372934101518147,0.9121258527077822,0.8241922158986598,0.0,0.0,0.6888220698936036,0.0,52548.0,6485,150,2.0,,0,95116,10.0,80.0,1,
0.9781733355125328,65834,0.7075886286218933,0.08297237057908238,0.9791626385067301,0.7708314225442539,0.0,0.0,0.6921443290298163,0.0,62896.0,1469,0.9412707315118981,58740,0.6560936120105976,0.08372934101518147,0.9416781557600437,0.7157380209289517,0.0,0.0,0.6175617141174986,0.0,51410.0,3665,150,2.0,,2,95116,10.0,5.0,1,
0.9794653451525093,70164,0.7531330165271879,0.08297237057908238,0.9805192990301573,0.820393469687242,0.0,0.0,0.7376676899785525,0.0,67222.0,1471,0.9309664394893824,61333,0.6926384625089365,0.08372934101518147,0.9314329972056858,0.7555535156967138,0.0,0.0,0.6448231632953446,0.0,52237.0,4548,150,2.0,,2,95116,10.0,10.0,1,
0.9791865052373827,71980,0.7728457883006014,0.08297237057908238,0.9802399531533004,0.8418669173621939,0.0,0.0,0.756760166533496,0.0,68920.0,1530,0.9259149810133128,62665,0.7115416964548551,0.08372934101518147,0.9264351502786772,0.7761267670277217,0.0,0.0,0.6588271163631776,0.0,52637.0,5014,150,2.0,,2,95116,10.0,15.0,1,
0.9784643564223087,72650,0.7806152487488961,0.08297237057908238,0.9795065390319536,0.8503393561405118,0.0,0.0,0.763804196980529,0.0,69452.0,1599,0.9256158848320709,63911,0.7259241347407376,0.08372934101518147,0.9262598008666793,0.7917087387552781,0.0,0.0,0.6719269102990033,0.0,53639.0,5136,150,2.0,,2,95116,10.0,20.0,1,
0.9766381385397165,73033,0.7861979057151268,0.08297237057908238,0.9776840696117804,0.856415665413189,0.0,0.0,0.767830859161445,0.0,69539.0,1747,0.9207128208754685,65099,0.7433554817275747,0.08372934101518147,0.9213774167067682,0.8106985496603635,0.0,0.0,0.6844169224946381,0.0,53887.0,5606,150,2.0,,2,95116,10.0,30.0,1,
0.9746821934984726,73069,0.7881639261533285,0.08297237057908238,0.9757364527415004,0.8585481060258644,0.0,0.0,0.7682093443794945,0.0,69273.0,1898,0.9184619273656714,65400,0.7486227343454308,0.08372934101518147,0.9192364995923875,0.8163438590049569,0.0,0.0,0.6875814794566635,0.0,53788.0,5806,150,2.0,,2,95116,10.0,40.0,1,
0.9710830564784053,73074,0.7911392405063291,0.08297237057908238,0.9721424010217113,0.8617811611483078,0.0,0.0,0.7682619117708903,0.0,68722.0,2176,0.9156646719982104,65492,0.7519660204382018,0.08372934101518147,0.9165617040333641,0.8198779144483201,0.0,0.0,0.6885487194583456,0.0,53428.0,6032,150,2.0,,2,95116,10.0,60.0,1,
0.9658604282315623,73077,0.7954497666007821,0.08297237057908238,0.9671770980848896,0.8662409428597634,0.0,0.0,0.7682934522057278,0.0,67911.0,2583,0.9136257114161366,65496,0.753690230875983,0.08372934101518147,0.9146336354368865,0.8216564163759867,0.0,0.0,0.6885907733714622,0.0,53112.0,6192,150,2.0,,2,95116,10.0,80.0,1,
0.97840731652911,65793,0.7069788468817023,0.08297237057908238,0.9793831313822978,0.7701779326790792,0.0,0.0,0.691713276420371,0.0,62889.0,1452,0.9416631923286617,58724,0.655641532444594,0.08372934101518147,0.942040842517285,0.7152675784835689,0.0,0.0,0.6173934984650322,0.0,51448.0,3638,150,2.0,,4,95116,10.0,5.0,1,
0.9798063082577526,70112,0.7523129652214139,0.08297237057908238,0.9808480575257761,0.8195106851325323,0.0,0.0,0.7371209891080365,0.0,67222.0,1445,0.9316627663131022,61309,0.6918499516379999,0.08372934101518147,0.9320876915592313,0.7547273728657977,0.0,0.0,0.644570839816645,0.0,52315.0,4497,150,2.0,,4,95116,10.0,10.0,1,
0.979643835243143,71899,0.7716157113419404,0.08297237057908238,0.9806860806110619,0.8405370081628909,0.0,0.0,0.7559085747928844,0.0,68911.0,1494,0.9269527376071286,62624,0.7102800790613567,0.08372934101518147,0.9274194742687893,0.774795759133468,0.0,0.0,0.6583960637537323,0.0,52754.0,4935,150,2.0,,4,95116,10.0,15.0,1,
0.9790249433106576,72534,0.7789225787459523,0.08297237057908238,0.980056749087961,0.8485049986242319,0.0,0.0,0.7625846335001472,0.0,69426.0,1554,0.9269900262772027,63852,0.7241788973463981,0.08372934101518147,0.9275286529829607,0.7898958142096567,0.0,0.0,0.6713066150805332,0.0,53794.0,5029,150,2.0,,4,95116,10.0,20.0,1,
0.9772419434870653,72870,0.783958534841667,0.08297237057908238,0.9782783804102674,0.8539851417041181,0.0,0.0,0.7661171622019429,0.0,69476.0,1697,0.9226914614238058,64999,0.7406219773749947,0.08372934101518147,0.9232287938185331,0.807829998164127,0.0,0.0,0.6833655746667228,0.0,54107.0,5446,150,2.0,,4,95116,10.0,30.0,1,
0.9751999785976083,72904,0.7859666091929854,0.08297237057908238,0.9762446771472187,0.8561634412547006,0.0,0.0,0.7664746204634342,0.0,69196.0,1854,0.920715535240675,65264,0.7452373943395433,0.08372934101518147,0.9212613986053471,0.8128557003855333,0.0,0.0,0.6861516464106985,0.0,54024.0,5620,150,2.0,,4,95116,10.0,40.0,1,
0.9716783729391851,72906,0.7888367887631944,0.08297237057908238,0.9727284856571048,0.8592818490323764,0.0,0.0,0.7664956474199924,0.0,68656.0,2125,0.918125860760561,65332,0.7481180873880314,0.08372934101518147,0.9186939280591726,0.8159766844134386,0.0,0.0,0.686866562933681,0.0,53680.0,5826,150,2.0,,4,95116,10.0,60.0,1,
0.9668337576914916,72907,0.7928003700744354,0.08297237057908238,0.9680147644590791,0.8634779418508667,0.0,0.0,0.7665061608982716,0.0,67905.0,2501,0.9162506310652381,65336,0.7496951091299046,0.08372934101518147,0.9168678080269436,0.8176519184872407,0.0,0.0,0.6869086168467976,0.0,53392.0,5972,150,2.0,,4,95116,10.0,80.0,1,
0.9787500372544929,65680,0.7055174734009,0.08297237057908238,0.979684376957728,0.7686187287902412,0.0,0.0,0.6905252533748265,0.0,62828.0,1426,0.9422051644398767,58673,0.6546953193994701,0.08372934101518147,0.9425684359336847,0.7142463741509087,0.0,0.0,0.6168573110727953,0.0,51475.0,3599,150,2.0,,8,95116,10.0,5.0,1,
0.9806635257165293,69937,0.7497792169561378,0.08297237057908238,0.9816683744367868,0.816782078327066,0.0,0.0,0.7352811304091845,0.0,67179.0,1379,0.9325211299779183,61234,0.6903675512006392,0.08372934101518147,0.9329047198269296,0.7531439324398752,0.0,0.0,0.6437823289457084,0.0,52372.0,4431,150,2.0,,8,95116,10.0,10.0,1,
0.9807286961758507,71654,0.7681357500315404,0.08297237057908238,0.9817364736185896,0.8367765752545171,0.0,0.0,0.7533327726144918,0.0,68838.0,1408,0.9282490572760473,62525,0.7081668699272468,0.08372934101518147,0.9286350809446012,0.7725582889664036,0.0,0.0,0.6573552294040961,0.0,52859.0,4833,150,2.0,,8,95116,10.0,15.0,1,
0.9801642794107664,72194,0.7743702426510787,0.08297237057908238,0.9811633596085892,0.8435751627992296,0.0,0.0,0.7590100508852349,0.0,69272.0,1461,0.9285287560652202,63724,0.7215295008200513,0.08372934101518147,0.9289754504635839,0.7870846337433449,0.0,0.0,0.6699608898608016,0.0,53914.0,4905,150,2.0,,8,95116,10.0,20.0,1,
0.9782831829722868,72436,0.7784599857016695,0.08297237057908238,0.9792751017318065,0.8480349445106852,0.0,0.0,0.7615543126287901,0.0,69220.0,1608,0.9245557488804587,64828,0.7371840699777115,0.08372934101518147,0.924991082257259,0.8041697264549293,0.0,0.0,0.6815677698809874,0.0,54248.0,5290,150,2.0,,8,95116,10.0,30.0,1,
0.9761940047153924,72458,0.7803629252701964,0.08297237057908238,0.9771813890761969,0.8501100614509768,0.0,0.0,0.7617856091509315,0.0,68924.0,1767,0.9227387469155062,65066,0.7413474073762564,0.08372934101518147,0.9231707836154425,0.8087135120249679,0.0,0.0,0.6840699777114261,0.0,54170.0,5448,150,2.0,,8,95116,10.0,40.0,1,
0.972630137721818,72459,0.7832331048404054,0.08297237057908238,0.9736233909327887,0.8532284692286527,0.0,0.0,0.7617961226292107,0.0,68381.0,2039,0.9202040470269048,65121,0.7440178308591614,0.08372934101518147,0.9206593810526911,0.8116050119331742,0.0,0.0,0.6846482190167795,0.0,53827.0,5647,150,2.0,,8,95116,10.0,60.0,1,
0.9681595895352877,72459,0.7868497413684343,0.08297237057908238,0.9691955806425724,0.8571264789507475,0.0,0.0,0.7617961226292107,0.0,67693.0,2383,0.9183377048255633,65123,0.7455527986879179,0.08372934101518147,0.9188041423290725,0.8132687718009913,0.0,0.0,0.6846692459733378,0.0,53541.0,5791,150,2.0,,8,95116,10.0,80.0,1,
0.9792680188608637,65420,0.7023529164388747,0.08297237057908238,0.9801923826076534,0.7651793084472164,0.0,0.0,0.6877917490222465,0.0,62650.0,1385,0.9432812726657318,58524,0.6522877328735439,0.08372934101518147,0.9436006578310921,0.711653203598311,0.0,0.0,0.6152908028092013,0.0,51486.0,3519,150,2.0,,16,95116,10.0,5.0,1,
0.981810735620172,69523,0.7444699104251651,0.08297237057908238,0.9827961549335595,0.811015316885261,0.0,0.0,0.7309285504016149,0.0,66947.0,1288,0.934230079818608,60980,0.6862462677152109,0.08372934101518147,0.9345450644434568,0.7487034147237012,0.0,0.0,0.6411119054628033,0.0,52394.0,4293,150,2.0,,16,95116,10.0,10.0,1,
0.982054472556339,71032,0.7604398839311998,0.08297237057908238,0.9830330205651969,0.8284187838209667,0.0,0.0,0.746793389124858,0.0,68436.0,1298,0.9305104772730672,62213,0.7029206442659489,0.08372934101518147,0.9308167631701004,0.7669015054158252,0.0,0.0,0.654075024181,0.0,52921.0,4646,150,2.0,,16,95116,10.0,15.0,1,
0.9815919714050041,71401,0.7647504100256529,0.08297237057908238,0.9825645401001817,0.833119324956434,0.0,0.0,0.7506728626098659,0.0,68723.0,1339,0.9311536143249879,63338,0.7151373060263257,0.08372934101518147,0.9314959703511971,0.7802001101523774,0.0,0.0,0.6659026872450482,0.0,53972.0,4683,150,2.0,,16,95116,10.0,20.0,1,
0.9796390940355973,71497,0.7673051852474873,0.08297237057908238,0.9806064928474442,0.8359052554342842,0.0,0.0,0.7516821565246646,0.0,68525.0,1486,0.9278677647805454,64330,0.7289099625720173,0.08372934101518147,0.9282024644330938,0.7952313199926565,0.0,0.0,0.6763320576979688,0.0,54328.0,5001,150,2.0,,16,95116,10.0,30.0,1,
0.9773659176644252,71508,0.7692081248160141,0.08297237057908238,0.9783286816614677,0.8379803723745758,0.0,0.0,0.7517978047857353,0.0,68196.0,1656,0.9259317751105496,64493,0.7322847890996257,0.08372934101518147,0.9262642365748919,0.7989145401138241,0.0,0.0,0.6780457546574709,0.0,54175.0,5159,150,2.0,,16,95116,10.0,40.0,1,
0.9736533957845434,71509,0.7721518987341772,0.08297237057908238,0.9746221259080563,0.8411790332935889,0.0,0.0,0.7518083182640145,0.0,67639.0,1935,0.9234269687039396,64530,0.734692375625552,0.08372934101518147,0.9237706678118961,0.8015306590783918,0.0,0.0,0.6784347533537995,0.0,53828.0,5351,150,2.0,,16,95116,10.0,60.0,1,
0.9693244049232771,71509,0.7756003196097397,0.08297237057908238,0.9703108674708604,0.8449165367330093,0.0,0.0,0.7518083182640145,0.0,66983.0,2263,0.9216991372907501,64530,0.7360696412801211,0.08372934101518147,0.922054726012717,0.8030223058564347,0.0,0.0,0.6784347533537995,0.0,53566.0,5482,150,2.0,,16,95116,10.0,80.0,1,
0.9606742400801545,65200,0.7135392573278944,0.08297237057908238,0.9616802855541461,0.7772860680546638,0.0,0.0,0.6854787838008327,0.0,59862.0,2669,0.9261061806151987,58228,0.6610244333235208,0.08372934101518147,0.926518791967667,0.7211079493299064,0.0,0.0,0.6121788132385718,0.0,48936.0,4646,200,2.0,,0,95116,10.0,5.0,1,
0.9620226837858074,69383,0.7582530804491358,0.08297237057908238,0.9630508709834131,0.8259767953774191,0.0,0.0,0.7294566634425333,0.0,63905.0,2739,0.9129761349794734,60712,0.6991357920854535,0.08372934101518147,0.9134843970990942,0.7625986781714705,0.0,0.0,0.6382942932839901,0.0,49138.0,5787,200,2.0,,0,95116,10.0,10.0,1,
0.9601370121638751,71198,0.7796164683123765,0.08297237057908238,0.9611609854876814,0.8492502063652205,0.0,0.0,0.7485386265191976,0.0,65286.0,2956,0.9055225123850998,61964,0.7194268051642205,0.08372934101518147,0.9060918901529553,0.7846750504865063,0.0,0.0,0.6514571680894907,0.0,49034.0,6465,200,2.0,,0,95116,10.0,15.0,1,
0.9582239166077927,71885,0.7887106270238445,0.08297237057908238,0.9593620712665154,0.8590525543428414,0.0,0.0,0.7557613860969763,0.0,65617.0,3134,0.9027561251197849,63118,0.7350708608436015,0.08372934101518147,0.9035573688354448,0.8015306590783918,0.0,0.0,0.6635897220236343,0.0,49520.0,6799,200,2.0,,0,95116,10.0,20.0,1,
0.9552272218491158,72539,0.7983830270406661,0.08297237057908238,0.9564111015887665,0.8695427863890672,0.0,0.0,0.762637200891543,0.0,65739.0,3400,0.8950793628673755,64230,0.7544366878338029,0.08372934101518147,0.8960158473299481,0.8225169818248578,0.0,0.0,0.6752807098700534,0.0,49172.0,7529,200,2.0,,0,95116,10.0,30.0,1,
0.9528138754977992,72734,0.8025568779174902,0.08297237057908238,0.9540136411332634,0.8740713565073833,0.0,0.0,0.7646873291559779,0.0,65530.0,3602,0.8917544998687682,64555,0.7610812061062282,0.08372934101518147,0.8928522032585544,0.8296080411235542,0.0,0.0,0.6786975903107784,0.0,48883.0,7836,200,2.0,,0,95116,10.0,40.0,1,
0.9483607839049307,72781,0.806846377055385,0.08297237057908238,0.9496353126916403,0.8786687150325598,0.0,0.0,0.7651814626350982,0.0,64855.0,3963,0.8880531579668448,64819,0.7673787795954413,0.08372934101518147,0.8893203084268584,0.8363089774187626,0.0,0.0,0.681473148576475,0.0,48477.0,8171,200,2.0,,0,95116,10.0,60.0,1,
0.9426680653224031,72790,0.8118192522814248,0.08297237057908238,0.9445273470447025,0.8835297624507017,0.0,0.0,0.7652760839396106,0.0,63936.0,4427,0.8855819925150927,64837,0.7697337987299718,0.08372934101518147,0.8871451050147089,0.8385923444097668,0.0,0.0,0.6816623911854998,0.0,48083.0,8377,200,2.0,,0,95116,10.0,80.0,1,
0.9608314292032136,65178,0.7131817990664031,0.08297237057908238,0.9618381441473348,0.7768962670824544,0.0,0.0,0.6852474872786913,0.0,59864.0,2657,0.926494692786327,58220,0.6606564615837504,0.08372934101518147,0.9269077072487303,0.7207063521204332,0.0,0.0,0.6120947054123386,0.0,48982.0,4619,200,2.0,,2,95116,10.0,5.0,1,
0.9622759309617626,69357,0.7577694604482947,0.08297237057908238,0.9633050459034154,0.8254494175914886,0.0,0.0,0.7291833130072753,0.0,63919.0,2719,0.913475284026785,60705,0.6986731990411708,0.08372934101518147,0.9139841609202325,0.762093813108133,0.0,0.0,0.638220698936036,0.0,49205.0,5750,200,2.0,,2,95116,10.0,10.0,1,
0.9604323828288417,71169,0.7790592539635813,0.08297237057908238,0.9614574045554024,0.8486425754379529,0.0,0.0,0.7482337356491021,0.0,65305.0,2932,0.9060306504445484,61958,0.7189536986416586,0.08372934101518147,0.9066007228457295,0.7841587112171837,0.0,0.0,0.6513940872198158,0.0,49106.0,6426,200,2.0,,2,95116,10.0,15.0,1,
0.9586162733300425,71855,0.788058791370537,0.08297237057908238,0.9597558369396805,0.8583417408052829,0.0,0.0,0.7554459817486017,0.0,65651.0,3102,0.9035546075329621,63116,0.7343979982337356,0.08372934101518147,0.904292509599404,0.80085368092528,0.0,0.0,0.6635686950670759,0.0,49642.0,6737,200,2.0,,2,95116,10.0,20.0,1,
0.9557445125568519,72498,0.7974998948652172,0.08297237057908238,0.956892455519772,0.8686141428964506,0.0,0.0,0.7622061482820977,0.0,65784.0,3357,0.8961562608998953,64232,0.753553555658354,0.08372934101518147,0.8969446461486902,0.8216908389939416,0.0,0.0,0.6753017368266118,0.0,49346.0,7443,200,2.0,,2,95116,10.0,30.0,1,
0.9533090260472681,72686,0.8016106648723663,0.08297237057908238,0.9544606980591959,0.8730853893423828,0.0,0.0,0.7641826821985785,0.0,65566.0,3560,0.8928783834248489,64556,0.7601349930611043,0.08372934101518147,0.8937684309626327,0.8287704240866532,0.0,0.0,0.6787081037890575,0.0,49066.0,7745,200,2.0,,2,95116,10.0,40.0,1,
0.9491399337005038,72725,0.8055637327053282,0.08297237057908238,0.9503181883518236,0.8773617353022104,0.0,0.0,0.7645927078514656,0.0,64931.0,3897,0.889520202020202,64814,0.7660540813322679,0.08372934101518147,0.8904856769938861,0.8351500826142831,0.0,0.0,0.6814205811850793,0.0,48714.0,8050,200,2.0,,2,95116,10.0,60.0,1,
0.9440427824145585,72730,0.8099688801042937,0.08297237057908238,0.9454663633409165,0.8819246996239567,0.0,0.0,0.7646452752428613,0.0,64108.0,4311,0.8874272808158237,64831,0.7680621556835864,0.08372934101518147,0.8884610113745375,0.8372728107214981,0.0,0.0,0.6815993103158249,0.0,48383.0,8224,200,2.0,,2,95116,10.0,80.0,1,
0.961094144203957,65142,0.7125930442827705,0.08297237057908238,0.9620735489587948,0.7762771714207098,0.0,0.0,0.6848690020606417,0.0,59868.0,2637,0.9268133477679424,58215,0.6603725976702132,0.08372934101518147,0.9272119136736482,0.7204080227648246,0.0,0.0,0.6120421380209429,0.0,49021.0,4597,200,2.0,,4,95116,10.0,5.0,1,
0.9625612753607088,69315,0.7570860843601497,0.08297237057908238,0.9635648354092526,0.8247271393194534,0.0,0.0,0.7287417469195508,0.0,63923.0,2696,0.9138761744158034,60696,0.6982631733882838,0.08372934101518147,0.9143442499472748,0.7616807416926749,0.0,0.0,0.6381260776315236,0.0,49256.0,5720,200,2.0,,4,95116,10.0,10.0,1,
0.9607986167396121,71126,0.778291770049203,0.08297237057908238,0.9617990290868278,0.8478285792901037,0.0,0.0,0.7477816560830985,0.0,65322.0,2902,0.9066822806118715,61940,0.718228268640397,0.08372934101518147,0.9071869004203466,0.7834243620341472,0.0,0.0,0.6512048446107911,0.0,49190.0,6375,200,2.0,,4,95116,10.0,15.0,1,
0.9590351146669516,71802,0.7871336052819715,0.08297237057908238,0.9601379992779108,0.8573672383747593,0.0,0.0,0.7548887673998066,0.0,65668.0,3067,0.90437487457355,63091,0.7334412717103327,0.08372934101518147,0.9050235253614872,0.7998898476225446,0.0,0.0,0.6633058581100971,0.0,49749.0,6671,200,2.0,,4,95116,10.0,20.0,1,
0.9562410045818863,72419,0.7962172505151605,0.08297237057908238,0.9573534271928085,0.8672498394937174,0.0,0.0,0.7613755834980445,0.0,65791.0,3314,0.897388581334228,64192,0.752050128264435,0.08372934101518147,0.8980791023685941,0.8201418211859739,0.0,0.0,0.6748811976954455,0.0,49512.0,7340,200,2.0,,4,95116,10.0,30.0,1,
0.9537780347124595,72593,0.8001913453046806,0.08297237057908238,0.9549071966956499,0.8715605796569752,0.0,0.0,0.7632049287186172,0.0,65557.0,3518,0.8942443649671463,64509,0.7584212961016022,0.08372934101518147,0.8949763453987986,0.8270492931889113,0.0,0.0,0.6782139703099374,0.0,49251.0,7629,200,2.0,,4,95116,10.0,40.0,1,
0.94976983836376,72627,0.8039446570503386,0.08297237057908238,0.9509014493892141,0.875642025130698,0.0,0.0,0.7635623869801085,0.0,64945.0,3841,0.8911323065912438,64747,0.7638777913284831,0.08372934101518147,0.8918810953771558,0.8329814576831284,0.0,0.0,0.680716178140376,0.0,48927.0,7910,200,2.0,,4,95116,10.0,60.0,1,
0.9451117154866162,72629,0.8079292653181378,0.08297237057908238,0.9463678415531956,0.8798610474181418,0.0,0.0,0.7635834139366668,0.0,64193.0,4218,0.8891512671956946,64764,0.7657807308970099,0.08372934101518147,0.8899332179074945,0.8350238663484487,0.0,0.0,0.6808949072711216,0.0,48616.0,8074,200,2.0,,4,95116,10.0,80.0,1,
0.9612696348617618,65052,0.7114786155851802,0.08297237057908238,0.9622222879626069,0.7750848390351279,0.0,0.0,0.6839227890155178,0.0,59810.0,2621,0.9274295095554599,58186,0.659605113755835,0.08372934101518147,0.9278140098544162,0.7195818799339085,0.0,0.0,0.6117372471508474,0.0,49080.0,4553,200,2.0,,8,95116,10.0,5.0,1,
0.9628908152332717,69202,0.7555931704445099,0.08297237057908238,0.9638698534737311,0.8231220764927084,0.0,0.0,0.7275537238740065,0.0,63868.0,2667,0.9148364908893447,60650,0.6970015559947853,0.08372934101518147,0.9152644684222441,0.7603382595924362,0.0,0.0,0.6376424576306825,0.0,49358.0,5646,200,2.0,,8,95116,10.0,10.0,1,
0.9612874397443536,70993,0.776441397872072,0.08297237057908238,0.9622646624286701,0.8458337154911493,0.0,0.0,0.7463833634719711,0.0,65275.0,2859,0.9079918423639538,61886,0.7165671390722906,0.08372934101518147,0.9084316834008572,0.7816688085184506,0.0,0.0,0.6506371167837167,0.0,49344.0,6271,200,2.0,,8,95116,10.0,15.0,1,
0.9597123073008049,71655,0.7849678287564658,0.08297237057908238,0.9607803700724055,0.8550398972759791,0.0,0.0,0.7533432860927709,0.0,65639.0,3008,0.9061565447435013,63025,0.7312334412717103,0.08372934101518147,0.9067040713566393,0.7975720580135854,0.0,0.0,0.662611968543673,0.0,49971.0,6527,200,2.0,,8,95116,10.0,20.0,1,
0.9569244223023108,72221,0.7934732326843013,0.08297237057908238,0.9579906616437629,0.8643034027331927,0.0,0.0,0.7592939147987721,0.0,65719.0,3251,0.8997894736842105,64110,0.7490853273897136,0.08372934101518147,0.9003454765047889,0.8170323113640536,0.0,0.0,0.6740190924765549,0.0,49830.0,7140,200,2.0,,8,95116,10.0,30.0,1,
0.9546545991872922,72359,0.7968795996467471,0.08297237057908238,0.9557263805787798,0.8680065119691828,0.0,0.0,0.7607447748012952,0.0,65485.0,3437,0.897009874239238,64408,0.7548992808780857,0.08372934101518147,0.8975723961091446,0.8233660730677437,0.0,0.0,0.6771521090037428,0.0,49618.0,7395,200,2.0,,8,95116,10.0,40.0,1,
0.9507834973007763,72386,0.800422641826822,0.08297237057908238,0.951858718950123,0.8718586627533707,0.0,0.0,0.7610286387148324,0.0,64892.0,3747,0.8942058868300513,64618,0.7597354808864965,0.08372934101518147,0.8947754683800213,0.8286327336148338,0.0,0.0,0.6793599394423651,0.0,49328.0,7645,200,2.0,,8,95116,10.0,60.0,1,
0.9465817554137462,72387,0.8039867109634552,0.08297237057908238,0.9476971014113272,0.8756993488030818,0.0,0.0,0.7610391521931116,0.0,64217.0,4085,0.8923098163744305,64630,0.7614912317591152,0.08372934101518147,0.8928892143182792,0.8305374518083348,0.0,0.0,0.6794861011817149,0.0,49030.0,7800,200,2.0,,8,95116,10.0,80.0,1,
0.9617095740894531,64850,0.7089448673199041,0.08297237057908238,0.9626517827984443,0.7723333027607081,0.0,0.0,0.6817990664031288,0.0,59686.0,2582,0.9286878956455016,58095,0.6576811472307498,0.08372934101518147,0.9290146160488694,0.7175279970626033,0.0,0.0,0.6107805206274444,0.0,49173.0,4461,200,2.0,,16,95116,10.0,5.0,1,
0.9636955853160735,68937,0.7520711552209933,0.08297237057908238,0.9646530372360522,0.8193043199119509,0.0,0.0,0.7247676521300307,0.0,63743.0,2597,0.9163776259788255,60502,0.6941313764245763,0.08372934101518147,0.9167386396351349,0.7572631723884707,0.0,0.0,0.6360864628453677,0.0,49460.0,5521,200,2.0,,16,95116,10.0,10.0,1,
0.9624273127153382,70672,0.7720152235165482,0.08297237057908238,0.9633719107403318,0.8410414564798679,0.0,0.0,0.7430085369443626,0.0,65154.0,2759,0.9103165471870667,61714,0.7127507464569578,0.08372934101518147,0.9106926777440014,0.7775610427758399,0.0,0.0,0.6488287985197022,0.0,49554.0,6080,200,2.0,,16,95116,10.0,15.0,1,
0.9610764314893961,71284,0.7797951974431221,0.08297237057908238,0.9620881864683574,0.8494565715858021,0.0,0.0,0.7494427856512048,0.0,65510.0,2887,0.9093645969025909,62828,0.7263762143067413,0.08372934101518147,0.9098386769774379,0.7923398200844501,0.0,0.0,0.6605408133226797,0.0,50304.0,6262,200,2.0,,16,95116,10.0,20.0,1,
0.9588244727768422,71745,0.7866815257159678,0.08297237057908238,0.9598378530242017,0.8569545079335963,0.0,0.0,0.7542894991378948,0.0,65583.0,3081,0.9044401954535798,63858,0.7423041338996593,0.08372934101518147,0.9049144087971885,0.8097117679456581,0.0,0.0,0.6713696959502081,0.0,50364.0,6747,200,2.0,,16,95116,10.0,30.0,1,
0.9564922093487814,71823,0.7894570839816645,0.08297237057908238,0.9575123316891081,0.8599697331009813,0.0,0.0,0.7551095504436688,0.0,65289.0,3267,0.9019356835382495,64115,0.7473611169519324,0.08372934101518147,0.9024180835491499,0.8152193868184322,0.0,0.0,0.6740716598679507,0.0,50173.0,6971,200,2.0,,16,95116,10.0,40.0,1,
0.9525842637036251,71842,0.792905504857227,0.08297237057908238,0.9536084526859312,0.8637187012748785,0.0,0.0,0.7553093065309727,0.0,64690.0,3576,0.8992135240281004,64256,0.7512721308717776,0.08372934101518147,0.8996919630355643,0.819487791444832,0.0,0.0,0.6755540603053114,0.0,49852.0,7202,200,2.0,,16,95116,10.0,60.0,1,
0.9483855637986113,71844,0.7964380335590227,0.08297237057908238,0.9494383507334478,0.867536457855636,0.0,0.0,0.755330333487531,0.0,64024.0,3910,0.8974527274250761,64263,0.7528281256570923,0.08372934101518147,0.8979417888132799,0.8211744997246191,0.0,0.0,0.6756276546532655,0.0,49577.0,7343,200,2.0,,16,95116,10.0,80.0,1,
0.9636805517840656,70977,0.7743387022162412,0.08297237057908238,0.9647415421837409,0.8434719801889389,0.0,0.0,0.7462151478195046,0.0,65627.0,2675,0.8905775962660444,61058,0.7208040708187897,0.08372934101518147,0.8911625191563891,0.7861552230585643,0.0,0.0,0.6419319567685773,0.0,46054.0,7502,120,2.0,,0,95116,0.0,20.0,2,adep
0.9838565144191603,72463,0.7743387022162412,0.08297237057908238,0.9849397180954452,0.8434719801889389,0.0,0.0,0.7618381765423272,0.0,70085.0,1189,0.9331680280046675,63978,0.7208040708187897,0.08372934101518147,0.9337809238852806,0.7861552230585643,0.0,0.0,0.6726313133437066,0.0,54814.0,4582,120,2.0,,0,95116,5.0,20.0,2,adep
0.984413186335741,72504,0.7743387022162412,0.08297237057908238,0.9854970028951625,0.8434719801889389,0.0,0.0,0.7622692291517725,0.0,70208.0,1148,0.93926487747958,64396,0.7208040708187897,0.08372934101518147,0.9398817777129096,0.7861552230585643,0.0,0.0,0.6770259472643929,0.0,56068.0,4164,120,2.0,,0,95116,15.0,20.0,2,adep
0.9828789442241894,72391,0.7743387022162412,0.08297237057908238,0.9839610716178929,0.8434719801889389,0.0,0.0,0.7610812061062282,0.0,69869.0,1261,0.9389148191365227,64372,0.7208040708187897,0.08372934101518147,0.9395314894548639,0.7861552230585643,0.0,0.0,0.6767736237856933,0.0,55996.0,4188,120,2.0,,0,95116,20.0,20.0,2,adep
0.9828789442241894,72391,0.7743387022162412,0.08297237057908238,0.9839610716178929,0.8434719801889389,0.0,0.0,0.7610812061062282,0.0,69869.0,1261,0.9389148191365227,64372,0.7208040708187897,0.08372934101518147,0.9395314894548639,0.7861552230585643,0.0,0.0,0.6767736237856933,0.0,55996.0,4188,120,2.0,,0,95116,30.0,20.0,2,adep
0.9816788373942593,67888,0.7270595903948862,0.08297237057908238,0.98267351812984,0.7920411813262405,0.0,0.0,0.7137390134151983,0.0,65354.0,1267,0.9534074578322366,63025,0.694993481643467,0.08372934101518147,0.9539125170273952,0.7581007894253717,0.0,0.0,0.662611968543673,0.0,56865.0,3080,60,2.0,,2,95116,0.0,20.0,2,ades
0.9924661991179236,68634,0.7270595903948862,0.08297237057908238,0.9934718100890207,0.7920411813262405,0.0,0.0,0.7215820682114471,0.0,67592.0,521,0.9714242493003555,64216,0.694993481643467,0.08372934101518147,0.9719388527319509,0.7581007894253717,0.0,0.0,0.6751335211741453,0.0,60438.0,1889,60,2.0,,2,95116,5.0,20.0,2,ades
0.9898488901742463,68453,0.7270595903948862,0.08297237057908238,0.9908518491713108,0.7920411813262405,0.0,0.0,0.7196791286429203,0.0,67049.0,702,0.9737387489599879,64369,0.694993481643467,0.08372934101518147,0.9742545784773725,0.7581007894253717,0.0,0.0,0.6767420833508558,0.0,60897.0,1736,60,2.0,,2,95116,15.0,20.0,2,ades
0.9874340250162678,68286,0.7270595903948862,0.08297237057908238,0.9884345371643627,0.7920411813262405,0.0,0.0,0.7179233777703016,0.0,66548.0,869,0.9727857196883746,64306,0.694993481643467,0.08372934101518147,0.9733010443469048,0.7581007894253717,0.0,0.0,0.6760797342192691,0.0,60708.0,1799,60,2.0,,2,95116,20.0,20.0,2,ades
0.9874340250162678,68286,0.7270595903948862,0.08297237057908238,0.9884345371643627,0.7920411813262405,0.0,0.0,0.7179233777703016,0.0,66548.0,869,0.9727857196883746,64306,0.694993481643467,0.08372934101518147,0.9733010443469048,0.7581007894253717,0.0,0.0,0.6760797342192691,0.0,60708.0,1799,60,2.0,,2,95116,30.0,20.0,2,ades
