airport,n_truth,n_predicted_here,n_correct,n_assigned,role,recall,count_ratio,run
OOA,7964,43,0,0,arrivals,0.0,0.0,path0_legacy
OOA,7892,86,0,0,departures,0.0,0.0,path0_legacy
LTFM,2282,1538,1533,1541,departures,0.6717791411042945,0.6752848378615249,path0_legacy
LTFM,2258,1897,1602,1607,arrivals,0.7094774136403897,0.7116917626217892,path0_legacy
EHAM,2148,2144,2144,2163,departures,0.9981378026070763,1.0069832402234637,path0_legacy
EHAM,2136,1934,1926,1928,arrivals,0.901685393258427,0.9026217228464419,path0_legacy
EDDF,2094,2085,1985,1987,departures,0.9479465138490927,0.9489016236867239,path0_legacy
EDDF,2091,1838,1831,1833,arrivals,0.8756575801052128,0.8766140602582496,path0_legacy
LFPG,2084,2067,2058,2068,departures,0.9875239923224568,0.9923224568138196,path0_legacy
LFPG,2066,1774,1773,1823,arrivals,0.8581800580832527,0.8823814133591481,path0_legacy
EGLL,2001,1989,1987,1989,departures,0.9930034982508745,0.9940029985007496,path0_legacy
EGLL,1986,1701,1697,1698,arrivals,0.8544813695871097,0.8549848942598187,path0_legacy
LEMD,1786,1614,1612,1616,arrivals,0.9025755879059351,0.9048152295632699,path0_legacy
LEMD,1773,1677,1673,1675,departures,0.9435984207557812,0.9447264523406655,path0_legacy
LEBL,1597,1529,1526,1527,arrivals,0.9555416405760802,0.9561678146524734,path0_legacy
LEBL,1591,1583,1582,1583,departures,0.994343180389692,0.9949717159019484,path0_legacy
EDDM,1573,1562,1559,1563,departures,0.9910998092816274,0.9936427209154481,path0_legacy
EDDM,1571,1487,1479,1479,arrivals,0.9414385741565882,0.9414385741565882,path0_legacy
LIRF,1449,1445,1445,1447,departures,0.9972394755003451,0.9986197377501725,path0_legacy
LTAI,1437,895,894,902,arrivals,0.6221294363256785,0.627696590118302,path0_legacy
LEPA,1436,1410,1408,1409,arrivals,0.9805013927576601,0.9811977715877437,path0_legacy
LTAI,1435,883,882,888,departures,0.6146341463414634,0.6188153310104529,path0_legacy
LIRF,1433,1297,1291,1295,arrivals,0.900907187718074,0.9036985345429169,path0_legacy
LEPA,1417,1311,1311,1313,departures,0.9251940719830628,0.926605504587156,path0_legacy
LGAV,1317,178,164,166,arrivals,0.12452543659832954,0.126044039483675,path0_legacy
LGAV,1306,307,303,310,departures,0.23200612557427258,0.23736600306278713,path0_legacy
EGKK,1223,1219,1219,1219,departures,0.9967293540474244,0.9967293540474244,path0_legacy
EGKK,1220,1131,1129,1130,arrivals,0.9254098360655738,0.9262295081967213,path0_legacy
EIDW,1188,1109,1108,1110,arrivals,0.9326599326599326,0.9343434343434344,path0_legacy
EIDW,1185,1165,1164,1164,departures,0.9822784810126582,0.9822784810126582,path0_legacy
LSZH,1178,1166,1157,1163,departures,0.9821731748726655,0.9872665534804754,path0_legacy
LSZH,1160,1075,1071,1080,arrivals,0.9232758620689655,0.9310344827586207,path0_legacy
LOWW,1156,1145,1143,1153,departures,0.9887543252595156,0.9974048442906575,path0_legacy
EKCH,1152,1078,1059,1059,arrivals,0.9192708333333334,0.9192708333333334,path0_legacy
LOWW,1145,1076,1072,1079,arrivals,0.9362445414847161,0.9423580786026201,path0_legacy
EKCH,1140,1117,1117,1122,departures,0.9798245614035088,0.9842105263157894,path0_legacy
LTFJ,1138,1006,1000,1002,arrivals,0.8787346221441125,0.8804920913884007,path0_legacy
LTFJ,1137,1064,1064,1083,departures,0.9357959542656112,0.9525065963060686,path0_legacy
LPPT,1010,986,694,694,departures,0.6871287128712872,0.6871287128712872,path0_legacy
LPPT,1001,906,905,906,arrivals,0.9040959040959041,0.9050949050949051,path0_legacy
LFPO,992,985,985,988,departures,0.9929435483870968,0.9959677419354839,path0_legacy
LFPO,991,949,949,950,arrivals,0.9576185671039354,0.958627648839556,path0_legacy
LIMC,973,969,966,968,departures,0.9928057553956835,0.9948612538540597,path0_legacy
LIMC,967,893,884,888,arrivals,0.9141675284384695,0.9183040330920372,path0_legacy
ENGM,940,896,895,909,arrivals,0.9521276595744681,0.9670212765957447,path0_legacy
ENGM,932,858,857,866,departures,0.9195278969957081,0.9291845493562232,path0_legacy
EGCC,926,921,920,922,departures,0.9935205183585313,0.9956803455723542,path0_legacy
EGCC,924,841,840,841,arrivals,0.9090909090909091,0.9101731601731602,path0_legacy
EGSS,888,852,840,844,arrivals,0.9459459459459459,0.9504504504504504,path0_legacy
EGSS,885,883,880,880,departures,0.9943502824858758,0.9943502824858758,path0_legacy
EPWA,880,821,780,782,arrivals,0.8863636363636364,0.8886363636363637,path0_legacy
EPWA,875,870,868,872,departures,0.992,0.9965714285714286,path0_legacy
EBBR,872,868,868,878,departures,0.9954128440366973,1.0068807339449541,path0_legacy
EBBR,871,786,783,793,arrivals,0.8989667049368542,0.9104477611940298,path0_legacy
EDDB,870,851,848,861,departures,0.9747126436781609,0.9896551724137931,path0_legacy
LEMG,861,843,843,843,arrivals,0.9790940766550522,0.9790940766550522,path0_legacy
LEMG,850,846,846,848,departures,0.9952941176470588,0.9976470588235294,path0_legacy
ESSA,841,732,727,735,arrivals,0.8644470868014269,0.8739595719381689,path0_legacy
EDDB,840,797,792,794,arrivals,0.9428571428571428,0.9452380952380952,path0_legacy
ESSA,820,792,790,798,departures,0.9634146341463414,0.973170731707317,path0_legacy
EDDL,758,754,751,752,departures,0.9907651715039578,0.9920844327176781,path0_legacy
EDDL,751,732,730,735,arrivals,0.9720372836218375,0.9786950732356857,path0_legacy
LFMN,710,690,685,697,arrivals,0.9647887323943662,0.9816901408450704,path0_legacy
LFMN,707,697,691,694,departures,0.9773691654879774,0.9816124469589816,path0_legacy
LSGG,680,467,462,465,departures,0.6794117647058824,0.6838235294117647,path0_legacy
LSGG,670,650,648,658,arrivals,0.9671641791044776,0.982089552238806,path0_legacy
LKPR,667,659,658,663,departures,0.9865067466266867,0.9940029985007496,path0_legacy
EFHK,666,578,577,579,arrivals,0.8663663663663663,0.8693693693693694,path0_legacy
EFHK,659,654,654,659,departures,0.992412746585736,1.0,path0_legacy
LKPR,657,621,617,618,arrivals,0.939117199391172,0.9406392694063926,path0_legacy
LEAL,599,598,598,598,departures,0.998330550918197,0.998330550918197,path0_legacy
LEAL,599,592,592,592,arrivals,0.988313856427379,0.988313856427379,path0_legacy
EGPH,584,553,553,557,arrivals,0.946917808219178,0.9537671232876712,path0_legacy
LHBP,578,567,566,566,departures,0.9792387543252595,0.9792387543252595,path0_legacy
EGPH,577,573,571,571,departures,0.9896013864818024,0.9896013864818024,path0_legacy
LHBP,577,547,540,543,arrivals,0.9358752166377816,0.9410745233968805,path0_legacy
EGGW,552,535,527,532,arrivals,0.9547101449275363,0.9637681159420289,path0_legacy
EGGW,550,549,539,543,departures,0.98,0.9872727272727273,path0_legacy
EDDH,538,532,529,529,departures,0.983271375464684,0.983271375464684,path0_legacy
EDDH,532,523,521,523,arrivals,0.9793233082706767,0.9830827067669173,path0_legacy
GCLP,521,0,0,0,arrivals,0.0,0.0,path0_legacy
GCLP,520,2,0,0,departures,0.0,0.0,path0_legacy
LLBG,516,463,456,458,arrivals,0.8837209302325582,0.8875968992248062,path0_legacy
EDDK,515,499,499,500,departures,0.9689320388349515,0.970873786407767,path0_legacy
LLBG,513,501,498,499,departures,0.9707602339181286,0.9727095516569201,path0_legacy
LPPR,513,509,508,508,departures,0.9902534113060428,0.9902534113060428,path0_legacy
LPPR,512,482,480,480,arrivals,0.9375,0.9375,path0_legacy
LEIB,509,497,497,498,arrivals,0.9764243614931237,0.9783889980353635,path0_legacy
EDDK,509,488,484,484,arrivals,0.9508840864440079,0.9508840864440079,path0_legacy
LROP,509,496,494,495,arrivals,0.9705304518664047,0.9724950884086444,path0_legacy
LROP,504,495,494,495,departures,0.9801587301587301,0.9821428571428571,path0_legacy
LEIB,495,442,442,442,departures,0.8929292929292929,0.8929292929292929,path0_legacy
EGBB,474,468,468,468,departures,0.9873417721518988,0.9873417721518988,path0_legacy
EGBB,466,433,431,431,arrivals,0.924892703862661,0.924892703862661,path0_legacy
LIML,465,458,454,460,arrivals,0.9763440860215054,0.989247311827957,path0_legacy
LIME,460,455,450,451,arrivals,0.9782608695652174,0.9804347826086957,path0_legacy
LIML,458,451,450,454,departures,0.982532751091703,0.9912663755458515,path0_legacy
LIME,453,448,447,447,departures,0.9867549668874173,0.9867549668874173,path0_legacy
LIRN,449,4,0,0,departures,0.0,0.0,path0_legacy
LIRN,447,4,0,0,arrivals,0.0,0.0,path0_legacy
LFML,445,442,441,442,arrivals,0.9910112359550561,0.9932584269662922,path0_legacy
LFML,444,441,440,441,departures,0.990990990990991,0.9932432432432432,path0_legacy
EDDS,440,419,414,418,departures,0.9409090909090909,0.95,path0_legacy
EDDS,433,414,414,420,arrivals,0.9561200923787528,0.9699769053117783,path0_legacy
LGIR,430,2,0,0,arrivals,0.0,0.0,path0_legacy
LGIR,424,0,0,0,departures,0.0,0.0,path0_legacy
LIPZ,412,407,406,407,departures,0.9854368932038835,0.9878640776699029,path0_legacy
LFLL,412,401,401,401,arrivals,0.9733009708737864,0.9733009708737864,path0_legacy
LFLL,411,406,406,406,departures,0.9878345498783455,0.9878345498783455,path0_legacy
LIPZ,409,392,390,393,arrivals,0.9535452322738386,0.960880195599022,path0_legacy
LPFR,407,403,402,404,arrivals,0.9877149877149877,0.9926289926289926,path0_legacy
LPFR,405,403,400,400,departures,0.9876543209876543,0.9876543209876543,path0_legacy
LYBE,395,374,374,376,arrivals,0.9468354430379747,0.9518987341772152,path0_legacy
LYBE,394,388,387,387,departures,0.9822335025380711,0.9822335025380711,path0_legacy
LICC,391,27,23,23,arrivals,0.058823529411764705,0.058823529411764705,path0_legacy
LICC,390,4,0,0,departures,0.0,0.0,path0_legacy
LTAC,381,2,0,0,departures,0.0,0.0,path0_legacy
LIPE,380,374,374,375,departures,0.9842105263157894,0.9868421052631579,path0_legacy
LIPE,376,373,372,372,arrivals,0.9893617021276596,0.9893617021276596,path0_legacy
LTAC,374,4,0,0,arrivals,0.0,0.0,path0_legacy
LCLK,368,321,318,319,departures,0.8641304347826086,0.8668478260869565,path0_legacy
LCLK,367,358,357,362,arrivals,0.9727520435967303,0.9863760217983651,path0_legacy
GMMN,360,226,224,228,departures,0.6222222222222222,0.6333333333333333,path0_legacy
EPKK,360,356,355,356,departures,0.9861111111111112,0.9888888888888889,path0_legacy
EGGD,360,343,342,343,arrivals,0.95,0.9527777777777777,path0_legacy
EGGD,359,357,357,357,departures,0.9944289693593314,0.9944289693593314,path0_legacy
LEVC,357,351,351,352,arrivals,0.9831932773109243,0.9859943977591037,path0_legacy
GMMN,357,278,278,284,arrivals,0.7787114845938375,0.7955182072829131,path0_legacy
ENBR,357,340,328,339,arrivals,0.9187675070028011,0.9495798319327731,path0_legacy
EPKK,356,348,337,338,arrivals,0.9466292134831461,0.949438202247191,path0_legacy
LEVC,355,321,321,322,departures,0.9042253521126761,0.9070422535211268,path0_legacy
LFSB,354,349,348,350,departures,0.9830508474576272,0.9887005649717514,path0_legacy
LFSB,352,344,344,345,arrivals,0.9772727272727273,0.9801136363636364,path0_legacy
ENBR,349,343,338,352,departures,0.9684813753581661,1.008595988538682,path0_legacy
LTBJ,346,8,5,5,departures,0.014450867052023121,0.014450867052023121,path0_legacy
LGRP,346,316,315,316,arrivals,0.9104046242774566,0.9132947976878613,path0_legacy
EGPF,346,307,305,308,arrivals,0.8815028901734104,0.8901734104046243,path0_legacy
EGPF,344,324,322,323,departures,0.936046511627907,0.938953488372093,path0_legacy
LTBJ,341,2,0,0,arrivals,0.0,0.0,path0_legacy
LGRP,340,319,319,320,departures,0.9382352941176471,0.9411764705882353,path0_legacy
LMML,326,322,322,325,departures,0.9877300613496932,0.9969325153374233,path0_legacy
LMML,326,320,318,319,arrivals,0.9754601226993865,0.9785276073619632,path0_legacy
LATI,323,2,0,0,arrivals,0.0,0.0,path0_legacy
GCTS,323,0,0,0,arrivals,0.0,0.0,path0_legacy
GCTS,321,2,0,0,departures,0.0,0.0,path0_legacy
GCXO,320,1,0,0,arrivals,0.0,0.0,path0_legacy
GCXO,319,68,68,68,departures,0.21316614420062696,0.21316614420062696,path0_legacy
LATI,316,3,0,1,departures,0.0,0.0031645569620253164,path0_legacy
LICJ,314,122,120,120,arrivals,0.3821656050955414,0.3821656050955414,path0_legacy
LICJ,310,168,168,169,departures,0.5419354838709678,0.5451612903225806,path0_legacy
EBCI,304,304,304,304,departures,1.0,1.0,path0_legacy
EBCI,303,302,299,299,arrivals,0.9867986798679867,0.9867986798679867,path0_legacy
BIKF,297,292,292,293,departures,0.9831649831649831,0.9865319865319865,path0_legacy
BIKF,296,100,98,99,arrivals,0.3310810810810811,0.3344594594594595,path0_legacy
ELLX,294,291,291,291,departures,0.9897959183673469,0.9897959183673469,path0_legacy
ELLX,294,284,284,287,arrivals,0.9659863945578231,0.9761904761904762,path0_legacy
LFBO,293,290,290,290,departures,0.9897610921501706,0.9897610921501706,path0_legacy
LFBO,290,289,287,287,arrivals,0.9896551724137931,0.9896551724137931,path0_legacy
LGTS,281,258,258,260,arrivals,0.9181494661921709,0.9252669039145908,path0_legacy
LTBS,280,5,1,1,arrivals,0.0035714285714285713,0.0035714285714285713,path0_legacy
LGTS,279,192,192,194,departures,0.6881720430107527,0.6953405017921147,path0_legacy
GMMX,279,3,0,0,arrivals,0.0,0.0,path0_legacy
GMMX,278,1,1,1,departures,0.0035971223021582736,0.0035971223021582736,path0_legacy
EVRA,278,231,229,231,arrivals,0.8237410071942446,0.8309352517985612,path0_legacy
LEZL,276,275,274,276,arrivals,0.9927536231884058,1.0,path0_legacy
LEZL,275,274,274,274,departures,0.9963636363636363,0.9963636363636363,path0_legacy
LTBS,273,1,0,0,departures,0.0,0.0,path0_legacy
EVRA,273,269,268,269,departures,0.9816849816849816,0.9853479853479854,path0_legacy
LBSF,272,1,0,0,departures,0.0,0.0,path0_legacy
GCRR,269,0,0,0,departures,0.0,0.0,path0_legacy
GCRR,269,0,0,0,arrivals,0.0,0.0,path0_legacy
EGNX,267,264,264,265,departures,0.9887640449438202,0.9925093632958801,path0_legacy
LBSF,267,5,0,0,arrivals,0.0,0.0,path0_legacy
EDDP,261,245,244,245,arrivals,0.9348659003831418,0.9386973180076629,path0_legacy
EPKT,259,243,242,242,departures,0.9343629343629344,0.9343629343629344,path0_legacy
HEGN,258,0,0,0,arrivals,0.0,0.0,path0_legacy
HEGN,257,0,0,0,departures,0.0,0.0,path0_legacy
UGTB,257,1,0,0,departures,0.0,0.0,path0_legacy
LFRS,257,252,251,252,arrivals,0.9766536964980544,0.980544747081712,path0_legacy
UGTB,257,52,50,53,arrivals,0.19455252918287938,0.20622568093385213,path0_legacy
EPKT,257,241,240,240,arrivals,0.933852140077821,0.933852140077821,path0_legacy
LFRS,256,202,202,202,departures,0.7890625,0.7890625,path0_legacy
EDDP,256,251,251,253,departures,0.98046875,0.98828125,path0_legacy
EGNX,255,239,234,234,arrivals,0.9176470588235294,0.9176470588235294,path0_legacy
LIEO,252,56,53,53,arrivals,0.21031746031746032,0.21031746031746032,path0_legacy
EPGD,248,16,16,16,departures,0.06451612903225806,0.06451612903225806,path0_legacy
LGKR,247,4,0,0,arrivals,0.0,0.0,path0_legacy
EGAA,246,239,215,215,arrivals,0.8739837398373984,0.8739837398373984,path0_legacy
LGKR,244,0,0,0,departures,0.0,0.0,path0_legacy
HECA,244,17,17,17,departures,0.06967213114754098,0.06967213114754098,path0_legacy
EPGD,244,9,1,2,arrivals,0.004098360655737705,0.00819672131147541,path0_legacy
EGAA,239,182,182,183,departures,0.7615062761506276,0.7656903765690377,path0_legacy
ENZV,236,75,73,82,departures,0.3093220338983051,0.3474576271186441,path0_legacy
ENZV,236,69,66,69,arrivals,0.2796610169491525,0.2923728813559322,path0_legacy
LEBB,235,1,0,0,arrivals,0.0,0.0,path0_legacy
LEBB,234,1,0,0,departures,0.0,0.0,path0_legacy
LTFE,232,186,181,184,arrivals,0.7801724137931034,0.7931034482758621,path0_legacy
HECA,231,62,2,2,arrivals,0.008658008658008658,0.008658008658008658,path0_legacy
LFPB,230,221,221,237,departures,0.9608695652173913,1.0304347826086957,path0_legacy
LIBD,229,2,0,0,arrivals,0.0,0.0,path0_legacy
LIBD,228,2,0,0,departures,0.0,0.0,path0_legacy
LIEO,228,24,18,18,departures,0.07894736842105263,0.07894736842105263,path0_legacy
LIRP,228,181,178,179,arrivals,0.7807017543859649,0.7850877192982456,path0_legacy
UUWW,227,12,4,4,arrivals,0.01762114537444934,0.01762114537444934,path0_legacy
LEMH,226,204,204,204,arrivals,0.9026548672566371,0.9026548672566371,path0_legacy
LFBD,225,222,221,223,departures,0.9822222222222222,0.9911111111111112,path0_legacy
LFPB,225,218,172,175,arrivals,0.7644444444444445,0.7777777777777778,path0_legacy
LEMH,222,182,182,182,departures,0.8198198198198198,0.8198198198198198,path0_legacy
LTFE,220,4,3,3,departures,0.013636363636363636,0.013636363636363636,path0_legacy
LIRP,220,63,62,62,departures,0.2818181818181818,0.2818181818181818,path0_legacy
ENVA,219,208,208,228,arrivals,0.9497716894977168,1.0410958904109588,path0_legacy
LFBD,219,215,215,216,arrivals,0.9817351598173516,0.9863013698630136,path0_legacy
LUKK,217,0,0,0,departures,0.0,0.0,path0_legacy
ENVA,217,210,199,202,departures,0.9170506912442397,0.9308755760368663,path0_legacy
LUKK,217,4,0,0,arrivals,0.0,0.0,path0_legacy
LDSP,216,3,0,0,departures,0.0,0.0,path0_legacy
ESGG,216,214,214,214,departures,0.9907407407407407,0.9907407407407407,path0_legacy
UUWW,216,2,2,2,departures,0.009259259259259259,0.009259259259259259,path0_legacy
LDZA,215,3,0,0,departures,0.0,0.0,path0_legacy
LDSP,215,5,0,0,arrivals,0.0,0.0,path0_legacy
LDZA,215,209,208,214,arrivals,0.9674418604651163,0.9953488372093023,path0_legacy
ESGG,214,211,208,210,arrivals,0.9719626168224299,0.9813084112149533,path0_legacy
UUEE,214,2,2,8,arrivals,0.009345794392523364,0.037383177570093455,path0_legacy
EDDV,213,210,208,209,departures,0.9765258215962441,0.9812206572769953,path0_legacy
GCFV,212,0,0,0,departures,0.0,0.0,path0_legacy
UUEE,212,17,17,17,departures,0.08018867924528301,0.08018867924528301,path0_legacy
EGNT,211,199,199,199,departures,0.943127962085308,0.943127962085308,path0_legacy
GCFV,211,2,0,0,arrivals,0.0,0.0,path0_legacy
EGNT,211,184,184,184,arrivals,0.8720379146919431,0.8720379146919431,path0_legacy
EDDV,209,202,198,199,arrivals,0.9473684210526315,0.9521531100478469,path0_legacy
EGGP,208,204,203,203,departures,0.9759615384615384,0.9759615384615384,path0_legacy
EGGP,206,195,193,194,arrivals,0.9368932038834952,0.941747572815534,path0_legacy
LIRQ,202,3,3,3,departures,0.01485148514851485,0.01485148514851485,path0_legacy
EDDN,201,195,194,196,departures,0.9651741293532339,0.9751243781094527,path0_legacy
EDDN,199,192,191,196,arrivals,0.9597989949748744,0.9849246231155779,path0_legacy
LGSA,199,36,34,34,arrivals,0.1708542713567839,0.1708542713567839,path0_legacy
EGLC,198,198,198,198,departures,1.0,1.0,path0_legacy
LIRQ,198,49,47,47,arrivals,0.23737373737373738,0.23737373737373738,path0_legacy
LGSA,196,25,24,24,departures,0.12244897959183673,0.12244897959183673,path0_legacy
LIEE,195,2,0,0,arrivals,0.0,0.0,path0_legacy
EPWR,194,190,189,191,arrivals,0.9742268041237113,0.9845360824742269,path0_legacy
EPWR,193,189,189,189,departures,0.9792746113989638,0.9792746113989638,path0_legacy
EGNM,193,176,173,176,arrivals,0.8963730569948186,0.9119170984455959,path0_legacy
UDYZ,192,1,0,0,departures,0.0,0.0,path0_legacy
UDYZ,192,1,0,0,arrivals,0.0,0.0,path0_legacy
LIEE,191,1,0,0,departures,0.0,0.0,path0_legacy
EHEH,191,191,189,189,departures,0.9895287958115183,0.9895287958115183,path0_legacy
EGNM,190,185,184,184,departures,0.968421052631579,0.968421052631579,path0_legacy
EHEH,190,190,186,187,arrivals,0.9789473684210527,0.9842105263157894,path0_legacy
EYVI,189,165,116,119,arrivals,0.6137566137566137,0.6296296296296297,path0_legacy
EGLC,189,189,189,189,arrivals,1.0,1.0,path0_legacy
EYVI,186,174,174,177,departures,0.9354838709677419,0.9516129032258065,path0_legacy
DAAG,186,44,43,43,departures,0.23118279569892472,0.23118279569892472,path0_legacy
DTTA,186,0,0,0,arrivals,0.0,0.0,path0_legacy
DTTA,185,2,0,0,departures,0.0,0.0,path0_legacy
DAAG,184,121,120,121,arrivals,0.6521739130434783,0.657608695652174,path0_legacy
LFOB,181,174,174,174,departures,0.9613259668508287,0.9613259668508287,path0_legacy
LFOB,181,177,139,139,arrivals,0.7679558011049724,0.7679558011049724,path0_legacy
LDDU,180,4,0,0,arrivals,0.0,0.0,path0_legacy
LGKO,178,168,168,169,departures,0.9438202247191011,0.949438202247191,path0_legacy
LDDU,177,1,0,0,departures,0.0,0.0,path0_legacy
LGKO,177,166,166,169,arrivals,0.9378531073446328,0.9548022598870056,path0_legacy
EETN,162,142,142,142,arrivals,0.8765432098765432,0.8765432098765432,path0_legacy
EPPO,161,156,156,156,departures,0.968944099378882,0.968944099378882,path0_legacy
HESH,161,1,0,0,arrivals,0.0,0.0,path0_legacy
UMKK,160,1,0,0,departures,0.0,0.0,path0_legacy
EETN,159,149,149,150,departures,0.9371069182389937,0.9433962264150944,path0_legacy
LPMA,159,153,153,153,departures,0.9622641509433962,0.9622641509433962,path0_legacy
HESH,159,0,0,0,departures,0.0,0.0,path0_legacy
UMKK,159,2,0,18,arrivals,0.0,0.11320754716981132,path0_legacy
LPMA,158,13,13,18,arrivals,0.08227848101265822,0.11392405063291139,path0_legacy
LIMF,157,155,152,153,departures,0.9681528662420382,0.9745222929936306,path0_legacy
LIMF,157,155,153,156,arrivals,0.9745222929936306,0.9936305732484076,path0_legacy
LIRA,156,153,12,12,arrivals,0.07692307692307693,0.07692307692307693,path0_legacy
LIRA,154,152,152,155,departures,0.987012987012987,1.0064935064935066,path0_legacy
EPPO,154,150,148,153,arrivals,0.961038961038961,0.9935064935064936,path0_legacy
EKBI,154,150,149,149,arrivals,0.9675324675324676,0.9675324675324676,path0_legacy
LPPD,153,42,42,42,departures,0.27450980392156865,0.27450980392156865,path0_legacy
EKBI,152,147,147,148,departures,0.9671052631578947,0.9736842105263158,path0_legacy
LPPD,151,91,90,92,arrivals,0.5960264900662252,0.609271523178808,path0_legacy
ULLI,148,1,0,0,arrivals,0.0,0.0,path0_legacy
OLBA,144,11,8,8,departures,0.05555555555555555,0.05555555555555555,path0_legacy
LIPX,144,121,119,119,departures,0.8263888888888888,0.8263888888888888,path0_legacy
OLBA,144,33,32,33,arrivals,0.2222222222222222,0.22916666666666666,path0_legacy
ENTC,143,7,0,0,arrivals,0.0,0.0,path0_legacy
ULLI,142,0,0,0,departures,0.0,0.0,path0_legacy
LIPX,142,138,137,143,arrivals,0.9647887323943662,1.0070422535211268,path0_legacy
LGSR,139,3,0,0,departures,0.0,0.0,path0_legacy
LGSR,139,2,0,0,arrivals,0.0,0.0,path0_legacy
ENTC,138,4,0,0,departures,0.0,0.0,path0_legacy
LTCG,138,91,91,91,arrivals,0.6594202898550725,0.6594202898550725,path0_legacy
EGPD,137,124,124,124,departures,0.9051094890510949,0.9051094890510949,path0_legacy
EGPD,136,123,123,123,arrivals,0.9044117647058824,0.9044117647058824,path0_legacy
ENBO,134,106,105,134,departures,0.7835820895522388,1.0,path0_legacy
EBLG,134,134,133,139,departures,0.9925373134328358,1.037313432835821,path0_legacy
LTDB,133,5,1,1,departures,0.007518796992481203,0.007518796992481203,path0_legacy
LTCG,133,102,102,102,departures,0.7669172932330827,0.7669172932330827,path0_legacy
ENBO,133,120,116,136,arrivals,0.8721804511278195,1.0225563909774436,path0_legacy
LRCL,130,0,0,0,departures,0.0,0.0,path0_legacy
LIBR,130,2,0,0,departures,0.0,0.0,path0_legacy
LRCL,129,0,0,0,arrivals,0.0,0.0,path0_legacy
LTDB,129,3,0,0,arrivals,0.0,0.0,path0_legacy
LGZA,126,126,123,125,departures,0.9761904761904762,0.9920634920634921,path0_legacy
EBLG,126,98,96,100,arrivals,0.7619047619047619,0.7936507936507936,path0_legacy
LGZA,126,119,119,123,arrivals,0.9444444444444444,0.9761904761904762,path0_legacy
LIBR,125,0,0,0,arrivals,0.0,0.0,path0_legacy
EGAC,123,120,120,121,departures,0.975609756097561,0.983739837398374,path0_legacy
EGAC,123,117,117,140,arrivals,0.9512195121951219,1.1382113821138211,path0_legacy
BKPR,120,1,0,0,departures,0.0,0.0,path0_legacy
BKPR,120,2,0,0,arrivals,0.0,0.0,path0_legacy
EICK,120,119,119,119,arrivals,0.9916666666666667,0.9916666666666667,path0_legacy
EICK,119,118,118,118,departures,0.9915966386554622,0.9915966386554622,path0_legacy
LDZD,118,10,4,4,arrivals,0.03389830508474576,0.03389830508474576,path0_legacy
OJAI,116,1,0,3,departures,0.0,0.02586206896551724,path0_legacy
OJAI,116,0,0,5,arrivals,0.0,0.04310344827586207,path0_legacy
LDZD,114,1,0,0,departures,0.0,0.0,path0_legacy
LICA,112,1,0,0,arrivals,0.0,0.0,path0_legacy
EGLF,110,110,109,118,departures,0.990909090909091,1.0727272727272728,path0_legacy
LICA,108,0,0,0,departures,0.0,0.0,path0_legacy
EGJJ,108,106,96,96,arrivals,0.8888888888888888,0.8888888888888888,path0_legacy
EGLF,108,107,104,107,arrivals,0.9629629629629629,0.9907407407407407,path0_legacy
LCPH,107,99,98,99,arrivals,0.9158878504672897,0.9252336448598131,path0_legacy
LWSK,106,0,0,0,departures,0.0,0.0,path0_legacy
OKKK,106,104,104,104,departures,0.9811320754716981,0.9811320754716981,path0_legacy
LEST,106,89,87,87,arrivals,0.8207547169811321,0.8207547169811321,path0_legacy
LCPH,105,64,64,64,departures,0.6095238095238096,0.6095238095238096,path0_legacy
LGMK,105,15,12,12,departures,0.11428571428571428,0.11428571428571428,path0_legacy
LEST,105,18,18,18,departures,0.17142857142857143,0.17142857142857143,path0_legacy
LZIB,105,101,101,101,departures,0.9619047619047619,0.9619047619047619,path0_legacy
LEGE,105,35,33,33,arrivals,0.3142857142857143,0.3142857142857143,path0_legacy
LWSK,105,0,0,0,arrivals,0.0,0.0,path0_legacy
LZIB,105,103,102,102,arrivals,0.9714285714285714,0.9714285714285714,path0_legacy
LEGE,104,80,80,81,departures,0.7692307692307693,0.7788461538461539,path0_legacy
LGMK,104,63,62,66,arrivals,0.5961538461538461,0.6346153846153846,path0_legacy
EDJA,104,103,102,103,arrivals,0.9807692307692307,0.9903846153846154,path0_legacy
EDJA,102,101,101,101,departures,0.9901960784313726,0.9901960784313726,path0_legacy
OKKK,102,38,38,39,arrivals,0.37254901960784315,0.38235294117647056,path0_legacy
EGJJ,101,97,95,100,departures,0.9405940594059405,0.9900990099009901,path0_legacy
EHRD,100,100,99,101,arrivals,0.99,1.01,path0_legacy
EHRD,99,98,96,101,departures,0.9696969696969697,1.02020202020202,path0_legacy
LBBG,97,89,87,87,arrivals,0.8969072164948454,0.8969072164948454,path0_legacy
LOWS,96,95,95,98,departures,0.9895833333333334,1.0208333333333333,path0_legacy
LOWS,95,92,90,90,arrivals,0.9473684210526315,0.9473684210526315,path0_legacy
DTTJ,94,1,0,0,arrivals,0.0,0.0,path0_legacy
LJLJ,94,90,89,90,arrivals,0.9468085106382979,0.9574468085106383,path0_legacy
LBBG,93,27,27,27,departures,0.2903225806451613,0.2903225806451613,path0_legacy
LQSA,93,0,0,0,departures,0.0,0.0,path0_legacy
LQSA,93,0,0,0,arrivals,0.0,0.0,path0_legacy
GMAD,92,0,0,0,departures,0.0,0.0,path0_legacy
EGKB,92,91,82,86,departures,0.8913043478260869,0.9347826086956522,path0_legacy
EINN,91,61,60,60,departures,0.6593406593406593,0.6593406593406593,path0_legacy
GMAD,91,0,0,0,arrivals,0.0,0.0,path0_legacy
EGKB,91,90,86,97,arrivals,0.945054945054945,1.065934065934066,path0_legacy
LJLJ,90,61,61,62,departures,0.6777777777777778,0.6888888888888889,path0_legacy
DTTJ,89,0,0,0,departures,0.0,0.0,path0_legacy
UUDD,89,5,5,5,departures,0.056179775280898875,0.056179775280898875,path0_legacy
EDDW,88,87,86,88,departures,0.9772727272727273,1.0,path0_legacy
GMTT,88,88,88,88,departures,1.0,1.0,path0_legacy
EDLW,87,85,85,86,departures,0.9770114942528736,0.9885057471264368,path0_legacy
EDDW,87,87,87,90,arrivals,1.0,1.0344827586206897,path0_legacy
GMTT,87,86,86,87,arrivals,0.9885057471264368,1.0,path0_legacy
EDLW,87,85,84,84,arrivals,0.9655172413793104,0.9655172413793104,path0_legacy
EINN,86,80,80,82,arrivals,0.9302325581395349,0.9534883720930233,path0_legacy
LIMJ,86,86,85,85,arrivals,0.9883720930232558,0.9883720930232558,path0_legacy
EGHI,86,78,78,79,arrivals,0.9069767441860465,0.9186046511627907,path0_legacy
LIPH,85,85,85,86,departures,1.0,1.011764705882353,path0_legacy
GCLA,85,0,0,0,departures,0.0,0.0,path0_legacy
LIPH,85,85,85,85,arrivals,1.0,1.0,path0_legacy
EDSB,85,78,78,78,arrivals,0.9176470588235294,0.9176470588235294,path0_legacy
LFKB,84,10,9,9,departures,0.10714285714285714,0.10714285714285714,path0_legacy
LFKB,84,35,35,35,arrivals,0.4166666666666667,0.4166666666666667,path0_legacy
GCLA,84,0,0,0,arrivals,0.0,0.0,path0_legacy
EGHI,83,74,74,75,departures,0.891566265060241,0.9036144578313253,path0_legacy
EGJB,83,61,56,58,departures,0.6746987951807228,0.6987951807228916,path0_legacy
LYTV,83,1,0,0,arrivals,0.0,0.0,path0_legacy
LYTV,82,1,0,0,departures,0.0,0.0,path0_legacy
EDSB,81,76,76,77,departures,0.9382716049382716,0.9506172839506173,path0_legacy
EGNS,81,75,74,74,arrivals,0.9135802469135802,0.9135802469135802,path0_legacy
DTMB,81,0,0,0,arrivals,0.0,0.0,path0_legacy
EGNS,80,53,53,53,departures,0.6625,0.6625,path0_legacy
LFKJ,80,79,79,79,arrivals,0.9875,0.9875,path0_legacy
LIMJ,79,44,43,43,departures,0.5443037974683544,0.5443037974683544,path0_legacy
DTMB,79,1,0,0,departures,0.0,0.0,path0_legacy
LFKJ,78,77,77,77,departures,0.9871794871794872,0.9871794871794872,path0_legacy
EDFH,77,20,19,19,departures,0.24675324675324675,0.24675324675324675,path0_legacy
LYPG,77,0,0,0,departures,0.0,0.0,path0_legacy
LYPG,77,1,0,0,arrivals,0.0,0.0,path0_legacy
EKYT,75,72,72,72,departures,0.96,0.96,path0_legacy
LBWN,75,22,22,22,arrivals,0.29333333333333333,0.29333333333333333,path0_legacy
LFMT,75,68,68,68,arrivals,0.9066666666666666,0.9066666666666666,path0_legacy
UUDD,75,3,1,1,arrivals,0.013333333333333334,0.013333333333333334,path0_legacy
LFMT,74,70,70,70,departures,0.9459459459459459,0.9459459459459459,path0_legacy
EDFH,74,71,71,72,arrivals,0.9594594594594594,0.972972972972973,path0_legacy
LTAJ,74,0,0,0,arrivals,0.0,0.0,path0_legacy
EGJB,74,64,58,79,arrivals,0.7837837837837838,1.0675675675675675,path0_legacy
LTAU,73,0,0,0,arrivals,0.0,0.0,path0_legacy
LTAJ,72,0,0,0,departures,0.0,0.0,path0_legacy
LFMD,72,69,67,69,arrivals,0.9305555555555556,0.9583333333333334,path0_legacy
EGHH,72,67,66,68,arrivals,0.9166666666666666,0.9444444444444444,path0_legacy
ENTO,72,55,52,52,arrivals,0.7222222222222222,0.7222222222222222,path0_legacy
LBWN,71,3,2,2,departures,0.028169014084507043,0.028169014084507043,path0_legacy
LRIA,71,1,0,0,departures,0.0,0.0,path0_legacy
EGHH,71,69,68,68,departures,0.9577464788732394,0.9577464788732394,path0_legacy
ENTO,71,2,1,2,departures,0.014084507042253521,0.028169014084507043,path0_legacy
EKYT,71,69,69,69,arrivals,0.971830985915493,0.971830985915493,path0_legacy
LTAU,70,0,0,0,departures,0.0,0.0,path0_legacy
LEAS,69,9,9,9,departures,0.13043478260869565,0.13043478260869565,path0_legacy
UGSB,69,48,48,48,arrivals,0.6956521739130435,0.6956521739130435,path0_legacy
EDLV,69,69,69,69,arrivals,1.0,1.0,path0_legacy
EDLV,68,68,68,69,departures,1.0,1.0147058823529411,path0_legacy
LERS,68,61,61,61,arrivals,0.8970588235294118,0.8970588235294118,path0_legacy
LEAS,68,1,0,0,arrivals,0.0,0.0,path0_legacy
LRIA,68,0,0,1,arrivals,0.0,0.014705882352941176,path0_legacy
UGSB,67,53,53,53,departures,0.7910447761194029,0.7910447761194029,path0_legacy
LERS,67,11,11,11,departures,0.16417910447761194,0.16417910447761194,path0_legacy
URSS,67,0,0,0,arrivals,0.0,0.0,path0_legacy
LFMD,65,60,59,61,departures,0.9076923076923077,0.9384615384615385,path0_legacy
LFKF,65,53,53,53,arrivals,0.8153846153846154,0.8153846153846154,path0_legacy
GMME,64,9,9,9,departures,0.140625,0.140625,path0_legacy
GMME,63,25,24,24,arrivals,0.38095238095238093,0.38095238095238093,path0_legacy
LIEA,62,62,62,62,departures,1.0,1.0,path0_legacy
LGKF,62,61,60,61,departures,0.967741935483871,0.9838709677419355,path0_legacy
LIEA,62,62,62,62,arrivals,1.0,1.0,path0_legacy
LIPQ,61,58,58,58,departures,0.9508196721311475,0.9508196721311475,path0_legacy
LFKF,61,9,9,9,departures,0.14754098360655737,0.14754098360655737,path0_legacy
EDDG,60,60,60,60,departures,1.0,1.0,path0_legacy
EPRZ,60,57,56,56,departures,0.9333333333333333,0.9333333333333333,path0_legacy
LGKF,60,57,56,57,arrivals,0.9333333333333333,0.95,path0_legacy
DTNH,59,0,0,0,departures,0.0,0.0,path0_legacy
LRTR,59,0,0,0,departures,0.0,0.0,path0_legacy
LIPQ,59,59,58,58,arrivals,0.9830508474576272,0.9830508474576272,path0_legacy
LTBA,58,54,54,60,departures,0.9310344827586207,1.0344827586206897,path0_legacy
DTNH,58,0,0,0,arrivals,0.0,0.0,path0_legacy
EPRZ,58,56,54,54,arrivals,0.9310344827586207,0.9310344827586207,path0_legacy
LFBZ,57,55,55,56,arrivals,0.9649122807017544,0.9824561403508771,path0_legacy
LRTR,57,1,0,1,arrivals,0.0,0.017543859649122806,path0_legacy
LFQQ,57,56,56,56,arrivals,0.9824561403508771,0.9824561403508771,path0_legacy
LOWG,56,55,51,52,departures,0.9107142857142857,0.9285714285714286,path0_legacy
LFQQ,56,54,54,54,departures,0.9642857142857143,0.9642857142857143,path0_legacy
LTCC,56,0,0,0,arrivals,0.0,0.0,path0_legacy
EDDG,56,54,54,54,arrivals,0.9642857142857143,0.9642857142857143,path0_legacy
LFBZ,55,1,1,1,departures,0.01818181818181818,0.01818181818181818,path0_legacy
LTCC,55,1,0,0,departures,0.0,0.0,path0_legacy
LDPL,55,49,48,53,arrivals,0.8727272727272727,0.9636363636363636,path0_legacy
LFTH,55,46,43,44,arrivals,0.7818181818181819,0.8,path0_legacy
EYKA,54,47,46,46,departures,0.8518518518518519,0.8518518518518519,path0_legacy
LOWG,53,53,53,57,arrivals,1.0,1.0754716981132075,path0_legacy
LKTB,52,50,47,51,departures,0.9038461538461539,0.9807692307692307,path0_legacy
URSS,52,0,0,0,departures,0.0,0.0,path0_legacy
GMFF,52,0,0,0,departures,0.0,0.0,path0_legacy
LTBA,52,47,46,343,arrivals,0.8846153846153846,6.596153846153846,path0_legacy
LKTB,52,51,50,52,arrivals,0.9615384615384616,1.0,path0_legacy
GMFF,52,0,0,0,arrivals,0.0,0.0,path0_legacy
LFTH,51,20,18,19,departures,0.35294117647058826,0.37254901960784315,path0_legacy
EGPE,51,35,35,35,departures,0.6862745098039216,0.6862745098039216,path0_legacy
EHKD,50,43,40,50,departures,0.8,1.0,path0_legacy
LFST,50,48,48,48,arrivals,0.96,0.96,path0_legacy
EYKA,50,37,9,14,arrivals,0.18,0.28,path0_legacy
LDPL,49,23,23,23,departures,0.46938775510204084,0.46938775510204084,path0_legacy
UGKO,49,0,0,0,departures,0.0,0.0,path0_legacy
LFST,49,47,47,47,departures,0.9591836734693877,0.9591836734693877,path0_legacy
DAOO,49,25,23,23,arrivals,0.46938775510204084,0.46938775510204084,path0_legacy
UGKO,49,0,0,0,arrivals,0.0,0.0,path0_legacy
EGFF,49,46,45,46,arrivals,0.9183673469387755,0.9387755102040817,path0_legacy
EGPE,49,46,46,46,arrivals,0.9387755102040817,0.9387755102040817,path0_legacy
DAOO,48,8,8,8,departures,0.16666666666666666,0.16666666666666666,path0_legacy
EGFF,48,47,46,46,departures,0.9583333333333334,0.9583333333333334,path0_legacy
UBBN,48,0,0,0,departures,0.0,0.0,path0_legacy
ENCN,48,24,24,24,departures,0.5,0.5,path0_legacy
EHKD,48,37,37,46,arrivals,0.7708333333333334,0.9583333333333334,path0_legacy
ENAL,48,1,1,1,arrivals,0.020833333333333332,0.020833333333333332,path0_legacy
UBBN,48,1,0,0,arrivals,0.0,0.0,path0_legacy
ORBI,48,1,0,0,arrivals,0.0,0.0,path0_legacy
LFRB,47,41,41,41,departures,0.8723404255319149,0.8723404255319149,path0_legacy
ENAL,46,0,0,0,departures,0.0,0.0,path0_legacy
ENKB,46,0,0,0,departures,0.0,0.0,path0_legacy
LGPZ,46,3,0,0,arrivals,0.0,0.0,path0_legacy
LTFH,45,6,6,6,departures,0.13333333333333333,0.13333333333333333,path0_legacy
LGPZ,45,1,0,0,departures,0.0,0.0,path0_legacy
EDDC,45,43,43,43,departures,0.9555555555555556,0.9555555555555556,path0_legacy
LGPA,45,0,0,0,departures,0.0,0.0,path0_legacy
LTFH,45,4,3,3,arrivals,0.06666666666666667,0.06666666666666667,path0_legacy
EDDC,45,45,45,45,arrivals,1.0,1.0,path0_legacy
LIRI,44,7,0,0,departures,0.0,0.0,path0_legacy
GEML,44,40,40,40,departures,0.9090909090909091,0.9090909090909091,path0_legacy
ORER,44,0,0,0,departures,0.0,0.0,path0_legacy
ESSB,44,38,37,38,departures,0.8409090909090909,0.8636363636363636,path0_legacy
BIRK,44,39,39,39,departures,0.8863636363636364,0.8863636363636364,path0_legacy
GEML,44,43,43,43,arrivals,0.9772727272727273,0.9772727272727273,path0_legacy
ORER,44,0,0,0,arrivals,0.0,0.0,path0_legacy
LEJR,44,44,44,45,arrivals,1.0,1.0227272727272727,path0_legacy
BIRK,44,36,35,37,arrivals,0.7954545454545454,0.8409090909090909,path0_legacy
ENKB,44,0,0,0,arrivals,0.0,0.0,path0_legacy
LFRB,44,39,34,34,arrivals,0.7727272727272727,0.7727272727272727,path0_legacy
LKMT,44,39,39,43,arrivals,0.8863636363636364,0.9772727272727273,path0_legacy
LKMT,43,27,23,23,departures,0.5348837209302325,0.5348837209302325,path0_legacy
LIBP,43,43,43,43,arrivals,1.0,1.0,path0_legacy
LOWI,43,31,29,30,arrivals,0.6744186046511628,0.6976744186046512,path0_legacy
ENCN,43,12,12,12,arrivals,0.27906976744186046,0.27906976744186046,path0_legacy
EPMO,42,42,40,40,departures,0.9523809523809523,0.9523809523809523,path0_legacy
ENEV,42,6,0,0,departures,0.0,0.0,path0_legacy
ORBI,42,0,0,0,departures,0.0,0.0,path0_legacy
LIRI,42,4,1,1,arrivals,0.023809523809523808,0.023809523809523808,path0_legacy
UMMS,42,2,2,2,arrivals,0.047619047619047616,0.047619047619047616,path0_legacy
ESMS,42,36,36,36,arrivals,0.8571428571428571,0.8571428571428571,path0_legacy
ENEV,42,9,0,0,arrivals,0.0,0.0,path0_legacy
LGSM,42,9,9,13,arrivals,0.21428571428571427,0.30952380952380953,path0_legacy
ESMS,41,38,38,38,departures,0.926829268292683,0.926829268292683,path0_legacy
LIBP,41,41,41,42,departures,1.0,1.024390243902439,path0_legacy
LGSM,41,4,3,8,departures,0.07317073170731707,0.1951219512195122,path0_legacy
LIRZ,41,41,41,45,arrivals,1.0,1.0975609756097562,path0_legacy
UMMS,40,15,15,15,departures,0.375,0.375,path0_legacy
LEJR,40,40,40,40,departures,1.0,1.0,path0_legacy
LEVX,40,0,0,0,arrivals,0.0,0.0,path0_legacy
UWKD,40,0,0,0,arrivals,0.0,0.0,path0_legacy
LICT,40,3,3,3,arrivals,0.075,0.075,path0_legacy
EPMO,40,34,30,36,arrivals,0.75,0.9,path0_legacy
LEAM,40,39,39,40,arrivals,0.975,1.0,path0_legacy
GMMW,40,9,9,9,arrivals,0.225,0.225,path0_legacy
LGPA,40,0,0,0,arrivals,0.0,0.0,path0_legacy
LEVT,39,0,0,0,departures,0.0,0.0,path0_legacy
LICT,39,6,6,6,departures,0.15384615384615385,0.15384615384615385,path0_legacy
LIRZ,39,39,35,35,departures,0.8974358974358975,0.8974358974358975,path0_legacy
LEXJ,39,0,0,0,departures,0.0,0.0,path0_legacy
GMMW,39,20,20,20,departures,0.5128205128205128,0.5128205128205128,path0_legacy
EGPB,39,0,0,0,arrivals,0.0,0.0,path0_legacy
LEVT,39,0,0,0,arrivals,0.0,0.0,path0_legacy
LEZG,39,16,15,15,arrivals,0.38461538461538464,0.38461538461538464,path0_legacy
EDLP,39,35,34,35,arrivals,0.8717948717948718,0.8974358974358975,path0_legacy
EGPB,38,0,0,0,departures,0.0,0.0,path0_legacy
UWKD,38,0,0,0,departures,0.0,0.0,path0_legacy
LEZG,38,14,14,15,departures,0.3684210526315789,0.39473684210526316,path0_legacy
ESPA,38,0,0,0,departures,0.0,0.0,path0_legacy
LEVX,37,1,0,0,departures,0.0,0.0,path0_legacy
LGSK,37,1,1,1,departures,0.02702702702702703,0.02702702702702703,path0_legacy
LOWL,37,36,36,37,departures,0.972972972972973,1.0,path0_legacy
LEAM,37,35,35,35,departures,0.9459459459459459,0.9459459459459459,path0_legacy
LIPY,37,2,1,1,departures,0.02702702702702703,0.02702702702702703,path0_legacy
LGSK,37,17,17,17,arrivals,0.4594594594594595,0.4594594594594595,path0_legacy
ESSB,37,32,32,35,arrivals,0.8648648648648649,0.9459459459459459,path0_legacy
LEXJ,37,0,0,0,arrivals,0.0,0.0,path0_legacy
EGTE,36,28,28,28,departures,0.7777777777777778,0.7777777777777778,path0_legacy
LECO,36,35,35,35,departures,0.9722222222222222,0.9722222222222222,path0_legacy
EGTE,36,33,33,33,arrivals,0.9166666666666666,0.9166666666666666,path0_legacy
LIPY,36,5,5,6,arrivals,0.1388888888888889,0.16666666666666666,path0_legacy
LTFO,36,9,8,8,arrivals,0.2222222222222222,0.2222222222222222,path0_legacy
EGMC,35,35,35,38,departures,1.0,1.0857142857142856,path0_legacy
EDLP,35,30,30,31,departures,0.8571428571428571,0.8857142857142857,path0_legacy
LZKZ,35,22,22,22,departures,0.6285714285714286,0.6285714285714286,path0_legacy
LTFO,35,0,0,0,departures,0.0,0.0,path0_legacy
LTFG,35,35,34,35,arrivals,0.9714285714285714,1.0,path0_legacy
ESPA,35,0,0,0,arrivals,0.0,0.0,path0_legacy
LECO,35,35,35,37,arrivals,1.0,1.0571428571428572,path0_legacy
GMFO,34,2,2,2,departures,0.058823529411764705,0.058823529411764705,path0_legacy
LTFG,34,34,34,34,departures,1.0,1.0,path0_legacy
LEGR,34,0,0,0,departures,0.0,0.0,path0_legacy
LOWL,34,32,31,31,arrivals,0.9117647058823529,0.9117647058823529,path0_legacy
LICR,34,0,0,0,arrivals,0.0,0.0,path0_legacy
GMFO,34,11,11,11,arrivals,0.3235294117647059,0.3235294117647059,path0_legacy
LEGR,34,0,0,0,arrivals,0.0,0.0,path0_legacy
LGMT,34,34,34,34,arrivals,1.0,1.0,path0_legacy
LZKZ,34,28,28,29,arrivals,0.8235294117647058,0.8529411764705882,path0_legacy
LICR,33,0,0,0,departures,0.0,0.0,path0_legacy
LTCI,33,0,0,0,departures,0.0,0.0,path0_legacy
LGMT,33,31,31,32,departures,0.9393939393939394,0.9696969696969697,path0_legacy
LOWI,33,18,17,17,departures,0.5151515151515151,0.5151515151515151,path0_legacy
EGMC,33,33,33,35,arrivals,1.0,1.0606060606060606,path0_legacy
EKAH,33,30,30,30,arrivals,0.9090909090909091,0.9090909090909091,path0_legacy
EGWU,32,32,28,32,departures,0.875,1.0,path0_legacy
LTCB,32,6,6,6,departures,0.1875,0.1875,path0_legacy
EKAH,32,7,7,7,departures,0.21875,0.21875,path0_legacy
LFRN,32,32,32,32,departures,1.0,1.0,path0_legacy
LEMI,32,32,32,32,arrivals,1.0,1.0,path0_legacy
LTCI,32,0,0,0,arrivals,0.0,0.0,path0_legacy
LEMI,31,24,24,24,departures,0.7741935483870968,0.7741935483870968,path0_legacy
EIKN,31,30,30,30,departures,0.967741935483871,0.967741935483871,path0_legacy
ENHD,31,1,0,0,departures,0.0,0.0,path0_legacy
EDMO,31,29,25,25,departures,0.8064516129032258,0.8064516129032258,path0_legacy
LFRN,31,31,31,31,arrivals,1.0,1.0,path0_legacy
LTCE,31,1,0,0,arrivals,0.0,0.0,path0_legacy
EGPK,30,28,28,28,departures,0.9333333333333333,0.9333333333333333,path0_legacy
URMM,30,0,0,0,departures,0.0,0.0,path0_legacy
LGNX,30,1,0,0,departures,0.0,0.0,path0_legacy
LTCB,30,11,11,11,arrivals,0.36666666666666664,0.36666666666666664,path0_legacy
LGNX,30,0,0,0,arrivals,0.0,0.0,path0_legacy
EIKN,30,30,30,30,arrivals,1.0,1.0,path0_legacy
EBAW,29,29,25,25,departures,0.8620689655172413,0.8620689655172413,path0_legacy
LTCE,29,0,0,0,departures,0.0,0.0,path0_legacy
EGPA,29,0,0,0,departures,0.0,0.0,path0_legacy
LTAZ,29,0,0,0,departures,0.0,0.0,path0_legacy
EGPK,29,29,29,31,arrivals,1.0,1.0689655172413792,path0_legacy
URMM,29,0,0,0,arrivals,0.0,0.0,path0_legacy
ENHD,29,9,9,11,arrivals,0.3103448275862069,0.3793103448275862,path0_legacy
LTAZ,29,1,0,0,arrivals,0.0,0.0,path0_legacy
EGHQ,28,27,27,27,departures,0.9642857142857143,0.9642857142857143,path0_legacy
ESNU,28,0,0,0,departures,0.0,0.0,path0_legacy
EGHQ,28,27,27,27,arrivals,0.9642857142857143,0.9642857142857143,path0_legacy
LTCA,27,0,0,0,departures,0.0,0.0,path0_legacy
ENBN,27,0,0,0,departures,0.0,0.0,path0_legacy
LICD,27,0,0,0,departures,0.0,0.0,path0_legacy
LIPB,27,13,11,11,arrivals,0.4074074074074074,0.4074074074074074,path0_legacy
EGWU,27,25,23,24,arrivals,0.8518518518518519,0.8888888888888888,path0_legacy
LTAN,27,0,0,0,arrivals,0.0,0.0,path0_legacy
LTCA,27,0,0,0,arrivals,0.0,0.0,path0_legacy
LICD,27,4,4,4,arrivals,0.14814814814814814,0.14814814814814814,path0_legacy
LFKC,27,27,27,27,arrivals,1.0,1.0,path0_legacy
LTAT,26,0,0,0,departures,0.0,0.0,path0_legacy
LPCS,26,24,23,24,departures,0.8846153846153846,0.9230769230769231,path0_legacy
LIPB,26,0,0,0,departures,0.0,0.0,path0_legacy
LTCS,26,0,0,0,departures,0.0,0.0,path0_legacy
LTAN,26,0,0,0,departures,0.0,0.0,path0_legacy
LRBS,26,26,26,28,departures,1.0,1.0769230769230769,path0_legacy
LFKC,26,26,26,26,departures,1.0,1.0,path0_legacy
LGHI,26,0,0,0,arrivals,0.0,0.0,path0_legacy
LTCS,26,0,0,0,arrivals,0.0,0.0,path0_legacy
ESNU,26,0,0,0,arrivals,0.0,0.0,path0_legacy
ENBN,26,0,0,0,arrivals,0.0,0.0,path0_legacy
EGPA,26,0,0,0,arrivals,0.0,0.0,path0_legacy
LGKL,25,5,4,4,departures,0.16,0.16,path0_legacy
LGHI,25,1,0,0,departures,0.0,0.0,path0_legacy
LGML,25,0,0,0,departures,0.0,0.0,path0_legacy
LFMP,25,8,8,8,departures,0.32,0.32,path0_legacy
EHBK,25,21,19,20,departures,0.76,0.8,path0_legacy
EFOU,25,0,0,0,departures,0.0,0.0,path0_legacy
EGSH,25,25,25,25,departures,1.0,1.0,path0_legacy
LPCS,25,25,23,26,arrivals,0.92,1.04,path0_legacy
LGKL,25,17,17,18,arrivals,0.68,0.72,path0_legacy
EBAW,25,25,24,26,arrivals,0.96,1.04,path0_legacy
EFOU,25,0,0,0,arrivals,0.0,0.0,path0_legacy
EGSH,25,25,25,26,arrivals,1.0,1.04,path0_legacy
LFRK,24,1,0,0,departures,0.0,0.0,path0_legacy
EKVG,24,0,0,0,departures,0.0,0.0,path0_legacy
ENFL,24,0,0,0,departures,0.0,0.0,path0_legacy
ENAT,24,0,0,0,departures,0.0,0.0,path0_legacy
LICG,24,1,1,1,departures,0.041666666666666664,0.041666666666666664,path0_legacy
LIPR,24,23,23,25,departures,0.9583333333333334,1.0416666666666667,path0_legacy
LTAT,24,0,0,0,arrivals,0.0,0.0,path0_legacy
EKVG,24,0,0,0,arrivals,0.0,0.0,path0_legacy
ENFL,24,0,0,0,arrivals,0.0,0.0,path0_legacy
ENAT,24,0,0,0,arrivals,0.0,0.0,path0_legacy
LESO,24,1,0,0,arrivals,0.0,0.0,path0_legacy
LFMP,24,16,16,16,arrivals,0.6666666666666666,0.6666666666666666,path0_legacy
EHBK,24,19,19,20,arrivals,0.7916666666666666,0.8333333333333334,path0_legacy
LIPR,24,24,23,24,arrivals,0.9583333333333334,1.0,path0_legacy
EDDR,23,16,16,17,departures,0.6956521739130435,0.7391304347826086,path0_legacy
ESSV,23,0,0,0,departures,0.0,0.0,path0_legacy
ENOV,23,0,0,0,departures,0.0,0.0,path0_legacy
ENKR,23,0,0,0,departures,0.0,0.0,path0_legacy
LESO,23,1,0,0,departures,0.0,0.0,path0_legacy
ENLK,23,5,0,0,departures,0.0,0.0,path0_legacy
LFBT,23,20,20,20,departures,0.8695652173913043,0.8695652173913043,path0_legacy
ENKR,23,0,0,0,arrivals,0.0,0.0,path0_legacy
LICG,23,3,3,3,arrivals,0.13043478260869565,0.13043478260869565,path0_legacy
EGPO,23,3,0,0,arrivals,0.0,0.0,path0_legacy
EDXW,22,20,19,19,departures,0.8636363636363636,0.8636363636363636,path0_legacy
LLER,22,0,0,0,departures,0.0,0.0,path0_legacy
LSGS,22,0,0,0,departures,0.0,0.0,path0_legacy
LRSB,22,1,0,0,departures,0.0,0.0,path0_legacy
LFBP,22,7,7,7,departures,0.3181818181818182,0.3181818181818182,path0_legacy
LGKP,22,0,0,0,departures,0.0,0.0,path0_legacy
EGNV,22,19,19,19,departures,0.8636363636363636,0.8636363636363636,path0_legacy
EGPO,22,0,0,0,departures,0.0,0.0,path0_legacy
EPSC,22,0,0,0,departures,0.0,0.0,path0_legacy
EIKY,22,22,22,22,departures,1.0,1.0,path0_legacy
LRCV,22,1,0,0,departures,0.0,0.0,path0_legacy
GCHI,22,0,0,0,departures,0.0,0.0,path0_legacy
LFRK,22,21,20,20,arrivals,0.9090909090909091,0.9090909090909091,path0_legacy
EDDR,22,16,16,16,arrivals,0.7272727272727273,0.7272727272727273,path0_legacy
ESSV,22,0,0,0,arrivals,0.0,0.0,path0_legacy
EDXW,22,21,20,21,arrivals,0.9090909090909091,0.9545454545454546,path0_legacy
ENOV,22,0,0,0,arrivals,0.0,0.0,path0_legacy
LLER,22,0,0,0,arrivals,0.0,0.0,path0_legacy
LRSB,22,0,0,0,arrivals,0.0,0.0,path0_legacy
LFBP,22,21,21,21,arrivals,0.9545454545454546,0.9545454545454546,path0_legacy
LGKP,22,1,1,1,arrivals,0.045454545454545456,0.045454545454545456,path0_legacy
EDMO,22,22,22,28,arrivals,1.0,1.2727272727272727,path0_legacy
EPSC,22,3,1,1,arrivals,0.045454545454545456,0.045454545454545456,path0_legacy
ENLK,22,3,0,0,arrivals,0.0,0.0,path0_legacy
GCHI,22,0,0,0,arrivals,0.0,0.0,path0_legacy
LFBT,22,22,22,22,arrivals,1.0,1.0,path0_legacy
LDRI,21,0,0,0,departures,0.0,0.0,path0_legacy
ENSG,21,7,0,0,departures,0.0,0.0,path0_legacy
LRSV,21,0,0,0,departures,0.0,0.0,path0_legacy
BIAR,21,0,0,0,departures,0.0,0.0,path0_legacy
LDRI,21,2,1,1,arrivals,0.047619047619047616,0.047619047619047616,path0_legacy
ENSG,21,8,0,0,arrivals,0.0,0.0,path0_legacy
LGML,21,0,0,0,arrivals,0.0,0.0,path0_legacy
EGNV,21,19,19,19,arrivals,0.9047619047619048,0.9047619047619048,path0_legacy
LSZB,21,20,20,21,arrivals,0.9523809523809523,1.0,path0_legacy
EIKY,21,21,21,21,arrivals,1.0,1.0,path0_legacy
LFLC,21,20,19,20,arrivals,0.9047619047619048,0.9523809523809523,path0_legacy
LRCV,21,1,0,0,arrivals,0.0,0.0,path0_legacy
LRBS,21,21,20,22,arrivals,0.9523809523809523,1.0476190476190477,path0_legacy
BIAR,21,0,0,0,arrivals,0.0,0.0,path0_legacy
DABC,20,0,0,0,departures,0.0,0.0,path0_legacy
LTCR,20,0,0,0,departures,0.0,0.0,path0_legacy
LSZB,20,18,18,18,departures,0.9,0.9,path0_legacy
GMTN,20,20,19,19,arrivals,0.95,0.95,path0_legacy
LSGS,20,2,0,1,arrivals,0.0,0.05,path0_legacy
LTCR,20,0,0,0,arrivals,0.0,0.0,path0_legacy
LRSV,20,0,0,0,arrivals,0.0,0.0,path0_legacy
EGNJ,20,15,15,15,arrivals,0.75,0.75,path0_legacy
HLLM,20,1,1,1,arrivals,0.05,0.05,path0_legacy
DABC,20,0,0,0,arrivals,0.0,0.0,path0_legacy
LOWK,19,0,0,0,departures,0.0,0.0,path0_legacy
LTCJ,19,0,0,0,departures,0.0,0.0,path0_legacy
GMTN,19,18,18,18,departures,0.9473684210526315,0.9473684210526315,path0_legacy
EFTU,19,1,1,1,departures,0.05263157894736842,0.05263157894736842,path0_legacy
ENVD,19,0,0,0,departures,0.0,0.0,path0_legacy
LRBC,19,0,0,0,departures,0.0,0.0,path0_legacy
EGTK,19,19,19,20,departures,1.0,1.0526315789473684,path0_legacy
ENSK,19,5,0,0,departures,0.0,0.0,path0_legacy
LSZR,19,18,18,21,departures,0.9473684210526315,1.105263157894737,path0_legacy
HLLM,19,2,1,1,departures,0.05263157894736842,0.05263157894736842,path0_legacy
LTCJ,19,0,0,0,arrivals,0.0,0.0,path0_legacy
LRBC,19,1,0,0,arrivals,0.0,0.0,path0_legacy
ENSK,19,4,0,0,arrivals,0.0,0.0,path0_legacy
LFTZ,19,18,0,0,arrivals,0.0,0.0,path0_legacy
LSZR,19,19,19,19,arrivals,1.0,1.0,path0_legacy
EYPA,18,17,16,16,departures,0.8888888888888888,0.8888888888888888,path0_legacy
EGJA,18,13,6,6,departures,0.3333333333333333,0.3333333333333333,path0_legacy
EBOS,18,16,16,16,departures,0.8888888888888888,0.8888888888888888,path0_legacy
LFLC,18,0,0,0,departures,0.0,0.0,path0_legacy
LOWK,18,1,0,0,arrivals,0.0,0.0,path0_legacy
LIPO,18,18,14,15,arrivals,0.7777777777777778,0.8333333333333334,path0_legacy
EFTU,18,9,9,9,arrivals,0.5,0.5,path0_legacy
EGJA,18,18,7,12,arrivals,0.3888888888888889,0.6666666666666666,path0_legacy
EFRO,17,0,0,0,departures,0.0,0.0,path0_legacy
LPAZ,17,1,1,1,departures,0.058823529411764705,0.058823529411764705,path0_legacy
EPLL,17,0,0,0,departures,0.0,0.0,path0_legacy
EBKT,17,16,16,17,departures,0.9411764705882353,1.0,path0_legacy
LQBK,17,0,0,0,departures,0.0,0.0,path0_legacy
ENML,17,0,0,0,departures,0.0,0.0,path0_legacy
LGAL,17,1,1,1,departures,0.058823529411764705,0.058823529411764705,path0_legacy
EFRO,17,0,0,0,arrivals,0.0,0.0,path0_legacy
LQBK,17,0,0,0,arrivals,0.0,0.0,path0_legacy
EYPA,17,7,3,3,arrivals,0.17647058823529413,0.17647058823529413,path0_legacy
EBOS,17,16,16,18,arrivals,0.9411764705882353,1.0588235294117647,path0_legacy
LFLY,16,15,15,15,departures,0.9375,0.9375,path0_legacy
EKRN,16,0,0,0,departures,0.0,0.0,path0_legacy
LYNI,16,0,0,0,departures,0.0,0.0,path0_legacy
LFBL,16,0,0,0,departures,0.0,0.0,path0_legacy
EPBY,16,15,15,15,departures,0.9375,0.9375,path0_legacy
LTCF,16,0,0,0,departures,0.0,0.0,path0_legacy
EGNJ,16,12,12,12,departures,0.75,0.75,path0_legacy
EDDE,16,16,16,16,departures,1.0,1.0,path0_legacy
LXGB,16,15,15,15,departures,0.9375,0.9375,path0_legacy
LEPP,16,0,0,0,departures,0.0,0.0,path0_legacy
EPLB,16,7,7,7,departures,0.4375,0.4375,path0_legacy
LFBE,16,11,10,10,departures,0.625,0.625,path0_legacy
EKEB,16,13,13,13,departures,0.8125,0.8125,path0_legacy
LECH,16,6,5,5,departures,0.3125,0.3125,path0_legacy
LFLY,16,16,15,18,arrivals,0.9375,1.125,path0_legacy
LYNI,16,0,0,1,arrivals,0.0,0.0625,path0_legacy
LFBL,16,0,0,0,arrivals,0.0,0.0,path0_legacy
EPLL,16,15,15,19,arrivals,0.9375,1.1875,path0_legacy
LTCF,16,0,0,0,arrivals,0.0,0.0,path0_legacy
LFMK,16,7,7,7,arrivals,0.4375,0.4375,path0_legacy
ENSH,16,1,0,0,arrivals,0.0,0.0,path0_legacy
EGTK,16,16,15,15,arrivals,0.9375,0.9375,path0_legacy
LGAL,16,16,16,16,arrivals,1.0,1.0,path0_legacy
EDVE,16,16,14,14,arrivals,0.875,0.875,path0_legacy
LXGB,16,15,15,15,arrivals,0.9375,0.9375,path0_legacy
EPLB,16,15,15,19,arrivals,0.9375,1.1875,path0_legacy
LFBE,16,13,13,14,arrivals,0.8125,0.875,path0_legacy
UWGG,15,0,0,0,departures,0.0,0.0,path0_legacy
HESX,15,1,1,1,departures,0.06666666666666667,0.06666666666666667,path0_legacy
LTCK,15,0,0,0,departures,0.0,0.0,path0_legacy
EDNY,15,13,12,12,departures,0.8,0.8,path0_legacy
LFMK,15,0,0,0,departures,0.0,0.0,path0_legacy
ENRA,15,0,0,0,departures,0.0,0.0,path0_legacy
EGAE,15,1,1,1,departures,0.06666666666666667,0.06666666666666667,path0_legacy
LFRM,15,15,14,16,arrivals,0.9333333333333333,1.0666666666666667,path0_legacy
EKRN,15,0,0,0,arrivals,0.0,0.0,path0_legacy
HESX,15,3,2,2,arrivals,0.13333333333333333,0.13333333333333333,path0_legacy
ENVD,15,0,0,0,arrivals,0.0,0.0,path0_legacy
LTCK,15,0,0,0,arrivals,0.0,0.0,path0_legacy
EPBY,15,14,10,13,arrivals,0.6666666666666666,0.8666666666666667,path0_legacy
EDNY,15,12,12,13,arrivals,0.8,0.8666666666666667,path0_legacy
ENML,15,0,0,0,arrivals,0.0,0.0,path0_legacy
LLHA,15,13,13,13,arrivals,0.8666666666666667,0.8666666666666667,path0_legacy
EDDE,15,15,15,15,arrivals,1.0,1.0,path0_legacy
LFSD,15,15,14,14,arrivals,0.9333333333333333,0.9333333333333333,path0_legacy
LGLM,15,1,0,0,arrivals,0.0,0.0,path0_legacy
EKEB,15,12,12,12,arrivals,0.8,0.8,path0_legacy
LECH,15,13,13,14,arrivals,0.8666666666666667,0.9333333333333333,path0_legacy
LTAY,14,0,0,0,departures,0.0,0.0,path0_legacy
ETSI,14,13,13,13,departures,0.9285714285714286,0.9285714285714286,path0_legacy
LLHA,14,13,13,13,departures,0.9285714285714286,0.9285714285714286,path0_legacy
LROD,14,0,0,0,departures,0.0,0.0,path0_legacy
ENSH,14,1,0,0,departures,0.0,0.0,path0_legacy
LTAR,14,0,0,0,departures,0.0,0.0,path0_legacy
EFKU,14,14,14,14,departures,1.0,1.0,path0_legacy
EDVE,14,14,14,14,departures,1.0,1.0,path0_legacy
LGLM,14,1,0,0,departures,0.0,0.0,path0_legacy
LFBH,14,5,5,5,arrivals,0.35714285714285715,0.35714285714285715,path0_legacy
LPAZ,14,11,11,13,arrivals,0.7857142857142857,0.9285714285714286,path0_legacy
LROD,14,0,0,0,arrivals,0.0,0.0,path0_legacy
ENRA,14,1,0,0,arrivals,0.0,0.0,path0_legacy
EGAE,14,1,1,1,arrivals,0.07142857142857142,0.07142857142857142,path0_legacy
LTAR,14,0,0,0,arrivals,0.0,0.0,path0_legacy
LEPP,14,0,0,0,arrivals,0.0,0.0,path0_legacy
LFRM,13,13,13,14,departures,1.0,1.0769230769230769,path0_legacy
LFBH,13,13,13,13,departures,1.0,1.0,path0_legacy
LTDA,13,0,0,0,departures,0.0,0.0,path0_legacy
LGKV,13,13,13,13,departures,1.0,1.0,path0_legacy
LPPS,13,0,0,0,departures,0.0,0.0,path0_legacy
LFRZ,13,10,10,10,departures,0.7692307692307693,0.7692307692307693,path0_legacy
LTCT,13,0,0,0,departures,0.0,0.0,path0_legacy
LIBC,13,0,0,0,departures,0.0,0.0,path0_legacy
EDMA,13,13,13,13,departures,1.0,1.0,path0_legacy
EFVA,13,0,0,0,departures,0.0,0.0,path0_legacy
UWGG,13,0,0,0,arrivals,0.0,0.0,path0_legacy
LTAY,13,0,0,0,arrivals,0.0,0.0,path0_legacy
LGKV,13,13,13,13,arrivals,1.0,1.0,path0_legacy
LPPS,13,6,1,1,arrivals,0.07692307692307693,0.07692307692307693,path0_legacy
LFRZ,13,13,11,13,arrivals,0.8461538461538461,1.0,path0_legacy
EFKU,13,13,13,13,arrivals,1.0,1.0,path0_legacy
LTCT,13,0,0,0,arrivals,0.0,0.0,path0_legacy
LBPD,13,0,0,0,arrivals,0.0,0.0,path0_legacy
ESNS,12,0,0,0,departures,0.0,0.0,path0_legacy
LTFD,12,11,11,11,departures,0.9166666666666666,0.9166666666666666,path0_legacy
EDFM,12,11,11,18,departures,0.9166666666666666,1.5,path0_legacy
ENST,12,0,0,0,departures,0.0,0.0,path0_legacy
LFMU,12,0,0,0,departures,0.0,0.0,path0_legacy
ENBL,12,0,0,0,departures,0.0,0.0,path0_legacy
EKRK,12,11,11,11,departures,0.9166666666666666,0.9166666666666666,path0_legacy
GCGM,12,0,0,0,departures,0.0,0.0,path0_legacy
ENSD,12,1,0,0,departures,0.0,0.0,path0_legacy
LTCP,12,0,0,0,departures,0.0,0.0,path0_legacy
LIRS,12,1,0,0,departures,0.0,0.0,path0_legacy
LFTZ,12,11,0,0,departures,0.0,0.0,path0_legacy
LTCN,12,0,0,0,departures,0.0,0.0,path0_legacy
LFTW,12,12,12,12,departures,1.0,1.0,path0_legacy
HLLB,12,1,0,0,departures,0.0,0.0,path0_legacy
LGIO,12,10,10,10,arrivals,0.8333333333333334,0.8333333333333334,path0_legacy
LTCD,12,0,0,0,arrivals,0.0,0.0,path0_legacy
LTFD,12,12,12,12,arrivals,1.0,1.0,path0_legacy
LIBF,12,0,0,0,arrivals,0.0,0.0,path0_legacy
ETSI,12,11,10,10,arrivals,0.8333333333333334,0.8333333333333334,path0_legacy
EKSB,12,12,12,12,arrivals,1.0,1.0,path0_legacy
LGRX,12,2,0,0,arrivals,0.0,0.0,path0_legacy
LFMU,12,3,3,3,arrivals,0.25,0.25,path0_legacy
GCGM,12,0,0,0,arrivals,0.0,0.0,path0_legacy
LTCN,12,0,0,0,arrivals,0.0,0.0,path0_legacy
HLLB,12,1,1,1,arrivals,0.08333333333333333,0.08333333333333333,path0_legacy
LIBC,12,0,0,0,arrivals,0.0,0.0,path0_legacy
EFVA,12,0,0,0,arrivals,0.0,0.0,path0_legacy
LRBV,11,10,10,10,departures,0.9090909090909091,0.9090909090909091,path0_legacy
LTCD,11,0,0,0,departures,0.0,0.0,path0_legacy
EGPN,11,11,11,12,departures,1.0,1.0909090909090908,path0_legacy
LTCV,11,0,0,0,departures,0.0,0.0,path0_legacy
LIPO,11,11,11,14,departures,1.0,1.2727272727272727,path0_legacy
LGRX,11,0,0,0,departures,0.0,0.0,path0_legacy
ENAN,11,4,0,0,departures,0.0,0.0,path0_legacy
GMML,11,0,0,0,departures,0.0,0.0,path0_legacy
LFSD,11,10,10,11,departures,0.9090909090909091,1.0,path0_legacy
LFMV,11,11,11,11,arrivals,1.0,1.0,path0_legacy
EGPN,11,10,4,4,arrivals,0.36363636363636365,0.36363636363636365,path0_legacy
LTCV,11,0,0,0,arrivals,0.0,0.0,path0_legacy
ESNS,11,4,4,4,arrivals,0.36363636363636365,0.36363636363636365,path0_legacy
LTDA,11,0,0,0,arrivals,0.0,0.0,path0_legacy
EDFM,11,10,10,14,arrivals,0.9090909090909091,1.2727272727272727,path0_legacy
ENST,11,2,0,0,arrivals,0.0,0.0,path0_legacy
LICB,11,11,10,11,arrivals,0.9090909090909091,1.0,path0_legacy
ENBL,11,0,0,0,arrivals,0.0,0.0,path0_legacy
GMML,11,0,0,0,arrivals,0.0,0.0,path0_legacy
ENSD,11,3,0,0,arrivals,0.0,0.0,path0_legacy
LTCP,11,0,0,0,arrivals,0.0,0.0,path0_legacy
LIRS,11,2,2,3,arrivals,0.18181818181818182,0.2727272727272727,path0_legacy
LFTW,11,11,11,11,arrivals,1.0,1.0,path0_legacy
EDMA,11,11,11,11,arrivals,1.0,1.0,path0_legacy
LGIO,10,8,8,8,departures,0.8,0.8,path0_legacy
LFMV,10,9,8,12,departures,0.8,1.2,path0_legacy
EKSB,10,10,10,10,departures,1.0,1.0,path0_legacy
ESNZ,10,8,8,8,departures,0.8,0.8,path0_legacy
LQMO,10,0,0,0,departures,0.0,0.0,path0_legacy
LGIK,10,5,0,0,departures,0.0,0.0,path0_legacy
LIMP,10,1,1,2,departures,0.1,0.2,path0_legacy
EHGG,10,10,10,10,departures,1.0,1.0,path0_legacy
LIPK,10,8,8,8,departures,0.8,0.8,path0_legacy
DAAE,10,0,0,0,departures,0.0,0.0,path0_legacy
LFCR,10,10,10,10,arrivals,1.0,1.0,path0_legacy
EKOD,10,10,10,10,arrivals,1.0,1.0,path0_legacy
EHGG,10,10,10,12,arrivals,1.0,1.2,path0_legacy
LDSB,10,1,0,0,arrivals,0.0,0.0,path0_legacy
LIPK,10,8,8,8,arrivals,0.8,0.8,path0_legacy
DAAE,10,3,3,3,arrivals,0.3,0.3,path0_legacy
LICB,9,9,9,9,departures,1.0,1.0,path0_legacy
EDTY,9,5,4,4,departures,0.4444444444444444,0.4444444444444444,path0_legacy
LFCR,9,1,1,1,departures,0.1111111111111111,0.1111111111111111,path0_legacy
LKPD,9,9,9,13,departures,1.0,1.4444444444444444,path0_legacy
GMMI,9,0,0,0,departures,0.0,0.0,path0_legacy
ESTA,9,0,0,0,departures,0.0,0.0,path0_legacy
ESKN,9,4,4,4,departures,0.4444444444444444,0.4444444444444444,path0_legacy
LBPD,9,0,0,0,departures,0.0,0.0,path0_legacy
GMFK,9,0,0,0,departures,0.0,0.0,path0_legacy
LTCO,9,0,0,0,departures,0.0,0.0,path0_legacy
ENMS,9,0,0,0,departures,0.0,0.0,path0_legacy
LDSB,9,0,0,0,departures,0.0,0.0,path0_legacy
LTBR,9,1,0,1,departures,0.0,0.1111111111111111,path0_legacy
ENNA,9,0,0,0,departures,0.0,0.0,path0_legacy
UUBW,9,0,0,0,arrivals,0.0,0.0,path0_legacy
LRBV,9,9,9,9,arrivals,1.0,1.0,path0_legacy
ESNZ,9,7,7,7,arrivals,0.7777777777777778,0.7777777777777778,path0_legacy
EKRK,9,9,9,9,arrivals,1.0,1.0,path0_legacy
DAON,9,0,0,0,arrivals,0.0,0.0,path0_legacy
LQMO,9,0,0,0,arrivals,0.0,0.0,path0_legacy
GMMI,9,0,0,0,arrivals,0.0,0.0,path0_legacy
LGIK,9,4,0,0,arrivals,0.0,0.0,path0_legacy
ENAN,9,4,0,0,arrivals,0.0,0.0,path0_legacy
URML,9,0,0,0,arrivals,0.0,0.0,path0_legacy
ESKN,9,7,6,6,arrivals,0.6666666666666666,0.6666666666666666,path0_legacy
EGNR,9,8,8,9,arrivals,0.8888888888888888,1.0,path0_legacy
GMFK,9,0,0,0,arrivals,0.0,0.0,path0_legacy
LTCO,9,1,0,0,arrivals,0.0,0.0,path0_legacy
ENMS,9,1,0,0,arrivals,0.0,0.0,path0_legacy
LTBR,9,7,7,10,arrivals,0.7777777777777778,1.1111111111111112,path0_legacy
EPSY,8,0,0,0,departures,0.0,0.0,path0_legacy
LSMP,8,2,1,4,departures,0.125,0.5,path0_legacy
LQTZ,8,0,0,0,departures,0.0,0.0,path0_legacy
LFSL,8,0,0,0,departures,0.0,0.0,path0_legacy
LDOS,8,1,1,1,departures,0.125,0.125,path0_legacy
EGPI,8,0,0,0,departures,0.0,0.0,path0_legacy
ESMX,8,0,0,0,departures,0.0,0.0,path0_legacy
EFMA,8,1,1,1,departures,0.125,0.125,path0_legacy
LFRG,8,7,7,7,departures,0.875,0.875,path0_legacy
EGPR,8,0,0,0,departures,0.0,0.0,path0_legacy
BIEG,8,0,0,0,departures,0.0,0.0,path0_legacy
DAON,8,0,0,0,departures,0.0,0.0,path0_legacy
EDHI,8,8,8,8,departures,1.0,1.0,path0_legacy
EDLN,8,8,6,7,departures,0.75,0.875,path0_legacy
EFTP,8,6,5,5,departures,0.625,0.625,path0_legacy
ENJS,8,0,0,0,departures,0.0,0.0,path0_legacy
LFOT,8,0,0,0,departures,0.0,0.0,path0_legacy
UBBG,8,0,0,0,departures,0.0,0.0,path0_legacy
LGST,8,0,0,0,departures,0.0,0.0,path0_legacy
LEBZ,8,0,0,0,departures,0.0,0.0,path0_legacy
LFLB,8,6,6,7,arrivals,0.75,0.875,path0_legacy
LSMP,8,8,7,10,arrivals,0.875,1.25,path0_legacy
LQTZ,8,1,1,1,arrivals,0.125,0.125,path0_legacy
LFSL,8,0,0,0,arrivals,0.0,0.0,path0_legacy
LDOS,8,3,3,3,arrivals,0.375,0.375,path0_legacy
EGPI,8,0,0,0,arrivals,0.0,0.0,path0_legacy
ESMX,8,2,2,3,arrivals,0.25,0.375,path0_legacy
EBKT,8,8,8,8,arrivals,1.0,1.0,path0_legacy
EFMA,8,0,0,0,arrivals,0.0,0.0,path0_legacy
BIEG,8,0,0,0,arrivals,0.0,0.0,path0_legacy
LKPD,8,8,8,12,arrivals,1.0,1.5,path0_legacy
ESTA,8,2,2,2,arrivals,0.25,0.25,path0_legacy
LFOT,8,8,8,9,arrivals,1.0,1.125,path0_legacy
LGST,8,0,0,0,arrivals,0.0,0.0,path0_legacy
ENNA,8,0,0,0,arrivals,0.0,0.0,path0_legacy
EDRY,7,7,0,0,departures,0.0,0.0,path0_legacy
ENNM,7,2,0,0,departures,0.0,0.0,path0_legacy
ESNQ,7,0,0,0,departures,0.0,0.0,path0_legacy
LIBF,7,0,0,0,departures,0.0,0.0,path0_legacy
LHDC,7,0,0,0,departures,0.0,0.0,path0_legacy
EIDL,7,0,0,0,departures,0.0,0.0,path0_legacy
LTCW,7,0,0,0,departures,0.0,0.0,path0_legacy
BIIS,7,0,0,0,departures,0.0,0.0,path0_legacy
EDTL,7,7,7,7,departures,1.0,1.0,path0_legacy
EKOD,7,7,7,7,departures,1.0,1.0,path0_legacy
OITT,7,0,0,0,departures,0.0,0.0,path0_legacy
ESSL,7,6,6,6,departures,0.8571428571428571,0.8571428571428571,path0_legacy
EGPL,7,0,0,0,departures,0.0,0.0,path0_legacy
UUBW,7,0,0,0,departures,0.0,0.0,path0_legacy
HEBA,7,6,6,6,departures,0.8571428571428571,0.8571428571428571,path0_legacy
ESNQ,7,0,0,0,arrivals,0.0,0.0,path0_legacy
EIDL,7,6,6,6,arrivals,0.8571428571428571,0.8571428571428571,path0_legacy
LTCW,7,0,0,0,arrivals,0.0,0.0,path0_legacy
EGPR,7,0,0,0,arrivals,0.0,0.0,path0_legacy
BIIS,7,0,0,0,arrivals,0.0,0.0,path0_legacy
DABB,7,1,0,0,arrivals,0.0,0.0,path0_legacy
EDHI,7,7,7,7,arrivals,1.0,1.0,path0_legacy
EDTL,7,7,7,8,arrivals,1.0,1.1428571428571428,path0_legacy
OITT,7,0,0,0,arrivals,0.0,0.0,path0_legacy
ENJS,7,0,0,0,arrivals,0.0,0.0,path0_legacy
EGPL,7,0,0,0,arrivals,0.0,0.0,path0_legacy
LEBZ,7,4,4,4,arrivals,0.5714285714285714,0.5714285714285714,path0_legacy
EDTY,7,7,6,6,arrivals,0.8571428571428571,0.8571428571428571,path0_legacy
LIMP,7,5,5,6,arrivals,0.7142857142857143,0.8571428571428571,path0_legacy
EDVK,6,4,3,3,departures,0.5,0.5,path0_legacy
EHJA,6,0,0,0,departures,0.0,0.0,path0_legacy
HEAL,6,1,1,1,departures,0.16666666666666666,0.16666666666666666,path0_legacy
EGPU,6,0,0,0,departures,0.0,0.0,path0_legacy
HEMM,6,0,0,0,departures,0.0,0.0,path0_legacy
ESNK,6,0,0,0,departures,0.0,0.0,path0_legacy
EDHL,6,6,6,6,departures,1.0,1.0,path0_legacy
ENDU,6,0,0,0,departures,0.0,0.0,path0_legacy
EFKE,6,0,0,0,departures,0.0,0.0,path0_legacy
ESOE,6,1,1,1,departures,0.16666666666666666,0.16666666666666666,path0_legacy
ENSO,6,2,2,10,departures,0.3333333333333333,1.6666666666666667,path0_legacy
EFJO,6,0,0,0,departures,0.0,0.0,path0_legacy
LPPM,6,6,6,10,departures,1.0,1.6666666666666667,path0_legacy
URML,6,0,0,0,departures,0.0,0.0,path0_legacy
ENRM,6,0,0,0,departures,0.0,0.0,path0_legacy
LTCU,6,0,0,0,departures,0.0,0.0,path0_legacy
EGNR,6,6,6,6,departures,1.0,1.0,path0_legacy
LPVZ,6,1,0,0,departures,0.0,0.0,path0_legacy
ESKM,6,3,0,0,departures,0.0,0.0,path0_legacy
ESNL,6,0,0,0,departures,0.0,0.0,path0_legacy
EFIV,6,2,0,0,departures,0.0,0.0,path0_legacy
DABB,6,0,0,0,departures,0.0,0.0,path0_legacy
EDVK,6,4,4,5,arrivals,0.6666666666666666,0.8333333333333334,path0_legacy
HEAL,6,2,2,2,arrivals,0.3333333333333333,0.3333333333333333,path0_legacy
EDRY,6,6,0,0,arrivals,0.0,0.0,path0_legacy
EGPU,6,0,0,0,arrivals,0.0,0.0,path0_legacy
ENNM,6,3,0,0,arrivals,0.0,0.0,path0_legacy
ESNK,6,0,0,1,arrivals,0.0,0.16666666666666666,path0_legacy
EDHL,6,6,6,6,arrivals,1.0,1.0,path0_legacy
LHDC,6,0,0,0,arrivals,0.0,0.0,path0_legacy
ESOE,6,6,6,7,arrivals,1.0,1.1666666666666667,path0_legacy
ENSO,6,6,6,6,arrivals,1.0,1.0,path0_legacy
EFJO,6,1,1,1,arrivals,0.16666666666666666,0.16666666666666666,path0_legacy
LFLI,6,6,5,5,arrivals,0.8333333333333334,0.8333333333333334,path0_legacy
LFEC,6,0,0,0,arrivals,0.0,0.0,path0_legacy
LWOH,6,0,0,0,arrivals,0.0,0.0,path0_legacy
HEBA,6,5,5,5,arrivals,0.8333333333333334,0.8333333333333334,path0_legacy
LIMZ,6,6,6,6,arrivals,1.0,1.0,path0_legacy
ENRM,6,1,1,2,arrivals,0.16666666666666666,0.3333333333333333,path0_legacy
EFTP,6,5,5,5,arrivals,0.8333333333333334,0.8333333333333334,path0_legacy
ENLE,6,0,0,0,arrivals,0.0,0.0,path0_legacy
LTCU,6,0,0,0,arrivals,0.0,0.0,path0_legacy
ESSL,6,6,6,7,arrivals,1.0,1.1666666666666667,path0_legacy
LGLE,6,1,0,0,arrivals,0.0,0.0,path0_legacy
EFIV,6,2,0,0,arrivals,0.0,0.0,path0_legacy
ESKM,6,3,0,0,arrivals,0.0,0.0,path0_legacy
ESNL,6,0,0,0,arrivals,0.0,0.0,path0_legacy
ESNX,5,0,0,0,departures,0.0,0.0,path0_legacy
LFLB,5,0,0,0,departures,0.0,0.0,path0_legacy
EFKI,5,0,0,0,departures,0.0,0.0,path0_legacy
ORMM,5,0,0,0,departures,0.0,0.0,path0_legacy
EEKE,5,0,0,0,departures,0.0,0.0,path0_legacy
LTCM,5,0,0,0,departures,0.0,0.0,path0_legacy
LTCL,5,0,0,0,departures,0.0,0.0,path0_legacy
LFEC,5,0,0,0,departures,0.0,0.0,path0_legacy
LGKY,5,1,0,0,departures,0.0,0.0,path0_legacy
ENHE,5,0,0,0,departures,0.0,0.0,path0_legacy
ESNG,5,0,0,0,departures,0.0,0.0,path0_legacy
LTAW,5,0,0,0,departures,0.0,0.0,path0_legacy
ENFB,5,0,0,0,departures,0.0,0.0,path0_legacy
LGKC,5,0,0,0,departures,0.0,0.0,path0_legacy
ENLE,5,2,0,0,departures,0.0,0.0,path0_legacy
EFJY,5,0,0,0,departures,0.0,0.0,path0_legacy
EETU,5,1,1,1,departures,0.2,0.2,path0_legacy
LFJL,5,4,4,4,departures,0.8,0.8,path0_legacy
EFKK,5,5,5,5,departures,1.0,1.0,path0_legacy
LRTM,5,0,0,0,departures,0.0,0.0,path0_legacy
EDAH,5,2,2,2,departures,0.4,0.4,path0_legacy
LGLE,5,0,0,0,departures,0.0,0.0,path0_legacy
EGEC,5,0,0,0,departures,0.0,0.0,path0_legacy
ESGT,5,0,0,0,departures,0.0,0.0,path0_legacy
ENRS,5,3,0,0,departures,0.0,0.0,path0_legacy
DAAS,5,0,0,0,departures,0.0,0.0,path0_legacy
ESDF,5,5,5,5,departures,1.0,1.0,path0_legacy
EEKA,5,0,0,0,departures,0.0,0.0,path0_legacy
LFLI,5,1,1,1,departures,0.2,0.2,path0_legacy
LWOH,5,0,0,0,departures,0.0,0.0,path0_legacy
LIMZ,5,4,4,4,departures,0.8,0.8,path0_legacy
GMMZ,5,0,0,0,departures,0.0,0.0,path0_legacy
EPSY,5,2,2,4,arrivals,0.4,0.8,path0_legacy
LSZS,5,0,0,0,arrivals,0.0,0.0,path0_legacy
URMG,5,0,0,0,arrivals,0.0,0.0,path0_legacy
EFKI,5,0,0,0,arrivals,0.0,0.0,path0_legacy
HEMM,5,0,0,0,arrivals,0.0,0.0,path0_legacy
ORMM,5,3,3,3,arrivals,0.6,0.6,path0_legacy
ENDU,5,0,0,0,arrivals,0.0,0.0,path0_legacy
EEKE,5,2,2,2,arrivals,0.4,0.4,path0_legacy
DAAS,5,0,0,0,arrivals,0.0,0.0,path0_legacy
LTCM,5,0,0,0,arrivals,0.0,0.0,path0_legacy
LTCL,5,0,0,0,arrivals,0.0,0.0,path0_legacy
LFRG,5,5,5,5,arrivals,1.0,1.0,path0_legacy
EEKA,5,0,0,0,arrivals,0.0,0.0,path0_legacy
ENHE,5,0,0,0,arrivals,0.0,0.0,path0_legacy
LPPM,5,5,3,4,arrivals,0.6,0.8,path0_legacy
ESNG,5,0,0,0,arrivals,0.0,0.0,path0_legacy
LTAW,5,0,0,0,arrivals,0.0,0.0,path0_legacy
EGVN,5,4,4,4,arrivals,0.8,0.8,path0_legacy
GMMZ,5,0,0,0,arrivals,0.0,0.0,path0_legacy
LESA,5,1,0,0,arrivals,0.0,0.0,path0_legacy
UBBG,5,0,0,0,arrivals,0.0,0.0,path0_legacy
LFJL,5,5,5,5,arrivals,1.0,1.0,path0_legacy
LPVZ,5,5,1,1,arrivals,0.2,0.2,path0_legacy
LRTM,5,0,0,0,arrivals,0.0,0.0,path0_legacy
EDAH,5,3,3,3,arrivals,0.6,0.6,path0_legacy
EGEC,5,0,0,0,arrivals,0.0,0.0,path0_legacy
ENRS,5,0,0,0,arrivals,0.0,0.0,path0_legacy
EKDF,5,0,0,0,arrivals,0.0,0.0,path0_legacy
LGKC,5,0,0,0,arrivals,0.0,0.0,path0_legacy
ENOA,5,1,0,0,arrivals,0.0,0.0,path0_legacy
LGSO,4,0,0,0,departures,0.0,0.0,path0_legacy
LFPN,4,4,4,4,departures,1.0,1.0,path0_legacy
LFOZ,4,0,0,0,departures,0.0,0.0,path0_legacy
UWSG,4,0,0,0,departures,0.0,0.0,path0_legacy
EPRA,4,0,0,0,departures,0.0,0.0,path0_legacy
LZTT,4,0,0,0,departures,0.0,0.0,path0_legacy
ENRO,4,0,0,0,departures,0.0,0.0,path0_legacy
EDQG,4,4,0,0,departures,0.0,0.0,path0_legacy
ESNV,4,0,0,0,departures,0.0,0.0,path0_legacy
LECU,4,3,3,3,departures,0.75,0.75,path0_legacy
ESOH,4,2,0,0,departures,0.0,0.0,path0_legacy
ESMT,4,0,0,0,departures,0.0,0.0,path0_legacy
URWW,4,0,0,0,departures,0.0,0.0,path0_legacy
ENSR,4,0,0,0,departures,0.0,0.0,path0_legacy
ENGC,4,0,0,0,departures,0.0,0.0,path0_legacy
ESOK,4,0,0,0,departures,0.0,0.0,path0_legacy
LSZA,4,3,3,3,departures,0.75,0.75,path0_legacy
EKDF,4,0,0,0,departures,0.0,0.0,path0_legacy
EDAZ,4,4,0,0,departures,0.0,0.0,path0_legacy
ESMQ,4,3,3,3,departures,0.75,0.75,path0_legacy
LFRT,4,0,0,0,departures,0.0,0.0,path0_legacy
LSGL,4,3,0,0,departures,0.0,0.0,path0_legacy
LFLW,4,0,0,0,departures,0.0,0.0,path0_legacy
LESA,4,0,0,0,departures,0.0,0.0,path0_legacy
LESU,4,0,0,0,departures,0.0,0.0,path0_legacy
LFRH,4,1,1,1,departures,0.25,0.25,path0_legacy
LGBL,4,0,0,0,departures,0.0,0.0,path0_legacy
LTAP,4,0,0,0,departures,0.0,0.0,path0_legacy
LJPZ,4,3,2,2,departures,0.5,0.5,path0_legacy
LFRD,4,3,3,3,departures,0.75,0.75,path0_legacy
LTFC,4,0,0,0,departures,0.0,0.0,path0_legacy
LKHK,4,4,0,0,departures,0.0,0.0,path0_legacy
ESSP,4,1,1,1,departures,0.25,0.25,path0_legacy
LKCS,4,4,4,4,departures,1.0,1.0,path0_legacy
ESND,4,0,0,0,departures,0.0,0.0,path0_legacy
EFKT,4,0,0,0,departures,0.0,0.0,path0_legacy
EPZG,4,3,3,3,departures,0.75,0.75,path0_legacy
ESGJ,4,0,0,0,departures,0.0,0.0,path0_legacy
LGKS,4,0,0,0,departures,0.0,0.0,path0_legacy
LFCK,4,4,4,4,departures,1.0,1.0,path0_legacy
LEVD,4,0,0,0,departures,0.0,0.0,path0_legacy
ORKK,4,0,0,0,departures,0.0,0.0,path0_legacy
LGSO,4,0,0,0,arrivals,0.0,0.0,path0_legacy
ESNX,4,0,0,0,arrivals,0.0,0.0,path0_legacy
EDRZ,4,4,0,0,arrivals,0.0,0.0,path0_legacy
UWSG,4,1,1,1,arrivals,0.25,0.25,path0_legacy
LRBM,4,0,0,0,arrivals,0.0,0.0,path0_legacy
LGPL,4,0,0,0,arrivals,0.0,0.0,path0_legacy
URMO,4,0,0,0,arrivals,0.0,0.0,path0_legacy
ENXO,4,0,0,0,arrivals,0.0,0.0,path0_legacy
LZTT,4,0,0,0,arrivals,0.0,0.0,path0_legacy
LEVD,4,0,0,0,arrivals,0.0,0.0,path0_legacy
EHLL,4,0,0,0,arrivals,0.0,0.0,path0_legacy
LFLX,4,0,0,0,arrivals,0.0,0.0,path0_legacy
LKCS,4,4,4,5,arrivals,1.0,1.25,path0_legacy
EDQG,4,4,0,0,arrivals,0.0,0.0,path0_legacy
ENQG,4,0,0,0,arrivals,0.0,0.0,path0_legacy
ESNV,4,0,0,0,arrivals,0.0,0.0,path0_legacy
ESDF,4,2,2,3,arrivals,0.5,0.75,path0_legacy
ESOH,4,4,0,0,arrivals,0.0,0.0,path0_legacy
LGKY,4,2,0,0,arrivals,0.0,0.0,path0_legacy
ENQS,4,0,0,0,arrivals,0.0,0.0,path0_legacy
ENSR,4,0,0,0,arrivals,0.0,0.0,path0_legacy
ENGC,4,0,0,0,arrivals,0.0,0.0,path0_legacy
ESOK,4,1,1,1,arrivals,0.25,0.25,path0_legacy
EDAZ,4,4,0,0,arrivals,0.0,0.0,path0_legacy
EGNO,4,4,4,5,arrivals,1.0,1.25,path0_legacy
LSGL,4,3,0,0,arrivals,0.0,0.0,path0_legacy
EFJY,4,0,0,0,arrivals,0.0,0.0,path0_legacy
LFRH,4,3,3,3,arrivals,0.75,0.75,path0_legacy
LTAP,4,0,0,0,arrivals,0.0,0.0,path0_legacy
EETU,4,0,0,0,arrivals,0.0,0.0,path0_legacy
EFKK,4,4,4,4,arrivals,1.0,1.0,path0_legacy
LTAS,4,0,0,1,arrivals,0.0,0.25,path0_legacy
ESGJ,4,0,0,1,arrivals,0.0,0.25,path0_legacy
LGKS,4,0,0,0,arrivals,0.0,0.0,path0_legacy
LFCK,4,4,4,4,arrivals,1.0,1.0,path0_legacy
LTFC,4,0,0,0,arrivals,0.0,0.0,path0_legacy
LKHK,4,4,0,0,arrivals,0.0,0.0,path0_legacy
EFKE,4,0,0,0,arrivals,0.0,0.0,path0_legacy
ESSP,4,4,4,4,arrivals,1.0,1.0,path0_legacy
LDLO,4,0,0,0,arrivals,0.0,0.0,path0_legacy
ESND,4,0,0,0,arrivals,0.0,0.0,path0_legacy
LSZA,4,4,4,5,arrivals,1.0,1.25,path0_legacy
LZPP,4,3,3,3,arrivals,0.75,0.75,path0_legacy
EFKT,4,1,0,0,arrivals,0.0,0.0,path0_legacy
LFLW,4,0,0,0,arrivals,0.0,0.0,path0_legacy
LGBL,4,0,0,0,arrivals,0.0,0.0,path0_legacy
ESGT,4,1,1,1,arrivals,0.25,0.25,path0_legacy
BIBD,3,0,0,0,departures,0.0,0.0,path0_legacy
ENQO,3,0,0,0,departures,0.0,0.0,path0_legacy
EGLK,3,3,3,4,departures,1.0,1.3333333333333333,path0_legacy
LFBI,3,0,0,0,departures,0.0,0.0,path0_legacy
ENWS,3,0,0,0,departures,0.0,0.0,path0_legacy
URMG,3,0,0,0,departures,0.0,0.0,path0_legacy
LRBM,3,0,0,0,departures,0.0,0.0,path0_legacy
EGMD,3,3,2,2,departures,0.6666666666666666,0.6666666666666666,path0_legacy
ETAR,3,3,3,4,departures,1.0,1.3333333333333333,path0_legacy
EDGS,3,3,3,3,departures,1.0,1.0,path0_legacy
URMO,3,0,0,0,departures,0.0,0.0,path0_legacy
ENXO,3,1,0,0,departures,0.0,0.0,path0_legacy
LELN,3,0,0,0,departures,0.0,0.0,path0_legacy
LFLS,3,2,2,2,departures,0.6666666666666666,0.6666666666666666,path0_legacy
EDTM,3,2,2,2,departures,0.6666666666666666,0.6666666666666666,path0_legacy
LPBJ,3,2,2,2,departures,0.6666666666666666,0.6666666666666666,path0_legacy
ENOL,3,1,1,1,departures,0.3333333333333333,0.3333333333333333,path0_legacy
OJAM,3,0,0,0,departures,0.0,0.0,path0_legacy
ENSE,3,0,0,0,departures,0.0,0.0,path0_legacy
ENOC,3,0,0,0,departures,0.0,0.0,path0_legacy
DTTX,3,0,0,0,departures,0.0,0.0,path0_legacy
LTBH,3,0,0,0,departures,0.0,0.0,path0_legacy
EFKS,3,0,0,0,departures,0.0,0.0,path0_legacy
BIHN,3,0,0,0,departures,0.0,0.0,path0_legacy
ENSL,3,0,0,0,departures,0.0,0.0,path0_legacy
UDSG,3,0,0,0,departures,0.0,0.0,path0_legacy
GMMB,3,1,0,0,departures,0.0,0.0,path0_legacy
ENWY,3,0,0,0,departures,0.0,0.0,path0_legacy
ESOW,3,3,3,3,departures,1.0,1.0,path0_legacy
LTAL,3,0,0,0,departures,0.0,0.0,path0_legacy
ESNO,3,0,0,0,departures,0.0,0.0,path0_legacy
LTAS,3,0,0,0,departures,0.0,0.0,path0_legacy
LFHP,3,0,0,0,departures,0.0,0.0,path0_legacy
EGNH,3,3,3,4,departures,1.0,1.3333333333333333,path0_legacy
LGSY,3,0,0,0,departures,0.0,0.0,path0_legacy
LSZS,3,1,0,0,departures,0.0,0.0,path0_legacy
ESNN,3,0,0,0,departures,0.0,0.0,path0_legacy
ENWV,3,0,0,0,departures,0.0,0.0,path0_legacy
GMTA,3,3,3,3,departures,1.0,1.0,path0_legacy
LDLO,3,0,0,0,departures,0.0,0.0,path0_legacy
EKHA,3,0,0,0,departures,0.0,0.0,path0_legacy
LRCK,3,0,0,0,departures,0.0,0.0,path0_legacy
LFAT,3,0,0,0,departures,0.0,0.0,path0_legacy
EGNO,3,3,3,4,departures,1.0,1.3333333333333333,path0_legacy
ENOA,3,0,0,0,departures,0.0,0.0,path0_legacy
LSZC,3,3,0,0,departures,0.0,0.0,path0_legacy
ENQA,3,2,0,0,departures,0.0,0.0,path0_legacy
OSDI,3,0,0,0,departures,0.0,0.0,path0_legacy
ESUP,3,0,0,0,departures,0.0,0.0,path0_legacy
BIBD,3,0,0,0,arrivals,0.0,0.0,path0_legacy
ULAA,3,0,0,0,arrivals,0.0,0.0,path0_legacy
LFBI,3,2,2,2,arrivals,0.6666666666666666,0.6666666666666666,path0_legacy
LFLU,3,3,3,3,arrivals,1.0,1.0,path0_legacy
LFOZ,3,2,0,0,arrivals,0.0,0.0,path0_legacy
ENWS,3,0,0,0,arrivals,0.0,0.0,path0_legacy
EHJA,3,0,0,0,arrivals,0.0,0.0,path0_legacy
EPRA,3,2,2,5,arrivals,0.6666666666666666,1.6666666666666667,path0_legacy
LFMQ,3,3,3,3,arrivals,1.0,1.0,path0_legacy
OSDI,3,0,0,0,arrivals,0.0,0.0,path0_legacy
LFOH,3,3,2,2,arrivals,0.6666666666666666,0.6666666666666666,path0_legacy
LELN,3,0,0,0,arrivals,0.0,0.0,path0_legacy
ESUP,3,0,0,0,arrivals,0.0,0.0,path0_legacy
GMTA,3,3,3,3,arrivals,1.0,1.0,path0_legacy
EDTM,3,3,3,3,arrivals,1.0,1.0,path0_legacy
OJAM,3,1,0,0,arrivals,0.0,0.0,path0_legacy
LECU,3,3,3,3,arrivals,1.0,1.0,path0_legacy
ESMT,3,1,0,1,arrivals,0.0,0.3333333333333333,path0_legacy
ENOC,3,2,0,0,arrivals,0.0,0.0,path0_legacy
DTTX,3,0,0,0,arrivals,0.0,0.0,path0_legacy
LTBH,3,1,1,1,arrivals,0.3333333333333333,0.3333333333333333,path0_legacy
EFKS,3,0,0,0,arrivals,0.0,0.0,path0_legacy
ENSL,3,0,0,0,arrivals,0.0,0.0,path0_legacy
UDSG,3,0,0,0,arrivals,0.0,0.0,path0_legacy
GMMB,3,1,0,0,arrivals,0.0,0.0,path0_legacy
ENWY,3,0,0,0,arrivals,0.0,0.0,path0_legacy
ESOW,3,3,3,3,arrivals,1.0,1.0,path0_legacy
LTAL,3,0,0,0,arrivals,0.0,0.0,path0_legacy
ESNO,3,0,0,0,arrivals,0.0,0.0,path0_legacy
LFHP,3,0,0,0,arrivals,0.0,0.0,path0_legacy
EGNH,3,3,3,3,arrivals,1.0,1.0,path0_legacy
EPZG,3,3,3,3,arrivals,1.0,1.0,path0_legacy
LGSY,3,0,0,0,arrivals,0.0,0.0,path0_legacy
LFRC,3,3,2,2,arrivals,0.6666666666666666,0.6666666666666666,path0_legacy
ESUT,3,0,0,0,arrivals,0.0,0.0,path0_legacy
EDGS,3,3,3,3,arrivals,1.0,1.0,path0_legacy
ENRO,3,0,0,0,arrivals,0.0,0.0,path0_legacy
ENWV,3,0,0,0,arrivals,0.0,0.0,path0_legacy
LFLS,3,3,3,3,arrivals,1.0,1.0,path0_legacy
EKHA,3,0,0,0,arrivals,0.0,0.0,path0_legacy
URWW,3,0,0,0,arrivals,0.0,0.0,path0_legacy
ENFB,3,0,0,0,arrivals,0.0,0.0,path0_legacy
ESMQ,3,3,3,6,arrivals,1.0,2.0,path0_legacy
BIHN,3,0,0,0,arrivals,0.0,0.0,path0_legacy
EHFB,3,0,0,0,arrivals,0.0,0.0,path0_legacy
ENQA,3,2,0,0,arrivals,0.0,0.0,path0_legacy
LFRD,3,3,3,3,arrivals,1.0,1.0,path0_legacy
LFQG,2,0,0,0,departures,0.0,0.0,path0_legacy
EHPK,2,2,0,0,departures,0.0,0.0,path0_legacy
LFLU,2,2,2,2,departures,1.0,1.0,path0_legacy
LTAG,2,0,0,0,departures,0.0,0.0,path0_legacy
LFRC,2,2,1,8,departures,0.5,4.0,path0_legacy
ENQV,2,0,0,0,departures,0.0,0.0,path0_legacy
LFMQ,2,2,2,2,departures,1.0,1.0,path0_legacy
EGFE,2,2,2,2,departures,1.0,1.0,path0_legacy
EHKJ,2,0,0,0,departures,0.0,0.0,path0_legacy
ENQC,2,1,0,0,departures,0.0,0.0,path0_legacy
LFOK,2,0,0,0,departures,0.0,0.0,path0_legacy
EGBJ,2,2,2,2,departures,1.0,1.0,path0_legacy
LSGK,2,0,0,0,departures,0.0,0.0,path0_legacy
EGPC,2,0,0,0,departures,0.0,0.0,path0_legacy
LSGC,2,0,0,0,departures,0.0,0.0,path0_legacy
ENNE,2,0,0,0,departures,0.0,0.0,path0_legacy
ENQS,2,0,0,0,departures,0.0,0.0,path0_legacy
ENXW,2,1,0,0,departures,0.0,0.0,path0_legacy
LEAB,2,2,2,2,departures,1.0,1.0,path0_legacy
EGVN,2,2,2,2,departures,1.0,1.0,path0_legacy
EDXQ,2,2,0,0,departures,0.0,0.0,path0_legacy
LTBY,2,0,0,0,departures,0.0,0.0,path0_legacy
ENWA,2,0,0,0,departures,0.0,0.0,path0_legacy
LFPT,2,2,2,3,departures,1.0,1.5,path0_legacy
OENN,2,0,0,0,departures,0.0,0.0,path0_legacy
ENUA,2,0,0,0,departures,0.0,0.0,path0_legacy
LEGT,2,1,1,1,departures,0.5,0.5,path0_legacy
LFGA,2,1,1,2,departures,0.5,1.0,path0_legacy
LDRG,2,0,0,0,departures,0.0,0.0,path0_legacy
GMMD,2,0,0,0,departures,0.0,0.0,path0_legacy
LFRV,2,1,1,1,departures,0.5,0.5,path0_legacy
LJMB,2,2,1,3,departures,0.5,1.5,path0_legacy
LTBZ,2,0,0,0,departures,0.0,0.0,path0_legacy
LTBU,2,0,0,0,departures,0.0,0.0,path0_legacy
ESUT,2,0,0,0,departures,0.0,0.0,path0_legacy
BIVO,2,0,0,0,departures,0.0,0.0,path0_legacy
ENQD,2,0,0,0,departures,0.0,0.0,path0_legacy
EHGQ,2,0,0,0,departures,0.0,0.0,path0_legacy
LFOH,2,2,2,2,departures,1.0,1.0,path0_legacy
LGPL,2,0,0,0,departures,0.0,0.0,path0_legacy
LSTS,2,0,0,0,departures,0.0,0.0,path0_legacy
EHLL,2,0,0,0,departures,0.0,0.0,path0_legacy
GMAT,2,0,0,0,departures,0.0,0.0,path0_legacy
BITN,2,0,0,0,departures,0.0,0.0,path0_legacy
LFLX,2,0,0,0,departures,0.0,0.0,path0_legacy
DAUB,2,0,0,0,departures,0.0,0.0,path0_legacy
ORNI,2,0,0,0,departures,0.0,0.0,path0_legacy
LEDA,2,0,0,0,departures,0.0,0.0,path0_legacy
ETND,2,2,2,2,departures,1.0,1.0,path0_legacy
LIBG,2,0,0,0,departures,0.0,0.0,path0_legacy
LKKV,2,0,0,0,departures,0.0,0.0,path0_legacy
LFAC,2,0,0,0,departures,0.0,0.0,path0_legacy
ENQE,2,1,0,0,departures,0.0,0.0,path0_legacy
EHFB,2,0,0,0,departures,0.0,0.0,path0_legacy
EGNL,2,1,1,1,departures,0.5,0.5,path0_legacy
LRSM,2,0,0,0,departures,0.0,0.0,path0_legacy
ENQJ,2,0,0,0,departures,0.0,0.0,path0_legacy
ULAA,2,0,0,0,departures,0.0,0.0,path0_legacy
LGKJ,2,0,0,0,departures,0.0,0.0,path0_legacy
ENGA,2,0,0,0,departures,0.0,0.0,path0_legacy
DAOI,2,0,0,0,departures,0.0,0.0,path0_legacy
LZPP,2,2,2,2,departures,1.0,1.0,path0_legacy
ESST,2,0,0,0,departures,0.0,0.0,path0_legacy
EIWF,2,1,1,1,departures,0.5,0.5,path0_legacy
HLMS,2,0,0,0,departures,0.0,0.0,path0_legacy
LFQG,2,0,0,0,arrivals,0.0,0.0,path0_legacy
ENQO,2,0,0,0,arrivals,0.0,0.0,path0_legacy
EGLK,2,2,2,2,arrivals,1.0,1.0,path0_legacy
LTBZ,2,0,0,0,arrivals,0.0,0.0,path0_legacy
LTAG,2,0,0,0,arrivals,0.0,0.0,path0_legacy
LTBU,2,2,2,2,arrivals,1.0,1.0,path0_legacy
ENQV,2,0,0,0,arrivals,0.0,0.0,path0_legacy
EGMD,2,2,2,4,arrivals,1.0,2.0,path0_legacy
LFOK,2,0,0,0,arrivals,0.0,0.0,path0_legacy
ESNN,2,0,0,0,arrivals,0.0,0.0,path0_legacy
LSGK,2,0,0,0,arrivals,0.0,0.0,path0_legacy
EDMS,2,0,0,0,arrivals,0.0,0.0,path0_legacy
ENWE,2,0,0,0,arrivals,0.0,0.0,path0_legacy
LSGC,2,0,0,0,arrivals,0.0,0.0,path0_legacy
ENNE,2,0,0,0,arrivals,0.0,0.0,path0_legacy
DAUB,2,0,0,0,arrivals,0.0,0.0,path0_legacy
EHKV,2,1,0,0,arrivals,0.0,0.0,path0_legacy
ORNI,2,0,0,0,arrivals,0.0,0.0,path0_legacy
LEDA,2,0,0,0,arrivals,0.0,0.0,path0_legacy
ETND,2,2,2,2,arrivals,1.0,1.0,path0_legacy
ENSE,2,0,0,0,arrivals,0.0,0.0,path0_legacy
DAOI,2,0,0,0,arrivals,0.0,0.0,path0_legacy
ENXW,2,0,0,0,arrivals,0.0,0.0,path0_legacy
LEAB,2,2,2,2,arrivals,1.0,1.0,path0_legacy
LFRT,2,2,1,1,arrivals,0.5,0.5,path0_legacy
ENWA,2,1,0,0,arrivals,0.0,0.0,path0_legacy
LFPT,2,2,0,0,arrivals,0.0,0.0,path0_legacy
LKKV,2,2,2,2,arrivals,1.0,1.0,path0_legacy
EHPG,2,2,0,0,arrivals,0.0,0.0,path0_legacy
LEGT,2,2,2,2,arrivals,1.0,1.0,path0_legacy
EKHB,2,0,0,0,arrivals,0.0,0.0,path0_legacy
ESST,2,2,2,4,arrivals,1.0,2.0,path0_legacy
ENQR,2,0,0,0,arrivals,0.0,0.0,path0_legacy
EBMB,2,2,0,0,arrivals,0.0,0.0,path0_legacy
LFRV,2,2,2,2,arrivals,1.0,1.0,path0_legacy
DTTZ,2,0,0,0,arrivals,0.0,0.0,path0_legacy
LJMB,2,1,0,0,arrivals,0.0,0.0,path0_legacy
EHJR,2,0,0,0,arrivals,0.0,0.0,path0_legacy
BIVO,2,0,0,0,arrivals,0.0,0.0,path0_legacy
EHKJ,2,0,0,0,arrivals,0.0,0.0,path0_legacy
ENQD,2,0,0,0,arrivals,0.0,0.0,path0_legacy
OJAQ,2,1,0,0,arrivals,0.0,0.0,path0_legacy
GMAT,2,1,0,0,arrivals,0.0,0.0,path0_legacy
BITN,2,0,0,0,arrivals,0.0,0.0,path0_legacy
LFSN,2,1,0,0,arrivals,0.0,0.0,path0_legacy
LFJR,2,2,2,2,arrivals,1.0,1.0,path0_legacy
EGPC,2,0,0,0,arrivals,0.0,0.0,path0_legacy
EDFZ,2,2,1,1,arrivals,0.5,0.5,path0_legacy
LRCK,2,0,0,0,arrivals,0.0,0.0,path0_legacy
LOAN,2,2,1,1,arrivals,0.5,0.5,path0_legacy
LTBY,2,0,0,0,arrivals,0.0,0.0,path0_legacy
LIBG,2,1,0,0,arrivals,0.0,0.0,path0_legacy
OENN,2,0,0,0,arrivals,0.0,0.0,path0_legacy
ENUA,2,0,0,0,arrivals,0.0,0.0,path0_legacy
EDLN,2,2,2,4,arrivals,1.0,2.0,path0_legacy
LESU,2,0,0,0,arrivals,0.0,0.0,path0_legacy
ENQE,2,0,0,0,arrivals,0.0,0.0,path0_legacy
GMMD,2,0,0,0,arrivals,0.0,0.0,path0_legacy
EGNL,2,2,1,1,arrivals,0.5,0.5,path0_legacy
ENUD,2,0,0,0,arrivals,0.0,0.0,path0_legacy
ENQJ,2,0,0,0,arrivals,0.0,0.0,path0_legacy
HLMS,2,1,0,0,arrivals,0.0,0.0,path0_legacy
ORKK,2,0,0,0,arrivals,0.0,0.0,path0_legacy
EGBJ,2,2,2,2,arrivals,1.0,1.0,path0_legacy
LFAT,2,2,1,2,arrivals,0.5,1.0,path0_legacy
LFAC,2,2,1,1,arrivals,0.5,0.5,path0_legacy
EBCV,1,1,1,1,departures,1.0,1.0,path0_legacy
ENRK,1,1,0,0,departures,0.0,0.0,path0_legacy
ULPB,1,0,0,0,departures,0.0,0.0,path0_legacy
EHTW,1,1,1,1,departures,1.0,1.0,path0_legacy
ENSF,1,0,0,0,departures,0.0,0.0,path0_legacy
UGSA,1,0,0,0,departures,0.0,0.0,path0_legacy
EDQM,1,0,0,0,departures,0.0,0.0,path0_legacy
DABT,1,0,0,0,departures,0.0,0.0,path0_legacy
LGTG,1,0,0,0,departures,0.0,0.0,path0_legacy
EYSA,1,1,1,1,departures,1.0,1.0,path0_legacy
EDMS,1,0,0,0,departures,0.0,0.0,path0_legacy
URWA,1,0,0,0,departures,0.0,0.0,path0_legacy
ENWE,1,0,0,0,departures,0.0,0.0,path0_legacy
ENQG,1,0,0,0,departures,0.0,0.0,path0_legacy
EHKV,1,0,0,0,departures,0.0,0.0,path0_legacy
LFLA,1,0,0,0,departures,0.0,0.0,path0_legacy
LFGF,1,1,0,0,departures,0.0,0.0,path0_legacy
UMII,1,0,0,0,departures,0.0,0.0,path0_legacy
LOIH,1,1,0,0,departures,0.0,0.0,path0_legacy
ENQK,1,0,0,0,departures,0.0,0.0,path0_legacy
ULMM,1,0,0,0,departures,0.0,0.0,path0_legacy
ESMK,1,1,1,1,departures,1.0,1.0,path0_legacy
EDWF,1,1,0,0,departures,0.0,0.0,path0_legacy
LFAQ,1,1,0,0,departures,0.0,0.0,path0_legacy
EKGC,1,0,0,0,departures,0.0,0.0,path0_legacy
ENWK,1,0,0,0,departures,0.0,0.0,path0_legacy
LFRO,1,1,1,1,departures,1.0,1.0,path0_legacy
ULWC,1,0,0,0,departures,0.0,0.0,path0_legacy
LFRI,1,0,0,1,departures,0.0,1.0,path0_legacy
USKK,1,0,0,0,departures,0.0,0.0,path0_legacy
UWPS,1,0,0,0,departures,0.0,0.0,path0_legacy
EGEO,1,0,0,0,departures,0.0,0.0,path0_legacy
LKKU,1,1,1,1,departures,1.0,1.0,path0_legacy
EHPG,1,0,0,0,departures,0.0,0.0,path0_legacy
ENWI,1,0,0,0,departures,0.0,0.0,path0_legacy
LFCI,1,1,1,1,departures,1.0,1.0,path0_legacy
EIWT,1,1,0,0,departures,0.0,0.0,path0_legacy
EGUB,1,1,1,2,departures,1.0,2.0,path0_legacy
ENLA,1,1,0,0,departures,0.0,0.0,path0_legacy
LFBF,1,1,1,1,departures,1.0,1.0,path0_legacy
LKRO,1,1,0,0,departures,0.0,0.0,path0_legacy
EGSC,1,1,1,4,departures,1.0,4.0,path0_legacy
EGHL,1,1,1,4,departures,1.0,4.0,path0_legacy
ENDR,1,0,0,0,departures,0.0,0.0,path0_legacy
LFCH,1,0,0,0,departures,0.0,0.0,path0_legacy
DTTZ,1,0,0,0,departures,0.0,0.0,path0_legacy
EFLP,1,0,0,0,departures,0.0,0.0,path0_legacy
DAUH,1,0,0,0,departures,0.0,0.0,path0_legacy
EPBC,1,0,0,0,departures,0.0,0.0,path0_legacy
EPWK,1,0,0,0,departures,0.0,0.0,path0_legacy
EDRZ,1,1,0,0,departures,0.0,0.0,path0_legacy
EBSP,1,1,0,0,departures,0.0,0.0,path0_legacy
GMAZ,1,1,0,0,departures,0.0,0.0,path0_legacy
LKMH,1,1,0,0,departures,0.0,0.0,path0_legacy
ENQL,1,0,0,0,departures,0.0,0.0,path0_legacy
EHJR,1,0,0,0,departures,0.0,0.0,path0_legacy
LEBA,1,0,0,0,departures,0.0,0.0,path0_legacy
LKJI,1,0,0,0,departures,0.0,0.0,path0_legacy
LYKV,1,0,0,0,departures,0.0,0.0,path0_legacy
LIMG,1,0,0,0,departures,0.0,0.0,path0_legacy
EDBM,1,1,0,0,departures,0.0,0.0,path0_legacy
LFJR,1,1,1,1,departures,1.0,1.0,path0_legacy
LRAR,1,0,0,0,departures,0.0,0.0,path0_legacy
LFLH,1,1,0,0,departures,0.0,0.0,path0_legacy
EDBC,1,1,0,0,departures,0.0,0.0,path0_legacy
EDFZ,1,1,1,1,departures,1.0,1.0,path0_legacy
ENQM,1,0,0,0,departures,0.0,0.0,path0_legacy
EHKS,1,0,0,0,departures,0.0,0.0,path0_legacy
EDFE,1,1,1,97,departures,1.0,97.0,path0_legacy
LKPM,1,1,0,0,departures,0.0,0.0,path0_legacy
LFSG,1,0,0,0,departures,0.0,0.0,path0_legacy
UBBF,1,0,0,0,departures,0.0,0.0,path0_legacy
ENBE,1,0,0,0,departures,0.0,0.0,path0_legacy
DAAV,1,0,0,0,departures,0.0,0.0,path0_legacy
DAUG,1,0,0,0,departures,0.0,0.0,path0_legacy
EKSI,1,0,0,0,departures,0.0,0.0,path0_legacy
EDTF,1,1,0,0,departures,0.0,0.0,path0_legacy
EHJC,1,0,0,0,departures,0.0,0.0,path0_legacy
EKHB,1,0,0,0,departures,0.0,0.0,path0_legacy
LGKA,1,0,0,0,departures,0.0,0.0,path0_legacy
EPCD,1,0,0,0,departures,0.0,0.0,path0_legacy
ENUN,1,0,0,0,departures,0.0,0.0,path0_legacy
BIGJ,1,0,0,0,departures,0.0,0.0,path0_legacy
UBBL,1,0,0,0,departures,0.0,0.0,path0_legacy
ENUD,1,0,0,0,departures,0.0,0.0,path0_legacy
LFMH,1,1,1,1,departures,1.0,1.0,path0_legacy
EPPW,1,0,0,0,departures,0.0,0.0,path0_legacy
LFHS,1,1,0,0,departures,0.0,0.0,path0_legacy
LFOP,1,0,0,0,departures,0.0,0.0,path0_legacy
LOLW,1,1,0,0,departures,0.0,0.0,path0_legacy
EHAK,1,0,0,0,departures,0.0,0.0,path0_legacy
ENUE,1,0,0,0,departures,0.0,0.0,path0_legacy
EDMV,1,0,0,0,departures,0.0,0.0,path0_legacy
EKTE,1,0,0,0,departures,0.0,0.0,path0_legacy
OJAQ,1,0,0,0,departures,0.0,0.0,path0_legacy
EDAY,1,1,0,0,departures,0.0,0.0,path0_legacy
EGOV,1,1,1,1,departures,1.0,1.0,path0_legacy
LFLD,1,0,0,0,departures,0.0,0.0,path0_legacy
ENUS,1,0,0,0,departures,0.0,0.0,path0_legacy
LPEV,1,1,1,1,departures,1.0,1.0,path0_legacy
ENRY,1,1,1,1,departures,1.0,1.0,path0_legacy
LFBA,1,0,0,0,departures,0.0,0.0,path0_legacy
EHFD,1,0,0,0,departures,0.0,0.0,path0_legacy
ENQB,1,1,0,0,departures,0.0,0.0,path0_legacy
OIGG,1,0,0,0,departures,0.0,0.0,path0_legacy
LIRJ,1,0,0,0,departures,0.0,0.0,path0_legacy
LCRA,1,1,1,1,departures,1.0,1.0,path0_legacy
EHQM,1,0,0,0,departures,0.0,0.0,path0_legacy
UUBC,1,0,0,0,departures,0.0,0.0,path0_legacy
UUBI,1,0,0,0,departures,0.0,0.0,path0_legacy
EGBK,1,1,0,0,departures,0.0,0.0,path0_legacy
EHGN,1,0,0,0,departures,0.0,0.0,path0_legacy
ENQR,1,0,0,0,departures,0.0,0.0,path0_legacy
LSZG,1,1,1,1,departures,1.0,1.0,path0_legacy
EHLE,1,1,1,1,departures,1.0,1.0,path0_legacy
ENUK,1,0,0,0,departures,0.0,0.0,path0_legacy
EBMB,1,1,0,0,departures,0.0,0.0,path0_legacy
EDTD,1,0,0,2,departures,0.0,2.0,path0_legacy
LGKZ,1,0,0,0,departures,0.0,0.0,path0_legacy
LHPR,1,1,1,1,departures,1.0,1.0,path0_legacy
LFLO,1,0,0,0,departures,0.0,0.0,path0_legacy
DAUH,1,0,0,0,arrivals,0.0,0.0,path0_legacy
EBCV,1,1,1,2,arrivals,1.0,2.0,path0_legacy
EHFT,1,0,0,0,arrivals,0.0,0.0,path0_legacy
ENRK,1,1,0,0,arrivals,0.0,0.0,path0_legacy
ULPB,1,0,0,0,arrivals,0.0,0.0,path0_legacy
LEBA,1,1,1,1,arrivals,1.0,1.0,path0_legacy
UGSA,1,0,0,0,arrivals,0.0,0.0,path0_legacy
LIMG,1,1,1,1,arrivals,1.0,1.0,path0_legacy
EDBM,1,1,0,0,arrivals,0.0,0.0,path0_legacy
URWA,1,0,0,0,arrivals,0.0,0.0,path0_legacy
LFLD,1,0,0,0,arrivals,0.0,0.0,path0_legacy
LPEV,1,1,1,1,arrivals,1.0,1.0,path0_legacy
EDBC,1,1,0,0,arrivals,0.0,0.0,path0_legacy
LFLA,1,0,0,0,arrivals,0.0,0.0,path0_legacy
UMII,1,0,0,0,arrivals,0.0,0.0,path0_legacy
ENQB,1,0,0,0,arrivals,0.0,0.0,path0_legacy
OIGG,1,0,0,0,arrivals,0.0,0.0,path0_legacy
LIRJ,1,0,0,0,arrivals,0.0,0.0,path0_legacy
LFAQ,1,1,0,0,arrivals,0.0,0.0,path0_legacy
ENWK,1,0,0,0,arrivals,0.0,0.0,path0_legacy
LFRO,1,1,1,1,arrivals,1.0,1.0,path0_legacy
LFTF,1,1,0,0,arrivals,0.0,0.0,path0_legacy
ULWC,1,0,0,0,arrivals,0.0,0.0,path0_legacy
EGTF,1,1,0,0,arrivals,0.0,0.0,path0_legacy
DAAV,1,0,0,0,arrivals,0.0,0.0,path0_legacy
USKK,1,0,0,0,arrivals,0.0,0.0,path0_legacy
UWPS,1,0,0,0,arrivals,0.0,0.0,path0_legacy
EDGE,1,1,0,0,arrivals,0.0,0.0,path0_legacy
EKAR,1,0,0,0,arrivals,0.0,0.0,path0_legacy
LSZC,1,1,0,0,arrivals,0.0,0.0,path0_legacy
UUBC,1,0,0,2,arrivals,0.0,2.0,path0_legacy
UUBI,1,0,0,0,arrivals,0.0,0.0,path0_legacy
LFCI,1,1,1,1,arrivals,1.0,1.0,path0_legacy
LFGA,1,1,1,1,arrivals,1.0,1.0,path0_legacy
EGUB,1,1,1,1,arrivals,1.0,1.0,path0_legacy
ENLA,1,0,0,0,arrivals,0.0,0.0,path0_legacy
LKRO,1,1,0,0,arrivals,0.0,0.0,path0_legacy
LRSM,1,0,0,0,arrivals,0.0,0.0,path0_legacy
EHKE,1,0,0,0,arrivals,0.0,0.0,path0_legacy
EGSC,1,1,1,1,arrivals,1.0,1.0,path0_legacy
ENDR,1,0,0,0,arrivals,0.0,0.0,path0_legacy
UBBL,1,0,0,0,arrivals,0.0,0.0,path0_legacy
LHPR,1,1,1,1,arrivals,1.0,1.0,path0_legacy
EGWC,1,1,1,1,arrivals,1.0,1.0,path0_legacy
EHPK,1,1,0,0,arrivals,0.0,0.0,path0_legacy
LPVR,1,1,1,4,arrivals,1.0,4.0,path0_legacy
EPWK,1,0,0,0,arrivals,0.0,0.0,path0_legacy
GMAZ,1,0,0,0,arrivals,0.0,0.0,path0_legacy
LIQS,1,0,0,0,arrivals,0.0,0.0,path0_legacy
LKMH,1,1,0,0,arrivals,0.0,0.0,path0_legacy
EHTW,1,1,1,1,arrivals,1.0,1.0,path0_legacy
EPNT,1,0,0,0,arrivals,0.0,0.0,path0_legacy
EGFE,1,1,1,1,arrivals,1.0,1.0,path0_legacy
ENQC,1,1,0,0,arrivals,0.0,0.0,path0_legacy
LIMW,1,0,0,0,arrivals,0.0,0.0,path0_legacy
LSTS,1,1,0,0,arrivals,0.0,0.0,path0_legacy
LYKV,1,0,0,0,arrivals,0.0,0.0,path0_legacy
EHDV,1,0,0,0,arrivals,0.0,0.0,path0_legacy
EDLE,1,1,0,0,arrivals,0.0,0.0,path0_legacy
EGBP,1,1,0,0,arrivals,0.0,0.0,path0_legacy
ENQM,1,0,0,0,arrivals,0.0,0.0,path0_legacy
EDFE,1,1,1,2,arrivals,1.0,2.0,path0_legacy
LFSG,1,0,0,0,arrivals,0.0,0.0,path0_legacy
UBBF,1,0,0,0,arrivals,0.0,0.0,path0_legacy
EHFD,1,0,0,0,arrivals,0.0,0.0,path0_legacy
EHLI,1,0,0,0,arrivals,0.0,0.0,path0_legacy
EDBR,1,1,1,1,arrivals,1.0,1.0,path0_legacy
EDXQ,1,1,0,0,arrivals,0.0,0.0,path0_legacy
EDTF,1,1,0,0,arrivals,0.0,0.0,path0_legacy
LDRG,1,0,0,0,arrivals,0.0,0.0,path0_legacy
EIWT,1,1,1,1,arrivals,1.0,1.0,path0_legacy
ENUN,1,0,0,0,arrivals,0.0,0.0,path0_legacy
LGKZ,1,0,0,0,arrivals,0.0,0.0,path0_legacy
LFMH,1,1,1,1,arrivals,1.0,1.0,path0_legacy
EPPW,1,0,0,8,arrivals,0.0,8.0,path0_legacy
LFPN,1,1,0,0,arrivals,0.0,0.0,path0_legacy
LFOP,1,1,1,1,arrivals,1.0,1.0,path0_legacy
LOLW,1,1,0,0,arrivals,0.0,0.0,path0_legacy
ENSF,1,0,0,0,arrivals,0.0,0.0,path0_legacy
EDQM,1,1,1,1,arrivals,1.0,1.0,path0_legacy
DABT,1,0,0,0,arrivals,0.0,0.0,path0_legacy
EHGQ,1,0,0,0,arrivals,0.0,0.0,path0_legacy
EDMV,1,0,0,0,arrivals,0.0,0.0,path0_legacy
EDAQ,1,1,0,0,arrivals,0.0,0.0,path0_legacy
EGOV,1,1,0,0,arrivals,0.0,0.0,path0_legacy
ENUS,1,0,0,0,arrivals,0.0,0.0,path0_legacy
ENGA,1,0,0,0,arrivals,0.0,0.0,path0_legacy
LRAR,1,0,0,2,arrivals,0.0,2.0,path0_legacy
LFLH,1,1,0,0,arrivals,0.0,0.0,path0_legacy
LFBA,1,1,1,1,arrivals,1.0,1.0,path0_legacy
ULMM,1,0,0,0,arrivals,0.0,0.0,path0_legacy
LFRI,1,0,0,0,arrivals,0.0,0.0,path0_legacy
EHFR,1,0,0,0,arrivals,0.0,0.0,path0_legacy
LGKA,1,0,0,0,arrivals,0.0,0.0,path0_legacy
EGBK,1,1,0,0,arrivals,0.0,0.0,path0_legacy
EIWF,1,1,1,1,arrivals,1.0,1.0,path0_legacy
BIGJ,1,0,0,0,arrivals,0.0,0.0,path0_legacy
LJPZ,1,1,1,2,arrivals,1.0,2.0,path0_legacy
EHLE,1,1,1,1,arrivals,1.0,1.0,path0_legacy
ENUK,1,0,0,0,arrivals,0.0,0.0,path0_legacy
EDTD,1,1,1,1,arrivals,1.0,1.0,path0_legacy
LFLO,1,1,0,0,arrivals,0.0,0.0,path0_legacy
EFLP,1,0,0,0,arrivals,0.0,0.0,path0_legacy
OOA,7964,43,0,0,arrivals,0.0,0.0,path1_penalty
OOA,7892,86,0,0,departures,0.0,0.0,path1_penalty
LTFM,2282,1538,1533,1541,departures,0.6717791411042945,0.6752848378615249,path1_penalty
LTFM,2258,1897,1878,1883,arrivals,0.8317094774136404,0.8339238263950398,path1_penalty
EHAM,2148,2144,2144,2163,departures,0.9981378026070763,1.0069832402234637,path1_penalty
EHAM,2136,1934,1926,1928,arrivals,0.901685393258427,0.9026217228464419,path1_penalty
EDDF,2094,2085,2083,2087,departures,0.9947468958930277,0.9966571155682904,path1_penalty
EDDF,2091,1838,1831,1834,arrivals,0.8756575801052128,0.877092300334768,path1_penalty
LFPG,2084,2067,2058,2068,departures,0.9875239923224568,0.9923224568138196,path1_penalty
LFPG,2066,1774,1773,1823,arrivals,0.8581800580832527,0.8823814133591481,path1_penalty
EGLL,2001,1989,1987,2023,departures,0.9930034982508745,1.0109945027486258,path1_penalty
EGLL,1986,1701,1697,1829,arrivals,0.8544813695871097,0.9209466263846928,path1_penalty
LEMD,1786,1614,1612,1619,arrivals,0.9025755879059351,0.906494960806271,path1_penalty
LEMD,1773,1677,1675,1677,departures,0.9447264523406655,0.9458544839255499,path1_penalty
LEBL,1597,1529,1526,1527,arrivals,0.9555416405760802,0.9561678146524734,path1_penalty
LEBL,1591,1583,1582,1583,departures,0.994343180389692,0.9949717159019484,path1_penalty
EDDM,1573,1562,1559,1563,departures,0.9910998092816274,0.9936427209154481,path1_penalty
EDDM,1571,1487,1481,1483,arrivals,0.942711648631445,0.9439847231063018,path1_penalty
LIRF,1449,1445,1445,1447,departures,0.9972394755003451,0.9986197377501725,path1_penalty
LTAI,1437,895,894,902,arrivals,0.6221294363256785,0.627696590118302,path1_penalty
LEPA,1436,1410,1409,1411,arrivals,0.9811977715877437,0.9825905292479109,path1_penalty
LTAI,1435,883,882,888,departures,0.6146341463414634,0.6188153310104529,path1_penalty
LIRF,1433,1297,1296,1300,arrivals,0.9043963712491278,0.9071877180739707,path1_penalty
LEPA,1417,1311,1311,1313,departures,0.9251940719830628,0.926605504587156,path1_penalty
LGAV,1317,178,172,174,arrivals,0.13059984813971146,0.13211845102505695,path1_penalty
LGAV,1306,307,303,310,departures,0.23200612557427258,0.23736600306278713,path1_penalty
EGKK,1223,1219,1219,1220,departures,0.9967293540474244,0.9975470155355682,path1_penalty
EGKK,1220,1131,1129,1130,arrivals,0.9254098360655738,0.9262295081967213,path1_penalty
EIDW,1188,1109,1108,1111,arrivals,0.9326599326599326,0.9351851851851852,path1_penalty
EIDW,1185,1165,1164,1164,departures,0.9822784810126582,0.9822784810126582,path1_penalty
LSZH,1178,1166,1157,1163,departures,0.9821731748726655,0.9872665534804754,path1_penalty
LSZH,1160,1075,1072,1082,arrivals,0.9241379310344827,0.9327586206896552,path1_penalty
LOWW,1156,1145,1143,1153,departures,0.9887543252595156,0.9974048442906575,path1_penalty
EKCH,1152,1078,1059,1059,arrivals,0.9192708333333334,0.9192708333333334,path1_penalty
LOWW,1145,1076,1072,1079,arrivals,0.9362445414847161,0.9423580786026201,path1_penalty
EKCH,1140,1117,1117,1122,departures,0.9798245614035088,0.9842105263157894,path1_penalty
LTFJ,1138,1006,1000,1005,arrivals,0.8787346221441125,0.883128295254833,path1_penalty
LTFJ,1137,1064,1064,1084,departures,0.9357959542656112,0.9533861037818822,path1_penalty
LPPT,1010,986,986,986,departures,0.9762376237623762,0.9762376237623762,path1_penalty
LPPT,1001,906,906,907,arrivals,0.9050949050949051,0.906093906093906,path1_penalty
LFPO,992,985,985,988,departures,0.9929435483870968,0.9959677419354839,path1_penalty
LFPO,991,949,949,951,arrivals,0.9576185671039354,0.9596367305751766,path1_penalty
LIMC,973,969,967,969,departures,0.9938335046248715,0.9958890030832477,path1_penalty
LIMC,967,893,885,889,arrivals,0.9152016546018614,0.9193381592554292,path1_penalty
ENGM,940,896,895,909,arrivals,0.9521276595744681,0.9670212765957447,path1_penalty
ENGM,932,858,857,866,departures,0.9195278969957081,0.9291845493562232,path1_penalty
EGCC,926,921,920,922,departures,0.9935205183585313,0.9956803455723542,path1_penalty
EGCC,924,841,840,841,arrivals,0.9090909090909091,0.9101731601731602,path1_penalty
EGSS,888,852,840,844,arrivals,0.9459459459459459,0.9504504504504504,path1_penalty
EGSS,885,883,880,881,departures,0.9943502824858758,0.9954802259887006,path1_penalty
EPWA,880,821,780,783,arrivals,0.8863636363636364,0.8897727272727273,path1_penalty
EPWA,875,870,868,872,departures,0.992,0.9965714285714286,path1_penalty
EBBR,872,868,868,878,departures,0.9954128440366973,1.0068807339449541,path1_penalty
EBBR,871,786,784,795,arrivals,0.9001148105625718,0.912743972445465,path1_penalty
EDDB,870,851,848,861,departures,0.9747126436781609,0.9896551724137931,path1_penalty
LEMG,861,843,843,843,arrivals,0.9790940766550522,0.9790940766550522,path1_penalty
LEMG,850,846,846,848,departures,0.9952941176470588,0.9976470588235294,path1_penalty
ESSA,841,732,727,735,arrivals,0.8644470868014269,0.8739595719381689,path1_penalty
EDDB,840,797,792,795,arrivals,0.9428571428571428,0.9464285714285714,path1_penalty
ESSA,820,792,790,798,departures,0.9634146341463414,0.973170731707317,path1_penalty
EDDL,758,754,751,756,departures,0.9907651715039578,0.9973614775725593,path1_penalty
EDDL,751,732,731,737,arrivals,0.9733688415446072,0.9813581890812251,path1_penalty
LFMN,710,690,686,724,arrivals,0.9661971830985916,1.019718309859155,path1_penalty
LFMN,707,697,691,694,departures,0.9773691654879774,0.9816124469589816,path1_penalty
LSGG,680,467,462,469,departures,0.6794117647058824,0.6897058823529412,path1_penalty
LSGG,670,650,648,665,arrivals,0.9671641791044776,0.9925373134328358,path1_penalty
LKPR,667,659,658,664,departures,0.9865067466266867,0.9955022488755623,path1_penalty
EFHK,666,578,577,579,arrivals,0.8663663663663663,0.8693693693693694,path1_penalty
EFHK,659,654,654,659,departures,0.992412746585736,1.0,path1_penalty
LKPR,657,621,617,620,arrivals,0.939117199391172,0.943683409436834,path1_penalty
LEAL,599,598,598,598,departures,0.998330550918197,0.998330550918197,path1_penalty
LEAL,599,592,592,592,arrivals,0.988313856427379,0.988313856427379,path1_penalty
EGPH,584,553,553,557,arrivals,0.946917808219178,0.9537671232876712,path1_penalty
LHBP,578,567,566,566,departures,0.9792387543252595,0.9792387543252595,path1_penalty
EGPH,577,573,571,571,departures,0.9896013864818024,0.9896013864818024,path1_penalty
LHBP,577,547,540,543,arrivals,0.9358752166377816,0.9410745233968805,path1_penalty
EGGW,552,535,528,536,arrivals,0.9565217391304348,0.9710144927536232,path1_penalty
EGGW,550,549,539,543,departures,0.98,0.9872727272727273,path1_penalty
EDDH,538,532,529,537,departures,0.983271375464684,0.9981412639405205,path1_penalty
EDDH,532,523,521,530,arrivals,0.9793233082706767,0.9962406015037594,path1_penalty
GCLP,521,0,0,0,arrivals,0.0,0.0,path1_penalty
GCLP,520,2,0,0,departures,0.0,0.0,path1_penalty
LLBG,516,463,456,458,arrivals,0.8837209302325582,0.8875968992248062,path1_penalty
EDDK,515,499,499,500,departures,0.9689320388349515,0.970873786407767,path1_penalty
LLBG,513,501,498,499,departures,0.9707602339181286,0.9727095516569201,path1_penalty
LPPR,513,509,508,508,departures,0.9902534113060428,0.9902534113060428,path1_penalty
LPPR,512,482,481,481,arrivals,0.939453125,0.939453125,path1_penalty
LEIB,509,497,497,498,arrivals,0.9764243614931237,0.9783889980353635,path1_penalty
EDDK,509,488,485,485,arrivals,0.9528487229862476,0.9528487229862476,path1_penalty
LROP,509,496,494,495,arrivals,0.9705304518664047,0.9724950884086444,path1_penalty
LROP,504,495,494,495,departures,0.9801587301587301,0.9821428571428571,path1_penalty
LEIB,495,442,442,442,departures,0.8929292929292929,0.8929292929292929,path1_penalty
EGBB,474,468,468,468,departures,0.9873417721518988,0.9873417721518988,path1_penalty
EGBB,466,433,432,432,arrivals,0.927038626609442,0.927038626609442,path1_penalty
LIML,465,458,456,464,arrivals,0.9806451612903225,0.9978494623655914,path1_penalty
LIME,460,455,450,451,arrivals,0.9782608695652174,0.9804347826086957,path1_penalty
LIML,458,451,450,454,departures,0.982532751091703,0.9912663755458515,path1_penalty
LIME,453,448,447,448,departures,0.9867549668874173,0.9889624724061811,path1_penalty
LIRN,449,4,0,0,departures,0.0,0.0,path1_penalty
LIRN,447,4,0,0,arrivals,0.0,0.0,path1_penalty
LFML,445,442,441,442,arrivals,0.9910112359550561,0.9932584269662922,path1_penalty
LFML,444,441,440,441,departures,0.990990990990991,0.9932432432432432,path1_penalty
EDDS,440,419,414,418,departures,0.9409090909090909,0.95,path1_penalty
EDDS,433,414,414,420,arrivals,0.9561200923787528,0.9699769053117783,path1_penalty
LGIR,430,2,0,0,arrivals,0.0,0.0,path1_penalty
LGIR,424,0,0,0,departures,0.0,0.0,path1_penalty
LIPZ,412,407,406,407,departures,0.9854368932038835,0.9878640776699029,path1_penalty
LFLL,412,401,401,415,arrivals,0.9733009708737864,1.0072815533980584,path1_penalty
LFLL,411,406,406,421,departures,0.9878345498783455,1.024330900243309,path1_penalty
LIPZ,409,392,390,394,arrivals,0.9535452322738386,0.9633251833740831,path1_penalty
LPFR,407,403,402,404,arrivals,0.9877149877149877,0.9926289926289926,path1_penalty
LPFR,405,403,400,400,departures,0.9876543209876543,0.9876543209876543,path1_penalty
LYBE,395,374,374,376,arrivals,0.9468354430379747,0.9518987341772152,path1_penalty
LYBE,394,388,388,388,departures,0.9847715736040609,0.9847715736040609,path1_penalty
LICC,391,27,25,25,arrivals,0.0639386189258312,0.0639386189258312,path1_penalty
LICC,390,4,0,0,departures,0.0,0.0,path1_penalty
LTAC,381,2,0,0,departures,0.0,0.0,path1_penalty
LIPE,380,374,374,375,departures,0.9842105263157894,0.9868421052631579,path1_penalty
LIPE,376,373,372,372,arrivals,0.9893617021276596,0.9893617021276596,path1_penalty
LTAC,374,4,0,1,arrivals,0.0,0.00267379679144385,path1_penalty
LCLK,368,321,318,319,departures,0.8641304347826086,0.8668478260869565,path1_penalty
LCLK,367,358,357,362,arrivals,0.9727520435967303,0.9863760217983651,path1_penalty
GMMN,360,226,224,228,departures,0.6222222222222222,0.6333333333333333,path1_penalty
EPKK,360,356,355,356,departures,0.9861111111111112,0.9888888888888889,path1_penalty
EGGD,360,343,342,343,arrivals,0.95,0.9527777777777777,path1_penalty
EGGD,359,357,357,357,departures,0.9944289693593314,0.9944289693593314,path1_penalty
LEVC,357,351,351,352,arrivals,0.9831932773109243,0.9859943977591037,path1_penalty
GMMN,357,278,278,284,arrivals,0.7787114845938375,0.7955182072829131,path1_penalty
ENBR,357,340,328,339,arrivals,0.9187675070028011,0.9495798319327731,path1_penalty
EPKK,356,348,337,338,arrivals,0.9466292134831461,0.949438202247191,path1_penalty
LEVC,355,321,321,322,departures,0.9042253521126761,0.9070422535211268,path1_penalty
LFSB,354,349,348,350,departures,0.9830508474576272,0.9887005649717514,path1_penalty
LFSB,352,344,344,345,arrivals,0.9772727272727273,0.9801136363636364,path1_penalty
ENBR,349,343,338,352,departures,0.9684813753581661,1.008595988538682,path1_penalty
LTBJ,346,8,5,5,departures,0.014450867052023121,0.014450867052023121,path1_penalty
LGRP,346,316,315,316,arrivals,0.9104046242774566,0.9132947976878613,path1_penalty
EGPF,346,307,305,308,arrivals,0.8815028901734104,0.8901734104046243,path1_penalty
EGPF,344,324,322,323,departures,0.936046511627907,0.938953488372093,path1_penalty
LTBJ,341,2,0,0,arrivals,0.0,0.0,path1_penalty
LGRP,340,319,319,320,departures,0.9382352941176471,0.9411764705882353,path1_penalty
LMML,326,322,322,325,departures,0.9877300613496932,0.9969325153374233,path1_penalty
LMML,326,320,318,319,arrivals,0.9754601226993865,0.9785276073619632,path1_penalty
LATI,323,2,0,0,arrivals,0.0,0.0,path1_penalty
GCTS,323,0,0,0,arrivals,0.0,0.0,path1_penalty
GCTS,321,2,0,0,departures,0.0,0.0,path1_penalty
GCXO,320,1,0,0,arrivals,0.0,0.0,path1_penalty
GCXO,319,68,68,68,departures,0.21316614420062696,0.21316614420062696,path1_penalty
LATI,316,3,0,1,departures,0.0,0.0031645569620253164,path1_penalty
LICJ,314,122,120,120,arrivals,0.3821656050955414,0.3821656050955414,path1_penalty
LICJ,310,168,168,169,departures,0.5419354838709678,0.5451612903225806,path1_penalty
EBCI,304,304,304,304,departures,1.0,1.0,path1_penalty
EBCI,303,302,299,299,arrivals,0.9867986798679867,0.9867986798679867,path1_penalty
BIKF,297,292,292,293,departures,0.9831649831649831,0.9865319865319865,path1_penalty
BIKF,296,100,98,99,arrivals,0.3310810810810811,0.3344594594594595,path1_penalty
ELLX,294,291,291,291,departures,0.9897959183673469,0.9897959183673469,path1_penalty
ELLX,294,284,284,287,arrivals,0.9659863945578231,0.9761904761904762,path1_penalty
LFBO,293,290,290,291,departures,0.9897610921501706,0.9931740614334471,path1_penalty
LFBO,290,289,287,287,arrivals,0.9896551724137931,0.9896551724137931,path1_penalty
LGTS,281,258,258,260,arrivals,0.9181494661921709,0.9252669039145908,path1_penalty
LTBS,280,5,1,1,arrivals,0.0035714285714285713,0.0035714285714285713,path1_penalty
LGTS,279,192,192,194,departures,0.6881720430107527,0.6953405017921147,path1_penalty
GMMX,279,3,0,0,arrivals,0.0,0.0,path1_penalty
GMMX,278,1,1,1,departures,0.0035971223021582736,0.0035971223021582736,path1_penalty
EVRA,278,231,229,232,arrivals,0.8237410071942446,0.8345323741007195,path1_penalty
LEZL,276,275,274,276,arrivals,0.9927536231884058,1.0,path1_penalty
LEZL,275,274,274,274,departures,0.9963636363636363,0.9963636363636363,path1_penalty
LTBS,273,1,0,0,departures,0.0,0.0,path1_penalty
EVRA,273,269,268,269,departures,0.9816849816849816,0.9853479853479854,path1_penalty
LBSF,272,1,0,0,departures,0.0,0.0,path1_penalty
GCRR,269,0,0,0,departures,0.0,0.0,path1_penalty
GCRR,269,0,0,0,arrivals,0.0,0.0,path1_penalty
EGNX,267,264,264,265,departures,0.9887640449438202,0.9925093632958801,path1_penalty
LBSF,267,5,0,0,arrivals,0.0,0.0,path1_penalty
EDDP,261,245,244,245,arrivals,0.9348659003831418,0.9386973180076629,path1_penalty
EPKT,259,243,242,242,departures,0.9343629343629344,0.9343629343629344,path1_penalty
HEGN,258,0,0,0,arrivals,0.0,0.0,path1_penalty
HEGN,257,0,0,0,departures,0.0,0.0,path1_penalty
UGTB,257,1,0,0,departures,0.0,0.0,path1_penalty
LFRS,257,252,251,252,arrivals,0.9766536964980544,0.980544747081712,path1_penalty
UGTB,257,52,50,53,arrivals,0.19455252918287938,0.20622568093385213,path1_penalty
EPKT,257,241,240,240,arrivals,0.933852140077821,0.933852140077821,path1_penalty
LFRS,256,202,202,202,departures,0.7890625,0.7890625,path1_penalty
EDDP,256,251,251,253,departures,0.98046875,0.98828125,path1_penalty
EGNX,255,239,239,239,arrivals,0.9372549019607843,0.9372549019607843,path1_penalty
LIEO,252,56,53,53,arrivals,0.21031746031746032,0.21031746031746032,path1_penalty
EPGD,248,16,16,16,departures,0.06451612903225806,0.06451612903225806,path1_penalty
LGKR,247,4,0,0,arrivals,0.0,0.0,path1_penalty
EGAA,246,239,215,215,arrivals,0.8739837398373984,0.8739837398373984,path1_penalty
LGKR,244,0,0,0,departures,0.0,0.0,path1_penalty
HECA,244,17,17,17,departures,0.06967213114754098,0.06967213114754098,path1_penalty
EPGD,244,9,1,2,arrivals,0.004098360655737705,0.00819672131147541,path1_penalty
EGAA,239,182,182,183,departures,0.7615062761506276,0.7656903765690377,path1_penalty
ENZV,236,75,73,82,departures,0.3093220338983051,0.3474576271186441,path1_penalty
ENZV,236,69,66,69,arrivals,0.2796610169491525,0.2923728813559322,path1_penalty
LEBB,235,1,0,0,arrivals,0.0,0.0,path1_penalty
LEBB,234,1,0,0,departures,0.0,0.0,path1_penalty
LTFE,232,186,185,191,arrivals,0.7974137931034483,0.8232758620689655,path1_penalty
HECA,231,62,56,56,arrivals,0.24242424242424243,0.24242424242424243,path1_penalty
LFPB,230,221,221,237,departures,0.9608695652173913,1.0304347826086957,path1_penalty
LIBD,229,2,0,0,arrivals,0.0,0.0,path1_penalty
LIBD,228,2,0,0,departures,0.0,0.0,path1_penalty
LIEO,228,24,18,18,departures,0.07894736842105263,0.07894736842105263,path1_penalty
LIRP,228,181,178,179,arrivals,0.7807017543859649,0.7850877192982456,path1_penalty
UUWW,227,12,4,4,arrivals,0.01762114537444934,0.01762114537444934,path1_penalty
LEMH,226,204,204,204,arrivals,0.9026548672566371,0.9026548672566371,path1_penalty
LFBD,225,222,221,223,departures,0.9822222222222222,0.9911111111111112,path1_penalty
LFPB,225,218,173,177,arrivals,0.7688888888888888,0.7866666666666666,path1_penalty
LEMH,222,182,182,182,departures,0.8198198198198198,0.8198198198198198,path1_penalty
LTFE,220,4,3,3,departures,0.013636363636363636,0.013636363636363636,path1_penalty
LIRP,220,63,62,62,departures,0.2818181818181818,0.2818181818181818,path1_penalty
ENVA,219,208,208,228,arrivals,0.9497716894977168,1.0410958904109588,path1_penalty
LFBD,219,215,215,216,arrivals,0.9817351598173516,0.9863013698630136,path1_penalty
LUKK,217,0,0,0,departures,0.0,0.0,path1_penalty
ENVA,217,210,199,202,departures,0.9170506912442397,0.9308755760368663,path1_penalty
LUKK,217,4,0,0,arrivals,0.0,0.0,path1_penalty
LDSP,216,3,0,0,departures,0.0,0.0,path1_penalty
ESGG,216,214,214,214,departures,0.9907407407407407,0.9907407407407407,path1_penalty
UUWW,216,2,2,2,departures,0.009259259259259259,0.009259259259259259,path1_penalty
LDZA,215,3,0,0,departures,0.0,0.0,path1_penalty
LDSP,215,5,0,0,arrivals,0.0,0.0,path1_penalty
LDZA,215,209,208,214,arrivals,0.9674418604651163,0.9953488372093023,path1_penalty
ESGG,214,211,208,210,arrivals,0.9719626168224299,0.9813084112149533,path1_penalty
UUEE,214,2,2,8,arrivals,0.009345794392523364,0.037383177570093455,path1_penalty
EDDV,213,210,210,211,departures,0.9859154929577465,0.9906103286384976,path1_penalty
GCFV,212,0,0,0,departures,0.0,0.0,path1_penalty
UUEE,212,17,17,17,departures,0.08018867924528301,0.08018867924528301,path1_penalty
EGNT,211,199,199,199,departures,0.943127962085308,0.943127962085308,path1_penalty
GCFV,211,2,0,0,arrivals,0.0,0.0,path1_penalty
EGNT,211,184,184,184,arrivals,0.8720379146919431,0.8720379146919431,path1_penalty
EDDV,209,202,202,203,arrivals,0.9665071770334929,0.9712918660287081,path1_penalty
EGGP,208,204,203,206,departures,0.9759615384615384,0.9903846153846154,path1_penalty
EGGP,206,195,194,203,arrivals,0.941747572815534,0.9854368932038835,path1_penalty
LIRQ,202,3,3,3,departures,0.01485148514851485,0.01485148514851485,path1_penalty
EDDN,201,195,194,196,departures,0.9651741293532339,0.9751243781094527,path1_penalty
EDDN,199,192,191,196,arrivals,0.9597989949748744,0.9849246231155779,path1_penalty
LGSA,199,36,34,34,arrivals,0.1708542713567839,0.1708542713567839,path1_penalty
EGLC,198,198,198,252,departures,1.0,1.2727272727272727,path1_penalty
LIRQ,198,49,47,47,arrivals,0.23737373737373738,0.23737373737373738,path1_penalty
LGSA,196,25,24,24,departures,0.12244897959183673,0.12244897959183673,path1_penalty
LIEE,195,2,2,2,arrivals,0.010256410256410256,0.010256410256410256,path1_penalty
EPWR,194,190,189,191,arrivals,0.9742268041237113,0.9845360824742269,path1_penalty
EPWR,193,189,189,189,departures,0.9792746113989638,0.9792746113989638,path1_penalty
EGNM,193,176,173,176,arrivals,0.8963730569948186,0.9119170984455959,path1_penalty
UDYZ,192,1,0,0,departures,0.0,0.0,path1_penalty
UDYZ,192,1,0,0,arrivals,0.0,0.0,path1_penalty
LIEE,191,1,0,0,departures,0.0,0.0,path1_penalty
EHEH,191,191,189,189,departures,0.9895287958115183,0.9895287958115183,path1_penalty
EGNM,190,185,184,184,departures,0.968421052631579,0.968421052631579,path1_penalty
EHEH,190,190,186,187,arrivals,0.9789473684210527,0.9842105263157894,path1_penalty
EYVI,189,165,116,119,arrivals,0.6137566137566137,0.6296296296296297,path1_penalty
EGLC,189,189,189,277,arrivals,1.0,1.4656084656084656,path1_penalty
EYVI,186,174,174,177,departures,0.9354838709677419,0.9516129032258065,path1_penalty
DAAG,186,44,43,43,departures,0.23118279569892472,0.23118279569892472,path1_penalty
DTTA,186,0,0,0,arrivals,0.0,0.0,path1_penalty
DTTA,185,2,0,0,departures,0.0,0.0,path1_penalty
DAAG,184,121,121,122,arrivals,0.657608695652174,0.6630434782608695,path1_penalty
LFOB,181,174,174,174,departures,0.9613259668508287,0.9613259668508287,path1_penalty
LFOB,181,177,177,177,arrivals,0.9779005524861878,0.9779005524861878,path1_penalty
LDDU,180,4,0,0,arrivals,0.0,0.0,path1_penalty
LGKO,178,168,168,169,departures,0.9438202247191011,0.949438202247191,path1_penalty
LDDU,177,1,0,0,departures,0.0,0.0,path1_penalty
LGKO,177,166,166,169,arrivals,0.9378531073446328,0.9548022598870056,path1_penalty
EETN,162,142,142,142,arrivals,0.8765432098765432,0.8765432098765432,path1_penalty
EPPO,161,156,156,156,departures,0.968944099378882,0.968944099378882,path1_penalty
HESH,161,1,0,0,arrivals,0.0,0.0,path1_penalty
UMKK,160,1,0,0,departures,0.0,0.0,path1_penalty
EETN,159,149,149,150,departures,0.9371069182389937,0.9433962264150944,path1_penalty
LPMA,159,153,153,153,departures,0.9622641509433962,0.9622641509433962,path1_penalty
HESH,159,0,0,0,departures,0.0,0.0,path1_penalty
UMKK,159,2,1,69,arrivals,0.006289308176100629,0.4339622641509434,path1_penalty
LPMA,158,13,13,18,arrivals,0.08227848101265822,0.11392405063291139,path1_penalty
LIMF,157,155,152,153,departures,0.9681528662420382,0.9745222929936306,path1_penalty
LIMF,157,155,153,156,arrivals,0.9745222929936306,0.9936305732484076,path1_penalty
LIRA,156,153,153,153,arrivals,0.9807692307692307,0.9807692307692307,path1_penalty
LIRA,154,152,152,156,departures,0.987012987012987,1.0129870129870129,path1_penalty
EPPO,154,150,148,157,arrivals,0.961038961038961,1.0194805194805194,path1_penalty
EKBI,154,150,149,149,arrivals,0.9675324675324676,0.9675324675324676,path1_penalty
LPPD,153,42,42,42,departures,0.27450980392156865,0.27450980392156865,path1_penalty
EKBI,152,147,147,148,departures,0.9671052631578947,0.9736842105263158,path1_penalty
LPPD,151,91,90,92,arrivals,0.5960264900662252,0.609271523178808,path1_penalty
ULLI,148,1,1,1,arrivals,0.006756756756756757,0.006756756756756757,path1_penalty
OLBA,144,11,8,8,departures,0.05555555555555555,0.05555555555555555,path1_penalty
LIPX,144,121,119,119,departures,0.8263888888888888,0.8263888888888888,path1_penalty
OLBA,144,33,32,33,arrivals,0.2222222222222222,0.22916666666666666,path1_penalty
ENTC,143,7,0,0,arrivals,0.0,0.0,path1_penalty
ULLI,142,0,0,0,departures,0.0,0.0,path1_penalty
LIPX,142,138,137,143,arrivals,0.9647887323943662,1.0070422535211268,path1_penalty
LGSR,139,3,0,0,departures,0.0,0.0,path1_penalty
LGSR,139,2,0,0,arrivals,0.0,0.0,path1_penalty
ENTC,138,4,0,0,departures,0.0,0.0,path1_penalty
LTCG,138,91,91,91,arrivals,0.6594202898550725,0.6594202898550725,path1_penalty
EGPD,137,124,124,124,departures,0.9051094890510949,0.9051094890510949,path1_penalty
EGPD,136,123,123,123,arrivals,0.9044117647058824,0.9044117647058824,path1_penalty
ENBO,134,106,105,134,departures,0.7835820895522388,1.0,path1_penalty
EBLG,134,134,133,139,departures,0.9925373134328358,1.037313432835821,path1_penalty
LTDB,133,5,1,1,departures,0.007518796992481203,0.007518796992481203,path1_penalty
LTCG,133,102,102,102,departures,0.7669172932330827,0.7669172932330827,path1_penalty
ENBO,133,120,116,136,arrivals,0.8721804511278195,1.0225563909774436,path1_penalty
LRCL,130,0,0,0,departures,0.0,0.0,path1_penalty
LIBR,130,2,0,0,departures,0.0,0.0,path1_penalty
LRCL,129,0,0,0,arrivals,0.0,0.0,path1_penalty
LTDB,129,3,0,0,arrivals,0.0,0.0,path1_penalty
LGZA,126,126,123,125,departures,0.9761904761904762,0.9920634920634921,path1_penalty
EBLG,126,98,96,100,arrivals,0.7619047619047619,0.7936507936507936,path1_penalty
LGZA,126,119,119,123,arrivals,0.9444444444444444,0.9761904761904762,path1_penalty
LIBR,125,0,0,0,arrivals,0.0,0.0,path1_penalty
EGAC,123,120,120,121,departures,0.975609756097561,0.983739837398374,path1_penalty
EGAC,123,117,117,140,arrivals,0.9512195121951219,1.1382113821138211,path1_penalty
BKPR,120,1,0,0,departures,0.0,0.0,path1_penalty
BKPR,120,2,0,0,arrivals,0.0,0.0,path1_penalty
EICK,120,119,119,119,arrivals,0.9916666666666667,0.9916666666666667,path1_penalty
EICK,119,118,118,118,departures,0.9915966386554622,0.9915966386554622,path1_penalty
LDZD,118,10,4,4,arrivals,0.03389830508474576,0.03389830508474576,path1_penalty
OJAI,116,1,0,3,departures,0.0,0.02586206896551724,path1_penalty
OJAI,116,0,0,5,arrivals,0.0,0.04310344827586207,path1_penalty
LDZD,114,1,0,0,departures,0.0,0.0,path1_penalty
LICA,112,1,0,0,arrivals,0.0,0.0,path1_penalty
EGLF,110,110,109,118,departures,0.990909090909091,1.0727272727272728,path1_penalty
LICA,108,0,0,0,departures,0.0,0.0,path1_penalty
EGJJ,108,106,96,96,arrivals,0.8888888888888888,0.8888888888888888,path1_penalty
EGLF,108,107,0,0,arrivals,0.0,0.0,path1_penalty
LCPH,107,99,98,99,arrivals,0.9158878504672897,0.9252336448598131,path1_penalty
LWSK,106,0,0,0,departures,0.0,0.0,path1_penalty
OKKK,106,104,104,104,departures,0.9811320754716981,0.9811320754716981,path1_penalty
LEST,106,89,87,87,arrivals,0.8207547169811321,0.8207547169811321,path1_penalty
LCPH,105,64,64,64,departures,0.6095238095238096,0.6095238095238096,path1_penalty
LGMK,105,15,12,12,departures,0.11428571428571428,0.11428571428571428,path1_penalty
LEST,105,18,18,18,departures,0.17142857142857143,0.17142857142857143,path1_penalty
LZIB,105,101,101,101,departures,0.9619047619047619,0.9619047619047619,path1_penalty
LEGE,105,35,33,33,arrivals,0.3142857142857143,0.3142857142857143,path1_penalty
LWSK,105,0,0,0,arrivals,0.0,0.0,path1_penalty
LZIB,105,103,102,102,arrivals,0.9714285714285714,0.9714285714285714,path1_penalty
LEGE,104,80,80,81,departures,0.7692307692307693,0.7788461538461539,path1_penalty
LGMK,104,63,62,66,arrivals,0.5961538461538461,0.6346153846153846,path1_penalty
EDJA,104,103,102,103,arrivals,0.9807692307692307,0.9903846153846154,path1_penalty
EDJA,102,101,101,101,departures,0.9901960784313726,0.9901960784313726,path1_penalty
OKKK,102,38,38,39,arrivals,0.37254901960784315,0.38235294117647056,path1_penalty
EGJJ,101,97,95,100,departures,0.9405940594059405,0.9900990099009901,path1_penalty
EHRD,100,100,99,102,arrivals,0.99,1.02,path1_penalty
EHRD,99,98,96,101,departures,0.9696969696969697,1.02020202020202,path1_penalty
LBBG,97,89,87,87,arrivals,0.8969072164948454,0.8969072164948454,path1_penalty
LOWS,96,95,95,98,departures,0.9895833333333334,1.0208333333333333,path1_penalty
LOWS,95,92,90,90,arrivals,0.9473684210526315,0.9473684210526315,path1_penalty
DTTJ,94,1,0,0,arrivals,0.0,0.0,path1_penalty
LJLJ,94,90,89,90,arrivals,0.9468085106382979,0.9574468085106383,path1_penalty
LBBG,93,27,27,27,departures,0.2903225806451613,0.2903225806451613,path1_penalty
LQSA,93,0,0,0,departures,0.0,0.0,path1_penalty
LQSA,93,0,0,0,arrivals,0.0,0.0,path1_penalty
GMAD,92,0,0,0,departures,0.0,0.0,path1_penalty
EGKB,92,91,32,32,departures,0.34782608695652173,0.34782608695652173,path1_penalty
EINN,91,61,60,60,departures,0.6593406593406593,0.6593406593406593,path1_penalty
GMAD,91,0,0,0,arrivals,0.0,0.0,path1_penalty
EGKB,91,90,0,0,arrivals,0.0,0.0,path1_penalty
LJLJ,90,61,61,62,departures,0.6777777777777778,0.6888888888888889,path1_penalty
DTTJ,89,0,0,0,departures,0.0,0.0,path1_penalty
UUDD,89,5,5,5,departures,0.056179775280898875,0.056179775280898875,path1_penalty
EDDW,88,87,86,88,departures,0.9772727272727273,1.0,path1_penalty
GMTT,88,88,88,88,departures,1.0,1.0,path1_penalty
EDLW,87,85,85,86,departures,0.9770114942528736,0.9885057471264368,path1_penalty
EDDW,87,87,87,90,arrivals,1.0,1.0344827586206897,path1_penalty
GMTT,87,86,86,87,arrivals,0.9885057471264368,1.0,path1_penalty
EDLW,87,85,84,84,arrivals,0.9655172413793104,0.9655172413793104,path1_penalty
EINN,86,80,80,82,arrivals,0.9302325581395349,0.9534883720930233,path1_penalty
LIMJ,86,86,85,85,arrivals,0.9883720930232558,0.9883720930232558,path1_penalty
EGHI,86,78,78,79,arrivals,0.9069767441860465,0.9186046511627907,path1_penalty
LIPH,85,85,85,86,departures,1.0,1.011764705882353,path1_penalty
GCLA,85,0,0,0,departures,0.0,0.0,path1_penalty
LIPH,85,85,85,85,arrivals,1.0,1.0,path1_penalty
EDSB,85,78,78,79,arrivals,0.9176470588235294,0.9294117647058824,path1_penalty
LFKB,84,10,9,9,departures,0.10714285714285714,0.10714285714285714,path1_penalty
LFKB,84,35,35,35,arrivals,0.4166666666666667,0.4166666666666667,path1_penalty
GCLA,84,0,0,0,arrivals,0.0,0.0,path1_penalty
EGHI,83,74,74,75,departures,0.891566265060241,0.9036144578313253,path1_penalty
EGJB,83,61,56,58,departures,0.6746987951807228,0.6987951807228916,path1_penalty
LYTV,83,1,0,0,arrivals,0.0,0.0,path1_penalty
LYTV,82,1,0,0,departures,0.0,0.0,path1_penalty
EDSB,81,76,76,77,departures,0.9382716049382716,0.9506172839506173,path1_penalty
EGNS,81,75,74,74,arrivals,0.9135802469135802,0.9135802469135802,path1_penalty
DTMB,81,0,0,0,arrivals,0.0,0.0,path1_penalty
EGNS,80,53,53,53,departures,0.6625,0.6625,path1_penalty
LFKJ,80,79,79,79,arrivals,0.9875,0.9875,path1_penalty
LIMJ,79,44,43,43,departures,0.5443037974683544,0.5443037974683544,path1_penalty
DTMB,79,1,0,0,departures,0.0,0.0,path1_penalty
LFKJ,78,77,77,77,departures,0.9871794871794872,0.9871794871794872,path1_penalty
EDFH,77,20,19,19,departures,0.24675324675324675,0.24675324675324675,path1_penalty
LYPG,77,0,0,0,departures,0.0,0.0,path1_penalty
LYPG,77,1,0,0,arrivals,0.0,0.0,path1_penalty
EKYT,75,72,72,72,departures,0.96,0.96,path1_penalty
LBWN,75,22,22,23,arrivals,0.29333333333333333,0.30666666666666664,path1_penalty
LFMT,75,68,68,68,arrivals,0.9066666666666666,0.9066666666666666,path1_penalty
UUDD,75,3,1,1,arrivals,0.013333333333333334,0.013333333333333334,path1_penalty
LFMT,74,70,70,70,departures,0.9459459459459459,0.9459459459459459,path1_penalty
EDFH,74,71,71,73,arrivals,0.9594594594594594,0.9864864864864865,path1_penalty
LTAJ,74,0,0,0,arrivals,0.0,0.0,path1_penalty
EGJB,74,64,58,79,arrivals,0.7837837837837838,1.0675675675675675,path1_penalty
LTAU,73,0,0,0,arrivals,0.0,0.0,path1_penalty
LTAJ,72,0,0,0,departures,0.0,0.0,path1_penalty
LFMD,72,69,42,42,arrivals,0.5833333333333334,0.5833333333333334,path1_penalty
EGHH,72,67,66,68,arrivals,0.9166666666666666,0.9444444444444444,path1_penalty
ENTO,72,55,52,53,arrivals,0.7222222222222222,0.7361111111111112,path1_penalty
LBWN,71,3,2,2,departures,0.028169014084507043,0.028169014084507043,path1_penalty
LRIA,71,1,0,0,departures,0.0,0.0,path1_penalty
EGHH,71,69,68,68,departures,0.9577464788732394,0.9577464788732394,path1_penalty
ENTO,71,2,1,2,departures,0.014084507042253521,0.028169014084507043,path1_penalty
EKYT,71,69,69,69,arrivals,0.971830985915493,0.971830985915493,path1_penalty
LTAU,70,0,0,0,departures,0.0,0.0,path1_penalty
LEAS,69,9,9,9,departures,0.13043478260869565,0.13043478260869565,path1_penalty
UGSB,69,48,48,48,arrivals,0.6956521739130435,0.6956521739130435,path1_penalty
EDLV,69,69,69,69,arrivals,1.0,1.0,path1_penalty
EDLV,68,68,68,71,departures,1.0,1.0441176470588236,path1_penalty
LERS,68,61,61,61,arrivals,0.8970588235294118,0.8970588235294118,path1_penalty
LEAS,68,1,0,0,arrivals,0.0,0.0,path1_penalty
LRIA,68,0,0,1,arrivals,0.0,0.014705882352941176,path1_penalty
UGSB,67,53,53,53,departures,0.7910447761194029,0.7910447761194029,path1_penalty
LERS,67,11,11,11,departures,0.16417910447761194,0.16417910447761194,path1_penalty
URSS,67,0,0,0,arrivals,0.0,0.0,path1_penalty
LFMD,65,60,59,61,departures,0.9076923076923077,0.9384615384615385,path1_penalty
LFKF,65,53,53,53,arrivals,0.8153846153846154,0.8153846153846154,path1_penalty
GMME,64,9,9,9,departures,0.140625,0.140625,path1_penalty
GMME,63,25,25,25,arrivals,0.3968253968253968,0.3968253968253968,path1_penalty
LIEA,62,62,62,62,departures,1.0,1.0,path1_penalty
LGKF,62,61,60,61,departures,0.967741935483871,0.9838709677419355,path1_penalty
LIEA,62,62,62,62,arrivals,1.0,1.0,path1_penalty
LIPQ,61,58,58,58,departures,0.9508196721311475,0.9508196721311475,path1_penalty
LFKF,61,9,9,9,departures,0.14754098360655737,0.14754098360655737,path1_penalty
EDDG,60,60,60,60,departures,1.0,1.0,path1_penalty
EPRZ,60,57,56,56,departures,0.9333333333333333,0.9333333333333333,path1_penalty
LGKF,60,57,56,57,arrivals,0.9333333333333333,0.95,path1_penalty
DTNH,59,0,0,0,departures,0.0,0.0,path1_penalty
LRTR,59,0,0,0,departures,0.0,0.0,path1_penalty
LIPQ,59,59,58,58,arrivals,0.9830508474576272,0.9830508474576272,path1_penalty
LTBA,58,54,53,59,departures,0.9137931034482759,1.0172413793103448,path1_penalty
DTNH,58,0,0,0,arrivals,0.0,0.0,path1_penalty
EPRZ,58,56,54,54,arrivals,0.9310344827586207,0.9310344827586207,path1_penalty
LFBZ,57,55,55,56,arrivals,0.9649122807017544,0.9824561403508771,path1_penalty
LRTR,57,1,0,1,arrivals,0.0,0.017543859649122806,path1_penalty
LFQQ,57,56,56,56,arrivals,0.9824561403508771,0.9824561403508771,path1_penalty
LOWG,56,55,51,52,departures,0.9107142857142857,0.9285714285714286,path1_penalty
LFQQ,56,54,54,54,departures,0.9642857142857143,0.9642857142857143,path1_penalty
LTCC,56,0,0,0,arrivals,0.0,0.0,path1_penalty
EDDG,56,54,54,54,arrivals,0.9642857142857143,0.9642857142857143,path1_penalty
LFBZ,55,1,1,1,departures,0.01818181818181818,0.01818181818181818,path1_penalty
LTCC,55,1,0,0,departures,0.0,0.0,path1_penalty
LDPL,55,49,48,53,arrivals,0.8727272727272727,0.9636363636363636,path1_penalty
LFTH,55,46,43,56,arrivals,0.7818181818181819,1.018181818181818,path1_penalty
EYKA,54,47,46,46,departures,0.8518518518518519,0.8518518518518519,path1_penalty
LOWG,53,53,53,57,arrivals,1.0,1.0754716981132075,path1_penalty
LKTB,52,50,47,51,departures,0.9038461538461539,0.9807692307692307,path1_penalty
URSS,52,0,0,0,departures,0.0,0.0,path1_penalty
GMFF,52,0,0,0,departures,0.0,0.0,path1_penalty
LTBA,52,47,42,61,arrivals,0.8076923076923077,1.1730769230769231,path1_penalty
LKTB,52,51,50,52,arrivals,0.9615384615384616,1.0,path1_penalty
GMFF,52,0,0,0,arrivals,0.0,0.0,path1_penalty
LFTH,51,20,18,29,departures,0.35294117647058826,0.5686274509803921,path1_penalty
EGPE,51,35,35,35,departures,0.6862745098039216,0.6862745098039216,path1_penalty
EHKD,50,43,40,50,departures,0.8,1.0,path1_penalty
LFST,50,48,48,48,arrivals,0.96,0.96,path1_penalty
EYKA,50,37,9,14,arrivals,0.18,0.28,path1_penalty
LDPL,49,23,23,23,departures,0.46938775510204084,0.46938775510204084,path1_penalty
UGKO,49,0,0,0,departures,0.0,0.0,path1_penalty
LFST,49,47,47,47,departures,0.9591836734693877,0.9591836734693877,path1_penalty
DAOO,49,25,25,25,arrivals,0.5102040816326531,0.5102040816326531,path1_penalty
UGKO,49,0,0,0,arrivals,0.0,0.0,path1_penalty
EGFF,49,46,45,46,arrivals,0.9183673469387755,0.9387755102040817,path1_penalty
EGPE,49,46,46,46,arrivals,0.9387755102040817,0.9387755102040817,path1_penalty
DAOO,48,8,8,8,departures,0.16666666666666666,0.16666666666666666,path1_penalty
EGFF,48,47,46,47,departures,0.9583333333333334,0.9791666666666666,path1_penalty
UBBN,48,0,0,0,departures,0.0,0.0,path1_penalty
ENCN,48,24,24,24,departures,0.5,0.5,path1_penalty
EHKD,48,37,37,46,arrivals,0.7708333333333334,0.9583333333333334,path1_penalty
ENAL,48,1,1,1,arrivals,0.020833333333333332,0.020833333333333332,path1_penalty
UBBN,48,1,0,0,arrivals,0.0,0.0,path1_penalty
ORBI,48,1,0,0,arrivals,0.0,0.0,path1_penalty
LFRB,47,41,41,41,departures,0.8723404255319149,0.8723404255319149,path1_penalty
ENAL,46,0,0,0,departures,0.0,0.0,path1_penalty
ENKB,46,0,0,0,departures,0.0,0.0,path1_penalty
LGPZ,46,3,0,0,arrivals,0.0,0.0,path1_penalty
LTFH,45,6,6,6,departures,0.13333333333333333,0.13333333333333333,path1_penalty
LGPZ,45,1,0,0,departures,0.0,0.0,path1_penalty
EDDC,45,43,43,43,departures,0.9555555555555556,0.9555555555555556,path1_penalty
LGPA,45,0,0,0,departures,0.0,0.0,path1_penalty
LTFH,45,4,3,3,arrivals,0.06666666666666667,0.06666666666666667,path1_penalty
EDDC,45,45,45,45,arrivals,1.0,1.0,path1_penalty
LIRI,44,7,0,0,departures,0.0,0.0,path1_penalty
GEML,44,40,40,40,departures,0.9090909090909091,0.9090909090909091,path1_penalty
ORER,44,0,0,0,departures,0.0,0.0,path1_penalty
ESSB,44,38,37,38,departures,0.8409090909090909,0.8636363636363636,path1_penalty
BIRK,44,39,39,39,departures,0.8863636363636364,0.8863636363636364,path1_penalty
GEML,44,43,43,43,arrivals,0.9772727272727273,0.9772727272727273,path1_penalty
ORER,44,0,0,0,arrivals,0.0,0.0,path1_penalty
LEJR,44,44,44,45,arrivals,1.0,1.0227272727272727,path1_penalty
BIRK,44,36,35,37,arrivals,0.7954545454545454,0.8409090909090909,path1_penalty
ENKB,44,0,0,0,arrivals,0.0,0.0,path1_penalty
LFRB,44,39,39,39,arrivals,0.8863636363636364,0.8863636363636364,path1_penalty
LKMT,44,39,39,44,arrivals,0.8863636363636364,1.0,path1_penalty
LKMT,43,27,23,23,departures,0.5348837209302325,0.5348837209302325,path1_penalty
LIBP,43,43,43,43,arrivals,1.0,1.0,path1_penalty
LOWI,43,31,29,30,arrivals,0.6744186046511628,0.6976744186046512,path1_penalty
ENCN,43,12,12,12,arrivals,0.27906976744186046,0.27906976744186046,path1_penalty
EPMO,42,42,40,40,departures,0.9523809523809523,0.9523809523809523,path1_penalty
ENEV,42,6,0,0,departures,0.0,0.0,path1_penalty
ORBI,42,0,0,0,departures,0.0,0.0,path1_penalty
LIRI,42,4,1,1,arrivals,0.023809523809523808,0.023809523809523808,path1_penalty
UMMS,42,2,2,2,arrivals,0.047619047619047616,0.047619047619047616,path1_penalty
ESMS,42,36,36,36,arrivals,0.8571428571428571,0.8571428571428571,path1_penalty
ENEV,42,9,0,0,arrivals,0.0,0.0,path1_penalty
LGSM,42,9,9,13,arrivals,0.21428571428571427,0.30952380952380953,path1_penalty
ESMS,41,38,38,38,departures,0.926829268292683,0.926829268292683,path1_penalty
LIBP,41,41,41,42,departures,1.0,1.024390243902439,path1_penalty
LGSM,41,4,3,8,departures,0.07317073170731707,0.1951219512195122,path1_penalty
LIRZ,41,41,41,45,arrivals,1.0,1.0975609756097562,path1_penalty
UMMS,40,15,15,15,departures,0.375,0.375,path1_penalty
LEJR,40,40,40,40,departures,1.0,1.0,path1_penalty
LEVX,40,0,0,0,arrivals,0.0,0.0,path1_penalty
UWKD,40,0,0,0,arrivals,0.0,0.0,path1_penalty
LICT,40,3,3,3,arrivals,0.075,0.075,path1_penalty
EPMO,40,34,30,36,arrivals,0.75,0.9,path1_penalty
LEAM,40,39,39,40,arrivals,0.975,1.0,path1_penalty
GMMW,40,9,9,9,arrivals,0.225,0.225,path1_penalty
LGPA,40,0,0,0,arrivals,0.0,0.0,path1_penalty
LEVT,39,0,0,0,departures,0.0,0.0,path1_penalty
LICT,39,6,6,6,departures,0.15384615384615385,0.15384615384615385,path1_penalty
LIRZ,39,39,35,35,departures,0.8974358974358975,0.8974358974358975,path1_penalty
LEXJ,39,0,0,0,departures,0.0,0.0,path1_penalty
GMMW,39,20,20,20,departures,0.5128205128205128,0.5128205128205128,path1_penalty
EGPB,39,0,0,0,arrivals,0.0,0.0,path1_penalty
LEVT,39,0,0,0,arrivals,0.0,0.0,path1_penalty
LEZG,39,16,15,15,arrivals,0.38461538461538464,0.38461538461538464,path1_penalty
EDLP,39,35,34,35,arrivals,0.8717948717948718,0.8974358974358975,path1_penalty
EGPB,38,0,0,0,departures,0.0,0.0,path1_penalty
UWKD,38,0,0,0,departures,0.0,0.0,path1_penalty
LEZG,38,14,14,15,departures,0.3684210526315789,0.39473684210526316,path1_penalty
ESPA,38,0,0,0,departures,0.0,0.0,path1_penalty
LEVX,37,1,0,0,departures,0.0,0.0,path1_penalty
LGSK,37,1,1,1,departures,0.02702702702702703,0.02702702702702703,path1_penalty
LOWL,37,36,36,37,departures,0.972972972972973,1.0,path1_penalty
LEAM,37,35,35,35,departures,0.9459459459459459,0.9459459459459459,path1_penalty
LIPY,37,2,1,1,departures,0.02702702702702703,0.02702702702702703,path1_penalty
LGSK,37,17,17,17,arrivals,0.4594594594594595,0.4594594594594595,path1_penalty
ESSB,37,32,32,35,arrivals,0.8648648648648649,0.9459459459459459,path1_penalty
LEXJ,37,0,0,0,arrivals,0.0,0.0,path1_penalty
EGTE,36,28,28,28,departures,0.7777777777777778,0.7777777777777778,path1_penalty
LECO,36,35,35,35,departures,0.9722222222222222,0.9722222222222222,path1_penalty
EGTE,36,33,33,33,arrivals,0.9166666666666666,0.9166666666666666,path1_penalty
LIPY,36,5,5,6,arrivals,0.1388888888888889,0.16666666666666666,path1_penalty
LTFO,36,9,8,8,arrivals,0.2222222222222222,0.2222222222222222,path1_penalty
EGMC,35,35,35,39,departures,1.0,1.1142857142857143,path1_penalty
EDLP,35,30,30,31,departures,0.8571428571428571,0.8857142857142857,path1_penalty
LZKZ,35,22,22,22,departures,0.6285714285714286,0.6285714285714286,path1_penalty
LTFO,35,0,0,0,departures,0.0,0.0,path1_penalty
LTFG,35,35,34,35,arrivals,0.9714285714285714,1.0,path1_penalty
ESPA,35,0,0,0,arrivals,0.0,0.0,path1_penalty
LECO,35,35,35,37,arrivals,1.0,1.0571428571428572,path1_penalty
GMFO,34,2,2,2,departures,0.058823529411764705,0.058823529411764705,path1_penalty
LTFG,34,34,34,34,departures,1.0,1.0,path1_penalty
LEGR,34,0,0,0,departures,0.0,0.0,path1_penalty
LOWL,34,32,31,31,arrivals,0.9117647058823529,0.9117647058823529,path1_penalty
LICR,34,0,0,0,arrivals,0.0,0.0,path1_penalty
GMFO,34,11,11,11,arrivals,0.3235294117647059,0.3235294117647059,path1_penalty
LEGR,34,0,0,0,arrivals,0.0,0.0,path1_penalty
LGMT,34,34,34,34,arrivals,1.0,1.0,path1_penalty
LZKZ,34,28,28,29,arrivals,0.8235294117647058,0.8529411764705882,path1_penalty
LICR,33,0,0,0,departures,0.0,0.0,path1_penalty
LTCI,33,0,0,0,departures,0.0,0.0,path1_penalty
LGMT,33,31,31,32,departures,0.9393939393939394,0.9696969696969697,path1_penalty
LOWI,33,18,17,17,departures,0.5151515151515151,0.5151515151515151,path1_penalty
EGMC,33,33,33,35,arrivals,1.0,1.0606060606060606,path1_penalty
EKAH,33,30,30,30,arrivals,0.9090909090909091,0.9090909090909091,path1_penalty
EGWU,32,32,0,1,departures,0.0,0.03125,path1_penalty
LTCB,32,6,6,6,departures,0.1875,0.1875,path1_penalty
EKAH,32,7,7,7,departures,0.21875,0.21875,path1_penalty
LFRN,32,32,32,32,departures,1.0,1.0,path1_penalty
LEMI,32,32,32,32,arrivals,1.0,1.0,path1_penalty
LTCI,32,0,0,0,arrivals,0.0,0.0,path1_penalty
LEMI,31,24,24,24,departures,0.7741935483870968,0.7741935483870968,path1_penalty
EIKN,31,30,30,30,departures,0.967741935483871,0.967741935483871,path1_penalty
ENHD,31,1,0,0,departures,0.0,0.0,path1_penalty
EDMO,31,29,25,25,departures,0.8064516129032258,0.8064516129032258,path1_penalty
LFRN,31,31,31,31,arrivals,1.0,1.0,path1_penalty
LTCE,31,1,0,0,arrivals,0.0,0.0,path1_penalty
EGPK,30,28,28,28,departures,0.9333333333333333,0.9333333333333333,path1_penalty
URMM,30,0,0,0,departures,0.0,0.0,path1_penalty
LGNX,30,1,0,0,departures,0.0,0.0,path1_penalty
LTCB,30,11,11,11,arrivals,0.36666666666666664,0.36666666666666664,path1_penalty
LGNX,30,0,0,0,arrivals,0.0,0.0,path1_penalty
EIKN,30,30,30,30,arrivals,1.0,1.0,path1_penalty
EBAW,29,29,25,25,departures,0.8620689655172413,0.8620689655172413,path1_penalty
LTCE,29,0,0,0,departures,0.0,0.0,path1_penalty
EGPA,29,0,0,0,departures,0.0,0.0,path1_penalty
LTAZ,29,0,0,0,departures,0.0,0.0,path1_penalty
EGPK,29,29,29,31,arrivals,1.0,1.0689655172413792,path1_penalty
URMM,29,0,0,0,arrivals,0.0,0.0,path1_penalty
ENHD,29,9,9,11,arrivals,0.3103448275862069,0.3793103448275862,path1_penalty
LTAZ,29,1,0,0,arrivals,0.0,0.0,path1_penalty
EGHQ,28,27,27,27,departures,0.9642857142857143,0.9642857142857143,path1_penalty
ESNU,28,0,0,0,departures,0.0,0.0,path1_penalty
EGHQ,28,27,27,27,arrivals,0.9642857142857143,0.9642857142857143,path1_penalty
LTCA,27,0,0,0,departures,0.0,0.0,path1_penalty
ENBN,27,0,0,0,departures,0.0,0.0,path1_penalty
LICD,27,0,0,0,departures,0.0,0.0,path1_penalty
LIPB,27,13,11,11,arrivals,0.4074074074074074,0.4074074074074074,path1_penalty
EGWU,27,25,0,0,arrivals,0.0,0.0,path1_penalty
LTAN,27,0,0,0,arrivals,0.0,0.0,path1_penalty
LTCA,27,0,0,0,arrivals,0.0,0.0,path1_penalty
LICD,27,4,4,4,arrivals,0.14814814814814814,0.14814814814814814,path1_penalty
LFKC,27,27,27,27,arrivals,1.0,1.0,path1_penalty
LTAT,26,0,0,0,departures,0.0,0.0,path1_penalty
LPCS,26,24,23,24,departures,0.8846153846153846,0.9230769230769231,path1_penalty
LIPB,26,0,0,0,departures,0.0,0.0,path1_penalty
LTCS,26,0,0,0,departures,0.0,0.0,path1_penalty
LTAN,26,0,0,0,departures,0.0,0.0,path1_penalty
LRBS,26,26,26,28,departures,1.0,1.0769230769230769,path1_penalty
LFKC,26,26,26,26,departures,1.0,1.0,path1_penalty
LGHI,26,0,0,0,arrivals,0.0,0.0,path1_penalty
LTCS,26,0,0,0,arrivals,0.0,0.0,path1_penalty
ESNU,26,0,0,0,arrivals,0.0,0.0,path1_penalty
ENBN,26,0,0,0,arrivals,0.0,0.0,path1_penalty
EGPA,26,0,0,0,arrivals,0.0,0.0,path1_penalty
LGKL,25,5,4,4,departures,0.16,0.16,path1_penalty
LGHI,25,1,0,0,departures,0.0,0.0,path1_penalty
LGML,25,0,0,0,departures,0.0,0.0,path1_penalty
LFMP,25,8,8,8,departures,0.32,0.32,path1_penalty
EHBK,25,21,19,20,departures,0.76,0.8,path1_penalty
EFOU,25,0,0,0,departures,0.0,0.0,path1_penalty
EGSH,25,25,25,25,departures,1.0,1.0,path1_penalty
LPCS,25,25,23,26,arrivals,0.92,1.04,path1_penalty
LGKL,25,17,17,18,arrivals,0.68,0.72,path1_penalty
EBAW,25,25,24,26,arrivals,0.96,1.04,path1_penalty
EFOU,25,0,0,0,arrivals,0.0,0.0,path1_penalty
EGSH,25,25,25,26,arrivals,1.0,1.04,path1_penalty
LFRK,24,1,0,0,departures,0.0,0.0,path1_penalty
EKVG,24,0,0,0,departures,0.0,0.0,path1_penalty
ENFL,24,0,0,0,departures,0.0,0.0,path1_penalty
ENAT,24,0,0,0,departures,0.0,0.0,path1_penalty
LICG,24,1,1,1,departures,0.041666666666666664,0.041666666666666664,path1_penalty
LIPR,24,23,23,25,departures,0.9583333333333334,1.0416666666666667,path1_penalty
LTAT,24,0,0,0,arrivals,0.0,0.0,path1_penalty
EKVG,24,0,0,0,arrivals,0.0,0.0,path1_penalty
ENFL,24,0,0,0,arrivals,0.0,0.0,path1_penalty
ENAT,24,0,0,0,arrivals,0.0,0.0,path1_penalty
LESO,24,1,0,0,arrivals,0.0,0.0,path1_penalty
LFMP,24,16,16,16,arrivals,0.6666666666666666,0.6666666666666666,path1_penalty
EHBK,24,19,19,20,arrivals,0.7916666666666666,0.8333333333333334,path1_penalty
LIPR,24,24,23,24,arrivals,0.9583333333333334,1.0,path1_penalty
EDDR,23,16,16,17,departures,0.6956521739130435,0.7391304347826086,path1_penalty
ESSV,23,0,0,0,departures,0.0,0.0,path1_penalty
ENOV,23,0,0,0,departures,0.0,0.0,path1_penalty
ENKR,23,0,0,0,departures,0.0,0.0,path1_penalty
LESO,23,1,0,0,departures,0.0,0.0,path1_penalty
ENLK,23,5,0,0,departures,0.0,0.0,path1_penalty
LFBT,23,20,20,20,departures,0.8695652173913043,0.8695652173913043,path1_penalty
ENKR,23,0,0,0,arrivals,0.0,0.0,path1_penalty
LICG,23,3,3,3,arrivals,0.13043478260869565,0.13043478260869565,path1_penalty
EGPO,23,3,0,0,arrivals,0.0,0.0,path1_penalty
EDXW,22,20,19,19,departures,0.8636363636363636,0.8636363636363636,path1_penalty
LLER,22,0,0,0,departures,0.0,0.0,path1_penalty
LSGS,22,0,0,0,departures,0.0,0.0,path1_penalty
LRSB,22,1,0,0,departures,0.0,0.0,path1_penalty
LFBP,22,7,7,7,departures,0.3181818181818182,0.3181818181818182,path1_penalty
LGKP,22,0,0,0,departures,0.0,0.0,path1_penalty
EGNV,22,19,19,19,departures,0.8636363636363636,0.8636363636363636,path1_penalty
EGPO,22,0,0,0,departures,0.0,0.0,path1_penalty
EPSC,22,0,0,0,departures,0.0,0.0,path1_penalty
EIKY,22,22,22,22,departures,1.0,1.0,path1_penalty
LRCV,22,1,0,0,departures,0.0,0.0,path1_penalty
GCHI,22,0,0,0,departures,0.0,0.0,path1_penalty
LFRK,22,21,20,20,arrivals,0.9090909090909091,0.9090909090909091,path1_penalty
EDDR,22,16,16,19,arrivals,0.7272727272727273,0.8636363636363636,path1_penalty
ESSV,22,0,0,0,arrivals,0.0,0.0,path1_penalty
EDXW,22,21,20,21,arrivals,0.9090909090909091,0.9545454545454546,path1_penalty
ENOV,22,0,0,0,arrivals,0.0,0.0,path1_penalty
LLER,22,0,0,0,arrivals,0.0,0.0,path1_penalty
LRSB,22,0,0,0,arrivals,0.0,0.0,path1_penalty
LFBP,22,21,21,21,arrivals,0.9545454545454546,0.9545454545454546,path1_penalty
LGKP,22,1,1,1,arrivals,0.045454545454545456,0.045454545454545456,path1_penalty
EDMO,22,22,19,20,arrivals,0.8636363636363636,0.9090909090909091,path1_penalty
EPSC,22,3,1,3,arrivals,0.045454545454545456,0.13636363636363635,path1_penalty
ENLK,22,3,0,0,arrivals,0.0,0.0,path1_penalty
GCHI,22,0,0,0,arrivals,0.0,0.0,path1_penalty
LFBT,22,22,22,22,arrivals,1.0,1.0,path1_penalty
LDRI,21,0,0,0,departures,0.0,0.0,path1_penalty
ENSG,21,7,0,0,departures,0.0,0.0,path1_penalty
LRSV,21,0,0,0,departures,0.0,0.0,path1_penalty
BIAR,21,0,0,0,departures,0.0,0.0,path1_penalty
LDRI,21,2,1,1,arrivals,0.047619047619047616,0.047619047619047616,path1_penalty
ENSG,21,8,0,0,arrivals,0.0,0.0,path1_penalty
LGML,21,0,0,0,arrivals,0.0,0.0,path1_penalty
EGNV,21,19,19,19,arrivals,0.9047619047619048,0.9047619047619048,path1_penalty
LSZB,21,20,20,22,arrivals,0.9523809523809523,1.0476190476190477,path1_penalty
EIKY,21,21,21,21,arrivals,1.0,1.0,path1_penalty
LFLC,21,20,19,20,arrivals,0.9047619047619048,0.9523809523809523,path1_penalty
LRCV,21,1,0,0,arrivals,0.0,0.0,path1_penalty
LRBS,21,21,20,22,arrivals,0.9523809523809523,1.0476190476190477,path1_penalty
BIAR,21,0,0,0,arrivals,0.0,0.0,path1_penalty
DABC,20,0,0,0,departures,0.0,0.0,path1_penalty
LTCR,20,0,0,0,departures,0.0,0.0,path1_penalty
LSZB,20,18,18,18,departures,0.9,0.9,path1_penalty
GMTN,20,20,19,19,arrivals,0.95,0.95,path1_penalty
LSGS,20,2,0,0,arrivals,0.0,0.0,path1_penalty
LTCR,20,0,0,0,arrivals,0.0,0.0,path1_penalty
LRSV,20,0,0,0,arrivals,0.0,0.0,path1_penalty
EGNJ,20,15,15,15,arrivals,0.75,0.75,path1_penalty
HLLM,20,1,1,1,arrivals,0.05,0.05,path1_penalty
DABC,20,0,0,0,arrivals,0.0,0.0,path1_penalty
LOWK,19,0,0,0,departures,0.0,0.0,path1_penalty
LTCJ,19,0,0,0,departures,0.0,0.0,path1_penalty
GMTN,19,18,18,18,departures,0.9473684210526315,0.9473684210526315,path1_penalty
EFTU,19,1,1,1,departures,0.05263157894736842,0.05263157894736842,path1_penalty
ENVD,19,0,0,0,departures,0.0,0.0,path1_penalty
LRBC,19,0,0,0,departures,0.0,0.0,path1_penalty
EGTK,19,19,19,20,departures,1.0,1.0526315789473684,path1_penalty
ENSK,19,5,0,0,departures,0.0,0.0,path1_penalty
LSZR,19,18,18,21,departures,0.9473684210526315,1.105263157894737,path1_penalty
HLLM,19,2,1,1,departures,0.05263157894736842,0.05263157894736842,path1_penalty
LTCJ,19,0,0,0,arrivals,0.0,0.0,path1_penalty
LRBC,19,1,0,0,arrivals,0.0,0.0,path1_penalty
ENSK,19,4,0,0,arrivals,0.0,0.0,path1_penalty
LFTZ,19,18,0,0,arrivals,0.0,0.0,path1_penalty
LSZR,19,19,19,19,arrivals,1.0,1.0,path1_penalty
EYPA,18,17,16,16,departures,0.8888888888888888,0.8888888888888888,path1_penalty
EGJA,18,13,6,6,departures,0.3333333333333333,0.3333333333333333,path1_penalty
EBOS,18,16,16,16,departures,0.8888888888888888,0.8888888888888888,path1_penalty
LFLC,18,0,0,0,departures,0.0,0.0,path1_penalty
LOWK,18,1,0,0,arrivals,0.0,0.0,path1_penalty
LIPO,18,18,14,16,arrivals,0.7777777777777778,0.8888888888888888,path1_penalty
EFTU,18,9,9,9,arrivals,0.5,0.5,path1_penalty
EGJA,18,18,7,12,arrivals,0.3888888888888889,0.6666666666666666,path1_penalty
EFRO,17,0,0,0,departures,0.0,0.0,path1_penalty
LPAZ,17,1,1,1,departures,0.058823529411764705,0.058823529411764705,path1_penalty
EPLL,17,0,0,0,departures,0.0,0.0,path1_penalty
EBKT,17,16,16,17,departures,0.9411764705882353,1.0,path1_penalty
LQBK,17,0,0,0,departures,0.0,0.0,path1_penalty
ENML,17,0,0,0,departures,0.0,0.0,path1_penalty
LGAL,17,1,1,1,departures,0.058823529411764705,0.058823529411764705,path1_penalty
EFRO,17,0,0,0,arrivals,0.0,0.0,path1_penalty
LQBK,17,0,0,0,arrivals,0.0,0.0,path1_penalty
EYPA,17,7,3,3,arrivals,0.17647058823529413,0.17647058823529413,path1_penalty
EBOS,17,16,16,19,arrivals,0.9411764705882353,1.1176470588235294,path1_penalty
LFLY,16,15,0,0,departures,0.0,0.0,path1_penalty
EKRN,16,0,0,0,departures,0.0,0.0,path1_penalty
LYNI,16,0,0,0,departures,0.0,0.0,path1_penalty
LFBL,16,0,0,0,departures,0.0,0.0,path1_penalty
EPBY,16,15,15,15,departures,0.9375,0.9375,path1_penalty
LTCF,16,0,0,0,departures,0.0,0.0,path1_penalty
EGNJ,16,12,12,12,departures,0.75,0.75,path1_penalty
EDDE,16,16,16,16,departures,1.0,1.0,path1_penalty
LXGB,16,15,15,15,departures,0.9375,0.9375,path1_penalty
LEPP,16,0,0,0,departures,0.0,0.0,path1_penalty
EPLB,16,7,7,7,departures,0.4375,0.4375,path1_penalty
LFBE,16,11,10,10,departures,0.625,0.625,path1_penalty
EKEB,16,13,13,13,departures,0.8125,0.8125,path1_penalty
LECH,16,6,5,5,departures,0.3125,0.3125,path1_penalty
LFLY,16,16,0,0,arrivals,0.0,0.0,path1_penalty
LYNI,16,0,0,1,arrivals,0.0,0.0625,path1_penalty
LFBL,16,0,0,0,arrivals,0.0,0.0,path1_penalty
EPLL,16,15,15,23,arrivals,0.9375,1.4375,path1_penalty
LTCF,16,0,0,0,arrivals,0.0,0.0,path1_penalty
LFMK,16,7,7,7,arrivals,0.4375,0.4375,path1_penalty
ENSH,16,1,0,0,arrivals,0.0,0.0,path1_penalty
EGTK,16,16,15,15,arrivals,0.9375,0.9375,path1_penalty
LGAL,16,16,16,16,arrivals,1.0,1.0,path1_penalty
EDVE,16,16,14,14,arrivals,0.875,0.875,path1_penalty
LXGB,16,15,15,15,arrivals,0.9375,0.9375,path1_penalty
EPLB,16,15,15,19,arrivals,0.9375,1.1875,path1_penalty
LFBE,16,13,13,14,arrivals,0.8125,0.875,path1_penalty
UWGG,15,0,0,0,departures,0.0,0.0,path1_penalty
HESX,15,1,1,1,departures,0.06666666666666667,0.06666666666666667,path1_penalty
LTCK,15,0,0,0,departures,0.0,0.0,path1_penalty
EDNY,15,13,12,12,departures,0.8,0.8,path1_penalty
LFMK,15,0,0,0,departures,0.0,0.0,path1_penalty
ENRA,15,0,0,0,departures,0.0,0.0,path1_penalty
EGAE,15,1,1,1,departures,0.06666666666666667,0.06666666666666667,path1_penalty
LFRM,15,15,14,16,arrivals,0.9333333333333333,1.0666666666666667,path1_penalty
EKRN,15,0,0,0,arrivals,0.0,0.0,path1_penalty
HESX,15,3,3,9,arrivals,0.2,0.6,path1_penalty
ENVD,15,0,0,0,arrivals,0.0,0.0,path1_penalty
LTCK,15,0,0,0,arrivals,0.0,0.0,path1_penalty
EPBY,15,14,10,14,arrivals,0.6666666666666666,0.9333333333333333,path1_penalty
EDNY,15,12,12,13,arrivals,0.8,0.8666666666666667,path1_penalty
ENML,15,0,0,0,arrivals,0.0,0.0,path1_penalty
LLHA,15,13,13,13,arrivals,0.8666666666666667,0.8666666666666667,path1_penalty
EDDE,15,15,15,15,arrivals,1.0,1.0,path1_penalty
LFSD,15,15,14,15,arrivals,0.9333333333333333,1.0,path1_penalty
LGLM,15,1,0,0,arrivals,0.0,0.0,path1_penalty
EKEB,15,12,12,12,arrivals,0.8,0.8,path1_penalty
LECH,15,13,13,14,arrivals,0.8666666666666667,0.9333333333333333,path1_penalty
LTAY,14,0,0,0,departures,0.0,0.0,path1_penalty
ETSI,14,13,13,13,departures,0.9285714285714286,0.9285714285714286,path1_penalty
LLHA,14,13,13,13,departures,0.9285714285714286,0.9285714285714286,path1_penalty
LROD,14,0,0,0,departures,0.0,0.0,path1_penalty
ENSH,14,1,0,0,departures,0.0,0.0,path1_penalty
LTAR,14,0,0,0,departures,0.0,0.0,path1_penalty
EFKU,14,14,14,14,departures,1.0,1.0,path1_penalty
EDVE,14,14,14,14,departures,1.0,1.0,path1_penalty
LGLM,14,1,0,0,departures,0.0,0.0,path1_penalty
LFBH,14,5,5,5,arrivals,0.35714285714285715,0.35714285714285715,path1_penalty
LPAZ,14,11,11,13,arrivals,0.7857142857142857,0.9285714285714286,path1_penalty
LROD,14,0,0,0,arrivals,0.0,0.0,path1_penalty
ENRA,14,1,0,0,arrivals,0.0,0.0,path1_penalty
EGAE,14,1,1,1,arrivals,0.07142857142857142,0.07142857142857142,path1_penalty
LTAR,14,0,0,0,arrivals,0.0,0.0,path1_penalty
LEPP,14,0,0,0,arrivals,0.0,0.0,path1_penalty
LFRM,13,13,13,14,departures,1.0,1.0769230769230769,path1_penalty
LFBH,13,13,13,13,departures,1.0,1.0,path1_penalty
LTDA,13,0,0,0,departures,0.0,0.0,path1_penalty
LGKV,13,13,13,13,departures,1.0,1.0,path1_penalty
LPPS,13,0,0,0,departures,0.0,0.0,path1_penalty
LFRZ,13,10,10,10,departures,0.7692307692307693,0.7692307692307693,path1_penalty
LTCT,13,0,0,0,departures,0.0,0.0,path1_penalty
LIBC,13,0,0,0,departures,0.0,0.0,path1_penalty
EDMA,13,13,13,13,departures,1.0,1.0,path1_penalty
EFVA,13,0,0,0,departures,0.0,0.0,path1_penalty
UWGG,13,0,0,0,arrivals,0.0,0.0,path1_penalty
LTAY,13,0,0,0,arrivals,0.0,0.0,path1_penalty
LGKV,13,13,13,13,arrivals,1.0,1.0,path1_penalty
LPPS,13,6,1,1,arrivals,0.07692307692307693,0.07692307692307693,path1_penalty
LFRZ,13,13,12,17,arrivals,0.9230769230769231,1.3076923076923077,path1_penalty
EFKU,13,13,13,13,arrivals,1.0,1.0,path1_penalty
LTCT,13,0,0,0,arrivals,0.0,0.0,path1_penalty
LBPD,13,0,0,1,arrivals,0.0,0.07692307692307693,path1_penalty
ESNS,12,0,0,0,departures,0.0,0.0,path1_penalty
LTFD,12,11,11,11,departures,0.9166666666666666,0.9166666666666666,path1_penalty
EDFM,12,11,11,18,departures,0.9166666666666666,1.5,path1_penalty
ENST,12,0,0,0,departures,0.0,0.0,path1_penalty
LFMU,12,0,0,0,departures,0.0,0.0,path1_penalty
ENBL,12,0,0,0,departures,0.0,0.0,path1_penalty
EKRK,12,11,11,11,departures,0.9166666666666666,0.9166666666666666,path1_penalty
GCGM,12,0,0,0,departures,0.0,0.0,path1_penalty
ENSD,12,1,0,0,departures,0.0,0.0,path1_penalty
LTCP,12,0,0,0,departures,0.0,0.0,path1_penalty
LIRS,12,1,0,0,departures,0.0,0.0,path1_penalty
LFTZ,12,11,0,0,departures,0.0,0.0,path1_penalty
LTCN,12,0,0,0,departures,0.0,0.0,path1_penalty
LFTW,12,12,12,12,departures,1.0,1.0,path1_penalty
HLLB,12,1,0,0,departures,0.0,0.0,path1_penalty
LGIO,12,10,10,10,arrivals,0.8333333333333334,0.8333333333333334,path1_penalty
LTCD,12,0,0,0,arrivals,0.0,0.0,path1_penalty
LTFD,12,12,12,12,arrivals,1.0,1.0,path1_penalty
LIBF,12,0,0,0,arrivals,0.0,0.0,path1_penalty
ETSI,12,11,10,10,arrivals,0.8333333333333334,0.8333333333333334,path1_penalty
EKSB,12,12,12,12,arrivals,1.0,1.0,path1_penalty
LGRX,12,2,1,1,arrivals,0.08333333333333333,0.08333333333333333,path1_penalty
LFMU,12,3,3,3,arrivals,0.25,0.25,path1_penalty
GCGM,12,0,0,0,arrivals,0.0,0.0,path1_penalty
LTCN,12,0,0,0,arrivals,0.0,0.0,path1_penalty
HLLB,12,1,1,1,arrivals,0.08333333333333333,0.08333333333333333,path1_penalty
LIBC,12,0,0,0,arrivals,0.0,0.0,path1_penalty
EFVA,12,0,0,0,arrivals,0.0,0.0,path1_penalty
LRBV,11,10,10,10,departures,0.9090909090909091,0.9090909090909091,path1_penalty
LTCD,11,0,0,0,departures,0.0,0.0,path1_penalty
EGPN,11,11,11,12,departures,1.0,1.0909090909090908,path1_penalty
LTCV,11,0,0,0,departures,0.0,0.0,path1_penalty
LIPO,11,11,11,14,departures,1.0,1.2727272727272727,path1_penalty
LGRX,11,0,0,0,departures,0.0,0.0,path1_penalty
ENAN,11,4,0,0,departures,0.0,0.0,path1_penalty
GMML,11,0,0,0,departures,0.0,0.0,path1_penalty
LFSD,11,10,10,11,departures,0.9090909090909091,1.0,path1_penalty
LFMV,11,11,11,11,arrivals,1.0,1.0,path1_penalty
EGPN,11,10,10,10,arrivals,0.9090909090909091,0.9090909090909091,path1_penalty
LTCV,11,0,0,0,arrivals,0.0,0.0,path1_penalty
ESNS,11,4,4,4,arrivals,0.36363636363636365,0.36363636363636365,path1_penalty
LTDA,11,0,0,0,arrivals,0.0,0.0,path1_penalty
EDFM,11,10,10,15,arrivals,0.9090909090909091,1.3636363636363635,path1_penalty
ENST,11,2,0,0,arrivals,0.0,0.0,path1_penalty
LICB,11,11,10,11,arrivals,0.9090909090909091,1.0,path1_penalty
ENBL,11,0,0,0,arrivals,0.0,0.0,path1_penalty
GMML,11,0,0,0,arrivals,0.0,0.0,path1_penalty
ENSD,11,3,0,0,arrivals,0.0,0.0,path1_penalty
LTCP,11,0,0,0,arrivals,0.0,0.0,path1_penalty
LIRS,11,2,2,3,arrivals,0.18181818181818182,0.2727272727272727,path1_penalty
LFTW,11,11,11,11,arrivals,1.0,1.0,path1_penalty
EDMA,11,11,11,11,arrivals,1.0,1.0,path1_penalty
LGIO,10,8,8,8,departures,0.8,0.8,path1_penalty
LFMV,10,9,9,13,departures,0.9,1.3,path1_penalty
EKSB,10,10,10,10,departures,1.0,1.0,path1_penalty
ESNZ,10,8,8,8,departures,0.8,0.8,path1_penalty
LQMO,10,0,0,0,departures,0.0,0.0,path1_penalty
LGIK,10,5,0,0,departures,0.0,0.0,path1_penalty
LIMP,10,1,1,2,departures,0.1,0.2,path1_penalty
EHGG,10,10,10,10,departures,1.0,1.0,path1_penalty
LIPK,10,8,8,8,departures,0.8,0.8,path1_penalty
DAAE,10,0,0,0,departures,0.0,0.0,path1_penalty
LFCR,10,10,10,10,arrivals,1.0,1.0,path1_penalty
EKOD,10,10,10,10,arrivals,1.0,1.0,path1_penalty
EHGG,10,10,10,13,arrivals,1.0,1.3,path1_penalty
LDSB,10,1,0,0,arrivals,0.0,0.0,path1_penalty
LIPK,10,8,8,8,arrivals,0.8,0.8,path1_penalty
DAAE,10,3,3,3,arrivals,0.3,0.3,path1_penalty
LICB,9,9,9,9,departures,1.0,1.0,path1_penalty
EDTY,9,5,4,4,departures,0.4444444444444444,0.4444444444444444,path1_penalty
LFCR,9,1,1,1,departures,0.1111111111111111,0.1111111111111111,path1_penalty
LKPD,9,9,9,13,departures,1.0,1.4444444444444444,path1_penalty
GMMI,9,0,0,0,departures,0.0,0.0,path1_penalty
ESTA,9,0,0,0,departures,0.0,0.0,path1_penalty
ESKN,9,4,4,4,departures,0.4444444444444444,0.4444444444444444,path1_penalty
LBPD,9,0,0,0,departures,0.0,0.0,path1_penalty
GMFK,9,0,0,0,departures,0.0,0.0,path1_penalty
LTCO,9,0,0,0,departures,0.0,0.0,path1_penalty
ENMS,9,0,0,0,departures,0.0,0.0,path1_penalty
LDSB,9,0,0,0,departures,0.0,0.0,path1_penalty
LTBR,9,1,0,1,departures,0.0,0.1111111111111111,path1_penalty
ENNA,9,0,0,0,departures,0.0,0.0,path1_penalty
UUBW,9,0,0,0,arrivals,0.0,0.0,path1_penalty
LRBV,9,9,9,9,arrivals,1.0,1.0,path1_penalty
ESNZ,9,7,7,7,arrivals,0.7777777777777778,0.7777777777777778,path1_penalty
EKRK,9,9,9,9,arrivals,1.0,1.0,path1_penalty
DAON,9,0,0,0,arrivals,0.0,0.0,path1_penalty
LQMO,9,0,0,0,arrivals,0.0,0.0,path1_penalty
GMMI,9,0,0,0,arrivals,0.0,0.0,path1_penalty
LGIK,9,4,0,0,arrivals,0.0,0.0,path1_penalty
ENAN,9,4,0,0,arrivals,0.0,0.0,path1_penalty
URML,9,0,0,0,arrivals,0.0,0.0,path1_penalty
ESKN,9,7,6,6,arrivals,0.6666666666666666,0.6666666666666666,path1_penalty
EGNR,9,8,0,0,arrivals,0.0,0.0,path1_penalty
GMFK,9,0,0,0,arrivals,0.0,0.0,path1_penalty
LTCO,9,1,0,0,arrivals,0.0,0.0,path1_penalty
ENMS,9,1,0,0,arrivals,0.0,0.0,path1_penalty
LTBR,9,7,7,10,arrivals,0.7777777777777778,1.1111111111111112,path1_penalty
EPSY,8,0,0,0,departures,0.0,0.0,path1_penalty
LSMP,8,2,1,1,departures,0.125,0.125,path1_penalty
LQTZ,8,0,0,0,departures,0.0,0.0,path1_penalty
LFSL,8,0,0,0,departures,0.0,0.0,path1_penalty
LDOS,8,1,1,1,departures,0.125,0.125,path1_penalty
EGPI,8,0,0,0,departures,0.0,0.0,path1_penalty
ESMX,8,0,0,0,departures,0.0,0.0,path1_penalty
EFMA,8,1,1,1,departures,0.125,0.125,path1_penalty
LFRG,8,7,7,9,departures,0.875,1.125,path1_penalty
EGPR,8,0,0,0,departures,0.0,0.0,path1_penalty
BIEG,8,0,0,0,departures,0.0,0.0,path1_penalty
DAON,8,0,0,0,departures,0.0,0.0,path1_penalty
EDHI,8,8,0,0,departures,0.0,0.0,path1_penalty
EDLN,8,8,3,3,departures,0.375,0.375,path1_penalty
EFTP,8,6,5,5,departures,0.625,0.625,path1_penalty
ENJS,8,0,0,0,departures,0.0,0.0,path1_penalty
LFOT,8,0,0,0,departures,0.0,0.0,path1_penalty
UBBG,8,0,0,0,departures,0.0,0.0,path1_penalty
LGST,8,0,0,0,departures,0.0,0.0,path1_penalty
LEBZ,8,0,0,0,departures,0.0,0.0,path1_penalty
LFLB,8,6,6,7,arrivals,0.75,0.875,path1_penalty
LSMP,8,8,7,8,arrivals,0.875,1.0,path1_penalty
LQTZ,8,1,1,1,arrivals,0.125,0.125,path1_penalty
LFSL,8,0,0,0,arrivals,0.0,0.0,path1_penalty
LDOS,8,3,3,3,arrivals,0.375,0.375,path1_penalty
EGPI,8,0,0,0,arrivals,0.0,0.0,path1_penalty
ESMX,8,2,2,3,arrivals,0.25,0.375,path1_penalty
EBKT,8,8,8,8,arrivals,1.0,1.0,path1_penalty
EFMA,8,0,0,0,arrivals,0.0,0.0,path1_penalty
BIEG,8,0,0,0,arrivals,0.0,0.0,path1_penalty
LKPD,8,8,8,13,arrivals,1.0,1.625,path1_penalty
ESTA,8,2,2,2,arrivals,0.25,0.25,path1_penalty
LFOT,8,8,8,9,arrivals,1.0,1.125,path1_penalty
LGST,8,0,0,0,arrivals,0.0,0.0,path1_penalty
ENNA,8,0,0,0,arrivals,0.0,0.0,path1_penalty
EDRY,7,7,0,0,departures,0.0,0.0,path1_penalty
ENNM,7,2,0,0,departures,0.0,0.0,path1_penalty
ESNQ,7,0,0,0,departures,0.0,0.0,path1_penalty
LIBF,7,0,0,0,departures,0.0,0.0,path1_penalty
LHDC,7,0,0,0,departures,0.0,0.0,path1_penalty
EIDL,7,0,0,0,departures,0.0,0.0,path1_penalty
LTCW,7,0,0,0,departures,0.0,0.0,path1_penalty
BIIS,7,0,0,0,departures,0.0,0.0,path1_penalty
EDTL,7,7,7,7,departures,1.0,1.0,path1_penalty
EKOD,7,7,7,7,departures,1.0,1.0,path1_penalty
OITT,7,0,0,0,departures,0.0,0.0,path1_penalty
ESSL,7,6,6,6,departures,0.8571428571428571,0.8571428571428571,path1_penalty
EGPL,7,0,0,0,departures,0.0,0.0,path1_penalty
UUBW,7,0,0,0,departures,0.0,0.0,path1_penalty
HEBA,7,6,6,6,departures,0.8571428571428571,0.8571428571428571,path1_penalty
ESNQ,7,0,0,0,arrivals,0.0,0.0,path1_penalty
EIDL,7,6,6,6,arrivals,0.8571428571428571,0.8571428571428571,path1_penalty
LTCW,7,0,0,0,arrivals,0.0,0.0,path1_penalty
EGPR,7,0,0,0,arrivals,0.0,0.0,path1_penalty
BIIS,7,0,0,0,arrivals,0.0,0.0,path1_penalty
DABB,7,1,0,0,arrivals,0.0,0.0,path1_penalty
EDHI,7,7,0,0,arrivals,0.0,0.0,path1_penalty
EDTL,7,7,6,7,arrivals,0.8571428571428571,1.0,path1_penalty
OITT,7,0,0,0,arrivals,0.0,0.0,path1_penalty
ENJS,7,0,0,0,arrivals,0.0,0.0,path1_penalty
EGPL,7,0,0,0,arrivals,0.0,0.0,path1_penalty
LEBZ,7,4,4,4,arrivals,0.5714285714285714,0.5714285714285714,path1_penalty
EDTY,7,7,6,6,arrivals,0.8571428571428571,0.8571428571428571,path1_penalty
LIMP,7,5,5,6,arrivals,0.7142857142857143,0.8571428571428571,path1_penalty
EDVK,6,4,3,3,departures,0.5,0.5,path1_penalty
EHJA,6,0,0,0,departures,0.0,0.0,path1_penalty
HEAL,6,1,1,1,departures,0.16666666666666666,0.16666666666666666,path1_penalty
EGPU,6,0,0,0,departures,0.0,0.0,path1_penalty
HEMM,6,0,0,0,departures,0.0,0.0,path1_penalty
ESNK,6,0,0,0,departures,0.0,0.0,path1_penalty
EDHL,6,6,6,6,departures,1.0,1.0,path1_penalty
ENDU,6,0,0,0,departures,0.0,0.0,path1_penalty
EFKE,6,0,0,0,departures,0.0,0.0,path1_penalty
ESOE,6,1,1,1,departures,0.16666666666666666,0.16666666666666666,path1_penalty
ENSO,6,2,2,10,departures,0.3333333333333333,1.6666666666666667,path1_penalty
EFJO,6,0,0,0,departures,0.0,0.0,path1_penalty
LPPM,6,6,6,10,departures,1.0,1.6666666666666667,path1_penalty
URML,6,0,0,0,departures,0.0,0.0,path1_penalty
ENRM,6,0,0,0,departures,0.0,0.0,path1_penalty
LTCU,6,0,0,0,departures,0.0,0.0,path1_penalty
EGNR,6,6,3,3,departures,0.5,0.5,path1_penalty
LPVZ,6,1,0,0,departures,0.0,0.0,path1_penalty
ESKM,6,3,0,0,departures,0.0,0.0,path1_penalty
ESNL,6,0,0,0,departures,0.0,0.0,path1_penalty
EFIV,6,2,0,0,departures,0.0,0.0,path1_penalty
DABB,6,0,0,0,departures,0.0,0.0,path1_penalty
EDVK,6,4,4,6,arrivals,0.6666666666666666,1.0,path1_penalty
HEAL,6,2,2,2,arrivals,0.3333333333333333,0.3333333333333333,path1_penalty
EDRY,6,6,0,0,arrivals,0.0,0.0,path1_penalty
EGPU,6,0,0,0,arrivals,0.0,0.0,path1_penalty
ENNM,6,3,0,0,arrivals,0.0,0.0,path1_penalty
ESNK,6,0,0,1,arrivals,0.0,0.16666666666666666,path1_penalty
EDHL,6,6,6,6,arrivals,1.0,1.0,path1_penalty
LHDC,6,0,0,0,arrivals,0.0,0.0,path1_penalty
ESOE,6,6,6,7,arrivals,1.0,1.1666666666666667,path1_penalty
ENSO,6,6,6,6,arrivals,1.0,1.0,path1_penalty
EFJO,6,1,1,1,arrivals,0.16666666666666666,0.16666666666666666,path1_penalty
LFLI,6,6,0,0,arrivals,0.0,0.0,path1_penalty
LFEC,6,0,0,0,arrivals,0.0,0.0,path1_penalty
LWOH,6,0,0,0,arrivals,0.0,0.0,path1_penalty
HEBA,6,5,5,5,arrivals,0.8333333333333334,0.8333333333333334,path1_penalty
LIMZ,6,6,6,6,arrivals,1.0,1.0,path1_penalty
ENRM,6,1,1,2,arrivals,0.16666666666666666,0.3333333333333333,path1_penalty
EFTP,6,5,5,5,arrivals,0.8333333333333334,0.8333333333333334,path1_penalty
ENLE,6,0,0,0,arrivals,0.0,0.0,path1_penalty
LTCU,6,0,0,0,arrivals,0.0,0.0,path1_penalty
ESSL,6,6,6,8,arrivals,1.0,1.3333333333333333,path1_penalty
LGLE,6,1,0,0,arrivals,0.0,0.0,path1_penalty
EFIV,6,2,0,0,arrivals,0.0,0.0,path1_penalty
ESKM,6,3,0,0,arrivals,0.0,0.0,path1_penalty
ESNL,6,0,0,0,arrivals,0.0,0.0,path1_penalty
ESNX,5,0,0,0,departures,0.0,0.0,path1_penalty
LFLB,5,0,0,0,departures,0.0,0.0,path1_penalty
EFKI,5,0,0,0,departures,0.0,0.0,path1_penalty
ORMM,5,0,0,0,departures,0.0,0.0,path1_penalty
EEKE,5,0,0,0,departures,0.0,0.0,path1_penalty
LTCM,5,0,0,0,departures,0.0,0.0,path1_penalty
LTCL,5,0,0,0,departures,0.0,0.0,path1_penalty
LFEC,5,0,0,0,departures,0.0,0.0,path1_penalty
LGKY,5,1,0,0,departures,0.0,0.0,path1_penalty
ENHE,5,0,0,0,departures,0.0,0.0,path1_penalty
ESNG,5,0,0,0,departures,0.0,0.0,path1_penalty
LTAW,5,0,0,0,departures,0.0,0.0,path1_penalty
ENFB,5,0,0,0,departures,0.0,0.0,path1_penalty
LGKC,5,0,0,0,departures,0.0,0.0,path1_penalty
ENLE,5,2,0,0,departures,0.0,0.0,path1_penalty
EFJY,5,0,0,0,departures,0.0,0.0,path1_penalty
EETU,5,1,1,1,departures,0.2,0.2,path1_penalty
LFJL,5,4,4,4,departures,0.8,0.8,path1_penalty
EFKK,5,5,5,5,departures,1.0,1.0,path1_penalty
LRTM,5,0,0,0,departures,0.0,0.0,path1_penalty
EDAH,5,2,2,2,departures,0.4,0.4,path1_penalty
LGLE,5,0,0,0,departures,0.0,0.0,path1_penalty
EGEC,5,0,0,0,departures,0.0,0.0,path1_penalty
ESGT,5,0,0,0,departures,0.0,0.0,path1_penalty
ENRS,5,3,0,0,departures,0.0,0.0,path1_penalty
DAAS,5,0,0,0,departures,0.0,0.0,path1_penalty
ESDF,5,5,5,5,departures,1.0,1.0,path1_penalty
EEKA,5,0,0,0,departures,0.0,0.0,path1_penalty
LFLI,5,1,0,0,departures,0.0,0.0,path1_penalty
LWOH,5,0,0,0,departures,0.0,0.0,path1_penalty
LIMZ,5,4,4,4,departures,0.8,0.8,path1_penalty
GMMZ,5,0,0,0,departures,0.0,0.0,path1_penalty
EPSY,5,2,2,4,arrivals,0.4,0.8,path1_penalty
LSZS,5,0,0,0,arrivals,0.0,0.0,path1_penalty
URMG,5,0,0,0,arrivals,0.0,0.0,path1_penalty
EFKI,5,0,0,0,arrivals,0.0,0.0,path1_penalty
HEMM,5,0,0,0,arrivals,0.0,0.0,path1_penalty
ORMM,5,3,3,3,arrivals,0.6,0.6,path1_penalty
ENDU,5,0,0,0,arrivals,0.0,0.0,path1_penalty
EEKE,5,2,2,2,arrivals,0.4,0.4,path1_penalty
DAAS,5,0,0,0,arrivals,0.0,0.0,path1_penalty
LTCM,5,0,0,0,arrivals,0.0,0.0,path1_penalty
LTCL,5,0,0,0,arrivals,0.0,0.0,path1_penalty
LFRG,5,5,5,7,arrivals,1.0,1.4,path1_penalty
EEKA,5,0,0,0,arrivals,0.0,0.0,path1_penalty
ENHE,5,0,0,0,arrivals,0.0,0.0,path1_penalty
LPPM,5,5,3,4,arrivals,0.6,0.8,path1_penalty
ESNG,5,0,0,0,arrivals,0.0,0.0,path1_penalty
LTAW,5,0,0,0,arrivals,0.0,0.0,path1_penalty
EGVN,5,4,4,4,arrivals,0.8,0.8,path1_penalty
GMMZ,5,0,0,0,arrivals,0.0,0.0,path1_penalty
LESA,5,1,0,0,arrivals,0.0,0.0,path1_penalty
UBBG,5,0,0,0,arrivals,0.0,0.0,path1_penalty
LFJL,5,5,5,5,arrivals,1.0,1.0,path1_penalty
LPVZ,5,5,1,1,arrivals,0.2,0.2,path1_penalty
LRTM,5,0,0,0,arrivals,0.0,0.0,path1_penalty
EDAH,5,3,3,3,arrivals,0.6,0.6,path1_penalty
EGEC,5,0,0,0,arrivals,0.0,0.0,path1_penalty
ENRS,5,0,0,0,arrivals,0.0,0.0,path1_penalty
EKDF,5,0,0,0,arrivals,0.0,0.0,path1_penalty
LGKC,5,0,0,0,arrivals,0.0,0.0,path1_penalty
ENOA,5,1,0,0,arrivals,0.0,0.0,path1_penalty
LGSO,4,0,0,0,departures,0.0,0.0,path1_penalty
LFPN,4,4,4,4,departures,1.0,1.0,path1_penalty
LFOZ,4,0,0,0,departures,0.0,0.0,path1_penalty
UWSG,4,0,0,0,departures,0.0,0.0,path1_penalty
EPRA,4,0,0,0,departures,0.0,0.0,path1_penalty
LZTT,4,0,0,0,departures,0.0,0.0,path1_penalty
ENRO,4,0,0,0,departures,0.0,0.0,path1_penalty
EDQG,4,4,0,0,departures,0.0,0.0,path1_penalty
ESNV,4,0,0,0,departures,0.0,0.0,path1_penalty
LECU,4,3,3,3,departures,0.75,0.75,path1_penalty
ESOH,4,2,0,0,departures,0.0,0.0,path1_penalty
ESMT,4,0,0,0,departures,0.0,0.0,path1_penalty
URWW,4,0,0,0,departures,0.0,0.0,path1_penalty
ENSR,4,0,0,0,departures,0.0,0.0,path1_penalty
ENGC,4,0,0,0,departures,0.0,0.0,path1_penalty
ESOK,4,0,0,0,departures,0.0,0.0,path1_penalty
LSZA,4,3,3,3,departures,0.75,0.75,path1_penalty
EKDF,4,0,0,0,departures,0.0,0.0,path1_penalty
EDAZ,4,4,0,0,departures,0.0,0.0,path1_penalty
ESMQ,4,3,3,3,departures,0.75,0.75,path1_penalty
LFRT,4,0,0,0,departures,0.0,0.0,path1_penalty
LSGL,4,3,0,0,departures,0.0,0.0,path1_penalty
LFLW,4,0,0,0,departures,0.0,0.0,path1_penalty
LESA,4,0,0,0,departures,0.0,0.0,path1_penalty
LESU,4,0,0,0,departures,0.0,0.0,path1_penalty
LFRH,4,1,1,1,departures,0.25,0.25,path1_penalty
LGBL,4,0,0,0,departures,0.0,0.0,path1_penalty
LTAP,4,0,0,0,departures,0.0,0.0,path1_penalty
LJPZ,4,3,2,2,departures,0.5,0.5,path1_penalty
LFRD,4,3,3,3,departures,0.75,0.75,path1_penalty
LTFC,4,0,0,0,departures,0.0,0.0,path1_penalty
LKHK,4,4,0,0,departures,0.0,0.0,path1_penalty
ESSP,4,1,1,1,departures,0.25,0.25,path1_penalty
LKCS,4,4,4,4,departures,1.0,1.0,path1_penalty
ESND,4,0,0,0,departures,0.0,0.0,path1_penalty
EFKT,4,0,0,0,departures,0.0,0.0,path1_penalty
EPZG,4,3,3,3,departures,0.75,0.75,path1_penalty
ESGJ,4,0,0,0,departures,0.0,0.0,path1_penalty
LGKS,4,0,0,0,departures,0.0,0.0,path1_penalty
LFCK,4,4,4,4,departures,1.0,1.0,path1_penalty
LEVD,4,0,0,0,departures,0.0,0.0,path1_penalty
ORKK,4,0,0,0,departures,0.0,0.0,path1_penalty
LGSO,4,0,0,0,arrivals,0.0,0.0,path1_penalty
ESNX,4,0,0,0,arrivals,0.0,0.0,path1_penalty
EDRZ,4,4,0,0,arrivals,0.0,0.0,path1_penalty
UWSG,4,1,1,1,arrivals,0.25,0.25,path1_penalty
LRBM,4,0,0,0,arrivals,0.0,0.0,path1_penalty
LGPL,4,0,0,0,arrivals,0.0,0.0,path1_penalty
URMO,4,0,0,0,arrivals,0.0,0.0,path1_penalty
ENXO,4,0,0,0,arrivals,0.0,0.0,path1_penalty
LZTT,4,0,0,0,arrivals,0.0,0.0,path1_penalty
LEVD,4,0,0,0,arrivals,0.0,0.0,path1_penalty
EHLL,4,0,0,0,arrivals,0.0,0.0,path1_penalty
LFLX,4,0,0,0,arrivals,0.0,0.0,path1_penalty
LKCS,4,4,4,5,arrivals,1.0,1.25,path1_penalty
EDQG,4,4,0,0,arrivals,0.0,0.0,path1_penalty
ENQG,4,0,0,0,arrivals,0.0,0.0,path1_penalty
ESNV,4,0,0,0,arrivals,0.0,0.0,path1_penalty
ESDF,4,2,2,3,arrivals,0.5,0.75,path1_penalty
ESOH,4,4,0,0,arrivals,0.0,0.0,path1_penalty
LGKY,4,2,0,0,arrivals,0.0,0.0,path1_penalty
ENQS,4,0,0,0,arrivals,0.0,0.0,path1_penalty
ENSR,4,0,0,0,arrivals,0.0,0.0,path1_penalty
ENGC,4,0,0,0,arrivals,0.0,0.0,path1_penalty
ESOK,4,1,1,1,arrivals,0.25,0.25,path1_penalty
EDAZ,4,4,0,0,arrivals,0.0,0.0,path1_penalty
EGNO,4,4,4,5,arrivals,1.0,1.25,path1_penalty
LSGL,4,3,0,0,arrivals,0.0,0.0,path1_penalty
EFJY,4,0,0,0,arrivals,0.0,0.0,path1_penalty
LFRH,4,3,3,3,arrivals,0.75,0.75,path1_penalty
LTAP,4,0,0,0,arrivals,0.0,0.0,path1_penalty
EETU,4,0,0,0,arrivals,0.0,0.0,path1_penalty
EFKK,4,4,4,4,arrivals,1.0,1.0,path1_penalty
LTAS,4,0,0,1,arrivals,0.0,0.25,path1_penalty
ESGJ,4,0,0,1,arrivals,0.0,0.25,path1_penalty
LGKS,4,0,0,0,arrivals,0.0,0.0,path1_penalty
LFCK,4,4,4,4,arrivals,1.0,1.0,path1_penalty
LTFC,4,0,0,0,arrivals,0.0,0.0,path1_penalty
LKHK,4,4,0,0,arrivals,0.0,0.0,path1_penalty
EFKE,4,0,0,0,arrivals,0.0,0.0,path1_penalty
ESSP,4,4,4,4,arrivals,1.0,1.0,path1_penalty
LDLO,4,0,0,0,arrivals,0.0,0.0,path1_penalty
ESND,4,0,0,0,arrivals,0.0,0.0,path1_penalty
LSZA,4,4,4,5,arrivals,1.0,1.25,path1_penalty
LZPP,4,3,3,3,arrivals,0.75,0.75,path1_penalty
EFKT,4,1,0,0,arrivals,0.0,0.0,path1_penalty
LFLW,4,0,0,0,arrivals,0.0,0.0,path1_penalty
LGBL,4,0,0,0,arrivals,0.0,0.0,path1_penalty
ESGT,4,1,1,1,arrivals,0.25,0.25,path1_penalty
BIBD,3,0,0,0,departures,0.0,0.0,path1_penalty
ENQO,3,0,0,0,departures,0.0,0.0,path1_penalty
EGLK,3,3,3,3,departures,1.0,1.0,path1_penalty
LFBI,3,0,0,0,departures,0.0,0.0,path1_penalty
ENWS,3,0,0,0,departures,0.0,0.0,path1_penalty
URMG,3,0,0,0,departures,0.0,0.0,path1_penalty
LRBM,3,0,0,0,departures,0.0,0.0,path1_penalty
EGMD,3,3,2,2,departures,0.6666666666666666,0.6666666666666666,path1_penalty
ETAR,3,3,3,4,departures,1.0,1.3333333333333333,path1_penalty
EDGS,3,3,3,3,departures,1.0,1.0,path1_penalty
URMO,3,0,0,0,departures,0.0,0.0,path1_penalty
ENXO,3,1,0,0,departures,0.0,0.0,path1_penalty
LELN,3,0,0,0,departures,0.0,0.0,path1_penalty
LFLS,3,2,2,2,departures,0.6666666666666666,0.6666666666666666,path1_penalty
EDTM,3,2,2,2,departures,0.6666666666666666,0.6666666666666666,path1_penalty
LPBJ,3,2,2,2,departures,0.6666666666666666,0.6666666666666666,path1_penalty
ENOL,3,1,1,1,departures,0.3333333333333333,0.3333333333333333,path1_penalty
OJAM,3,0,0,0,departures,0.0,0.0,path1_penalty
ENSE,3,0,0,0,departures,0.0,0.0,path1_penalty
ENOC,3,0,0,0,departures,0.0,0.0,path1_penalty
DTTX,3,0,0,0,departures,0.0,0.0,path1_penalty
LTBH,3,0,0,0,departures,0.0,0.0,path1_penalty
EFKS,3,0,0,0,departures,0.0,0.0,path1_penalty
BIHN,3,0,0,0,departures,0.0,0.0,path1_penalty
ENSL,3,0,0,0,departures,0.0,0.0,path1_penalty
UDSG,3,0,0,0,departures,0.0,0.0,path1_penalty
GMMB,3,1,0,0,departures,0.0,0.0,path1_penalty
ENWY,3,0,0,0,departures,0.0,0.0,path1_penalty
ESOW,3,3,3,3,departures,1.0,1.0,path1_penalty
LTAL,3,0,0,0,departures,0.0,0.0,path1_penalty
ESNO,3,0,0,0,departures,0.0,0.0,path1_penalty
LTAS,3,0,0,0,departures,0.0,0.0,path1_penalty
LFHP,3,0,0,0,departures,0.0,0.0,path1_penalty
EGNH,3,3,3,4,departures,1.0,1.3333333333333333,path1_penalty
LGSY,3,0,0,0,departures,0.0,0.0,path1_penalty
LSZS,3,1,0,0,departures,0.0,0.0,path1_penalty
ESNN,3,0,0,0,departures,0.0,0.0,path1_penalty
ENWV,3,0,0,0,departures,0.0,0.0,path1_penalty
GMTA,3,3,3,3,departures,1.0,1.0,path1_penalty
LDLO,3,0,0,0,departures,0.0,0.0,path1_penalty
EKHA,3,0,0,0,departures,0.0,0.0,path1_penalty
LRCK,3,0,0,0,departures,0.0,0.0,path1_penalty
LFAT,3,0,0,0,departures,0.0,0.0,path1_penalty
EGNO,3,3,3,4,departures,1.0,1.3333333333333333,path1_penalty
ENOA,3,0,0,0,departures,0.0,0.0,path1_penalty
LSZC,3,3,0,0,departures,0.0,0.0,path1_penalty
ENQA,3,2,0,0,departures,0.0,0.0,path1_penalty
OSDI,3,0,0,0,departures,0.0,0.0,path1_penalty
ESUP,3,0,0,0,departures,0.0,0.0,path1_penalty
BIBD,3,0,0,0,arrivals,0.0,0.0,path1_penalty
ULAA,3,0,0,0,arrivals,0.0,0.0,path1_penalty
LFBI,3,2,2,2,arrivals,0.6666666666666666,0.6666666666666666,path1_penalty
LFLU,3,3,3,3,arrivals,1.0,1.0,path1_penalty
LFOZ,3,2,0,0,arrivals,0.0,0.0,path1_penalty
ENWS,3,0,0,0,arrivals,0.0,0.0,path1_penalty
EHJA,3,0,0,0,arrivals,0.0,0.0,path1_penalty
EPRA,3,2,2,5,arrivals,0.6666666666666666,1.6666666666666667,path1_penalty
LFMQ,3,3,3,3,arrivals,1.0,1.0,path1_penalty
OSDI,3,0,0,0,arrivals,0.0,0.0,path1_penalty
LFOH,3,3,0,0,arrivals,0.0,0.0,path1_penalty
LELN,3,0,0,0,arrivals,0.0,0.0,path1_penalty
ESUP,3,0,0,0,arrivals,0.0,0.0,path1_penalty
GMTA,3,3,3,3,arrivals,1.0,1.0,path1_penalty
EDTM,3,3,3,3,arrivals,1.0,1.0,path1_penalty
OJAM,3,1,0,0,arrivals,0.0,0.0,path1_penalty
LECU,3,3,1,1,arrivals,0.3333333333333333,0.3333333333333333,path1_penalty
ESMT,3,1,0,1,arrivals,0.0,0.3333333333333333,path1_penalty
ENOC,3,2,0,0,arrivals,0.0,0.0,path1_penalty
DTTX,3,0,0,0,arrivals,0.0,0.0,path1_penalty
LTBH,3,1,1,1,arrivals,0.3333333333333333,0.3333333333333333,path1_penalty
EFKS,3,0,0,0,arrivals,0.0,0.0,path1_penalty
ENSL,3,0,0,0,arrivals,0.0,0.0,path1_penalty
UDSG,3,0,0,0,arrivals,0.0,0.0,path1_penalty
GMMB,3,1,0,0,arrivals,0.0,0.0,path1_penalty
ENWY,3,0,0,0,arrivals,0.0,0.0,path1_penalty
ESOW,3,3,3,3,arrivals,1.0,1.0,path1_penalty
LTAL,3,0,0,0,arrivals,0.0,0.0,path1_penalty
ESNO,3,0,0,0,arrivals,0.0,0.0,path1_penalty
LFHP,3,0,0,0,arrivals,0.0,0.0,path1_penalty
EGNH,3,3,3,3,arrivals,1.0,1.0,path1_penalty
EPZG,3,3,3,3,arrivals,1.0,1.0,path1_penalty
LGSY,3,0,0,0,arrivals,0.0,0.0,path1_penalty
LFRC,3,3,2,2,arrivals,0.6666666666666666,0.6666666666666666,path1_penalty
ESUT,3,0,0,0,arrivals,0.0,0.0,path1_penalty
EDGS,3,3,3,3,arrivals,1.0,1.0,path1_penalty
ENRO,3,0,0,0,arrivals,0.0,0.0,path1_penalty
ENWV,3,0,0,0,arrivals,0.0,0.0,path1_penalty
LFLS,3,3,3,3,arrivals,1.0,1.0,path1_penalty
EKHA,3,0,0,0,arrivals,0.0,0.0,path1_penalty
URWW,3,0,0,0,arrivals,0.0,0.0,path1_penalty
ENFB,3,0,0,0,arrivals,0.0,0.0,path1_penalty
ESMQ,3,3,3,7,arrivals,1.0,2.3333333333333335,path1_penalty
BIHN,3,0,0,0,arrivals,0.0,0.0,path1_penalty
EHFB,3,0,0,0,arrivals,0.0,0.0,path1_penalty
ENQA,3,2,0,0,arrivals,0.0,0.0,path1_penalty
LFRD,3,3,3,3,arrivals,1.0,1.0,path1_penalty
LFQG,2,0,0,0,departures,0.0,0.0,path1_penalty
EHPK,2,2,0,0,departures,0.0,0.0,path1_penalty
LFLU,2,2,2,2,departures,1.0,1.0,path1_penalty
LTAG,2,0,0,0,departures,0.0,0.0,path1_penalty
LFRC,2,2,1,8,departures,0.5,4.0,path1_penalty
ENQV,2,0,0,0,departures,0.0,0.0,path1_penalty
LFMQ,2,2,2,2,departures,1.0,1.0,path1_penalty
EGFE,2,2,2,2,departures,1.0,1.0,path1_penalty
EHKJ,2,0,0,0,departures,0.0,0.0,path1_penalty
ENQC,2,1,0,0,departures,0.0,0.0,path1_penalty
LFOK,2,0,0,0,departures,0.0,0.0,path1_penalty
EGBJ,2,2,2,2,departures,1.0,1.0,path1_penalty
LSGK,2,0,0,0,departures,0.0,0.0,path1_penalty
EGPC,2,0,0,0,departures,0.0,0.0,path1_penalty
LSGC,2,0,0,0,departures,0.0,0.0,path1_penalty
ENNE,2,0,0,0,departures,0.0,0.0,path1_penalty
ENQS,2,0,0,0,departures,0.0,0.0,path1_penalty
ENXW,2,1,0,0,departures,0.0,0.0,path1_penalty
LEAB,2,2,2,2,departures,1.0,1.0,path1_penalty
EGVN,2,2,2,2,departures,1.0,1.0,path1_penalty
EDXQ,2,2,0,0,departures,0.0,0.0,path1_penalty
LTBY,2,0,0,0,departures,0.0,0.0,path1_penalty
ENWA,2,0,0,0,departures,0.0,0.0,path1_penalty
LFPT,2,2,2,3,departures,1.0,1.5,path1_penalty
OENN,2,0,0,0,departures,0.0,0.0,path1_penalty
ENUA,2,0,0,0,departures,0.0,0.0,path1_penalty
LEGT,2,1,1,1,departures,0.5,0.5,path1_penalty
LFGA,2,1,1,2,departures,0.5,1.0,path1_penalty
LDRG,2,0,0,0,departures,0.0,0.0,path1_penalty
GMMD,2,0,0,0,departures,0.0,0.0,path1_penalty
LFRV,2,1,1,1,departures,0.5,0.5,path1_penalty
LJMB,2,2,1,3,departures,0.5,1.5,path1_penalty
LTBZ,2,0,0,0,departures,0.0,0.0,path1_penalty
LTBU,2,0,0,0,departures,0.0,0.0,path1_penalty
ESUT,2,0,0,0,departures,0.0,0.0,path1_penalty
BIVO,2,0,0,0,departures,0.0,0.0,path1_penalty
ENQD,2,0,0,0,departures,0.0,0.0,path1_penalty
EHGQ,2,0,0,0,departures,0.0,0.0,path1_penalty
LFOH,2,2,0,0,departures,0.0,0.0,path1_penalty
LGPL,2,0,0,0,departures,0.0,0.0,path1_penalty
LSTS,2,0,0,0,departures,0.0,0.0,path1_penalty
EHLL,2,0,0,0,departures,0.0,0.0,path1_penalty
GMAT,2,0,0,0,departures,0.0,0.0,path1_penalty
BITN,2,0,0,0,departures,0.0,0.0,path1_penalty
LFLX,2,0,0,0,departures,0.0,0.0,path1_penalty
DAUB,2,0,0,0,departures,0.0,0.0,path1_penalty
ORNI,2,0,0,0,departures,0.0,0.0,path1_penalty
LEDA,2,0,0,0,departures,0.0,0.0,path1_penalty
ETND,2,2,2,2,departures,1.0,1.0,path1_penalty
LIBG,2,0,0,0,departures,0.0,0.0,path1_penalty
LKKV,2,0,0,0,departures,0.0,0.0,path1_penalty
LFAC,2,0,0,0,departures,0.0,0.0,path1_penalty
ENQE,2,1,0,0,departures,0.0,0.0,path1_penalty
EHFB,2,0,0,0,departures,0.0,0.0,path1_penalty
EGNL,2,1,1,1,departures,0.5,0.5,path1_penalty
LRSM,2,0,0,0,departures,0.0,0.0,path1_penalty
ENQJ,2,0,0,0,departures,0.0,0.0,path1_penalty
ULAA,2,0,0,0,departures,0.0,0.0,path1_penalty
LGKJ,2,0,0,0,departures,0.0,0.0,path1_penalty
ENGA,2,0,0,0,departures,0.0,0.0,path1_penalty
DAOI,2,0,0,0,departures,0.0,0.0,path1_penalty
LZPP,2,2,2,2,departures,1.0,1.0,path1_penalty
ESST,2,0,0,0,departures,0.0,0.0,path1_penalty
EIWF,2,1,1,1,departures,0.5,0.5,path1_penalty
HLMS,2,0,0,0,departures,0.0,0.0,path1_penalty
LFQG,2,0,0,0,arrivals,0.0,0.0,path1_penalty
ENQO,2,0,0,0,arrivals,0.0,0.0,path1_penalty
EGLK,2,2,1,1,arrivals,0.5,0.5,path1_penalty
LTBZ,2,0,0,0,arrivals,0.0,0.0,path1_penalty
LTAG,2,0,0,0,arrivals,0.0,0.0,path1_penalty
LTBU,2,2,2,2,arrivals,1.0,1.0,path1_penalty
ENQV,2,0,0,0,arrivals,0.0,0.0,path1_penalty
EGMD,2,2,2,2,arrivals,1.0,1.0,path1_penalty
LFOK,2,0,0,0,arrivals,0.0,0.0,path1_penalty
ESNN,2,0,0,0,arrivals,0.0,0.0,path1_penalty
LSGK,2,0,0,0,arrivals,0.0,0.0,path1_penalty
EDMS,2,0,0,0,arrivals,0.0,0.0,path1_penalty
ENWE,2,0,0,0,arrivals,0.0,0.0,path1_penalty
LSGC,2,0,0,0,arrivals,0.0,0.0,path1_penalty
ENNE,2,0,0,0,arrivals,0.0,0.0,path1_penalty
DAUB,2,0,0,0,arrivals,0.0,0.0,path1_penalty
EHKV,2,1,0,0,arrivals,0.0,0.0,path1_penalty
ORNI,2,0,0,0,arrivals,0.0,0.0,path1_penalty
LEDA,2,0,0,0,arrivals,0.0,0.0,path1_penalty
ETND,2,2,2,2,arrivals,1.0,1.0,path1_penalty
ENSE,2,0,0,0,arrivals,0.0,0.0,path1_penalty
DAOI,2,0,0,0,arrivals,0.0,0.0,path1_penalty
ENXW,2,0,0,0,arrivals,0.0,0.0,path1_penalty
LEAB,2,2,2,2,arrivals,1.0,1.0,path1_penalty
LFRT,2,2,1,1,arrivals,0.5,0.5,path1_penalty
ENWA,2,1,0,0,arrivals,0.0,0.0,path1_penalty
LFPT,2,2,0,0,arrivals,0.0,0.0,path1_penalty
LKKV,2,2,2,2,arrivals,1.0,1.0,path1_penalty
EHPG,2,2,0,0,arrivals,0.0,0.0,path1_penalty
LEGT,2,2,1,1,arrivals,0.5,0.5,path1_penalty
EKHB,2,0,0,0,arrivals,0.0,0.0,path1_penalty
ESST,2,2,2,4,arrivals,1.0,2.0,path1_penalty
ENQR,2,0,0,0,arrivals,0.0,0.0,path1_penalty
EBMB,2,2,0,0,arrivals,0.0,0.0,path1_penalty
LFRV,2,2,2,2,arrivals,1.0,1.0,path1_penalty
DTTZ,2,0,0,0,arrivals,0.0,0.0,path1_penalty
LJMB,2,1,0,0,arrivals,0.0,0.0,path1_penalty
EHJR,2,0,0,0,arrivals,0.0,0.0,path1_penalty
BIVO,2,0,0,0,arrivals,0.0,0.0,path1_penalty
EHKJ,2,0,0,0,arrivals,0.0,0.0,path1_penalty
ENQD,2,0,0,0,arrivals,0.0,0.0,path1_penalty
OJAQ,2,1,0,0,arrivals,0.0,0.0,path1_penalty
GMAT,2,1,0,0,arrivals,0.0,0.0,path1_penalty
BITN,2,0,0,0,arrivals,0.0,0.0,path1_penalty
LFSN,2,1,0,0,arrivals,0.0,0.0,path1_penalty
LFJR,2,2,2,2,arrivals,1.0,1.0,path1_penalty
EGPC,2,0,0,0,arrivals,0.0,0.0,path1_penalty
EDFZ,2,2,1,1,arrivals,0.5,0.5,path1_penalty
LRCK,2,0,0,0,arrivals,0.0,0.0,path1_penalty
LOAN,2,2,1,1,arrivals,0.5,0.5,path1_penalty
LTBY,2,0,0,0,arrivals,0.0,0.0,path1_penalty
LIBG,2,1,0,0,arrivals,0.0,0.0,path1_penalty
OENN,2,0,0,0,arrivals,0.0,0.0,path1_penalty
ENUA,2,0,0,0,arrivals,0.0,0.0,path1_penalty
EDLN,2,2,1,1,arrivals,0.5,0.5,path1_penalty
LESU,2,0,0,0,arrivals,0.0,0.0,path1_penalty
ENQE,2,0,0,0,arrivals,0.0,0.0,path1_penalty
GMMD,2,0,0,0,arrivals,0.0,0.0,path1_penalty
EGNL,2,2,1,1,arrivals,0.5,0.5,path1_penalty
ENUD,2,0,0,0,arrivals,0.0,0.0,path1_penalty
ENQJ,2,0,0,0,arrivals,0.0,0.0,path1_penalty
HLMS,2,1,0,0,arrivals,0.0,0.0,path1_penalty
ORKK,2,0,0,0,arrivals,0.0,0.0,path1_penalty
EGBJ,2,2,2,2,arrivals,1.0,1.0,path1_penalty
LFAT,2,2,1,2,arrivals,0.5,1.0,path1_penalty
LFAC,2,2,1,1,arrivals,0.5,0.5,path1_penalty
EBCV,1,1,1,1,departures,1.0,1.0,path1_penalty
ENRK,1,1,0,0,departures,0.0,0.0,path1_penalty
ULPB,1,0,0,0,departures,0.0,0.0,path1_penalty
EHTW,1,1,1,1,departures,1.0,1.0,path1_penalty
ENSF,1,0,0,0,departures,0.0,0.0,path1_penalty
UGSA,1,0,0,0,departures,0.0,0.0,path1_penalty
EDQM,1,0,0,0,departures,0.0,0.0,path1_penalty
DABT,1,0,0,0,departures,0.0,0.0,path1_penalty
LGTG,1,0,0,0,departures,0.0,0.0,path1_penalty
EYSA,1,1,1,1,departures,1.0,1.0,path1_penalty
EDMS,1,0,0,0,departures,0.0,0.0,path1_penalty
URWA,1,0,0,0,departures,0.0,0.0,path1_penalty
ENWE,1,0,0,0,departures,0.0,0.0,path1_penalty
ENQG,1,0,0,0,departures,0.0,0.0,path1_penalty
EHKV,1,0,0,0,departures,0.0,0.0,path1_penalty
LFLA,1,0,0,0,departures,0.0,0.0,path1_penalty
LFGF,1,1,0,0,departures,0.0,0.0,path1_penalty
UMII,1,0,0,0,departures,0.0,0.0,path1_penalty
LOIH,1,1,0,0,departures,0.0,0.0,path1_penalty
ENQK,1,0,0,0,departures,0.0,0.0,path1_penalty
ULMM,1,0,0,0,departures,0.0,0.0,path1_penalty
ESMK,1,1,1,1,departures,1.0,1.0,path1_penalty
EDWF,1,1,0,0,departures,0.0,0.0,path1_penalty
LFAQ,1,1,0,0,departures,0.0,0.0,path1_penalty
EKGC,1,0,0,0,departures,0.0,0.0,path1_penalty
ENWK,1,0,0,0,departures,0.0,0.0,path1_penalty
LFRO,1,1,1,1,departures,1.0,1.0,path1_penalty
ULWC,1,0,0,0,departures,0.0,0.0,path1_penalty
LFRI,1,0,0,1,departures,0.0,1.0,path1_penalty
USKK,1,0,0,0,departures,0.0,0.0,path1_penalty
UWPS,1,0,0,0,departures,0.0,0.0,path1_penalty
EGEO,1,0,0,0,departures,0.0,0.0,path1_penalty
LKKU,1,1,1,1,departures,1.0,1.0,path1_penalty
EHPG,1,0,0,0,departures,0.0,0.0,path1_penalty
ENWI,1,0,0,0,departures,0.0,0.0,path1_penalty
LFCI,1,1,1,1,departures,1.0,1.0,path1_penalty
EIWT,1,1,0,0,departures,0.0,0.0,path1_penalty
EGUB,1,1,1,2,departures,1.0,2.0,path1_penalty
ENLA,1,1,0,0,departures,0.0,0.0,path1_penalty
LFBF,1,1,0,0,departures,0.0,0.0,path1_penalty
LKRO,1,1,0,0,departures,0.0,0.0,path1_penalty
EGSC,1,1,1,3,departures,1.0,3.0,path1_penalty
EGHL,1,1,1,4,departures,1.0,4.0,path1_penalty
ENDR,1,0,0,0,departures,0.0,0.0,path1_penalty
LFCH,1,0,0,0,departures,0.0,0.0,path1_penalty
DTTZ,1,0,0,0,departures,0.0,0.0,path1_penalty
EFLP,1,0,0,0,departures,0.0,0.0,path1_penalty
DAUH,1,0,0,0,departures,0.0,0.0,path1_penalty
EPBC,1,0,0,0,departures,0.0,0.0,path1_penalty
EPWK,1,0,0,0,departures,0.0,0.0,path1_penalty
EDRZ,1,1,0,0,departures,0.0,0.0,path1_penalty
EBSP,1,1,0,0,departures,0.0,0.0,path1_penalty
GMAZ,1,1,0,0,departures,0.0,0.0,path1_penalty
LKMH,1,1,0,0,departures,0.0,0.0,path1_penalty
ENQL,1,0,0,0,departures,0.0,0.0,path1_penalty
EHJR,1,0,0,0,departures,0.0,0.0,path1_penalty
LEBA,1,0,0,0,departures,0.0,0.0,path1_penalty
LKJI,1,0,0,0,departures,0.0,0.0,path1_penalty
LYKV,1,0,0,0,departures,0.0,0.0,path1_penalty
LIMG,1,0,0,0,departures,0.0,0.0,path1_penalty
EDBM,1,1,0,0,departures,0.0,0.0,path1_penalty
LFJR,1,1,1,1,departures,1.0,1.0,path1_penalty
LRAR,1,0,0,0,departures,0.0,0.0,path1_penalty
LFLH,1,1,0,0,departures,0.0,0.0,path1_penalty
EDBC,1,1,0,0,departures,0.0,0.0,path1_penalty
EDFZ,1,1,1,1,departures,1.0,1.0,path1_penalty
ENQM,1,0,0,0,departures,0.0,0.0,path1_penalty
EHKS,1,0,0,0,departures,0.0,0.0,path1_penalty
EDFE,1,1,0,1,departures,0.0,1.0,path1_penalty
LKPM,1,1,0,0,departures,0.0,0.0,path1_penalty
LFSG,1,0,0,0,departures,0.0,0.0,path1_penalty
UBBF,1,0,0,0,departures,0.0,0.0,path1_penalty
ENBE,1,0,0,0,departures,0.0,0.0,path1_penalty
DAAV,1,0,0,0,departures,0.0,0.0,path1_penalty
DAUG,1,0,0,0,departures,0.0,0.0,path1_penalty
EKSI,1,0,0,0,departures,0.0,0.0,path1_penalty
EDTF,1,1,0,0,departures,0.0,0.0,path1_penalty
EHJC,1,0,0,0,departures,0.0,0.0,path1_penalty
EKHB,1,0,0,0,departures,0.0,0.0,path1_penalty
LGKA,1,0,0,0,departures,0.0,0.0,path1_penalty
EPCD,1,0,0,0,departures,0.0,0.0,path1_penalty
ENUN,1,0,0,0,departures,0.0,0.0,path1_penalty
BIGJ,1,0,0,0,departures,0.0,0.0,path1_penalty
UBBL,1,0,0,0,departures,0.0,0.0,path1_penalty
ENUD,1,0,0,0,departures,0.0,0.0,path1_penalty
LFMH,1,1,1,1,departures,1.0,1.0,path1_penalty
EPPW,1,0,0,0,departures,0.0,0.0,path1_penalty
LFHS,1,1,0,0,departures,0.0,0.0,path1_penalty
LFOP,1,0,0,0,departures,0.0,0.0,path1_penalty
LOLW,1,1,0,0,departures,0.0,0.0,path1_penalty
EHAK,1,0,0,0,departures,0.0,0.0,path1_penalty
ENUE,1,0,0,0,departures,0.0,0.0,path1_penalty
EDMV,1,0,0,0,departures,0.0,0.0,path1_penalty
EKTE,1,0,0,0,departures,0.0,0.0,path1_penalty
OJAQ,1,0,0,0,departures,0.0,0.0,path1_penalty
EDAY,1,1,0,0,departures,0.0,0.0,path1_penalty
EGOV,1,1,1,1,departures,1.0,1.0,path1_penalty
LFLD,1,0,0,0,departures,0.0,0.0,path1_penalty
ENUS,1,0,0,0,departures,0.0,0.0,path1_penalty
LPEV,1,1,1,1,departures,1.0,1.0,path1_penalty
ENRY,1,1,1,1,departures,1.0,1.0,path1_penalty
LFBA,1,0,0,0,departures,0.0,0.0,path1_penalty
EHFD,1,0,0,0,departures,0.0,0.0,path1_penalty
ENQB,1,1,0,0,departures,0.0,0.0,path1_penalty
OIGG,1,0,0,0,departures,0.0,0.0,path1_penalty
LIRJ,1,0,0,0,departures,0.0,0.0,path1_penalty
LCRA,1,1,1,1,departures,1.0,1.0,path1_penalty
EHQM,1,0,0,0,departures,0.0,0.0,path1_penalty
UUBC,1,0,0,0,departures,0.0,0.0,path1_penalty
UUBI,1,0,0,0,departures,0.0,0.0,path1_penalty
EGBK,1,1,0,0,departures,0.0,0.0,path1_penalty
EHGN,1,0,0,0,departures,0.0,0.0,path1_penalty
ENQR,1,0,0,0,departures,0.0,0.0,path1_penalty
LSZG,1,1,1,1,departures,1.0,1.0,path1_penalty
EHLE,1,1,1,1,departures,1.0,1.0,path1_penalty
ENUK,1,0,0,0,departures,0.0,0.0,path1_penalty
EBMB,1,1,0,0,departures,0.0,0.0,path1_penalty
EDTD,1,0,0,2,departures,0.0,2.0,path1_penalty
LGKZ,1,0,0,0,departures,0.0,0.0,path1_penalty
LHPR,1,1,1,1,departures,1.0,1.0,path1_penalty
LFLO,1,0,0,0,departures,0.0,0.0,path1_penalty
DAUH,1,0,0,0,arrivals,0.0,0.0,path1_penalty
EBCV,1,1,1,2,arrivals,1.0,2.0,path1_penalty
EHFT,1,0,0,0,arrivals,0.0,0.0,path1_penalty
ENRK,1,1,0,0,arrivals,0.0,0.0,path1_penalty
ULPB,1,0,0,0,arrivals,0.0,0.0,path1_penalty
LEBA,1,1,1,1,arrivals,1.0,1.0,path1_penalty
UGSA,1,0,0,0,arrivals,0.0,0.0,path1_penalty
LIMG,1,1,1,1,arrivals,1.0,1.0,path1_penalty
EDBM,1,1,0,0,arrivals,0.0,0.0,path1_penalty
URWA,1,0,0,0,arrivals,0.0,0.0,path1_penalty
LFLD,1,0,0,0,arrivals,0.0,0.0,path1_penalty
LPEV,1,1,1,1,arrivals,1.0,1.0,path1_penalty
EDBC,1,1,0,0,arrivals,0.0,0.0,path1_penalty
LFLA,1,0,0,0,arrivals,0.0,0.0,path1_penalty
UMII,1,0,0,0,arrivals,0.0,0.0,path1_penalty
ENQB,1,0,0,0,arrivals,0.0,0.0,path1_penalty
OIGG,1,0,0,0,arrivals,0.0,0.0,path1_penalty
LIRJ,1,0,0,0,arrivals,0.0,0.0,path1_penalty
LFAQ,1,1,0,0,arrivals,0.0,0.0,path1_penalty
ENWK,1,0,0,0,arrivals,0.0,0.0,path1_penalty
LFRO,1,1,1,1,arrivals,1.0,1.0,path1_penalty
LFTF,1,1,0,0,arrivals,0.0,0.0,path1_penalty
ULWC,1,0,0,0,arrivals,0.0,0.0,path1_penalty
EGTF,1,1,0,0,arrivals,0.0,0.0,path1_penalty
DAAV,1,0,0,0,arrivals,0.0,0.0,path1_penalty
USKK,1,0,0,0,arrivals,0.0,0.0,path1_penalty
UWPS,1,0,0,0,arrivals,0.0,0.0,path1_penalty
EDGE,1,1,0,0,arrivals,0.0,0.0,path1_penalty
EKAR,1,0,0,0,arrivals,0.0,0.0,path1_penalty
LSZC,1,1,0,0,arrivals,0.0,0.0,path1_penalty
UUBC,1,0,0,2,arrivals,0.0,2.0,path1_penalty
UUBI,1,0,0,0,arrivals,0.0,0.0,path1_penalty
LFCI,1,1,1,1,arrivals,1.0,1.0,path1_penalty
LFGA,1,1,1,1,arrivals,1.0,1.0,path1_penalty
EGUB,1,1,1,1,arrivals,1.0,1.0,path1_penalty
ENLA,1,0,0,0,arrivals,0.0,0.0,path1_penalty
LKRO,1,1,0,0,arrivals,0.0,0.0,path1_penalty
LRSM,1,0,0,0,arrivals,0.0,0.0,path1_penalty
EHKE,1,0,0,0,arrivals,0.0,0.0,path1_penalty
EGSC,1,1,1,1,arrivals,1.0,1.0,path1_penalty
ENDR,1,0,0,0,arrivals,0.0,0.0,path1_penalty
UBBL,1,0,0,0,arrivals,0.0,0.0,path1_penalty
LHPR,1,1,1,1,arrivals,1.0,1.0,path1_penalty
EGWC,1,1,1,1,arrivals,1.0,1.0,path1_penalty
EHPK,1,1,0,0,arrivals,0.0,0.0,path1_penalty
LPVR,1,1,1,4,arrivals,1.0,4.0,path1_penalty
EPWK,1,0,0,0,arrivals,0.0,0.0,path1_penalty
GMAZ,1,0,0,0,arrivals,0.0,0.0,path1_penalty
LIQS,1,0,0,0,arrivals,0.0,0.0,path1_penalty
LKMH,1,1,0,0,arrivals,0.0,0.0,path1_penalty
EHTW,1,1,1,1,arrivals,1.0,1.0,path1_penalty
EPNT,1,0,0,0,arrivals,0.0,0.0,path1_penalty
EGFE,1,1,1,1,arrivals,1.0,1.0,path1_penalty
ENQC,1,1,0,0,arrivals,0.0,0.0,path1_penalty
LIMW,1,0,0,0,arrivals,0.0,0.0,path1_penalty
LSTS,1,1,0,0,arrivals,0.0,0.0,path1_penalty
LYKV,1,0,0,0,arrivals,0.0,0.0,path1_penalty
EHDV,1,0,0,0,arrivals,0.0,0.0,path1_penalty
EDLE,1,1,0,0,arrivals,0.0,0.0,path1_penalty
EGBP,1,1,0,0,arrivals,0.0,0.0,path1_penalty
ENQM,1,0,0,0,arrivals,0.0,0.0,path1_penalty
EDFE,1,1,0,1,arrivals,0.0,1.0,path1_penalty
LFSG,1,0,0,0,arrivals,0.0,0.0,path1_penalty
UBBF,1,0,0,0,arrivals,0.0,0.0,path1_penalty
EHFD,1,0,0,0,arrivals,0.0,0.0,path1_penalty
EHLI,1,0,0,0,arrivals,0.0,0.0,path1_penalty
EDBR,1,1,1,1,arrivals,1.0,1.0,path1_penalty
EDXQ,1,1,0,0,arrivals,0.0,0.0,path1_penalty
EDTF,1,1,0,0,arrivals,0.0,0.0,path1_penalty
LDRG,1,0,0,0,arrivals,0.0,0.0,path1_penalty
EIWT,1,1,0,0,arrivals,0.0,0.0,path1_penalty
ENUN,1,0,0,0,arrivals,0.0,0.0,path1_penalty
LGKZ,1,0,0,0,arrivals,0.0,0.0,path1_penalty
LFMH,1,1,1,1,arrivals,1.0,1.0,path1_penalty
EPPW,1,0,0,8,arrivals,0.0,8.0,path1_penalty
LFPN,1,1,0,0,arrivals,0.0,0.0,path1_penalty
LFOP,1,1,1,1,arrivals,1.0,1.0,path1_penalty
LOLW,1,1,0,0,arrivals,0.0,0.0,path1_penalty
ENSF,1,0,0,0,arrivals,0.0,0.0,path1_penalty
EDQM,1,1,1,1,arrivals,1.0,1.0,path1_penalty
DABT,1,0,0,0,arrivals,0.0,0.0,path1_penalty
EHGQ,1,0,0,0,arrivals,0.0,0.0,path1_penalty
EDMV,1,0,0,0,arrivals,0.0,0.0,path1_penalty
EDAQ,1,1,0,0,arrivals,0.0,0.0,path1_penalty
EGOV,1,1,0,0,arrivals,0.0,0.0,path1_penalty
ENUS,1,0,0,0,arrivals,0.0,0.0,path1_penalty
ENGA,1,0,0,0,arrivals,0.0,0.0,path1_penalty
LRAR,1,0,0,2,arrivals,0.0,2.0,path1_penalty
LFLH,1,1,0,0,arrivals,0.0,0.0,path1_penalty
LFBA,1,1,1,1,arrivals,1.0,1.0,path1_penalty
ULMM,1,0,0,0,arrivals,0.0,0.0,path1_penalty
LFRI,1,0,0,0,arrivals,0.0,0.0,path1_penalty
EHFR,1,0,0,0,arrivals,0.0,0.0,path1_penalty
LGKA,1,0,0,0,arrivals,0.0,0.0,path1_penalty
EGBK,1,1,0,0,arrivals,0.0,0.0,path1_penalty
EIWF,1,1,1,1,arrivals,1.0,1.0,path1_penalty
BIGJ,1,0,0,0,arrivals,0.0,0.0,path1_penalty
LJPZ,1,1,1,2,arrivals,1.0,2.0,path1_penalty
EHLE,1,1,1,1,arrivals,1.0,1.0,path1_penalty
ENUK,1,0,0,0,arrivals,0.0,0.0,path1_penalty
EDTD,1,1,1,1,arrivals,1.0,1.0,path1_penalty
LFLO,1,1,0,0,arrivals,0.0,0.0,path1_penalty
EFLP,1,0,0,0,arrivals,0.0,0.0,path1_penalty
OOA,7964,38,0,0,arrivals,0.0,0.0,path2_flcap
OOA,7892,88,0,0,departures,0.0,0.0,path2_flcap
LTFM,2282,2104,2100,2110,departures,0.9202453987730062,0.9246275197195443,path2_flcap
LTFM,2258,1919,1869,1869,arrivals,0.8277236492471214,0.8277236492471214,path2_flcap
EHAM,2148,2144,2144,2163,departures,0.9981378026070763,1.0069832402234637,path2_flcap
EHAM,2136,1932,1924,1926,arrivals,0.900749063670412,0.901685393258427,path2_flcap
EDDF,2094,2085,2084,2087,departures,0.9952244508118434,0.9966571155682904,path2_flcap
EDDF,2091,1838,1831,1833,arrivals,0.8756575801052128,0.8766140602582496,path2_flcap
LFPG,2084,2067,2050,2060,departures,0.9836852207293666,0.9884836852207294,path2_flcap
LFPG,2066,1771,1769,1818,arrivals,0.856243949661181,0.8799612778315585,path2_flcap
EGLL,2001,1989,1987,2019,departures,0.9930034982508745,1.0089955022488755,path2_flcap
EGLL,1986,1701,1542,1672,arrivals,0.7764350453172205,0.8418932527693856,path2_flcap
LEMD,1786,1583,1581,1586,arrivals,0.8852183650615901,0.8880179171332587,path2_flcap
LEMD,1773,1756,1755,1757,departures,0.9898477157360406,0.990975747320925,path2_flcap
LEBL,1597,1518,1515,1516,arrivals,0.9486537257357546,0.9492798998121478,path2_flcap
LEBL,1591,1583,1582,1583,departures,0.994343180389692,0.9949717159019484,path2_flcap
EDDM,1573,1568,1566,1570,departures,0.9955499046408137,0.9980928162746344,path2_flcap
EDDM,1571,1486,1482,1485,arrivals,0.9433481858688734,0.9452577975811585,path2_flcap
LIRF,1449,1445,1444,1449,departures,0.9965493443754313,1.0,path2_flcap
LTAI,1437,957,956,963,arrivals,0.6652748782185108,0.6701461377870563,path2_flcap
LEPA,1436,1418,1417,1419,arrivals,0.9867688022284122,0.9881615598885793,path2_flcap
LTAI,1435,936,936,942,departures,0.6522648083623693,0.6564459930313589,path2_flcap
LIRF,1433,1297,1293,1304,arrivals,0.9023028611304955,0.9099790648988136,path2_flcap
LEPA,1417,1388,1388,1389,departures,0.9795342272406493,0.9802399435426958,path2_flcap
LGAV,1317,723,714,717,arrivals,0.5421412300683371,0.5444191343963554,path2_flcap
LGAV,1306,1183,1183,1189,departures,0.9058192955589587,0.9104134762633997,path2_flcap
EGKK,1223,1220,1220,1223,departures,0.9975470155355682,1.0,path2_flcap
EGKK,1220,1131,1129,1129,arrivals,0.9254098360655738,0.9254098360655738,path2_flcap
EIDW,1188,1108,1107,1110,arrivals,0.9318181818181818,0.9343434343434344,path2_flcap
EIDW,1185,1167,1166,1166,departures,0.9839662447257383,0.9839662447257383,path2_flcap
LSZH,1178,1170,1160,1166,departures,0.9847198641765704,0.9898132427843803,path2_flcap
LSZH,1160,1075,1072,1082,arrivals,0.9241379310344827,0.9327586206896552,path2_flcap
LOWW,1156,1147,1146,1156,departures,0.9913494809688581,1.0,path2_flcap
EKCH,1152,1080,1057,1057,arrivals,0.9175347222222222,0.9175347222222222,path2_flcap
LOWW,1145,1075,1071,1076,arrivals,0.9353711790393013,0.9397379912663756,path2_flcap
EKCH,1140,1127,1127,1132,departures,0.9885964912280701,0.9929824561403509,path2_flcap
LTFJ,1138,1011,1005,1024,arrivals,0.883128295254833,0.8998242530755711,path2_flcap
LTFJ,1137,1099,1099,1118,departures,0.9665787159190853,0.9832893579595426,path2_flcap
LPPT,1010,1001,1001,1001,departures,0.9910891089108911,0.9910891089108911,path2_flcap
LPPT,1001,904,900,901,arrivals,0.8991008991008991,0.9000999000999002,path2_flcap
LFPO,992,985,985,988,departures,0.9929435483870968,0.9959677419354839,path2_flcap
LFPO,991,949,949,951,arrivals,0.9576185671039354,0.9596367305751766,path2_flcap
LIMC,973,968,966,967,departures,0.9928057553956835,0.9938335046248715,path2_flcap
LIMC,967,893,887,891,arrivals,0.9172699069286453,0.921406411582213,path2_flcap
ENGM,940,897,896,909,arrivals,0.9531914893617022,0.9670212765957447,path2_flcap
ENGM,932,894,894,903,departures,0.9592274678111588,0.9688841201716738,path2_flcap
EGCC,926,922,921,921,departures,0.9946004319654428,0.9946004319654428,path2_flcap
EGCC,924,840,839,840,arrivals,0.908008658008658,0.9090909090909091,path2_flcap
EGSS,888,853,841,846,arrivals,0.9470720720720721,0.9527027027027027,path2_flcap
EGSS,885,883,880,880,departures,0.9943502824858758,0.9943502824858758,path2_flcap
EPWA,880,827,779,783,arrivals,0.8852272727272728,0.8897727272727273,path2_flcap
EPWA,875,870,868,872,departures,0.992,0.9965714285714286,path2_flcap
EBBR,872,868,868,878,departures,0.9954128440366973,1.0068807339449541,path2_flcap
EBBR,871,786,784,795,arrivals,0.9001148105625718,0.912743972445465,path2_flcap
EDDB,870,851,848,861,departures,0.9747126436781609,0.9896551724137931,path2_flcap
LEMG,861,837,837,837,arrivals,0.9721254355400697,0.9721254355400697,path2_flcap
LEMG,850,847,847,849,departures,0.9964705882352941,0.9988235294117647,path2_flcap
ESSA,841,733,727,735,arrivals,0.8644470868014269,0.8739595719381689,path2_flcap
EDDB,840,796,791,794,arrivals,0.9416666666666667,0.9452380952380952,path2_flcap
ESSA,820,792,790,798,departures,0.9634146341463414,0.973170731707317,path2_flcap
EDDL,758,754,751,756,departures,0.9907651715039578,0.9973614775725593,path2_flcap
EDDL,751,731,730,736,arrivals,0.9720372836218375,0.9800266311584553,path2_flcap
LFMN,710,690,686,724,arrivals,0.9661971830985916,1.019718309859155,path2_flcap
LFMN,707,697,691,695,departures,0.9773691654879774,0.983026874115983,path2_flcap
LSGG,680,662,661,673,departures,0.9720588235294118,0.9897058823529412,path2_flcap
LSGG,670,649,647,654,arrivals,0.9656716417910448,0.9761194029850746,path2_flcap
LKPR,667,659,658,662,departures,0.9865067466266867,0.992503748125937,path2_flcap
EFHK,666,579,578,581,arrivals,0.8678678678678678,0.8723723723723724,path2_flcap
EFHK,659,654,654,659,departures,0.992412746585736,1.0,path2_flcap
LKPR,657,621,617,620,arrivals,0.939117199391172,0.943683409436834,path2_flcap
LEAL,599,598,598,598,departures,0.998330550918197,0.998330550918197,path2_flcap
LEAL,599,588,588,588,arrivals,0.9816360601001669,0.9816360601001669,path2_flcap
EGPH,584,553,553,557,arrivals,0.946917808219178,0.9537671232876712,path2_flcap
LHBP,578,568,567,567,departures,0.9809688581314879,0.9809688581314879,path2_flcap
EGPH,577,573,571,571,departures,0.9896013864818024,0.9896013864818024,path2_flcap
LHBP,577,546,539,542,arrivals,0.9341421143847487,0.9393414211438474,path2_flcap
EGGW,552,535,527,536,arrivals,0.9547101449275363,0.9710144927536232,path2_flcap
EGGW,550,550,540,543,departures,0.9818181818181818,0.9872727272727273,path2_flcap
EDDH,538,532,529,537,departures,0.983271375464684,0.9981412639405205,path2_flcap
EDDH,532,522,520,529,arrivals,0.9774436090225563,0.9943609022556391,path2_flcap
GCLP,521,1,0,0,arrivals,0.0,0.0,path2_flcap
GCLP,520,4,0,0,departures,0.0,0.0,path2_flcap
LLBG,516,461,454,456,arrivals,0.8798449612403101,0.8837209302325582,path2_flcap
EDDK,515,499,499,500,departures,0.9689320388349515,0.970873786407767,path2_flcap
LLBG,513,501,498,499,departures,0.9707602339181286,0.9727095516569201,path2_flcap
LPPR,513,509,508,508,departures,0.9902534113060428,0.9902534113060428,path2_flcap
LPPR,512,482,481,481,arrivals,0.939453125,0.939453125,path2_flcap
LEIB,509,499,499,500,arrivals,0.9803536345776032,0.9823182711198428,path2_flcap
EDDK,509,489,486,486,arrivals,0.9548133595284872,0.9548133595284872,path2_flcap
LROP,509,496,494,495,arrivals,0.9705304518664047,0.9724950884086444,path2_flcap
LROP,504,495,427,429,departures,0.8472222222222222,0.8511904761904762,path2_flcap
LEIB,495,486,486,486,departures,0.9818181818181818,0.9818181818181818,path2_flcap
EGBB,474,468,468,468,departures,0.9873417721518988,0.9873417721518988,path2_flcap
EGBB,466,434,433,433,arrivals,0.9291845493562232,0.9291845493562232,path2_flcap
LIML,465,458,455,460,arrivals,0.978494623655914,0.989247311827957,path2_flcap
LIME,460,455,450,451,arrivals,0.9782608695652174,0.9804347826086957,path2_flcap
LIML,458,451,451,455,departures,0.9847161572052402,0.9934497816593887,path2_flcap
LIME,453,448,447,447,departures,0.9867549668874173,0.9867549668874173,path2_flcap
LIRN,449,4,0,0,departures,0.0,0.0,path2_flcap
LIRN,447,3,0,0,arrivals,0.0,0.0,path2_flcap
LFML,445,441,440,444,arrivals,0.9887640449438202,0.9977528089887641,path2_flcap
LFML,444,442,441,442,departures,0.9932432432432432,0.9954954954954955,path2_flcap
EDDS,440,421,416,419,departures,0.9454545454545454,0.9522727272727273,path2_flcap
EDDS,433,413,413,419,arrivals,0.953810623556582,0.9676674364896074,path2_flcap
LGIR,430,1,0,0,arrivals,0.0,0.0,path2_flcap
LGIR,424,1,0,0,departures,0.0,0.0,path2_flcap
LIPZ,412,408,408,410,departures,0.9902912621359223,0.9951456310679612,path2_flcap
LFLL,412,401,400,414,arrivals,0.970873786407767,1.0048543689320388,path2_flcap
LFLL,411,406,406,421,departures,0.9878345498783455,1.024330900243309,path2_flcap
LIPZ,409,392,390,393,arrivals,0.9535452322738386,0.960880195599022,path2_flcap
LPFR,407,403,402,404,arrivals,0.9877149877149877,0.9926289926289926,path2_flcap
LPFR,405,404,401,401,departures,0.9901234567901235,0.9901234567901235,path2_flcap
LYBE,395,374,374,374,arrivals,0.9468354430379747,0.9468354430379747,path2_flcap
LYBE,394,389,389,389,departures,0.9873096446700508,0.9873096446700508,path2_flcap
LICC,391,351,349,355,arrivals,0.8925831202046036,0.907928388746803,path2_flcap
LICC,390,24,21,21,departures,0.05384615384615385,0.05384615384615385,path2_flcap
LTAC,381,4,0,0,departures,0.0,0.0,path2_flcap
LIPE,380,375,375,376,departures,0.9868421052631579,0.9894736842105263,path2_flcap
LIPE,376,373,372,372,arrivals,0.9893617021276596,0.9893617021276596,path2_flcap
LTAC,374,3,0,1,arrivals,0.0,0.00267379679144385,path2_flcap
LCLK,368,341,338,339,departures,0.9184782608695652,0.9211956521739131,path2_flcap
LCLK,367,361,360,366,arrivals,0.9809264305177112,0.997275204359673,path2_flcap
GMMN,360,239,238,242,departures,0.6611111111111111,0.6722222222222223,path2_flcap
EPKK,360,358,356,357,departures,0.9888888888888889,0.9916666666666667,path2_flcap
EGGD,360,343,342,344,arrivals,0.95,0.9555555555555556,path2_flcap
EGGD,359,358,357,357,departures,0.9944289693593314,0.9944289693593314,path2_flcap
LEVC,357,349,349,350,arrivals,0.9775910364145658,0.9803921568627451,path2_flcap
GMMN,357,278,278,283,arrivals,0.7787114845938375,0.7927170868347339,path2_flcap
ENBR,357,340,328,339,arrivals,0.9187675070028011,0.9495798319327731,path2_flcap
EPKK,356,351,339,340,arrivals,0.952247191011236,0.9550561797752809,path2_flcap
LEVC,355,323,323,323,departures,0.9098591549295775,0.9098591549295775,path2_flcap
LFSB,354,350,349,351,departures,0.9858757062146892,0.9915254237288136,path2_flcap
LFSB,352,344,344,345,arrivals,0.9772727272727273,0.9801136363636364,path2_flcap
ENBR,349,343,338,352,departures,0.9684813753581661,1.008595988538682,path2_flcap
LTBJ,346,48,44,44,departures,0.12716763005780346,0.12716763005780346,path2_flcap
LGRP,346,316,315,316,arrivals,0.9104046242774566,0.9132947976878613,path2_flcap
EGPF,346,308,306,309,arrivals,0.884393063583815,0.8930635838150289,path2_flcap
EGPF,344,325,323,324,departures,0.938953488372093,0.9418604651162791,path2_flcap
LTBJ,341,13,13,13,arrivals,0.03812316715542522,0.03812316715542522,path2_flcap
LGRP,340,319,319,320,departures,0.9382352941176471,0.9411764705882353,path2_flcap
LMML,326,322,322,325,departures,0.9877300613496932,0.9969325153374233,path2_flcap
LMML,326,320,318,319,arrivals,0.9754601226993865,0.9785276073619632,path2_flcap
LATI,323,0,0,0,arrivals,0.0,0.0,path2_flcap
GCTS,323,0,0,0,arrivals,0.0,0.0,path2_flcap
GCTS,321,2,0,0,departures,0.0,0.0,path2_flcap
GCXO,320,1,1,1,arrivals,0.003125,0.003125,path2_flcap
GCXO,319,269,269,271,departures,0.8432601880877743,0.8495297805642633,path2_flcap
LATI,316,3,0,0,departures,0.0,0.0,path2_flcap
LICJ,314,132,128,128,arrivals,0.40764331210191085,0.40764331210191085,path2_flcap
LICJ,310,211,211,214,departures,0.6806451612903226,0.6903225806451613,path2_flcap
EBCI,304,304,304,304,departures,1.0,1.0,path2_flcap
EBCI,303,302,299,299,arrivals,0.9867986798679867,0.9867986798679867,path2_flcap
BIKF,297,292,292,293,departures,0.9831649831649831,0.9865319865319865,path2_flcap
BIKF,296,99,97,98,arrivals,0.3277027027027027,0.3310810810810811,path2_flcap
ELLX,294,292,292,292,departures,0.9931972789115646,0.9931972789115646,path2_flcap
ELLX,294,284,284,287,arrivals,0.9659863945578231,0.9761904761904762,path2_flcap
LFBO,293,291,291,292,departures,0.9931740614334471,0.9965870307167235,path2_flcap
LFBO,290,289,287,287,arrivals,0.9896551724137931,0.9896551724137931,path2_flcap
LGTS,281,266,265,267,arrivals,0.9430604982206405,0.9501779359430605,path2_flcap
LTBS,280,9,7,7,arrivals,0.025,0.025,path2_flcap
LGTS,279,214,214,215,departures,0.7670250896057348,0.7706093189964157,path2_flcap
GMMX,279,11,9,9,arrivals,0.03225806451612903,0.03225806451612903,path2_flcap
GMMX,278,3,3,3,departures,0.01079136690647482,0.01079136690647482,path2_flcap
EVRA,278,231,229,232,arrivals,0.8237410071942446,0.8345323741007195,path2_flcap
LEZL,276,268,267,269,arrivals,0.967391304347826,0.9746376811594203,path2_flcap
LEZL,275,273,273,273,departures,0.9927272727272727,0.9927272727272727,path2_flcap
LTBS,273,1,0,0,departures,0.0,0.0,path2_flcap
EVRA,273,270,269,270,departures,0.9853479853479854,0.989010989010989,path2_flcap
LBSF,272,2,1,1,departures,0.003676470588235294,0.003676470588235294,path2_flcap
GCRR,269,0,0,0,departures,0.0,0.0,path2_flcap
GCRR,269,0,0,0,arrivals,0.0,0.0,path2_flcap
EGNX,267,264,264,264,departures,0.9887640449438202,0.9887640449438202,path2_flcap
LBSF,267,6,1,1,arrivals,0.003745318352059925,0.003745318352059925,path2_flcap
EDDP,261,245,244,245,arrivals,0.9348659003831418,0.9386973180076629,path2_flcap
EPKT,259,250,249,249,departures,0.9613899613899614,0.9613899613899614,path2_flcap
HEGN,258,0,0,0,arrivals,0.0,0.0,path2_flcap
HEGN,257,0,0,0,departures,0.0,0.0,path2_flcap
UGTB,257,20,18,18,departures,0.07003891050583658,0.07003891050583658,path2_flcap
LFRS,257,252,251,252,arrivals,0.9766536964980544,0.980544747081712,path2_flcap
UGTB,257,51,49,52,arrivals,0.19066147859922178,0.20233463035019456,path2_flcap
EPKT,257,243,240,240,arrivals,0.933852140077821,0.933852140077821,path2_flcap
LFRS,256,244,244,244,departures,0.953125,0.953125,path2_flcap
EDDP,256,254,254,256,departures,0.9921875,1.0,path2_flcap
EGNX,255,239,239,239,arrivals,0.9372549019607843,0.9372549019607843,path2_flcap
LIEO,252,102,98,99,arrivals,0.3888888888888889,0.39285714285714285,path2_flcap
EPGD,248,19,18,18,departures,0.07258064516129033,0.07258064516129033,path2_flcap
LGKR,247,26,22,22,arrivals,0.08906882591093117,0.08906882591093117,path2_flcap
EGAA,246,240,149,150,arrivals,0.6056910569105691,0.6097560975609756,path2_flcap
LGKR,244,5,5,5,departures,0.020491803278688523,0.020491803278688523,path2_flcap
HECA,244,19,18,18,departures,0.07377049180327869,0.07377049180327869,path2_flcap
EPGD,244,18,1,3,arrivals,0.004098360655737705,0.012295081967213115,path2_flcap
EGAA,239,218,218,219,departures,0.9121338912133892,0.9163179916317992,path2_flcap
ENZV,236,77,75,84,departures,0.3177966101694915,0.3559322033898305,path2_flcap
ENZV,236,70,66,69,arrivals,0.2796610169491525,0.2923728813559322,path2_flcap
LEBB,235,0,0,0,arrivals,0.0,0.0,path2_flcap
LEBB,234,1,0,0,departures,0.0,0.0,path2_flcap
LTFE,232,205,204,210,arrivals,0.8793103448275862,0.9051724137931034,path2_flcap
HECA,231,71,59,59,arrivals,0.2554112554112554,0.2554112554112554,path2_flcap
LFPB,230,226,226,248,departures,0.9826086956521739,1.0782608695652174,path2_flcap
LIBD,229,2,0,0,arrivals,0.0,0.0,path2_flcap
LIBD,228,2,0,0,departures,0.0,0.0,path2_flcap
LIEO,228,37,32,32,departures,0.14035087719298245,0.14035087719298245,path2_flcap
LIRP,228,223,223,230,arrivals,0.9780701754385965,1.0087719298245614,path2_flcap
UUWW,227,12,4,4,arrivals,0.01762114537444934,0.01762114537444934,path2_flcap
LEMH,226,221,221,222,arrivals,0.9778761061946902,0.9823008849557522,path2_flcap
LFBD,225,222,222,224,departures,0.9866666666666667,0.9955555555555555,path2_flcap
LFPB,225,218,173,176,arrivals,0.7688888888888888,0.7822222222222223,path2_flcap
LEMH,222,198,198,198,departures,0.8918918918918919,0.8918918918918919,path2_flcap
LTFE,220,38,37,40,departures,0.16818181818181818,0.18181818181818182,path2_flcap
LIRP,220,199,199,199,departures,0.9045454545454545,0.9045454545454545,path2_flcap
ENVA,219,208,208,223,arrivals,0.9497716894977168,1.0182648401826484,path2_flcap
LFBD,219,215,215,216,arrivals,0.9817351598173516,0.9863013698630136,path2_flcap
LUKK,217,1,0,0,departures,0.0,0.0,path2_flcap
ENVA,217,211,199,201,departures,0.9170506912442397,0.9262672811059908,path2_flcap
LUKK,217,3,0,0,arrivals,0.0,0.0,path2_flcap
LDSP,216,3,0,0,departures,0.0,0.0,path2_flcap
ESGG,216,214,214,214,departures,0.9907407407407407,0.9907407407407407,path2_flcap
UUWW,216,7,5,5,departures,0.023148148148148147,0.023148148148148147,path2_flcap
LDZA,215,60,58,58,departures,0.26976744186046514,0.26976744186046514,path2_flcap
LDSP,215,6,0,0,arrivals,0.0,0.0,path2_flcap
LDZA,215,210,209,212,arrivals,0.9720930232558139,0.986046511627907,path2_flcap
ESGG,214,211,208,210,arrivals,0.9719626168224299,0.9813084112149533,path2_flcap
UUEE,214,3,3,9,arrivals,0.014018691588785047,0.04205607476635514,path2_flcap
EDDV,213,211,211,212,departures,0.9906103286384976,0.9953051643192489,path2_flcap
GCFV,212,0,0,0,departures,0.0,0.0,path2_flcap
UUEE,212,41,41,41,departures,0.19339622641509435,0.19339622641509435,path2_flcap
EGNT,211,199,199,199,departures,0.943127962085308,0.943127962085308,path2_flcap
GCFV,211,2,0,0,arrivals,0.0,0.0,path2_flcap
EGNT,211,184,184,184,arrivals,0.8720379146919431,0.8720379146919431,path2_flcap
EDDV,209,202,202,204,arrivals,0.9665071770334929,0.9760765550239234,path2_flcap
EGGP,208,204,203,206,departures,0.9759615384615384,0.9903846153846154,path2_flcap
EGGP,206,195,194,203,arrivals,0.941747572815534,0.9854368932038835,path2_flcap
LIRQ,202,10,9,9,departures,0.04455445544554455,0.04455445544554455,path2_flcap
EDDN,201,195,194,196,departures,0.9651741293532339,0.9751243781094527,path2_flcap
EDDN,199,193,192,199,arrivals,0.964824120603015,1.0,path2_flcap
LGSA,199,50,48,48,arrivals,0.24120603015075376,0.24120603015075376,path2_flcap
EGLC,198,198,198,253,departures,1.0,1.2777777777777777,path2_flcap
LIRQ,198,109,101,101,arrivals,0.51010101010101,0.51010101010101,path2_flcap
LGSA,196,74,74,74,departures,0.37755102040816324,0.37755102040816324,path2_flcap
LIEE,195,4,3,3,arrivals,0.015384615384615385,0.015384615384615385,path2_flcap
EPWR,194,191,190,192,arrivals,0.979381443298969,0.9896907216494846,path2_flcap
EPWR,193,192,192,192,departures,0.9948186528497409,0.9948186528497409,path2_flcap
EGNM,193,176,173,175,arrivals,0.8963730569948186,0.9067357512953368,path2_flcap
UDYZ,192,1,0,0,departures,0.0,0.0,path2_flcap
UDYZ,192,1,0,0,arrivals,0.0,0.0,path2_flcap
LIEE,191,1,0,0,departures,0.0,0.0,path2_flcap
EHEH,191,191,189,189,departures,0.9895287958115183,0.9895287958115183,path2_flcap
EGNM,190,186,184,184,departures,0.968421052631579,0.968421052631579,path2_flcap
EHEH,190,190,186,187,arrivals,0.9789473684210527,0.9842105263157894,path2_flcap
EYVI,189,166,116,120,arrivals,0.6137566137566137,0.6349206349206349,path2_flcap
EGLC,189,189,188,403,arrivals,0.9947089947089947,2.132275132275132,path2_flcap
EYVI,186,175,175,178,departures,0.9408602150537635,0.956989247311828,path2_flcap
DAAG,186,67,66,66,departures,0.3548387096774194,0.3548387096774194,path2_flcap
DTTA,186,0,0,0,arrivals,0.0,0.0,path2_flcap
DTTA,185,2,0,1,departures,0.0,0.005405405405405406,path2_flcap
DAAG,184,126,126,127,arrivals,0.6847826086956522,0.6902173913043478,path2_flcap
LFOB,181,179,179,179,departures,0.988950276243094,0.988950276243094,path2_flcap
LFOB,181,177,177,177,arrivals,0.9779005524861878,0.9779005524861878,path2_flcap
LDDU,180,5,0,0,arrivals,0.0,0.0,path2_flcap
LGKO,178,168,168,170,departures,0.9438202247191011,0.9550561797752809,path2_flcap
LDDU,177,2,0,0,departures,0.0,0.0,path2_flcap
LGKO,177,168,168,174,arrivals,0.9491525423728814,0.9830508474576272,path2_flcap
EETN,162,142,142,142,arrivals,0.8765432098765432,0.8765432098765432,path2_flcap
EPPO,161,156,156,156,departures,0.968944099378882,0.968944099378882,path2_flcap
HESH,161,2,0,0,arrivals,0.0,0.0,path2_flcap
UMKK,160,1,0,1,departures,0.0,0.00625,path2_flcap
EETN,159,149,149,150,departures,0.9371069182389937,0.9433962264150944,path2_flcap
LPMA,159,153,153,153,departures,0.9622641509433962,0.9622641509433962,path2_flcap
HESH,159,0,0,0,departures,0.0,0.0,path2_flcap
UMKK,159,25,12,90,arrivals,0.07547169811320754,0.5660377358490566,path2_flcap
LPMA,158,10,10,15,arrivals,0.06329113924050633,0.0949367088607595,path2_flcap
LIMF,157,156,152,153,departures,0.9681528662420382,0.9745222929936306,path2_flcap
LIMF,157,155,153,156,arrivals,0.9745222929936306,0.9936305732484076,path2_flcap
LIRA,156,153,146,149,arrivals,0.9358974358974359,0.9551282051282052,path2_flcap
LIRA,154,152,150,153,departures,0.974025974025974,0.9935064935064936,path2_flcap
EPPO,154,150,148,159,arrivals,0.961038961038961,1.0324675324675325,path2_flcap
EKBI,154,150,149,149,arrivals,0.9675324675324676,0.9675324675324676,path2_flcap
LPPD,153,47,47,47,departures,0.30718954248366015,0.30718954248366015,path2_flcap
EKBI,152,148,148,149,departures,0.9736842105263158,0.9802631578947368,path2_flcap
LPPD,151,91,90,92,arrivals,0.5960264900662252,0.609271523178808,path2_flcap
ULLI,148,1,1,1,arrivals,0.006756756756756757,0.006756756756756757,path2_flcap
OLBA,144,33,30,30,departures,0.20833333333333334,0.20833333333333334,path2_flcap
LIPX,144,143,140,140,departures,0.9722222222222222,0.9722222222222222,path2_flcap
OLBA,144,42,41,42,arrivals,0.2847222222222222,0.2916666666666667,path2_flcap
ENTC,143,6,0,0,arrivals,0.0,0.0,path2_flcap
ULLI,142,0,0,0,departures,0.0,0.0,path2_flcap
LIPX,142,138,136,142,arrivals,0.9577464788732394,1.0,path2_flcap
LGSR,139,3,0,0,departures,0.0,0.0,path2_flcap
LGSR,139,2,0,0,arrivals,0.0,0.0,path2_flcap
ENTC,138,4,0,0,departures,0.0,0.0,path2_flcap
LTCG,138,104,104,104,arrivals,0.7536231884057971,0.7536231884057971,path2_flcap
EGPD,137,125,125,125,departures,0.9124087591240876,0.9124087591240876,path2_flcap
EGPD,136,123,123,123,arrivals,0.9044117647058824,0.9044117647058824,path2_flcap
ENBO,134,129,129,159,departures,0.9626865671641791,1.1865671641791045,path2_flcap
EBLG,134,134,133,137,departures,0.9925373134328358,1.0223880597014925,path2_flcap
LTDB,133,5,1,1,departures,0.007518796992481203,0.007518796992481203,path2_flcap
LTCG,133,124,124,124,departures,0.9323308270676691,0.9323308270676691,path2_flcap
ENBO,133,123,119,138,arrivals,0.8947368421052632,1.037593984962406,path2_flcap
LRCL,130,0,0,0,departures,0.0,0.0,path2_flcap
LIBR,130,2,0,0,departures,0.0,0.0,path2_flcap
LRCL,129,1,0,0,arrivals,0.0,0.0,path2_flcap
LTDB,129,3,0,0,arrivals,0.0,0.0,path2_flcap
LGZA,126,125,123,125,departures,0.9761904761904762,0.9920634920634921,path2_flcap
EBLG,126,98,95,98,arrivals,0.753968253968254,0.7777777777777778,path2_flcap
LGZA,126,119,119,122,arrivals,0.9444444444444444,0.9682539682539683,path2_flcap
LIBR,125,0,0,0,arrivals,0.0,0.0,path2_flcap
EGAC,123,121,121,122,departures,0.983739837398374,0.991869918699187,path2_flcap
EGAC,123,120,120,210,arrivals,0.975609756097561,1.7073170731707317,path2_flcap
BKPR,120,1,0,0,departures,0.0,0.0,path2_flcap
BKPR,120,2,0,0,arrivals,0.0,0.0,path2_flcap
EICK,120,119,119,119,arrivals,0.9916666666666667,0.9916666666666667,path2_flcap
EICK,119,118,118,118,departures,0.9915966386554622,0.9915966386554622,path2_flcap
LDZD,118,14,11,11,arrivals,0.09322033898305085,0.09322033898305085,path2_flcap
OJAI,116,0,0,3,departures,0.0,0.02586206896551724,path2_flcap
OJAI,116,0,0,5,arrivals,0.0,0.04310344827586207,path2_flcap
LDZD,114,1,0,0,departures,0.0,0.0,path2_flcap
LICA,112,1,0,0,arrivals,0.0,0.0,path2_flcap
EGLF,110,110,109,114,departures,0.990909090909091,1.0363636363636364,path2_flcap
LICA,108,0,0,0,departures,0.0,0.0,path2_flcap
EGJJ,108,106,96,96,arrivals,0.8888888888888888,0.8888888888888888,path2_flcap
EGLF,108,107,0,0,arrivals,0.0,0.0,path2_flcap
LCPH,107,99,98,99,arrivals,0.9158878504672897,0.9252336448598131,path2_flcap
LWSK,106,0,0,0,departures,0.0,0.0,path2_flcap
OKKK,106,105,105,105,departures,0.9905660377358491,0.9905660377358491,path2_flcap
LEST,106,97,84,84,arrivals,0.7924528301886793,0.7924528301886793,path2_flcap
LCPH,105,67,67,67,departures,0.638095238095238,0.638095238095238,path2_flcap
LGMK,105,51,49,49,departures,0.4666666666666667,0.4666666666666667,path2_flcap
LEST,105,84,84,84,departures,0.8,0.8,path2_flcap
LZIB,105,101,101,101,departures,0.9619047619047619,0.9619047619047619,path2_flcap
LEGE,105,48,45,45,arrivals,0.42857142857142855,0.42857142857142855,path2_flcap
LWSK,105,0,0,0,arrivals,0.0,0.0,path2_flcap
LZIB,105,104,103,103,arrivals,0.9809523809523809,0.9809523809523809,path2_flcap
LEGE,104,93,93,97,departures,0.8942307692307693,0.9326923076923077,path2_flcap
LGMK,104,78,78,86,arrivals,0.75,0.8269230769230769,path2_flcap
EDJA,104,103,102,103,arrivals,0.9807692307692307,0.9903846153846154,path2_flcap
EDJA,102,101,101,101,departures,0.9901960784313726,0.9901960784313726,path2_flcap
OKKK,102,29,29,30,arrivals,0.28431372549019607,0.29411764705882354,path2_flcap
EGJJ,101,97,96,101,departures,0.9504950495049505,1.0,path2_flcap
EHRD,100,100,99,102,arrivals,0.99,1.02,path2_flcap
EHRD,99,98,96,101,departures,0.9696969696969697,1.02020202020202,path2_flcap
LBBG,97,93,91,92,arrivals,0.9381443298969072,0.9484536082474226,path2_flcap
LOWS,96,95,95,98,departures,0.9895833333333334,1.0208333333333333,path2_flcap
LOWS,95,93,90,90,arrivals,0.9473684210526315,0.9473684210526315,path2_flcap
DTTJ,94,0,0,0,arrivals,0.0,0.0,path2_flcap
LJLJ,94,90,89,90,arrivals,0.9468085106382979,0.9574468085106383,path2_flcap
LBBG,93,83,83,83,departures,0.8924731182795699,0.8924731182795699,path2_flcap
LQSA,93,0,0,0,departures,0.0,0.0,path2_flcap
LQSA,93,0,0,0,arrivals,0.0,0.0,path2_flcap
GMAD,92,0,0,0,departures,0.0,0.0,path2_flcap
EGKB,92,91,32,33,departures,0.34782608695652173,0.358695652173913,path2_flcap
EINN,91,89,89,89,departures,0.978021978021978,0.978021978021978,path2_flcap
GMAD,91,0,0,0,arrivals,0.0,0.0,path2_flcap
EGKB,91,90,0,0,arrivals,0.0,0.0,path2_flcap
LJLJ,90,87,87,88,departures,0.9666666666666667,0.9777777777777777,path2_flcap
DTTJ,89,0,0,0,departures,0.0,0.0,path2_flcap
UUDD,89,7,7,8,departures,0.07865168539325842,0.0898876404494382,path2_flcap
EDDW,88,87,86,88,departures,0.9772727272727273,1.0,path2_flcap
GMTT,88,88,88,88,departures,1.0,1.0,path2_flcap
EDLW,87,85,85,86,departures,0.9770114942528736,0.9885057471264368,path2_flcap
EDDW,87,87,87,89,arrivals,1.0,1.0229885057471264,path2_flcap
GMTT,87,86,86,87,arrivals,0.9885057471264368,1.0,path2_flcap
EDLW,87,85,84,84,arrivals,0.9655172413793104,0.9655172413793104,path2_flcap
EINN,86,80,80,81,arrivals,0.9302325581395349,0.9418604651162791,path2_flcap
LIMJ,86,86,85,85,arrivals,0.9883720930232558,0.9883720930232558,path2_flcap
EGHI,86,78,78,80,arrivals,0.9069767441860465,0.9302325581395349,path2_flcap
LIPH,85,85,84,84,departures,0.9882352941176471,0.9882352941176471,path2_flcap
GCLA,85,1,1,1,departures,0.011764705882352941,0.011764705882352941,path2_flcap
LIPH,85,85,85,85,arrivals,1.0,1.0,path2_flcap
EDSB,85,78,78,82,arrivals,0.9176470588235294,0.9647058823529412,path2_flcap
LFKB,84,32,31,31,departures,0.36904761904761907,0.36904761904761907,path2_flcap
LFKB,84,76,76,76,arrivals,0.9047619047619048,0.9047619047619048,path2_flcap
GCLA,84,15,15,16,arrivals,0.17857142857142858,0.19047619047619047,path2_flcap
EGHI,83,75,74,75,departures,0.891566265060241,0.9036144578313253,path2_flcap
EGJB,83,65,60,61,departures,0.7228915662650602,0.7349397590361446,path2_flcap
LYTV,83,1,0,0,arrivals,0.0,0.0,path2_flcap
LYTV,82,1,0,0,departures,0.0,0.0,path2_flcap
EDSB,81,76,76,77,departures,0.9382716049382716,0.9506172839506173,path2_flcap
EGNS,81,75,74,74,arrivals,0.9135802469135802,0.9135802469135802,path2_flcap
DTMB,81,0,0,0,arrivals,0.0,0.0,path2_flcap
EGNS,80,71,71,71,departures,0.8875,0.8875,path2_flcap
LFKJ,80,79,79,79,arrivals,0.9875,0.9875,path2_flcap
LIMJ,79,76,75,75,departures,0.9493670886075949,0.9493670886075949,path2_flcap
DTMB,79,1,0,0,departures,0.0,0.0,path2_flcap
LFKJ,78,78,78,78,departures,1.0,1.0,path2_flcap
EDFH,77,75,75,75,departures,0.974025974025974,0.974025974025974,path2_flcap
LYPG,77,0,0,0,departures,0.0,0.0,path2_flcap
LYPG,77,0,0,0,arrivals,0.0,0.0,path2_flcap
EKYT,75,73,73,73,departures,0.9733333333333334,0.9733333333333334,path2_flcap
LBWN,75,68,67,69,arrivals,0.8933333333333333,0.92,path2_flcap
LFMT,75,75,75,75,arrivals,1.0,1.0,path2_flcap
UUDD,75,4,1,1,arrivals,0.013333333333333334,0.013333333333333334,path2_flcap
LFMT,74,74,74,74,departures,1.0,1.0,path2_flcap
EDFH,74,72,71,72,arrivals,0.9594594594594594,0.972972972972973,path2_flcap
LTAJ,74,0,0,0,arrivals,0.0,0.0,path2_flcap
EGJB,74,70,59,80,arrivals,0.7972972972972973,1.0810810810810811,path2_flcap
LTAU,73,0,0,0,arrivals,0.0,0.0,path2_flcap
LTAJ,72,0,0,0,departures,0.0,0.0,path2_flcap
LFMD,72,69,41,41,arrivals,0.5694444444444444,0.5694444444444444,path2_flcap
EGHH,72,67,66,68,arrivals,0.9166666666666666,0.9444444444444444,path2_flcap
ENTO,72,69,66,67,arrivals,0.9166666666666666,0.9305555555555556,path2_flcap
LBWN,71,14,13,13,departures,0.18309859154929578,0.18309859154929578,path2_flcap
LRIA,71,1,0,0,departures,0.0,0.0,path2_flcap
EGHH,71,70,69,70,departures,0.971830985915493,0.9859154929577465,path2_flcap
ENTO,71,45,45,46,departures,0.6338028169014085,0.647887323943662,path2_flcap
EKYT,71,69,69,69,arrivals,0.971830985915493,0.971830985915493,path2_flcap
LTAU,70,0,0,0,departures,0.0,0.0,path2_flcap
LEAS,69,35,35,35,departures,0.5072463768115942,0.5072463768115942,path2_flcap
UGSB,69,45,45,45,arrivals,0.6521739130434783,0.6521739130434783,path2_flcap
EDLV,69,69,69,69,arrivals,1.0,1.0,path2_flcap
EDLV,68,68,68,71,departures,1.0,1.0441176470588236,path2_flcap
LERS,68,61,61,61,arrivals,0.8970588235294118,0.8970588235294118,path2_flcap
LEAS,68,5,5,5,arrivals,0.07352941176470588,0.07352941176470588,path2_flcap
LRIA,68,0,0,1,arrivals,0.0,0.014705882352941176,path2_flcap
UGSB,67,57,56,56,departures,0.835820895522388,0.835820895522388,path2_flcap
LERS,67,18,18,18,departures,0.26865671641791045,0.26865671641791045,path2_flcap
URSS,67,0,0,0,arrivals,0.0,0.0,path2_flcap
LFMD,65,60,57,59,departures,0.8769230769230769,0.9076923076923077,path2_flcap
LFKF,65,59,59,59,arrivals,0.9076923076923077,0.9076923076923077,path2_flcap
GMME,64,10,10,10,departures,0.15625,0.15625,path2_flcap
GMME,63,28,27,27,arrivals,0.42857142857142855,0.42857142857142855,path2_flcap
LIEA,62,62,62,62,departures,1.0,1.0,path2_flcap
LGKF,62,62,62,64,departures,1.0,1.032258064516129,path2_flcap
LIEA,62,62,62,62,arrivals,1.0,1.0,path2_flcap
LIPQ,61,58,58,58,departures,0.9508196721311475,0.9508196721311475,path2_flcap
LFKF,61,28,28,28,departures,0.45901639344262296,0.45901639344262296,path2_flcap
EDDG,60,60,60,60,departures,1.0,1.0,path2_flcap
EPRZ,60,57,56,56,departures,0.9333333333333333,0.9333333333333333,path2_flcap
LGKF,60,57,56,56,arrivals,0.9333333333333333,0.9333333333333333,path2_flcap
DTNH,59,0,0,0,departures,0.0,0.0,path2_flcap
LRTR,59,0,0,0,departures,0.0,0.0,path2_flcap
LIPQ,59,59,58,58,arrivals,0.9830508474576272,0.9830508474576272,path2_flcap
LTBA,58,54,53,58,departures,0.9137931034482759,1.0,path2_flcap
DTNH,58,0,0,0,arrivals,0.0,0.0,path2_flcap
EPRZ,58,56,54,54,arrivals,0.9310344827586207,0.9310344827586207,path2_flcap
LFBZ,57,57,57,61,arrivals,1.0,1.0701754385964912,path2_flcap
LRTR,57,3,2,3,arrivals,0.03508771929824561,0.05263157894736842,path2_flcap
LFQQ,57,56,56,57,arrivals,0.9824561403508771,1.0,path2_flcap
LOWG,56,56,53,54,departures,0.9464285714285714,0.9642857142857143,path2_flcap
LFQQ,56,56,56,56,departures,1.0,1.0,path2_flcap
LTCC,56,0,0,0,arrivals,0.0,0.0,path2_flcap
EDDG,56,54,54,54,arrivals,0.9642857142857143,0.9642857142857143,path2_flcap
LFBZ,55,10,10,10,departures,0.18181818181818182,0.18181818181818182,path2_flcap
LTCC,55,1,0,0,departures,0.0,0.0,path2_flcap
LDPL,55,49,48,51,arrivals,0.8727272727272727,0.9272727272727272,path2_flcap
LFTH,55,53,52,61,arrivals,0.9454545454545454,1.1090909090909091,path2_flcap
EYKA,54,46,45,45,departures,0.8333333333333334,0.8333333333333334,path2_flcap
LOWG,53,53,53,57,arrivals,1.0,1.0754716981132075,path2_flcap
LKTB,52,51,48,49,departures,0.9230769230769231,0.9423076923076923,path2_flcap
URSS,52,0,0,0,departures,0.0,0.0,path2_flcap
GMFF,52,0,0,0,departures,0.0,0.0,path2_flcap
LTBA,52,47,42,67,arrivals,0.8076923076923077,1.2884615384615385,path2_flcap
LKTB,52,51,50,52,arrivals,0.9615384615384616,1.0,path2_flcap
GMFF,52,0,0,0,arrivals,0.0,0.0,path2_flcap
LFTH,51,31,29,40,departures,0.5686274509803921,0.7843137254901961,path2_flcap
EGPE,51,47,47,47,departures,0.9215686274509803,0.9215686274509803,path2_flcap
EHKD,50,43,40,50,departures,0.8,1.0,path2_flcap
LFST,50,48,47,47,arrivals,0.94,0.94,path2_flcap
EYKA,50,37,9,15,arrivals,0.18,0.3,path2_flcap
LDPL,49,43,43,44,departures,0.8775510204081632,0.8979591836734694,path2_flcap
UGKO,49,0,0,0,departures,0.0,0.0,path2_flcap
LFST,49,47,47,47,departures,0.9591836734693877,0.9591836734693877,path2_flcap
DAOO,49,34,34,34,arrivals,0.6938775510204082,0.6938775510204082,path2_flcap
UGKO,49,1,0,0,arrivals,0.0,0.0,path2_flcap
EGFF,49,46,44,45,arrivals,0.8979591836734694,0.9183673469387755,path2_flcap
EGPE,49,45,45,45,arrivals,0.9183673469387755,0.9183673469387755,path2_flcap
DAOO,48,16,16,16,departures,0.3333333333333333,0.3333333333333333,path2_flcap
EGFF,48,47,46,47,departures,0.9583333333333334,0.9791666666666666,path2_flcap
UBBN,48,0,0,0,departures,0.0,0.0,path2_flcap
ENCN,48,35,35,35,departures,0.7291666666666666,0.7291666666666666,path2_flcap
EHKD,48,37,37,46,arrivals,0.7708333333333334,0.9583333333333334,path2_flcap
ENAL,48,1,1,1,arrivals,0.020833333333333332,0.020833333333333332,path2_flcap
UBBN,48,1,0,0,arrivals,0.0,0.0,path2_flcap
ORBI,48,1,0,0,arrivals,0.0,0.0,path2_flcap
LFRB,47,41,41,41,departures,0.8723404255319149,0.8723404255319149,path2_flcap
ENAL,46,1,1,1,departures,0.021739130434782608,0.021739130434782608,path2_flcap
ENKB,46,0,0,0,departures,0.0,0.0,path2_flcap
LGPZ,46,1,0,0,arrivals,0.0,0.0,path2_flcap
LTFH,45,6,6,6,departures,0.13333333333333333,0.13333333333333333,path2_flcap
LGPZ,45,1,0,0,departures,0.0,0.0,path2_flcap
EDDC,45,44,44,44,departures,0.9777777777777777,0.9777777777777777,path2_flcap
LGPA,45,0,0,0,departures,0.0,0.0,path2_flcap
LTFH,45,4,3,3,arrivals,0.06666666666666667,0.06666666666666667,path2_flcap
EDDC,45,45,45,45,arrivals,1.0,1.0,path2_flcap
LIRI,44,7,0,0,departures,0.0,0.0,path2_flcap
GEML,44,43,43,43,departures,0.9772727272727273,0.9772727272727273,path2_flcap
ORER,44,0,0,0,departures,0.0,0.0,path2_flcap
ESSB,44,38,37,38,departures,0.8409090909090909,0.8636363636363636,path2_flcap
BIRK,44,41,41,41,departures,0.9318181818181818,0.9318181818181818,path2_flcap
GEML,44,43,43,45,arrivals,0.9772727272727273,1.0227272727272727,path2_flcap
ORER,44,0,0,0,arrivals,0.0,0.0,path2_flcap
LEJR,44,43,42,43,arrivals,0.9545454545454546,0.9772727272727273,path2_flcap
BIRK,44,36,35,37,arrivals,0.7954545454545454,0.8409090909090909,path2_flcap
ENKB,44,0,0,0,arrivals,0.0,0.0,path2_flcap
LFRB,44,39,39,39,arrivals,0.8863636363636364,0.8863636363636364,path2_flcap
LKMT,44,39,39,41,arrivals,0.8863636363636364,0.9318181818181818,path2_flcap
LKMT,43,38,37,37,departures,0.8604651162790697,0.8604651162790697,path2_flcap
LIBP,43,43,43,43,arrivals,1.0,1.0,path2_flcap
LOWI,43,30,29,29,arrivals,0.6744186046511628,0.6744186046511628,path2_flcap
ENCN,43,12,12,12,arrivals,0.27906976744186046,0.27906976744186046,path2_flcap
EPMO,42,42,39,39,departures,0.9285714285714286,0.9285714285714286,path2_flcap
ENEV,42,6,0,0,departures,0.0,0.0,path2_flcap
ORBI,42,0,0,0,departures,0.0,0.0,path2_flcap
LIRI,42,14,11,11,arrivals,0.2619047619047619,0.2619047619047619,path2_flcap
UMMS,42,2,2,2,arrivals,0.047619047619047616,0.047619047619047616,path2_flcap
ESMS,42,38,36,37,arrivals,0.8571428571428571,0.8809523809523809,path2_flcap
ENEV,42,9,0,0,arrivals,0.0,0.0,path2_flcap
LGSM,42,19,19,25,arrivals,0.4523809523809524,0.5952380952380952,path2_flcap
ESMS,41,38,38,38,departures,0.926829268292683,0.926829268292683,path2_flcap
LIBP,41,41,41,41,departures,1.0,1.0,path2_flcap
LGSM,41,9,8,13,departures,0.1951219512195122,0.3170731707317073,path2_flcap
LIRZ,41,41,41,45,arrivals,1.0,1.0975609756097562,path2_flcap
UMMS,40,15,15,15,departures,0.375,0.375,path2_flcap
LEJR,40,40,40,40,departures,1.0,1.0,path2_flcap
LEVX,40,21,21,22,arrivals,0.525,0.55,path2_flcap
UWKD,40,0,0,0,arrivals,0.0,0.0,path2_flcap
LICT,40,6,6,6,arrivals,0.15,0.15,path2_flcap
EPMO,40,36,30,37,arrivals,0.75,0.925,path2_flcap
LEAM,40,39,39,40,arrivals,0.975,1.0,path2_flcap
GMMW,40,38,36,36,arrivals,0.9,0.9,path2_flcap
LGPA,40,1,0,0,arrivals,0.0,0.0,path2_flcap
LEVT,39,0,0,0,departures,0.0,0.0,path2_flcap
LICT,39,8,8,8,departures,0.20512820512820512,0.20512820512820512,path2_flcap
LIRZ,39,39,35,35,departures,0.8974358974358975,0.8974358974358975,path2_flcap
LEXJ,39,0,0,0,departures,0.0,0.0,path2_flcap
GMMW,39,33,33,33,departures,0.8461538461538461,0.8461538461538461,path2_flcap
EGPB,39,0,0,0,arrivals,0.0,0.0,path2_flcap
LEVT,39,0,0,0,arrivals,0.0,0.0,path2_flcap
LEZG,39,16,15,15,arrivals,0.38461538461538464,0.38461538461538464,path2_flcap
EDLP,39,35,34,35,arrivals,0.8717948717948718,0.8974358974358975,path2_flcap
EGPB,38,0,0,0,departures,0.0,0.0,path2_flcap
UWKD,38,0,0,0,departures,0.0,0.0,path2_flcap
LEZG,38,14,14,15,departures,0.3684210526315789,0.39473684210526316,path2_flcap
ESPA,38,0,0,0,departures,0.0,0.0,path2_flcap
LEVX,37,2,1,1,departures,0.02702702702702703,0.02702702702702703,path2_flcap
LGSK,37,5,5,5,departures,0.13513513513513514,0.13513513513513514,path2_flcap
LOWL,37,36,36,37,departures,0.972972972972973,1.0,path2_flcap
LEAM,37,35,35,35,departures,0.9459459459459459,0.9459459459459459,path2_flcap
LIPY,37,2,1,1,departures,0.02702702702702703,0.02702702702702703,path2_flcap
LGSK,37,30,30,30,arrivals,0.8108108108108109,0.8108108108108109,path2_flcap
ESSB,37,32,32,35,arrivals,0.8648648648648649,0.9459459459459459,path2_flcap
LEXJ,37,0,0,0,arrivals,0.0,0.0,path2_flcap
EGTE,36,33,33,33,departures,0.9166666666666666,0.9166666666666666,path2_flcap
LECO,36,35,35,35,departures,0.9722222222222222,0.9722222222222222,path2_flcap
EGTE,36,33,33,33,arrivals,0.9166666666666666,0.9166666666666666,path2_flcap
LIPY,36,14,14,15,arrivals,0.3888888888888889,0.4166666666666667,path2_flcap
LTFO,36,22,22,22,arrivals,0.6111111111111112,0.6111111111111112,path2_flcap
EGMC,35,35,35,38,departures,1.0,1.0857142857142856,path2_flcap
EDLP,35,32,32,33,departures,0.9142857142857143,0.9428571428571428,path2_flcap
LZKZ,35,28,28,28,departures,0.8,0.8,path2_flcap
LTFO,35,0,0,0,departures,0.0,0.0,path2_flcap
LTFG,35,35,34,35,arrivals,0.9714285714285714,1.0,path2_flcap
ESPA,35,0,0,0,arrivals,0.0,0.0,path2_flcap
LECO,35,35,35,48,arrivals,1.0,1.3714285714285714,path2_flcap
GMFO,34,5,5,5,departures,0.14705882352941177,0.14705882352941177,path2_flcap
LTFG,34,34,34,34,departures,1.0,1.0,path2_flcap
LEGR,34,0,0,0,departures,0.0,0.0,path2_flcap
LOWL,34,32,31,31,arrivals,0.9117647058823529,0.9117647058823529,path2_flcap
LICR,34,1,0,0,arrivals,0.0,0.0,path2_flcap
GMFO,34,26,26,26,arrivals,0.7647058823529411,0.7647058823529411,path2_flcap
LEGR,34,1,1,1,arrivals,0.029411764705882353,0.029411764705882353,path2_flcap
LGMT,34,33,33,33,arrivals,0.9705882352941176,0.9705882352941176,path2_flcap
LZKZ,34,28,28,28,arrivals,0.8235294117647058,0.8235294117647058,path2_flcap
LICR,33,0,0,0,departures,0.0,0.0,path2_flcap
LTCI,33,0,0,0,departures,0.0,0.0,path2_flcap
LGMT,33,31,31,32,departures,0.9393939393939394,0.9696969696969697,path2_flcap
LOWI,33,28,27,27,departures,0.8181818181818182,0.8181818181818182,path2_flcap
EGMC,33,33,33,63,arrivals,1.0,1.9090909090909092,path2_flcap
EKAH,33,30,30,30,arrivals,0.9090909090909091,0.9090909090909091,path2_flcap
EGWU,32,32,0,0,departures,0.0,0.0,path2_flcap
LTCB,32,6,6,6,departures,0.1875,0.1875,path2_flcap
EKAH,32,24,24,24,departures,0.75,0.75,path2_flcap
LFRN,32,32,32,32,departures,1.0,1.0,path2_flcap
LEMI,32,31,31,31,arrivals,0.96875,0.96875,path2_flcap
LTCI,32,0,0,0,arrivals,0.0,0.0,path2_flcap
LEMI,31,31,31,31,departures,1.0,1.0,path2_flcap
EIKN,31,30,30,30,departures,0.967741935483871,0.967741935483871,path2_flcap
ENHD,31,4,3,3,departures,0.0967741935483871,0.0967741935483871,path2_flcap
EDMO,31,29,25,25,departures,0.8064516129032258,0.8064516129032258,path2_flcap
LFRN,31,31,31,31,arrivals,1.0,1.0,path2_flcap
LTCE,31,1,0,0,arrivals,0.0,0.0,path2_flcap
EGPK,30,28,28,28,departures,0.9333333333333333,0.9333333333333333,path2_flcap
URMM,30,0,0,0,departures,0.0,0.0,path2_flcap
LGNX,30,1,0,0,departures,0.0,0.0,path2_flcap
LTCB,30,11,11,11,arrivals,0.36666666666666664,0.36666666666666664,path2_flcap
LGNX,30,2,0,0,arrivals,0.0,0.0,path2_flcap
EIKN,30,30,30,30,arrivals,1.0,1.0,path2_flcap
EBAW,29,29,25,25,departures,0.8620689655172413,0.8620689655172413,path2_flcap
LTCE,29,0,0,0,departures,0.0,0.0,path2_flcap
EGPA,29,0,0,0,departures,0.0,0.0,path2_flcap
LTAZ,29,0,0,0,departures,0.0,0.0,path2_flcap
EGPK,29,29,29,31,arrivals,1.0,1.0689655172413792,path2_flcap
URMM,29,0,0,0,arrivals,0.0,0.0,path2_flcap
ENHD,29,20,20,23,arrivals,0.6896551724137931,0.7931034482758621,path2_flcap
LTAZ,29,1,0,0,arrivals,0.0,0.0,path2_flcap
EGHQ,28,27,27,27,departures,0.9642857142857143,0.9642857142857143,path2_flcap
ESNU,28,0,0,0,departures,0.0,0.0,path2_flcap
EGHQ,28,27,27,27,arrivals,0.9642857142857143,0.9642857142857143,path2_flcap
LTCA,27,0,0,0,departures,0.0,0.0,path2_flcap
ENBN,27,0,0,0,departures,0.0,0.0,path2_flcap
LICD,27,7,7,7,departures,0.25925925925925924,0.25925925925925924,path2_flcap
LIPB,27,18,17,17,arrivals,0.6296296296296297,0.6296296296296297,path2_flcap
EGWU,27,25,0,0,arrivals,0.0,0.0,path2_flcap
LTAN,27,0,0,0,arrivals,0.0,0.0,path2_flcap
LTCA,27,0,0,0,arrivals,0.0,0.0,path2_flcap
LICD,27,10,10,10,arrivals,0.37037037037037035,0.37037037037037035,path2_flcap
LFKC,27,27,27,27,arrivals,1.0,1.0,path2_flcap
LTAT,26,1,0,0,departures,0.0,0.0,path2_flcap
LPCS,26,26,23,24,departures,0.8846153846153846,0.9230769230769231,path2_flcap
LIPB,26,0,0,0,departures,0.0,0.0,path2_flcap
LTCS,26,0,0,0,departures,0.0,0.0,path2_flcap
LTAN,26,0,0,0,departures,0.0,0.0,path2_flcap
LRBS,26,26,25,94,departures,0.9615384615384616,3.6153846153846154,path2_flcap
LFKC,26,26,26,26,departures,1.0,1.0,path2_flcap
LGHI,26,5,4,4,arrivals,0.15384615384615385,0.15384615384615385,path2_flcap
LTCS,26,0,0,0,arrivals,0.0,0.0,path2_flcap
ESNU,26,0,0,0,arrivals,0.0,0.0,path2_flcap
ENBN,26,0,0,0,arrivals,0.0,0.0,path2_flcap
EGPA,26,0,0,0,arrivals,0.0,0.0,path2_flcap
LGKL,25,11,9,9,departures,0.36,0.36,path2_flcap
LGHI,25,4,3,3,departures,0.12,0.12,path2_flcap
LGML,25,0,0,0,departures,0.0,0.0,path2_flcap
LFMP,25,12,12,12,departures,0.48,0.48,path2_flcap
EHBK,25,21,19,20,departures,0.76,0.8,path2_flcap
EFOU,25,0,0,0,departures,0.0,0.0,path2_flcap
EGSH,25,25,25,25,departures,1.0,1.0,path2_flcap
LPCS,25,24,22,29,arrivals,0.88,1.16,path2_flcap
LGKL,25,22,22,25,arrivals,0.88,1.0,path2_flcap
EBAW,25,25,24,26,arrivals,0.96,1.04,path2_flcap
EFOU,25,0,0,0,arrivals,0.0,0.0,path2_flcap
EGSH,25,25,25,26,arrivals,1.0,1.04,path2_flcap
LFRK,24,13,12,12,departures,0.5,0.5,path2_flcap
EKVG,24,0,0,0,departures,0.0,0.0,path2_flcap
ENFL,24,0,0,0,departures,0.0,0.0,path2_flcap
ENAT,24,0,0,0,departures,0.0,0.0,path2_flcap
LICG,24,1,1,1,departures,0.041666666666666664,0.041666666666666664,path2_flcap
LIPR,24,24,24,26,departures,1.0,1.0833333333333333,path2_flcap
LTAT,24,0,0,0,arrivals,0.0,0.0,path2_flcap
EKVG,24,0,0,0,arrivals,0.0,0.0,path2_flcap
ENFL,24,0,0,0,arrivals,0.0,0.0,path2_flcap
ENAT,24,0,0,0,arrivals,0.0,0.0,path2_flcap
LESO,24,4,0,0,arrivals,0.0,0.0,path2_flcap
LFMP,24,22,21,21,arrivals,0.875,0.875,path2_flcap
EHBK,24,19,19,23,arrivals,0.7916666666666666,0.9583333333333334,path2_flcap
LIPR,24,24,23,24,arrivals,0.9583333333333334,1.0,path2_flcap
EDDR,23,17,17,18,departures,0.7391304347826086,0.782608695652174,path2_flcap
ESSV,23,0,0,0,departures,0.0,0.0,path2_flcap
ENOV,23,0,0,0,departures,0.0,0.0,path2_flcap
ENKR,23,0,0,0,departures,0.0,0.0,path2_flcap
LESO,23,1,0,0,departures,0.0,0.0,path2_flcap
ENLK,23,5,0,0,departures,0.0,0.0,path2_flcap
LFBT,23,23,23,23,departures,1.0,1.0,path2_flcap
ENKR,23,0,0,0,arrivals,0.0,0.0,path2_flcap
LICG,23,3,3,3,arrivals,0.13043478260869565,0.13043478260869565,path2_flcap
EGPO,23,3,0,0,arrivals,0.0,0.0,path2_flcap
EDXW,22,20,19,19,departures,0.8636363636363636,0.8636363636363636,path2_flcap
LLER,22,0,0,0,departures,0.0,0.0,path2_flcap
LSGS,22,0,0,0,departures,0.0,0.0,path2_flcap
LRSB,22,1,0,0,departures,0.0,0.0,path2_flcap
LFBP,22,11,11,11,departures,0.5,0.5,path2_flcap
LGKP,22,0,0,0,departures,0.0,0.0,path2_flcap
EGNV,22,19,19,19,departures,0.8636363636363636,0.8636363636363636,path2_flcap
EGPO,22,0,0,0,departures,0.0,0.0,path2_flcap
EPSC,22,5,5,5,departures,0.22727272727272727,0.22727272727272727,path2_flcap
EIKY,22,22,22,22,departures,1.0,1.0,path2_flcap
LRCV,22,1,0,0,departures,0.0,0.0,path2_flcap
GCHI,22,0,0,0,departures,0.0,0.0,path2_flcap
LFRK,22,21,18,18,arrivals,0.8181818181818182,0.8181818181818182,path2_flcap
EDDR,22,16,16,19,arrivals,0.7272727272727273,0.8636363636363636,path2_flcap
ESSV,22,9,9,9,arrivals,0.4090909090909091,0.4090909090909091,path2_flcap
EDXW,22,21,20,21,arrivals,0.9090909090909091,0.9545454545454546,path2_flcap
ENOV,22,0,0,0,arrivals,0.0,0.0,path2_flcap
LLER,22,0,0,0,arrivals,0.0,0.0,path2_flcap
LRSB,22,4,4,5,arrivals,0.18181818181818182,0.22727272727272727,path2_flcap
LFBP,22,21,21,21,arrivals,0.9545454545454546,0.9545454545454546,path2_flcap
LGKP,22,1,1,1,arrivals,0.045454545454545456,0.045454545454545456,path2_flcap
EDMO,22,22,19,20,arrivals,0.8636363636363636,0.9090909090909091,path2_flcap
EPSC,22,16,12,14,arrivals,0.5454545454545454,0.6363636363636364,path2_flcap
ENLK,22,3,0,0,arrivals,0.0,0.0,path2_flcap
GCHI,22,0,0,0,arrivals,0.0,0.0,path2_flcap
LFBT,22,22,22,22,arrivals,1.0,1.0,path2_flcap
LDRI,21,0,0,0,departures,0.0,0.0,path2_flcap
ENSG,21,7,0,0,departures,0.0,0.0,path2_flcap
LRSV,21,0,0,0,departures,0.0,0.0,path2_flcap
BIAR,21,0,0,0,departures,0.0,0.0,path2_flcap
LDRI,21,18,18,20,arrivals,0.8571428571428571,0.9523809523809523,path2_flcap
ENSG,21,8,0,0,arrivals,0.0,0.0,path2_flcap
LGML,21,0,0,0,arrivals,0.0,0.0,path2_flcap
EGNV,21,19,19,19,arrivals,0.9047619047619048,0.9047619047619048,path2_flcap
LSZB,21,20,20,28,arrivals,0.9523809523809523,1.3333333333333333,path2_flcap
EIKY,21,21,21,21,arrivals,1.0,1.0,path2_flcap
LFLC,21,20,20,21,arrivals,0.9523809523809523,1.0,path2_flcap
LRCV,21,1,0,0,arrivals,0.0,0.0,path2_flcap
LRBS,21,21,20,22,arrivals,0.9523809523809523,1.0476190476190477,path2_flcap
BIAR,21,0,0,0,arrivals,0.0,0.0,path2_flcap
DABC,20,0,0,0,departures,0.0,0.0,path2_flcap
LTCR,20,0,0,0,departures,0.0,0.0,path2_flcap
LSZB,20,19,18,20,departures,0.9,1.0,path2_flcap
GMTN,20,20,19,19,arrivals,0.95,0.95,path2_flcap
LSGS,20,1,0,0,arrivals,0.0,0.0,path2_flcap
LTCR,20,0,0,0,arrivals,0.0,0.0,path2_flcap
LRSV,20,0,0,0,arrivals,0.0,0.0,path2_flcap
EGNJ,20,15,15,15,arrivals,0.75,0.75,path2_flcap
HLLM,20,1,1,1,arrivals,0.05,0.05,path2_flcap
DABC,20,0,0,0,arrivals,0.0,0.0,path2_flcap
LOWK,19,0,0,0,departures,0.0,0.0,path2_flcap
LTCJ,19,0,0,0,departures,0.0,0.0,path2_flcap
GMTN,19,18,18,18,departures,0.9473684210526315,0.9473684210526315,path2_flcap
EFTU,19,9,9,9,departures,0.47368421052631576,0.47368421052631576,path2_flcap
ENVD,19,0,0,0,departures,0.0,0.0,path2_flcap
LRBC,19,0,0,0,departures,0.0,0.0,path2_flcap
EGTK,19,19,19,20,departures,1.0,1.0526315789473684,path2_flcap
ENSK,19,5,0,0,departures,0.0,0.0,path2_flcap
LSZR,19,19,19,22,departures,1.0,1.1578947368421053,path2_flcap
HLLM,19,2,1,1,departures,0.05263157894736842,0.05263157894736842,path2_flcap
LTCJ,19,0,0,0,arrivals,0.0,0.0,path2_flcap
LRBC,19,3,3,3,arrivals,0.15789473684210525,0.15789473684210525,path2_flcap
ENSK,19,4,0,0,arrivals,0.0,0.0,path2_flcap
LFTZ,19,18,0,0,arrivals,0.0,0.0,path2_flcap
LSZR,19,19,19,19,arrivals,1.0,1.0,path2_flcap
EYPA,18,17,16,16,departures,0.8888888888888888,0.8888888888888888,path2_flcap
EGJA,18,13,6,6,departures,0.3333333333333333,0.3333333333333333,path2_flcap
EBOS,18,16,16,16,departures,0.8888888888888888,0.8888888888888888,path2_flcap
LFLC,18,10,10,10,departures,0.5555555555555556,0.5555555555555556,path2_flcap
LOWK,18,8,8,8,arrivals,0.4444444444444444,0.4444444444444444,path2_flcap
LIPO,18,18,14,18,arrivals,0.7777777777777778,1.0,path2_flcap
EFTU,18,11,10,10,arrivals,0.5555555555555556,0.5555555555555556,path2_flcap
EGJA,18,18,7,17,arrivals,0.3888888888888889,0.9444444444444444,path2_flcap
EFRO,17,0,0,0,departures,0.0,0.0,path2_flcap
LPAZ,17,8,8,8,departures,0.47058823529411764,0.47058823529411764,path2_flcap
EPLL,17,2,2,2,departures,0.11764705882352941,0.11764705882352941,path2_flcap
EBKT,17,16,16,17,departures,0.9411764705882353,1.0,path2_flcap
LQBK,17,0,0,0,departures,0.0,0.0,path2_flcap
ENML,17,0,0,0,departures,0.0,0.0,path2_flcap
LGAL,17,5,5,5,departures,0.29411764705882354,0.29411764705882354,path2_flcap
EFRO,17,0,0,0,arrivals,0.0,0.0,path2_flcap
LQBK,17,7,7,7,arrivals,0.4117647058823529,0.4117647058823529,path2_flcap
EYPA,17,7,3,3,arrivals,0.17647058823529413,0.17647058823529413,path2_flcap
EBOS,17,16,16,18,arrivals,0.9411764705882353,1.0588235294117647,path2_flcap
LFLY,16,16,0,0,departures,0.0,0.0,path2_flcap
EKRN,16,0,0,0,departures,0.0,0.0,path2_flcap
LYNI,16,0,0,0,departures,0.0,0.0,path2_flcap
LFBL,16,0,0,0,departures,0.0,0.0,path2_flcap
EPBY,16,15,15,15,departures,0.9375,0.9375,path2_flcap
LTCF,16,0,0,0,departures,0.0,0.0,path2_flcap
EGNJ,16,12,12,12,departures,0.75,0.75,path2_flcap
EDDE,16,16,16,16,departures,1.0,1.0,path2_flcap
LXGB,16,15,15,15,departures,0.9375,0.9375,path2_flcap
LEPP,16,2,2,2,departures,0.125,0.125,path2_flcap
EPLB,16,15,15,16,departures,0.9375,1.0,path2_flcap
LFBE,16,15,15,15,departures,0.9375,0.9375,path2_flcap
EKEB,16,13,13,13,departures,0.8125,0.8125,path2_flcap
LECH,16,14,14,14,departures,0.875,0.875,path2_flcap
LFLY,16,16,0,0,arrivals,0.0,0.0,path2_flcap
LYNI,16,0,0,1,arrivals,0.0,0.0625,path2_flcap
LFBL,16,0,0,0,arrivals,0.0,0.0,path2_flcap
EPLL,16,15,15,23,arrivals,0.9375,1.4375,path2_flcap
LTCF,16,0,0,0,arrivals,0.0,0.0,path2_flcap
LFMK,16,16,16,17,arrivals,1.0,1.0625,path2_flcap
ENSH,16,1,0,0,arrivals,0.0,0.0,path2_flcap
EGTK,16,16,14,14,arrivals,0.875,0.875,path2_flcap
LGAL,16,16,16,16,arrivals,1.0,1.0,path2_flcap
EDVE,16,16,14,14,arrivals,0.875,0.875,path2_flcap
LXGB,16,15,15,15,arrivals,0.9375,0.9375,path2_flcap
EPLB,16,15,15,19,arrivals,0.9375,1.1875,path2_flcap
LFBE,16,15,15,15,arrivals,0.9375,0.9375,path2_flcap
UWGG,15,0,0,0,departures,0.0,0.0,path2_flcap
HESX,15,2,2,2,departures,0.13333333333333333,0.13333333333333333,path2_flcap
LTCK,15,0,0,0,departures,0.0,0.0,path2_flcap
EDNY,15,13,12,12,departures,0.8,0.8,path2_flcap
LFMK,15,13,13,13,departures,0.8666666666666667,0.8666666666666667,path2_flcap
ENRA,15,0,0,0,departures,0.0,0.0,path2_flcap
EGAE,15,3,3,3,departures,0.2,0.2,path2_flcap
LFRM,15,15,14,16,arrivals,0.9333333333333333,1.0666666666666667,path2_flcap
EKRN,15,13,13,13,arrivals,0.8666666666666667,0.8666666666666667,path2_flcap
HESX,15,4,4,16,arrivals,0.26666666666666666,1.0666666666666667,path2_flcap
ENVD,15,0,0,0,arrivals,0.0,0.0,path2_flcap
LTCK,15,0,0,0,arrivals,0.0,0.0,path2_flcap
EPBY,15,14,10,15,arrivals,0.6666666666666666,1.0,path2_flcap
EDNY,15,12,12,13,arrivals,0.8,0.8666666666666667,path2_flcap
ENML,15,0,0,0,arrivals,0.0,0.0,path2_flcap
LLHA,15,13,13,13,arrivals,0.8666666666666667,0.8666666666666667,path2_flcap
EDDE,15,15,15,15,arrivals,1.0,1.0,path2_flcap
LFSD,15,15,14,15,arrivals,0.9333333333333333,1.0,path2_flcap
LGLM,15,1,0,0,arrivals,0.0,0.0,path2_flcap
EKEB,15,12,12,12,arrivals,0.8,0.8,path2_flcap
LECH,15,13,13,13,arrivals,0.8666666666666667,0.8666666666666667,path2_flcap
LTAY,14,0,0,0,departures,0.0,0.0,path2_flcap
ETSI,14,13,13,13,departures,0.9285714285714286,0.9285714285714286,path2_flcap
LLHA,14,13,13,13,departures,0.9285714285714286,0.9285714285714286,path2_flcap
LROD,14,0,0,0,departures,0.0,0.0,path2_flcap
ENSH,14,1,0,0,departures,0.0,0.0,path2_flcap
LTAR,14,0,0,0,departures,0.0,0.0,path2_flcap
EFKU,14,14,14,14,departures,1.0,1.0,path2_flcap
EDVE,14,14,14,14,departures,1.0,1.0,path2_flcap
LGLM,14,0,0,0,departures,0.0,0.0,path2_flcap
LFBH,14,8,7,7,arrivals,0.5,0.5,path2_flcap
LPAZ,14,12,12,14,arrivals,0.8571428571428571,1.0,path2_flcap
LROD,14,0,0,1,arrivals,0.0,0.07142857142857142,path2_flcap
ENRA,14,0,0,0,arrivals,0.0,0.0,path2_flcap
EGAE,14,3,2,2,arrivals,0.14285714285714285,0.14285714285714285,path2_flcap
LTAR,14,0,0,0,arrivals,0.0,0.0,path2_flcap
LEPP,14,1,1,1,arrivals,0.07142857142857142,0.07142857142857142,path2_flcap
LFRM,13,13,13,14,departures,1.0,1.0769230769230769,path2_flcap
LFBH,13,13,13,13,departures,1.0,1.0,path2_flcap
LTDA,13,0,0,0,departures,0.0,0.0,path2_flcap
LGKV,13,13,13,13,departures,1.0,1.0,path2_flcap
LPPS,13,0,0,0,departures,0.0,0.0,path2_flcap
LFRZ,13,11,10,10,departures,0.7692307692307693,0.7692307692307693,path2_flcap
LTCT,13,0,0,0,departures,0.0,0.0,path2_flcap
LIBC,13,0,0,0,departures,0.0,0.0,path2_flcap
EDMA,13,13,13,13,departures,1.0,1.0,path2_flcap
EFVA,13,0,0,0,departures,0.0,0.0,path2_flcap
UWGG,13,0,0,0,arrivals,0.0,0.0,path2_flcap
LTAY,13,0,0,0,arrivals,0.0,0.0,path2_flcap
LGKV,13,13,13,14,arrivals,1.0,1.0769230769230769,path2_flcap
LPPS,13,6,1,1,arrivals,0.07692307692307693,0.07692307692307693,path2_flcap
LFRZ,13,13,12,17,arrivals,0.9230769230769231,1.3076923076923077,path2_flcap
EFKU,13,13,13,13,arrivals,1.0,1.0,path2_flcap
LTCT,13,0,0,0,arrivals,0.0,0.0,path2_flcap
LBPD,13,1,0,1,arrivals,0.0,0.07692307692307693,path2_flcap
ESNS,12,0,0,0,departures,0.0,0.0,path2_flcap
LTFD,12,11,11,11,departures,0.9166666666666666,0.9166666666666666,path2_flcap
EDFM,12,11,11,18,departures,0.9166666666666666,1.5,path2_flcap
ENST,12,0,0,0,departures,0.0,0.0,path2_flcap
LFMU,12,4,4,4,departures,0.3333333333333333,0.3333333333333333,path2_flcap
ENBL,12,0,0,0,departures,0.0,0.0,path2_flcap
EKRK,12,11,11,11,departures,0.9166666666666666,0.9166666666666666,path2_flcap
GCGM,12,0,0,0,departures,0.0,0.0,path2_flcap
ENSD,12,1,0,0,departures,0.0,0.0,path2_flcap
LTCP,12,0,0,0,departures,0.0,0.0,path2_flcap
LIRS,12,2,1,1,departures,0.08333333333333333,0.08333333333333333,path2_flcap
LFTZ,12,11,0,0,departures,0.0,0.0,path2_flcap
LTCN,12,0,0,0,departures,0.0,0.0,path2_flcap
LFTW,12,12,12,12,departures,1.0,1.0,path2_flcap
HLLB,12,1,0,0,departures,0.0,0.0,path2_flcap
LGIO,12,10,10,10,arrivals,0.8333333333333334,0.8333333333333334,path2_flcap
LTCD,12,0,0,0,arrivals,0.0,0.0,path2_flcap
LTFD,12,12,12,12,arrivals,1.0,1.0,path2_flcap
LIBF,12,0,0,0,arrivals,0.0,0.0,path2_flcap
ETSI,12,11,10,10,arrivals,0.8333333333333334,0.8333333333333334,path2_flcap
EKSB,12,12,12,12,arrivals,1.0,1.0,path2_flcap
LGRX,12,2,1,1,arrivals,0.08333333333333333,0.08333333333333333,path2_flcap
LFMU,12,11,11,11,arrivals,0.9166666666666666,0.9166666666666666,path2_flcap
GCGM,12,0,0,0,arrivals,0.0,0.0,path2_flcap
LTCN,12,0,0,0,arrivals,0.0,0.0,path2_flcap
HLLB,12,1,1,1,arrivals,0.08333333333333333,0.08333333333333333,path2_flcap
LIBC,12,0,0,0,arrivals,0.0,0.0,path2_flcap
EFVA,12,0,0,0,arrivals,0.0,0.0,path2_flcap
LRBV,11,10,10,10,departures,0.9090909090909091,0.9090909090909091,path2_flcap
LTCD,11,0,0,0,departures,0.0,0.0,path2_flcap
EGPN,11,11,11,12,departures,1.0,1.0909090909090908,path2_flcap
LTCV,11,0,0,0,departures,0.0,0.0,path2_flcap
LIPO,11,11,11,15,departures,1.0,1.3636363636363635,path2_flcap
LGRX,11,0,0,0,departures,0.0,0.0,path2_flcap
ENAN,11,4,0,0,departures,0.0,0.0,path2_flcap
GMML,11,0,0,0,departures,0.0,0.0,path2_flcap
LFSD,11,11,11,11,departures,1.0,1.0,path2_flcap
LFMV,11,11,11,11,arrivals,1.0,1.0,path2_flcap
EGPN,11,11,11,11,arrivals,1.0,1.0,path2_flcap
LTCV,11,0,0,0,arrivals,0.0,0.0,path2_flcap
ESNS,11,7,7,7,arrivals,0.6363636363636364,0.6363636363636364,path2_flcap
LTDA,11,0,0,0,arrivals,0.0,0.0,path2_flcap
EDFM,11,10,10,16,arrivals,0.9090909090909091,1.4545454545454546,path2_flcap
ENST,11,0,0,0,arrivals,0.0,0.0,path2_flcap
LICB,11,11,10,12,arrivals,0.9090909090909091,1.0909090909090908,path2_flcap
ENBL,11,0,0,0,arrivals,0.0,0.0,path2_flcap
GMML,11,0,0,0,arrivals,0.0,0.0,path2_flcap
ENSD,11,3,0,0,arrivals,0.0,0.0,path2_flcap
LTCP,11,0,0,0,arrivals,0.0,0.0,path2_flcap
LIRS,11,4,4,5,arrivals,0.36363636363636365,0.45454545454545453,path2_flcap
LFTW,11,11,11,11,arrivals,1.0,1.0,path2_flcap
EDMA,11,11,10,10,arrivals,0.9090909090909091,0.9090909090909091,path2_flcap
LGIO,10,9,9,9,departures,0.9,0.9,path2_flcap
LFMV,10,9,9,12,departures,0.9,1.2,path2_flcap
EKSB,10,10,10,10,departures,1.0,1.0,path2_flcap
ESNZ,10,8,8,8,departures,0.8,0.8,path2_flcap
LQMO,10,0,0,0,departures,0.0,0.0,path2_flcap
LGIK,10,5,0,0,departures,0.0,0.0,path2_flcap
LIMP,10,6,6,7,departures,0.6,0.7,path2_flcap
EHGG,10,10,10,10,departures,1.0,1.0,path2_flcap
LIPK,10,8,8,8,departures,0.8,0.8,path2_flcap
DAAE,10,1,1,1,departures,0.1,0.1,path2_flcap
LFCR,10,10,10,10,arrivals,1.0,1.0,path2_flcap
EKOD,10,10,10,10,arrivals,1.0,1.0,path2_flcap
EHGG,10,10,10,13,arrivals,1.0,1.3,path2_flcap
LDSB,10,1,0,0,arrivals,0.0,0.0,path2_flcap
LIPK,10,8,8,8,arrivals,0.8,0.8,path2_flcap
DAAE,10,3,3,3,arrivals,0.3,0.3,path2_flcap
LICB,9,9,9,9,departures,1.0,1.0,path2_flcap
EDTY,9,9,7,7,departures,0.7777777777777778,0.7777777777777778,path2_flcap
LFCR,9,9,9,9,departures,1.0,1.0,path2_flcap
LKPD,9,9,9,13,departures,1.0,1.4444444444444444,path2_flcap
GMMI,9,0,0,0,departures,0.0,0.0,path2_flcap
ESTA,9,1,1,1,departures,0.1111111111111111,0.1111111111111111,path2_flcap
ESKN,9,7,7,7,departures,0.7777777777777778,0.7777777777777778,path2_flcap
LBPD,9,0,0,0,departures,0.0,0.0,path2_flcap
GMFK,9,0,0,0,departures,0.0,0.0,path2_flcap
LTCO,9,0,0,0,departures,0.0,0.0,path2_flcap
ENMS,9,0,0,0,departures,0.0,0.0,path2_flcap
LDSB,9,0,0,0,departures,0.0,0.0,path2_flcap
LTBR,9,7,6,7,departures,0.6666666666666666,0.7777777777777778,path2_flcap
ENNA,9,0,0,0,departures,0.0,0.0,path2_flcap
UUBW,9,0,0,1,arrivals,0.0,0.1111111111111111,path2_flcap
LRBV,9,9,9,9,arrivals,1.0,1.0,path2_flcap
ESNZ,9,7,7,7,arrivals,0.7777777777777778,0.7777777777777778,path2_flcap
EKRK,9,9,9,10,arrivals,1.0,1.1111111111111112,path2_flcap
DAON,9,0,0,0,arrivals,0.0,0.0,path2_flcap
LQMO,9,0,0,0,arrivals,0.0,0.0,path2_flcap
GMMI,9,0,0,0,arrivals,0.0,0.0,path2_flcap
LGIK,9,5,0,0,arrivals,0.0,0.0,path2_flcap
ENAN,9,4,0,0,arrivals,0.0,0.0,path2_flcap
URML,9,0,0,0,arrivals,0.0,0.0,path2_flcap
ESKN,9,7,6,7,arrivals,0.6666666666666666,0.7777777777777778,path2_flcap
EGNR,9,8,0,0,arrivals,0.0,0.0,path2_flcap
GMFK,9,0,0,0,arrivals,0.0,0.0,path2_flcap
LTCO,9,1,0,0,arrivals,0.0,0.0,path2_flcap
ENMS,9,0,0,0,arrivals,0.0,0.0,path2_flcap
LTBR,9,7,7,11,arrivals,0.7777777777777778,1.2222222222222223,path2_flcap
EPSY,8,6,6,7,departures,0.75,0.875,path2_flcap
LSMP,8,8,7,8,departures,0.875,1.0,path2_flcap
LQTZ,8,6,6,6,departures,0.75,0.75,path2_flcap
LFSL,8,0,0,0,departures,0.0,0.0,path2_flcap
LDOS,8,2,2,2,departures,0.25,0.25,path2_flcap
EGPI,8,0,0,0,departures,0.0,0.0,path2_flcap
ESMX,8,0,0,0,departures,0.0,0.0,path2_flcap
EFMA,8,2,2,2,departures,0.25,0.25,path2_flcap
LFRG,8,8,8,10,departures,1.0,1.25,path2_flcap
EGPR,8,0,0,0,departures,0.0,0.0,path2_flcap
BIEG,8,0,0,0,departures,0.0,0.0,path2_flcap
DAON,8,0,0,0,departures,0.0,0.0,path2_flcap
EDHI,8,8,0,0,departures,0.0,0.0,path2_flcap
EDLN,8,8,3,3,departures,0.375,0.375,path2_flcap
EFTP,8,5,5,5,departures,0.625,0.625,path2_flcap
ENJS,8,0,0,0,departures,0.0,0.0,path2_flcap
LFOT,8,3,3,3,departures,0.375,0.375,path2_flcap
UBBG,8,0,0,0,departures,0.0,0.0,path2_flcap
LGST,8,0,0,0,departures,0.0,0.0,path2_flcap
LEBZ,8,7,7,7,departures,0.875,0.875,path2_flcap
LFLB,8,8,7,7,arrivals,0.875,0.875,path2_flcap
LSMP,8,8,3,5,arrivals,0.375,0.625,path2_flcap
LQTZ,8,1,1,1,arrivals,0.125,0.125,path2_flcap
LFSL,8,4,4,4,arrivals,0.5,0.5,path2_flcap
LDOS,8,4,4,4,arrivals,0.5,0.5,path2_flcap
EGPI,8,0,0,0,arrivals,0.0,0.0,path2_flcap
ESMX,8,4,4,5,arrivals,0.5,0.625,path2_flcap
EBKT,8,8,7,7,arrivals,0.875,0.875,path2_flcap
EFMA,8,2,2,2,arrivals,0.25,0.25,path2_flcap
BIEG,8,0,0,0,arrivals,0.0,0.0,path2_flcap
LKPD,8,8,8,13,arrivals,1.0,1.625,path2_flcap
ESTA,8,4,3,3,arrivals,0.375,0.375,path2_flcap
LFOT,8,8,8,8,arrivals,1.0,1.0,path2_flcap
LGST,8,0,0,0,arrivals,0.0,0.0,path2_flcap
ENNA,8,0,0,0,arrivals,0.0,0.0,path2_flcap
EDRY,7,7,0,0,departures,0.0,0.0,path2_flcap
ENNM,7,3,0,0,departures,0.0,0.0,path2_flcap
ESNQ,7,0,0,0,departures,0.0,0.0,path2_flcap
LIBF,7,0,0,0,departures,0.0,0.0,path2_flcap
LHDC,7,0,0,0,departures,0.0,0.0,path2_flcap
EIDL,7,7,7,7,departures,1.0,1.0,path2_flcap
LTCW,7,0,0,0,departures,0.0,0.0,path2_flcap
BIIS,7,0,0,0,departures,0.0,0.0,path2_flcap
EDTL,7,7,7,7,departures,1.0,1.0,path2_flcap
EKOD,7,7,7,7,departures,1.0,1.0,path2_flcap
OITT,7,0,0,0,departures,0.0,0.0,path2_flcap
ESSL,7,6,6,6,departures,0.8571428571428571,0.8571428571428571,path2_flcap
EGPL,7,0,0,0,departures,0.0,0.0,path2_flcap
UUBW,7,0,0,0,departures,0.0,0.0,path2_flcap
HEBA,7,6,6,6,departures,0.8571428571428571,0.8571428571428571,path2_flcap
ESNQ,7,0,0,0,arrivals,0.0,0.0,path2_flcap
EIDL,7,7,7,7,arrivals,1.0,1.0,path2_flcap
LTCW,7,0,0,0,arrivals,0.0,0.0,path2_flcap
EGPR,7,0,0,0,arrivals,0.0,0.0,path2_flcap
BIIS,7,0,0,0,arrivals,0.0,0.0,path2_flcap
DABB,7,1,0,0,arrivals,0.0,0.0,path2_flcap
EDHI,7,7,0,0,arrivals,0.0,0.0,path2_flcap
EDTL,7,7,4,5,arrivals,0.5714285714285714,0.7142857142857143,path2_flcap
OITT,7,0,0,0,arrivals,0.0,0.0,path2_flcap
ENJS,7,0,0,0,arrivals,0.0,0.0,path2_flcap
EGPL,7,0,0,0,arrivals,0.0,0.0,path2_flcap
LEBZ,7,7,7,7,arrivals,1.0,1.0,path2_flcap
EDTY,7,7,6,6,arrivals,0.8571428571428571,0.8571428571428571,path2_flcap
LIMP,7,5,5,6,arrivals,0.7142857142857143,0.8571428571428571,path2_flcap
EDVK,6,4,3,3,departures,0.5,0.5,path2_flcap
EHJA,6,0,0,0,departures,0.0,0.0,path2_flcap
HEAL,6,1,1,1,departures,0.16666666666666666,0.16666666666666666,path2_flcap
EGPU,6,0,0,0,departures,0.0,0.0,path2_flcap
HEMM,6,0,0,0,departures,0.0,0.0,path2_flcap
ESNK,6,0,0,0,departures,0.0,0.0,path2_flcap
EDHL,6,6,6,6,departures,1.0,1.0,path2_flcap
ENDU,6,0,0,0,departures,0.0,0.0,path2_flcap
EFKE,6,0,0,0,departures,0.0,0.0,path2_flcap
ESOE,6,2,2,2,departures,0.3333333333333333,0.3333333333333333,path2_flcap
ENSO,6,6,6,14,departures,1.0,2.3333333333333335,path2_flcap
EFJO,6,0,0,0,departures,0.0,0.0,path2_flcap
LPPM,6,6,6,10,departures,1.0,1.6666666666666667,path2_flcap
URML,6,0,0,0,departures,0.0,0.0,path2_flcap
ENRM,6,0,0,1,departures,0.0,0.16666666666666666,path2_flcap
LTCU,6,0,0,0,departures,0.0,0.0,path2_flcap
EGNR,6,6,3,3,departures,0.5,0.5,path2_flcap
LPVZ,6,6,2,3,departures,0.3333333333333333,0.5,path2_flcap
ESKM,6,5,2,4,departures,0.3333333333333333,0.6666666666666666,path2_flcap
ESNL,6,0,0,0,departures,0.0,0.0,path2_flcap
EFIV,6,2,0,0,departures,0.0,0.0,path2_flcap
DABB,6,0,0,0,departures,0.0,0.0,path2_flcap
EDVK,6,4,4,6,arrivals,0.6666666666666666,1.0,path2_flcap
HEAL,6,2,2,2,arrivals,0.3333333333333333,0.3333333333333333,path2_flcap
EDRY,6,6,0,0,arrivals,0.0,0.0,path2_flcap
EGPU,6,0,0,0,arrivals,0.0,0.0,path2_flcap
ENNM,6,4,0,0,arrivals,0.0,0.0,path2_flcap
ESNK,6,0,0,1,arrivals,0.0,0.16666666666666666,path2_flcap
EDHL,6,6,6,6,arrivals,1.0,1.0,path2_flcap
LHDC,6,0,0,0,arrivals,0.0,0.0,path2_flcap
ESOE,6,6,6,7,arrivals,1.0,1.1666666666666667,path2_flcap
ENSO,6,6,6,6,arrivals,1.0,1.0,path2_flcap
EFJO,6,1,1,1,arrivals,0.16666666666666666,0.16666666666666666,path2_flcap
LFLI,6,6,0,0,arrivals,0.0,0.0,path2_flcap
LFEC,6,0,0,0,arrivals,0.0,0.0,path2_flcap
LWOH,6,0,0,0,arrivals,0.0,0.0,path2_flcap
HEBA,6,5,5,5,arrivals,0.8333333333333334,0.8333333333333334,path2_flcap
LIMZ,6,6,6,6,arrivals,1.0,1.0,path2_flcap
ENRM,6,2,2,5,arrivals,0.3333333333333333,0.8333333333333334,path2_flcap
EFTP,6,5,5,5,arrivals,0.8333333333333334,0.8333333333333334,path2_flcap
ENLE,6,0,0,0,arrivals,0.0,0.0,path2_flcap
LTCU,6,0,0,0,arrivals,0.0,0.0,path2_flcap
ESSL,6,6,6,8,arrivals,1.0,1.3333333333333333,path2_flcap
LGLE,6,2,0,0,arrivals,0.0,0.0,path2_flcap
EFIV,6,2,0,0,arrivals,0.0,0.0,path2_flcap
ESKM,6,6,3,6,arrivals,0.5,1.0,path2_flcap
ESNL,6,0,0,0,arrivals,0.0,0.0,path2_flcap
ESNX,5,0,0,0,departures,0.0,0.0,path2_flcap
LFLB,5,3,3,4,departures,0.6,0.8,path2_flcap
EFKI,5,0,0,0,departures,0.0,0.0,path2_flcap
ORMM,5,3,3,3,departures,0.6,0.6,path2_flcap
EEKE,5,1,1,1,departures,0.2,0.2,path2_flcap
LTCM,5,0,0,0,departures,0.0,0.0,path2_flcap
LTCL,5,0,0,0,departures,0.0,0.0,path2_flcap
LFEC,5,0,0,0,departures,0.0,0.0,path2_flcap
LGKY,5,2,0,0,departures,0.0,0.0,path2_flcap
ENHE,5,0,0,0,departures,0.0,0.0,path2_flcap
ESNG,5,0,0,0,departures,0.0,0.0,path2_flcap
LTAW,5,0,0,0,departures,0.0,0.0,path2_flcap
ENFB,5,0,0,0,departures,0.0,0.0,path2_flcap
LGKC,5,0,0,0,departures,0.0,0.0,path2_flcap
ENLE,5,2,0,0,departures,0.0,0.0,path2_flcap
EFJY,5,0,0,0,departures,0.0,0.0,path2_flcap
EETU,5,1,1,1,departures,0.2,0.2,path2_flcap
LFJL,5,4,4,4,departures,0.8,0.8,path2_flcap
EFKK,5,5,5,5,departures,1.0,1.0,path2_flcap
LRTM,5,0,0,0,departures,0.0,0.0,path2_flcap
EDAH,5,2,2,2,departures,0.4,0.4,path2_flcap
LGLE,5,0,0,0,departures,0.0,0.0,path2_flcap
EGEC,5,0,0,0,departures,0.0,0.0,path2_flcap
ESGT,5,1,1,1,departures,0.2,0.2,path2_flcap
ENRS,5,3,0,0,departures,0.0,0.0,path2_flcap
DAAS,5,0,0,0,departures,0.0,0.0,path2_flcap
ESDF,5,5,5,5,departures,1.0,1.0,path2_flcap
EEKA,5,0,0,0,departures,0.0,0.0,path2_flcap
LFLI,5,5,0,1,departures,0.0,0.2,path2_flcap
LWOH,5,0,0,0,departures,0.0,0.0,path2_flcap
LIMZ,5,5,5,5,departures,1.0,1.0,path2_flcap
GMMZ,5,0,0,0,departures,0.0,0.0,path2_flcap
EPSY,5,2,2,4,arrivals,0.4,0.8,path2_flcap
LSZS,5,0,0,0,arrivals,0.0,0.0,path2_flcap
URMG,5,0,0,0,arrivals,0.0,0.0,path2_flcap
EFKI,5,0,0,0,arrivals,0.0,0.0,path2_flcap
HEMM,5,0,0,0,arrivals,0.0,0.0,path2_flcap
ORMM,5,1,1,1,arrivals,0.2,0.2,path2_flcap
ENDU,5,0,0,0,arrivals,0.0,0.0,path2_flcap
EEKE,5,5,5,5,arrivals,1.0,1.0,path2_flcap
DAAS,5,0,0,0,arrivals,0.0,0.0,path2_flcap
LTCM,5,0,0,0,arrivals,0.0,0.0,path2_flcap
LTCL,5,0,0,0,arrivals,0.0,0.0,path2_flcap
LFRG,5,5,5,9,arrivals,1.0,1.8,path2_flcap
EEKA,5,0,0,3,arrivals,0.0,0.6,path2_flcap
ENHE,5,0,0,0,arrivals,0.0,0.0,path2_flcap
LPPM,5,5,3,4,arrivals,0.6,0.8,path2_flcap
ESNG,5,0,0,0,arrivals,0.0,0.0,path2_flcap
LTAW,5,0,0,0,arrivals,0.0,0.0,path2_flcap
EGVN,5,4,4,5,arrivals,0.8,1.0,path2_flcap
GMMZ,5,0,0,0,arrivals,0.0,0.0,path2_flcap
LESA,5,1,0,0,arrivals,0.0,0.0,path2_flcap
UBBG,5,0,0,0,arrivals,0.0,0.0,path2_flcap
LFJL,5,5,5,5,arrivals,1.0,1.0,path2_flcap
LPVZ,5,5,1,1,arrivals,0.2,0.2,path2_flcap
LRTM,5,0,0,0,arrivals,0.0,0.0,path2_flcap
EDAH,5,3,3,4,arrivals,0.6,0.8,path2_flcap
EGEC,5,0,0,0,arrivals,0.0,0.0,path2_flcap
ENRS,5,0,0,0,arrivals,0.0,0.0,path2_flcap
EKDF,5,0,0,0,arrivals,0.0,0.0,path2_flcap
LGKC,5,0,0,0,arrivals,0.0,0.0,path2_flcap
ENOA,5,1,0,0,arrivals,0.0,0.0,path2_flcap
LGSO,4,0,0,0,departures,0.0,0.0,path2_flcap
LFPN,4,4,4,4,departures,1.0,1.0,path2_flcap
LFOZ,4,4,0,0,departures,0.0,0.0,path2_flcap
UWSG,4,0,0,0,departures,0.0,0.0,path2_flcap
EPRA,4,3,3,3,departures,0.75,0.75,path2_flcap
LZTT,4,0,0,0,departures,0.0,0.0,path2_flcap
ENRO,4,0,0,0,departures,0.0,0.0,path2_flcap
EDQG,4,4,0,0,departures,0.0,0.0,path2_flcap
ESNV,4,0,0,0,departures,0.0,0.0,path2_flcap
LECU,4,3,3,3,departures,0.75,0.75,path2_flcap
ESOH,4,4,0,0,departures,0.0,0.0,path2_flcap
ESMT,4,1,1,1,departures,0.25,0.25,path2_flcap
URWW,4,0,0,0,departures,0.0,0.0,path2_flcap
ENSR,4,0,0,0,departures,0.0,0.0,path2_flcap
ENGC,4,0,0,0,departures,0.0,0.0,path2_flcap
ESOK,4,0,0,0,departures,0.0,0.0,path2_flcap
LSZA,4,4,4,4,departures,1.0,1.0,path2_flcap
EKDF,4,0,0,0,departures,0.0,0.0,path2_flcap
EDAZ,4,4,0,0,departures,0.0,0.0,path2_flcap
ESMQ,4,4,4,4,departures,1.0,1.0,path2_flcap
LFRT,4,3,3,3,departures,0.75,0.75,path2_flcap
LSGL,4,3,0,0,departures,0.0,0.0,path2_flcap
LFLW,4,0,0,0,departures,0.0,0.0,path2_flcap
LESA,4,0,0,0,departures,0.0,0.0,path2_flcap
LESU,4,0,0,0,departures,0.0,0.0,path2_flcap
LFRH,4,4,4,4,departures,1.0,1.0,path2_flcap
LGBL,4,0,0,0,departures,0.0,0.0,path2_flcap
LTAP,4,0,0,0,departures,0.0,0.0,path2_flcap
LJPZ,4,3,2,2,departures,0.5,0.5,path2_flcap
LFRD,4,4,4,4,departures,1.0,1.0,path2_flcap
LTFC,4,0,0,0,departures,0.0,0.0,path2_flcap
LKHK,4,4,0,0,departures,0.0,0.0,path2_flcap
ESSP,4,3,3,3,departures,0.75,0.75,path2_flcap
LKCS,4,4,4,4,departures,1.0,1.0,path2_flcap
ESND,4,2,0,0,departures,0.0,0.0,path2_flcap
EFKT,4,0,0,0,departures,0.0,0.0,path2_flcap
EPZG,4,4,4,4,departures,1.0,1.0,path2_flcap
ESGJ,4,0,0,0,departures,0.0,0.0,path2_flcap
LGKS,4,0,0,0,departures,0.0,0.0,path2_flcap
LFCK,4,4,4,4,departures,1.0,1.0,path2_flcap
LEVD,4,0,0,0,departures,0.0,0.0,path2_flcap
ORKK,4,0,0,0,departures,0.0,0.0,path2_flcap
LGSO,4,0,0,0,arrivals,0.0,0.0,path2_flcap
ESNX,4,0,0,0,arrivals,0.0,0.0,path2_flcap
EDRZ,4,4,0,0,arrivals,0.0,0.0,path2_flcap
UWSG,4,1,1,1,arrivals,0.25,0.25,path2_flcap
LRBM,4,0,0,0,arrivals,0.0,0.0,path2_flcap
LGPL,4,1,0,0,arrivals,0.0,0.0,path2_flcap
URMO,4,0,0,0,arrivals,0.0,0.0,path2_flcap
ENXO,4,0,0,0,arrivals,0.0,0.0,path2_flcap
LZTT,4,1,1,1,arrivals,0.25,0.25,path2_flcap
LEVD,4,0,0,0,arrivals,0.0,0.0,path2_flcap
EHLL,4,0,0,0,arrivals,0.0,0.0,path2_flcap
LFLX,4,0,0,0,arrivals,0.0,0.0,path2_flcap
LKCS,4,4,4,5,arrivals,1.0,1.25,path2_flcap
EDQG,4,4,0,0,arrivals,0.0,0.0,path2_flcap
ENQG,4,0,0,0,arrivals,0.0,0.0,path2_flcap
ESNV,4,0,0,0,arrivals,0.0,0.0,path2_flcap
ESDF,4,2,2,3,arrivals,0.5,0.75,path2_flcap
ESOH,4,4,0,0,arrivals,0.0,0.0,path2_flcap
LGKY,4,3,0,0,arrivals,0.0,0.0,path2_flcap
ENQS,4,0,0,0,arrivals,0.0,0.0,path2_flcap
ENSR,4,0,0,0,arrivals,0.0,0.0,path2_flcap
ENGC,4,0,0,0,arrivals,0.0,0.0,path2_flcap
ESOK,4,1,1,1,arrivals,0.25,0.25,path2_flcap
EDAZ,4,4,0,0,arrivals,0.0,0.0,path2_flcap
EGNO,4,4,4,5,arrivals,1.0,1.25,path2_flcap
LSGL,4,3,0,0,arrivals,0.0,0.0,path2_flcap
EFJY,4,1,1,1,arrivals,0.25,0.25,path2_flcap
LFRH,4,4,4,4,arrivals,1.0,1.0,path2_flcap
LTAP,4,0,0,0,arrivals,0.0,0.0,path2_flcap
EETU,4,2,2,2,arrivals,0.5,0.5,path2_flcap
EFKK,4,4,4,4,arrivals,1.0,1.0,path2_flcap
LTAS,4,0,0,1,arrivals,0.0,0.25,path2_flcap
ESGJ,4,0,0,1,arrivals,0.0,0.25,path2_flcap
LGKS,4,0,0,0,arrivals,0.0,0.0,path2_flcap
LFCK,4,4,4,4,arrivals,1.0,1.0,path2_flcap
LTFC,4,0,0,0,arrivals,0.0,0.0,path2_flcap
LKHK,4,4,0,0,arrivals,0.0,0.0,path2_flcap
EFKE,4,0,0,0,arrivals,0.0,0.0,path2_flcap
ESSP,4,4,3,3,arrivals,0.75,0.75,path2_flcap
LDLO,4,1,0,0,arrivals,0.0,0.0,path2_flcap
ESND,4,3,0,0,arrivals,0.0,0.0,path2_flcap
LSZA,4,4,4,5,arrivals,1.0,1.25,path2_flcap
LZPP,4,4,4,4,arrivals,1.0,1.0,path2_flcap
EFKT,4,1,1,1,arrivals,0.25,0.25,path2_flcap
LFLW,4,0,0,0,arrivals,0.0,0.0,path2_flcap
LGBL,4,2,2,2,arrivals,0.5,0.5,path2_flcap
ESGT,4,1,1,1,arrivals,0.25,0.25,path2_flcap
BIBD,3,0,0,0,departures,0.0,0.0,path2_flcap
ENQO,3,0,0,0,departures,0.0,0.0,path2_flcap
EGLK,3,3,3,4,departures,1.0,1.3333333333333333,path2_flcap
LFBI,3,0,0,0,departures,0.0,0.0,path2_flcap
ENWS,3,0,0,0,departures,0.0,0.0,path2_flcap
URMG,3,0,0,0,departures,0.0,0.0,path2_flcap
LRBM,3,0,0,0,departures,0.0,0.0,path2_flcap
EGMD,3,3,2,2,departures,0.6666666666666666,0.6666666666666666,path2_flcap
ETAR,3,3,3,4,departures,1.0,1.3333333333333333,path2_flcap
EDGS,3,3,3,3,departures,1.0,1.0,path2_flcap
URMO,3,0,0,0,departures,0.0,0.0,path2_flcap
ENXO,3,1,0,0,departures,0.0,0.0,path2_flcap
LELN,3,0,0,0,departures,0.0,0.0,path2_flcap
LFLS,3,3,3,3,departures,1.0,1.0,path2_flcap
EDTM,3,3,3,3,departures,1.0,1.0,path2_flcap
LPBJ,3,2,2,2,departures,0.6666666666666666,0.6666666666666666,path2_flcap
ENOL,3,1,1,1,departures,0.3333333333333333,0.3333333333333333,path2_flcap
OJAM,3,0,0,0,departures,0.0,0.0,path2_flcap
ENSE,3,0,0,0,departures,0.0,0.0,path2_flcap
ENOC,3,0,0,0,departures,0.0,0.0,path2_flcap
DTTX,3,0,0,0,departures,0.0,0.0,path2_flcap
LTBH,3,0,0,0,departures,0.0,0.0,path2_flcap
EFKS,3,0,0,0,departures,0.0,0.0,path2_flcap
BIHN,3,0,0,0,departures,0.0,0.0,path2_flcap
ENSL,3,0,0,0,departures,0.0,0.0,path2_flcap
UDSG,3,0,0,0,departures,0.0,0.0,path2_flcap
GMMB,3,1,0,0,departures,0.0,0.0,path2_flcap
ENWY,3,0,0,0,departures,0.0,0.0,path2_flcap
ESOW,3,3,3,3,departures,1.0,1.0,path2_flcap
LTAL,3,0,0,0,departures,0.0,0.0,path2_flcap
ESNO,3,0,0,0,departures,0.0,0.0,path2_flcap
LTAS,3,0,0,0,departures,0.0,0.0,path2_flcap
LFHP,3,0,0,0,departures,0.0,0.0,path2_flcap
EGNH,3,3,3,4,departures,1.0,1.3333333333333333,path2_flcap
LGSY,3,0,0,0,departures,0.0,0.0,path2_flcap
LSZS,3,1,0,0,departures,0.0,0.0,path2_flcap
ESNN,3,0,0,0,departures,0.0,0.0,path2_flcap
ENWV,3,0,0,0,departures,0.0,0.0,path2_flcap
GMTA,3,3,3,3,departures,1.0,1.0,path2_flcap
LDLO,3,1,0,0,departures,0.0,0.0,path2_flcap
EKHA,3,0,0,0,departures,0.0,0.0,path2_flcap
LRCK,3,0,0,0,departures,0.0,0.0,path2_flcap
LFAT,3,1,1,1,departures,0.3333333333333333,0.3333333333333333,path2_flcap
EGNO,3,3,3,3,departures,1.0,1.0,path2_flcap
ENOA,3,0,0,0,departures,0.0,0.0,path2_flcap
LSZC,3,3,0,0,departures,0.0,0.0,path2_flcap
ENQA,3,2,0,0,departures,0.0,0.0,path2_flcap
OSDI,3,0,0,0,departures,0.0,0.0,path2_flcap
ESUP,3,0,0,0,departures,0.0,0.0,path2_flcap
BIBD,3,0,0,0,arrivals,0.0,0.0,path2_flcap
ULAA,3,0,0,0,arrivals,0.0,0.0,path2_flcap
LFBI,3,2,2,2,arrivals,0.6666666666666666,0.6666666666666666,path2_flcap
LFLU,3,3,3,3,arrivals,1.0,1.0,path2_flcap
LFOZ,3,2,0,0,arrivals,0.0,0.0,path2_flcap
ENWS,3,0,0,0,arrivals,0.0,0.0,path2_flcap
EHJA,3,0,0,0,arrivals,0.0,0.0,path2_flcap
EPRA,3,3,3,6,arrivals,1.0,2.0,path2_flcap
LFMQ,3,3,0,0,arrivals,0.0,0.0,path2_flcap
OSDI,3,0,0,0,arrivals,0.0,0.0,path2_flcap
LFOH,3,3,0,0,arrivals,0.0,0.0,path2_flcap
LELN,3,3,3,3,arrivals,1.0,1.0,path2_flcap
ESUP,3,0,0,0,arrivals,0.0,0.0,path2_flcap
GMTA,3,3,3,3,arrivals,1.0,1.0,path2_flcap
EDTM,3,3,3,3,arrivals,1.0,1.0,path2_flcap
OJAM,3,0,0,0,arrivals,0.0,0.0,path2_flcap
LECU,3,3,1,1,arrivals,0.3333333333333333,0.3333333333333333,path2_flcap
ESMT,3,3,2,4,arrivals,0.6666666666666666,1.3333333333333333,path2_flcap
ENOC,3,2,0,0,arrivals,0.0,0.0,path2_flcap
DTTX,3,0,0,0,arrivals,0.0,0.0,path2_flcap
LTBH,3,3,3,3,arrivals,1.0,1.0,path2_flcap
EFKS,3,0,0,0,arrivals,0.0,0.0,path2_flcap
ENSL,3,0,0,0,arrivals,0.0,0.0,path2_flcap
UDSG,3,0,0,0,arrivals,0.0,0.0,path2_flcap
GMMB,3,0,0,0,arrivals,0.0,0.0,path2_flcap
ENWY,3,0,0,0,arrivals,0.0,0.0,path2_flcap
ESOW,3,3,3,3,arrivals,1.0,1.0,path2_flcap
LTAL,3,0,0,0,arrivals,0.0,0.0,path2_flcap
ESNO,3,0,0,0,arrivals,0.0,0.0,path2_flcap
LFHP,3,0,0,0,arrivals,0.0,0.0,path2_flcap
EGNH,3,3,3,3,arrivals,1.0,1.0,path2_flcap
EPZG,3,3,3,3,arrivals,1.0,1.0,path2_flcap
LGSY,3,0,0,0,arrivals,0.0,0.0,path2_flcap
LFRC,3,3,2,2,arrivals,0.6666666666666666,0.6666666666666666,path2_flcap
ESUT,3,0,0,0,arrivals,0.0,0.0,path2_flcap
EDGS,3,3,3,3,arrivals,1.0,1.0,path2_flcap
ENRO,3,0,0,0,arrivals,0.0,0.0,path2_flcap
ENWV,3,0,0,0,arrivals,0.0,0.0,path2_flcap
LFLS,3,3,3,4,arrivals,1.0,1.3333333333333333,path2_flcap
EKHA,3,0,0,0,arrivals,0.0,0.0,path2_flcap
URWW,3,0,0,0,arrivals,0.0,0.0,path2_flcap
ENFB,3,0,0,0,arrivals,0.0,0.0,path2_flcap
ESMQ,3,3,3,7,arrivals,1.0,2.3333333333333335,path2_flcap
BIHN,3,0,0,0,arrivals,0.0,0.0,path2_flcap
EHFB,3,0,0,0,arrivals,0.0,0.0,path2_flcap
ENQA,3,2,0,0,arrivals,0.0,0.0,path2_flcap
LFRD,3,3,3,4,arrivals,1.0,1.3333333333333333,path2_flcap
LFQG,2,0,0,0,departures,0.0,0.0,path2_flcap
EHPK,2,2,0,0,departures,0.0,0.0,path2_flcap
LFLU,2,2,2,2,departures,1.0,1.0,path2_flcap
LTAG,2,0,0,0,departures,0.0,0.0,path2_flcap
LFRC,2,2,1,8,departures,0.5,4.0,path2_flcap
ENQV,2,0,0,0,departures,0.0,0.0,path2_flcap
LFMQ,2,2,2,2,departures,1.0,1.0,path2_flcap
EGFE,2,2,2,2,departures,1.0,1.0,path2_flcap
EHKJ,2,0,0,0,departures,0.0,0.0,path2_flcap
ENQC,2,1,0,0,departures,0.0,0.0,path2_flcap
LFOK,2,1,1,1,departures,0.5,0.5,path2_flcap
EGBJ,2,2,2,2,departures,1.0,1.0,path2_flcap
LSGK,2,0,0,0,departures,0.0,0.0,path2_flcap
EGPC,2,0,0,0,departures,0.0,0.0,path2_flcap
LSGC,2,1,1,3,departures,0.5,1.5,path2_flcap
ENNE,2,0,0,0,departures,0.0,0.0,path2_flcap
ENQS,2,0,0,0,departures,0.0,0.0,path2_flcap
ENXW,2,1,0,0,departures,0.0,0.0,path2_flcap
LEAB,2,2,2,2,departures,1.0,1.0,path2_flcap
EGVN,2,2,2,2,departures,1.0,1.0,path2_flcap
EDXQ,2,2,0,0,departures,0.0,0.0,path2_flcap
LTBY,2,0,0,0,departures,0.0,0.0,path2_flcap
ENWA,2,0,0,0,departures,0.0,0.0,path2_flcap
LFPT,2,2,2,3,departures,1.0,1.5,path2_flcap
OENN,2,0,0,0,departures,0.0,0.0,path2_flcap
ENUA,2,0,0,0,departures,0.0,0.0,path2_flcap
LEGT,2,2,2,2,departures,1.0,1.0,path2_flcap
LFGA,2,1,1,2,departures,0.5,1.0,path2_flcap
LDRG,2,0,0,0,departures,0.0,0.0,path2_flcap
GMMD,2,0,0,0,departures,0.0,0.0,path2_flcap
LFRV,2,2,2,2,departures,1.0,1.0,path2_flcap
LJMB,2,2,1,2,departures,0.5,1.0,path2_flcap
LTBZ,2,0,0,0,departures,0.0,0.0,path2_flcap
LTBU,2,2,2,2,departures,1.0,1.0,path2_flcap
ESUT,2,0,0,0,departures,0.0,0.0,path2_flcap
BIVO,2,0,0,0,departures,0.0,0.0,path2_flcap
ENQD,2,0,0,0,departures,0.0,0.0,path2_flcap
EHGQ,2,0,0,0,departures,0.0,0.0,path2_flcap
LFOH,2,2,0,0,departures,0.0,0.0,path2_flcap
LGPL,2,0,0,0,departures,0.0,0.0,path2_flcap
LSTS,2,2,0,0,departures,0.0,0.0,path2_flcap
EHLL,2,0,0,0,departures,0.0,0.0,path2_flcap
GMAT,2,0,0,0,departures,0.0,0.0,path2_flcap
BITN,2,0,0,0,departures,0.0,0.0,path2_flcap
LFLX,2,0,0,0,departures,0.0,0.0,path2_flcap
DAUB,2,0,0,0,departures,0.0,0.0,path2_flcap
ORNI,2,0,0,0,departures,0.0,0.0,path2_flcap
LEDA,2,0,0,0,departures,0.0,0.0,path2_flcap
ETND,2,2,2,2,departures,1.0,1.0,path2_flcap
LIBG,2,0,0,0,departures,0.0,0.0,path2_flcap
LKKV,2,2,2,2,departures,1.0,1.0,path2_flcap
LFAC,2,1,1,1,departures,0.5,0.5,path2_flcap
ENQE,2,1,0,0,departures,0.0,0.0,path2_flcap
EHFB,2,0,0,0,departures,0.0,0.0,path2_flcap
EGNL,2,2,1,1,departures,0.5,0.5,path2_flcap
LRSM,2,0,0,0,departures,0.0,0.0,path2_flcap
ENQJ,2,0,0,0,departures,0.0,0.0,path2_flcap
ULAA,2,0,0,0,departures,0.0,0.0,path2_flcap
LGKJ,2,0,0,0,departures,0.0,0.0,path2_flcap
ENGA,2,0,0,0,departures,0.0,0.0,path2_flcap
DAOI,2,0,0,0,departures,0.0,0.0,path2_flcap
LZPP,2,2,2,2,departures,1.0,1.0,path2_flcap
ESST,2,2,2,4,departures,1.0,2.0,path2_flcap
EIWF,2,1,1,1,departures,0.5,0.5,path2_flcap
HLMS,2,0,0,0,departures,0.0,0.0,path2_flcap
LFQG,2,0,0,0,arrivals,0.0,0.0,path2_flcap
ENQO,2,0,0,0,arrivals,0.0,0.0,path2_flcap
EGLK,2,2,1,1,arrivals,0.5,0.5,path2_flcap
LTBZ,2,0,0,0,arrivals,0.0,0.0,path2_flcap
LTAG,2,0,0,0,arrivals,0.0,0.0,path2_flcap
LTBU,2,2,2,11,arrivals,1.0,5.5,path2_flcap
ENQV,2,0,0,0,arrivals,0.0,0.0,path2_flcap
EGMD,2,2,2,2,arrivals,1.0,1.0,path2_flcap
LFOK,2,0,0,0,arrivals,0.0,0.0,path2_flcap
ESNN,2,1,1,1,arrivals,0.5,0.5,path2_flcap
LSGK,2,2,0,0,arrivals,0.0,0.0,path2_flcap
EDMS,2,2,0,0,arrivals,0.0,0.0,path2_flcap
ENWE,2,0,0,0,arrivals,0.0,0.0,path2_flcap
LSGC,2,2,2,2,arrivals,1.0,1.0,path2_flcap
ENNE,2,0,0,0,arrivals,0.0,0.0,path2_flcap
DAUB,2,0,0,0,arrivals,0.0,0.0,path2_flcap
EHKV,2,1,0,0,arrivals,0.0,0.0,path2_flcap
ORNI,2,0,0,0,arrivals,0.0,0.0,path2_flcap
LEDA,2,0,0,0,arrivals,0.0,0.0,path2_flcap
ETND,2,2,2,2,arrivals,1.0,1.0,path2_flcap
ENSE,2,0,0,0,arrivals,0.0,0.0,path2_flcap
DAOI,2,1,1,1,arrivals,0.5,0.5,path2_flcap
ENXW,2,0,0,0,arrivals,0.0,0.0,path2_flcap
LEAB,2,2,2,2,arrivals,1.0,1.0,path2_flcap
LFRT,2,2,0,0,arrivals,0.0,0.0,path2_flcap
ENWA,2,1,0,0,arrivals,0.0,0.0,path2_flcap
LFPT,2,2,0,0,arrivals,0.0,0.0,path2_flcap
LKKV,2,2,2,2,arrivals,1.0,1.0,path2_flcap
EHPG,2,2,0,0,arrivals,0.0,0.0,path2_flcap
LEGT,2,2,1,1,arrivals,0.5,0.5,path2_flcap
EKHB,2,0,0,0,arrivals,0.0,0.0,path2_flcap
ESST,2,2,2,5,arrivals,1.0,2.5,path2_flcap
ENQR,2,0,0,0,arrivals,0.0,0.0,path2_flcap
EBMB,2,2,0,0,arrivals,0.0,0.0,path2_flcap
LFRV,2,2,2,2,arrivals,1.0,1.0,path2_flcap
DTTZ,2,0,0,0,arrivals,0.0,0.0,path2_flcap
LJMB,2,1,0,0,arrivals,0.0,0.0,path2_flcap
EHJR,2,0,0,0,arrivals,0.0,0.0,path2_flcap
BIVO,2,0,0,0,arrivals,0.0,0.0,path2_flcap
EHKJ,2,0,0,0,arrivals,0.0,0.0,path2_flcap
ENQD,2,0,0,0,arrivals,0.0,0.0,path2_flcap
OJAQ,2,1,0,0,arrivals,0.0,0.0,path2_flcap
GMAT,2,1,0,0,arrivals,0.0,0.0,path2_flcap
BITN,2,0,0,0,arrivals,0.0,0.0,path2_flcap
LFSN,2,2,0,0,arrivals,0.0,0.0,path2_flcap
LFJR,2,2,2,2,arrivals,1.0,1.0,path2_flcap
EGPC,2,0,0,0,arrivals,0.0,0.0,path2_flcap
EDFZ,2,2,0,0,arrivals,0.0,0.0,path2_flcap
LRCK,2,0,0,0,arrivals,0.0,0.0,path2_flcap
LOAN,2,2,1,1,arrivals,0.5,0.5,path2_flcap
LTBY,2,0,0,0,arrivals,0.0,0.0,path2_flcap
LIBG,2,1,0,0,arrivals,0.0,0.0,path2_flcap
OENN,2,0,0,0,arrivals,0.0,0.0,path2_flcap
ENUA,2,0,0,0,arrivals,0.0,0.0,path2_flcap
EDLN,2,2,0,0,arrivals,0.0,0.0,path2_flcap
LESU,2,0,0,0,arrivals,0.0,0.0,path2_flcap
ENQE,2,0,0,0,arrivals,0.0,0.0,path2_flcap
GMMD,2,0,0,0,arrivals,0.0,0.0,path2_flcap
EGNL,2,2,1,1,arrivals,0.5,0.5,path2_flcap
ENUD,2,0,0,0,arrivals,0.0,0.0,path2_flcap
ENQJ,2,0,0,0,arrivals,0.0,0.0,path2_flcap
HLMS,2,1,0,0,arrivals,0.0,0.0,path2_flcap
ORKK,2,0,0,0,arrivals,0.0,0.0,path2_flcap
EGBJ,2,2,2,2,arrivals,1.0,1.0,path2_flcap
LFAT,2,2,1,2,arrivals,0.5,1.0,path2_flcap
LFAC,2,2,1,1,arrivals,0.5,0.5,path2_flcap
EBCV,1,1,1,1,departures,1.0,1.0,path2_flcap
ENRK,1,1,0,0,departures,0.0,0.0,path2_flcap
ULPB,1,0,0,0,departures,0.0,0.0,path2_flcap
EHTW,1,1,1,1,departures,1.0,1.0,path2_flcap
ENSF,1,0,0,0,departures,0.0,0.0,path2_flcap
UGSA,1,0,0,0,departures,0.0,0.0,path2_flcap
EDQM,1,1,1,1,departures,1.0,1.0,path2_flcap
DABT,1,0,0,0,departures,0.0,0.0,path2_flcap
LGTG,1,0,0,0,departures,0.0,0.0,path2_flcap
EYSA,1,0,0,0,departures,0.0,0.0,path2_flcap
EDMS,1,1,0,0,departures,0.0,0.0,path2_flcap
URWA,1,0,0,0,departures,0.0,0.0,path2_flcap
ENWE,1,0,0,0,departures,0.0,0.0,path2_flcap
ENQG,1,0,0,0,departures,0.0,0.0,path2_flcap
EHKV,1,0,0,0,departures,0.0,0.0,path2_flcap
LFLA,1,0,0,0,departures,0.0,0.0,path2_flcap
LFGF,1,1,0,0,departures,0.0,0.0,path2_flcap
UMII,1,0,0,0,departures,0.0,0.0,path2_flcap
LOIH,1,1,0,0,departures,0.0,0.0,path2_flcap
ENQK,1,0,0,0,departures,0.0,0.0,path2_flcap
ULMM,1,0,0,0,departures,0.0,0.0,path2_flcap
ESMK,1,1,1,1,departures,1.0,1.0,path2_flcap
EDWF,1,1,0,0,departures,0.0,0.0,path2_flcap
LFAQ,1,1,0,0,departures,0.0,0.0,path2_flcap
EKGC,1,0,0,0,departures,0.0,0.0,path2_flcap
ENWK,1,0,0,0,departures,0.0,0.0,path2_flcap
LFRO,1,1,1,1,departures,1.0,1.0,path2_flcap
ULWC,1,0,0,0,departures,0.0,0.0,path2_flcap
LFRI,1,0,0,1,departures,0.0,1.0,path2_flcap
USKK,1,0,0,0,departures,0.0,0.0,path2_flcap
UWPS,1,0,0,0,departures,0.0,0.0,path2_flcap
EGEO,1,0,0,0,departures,0.0,0.0,path2_flcap
LKKU,1,1,1,1,departures,1.0,1.0,path2_flcap
EHPG,1,0,0,0,departures,0.0,0.0,path2_flcap
ENWI,1,0,0,0,departures,0.0,0.0,path2_flcap
LFCI,1,1,1,1,departures,1.0,1.0,path2_flcap
EIWT,1,1,0,0,departures,0.0,0.0,path2_flcap
EGUB,1,1,1,2,departures,1.0,2.0,path2_flcap
ENLA,1,1,0,0,departures,0.0,0.0,path2_flcap
LFBF,1,1,0,0,departures,0.0,0.0,path2_flcap
LKRO,1,1,0,0,departures,0.0,0.0,path2_flcap
EGSC,1,1,1,3,departures,1.0,3.0,path2_flcap
EGHL,1,1,1,2,departures,1.0,2.0,path2_flcap
ENDR,1,0,0,0,departures,0.0,0.0,path2_flcap
LFCH,1,0,0,0,departures,0.0,0.0,path2_flcap
DTTZ,1,0,0,0,departures,0.0,0.0,path2_flcap
EFLP,1,0,0,0,departures,0.0,0.0,path2_flcap
DAUH,1,0,0,0,departures,0.0,0.0,path2_flcap
EPBC,1,0,0,0,departures,0.0,0.0,path2_flcap
EPWK,1,0,0,0,departures,0.0,0.0,path2_flcap
EDRZ,1,1,0,0,departures,0.0,0.0,path2_flcap
EBSP,1,1,0,0,departures,0.0,0.0,path2_flcap
GMAZ,1,1,0,0,departures,0.0,0.0,path2_flcap
LKMH,1,1,0,0,departures,0.0,0.0,path2_flcap
ENQL,1,0,0,0,departures,0.0,0.0,path2_flcap
EHJR,1,0,0,0,departures,0.0,0.0,path2_flcap
LEBA,1,1,1,1,departures,1.0,1.0,path2_flcap
LKJI,1,1,0,0,departures,0.0,0.0,path2_flcap
LYKV,1,0,0,0,departures,0.0,0.0,path2_flcap
LIMG,1,0,0,0,departures,0.0,0.0,path2_flcap
EDBM,1,1,0,0,departures,0.0,0.0,path2_flcap
LFJR,1,1,1,1,departures,1.0,1.0,path2_flcap
LRAR,1,0,0,0,departures,0.0,0.0,path2_flcap
LFLH,1,1,0,0,departures,0.0,0.0,path2_flcap
EDBC,1,1,0,0,departures,0.0,0.0,path2_flcap
EDFZ,1,1,1,1,departures,1.0,1.0,path2_flcap
ENQM,1,0,0,0,departures,0.0,0.0,path2_flcap
EHKS,1,0,0,0,departures,0.0,0.0,path2_flcap
EDFE,1,1,0,0,departures,0.0,0.0,path2_flcap
LKPM,1,1,0,0,departures,0.0,0.0,path2_flcap
LFSG,1,0,0,0,departures,0.0,0.0,path2_flcap
UBBF,1,0,0,0,departures,0.0,0.0,path2_flcap
ENBE,1,0,0,0,departures,0.0,0.0,path2_flcap
DAAV,1,0,0,0,departures,0.0,0.0,path2_flcap
DAUG,1,0,0,0,departures,0.0,0.0,path2_flcap
EKSI,1,0,0,0,departures,0.0,0.0,path2_flcap
EDTF,1,1,0,0,departures,0.0,0.0,path2_flcap
EHJC,1,0,0,0,departures,0.0,0.0,path2_flcap
EKHB,1,0,0,0,departures,0.0,0.0,path2_flcap
LGKA,1,0,0,0,departures,0.0,0.0,path2_flcap
EPCD,1,1,0,0,departures,0.0,0.0,path2_flcap
ENUN,1,0,0,0,departures,0.0,0.0,path2_flcap
BIGJ,1,0,0,0,departures,0.0,0.0,path2_flcap
UBBL,1,0,0,0,departures,0.0,0.0,path2_flcap
ENUD,1,0,0,0,departures,0.0,0.0,path2_flcap
LFMH,1,1,1,1,departures,1.0,1.0,path2_flcap
EPPW,1,0,0,0,departures,0.0,0.0,path2_flcap
LFHS,1,1,0,0,departures,0.0,0.0,path2_flcap
LFOP,1,1,1,1,departures,1.0,1.0,path2_flcap
LOLW,1,1,0,0,departures,0.0,0.0,path2_flcap
EHAK,1,0,0,0,departures,0.0,0.0,path2_flcap
ENUE,1,0,0,0,departures,0.0,0.0,path2_flcap
EDMV,1,0,0,0,departures,0.0,0.0,path2_flcap
EKTE,1,0,0,0,departures,0.0,0.0,path2_flcap
OJAQ,1,0,0,0,departures,0.0,0.0,path2_flcap
EDAY,1,1,0,0,departures,0.0,0.0,path2_flcap
EGOV,1,1,1,1,departures,1.0,1.0,path2_flcap
LFLD,1,0,0,0,departures,0.0,0.0,path2_flcap
ENUS,1,0,0,0,departures,0.0,0.0,path2_flcap
LPEV,1,1,1,1,departures,1.0,1.0,path2_flcap
ENRY,1,1,1,1,departures,1.0,1.0,path2_flcap
LFBA,1,1,1,1,departures,1.0,1.0,path2_flcap
EHFD,1,0,0,0,departures,0.0,0.0,path2_flcap
ENQB,1,1,0,0,departures,0.0,0.0,path2_flcap
OIGG,1,0,0,0,departures,0.0,0.0,path2_flcap
LIRJ,1,0,0,0,departures,0.0,0.0,path2_flcap
LCRA,1,1,1,1,departures,1.0,1.0,path2_flcap
EHQM,1,0,0,0,departures,0.0,0.0,path2_flcap
UUBC,1,0,0,0,departures,0.0,0.0,path2_flcap
UUBI,1,0,0,0,departures,0.0,0.0,path2_flcap
EGBK,1,1,0,0,departures,0.0,0.0,path2_flcap
EHGN,1,0,0,0,departures,0.0,0.0,path2_flcap
ENQR,1,0,0,0,departures,0.0,0.0,path2_flcap
LSZG,1,1,1,1,departures,1.0,1.0,path2_flcap
EHLE,1,1,1,1,departures,1.0,1.0,path2_flcap
ENUK,1,0,0,0,departures,0.0,0.0,path2_flcap
EBMB,1,1,0,0,departures,0.0,0.0,path2_flcap
EDTD,1,1,1,2,departures,1.0,2.0,path2_flcap
LGKZ,1,0,0,0,departures,0.0,0.0,path2_flcap
LHPR,1,1,1,1,departures,1.0,1.0,path2_flcap
LFLO,1,1,1,1,departures,1.0,1.0,path2_flcap
DAUH,1,0,0,0,arrivals,0.0,0.0,path2_flcap
EBCV,1,1,1,2,arrivals,1.0,2.0,path2_flcap
EHFT,1,0,0,0,arrivals,0.0,0.0,path2_flcap
ENRK,1,1,0,0,arrivals,0.0,0.0,path2_flcap
ULPB,1,0,0,0,arrivals,0.0,0.0,path2_flcap
LEBA,1,1,1,1,arrivals,1.0,1.0,path2_flcap
UGSA,1,0,0,0,arrivals,0.0,0.0,path2_flcap
LIMG,1,1,1,1,arrivals,1.0,1.0,path2_flcap
EDBM,1,1,0,0,arrivals,0.0,0.0,path2_flcap
URWA,1,0,0,0,arrivals,0.0,0.0,path2_flcap
LFLD,1,0,0,0,arrivals,0.0,0.0,path2_flcap
LPEV,1,1,1,1,arrivals,1.0,1.0,path2_flcap
EDBC,1,1,0,0,arrivals,0.0,0.0,path2_flcap
LFLA,1,0,0,0,arrivals,0.0,0.0,path2_flcap
UMII,1,0,0,0,arrivals,0.0,0.0,path2_flcap
ENQB,1,0,0,0,arrivals,0.0,0.0,path2_flcap
OIGG,1,0,0,0,arrivals,0.0,0.0,path2_flcap
LIRJ,1,0,0,0,arrivals,0.0,0.0,path2_flcap
LFAQ,1,1,0,0,arrivals,0.0,0.0,path2_flcap
ENWK,1,0,0,0,arrivals,0.0,0.0,path2_flcap
LFRO,1,1,1,1,arrivals,1.0,1.0,path2_flcap
LFTF,1,1,0,0,arrivals,0.0,0.0,path2_flcap
ULWC,1,0,0,0,arrivals,0.0,0.0,path2_flcap
EGTF,1,1,0,0,arrivals,0.0,0.0,path2_flcap
DAAV,1,0,0,0,arrivals,0.0,0.0,path2_flcap
USKK,1,0,0,0,arrivals,0.0,0.0,path2_flcap
UWPS,1,0,0,0,arrivals,0.0,0.0,path2_flcap
EDGE,1,1,0,0,arrivals,0.0,0.0,path2_flcap
EKAR,1,0,0,0,arrivals,0.0,0.0,path2_flcap
LSZC,1,1,0,0,arrivals,0.0,0.0,path2_flcap
UUBC,1,0,0,2,arrivals,0.0,2.0,path2_flcap
UUBI,1,0,0,0,arrivals,0.0,0.0,path2_flcap
LFCI,1,1,1,1,arrivals,1.0,1.0,path2_flcap
LFGA,1,1,1,1,arrivals,1.0,1.0,path2_flcap
EGUB,1,1,1,1,arrivals,1.0,1.0,path2_flcap
ENLA,1,0,0,0,arrivals,0.0,0.0,path2_flcap
LKRO,1,1,0,0,arrivals,0.0,0.0,path2_flcap
LRSM,1,0,0,0,arrivals,0.0,0.0,path2_flcap
EHKE,1,0,0,0,arrivals,0.0,0.0,path2_flcap
EGSC,1,1,1,1,arrivals,1.0,1.0,path2_flcap
ENDR,1,0,0,0,arrivals,0.0,0.0,path2_flcap
UBBL,1,0,0,0,arrivals,0.0,0.0,path2_flcap
LHPR,1,1,1,1,arrivals,1.0,1.0,path2_flcap
EGWC,1,1,1,1,arrivals,1.0,1.0,path2_flcap
EHPK,1,1,0,0,arrivals,0.0,0.0,path2_flcap
LPVR,1,1,1,4,arrivals,1.0,4.0,path2_flcap
EPWK,1,0,0,0,arrivals,0.0,0.0,path2_flcap
GMAZ,1,0,0,0,arrivals,0.0,0.0,path2_flcap
LIQS,1,0,0,0,arrivals,0.0,0.0,path2_flcap
LKMH,1,1,0,0,arrivals,0.0,0.0,path2_flcap
EHTW,1,1,1,1,arrivals,1.0,1.0,path2_flcap
EPNT,1,0,0,0,arrivals,0.0,0.0,path2_flcap
EGFE,1,1,1,1,arrivals,1.0,1.0,path2_flcap
ENQC,1,1,0,0,arrivals,0.0,0.0,path2_flcap
LIMW,1,0,0,0,arrivals,0.0,0.0,path2_flcap
LSTS,1,1,0,0,arrivals,0.0,0.0,path2_flcap
LYKV,1,0,0,0,arrivals,0.0,0.0,path2_flcap
EHDV,1,0,0,0,arrivals,0.0,0.0,path2_flcap
EDLE,1,1,0,0,arrivals,0.0,0.0,path2_flcap
EGBP,1,1,0,0,arrivals,0.0,0.0,path2_flcap
ENQM,1,0,0,0,arrivals,0.0,0.0,path2_flcap
EDFE,1,1,0,1,arrivals,0.0,1.0,path2_flcap
LFSG,1,1,1,2,arrivals,1.0,2.0,path2_flcap
UBBF,1,0,0,0,arrivals,0.0,0.0,path2_flcap
EHFD,1,0,0,0,arrivals,0.0,0.0,path2_flcap
EHLI,1,0,0,0,arrivals,0.0,0.0,path2_flcap
EDBR,1,1,1,1,arrivals,1.0,1.0,path2_flcap
EDXQ,1,1,0,0,arrivals,0.0,0.0,path2_flcap
EDTF,1,1,0,0,arrivals,0.0,0.0,path2_flcap
LDRG,1,1,0,0,arrivals,0.0,0.0,path2_flcap
EIWT,1,1,0,0,arrivals,0.0,0.0,path2_flcap
ENUN,1,0,0,0,arrivals,0.0,0.0,path2_flcap
LGKZ,1,0,0,0,arrivals,0.0,0.0,path2_flcap
LFMH,1,1,1,1,arrivals,1.0,1.0,path2_flcap
EPPW,1,0,0,9,arrivals,0.0,9.0,path2_flcap
LFPN,1,1,0,0,arrivals,0.0,0.0,path2_flcap
LFOP,1,1,1,1,arrivals,1.0,1.0,path2_flcap
LOLW,1,1,0,0,arrivals,0.0,0.0,path2_flcap
ENSF,1,0,0,0,arrivals,0.0,0.0,path2_flcap
EDQM,1,1,1,1,arrivals,1.0,1.0,path2_flcap
DABT,1,0,0,0,arrivals,0.0,0.0,path2_flcap
EHGQ,1,0,0,0,arrivals,0.0,0.0,path2_flcap
EDMV,1,0,0,0,arrivals,0.0,0.0,path2_flcap
EDAQ,1,1,0,0,arrivals,0.0,0.0,path2_flcap
EGOV,1,1,0,0,arrivals,0.0,0.0,path2_flcap
ENUS,1,0,0,0,arrivals,0.0,0.0,path2_flcap
ENGA,1,0,0,0,arrivals,0.0,0.0,path2_flcap
LRAR,1,0,0,2,arrivals,0.0,2.0,path2_flcap
LFLH,1,1,0,0,arrivals,0.0,0.0,path2_flcap
LFBA,1,1,1,1,arrivals,1.0,1.0,path2_flcap
ULMM,1,0,0,0,arrivals,0.0,0.0,path2_flcap
LFRI,1,0,0,0,arrivals,0.0,0.0,path2_flcap
EHFR,1,0,0,0,arrivals,0.0,0.0,path2_flcap
LGKA,1,0,0,0,arrivals,0.0,0.0,path2_flcap
EGBK,1,1,0,0,arrivals,0.0,0.0,path2_flcap
EIWF,1,1,1,1,arrivals,1.0,1.0,path2_flcap
BIGJ,1,0,0,0,arrivals,0.0,0.0,path2_flcap
LJPZ,1,1,1,2,arrivals,1.0,2.0,path2_flcap
EHLE,1,1,1,1,arrivals,1.0,1.0,path2_flcap
ENUK,1,0,0,0,arrivals,0.0,0.0,path2_flcap
EDTD,1,1,1,1,arrivals,1.0,1.0,path2_flcap
LFLO,1,1,0,0,arrivals,0.0,0.0,path2_flcap
EFLP,1,0,0,0,arrivals,0.0,0.0,path2_flcap
OOA,7964,41,0,0,arrivals,0.0,0.0,path3_margin
OOA,7892,101,0,0,departures,0.0,0.0,path3_margin
LTFM,2282,2119,2114,2124,departures,0.9263803680981595,0.9307624890446976,path3_margin
LTFM,2258,1917,1866,1866,arrivals,0.8263950398582817,0.8263950398582817,path3_margin
EHAM,2148,2144,2144,2165,departures,0.9981378026070763,1.0079143389199254,path3_margin
EHAM,2136,1932,1924,1926,arrivals,0.900749063670412,0.901685393258427,path3_margin
EDDF,2094,2085,2082,2085,departures,0.994269340974212,0.995702005730659,path3_margin
EDDF,2091,1838,1831,1833,arrivals,0.8756575801052128,0.8766140602582496,path3_margin
LFPG,2084,2067,2050,2060,departures,0.9836852207293666,0.9884836852207294,path3_margin
LFPG,2066,1771,1769,1818,arrivals,0.856243949661181,0.8799612778315585,path3_margin
EGLL,2001,1989,1987,2019,departures,0.9930034982508745,1.0089955022488755,path3_margin
EGLL,1986,1701,1542,1671,arrivals,0.7764350453172205,0.8413897280966768,path3_margin
LEMD,1786,1579,1577,1582,arrivals,0.8829787234042553,0.8857782754759238,path3_margin
LEMD,1773,1756,1755,1757,departures,0.9898477157360406,0.990975747320925,path3_margin
LEBL,1597,1518,1515,1516,arrivals,0.9486537257357546,0.9492798998121478,path3_margin
LEBL,1591,1583,1582,1583,departures,0.994343180389692,0.9949717159019484,path3_margin
EDDM,1573,1568,1565,1568,departures,0.9949141767323586,0.9968213604577241,path3_margin
EDDM,1571,1486,1479,1482,arrivals,0.9414385741565882,0.9433481858688734,path3_margin
LIRF,1449,1445,1444,1446,departures,0.9965493443754313,0.9979296066252588,path3_margin
LTAI,1437,993,991,997,arrivals,0.6896311760612387,0.6938065414057063,path3_margin
LEPA,1436,1418,1417,1419,arrivals,0.9867688022284122,0.9881615598885793,path3_margin
LTAI,1435,991,990,996,departures,0.6898954703832753,0.6940766550522648,path3_margin
LIRF,1433,1296,1293,1303,arrivals,0.9023028611304955,0.9092812281926029,path3_margin
LEPA,1417,1393,1393,1394,departures,0.9830628087508821,0.9837685250529288,path3_margin
LGAV,1317,766,757,760,arrivals,0.574791192103265,0.5770690964312832,path3_margin
LGAV,1306,1187,1187,1196,departures,0.9088820826952527,0.9157733537519143,path3_margin
EGKK,1223,1220,1220,1223,departures,0.9975470155355682,1.0,path3_margin
EGKK,1220,1131,1129,1129,arrivals,0.9254098360655738,0.9254098360655738,path3_margin
EIDW,1188,1108,1106,1109,arrivals,0.930976430976431,0.9335016835016835,path3_margin
EIDW,1185,1167,1166,1166,departures,0.9839662447257383,0.9839662447257383,path3_margin
LSZH,1178,1170,1161,1166,departures,0.9855687606112055,0.9898132427843803,path3_margin
LSZH,1160,1075,1071,1081,arrivals,0.9232758620689655,0.9318965517241379,path3_margin
LOWW,1156,1147,1146,1156,departures,0.9913494809688581,1.0,path3_margin
EKCH,1152,1080,1057,1057,arrivals,0.9175347222222222,0.9175347222222222,path3_margin
LOWW,1145,1075,1070,1075,arrivals,0.9344978165938864,0.9388646288209607,path3_margin
EKCH,1140,1128,1128,1133,departures,0.9894736842105263,0.993859649122807,path3_margin
LTFJ,1138,1011,1005,1024,arrivals,0.883128295254833,0.8998242530755711,path3_margin
LTFJ,1137,1099,1099,1139,departures,0.9665787159190853,1.0017590149516271,path3_margin
LPPT,1010,1002,1002,1002,departures,0.9920792079207921,0.9920792079207921,path3_margin
LPPT,1001,904,900,901,arrivals,0.8991008991008991,0.9000999000999002,path3_margin
LFPO,992,985,985,988,departures,0.9929435483870968,0.9959677419354839,path3_margin
LFPO,991,949,949,951,arrivals,0.9576185671039354,0.9596367305751766,path3_margin
LIMC,973,968,965,966,departures,0.9917780061664954,0.9928057553956835,path3_margin
LIMC,967,893,887,892,arrivals,0.9172699069286453,0.922440537745605,path3_margin
ENGM,940,897,896,909,arrivals,0.9531914893617022,0.9670212765957447,path3_margin
ENGM,932,901,901,910,departures,0.9667381974248928,0.9763948497854077,path3_margin
EGCC,926,922,921,921,departures,0.9946004319654428,0.9946004319654428,path3_margin
EGCC,924,840,839,840,arrivals,0.908008658008658,0.9090909090909091,path3_margin
EGSS,888,853,841,846,arrivals,0.9470720720720721,0.9527027027027027,path3_margin
EGSS,885,883,880,880,departures,0.9943502824858758,0.9943502824858758,path3_margin
EPWA,880,827,777,781,arrivals,0.8829545454545454,0.8875,path3_margin
EPWA,875,870,868,872,departures,0.992,0.9965714285714286,path3_margin
EBBR,872,868,868,878,departures,0.9954128440366973,1.0068807339449541,path3_margin
EBBR,871,786,784,795,arrivals,0.9001148105625718,0.912743972445465,path3_margin
EDDB,870,851,847,860,departures,0.9735632183908046,0.9885057471264368,path3_margin
LEMG,861,837,837,837,arrivals,0.9721254355400697,0.9721254355400697,path3_margin
LEMG,850,847,847,849,departures,0.9964705882352941,0.9988235294117647,path3_margin
ESSA,841,733,727,735,arrivals,0.8644470868014269,0.8739595719381689,path3_margin
EDDB,840,796,791,794,arrivals,0.9416666666666667,0.9452380952380952,path3_margin
ESSA,820,792,790,798,departures,0.9634146341463414,0.973170731707317,path3_margin
EDDL,758,754,751,758,departures,0.9907651715039578,1.0,path3_margin
EDDL,751,729,728,734,arrivals,0.9693741677762983,0.9773635153129161,path3_margin
LFMN,710,690,686,724,arrivals,0.9661971830985916,1.019718309859155,path3_margin
LFMN,707,697,691,695,departures,0.9773691654879774,0.983026874115983,path3_margin
LSGG,680,664,663,675,departures,0.975,0.9926470588235294,path3_margin
LSGG,670,649,646,654,arrivals,0.9641791044776119,0.9761194029850746,path3_margin
LKPR,667,659,658,662,departures,0.9865067466266867,0.992503748125937,path3_margin
EFHK,666,579,578,581,arrivals,0.8678678678678678,0.8723723723723724,path3_margin
EFHK,659,654,654,659,departures,0.992412746585736,1.0,path3_margin
LKPR,657,621,617,620,arrivals,0.939117199391172,0.943683409436834,path3_margin
LEAL,599,598,598,598,departures,0.998330550918197,0.998330550918197,path3_margin
LEAL,599,588,588,588,arrivals,0.9816360601001669,0.9816360601001669,path3_margin
EGPH,584,553,553,557,arrivals,0.946917808219178,0.9537671232876712,path3_margin
LHBP,578,568,567,567,departures,0.9809688581314879,0.9809688581314879,path3_margin
EGPH,577,573,571,571,departures,0.9896013864818024,0.9896013864818024,path3_margin
LHBP,577,546,539,542,arrivals,0.9341421143847487,0.9393414211438474,path3_margin
EGGW,552,535,527,536,arrivals,0.9547101449275363,0.9710144927536232,path3_margin
EGGW,550,550,540,543,departures,0.9818181818181818,0.9872727272727273,path3_margin
EDDH,538,532,529,537,departures,0.983271375464684,0.9981412639405205,path3_margin
EDDH,532,522,520,529,arrivals,0.9774436090225563,0.9943609022556391,path3_margin
GCLP,521,1,0,0,arrivals,0.0,0.0,path3_margin
GCLP,520,4,0,0,departures,0.0,0.0,path3_margin
LLBG,516,459,452,454,arrivals,0.875968992248062,0.8798449612403101,path3_margin
EDDK,515,500,499,500,departures,0.9689320388349515,0.970873786407767,path3_margin
LLBG,513,501,496,497,departures,0.9668615984405458,0.9688109161793372,path3_margin
LPPR,513,509,508,508,departures,0.9902534113060428,0.9902534113060428,path3_margin
LPPR,512,482,481,481,arrivals,0.939453125,0.939453125,path3_margin
LEIB,509,499,499,500,arrivals,0.9803536345776032,0.9823182711198428,path3_margin
EDDK,509,489,486,486,arrivals,0.9548133595284872,0.9548133595284872,path3_margin
LROP,509,496,494,495,arrivals,0.9705304518664047,0.9724950884086444,path3_margin
LROP,504,495,427,429,departures,0.8472222222222222,0.8511904761904762,path3_margin
LEIB,495,487,487,487,departures,0.9838383838383838,0.9838383838383838,path3_margin
EGBB,474,468,468,468,departures,0.9873417721518988,0.9873417721518988,path3_margin
EGBB,466,434,433,433,arrivals,0.9291845493562232,0.9291845493562232,path3_margin
LIML,465,458,455,460,arrivals,0.978494623655914,0.989247311827957,path3_margin
LIME,460,455,450,451,arrivals,0.9782608695652174,0.9804347826086957,path3_margin
LIML,458,451,450,454,departures,0.982532751091703,0.9912663755458515,path3_margin
LIME,453,448,447,448,departures,0.9867549668874173,0.9889624724061811,path3_margin
LIRN,449,5,0,0,departures,0.0,0.0,path3_margin
LIRN,447,4,0,0,arrivals,0.0,0.0,path3_margin
LFML,445,441,440,444,arrivals,0.9887640449438202,0.9977528089887641,path3_margin
LFML,444,442,441,442,departures,0.9932432432432432,0.9954954954954955,path3_margin
EDDS,440,422,417,420,departures,0.9477272727272728,0.9545454545454546,path3_margin
EDDS,433,413,413,419,arrivals,0.953810623556582,0.9676674364896074,path3_margin
LGIR,430,2,0,0,arrivals,0.0,0.0,path3_margin
LGIR,424,1,0,0,departures,0.0,0.0,path3_margin
LIPZ,412,408,407,408,departures,0.9878640776699029,0.9902912621359223,path3_margin
LFLL,412,401,400,414,arrivals,0.970873786407767,1.0048543689320388,path3_margin
LFLL,411,406,406,421,departures,0.9878345498783455,1.024330900243309,path3_margin
LIPZ,409,392,390,393,arrivals,0.9535452322738386,0.960880195599022,path3_margin
LPFR,407,403,402,404,arrivals,0.9877149877149877,0.9926289926289926,path3_margin
LPFR,405,404,401,401,departures,0.9901234567901235,0.9901234567901235,path3_margin
LYBE,395,374,374,374,arrivals,0.9468354430379747,0.9468354430379747,path3_margin
LYBE,394,390,390,390,departures,0.9898477157360406,0.9898477157360406,path3_margin
LICC,391,359,357,362,arrivals,0.9130434782608695,0.9258312020460358,path3_margin
LICC,390,50,46,46,departures,0.11794871794871795,0.11794871794871795,path3_margin
LTAC,381,5,0,0,departures,0.0,0.0,path3_margin
LIPE,380,375,375,376,departures,0.9868421052631579,0.9894736842105263,path3_margin
LIPE,376,373,372,372,arrivals,0.9893617021276596,0.9893617021276596,path3_margin
LTAC,374,3,0,1,arrivals,0.0,0.00267379679144385,path3_margin
LCLK,368,341,338,340,departures,0.9184782608695652,0.9239130434782609,path3_margin
LCLK,367,360,358,364,arrivals,0.9754768392370572,0.9918256130790191,path3_margin
GMMN,360,257,256,260,departures,0.7111111111111111,0.7222222222222222,path3_margin
EPKK,360,358,356,357,departures,0.9888888888888889,0.9916666666666667,path3_margin
EGGD,360,343,342,344,arrivals,0.95,0.9555555555555556,path3_margin
EGGD,359,358,357,357,departures,0.9944289693593314,0.9944289693593314,path3_margin
LEVC,357,349,349,350,arrivals,0.9775910364145658,0.9803921568627451,path3_margin
GMMN,357,285,285,289,arrivals,0.7983193277310925,0.8095238095238095,path3_margin
ENBR,357,340,328,339,arrivals,0.9187675070028011,0.9495798319327731,path3_margin
EPKK,356,351,339,340,arrivals,0.952247191011236,0.9550561797752809,path3_margin
LEVC,355,323,323,323,departures,0.9098591549295775,0.9098591549295775,path3_margin
LFSB,354,350,349,351,departures,0.9858757062146892,0.9915254237288136,path3_margin
LFSB,352,344,344,345,arrivals,0.9772727272727273,0.9801136363636364,path3_margin
ENBR,349,343,338,352,departures,0.9684813753581661,1.008595988538682,path3_margin
LTBJ,346,66,60,60,departures,0.17341040462427745,0.17341040462427745,path3_margin
LGRP,346,317,316,317,arrivals,0.9132947976878613,0.9161849710982659,path3_margin
EGPF,346,308,306,309,arrivals,0.884393063583815,0.8930635838150289,path3_margin
EGPF,344,325,323,324,departures,0.938953488372093,0.9418604651162791,path3_margin
LTBJ,341,14,14,14,arrivals,0.04105571847507331,0.04105571847507331,path3_margin
LGRP,340,321,321,322,departures,0.9441176470588235,0.9470588235294117,path3_margin
LMML,326,322,322,325,departures,0.9877300613496932,0.9969325153374233,path3_margin
LMML,326,320,318,319,arrivals,0.9754601226993865,0.9785276073619632,path3_margin
LATI,323,1,0,0,arrivals,0.0,0.0,path3_margin
GCTS,323,0,0,0,arrivals,0.0,0.0,path3_margin
GCTS,321,2,0,0,departures,0.0,0.0,path3_margin
GCXO,320,2,2,2,arrivals,0.00625,0.00625,path3_margin
GCXO,319,281,281,283,departures,0.8808777429467085,0.8871473354231975,path3_margin
LATI,316,3,0,0,departures,0.0,0.0,path3_margin
LICJ,314,142,138,139,arrivals,0.4394904458598726,0.4426751592356688,path3_margin
LICJ,310,217,217,221,departures,0.7,0.7129032258064516,path3_margin
EBCI,304,304,304,304,departures,1.0,1.0,path3_margin
EBCI,303,302,299,299,arrivals,0.9867986798679867,0.9867986798679867,path3_margin
BIKF,297,293,293,294,departures,0.9865319865319865,0.98989898989899,path3_margin
BIKF,296,98,96,97,arrivals,0.32432432432432434,0.3277027027027027,path3_margin
ELLX,294,292,292,292,departures,0.9931972789115646,0.9931972789115646,path3_margin
ELLX,294,284,284,287,arrivals,0.9659863945578231,0.9761904761904762,path3_margin
LFBO,293,291,291,292,departures,0.9931740614334471,0.9965870307167235,path3_margin
LFBO,290,289,287,287,arrivals,0.9896551724137931,0.9896551724137931,path3_margin
LGTS,281,266,265,267,arrivals,0.9430604982206405,0.9501779359430605,path3_margin
LTBS,280,10,8,8,arrivals,0.02857142857142857,0.02857142857142857,path3_margin
LGTS,279,223,222,223,departures,0.7956989247311828,0.7992831541218638,path3_margin
GMMX,279,14,13,13,arrivals,0.04659498207885305,0.04659498207885305,path3_margin
GMMX,278,5,5,5,departures,0.017985611510791366,0.017985611510791366,path3_margin
EVRA,278,231,229,232,arrivals,0.8237410071942446,0.8345323741007195,path3_margin
LEZL,276,267,266,268,arrivals,0.9637681159420289,0.9710144927536232,path3_margin
LEZL,275,273,273,273,departures,0.9927272727272727,0.9927272727272727,path3_margin
LTBS,273,2,0,0,departures,0.0,0.0,path3_margin
EVRA,273,270,268,269,departures,0.9816849816849816,0.9853479853479854,path3_margin
LBSF,272,4,2,2,departures,0.007352941176470588,0.007352941176470588,path3_margin
GCRR,269,0,0,0,departures,0.0,0.0,path3_margin
GCRR,269,0,0,0,arrivals,0.0,0.0,path3_margin
EGNX,267,264,264,264,departures,0.9887640449438202,0.9887640449438202,path3_margin
LBSF,267,5,1,1,arrivals,0.003745318352059925,0.003745318352059925,path3_margin
EDDP,261,244,243,244,arrivals,0.9310344827586207,0.9348659003831418,path3_margin
EPKT,259,250,249,249,departures,0.9613899613899614,0.9613899613899614,path3_margin
HEGN,258,0,0,0,arrivals,0.0,0.0,path3_margin
HEGN,257,0,0,0,departures,0.0,0.0,path3_margin
UGTB,257,29,27,27,departures,0.10505836575875487,0.10505836575875487,path3_margin
LFRS,257,252,250,251,arrivals,0.9727626459143969,0.9766536964980544,path3_margin
UGTB,257,52,50,53,arrivals,0.19455252918287938,0.20622568093385213,path3_margin
EPKT,257,243,240,240,arrivals,0.933852140077821,0.933852140077821,path3_margin
LFRS,256,245,245,245,departures,0.95703125,0.95703125,path3_margin
EDDP,256,254,254,256,departures,0.9921875,1.0,path3_margin
EGNX,255,239,239,239,arrivals,0.9372549019607843,0.9372549019607843,path3_margin
LIEO,252,116,114,115,arrivals,0.4523809523809524,0.45634920634920634,path3_margin
EPGD,248,24,23,23,departures,0.09274193548387097,0.09274193548387097,path3_margin
LGKR,247,32,28,28,arrivals,0.11336032388663968,0.11336032388663968,path3_margin
EGAA,246,240,149,150,arrivals,0.6056910569105691,0.6097560975609756,path3_margin
LGKR,244,10,10,10,departures,0.040983606557377046,0.040983606557377046,path3_margin
HECA,244,32,31,31,departures,0.12704918032786885,0.12704918032786885,path3_margin
EPGD,244,23,1,3,arrivals,0.004098360655737705,0.012295081967213115,path3_margin
EGAA,239,220,220,221,departures,0.9205020920502092,0.9246861924686193,path3_margin
ENZV,236,79,77,87,departures,0.326271186440678,0.3686440677966102,path3_margin
ENZV,236,72,68,72,arrivals,0.288135593220339,0.3050847457627119,path3_margin
LEBB,235,0,0,0,arrivals,0.0,0.0,path3_margin
LEBB,234,1,0,0,departures,0.0,0.0,path3_margin
LTFE,232,205,204,210,arrivals,0.8793103448275862,0.9051724137931034,path3_margin
HECA,231,75,61,61,arrivals,0.26406926406926406,0.26406926406926406,path3_margin
LFPB,230,226,226,248,departures,0.9826086956521739,1.0782608695652174,path3_margin
LIBD,229,2,0,0,arrivals,0.0,0.0,path3_margin
LIBD,228,2,0,0,departures,0.0,0.0,path3_margin
LIEO,228,42,37,37,departures,0.16228070175438597,0.16228070175438597,path3_margin
LIRP,228,223,223,230,arrivals,0.9780701754385965,1.0087719298245614,path3_margin
UUWW,227,13,4,4,arrivals,0.01762114537444934,0.01762114537444934,path3_margin
LEMH,226,221,221,222,arrivals,0.9778761061946902,0.9823008849557522,path3_margin
LFBD,225,222,222,224,departures,0.9866666666666667,0.9955555555555555,path3_margin
LFPB,225,218,173,176,arrivals,0.7688888888888888,0.7822222222222223,path3_margin
LEMH,222,200,200,200,departures,0.9009009009009009,0.9009009009009009,path3_margin
LTFE,220,46,43,46,departures,0.19545454545454546,0.20909090909090908,path3_margin
LIRP,220,208,208,208,departures,0.9454545454545454,0.9454545454545454,path3_margin
ENVA,219,208,208,223,arrivals,0.9497716894977168,1.0182648401826484,path3_margin
LFBD,219,215,215,216,arrivals,0.9817351598173516,0.9863013698630136,path3_margin
LUKK,217,3,0,0,departures,0.0,0.0,path3_margin
ENVA,217,211,199,201,departures,0.9170506912442397,0.9262672811059908,path3_margin
LUKK,217,3,0,0,arrivals,0.0,0.0,path3_margin
LDSP,216,4,0,0,departures,0.0,0.0,path3_margin
ESGG,216,214,214,214,departures,0.9907407407407407,0.9907407407407407,path3_margin
UUWW,216,7,5,5,departures,0.023148148148148147,0.023148148148148147,path3_margin
LDZA,215,72,69,69,departures,0.3209302325581395,0.3209302325581395,path3_margin
LDSP,215,5,0,0,arrivals,0.0,0.0,path3_margin
LDZA,215,210,209,212,arrivals,0.9720930232558139,0.986046511627907,path3_margin
ESGG,214,211,208,210,arrivals,0.9719626168224299,0.9813084112149533,path3_margin
UUEE,214,3,3,9,arrivals,0.014018691588785047,0.04205607476635514,path3_margin
EDDV,213,211,211,212,departures,0.9906103286384976,0.9953051643192489,path3_margin
GCFV,212,0,0,0,departures,0.0,0.0,path3_margin
UUEE,212,51,51,53,departures,0.24056603773584906,0.25,path3_margin
EGNT,211,199,199,199,departures,0.943127962085308,0.943127962085308,path3_margin
GCFV,211,2,0,0,arrivals,0.0,0.0,path3_margin
EGNT,211,184,184,184,arrivals,0.8720379146919431,0.8720379146919431,path3_margin
EDDV,209,202,202,204,arrivals,0.9665071770334929,0.9760765550239234,path3_margin
EGGP,208,204,203,206,departures,0.9759615384615384,0.9903846153846154,path3_margin
EGGP,206,195,194,203,arrivals,0.941747572815534,0.9854368932038835,path3_margin
LIRQ,202,13,12,12,departures,0.0594059405940594,0.0594059405940594,path3_margin
EDDN,201,195,194,196,departures,0.9651741293532339,0.9751243781094527,path3_margin
EDDN,199,193,192,199,arrivals,0.964824120603015,1.0,path3_margin
LGSA,199,60,58,58,arrivals,0.2914572864321608,0.2914572864321608,path3_margin
EGLC,198,198,198,253,departures,1.0,1.2777777777777777,path3_margin
LIRQ,198,121,113,113,arrivals,0.5707070707070707,0.5707070707070707,path3_margin
LGSA,196,87,87,87,departures,0.44387755102040816,0.44387755102040816,path3_margin
LIEE,195,6,5,5,arrivals,0.02564102564102564,0.02564102564102564,path3_margin
EPWR,194,191,190,192,arrivals,0.979381443298969,0.9896907216494846,path3_margin
EPWR,193,192,192,192,departures,0.9948186528497409,0.9948186528497409,path3_margin
EGNM,193,176,173,175,arrivals,0.8963730569948186,0.9067357512953368,path3_margin
UDYZ,192,1,0,0,departures,0.0,0.0,path3_margin
UDYZ,192,1,0,0,arrivals,0.0,0.0,path3_margin
LIEE,191,3,2,2,departures,0.010471204188481676,0.010471204188481676,path3_margin
EHEH,191,191,189,189,departures,0.9895287958115183,0.9895287958115183,path3_margin
EGNM,190,186,184,184,departures,0.968421052631579,0.968421052631579,path3_margin
EHEH,190,190,186,187,arrivals,0.9789473684210527,0.9842105263157894,path3_margin
EYVI,189,166,120,124,arrivals,0.6349206349206349,0.656084656084656,path3_margin
EGLC,189,189,188,403,arrivals,0.9947089947089947,2.132275132275132,path3_margin
EYVI,186,175,175,181,departures,0.9408602150537635,0.9731182795698925,path3_margin
DAAG,186,72,71,71,departures,0.3817204301075269,0.3817204301075269,path3_margin
DTTA,186,0,0,0,arrivals,0.0,0.0,path3_margin
DTTA,185,2,0,1,departures,0.0,0.005405405405405406,path3_margin
DAAG,184,133,133,134,arrivals,0.7228260869565217,0.7282608695652174,path3_margin
LFOB,181,180,180,180,departures,0.994475138121547,0.994475138121547,path3_margin
LFOB,181,177,177,177,arrivals,0.9779005524861878,0.9779005524861878,path3_margin
LDDU,180,5,0,0,arrivals,0.0,0.0,path3_margin
LGKO,178,168,168,170,departures,0.9438202247191011,0.9550561797752809,path3_margin
LDDU,177,4,0,0,departures,0.0,0.0,path3_margin
LGKO,177,168,168,174,arrivals,0.9491525423728814,0.9830508474576272,path3_margin
EETN,162,143,142,142,arrivals,0.8765432098765432,0.8765432098765432,path3_margin
EPPO,161,156,156,156,departures,0.968944099378882,0.968944099378882,path3_margin
HESH,161,2,0,0,arrivals,0.0,0.0,path3_margin
UMKK,160,1,0,1,departures,0.0,0.00625,path3_margin
EETN,159,149,149,150,departures,0.9371069182389937,0.9433962264150944,path3_margin
LPMA,159,153,153,153,departures,0.9622641509433962,0.9622641509433962,path3_margin
HESH,159,0,0,0,departures,0.0,0.0,path3_margin
UMKK,159,26,14,94,arrivals,0.0880503144654088,0.5911949685534591,path3_margin
LPMA,158,10,10,15,arrivals,0.06329113924050633,0.0949367088607595,path3_margin
LIMF,157,156,153,153,departures,0.9745222929936306,0.9745222929936306,path3_margin
LIMF,157,155,154,157,arrivals,0.9808917197452229,1.0,path3_margin
LIRA,156,153,145,147,arrivals,0.9294871794871795,0.9423076923076923,path3_margin
LIRA,154,152,152,155,departures,0.987012987012987,1.0064935064935066,path3_margin
EPPO,154,150,148,159,arrivals,0.961038961038961,1.0324675324675325,path3_margin
EKBI,154,150,149,149,arrivals,0.9675324675324676,0.9675324675324676,path3_margin
LPPD,153,47,47,47,departures,0.30718954248366015,0.30718954248366015,path3_margin
EKBI,152,148,148,149,departures,0.9736842105263158,0.9802631578947368,path3_margin
LPPD,151,91,90,92,arrivals,0.5960264900662252,0.609271523178808,path3_margin
ULLI,148,1,1,1,arrivals,0.006756756756756757,0.006756756756756757,path3_margin
OLBA,144,34,31,31,departures,0.2152777777777778,0.2152777777777778,path3_margin
LIPX,144,143,141,141,departures,0.9791666666666666,0.9791666666666666,path3_margin
OLBA,144,44,43,44,arrivals,0.2986111111111111,0.3055555555555556,path3_margin
ENTC,143,6,0,0,arrivals,0.0,0.0,path3_margin
ULLI,142,0,0,0,departures,0.0,0.0,path3_margin
LIPX,142,138,137,143,arrivals,0.9647887323943662,1.0070422535211268,path3_margin
LGSR,139,3,0,0,departures,0.0,0.0,path3_margin
LGSR,139,2,0,1,arrivals,0.0,0.007194244604316547,path3_margin
ENTC,138,4,0,0,departures,0.0,0.0,path3_margin
LTCG,138,104,104,104,arrivals,0.7536231884057971,0.7536231884057971,path3_margin
EGPD,137,125,125,125,departures,0.9124087591240876,0.9124087591240876,path3_margin
EGPD,136,123,123,123,arrivals,0.9044117647058824,0.9044117647058824,path3_margin
ENBO,134,129,129,158,departures,0.9626865671641791,1.1791044776119404,path3_margin
EBLG,134,134,132,136,departures,0.9850746268656716,1.0149253731343284,path3_margin
LTDB,133,5,1,1,departures,0.007518796992481203,0.007518796992481203,path3_margin
LTCG,133,124,124,124,departures,0.9323308270676691,0.9323308270676691,path3_margin
ENBO,133,124,120,139,arrivals,0.9022556390977443,1.0451127819548873,path3_margin
LRCL,130,1,0,0,departures,0.0,0.0,path3_margin
LIBR,130,2,0,0,departures,0.0,0.0,path3_margin
LRCL,129,1,0,0,arrivals,0.0,0.0,path3_margin
LTDB,129,3,0,0,arrivals,0.0,0.0,path3_margin
LGZA,126,125,123,125,departures,0.9761904761904762,0.9920634920634921,path3_margin
EBLG,126,98,95,98,arrivals,0.753968253968254,0.7777777777777778,path3_margin
LGZA,126,119,119,122,arrivals,0.9444444444444444,0.9682539682539683,path3_margin
LIBR,125,0,0,0,arrivals,0.0,0.0,path3_margin
EGAC,123,121,121,122,departures,0.983739837398374,0.991869918699187,path3_margin
EGAC,123,120,120,210,arrivals,0.975609756097561,1.7073170731707317,path3_margin
BKPR,120,2,0,0,departures,0.0,0.0,path3_margin
BKPR,120,2,0,0,arrivals,0.0,0.0,path3_margin
EICK,120,119,119,119,arrivals,0.9916666666666667,0.9916666666666667,path3_margin
EICK,119,118,118,118,departures,0.9915966386554622,0.9915966386554622,path3_margin
LDZD,118,16,13,13,arrivals,0.11016949152542373,0.11016949152542373,path3_margin
OJAI,116,0,0,4,departures,0.0,0.034482758620689655,path3_margin
OJAI,116,0,0,6,arrivals,0.0,0.05172413793103448,path3_margin
LDZD,114,1,0,0,departures,0.0,0.0,path3_margin
LICA,112,1,0,0,arrivals,0.0,0.0,path3_margin
EGLF,110,110,109,114,departures,0.990909090909091,1.0363636363636364,path3_margin
LICA,108,0,0,0,departures,0.0,0.0,path3_margin
EGJJ,108,106,96,96,arrivals,0.8888888888888888,0.8888888888888888,path3_margin
EGLF,108,107,0,0,arrivals,0.0,0.0,path3_margin
LCPH,107,99,98,99,arrivals,0.9158878504672897,0.9252336448598131,path3_margin
LWSK,106,0,0,0,departures,0.0,0.0,path3_margin
OKKK,106,105,105,105,departures,0.9905660377358491,0.9905660377358491,path3_margin
LEST,106,97,84,84,arrivals,0.7924528301886793,0.7924528301886793,path3_margin
LCPH,105,74,74,74,departures,0.7047619047619048,0.7047619047619048,path3_margin
LGMK,105,52,50,50,departures,0.47619047619047616,0.47619047619047616,path3_margin
LEST,105,88,88,88,departures,0.8380952380952381,0.8380952380952381,path3_margin
LZIB,105,101,101,101,departures,0.9619047619047619,0.9619047619047619,path3_margin
LEGE,105,53,50,50,arrivals,0.47619047619047616,0.47619047619047616,path3_margin
LWSK,105,1,0,0,arrivals,0.0,0.0,path3_margin
LZIB,105,104,103,103,arrivals,0.9809523809523809,0.9809523809523809,path3_margin
LEGE,104,93,93,97,departures,0.8942307692307693,0.9326923076923077,path3_margin
LGMK,104,81,81,91,arrivals,0.7788461538461539,0.875,path3_margin
EDJA,104,103,102,103,arrivals,0.9807692307692307,0.9903846153846154,path3_margin
EDJA,102,101,101,101,departures,0.9901960784313726,0.9901960784313726,path3_margin
OKKK,102,29,29,30,arrivals,0.28431372549019607,0.29411764705882354,path3_margin
EGJJ,101,97,96,101,departures,0.9504950495049505,1.0,path3_margin
EHRD,100,100,99,102,arrivals,0.99,1.02,path3_margin
EHRD,99,98,96,99,departures,0.9696969696969697,1.0,path3_margin
LBBG,97,94,92,93,arrivals,0.9484536082474226,0.9587628865979382,path3_margin
LOWS,96,95,95,98,departures,0.9895833333333334,1.0208333333333333,path3_margin
LOWS,95,93,90,90,arrivals,0.9473684210526315,0.9473684210526315,path3_margin
DTTJ,94,0,0,0,arrivals,0.0,0.0,path3_margin
LJLJ,94,90,89,90,arrivals,0.9468085106382979,0.9574468085106383,path3_margin
LBBG,93,86,86,86,departures,0.9247311827956989,0.9247311827956989,path3_margin
LQSA,93,2,0,0,departures,0.0,0.0,path3_margin
LQSA,93,0,0,0,arrivals,0.0,0.0,path3_margin
GMAD,92,0,0,0,departures,0.0,0.0,path3_margin
EGKB,92,91,32,33,departures,0.34782608695652173,0.358695652173913,path3_margin
EINN,91,89,89,89,departures,0.978021978021978,0.978021978021978,path3_margin
GMAD,91,0,0,0,arrivals,0.0,0.0,path3_margin
EGKB,91,90,0,0,arrivals,0.0,0.0,path3_margin
LJLJ,90,87,87,88,departures,0.9666666666666667,0.9777777777777777,path3_margin
DTTJ,89,0,0,0,departures,0.0,0.0,path3_margin
UUDD,89,7,7,8,departures,0.07865168539325842,0.0898876404494382,path3_margin
EDDW,88,87,86,88,departures,0.9772727272727273,1.0,path3_margin
GMTT,88,88,88,88,departures,1.0,1.0,path3_margin
EDLW,87,85,85,86,departures,0.9770114942528736,0.9885057471264368,path3_margin
EDDW,87,87,87,89,arrivals,1.0,1.0229885057471264,path3_margin
GMTT,87,86,86,87,arrivals,0.9885057471264368,1.0,path3_margin
EDLW,87,85,84,84,arrivals,0.9655172413793104,0.9655172413793104,path3_margin
EINN,86,80,80,81,arrivals,0.9302325581395349,0.9418604651162791,path3_margin
LIMJ,86,86,85,85,arrivals,0.9883720930232558,0.9883720930232558,path3_margin
EGHI,86,78,78,80,arrivals,0.9069767441860465,0.9302325581395349,path3_margin
LIPH,85,85,85,86,departures,1.0,1.011764705882353,path3_margin
GCLA,85,2,2,2,departures,0.023529411764705882,0.023529411764705882,path3_margin
LIPH,85,85,85,85,arrivals,1.0,1.0,path3_margin
EDSB,85,78,78,82,arrivals,0.9176470588235294,0.9647058823529412,path3_margin
LFKB,84,35,34,34,departures,0.40476190476190477,0.40476190476190477,path3_margin
LFKB,84,77,77,77,arrivals,0.9166666666666666,0.9166666666666666,path3_margin
GCLA,84,16,16,17,arrivals,0.19047619047619047,0.20238095238095238,path3_margin
EGHI,83,75,74,75,departures,0.891566265060241,0.9036144578313253,path3_margin
EGJB,83,65,60,61,departures,0.7228915662650602,0.7349397590361446,path3_margin
LYTV,83,1,0,0,arrivals,0.0,0.0,path3_margin
LYTV,82,2,0,0,departures,0.0,0.0,path3_margin
EDSB,81,76,76,77,departures,0.9382716049382716,0.9506172839506173,path3_margin
EGNS,81,75,74,74,arrivals,0.9135802469135802,0.9135802469135802,path3_margin
DTMB,81,0,0,0,arrivals,0.0,0.0,path3_margin
EGNS,80,71,71,71,departures,0.8875,0.8875,path3_margin
LFKJ,80,80,80,80,arrivals,1.0,1.0,path3_margin
LIMJ,79,76,75,75,departures,0.9493670886075949,0.9493670886075949,path3_margin
DTMB,79,1,0,0,departures,0.0,0.0,path3_margin
LFKJ,78,78,78,78,departures,1.0,1.0,path3_margin
EDFH,77,75,75,75,departures,0.974025974025974,0.974025974025974,path3_margin
LYPG,77,2,0,0,departures,0.0,0.0,path3_margin
LYPG,77,0,0,0,arrivals,0.0,0.0,path3_margin
EKYT,75,73,73,73,departures,0.9733333333333334,0.9733333333333334,path3_margin
LBWN,75,70,69,71,arrivals,0.92,0.9466666666666667,path3_margin
LFMT,75,75,75,75,arrivals,1.0,1.0,path3_margin
UUDD,75,4,1,2,arrivals,0.013333333333333334,0.02666666666666667,path3_margin
LFMT,74,74,74,74,departures,1.0,1.0,path3_margin
EDFH,74,72,71,72,arrivals,0.9594594594594594,0.972972972972973,path3_margin
LTAJ,74,0,0,0,arrivals,0.0,0.0,path3_margin
EGJB,74,70,59,80,arrivals,0.7972972972972973,1.0810810810810811,path3_margin
LTAU,73,0,0,0,arrivals,0.0,0.0,path3_margin
LTAJ,72,0,0,0,departures,0.0,0.0,path3_margin
LFMD,72,69,41,41,arrivals,0.5694444444444444,0.5694444444444444,path3_margin
EGHH,72,67,66,68,arrivals,0.9166666666666666,0.9444444444444444,path3_margin
ENTO,72,69,66,67,arrivals,0.9166666666666666,0.9305555555555556,path3_margin
LBWN,71,15,14,14,departures,0.19718309859154928,0.19718309859154928,path3_margin
LRIA,71,1,0,0,departures,0.0,0.0,path3_margin
EGHH,71,70,69,70,departures,0.971830985915493,0.9859154929577465,path3_margin
ENTO,71,48,48,49,departures,0.676056338028169,0.6901408450704225,path3_margin
EKYT,71,69,69,69,arrivals,0.971830985915493,0.971830985915493,path3_margin
LTAU,70,0,0,0,departures,0.0,0.0,path3_margin
LEAS,69,37,37,37,departures,0.5362318840579711,0.5362318840579711,path3_margin
UGSB,69,45,44,44,arrivals,0.6376811594202898,0.6376811594202898,path3_margin
EDLV,69,69,69,69,arrivals,1.0,1.0,path3_margin
EDLV,68,68,68,71,departures,1.0,1.0441176470588236,path3_margin
LERS,68,61,61,61,arrivals,0.8970588235294118,0.8970588235294118,path3_margin
LEAS,68,6,6,6,arrivals,0.08823529411764706,0.08823529411764706,path3_margin
LRIA,68,0,0,2,arrivals,0.0,0.029411764705882353,path3_margin
UGSB,67,57,56,56,departures,0.835820895522388,0.835820895522388,path3_margin
LERS,67,22,22,22,departures,0.3283582089552239,0.3283582089552239,path3_margin
URSS,67,0,0,0,arrivals,0.0,0.0,path3_margin
LFMD,65,60,57,59,departures,0.8769230769230769,0.9076923076923077,path3_margin
LFKF,65,59,59,59,arrivals,0.9076923076923077,0.9076923076923077,path3_margin
GMME,64,17,17,17,departures,0.265625,0.265625,path3_margin
GMME,63,28,27,27,arrivals,0.42857142857142855,0.42857142857142855,path3_margin
LIEA,62,62,62,62,departures,1.0,1.0,path3_margin
LGKF,62,62,62,64,departures,1.0,1.032258064516129,path3_margin
LIEA,62,62,62,62,arrivals,1.0,1.0,path3_margin
LIPQ,61,58,58,58,departures,0.9508196721311475,0.9508196721311475,path3_margin
LFKF,61,28,28,28,departures,0.45901639344262296,0.45901639344262296,path3_margin
EDDG,60,60,60,60,departures,1.0,1.0,path3_margin
EPRZ,60,57,56,56,departures,0.9333333333333333,0.9333333333333333,path3_margin
LGKF,60,57,56,56,arrivals,0.9333333333333333,0.9333333333333333,path3_margin
DTNH,59,0,0,0,departures,0.0,0.0,path3_margin
LRTR,59,0,0,0,departures,0.0,0.0,path3_margin
LIPQ,59,59,58,58,arrivals,0.9830508474576272,0.9830508474576272,path3_margin
LTBA,58,54,53,59,departures,0.9137931034482759,1.0172413793103448,path3_margin
DTNH,58,0,0,0,arrivals,0.0,0.0,path3_margin
EPRZ,58,56,54,54,arrivals,0.9310344827586207,0.9310344827586207,path3_margin
LFBZ,57,57,57,61,arrivals,1.0,1.0701754385964912,path3_margin
LRTR,57,5,4,5,arrivals,0.07017543859649122,0.08771929824561403,path3_margin
LFQQ,57,56,56,57,arrivals,0.9824561403508771,1.0,path3_margin
LOWG,56,56,53,54,departures,0.9464285714285714,0.9642857142857143,path3_margin
LFQQ,56,56,56,56,departures,1.0,1.0,path3_margin
LTCC,56,0,0,0,arrivals,0.0,0.0,path3_margin
EDDG,56,54,54,54,arrivals,0.9642857142857143,0.9642857142857143,path3_margin
LFBZ,55,13,12,12,departures,0.21818181818181817,0.21818181818181817,path3_margin
LTCC,55,1,0,0,departures,0.0,0.0,path3_margin
LDPL,55,49,48,51,arrivals,0.8727272727272727,0.9272727272727272,path3_margin
LFTH,55,53,52,61,arrivals,0.9454545454545454,1.1090909090909091,path3_margin
EYKA,54,46,45,46,departures,0.8333333333333334,0.8518518518518519,path3_margin
LOWG,53,53,53,57,arrivals,1.0,1.0754716981132075,path3_margin
LKTB,52,51,48,49,departures,0.9230769230769231,0.9423076923076923,path3_margin
URSS,52,0,0,0,departures,0.0,0.0,path3_margin
GMFF,52,0,0,0,departures,0.0,0.0,path3_margin
LTBA,52,47,42,66,arrivals,0.8076923076923077,1.2692307692307692,path3_margin
LKTB,52,51,50,52,arrivals,0.9615384615384616,1.0,path3_margin
GMFF,52,0,0,0,arrivals,0.0,0.0,path3_margin
LFTH,51,31,29,40,departures,0.5686274509803921,0.7843137254901961,path3_margin
EGPE,51,48,48,48,departures,0.9411764705882353,0.9411764705882353,path3_margin
EHKD,50,43,40,50,departures,0.8,1.0,path3_margin
LFST,50,48,47,47,arrivals,0.94,0.94,path3_margin
EYKA,50,37,9,14,arrivals,0.18,0.28,path3_margin
LDPL,49,44,43,44,departures,0.8775510204081632,0.8979591836734694,path3_margin
UGKO,49,0,0,0,departures,0.0,0.0,path3_margin
LFST,49,47,47,47,departures,0.9591836734693877,0.9591836734693877,path3_margin
DAOO,49,36,36,36,arrivals,0.7346938775510204,0.7346938775510204,path3_margin
UGKO,49,1,0,0,arrivals,0.0,0.0,path3_margin
EGFF,49,46,44,45,arrivals,0.8979591836734694,0.9183673469387755,path3_margin
EGPE,49,45,45,45,arrivals,0.9183673469387755,0.9183673469387755,path3_margin
DAOO,48,18,18,18,departures,0.375,0.375,path3_margin
EGFF,48,47,46,47,departures,0.9583333333333334,0.9791666666666666,path3_margin
UBBN,48,0,0,0,departures,0.0,0.0,path3_margin
ENCN,48,36,36,36,departures,0.75,0.75,path3_margin
EHKD,48,37,37,46,arrivals,0.7708333333333334,0.9583333333333334,path3_margin
ENAL,48,1,1,1,arrivals,0.020833333333333332,0.020833333333333332,path3_margin
UBBN,48,1,0,0,arrivals,0.0,0.0,path3_margin
ORBI,48,1,0,0,arrivals,0.0,0.0,path3_margin
LFRB,47,41,41,41,departures,0.8723404255319149,0.8723404255319149,path3_margin
ENAL,46,1,1,1,departures,0.021739130434782608,0.021739130434782608,path3_margin
ENKB,46,0,0,0,departures,0.0,0.0,path3_margin
LGPZ,46,2,1,1,arrivals,0.021739130434782608,0.021739130434782608,path3_margin
LTFH,45,6,6,6,departures,0.13333333333333333,0.13333333333333333,path3_margin
LGPZ,45,1,0,0,departures,0.0,0.0,path3_margin
EDDC,45,44,44,44,departures,0.9777777777777777,0.9777777777777777,path3_margin
LGPA,45,0,0,0,departures,0.0,0.0,path3_margin
LTFH,45,4,3,3,arrivals,0.06666666666666667,0.06666666666666667,path3_margin
EDDC,45,45,45,45,arrivals,1.0,1.0,path3_margin
LIRI,44,6,0,0,departures,0.0,0.0,path3_margin
GEML,44,43,43,43,departures,0.9772727272727273,0.9772727272727273,path3_margin
ORER,44,0,0,0,departures,0.0,0.0,path3_margin
ESSB,44,38,37,38,departures,0.8409090909090909,0.8636363636363636,path3_margin
BIRK,44,41,41,41,departures,0.9318181818181818,0.9318181818181818,path3_margin
GEML,44,43,43,45,arrivals,0.9772727272727273,1.0227272727272727,path3_margin
ORER,44,0,0,0,arrivals,0.0,0.0,path3_margin
LEJR,44,43,42,43,arrivals,0.9545454545454546,0.9772727272727273,path3_margin
BIRK,44,37,36,38,arrivals,0.8181818181818182,0.8636363636363636,path3_margin
ENKB,44,0,0,0,arrivals,0.0,0.0,path3_margin
LFRB,44,39,39,39,arrivals,0.8863636363636364,0.8863636363636364,path3_margin
LKMT,44,39,39,41,arrivals,0.8863636363636364,0.9318181818181818,path3_margin
LKMT,43,40,39,39,departures,0.9069767441860465,0.9069767441860465,path3_margin
LIBP,43,43,43,43,arrivals,1.0,1.0,path3_margin
LOWI,43,31,30,31,arrivals,0.6976744186046512,0.7209302325581395,path3_margin
ENCN,43,12,12,12,arrivals,0.27906976744186046,0.27906976744186046,path3_margin
EPMO,42,42,39,39,departures,0.9285714285714286,0.9285714285714286,path3_margin
ENEV,42,6,0,0,departures,0.0,0.0,path3_margin
ORBI,42,0,0,0,departures,0.0,0.0,path3_margin
LIRI,42,17,14,14,arrivals,0.3333333333333333,0.3333333333333333,path3_margin
UMMS,42,2,2,2,arrivals,0.047619047619047616,0.047619047619047616,path3_margin
ESMS,42,38,36,37,arrivals,0.8571428571428571,0.8809523809523809,path3_margin
ENEV,42,9,0,0,arrivals,0.0,0.0,path3_margin
LGSM,42,22,22,28,arrivals,0.5238095238095238,0.6666666666666666,path3_margin
ESMS,41,38,38,38,departures,0.926829268292683,0.926829268292683,path3_margin
LIBP,41,41,41,41,departures,1.0,1.0,path3_margin
LGSM,41,9,8,14,departures,0.1951219512195122,0.34146341463414637,path3_margin
LIRZ,41,41,41,45,arrivals,1.0,1.0975609756097562,path3_margin
UMMS,40,15,15,15,departures,0.375,0.375,path3_margin
LEJR,40,40,40,40,departures,1.0,1.0,path3_margin
LEVX,40,22,22,23,arrivals,0.55,0.575,path3_margin
UWKD,40,0,0,0,arrivals,0.0,0.0,path3_margin
LICT,40,7,7,7,arrivals,0.175,0.175,path3_margin
EPMO,40,36,30,39,arrivals,0.75,0.975,path3_margin
LEAM,40,39,39,40,arrivals,0.975,1.0,path3_margin
GMMW,40,38,36,36,arrivals,0.9,0.9,path3_margin
LGPA,40,1,0,0,arrivals,0.0,0.0,path3_margin
LEVT,39,0,0,0,departures,0.0,0.0,path3_margin
LICT,39,8,8,8,departures,0.20512820512820512,0.20512820512820512,path3_margin
LIRZ,39,39,35,35,departures,0.8974358974358975,0.8974358974358975,path3_margin
LEXJ,39,0,0,0,departures,0.0,0.0,path3_margin
GMMW,39,33,33,33,departures,0.8461538461538461,0.8461538461538461,path3_margin
EGPB,39,0,0,0,arrivals,0.0,0.0,path3_margin
LEVT,39,0,0,0,arrivals,0.0,0.0,path3_margin
LEZG,39,16,15,15,arrivals,0.38461538461538464,0.38461538461538464,path3_margin
EDLP,39,35,34,35,arrivals,0.8717948717948718,0.8974358974358975,path3_margin
EGPB,38,0,0,0,departures,0.0,0.0,path3_margin
UWKD,38,0,0,0,departures,0.0,0.0,path3_margin
LEZG,38,14,14,15,departures,0.3684210526315789,0.39473684210526316,path3_margin
ESPA,38,0,0,0,departures,0.0,0.0,path3_margin
LEVX,37,2,1,1,departures,0.02702702702702703,0.02702702702702703,path3_margin
LGSK,37,5,5,5,departures,0.13513513513513514,0.13513513513513514,path3_margin
LOWL,37,36,36,37,departures,0.972972972972973,1.0,path3_margin
LEAM,37,35,35,35,departures,0.9459459459459459,0.9459459459459459,path3_margin
LIPY,37,2,1,1,departures,0.02702702702702703,0.02702702702702703,path3_margin
LGSK,37,31,31,31,arrivals,0.8378378378378378,0.8378378378378378,path3_margin
ESSB,37,32,32,35,arrivals,0.8648648648648649,0.9459459459459459,path3_margin
LEXJ,37,0,0,0,arrivals,0.0,0.0,path3_margin
EGTE,36,33,33,33,departures,0.9166666666666666,0.9166666666666666,path3_margin
LECO,36,35,35,35,departures,0.9722222222222222,0.9722222222222222,path3_margin
EGTE,36,33,33,33,arrivals,0.9166666666666666,0.9166666666666666,path3_margin
LIPY,36,17,17,18,arrivals,0.4722222222222222,0.5,path3_margin
LTFO,36,23,23,23,arrivals,0.6388888888888888,0.6388888888888888,path3_margin
EGMC,35,35,35,38,departures,1.0,1.0857142857142856,path3_margin
EDLP,35,32,32,33,departures,0.9142857142857143,0.9428571428571428,path3_margin
LZKZ,35,28,28,28,departures,0.8,0.8,path3_margin
LTFO,35,0,0,0,departures,0.0,0.0,path3_margin
LTFG,35,35,34,35,arrivals,0.9714285714285714,1.0,path3_margin
ESPA,35,0,0,0,arrivals,0.0,0.0,path3_margin
LECO,35,35,35,48,arrivals,1.0,1.3714285714285714,path3_margin
GMFO,34,6,6,6,departures,0.17647058823529413,0.17647058823529413,path3_margin
LTFG,34,34,34,34,departures,1.0,1.0,path3_margin
LEGR,34,0,0,0,departures,0.0,0.0,path3_margin
LOWL,34,32,31,31,arrivals,0.9117647058823529,0.9117647058823529,path3_margin
LICR,34,1,0,0,arrivals,0.0,0.0,path3_margin
GMFO,34,27,27,27,arrivals,0.7941176470588235,0.7941176470588235,path3_margin
LEGR,34,1,1,1,arrivals,0.029411764705882353,0.029411764705882353,path3_margin
LGMT,34,34,34,34,arrivals,1.0,1.0,path3_margin
LZKZ,34,29,29,29,arrivals,0.8529411764705882,0.8529411764705882,path3_margin
LICR,33,0,0,0,departures,0.0,0.0,path3_margin
LTCI,33,0,0,0,departures,0.0,0.0,path3_margin
LGMT,33,31,31,32,departures,0.9393939393939394,0.9696969696969697,path3_margin
LOWI,33,28,27,27,departures,0.8181818181818182,0.8181818181818182,path3_margin
EGMC,33,33,33,63,arrivals,1.0,1.9090909090909092,path3_margin
EKAH,33,30,30,30,arrivals,0.9090909090909091,0.9090909090909091,path3_margin
EGWU,32,32,0,0,departures,0.0,0.0,path3_margin
LTCB,32,6,6,7,departures,0.1875,0.21875,path3_margin
EKAH,32,26,26,26,departures,0.8125,0.8125,path3_margin
LFRN,32,32,32,32,departures,1.0,1.0,path3_margin
LEMI,32,31,31,31,arrivals,0.96875,0.96875,path3_margin
LTCI,32,0,0,0,arrivals,0.0,0.0,path3_margin
LEMI,31,31,31,31,departures,1.0,1.0,path3_margin
EIKN,31,30,30,30,departures,0.967741935483871,0.967741935483871,path3_margin
ENHD,31,5,4,4,departures,0.12903225806451613,0.12903225806451613,path3_margin
EDMO,31,29,25,25,departures,0.8064516129032258,0.8064516129032258,path3_margin
LFRN,31,31,31,31,arrivals,1.0,1.0,path3_margin
LTCE,31,1,0,0,arrivals,0.0,0.0,path3_margin
EGPK,30,28,28,28,departures,0.9333333333333333,0.9333333333333333,path3_margin
URMM,30,0,0,0,departures,0.0,0.0,path3_margin
LGNX,30,2,0,0,departures,0.0,0.0,path3_margin
LTCB,30,12,12,12,arrivals,0.4,0.4,path3_margin
LGNX,30,2,0,0,arrivals,0.0,0.0,path3_margin
EIKN,30,30,30,30,arrivals,1.0,1.0,path3_margin
EBAW,29,29,25,25,departures,0.8620689655172413,0.8620689655172413,path3_margin
LTCE,29,0,0,0,departures,0.0,0.0,path3_margin
EGPA,29,0,0,0,departures,0.0,0.0,path3_margin
LTAZ,29,0,0,0,departures,0.0,0.0,path3_margin
EGPK,29,29,29,31,arrivals,1.0,1.0689655172413792,path3_margin
URMM,29,0,0,0,arrivals,0.0,0.0,path3_margin
ENHD,29,22,22,25,arrivals,0.7586206896551724,0.8620689655172413,path3_margin
LTAZ,29,1,0,0,arrivals,0.0,0.0,path3_margin
EGHQ,28,27,27,27,departures,0.9642857142857143,0.9642857142857143,path3_margin
ESNU,28,0,0,0,departures,0.0,0.0,path3_margin
EGHQ,28,27,27,27,arrivals,0.9642857142857143,0.9642857142857143,path3_margin
LTCA,27,0,0,0,departures,0.0,0.0,path3_margin
ENBN,27,0,0,0,departures,0.0,0.0,path3_margin
LICD,27,7,7,7,departures,0.25925925925925924,0.25925925925925924,path3_margin
LIPB,27,18,17,17,arrivals,0.6296296296296297,0.6296296296296297,path3_margin
EGWU,27,25,0,0,arrivals,0.0,0.0,path3_margin
LTAN,27,0,0,0,arrivals,0.0,0.0,path3_margin
LTCA,27,0,0,0,arrivals,0.0,0.0,path3_margin
LICD,27,11,11,11,arrivals,0.4074074074074074,0.4074074074074074,path3_margin
LFKC,27,27,27,27,arrivals,1.0,1.0,path3_margin
LTAT,26,1,0,0,departures,0.0,0.0,path3_margin
LPCS,26,26,23,24,departures,0.8846153846153846,0.9230769230769231,path3_margin
LIPB,26,0,0,0,departures,0.0,0.0,path3_margin
LTCS,26,0,0,0,departures,0.0,0.0,path3_margin
LTAN,26,0,0,0,departures,0.0,0.0,path3_margin
LRBS,26,26,25,94,departures,0.9615384615384616,3.6153846153846154,path3_margin
LFKC,26,26,26,26,departures,1.0,1.0,path3_margin
LGHI,26,5,4,4,arrivals,0.15384615384615385,0.15384615384615385,path3_margin
LTCS,26,0,0,0,arrivals,0.0,0.0,path3_margin
ESNU,26,0,0,0,arrivals,0.0,0.0,path3_margin
ENBN,26,0,0,0,arrivals,0.0,0.0,path3_margin
EGPA,26,0,0,0,arrivals,0.0,0.0,path3_margin
LGKL,25,12,11,11,departures,0.44,0.44,path3_margin
LGHI,25,4,3,3,departures,0.12,0.12,path3_margin
LGML,25,0,0,0,departures,0.0,0.0,path3_margin
LFMP,25,12,12,12,departures,0.48,0.48,path3_margin
EHBK,25,21,19,20,departures,0.76,0.8,path3_margin
EFOU,25,0,0,0,departures,0.0,0.0,path3_margin
EGSH,25,25,25,25,departures,1.0,1.0,path3_margin
LPCS,25,24,22,29,arrivals,0.88,1.16,path3_margin
LGKL,25,22,22,24,arrivals,0.88,0.96,path3_margin
EBAW,25,25,24,26,arrivals,0.96,1.04,path3_margin
EFOU,25,0,0,0,arrivals,0.0,0.0,path3_margin
EGSH,25,25,25,26,arrivals,1.0,1.04,path3_margin
LFRK,24,13,12,12,departures,0.5,0.5,path3_margin
EKVG,24,0,0,0,departures,0.0,0.0,path3_margin
ENFL,24,0,0,0,departures,0.0,0.0,path3_margin
ENAT,24,0,0,0,departures,0.0,0.0,path3_margin
LICG,24,1,1,1,departures,0.041666666666666664,0.041666666666666664,path3_margin
LIPR,24,24,24,26,departures,1.0,1.0833333333333333,path3_margin
LTAT,24,0,0,0,arrivals,0.0,0.0,path3_margin
EKVG,24,0,0,0,arrivals,0.0,0.0,path3_margin
ENFL,24,1,1,2,arrivals,0.041666666666666664,0.08333333333333333,path3_margin
ENAT,24,0,0,0,arrivals,0.0,0.0,path3_margin
LESO,24,4,0,0,arrivals,0.0,0.0,path3_margin
LFMP,24,22,21,21,arrivals,0.875,0.875,path3_margin
EHBK,24,19,19,23,arrivals,0.7916666666666666,0.9583333333333334,path3_margin
LIPR,24,24,23,24,arrivals,0.9583333333333334,1.0,path3_margin
EDDR,23,17,17,18,departures,0.7391304347826086,0.782608695652174,path3_margin
ESSV,23,0,0,0,departures,0.0,0.0,path3_margin
ENOV,23,0,0,0,departures,0.0,0.0,path3_margin
ENKR,23,0,0,0,departures,0.0,0.0,path3_margin
LESO,23,1,0,0,departures,0.0,0.0,path3_margin
ENLK,23,4,0,0,departures,0.0,0.0,path3_margin
LFBT,23,23,23,23,departures,1.0,1.0,path3_margin
ENKR,23,0,0,0,arrivals,0.0,0.0,path3_margin
LICG,23,3,3,3,arrivals,0.13043478260869565,0.13043478260869565,path3_margin
EGPO,23,3,0,0,arrivals,0.0,0.0,path3_margin
EDXW,22,20,19,19,departures,0.8636363636363636,0.8636363636363636,path3_margin
LLER,22,0,0,0,departures,0.0,0.0,path3_margin
LSGS,22,0,0,0,departures,0.0,0.0,path3_margin
LRSB,22,1,0,0,departures,0.0,0.0,path3_margin
LFBP,22,14,14,14,departures,0.6363636363636364,0.6363636363636364,path3_margin
LGKP,22,0,0,0,departures,0.0,0.0,path3_margin
EGNV,22,19,19,19,departures,0.8636363636363636,0.8636363636363636,path3_margin
EGPO,22,0,0,0,departures,0.0,0.0,path3_margin
EPSC,22,6,6,6,departures,0.2727272727272727,0.2727272727272727,path3_margin
EIKY,22,22,22,22,departures,1.0,1.0,path3_margin
LRCV,22,1,0,0,departures,0.0,0.0,path3_margin
GCHI,22,0,0,0,departures,0.0,0.0,path3_margin
LFRK,22,21,18,18,arrivals,0.8181818181818182,0.8181818181818182,path3_margin
EDDR,22,16,16,19,arrivals,0.7272727272727273,0.8636363636363636,path3_margin
ESSV,22,12,12,13,arrivals,0.5454545454545454,0.5909090909090909,path3_margin
EDXW,22,21,20,21,arrivals,0.9090909090909091,0.9545454545454546,path3_margin
ENOV,22,0,0,0,arrivals,0.0,0.0,path3_margin
LLER,22,0,0,0,arrivals,0.0,0.0,path3_margin
LRSB,22,4,4,5,arrivals,0.18181818181818182,0.22727272727272727,path3_margin
LFBP,22,22,22,22,arrivals,1.0,1.0,path3_margin
LGKP,22,1,1,1,arrivals,0.045454545454545456,0.045454545454545456,path3_margin
EDMO,22,22,19,20,arrivals,0.8636363636363636,0.9090909090909091,path3_margin
EPSC,22,16,12,14,arrivals,0.5454545454545454,0.6363636363636364,path3_margin
ENLK,22,3,0,0,arrivals,0.0,0.0,path3_margin
GCHI,22,0,0,0,arrivals,0.0,0.0,path3_margin
LFBT,22,22,22,22,arrivals,1.0,1.0,path3_margin
LDRI,21,0,0,0,departures,0.0,0.0,path3_margin
ENSG,21,7,0,0,departures,0.0,0.0,path3_margin
LRSV,21,0,0,0,departures,0.0,0.0,path3_margin
BIAR,21,0,0,0,departures,0.0,0.0,path3_margin
LDRI,21,18,18,20,arrivals,0.8571428571428571,0.9523809523809523,path3_margin
ENSG,21,8,0,0,arrivals,0.0,0.0,path3_margin
LGML,21,0,0,0,arrivals,0.0,0.0,path3_margin
EGNV,21,19,19,19,arrivals,0.9047619047619048,0.9047619047619048,path3_margin
LSZB,21,20,20,28,arrivals,0.9523809523809523,1.3333333333333333,path3_margin
EIKY,21,21,21,21,arrivals,1.0,1.0,path3_margin
LFLC,21,20,20,21,arrivals,0.9523809523809523,1.0,path3_margin
LRCV,21,1,0,0,arrivals,0.0,0.0,path3_margin
LRBS,21,21,20,22,arrivals,0.9523809523809523,1.0476190476190477,path3_margin
BIAR,21,0,0,0,arrivals,0.0,0.0,path3_margin
DABC,20,0,0,0,departures,0.0,0.0,path3_margin
LTCR,20,0,0,0,departures,0.0,0.0,path3_margin
LSZB,20,19,18,20,departures,0.9,1.0,path3_margin
GMTN,20,20,19,19,arrivals,0.95,0.95,path3_margin
LSGS,20,1,0,0,arrivals,0.0,0.0,path3_margin
LTCR,20,0,0,0,arrivals,0.0,0.0,path3_margin
LRSV,20,0,0,0,arrivals,0.0,0.0,path3_margin
EGNJ,20,15,15,15,arrivals,0.75,0.75,path3_margin
HLLM,20,1,1,2,arrivals,0.05,0.1,path3_margin
DABC,20,0,0,0,arrivals,0.0,0.0,path3_margin
LOWK,19,0,0,0,departures,0.0,0.0,path3_margin
LTCJ,19,0,0,0,departures,0.0,0.0,path3_margin
GMTN,19,18,18,18,departures,0.9473684210526315,0.9473684210526315,path3_margin
EFTU,19,10,10,10,departures,0.5263157894736842,0.5263157894736842,path3_margin
ENVD,19,0,0,0,departures,0.0,0.0,path3_margin
LRBC,19,1,1,1,departures,0.05263157894736842,0.05263157894736842,path3_margin
EGTK,19,19,19,20,departures,1.0,1.0526315789473684,path3_margin
ENSK,19,5,0,0,departures,0.0,0.0,path3_margin
LSZR,19,19,19,22,departures,1.0,1.1578947368421053,path3_margin
HLLM,19,2,1,1,departures,0.05263157894736842,0.05263157894736842,path3_margin
LTCJ,19,0,0,0,arrivals,0.0,0.0,path3_margin
LRBC,19,3,3,3,arrivals,0.15789473684210525,0.15789473684210525,path3_margin
ENSK,19,4,0,0,arrivals,0.0,0.0,path3_margin
LFTZ,19,18,0,0,arrivals,0.0,0.0,path3_margin
LSZR,19,19,19,19,arrivals,1.0,1.0,path3_margin
EYPA,18,17,16,17,departures,0.8888888888888888,0.9444444444444444,path3_margin
EGJA,18,14,6,6,departures,0.3333333333333333,0.3333333333333333,path3_margin
EBOS,18,16,16,16,departures,0.8888888888888888,0.8888888888888888,path3_margin
LFLC,18,12,12,12,departures,0.6666666666666666,0.6666666666666666,path3_margin
LOWK,18,9,9,9,arrivals,0.5,0.5,path3_margin
LIPO,18,18,14,17,arrivals,0.7777777777777778,0.9444444444444444,path3_margin
EFTU,18,11,10,10,arrivals,0.5555555555555556,0.5555555555555556,path3_margin
EGJA,18,18,7,17,arrivals,0.3888888888888889,0.9444444444444444,path3_margin
EFRO,17,0,0,0,departures,0.0,0.0,path3_margin
LPAZ,17,10,10,10,departures,0.5882352941176471,0.5882352941176471,path3_margin
EPLL,17,3,3,3,departures,0.17647058823529413,0.17647058823529413,path3_margin
EBKT,17,16,16,17,departures,0.9411764705882353,1.0,path3_margin
LQBK,17,0,0,0,departures,0.0,0.0,path3_margin
ENML,17,0,0,0,departures,0.0,0.0,path3_margin
LGAL,17,5,5,5,departures,0.29411764705882354,0.29411764705882354,path3_margin
EFRO,17,0,0,0,arrivals,0.0,0.0,path3_margin
LQBK,17,8,8,8,arrivals,0.47058823529411764,0.47058823529411764,path3_margin
EYPA,17,7,3,3,arrivals,0.17647058823529413,0.17647058823529413,path3_margin
EBOS,17,16,16,18,arrivals,0.9411764705882353,1.0588235294117647,path3_margin
LFLY,16,16,0,0,departures,0.0,0.0,path3_margin
EKRN,16,2,2,2,departures,0.125,0.125,path3_margin
LYNI,16,0,0,0,departures,0.0,0.0,path3_margin
LFBL,16,0,0,0,departures,0.0,0.0,path3_margin
EPBY,16,15,15,15,departures,0.9375,0.9375,path3_margin
LTCF,16,0,0,0,departures,0.0,0.0,path3_margin
EGNJ,16,12,12,12,departures,0.75,0.75,path3_margin
EDDE,16,16,16,16,departures,1.0,1.0,path3_margin
LXGB,16,15,15,15,departures,0.9375,0.9375,path3_margin
LEPP,16,2,2,2,departures,0.125,0.125,path3_margin
EPLB,16,15,15,16,departures,0.9375,1.0,path3_margin
LFBE,16,15,15,15,departures,0.9375,0.9375,path3_margin
EKEB,16,13,13,13,departures,0.8125,0.8125,path3_margin
LECH,16,14,14,14,departures,0.875,0.875,path3_margin
LFLY,16,16,0,0,arrivals,0.0,0.0,path3_margin
LYNI,16,1,0,1,arrivals,0.0,0.0625,path3_margin
LFBL,16,0,0,0,arrivals,0.0,0.0,path3_margin
EPLL,16,15,15,22,arrivals,0.9375,1.375,path3_margin
LTCF,16,0,0,0,arrivals,0.0,0.0,path3_margin
LFMK,16,16,16,17,arrivals,1.0,1.0625,path3_margin
ENSH,16,1,0,0,arrivals,0.0,0.0,path3_margin
EGTK,16,16,14,14,arrivals,0.875,0.875,path3_margin
LGAL,16,16,16,16,arrivals,1.0,1.0,path3_margin
EDVE,16,16,14,14,arrivals,0.875,0.875,path3_margin
LXGB,16,15,15,15,arrivals,0.9375,0.9375,path3_margin
EPLB,16,15,15,19,arrivals,0.9375,1.1875,path3_margin
LFBE,16,16,16,16,arrivals,1.0,1.0,path3_margin
UWGG,15,0,0,0,departures,0.0,0.0,path3_margin
HESX,15,2,2,2,departures,0.13333333333333333,0.13333333333333333,path3_margin
LTCK,15,0,0,0,departures,0.0,0.0,path3_margin
EDNY,15,13,12,12,departures,0.8,0.8,path3_margin
LFMK,15,14,14,14,departures,0.9333333333333333,0.9333333333333333,path3_margin
ENRA,15,0,0,0,departures,0.0,0.0,path3_margin
EGAE,15,3,3,3,departures,0.2,0.2,path3_margin
LFRM,15,15,14,16,arrivals,0.9333333333333333,1.0666666666666667,path3_margin
EKRN,15,14,14,14,arrivals,0.9333333333333333,0.9333333333333333,path3_margin
HESX,15,4,4,18,arrivals,0.26666666666666666,1.2,path3_margin
ENVD,15,0,0,0,arrivals,0.0,0.0,path3_margin
LTCK,15,0,0,0,arrivals,0.0,0.0,path3_margin
EPBY,15,14,11,16,arrivals,0.7333333333333333,1.0666666666666667,path3_margin
EDNY,15,12,12,13,arrivals,0.8,0.8666666666666667,path3_margin
ENML,15,0,0,0,arrivals,0.0,0.0,path3_margin
LLHA,15,13,13,13,arrivals,0.8666666666666667,0.8666666666666667,path3_margin
EDDE,15,15,15,15,arrivals,1.0,1.0,path3_margin
LFSD,15,15,14,15,arrivals,0.9333333333333333,1.0,path3_margin
LGLM,15,1,0,0,arrivals,0.0,0.0,path3_margin
EKEB,15,12,12,12,arrivals,0.8,0.8,path3_margin
LECH,15,13,13,13,arrivals,0.8666666666666667,0.8666666666666667,path3_margin
LTAY,14,0,0,0,departures,0.0,0.0,path3_margin
ETSI,14,13,13,13,departures,0.9285714285714286,0.9285714285714286,path3_margin
LLHA,14,13,13,13,departures,0.9285714285714286,0.9285714285714286,path3_margin
LROD,14,0,0,0,departures,0.0,0.0,path3_margin
ENSH,14,1,0,0,departures,0.0,0.0,path3_margin
LTAR,14,0,0,0,departures,0.0,0.0,path3_margin
EFKU,14,14,14,14,departures,1.0,1.0,path3_margin
EDVE,14,14,14,14,departures,1.0,1.0,path3_margin
LGLM,14,0,0,0,departures,0.0,0.0,path3_margin
LFBH,14,9,8,8,arrivals,0.5714285714285714,0.5714285714285714,path3_margin
LPAZ,14,13,13,15,arrivals,0.9285714285714286,1.0714285714285714,path3_margin
LROD,14,0,0,1,arrivals,0.0,0.07142857142857142,path3_margin
ENRA,14,0,0,0,arrivals,0.0,0.0,path3_margin
EGAE,14,4,3,3,arrivals,0.21428571428571427,0.21428571428571427,path3_margin
LTAR,14,0,0,0,arrivals,0.0,0.0,path3_margin
LEPP,14,2,2,2,arrivals,0.14285714285714285,0.14285714285714285,path3_margin
LFRM,13,13,13,14,departures,1.0,1.0769230769230769,path3_margin
LFBH,13,13,13,13,departures,1.0,1.0,path3_margin
LTDA,13,0,0,0,departures,0.0,0.0,path3_margin
LGKV,13,13,13,13,departures,1.0,1.0,path3_margin
LPPS,13,0,0,0,departures,0.0,0.0,path3_margin
LFRZ,13,11,10,10,departures,0.7692307692307693,0.7692307692307693,path3_margin
LTCT,13,0,0,0,departures,0.0,0.0,path3_margin
LIBC,13,0,0,0,departures,0.0,0.0,path3_margin
EDMA,13,13,13,13,departures,1.0,1.0,path3_margin
EFVA,13,0,0,0,departures,0.0,0.0,path3_margin
UWGG,13,0,0,0,arrivals,0.0,0.0,path3_margin
LTAY,13,0,0,1,arrivals,0.0,0.07692307692307693,path3_margin
LGKV,13,13,13,14,arrivals,1.0,1.0769230769230769,path3_margin
LPPS,13,6,1,1,arrivals,0.07692307692307693,0.07692307692307693,path3_margin
LFRZ,13,13,12,18,arrivals,0.9230769230769231,1.3846153846153846,path3_margin
EFKU,13,13,13,13,arrivals,1.0,1.0,path3_margin
LTCT,13,0,0,0,arrivals,0.0,0.0,path3_margin
LBPD,13,1,0,1,arrivals,0.0,0.07692307692307693,path3_margin
ESNS,12,0,0,0,departures,0.0,0.0,path3_margin
LTFD,12,11,11,11,departures,0.9166666666666666,0.9166666666666666,path3_margin
EDFM,12,11,11,18,departures,0.9166666666666666,1.5,path3_margin
ENST,12,0,0,0,departures,0.0,0.0,path3_margin
LFMU,12,5,5,5,departures,0.4166666666666667,0.4166666666666667,path3_margin
ENBL,12,0,0,0,departures,0.0,0.0,path3_margin
EKRK,12,11,11,11,departures,0.9166666666666666,0.9166666666666666,path3_margin
GCGM,12,0,0,0,departures,0.0,0.0,path3_margin
ENSD,12,1,0,0,departures,0.0,0.0,path3_margin
LTCP,12,0,0,0,departures,0.0,0.0,path3_margin
LIRS,12,2,1,1,departures,0.08333333333333333,0.08333333333333333,path3_margin
LFTZ,12,11,0,0,departures,0.0,0.0,path3_margin
LTCN,12,0,0,0,departures,0.0,0.0,path3_margin
LFTW,12,12,12,12,departures,1.0,1.0,path3_margin
HLLB,12,1,0,0,departures,0.0,0.0,path3_margin
LGIO,12,10,10,10,arrivals,0.8333333333333334,0.8333333333333334,path3_margin
LTCD,12,0,0,0,arrivals,0.0,0.0,path3_margin
LTFD,12,12,12,12,arrivals,1.0,1.0,path3_margin
LIBF,12,0,0,0,arrivals,0.0,0.0,path3_margin
ETSI,12,11,10,10,arrivals,0.8333333333333334,0.8333333333333334,path3_margin
EKSB,12,12,12,12,arrivals,1.0,1.0,path3_margin
LGRX,12,2,1,1,arrivals,0.08333333333333333,0.08333333333333333,path3_margin
LFMU,12,11,11,11,arrivals,0.9166666666666666,0.9166666666666666,path3_margin
GCGM,12,0,0,0,arrivals,0.0,0.0,path3_margin
LTCN,12,0,0,0,arrivals,0.0,0.0,path3_margin
HLLB,12,1,1,1,arrivals,0.08333333333333333,0.08333333333333333,path3_margin
LIBC,12,0,0,0,arrivals,0.0,0.0,path3_margin
EFVA,12,0,0,0,arrivals,0.0,0.0,path3_margin
LRBV,11,10,10,10,departures,0.9090909090909091,0.9090909090909091,path3_margin
LTCD,11,0,0,0,departures,0.0,0.0,path3_margin
EGPN,11,11,11,12,departures,1.0,1.0909090909090908,path3_margin
LTCV,11,0,0,0,departures,0.0,0.0,path3_margin
LIPO,11,11,11,14,departures,1.0,1.2727272727272727,path3_margin
LGRX,11,0,0,1,departures,0.0,0.09090909090909091,path3_margin
ENAN,11,4,0,0,departures,0.0,0.0,path3_margin
GMML,11,0,0,0,departures,0.0,0.0,path3_margin
LFSD,11,11,11,11,departures,1.0,1.0,path3_margin
LFMV,11,11,11,11,arrivals,1.0,1.0,path3_margin
EGPN,11,11,11,11,arrivals,1.0,1.0,path3_margin
LTCV,11,0,0,0,arrivals,0.0,0.0,path3_margin
ESNS,11,8,8,8,arrivals,0.7272727272727273,0.7272727272727273,path3_margin
LTDA,11,0,0,0,arrivals,0.0,0.0,path3_margin
EDFM,11,10,10,16,arrivals,0.9090909090909091,1.4545454545454546,path3_margin
ENST,11,0,0,0,arrivals,0.0,0.0,path3_margin
LICB,11,11,10,12,arrivals,0.9090909090909091,1.0909090909090908,path3_margin
ENBL,11,0,0,0,arrivals,0.0,0.0,path3_margin
GMML,11,0,0,0,arrivals,0.0,0.0,path3_margin
ENSD,11,3,0,0,arrivals,0.0,0.0,path3_margin
LTCP,11,0,0,0,arrivals,0.0,0.0,path3_margin
LIRS,11,5,5,6,arrivals,0.45454545454545453,0.5454545454545454,path3_margin
LFTW,11,11,11,11,arrivals,1.0,1.0,path3_margin
EDMA,11,11,10,10,arrivals,0.9090909090909091,0.9090909090909091,path3_margin
LGIO,10,9,9,9,departures,0.9,0.9,path3_margin
LFMV,10,9,9,12,departures,0.9,1.2,path3_margin
EKSB,10,10,10,10,departures,1.0,1.0,path3_margin
ESNZ,10,8,8,8,departures,0.8,0.8,path3_margin
LQMO,10,0,0,0,departures,0.0,0.0,path3_margin
LGIK,10,6,0,0,departures,0.0,0.0,path3_margin
LIMP,10,6,6,7,departures,0.6,0.7,path3_margin
EHGG,10,10,10,10,departures,1.0,1.0,path3_margin
LIPK,10,8,8,8,departures,0.8,0.8,path3_margin
DAAE,10,2,2,2,departures,0.2,0.2,path3_margin
LFCR,10,10,10,10,arrivals,1.0,1.0,path3_margin
EKOD,10,10,10,10,arrivals,1.0,1.0,path3_margin
EHGG,10,10,10,13,arrivals,1.0,1.3,path3_margin
LDSB,10,1,0,1,arrivals,0.0,0.1,path3_margin
LIPK,10,8,8,8,arrivals,0.8,0.8,path3_margin
DAAE,10,3,3,3,arrivals,0.3,0.3,path3_margin
LICB,9,9,9,9,departures,1.0,1.0,path3_margin
EDTY,9,9,7,7,departures,0.7777777777777778,0.7777777777777778,path3_margin
LFCR,9,9,9,9,departures,1.0,1.0,path3_margin
LKPD,9,9,9,13,departures,1.0,1.4444444444444444,path3_margin
GMMI,9,0,0,0,departures,0.0,0.0,path3_margin
ESTA,9,1,1,1,departures,0.1111111111111111,0.1111111111111111,path3_margin
ESKN,9,7,7,7,departures,0.7777777777777778,0.7777777777777778,path3_margin
LBPD,9,0,0,0,departures,0.0,0.0,path3_margin
GMFK,9,0,0,0,departures,0.0,0.0,path3_margin
LTCO,9,0,0,0,departures,0.0,0.0,path3_margin
ENMS,9,0,0,0,departures,0.0,0.0,path3_margin
LDSB,9,0,0,0,departures,0.0,0.0,path3_margin
LTBR,9,7,6,7,departures,0.6666666666666666,0.7777777777777778,path3_margin
ENNA,9,0,0,0,departures,0.0,0.0,path3_margin
UUBW,9,0,0,0,arrivals,0.0,0.0,path3_margin
LRBV,9,9,9,9,arrivals,1.0,1.0,path3_margin
ESNZ,9,7,7,7,arrivals,0.7777777777777778,0.7777777777777778,path3_margin
EKRK,9,9,9,10,arrivals,1.0,1.1111111111111112,path3_margin
DAON,9,0,0,0,arrivals,0.0,0.0,path3_margin
LQMO,9,0,0,1,arrivals,0.0,0.1111111111111111,path3_margin
GMMI,9,0,0,0,arrivals,0.0,0.0,path3_margin
LGIK,9,5,0,0,arrivals,0.0,0.0,path3_margin
ENAN,9,4,0,0,arrivals,0.0,0.0,path3_margin
URML,9,0,0,0,arrivals,0.0,0.0,path3_margin
ESKN,9,7,6,7,arrivals,0.6666666666666666,0.7777777777777778,path3_margin
EGNR,9,8,0,0,arrivals,0.0,0.0,path3_margin
GMFK,9,0,0,0,arrivals,0.0,0.0,path3_margin
LTCO,9,1,0,0,arrivals,0.0,0.0,path3_margin
ENMS,9,0,0,0,arrivals,0.0,0.0,path3_margin
LTBR,9,7,7,11,arrivals,0.7777777777777778,1.2222222222222223,path3_margin
EPSY,8,6,6,7,departures,0.75,0.875,path3_margin
LSMP,8,8,7,8,departures,0.875,1.0,path3_margin
LQTZ,8,6,6,6,departures,0.75,0.75,path3_margin
LFSL,8,0,0,0,departures,0.0,0.0,path3_margin
LDOS,8,2,2,2,departures,0.25,0.25,path3_margin
EGPI,8,0,0,0,departures,0.0,0.0,path3_margin
ESMX,8,0,0,0,departures,0.0,0.0,path3_margin
EFMA,8,2,2,2,departures,0.25,0.25,path3_margin
LFRG,8,8,8,10,departures,1.0,1.25,path3_margin
EGPR,8,0,0,0,departures,0.0,0.0,path3_margin
BIEG,8,0,0,0,departures,0.0,0.0,path3_margin
DAON,8,1,1,1,departures,0.125,0.125,path3_margin
EDHI,8,8,0,0,departures,0.0,0.0,path3_margin
EDLN,8,8,3,3,departures,0.375,0.375,path3_margin
EFTP,8,5,5,5,departures,0.625,0.625,path3_margin
ENJS,8,0,0,0,departures,0.0,0.0,path3_margin
LFOT,8,3,3,3,departures,0.375,0.375,path3_margin
UBBG,8,0,0,0,departures,0.0,0.0,path3_margin
LGST,8,0,0,0,departures,0.0,0.0,path3_margin
LEBZ,8,7,7,7,departures,0.875,0.875,path3_margin
LFLB,8,8,6,6,arrivals,0.75,0.75,path3_margin
LSMP,8,8,3,5,arrivals,0.375,0.625,path3_margin
LQTZ,8,1,1,1,arrivals,0.125,0.125,path3_margin
LFSL,8,4,4,4,arrivals,0.5,0.5,path3_margin
LDOS,8,4,4,4,arrivals,0.5,0.5,path3_margin
EGPI,8,1,1,1,arrivals,0.125,0.125,path3_margin
ESMX,8,4,4,5,arrivals,0.5,0.625,path3_margin
EBKT,8,8,7,7,arrivals,0.875,0.875,path3_margin
EFMA,8,2,2,2,arrivals,0.25,0.25,path3_margin
BIEG,8,0,0,0,arrivals,0.0,0.0,path3_margin
LKPD,8,8,8,13,arrivals,1.0,1.625,path3_margin
ESTA,8,5,3,3,arrivals,0.375,0.375,path3_margin
LFOT,8,8,8,8,arrivals,1.0,1.0,path3_margin
LGST,8,0,0,0,arrivals,0.0,0.0,path3_margin
ENNA,8,0,0,0,arrivals,0.0,0.0,path3_margin
EDRY,7,7,0,0,departures,0.0,0.0,path3_margin
ENNM,7,3,0,0,departures,0.0,0.0,path3_margin
ESNQ,7,0,0,0,departures,0.0,0.0,path3_margin
LIBF,7,0,0,0,departures,0.0,0.0,path3_margin
LHDC,7,0,0,0,departures,0.0,0.0,path3_margin
EIDL,7,7,7,7,departures,1.0,1.0,path3_margin
LTCW,7,0,0,0,departures,0.0,0.0,path3_margin
BIIS,7,0,0,0,departures,0.0,0.0,path3_margin
EDTL,7,7,7,7,departures,1.0,1.0,path3_margin
EKOD,7,7,7,7,departures,1.0,1.0,path3_margin
OITT,7,0,0,0,departures,0.0,0.0,path3_margin
ESSL,7,6,6,6,departures,0.8571428571428571,0.8571428571428571,path3_margin
EGPL,7,0,0,0,departures,0.0,0.0,path3_margin
UUBW,7,0,0,0,departures,0.0,0.0,path3_margin
HEBA,7,6,6,6,departures,0.8571428571428571,0.8571428571428571,path3_margin
ESNQ,7,2,2,2,arrivals,0.2857142857142857,0.2857142857142857,path3_margin
EIDL,7,7,7,7,arrivals,1.0,1.0,path3_margin
LTCW,7,0,0,0,arrivals,0.0,0.0,path3_margin
EGPR,7,0,0,0,arrivals,0.0,0.0,path3_margin
BIIS,7,0,0,0,arrivals,0.0,0.0,path3_margin
DABB,7,1,0,0,arrivals,0.0,0.0,path3_margin
EDHI,7,7,0,0,arrivals,0.0,0.0,path3_margin
EDTL,7,7,4,5,arrivals,0.5714285714285714,0.7142857142857143,path3_margin
OITT,7,0,0,0,arrivals,0.0,0.0,path3_margin
ENJS,7,0,0,0,arrivals,0.0,0.0,path3_margin
EGPL,7,0,0,0,arrivals,0.0,0.0,path3_margin
LEBZ,7,7,7,7,arrivals,1.0,1.0,path3_margin
EDTY,7,7,6,6,arrivals,0.8571428571428571,0.8571428571428571,path3_margin
LIMP,7,5,5,6,arrivals,0.7142857142857143,0.8571428571428571,path3_margin
EDVK,6,4,3,3,departures,0.5,0.5,path3_margin
EHJA,6,0,0,0,departures,0.0,0.0,path3_margin
HEAL,6,1,1,1,departures,0.16666666666666666,0.16666666666666666,path3_margin
EGPU,6,0,0,0,departures,0.0,0.0,path3_margin
HEMM,6,0,0,0,departures,0.0,0.0,path3_margin
ESNK,6,0,0,0,departures,0.0,0.0,path3_margin
EDHL,6,6,6,6,departures,1.0,1.0,path3_margin
ENDU,6,0,0,0,departures,0.0,0.0,path3_margin
EFKE,6,0,0,0,departures,0.0,0.0,path3_margin
ESOE,6,3,3,3,departures,0.5,0.5,path3_margin
ENSO,6,6,6,14,departures,1.0,2.3333333333333335,path3_margin
EFJO,6,0,0,0,departures,0.0,0.0,path3_margin
LPPM,6,6,6,10,departures,1.0,1.6666666666666667,path3_margin
URML,6,0,0,0,departures,0.0,0.0,path3_margin
ENRM,6,0,0,1,departures,0.0,0.16666666666666666,path3_margin
LTCU,6,0,0,0,departures,0.0,0.0,path3_margin
EGNR,6,6,3,3,departures,0.5,0.5,path3_margin
LPVZ,6,6,2,3,departures,0.3333333333333333,0.5,path3_margin
ESKM,6,5,2,4,departures,0.3333333333333333,0.6666666666666666,path3_margin
ESNL,6,0,0,0,departures,0.0,0.0,path3_margin
EFIV,6,2,0,0,departures,0.0,0.0,path3_margin
DABB,6,0,0,0,departures,0.0,0.0,path3_margin
EDVK,6,4,4,6,arrivals,0.6666666666666666,1.0,path3_margin
HEAL,6,2,2,2,arrivals,0.3333333333333333,0.3333333333333333,path3_margin
EDRY,6,6,0,0,arrivals,0.0,0.0,path3_margin
EGPU,6,0,0,0,arrivals,0.0,0.0,path3_margin
ENNM,6,4,0,0,arrivals,0.0,0.0,path3_margin
ESNK,6,0,0,1,arrivals,0.0,0.16666666666666666,path3_margin
EDHL,6,6,6,6,arrivals,1.0,1.0,path3_margin
LHDC,6,0,0,0,arrivals,0.0,0.0,path3_margin
ESOE,6,6,6,7,arrivals,1.0,1.1666666666666667,path3_margin
ENSO,6,6,6,6,arrivals,1.0,1.0,path3_margin
EFJO,6,2,2,2,arrivals,0.3333333333333333,0.3333333333333333,path3_margin
LFLI,6,6,0,0,arrivals,0.0,0.0,path3_margin
LFEC,6,0,0,0,arrivals,0.0,0.0,path3_margin
LWOH,6,1,0,0,arrivals,0.0,0.0,path3_margin
HEBA,6,5,5,5,arrivals,0.8333333333333334,0.8333333333333334,path3_margin
LIMZ,6,6,6,6,arrivals,1.0,1.0,path3_margin
ENRM,6,3,3,6,arrivals,0.5,1.0,path3_margin
EFTP,6,5,5,5,arrivals,0.8333333333333334,0.8333333333333334,path3_margin
ENLE,6,0,0,0,arrivals,0.0,0.0,path3_margin
LTCU,6,0,0,0,arrivals,0.0,0.0,path3_margin
ESSL,6,6,6,8,arrivals,1.0,1.3333333333333333,path3_margin
LGLE,6,2,0,0,arrivals,0.0,0.0,path3_margin
EFIV,6,2,0,0,arrivals,0.0,0.0,path3_margin
ESKM,6,6,3,6,arrivals,0.5,1.0,path3_margin
ESNL,6,0,0,0,arrivals,0.0,0.0,path3_margin
ESNX,5,0,0,0,departures,0.0,0.0,path3_margin
LFLB,5,4,4,5,departures,0.8,1.0,path3_margin
EFKI,5,0,0,0,departures,0.0,0.0,path3_margin
ORMM,5,5,5,5,departures,1.0,1.0,path3_margin
EEKE,5,1,1,1,departures,0.2,0.2,path3_margin
LTCM,5,0,0,0,departures,0.0,0.0,path3_margin
LTCL,5,0,0,0,departures,0.0,0.0,path3_margin
LFEC,5,0,0,0,departures,0.0,0.0,path3_margin
LGKY,5,2,0,0,departures,0.0,0.0,path3_margin
ENHE,5,0,0,0,departures,0.0,0.0,path3_margin
ESNG,5,0,0,0,departures,0.0,0.0,path3_margin
LTAW,5,0,0,0,departures,0.0,0.0,path3_margin
ENFB,5,0,0,0,departures,0.0,0.0,path3_margin
LGKC,5,0,0,0,departures,0.0,0.0,path3_margin
ENLE,5,2,0,0,departures,0.0,0.0,path3_margin
EFJY,5,1,1,1,departures,0.2,0.2,path3_margin
EETU,5,1,1,1,departures,0.2,0.2,path3_margin
LFJL,5,4,4,4,departures,0.8,0.8,path3_margin
EFKK,5,5,5,5,departures,1.0,1.0,path3_margin
LRTM,5,0,0,0,departures,0.0,0.0,path3_margin
EDAH,5,2,2,2,departures,0.4,0.4,path3_margin
LGLE,5,0,0,0,departures,0.0,0.0,path3_margin
EGEC,5,0,0,0,departures,0.0,0.0,path3_margin
ESGT,5,1,1,1,departures,0.2,0.2,path3_margin
ENRS,5,3,0,0,departures,0.0,0.0,path3_margin
DAAS,5,0,0,0,departures,0.0,0.0,path3_margin
ESDF,5,5,5,5,departures,1.0,1.0,path3_margin
EEKA,5,0,0,0,departures,0.0,0.0,path3_margin
LFLI,5,5,0,1,departures,0.0,0.2,path3_margin
LWOH,5,0,0,0,departures,0.0,0.0,path3_margin
LIMZ,5,5,5,5,departures,1.0,1.0,path3_margin
GMMZ,5,0,0,0,departures,0.0,0.0,path3_margin
EPSY,5,2,2,4,arrivals,0.4,0.8,path3_margin
LSZS,5,0,0,0,arrivals,0.0,0.0,path3_margin
URMG,5,0,0,0,arrivals,0.0,0.0,path3_margin
EFKI,5,0,0,0,arrivals,0.0,0.0,path3_margin
HEMM,5,0,0,0,arrivals,0.0,0.0,path3_margin
ORMM,5,1,1,1,arrivals,0.2,0.2,path3_margin
ENDU,5,0,0,0,arrivals,0.0,0.0,path3_margin
EEKE,5,5,5,5,arrivals,1.0,1.0,path3_margin
DAAS,5,0,0,0,arrivals,0.0,0.0,path3_margin
LTCM,5,0,0,0,arrivals,0.0,0.0,path3_margin
LTCL,5,0,0,0,arrivals,0.0,0.0,path3_margin
LFRG,5,5,5,9,arrivals,1.0,1.8,path3_margin
EEKA,5,0,0,3,arrivals,0.0,0.6,path3_margin
ENHE,5,0,0,0,arrivals,0.0,0.0,path3_margin
LPPM,5,5,3,4,arrivals,0.6,0.8,path3_margin
ESNG,5,0,0,0,arrivals,0.0,0.0,path3_margin
LTAW,5,0,0,0,arrivals,0.0,0.0,path3_margin
EGVN,5,4,4,5,arrivals,0.8,1.0,path3_margin
GMMZ,5,0,0,0,arrivals,0.0,0.0,path3_margin
LESA,5,1,0,0,arrivals,0.0,0.0,path3_margin
UBBG,5,0,0,0,arrivals,0.0,0.0,path3_margin
LFJL,5,5,5,5,arrivals,1.0,1.0,path3_margin
LPVZ,5,5,1,1,arrivals,0.2,0.2,path3_margin
LRTM,5,0,0,0,arrivals,0.0,0.0,path3_margin
EDAH,5,3,3,5,arrivals,0.6,1.0,path3_margin
EGEC,5,0,0,0,arrivals,0.0,0.0,path3_margin
ENRS,5,0,0,0,arrivals,0.0,0.0,path3_margin
EKDF,5,0,0,0,arrivals,0.0,0.0,path3_margin
LGKC,5,0,0,0,arrivals,0.0,0.0,path3_margin
ENOA,5,1,0,0,arrivals,0.0,0.0,path3_margin
LGSO,4,0,0,0,departures,0.0,0.0,path3_margin
LFPN,4,4,4,4,departures,1.0,1.0,path3_margin
LFOZ,4,4,0,0,departures,0.0,0.0,path3_margin
UWSG,4,0,0,0,departures,0.0,0.0,path3_margin
EPRA,4,3,3,3,departures,0.75,0.75,path3_margin
LZTT,4,0,0,0,departures,0.0,0.0,path3_margin
ENRO,4,0,0,0,departures,0.0,0.0,path3_margin
EDQG,4,4,0,0,departures,0.0,0.0,path3_margin
ESNV,4,0,0,0,departures,0.0,0.0,path3_margin
LECU,4,3,3,3,departures,0.75,0.75,path3_margin
ESOH,4,4,0,0,departures,0.0,0.0,path3_margin
ESMT,4,1,1,1,departures,0.25,0.25,path3_margin
URWW,4,0,0,0,departures,0.0,0.0,path3_margin
ENSR,4,0,0,0,departures,0.0,0.0,path3_margin
ENGC,4,0,0,0,departures,0.0,0.0,path3_margin
ESOK,4,0,0,0,departures,0.0,0.0,path3_margin
LSZA,4,4,4,4,departures,1.0,1.0,path3_margin
EKDF,4,0,0,0,departures,0.0,0.0,path3_margin
EDAZ,4,4,0,0,departures,0.0,0.0,path3_margin
ESMQ,4,4,4,4,departures,1.0,1.0,path3_margin
LFRT,4,3,3,3,departures,0.75,0.75,path3_margin
LSGL,4,3,0,0,departures,0.0,0.0,path3_margin
LFLW,4,0,0,0,departures,0.0,0.0,path3_margin
LESA,4,0,0,0,departures,0.0,0.0,path3_margin
LESU,4,0,0,0,departures,0.0,0.0,path3_margin
LFRH,4,4,4,4,departures,1.0,1.0,path3_margin
LGBL,4,0,0,0,departures,0.0,0.0,path3_margin
LTAP,4,0,0,0,departures,0.0,0.0,path3_margin
LJPZ,4,3,2,2,departures,0.5,0.5,path3_margin
LFRD,4,4,4,4,departures,1.0,1.0,path3_margin
LTFC,4,0,0,0,departures,0.0,0.0,path3_margin
LKHK,4,4,0,0,departures,0.0,0.0,path3_margin
ESSP,4,3,3,3,departures,0.75,0.75,path3_margin
LKCS,4,4,4,4,departures,1.0,1.0,path3_margin
ESND,4,2,0,0,departures,0.0,0.0,path3_margin
EFKT,4,0,0,0,departures,0.0,0.0,path3_margin
EPZG,4,4,4,4,departures,1.0,1.0,path3_margin
ESGJ,4,0,0,0,departures,0.0,0.0,path3_margin
LGKS,4,0,0,0,departures,0.0,0.0,path3_margin
LFCK,4,4,4,4,departures,1.0,1.0,path3_margin
LEVD,4,0,0,0,departures,0.0,0.0,path3_margin
ORKK,4,0,0,0,departures,0.0,0.0,path3_margin
LGSO,4,2,0,0,arrivals,0.0,0.0,path3_margin
ESNX,4,0,0,0,arrivals,0.0,0.0,path3_margin
EDRZ,4,4,0,0,arrivals,0.0,0.0,path3_margin
UWSG,4,1,1,1,arrivals,0.25,0.25,path3_margin
LRBM,4,0,0,0,arrivals,0.0,0.0,path3_margin
LGPL,4,1,0,0,arrivals,0.0,0.0,path3_margin
URMO,4,0,0,0,arrivals,0.0,0.0,path3_margin
ENXO,4,0,0,0,arrivals,0.0,0.0,path3_margin
LZTT,4,1,1,1,arrivals,0.25,0.25,path3_margin
LEVD,4,0,0,0,arrivals,0.0,0.0,path3_margin
EHLL,4,0,0,0,arrivals,0.0,0.0,path3_margin
LFLX,4,0,0,0,arrivals,0.0,0.0,path3_margin
LKCS,4,4,4,5,arrivals,1.0,1.25,path3_margin
EDQG,4,4,0,0,arrivals,0.0,0.0,path3_margin
ENQG,4,0,0,0,arrivals,0.0,0.0,path3_margin
ESNV,4,0,0,0,arrivals,0.0,0.0,path3_margin
ESDF,4,2,2,3,arrivals,0.5,0.75,path3_margin
ESOH,4,4,0,0,arrivals,0.0,0.0,path3_margin
LGKY,4,3,0,0,arrivals,0.0,0.0,path3_margin
ENQS,4,0,0,0,arrivals,0.0,0.0,path3_margin
ENSR,4,0,0,0,arrivals,0.0,0.0,path3_margin
ENGC,4,0,0,0,arrivals,0.0,0.0,path3_margin
ESOK,4,1,1,1,arrivals,0.25,0.25,path3_margin
EDAZ,4,4,0,0,arrivals,0.0,0.0,path3_margin
EGNO,4,4,4,5,arrivals,1.0,1.25,path3_margin
LSGL,4,3,0,0,arrivals,0.0,0.0,path3_margin
EFJY,4,1,1,1,arrivals,0.25,0.25,path3_margin
LFRH,4,4,4,4,arrivals,1.0,1.0,path3_margin
LTAP,4,0,0,0,arrivals,0.0,0.0,path3_margin
EETU,4,2,2,3,arrivals,0.5,0.75,path3_margin
EFKK,4,4,4,4,arrivals,1.0,1.0,path3_margin
LTAS,4,0,0,1,arrivals,0.0,0.25,path3_margin
ESGJ,4,0,0,1,arrivals,0.0,0.25,path3_margin
LGKS,4,0,0,0,arrivals,0.0,0.0,path3_margin
LFCK,4,4,4,4,arrivals,1.0,1.0,path3_margin
LTFC,4,0,0,0,arrivals,0.0,0.0,path3_margin
LKHK,4,4,0,0,arrivals,0.0,0.0,path3_margin
EFKE,4,0,0,0,arrivals,0.0,0.0,path3_margin
ESSP,4,4,3,3,arrivals,0.75,0.75,path3_margin
LDLO,4,1,0,0,arrivals,0.0,0.0,path3_margin
ESND,4,3,0,0,arrivals,0.0,0.0,path3_margin
LSZA,4,4,4,5,arrivals,1.0,1.25,path3_margin
LZPP,4,4,4,4,arrivals,1.0,1.0,path3_margin
EFKT,4,1,1,1,arrivals,0.25,0.25,path3_margin
LFLW,4,0,0,0,arrivals,0.0,0.0,path3_margin
LGBL,4,2,2,2,arrivals,0.5,0.5,path3_margin
ESGT,4,1,1,1,arrivals,0.25,0.25,path3_margin
BIBD,3,0,0,0,departures,0.0,0.0,path3_margin
ENQO,3,0,0,0,departures,0.0,0.0,path3_margin
EGLK,3,3,3,4,departures,1.0,1.3333333333333333,path3_margin
LFBI,3,0,0,0,departures,0.0,0.0,path3_margin
ENWS,3,0,0,0,departures,0.0,0.0,path3_margin
URMG,3,0,0,0,departures,0.0,0.0,path3_margin
LRBM,3,0,0,0,departures,0.0,0.0,path3_margin
EGMD,3,3,2,2,departures,0.6666666666666666,0.6666666666666666,path3_margin
ETAR,3,3,3,4,departures,1.0,1.3333333333333333,path3_margin
EDGS,3,3,3,3,departures,1.0,1.0,path3_margin
URMO,3,0,0,0,departures,0.0,0.0,path3_margin
ENXO,3,1,0,0,departures,0.0,0.0,path3_margin
LELN,3,0,0,0,departures,0.0,0.0,path3_margin
LFLS,3,3,3,3,departures,1.0,1.0,path3_margin
EDTM,3,3,3,3,departures,1.0,1.0,path3_margin
LPBJ,3,2,2,2,departures,0.6666666666666666,0.6666666666666666,path3_margin
ENOL,3,1,1,1,departures,0.3333333333333333,0.3333333333333333,path3_margin
OJAM,3,0,0,0,departures,0.0,0.0,path3_margin
ENSE,3,0,0,0,departures,0.0,0.0,path3_margin
ENOC,3,0,0,0,departures,0.0,0.0,path3_margin
DTTX,3,0,0,0,departures,0.0,0.0,path3_margin
LTBH,3,0,0,0,departures,0.0,0.0,path3_margin
EFKS,3,0,0,0,departures,0.0,0.0,path3_margin
BIHN,3,0,0,0,departures,0.0,0.0,path3_margin
ENSL,3,0,0,0,departures,0.0,0.0,path3_margin
UDSG,3,0,0,0,departures,0.0,0.0,path3_margin
GMMB,3,1,0,0,departures,0.0,0.0,path3_margin
ENWY,3,0,0,0,departures,0.0,0.0,path3_margin
ESOW,3,3,3,3,departures,1.0,1.0,path3_margin
LTAL,3,0,0,0,departures,0.0,0.0,path3_margin
ESNO,3,0,0,0,departures,0.0,0.0,path3_margin
LTAS,3,0,0,0,departures,0.0,0.0,path3_margin
LFHP,3,0,0,0,departures,0.0,0.0,path3_margin
EGNH,3,3,3,5,departures,1.0,1.6666666666666667,path3_margin
LGSY,3,0,0,0,departures,0.0,0.0,path3_margin
LSZS,3,1,0,0,departures,0.0,0.0,path3_margin
ESNN,3,0,0,0,departures,0.0,0.0,path3_margin
ENWV,3,0,0,0,departures,0.0,0.0,path3_margin
GMTA,3,3,3,3,departures,1.0,1.0,path3_margin
LDLO,3,1,0,0,departures,0.0,0.0,path3_margin
EKHA,3,0,0,0,departures,0.0,0.0,path3_margin
LRCK,3,0,0,0,departures,0.0,0.0,path3_margin
LFAT,3,1,1,1,departures,0.3333333333333333,0.3333333333333333,path3_margin
EGNO,3,3,3,3,departures,1.0,1.0,path3_margin
ENOA,3,0,0,0,departures,0.0,0.0,path3_margin
LSZC,3,3,0,0,departures,0.0,0.0,path3_margin
ENQA,3,2,0,0,departures,0.0,0.0,path3_margin
OSDI,3,0,0,0,departures,0.0,0.0,path3_margin
ESUP,3,0,0,0,departures,0.0,0.0,path3_margin
BIBD,3,0,0,0,arrivals,0.0,0.0,path3_margin
ULAA,3,0,0,0,arrivals,0.0,0.0,path3_margin
LFBI,3,2,2,2,arrivals,0.6666666666666666,0.6666666666666666,path3_margin
LFLU,3,3,3,3,arrivals,1.0,1.0,path3_margin
LFOZ,3,2,0,0,arrivals,0.0,0.0,path3_margin
ENWS,3,0,0,0,arrivals,0.0,0.0,path3_margin
EHJA,3,0,0,0,arrivals,0.0,0.0,path3_margin
EPRA,3,3,3,6,arrivals,1.0,2.0,path3_margin
LFMQ,3,3,0,0,arrivals,0.0,0.0,path3_margin
OSDI,3,0,0,0,arrivals,0.0,0.0,path3_margin
LFOH,3,3,0,0,arrivals,0.0,0.0,path3_margin
LELN,3,3,3,3,arrivals,1.0,1.0,path3_margin
ESUP,3,0,0,0,arrivals,0.0,0.0,path3_margin
GMTA,3,3,3,3,arrivals,1.0,1.0,path3_margin
EDTM,3,3,3,3,arrivals,1.0,1.0,path3_margin
OJAM,3,0,0,0,arrivals,0.0,0.0,path3_margin
LECU,3,3,1,1,arrivals,0.3333333333333333,0.3333333333333333,path3_margin
ESMT,3,3,2,5,arrivals,0.6666666666666666,1.6666666666666667,path3_margin
ENOC,3,2,0,0,arrivals,0.0,0.0,path3_margin
DTTX,3,0,0,0,arrivals,0.0,0.0,path3_margin
LTBH,3,3,3,3,arrivals,1.0,1.0,path3_margin
EFKS,3,0,0,0,arrivals,0.0,0.0,path3_margin
ENSL,3,0,0,0,arrivals,0.0,0.0,path3_margin
UDSG,3,0,0,0,arrivals,0.0,0.0,path3_margin
GMMB,3,0,0,0,arrivals,0.0,0.0,path3_margin
ENWY,3,0,0,0,arrivals,0.0,0.0,path3_margin
ESOW,3,3,3,3,arrivals,1.0,1.0,path3_margin
LTAL,3,0,0,0,arrivals,0.0,0.0,path3_margin
ESNO,3,0,0,0,arrivals,0.0,0.0,path3_margin
LFHP,3,0,0,0,arrivals,0.0,0.0,path3_margin
EGNH,3,3,3,3,arrivals,1.0,1.0,path3_margin
EPZG,3,3,3,3,arrivals,1.0,1.0,path3_margin
LGSY,3,0,0,0,arrivals,0.0,0.0,path3_margin
LFRC,3,3,2,2,arrivals,0.6666666666666666,0.6666666666666666,path3_margin
ESUT,3,0,0,0,arrivals,0.0,0.0,path3_margin
EDGS,3,3,3,3,arrivals,1.0,1.0,path3_margin
ENRO,3,0,0,0,arrivals,0.0,0.0,path3_margin
ENWV,3,0,0,0,arrivals,0.0,0.0,path3_margin
LFLS,3,3,3,4,arrivals,1.0,1.3333333333333333,path3_margin
EKHA,3,0,0,0,arrivals,0.0,0.0,path3_margin
URWW,3,0,0,0,arrivals,0.0,0.0,path3_margin
ENFB,3,0,0,0,arrivals,0.0,0.0,path3_margin
ESMQ,3,3,3,7,arrivals,1.0,2.3333333333333335,path3_margin
BIHN,3,0,0,0,arrivals,0.0,0.0,path3_margin
EHFB,3,0,0,0,arrivals,0.0,0.0,path3_margin
ENQA,3,2,0,0,arrivals,0.0,0.0,path3_margin
LFRD,3,3,3,4,arrivals,1.0,1.3333333333333333,path3_margin
LFQG,2,0,0,0,departures,0.0,0.0,path3_margin
EHPK,2,2,0,0,departures,0.0,0.0,path3_margin
LFLU,2,2,2,2,departures,1.0,1.0,path3_margin
LTAG,2,0,0,0,departures,0.0,0.0,path3_margin
LFRC,2,2,1,9,departures,0.5,4.5,path3_margin
ENQV,2,0,0,0,departures,0.0,0.0,path3_margin
LFMQ,2,2,2,2,departures,1.0,1.0,path3_margin
EGFE,2,2,2,2,departures,1.0,1.0,path3_margin
EHKJ,2,0,0,0,departures,0.0,0.0,path3_margin
ENQC,2,1,0,0,departures,0.0,0.0,path3_margin
LFOK,2,1,1,1,departures,0.5,0.5,path3_margin
EGBJ,2,2,2,2,departures,1.0,1.0,path3_margin
LSGK,2,0,0,0,departures,0.0,0.0,path3_margin
EGPC,2,0,0,0,departures,0.0,0.0,path3_margin
LSGC,2,1,1,3,departures,0.5,1.5,path3_margin
ENNE,2,0,0,0,departures,0.0,0.0,path3_margin
ENQS,2,0,0,0,departures,0.0,0.0,path3_margin
ENXW,2,1,0,0,departures,0.0,0.0,path3_margin
LEAB,2,2,2,2,departures,1.0,1.0,path3_margin
EGVN,2,2,2,2,departures,1.0,1.0,path3_margin
EDXQ,2,2,0,0,departures,0.0,0.0,path3_margin
LTBY,2,0,0,0,departures,0.0,0.0,path3_margin
ENWA,2,0,0,0,departures,0.0,0.0,path3_margin
LFPT,2,2,2,3,departures,1.0,1.5,path3_margin
OENN,2,0,0,0,departures,0.0,0.0,path3_margin
ENUA,2,0,0,0,departures,0.0,0.0,path3_margin
LEGT,2,2,2,2,departures,1.0,1.0,path3_margin
LFGA,2,1,1,3,departures,0.5,1.5,path3_margin
LDRG,2,0,0,0,departures,0.0,0.0,path3_margin
GMMD,2,0,0,0,departures,0.0,0.0,path3_margin
LFRV,2,2,2,2,departures,1.0,1.0,path3_margin
LJMB,2,2,1,2,departures,0.5,1.0,path3_margin
LTBZ,2,0,0,0,departures,0.0,0.0,path3_margin
LTBU,2,2,2,2,departures,1.0,1.0,path3_margin
ESUT,2,0,0,0,departures,0.0,0.0,path3_margin
BIVO,2,0,0,0,departures,0.0,0.0,path3_margin
ENQD,2,0,0,0,departures,0.0,0.0,path3_margin
EHGQ,2,0,0,0,departures,0.0,0.0,path3_margin
LFOH,2,2,0,0,departures,0.0,0.0,path3_margin
LGPL,2,0,0,0,departures,0.0,0.0,path3_margin
LSTS,2,2,0,0,departures,0.0,0.0,path3_margin
EHLL,2,0,0,0,departures,0.0,0.0,path3_margin
GMAT,2,0,0,0,departures,0.0,0.0,path3_margin
BITN,2,0,0,0,departures,0.0,0.0,path3_margin
LFLX,2,0,0,0,departures,0.0,0.0,path3_margin
DAUB,2,0,0,0,departures,0.0,0.0,path3_margin
ORNI,2,0,0,0,departures,0.0,0.0,path3_margin
LEDA,2,0,0,0,departures,0.0,0.0,path3_margin
ETND,2,2,2,2,departures,1.0,1.0,path3_margin
LIBG,2,0,0,0,departures,0.0,0.0,path3_margin
LKKV,2,2,2,2,departures,1.0,1.0,path3_margin
LFAC,2,1,1,1,departures,0.5,0.5,path3_margin
ENQE,2,1,0,0,departures,0.0,0.0,path3_margin
EHFB,2,0,0,0,departures,0.0,0.0,path3_margin
EGNL,2,2,1,1,departures,0.5,0.5,path3_margin
LRSM,2,0,0,0,departures,0.0,0.0,path3_margin
ENQJ,2,0,0,0,departures,0.0,0.0,path3_margin
ULAA,2,0,0,0,departures,0.0,0.0,path3_margin
LGKJ,2,0,0,0,departures,0.0,0.0,path3_margin
ENGA,2,0,0,0,departures,0.0,0.0,path3_margin
DAOI,2,0,0,0,departures,0.0,0.0,path3_margin
LZPP,2,2,2,2,departures,1.0,1.0,path3_margin
ESST,2,2,2,4,departures,1.0,2.0,path3_margin
EIWF,2,1,1,1,departures,0.5,0.5,path3_margin
HLMS,2,0,0,0,departures,0.0,0.0,path3_margin
LFQG,2,0,0,0,arrivals,0.0,0.0,path3_margin
ENQO,2,0,0,0,arrivals,0.0,0.0,path3_margin
EGLK,2,2,1,1,arrivals,0.5,0.5,path3_margin
LTBZ,2,0,0,0,arrivals,0.0,0.0,path3_margin
LTAG,2,0,0,0,arrivals,0.0,0.0,path3_margin
LTBU,2,2,2,11,arrivals,1.0,5.5,path3_margin
ENQV,2,0,0,0,arrivals,0.0,0.0,path3_margin
EGMD,2,2,2,2,arrivals,1.0,1.0,path3_margin
LFOK,2,0,0,0,arrivals,0.0,0.0,path3_margin
ESNN,2,1,1,1,arrivals,0.5,0.5,path3_margin
LSGK,2,2,0,0,arrivals,0.0,0.0,path3_margin
EDMS,2,2,0,0,arrivals,0.0,0.0,path3_margin
ENWE,2,0,0,0,arrivals,0.0,0.0,path3_margin
LSGC,2,2,2,2,arrivals,1.0,1.0,path3_margin
ENNE,2,0,0,0,arrivals,0.0,0.0,path3_margin
DAUB,2,0,0,0,arrivals,0.0,0.0,path3_margin
EHKV,2,1,0,0,arrivals,0.0,0.0,path3_margin
ORNI,2,0,0,0,arrivals,0.0,0.0,path3_margin
LEDA,2,0,0,0,arrivals,0.0,0.0,path3_margin
ETND,2,2,2,2,arrivals,1.0,1.0,path3_margin
ENSE,2,0,0,0,arrivals,0.0,0.0,path3_margin
DAOI,2,1,1,1,arrivals,0.5,0.5,path3_margin
ENXW,2,0,0,0,arrivals,0.0,0.0,path3_margin
LEAB,2,2,2,2,arrivals,1.0,1.0,path3_margin
LFRT,2,2,0,0,arrivals,0.0,0.0,path3_margin
ENWA,2,1,0,0,arrivals,0.0,0.0,path3_margin
LFPT,2,2,0,0,arrivals,0.0,0.0,path3_margin
LKKV,2,2,2,2,arrivals,1.0,1.0,path3_margin
EHPG,2,2,0,0,arrivals,0.0,0.0,path3_margin
LEGT,2,2,1,1,arrivals,0.5,0.5,path3_margin
EKHB,2,0,0,0,arrivals,0.0,0.0,path3_margin
ESST,2,2,2,5,arrivals,1.0,2.5,path3_margin
ENQR,2,0,0,0,arrivals,0.0,0.0,path3_margin
EBMB,2,2,0,0,arrivals,0.0,0.0,path3_margin
LFRV,2,2,2,2,arrivals,1.0,1.0,path3_margin
DTTZ,2,0,0,0,arrivals,0.0,0.0,path3_margin
LJMB,2,1,0,0,arrivals,0.0,0.0,path3_margin
EHJR,2,0,0,0,arrivals,0.0,0.0,path3_margin
BIVO,2,0,0,0,arrivals,0.0,0.0,path3_margin
EHKJ,2,0,0,0,arrivals,0.0,0.0,path3_margin
ENQD,2,0,0,0,arrivals,0.0,0.0,path3_margin
OJAQ,2,1,0,0,arrivals,0.0,0.0,path3_margin
GMAT,2,1,0,0,arrivals,0.0,0.0,path3_margin
BITN,2,0,0,0,arrivals,0.0,0.0,path3_margin
LFSN,2,2,0,0,arrivals,0.0,0.0,path3_margin
LFJR,2,2,2,2,arrivals,1.0,1.0,path3_margin
EGPC,2,0,0,0,arrivals,0.0,0.0,path3_margin
EDFZ,2,2,0,0,arrivals,0.0,0.0,path3_margin
LRCK,2,0,0,0,arrivals,0.0,0.0,path3_margin
LOAN,2,2,1,2,arrivals,0.5,1.0,path3_margin
LTBY,2,0,0,0,arrivals,0.0,0.0,path3_margin
LIBG,2,1,0,0,arrivals,0.0,0.0,path3_margin
OENN,2,0,0,0,arrivals,0.0,0.0,path3_margin
ENUA,2,0,0,0,arrivals,0.0,0.0,path3_margin
EDLN,2,2,0,0,arrivals,0.0,0.0,path3_margin
LESU,2,0,0,0,arrivals,0.0,0.0,path3_margin
ENQE,2,0,0,0,arrivals,0.0,0.0,path3_margin
GMMD,2,0,0,0,arrivals,0.0,0.0,path3_margin
EGNL,2,2,1,1,arrivals,0.5,0.5,path3_margin
ENUD,2,0,0,0,arrivals,0.0,0.0,path3_margin
ENQJ,2,1,0,0,arrivals,0.0,0.0,path3_margin
HLMS,2,1,0,0,arrivals,0.0,0.0,path3_margin
ORKK,2,0,0,0,arrivals,0.0,0.0,path3_margin
EGBJ,2,2,2,2,arrivals,1.0,1.0,path3_margin
LFAT,2,2,1,2,arrivals,0.5,1.0,path3_margin
LFAC,2,2,1,1,arrivals,0.5,0.5,path3_margin
EBCV,1,1,1,1,departures,1.0,1.0,path3_margin
ENRK,1,1,0,0,departures,0.0,0.0,path3_margin
ULPB,1,0,0,0,departures,0.0,0.0,path3_margin
EHTW,1,1,1,1,departures,1.0,1.0,path3_margin
ENSF,1,0,0,0,departures,0.0,0.0,path3_margin
UGSA,1,0,0,0,departures,0.0,0.0,path3_margin
EDQM,1,1,1,1,departures,1.0,1.0,path3_margin
DABT,1,0,0,0,departures,0.0,0.0,path3_margin
LGTG,1,0,0,0,departures,0.0,0.0,path3_margin
EYSA,1,1,1,1,departures,1.0,1.0,path3_margin
EDMS,1,1,0,0,departures,0.0,0.0,path3_margin
URWA,1,0,0,0,departures,0.0,0.0,path3_margin
ENWE,1,0,0,0,departures,0.0,0.0,path3_margin
ENQG,1,0,0,0,departures,0.0,0.0,path3_margin
EHKV,1,0,0,0,departures,0.0,0.0,path3_margin
LFLA,1,0,0,0,departures,0.0,0.0,path3_margin
LFGF,1,1,0,0,departures,0.0,0.0,path3_margin
UMII,1,0,0,0,departures,0.0,0.0,path3_margin
LOIH,1,1,0,0,departures,0.0,0.0,path3_margin
ENQK,1,0,0,0,departures,0.0,0.0,path3_margin
ULMM,1,0,0,0,departures,0.0,0.0,path3_margin
ESMK,1,1,1,1,departures,1.0,1.0,path3_margin
EDWF,1,1,0,0,departures,0.0,0.0,path3_margin
LFAQ,1,1,0,0,departures,0.0,0.0,path3_margin
EKGC,1,0,0,0,departures,0.0,0.0,path3_margin
ENWK,1,0,0,0,departures,0.0,0.0,path3_margin
LFRO,1,1,1,1,departures,1.0,1.0,path3_margin
ULWC,1,0,0,0,departures,0.0,0.0,path3_margin
LFRI,1,0,0,1,departures,0.0,1.0,path3_margin
USKK,1,0,0,0,departures,0.0,0.0,path3_margin
UWPS,1,0,0,0,departures,0.0,0.0,path3_margin
EGEO,1,0,0,0,departures,0.0,0.0,path3_margin
LKKU,1,1,1,1,departures,1.0,1.0,path3_margin
EHPG,1,0,0,0,departures,0.0,0.0,path3_margin
ENWI,1,0,0,0,departures,0.0,0.0,path3_margin
LFCI,1,1,1,1,departures,1.0,1.0,path3_margin
EIWT,1,1,0,0,departures,0.0,0.0,path3_margin
EGUB,1,1,1,2,departures,1.0,2.0,path3_margin
ENLA,1,1,0,0,departures,0.0,0.0,path3_margin
LFBF,1,1,0,0,departures,0.0,0.0,path3_margin
LKRO,1,1,0,0,departures,0.0,0.0,path3_margin
EGSC,1,1,1,3,departures,1.0,3.0,path3_margin
EGHL,1,1,1,3,departures,1.0,3.0,path3_margin
ENDR,1,0,0,0,departures,0.0,0.0,path3_margin
LFCH,1,0,0,0,departures,0.0,0.0,path3_margin
DTTZ,1,0,0,0,departures,0.0,0.0,path3_margin
EFLP,1,0,0,0,departures,0.0,0.0,path3_margin
DAUH,1,0,0,0,departures,0.0,0.0,path3_margin
EPBC,1,0,0,0,departures,0.0,0.0,path3_margin
EPWK,1,0,0,0,departures,0.0,0.0,path3_margin
EDRZ,1,1,0,0,departures,0.0,0.0,path3_margin
EBSP,1,1,0,0,departures,0.0,0.0,path3_margin
GMAZ,1,1,0,0,departures,0.0,0.0,path3_margin
LKMH,1,1,0,0,departures,0.0,0.0,path3_margin
ENQL,1,0,0,0,departures,0.0,0.0,path3_margin
EHJR,1,0,0,0,departures,0.0,0.0,path3_margin
LEBA,1,1,1,1,departures,1.0,1.0,path3_margin
LKJI,1,1,0,0,departures,0.0,0.0,path3_margin
LYKV,1,1,0,1,departures,0.0,1.0,path3_margin
LIMG,1,0,0,0,departures,0.0,0.0,path3_margin
EDBM,1,1,0,0,departures,0.0,0.0,path3_margin
LFJR,1,1,1,1,departures,1.0,1.0,path3_margin
LRAR,1,0,0,0,departures,0.0,0.0,path3_margin
LFLH,1,1,0,0,departures,0.0,0.0,path3_margin
EDBC,1,1,0,0,departures,0.0,0.0,path3_margin
EDFZ,1,1,1,1,departures,1.0,1.0,path3_margin
ENQM,1,0,0,0,departures,0.0,0.0,path3_margin
EHKS,1,0,0,0,departures,0.0,0.0,path3_margin
EDFE,1,1,0,2,departures,0.0,2.0,path3_margin
LKPM,1,1,0,0,departures,0.0,0.0,path3_margin
LFSG,1,0,0,0,departures,0.0,0.0,path3_margin
UBBF,1,0,0,0,departures,0.0,0.0,path3_margin
ENBE,1,0,0,0,departures,0.0,0.0,path3_margin
DAAV,1,0,0,0,departures,0.0,0.0,path3_margin
DAUG,1,0,0,0,departures,0.0,0.0,path3_margin
EKSI,1,0,0,0,departures,0.0,0.0,path3_margin
EDTF,1,1,0,0,departures,0.0,0.0,path3_margin
EHJC,1,0,0,0,departures,0.0,0.0,path3_margin
EKHB,1,0,0,0,departures,0.0,0.0,path3_margin
LGKA,1,0,0,0,departures,0.0,0.0,path3_margin
EPCD,1,1,0,0,departures,0.0,0.0,path3_margin
ENUN,1,0,0,0,departures,0.0,0.0,path3_margin
BIGJ,1,0,0,0,departures,0.0,0.0,path3_margin
UBBL,1,0,0,0,departures,0.0,0.0,path3_margin
ENUD,1,0,0,0,departures,0.0,0.0,path3_margin
LFMH,1,1,1,1,departures,1.0,1.0,path3_margin
EPPW,1,0,0,0,departures,0.0,0.0,path3_margin
LFHS,1,1,0,0,departures,0.0,0.0,path3_margin
LFOP,1,1,1,1,departures,1.0,1.0,path3_margin
LOLW,1,1,0,0,departures,0.0,0.0,path3_margin
EHAK,1,0,0,0,departures,0.0,0.0,path3_margin
ENUE,1,0,0,0,departures,0.0,0.0,path3_margin
EDMV,1,0,0,0,departures,0.0,0.0,path3_margin
EKTE,1,0,0,0,departures,0.0,0.0,path3_margin
OJAQ,1,0,0,0,departures,0.0,0.0,path3_margin
EDAY,1,1,0,0,departures,0.0,0.0,path3_margin
EGOV,1,1,1,1,departures,1.0,1.0,path3_margin
LFLD,1,0,0,0,departures,0.0,0.0,path3_margin
ENUS,1,0,0,0,departures,0.0,0.0,path3_margin
LPEV,1,1,1,1,departures,1.0,1.0,path3_margin
ENRY,1,1,1,1,departures,1.0,1.0,path3_margin
LFBA,1,1,1,1,departures,1.0,1.0,path3_margin
EHFD,1,0,0,0,departures,0.0,0.0,path3_margin
ENQB,1,1,0,0,departures,0.0,0.0,path3_margin
OIGG,1,0,0,0,departures,0.0,0.0,path3_margin
LIRJ,1,0,0,0,departures,0.0,0.0,path3_margin
LCRA,1,1,1,1,departures,1.0,1.0,path3_margin
EHQM,1,0,0,0,departures,0.0,0.0,path3_margin
UUBC,1,0,0,0,departures,0.0,0.0,path3_margin
UUBI,1,0,0,0,departures,0.0,0.0,path3_margin
EGBK,1,1,0,0,departures,0.0,0.0,path3_margin
EHGN,1,0,0,0,departures,0.0,0.0,path3_margin
ENQR,1,0,0,0,departures,0.0,0.0,path3_margin
LSZG,1,1,1,1,departures,1.0,1.0,path3_margin
EHLE,1,1,1,1,departures,1.0,1.0,path3_margin
ENUK,1,0,0,0,departures,0.0,0.0,path3_margin
EBMB,1,1,0,0,departures,0.0,0.0,path3_margin
EDTD,1,1,1,2,departures,1.0,2.0,path3_margin
LGKZ,1,0,0,0,departures,0.0,0.0,path3_margin
LHPR,1,1,1,1,departures,1.0,1.0,path3_margin
LFLO,1,1,1,1,departures,1.0,1.0,path3_margin
DAUH,1,0,0,0,arrivals,0.0,0.0,path3_margin
EBCV,1,1,1,2,arrivals,1.0,2.0,path3_margin
EHFT,1,0,0,0,arrivals,0.0,0.0,path3_margin
ENRK,1,1,0,0,arrivals,0.0,0.0,path3_margin
ULPB,1,0,0,0,arrivals,0.0,0.0,path3_margin
LEBA,1,1,1,1,arrivals,1.0,1.0,path3_margin
UGSA,1,0,0,0,arrivals,0.0,0.0,path3_margin
LIMG,1,1,1,1,arrivals,1.0,1.0,path3_margin
EDBM,1,1,0,0,arrivals,0.0,0.0,path3_margin
URWA,1,0,0,0,arrivals,0.0,0.0,path3_margin
LFLD,1,0,0,0,arrivals,0.0,0.0,path3_margin
LPEV,1,1,1,1,arrivals,1.0,1.0,path3_margin
EDBC,1,1,0,0,arrivals,0.0,0.0,path3_margin
LFLA,1,0,0,0,arrivals,0.0,0.0,path3_margin
UMII,1,0,0,0,arrivals,0.0,0.0,path3_margin
ENQB,1,0,0,0,arrivals,0.0,0.0,path3_margin
OIGG,1,0,0,0,arrivals,0.0,0.0,path3_margin
LIRJ,1,0,0,0,arrivals,0.0,0.0,path3_margin
LFAQ,1,1,0,0,arrivals,0.0,0.0,path3_margin
ENWK,1,0,0,0,arrivals,0.0,0.0,path3_margin
LFRO,1,1,1,1,arrivals,1.0,1.0,path3_margin
LFTF,1,1,0,0,arrivals,0.0,0.0,path3_margin
ULWC,1,0,0,0,arrivals,0.0,0.0,path3_margin
EGTF,1,1,0,0,arrivals,0.0,0.0,path3_margin
DAAV,1,0,0,0,arrivals,0.0,0.0,path3_margin
USKK,1,0,0,0,arrivals,0.0,0.0,path3_margin
UWPS,1,0,0,0,arrivals,0.0,0.0,path3_margin
EDGE,1,1,0,0,arrivals,0.0,0.0,path3_margin
EKAR,1,0,0,0,arrivals,0.0,0.0,path3_margin
LSZC,1,1,0,0,arrivals,0.0,0.0,path3_margin
UUBC,1,0,0,2,arrivals,0.0,2.0,path3_margin
UUBI,1,0,0,0,arrivals,0.0,0.0,path3_margin
LFCI,1,1,1,1,arrivals,1.0,1.0,path3_margin
LFGA,1,1,1,1,arrivals,1.0,1.0,path3_margin
EGUB,1,1,1,1,arrivals,1.0,1.0,path3_margin
ENLA,1,0,0,0,arrivals,0.0,0.0,path3_margin
LKRO,1,1,0,0,arrivals,0.0,0.0,path3_margin
LRSM,1,0,0,0,arrivals,0.0,0.0,path3_margin
EHKE,1,0,0,0,arrivals,0.0,0.0,path3_margin
EGSC,1,1,1,1,arrivals,1.0,1.0,path3_margin
ENDR,1,0,0,0,arrivals,0.0,0.0,path3_margin
UBBL,1,0,0,0,arrivals,0.0,0.0,path3_margin
LHPR,1,1,1,1,arrivals,1.0,1.0,path3_margin
EGWC,1,1,1,1,arrivals,1.0,1.0,path3_margin
EHPK,1,1,0,0,arrivals,0.0,0.0,path3_margin
LPVR,1,1,1,4,arrivals,1.0,4.0,path3_margin
EPWK,1,0,0,0,arrivals,0.0,0.0,path3_margin
GMAZ,1,0,0,0,arrivals,0.0,0.0,path3_margin
LIQS,1,0,0,0,arrivals,0.0,0.0,path3_margin
LKMH,1,1,0,0,arrivals,0.0,0.0,path3_margin
EHTW,1,1,1,1,arrivals,1.0,1.0,path3_margin
EPNT,1,0,0,0,arrivals,0.0,0.0,path3_margin
EGFE,1,1,1,1,arrivals,1.0,1.0,path3_margin
ENQC,1,1,0,0,arrivals,0.0,0.0,path3_margin
LIMW,1,0,0,0,arrivals,0.0,0.0,path3_margin
LSTS,1,1,0,0,arrivals,0.0,0.0,path3_margin
LYKV,1,0,0,0,arrivals,0.0,0.0,path3_margin
EHDV,1,0,0,0,arrivals,0.0,0.0,path3_margin
EDLE,1,1,0,0,arrivals,0.0,0.0,path3_margin
EGBP,1,1,0,0,arrivals,0.0,0.0,path3_margin
ENQM,1,0,0,0,arrivals,0.0,0.0,path3_margin
EDFE,1,1,0,1,arrivals,0.0,1.0,path3_margin
LFSG,1,1,1,2,arrivals,1.0,2.0,path3_margin
UBBF,1,0,0,0,arrivals,0.0,0.0,path3_margin
EHFD,1,0,0,0,arrivals,0.0,0.0,path3_margin
EHLI,1,0,0,0,arrivals,0.0,0.0,path3_margin
EDBR,1,1,1,1,arrivals,1.0,1.0,path3_margin
EDXQ,1,1,0,0,arrivals,0.0,0.0,path3_margin
EDTF,1,1,0,0,arrivals,0.0,0.0,path3_margin
LDRG,1,1,0,0,arrivals,0.0,0.0,path3_margin
EIWT,1,1,0,0,arrivals,0.0,0.0,path3_margin
ENUN,1,0,0,0,arrivals,0.0,0.0,path3_margin
LGKZ,1,0,0,0,arrivals,0.0,0.0,path3_margin
LFMH,1,1,1,1,arrivals,1.0,1.0,path3_margin
EPPW,1,0,0,9,arrivals,0.0,9.0,path3_margin
LFPN,1,1,0,0,arrivals,0.0,0.0,path3_margin
LFOP,1,1,1,1,arrivals,1.0,1.0,path3_margin
LOLW,1,1,0,0,arrivals,0.0,0.0,path3_margin
ENSF,1,0,0,0,arrivals,0.0,0.0,path3_margin
EDQM,1,1,1,1,arrivals,1.0,1.0,path3_margin
DABT,1,0,0,0,arrivals,0.0,0.0,path3_margin
EHGQ,1,0,0,0,arrivals,0.0,0.0,path3_margin
EDMV,1,0,0,0,arrivals,0.0,0.0,path3_margin
EDAQ,1,1,0,0,arrivals,0.0,0.0,path3_margin
EGOV,1,1,0,0,arrivals,0.0,0.0,path3_margin
ENUS,1,0,0,0,arrivals,0.0,0.0,path3_margin
ENGA,1,0,0,0,arrivals,0.0,0.0,path3_margin
LRAR,1,0,0,2,arrivals,0.0,2.0,path3_margin
LFLH,1,1,0,0,arrivals,0.0,0.0,path3_margin
LFBA,1,1,1,1,arrivals,1.0,1.0,path3_margin
ULMM,1,0,0,0,arrivals,0.0,0.0,path3_margin
LFRI,1,0,0,0,arrivals,0.0,0.0,path3_margin
EHFR,1,0,0,0,arrivals,0.0,0.0,path3_margin
LGKA,1,0,0,0,arrivals,0.0,0.0,path3_margin
EGBK,1,1,0,0,arrivals,0.0,0.0,path3_margin
EIWF,1,1,1,1,arrivals,1.0,1.0,path3_margin
BIGJ,1,0,0,0,arrivals,0.0,0.0,path3_margin
LJPZ,1,1,1,2,arrivals,1.0,2.0,path3_margin
EHLE,1,1,1,1,arrivals,1.0,1.0,path3_margin
ENUK,1,0,0,0,arrivals,0.0,0.0,path3_margin
EDTD,1,1,1,1,arrivals,1.0,1.0,path3_margin
LFLO,1,1,0,0,arrivals,0.0,0.0,path3_margin
EFLP,1,0,0,0,arrivals,0.0,0.0,path3_margin
OOA,7964,41,0,0,arrivals,0.0,0.0,path4_radius
OOA,7892,93,0,0,departures,0.0,0.0,path4_radius
LTFM,2282,2115,2114,2125,departures,0.9263803680981595,0.9312007011393515,path4_radius
LTFM,2258,1917,1864,1864,arrivals,0.8255093002657219,0.8255093002657219,path4_radius
EHAM,2148,2144,2144,2161,departures,0.9981378026070763,1.0060521415270018,path4_radius
EHAM,2136,1931,1924,1926,arrivals,0.900749063670412,0.901685393258427,path4_radius
EDDF,2094,2085,2084,2087,departures,0.9952244508118434,0.9966571155682904,path4_radius
EDDF,2091,1836,1831,1833,arrivals,0.8756575801052128,0.8766140602582496,path4_radius
LFPG,2084,2067,2049,2059,departures,0.9832053742802304,0.988003838771593,path4_radius
LFPG,2066,1771,1770,1819,arrivals,0.856727976766699,0.8804453049370765,path4_radius
EGLL,2001,1989,1987,2026,departures,0.9930034982508745,1.0124937531234384,path4_radius
EGLL,1986,1701,1542,1672,arrivals,0.7764350453172205,0.8418932527693856,path4_radius
LEMD,1786,1579,1577,1582,arrivals,0.8829787234042553,0.8857782754759238,path4_radius
LEMD,1773,1756,1755,1757,departures,0.9898477157360406,0.990975747320925,path4_radius
LEBL,1597,1518,1515,1516,arrivals,0.9486537257357546,0.9492798998121478,path4_radius
LEBL,1591,1583,1582,1583,departures,0.994343180389692,0.9949717159019484,path4_radius
EDDM,1573,1568,1567,1570,departures,0.996185632549269,0.9980928162746344,path4_radius
EDDM,1571,1486,1483,1485,arrivals,0.9439847231063018,0.9452577975811585,path4_radius
LIRF,1449,1445,1444,1446,departures,0.9965493443754313,0.9979296066252588,path4_radius
LTAI,1437,988,988,994,arrivals,0.6875434933890049,0.6917188587334725,path4_radius
LEPA,1436,1418,1417,1419,arrivals,0.9867688022284122,0.9881615598885793,path4_radius
LTAI,1435,991,990,996,departures,0.6898954703832753,0.6940766550522648,path4_radius
LIRF,1433,1295,1293,1303,arrivals,0.9023028611304955,0.9092812281926029,path4_radius
LEPA,1417,1393,1393,1394,departures,0.9830628087508821,0.9837685250529288,path4_radius
LGAV,1317,642,631,634,arrivals,0.4791192103264996,0.48139711465451784,path4_radius
LGAV,1306,1187,1187,1197,departures,0.9088820826952527,0.9165390505359877,path4_radius
EGKK,1223,1220,1220,1222,departures,0.9975470155355682,0.9991823385118561,path4_radius
EGKK,1220,1130,1128,1128,arrivals,0.9245901639344263,0.9245901639344263,path4_radius
EIDW,1188,1107,1106,1109,arrivals,0.930976430976431,0.9335016835016835,path4_radius
EIDW,1185,1167,1165,1165,departures,0.9831223628691983,0.9831223628691983,path4_radius
LSZH,1178,1169,1161,1166,departures,0.9855687606112055,0.9898132427843803,path4_radius
LSZH,1160,1075,1072,1082,arrivals,0.9241379310344827,0.9327586206896552,path4_radius
LOWW,1156,1148,1146,1156,departures,0.9913494809688581,1.0,path4_radius
EKCH,1152,1071,1057,1057,arrivals,0.9175347222222222,0.9175347222222222,path4_radius
LOWW,1145,1075,1071,1076,arrivals,0.9353711790393013,0.9397379912663756,path4_radius
EKCH,1140,1128,1128,1133,departures,0.9894736842105263,0.993859649122807,path4_radius
LTFJ,1138,1013,1003,1020,arrivals,0.8813708260105448,0.8963093145869947,path4_radius
LTFJ,1137,1100,1100,1107,departures,0.9674582233948988,0.9736147757255936,path4_radius
LPPT,1010,1002,1002,1002,departures,0.9920792079207921,0.9920792079207921,path4_radius
LPPT,1001,904,900,901,arrivals,0.8991008991008991,0.9000999000999002,path4_radius
LFPO,992,986,986,991,departures,0.9939516129032258,0.998991935483871,path4_radius
LFPO,991,949,949,950,arrivals,0.9576185671039354,0.958627648839556,path4_radius
LIMC,973,968,966,967,departures,0.9928057553956835,0.9938335046248715,path4_radius
LIMC,967,893,887,892,arrivals,0.9172699069286453,0.922440537745605,path4_radius
ENGM,940,896,896,909,arrivals,0.9531914893617022,0.9670212765957447,path4_radius
ENGM,932,901,901,910,departures,0.9667381974248928,0.9763948497854077,path4_radius
EGCC,926,922,921,921,departures,0.9946004319654428,0.9946004319654428,path4_radius
EGCC,924,840,839,840,arrivals,0.908008658008658,0.9090909090909091,path4_radius
EGSS,888,851,845,849,arrivals,0.9515765765765766,0.956081081081081,path4_radius
EGSS,885,883,881,881,departures,0.9954802259887006,0.9954802259887006,path4_radius
EPWA,880,811,779,779,arrivals,0.8852272727272728,0.8852272727272728,path4_radius
EPWA,875,871,870,871,departures,0.9942857142857143,0.9954285714285714,path4_radius
EBBR,872,868,867,877,departures,0.9942660550458715,1.0057339449541285,path4_radius
EBBR,871,786,783,794,arrivals,0.8989667049368542,0.9115958668197475,path4_radius
EDDB,870,849,847,859,departures,0.9735632183908046,0.9873563218390805,path4_radius
LEMG,861,837,837,837,arrivals,0.9721254355400697,0.9721254355400697,path4_radius
LEMG,850,847,847,849,departures,0.9964705882352941,0.9988235294117647,path4_radius
ESSA,841,732,726,734,arrivals,0.8632580261593341,0.8727705112960761,path4_radius
EDDB,840,796,791,794,arrivals,0.9416666666666667,0.9452380952380952,path4_radius
ESSA,820,792,790,798,departures,0.9634146341463414,0.973170731707317,path4_radius
EDDL,758,754,751,757,departures,0.9907651715039578,0.9986807387862797,path4_radius
EDDL,751,729,728,734,arrivals,0.9693741677762983,0.9773635153129161,path4_radius
LFMN,710,690,686,724,arrivals,0.9661971830985916,1.019718309859155,path4_radius
LFMN,707,698,691,695,departures,0.9773691654879774,0.983026874115983,path4_radius
LSGG,680,665,664,673,departures,0.9764705882352941,0.9897058823529412,path4_radius
LSGG,670,649,646,653,arrivals,0.9641791044776119,0.9746268656716418,path4_radius
LKPR,667,659,658,661,departures,0.9865067466266867,0.9910044977511244,path4_radius
EFHK,666,578,577,580,arrivals,0.8663663663663663,0.8708708708708709,path4_radius
EFHK,659,654,654,659,departures,0.992412746585736,1.0,path4_radius
LKPR,657,620,617,619,arrivals,0.939117199391172,0.9421613394216134,path4_radius
LEAL,599,598,598,598,departures,0.998330550918197,0.998330550918197,path4_radius
LEAL,599,589,588,588,arrivals,0.9816360601001669,0.9816360601001669,path4_radius
EGPH,584,553,553,557,arrivals,0.946917808219178,0.9537671232876712,path4_radius
LHBP,578,568,567,568,departures,0.9809688581314879,0.9826989619377162,path4_radius
EGPH,577,572,571,571,departures,0.9896013864818024,0.9896013864818024,path4_radius
LHBP,577,542,539,542,arrivals,0.9341421143847487,0.9393414211438474,path4_radius
EGGW,552,535,527,530,arrivals,0.9547101449275363,0.9601449275362319,path4_radius
EGGW,550,550,546,548,departures,0.9927272727272727,0.9963636363636363,path4_radius
EDDH,538,532,529,537,departures,0.983271375464684,0.9981412639405205,path4_radius
EDDH,532,522,520,529,arrivals,0.9774436090225563,0.9943609022556391,path4_radius
GCLP,521,0,0,0,arrivals,0.0,0.0,path4_radius
GCLP,520,5,0,0,departures,0.0,0.0,path4_radius
LLBG,516,458,452,454,arrivals,0.875968992248062,0.8798449612403101,path4_radius
EDDK,515,500,499,500,departures,0.9689320388349515,0.970873786407767,path4_radius
LLBG,513,501,498,499,departures,0.9707602339181286,0.9727095516569201,path4_radius
LPPR,513,509,508,508,departures,0.9902534113060428,0.9902534113060428,path4_radius
LPPR,512,482,481,481,arrivals,0.939453125,0.939453125,path4_radius
LEIB,509,498,498,499,arrivals,0.9783889980353635,0.9803536345776032,path4_radius
EDDK,509,489,486,486,arrivals,0.9548133595284872,0.9548133595284872,path4_radius
LROP,509,496,494,495,arrivals,0.9705304518664047,0.9724950884086444,path4_radius
LROP,504,495,427,429,departures,0.8472222222222222,0.8511904761904762,path4_radius
LEIB,495,487,487,487,departures,0.9838383838383838,0.9838383838383838,path4_radius
EGBB,474,468,468,468,departures,0.9873417721518988,0.9873417721518988,path4_radius
EGBB,466,434,433,433,arrivals,0.9291845493562232,0.9291845493562232,path4_radius
LIML,465,458,456,462,arrivals,0.9806451612903225,0.9935483870967742,path4_radius
LIME,460,454,450,450,arrivals,0.9782608695652174,0.9782608695652174,path4_radius
LIML,458,451,451,457,departures,0.9847161572052402,0.9978165938864629,path4_radius
LIME,453,448,447,447,departures,0.9867549668874173,0.9867549668874173,path4_radius
LIRN,449,4,0,0,departures,0.0,0.0,path4_radius
LIRN,447,4,0,0,arrivals,0.0,0.0,path4_radius
LFML,445,441,439,443,arrivals,0.9865168539325843,0.9955056179775281,path4_radius
LFML,444,442,439,440,departures,0.9887387387387387,0.990990990990991,path4_radius
EDDS,440,422,417,420,departures,0.9477272727272728,0.9545454545454546,path4_radius
EDDS,433,413,413,419,arrivals,0.953810623556582,0.9676674364896074,path4_radius
LGIR,430,1,0,0,arrivals,0.0,0.0,path4_radius
LGIR,424,2,0,0,departures,0.0,0.0,path4_radius
LIPZ,412,408,408,409,departures,0.9902912621359223,0.9927184466019418,path4_radius
LFLL,412,401,399,413,arrivals,0.9684466019417476,1.0024271844660195,path4_radius
LFLL,411,406,405,420,departures,0.9854014598540146,1.0218978102189782,path4_radius
LIPZ,409,392,390,391,arrivals,0.9535452322738386,0.9559902200488998,path4_radius
LPFR,407,403,402,404,arrivals,0.9877149877149877,0.9926289926289926,path4_radius
LPFR,405,403,401,401,departures,0.9901234567901235,0.9901234567901235,path4_radius
LYBE,395,374,374,374,arrivals,0.9468354430379747,0.9468354430379747,path4_radius
LYBE,394,390,390,390,departures,0.9898477157360406,0.9898477157360406,path4_radius
LICC,391,348,329,333,arrivals,0.8414322250639387,0.8516624040920716,path4_radius
LICC,390,50,46,46,departures,0.11794871794871795,0.11794871794871795,path4_radius
LTAC,381,5,0,0,departures,0.0,0.0,path4_radius
LIPE,380,375,375,376,departures,0.9868421052631579,0.9894736842105263,path4_radius
LIPE,376,373,372,372,arrivals,0.9893617021276596,0.9893617021276596,path4_radius
LTAC,374,3,0,0,arrivals,0.0,0.0,path4_radius
LCLK,368,341,338,340,departures,0.9184782608695652,0.9239130434782609,path4_radius
LCLK,367,360,358,364,arrivals,0.9754768392370572,0.9918256130790191,path4_radius
GMMN,360,256,256,259,departures,0.7111111111111111,0.7194444444444444,path4_radius
EPKK,360,358,356,357,departures,0.9888888888888889,0.9916666666666667,path4_radius
EGGD,360,343,343,345,arrivals,0.9527777777777777,0.9583333333333334,path4_radius
EGGD,359,358,357,357,departures,0.9944289693593314,0.9944289693593314,path4_radius
LEVC,357,349,349,350,arrivals,0.9775910364145658,0.9803921568627451,path4_radius
GMMN,357,285,285,289,arrivals,0.7983193277310925,0.8095238095238095,path4_radius
ENBR,357,341,329,339,arrivals,0.9215686274509803,0.9495798319327731,path4_radius
EPKK,356,348,339,340,arrivals,0.952247191011236,0.9550561797752809,path4_radius
LEVC,355,323,323,323,departures,0.9098591549295775,0.9098591549295775,path4_radius
LFSB,354,350,349,351,departures,0.9858757062146892,0.9915254237288136,path4_radius
LFSB,352,344,343,344,arrivals,0.9744318181818182,0.9772727272727273,path4_radius
ENBR,349,339,339,352,departures,0.9713467048710601,1.008595988538682,path4_radius
LTBJ,346,63,60,60,departures,0.17341040462427745,0.17341040462427745,path4_radius
LGRP,346,317,316,317,arrivals,0.9132947976878613,0.9161849710982659,path4_radius
EGPF,346,308,307,310,arrivals,0.8872832369942196,0.8959537572254336,path4_radius
EGPF,344,325,323,324,departures,0.938953488372093,0.9418604651162791,path4_radius
LTBJ,341,14,14,14,arrivals,0.04105571847507331,0.04105571847507331,path4_radius
LGRP,340,321,321,322,departures,0.9441176470588235,0.9470588235294117,path4_radius
LMML,326,322,322,325,departures,0.9877300613496932,0.9969325153374233,path4_radius
LMML,326,320,318,319,arrivals,0.9754601226993865,0.9785276073619632,path4_radius
LATI,323,0,0,0,arrivals,0.0,0.0,path4_radius
GCTS,323,0,0,0,arrivals,0.0,0.0,path4_radius
GCTS,321,3,0,0,departures,0.0,0.0,path4_radius
GCXO,320,2,2,2,arrivals,0.00625,0.00625,path4_radius
GCXO,319,281,281,283,departures,0.8808777429467085,0.8871473354231975,path4_radius
LATI,316,2,0,0,departures,0.0,0.0,path4_radius
LICJ,314,141,138,139,arrivals,0.4394904458598726,0.4426751592356688,path4_radius
LICJ,310,217,217,221,departures,0.7,0.7129032258064516,path4_radius
EBCI,304,304,304,304,departures,1.0,1.0,path4_radius
EBCI,303,301,300,300,arrivals,0.9900990099009901,0.9900990099009901,path4_radius
BIKF,297,293,293,294,departures,0.9865319865319865,0.98989898989899,path4_radius
BIKF,296,98,96,97,arrivals,0.32432432432432434,0.3277027027027027,path4_radius
ELLX,294,292,292,292,departures,0.9931972789115646,0.9931972789115646,path4_radius
ELLX,294,284,284,287,arrivals,0.9659863945578231,0.9761904761904762,path4_radius
LFBO,293,291,291,292,departures,0.9931740614334471,0.9965870307167235,path4_radius
LFBO,290,289,287,287,arrivals,0.9896551724137931,0.9896551724137931,path4_radius
LGTS,281,267,266,269,arrivals,0.9466192170818505,0.9572953736654805,path4_radius
LTBS,280,10,8,8,arrivals,0.02857142857142857,0.02857142857142857,path4_radius
LGTS,279,223,222,225,departures,0.7956989247311828,0.8064516129032258,path4_radius
GMMX,279,14,13,13,arrivals,0.04659498207885305,0.04659498207885305,path4_radius
GMMX,278,7,5,5,departures,0.017985611510791366,0.017985611510791366,path4_radius
EVRA,278,230,229,230,arrivals,0.8237410071942446,0.8273381294964028,path4_radius
LEZL,276,267,266,267,arrivals,0.9637681159420289,0.967391304347826,path4_radius
LEZL,275,274,274,274,departures,0.9963636363636363,0.9963636363636363,path4_radius
LTBS,273,2,0,0,departures,0.0,0.0,path4_radius
EVRA,273,270,269,270,departures,0.9853479853479854,0.989010989010989,path4_radius
LBSF,272,3,2,2,departures,0.007352941176470588,0.007352941176470588,path4_radius
GCRR,269,1,0,0,departures,0.0,0.0,path4_radius
GCRR,269,0,0,0,arrivals,0.0,0.0,path4_radius
EGNX,267,264,264,264,departures,0.9887640449438202,0.9887640449438202,path4_radius
LBSF,267,5,1,1,arrivals,0.003745318352059925,0.003745318352059925,path4_radius
EDDP,261,244,243,244,arrivals,0.9310344827586207,0.9348659003831418,path4_radius
EPKT,259,250,249,249,departures,0.9613899613899614,0.9613899613899614,path4_radius
HEGN,258,0,0,0,arrivals,0.0,0.0,path4_radius
HEGN,257,0,0,0,departures,0.0,0.0,path4_radius
UGTB,257,30,27,27,departures,0.10505836575875487,0.10505836575875487,path4_radius
LFRS,257,252,251,252,arrivals,0.9766536964980544,0.980544747081712,path4_radius
UGTB,257,52,50,53,arrivals,0.19455252918287938,0.20622568093385213,path4_radius
EPKT,257,243,240,240,arrivals,0.933852140077821,0.933852140077821,path4_radius
LFRS,256,245,245,245,departures,0.95703125,0.95703125,path4_radius
EDDP,256,254,254,256,departures,0.9921875,1.0,path4_radius
EGNX,255,239,239,239,arrivals,0.9372549019607843,0.9372549019607843,path4_radius
LIEO,252,112,110,110,arrivals,0.4365079365079365,0.4365079365079365,path4_radius
EPGD,248,24,23,23,departures,0.09274193548387097,0.09274193548387097,path4_radius
LGKR,247,32,28,28,arrivals,0.11336032388663968,0.11336032388663968,path4_radius
EGAA,246,240,149,149,arrivals,0.6056910569105691,0.6056910569105691,path4_radius
LGKR,244,9,9,9,departures,0.036885245901639344,0.036885245901639344,path4_radius
HECA,244,32,31,31,departures,0.12704918032786885,0.12704918032786885,path4_radius
EPGD,244,22,1,3,arrivals,0.004098360655737705,0.012295081967213115,path4_radius
EGAA,239,220,220,221,departures,0.9205020920502092,0.9246861924686193,path4_radius
ENZV,236,79,77,87,departures,0.326271186440678,0.3686440677966102,path4_radius
ENZV,236,72,68,72,arrivals,0.288135593220339,0.3050847457627119,path4_radius
LEBB,235,0,0,0,arrivals,0.0,0.0,path4_radius
LEBB,234,2,0,0,departures,0.0,0.0,path4_radius
LTFE,232,205,205,212,arrivals,0.8836206896551724,0.9137931034482759,path4_radius
HECA,231,75,61,61,arrivals,0.26406926406926406,0.26406926406926406,path4_radius
LFPB,230,227,226,249,departures,0.9826086956521739,1.0826086956521739,path4_radius
LIBD,229,2,0,0,arrivals,0.0,0.0,path4_radius
LIBD,228,1,0,0,departures,0.0,0.0,path4_radius
LIEO,228,43,37,37,departures,0.16228070175438597,0.16228070175438597,path4_radius
LIRP,228,222,222,229,arrivals,0.9736842105263158,1.0043859649122806,path4_radius
UUWW,227,13,4,4,arrivals,0.01762114537444934,0.01762114537444934,path4_radius
LEMH,226,221,221,222,arrivals,0.9778761061946902,0.9823008849557522,path4_radius
LFBD,225,222,222,224,departures,0.9866666666666667,0.9955555555555555,path4_radius
LFPB,225,218,173,177,arrivals,0.7688888888888888,0.7866666666666666,path4_radius
LEMH,222,200,200,200,departures,0.9009009009009009,0.9009009009009009,path4_radius
LTFE,220,48,43,46,departures,0.19545454545454546,0.20909090909090908,path4_radius
LIRP,220,208,208,208,departures,0.9454545454545454,0.9454545454545454,path4_radius
ENVA,219,208,208,224,arrivals,0.9497716894977168,1.0228310502283104,path4_radius
LFBD,219,215,215,216,arrivals,0.9817351598173516,0.9863013698630136,path4_radius
LUKK,217,2,0,0,departures,0.0,0.0,path4_radius
ENVA,217,211,199,201,departures,0.9170506912442397,0.9262672811059908,path4_radius
LUKK,217,2,0,0,arrivals,0.0,0.0,path4_radius
LDSP,216,3,0,0,departures,0.0,0.0,path4_radius
ESGG,216,214,214,214,departures,0.9907407407407407,0.9907407407407407,path4_radius
UUWW,216,5,5,5,departures,0.023148148148148147,0.023148148148148147,path4_radius
LDZA,215,71,69,69,departures,0.3209302325581395,0.3209302325581395,path4_radius
LDSP,215,5,0,0,arrivals,0.0,0.0,path4_radius
LDZA,215,210,209,212,arrivals,0.9720930232558139,0.986046511627907,path4_radius
ESGG,214,210,208,210,arrivals,0.9719626168224299,0.9813084112149533,path4_radius
UUEE,214,3,3,9,arrivals,0.014018691588785047,0.04205607476635514,path4_radius
EDDV,213,211,211,212,departures,0.9906103286384976,0.9953051643192489,path4_radius
GCFV,212,1,0,0,departures,0.0,0.0,path4_radius
UUEE,212,51,51,53,departures,0.24056603773584906,0.25,path4_radius
EGNT,211,199,199,199,departures,0.943127962085308,0.943127962085308,path4_radius
GCFV,211,2,0,0,arrivals,0.0,0.0,path4_radius
EGNT,211,184,184,184,arrivals,0.8720379146919431,0.8720379146919431,path4_radius
EDDV,209,202,202,203,arrivals,0.9665071770334929,0.9712918660287081,path4_radius
EGGP,208,204,203,221,departures,0.9759615384615384,1.0625,path4_radius
EGGP,206,195,194,203,arrivals,0.941747572815534,0.9854368932038835,path4_radius
LIRQ,202,12,12,12,departures,0.0594059405940594,0.0594059405940594,path4_radius
EDDN,201,196,194,196,departures,0.9651741293532339,0.9751243781094527,path4_radius
EDDN,199,193,192,196,arrivals,0.964824120603015,0.9849246231155779,path4_radius
LGSA,199,60,58,58,arrivals,0.2914572864321608,0.2914572864321608,path4_radius
EGLC,198,198,198,255,departures,1.0,1.2878787878787878,path4_radius
LIRQ,198,121,113,113,arrivals,0.5707070707070707,0.5707070707070707,path4_radius
LGSA,196,87,87,87,departures,0.44387755102040816,0.44387755102040816,path4_radius
LIEE,195,5,4,4,arrivals,0.020512820512820513,0.020512820512820513,path4_radius
EPWR,194,190,189,191,arrivals,0.9742268041237113,0.9845360824742269,path4_radius
EPWR,193,192,192,192,departures,0.9948186528497409,0.9948186528497409,path4_radius
EGNM,193,175,173,175,arrivals,0.8963730569948186,0.9067357512953368,path4_radius
UDYZ,192,0,0,0,departures,0.0,0.0,path4_radius
UDYZ,192,1,0,0,arrivals,0.0,0.0,path4_radius
LIEE,191,3,2,2,departures,0.010471204188481676,0.010471204188481676,path4_radius
EHEH,191,191,189,189,departures,0.9895287958115183,0.9895287958115183,path4_radius
EGNM,190,185,184,185,departures,0.968421052631579,0.9736842105263158,path4_radius
EHEH,190,190,186,187,arrivals,0.9789473684210527,0.9842105263157894,path4_radius
EYVI,189,162,119,122,arrivals,0.6296296296296297,0.6455026455026455,path4_radius
EGLC,189,189,188,406,arrivals,0.9947089947089947,2.1481481481481484,path4_radius
EYVI,186,176,176,182,departures,0.946236559139785,0.978494623655914,path4_radius
DAAG,186,72,71,71,departures,0.3817204301075269,0.3817204301075269,path4_radius
DTTA,186,0,0,0,arrivals,0.0,0.0,path4_radius
DTTA,185,0,0,0,departures,0.0,0.0,path4_radius
DAAG,184,133,132,133,arrivals,0.717391304347826,0.7228260869565217,path4_radius
LFOB,181,180,180,180,departures,0.994475138121547,0.994475138121547,path4_radius
LFOB,181,177,177,177,arrivals,0.9779005524861878,0.9779005524861878,path4_radius
LDDU,180,5,0,0,arrivals,0.0,0.0,path4_radius
LGKO,178,168,168,170,departures,0.9438202247191011,0.9550561797752809,path4_radius
LDDU,177,2,0,0,departures,0.0,0.0,path4_radius
LGKO,177,167,167,170,arrivals,0.943502824858757,0.96045197740113,path4_radius
EETN,162,142,142,142,arrivals,0.8765432098765432,0.8765432098765432,path4_radius
EPPO,161,156,156,156,departures,0.968944099378882,0.968944099378882,path4_radius
HESH,161,1,0,0,arrivals,0.0,0.0,path4_radius
UMKK,160,1,0,0,departures,0.0,0.0,path4_radius
EETN,159,149,149,150,departures,0.9371069182389937,0.9433962264150944,path4_radius
LPMA,159,159,159,159,departures,1.0,1.0,path4_radius
HESH,159,2,0,0,departures,0.0,0.0,path4_radius
UMKK,159,8,4,36,arrivals,0.025157232704402517,0.22641509433962265,path4_radius
LPMA,158,10,10,10,arrivals,0.06329113924050633,0.06329113924050633,path4_radius
LIMF,157,156,154,155,departures,0.9808917197452229,0.9872611464968153,path4_radius
LIMF,157,155,155,158,arrivals,0.9872611464968153,1.0063694267515924,path4_radius
LIRA,156,153,146,148,arrivals,0.9358974358974359,0.9487179487179487,path4_radius
LIRA,154,152,152,155,departures,0.987012987012987,1.0064935064935066,path4_radius
EPPO,154,149,148,154,arrivals,0.961038961038961,1.0,path4_radius
EKBI,154,150,149,149,arrivals,0.9675324675324676,0.9675324675324676,path4_radius
LPPD,153,47,47,47,departures,0.30718954248366015,0.30718954248366015,path4_radius
EKBI,152,148,148,149,departures,0.9736842105263158,0.9802631578947368,path4_radius
LPPD,151,91,90,92,arrivals,0.5960264900662252,0.609271523178808,path4_radius
ULLI,148,1,0,0,arrivals,0.0,0.0,path4_radius
OLBA,144,35,31,31,departures,0.2152777777777778,0.2152777777777778,path4_radius
LIPX,144,143,142,142,departures,0.9861111111111112,0.9861111111111112,path4_radius
OLBA,144,41,38,39,arrivals,0.2638888888888889,0.2708333333333333,path4_radius
ENTC,143,6,0,0,arrivals,0.0,0.0,path4_radius
ULLI,142,0,0,0,departures,0.0,0.0,path4_radius
LIPX,142,138,137,143,arrivals,0.9647887323943662,1.0070422535211268,path4_radius
LGSR,139,3,0,0,departures,0.0,0.0,path4_radius
LGSR,139,2,0,0,arrivals,0.0,0.0,path4_radius
ENTC,138,4,0,0,departures,0.0,0.0,path4_radius
LTCG,138,105,104,104,arrivals,0.7536231884057971,0.7536231884057971,path4_radius
EGPD,137,125,125,125,departures,0.9124087591240876,0.9124087591240876,path4_radius
EGPD,136,123,123,123,arrivals,0.9044117647058824,0.9044117647058824,path4_radius
ENBO,134,129,129,158,departures,0.9626865671641791,1.1791044776119404,path4_radius
EBLG,134,134,133,136,departures,0.9925373134328358,1.0149253731343284,path4_radius
LTDB,133,5,1,1,departures,0.007518796992481203,0.007518796992481203,path4_radius
LTCG,133,124,124,124,departures,0.9323308270676691,0.9323308270676691,path4_radius
ENBO,133,124,120,139,arrivals,0.9022556390977443,1.0451127819548873,path4_radius
LRCL,130,0,0,0,departures,0.0,0.0,path4_radius
LIBR,130,2,0,0,departures,0.0,0.0,path4_radius
LRCL,129,0,0,0,arrivals,0.0,0.0,path4_radius
LTDB,129,3,0,0,arrivals,0.0,0.0,path4_radius
LGZA,126,124,124,128,departures,0.9841269841269841,1.0158730158730158,path4_radius
EBLG,126,98,95,97,arrivals,0.753968253968254,0.7698412698412699,path4_radius
LGZA,126,119,119,119,arrivals,0.9444444444444444,0.9444444444444444,path4_radius
LIBR,125,0,0,0,arrivals,0.0,0.0,path4_radius
EGAC,123,121,121,122,departures,0.983739837398374,0.991869918699187,path4_radius
EGAC,123,120,120,210,arrivals,0.975609756097561,1.7073170731707317,path4_radius
BKPR,120,0,0,0,departures,0.0,0.0,path4_radius
BKPR,120,2,0,0,arrivals,0.0,0.0,path4_radius
EICK,120,119,119,119,arrivals,0.9916666666666667,0.9916666666666667,path4_radius
EICK,119,118,118,118,departures,0.9915966386554622,0.9915966386554622,path4_radius
LDZD,118,15,12,12,arrivals,0.1016949152542373,0.1016949152542373,path4_radius
OJAI,116,3,0,3,departures,0.0,0.02586206896551724,path4_radius
OJAI,116,0,0,6,arrivals,0.0,0.05172413793103448,path4_radius
LDZD,114,1,0,0,departures,0.0,0.0,path4_radius
LICA,112,1,0,0,arrivals,0.0,0.0,path4_radius
EGLF,110,110,110,114,departures,1.0,1.0363636363636364,path4_radius
LICA,108,0,0,0,departures,0.0,0.0,path4_radius
EGJJ,108,106,105,105,arrivals,0.9722222222222222,0.9722222222222222,path4_radius
EGLF,108,107,0,0,arrivals,0.0,0.0,path4_radius
LCPH,107,99,98,99,arrivals,0.9158878504672897,0.9252336448598131,path4_radius
LWSK,106,0,0,0,departures,0.0,0.0,path4_radius
OKKK,106,105,105,105,departures,0.9905660377358491,0.9905660377358491,path4_radius
LEST,106,97,84,84,arrivals,0.7924528301886793,0.7924528301886793,path4_radius
LCPH,105,74,74,74,departures,0.7047619047619048,0.7047619047619048,path4_radius
LGMK,105,52,50,50,departures,0.47619047619047616,0.47619047619047616,path4_radius
LEST,105,88,88,88,departures,0.8380952380952381,0.8380952380952381,path4_radius
LZIB,105,101,101,101,departures,0.9619047619047619,0.9619047619047619,path4_radius
LEGE,105,51,48,48,arrivals,0.45714285714285713,0.45714285714285713,path4_radius
LWSK,105,1,0,0,arrivals,0.0,0.0,path4_radius
LZIB,105,104,103,103,arrivals,0.9809523809523809,0.9809523809523809,path4_radius
LEGE,104,94,94,98,departures,0.9038461538461539,0.9423076923076923,path4_radius
LGMK,104,81,81,88,arrivals,0.7788461538461539,0.8461538461538461,path4_radius
EDJA,104,103,102,103,arrivals,0.9807692307692307,0.9903846153846154,path4_radius
EDJA,102,101,101,101,departures,0.9901960784313726,0.9901960784313726,path4_radius
OKKK,102,29,29,30,arrivals,0.28431372549019607,0.29411764705882354,path4_radius
EGJJ,101,97,96,96,departures,0.9504950495049505,0.9504950495049505,path4_radius
EHRD,100,100,99,101,arrivals,0.99,1.01,path4_radius
EHRD,99,98,96,99,departures,0.9696969696969697,1.0,path4_radius
LBBG,97,94,92,92,arrivals,0.9484536082474226,0.9484536082474226,path4_radius
LOWS,96,95,95,98,departures,0.9895833333333334,1.0208333333333333,path4_radius
LOWS,95,93,90,90,arrivals,0.9473684210526315,0.9473684210526315,path4_radius
DTTJ,94,0,0,0,arrivals,0.0,0.0,path4_radius
LJLJ,94,90,89,90,arrivals,0.9468085106382979,0.9574468085106383,path4_radius
LBBG,93,87,87,87,departures,0.9354838709677419,0.9354838709677419,path4_radius
LQSA,93,0,0,0,departures,0.0,0.0,path4_radius
LQSA,93,0,0,0,arrivals,0.0,0.0,path4_radius
GMAD,92,2,0,0,departures,0.0,0.0,path4_radius
EGKB,92,91,30,30,departures,0.32608695652173914,0.32608695652173914,path4_radius
EINN,91,89,89,89,departures,0.978021978021978,0.978021978021978,path4_radius
GMAD,91,0,0,0,arrivals,0.0,0.0,path4_radius
EGKB,91,90,0,2,arrivals,0.0,0.02197802197802198,path4_radius
LJLJ,90,87,87,88,departures,0.9666666666666667,0.9777777777777777,path4_radius
DTTJ,89,0,0,0,departures,0.0,0.0,path4_radius
UUDD,89,7,7,7,departures,0.07865168539325842,0.07865168539325842,path4_radius
EDDW,88,87,86,86,departures,0.9772727272727273,0.9772727272727273,path4_radius
GMTT,88,88,88,88,departures,1.0,1.0,path4_radius
EDLW,87,85,85,86,departures,0.9770114942528736,0.9885057471264368,path4_radius
EDDW,87,87,87,89,arrivals,1.0,1.0229885057471264,path4_radius
GMTT,87,86,86,87,arrivals,0.9885057471264368,1.0,path4_radius
EDLW,87,85,84,84,arrivals,0.9655172413793104,0.9655172413793104,path4_radius
EINN,86,80,80,81,arrivals,0.9302325581395349,0.9418604651162791,path4_radius
LIMJ,86,86,85,85,arrivals,0.9883720930232558,0.9883720930232558,path4_radius
EGHI,86,78,78,79,arrivals,0.9069767441860465,0.9186046511627907,path4_radius
LIPH,85,85,85,85,departures,1.0,1.0,path4_radius
GCLA,85,3,2,2,departures,0.023529411764705882,0.023529411764705882,path4_radius
LIPH,85,85,85,85,arrivals,1.0,1.0,path4_radius
EDSB,85,78,78,82,arrivals,0.9176470588235294,0.9647058823529412,path4_radius
LFKB,84,35,34,34,departures,0.40476190476190477,0.40476190476190477,path4_radius
LFKB,84,77,77,77,arrivals,0.9166666666666666,0.9166666666666666,path4_radius
GCLA,84,15,15,15,arrivals,0.17857142857142858,0.17857142857142858,path4_radius
EGHI,83,75,75,76,departures,0.9036144578313253,0.9156626506024096,path4_radius
EGJB,83,76,76,77,departures,0.9156626506024096,0.927710843373494,path4_radius
LYTV,83,1,0,0,arrivals,0.0,0.0,path4_radius
LYTV,82,3,0,0,departures,0.0,0.0,path4_radius
EDSB,81,76,76,77,departures,0.9382716049382716,0.9506172839506173,path4_radius
EGNS,81,75,74,74,arrivals,0.9135802469135802,0.9135802469135802,path4_radius
DTMB,81,0,0,0,arrivals,0.0,0.0,path4_radius
EGNS,80,71,71,71,departures,0.8875,0.8875,path4_radius
LFKJ,80,80,80,80,arrivals,1.0,1.0,path4_radius
LIMJ,79,76,75,75,departures,0.9493670886075949,0.9493670886075949,path4_radius
DTMB,79,0,0,0,departures,0.0,0.0,path4_radius
LFKJ,78,78,78,78,departures,1.0,1.0,path4_radius
EDFH,77,75,75,75,departures,0.974025974025974,0.974025974025974,path4_radius
LYPG,77,1,0,0,departures,0.0,0.0,path4_radius
LYPG,77,0,0,0,arrivals,0.0,0.0,path4_radius
EKYT,75,73,73,73,departures,0.9733333333333334,0.9733333333333334,path4_radius
LBWN,75,58,58,60,arrivals,0.7733333333333333,0.8,path4_radius
LFMT,75,75,75,75,arrivals,1.0,1.0,path4_radius
UUDD,75,5,1,2,arrivals,0.013333333333333334,0.02666666666666667,path4_radius
LFMT,74,74,74,74,departures,1.0,1.0,path4_radius
EDFH,74,71,71,71,arrivals,0.9594594594594594,0.9594594594594594,path4_radius
LTAJ,74,0,0,0,arrivals,0.0,0.0,path4_radius
EGJB,74,70,62,66,arrivals,0.8378378378378378,0.8918918918918919,path4_radius
LTAU,73,0,0,0,arrivals,0.0,0.0,path4_radius
LTAJ,72,0,0,0,departures,0.0,0.0,path4_radius
LFMD,72,69,41,41,arrivals,0.5694444444444444,0.5694444444444444,path4_radius
EGHH,72,67,66,68,arrivals,0.9166666666666666,0.9444444444444444,path4_radius
ENTO,72,69,66,66,arrivals,0.9166666666666666,0.9166666666666666,path4_radius
LBWN,71,15,14,14,departures,0.19718309859154928,0.19718309859154928,path4_radius
LRIA,71,1,0,0,departures,0.0,0.0,path4_radius
EGHH,71,70,69,69,departures,0.971830985915493,0.971830985915493,path4_radius
ENTO,71,49,48,48,departures,0.676056338028169,0.676056338028169,path4_radius
EKYT,71,69,69,69,arrivals,0.971830985915493,0.971830985915493,path4_radius
LTAU,70,0,0,0,departures,0.0,0.0,path4_radius
LEAS,69,37,37,37,departures,0.5362318840579711,0.5362318840579711,path4_radius
UGSB,69,46,45,45,arrivals,0.6521739130434783,0.6521739130434783,path4_radius
EDLV,69,69,69,69,arrivals,1.0,1.0,path4_radius
EDLV,68,68,68,68,departures,1.0,1.0,path4_radius
LERS,68,61,61,61,arrivals,0.8970588235294118,0.8970588235294118,path4_radius
LEAS,68,5,5,5,arrivals,0.07352941176470588,0.07352941176470588,path4_radius
LRIA,68,0,0,1,arrivals,0.0,0.014705882352941176,path4_radius
UGSB,67,57,57,57,departures,0.8507462686567164,0.8507462686567164,path4_radius
LERS,67,22,22,22,departures,0.3283582089552239,0.3283582089552239,path4_radius
URSS,67,0,0,0,arrivals,0.0,0.0,path4_radius
LFMD,65,59,57,60,departures,0.8769230769230769,0.9230769230769231,path4_radius
LFKF,65,59,59,59,arrivals,0.9076923076923077,0.9076923076923077,path4_radius
GMME,64,17,17,17,departures,0.265625,0.265625,path4_radius
GMME,63,28,26,26,arrivals,0.4126984126984127,0.4126984126984127,path4_radius
LIEA,62,62,62,62,departures,1.0,1.0,path4_radius
LGKF,62,62,61,61,departures,0.9838709677419355,0.9838709677419355,path4_radius
LIEA,62,62,62,62,arrivals,1.0,1.0,path4_radius
LIPQ,61,58,58,58,departures,0.9508196721311475,0.9508196721311475,path4_radius
LFKF,61,28,28,28,departures,0.45901639344262296,0.45901639344262296,path4_radius
EDDG,60,60,60,60,departures,1.0,1.0,path4_radius
EPRZ,60,57,56,56,departures,0.9333333333333333,0.9333333333333333,path4_radius
LGKF,60,57,57,59,arrivals,0.95,0.9833333333333333,path4_radius
DTNH,59,0,0,0,departures,0.0,0.0,path4_radius
LRTR,59,0,0,0,departures,0.0,0.0,path4_radius
LIPQ,59,59,58,58,arrivals,0.9830508474576272,0.9830508474576272,path4_radius
LTBA,58,56,53,57,departures,0.9137931034482759,0.9827586206896551,path4_radius
DTNH,58,0,0,0,arrivals,0.0,0.0,path4_radius
EPRZ,58,56,54,54,arrivals,0.9310344827586207,0.9310344827586207,path4_radius
LFBZ,57,57,57,61,arrivals,1.0,1.0701754385964912,path4_radius
LRTR,57,1,1,2,arrivals,0.017543859649122806,0.03508771929824561,path4_radius
LFQQ,57,56,56,57,arrivals,0.9824561403508771,1.0,path4_radius
LOWG,56,56,53,54,departures,0.9464285714285714,0.9642857142857143,path4_radius
LFQQ,56,56,56,56,departures,1.0,1.0,path4_radius
LTCC,56,0,0,0,arrivals,0.0,0.0,path4_radius
EDDG,56,54,54,54,arrivals,0.9642857142857143,0.9642857142857143,path4_radius
LFBZ,55,12,12,12,departures,0.21818181818181817,0.21818181818181817,path4_radius
LTCC,55,2,0,0,departures,0.0,0.0,path4_radius
LDPL,55,49,48,50,arrivals,0.8727272727272727,0.9090909090909091,path4_radius
LFTH,55,53,51,60,arrivals,0.9272727272727272,1.0909090909090908,path4_radius
EYKA,54,45,45,46,departures,0.8333333333333334,0.8518518518518519,path4_radius
LOWG,53,53,53,57,arrivals,1.0,1.0754716981132075,path4_radius
LKTB,52,51,48,49,departures,0.9230769230769231,0.9423076923076923,path4_radius
URSS,52,0,0,0,departures,0.0,0.0,path4_radius
GMFF,52,0,0,0,departures,0.0,0.0,path4_radius
LTBA,52,47,42,72,arrivals,0.8076923076923077,1.3846153846153846,path4_radius
LKTB,52,51,50,52,arrivals,0.9615384615384616,1.0,path4_radius
GMFF,52,0,0,0,arrivals,0.0,0.0,path4_radius
LFTH,51,31,29,41,departures,0.5686274509803921,0.803921568627451,path4_radius
EGPE,51,48,48,48,departures,0.9411764705882353,0.9411764705882353,path4_radius
EHKD,50,42,41,53,departures,0.82,1.06,path4_radius
LFST,50,48,47,47,arrivals,0.94,0.94,path4_radius
EYKA,50,26,9,14,arrivals,0.18,0.28,path4_radius
LDPL,49,44,43,45,departures,0.8775510204081632,0.9183673469387755,path4_radius
UGKO,49,0,0,0,departures,0.0,0.0,path4_radius
LFST,49,47,47,47,departures,0.9591836734693877,0.9591836734693877,path4_radius
DAOO,49,35,34,34,arrivals,0.6938775510204082,0.6938775510204082,path4_radius
UGKO,49,1,0,0,arrivals,0.0,0.0,path4_radius
EGFF,49,46,44,44,arrivals,0.8979591836734694,0.8979591836734694,path4_radius
EGPE,49,45,45,45,arrivals,0.9183673469387755,0.9183673469387755,path4_radius
DAOO,48,18,18,18,departures,0.375,0.375,path4_radius
EGFF,48,47,47,50,departures,0.9791666666666666,1.0416666666666667,path4_radius
UBBN,48,0,0,0,departures,0.0,0.0,path4_radius
ENCN,48,36,36,36,departures,0.75,0.75,path4_radius
EHKD,48,37,37,45,arrivals,0.7708333333333334,0.9375,path4_radius
ENAL,48,1,1,1,arrivals,0.020833333333333332,0.020833333333333332,path4_radius
UBBN,48,1,0,0,arrivals,0.0,0.0,path4_radius
ORBI,48,1,0,0,arrivals,0.0,0.0,path4_radius
LFRB,47,41,41,41,departures,0.8723404255319149,0.8723404255319149,path4_radius
ENAL,46,1,1,1,departures,0.021739130434782608,0.021739130434782608,path4_radius
ENKB,46,0,0,0,departures,0.0,0.0,path4_radius
LGPZ,46,2,1,1,arrivals,0.021739130434782608,0.021739130434782608,path4_radius
LTFH,45,6,6,6,departures,0.13333333333333333,0.13333333333333333,path4_radius
LGPZ,45,1,0,0,departures,0.0,0.0,path4_radius
EDDC,45,44,44,44,departures,0.9777777777777777,0.9777777777777777,path4_radius
LGPA,45,0,0,0,departures,0.0,0.0,path4_radius
LTFH,45,4,3,3,arrivals,0.06666666666666667,0.06666666666666667,path4_radius
EDDC,45,45,45,45,arrivals,1.0,1.0,path4_radius
LIRI,44,6,0,0,departures,0.0,0.0,path4_radius
GEML,44,43,43,43,departures,0.9772727272727273,0.9772727272727273,path4_radius
ORER,44,0,0,0,departures,0.0,0.0,path4_radius
ESSB,44,38,37,38,departures,0.8409090909090909,0.8636363636363636,path4_radius
BIRK,44,41,41,41,departures,0.9318181818181818,0.9318181818181818,path4_radius
GEML,44,43,43,45,arrivals,0.9772727272727273,1.0227272727272727,path4_radius
ORER,44,0,0,0,arrivals,0.0,0.0,path4_radius
LEJR,44,43,43,44,arrivals,0.9772727272727273,1.0,path4_radius
BIRK,44,37,36,39,arrivals,0.8181818181818182,0.8863636363636364,path4_radius
ENKB,44,0,0,0,arrivals,0.0,0.0,path4_radius
LFRB,44,39,39,39,arrivals,0.8863636363636364,0.8863636363636364,path4_radius
LKMT,44,39,39,41,arrivals,0.8863636363636364,0.9318181818181818,path4_radius
LKMT,43,40,39,39,departures,0.9069767441860465,0.9069767441860465,path4_radius
LIBP,43,43,43,43,arrivals,1.0,1.0,path4_radius
LOWI,43,31,30,30,arrivals,0.6976744186046512,0.6976744186046512,path4_radius
ENCN,43,12,12,12,arrivals,0.27906976744186046,0.27906976744186046,path4_radius
EPMO,42,42,42,43,departures,1.0,1.0238095238095237,path4_radius
ENEV,42,6,0,0,departures,0.0,0.0,path4_radius
ORBI,42,0,0,0,departures,0.0,0.0,path4_radius
LIRI,42,10,7,7,arrivals,0.16666666666666666,0.16666666666666666,path4_radius
UMMS,42,2,2,2,arrivals,0.047619047619047616,0.047619047619047616,path4_radius
ESMS,42,36,36,37,arrivals,0.8571428571428571,0.8809523809523809,path4_radius
ENEV,42,9,0,0,arrivals,0.0,0.0,path4_radius
LGSM,42,22,22,23,arrivals,0.5238095238095238,0.5476190476190477,path4_radius
ESMS,41,38,38,38,departures,0.926829268292683,0.926829268292683,path4_radius
LIBP,41,41,41,41,departures,1.0,1.0,path4_radius
LGSM,41,9,8,8,departures,0.1951219512195122,0.1951219512195122,path4_radius
LIRZ,41,41,41,45,arrivals,1.0,1.0975609756097562,path4_radius
UMMS,40,15,15,15,departures,0.375,0.375,path4_radius
LEJR,40,40,40,40,departures,1.0,1.0,path4_radius
LEVX,40,20,20,21,arrivals,0.5,0.525,path4_radius
UWKD,40,0,0,0,arrivals,0.0,0.0,path4_radius
LICT,40,7,7,7,arrivals,0.175,0.175,path4_radius
EPMO,40,34,30,34,arrivals,0.75,0.85,path4_radius
LEAM,40,39,39,40,arrivals,0.975,1.0,path4_radius
GMMW,40,38,36,36,arrivals,0.9,0.9,path4_radius
LGPA,40,0,0,0,arrivals,0.0,0.0,path4_radius
LEVT,39,0,0,0,departures,0.0,0.0,path4_radius
LICT,39,8,8,8,departures,0.20512820512820512,0.20512820512820512,path4_radius
LIRZ,39,39,35,35,departures,0.8974358974358975,0.8974358974358975,path4_radius
LEXJ,39,0,0,0,departures,0.0,0.0,path4_radius
GMMW,39,33,33,33,departures,0.8461538461538461,0.8461538461538461,path4_radius
EGPB,39,0,0,0,arrivals,0.0,0.0,path4_radius
LEVT,39,0,0,0,arrivals,0.0,0.0,path4_radius
LEZG,39,16,15,15,arrivals,0.38461538461538464,0.38461538461538464,path4_radius
EDLP,39,35,35,36,arrivals,0.8974358974358975,0.9230769230769231,path4_radius
EGPB,38,0,0,0,departures,0.0,0.0,path4_radius
UWKD,38,0,0,0,departures,0.0,0.0,path4_radius
LEZG,38,14,14,15,departures,0.3684210526315789,0.39473684210526316,path4_radius
ESPA,38,0,0,0,departures,0.0,0.0,path4_radius
LEVX,37,2,1,1,departures,0.02702702702702703,0.02702702702702703,path4_radius
LGSK,37,5,5,5,departures,0.13513513513513514,0.13513513513513514,path4_radius
LOWL,37,36,36,37,departures,0.972972972972973,1.0,path4_radius
LEAM,37,35,35,35,departures,0.9459459459459459,0.9459459459459459,path4_radius
LIPY,37,2,1,1,departures,0.02702702702702703,0.02702702702702703,path4_radius
LGSK,37,30,30,30,arrivals,0.8108108108108109,0.8108108108108109,path4_radius
ESSB,37,32,32,36,arrivals,0.8648648648648649,0.972972972972973,path4_radius
LEXJ,37,0,0,0,arrivals,0.0,0.0,path4_radius
EGTE,36,33,33,33,departures,0.9166666666666666,0.9166666666666666,path4_radius
LECO,36,35,35,35,departures,0.9722222222222222,0.9722222222222222,path4_radius
EGTE,36,33,33,33,arrivals,0.9166666666666666,0.9166666666666666,path4_radius
LIPY,36,17,17,18,arrivals,0.4722222222222222,0.5,path4_radius
LTFO,36,21,21,21,arrivals,0.5833333333333334,0.5833333333333334,path4_radius
EGMC,35,35,35,36,departures,1.0,1.0285714285714285,path4_radius
EDLP,35,32,32,33,departures,0.9142857142857143,0.9428571428571428,path4_radius
LZKZ,35,28,28,28,departures,0.8,0.8,path4_radius
LTFO,35,0,0,0,departures,0.0,0.0,path4_radius
LTFG,35,35,34,34,arrivals,0.9714285714285714,0.9714285714285714,path4_radius
ESPA,35,0,0,0,arrivals,0.0,0.0,path4_radius
LECO,35,35,35,48,arrivals,1.0,1.3714285714285714,path4_radius
GMFO,34,6,6,6,departures,0.17647058823529413,0.17647058823529413,path4_radius
LTFG,34,34,34,34,departures,1.0,1.0,path4_radius
LEGR,34,0,0,0,departures,0.0,0.0,path4_radius
LOWL,34,32,31,31,arrivals,0.9117647058823529,0.9117647058823529,path4_radius
LICR,34,1,0,0,arrivals,0.0,0.0,path4_radius
GMFO,34,27,27,27,arrivals,0.7941176470588235,0.7941176470588235,path4_radius
LEGR,34,1,1,1,arrivals,0.029411764705882353,0.029411764705882353,path4_radius
LGMT,34,34,34,34,arrivals,1.0,1.0,path4_radius
LZKZ,34,29,29,29,arrivals,0.8529411764705882,0.8529411764705882,path4_radius
LICR,33,0,0,0,departures,0.0,0.0,path4_radius
LTCI,33,0,0,0,departures,0.0,0.0,path4_radius
LGMT,33,31,31,32,departures,0.9393939393939394,0.9696969696969697,path4_radius
LOWI,33,28,27,27,departures,0.8181818181818182,0.8181818181818182,path4_radius
EGMC,33,33,33,63,arrivals,1.0,1.9090909090909092,path4_radius
EKAH,33,30,30,30,arrivals,0.9090909090909091,0.9090909090909091,path4_radius
EGWU,32,32,0,2,departures,0.0,0.0625,path4_radius
LTCB,32,6,6,6,departures,0.1875,0.1875,path4_radius
EKAH,32,26,26,26,departures,0.8125,0.8125,path4_radius
LFRN,32,32,32,32,departures,1.0,1.0,path4_radius
LEMI,32,31,31,31,arrivals,0.96875,0.96875,path4_radius
LTCI,32,0,0,0,arrivals,0.0,0.0,path4_radius
LEMI,31,31,31,31,departures,1.0,1.0,path4_radius
EIKN,31,30,30,30,departures,0.967741935483871,0.967741935483871,path4_radius
ENHD,31,5,4,4,departures,0.12903225806451613,0.12903225806451613,path4_radius
EDMO,31,29,27,27,departures,0.8709677419354839,0.8709677419354839,path4_radius
LFRN,31,31,31,31,arrivals,1.0,1.0,path4_radius
LTCE,31,1,0,0,arrivals,0.0,0.0,path4_radius
EGPK,30,29,29,29,departures,0.9666666666666667,0.9666666666666667,path4_radius
URMM,30,0,0,0,departures,0.0,0.0,path4_radius
LGNX,30,1,0,0,departures,0.0,0.0,path4_radius
LTCB,30,11,11,11,arrivals,0.36666666666666664,0.36666666666666664,path4_radius
LGNX,30,1,0,0,arrivals,0.0,0.0,path4_radius
EIKN,30,30,30,30,arrivals,1.0,1.0,path4_radius
EBAW,29,29,25,26,departures,0.8620689655172413,0.896551724137931,path4_radius
LTCE,29,0,0,0,departures,0.0,0.0,path4_radius
EGPA,29,0,0,0,departures,0.0,0.0,path4_radius
LTAZ,29,0,0,0,departures,0.0,0.0,path4_radius
EGPK,29,29,29,30,arrivals,1.0,1.0344827586206897,path4_radius
URMM,29,0,0,0,arrivals,0.0,0.0,path4_radius
ENHD,29,22,21,22,arrivals,0.7241379310344828,0.7586206896551724,path4_radius
LTAZ,29,1,0,0,arrivals,0.0,0.0,path4_radius
EGHQ,28,27,27,27,departures,0.9642857142857143,0.9642857142857143,path4_radius
ESNU,28,0,0,0,departures,0.0,0.0,path4_radius
EGHQ,28,27,27,27,arrivals,0.9642857142857143,0.9642857142857143,path4_radius
LTCA,27,0,0,0,departures,0.0,0.0,path4_radius
ENBN,27,0,0,0,departures,0.0,0.0,path4_radius
LICD,27,7,7,7,departures,0.25925925925925924,0.25925925925925924,path4_radius
LIPB,27,18,17,18,arrivals,0.6296296296296297,0.6666666666666666,path4_radius
EGWU,27,25,0,0,arrivals,0.0,0.0,path4_radius
LTAN,27,0,0,0,arrivals,0.0,0.0,path4_radius
LTCA,27,0,0,0,arrivals,0.0,0.0,path4_radius
LICD,27,11,11,11,arrivals,0.4074074074074074,0.4074074074074074,path4_radius
LFKC,27,27,27,27,arrivals,1.0,1.0,path4_radius
LTAT,26,1,0,0,departures,0.0,0.0,path4_radius
LPCS,26,26,23,24,departures,0.8846153846153846,0.9230769230769231,path4_radius
LIPB,26,0,0,0,departures,0.0,0.0,path4_radius
LTCS,26,0,0,0,departures,0.0,0.0,path4_radius
LTAN,26,0,0,0,departures,0.0,0.0,path4_radius
LRBS,26,26,25,94,departures,0.9615384615384616,3.6153846153846154,path4_radius
LFKC,26,26,26,26,departures,1.0,1.0,path4_radius
LGHI,26,5,4,4,arrivals,0.15384615384615385,0.15384615384615385,path4_radius
LTCS,26,0,0,0,arrivals,0.0,0.0,path4_radius
ESNU,26,0,0,0,arrivals,0.0,0.0,path4_radius
ENBN,26,0,0,0,arrivals,0.0,0.0,path4_radius
EGPA,26,0,0,0,arrivals,0.0,0.0,path4_radius
LGKL,25,12,11,11,departures,0.44,0.44,path4_radius
LGHI,25,4,3,3,departures,0.12,0.12,path4_radius
LGML,25,0,0,0,departures,0.0,0.0,path4_radius
LFMP,25,12,12,12,departures,0.48,0.48,path4_radius
EHBK,25,21,20,20,departures,0.8,0.8,path4_radius
EFOU,25,0,0,0,departures,0.0,0.0,path4_radius
EGSH,25,25,25,25,departures,1.0,1.0,path4_radius
LPCS,25,24,22,29,arrivals,0.88,1.16,path4_radius
LGKL,25,22,22,24,arrivals,0.88,0.96,path4_radius
EBAW,25,25,24,27,arrivals,0.96,1.08,path4_radius
EFOU,25,0,0,0,arrivals,0.0,0.0,path4_radius
EGSH,25,25,25,26,arrivals,1.0,1.04,path4_radius
LFRK,24,13,12,12,departures,0.5,0.5,path4_radius
EKVG,24,0,0,0,departures,0.0,0.0,path4_radius
ENFL,24,0,0,0,departures,0.0,0.0,path4_radius
ENAT,24,0,0,0,departures,0.0,0.0,path4_radius
LICG,24,1,1,1,departures,0.041666666666666664,0.041666666666666664,path4_radius
LIPR,24,24,24,26,departures,1.0,1.0833333333333333,path4_radius
LTAT,24,0,0,0,arrivals,0.0,0.0,path4_radius
EKVG,24,0,0,0,arrivals,0.0,0.0,path4_radius
ENFL,24,0,0,0,arrivals,0.0,0.0,path4_radius
ENAT,24,0,0,0,arrivals,0.0,0.0,path4_radius
LESO,24,4,0,0,arrivals,0.0,0.0,path4_radius
LFMP,24,21,20,20,arrivals,0.8333333333333334,0.8333333333333334,path4_radius
EHBK,24,19,19,22,arrivals,0.7916666666666666,0.9166666666666666,path4_radius
LIPR,24,24,23,24,arrivals,0.9583333333333334,1.0,path4_radius
EDDR,23,17,17,18,departures,0.7391304347826086,0.782608695652174,path4_radius
ESSV,23,0,0,0,departures,0.0,0.0,path4_radius
ENOV,23,0,0,0,departures,0.0,0.0,path4_radius
ENKR,23,0,0,0,departures,0.0,0.0,path4_radius
LESO,23,1,0,0,departures,0.0,0.0,path4_radius
ENLK,23,4,0,0,departures,0.0,0.0,path4_radius
LFBT,23,23,23,23,departures,1.0,1.0,path4_radius
ENKR,23,0,0,0,arrivals,0.0,0.0,path4_radius
LICG,23,3,3,3,arrivals,0.13043478260869565,0.13043478260869565,path4_radius
EGPO,23,3,0,0,arrivals,0.0,0.0,path4_radius
EDXW,22,20,19,19,departures,0.8636363636363636,0.8636363636363636,path4_radius
LLER,22,0,0,0,departures,0.0,0.0,path4_radius
LSGS,22,0,0,2,departures,0.0,0.09090909090909091,path4_radius
LRSB,22,1,0,0,departures,0.0,0.0,path4_radius
LFBP,22,14,14,14,departures,0.6363636363636364,0.6363636363636364,path4_radius
LGKP,22,0,0,0,departures,0.0,0.0,path4_radius
EGNV,22,19,19,19,departures,0.8636363636363636,0.8636363636363636,path4_radius
EGPO,22,0,0,0,departures,0.0,0.0,path4_radius
EPSC,22,6,6,6,departures,0.2727272727272727,0.2727272727272727,path4_radius
EIKY,22,22,22,22,departures,1.0,1.0,path4_radius
LRCV,22,1,0,0,departures,0.0,0.0,path4_radius
GCHI,22,0,0,0,departures,0.0,0.0,path4_radius
LFRK,22,21,18,18,arrivals,0.8181818181818182,0.8181818181818182,path4_radius
EDDR,22,16,16,19,arrivals,0.7272727272727273,0.8636363636363636,path4_radius
ESSV,22,9,9,10,arrivals,0.4090909090909091,0.45454545454545453,path4_radius
EDXW,22,21,20,21,arrivals,0.9090909090909091,0.9545454545454546,path4_radius
ENOV,22,0,0,0,arrivals,0.0,0.0,path4_radius
LLER,22,0,0,0,arrivals,0.0,0.0,path4_radius
LRSB,22,4,4,5,arrivals,0.18181818181818182,0.22727272727272727,path4_radius
LFBP,22,22,22,22,arrivals,1.0,1.0,path4_radius
LGKP,22,0,0,0,arrivals,0.0,0.0,path4_radius
EDMO,22,22,19,20,arrivals,0.8636363636363636,0.9090909090909091,path4_radius
EPSC,22,16,12,13,arrivals,0.5454545454545454,0.5909090909090909,path4_radius
ENLK,22,3,0,0,arrivals,0.0,0.0,path4_radius
GCHI,22,0,0,0,arrivals,0.0,0.0,path4_radius
LFBT,22,22,22,22,arrivals,1.0,1.0,path4_radius
LDRI,21,0,0,0,departures,0.0,0.0,path4_radius
ENSG,21,7,0,0,departures,0.0,0.0,path4_radius
LRSV,21,0,0,0,departures,0.0,0.0,path4_radius
BIAR,21,0,0,0,departures,0.0,0.0,path4_radius
LDRI,21,18,18,20,arrivals,0.8571428571428571,0.9523809523809523,path4_radius
ENSG,21,8,0,0,arrivals,0.0,0.0,path4_radius
LGML,21,0,0,0,arrivals,0.0,0.0,path4_radius
EGNV,21,19,19,19,arrivals,0.9047619047619048,0.9047619047619048,path4_radius
LSZB,21,20,20,25,arrivals,0.9523809523809523,1.1904761904761905,path4_radius
EIKY,21,21,21,21,arrivals,1.0,1.0,path4_radius
LFLC,21,20,20,21,arrivals,0.9523809523809523,1.0,path4_radius
LRCV,21,1,0,0,arrivals,0.0,0.0,path4_radius
LRBS,21,21,20,22,arrivals,0.9523809523809523,1.0476190476190477,path4_radius
BIAR,21,0,0,0,arrivals,0.0,0.0,path4_radius
DABC,20,0,0,0,departures,0.0,0.0,path4_radius
LTCR,20,0,0,0,departures,0.0,0.0,path4_radius
LSZB,20,18,18,18,departures,0.9,0.9,path4_radius
GMTN,20,20,19,19,arrivals,0.95,0.95,path4_radius
LSGS,20,1,0,2,arrivals,0.0,0.1,path4_radius
LTCR,20,0,0,0,arrivals,0.0,0.0,path4_radius
LRSV,20,0,0,0,arrivals,0.0,0.0,path4_radius
EGNJ,20,15,15,15,arrivals,0.75,0.75,path4_radius
HLLM,20,1,1,2,arrivals,0.05,0.1,path4_radius
DABC,20,0,0,0,arrivals,0.0,0.0,path4_radius
LOWK,19,0,0,0,departures,0.0,0.0,path4_radius
LTCJ,19,0,0,0,departures,0.0,0.0,path4_radius
GMTN,19,18,18,18,departures,0.9473684210526315,0.9473684210526315,path4_radius
EFTU,19,10,10,10,departures,0.5263157894736842,0.5263157894736842,path4_radius
ENVD,19,0,0,0,departures,0.0,0.0,path4_radius
LRBC,19,1,1,1,departures,0.05263157894736842,0.05263157894736842,path4_radius
EGTK,19,19,19,20,departures,1.0,1.0526315789473684,path4_radius
ENSK,19,5,0,0,departures,0.0,0.0,path4_radius
LSZR,19,19,19,22,departures,1.0,1.1578947368421053,path4_radius
HLLM,19,1,1,1,departures,0.05263157894736842,0.05263157894736842,path4_radius
LTCJ,19,0,0,0,arrivals,0.0,0.0,path4_radius
LRBC,19,3,3,3,arrivals,0.15789473684210525,0.15789473684210525,path4_radius
ENSK,19,4,0,0,arrivals,0.0,0.0,path4_radius
LFTZ,19,18,0,0,arrivals,0.0,0.0,path4_radius
LSZR,19,19,19,19,arrivals,1.0,1.0,path4_radius
EYPA,18,17,16,17,departures,0.8888888888888888,0.9444444444444444,path4_radius
EGJA,18,7,7,7,departures,0.3888888888888889,0.3888888888888889,path4_radius
EBOS,18,16,16,16,departures,0.8888888888888888,0.8888888888888888,path4_radius
LFLC,18,12,12,12,departures,0.6666666666666666,0.6666666666666666,path4_radius
LOWK,18,9,9,9,arrivals,0.5,0.5,path4_radius
LIPO,18,18,14,17,arrivals,0.7777777777777778,0.9444444444444444,path4_radius
EFTU,18,10,10,10,arrivals,0.5555555555555556,0.5555555555555556,path4_radius
EGJA,18,18,15,22,arrivals,0.8333333333333334,1.2222222222222223,path4_radius
EFRO,17,0,0,0,departures,0.0,0.0,path4_radius
LPAZ,17,9,9,9,departures,0.5294117647058824,0.5294117647058824,path4_radius
EPLL,17,3,3,3,departures,0.17647058823529413,0.17647058823529413,path4_radius
EBKT,17,16,16,17,departures,0.9411764705882353,1.0,path4_radius
LQBK,17,0,0,0,departures,0.0,0.0,path4_radius
ENML,17,0,0,0,departures,0.0,0.0,path4_radius
LGAL,17,4,4,4,departures,0.23529411764705882,0.23529411764705882,path4_radius
EFRO,17,0,0,0,arrivals,0.0,0.0,path4_radius
LQBK,17,8,8,8,arrivals,0.47058823529411764,0.47058823529411764,path4_radius
EYPA,17,4,2,2,arrivals,0.11764705882352941,0.11764705882352941,path4_radius
EBOS,17,16,16,18,arrivals,0.9411764705882353,1.0588235294117647,path4_radius
LFLY,16,16,0,1,departures,0.0,0.0625,path4_radius
EKRN,16,2,2,2,departures,0.125,0.125,path4_radius
LYNI,16,0,0,0,departures,0.0,0.0,path4_radius
LFBL,16,0,0,0,departures,0.0,0.0,path4_radius
EPBY,16,15,15,15,departures,0.9375,0.9375,path4_radius
LTCF,16,0,0,0,departures,0.0,0.0,path4_radius
EGNJ,16,12,12,12,departures,0.75,0.75,path4_radius
EDDE,16,16,16,16,departures,1.0,1.0,path4_radius
LXGB,16,15,15,15,departures,0.9375,0.9375,path4_radius
LEPP,16,2,2,2,departures,0.125,0.125,path4_radius
EPLB,16,15,15,15,departures,0.9375,0.9375,path4_radius
LFBE,16,15,15,15,departures,0.9375,0.9375,path4_radius
EKEB,16,13,13,13,departures,0.8125,0.8125,path4_radius
LECH,16,14,14,14,departures,0.875,0.875,path4_radius
LFLY,16,16,0,0,arrivals,0.0,0.0,path4_radius
LYNI,16,0,0,0,arrivals,0.0,0.0,path4_radius
LFBL,16,0,0,0,arrivals,0.0,0.0,path4_radius
EPLL,16,15,15,20,arrivals,0.9375,1.25,path4_radius
LTCF,16,0,0,0,arrivals,0.0,0.0,path4_radius
LFMK,16,16,16,17,arrivals,1.0,1.0625,path4_radius
ENSH,16,1,0,0,arrivals,0.0,0.0,path4_radius
EGTK,16,16,14,14,arrivals,0.875,0.875,path4_radius
LGAL,16,16,16,16,arrivals,1.0,1.0,path4_radius
EDVE,16,16,14,14,arrivals,0.875,0.875,path4_radius
LXGB,16,15,15,15,arrivals,0.9375,0.9375,path4_radius
EPLB,16,15,15,18,arrivals,0.9375,1.125,path4_radius
LFBE,16,16,16,16,arrivals,1.0,1.0,path4_radius
UWGG,15,0,0,0,departures,0.0,0.0,path4_radius
HESX,15,2,2,4,departures,0.13333333333333333,0.26666666666666666,path4_radius
LTCK,15,0,0,0,departures,0.0,0.0,path4_radius
EDNY,15,13,12,12,departures,0.8,0.8,path4_radius
LFMK,15,15,14,14,departures,0.9333333333333333,0.9333333333333333,path4_radius
ENRA,15,0,0,0,departures,0.0,0.0,path4_radius
EGAE,15,3,3,3,departures,0.2,0.2,path4_radius
LFRM,15,15,14,16,arrivals,0.9333333333333333,1.0666666666666667,path4_radius
EKRN,15,13,13,13,arrivals,0.8666666666666667,0.8666666666666667,path4_radius
HESX,15,4,4,18,arrivals,0.26666666666666666,1.2,path4_radius
ENVD,15,0,0,0,arrivals,0.0,0.0,path4_radius
LTCK,15,0,0,0,arrivals,0.0,0.0,path4_radius
EPBY,15,13,11,14,arrivals,0.7333333333333333,0.9333333333333333,path4_radius
EDNY,15,12,12,13,arrivals,0.8,0.8666666666666667,path4_radius
ENML,15,0,0,0,arrivals,0.0,0.0,path4_radius
LLHA,15,13,13,13,arrivals,0.8666666666666667,0.8666666666666667,path4_radius
EDDE,15,15,15,15,arrivals,1.0,1.0,path4_radius
LFSD,15,15,14,14,arrivals,0.9333333333333333,0.9333333333333333,path4_radius
LGLM,15,2,0,0,arrivals,0.0,0.0,path4_radius
EKEB,15,12,12,12,arrivals,0.8,0.8,path4_radius
LECH,15,13,13,13,arrivals,0.8666666666666667,0.8666666666666667,path4_radius
LTAY,14,0,0,0,departures,0.0,0.0,path4_radius
ETSI,14,13,13,13,departures,0.9285714285714286,0.9285714285714286,path4_radius
LLHA,14,13,13,13,departures,0.9285714285714286,0.9285714285714286,path4_radius
LROD,14,0,0,0,departures,0.0,0.0,path4_radius
ENSH,14,1,0,0,departures,0.0,0.0,path4_radius
LTAR,14,0,0,0,departures,0.0,0.0,path4_radius
EFKU,14,14,14,14,departures,1.0,1.0,path4_radius
EDVE,14,14,14,14,departures,1.0,1.0,path4_radius
LGLM,14,2,0,0,departures,0.0,0.0,path4_radius
LFBH,14,9,7,7,arrivals,0.5,0.5,path4_radius
LPAZ,14,13,13,15,arrivals,0.9285714285714286,1.0714285714285714,path4_radius
LROD,14,0,0,0,arrivals,0.0,0.0,path4_radius
ENRA,14,0,0,0,arrivals,0.0,0.0,path4_radius
EGAE,14,3,3,3,arrivals,0.21428571428571427,0.21428571428571427,path4_radius
LTAR,14,0,0,0,arrivals,0.0,0.0,path4_radius
LEPP,14,2,2,2,arrivals,0.14285714285714285,0.14285714285714285,path4_radius
LFRM,13,13,13,14,departures,1.0,1.0769230769230769,path4_radius
LFBH,13,13,13,13,departures,1.0,1.0,path4_radius
LTDA,13,0,0,0,departures,0.0,0.0,path4_radius
LGKV,13,13,13,13,departures,1.0,1.0,path4_radius
LPPS,13,3,3,3,departures,0.23076923076923078,0.23076923076923078,path4_radius
LFRZ,13,11,10,10,departures,0.7692307692307693,0.7692307692307693,path4_radius
LTCT,13,0,0,0,departures,0.0,0.0,path4_radius
LIBC,13,0,0,0,departures,0.0,0.0,path4_radius
EDMA,13,13,13,13,departures,1.0,1.0,path4_radius
EFVA,13,0,0,0,departures,0.0,0.0,path4_radius
UWGG,13,0,0,0,arrivals,0.0,0.0,path4_radius
LTAY,13,0,0,0,arrivals,0.0,0.0,path4_radius
LGKV,13,13,13,14,arrivals,1.0,1.0769230769230769,path4_radius
LPPS,13,6,6,6,arrivals,0.46153846153846156,0.46153846153846156,path4_radius
LFRZ,13,13,12,17,arrivals,0.9230769230769231,1.3076923076923077,path4_radius
EFKU,13,13,13,13,arrivals,1.0,1.0,path4_radius
LTCT,13,0,0,0,arrivals,0.0,0.0,path4_radius
LBPD,13,1,0,0,arrivals,0.0,0.0,path4_radius
ESNS,12,0,0,0,departures,0.0,0.0,path4_radius
LTFD,12,11,11,11,departures,0.9166666666666666,0.9166666666666666,path4_radius
EDFM,12,11,11,18,departures,0.9166666666666666,1.5,path4_radius
ENST,12,0,0,0,departures,0.0,0.0,path4_radius
LFMU,12,5,5,5,departures,0.4166666666666667,0.4166666666666667,path4_radius
ENBL,12,0,0,0,departures,0.0,0.0,path4_radius
EKRK,12,11,11,11,departures,0.9166666666666666,0.9166666666666666,path4_radius
GCGM,12,0,0,0,departures,0.0,0.0,path4_radius
ENSD,12,1,0,0,departures,0.0,0.0,path4_radius
LTCP,12,0,0,0,departures,0.0,0.0,path4_radius
LIRS,12,2,1,1,departures,0.08333333333333333,0.08333333333333333,path4_radius
LFTZ,12,11,0,0,departures,0.0,0.0,path4_radius
LTCN,12,0,0,0,departures,0.0,0.0,path4_radius
LFTW,12,12,12,12,departures,1.0,1.0,path4_radius
HLLB,12,0,0,0,departures,0.0,0.0,path4_radius
LGIO,12,10,10,10,arrivals,0.8333333333333334,0.8333333333333334,path4_radius
LTCD,12,0,0,0,arrivals,0.0,0.0,path4_radius
LTFD,12,12,12,12,arrivals,1.0,1.0,path4_radius
LIBF,12,0,0,0,arrivals,0.0,0.0,path4_radius
ETSI,12,11,10,10,arrivals,0.8333333333333334,0.8333333333333334,path4_radius
EKSB,12,12,12,12,arrivals,1.0,1.0,path4_radius
LGRX,12,2,1,1,arrivals,0.08333333333333333,0.08333333333333333,path4_radius
LFMU,12,11,11,11,arrivals,0.9166666666666666,0.9166666666666666,path4_radius
GCGM,12,0,0,0,arrivals,0.0,0.0,path4_radius
LTCN,12,0,0,0,arrivals,0.0,0.0,path4_radius
HLLB,12,1,1,1,arrivals,0.08333333333333333,0.08333333333333333,path4_radius
LIBC,12,0,0,0,arrivals,0.0,0.0,path4_radius
EFVA,12,0,0,0,arrivals,0.0,0.0,path4_radius
LRBV,11,10,10,10,departures,0.9090909090909091,0.9090909090909091,path4_radius
LTCD,11,0,0,0,departures,0.0,0.0,path4_radius
EGPN,11,11,11,12,departures,1.0,1.0909090909090908,path4_radius
LTCV,11,0,0,0,departures,0.0,0.0,path4_radius
LIPO,11,11,11,13,departures,1.0,1.1818181818181819,path4_radius
LGRX,11,0,0,1,departures,0.0,0.09090909090909091,path4_radius
ENAN,11,4,0,0,departures,0.0,0.0,path4_radius
GMML,11,0,0,0,departures,0.0,0.0,path4_radius
LFSD,11,11,11,11,departures,1.0,1.0,path4_radius
LFMV,11,11,11,11,arrivals,1.0,1.0,path4_radius
EGPN,11,11,11,11,arrivals,1.0,1.0,path4_radius
LTCV,11,0,0,0,arrivals,0.0,0.0,path4_radius
ESNS,11,8,8,8,arrivals,0.7272727272727273,0.7272727272727273,path4_radius
LTDA,11,0,0,0,arrivals,0.0,0.0,path4_radius
EDFM,11,10,10,16,arrivals,0.9090909090909091,1.4545454545454546,path4_radius
ENST,11,0,0,0,arrivals,0.0,0.0,path4_radius
LICB,11,11,10,12,arrivals,0.9090909090909091,1.0909090909090908,path4_radius
ENBL,11,0,0,0,arrivals,0.0,0.0,path4_radius
GMML,11,0,0,0,arrivals,0.0,0.0,path4_radius
ENSD,11,3,0,0,arrivals,0.0,0.0,path4_radius
LTCP,11,0,0,0,arrivals,0.0,0.0,path4_radius
LIRS,11,5,5,6,arrivals,0.45454545454545453,0.5454545454545454,path4_radius
LFTW,11,11,11,11,arrivals,1.0,1.0,path4_radius
EDMA,11,11,11,11,arrivals,1.0,1.0,path4_radius
LGIO,10,9,9,9,departures,0.9,0.9,path4_radius
LFMV,10,9,9,10,departures,0.9,1.0,path4_radius
EKSB,10,10,10,10,departures,1.0,1.0,path4_radius
ESNZ,10,8,8,8,departures,0.8,0.8,path4_radius
LQMO,10,0,0,0,departures,0.0,0.0,path4_radius
LGIK,10,0,0,0,departures,0.0,0.0,path4_radius
LIMP,10,6,6,6,departures,0.6,0.6,path4_radius
EHGG,10,10,10,10,departures,1.0,1.0,path4_radius
LIPK,10,8,8,8,departures,0.8,0.8,path4_radius
DAAE,10,2,2,2,departures,0.2,0.2,path4_radius
LFCR,10,10,10,10,arrivals,1.0,1.0,path4_radius
EKOD,10,10,10,10,arrivals,1.0,1.0,path4_radius
EHGG,10,10,10,12,arrivals,1.0,1.2,path4_radius
LDSB,10,1,0,1,arrivals,0.0,0.1,path4_radius
LIPK,10,8,8,8,arrivals,0.8,0.8,path4_radius
DAAE,10,3,3,3,arrivals,0.3,0.3,path4_radius
LICB,9,9,9,9,departures,1.0,1.0,path4_radius
EDTY,9,9,7,7,departures,0.7777777777777778,0.7777777777777778,path4_radius
LFCR,9,9,9,9,departures,1.0,1.0,path4_radius
LKPD,9,9,9,13,departures,1.0,1.4444444444444444,path4_radius
GMMI,9,0,0,0,departures,0.0,0.0,path4_radius
ESTA,9,1,1,1,departures,0.1111111111111111,0.1111111111111111,path4_radius
ESKN,9,7,7,7,departures,0.7777777777777778,0.7777777777777778,path4_radius
LBPD,9,0,0,0,departures,0.0,0.0,path4_radius
GMFK,9,0,0,0,departures,0.0,0.0,path4_radius
LTCO,9,0,0,0,departures,0.0,0.0,path4_radius
ENMS,9,0,0,0,departures,0.0,0.0,path4_radius
LDSB,9,0,0,0,departures,0.0,0.0,path4_radius
LTBR,9,7,6,6,departures,0.6666666666666666,0.6666666666666666,path4_radius
ENNA,9,0,0,0,departures,0.0,0.0,path4_radius
UUBW,9,0,0,0,arrivals,0.0,0.0,path4_radius
LRBV,9,9,9,9,arrivals,1.0,1.0,path4_radius
ESNZ,9,7,7,7,arrivals,0.7777777777777778,0.7777777777777778,path4_radius
EKRK,9,9,9,10,arrivals,1.0,1.1111111111111112,path4_radius
DAON,9,0,0,0,arrivals,0.0,0.0,path4_radius
LQMO,9,0,0,0,arrivals,0.0,0.0,path4_radius
GMMI,9,0,0,0,arrivals,0.0,0.0,path4_radius
LGIK,9,0,0,0,arrivals,0.0,0.0,path4_radius
ENAN,9,4,0,0,arrivals,0.0,0.0,path4_radius
URML,9,0,0,0,arrivals,0.0,0.0,path4_radius
ESKN,9,6,6,7,arrivals,0.6666666666666666,0.7777777777777778,path4_radius
EGNR,9,8,0,0,arrivals,0.0,0.0,path4_radius
GMFK,9,0,0,0,arrivals,0.0,0.0,path4_radius
LTCO,9,1,0,0,arrivals,0.0,0.0,path4_radius
ENMS,9,0,0,0,arrivals,0.0,0.0,path4_radius
LTBR,9,7,7,11,arrivals,0.7777777777777778,1.2222222222222223,path4_radius
EPSY,8,6,6,7,departures,0.75,0.875,path4_radius
LSMP,8,8,7,8,departures,0.875,1.0,path4_radius
LQTZ,8,6,6,6,departures,0.75,0.75,path4_radius
LFSL,8,0,0,0,departures,0.0,0.0,path4_radius
LDOS,8,2,2,2,departures,0.25,0.25,path4_radius
EGPI,8,0,0,0,departures,0.0,0.0,path4_radius
ESMX,8,0,0,0,departures,0.0,0.0,path4_radius
EFMA,8,2,2,2,departures,0.25,0.25,path4_radius
LFRG,8,8,8,10,departures,1.0,1.25,path4_radius
EGPR,8,0,0,0,departures,0.0,0.0,path4_radius
BIEG,8,0,0,0,departures,0.0,0.0,path4_radius
DAON,8,1,1,1,departures,0.125,0.125,path4_radius
EDHI,8,8,0,0,departures,0.0,0.0,path4_radius
EDLN,8,7,3,4,departures,0.375,0.5,path4_radius
EFTP,8,5,5,5,departures,0.625,0.625,path4_radius
ENJS,8,0,0,0,departures,0.0,0.0,path4_radius
LFOT,8,3,3,3,departures,0.375,0.375,path4_radius
UBBG,8,0,0,0,departures,0.0,0.0,path4_radius
LGST,8,0,0,0,departures,0.0,0.0,path4_radius
LEBZ,8,7,7,7,departures,0.875,0.875,path4_radius
LFLB,8,8,7,7,arrivals,0.875,0.875,path4_radius
LSMP,8,8,3,6,arrivals,0.375,0.75,path4_radius
LQTZ,8,1,1,1,arrivals,0.125,0.125,path4_radius
LFSL,8,4,4,4,arrivals,0.5,0.5,path4_radius
LDOS,8,4,4,4,arrivals,0.5,0.5,path4_radius
EGPI,8,1,1,1,arrivals,0.125,0.125,path4_radius
ESMX,8,4,4,5,arrivals,0.5,0.625,path4_radius
EBKT,8,8,7,7,arrivals,0.875,0.875,path4_radius
EFMA,8,2,2,2,arrivals,0.25,0.25,path4_radius
BIEG,8,0,0,0,arrivals,0.0,0.0,path4_radius
LKPD,8,8,8,13,arrivals,1.0,1.625,path4_radius
ESTA,8,5,3,3,arrivals,0.375,0.375,path4_radius
LFOT,8,8,8,8,arrivals,1.0,1.0,path4_radius
LGST,8,0,0,0,arrivals,0.0,0.0,path4_radius
ENNA,8,0,0,0,arrivals,0.0,0.0,path4_radius
EDRY,7,7,0,0,departures,0.0,0.0,path4_radius
ENNM,7,2,0,0,departures,0.0,0.0,path4_radius
ESNQ,7,0,0,0,departures,0.0,0.0,path4_radius
LIBF,7,0,0,0,departures,0.0,0.0,path4_radius
LHDC,7,0,0,0,departures,0.0,0.0,path4_radius
EIDL,7,7,7,7,departures,1.0,1.0,path4_radius
LTCW,7,0,0,0,departures,0.0,0.0,path4_radius
BIIS,7,0,0,0,departures,0.0,0.0,path4_radius
EDTL,7,7,7,7,departures,1.0,1.0,path4_radius
EKOD,7,7,7,7,departures,1.0,1.0,path4_radius
OITT,7,0,0,0,departures,0.0,0.0,path4_radius
ESSL,7,6,6,6,departures,0.8571428571428571,0.8571428571428571,path4_radius
EGPL,7,0,0,0,departures,0.0,0.0,path4_radius
UUBW,7,0,0,0,departures,0.0,0.0,path4_radius
HEBA,7,6,6,6,departures,0.8571428571428571,0.8571428571428571,path4_radius
ESNQ,7,2,2,2,arrivals,0.2857142857142857,0.2857142857142857,path4_radius
EIDL,7,7,7,7,arrivals,1.0,1.0,path4_radius
LTCW,7,0,0,0,arrivals,0.0,0.0,path4_radius
EGPR,7,0,0,0,arrivals,0.0,0.0,path4_radius
BIIS,7,0,0,0,arrivals,0.0,0.0,path4_radius
DABB,7,1,0,0,arrivals,0.0,0.0,path4_radius
EDHI,7,7,0,0,arrivals,0.0,0.0,path4_radius
EDTL,7,7,4,5,arrivals,0.5714285714285714,0.7142857142857143,path4_radius
OITT,7,0,0,0,arrivals,0.0,0.0,path4_radius
ENJS,7,0,0,0,arrivals,0.0,0.0,path4_radius
EGPL,7,0,0,0,arrivals,0.0,0.0,path4_radius
LEBZ,7,7,7,7,arrivals,1.0,1.0,path4_radius
EDTY,7,7,6,6,arrivals,0.8571428571428571,0.8571428571428571,path4_radius
LIMP,7,5,5,6,arrivals,0.7142857142857143,0.8571428571428571,path4_radius
EDVK,6,4,4,4,departures,0.6666666666666666,0.6666666666666666,path4_radius
EHJA,6,0,0,0,departures,0.0,0.0,path4_radius
HEAL,6,1,1,1,departures,0.16666666666666666,0.16666666666666666,path4_radius
EGPU,6,0,0,0,departures,0.0,0.0,path4_radius
HEMM,6,0,0,0,departures,0.0,0.0,path4_radius
ESNK,6,0,0,0,departures,0.0,0.0,path4_radius
EDHL,6,6,6,6,departures,1.0,1.0,path4_radius
ENDU,6,0,0,0,departures,0.0,0.0,path4_radius
EFKE,6,0,0,0,departures,0.0,0.0,path4_radius
ESOE,6,3,3,3,departures,0.5,0.5,path4_radius
ENSO,6,6,6,6,departures,1.0,1.0,path4_radius
EFJO,6,0,0,0,departures,0.0,0.0,path4_radius
LPPM,6,6,6,7,departures,1.0,1.1666666666666667,path4_radius
URML,6,0,0,0,departures,0.0,0.0,path4_radius
ENRM,6,0,0,0,departures,0.0,0.0,path4_radius
LTCU,6,0,0,0,departures,0.0,0.0,path4_radius
EGNR,6,6,3,3,departures,0.5,0.5,path4_radius
LPVZ,6,6,2,3,departures,0.3333333333333333,0.5,path4_radius
ESKM,6,5,2,4,departures,0.3333333333333333,0.6666666666666666,path4_radius
ESNL,6,0,0,0,departures,0.0,0.0,path4_radius
EFIV,6,2,0,0,departures,0.0,0.0,path4_radius
DABB,6,0,0,0,departures,0.0,0.0,path4_radius
EDVK,6,4,4,5,arrivals,0.6666666666666666,0.8333333333333334,path4_radius
HEAL,6,2,2,2,arrivals,0.3333333333333333,0.3333333333333333,path4_radius
EDRY,6,6,0,0,arrivals,0.0,0.0,path4_radius
EGPU,6,0,0,0,arrivals,0.0,0.0,path4_radius
ENNM,6,2,0,0,arrivals,0.0,0.0,path4_radius
ESNK,6,0,0,0,arrivals,0.0,0.0,path4_radius
EDHL,6,6,6,6,arrivals,1.0,1.0,path4_radius
LHDC,6,0,0,0,arrivals,0.0,0.0,path4_radius
ESOE,6,6,6,6,arrivals,1.0,1.0,path4_radius
ENSO,6,6,6,8,arrivals,1.0,1.3333333333333333,path4_radius
EFJO,6,2,2,2,arrivals,0.3333333333333333,0.3333333333333333,path4_radius
LFLI,6,6,0,1,arrivals,0.0,0.16666666666666666,path4_radius
LFEC,6,0,0,0,arrivals,0.0,0.0,path4_radius
LWOH,6,0,0,0,arrivals,0.0,0.0,path4_radius
HEBA,6,5,5,5,arrivals,0.8333333333333334,0.8333333333333334,path4_radius
LIMZ,6,6,6,6,arrivals,1.0,1.0,path4_radius
ENRM,6,2,2,2,arrivals,0.3333333333333333,0.3333333333333333,path4_radius
EFTP,6,5,5,5,arrivals,0.8333333333333334,0.8333333333333334,path4_radius
ENLE,6,0,0,0,arrivals,0.0,0.0,path4_radius
LTCU,6,0,0,0,arrivals,0.0,0.0,path4_radius
ESSL,6,6,6,8,arrivals,1.0,1.3333333333333333,path4_radius
LGLE,6,1,0,0,arrivals,0.0,0.0,path4_radius
EFIV,6,2,0,0,arrivals,0.0,0.0,path4_radius
ESKM,6,6,3,6,arrivals,0.5,1.0,path4_radius
ESNL,6,0,0,0,arrivals,0.0,0.0,path4_radius
ESNX,5,0,0,0,departures,0.0,0.0,path4_radius
LFLB,5,4,4,5,departures,0.8,1.0,path4_radius
EFKI,5,0,0,0,departures,0.0,0.0,path4_radius
ORMM,5,5,5,5,departures,1.0,1.0,path4_radius
EEKE,5,1,1,1,departures,0.2,0.2,path4_radius
LTCM,5,0,0,0,departures,0.0,0.0,path4_radius
LTCL,5,0,0,0,departures,0.0,0.0,path4_radius
LFEC,5,0,0,0,departures,0.0,0.0,path4_radius
LGKY,5,2,0,0,departures,0.0,0.0,path4_radius
ENHE,5,0,0,0,departures,0.0,0.0,path4_radius
ESNG,5,0,0,0,departures,0.0,0.0,path4_radius
LTAW,5,0,0,0,departures,0.0,0.0,path4_radius
ENFB,5,0,0,0,departures,0.0,0.0,path4_radius
LGKC,5,0,0,0,departures,0.0,0.0,path4_radius
ENLE,5,2,0,0,departures,0.0,0.0,path4_radius
EFJY,5,1,1,1,departures,0.2,0.2,path4_radius
EETU,5,1,1,1,departures,0.2,0.2,path4_radius
LFJL,5,4,4,4,departures,0.8,0.8,path4_radius
EFKK,5,5,5,5,departures,1.0,1.0,path4_radius
LRTM,5,0,0,0,departures,0.0,0.0,path4_radius
EDAH,5,2,2,2,departures,0.4,0.4,path4_radius
LGLE,5,0,0,0,departures,0.0,0.0,path4_radius
EGEC,5,0,0,0,departures,0.0,0.0,path4_radius
ESGT,5,1,1,1,departures,0.2,0.2,path4_radius
ENRS,5,3,0,0,departures,0.0,0.0,path4_radius
DAAS,5,0,0,0,departures,0.0,0.0,path4_radius
ESDF,5,5,5,5,departures,1.0,1.0,path4_radius
EEKA,5,0,0,0,departures,0.0,0.0,path4_radius
LFLI,5,5,0,1,departures,0.0,0.2,path4_radius
LWOH,5,0,0,0,departures,0.0,0.0,path4_radius
LIMZ,5,5,5,5,departures,1.0,1.0,path4_radius
GMMZ,5,0,0,0,departures,0.0,0.0,path4_radius
EPSY,5,2,2,4,arrivals,0.4,0.8,path4_radius
LSZS,5,0,0,0,arrivals,0.0,0.0,path4_radius
URMG,5,0,0,0,arrivals,0.0,0.0,path4_radius
EFKI,5,0,0,0,arrivals,0.0,0.0,path4_radius
HEMM,5,0,0,0,arrivals,0.0,0.0,path4_radius
ORMM,5,1,1,1,arrivals,0.2,0.2,path4_radius
ENDU,5,0,0,0,arrivals,0.0,0.0,path4_radius
EEKE,5,5,5,5,arrivals,1.0,1.0,path4_radius
DAAS,5,0,0,0,arrivals,0.0,0.0,path4_radius
LTCM,5,0,0,0,arrivals,0.0,0.0,path4_radius
LTCL,5,0,0,0,arrivals,0.0,0.0,path4_radius
LFRG,5,5,5,9,arrivals,1.0,1.8,path4_radius
EEKA,5,0,0,1,arrivals,0.0,0.2,path4_radius
ENHE,5,0,0,0,arrivals,0.0,0.0,path4_radius
LPPM,5,5,3,4,arrivals,0.6,0.8,path4_radius
ESNG,5,0,0,0,arrivals,0.0,0.0,path4_radius
LTAW,5,0,0,0,arrivals,0.0,0.0,path4_radius
EGVN,5,4,4,5,arrivals,0.8,1.0,path4_radius
GMMZ,5,0,0,0,arrivals,0.0,0.0,path4_radius
LESA,5,1,0,0,arrivals,0.0,0.0,path4_radius
UBBG,5,0,0,0,arrivals,0.0,0.0,path4_radius
LFJL,5,5,5,5,arrivals,1.0,1.0,path4_radius
LPVZ,5,5,1,1,arrivals,0.2,0.2,path4_radius
LRTM,5,0,0,0,arrivals,0.0,0.0,path4_radius
EDAH,5,3,3,5,arrivals,0.6,1.0,path4_radius
EGEC,5,0,0,0,arrivals,0.0,0.0,path4_radius
ENRS,5,0,0,0,arrivals,0.0,0.0,path4_radius
EKDF,5,0,0,0,arrivals,0.0,0.0,path4_radius
LGKC,5,0,0,0,arrivals,0.0,0.0,path4_radius
ENOA,5,0,0,0,arrivals,0.0,0.0,path4_radius
LGSO,4,0,0,0,departures,0.0,0.0,path4_radius
LFPN,4,4,4,6,departures,1.0,1.5,path4_radius
LFOZ,4,3,0,0,departures,0.0,0.0,path4_radius
UWSG,4,0,0,0,departures,0.0,0.0,path4_radius
EPRA,4,3,3,3,departures,0.75,0.75,path4_radius
LZTT,4,0,0,0,departures,0.0,0.0,path4_radius
ENRO,4,0,0,0,departures,0.0,0.0,path4_radius
EDQG,4,4,0,0,departures,0.0,0.0,path4_radius
ESNV,4,0,0,0,departures,0.0,0.0,path4_radius
LECU,4,3,3,3,departures,0.75,0.75,path4_radius
ESOH,4,2,0,0,departures,0.0,0.0,path4_radius
ESMT,4,1,1,1,departures,0.25,0.25,path4_radius
URWW,4,0,0,0,departures,0.0,0.0,path4_radius
ENSR,4,0,0,0,departures,0.0,0.0,path4_radius
ENGC,4,0,0,0,departures,0.0,0.0,path4_radius
ESOK,4,0,0,0,departures,0.0,0.0,path4_radius
LSZA,4,4,4,4,departures,1.0,1.0,path4_radius
EKDF,4,0,0,0,departures,0.0,0.0,path4_radius
EDAZ,4,4,0,0,departures,0.0,0.0,path4_radius
ESMQ,4,4,4,4,departures,1.0,1.0,path4_radius
LFRT,4,4,3,3,departures,0.75,0.75,path4_radius
LSGL,4,1,0,0,departures,0.0,0.0,path4_radius
LFLW,4,0,0,0,departures,0.0,0.0,path4_radius
LESA,4,0,0,0,departures,0.0,0.0,path4_radius
LESU,4,0,0,0,departures,0.0,0.0,path4_radius
LFRH,4,4,4,4,departures,1.0,1.0,path4_radius
LGBL,4,0,0,0,departures,0.0,0.0,path4_radius
LTAP,4,0,0,0,departures,0.0,0.0,path4_radius
LJPZ,4,3,2,2,departures,0.5,0.5,path4_radius
LFRD,4,4,4,4,departures,1.0,1.0,path4_radius
LTFC,4,0,0,0,departures,0.0,0.0,path4_radius
LKHK,4,4,0,0,departures,0.0,0.0,path4_radius
ESSP,4,3,3,3,departures,0.75,0.75,path4_radius
LKCS,4,4,4,4,departures,1.0,1.0,path4_radius
ESND,4,2,0,0,departures,0.0,0.0,path4_radius
EFKT,4,0,0,0,departures,0.0,0.0,path4_radius
EPZG,4,4,4,4,departures,1.0,1.0,path4_radius
ESGJ,4,0,0,0,departures,0.0,0.0,path4_radius
LGKS,4,0,0,0,departures,0.0,0.0,path4_radius
LFCK,4,4,4,4,departures,1.0,1.0,path4_radius
LEVD,4,0,0,0,departures,0.0,0.0,path4_radius
ORKK,4,0,0,0,departures,0.0,0.0,path4_radius
LGSO,4,2,0,0,arrivals,0.0,0.0,path4_radius
ESNX,4,0,0,0,arrivals,0.0,0.0,path4_radius
EDRZ,4,4,0,0,arrivals,0.0,0.0,path4_radius
UWSG,4,1,1,1,arrivals,0.25,0.25,path4_radius
LRBM,4,0,0,0,arrivals,0.0,0.0,path4_radius
LGPL,4,0,0,0,arrivals,0.0,0.0,path4_radius
URMO,4,0,0,0,arrivals,0.0,0.0,path4_radius
ENXO,4,0,0,0,arrivals,0.0,0.0,path4_radius
LZTT,4,1,1,1,arrivals,0.25,0.25,path4_radius
LEVD,4,0,0,0,arrivals,0.0,0.0,path4_radius
EHLL,4,0,0,0,arrivals,0.0,0.0,path4_radius
LFLX,4,0,0,0,arrivals,0.0,0.0,path4_radius
LKCS,4,4,4,4,arrivals,1.0,1.0,path4_radius
EDQG,4,4,0,0,arrivals,0.0,0.0,path4_radius
ENQG,4,0,0,0,arrivals,0.0,0.0,path4_radius
ESNV,4,0,0,0,arrivals,0.0,0.0,path4_radius
ESDF,4,2,2,2,arrivals,0.5,0.5,path4_radius
ESOH,4,3,0,0,arrivals,0.0,0.0,path4_radius
LGKY,4,2,0,0,arrivals,0.0,0.0,path4_radius
ENQS,4,0,0,0,arrivals,0.0,0.0,path4_radius
ENSR,4,0,0,0,arrivals,0.0,0.0,path4_radius
ENGC,4,0,0,0,arrivals,0.0,0.0,path4_radius
ESOK,4,1,1,1,arrivals,0.25,0.25,path4_radius
EDAZ,4,4,0,0,arrivals,0.0,0.0,path4_radius
EGNO,4,4,4,5,arrivals,1.0,1.25,path4_radius
LSGL,4,3,0,0,arrivals,0.0,0.0,path4_radius
EFJY,4,1,1,1,arrivals,0.25,0.25,path4_radius
LFRH,4,4,4,4,arrivals,1.0,1.0,path4_radius
LTAP,4,0,0,0,arrivals,0.0,0.0,path4_radius
EETU,4,2,2,2,arrivals,0.5,0.5,path4_radius
EFKK,4,4,4,4,arrivals,1.0,1.0,path4_radius
LTAS,4,0,0,0,arrivals,0.0,0.0,path4_radius
ESGJ,4,0,0,1,arrivals,0.0,0.25,path4_radius
LGKS,4,0,0,0,arrivals,0.0,0.0,path4_radius
LFCK,4,4,4,4,arrivals,1.0,1.0,path4_radius
LTFC,4,0,0,0,arrivals,0.0,0.0,path4_radius
LKHK,4,4,0,0,arrivals,0.0,0.0,path4_radius
EFKE,4,0,0,0,arrivals,0.0,0.0,path4_radius
ESSP,4,4,3,3,arrivals,0.75,0.75,path4_radius
LDLO,4,0,0,0,arrivals,0.0,0.0,path4_radius
ESND,4,3,0,0,arrivals,0.0,0.0,path4_radius
LSZA,4,4,4,5,arrivals,1.0,1.25,path4_radius
LZPP,4,4,4,4,arrivals,1.0,1.0,path4_radius
EFKT,4,1,1,1,arrivals,0.25,0.25,path4_radius
LFLW,4,0,0,0,arrivals,0.0,0.0,path4_radius
LGBL,4,2,2,2,arrivals,0.5,0.5,path4_radius
ESGT,4,0,0,0,arrivals,0.0,0.0,path4_radius
BIBD,3,0,0,0,departures,0.0,0.0,path4_radius
ENQO,3,0,0,0,departures,0.0,0.0,path4_radius
EGLK,3,3,3,4,departures,1.0,1.3333333333333333,path4_radius
LFBI,3,0,0,0,departures,0.0,0.0,path4_radius
ENWS,3,0,0,0,departures,0.0,0.0,path4_radius
URMG,3,0,0,0,departures,0.0,0.0,path4_radius
LRBM,3,0,0,0,departures,0.0,0.0,path4_radius
EGMD,3,3,2,2,departures,0.6666666666666666,0.6666666666666666,path4_radius
ETAR,3,3,3,4,departures,1.0,1.3333333333333333,path4_radius
EDGS,3,3,3,3,departures,1.0,1.0,path4_radius
URMO,3,0,0,0,departures,0.0,0.0,path4_radius
ENXO,3,1,0,0,departures,0.0,0.0,path4_radius
LELN,3,0,0,0,departures,0.0,0.0,path4_radius
LFLS,3,3,3,3,departures,1.0,1.0,path4_radius
EDTM,3,3,3,3,departures,1.0,1.0,path4_radius
LPBJ,3,2,2,2,departures,0.6666666666666666,0.6666666666666666,path4_radius
ENOL,3,1,1,1,departures,0.3333333333333333,0.3333333333333333,path4_radius
OJAM,3,1,0,0,departures,0.0,0.0,path4_radius
ENSE,3,0,0,0,departures,0.0,0.0,path4_radius
ENOC,3,0,0,0,departures,0.0,0.0,path4_radius
DTTX,3,0,0,0,departures,0.0,0.0,path4_radius
LTBH,3,0,0,0,departures,0.0,0.0,path4_radius
EFKS,3,0,0,0,departures,0.0,0.0,path4_radius
BIHN,3,0,0,0,departures,0.0,0.0,path4_radius
ENSL,3,0,0,0,departures,0.0,0.0,path4_radius
UDSG,3,0,0,0,departures,0.0,0.0,path4_radius
GMMB,3,0,0,0,departures,0.0,0.0,path4_radius
ENWY,3,0,0,0,departures,0.0,0.0,path4_radius
ESOW,3,3,3,3,departures,1.0,1.0,path4_radius
LTAL,3,0,0,0,departures,0.0,0.0,path4_radius
ESNO,3,0,0,0,departures,0.0,0.0,path4_radius
LTAS,3,0,0,0,departures,0.0,0.0,path4_radius
LFHP,3,0,0,0,departures,0.0,0.0,path4_radius
EGNH,3,3,3,3,departures,1.0,1.0,path4_radius
LGSY,3,0,0,0,departures,0.0,0.0,path4_radius
LSZS,3,1,0,0,departures,0.0,0.0,path4_radius
ESNN,3,0,0,0,departures,0.0,0.0,path4_radius
ENWV,3,0,0,0,departures,0.0,0.0,path4_radius
GMTA,3,3,3,3,departures,1.0,1.0,path4_radius
LDLO,3,1,0,0,departures,0.0,0.0,path4_radius
EKHA,3,0,0,0,departures,0.0,0.0,path4_radius
LRCK,3,0,0,0,departures,0.0,0.0,path4_radius
LFAT,3,1,1,1,departures,0.3333333333333333,0.3333333333333333,path4_radius
EGNO,3,3,3,3,departures,1.0,1.0,path4_radius
ENOA,3,0,0,0,departures,0.0,0.0,path4_radius
LSZC,3,3,0,0,departures,0.0,0.0,path4_radius
ENQA,3,0,0,0,departures,0.0,0.0,path4_radius
OSDI,3,0,0,0,departures,0.0,0.0,path4_radius
ESUP,3,0,0,0,departures,0.0,0.0,path4_radius
BIBD,3,0,0,0,arrivals,0.0,0.0,path4_radius
ULAA,3,0,0,0,arrivals,0.0,0.0,path4_radius
LFBI,3,2,2,2,arrivals,0.6666666666666666,0.6666666666666666,path4_radius
LFLU,3,3,3,3,arrivals,1.0,1.0,path4_radius
LFOZ,3,0,0,0,arrivals,0.0,0.0,path4_radius
ENWS,3,0,0,0,arrivals,0.0,0.0,path4_radius
EHJA,3,0,0,0,arrivals,0.0,0.0,path4_radius
EPRA,3,3,3,6,arrivals,1.0,2.0,path4_radius
LFMQ,3,3,0,0,arrivals,0.0,0.0,path4_radius
OSDI,3,0,0,0,arrivals,0.0,0.0,path4_radius
LFOH,3,3,0,0,arrivals,0.0,0.0,path4_radius
LELN,3,3,3,3,arrivals,1.0,1.0,path4_radius
ESUP,3,0,0,0,arrivals,0.0,0.0,path4_radius
GMTA,3,3,3,3,arrivals,1.0,1.0,path4_radius
EDTM,3,3,3,3,arrivals,1.0,1.0,path4_radius
OJAM,3,0,0,0,arrivals,0.0,0.0,path4_radius
LECU,3,3,1,1,arrivals,0.3333333333333333,0.3333333333333333,path4_radius
ESMT,3,3,2,5,arrivals,0.6666666666666666,1.6666666666666667,path4_radius
ENOC,3,2,0,0,arrivals,0.0,0.0,path4_radius
DTTX,3,0,0,0,arrivals,0.0,0.0,path4_radius
LTBH,3,3,3,3,arrivals,1.0,1.0,path4_radius
EFKS,3,0,0,0,arrivals,0.0,0.0,path4_radius
ENSL,3,0,0,0,arrivals,0.0,0.0,path4_radius
UDSG,3,0,0,0,arrivals,0.0,0.0,path4_radius
GMMB,3,0,0,0,arrivals,0.0,0.0,path4_radius
ENWY,3,0,0,0,arrivals,0.0,0.0,path4_radius
ESOW,3,3,3,3,arrivals,1.0,1.0,path4_radius
LTAL,3,0,0,0,arrivals,0.0,0.0,path4_radius
ESNO,3,0,0,0,arrivals,0.0,0.0,path4_radius
LFHP,3,0,0,0,arrivals,0.0,0.0,path4_radius
EGNH,3,3,3,3,arrivals,1.0,1.0,path4_radius
EPZG,3,3,3,3,arrivals,1.0,1.0,path4_radius
LGSY,3,0,0,0,arrivals,0.0,0.0,path4_radius
LFRC,3,3,2,2,arrivals,0.6666666666666666,0.6666666666666666,path4_radius
ESUT,3,0,0,0,arrivals,0.0,0.0,path4_radius
EDGS,3,3,3,3,arrivals,1.0,1.0,path4_radius
ENRO,3,0,0,0,arrivals,0.0,0.0,path4_radius
ENWV,3,0,0,0,arrivals,0.0,0.0,path4_radius
LFLS,3,3,3,5,arrivals,1.0,1.6666666666666667,path4_radius
EKHA,3,0,0,0,arrivals,0.0,0.0,path4_radius
URWW,3,0,0,0,arrivals,0.0,0.0,path4_radius
ENFB,3,0,0,0,arrivals,0.0,0.0,path4_radius
ESMQ,3,3,3,3,arrivals,1.0,1.0,path4_radius
BIHN,3,0,0,0,arrivals,0.0,0.0,path4_radius
EHFB,3,0,0,0,arrivals,0.0,0.0,path4_radius
ENQA,3,3,0,0,arrivals,0.0,0.0,path4_radius
LFRD,3,3,3,4,arrivals,1.0,1.3333333333333333,path4_radius
LFQG,2,0,0,0,departures,0.0,0.0,path4_radius
EHPK,2,0,0,0,departures,0.0,0.0,path4_radius
LFLU,2,2,2,2,departures,1.0,1.0,path4_radius
LTAG,2,0,0,0,departures,0.0,0.0,path4_radius
LFRC,2,1,1,1,departures,0.5,0.5,path4_radius
ENQV,2,0,0,0,departures,0.0,0.0,path4_radius
LFMQ,2,2,2,2,departures,1.0,1.0,path4_radius
EGFE,2,2,2,2,departures,1.0,1.0,path4_radius
EHKJ,2,0,0,0,departures,0.0,0.0,path4_radius
ENQC,2,0,0,0,departures,0.0,0.0,path4_radius
LFOK,2,1,1,1,departures,0.5,0.5,path4_radius
EGBJ,2,2,2,2,departures,1.0,1.0,path4_radius
LSGK,2,0,0,0,departures,0.0,0.0,path4_radius
EGPC,2,0,0,0,departures,0.0,0.0,path4_radius
LSGC,2,1,1,1,departures,0.5,0.5,path4_radius
ENNE,2,0,0,0,departures,0.0,0.0,path4_radius
ENQS,2,0,0,0,departures,0.0,0.0,path4_radius
ENXW,2,1,0,0,departures,0.0,0.0,path4_radius
LEAB,2,2,2,2,departures,1.0,1.0,path4_radius
EGVN,2,2,2,2,departures,1.0,1.0,path4_radius
EDXQ,2,0,0,0,departures,0.0,0.0,path4_radius
LTBY,2,0,0,0,departures,0.0,0.0,path4_radius
ENWA,2,0,0,0,departures,0.0,0.0,path4_radius
LFPT,2,2,2,3,departures,1.0,1.5,path4_radius
OENN,2,0,0,0,departures,0.0,0.0,path4_radius
ENUA,2,0,0,0,departures,0.0,0.0,path4_radius
LEGT,2,2,2,2,departures,1.0,1.0,path4_radius
LFGA,2,1,1,2,departures,0.5,1.0,path4_radius
LDRG,2,0,0,0,departures,0.0,0.0,path4_radius
GMMD,2,0,0,0,departures,0.0,0.0,path4_radius
LFRV,2,2,2,2,departures,1.0,1.0,path4_radius
LJMB,2,2,1,2,departures,0.5,1.0,path4_radius
LTBZ,2,0,0,0,departures,0.0,0.0,path4_radius
LTBU,2,2,2,2,departures,1.0,1.0,path4_radius
ESUT,2,0,0,0,departures,0.0,0.0,path4_radius
BIVO,2,0,0,0,departures,0.0,0.0,path4_radius
ENQD,2,0,0,0,departures,0.0,0.0,path4_radius
EHGQ,2,0,0,0,departures,0.0,0.0,path4_radius
LFOH,2,2,0,0,departures,0.0,0.0,path4_radius
LGPL,2,0,0,0,departures,0.0,0.0,path4_radius
LSTS,2,2,0,0,departures,0.0,0.0,path4_radius
EHLL,2,0,0,0,departures,0.0,0.0,path4_radius
GMAT,2,0,0,0,departures,0.0,0.0,path4_radius
BITN,2,0,0,0,departures,0.0,0.0,path4_radius
LFLX,2,0,0,0,departures,0.0,0.0,path4_radius
DAUB,2,0,0,0,departures,0.0,0.0,path4_radius
ORNI,2,0,0,0,departures,0.0,0.0,path4_radius
LEDA,2,0,0,0,departures,0.0,0.0,path4_radius
ETND,2,2,2,2,departures,1.0,1.0,path4_radius
LIBG,2,0,0,0,departures,0.0,0.0,path4_radius
LKKV,2,2,2,2,departures,1.0,1.0,path4_radius
LFAC,2,1,1,1,departures,0.5,0.5,path4_radius
ENQE,2,1,0,0,departures,0.0,0.0,path4_radius
EHFB,2,0,0,0,departures,0.0,0.0,path4_radius
EGNL,2,2,1,1,departures,0.5,0.5,path4_radius
LRSM,2,0,0,0,departures,0.0,0.0,path4_radius
ENQJ,2,0,0,0,departures,0.0,0.0,path4_radius
ULAA,2,0,0,0,departures,0.0,0.0,path4_radius
LGKJ,2,0,0,0,departures,0.0,0.0,path4_radius
ENGA,2,0,0,0,departures,0.0,0.0,path4_radius
DAOI,2,0,0,0,departures,0.0,0.0,path4_radius
LZPP,2,2,2,2,departures,1.0,1.0,path4_radius
ESST,2,0,0,0,departures,0.0,0.0,path4_radius
EIWF,2,1,1,1,departures,0.5,0.5,path4_radius
HLMS,2,0,0,0,departures,0.0,0.0,path4_radius
LFQG,2,0,0,0,arrivals,0.0,0.0,path4_radius
ENQO,2,0,0,0,arrivals,0.0,0.0,path4_radius
EGLK,2,2,1,1,arrivals,0.5,0.5,path4_radius
LTBZ,2,0,0,0,arrivals,0.0,0.0,path4_radius
LTAG,2,0,0,0,arrivals,0.0,0.0,path4_radius
LTBU,2,2,2,9,arrivals,1.0,4.5,path4_radius
ENQV,2,0,0,0,arrivals,0.0,0.0,path4_radius
EGMD,2,2,2,2,arrivals,1.0,1.0,path4_radius
LFOK,2,0,0,0,arrivals,0.0,0.0,path4_radius
ESNN,2,1,1,1,arrivals,0.5,0.5,path4_radius
LSGK,2,2,0,0,arrivals,0.0,0.0,path4_radius
EDMS,2,0,0,0,arrivals,0.0,0.0,path4_radius
ENWE,2,0,0,0,arrivals,0.0,0.0,path4_radius
LSGC,2,2,2,2,arrivals,1.0,1.0,path4_radius
ENNE,2,0,0,0,arrivals,0.0,0.0,path4_radius
DAUB,2,0,0,0,arrivals,0.0,0.0,path4_radius
EHKV,2,1,0,0,arrivals,0.0,0.0,path4_radius
ORNI,2,0,0,0,arrivals,0.0,0.0,path4_radius
LEDA,2,0,0,0,arrivals,0.0,0.0,path4_radius
ETND,2,2,2,2,arrivals,1.0,1.0,path4_radius
ENSE,2,0,0,0,arrivals,0.0,0.0,path4_radius
DAOI,2,1,1,1,arrivals,0.5,0.5,path4_radius
ENXW,2,0,0,0,arrivals,0.0,0.0,path4_radius
LEAB,2,2,2,2,arrivals,1.0,1.0,path4_radius
LFRT,2,2,0,0,arrivals,0.0,0.0,path4_radius
ENWA,2,1,0,0,arrivals,0.0,0.0,path4_radius
LFPT,2,2,0,0,arrivals,0.0,0.0,path4_radius
LKKV,2,2,2,2,arrivals,1.0,1.0,path4_radius
EHPG,2,2,0,0,arrivals,0.0,0.0,path4_radius
LEGT,2,2,1,1,arrivals,0.5,0.5,path4_radius
EKHB,2,0,0,0,arrivals,0.0,0.0,path4_radius
ESST,2,1,1,3,arrivals,0.5,1.5,path4_radius
ENQR,2,0,0,0,arrivals,0.0,0.0,path4_radius
EBMB,2,2,0,0,arrivals,0.0,0.0,path4_radius
LFRV,2,2,2,2,arrivals,1.0,1.0,path4_radius
DTTZ,2,0,0,0,arrivals,0.0,0.0,path4_radius
LJMB,2,1,0,0,arrivals,0.0,0.0,path4_radius
EHJR,2,0,0,0,arrivals,0.0,0.0,path4_radius
BIVO,2,0,0,0,arrivals,0.0,0.0,path4_radius
EHKJ,2,0,0,0,arrivals,0.0,0.0,path4_radius
ENQD,2,0,0,0,arrivals,0.0,0.0,path4_radius
OJAQ,2,1,0,0,arrivals,0.0,0.0,path4_radius
GMAT,2,1,0,0,arrivals,0.0,0.0,path4_radius
BITN,2,0,0,0,arrivals,0.0,0.0,path4_radius
LFSN,2,2,0,0,arrivals,0.0,0.0,path4_radius
LFJR,2,2,2,2,arrivals,1.0,1.0,path4_radius
EGPC,2,0,0,0,arrivals,0.0,0.0,path4_radius
EDFZ,2,2,0,0,arrivals,0.0,0.0,path4_radius
LRCK,2,0,0,0,arrivals,0.0,0.0,path4_radius
LOAN,2,2,1,1,arrivals,0.5,0.5,path4_radius
LTBY,2,0,0,0,arrivals,0.0,0.0,path4_radius
LIBG,2,1,0,0,arrivals,0.0,0.0,path4_radius
OENN,2,0,0,0,arrivals,0.0,0.0,path4_radius
ENUA,2,0,0,0,arrivals,0.0,0.0,path4_radius
EDLN,2,2,1,1,arrivals,0.5,0.5,path4_radius
LESU,2,0,0,0,arrivals,0.0,0.0,path4_radius
ENQE,2,0,0,0,arrivals,0.0,0.0,path4_radius
GMMD,2,0,0,0,arrivals,0.0,0.0,path4_radius
EGNL,2,2,1,1,arrivals,0.5,0.5,path4_radius
ENUD,2,0,0,0,arrivals,0.0,0.0,path4_radius
ENQJ,2,0,0,0,arrivals,0.0,0.0,path4_radius
HLMS,2,1,0,0,arrivals,0.0,0.0,path4_radius
ORKK,2,0,0,0,arrivals,0.0,0.0,path4_radius
EGBJ,2,2,2,2,arrivals,1.0,1.0,path4_radius
LFAT,2,2,1,2,arrivals,0.5,1.0,path4_radius
LFAC,2,2,1,1,arrivals,0.5,0.5,path4_radius
EBCV,1,1,1,1,departures,1.0,1.0,path4_radius
ENRK,1,0,0,0,departures,0.0,0.0,path4_radius
ULPB,1,0,0,0,departures,0.0,0.0,path4_radius
EHTW,1,1,1,1,departures,1.0,1.0,path4_radius
ENSF,1,0,0,0,departures,0.0,0.0,path4_radius
UGSA,1,0,0,0,departures,0.0,0.0,path4_radius
EDQM,1,1,1,1,departures,1.0,1.0,path4_radius
DABT,1,0,0,0,departures,0.0,0.0,path4_radius
LGTG,1,0,0,0,departures,0.0,0.0,path4_radius
EYSA,1,1,1,1,departures,1.0,1.0,path4_radius
EDMS,1,0,0,0,departures,0.0,0.0,path4_radius
URWA,1,0,0,0,departures,0.0,0.0,path4_radius
ENWE,1,0,0,0,departures,0.0,0.0,path4_radius
ENQG,1,0,0,0,departures,0.0,0.0,path4_radius
EHKV,1,0,0,0,departures,0.0,0.0,path4_radius
LFLA,1,0,0,0,departures,0.0,0.0,path4_radius
LFGF,1,1,0,0,departures,0.0,0.0,path4_radius
UMII,1,0,0,0,departures,0.0,0.0,path4_radius
LOIH,1,1,0,0,departures,0.0,0.0,path4_radius
ENQK,1,0,0,0,departures,0.0,0.0,path4_radius
ULMM,1,0,0,0,departures,0.0,0.0,path4_radius
ESMK,1,1,1,1,departures,1.0,1.0,path4_radius
EDWF,1,1,0,0,departures,0.0,0.0,path4_radius
LFAQ,1,1,0,0,departures,0.0,0.0,path4_radius
EKGC,1,0,0,0,departures,0.0,0.0,path4_radius
ENWK,1,0,0,0,departures,0.0,0.0,path4_radius
LFRO,1,1,1,1,departures,1.0,1.0,path4_radius
ULWC,1,0,0,0,departures,0.0,0.0,path4_radius
LFRI,1,0,0,0,departures,0.0,0.0,path4_radius
USKK,1,0,0,0,departures,0.0,0.0,path4_radius
UWPS,1,0,0,0,departures,0.0,0.0,path4_radius
EGEO,1,0,0,0,departures,0.0,0.0,path4_radius
LKKU,1,1,1,1,departures,1.0,1.0,path4_radius
EHPG,1,0,0,0,departures,0.0,0.0,path4_radius
ENWI,1,0,0,0,departures,0.0,0.0,path4_radius
LFCI,1,1,1,1,departures,1.0,1.0,path4_radius
EIWT,1,1,0,1,departures,0.0,1.0,path4_radius
EGUB,1,1,1,1,departures,1.0,1.0,path4_radius
ENLA,1,1,0,0,departures,0.0,0.0,path4_radius
LFBF,1,1,0,0,departures,0.0,0.0,path4_radius
LKRO,1,1,0,0,departures,0.0,0.0,path4_radius
EGSC,1,1,1,1,departures,1.0,1.0,path4_radius
EGHL,1,1,1,1,departures,1.0,1.0,path4_radius
ENDR,1,0,0,0,departures,0.0,0.0,path4_radius
LFCH,1,1,1,1,departures,1.0,1.0,path4_radius
DTTZ,1,0,0,0,departures,0.0,0.0,path4_radius
EFLP,1,0,0,0,departures,0.0,0.0,path4_radius
DAUH,1,0,0,0,departures,0.0,0.0,path4_radius
EPBC,1,0,0,0,departures,0.0,0.0,path4_radius
EPWK,1,0,0,0,departures,0.0,0.0,path4_radius
EDRZ,1,1,0,0,departures,0.0,0.0,path4_radius
EBSP,1,0,0,0,departures,0.0,0.0,path4_radius
GMAZ,1,1,0,0,departures,0.0,0.0,path4_radius
LKMH,1,1,0,0,departures,0.0,0.0,path4_radius
ENQL,1,0,0,0,departures,0.0,0.0,path4_radius
EHJR,1,0,0,0,departures,0.0,0.0,path4_radius
LEBA,1,1,1,1,departures,1.0,1.0,path4_radius
LKJI,1,1,0,0,departures,0.0,0.0,path4_radius
LYKV,1,0,0,0,departures,0.0,0.0,path4_radius
LIMG,1,0,0,0,departures,0.0,0.0,path4_radius
EDBM,1,1,0,0,departures,0.0,0.0,path4_radius
LFJR,1,1,1,1,departures,1.0,1.0,path4_radius
LRAR,1,0,0,0,departures,0.0,0.0,path4_radius
LFLH,1,0,0,0,departures,0.0,0.0,path4_radius
EDBC,1,0,0,0,departures,0.0,0.0,path4_radius
EDFZ,1,1,1,3,departures,1.0,3.0,path4_radius
ENQM,1,0,0,0,departures,0.0,0.0,path4_radius
EHKS,1,0,0,0,departures,0.0,0.0,path4_radius
EDFE,1,1,0,0,departures,0.0,0.0,path4_radius
LKPM,1,0,0,0,departures,0.0,0.0,path4_radius
LFSG,1,0,0,0,departures,0.0,0.0,path4_radius
UBBF,1,0,0,0,departures,0.0,0.0,path4_radius
ENBE,1,0,0,0,departures,0.0,0.0,path4_radius
DAAV,1,0,0,0,departures,0.0,0.0,path4_radius
DAUG,1,0,0,0,departures,0.0,0.0,path4_radius
EKSI,1,0,0,0,departures,0.0,0.0,path4_radius
EDTF,1,1,0,0,departures,0.0,0.0,path4_radius
EHJC,1,0,0,0,departures,0.0,0.0,path4_radius
EKHB,1,0,0,0,departures,0.0,0.0,path4_radius
LGKA,1,0,0,0,departures,0.0,0.0,path4_radius
EPCD,1,0,0,0,departures,0.0,0.0,path4_radius
ENUN,1,0,0,0,departures,0.0,0.0,path4_radius
BIGJ,1,0,0,0,departures,0.0,0.0,path4_radius
UBBL,1,0,0,0,departures,0.0,0.0,path4_radius
ENUD,1,0,0,0,departures,0.0,0.0,path4_radius
LFMH,1,1,1,1,departures,1.0,1.0,path4_radius
EPPW,1,0,0,0,departures,0.0,0.0,path4_radius
LFHS,1,1,0,0,departures,0.0,0.0,path4_radius
LFOP,1,1,1,1,departures,1.0,1.0,path4_radius
LOLW,1,1,0,0,departures,0.0,0.0,path4_radius
EHAK,1,0,0,0,departures,0.0,0.0,path4_radius
ENUE,1,0,0,0,departures,0.0,0.0,path4_radius
EDMV,1,1,0,0,departures,0.0,0.0,path4_radius
EKTE,1,0,0,0,departures,0.0,0.0,path4_radius
OJAQ,1,0,0,0,departures,0.0,0.0,path4_radius
EDAY,1,0,0,0,departures,0.0,0.0,path4_radius
EGOV,1,1,1,1,departures,1.0,1.0,path4_radius
LFLD,1,0,0,0,departures,0.0,0.0,path4_radius
ENUS,1,0,0,0,departures,0.0,0.0,path4_radius
LPEV,1,1,1,1,departures,1.0,1.0,path4_radius
ENRY,1,1,1,1,departures,1.0,1.0,path4_radius
LFBA,1,1,1,1,departures,1.0,1.0,path4_radius
EHFD,1,0,0,0,departures,0.0,0.0,path4_radius
ENQB,1,0,0,0,departures,0.0,0.0,path4_radius
OIGG,1,0,0,0,departures,0.0,0.0,path4_radius
LIRJ,1,0,0,0,departures,0.0,0.0,path4_radius
LCRA,1,1,1,1,departures,1.0,1.0,path4_radius
EHQM,1,0,0,0,departures,0.0,0.0,path4_radius
UUBC,1,0,0,0,departures,0.0,0.0,path4_radius
UUBI,1,0,0,0,departures,0.0,0.0,path4_radius
EGBK,1,1,0,0,departures,0.0,0.0,path4_radius
EHGN,1,0,0,0,departures,0.0,0.0,path4_radius
ENQR,1,0,0,0,departures,0.0,0.0,path4_radius
LSZG,1,1,1,1,departures,1.0,1.0,path4_radius
EHLE,1,1,1,1,departures,1.0,1.0,path4_radius
ENUK,1,0,0,0,departures,0.0,0.0,path4_radius
EBMB,1,1,0,0,departures,0.0,0.0,path4_radius
EDTD,1,1,1,1,departures,1.0,1.0,path4_radius
LGKZ,1,0,0,0,departures,0.0,0.0,path4_radius
LHPR,1,1,1,1,departures,1.0,1.0,path4_radius
LFLO,1,1,1,1,departures,1.0,1.0,path4_radius
DAUH,1,0,0,0,arrivals,0.0,0.0,path4_radius
EBCV,1,1,1,2,arrivals,1.0,2.0,path4_radius
EHFT,1,0,0,0,arrivals,0.0,0.0,path4_radius
ENRK,1,1,0,0,arrivals,0.0,0.0,path4_radius
ULPB,1,0,0,0,arrivals,0.0,0.0,path4_radius
LEBA,1,1,1,1,arrivals,1.0,1.0,path4_radius
UGSA,1,0,0,0,arrivals,0.0,0.0,path4_radius
LIMG,1,1,1,1,arrivals,1.0,1.0,path4_radius
EDBM,1,1,0,0,arrivals,0.0,0.0,path4_radius
URWA,1,0,0,0,arrivals,0.0,0.0,path4_radius
LFLD,1,0,0,0,arrivals,0.0,0.0,path4_radius
LPEV,1,1,1,1,arrivals,1.0,1.0,path4_radius
EDBC,1,1,0,0,arrivals,0.0,0.0,path4_radius
LFLA,1,0,0,0,arrivals,0.0,0.0,path4_radius
UMII,1,0,0,0,arrivals,0.0,0.0,path4_radius
ENQB,1,0,0,0,arrivals,0.0,0.0,path4_radius
OIGG,1,0,0,0,arrivals,0.0,0.0,path4_radius
LIRJ,1,0,0,0,arrivals,0.0,0.0,path4_radius
LFAQ,1,1,0,0,arrivals,0.0,0.0,path4_radius
ENWK,1,0,0,0,arrivals,0.0,0.0,path4_radius
LFRO,1,1,1,1,arrivals,1.0,1.0,path4_radius
LFTF,1,1,0,0,arrivals,0.0,0.0,path4_radius
ULWC,1,0,0,0,arrivals,0.0,0.0,path4_radius
EGTF,1,1,0,0,arrivals,0.0,0.0,path4_radius
DAAV,1,0,0,0,arrivals,0.0,0.0,path4_radius
USKK,1,0,0,0,arrivals,0.0,0.0,path4_radius
UWPS,1,0,0,0,arrivals,0.0,0.0,path4_radius
EDGE,1,1,0,0,arrivals,0.0,0.0,path4_radius
EKAR,1,0,0,0,arrivals,0.0,0.0,path4_radius
LSZC,1,1,0,0,arrivals,0.0,0.0,path4_radius
UUBC,1,0,0,2,arrivals,0.0,2.0,path4_radius
UUBI,1,0,0,0,arrivals,0.0,0.0,path4_radius
LFCI,1,1,1,1,arrivals,1.0,1.0,path4_radius
LFGA,1,1,1,2,arrivals,1.0,2.0,path4_radius
EGUB,1,1,1,1,arrivals,1.0,1.0,path4_radius
ENLA,1,0,0,0,arrivals,0.0,0.0,path4_radius
LKRO,1,1,0,0,arrivals,0.0,0.0,path4_radius
LRSM,1,0,0,0,arrivals,0.0,0.0,path4_radius
EHKE,1,0,0,0,arrivals,0.0,0.0,path4_radius
EGSC,1,1,1,1,arrivals,1.0,1.0,path4_radius
ENDR,1,0,0,0,arrivals,0.0,0.0,path4_radius
UBBL,1,0,0,0,arrivals,0.0,0.0,path4_radius
LHPR,1,1,1,1,arrivals,1.0,1.0,path4_radius
EGWC,1,1,1,1,arrivals,1.0,1.0,path4_radius
EHPK,1,1,0,0,arrivals,0.0,0.0,path4_radius
LPVR,1,1,1,4,arrivals,1.0,4.0,path4_radius
EPWK,1,0,0,0,arrivals,0.0,0.0,path4_radius
GMAZ,1,0,0,0,arrivals,0.0,0.0,path4_radius
LIQS,1,0,0,0,arrivals,0.0,0.0,path4_radius
LKMH,1,1,0,0,arrivals,0.0,0.0,path4_radius
EHTW,1,1,1,1,arrivals,1.0,1.0,path4_radius
EPNT,1,0,0,0,arrivals,0.0,0.0,path4_radius
EGFE,1,1,1,1,arrivals,1.0,1.0,path4_radius
ENQC,1,1,0,0,arrivals,0.0,0.0,path4_radius
LIMW,1,0,0,0,arrivals,0.0,0.0,path4_radius
LSTS,1,1,0,0,arrivals,0.0,0.0,path4_radius
LYKV,1,0,0,0,arrivals,0.0,0.0,path4_radius
EHDV,1,0,0,0,arrivals,0.0,0.0,path4_radius
EDLE,1,1,0,0,arrivals,0.0,0.0,path4_radius
EGBP,1,1,0,0,arrivals,0.0,0.0,path4_radius
ENQM,1,0,0,0,arrivals,0.0,0.0,path4_radius
EDFE,1,1,0,1,arrivals,0.0,1.0,path4_radius
LFSG,1,1,1,2,arrivals,1.0,2.0,path4_radius
UBBF,1,0,0,0,arrivals,0.0,0.0,path4_radius
EHFD,1,0,0,0,arrivals,0.0,0.0,path4_radius
EHLI,1,0,0,0,arrivals,0.0,0.0,path4_radius
EDBR,1,1,1,1,arrivals,1.0,1.0,path4_radius
EDXQ,1,0,0,0,arrivals,0.0,0.0,path4_radius
EDTF,1,1,0,0,arrivals,0.0,0.0,path4_radius
LDRG,1,1,0,0,arrivals,0.0,0.0,path4_radius
EIWT,1,1,0,0,arrivals,0.0,0.0,path4_radius
ENUN,1,0,0,0,arrivals,0.0,0.0,path4_radius
LGKZ,1,0,0,0,arrivals,0.0,0.0,path4_radius
LFMH,1,1,1,1,arrivals,1.0,1.0,path4_radius
EPPW,1,0,0,5,arrivals,0.0,5.0,path4_radius
LFPN,1,1,0,0,arrivals,0.0,0.0,path4_radius
LFOP,1,1,1,1,arrivals,1.0,1.0,path4_radius
LOLW,1,1,0,0,arrivals,0.0,0.0,path4_radius
ENSF,1,0,0,0,arrivals,0.0,0.0,path4_radius
EDQM,1,1,1,1,arrivals,1.0,1.0,path4_radius
DABT,1,0,0,0,arrivals,0.0,0.0,path4_radius
EHGQ,1,0,0,0,arrivals,0.0,0.0,path4_radius
EDMV,1,0,0,0,arrivals,0.0,0.0,path4_radius
EDAQ,1,1,0,0,arrivals,0.0,0.0,path4_radius
EGOV,1,1,0,0,arrivals,0.0,0.0,path4_radius
ENUS,1,0,0,0,arrivals,0.0,0.0,path4_radius
ENGA,1,0,0,0,arrivals,0.0,0.0,path4_radius
LRAR,1,0,0,0,arrivals,0.0,0.0,path4_radius
LFLH,1,1,0,0,arrivals,0.0,0.0,path4_radius
LFBA,1,1,1,1,arrivals,1.0,1.0,path4_radius
ULMM,1,0,0,0,arrivals,0.0,0.0,path4_radius
LFRI,1,0,0,0,arrivals,0.0,0.0,path4_radius
EHFR,1,0,0,0,arrivals,0.0,0.0,path4_radius
LGKA,1,0,0,0,arrivals,0.0,0.0,path4_radius
EGBK,1,1,0,0,arrivals,0.0,0.0,path4_radius
EIWF,1,1,1,1,arrivals,1.0,1.0,path4_radius
BIGJ,1,0,0,0,arrivals,0.0,0.0,path4_radius
LJPZ,1,1,1,2,arrivals,1.0,2.0,path4_radius
EHLE,1,1,1,1,arrivals,1.0,1.0,path4_radius
ENUK,1,0,0,0,arrivals,0.0,0.0,path4_radius
EDTD,1,1,1,1,arrivals,1.0,1.0,path4_radius
LFLO,1,1,0,0,arrivals,0.0,0.0,path4_radius
EFLP,1,0,0,0,arrivals,0.0,0.0,path4_radius
