adep_accuracy,adep_correct,adep_coverage,adep_gt_ooa_share,adep_inarea_accuracy,adep_inarea_coverage,adep_ooa_precision,adep_ooa_recall,adep_overall,adep_pred_ooa_share,adep_score,adep_wrong,ades_accuracy,ades_correct,ades_coverage,ades_gt_ooa_share,ades_inarea_accuracy,ades_inarea_coverage,ades_ooa_precision,ades_ooa_recall,ades_overall,ades_pred_ooa_share,ades_score,ades_wrong,fl_cap,k,legacy,margin,n_ground_truth,penalty_nm,radius_nm,stage,stage2_role
0.9871869808650711,64179,0.6835022498843517,0.08297237057908238,0.9882206208425721,0.7445657158580208,0.0,0.0,0.6747445224778166,0.0,62513.0,833,0.9751482059282371,62507,0.6739139576937634,0.08372934101518147,0.9755743538519166,0.7351753258674499,0.0,0.0,0.6571659867950713,0.0,59321.0,1593,40,2.0,True,4,95116,0.0,30.0,0,
0.9953409050951159,56613,0.5979856175617141,0.08297237057908238,0.9964621396134755,0.6513574245620471,0.0,0.0,0.5951995458177384,0.0,56083.0,265,0.9877208099956916,59605,0.6344463602338197,0.08372934101518147,0.988097408948494,0.692158527629888,0.0,0.0,0.6266558728289667,0.0,58123.0,741,20,2.0,,0,95116,10.0,5.0,1,
0.994691789851124,56591,0.5981433197359014,0.08297237057908238,0.9958119973956958,0.6515293955791984,0.0,0.0,0.594968249295597,0.0,55987.0,302,0.9858012830950598,60542,0.6456747550359561,0.08372934101518147,0.9862348705752032,0.7043670827978704,0.0,0.0,0.6365070019765339,0.0,58798.0,872,20,2.0,,0,95116,10.0,10.0,1,
0.9941151670589888,56591,0.5984902645191135,0.08297237057908238,0.9952340754809891,0.6519077318169311,0.0,0.0,0.594968249295597,0.0,55921.0,335,0.9839543503706594,60525,0.6467050759073132,0.08372934101518147,0.9844184571344925,0.7054686065724252,0.0,0.0,0.6363282728457883,0.0,58551.0,987,20,2.0,,0,95116,10.0,15.0,1,
0.9936616627161794,56594,0.5987951553892089,0.08297237057908238,0.9947969766215503,0.6522287443822801,0.0,0.0,0.5949997897304344,0.0,55872.0,361,0.9827740165278522,60532,0.6475566676479246,0.08372934101518147,0.9832688996458855,0.7063750688452359,0.0,0.0,0.6364018671937424,0.0,58410.0,1061,20,2.0,,0,95116,10.0,20.0,1,
0.9925290682380176,56595,0.5994890449556332,0.08297237057908238,0.9936617740009832,0.6529854168577456,0.0,0.0,0.5950103032087136,0.0,55743.0,426,0.9812314624224056,60541,0.6486710963455149,0.08372934101518147,0.9817724803373065,0.7075569120616854,0.0,0.0,0.6364964884982548,0.0,58225.0,1158,20,2.0,,0,95116,10.0,30.0,1,
0.9919205019453889,56597,0.5998780436519618,0.08297237057908238,0.9930517782885617,0.6534096120333853,0.0,0.0,0.5950313301652719,0.0,55675.0,461,0.9802159729305292,60545,0.6493860128684974,0.08372934101518147,0.9807876107628258,0.7083142096566918,0.0,0.0,0.6365385424113714,0.0,58101.0,1222,20,2.0,,0,95116,10.0,40.0,1,
0.989665664125341,56597,0.6012447958282519,0.08297237057908238,0.9907918001505523,0.6549000275153627,0.0,0.0,0.5950313301652719,0.0,55415.0,591,0.978664942621626,60550,0.6504689011312502,0.08372934101518147,0.979345593349184,0.7094157334312465,0.0,0.0,0.6365911098027671,0.0,57910.0,1320,20,2.0,,0,95116,10.0,60.0,1,
0.9829451709824762,56597,0.605355565835401,0.08297237057908238,0.9842271841958821,0.6592680913510043,0.0,0.0,0.5950313301652719,0.0,54633.0,982,0.9776220614828209,60550,0.6511627906976745,0.08372934101518147,0.9784277288519028,0.7100812373783734,0.0,0.0,0.6365911098027671,0.0,57778.0,1386,20,2.0,,0,95116,10.0,80.0,1,
0.995399040981538,51274,0.5415597796374952,0.08297237057908238,0.9965404648993237,0.5898835182977162,0.0,0.0,0.5390680852853358,0.0,50800.0,237,0.9890699490041693,59543,0.6329219058833424,0.08372934101518147,0.9893986474136355,0.6905291903800257,0.0,0.0,0.6260040371756592,0.0,58227.0,658,20,2.0,,2,95116,10.0,5.0,1,
0.9947982376118476,51253,0.5416649144202869,0.08297237057908238,0.9959387509230112,0.5899981656424838,0.0,0.0,0.5388473022414736,0.0,50717.0,268,0.9872441896548908,60446,0.6437087345977544,0.08372934101518147,0.987615188549768,0.7022673031026253,0.0,0.0,0.6354977080617351,0.0,58884.0,781,20,2.0,,2,95116,10.0,10.0,1,
0.9942771785520291,51253,0.5419487783338239,0.08297237057908238,0.9954164967274564,0.590307713473356,0.0,0.0,0.5388473022414736,0.0,50663.0,295,0.9855171738917702,60426,0.6446234072080407,0.08372934101518147,0.9859030837004406,0.7032540848173306,0.0,0.0,0.6352874384961521,0.0,58650.0,888,20,2.0,,2,95116,10.0,15.0,1,
0.9939493842722777,51253,0.5421275074645696,0.08297237057908238,0.9950879509183396,0.5905026139594607,0.0,0.0,0.5388473022414736,0.0,50629.0,312,0.984394089953899,60429,0.645390891122419,0.08372934101518147,0.9847951500928913,0.7040802276482467,0.0,0.0,0.6353189789309895,0.0,58513.0,958,20,2.0,,2,95116,10.0,20.0,1,
0.9928711183433099,51253,0.5427162622482022,0.08297237057908238,0.9940072146154144,0.5911446390901587,0.0,0.0,0.5388473022414736,0.0,50517.0,368,0.9831462502033512,60434,0.6462635098195887,0.08372934101518147,0.9835622680815052,0.7050211125390123,0.0,0.0,0.6353715463223853,0.0,58362.0,1036,20,2.0,,2,95116,10.0,30.0,1,
0.9924868810874659,51255,0.5429475587703436,0.08297237057908238,0.993622053349876,0.5913968632486472,0.0,0.0,0.5388683291980318,0.0,50479.0,388,0.982268235600052,60437,0.6468732915597797,0.08372934101518147,0.982683489967806,0.7056866164861392,0.0,0.0,0.6354030867572228,0.0,58255.0,1091,20,2.0,,2,95116,10.0,40.0,1,
0.9906262079628914,51255,0.5439673661634216,0.08297237057908238,0.9917571254426192,0.5925089424928919,0.0,0.0,0.5388683291980318,0.0,50285.0,485,0.981026115466394,60442,0.6477459102569494,0.08372934101518147,0.9814721595245441,0.7066160271709198,0.0,0.0,0.6354556541486185,0.0,58104.0,1169,20,2.0,,2,95116,10.0,60.0,1,
0.9823670340201246,51255,0.5485407292148534,0.08297237057908238,0.9835924006908463,0.5974273135834174,0.0,0.0,0.5388683291980318,0.0,49415.0,920,0.980453225623307,60442,0.6481243954749989,0.08372934101518147,0.9809465074006751,0.706994675968423,0.0,0.0,0.6354556541486185,0.0,58032.0,1205,20,2.0,,2,95116,10.0,80.0,1,
0.9957884885353299,44688,0.4718133647335885,0.08297237057908238,0.9969436698271054,0.5139067229202972,0.0,0.0,0.4698263173388284,0.0,44310.0,189,0.9893232450609499,58840,0.6252891206526767,0.08372934101518147,0.9896393972012917,0.68221039104094,0.0,0.0,0.618613061945414,0.0,57570.0,635,20,2.0,,4,95116,10.0,5.0,1,
0.9951654227470201,44668,0.4718974725598217,0.08297237057908238,0.9963196752392212,0.5139984407961111,0.0,0.0,0.4696160477732453,0.0,44234.0,217,0.9874512407668686,59489,0.6333844989276252,0.08372934101518147,0.9877955632306057,0.6910225812373784,0.0,0.0,0.6254363093485849,0.0,57977.0,756,20,2.0,,4,95116,10.0,10.0,1,
0.994633592375693,44668,0.47214979603852136,0.08297237057908238,0.9957866107853847,0.5142735944235531,0.0,0.0,0.4696160477732453,0.0,44186.0,241,0.9858090185676393,59464,0.6341730097985617,0.08372934101518147,0.9861686954791203,0.6918716724802644,0.0,0.0,0.625173472391606,0.0,57752.0,856,20,2.0,,4,95116,10.0,15.0,1,
0.9943678902962979,44668,0.47227595777787124,0.08297237057908238,0.9955202924067842,0.5144111712372741,0.0,0.0,0.4696160477732453,0.0,44162.0,253,0.9847481204252642,59465,0.6348668993649859,0.08372934101518147,0.9851070174276059,0.6926289700752708,0.0,0.0,0.6251839858698852,0.0,57623.0,921,20,2.0,,4,95116,10.0,20.0,1,
0.9931960688397741,44668,0.47283317212666637,0.08297237057908238,0.9943457548639865,0.5150188021645419,0.0,0.0,0.4696160477732453,0.0,44056.0,306,0.9837546320804659,59466,0.6355187350182935,0.08372934101518147,0.9841290856433595,0.6933288966403525,0.0,0.0,0.6251944993481644,0.0,57502.0,982,20,2.0,,4,95116,10.0,30.0,1,
0.9928873082907312,44670,0.47300138777913286,0.08297237057908238,0.994036227691486,0.5152022379161698,0.0,0.0,0.4696370747298036,0.0,44030.0,320,0.9830881137378079,59467,0.6359603011060179,0.08372934101518147,0.9834620536821738,0.6938108132917202,0.0,0.0,0.6252050128264435,0.0,57421.0,1023,20,2.0,,4,95116,10.0,40.0,1,
0.9911689003283927,44670,0.47382143908490687,0.08297237057908238,0.9923138439665896,0.5160964872053563,0.0,0.0,0.4696370747298036,0.0,43874.0,398,0.9820986227169138,59470,0.6366331637158837,0.08372934101518147,0.9824880224681976,0.6945336882687718,0.0,0.0,0.6252365532612809,0.0,57302.0,1084,20,2.0,,4,95116,10.0,60.0,1,
0.9845930040335912,44670,0.47698599604693215,0.08297237057908238,0.9858098117538013,0.519501513344951,0.0,0.0,0.4696370747298036,0.0,43272.0,699,0.9814827039873251,59470,0.6370326758904916,0.08372934101518147,0.981887826704311,0.6949582338902148,0.0,0.0,0.6252365532612809,0.0,57226.0,1122,20,2.0,,4,95116,10.0,80.0,1,
0.9961155210268535,23592,0.24900121956348037,0.08297237057908238,0.9975897500951414,0.27112950564064936,0.0,0.0,0.24803397956179823,0.0,23408.0,92,0.9898374691121706,56882,0.6041675427898566,0.08372934101518147,0.9901476117532377,0.6591701854231687,0.0,0.0,0.5980276714748307,0.0,55714.0,584,20,2.0,,8,95116,10.0,5.0,1,
0.9951462457265859,23578,0.24909584086799277,0.08297237057908238,0.996618480006763,0.2712326882509401,0.0,0.0,0.24788679086589008,0.0,23348.0,115,0.9879728050800662,57255,0.6092770932335254,0.08372934101518147,0.9882968256434157,0.6647351753258675,0.0,0.0,0.6019491988729552,0.0,55861.0,697,20,2.0,,8,95116,10.0,10.0,1,
0.9946424804893482,23578,0.24922200260734262,0.08297237057908238,0.9961132234896494,0.2713702650646611,0.0,0.0,0.24788679086589008,0.0,23324.0,127,0.9862987729215497,57229,0.6100340636696244,0.08372934101518147,0.9866218429445738,0.6655613181567835,0.0,0.0,0.6016758484376972,0.0,55639.0,795,20,2.0,,8,95116,10.0,15.0,1,
0.9943069202547126,23578,0.24930611043357584,0.08297237057908238,0.9957766703268858,0.2714619829404751,0.0,0.0,0.24788679086589008,0.0,23308.0,135,0.985280192820866,57230,0.6106753858446529,0.08372934101518147,0.9856025901560294,0.6662612447218652,0.0,0.0,0.6016863619159762,0.0,55520.0,855,20,2.0,,8,95116,10.0,20.0,1,
0.9930087601078167,23578,0.24963202826022962,0.08297237057908238,0.9944746720654604,0.27181738970925434,0.0,0.0,0.24788679086589008,0.0,23246.0,166,0.9842976059438635,57231,0.6112956810631229,0.08372934101518147,0.9846193548387097,0.6669382228749771,0.0,0.0,0.6016968753942554,0.0,55405.0,913,20,2.0,,8,95116,10.0,30.0,1,
0.9925910334666386,23579,0.2497476765213003,0.08297237057908238,0.9940556492411468,0.2719435017884986,0.0,0.0,0.24789730434416923,0.0,23227.0,176,0.9835873992472546,57232,0.6117477606291265,0.08372934101518147,0.9839086783110988,0.6674316137323297,0.0,0.0,0.6017073888725346,0.0,55322.0,955,20,2.0,,8,95116,10.0,40.0,1,
0.9908391814094214,23579,0.25018924260902475,0.08297237057908238,0.992298628061611,0.2724250206365221,0.0,0.0,0.24789730434416923,0.0,23143.0,218,0.9826257146290797,57235,0.6123785693258758,0.08372934101518147,0.9829463488356117,0.6681200660914265,0.0,0.0,0.601738929307372,0.0,55211.0,1012,20,2.0,,8,95116,10.0,60.0,1,
0.9841806494699057,23579,0.2518819126119685,0.08297237057908238,0.9857441471571906,0.2742364486838485,0.0,0.0,0.24789730434416923,0.0,22821.0,379,0.9800178076093284,57235,0.6140081584591446,0.08372934101518147,0.9803367418597879,0.6698985680190931,0.0,0.0,0.601738929307372,0.0,54901.0,1167,20,2.0,,8,95116,10.0,80.0,1,
0.9854497354497355,1490,0.01589637915808066,0.08297237057908238,0.9933333333333333,0.01719710171512428,0.0,0.0,0.015665082635939274,0.0,1446.0,22,0.990503715937242,50379,0.5347365322343244,0.08372934101518147,0.9907959171632544,0.5834289517165412,0.0,0.0,0.529658522225493,0.0,49413.0,483,20,2.0,,16,95116,10.0,5.0,1,
0.9841479524438573,1490,0.015917406114638967,0.08297237057908238,0.9920106524633822,0.017220031184077778,0.0,0.0,0.015665082635939274,0.0,1442.0,24,0.9884352274731952,50427,0.5363661213675932,0.08372934101518147,0.9887453187192408,0.5851959794382229,0.0,0.0,0.5301631691828924,0.0,49247.0,590,20,2.0,,16,95116,10.0,10.0,1,
0.9834983498349835,1490,0.01592791959291812,0.08297237057908238,0.9913506320691949,0.017231495918554527,0.0,0.0,0.015665082635939274,0.0,1440.0,25,0.9867073863080206,50402,0.5370389839774591,0.08372934101518147,0.9870165475374523,0.5859303286212594,0.0,0.0,0.5299003322259136,0.0,49044.0,679,20,2.0,,16,95116,10.0,15.0,1,
0.982201713909031,1490,0.015948946549476428,0.08297237057908238,0.9900332225913622,0.017254425387508026,0.0,0.0,0.015665082635939274,0.0,1436.0,27,0.9858006219562284,50403,0.5375436309348585,0.08372934101518147,0.9861092090074932,0.5864810905085368,0.0,0.0,0.5299108457041928,0.0,48951.0,726,20,2.0,,16,95116,10.0,20.0,1,
0.9809084924292297,1490,0.015969973506034737,0.08297237057908238,0.9887193098871931,0.017277354856461525,0.0,0.0,0.015665082635939274,0.0,1432.0,29,0.9848955585516932,50404,0.5380482778922578,0.08372934101518147,0.9852035730341471,0.5870318523958142,0.0,0.0,0.529921359182472,0.0,48858.0,773,20,2.0,,16,95116,10.0,30.0,1,
0.9796186719263642,1490,0.015991000462593045,0.08297237057908238,0.9874088800530152,0.017300284325415024,0.0,0.0,0.015665082635939274,0.0,1428.0,31,0.9841651046547953,50405,0.5384583035451449,0.08372934101518147,0.98447265625,0.5874793464292271,0.0,0.0,0.529931872660751,0.0,48783.0,811,20,2.0,,16,95116,10.0,40.0,1,
0.9764089121887287,1490,0.016043567853988815,0.08297237057908238,0.9841479524438573,0.01735760799779877,0.0,0.0,0.015665082635939274,0.0,1418.0,36,0.983110018918339,50407,0.5390575718070566,0.08372934101518147,0.9834168991552373,0.588133376170369,0.0,0.0,0.5299528996173094,0.0,48675.0,866,20,2.0,,16,95116,10.0,60.0,1,
0.9588159588159588,1490,0.016337945245805122,0.08297237057908238,0.9669046073977936,0.017667155828671007,0.0,0.0,0.015665082635939274,0.0,1362.0,64,0.9822670849815851,50407,0.5395201648513395,0.08372934101518147,0.9825734391142473,0.5886382412337067,0.0,0.0,0.5299528996173094,0.0,48587.0,910,20,2.0,,16,95116,10.0,80.0,1,
0.9955283336744816,63227,0.6677215189873418,0.08297237057908238,0.9965639530301836,0.7273800788773732,0.0,0.0,0.6647356911560621,0.0,62659.0,284,0.9872136212733786,60068,0.6397030993733966,0.08372934101518147,0.9875869325748483,0.6978956306223609,0.0,0.0,0.631523613272215,0.0,58512.0,778,30,2.0,,0,95116,10.0,5.0,1,
0.9945266318456197,63596,0.6722948820387737,0.08297237057908238,0.9956165069822782,0.7323213794368523,0.0,0.0,0.6686151646410698,0.0,62896.0,350,0.9843537199505907,62158,0.6638840994154506,0.08372934101518147,0.9848372019329795,0.7241945107398569,0.0,0.0,0.6534967828756466,0.0,60182.0,988,30,2.0,,0,95116,10.0,10.0,1,
0.9939980306037919,63595,0.6726418268219858,0.08297237057908238,0.9950867639925519,0.732699715674585,0.0,0.0,0.6686046511627907,0.0,62827.0,384,0.9825576810862812,62303,0.666649144202868,0.08372934101518147,0.983069300681646,0.7271892785019277,0.0,0.0,0.6550212372261239,0.0,60091.0,1106,30,2.0,,0,95116,10.0,15.0,1,
0.9934394476639747,63599,0.6730623659531519,0.08297237057908238,0.9945579933382332,0.7331353755847014,0.0,0.0,0.6686467050759073,0.0,62759.0,420,0.9812199921290831,62332,0.6678687076832499,0.08372934101518147,0.981760907229485,0.7284973379842115,0.0,0.0,0.6553261280962194,0.0,59946.0,1193,30,2.0,,0,95116,10.0,20.0,1,
0.9921222993526246,63600,0.6739665250851592,0.08297237057908238,0.9932378617275467,0.7341213427497019,0.0,0.0,0.6686572185541865,0.0,62590.0,505,0.9795463114239035,62354,0.6692459733378191,0.08372934101518147,0.9801314093495551,0.7299660363502846,0.0,0.0,0.6555574246183608,0.0,59750.0,1302,30,2.0,,0,95116,10.0,30.0,1,
0.9915966386554622,63602,0.6743450103032087,0.08297237057908238,0.9927109834709454,0.734534073190865,0.0,0.0,0.6686782455107447,0.0,62524.0,539,0.9782888338091802,62362,0.670192186382943,0.08372934101518147,0.9789338189124702,0.7309528180649899,0.0,0.0,0.655641532444594,0.0,59594.0,1384,30,2.0,,0,95116,10.0,40.0,1,
0.9892215568862276,63602,0.6759640859581985,0.08297237057908238,0.9903459873563576,0.7362881775658076,0.0,0.0,0.6686782455107447,0.0,62216.0,693,0.9767587546200589,62368,0.6713066150805332,0.08372934101518147,0.9775088945660863,0.7320887644574995,0.0,0.0,0.6557046133142689,0.0,59400.0,1484,30,2.0,,0,95116,10.0,60.0,1,
0.9836070644273298,63602,0.6798225324866479,0.08297237057908238,0.9849475020906248,0.7403237641016234,0.0,0.0,0.6686782455107447,0.0,61482.0,1060,0.975537272812588,62370,0.6721687202994239,0.08372934101518147,0.9764383561643836,0.7329149072884157,0.0,0.0,0.6557256402708272,0.0,59242.0,1564,30,2.0,,0,95116,10.0,80.0,1,
0.9954954954954955,60996,0.6441818411203163,0.08297237057908238,0.9965364004705267,0.7017334678528845,0.0,0.0,0.6412801211152698,0.0,60444.0,276,0.9876488388921781,60053,0.6392615332856723,0.08372934101518147,0.9880063176598335,0.6974251881769782,0.0,0.0,0.6313659110980276,0.0,58551.0,751,30,2.0,,2,95116,10.0,5.0,1,
0.9945363188448217,61161,0.6465473737331259,0.08297237057908238,0.9956210320690216,0.7042786389067229,0.0,0.0,0.6430148450313302,0.0,60489.0,336,0.9849597816947216,62083,0.6626750494133479,0.08372934101518147,0.9853818805155228,0.7229208738755278,0.0,0.0,0.65270827200471,0.0,60187.0,948,30,2.0,,2,95116,10.0,10.0,1,
0.9940349451442503,61158,0.6468417511249421,0.08297237057908238,0.9951186175925022,0.7045996514720719,0.0,0.0,0.6429833045964927,0.0,60424.0,367,0.9833085701640691,62210,0.6651457168089491,0.08372934101518147,0.9837439514216136,0.7256058380760051,0.0,0.0,0.6540434837461626,0.0,60098.0,1056,30,2.0,,2,95116,10.0,15.0,1,
0.9935504833076111,61158,0.6471571554733168,0.08297237057908238,0.9946330991412958,0.7049435935063744,0.0,0.0,0.6429833045964927,0.0,60364.0,397,0.9821205952437312,62236,0.6662286050717019,0.08372934101518147,0.9825702557625513,0.7267762070864696,0.0,0.0,0.6543168341814206,0.0,59970.0,1133,30,2.0,,2,95116,10.0,20.0,1,
0.9922930897408856,61158,0.6479772067790908,0.08297237057908238,0.9933729655978949,0.7058378427955608,0.0,0.0,0.6429833045964927,0.0,60208.0,475,0.9807625649913345,62249,0.6672904663778965,0.08372934101518147,0.9812263556116015,0.7279236276849642,0.0,0.0,0.6544535093990496,0.0,59807.0,1221,30,2.0,,2,95116,10.0,30.0,1,
0.9917784228193361,61160,0.648334665040582,0.08297237057908238,0.9928571428571429,0.7062276437677704,0.0,0.0,0.643004331553051,0.0,60146.0,507,0.9798533068907986,62254,0.6679633289877623,0.08372934101518147,0.9803162005542958,0.7286579768680007,0.0,0.0,0.6545060767904454,0.0,59694.0,1280,30,2.0,,2,95116,10.0,40.0,1,
0.9897240877093616,61160,0.6496803902603138,0.08297237057908238,0.9907983411093831,0.7076951297807943,0.0,0.0,0.643004331553051,0.0,59890.0,635,0.9787461485254354,62260,0.6687833802935363,0.08372934101518147,0.9792387543252595,0.7295300165228567,0.0,0.0,0.6545691576601202,0.0,59556.0,1352,30,2.0,,2,95116,10.0,60.0,1,
0.9845460399227302,61160,0.6530972707010387,0.08297237057908238,0.9857361592392618,0.7113294506099239,0.0,0.0,0.643004331553051,0.0,59240.0,960,0.9780856779301569,62262,0.6692564868160983,0.08372934101518147,0.9786391285896167,0.7300004589682394,0.0,0.0,0.6545901846166786,0.0,59472.0,1395,30,2.0,,2,95116,10.0,80.0,1,
0.9955863701699501,58874,0.6217145380377644,0.08297237057908238,0.9966481581798483,0.6772447950105476,0.0,0.0,0.6189705202069052,0.0,58352.0,261,0.9878929832085244,59892,0.6373901341519829,0.08372934101518147,0.9882352941176471,0.6953942537176427,0.0,0.0,0.6296732410950839,0.0,58424.0,734,30,2.0,,4,95116,10.0,5.0,1,
0.9945981532436402,58919,0.6228079397787964,0.08297237057908238,0.9956906749585966,0.678414197927176,0.0,0.0,0.6194436267294672,0.0,58279.0,320,0.9851930026543861,61612,0.657491904621725,0.08372934101518147,0.9855869979044358,0.7172870387369195,0.0,0.0,0.6477564237352286,0.0,59760.0,926,30,2.0,,4,95116,10.0,10.0,1,
0.9940776486071506,58916,0.6231023171706127,0.08297237057908238,0.9951690821256038,0.6787352104925249,0.0,0.0,0.6194120862946297,0.0,58214.0,351,0.9836018503748605,61662,0.6590899533201564,0.08372934101518147,0.9840099578705477,0.7190196438406462,0.0,0.0,0.6482820976491862,0.0,59606.0,1028,30,2.0,,4,95116,10.0,15.0,1,
0.9936249873511653,58916,0.6233861810841499,0.08297237057908238,0.9947154265646896,0.6790447583233973,0.0,0.0,0.6194120862946297,0.0,58160.0,378,0.9825097964254994,61680,0.660015139408722,0.08372934101518147,0.9829168791432943,0.7200293739673215,0.0,0.0,0.6484713402582111,0.0,59484.0,1098,30,2.0,,4,95116,10.0,20.0,1,
0.9923530402560216,58916,0.6241852054333655,0.08297237057908238,0.993440687968974,0.6799160781436302,0.0,0.0,0.6194120862946297,0.0,58008.0,454,0.9813545030784161,61685,0.6608457041927751,0.08372934101518147,0.9817605958841973,0.7209358362401321,0.0,0.0,0.6485239076496068,0.0,59341.0,1172,30,2.0,,4,95116,10.0,30.0,1,
0.9918688237571758,58918,0.6245111232600193,0.08297237057908238,0.992955372792234,0.6802714849124094,0.0,0.0,0.619433113251188,0.0,57952.0,483,0.9807001367206131,61688,0.661318810715337,0.08372934101518147,0.9811056682995102,0.7214521755094547,0.0,0.0,0.6485554480844442,0.0,59260.0,1214,30,2.0,,4,95116,10.0,40.0,1,
0.9899356486382042,58918,0.6257306867404012,0.08297237057908238,0.9910179640718563,0.6816013941117124,0.0,0.0,0.619433113251188,0.0,57720.0,599,0.9798916755348719,61693,0.6619180789772489,0.08372934101518147,0.9803120828831119,0.7220947310446117,0.0,0.0,0.64860801547584,0.0,59161.0,1266,30,2.0,,4,95116,10.0,60.0,1,
0.9847238935686589,58918,0.6290424323983347,0.08297237057908238,0.985893810344539,0.6851439970650279,0.0,0.0,0.619433113251188,0.0,57090.0,914,0.9794256322331761,61695,0.6622545102821817,0.08372934101518147,0.9798767510561927,0.7224389572241601,0.0,0.0,0.6486290424323984,0.0,59103.0,1296,30,2.0,,4,95116,10.0,80.0,1,
0.9958469296944527,50355,0.5316140291854157,0.08297237057908238,0.9970102562071833,0.5790378794827111,0.0,0.0,0.5294061987467934,0.0,49935.0,210,0.9882947857083644,59609,0.634120442407166,0.08372934101518147,0.9886390022224434,0.6918257756563246,0.0,0.0,0.6266979267420834,0.0,58197.0,706,30,2.0,,8,95116,10.0,5.0,1,
0.9948795002075879,50322,0.5317822448378822,0.08297237057908238,0.9960413285301453,0.5792213152343392,0.0,0.0,0.5290592539635813,0.0,49804.0,259,0.9856566997458355,60885,0.649428066781614,0.08372934101518147,0.986023838828788,0.7085092711584359,0.0,0.0,0.6401131250262837,0.0,59113.0,886,30,2.0,,8,95116,10.0,10.0,1,
0.9943287357230368,50319,0.532045081794861,0.08297237057908238,0.9954893465487566,0.579507933596258,0.0,0.0,0.5290277135287439,0.0,49745.0,287,0.9840995394683687,60901,0.6506266033054375,0.08372934101518147,0.9844654230383757,0.7098173306407196,0.0,0.0,0.6402813406787502,0.0,58933.0,984,30,2.0,,8,95116,10.0,15.0,1,
0.9939751896333755,50319,0.5322343244038857,0.08297237057908238,0.9951349747849303,0.5797142988168394,0.0,0.0,0.5290277135287439,0.0,49709.0,305,0.9830204819471569,60905,0.6513835737415367,0.08372934101518147,0.9833855394452159,0.7106434734716358,0.0,0.0,0.6403233945918668,0.0,58801.0,1052,30,2.0,,8,95116,10.0,20.0,1,
0.992583094979781,50319,0.5329807813617057,0.08297237057908238,0.9937396318824552,0.5805282949646886,0.0,0.0,0.5290277135287439,0.0,49567.0,376,0.9818958568434628,60907,0.6521510576559149,0.08372934101518147,0.9822600674117439,0.7114810905085368,0.0,0.0,0.6403444215484251,0.0,58661.0,1123,30,2.0,,8,95116,10.0,30.0,1,
0.9922115308778294,50321,0.533201564405568,0.08297237057908238,0.9933671555757349,0.5807690543887004,0.0,0.0,0.5290487404853021,0.0,49531.0,395,0.9813108203905394,60908,0.6525505698305227,0.08372934101518147,0.9816745910226449,0.7119171103359647,0.0,0.0,0.6403549350267043,0.0,58588.0,1160,30,2.0,,8,95116,10.0,40.0,1,
0.990473378604468,50321,0.5341372639724127,0.08297237057908238,0.99162495566153,0.5817894157571311,0.0,0.0,0.5290487404853021,0.0,49353.0,484,0.9803804802678169,60913,0.6532234324403886,0.08372934101518147,0.9807435315332722,0.7126514595190013,0.0,0.0,0.6404075024181,0.0,58475.0,1219,30,2.0,,8,95116,10.0,60.0,1,
0.9846205020838633,50321,0.5373123344127171,0.08297237057908238,0.9858164364776177,0.5852173713656792,0.0,0.0,0.5290487404853021,0.0,48749.0,786,0.9798761360894394,60914,0.6535703772236007,0.08372934101518147,0.9802388078916031,0.7130301083165045,0.0,0.0,0.6404180158963791,0.0,58412.0,1251,30,2.0,,8,95116,10.0,80.0,1,
0.995365969581749,16754,0.17696286639471803,0.08297237057908238,0.997440019051021,0.19257314500596165,0.0,0.0,0.17614281508894403,0.0,16598.0,78,0.9893685676437621,58256,0.6190546280331385,0.08372934101518147,0.9896542937229253,0.675429135303837,0.0,0.0,0.6124731906303882,0.0,57004.0,626,30,2.0,,16,95116,10.0,5.0,1,
0.9931714268748887,16726,0.1770574876992304,0.08297237057908238,0.9952397953111983,0.19267632761625242,0.0,0.0,0.1758484376971277,0.0,16496.0,115,0.9865965217974064,58886,0.6275074645695782,0.08372934101518147,0.986894147616813,0.6846429227097485,0.0,0.0,0.6190966819462551,0.0,57286.0,800,30,2.0,,16,95116,10.0,10.0,1,
0.9924040116313572,16723,0.17716262248202194,0.08297237057908238,0.9944695528068506,0.1927909749610199,0.0,0.0,0.17581689726229024,0.0,16467.0,128,0.9850234270414994,58865,0.6282854619622356,0.08372934101518147,0.9853202102373539,0.6854920139526345,0.0,0.0,0.6188758989023929,0.0,57075.0,895,30,2.0,,16,95116,10.0,15.0,1,
0.9919330921169701,16723,0.1772467303082552,0.08297237057908238,0.9939966714217784,0.1928826928368339,0.0,0.0,0.17581689726229024,0.0,16451.0,136,0.9840686069643424,58866,0.6289057571807056,0.08372934101518147,0.9843648099530108,0.6861689921057463,0.0,0.0,0.618886412380672,0.0,56960.0,953,30,2.0,,16,95116,10.0,20.0,1,
0.9901124925991711,16723,0.17757264813490894,0.08297237057908238,0.9921684959952536,0.19323809960561314,0.0,0.0,0.17581689726229024,0.0,16389.0,167,0.9830499983300491,58867,0.6295681063122923,0.08372934101518147,0.983345583322197,0.6868918670827979,0.0,0.0,0.6188969258589512,0.0,56837.0,1015,30,2.0,,16,95116,10.0,30.0,1,
0.9892345912693719,16724,0.1777408637873754,0.08297237057908238,0.9912868235433584,0.19342153535724113,0.0,0.0,0.1758274107405694,0.0,16360.0,182,0.9823448920335079,58868,0.6300306993565751,0.08372934101518147,0.9826400480737131,0.6873967321461355,0.0,0.0,0.6189074393372304,0.0,56752.0,1058,30,2.0,,16,95116,10.0,40.0,1,
0.9870743079737945,16724,0.1781298624837041,0.08297237057908238,0.9891175774781169,0.19384573053288087,0.0,0.0,0.1758274107405694,0.0,16286.0,219,0.9811018898110189,58872,0.6308717776189074,0.08372934101518147,0.9814126394052045,0.6883031944189462,0.0,0.0,0.618949493250347,0.0,56604.0,1134,30,2.0,,16,95116,10.0,60.0,1,
0.9790422667134996,16724,0.1795912359645065,0.08297237057908238,0.9811099378153233,0.1954278638906723,0.0,0.0,0.1758274107405694,0.0,16008.0,358,0.9805792901280834,58873,0.6312187224021195,0.08372934101518147,0.9808897034321893,0.6886818432164494,0.0,0.0,0.618960006728626,0.0,56541.0,1166,30,2.0,,16,95116,10.0,80.0,1,
0.995255530129672,65239,0.6891585011985365,0.08297237057908238,0.9962434145224097,0.7507681372099422,0.0,0.0,0.6858888094537197,0.0,64617.0,311,0.9855559012822822,60181,0.6419845241599731,0.08372934101518147,0.9859272608125819,0.7003855333210942,0.0,0.0,0.6327116363177594,0.0,58417.0,882,40,2.0,,0,95116,10.0,5.0,1,
0.9940534740230708,66699,0.7054333655746667,0.08297237057908238,0.9950916035089813,0.7684582225075667,0.0,0.0,0.7012384877412843,0.0,65901.0,399,0.9827713705807386,62462,0.6682051389881829,0.08372934101518147,0.9832664305391579,0.7288989351936846,0.0,0.0,0.6566928802725094,0.0,60272.0,1095,40,2.0,,0,95116,10.0,10.0,1,
0.9934906306789406,66697,0.7058118507927162,0.08297237057908238,0.9945276154121436,0.7688709529487298,0.0,0.0,0.701217460784726,0.0,65823.0,437,0.9807519030604319,63131,0.6767525968291349,0.08372934101518147,0.9812702064163144,0.7382045162474756,0.0,0.0,0.6637263972412633,0.0,60653.0,1239,40,2.0,,0,95116,10.0,15.0,1,
0.9928993554341515,66700,0.7062639303587199,0.08297237057908238,0.99396468221444,0.7693410070622765,0.0,0.0,0.7012490012195635,0.0,65746.0,477,0.9796256188118811,63323,0.6795912359645065,0.08372934101518147,0.980186678637215,0.7412681292454563,0.0,0.0,0.6657449850708609,0.0,60689.0,1317,40,2.0,,0,95116,10.0,20.0,1,
0.991306027820711,66703,0.707430926447706,0.08297237057908238,0.9923678885979529,0.7706135925891956,0.0,0.0,0.7012805416544009,0.0,65533.0,585,0.9777962937246371,63370,0.6813680137936835,0.08372934101518147,0.9784303734926737,0.7431498990269874,0.0,0.0,0.6662391185499811,0.0,60492.0,1439,40,2.0,,0,95116,10.0,30.0,1,
0.9905849507714697,66705,0.7079671138399428,0.08297237057908238,0.9916452346618698,0.7711982940475098,0.0,0.0,0.7013015686109593,0.0,65437.0,634,0.97648835202761,63378,0.6823667942302031,0.08372934101518147,0.9772261198057205,0.7441596291536625,0.0,0.0,0.6663232263762143,0.0,60326.0,1526,40,2.0,,0,95116,10.0,40.0,1,
0.988178303186525,66705,0.7096913242777241,0.08297237057908238,0.9892774515038263,0.7730441162982665,0.0,0.0,0.7013015686109593,0.0,65109.0,798,0.9749138673557278,63385,0.6835443037974683,0.08372934101518147,0.9757543103448276,0.7453644207820819,0.0,0.0,0.6663968207241684,0.0,60123.0,1631,40,2.0,,0,95116,10.0,60.0,1,
0.9816929597362845,66708,0.7144118760250642,0.08297237057908238,0.9834151519172084,0.7776873337613501,0.0,0.0,0.7013331090457967,0.0,64220.0,1244,0.973417896466469,63388,0.6846271920602212,0.08372934101518147,0.9744953648900027,0.7463626767027721,0.0,0.0,0.6664283611590058,0.0,59926.0,1731,40,2.0,,0,95116,10.0,80.0,1,
0.995420059215396,64551,0.6817780394465704,0.08297237057908238,0.9964034329464065,0.7427313583417408,0.0,0.0,0.6786555363976619,0.0,63957.0,297,0.985907876841398,60167,0.6416060389419236,0.08372934101518147,0.9862795882237231,0.6999724619056361,0.0,0.0,0.6325644476218513,0.0,58447.0,860,40,2.0,,2,95116,10.0,5.0,1,
0.9941514265367657,65613,0.6938790529458766,0.08297237057908238,0.9951918701653268,0.7558699440520957,0.0,0.0,0.6898208503301232,0.0,64841.0,386,0.9833314952814582,62415,0.6673220068127339,0.08372934101518147,0.9837809721959523,0.727969524508904,0.0,0.0,0.6561987467933891,0.0,60299.0,1058,40,2.0,,2,95116,10.0,10.0,1,
0.9935938209904589,65607,0.6942049707725304,0.08297237057908238,0.9946331923409287,0.7562253508208749,0.0,0.0,0.6897577694604483,0.0,64761.0,423,0.9814509352338863,63070,0.6756171411749863,0.08372934101518147,0.9819093286835222,0.7370111988250413,0.0,0.0,0.6630850750662349,0.0,60686.0,1192,40,2.0,,2,95116,10.0,15.0,1,
0.9930974978429681,65607,0.6945519155557425,0.08297237057908238,0.9941358305300482,0.7566036870586077,0.0,0.0,0.6897577694604483,0.0,64695.0,456,0.9804699609399219,63256,0.6782875646578914,0.08372934101518147,0.9809413041792665,0.7399141729392326,0.0,0.0,0.6650405820261576,0.0,60736.0,1260,40,2.0,,2,95116,10.0,20.0,1,
0.9915966386554622,65608,0.695613776861937,0.08297237057908238,0.9926318178379605,0.7577616252407594,0.0,0.0,0.6897682829387275,0.0,64496.0,556,0.9791009219726502,63293,0.6796332898776231,0.08372934101518147,0.9795858354485235,0.7413713970993208,0.0,0.0,0.6654295807224863,0.0,60591.0,1351,40,2.0,,2,95116,10.0,30.0,1,
0.9910277324632952,65610,0.6960343159931032,0.08297237057908238,0.9920616919936494,0.7582202146198294,0.0,0.0,0.6897893098952858,0.0,64422.0,594,0.9781039944371475,63298,0.680379746835443,0.08372934101518147,0.9786030116570298,0.7421745915182669,0.0,0.0,0.665482148113882,0.0,60464.0,1417,40,2.0,,2,95116,10.0,40.0,1,
0.9887576104647658,65610,0.6976323646915346,0.08297237057908238,0.9897868360311977,0.7599628542602953,0.0,0.0,0.6897893098952858,0.0,64118.0,746,0.9769437328312602,63304,0.6812523655326128,0.08372934101518147,0.9774717045226441,0.7431040022030475,0.0,0.0,0.665545228983557,0.0,60316.0,1494,40,2.0,,2,95116,10.0,60.0,1,
0.9834375046839636,65612,0.7014277303503091,0.08297237057908238,0.9847215968782831,0.7638952581858204,0.0,0.0,0.6898103368518441,0.0,63402.0,1105,0.976206630686199,63307,0.6817990664031288,0.08372934101518147,0.9767940627362639,0.7436547640903249,0.0,0.0,0.6655767694183944,0.0,60221.0,1543,40,2.0,,2,95116,10.0,80.0,1,
0.9955333437451195,63744,0.6731780142142226,0.08297237057908238,0.9965138274422749,0.7333646702742365,0.0,0.0,0.6701711594263846,0.0,63172.0,286,0.986289898857218,60069,0.6403128811135876,0.08372934101518147,0.9866462993988371,0.6985726087754728,0.0,0.0,0.6315341267504941,0.0,58399.0,835,40,2.0,,4,95116,10.0,5.0,1,
0.9941868533452577,64476,0.6818306068379663,0.08297237057908238,0.9952303774021765,0.7427428230762175,0.0,0.0,0.6778670255267253,0.0,63722.0,377,0.9838441698181876,62176,0.6644202868076875,0.08372934101518147,0.9842646826025012,0.7248255920690289,0.0,0.0,0.6536860254846714,0.0,60134.0,1021,40,2.0,,4,95116,10.0,10.0,1,
0.993634696299493,64470,0.6821460111863409,0.08297237057908238,0.9946771580652627,0.7430867651105201,0.0,0.0,0.6778039446570503,0.0,63644.0,413,0.9821148661358079,62655,0.6707178602969006,0.08372934101518147,0.9825461046292812,0.7316871672480264,0.0,0.0,0.6587219815803861,0.0,60373.0,1141,40,2.0,,4,95116,10.0,15.0,1,
0.9931907813655411,64470,0.6824509020564363,0.08297237057908238,0.9942323113934982,0.7434192424103457,0.0,0.0,0.6778039446570503,0.0,63586.0,442,0.9810297679506211,62781,0.6728100424744522,0.08372934101518147,0.9814591898947895,0.7339705342390307,0.0,0.0,0.6600466798435595,0.0,60353.0,1214,40,2.0,,4,95116,10.0,20.0,1,
0.9916630775856765,64470,0.6835022498843517,0.08297237057908238,0.9927014042867701,0.7445657158580208,0.0,0.0,0.6778039446570503,0.0,63386.0,542,0.9798595943837753,62809,0.6739139576937634,0.08372934101518147,0.9802878012236235,0.7351753258674499,0.0,0.0,0.6603410572353757,0.0,60227.0,1291,40,2.0,,4,95116,10.0,30.0,1,
0.9911450006149305,64472,0.6838807351024013,0.08297237057908238,0.9921822099107418,0.7449784462991837,0.0,0.0,0.6778249716136087,0.0,63320.0,576,0.9790052837481881,62812,0.6745342529122335,0.08372934101518147,0.9794479962576017,0.7358408298145769,0.0,0.0,0.6603725976702132,0.0,60118.0,1347,40,2.0,,4,95116,10.0,40.0,1,
0.9888950242346156,64472,0.6854367298877161,0.08297237057908238,0.9899275273307947,0.7466752270017426,0.0,0.0,0.6778249716136087,0.0,63024.0,724,0.9781075315696869,62817,0.6752071155220993,0.08372934101518147,0.9785646410044709,0.7365637047916285,0.0,0.0,0.660425165061609,0.0,60005.0,1406,40,2.0,,4,95116,10.0,60.0,1,
0.9843955171466089,64472,0.6885697464149039,0.08297237057908238,0.9855692796869268,0.7499770705310465,0.0,0.0,0.6778249716136087,0.0,62428.0,1022,0.9775606112477047,62820,0.6756171411749863,0.08372934101518147,0.9780476412891173,0.7369882504130714,0.0,0.0,0.6604567054964464,0.0,59936.0,1442,40,2.0,,4,95116,10.0,80.0,1,
0.9956452627744478,60131,0.6349510071912191,0.08297237057908238,0.9966684346615394,0.691690360451252,0.0,0.0,0.6321859624038016,0.0,59605.0,263,0.986783342397126,59879,0.6379683754573363,0.08372934101518147,0.9871412321337312,0.6960138608408298,0.0,0.0,0.6295365658774549,0.0,58275.0,802,40,2.0,,8,95116,10.0,5.0,1,
0.9942302302962365,60311,0.6377581058917532,0.08297237057908238,0.9952967192553964,0.6947170503531138,0.0,0.0,0.6340783884940494,0.0,59611.0,350,0.9845254963144572,61841,0.6603831111484924,0.08372934101518147,0.9848861283643893,0.7204653937947494,0.0,0.0,0.6501640102611548,0.0,59897.0,972,40,2.0,,8,95116,10.0,10.0,1,
0.9937054064297132,60305,0.6380314563270112,0.08297237057908238,0.9947708752598067,0.6950151334495093,0.0,0.0,0.6340153076243744,0.0,59541.0,382,0.9828875990447421,62147,0.6647567181126204,0.08372934101518147,0.9832452615258045,0.7252386634844868,0.0,0.0,0.6533811346145759,0.0,59983.0,1082,40,2.0,,8,95116,10.0,15.0,1,
0.9933125792689957,60305,0.6382837798057109,0.08297237057908238,0.9943772054216271,0.6952902870769513,0.0,0.0,0.6340153076243744,0.0,59493.0,406,0.9817892029225647,62215,0.6662286050717019,0.08372934101518147,0.9821456761279324,0.7268450523223793,0.0,0.0,0.6540960511375583,0.0,59907.0,1154,40,2.0,,8,95116,10.0,20.0,1,
0.9918748663629336,60305,0.6392089658942764,0.08297237057908238,0.9929364112358811,0.6962991837109053,0.0,0.0,0.6340153076243744,0.0,59317.0,494,0.9806325543281277,62228,0.6671537911602675,0.08372934101518147,0.9809881136299146,0.7278547824490545,0.0,0.0,0.6542327263551874,0.0,59770.0,1229,40,2.0,,8,95116,10.0,30.0,1,
0.9913044907620487,60307,0.6395979645906051,0.08297237057908238,0.9923647792532623,0.696723378886545,0.0,0.0,0.6340363345809328,0.0,59249.0,529,0.9798302656232779,62230,0.6677215189873418,0.08372934101518147,0.9801852318548387,0.7284743895722416,0.0,0.0,0.6542537533117456,0.0,59668.0,1281,40,2.0,,8,95116,10.0,40.0,1,
0.989320515764953,60307,0.6408806089406619,0.08297237057908238,0.9903765621664231,0.6981220764927084,0.0,0.0,0.6340363345809328,0.0,59005.0,651,0.9789225324419977,62235,0.6683943815972077,0.08372934101518147,0.9792768126888217,0.7292087387552781,0.0,0.0,0.6543063207031414,0.0,59555.0,1340,40,2.0,,8,95116,10.0,60.0,1,
0.985215317258054,60307,0.643551032423567,0.08297237057908238,0.9863432664943901,0.7009767953774191,0.0,0.0,0.6340363345809328,0.0,58497.0,905,0.9782769298480014,62237,0.6688569746414904,0.08372934101518147,0.9786461199779857,0.7297021296126308,0.0,0.0,0.6543273476596997,0.0,59473.0,1382,40,2.0,,8,95116,10.0,80.0,1,
0.9958324698947756,43250,0.45661087514193194,0.08297237057908238,0.9970721811098048,0.4973057873979639,0.0,0.0,0.4547079355734051,0.0,42888.0,181,0.9878901955558517,59307,0.6311661550107237,0.08372934101518147,0.9882029492626844,0.6886244721865247,0.0,0.0,0.6235228563017788,0.0,57853.0,727,40,2.0,,16,95116,10.0,5.0,1,
0.9940871965949615,43208,0.4569683334034232,0.08297237057908238,0.9953237658657944,0.49769558837017336,0.0,0.0,0.45426636948568067,0.0,42694.0,257,0.9855622607228602,60754,0.6480928550401615,0.08372934101518147,0.9858821238478515,0.7070864696163025,0.0,0.0,0.6387358593717145,0.0,58974.0,890,40,2.0,,16,95116,10.0,10.0,1,
0.9935377043902215,43202,0.45715757601244794,0.08297237057908238,0.9947730778972576,0.49790195359075484,0.0,0.0,0.45420328861600573,0.0,42640.0,281,0.9839400947744659,60838,0.6500588754783633,0.08372934101518147,0.9842584653217065,0.7092321461354875,0.0,0.0,0.6396189915471635,0.0,58852.0,993,40,2.0,,16,95116,10.0,15.0,1,
0.9932179230751547,43202,0.4573047647083561,0.08297237057908238,0.9944525009782934,0.49806245987342934,0.0,0.0,0.45420328861600573,0.0,42612.0,295,0.9828961819238969,60857,0.6509525211320913,0.08372934101518147,0.9832137779501099,0.7102074536442078,0.0,0.0,0.6398187476344673,0.0,58739.0,1059,40,2.0,,16,95116,10.0,20.0,1,
0.9917586832258213,43202,0.45797762731822195,0.08297237057908238,0.9929896338520238,0.4987962028799413,0.0,0.0,0.45420328861600573,0.0,42484.0,359,0.981756298996677,60863,0.6517725724378653,0.08372934101518147,0.9820731274405395,0.7111024417110337,0.0,0.0,0.6398818285041423,0.0,58601.0,1131,40,2.0,,16,95116,10.0,30.0,1,
0.9911672937505736,43203,0.45826149123175913,0.08297237057908238,0.9923967473698718,0.49910575071081353,0.0,0.0,0.45421380209428486,0.0,42433.0,385,0.9808708824856572,60865,0.6523823541780562,0.08372934101518147,0.9811871292236265,0.7117679456581605,0.0,0.0,0.6399028554607006,0.0,58491.0,1187,40,2.0,,16,95116,10.0,40.0,1,
0.9892382020928262,43203,0.4591551368854872,0.08297237057908238,0.9904628716843578,0.5000802531413372,0.0,0.0,0.45421380209428486,0.0,42263.0,470,0.979735058831104,60868,0.6531708650489928,0.08372934101518147,0.9800663381959875,0.7126170369010465,0.0,0.0,0.6399343958955381,0.0,58350.0,1259,40,2.0,,16,95116,10.0,60.0,1,
0.9838316671600665,43203,0.4616783716724841,0.08297237057908238,0.9850878993091182,0.5028088599468036,0.0,0.0,0.45421380209428486,0.0,41783.0,710,0.9792152635897106,60869,0.653528323310484,0.08372934101518147,0.9795619498221728,0.7129956856985497,0.0,0.0,0.6399449093738172,0.0,58285.0,1292,40,2.0,,16,95116,10.0,80.0,1,
0.9929081211028473,66083,0.6997245468690861,0.08297237057908238,0.9938787787637239,0.7622901953590755,0.0,0.0,0.6947621851213256,0.0,65139.0,472,0.9801503808451991,60094,0.6445918667732032,0.08372934101518147,0.9805022108371813,0.7032426106113457,0.0,0.0,0.631796963707473,0.0,57660.0,1217,60,2.0,,0,95116,10.0,5.0,1,
0.9927138681296528,68941,0.7301295260523992,0.08297237057908238,0.9937584685905383,0.7953544895900211,0.0,0.0,0.7248097060431473,0.0,67929.0,506,0.9736944813051284,62370,0.6734408511712014,0.08372934101518147,0.974165937773335,0.7346245639801726,0.0,0.0,0.6557256402708272,0.0,59000.0,1685,60,2.0,,0,95116,10.0,10.0,1,
0.9920837882880295,69053,0.7317801421422263,0.08297237057908238,0.993139651948799,0.797142988168394,0.0,0.0,0.7259872156104126,0.0,67951.0,551,0.9711663479923518,63490,0.6873186424996846,0.08372934101518147,0.9716716915872117,0.7497360932623462,0.0,0.0,0.6675007359434796,0.0,59720.0,1885,60,2.0,,0,95116,10.0,15.0,1,
0.9914437888510846,69061,0.7323373564910215,0.08297237057908238,0.9925266955059571,0.7977276896267083,0.0,0.0,0.7260713234366458,0.0,67869.0,596,0.9736925515055468,64512,0.69657050338534,0.08372934101518147,0.9742513251883957,0.7597874977051589,0.0,0.0,0.6782455107447748,0.0,61026.0,1743,60,2.0,,0,95116,10.0,20.0,1,
0.989512443228219,69065,0.733809243450103,0.08297237057908238,0.9906052782558806,0.7993212877189765,0.0,0.0,0.7261133773497624,0.0,67601.0,732,0.9717683805862566,64712,0.7001135455654148,0.08372934101518147,0.972440116611066,0.763562511474206,0.0,0.0,0.6803482064006056,0.0,60952.0,1880,60,2.0,,0,95116,10.0,30.0,1,
0.9886487260234755,69067,0.7344715925816897,0.08297237057908238,0.9897396213977616,0.8000435659910117,0.0,0.0,0.7261344043063207,0.0,67481.0,793,0.9700416629200012,64727,0.7015223516548215,0.08372934101518147,0.9709292732318308,0.7649279419864146,0.0,0.0,0.6805059085747929,0.0,60729.0,1999,60,2.0,,0,95116,10.0,40.0,1,
0.9860093936928063,69067,0.7364376130198915,0.08297237057908238,0.9871509018666209,0.8021416124002568,0.0,0.0,0.7261344043063207,0.0,67107.0,980,0.9678856561911312,64738,0.7032045081794861,0.08372934101518147,0.9688996647509579,0.7666605470901413,0.0,0.0,0.6806215568358636,0.0,60442.0,2148,60,2.0,,0,95116,10.0,60.0,1,
0.9800351902829413,69067,0.7409268682450902,0.08297237057908238,0.9817067970548938,0.8065899293772356,0.0,0.0,0.7261344043063207,0.0,66253.0,1407,0.9660951187118533,64739,0.7045186929643803,0.08372934101518147,0.9674522169254449,0.7678194418946209,0.0,0.0,0.6806320703141427,0.0,60195.0,2272,60,2.0,,0,95116,10.0,80.0,1,
0.9932814124098037,65937,0.6979162286050717,0.08297237057908238,0.9942399613986942,0.7603297257635513,0.0,0.0,0.6932272172925691,0.0,65045.0,446,0.9803700802819659,60081,0.644308002859666,0.08372934101518147,0.9807221442329666,0.7029328070497521,0.0,0.0,0.631660288489844,0.0,57675.0,1203,60,2.0,,2,95116,10.0,5.0,1,
0.9928129482851057,68517,0.7255666764792464,0.08297237057908238,0.9938209825508029,0.790413189030542,0.0,0.0,0.720351991252786,0.0,67525.0,496,0.9742167356824752,62345,0.6728100424744522,0.08372934101518147,0.9746584122815246,0.7339590600330457,0.0,0.0,0.6554628033138483,0.0,59045.0,1650,60,2.0,,2,95116,10.0,10.0,1,
0.9922597259798319,68584,0.7266811051768367,0.08297237057908238,0.9932656519283407,0.7916284508850775,0.0,0.0,0.7210563942974894,0.0,67514.0,535,0.9719026243622938,63439,0.6862462677152109,0.08372934101518147,0.9723495240868752,0.7486116210758216,0.0,0.0,0.6669645485512427,0.0,59771.0,1834,60,2.0,,2,95116,10.0,15.0,1,
0.9917005248622779,68587,0.7271226712645612,0.08297237057908238,0.99270527275622,0.792109969733101,0.0,0.0,0.7210879347323268,0.0,67439.0,574,0.9745734511132623,64431,0.695067075991421,0.08372934101518147,0.9750306442093793,0.7582270056912062,0.0,0.0,0.6773939190041633,0.0,61069.0,1681,60,2.0,,2,95116,10.0,20.0,1,
0.9899259601368222,68589,0.7284473695277346,0.08297237057908238,0.9909414008321775,0.7935430615426947,0.0,0.0,0.7211089616888852,0.0,67193.0,698,0.9731777108433735,64619,0.6980949577358173,0.08372934101518147,0.9736469382835101,0.7615201028088856,0.0,0.0,0.6793704529206442,0.0,61057.0,1781,60,2.0,,2,95116,10.0,30.0,1,
0.9890983027384025,68591,0.7290781782244838,0.08297237057908238,0.9901120157052947,0.7942309456112996,0.0,0.0,0.7211299886454434,0.0,67079.0,756,0.9719828558538236,64632,0.6990937381723369,0.08372934101518147,0.9724801011119303,0.7625872039654856,0.0,0.0,0.6795071281382733,0.0,60906.0,1863,60,2.0,,2,95116,10.0,40.0,1,
0.9866937108003913,68591,0.7308549560536608,0.08297237057908238,0.987702498380013,0.7961684857378704,0.0,0.0,0.7211299886454434,0.0,66741.0,925,0.9703816014651575,64641,0.7003448420875562,0.08372934101518147,0.9709208885951605,0.7639182118597393,0.0,0.0,0.6796017494427856,0.0,60695.0,1973,60,2.0,,2,95116,10.0,60.0,1,
0.9816383776512008,68591,0.7346187812775978,0.08297237057908238,0.9828903059396719,0.8000664954599651,0.0,0.0,0.7211299886454434,0.0,66025.0,1283,0.9693343530223282,64642,0.7011123260019345,0.08372934101518147,0.9699452322004651,0.7646984578667156,0.0,0.0,0.6796122629210648,0.0,60552.0,2045,60,2.0,,2,95116,10.0,80.0,1,
0.9938384402796865,65809,0.6961709912107321,0.08297237057908238,0.9947848958490795,0.7584380445748876,0.0,0.0,0.6918814920728373,0.0,64993.0,408,0.9807312010721232,60008,0.6432881954665882,0.08372934101518147,0.9810839532412328,0.7018198090692124,0.0,0.0,0.6308928045754657,0.0,57650.0,1179,60,2.0,,4,95116,10.0,5.0,1,
0.9928445474285548,68128,0.7214243660372598,0.08297237057908238,0.9938439095550693,0.7859075483811795,0.0,0.0,0.7162622482021952,0.0,67146.0,491,0.9747614795318889,62220,0.671085832036671,0.08372934101518147,0.9751892544237731,0.7320887644574995,0.0,0.0,0.6541486185289541,0.0,58998.0,1611,60,2.0,,4,95116,10.0,10.0,1,
0.9922999665215936,68172,0.7222864712561504,0.08297237057908238,0.9932975871313673,0.7868476566082729,0.0,0.0,0.716724841246478,0.0,67114.0,529,0.9726269791201859,63212,0.6832814668404895,0.08372934101518147,0.9730611742249315,0.7453873691940518,0.0,0.0,0.6645779889818748,0.0,59654.0,1779,60,2.0,,4,95116,10.0,15.0,1,
0.9917229139997672,68175,0.722738550822154,0.08297237057908238,0.9927193301783764,0.7873406401907732,0.0,0.0,0.7167563816813154,0.0,67037.0,569,0.9752954956873603,64113,0.6911245216367383,0.08372934101518147,0.9757259390028612,0.7539471268588214,0.0,0.0,0.6740506329113924,0.0,60865.0,1624,60,2.0,,4,95116,10.0,20.0,1,
0.989980687411968,68177,0.7240317086504899,0.08297237057908238,0.9909879791269968,0.7887393377969366,0.0,0.0,0.7167774086378738,0.0,66797.0,690,0.9741133676871779,64272,0.6936792968585727,0.08372934101518147,0.9745417052053797,0.7567353589131632,0.0,0.0,0.6757222759577779,0.0,60856.0,1708,60,2.0,,4,95116,10.0,30.0,1,
0.9891622899921655,68179,0.72465200386896,0.08297237057908238,0.9901678866039271,0.7894157571310648,0.0,0.0,0.716798435594432,0.0,66685.0,747,0.9730400690271113,64280,0.6945308885991841,0.08372934101518147,0.973482152322394,0.7576532953919589,0.0,0.0,0.6758063837840111,0.0,60718.0,1781,60,2.0,,4,95116,10.0,40.0,1,
0.9867000492054763,68179,0.7264603221329745,0.08297237057908238,0.9877006432172452,0.7913876914610658,0.0,0.0,0.716798435594432,0.0,66341.0,919,0.9717045299959189,64287,0.6955612094705412,0.08372934101518147,0.9721600532300992,0.7587662933724986,0.0,0.0,0.6758799781319652,0.0,60543.0,1872,60,2.0,,4,95116,10.0,60.0,1,
0.9822506519139618,68179,0.7297510408343496,0.08297237057908238,0.9834124248150125,0.7948385765385674,0.0,0.0,0.716798435594432,0.0,65715.0,1232,0.970941823234459,64288,0.6961184238193364,0.08372934101518147,0.9714259810513909,0.7593514778777308,0.0,0.0,0.6758904916102443,0.0,60440.0,1924,60,2.0,,4,95116,10.0,80.0,1,
0.9941693632089871,65134,0.6888010429370452,0.08297237057908238,0.9951110703700309,0.750412730441163,0.0,0.0,0.6847848942344085,0.0,64370.0,382,0.9812316619404331,59862,0.6413957693763405,0.08372934101518147,0.9815856358120849,0.6997544519919222,0.0,0.0,0.6293578367467093,0.0,57572.0,1145,60,2.0,,8,95116,10.0,5.0,1,
0.9930253609746688,66917,0.7084717607973422,0.08297237057908238,0.9940136660724896,0.7718059249747776,0.0,0.0,0.7035304260061399,0.0,65977.0,470,0.975463210544528,62018,0.6684259220320451,0.08372934101518147,0.975846930908061,0.729220212961263,0.0,0.0,0.652024895916565,0.0,58898.0,1560,60,2.0,,8,95116,10.0,10.0,1,
0.9924233438111618,66933,0.709071029059254,0.08297237057908238,0.9934102141680395,0.7724594148399523,0.0,0.0,0.7036986416586063,0.0,65911.0,511,0.973310847399935,62908,0.6795176416165524,0.08372934101518147,0.9736874690440812,0.7413255002753809,0.0,0.0,0.661381891585012,0.0,59458.0,1725,60,2.0,,8,95116,10.0,15.0,1,
0.9918648588575238,66936,0.7095020816686993,0.08297237057908238,0.9928505740306743,0.772929468953499,0.0,0.0,0.7037301820934438,0.0,65838.0,549,0.9760598350856757,63684,0.6859624038016737,0.08372934101518147,0.9764339706536238,0.7483591885441527,0.0,0.0,0.6695403507296354,0.0,60560.0,1562,60,2.0,,8,95116,10.0,20.0,1,
0.9901192201875573,66938,0.7107742125404769,0.08297237057908238,0.9911014376878544,0.7743167018251857,0.0,0.0,0.7037512090500021,0.0,65602.0,668,0.97487851838269,63798,0.6880230455443879,0.08372934101518147,0.9752510815231514,0.7506081329172021,0.0,0.0,0.670738887253459,0.0,60510.0,1644,60,2.0,,8,95116,10.0,30.0,1,
0.989212354071228,66940,0.7114470751503428,0.08297237057908238,0.9901927429256098,0.7750504448316977,0.0,0.0,0.7037722360065604,0.0,65480.0,730,0.9738388509852405,63803,0.6888115564153244,0.08372934101518147,0.9742105906064863,0.7514686983660731,0.0,0.0,0.6707914546448547,0.0,60375.0,1714,60,2.0,,8,95116,10.0,40.0,1,
0.9868207683462571,66940,0.7131712855881239,0.08297237057908238,0.9877964200864727,0.7769306612858846,0.0,0.0,0.7037722360065604,0.0,65152.0,894,0.9725643214242166,63808,0.6897682829387275,0.08372934101518147,0.972949894788204,0.7525013769047182,0.0,0.0,0.6708440220362505,0.0,60208.0,1800,60,2.0,,8,95116,10.0,60.0,1,
0.9828651974099578,66940,0.716041465158333,0.08297237057908238,0.9839198048034806,0.7799917453911768,0.0,0.0,0.7037722360065604,0.0,64606.0,1167,0.9717205250814729,63809,0.6903780646789184,0.08372934101518147,0.9721202333978275,0.7531554066458601,0.0,0.0,0.6708545355145297,0.0,60095.0,1857,60,2.0,,8,95116,10.0,80.0,1,
0.9944339880636391,61817,0.6535493502670423,0.08297237057908238,0.9954107758204245,0.7119829404750986,0.0,0.0,0.6499116867824551,0.0,61125.0,346,0.982100396301189,59476,0.6366962445855587,0.08372934101518147,0.9824086156488991,0.6946599045346062,0.0,0.0,0.6252996341309559,0.0,57308.0,1084,60,2.0,,16,95116,10.0,5.0,1,
0.9929911752524769,62338,0.660015139408722,0.08297237057908238,0.9940203785499019,0.7189878932403926,0.0,0.0,0.6553892089658943,0.0,61458.0,440,0.9770120428260074,61414,0.6608667311493335,0.08372934101518147,0.9773230000477411,0.7210276298880117,0.0,0.0,0.6456747550359561,0.0,58524.0,1445,60,2.0,,16,95116,10.0,10.0,1,
0.992373947238541,62332,0.6603620841919341,0.08297237057908238,0.9934019698466835,0.7193662294781253,0.0,0.0,0.6553261280962194,0.0,61374.0,479,0.9751287526692627,62104,0.669582404642752,0.08372934101518147,0.9754350694226299,0.7305397466495318,0.0,0.0,0.6529290550485722,0.0,58936.0,1584,60,2.0,,16,95116,10.0,15.0,1,
0.9919159770846595,62332,0.6606669750620295,0.08297237057908238,0.9929430505774591,0.719698706777951,0.0,0.0,0.6553261280962194,0.0,61316.0,508,0.977009520836585,62597,0.6735985533453888,0.08372934101518147,0.9773145979703357,0.7349228933357812,0.0,0.0,0.6581121998401951,0.0,59651.0,1473,60,2.0,,16,95116,10.0,20.0,1,
0.9903872126094349,62332,0.6616867824551075,0.08297237057908238,0.9914111210077619,0.7208107860221957,0.0,0.0,0.6553261280962194,0.0,61122.0,605,0.9758171257727464,62666,0.6751650616089827,0.08372934101518147,0.9761211233819841,0.7366325500275381,0.0,0.0,0.6588376298414568,0.0,59560.0,1553,60,2.0,,16,95116,10.0,30.0,1,
0.9891773517836739,62334,0.6625173472391606,0.08297237057908238,0.9901987259932329,0.721716500045859,0.0,0.0,0.6553471550527776,0.0,60970.0,682,0.9747865175530012,62670,0.6759220320450818,0.08372934101518147,0.9750898538998927,0.7374586928584542,0.0,0.0,0.6588796837545734,0.0,59428.0,1621,60,2.0,,16,95116,10.0,40.0,1,
0.9869533550777415,62334,0.6640102611548004,0.08297237057908238,0.9879701393181494,0.7233444923415574,0.0,0.0,0.6553471550527776,0.0,60686.0,824,0.9734859663565337,62674,0.6768682450902056,0.08372934101518147,0.9738036047234307,0.7384798971911144,0.0,0.0,0.65892173766769,0.0,59260.0,1707,60,2.0,,16,95116,10.0,60.0,1,
0.9830620741862226,62334,0.666638630724589,0.08297237057908238,0.9841174613198611,0.7261762817573145,0.0,0.0,0.6553471550527776,0.0,60186.0,1074,0.9727460383976657,62675,0.6773939190041633,0.08372934101518147,0.9730782965113571,0.7390421332843767,0.0,0.0,0.6589322511459691,0.0,59163.0,1756,60,2.0,,16,95116,10.0,80.0,1,
0.9910399904106921,66143,0.7016800538290088,0.08297237057908238,0.9920061191433199,0.7644226359717509,0.0,0.0,0.6953929938180747,0.0,64947.0,598,0.9732195026942804,59962,0.6477564237352286,0.08372934101518147,0.9736303705387588,0.7066504497888746,0.0,0.0,0.6304091845746247,0.0,56662.0,1650,80,2.0,,0,95116,10.0,5.0,1,
0.9912623559067607,69997,0.7423987552041718,0.08297237057908238,0.9923163072910022,0.8087109052554343,0.0,0.0,0.7359119391059338,0.0,68763.0,617,0.965845048615842,62382,0.6790445350939905,0.08372934101518147,0.9663687202763621,0.7406944189462089,0.0,0.0,0.655851802010177,0.0,57970.0,2206,80,2.0,,0,95116,10.0,10.0,1,
0.9911860886163001,70623,0.7490958408679927,0.08297237057908238,0.9922723504699816,0.8159795469136935,0.0,0.0,0.7424933765086841,0.0,69367.0,628,0.9624903501203397,63585,0.6945519155557425,0.08372934101518147,0.963029715566595,0.7575959243620342,0.0,0.0,0.6684995163799992,0.0,58629.0,2478,80,2.0,,0,95116,10.0,15.0,1,
0.9905118286803454,70675,0.7501577021741873,0.08297237057908238,0.9916375524406842,0.817103090892415,0.0,0.0,0.7430400773792001,0.0,69321.0,677,0.9657270693512304,64752,0.7049287186172674,0.08372934101518147,0.9663179572893194,0.7688750688452359,0.0,0.0,0.6807687455317717,0.0,60156.0,2298,80,2.0,,0,95116,10.0,20.0,1,
0.988504782681658,70686,0.7517978047857353,0.08297237057908238,0.9896396270265729,0.8188801247363111,0.0,0.0,0.7431557256402709,0.0,69042.0,822,0.9635915160108709,65239,0.7118045334118339,0.08372934101518147,0.9642894095041017,0.7762874059115109,0.0,0.0,0.6858888094537197,0.0,60309.0,2465,80,2.0,,0,95116,10.0,30.0,1,
0.9872765363128492,70689,0.7527650447874175,0.08297237057908238,0.988408512542297,0.8199348803081721,0.0,0.0,0.7431872660751083,0.0,68867.0,911,0.9613968422292919,65275,0.7138231212414315,0.08372934101518147,0.9624316234905563,0.7782150725169819,0.0,0.0,0.6862672946717692,0.0,60033.0,2621,80,2.0,,0,95116,10.0,40.0,1,
0.9843621628395973,70690,0.7550044156608773,0.08297237057908238,0.9855561442154868,0.8223195450793359,0.0,0.0,0.7431977795533874,0.0,68444.0,1123,0.9588210241875083,65289,0.7158942764624249,0.08372934101518147,0.9600335259605629,0.7803263264182119,0.0,0.0,0.6864144833676774,0.0,59681.0,2804,80,2.0,,0,95116,10.0,60.0,1,
0.9784221453287197,70691,0.7595988056688675,0.08297237057908238,0.9801450300181634,0.8268710446666055,0.0,0.0,0.7432082930316666,0.0,67573.0,1559,0.956728162595431,65290,0.7174712982042979,0.08372934101518147,0.9583290522391346,0.7817261795483752,0.0,0.0,0.6864249968459565,0.0,59384.0,2953,80,2.0,,0,95116,10.0,80.0,1,
0.9913692173756417,66047,0.7004289499137895,0.08297237057908238,0.9923224856516121,0.7630697973034944,0.0,0.0,0.694383699903276,0.0,64897.0,575,0.9736419001218026,59952,0.6473674250388999,0.08372934101518147,0.9740057187418768,0.7062603267853864,0.0,0.0,0.6303040497918331,0.0,56706.0,1623,80,2.0,,2,95116,10.0,5.0,1,
0.9916194758259583,69693,0.7389082804154926,0.08297237057908238,0.9926363765845321,0.8049390076125837,0.0,0.0,0.732715841709071,0.0,68515.0,589,0.9665561169141121,62368,0.6783926994406829,0.08372934101518147,0.9670057057802034,0.740040389205067,0.0,0.0,0.6557046133142689,0.0,58052.0,2158,80,2.0,,2,95116,10.0,10.0,1,
0.9914221920750664,70157,0.7439757769460448,0.08297237057908238,0.9924459973688305,0.8104535448959002,0.0,0.0,0.7375940956305984,0.0,68943.0,607,0.9634373720990163,63557,0.693563648597502,0.08372934101518147,0.9638903212108344,0.7565861942353589,0.0,0.0,0.6682051389881829,0.0,58733.0,2412,80,2.0,,2,95116,10.0,15.0,1,
0.9908524965061618,70191,0.7447642878169813,0.08297237057908238,0.9918746290591527,0.8113133999816564,0.0,0.0,0.7379515538920897,0.0,68895.0,648,0.9668170680690851,64711,0.7036881281803272,0.08372934101518147,0.9672795216741406,0.7676243803928768,0.0,0.0,0.6803376929223264,0.0,60269.0,2221,80,2.0,,2,95116,10.0,20.0,1,
0.9889272381489047,70199,0.7462992556457378,0.08297237057908238,0.989959244687002,0.8129757864807851,0.0,0.0,0.7380356617183229,0.0,68627.0,786,0.9652731499992595,65182,0.7099436477564237,0.08372934101518147,0.9657737213299354,0.7744171103359647,0.0,0.0,0.6852895411918078,0.0,60492.0,2345,80,2.0,,2,95116,10.0,30.0,1,
0.9877588923908149,70202,0.7472139282560242,0.08297237057908238,0.9887884165751147,0.8139732183802623,0.0,0.0,0.7380672021531604,0.0,68462.0,870,0.9637209989655682,65215,0.7114470751503428,0.08372934101518147,0.964276736999305,0.7760120249678722,0.0,0.0,0.68563648597502,0.0,60305.0,2455,80,2.0,,2,95116,10.0,40.0,1,
0.985028553789165,70202,0.7492850834770175,0.08297237057908238,0.9860523913196152,0.8162317710721819,0.0,0.0,0.7380672021531604,0.0,68068.0,1067,0.9618367888636564,65226,0.7129610160225409,0.08372934101518147,0.962432863129316,0.7776298880117496,0.0,0.0,0.6857521342360907,0.0,60050.0,2588,80,2.0,,2,95116,10.0,60.0,1,
0.9799410935384357,70202,0.7531750704403045,0.08297237057908238,0.9812011684626889,0.8202673576079978,0.0,0.0,0.7380672021531604,0.0,67328.0,1437,0.9604352563536237,65227,0.7140123638504563,0.08372934101518147,0.9611145492588336,0.7787084633743345,0.0,0.0,0.6857626477143698,0.0,59853.0,2687,80,2.0,,2,95116,10.0,80.0,1,
0.9917334255181639,65983,0.6994932503469448,0.08297237057908238,0.9926733864901459,0.7620609006695405,0.0,0.0,0.6937108372934101,0.0,64883.0,550,0.9738935246181623,59874,0.6463581311241011,0.08372934101518147,0.9742421530501001,0.7051702772168166,0.0,0.0,0.6294839984860592,0.0,56664.0,1605,80,2.0,,4,95116,10.0,5.0,1,
0.9918973376966718,69410,0.7357016695403508,0.08297237057908238,0.9929047578176409,0.8014537283316518,0.0,0.0,0.7297405273560705,0.0,68276.0,567,0.9669836238774432,62237,0.6766684890029018,0.08372934101518147,0.967389445869278,0.7381930420414907,0.0,0.0,0.6543273476596997,0.0,57987.0,2125,80,2.0,,4,95116,10.0,10.0,1,
0.9915844539845905,69754,0.7395811430253585,0.08297237057908238,0.9926003927483849,0.8056727506190957,0.0,0.0,0.7333571638840994,0.0,68570.0,592,0.9643118148599269,63336,0.6905252533748265,0.08372934101518147,0.9647230853591665,0.7533045713236644,0.0,0.0,0.6658816602884898,0.0,58648.0,2344,80,2.0,,4,95116,10.0,15.0,1,
0.990982291208089,69782,0.7403275999831784,0.08297237057908238,0.9919965882436562,0.8064867467669449,0.0,0.0,0.7336515412759157,0.0,68512.0,635,0.9677967120488083,64403,0.6996299255645738,0.08372934101518147,0.9682040951321447,0.7632412337066276,0.0,0.0,0.677099541612347,0.0,60117.0,2143,80,2.0,,4,95116,10.0,20.0,1,
0.9890592670275786,69790,0.7418520543336558,0.08297237057908238,0.9900835591368866,0.8081376685315969,0.0,0.0,0.733735649102149,0.0,68246.0,772,0.9664472604068718,64751,0.7043925312250305,0.08372934101518147,0.9668513237072763,0.768439049017808,0.0,0.0,0.6807582320534926,0.0,60255.0,2248,80,2.0,,4,95116,10.0,30.0,1,
0.9877858922101449,69793,0.7428403212918963,0.08297237057908238,0.9888075032231557,0.8092153535724113,0.0,0.0,0.7337671895369864,0.0,68067.0,863,0.9650753918588713,64772,0.7056226081836915,0.08372934101518147,0.9654925693502467,0.7697700569120617,0.0,0.0,0.6809790150973548,0.0,60084.0,2344,80,2.0,,4,95116,10.0,40.0,1,
0.9850116434972832,69793,0.7449325034694478,0.08297237057908238,0.986027521121189,0.8114968357332845,0.0,0.0,0.7337671895369864,0.0,67669.0,1062,0.9634289623581552,64780,0.7069157660120274,0.08372934101518147,0.9638733484109034,0.7711584358362401,0.0,0.0,0.6810631229235881,0.0,59862.0,2459,80,2.0,,4,95116,10.0,60.0,1,
0.9804315455286152,69793,0.7484124647798478,0.08297237057908238,0.9816036342667473,0.8151540860313675,0.0,0.0,0.7337671895369864,0.0,67007.0,1393,0.9622989052124957,64781,0.7077568442743597,0.08372934101518147,0.962785167570781,0.772041949697081,0.0,0.0,0.6810736364018672,0.0,59705.0,2538,80,2.0,,4,95116,10.0,80.0,1,
0.992415658190938,65687,0.6958766138189159,0.08297237057908238,0.9933461369788438,0.7581284967440154,0.0,0.0,0.6905988477227806,0.0,64683.0,502,0.9743606471816284,59740,0.6446023802514824,0.08372934101518147,0.9747103932125959,0.7032540848173306,0.0,0.0,0.6280751923966525,0.0,56596.0,1572,80,2.0,,8,95116,10.0,5.0,1,
0.9921709936036583,68561,0.7265023760460911,0.08297237057908238,0.9931626903075341,0.7914450151334496,0.0,0.0,0.7208145842970688,0.0,67479.0,541,0.9676388022457891,62045,0.6741242272593465,0.08372934101518147,0.968016225914658,0.7354392326051037,0.0,0.0,0.6523087598301022,0.0,57895.0,2075,80,2.0,,8,95116,10.0,10.0,1,
0.9916747226109917,68730,0.7286576390933176,0.08297237057908238,0.9926629885323088,0.7937952857011832,0.0,0.0,0.7225913621262459,0.0,67576.0,577,0.9651461809275983,63053,0.6868455359771227,0.08372934101518147,0.9655156573003598,0.7493230218468881,0.0,0.0,0.6629063459354892,0.0,58499.0,2277,80,2.0,,8,95116,10.0,15.0,1,
0.991118800461361,68744,0.7292148534421128,0.08297237057908238,0.9921057568804029,0.7944029166284509,0.0,0.0,0.722738550822154,0.0,67512.0,616,0.968686654766587,64036,0.695003995121746,0.08372934101518147,0.9690531317625338,0.7582270056912062,0.0,0.0,0.6732410950838975,0.0,59896.0,2070,80,2.0,,8,95116,10.0,20.0,1,
0.9891662470325876,68752,0.7307393077925901,0.08297237057908238,0.9901492021429806,0.7960653031275796,0.0,0.0,0.7228226586483872,0.0,67246.0,753,0.9674212228322178,64319,0.6989886033895454,0.08372934101518147,0.9677851339151369,0.7625757297595006,0.0,0.0,0.6762164094368981,0.0,59987.0,2166,80,2.0,,8,95116,10.0,30.0,1,
0.9878591954022988,68755,0.7317380882291097,0.08297237057908238,0.9888395104341948,0.7971544529028708,0.0,0.0,0.7228541990832247,0.0,67065.0,845,0.9661505654087011,64335,0.7000820051305774,0.08372934101518147,0.9665134306832522,0.7637690471819351,0.0,0.0,0.6763846250893646,0.0,59827.0,2254,80,2.0,,8,95116,10.0,40.0,1,
0.9850992191417723,68755,0.7337882164935448,0.08297237057908238,0.9860740613257608,0.7993900761258369,0.0,0.0,0.7228541990832247,0.0,66675.0,1040,0.9645598464859678,64340,0.7012910551326801,0.08372934101518147,0.9649359608866492,0.7650771066642188,0.0,0.0,0.6764371924807603,0.0,59612.0,2364,80,2.0,,8,95116,10.0,60.0,1,
0.9810650380982278,68755,0.7368055847596618,0.08297237057908238,0.9821020454805165,0.8026231312482803,0.0,0.0,0.7228541990832247,0.0,66101.0,1327,0.9635348029232059,64341,0.7020480255687792,0.08372934101518147,0.9639245531768266,0.76589177528915,0.0,0.0,0.6764477059590395,0.0,59471.0,2435,80,2.0,,8,95116,10.0,80.0,1,
0.9935904332990055,64642,0.683996383363472,0.08297237057908238,0.9945229083971815,0.7451848115197652,0.0,0.0,0.6796122629210648,0.0,63808.0,417,0.9753349973725697,59394,0.6402287732873544,0.08372934101518147,0.9756394040442203,0.698515237745548,0.0,0.0,0.6244375289120653,0.0,56390.0,1502,80,2.0,,16,95116,10.0,5.0,1,
0.9922836972582498,66484,0.7044135581815888,0.08297237057908238,0.9932769593928348,0.7673805374667523,0.0,0.0,0.6989780899112662,0.0,65450.0,517,0.9687952870014492,61503,0.6674376550738046,0.08372934101518147,0.9691005924618682,0.7281990086286029,0.0,0.0,0.6466104546028008,0.0,57541.0,1981,80,2.0,,16,95116,10.0,10.0,1,
0.9916380980772097,66529,0.7053492577484335,0.08297237057908238,0.9926293958790267,0.7684008988351829,0.0,0.0,0.6994511964338281,0.0,65407.0,561,0.9665039894647145,62383,0.6785924555279869,0.08372934101518147,0.9668035645098799,0.7403731411786304,0.0,0.0,0.6558623154884562,0.0,58059.0,2162,80,2.0,,16,95116,10.0,15.0,1,
0.9911371287276194,66539,0.7058118507927162,0.08297237057908238,0.9921272757093652,0.76890534715216,0.0,0.0,0.6995563312166198,0.0,65349.0,595,0.9699154687571913,63222,0.685300054670087,0.08372934101518147,0.9702131577735832,0.7476936845970259,0.0,0.0,0.6646831237646663,0.0,59300.0,1961,80,2.0,,16,95116,10.0,20.0,1,
0.9892225360487588,66545,0.7072416838386811,0.08297237057908238,0.9902087704417958,0.7704645510409979,0.0,0.0,0.6996194120862946,0.0,65095.0,725,0.9687504775293776,63396,0.6880125320661088,0.08372934101518147,0.9690466364011556,0.7506540297411419,0.0,0.0,0.6665124689852391,0.0,59306.0,2045,80,2.0,,16,95116,10.0,30.0,1,
0.9876081504236973,66548,0.7084297068842256,0.08297237057908238,0.9885911224671697,0.7717600660368706,0.0,0.0,0.6996509525211321,0.0,64878.0,835,0.9674840166623434,63406,0.6890218259809076,0.08372934101518147,0.967779354976571,0.7517555535156967,0.0,0.0,0.6666176037680306,0.0,59144.0,2131,80,2.0,,16,95116,10.0,40.0,1,
0.984845794115906,66548,0.7104167542789857,0.08297237057908238,0.9858232723501963,0.7739269008529762,0.0,0.0,0.6996509525211321,0.0,64500.0,1024,0.9657766879388336,63410,0.690283443374406,0.08372934101518147,0.9660856846852337,0.7531209840279053,0.0,0.0,0.6666596576811472,0.0,58916.0,2247,80,2.0,,16,95116,10.0,60.0,1,
0.9810274931819857,66548,0.7131817990664031,0.08297237057908238,0.9820263849127882,0.7769191965514078,0.0,0.0,0.6996509525211321,0.0,63974.0,1287,0.9648073763008946,63411,0.6909878464191093,0.08372934101518147,0.9651304374296064,0.7538782816229117,0.0,0.0,0.6666701711594264,0.0,58785.0,2313,80,2.0,,16,95116,10.0,80.0,1,
0.9886873094626099,66159,0.7035199125278607,0.08297237057908238,0.9896634255796559,0.7664174997707053,0.0,0.0,0.6955612094705412,0.0,64645.0,757,0.9609804175014541,59477,0.6507001976533916,0.08372934101518147,0.9613687426253091,0.7098747016706444,0.0,0.0,0.6253101476092351,0.0,54647.0,2415,100,2.0,,0,95116,10.0,5.0,1,
0.9890748031496063,70343,0.7477185752134237,0.08297237057908238,0.9901468124938417,0.8144891314317161,0.0,0.0,0.739549602590521,0.0,68789.0,777,0.9531177971050124,62027,0.6841961394507758,0.08372934101518147,0.9536160137752906,0.7463282540848173,0.0,0.0,0.6521195172210774,0.0,55925.0,3051,100,2.0,,0,95116,10.0,10.0,1,
0.9895490613508806,71582,0.760523991757433,0.08297237057908238,0.990644634504138,0.8284187838209667,0.0,0.0,0.7525758021783927,0.0,70070.0,756,0.9494157003345285,63289,0.7008389755666765,0.08372934101518147,0.9499287054409006,0.7644689737470167,0.0,0.0,0.6653875268093696,0.0,56545.0,3372,100,2.0,,0,95116,10.0,15.0,1,
0.989146752978445,71817,0.7633310904579671,0.08297237057908238,0.9902788119467196,0.8314454737228286,0.0,0.0,0.7550464695739939,0.0,70241.0,788,0.9517251548215866,64546,0.7130240968922158,0.08372934101518147,0.9522727608031749,0.7777331558656141,0.0,0.0,0.678602969006266,0.0,57998.0,3274,100,2.0,,0,95116,10.0,20.0,1,
0.986857464603046,71860,0.7655599478531477,0.08297237057908238,0.9880107792993456,0.833853067962946,0.0,0.0,0.7554985491399975,0.0,69946.0,957,0.948888921101077,65461,0.7252933260439884,0.08372934101518147,0.9495771501515877,0.7909973379842115,0.0,0.0,0.6882228016316918,0.0,58409.0,3526,100,2.0,,0,95116,10.0,30.0,1,
0.9852755689607897,71866,0.7668531056814837,0.08297237057908238,0.9864657113051117,0.835228836100156,0.0,0.0,0.7555616300096724,0.0,69718.0,1074,0.9467756375083027,65568,0.7281004247445225,0.08372934101518147,0.9478431826066844,0.7937396732146136,0.0,0.0,0.6893477438075613,0.0,58196.0,3686,100,2.0,,0,95116,10.0,40.0,1,
0.9819774273768207,71867,0.7694394213381555,0.08297237057908238,0.9832402998960215,0.8379803723745758,0.0,0.0,0.7555721434879515,0.0,69229.0,1319,0.9438344533824524,65588,0.730592119096682,0.08372934101518147,0.9451810006917224,0.7962181017073618,0.0,0.0,0.6895580133731444,0.0,57782.0,3903,100,2.0,,0,95116,10.0,60.0,1,
0.9758587915818059,71872,0.7743176752596829,0.08297237057908238,0.9777572204007782,0.8427382371824269,0.0,0.0,0.7556247108793473,0.0,68316.0,1778,0.9413284344681095,65588,0.7325371125783254,0.08372934101518147,0.9431151501207868,0.7979621810170736,0.0,0.0,0.6895580133731444,0.0,57412.0,4088,100,2.0,,0,95116,10.0,80.0,1,
0.9889136581935696,66098,0.7027103747003659,0.08297237057908238,0.9898762991583551,0.7655461799504724,0.0,0.0,0.6949198872955128,0.0,64616.0,741,0.9613513295077992,59474,0.6504163337398545,0.08372934101518147,0.961708870993823,0.7095878465210207,0.0,0.0,0.6252786071743975,0.0,54692.0,2391,100,2.0,,2,95116,10.0,5.0,1,
0.9895552893086194,70204,0.7458787165145717,0.08297237057908238,0.9905745569477368,0.8125286618361919,0.0,0.0,0.7380882291097186,0.0,68722.0,741,0.9538002522223248,62018,0.6836073846671433,0.08372934101518147,0.954240521910389,0.7457315953736001,0.0,0.0,0.652024895916565,0.0,56010.0,3004,100,2.0,,2,95116,10.0,10.0,1,
0.9900037485942772,71307,0.7572543000126162,0.08297237057908238,0.9910219170847636,0.8249220398055581,0.0,0.0,0.7496845956516254,0.0,69867.0,720,0.9502560790615941,63269,0.6999978973043441,0.08372934101518147,0.9506987227648385,0.7636084082981458,0.0,0.0,0.6651772572437865,0.0,56645.0,3312,100,2.0,,2,95116,10.0,15.0,1,
0.9896182276238199,71492,0.7595146978426343,0.08297237057908238,0.9906329675202306,0.8273869577180593,0.0,0.0,0.7516295891332688,0.0,69992.0,750,0.9527606727801651,64520,0.7119622355860212,0.08372934101518147,0.9532111040524769,0.7766545805030292,0.0,0.0,0.678329618571008,0.0,58122.0,3199,100,2.0,,2,95116,10.0,20.0,1,
0.987423554260944,71526,0.7615648261070692,0.08297237057908238,0.988446974931594,0.8296111162065487,0.0,0.0,0.7519870473947601,0.0,69704.0,911,0.9505164823989191,65425,0.7236532234324404,0.08372934101518147,0.9510000581429153,0.7893794749403341,0.0,0.0,0.6878443164136423,0.0,58613.0,3406,100,2.0,,2,95116,10.0,30.0,1,
0.9858595881915158,71532,0.7628369569788469,0.08297237057908238,0.9868932976463122,0.8309868843437586,0.0,0.0,0.752050128264435,0.0,69480.0,1026,0.9490882229399922,65526,0.7258610538710627,0.08372934101518147,0.9496108864831964,0.7917546355792179,0.0,0.0,0.6889061777198369,0.0,58496.0,3515,100,2.0,,2,95116,10.0,40.0,1,
0.9828524319868096,71532,0.765170949156819,0.08297237057908238,0.9838798415492958,0.833532055397597,0.0,0.0,0.752050128264435,0.0,69036.0,1248,0.9469205541991129,65543,0.7277114260481938,0.08372934101518147,0.9474954824719913,0.7937281990086286,0.0,0.0,0.6890849068505824,0.0,58195.0,3674,100,2.0,,2,95116,10.0,60.0,1,
0.977721283691433,71534,0.7692081248160141,0.08297237057908238,0.9790326554074399,0.8376822892781803,0.0,0.0,0.7520711552209933,0.0,68274.0,1630,0.9451590574798835,65543,0.7290676647462047,0.08372934101518147,0.945841029785269,0.7951165779328071,0.0,0.0,0.6890849068505824,0.0,57937.0,3803,100,2.0,,2,95116,10.0,80.0,1,
0.9891712971977175,66044,0.7019534042642668,0.08297237057908238,0.9901055408970977,0.7647436485370999,0.0,0.0,0.6943521594684385,0.0,64598.0,723,0.961717068750708,59437,0.6497644980865469,0.08372934101518147,0.9620595328660915,0.708887919955939,0.0,0.0,0.6248896084780688,0.0,54705.0,2366,100,2.0,,4,95116,10.0,5.0,1,
0.9898566080384262,70067,0.7441965599899071,0.08297237057908238,0.9908504680826993,0.8107172337888654,0.0,0.0,0.7366478825854745,0.0,68631.0,718,0.9543122178220873,61932,0.682293199882249,0.08372934101518147,0.9547241363363086,0.7443202680374518,0.0,0.0,0.6511207367845578,0.0,56002.0,2965,100,2.0,,4,95116,10.0,10.0,1,
0.990201817472264,71045,0.7543210395727322,0.08297237057908238,0.9911964953401418,0.8217463083554984,0.0,0.0,0.7469300643424871,0.0,69639.0,703,0.9510938347495932,63126,0.697800580344001,0.08372934101518147,0.9515095790060745,0.7612332476592619,0.0,0.0,0.6636738298498676,0.0,56634.0,3246,100,2.0,,4,95116,10.0,15.0,1,
0.9897527877422764,71185,0.756150384793305,0.08297237057908238,0.9907446068197634,0.8237411721544529,0.0,0.0,0.7484019513015686,0.0,69711.0,737,0.9537706036823287,64287,0.7086399764498087,0.08372934101518147,0.9541811381244991,0.7730631540297411,0.0,0.0,0.6758799781319652,0.0,58055.0,3116,100,2.0,,4,95116,10.0,20.0,1,
0.987601758497788,71213,0.7580953782749484,0.08297237057908238,0.9886026043257351,0.8258506832981748,0.0,0.0,0.7486963286933849,0.0,69425.0,894,0.9517866026747827,65047,0.7185121325539341,0.08372934101518147,0.9522185299585718,0.7838144850376354,0.0,0.0,0.6838702216241221,0.0,58457.0,3295,100,2.0,,4,95116,10.0,30.0,1,
0.9860574593284873,71218,0.7593359687118887,0.08297237057908238,0.9870687862954083,0.8271920572319545,0.0,0.0,0.7487488960847807,0.0,69204.0,1007,0.9504743833017077,65117,0.720278396904832,0.08372934101518147,0.9509185431817518,0.7857306774371213,0.0,0.0,0.6846061651036629,0.0,58331.0,3393,100,2.0,,4,95116,10.0,40.0,1,
0.9830087371806374,71218,0.7616909878464191,0.08297237057908238,0.984013816925734,0.8297601577547464,0.0,0.0,0.7487488960847807,0.0,68756.0,1231,0.9484468521997466,65127,0.7219290129946592,0.08372934101518147,0.9489167018781053,0.7875091793647879,0.0,0.0,0.6847112998864544,0.0,58047.0,3540,100,2.0,,4,95116,10.0,60.0,1,
0.9782961070359075,71218,0.7653601917658438,0.08297237057908238,0.9794801265300509,0.8336008438044575,0.0,0.0,0.7487488960847807,0.0,68058.0,1580,0.946847331462716,65127,0.723148576475041,0.08372934101518147,0.9473707178703906,0.7887942904351019,0.0,0.0,0.6847112998864544,0.0,57815.0,3656,100,2.0,,4,95116,10.0,80.0,1,
0.9900873933905928,65822,0.6989465494764288,0.08297237057908238,0.9910116081241813,0.7614761992112262,0.0,0.0,0.6920181672904664,0.0,64504.0,659,0.962331155037377,59346,0.6483556919971404,0.08372934101518147,0.9626745827047545,0.7073503763539563,0.0,0.0,0.6239328819546659,0.0,54700.0,2323,100,2.0,,8,95116,10.0,5.0,1,
0.9906153429885647,69562,0.7382669582404643,0.08297237057908238,0.9916038260324158,0.8042625882784554,0.0,0.0,0.7313385760545019,0.0,68244.0,659,0.9552896433375075,61791,0.6800433155305101,0.08372934101518147,0.9556737862876409,0.7418877363686432,0.0,0.0,0.6496383363471971,0.0,56007.0,2892,100,2.0,,8,95116,10.0,10.0,1,
0.9904645028423117,70217,0.7453320156440557,0.08297237057908238,0.9914574567224874,0.8119554251123544,0.0,0.0,0.7382249043273477,0.0,68865.0,676,0.9522850784904404,62907,0.6945098616426258,0.08372934101518147,0.9526600336195539,0.7576762438039287,0.0,0.0,0.6613713781067329,0.0,56603.0,3152,100,2.0,,8,95116,10.0,15.0,1,
0.989985492344747,70286,0.7464254173850877,0.08297237057908238,0.9909765107294927,0.8131477574979363,0.0,0.0,0.7389503343286092,0.0,68864.0,711,0.9552091731613366,63978,0.7041717481811682,0.08372934101518147,0.9555801170988171,0.768221039104094,0.0,0.0,0.6726313133437066,0.0,57978.0,3000,100,2.0,,8,95116,10.0,20.0,1,
0.9878598828141466,70305,0.7482337356491021,0.08297237057908238,0.9888463810515064,0.8151196918279373,0.0,0.0,0.7391500904159132,0.0,68577.0,864,0.9534516357623716,64583,0.7121409647167669,0.08372934101518147,0.9538318391941987,0.776907013034698,0.0,0.0,0.6789919677025947,0.0,58277.0,3153,100,2.0,,8,95116,10.0,30.0,1,
0.9862529457973291,70308,0.7494848395643214,0.08297237057908238,0.9872361936054593,0.8164839952306705,0.0,0.0,0.7391816308507506,0.0,68348.0,980,0.9521782046937843,64631,0.7136233651541276,0.08372934101518147,0.9525571112748711,0.7785248760785753,0.0,0.0,0.6794966146599941,0.0,58139.0,3246,100,2.0,,8,95116,10.0,40.0,1,
0.9830536912751678,70308,0.7519239665250852,0.08297237057908238,0.9840305672577643,0.8191438136292764,0.0,0.0,0.7391816308507506,0.0,67884.0,1212,0.9501815455627912,64638,0.7152003868960006,0.08372934101518147,0.9505728025412138,0.7802345327703323,0.0,0.0,0.6795702090079482,0.0,57860.0,3389,100,2.0,,8,95116,10.0,60.0,1,
0.9789473684210527,70308,0.7550780100088313,0.08297237057908238,0.9799707296675727,0.8225373750343942,0.0,0.0,0.7391816308507506,0.0,67284.0,1512,0.9486615005283551,64638,0.7163463560284284,0.08372934101518147,0.9490654411440821,0.7814737470167065,0.0,0.0,0.6795702090079482,0.0,57642.0,3498,100,2.0,,8,95116,10.0,80.0,1,
0.9915819543845253,65257,0.6919025190293957,0.08297237057908238,0.9925019011406844,0.7538062918462808,0.0,0.0,0.6860780520627444,0.0,64149.0,554,0.9634623536700688,59093,0.6448336767736238,0.08372934101518147,0.9637609067927914,0.7035409399669543,0.0,0.0,0.6212729719500399,0.0,54611.0,2241,100,2.0,,16,95116,10.0,5.0,1,
0.9915061627669803,68055,0.7216241221245637,0.08297237057908238,0.9924894268630596,0.7861368430707145,0.0,0.0,0.715494764287817,0.0,66889.0,583,0.9567258210398278,61351,0.6741873081290214,0.08372934101518147,0.9570392325091647,0.7355539746649532,0.0,0.0,0.6450124059043694,0.0,55801.0,2775,100,2.0,,16,95116,10.0,10.0,1,
0.9908403373542946,68258,0.7242630051726313,0.08297237057908238,0.9918193574635649,0.7890144914243786,0.0,0.0,0.7176290003784852,0.0,66996.0,631,0.9546324508888242,62348,0.6866457798898188,0.08372934101518147,0.9549395006892326,0.749150908757114,0.0,0.0,0.6554943437486859,0.0,56422.0,2963,100,2.0,,16,95116,10.0,15.0,1,
0.9903266040143868,68285,0.724925354304218,0.08297237057908238,0.9913042215899193,0.7897367696964138,0.0,0.0,0.7179128642920224,0.0,66951.0,667,0.9575253924284395,63257,0.6945519155557425,0.08372934101518147,0.9578298658429484,0.7577795116577932,0.0,0.0,0.6650510955044366,0.0,57645.0,2806,100,2.0,,16,95116,10.0,20.0,1,
0.9883650256143093,68298,0.7265023760460911,0.08297237057908238,0.9893385867833242,0.7914564798679262,0.0,0.0,0.7180495395096513,0.0,66690.0,804,0.9560319057848012,63644,0.6998927625215526,0.08372934101518147,0.9563479541390554,0.7635969340921608,0.0,0.0,0.6691198115984692,0.0,57790.0,2927,100,2.0,,16,95116,10.0,30.0,1,
0.9864669690054594,68301,0.727932209092056,0.08297237057908238,0.9874367500361428,0.7930156837567642,0.0,0.0,0.7180810799444889,0.0,66427.0,937,0.9547410884333338,63665,0.7010702720888179,0.08372934101518147,0.9550561797752809,0.7648820451624747,0.0,0.0,0.6693405946423314,0.0,57629.0,3018,100,2.0,,16,95116,10.0,40.0,1,
0.9830169398828457,68301,0.7304869843138904,0.08297237057908238,0.9839799461196029,0.7958016142346144,0.0,0.0,0.7180810799444889,0.0,65941.0,1180,0.9527992696906661,63667,0.7025211320913411,0.08372934101518147,0.9531273391418905,0.7664540113824123,0.0,0.0,0.6693616215988898,0.0,57359.0,3154,100,2.0,,16,95116,10.0,60.0,1,
0.978917044086453,68301,0.7335464064931242,0.08297237057908238,0.9799001463372643,0.7991149224983949,0.0,0.0,0.7180810799444889,0.0,65359.0,1471,0.9514323714452232,63667,0.7035304260061399,0.08372934101518147,0.9517737281927855,0.7675440609509822,0.0,0.0,0.6693616215988898,0.0,57167.0,3250,100,2.0,,16,95116,10.0,80.0,1,
0.9858010052649634,66095,0.7048971781824299,0.08297237057908238,0.9867723682835431,0.7679193799871595,0.0,0.0,0.6948883468606754,0.0,64191.0,952,0.9505253165575274,59078,0.6534442154842508,0.08372934101518147,0.9509690296825704,0.7128235726087755,0.0,0.0,0.6211152697758526,0.0,52928.0,3075,120,2.0,,0,95116,10.0,5.0,1,
0.9857216848411887,70417,0.7510513478279154,0.08297237057908238,0.9867853139013453,0.8181234522608456,0.0,0.0,0.7403275999831784,0.0,68377.0,1020,0.9419745738137754,61721,0.6888746372849993,0.08372934101518147,0.94250679534557,0.7513998531301634,0.0,0.0,0.6489023928676564,0.0,54117.0,3802,120,2.0,,0,95116,10.0,10.0,1,
0.9861101607937051,72060,0.7682724252491694,0.08297237057908238,0.9872044277611859,0.8368568283958544,0.0,0.0,0.7576012447958282,0.0,70030.0,1015,0.9381730025581534,63079,0.70688422557719,0.08372934101518147,0.9387035328432394,0.7710436937763907,0.0,0.0,0.6631796963707473,0.0,54765.0,4157,120,2.0,,0,95116,10.0,15.0,1,
0.9858915865515181,72605,0.774254594390008,0.08297237057908238,0.9870039830888651,0.8433573328441714,0.0,0.0,0.7633310904579671,0.0,70527.0,1039,0.9384835270611227,64349,0.7208776651667438,0.08372934101518147,0.939086146257461,0.7862470167064439,0.0,0.0,0.6765318137852727,0.0,55913.0,4218,120,2.0,,0,95116,10.0,20.0,1,
0.9836912424947261,72742,0.7774506917868708,0.08297237057908238,0.9848365871490076,0.8468082179216729,0.0,0.0,0.7647714369822112,0.0,70330.0,1206,0.9347050597871065,65506,0.7368055847596618,0.08372934101518147,0.9354659050339165,0.8034812740958326,0.0,0.0,0.6886959081542537,0.0,56354.0,4576,120,2.0,,0,95116,10.0,30.0,1,
0.9818890943197613,72757,0.779038227007023,0.08297237057908238,0.9830964220084315,0.8484820691552784,0.0,0.0,0.7649291391563985,0.0,70073.0,1342,0.9322324835794641,65714,0.7411055973758358,0.08372934101518147,0.9333181837549177,0.8078873691940518,0.0,0.0,0.6908827116363178,0.0,56160.0,4777,120,2.0,,0,95116,10.0,40.0,1,
0.9784035285891023,72758,0.7818242987509988,0.08297237057908238,0.9796814197422812,0.8514514353847565,0.0,0.0,0.7649396526346777,0.0,69546.0,1606,0.928861013405659,65755,0.744259640859582,0.08372934101518147,0.9303592399224642,0.8109624563980172,0.0,0.0,0.6913137642457631,0.0,55683.0,5036,120,2.0,,0,95116,10.0,60.0,1,
0.972312790635523,72764,0.7867866604987594,0.08297237057908238,0.9741221200315943,0.8563812712097588,0.0,0.0,0.7650027335043526,0.0,68620.0,2072,0.9261267605633803,65755,0.7464569578199252,0.08372934101518147,0.9280613109015977,0.8129704424453827,0.0,0.0,0.6913137642457631,0.0,55265.0,5245,120,2.0,,0,95116,10.0,80.0,1,
0.9859409280181485,66061,0.704434585138147,0.08297237057908238,0.9868983238220442,0.7674263964046593,0.0,0.0,0.6945308885991841,0.0,64177.0,942,0.9509320969767218,59070,0.6530762437444805,0.08372934101518147,0.951314963039312,0.7124678722232421,0.0,0.0,0.6210311619496194,0.0,52974.0,3048,120,2.0,,2,95116,10.0,5.0,1,
0.9860935879103934,70342,0.7499684595651626,0.08297237057908238,0.9871314500624483,0.8169655140786939,0.0,0.0,0.7395390891122419,0.0,68358.0,992,0.9426681535570798,61708,0.6882228016316918,0.08372934101518147,0.9431147791532936,0.7507572975950064,0.0,0.0,0.6487657176500273,0.0,54202.0,3753,120,2.0,,2,95116,10.0,10.0,1,
0.9865995501179569,71931,0.7665166743765507,0.08297237057908238,0.9876426247065123,0.8349880766761442,0.0,0.0,0.7562450060978174,0.0,69977.0,977,0.939064524295266,63061,0.7060116068800202,0.08372934101518147,0.9395122241921307,0.7701601799155499,0.0,0.0,0.6629904537617225,0.0,54877.0,4092,120,2.0,,2,95116,10.0,15.0,1,
0.9864472806025852,72422,0.77186803482064,0.08297237057908238,0.9874829560949004,0.8408236265248097,0.0,0.0,0.7614071239328819,0.0,70432.0,995,0.9398278708885545,64319,0.7195109129904538,0.08372934101518147,0.9402950163004546,0.7848701119882504,0.0,0.0,0.6762164094368981,0.0,56083.0,4118,120,2.0,,2,95116,10.0,20.0,1,
0.9844316253817441,72528,0.7745805122166618,0.08297237057908238,0.9854749514246505,0.8437700632853343,0.0,0.0,0.7625215526304723,0.0,70234.0,1147,0.9365029402086046,65455,0.7348185373649018,0.08372934101518147,0.9369989693082913,0.8015421332843767,0.0,0.0,0.6881597207620169,0.0,56579.0,4438,120,2.0,,2,95116,10.0,30.0,1,
0.9826873840068275,72541,0.7760944530888599,0.08297237057908238,0.9837401681583944,0.8454095203155095,0.0,0.0,0.7626582278481012,0.0,69985.0,1278,0.9346402437288233,65651,0.7384877412843265,0.08372934101518147,0.9351594661196815,0.8055236827611529,0.0,0.0,0.6902203625047311,0.0,56469.0,4591,120,2.0,,2,95116,10.0,40.0,1,
0.9795160549839315,72541,0.7786071743975777,0.08297237057908238,0.9805620513929628,0.8481495918554526,0.0,0.0,0.7626582278481012,0.0,69507.0,1517,0.9322084409502455,65689,0.740842760418857,0.08372934101518147,0.9328173814257313,0.8080135854598862,0.0,0.0,0.6906198746793389,0.0,56135.0,4777,120,2.0,,2,95116,10.0,60.0,1,
0.9743331452977677,72543,0.7827705117961227,0.08297237057908238,0.9756173005540911,0.8524717967531872,0.0,0.0,0.7626792548046596,0.0,68721.0,1911,0.93033367323816,65689,0.7423356743344969,0.08372934101518147,0.9310325278151796,0.8095626032678539,0.0,0.0,0.6906198746793389,0.0,55851.0,4919,120,2.0,,2,95116,10.0,80.0,1,
0.9861685760803,66023,0.7038668573110728,0.08297237057908238,0.9871122075203708,0.7668187654773916,0.0,0.0,0.6941313764245763,0.0,64171.0,926,0.9512140106658933,59039,0.6525400563522435,0.08372934101518147,0.9515973050514168,0.7118826877180099,0.0,0.0,0.6207052441229657,0.0,52983.0,3028,120,2.0,,4,95116,10.0,5.0,1,
0.9864261650758002,70273,0.7489801926069221,0.08297237057908238,0.9874518730854621,0.8158992937723563,0.0,0.0,0.7388136591109803,0.0,68339.0,967,0.9432798824897485,61649,0.6871188864123807,0.08372934101518147,0.9437130698343692,0.7495639801725721,0.0,0.0,0.6481454224315573,0.0,54235.0,3707,120,2.0,,4,95116,10.0,10.0,1,
0.9870097735989113,71802,0.764824004373607,0.08297237057908238,0.9880284015852048,0.833165183894341,0.0,0.0,0.7548887673998066,0.0,69912.0,945,0.939866236713245,62956,0.7042348290508432,0.08372934101518147,0.9403014054635341,0.7682325133100789,0.0,0.0,0.6618865385424114,0.0,54900.0,4028,120,2.0,,4,95116,10.0,15.0,1,
0.9868609749101984,72255,0.7697653391648093,0.08297237057908238,0.9878729047606026,0.8385536090984133,0.0,0.0,0.7596513730602633,0.0,70331.0,962,0.9409237536656891,64171,0.7170192186382943,0.08372934101518147,0.9413654500645464,0.7821736735817881,0.0,0.0,0.6746604146515833,0.0,56113.0,4029,120,2.0,,4,95116,10.0,20.0,1,
0.9848885016472895,72344,0.7722570335169687,0.08297237057908238,0.985908582954019,0.8412592864349262,0.0,0.0,0.760587072627108,0.0,70124.0,1110,0.9379792544850307,65198,0.7307813617057067,0.08372934101518147,0.9384382871536524,0.7971704608041124,0.0,0.0,0.6854577568442743,0.0,56576.0,4311,120,2.0,,4,95116,10.0,30.0,1,
0.9830706521739131,72354,0.7737920013457252,0.08297237057908238,0.9841002135386205,0.8429216729340548,0.0,0.0,0.7606922074098995,0.0,69862.0,1246,0.9361948955916474,65367,0.7340720804070818,0.08372934101518147,0.9366644217404387,0.8007504130714155,0.0,0.0,0.6872345346734514,0.0,56457.0,4455,120,2.0,,4,95116,10.0,40.0,1,
0.9798355971452948,72354,0.7763467765675596,0.08297237057908238,0.9808583900441938,0.845707603411905,0.0,0.0,0.7606922074098995,0.0,69376.0,1489,0.9339074304157206,65395,0.7361852895411918,0.08372934101518147,0.9344011659474752,0.8030337800624197,0.0,0.0,0.6875289120652677,0.0,56139.0,4628,120,2.0,,4,95116,10.0,60.0,1,
0.9750687294485473,72354,0.7801421422263342,0.08297237057908238,0.9762396276057478,0.8497087957442906,0.0,0.0,0.7606922074098995,0.0,68654.0,1850,0.9321901014938989,65395,0.7375415282392026,0.08372934101518147,0.9327352341287387,0.8044680558105379,0.0,0.0,0.6875289120652677,0.0,55881.0,4757,120,2.0,,4,95116,10.0,80.0,1,
0.9864634182863646,65878,0.7021111064384541,0.08297237057908238,0.9873948950074192,0.7649156195542511,0.0,0.0,0.692606922074099,0.0,64070.0,904,0.9518906444168294,58982,0.6514466546112115,0.08372934101518147,0.9522594811023749,0.7107008445015605,0.0,0.0,0.6201059758610539,0.0,53020.0,2981,120,2.0,,8,95116,10.0,5.0,1,
0.9871814758929957,70004,0.7455422852096387,0.08297237057908238,0.9881848082325208,0.8121732550674127,0.0,0.0,0.7359855334538878,0.0,68186.0,909,0.9442135133062352,61558,0.6854262164094369,0.08372934101518147,0.9446047139700466,0.7477510556269507,0.0,0.0,0.6471886959081542,0.0,54284.0,3637,120,2.0,,8,95116,10.0,10.0,1,
0.9876244134055012,71345,0.7594831574077968,0.08297237057908238,0.9886234514868497,0.8273640282491057,0.0,0.0,0.7500841078262332,0.0,69557.0,894,0.9409411658950964,62805,0.7017431346986837,0.08372934101518147,0.9413219424460432,0.7655590233155866,0.0,0.0,0.6602990033222591,0.0,54921.0,3942,120,2.0,,8,95116,10.0,15.0,1,
0.9872582511433137,71671,0.7632364691534548,0.08297237057908238,0.9882520028129007,0.8314569384573053,0.0,0.0,0.7535115017452374,0.0,69821.0,925,0.9423637917317382,63962,0.7135918247192902,0.08372934101518147,0.9427527046546591,0.7784789792546356,0.0,0.0,0.6724630976912401,0.0,56138.0,3912,120,2.0,,8,95116,10.0,20.0,1,
0.9852074663150521,71730,0.7654548130703562,0.08297237057908238,0.9861962768443919,0.8338759974318994,0.0,0.0,0.7541317969637075,0.0,69576.0,1077,0.9398443951840744,64869,0.7256507843054796,0.08372934101518147,0.9402530764882376,0.7916169451073986,0.0,0.0,0.6819988224904328,0.0,56565.0,4152,120,2.0,,8,95116,10.0,30.0,1,
0.9833721727210418,71737,0.7669582404642752,0.08297237057908238,0.9843572046050194,0.8355154544620746,0.0,0.0,0.7542053913116615,0.0,69311.0,1213,0.9380971624859279,64997,0.7284368560494554,0.08372934101518147,0.9385035231604482,0.7946576096934093,0.0,0.0,0.6833445477101644,0.0,56419.0,4289,120,2.0,,8,95116,10.0,40.0,1,
0.980093996775692,71737,0.7695235291643887,0.08297237057908238,0.9810724689213769,0.8383128496744016,0.0,0.0,0.7542053913116615,0.0,68823.0,1457,0.9358483505095284,65019,0.7304344169224947,0.08372934101518147,0.93627959218939,0.796814760418579,0.0,0.0,0.6835758442323058,0.0,56105.0,4457,120,2.0,,8,95116,10.0,60.0,1,
0.9757082817621696,71737,0.7729824635182304,0.08297237057908238,0.9767445026890871,0.8420274236448684,0.0,0.0,0.7542053913116615,0.0,68165.0,1786,0.9341944568169083,65019,0.7317275747508306,0.08372934101518147,0.9346376103268839,0.7982146135487425,0.0,0.0,0.6835758442323058,0.0,55859.0,4580,120,2.0,,8,95116,10.0,80.0,1,
0.9872428976415948,65470,0.6972118255603684,0.08297237057908238,0.9881518375971625,0.7595959827570393,0.0,0.0,0.6883174229362042,0.0,63778.0,846,0.9532704218957746,58792,0.6484082593885361,0.08372934101518147,0.953579654199241,0.7074306957958509,0.0,0.0,0.6181084149880146,0.0,53028.0,2882,120,2.0,,16,95116,10.0,5.0,1,
0.9882556081968149,69253,0.736742503889987,0.08297237057908238,0.9892155182264885,0.8026231312482803,0.0,0.0,0.7280899112662433,0.0,67607.0,823,0.9457818294190359,61211,0.6804323142268388,0.08372934101518147,0.9460888112644709,0.742369653020011,0.0,0.0,0.6435405189452879,0.0,54193.0,3509,120,2.0,,16,95116,10.0,10.0,1,
0.9883792996591261,70169,0.7463938769502502,0.08297237057908238,0.989340853013747,0.8131362927634596,0.0,0.0,0.7377202573699483,0.0,68519.0,825,0.942779373960381,62346,0.6952563186004458,0.08372934101518147,0.943078854618887,0.7585482834587847,0.0,0.0,0.6554733167921275,0.0,54778.0,3784,120,2.0,,16,95116,10.0,15.0,1,
0.9878798943879558,70341,0.7486017073888726,0.08297237057908238,0.9888381246924861,0.815543887003577,0.0,0.0,0.7395285756339628,0.0,68615.0,863,0.9448246045589397,63376,0.7052125825308045,0.08372934101518147,0.9451204963015987,0.7694143565265283,0.0,0.0,0.666302199419656,0.0,55974.0,3701,120,2.0,,16,95116,10.0,20.0,1,
0.9858375591852744,70375,0.7505151604356786,0.08297237057908238,0.9867913681169987,0.8176304686783454,0.0,0.0,0.7398860338954539,0.0,68353.0,1011,0.9429337023895408,64045,0.7140859581984104,0.08372934101518147,0.9432392229635194,0.7790871121718377,0.0,0.0,0.6733357163884099,0.0,56293.0,3876,120,2.0,,16,95116,10.0,30.0,1,
0.9837992731339111,70381,0.7521342360906682,0.08297237057908238,0.984749059058919,0.8193960377877648,0.0,0.0,0.7399491147651289,0.0,68063.0,1159,0.9413612872915198,64118,0.7160940325497287,0.08372934101518147,0.941665442796299,0.7812786855149624,0.0,0.0,0.6741032003027881,0.0,56130.0,3994,120,2.0,,16,95116,10.0,40.0,1,
0.9804006240597314,70381,0.7547415787038984,0.08297237057908238,0.9813438558819838,0.8222392919379987,0.0,0.0,0.7399491147651289,0.0,67567.0,1407,0.9390695699286875,64130,0.7179759451616973,0.08372934101518147,0.939385949493174,0.7833210941802827,0.0,0.0,0.674229362042138,0.0,55808.0,4161,120,2.0,,16,95116,10.0,60.0,1,
0.9762664373300782,70381,0.7579376761007611,0.08297237057908238,0.9772288638036128,0.8257016417499771,0.0,0.0,0.7399491147651289,0.0,66959.0,1711,0.9374908633745578,64130,0.7191849951638,0.08372934101518147,0.9378198941241848,0.7846291536625666,0.0,0.0,0.674229362042138,0.0,55578.0,4276,120,2.0,,16,95116,10.0,80.0,1,
0.9779021934449114,65849,0.7079460868833845,0.08297237057908238,0.9788907223238045,0.7712212235164634,0.0,0.0,0.6923020312040036,0.0,62873.0,1488,0.9409390814169496,58756,0.6565036376634846,0.08372934101518147,0.9413913545037972,0.7161510923444098,0.0,0.0,0.6177299297699651,0.0,51380.0,3688,150,2.0,,0,95116,10.0,5.0,1,
0.9789601371983101,70212,0.754037175659195,0.08297237057908238,0.9800122829546088,0.8213794368522425,0.0,0.0,0.7381723369359519,0.0,67194.0,1509,0.9305993690851735,61360,0.6932167038142899,0.08372934101518147,0.9311359980576042,0.756127225995961,0.0,0.0,0.6451070272088818,0.0,52208.0,4576,150,2.0,,0,95116,10.0,10.0,1,
0.9786609798834571,72050,0.7740127843895874,0.08297237057908238,0.9797255952461892,0.8431280381546363,0.0,0.0,0.7574961100130367,0.0,68908.0,1571,0.9252977903732896,62688,0.7122776399343959,0.08372934101518147,0.9258717710133368,0.7768840646227281,0.0,0.0,0.6590689263635982,0.0,52566.0,5061,150,2.0,,0,95116,10.0,15.0,1,
0.9778503554964182,72755,0.7822343244038857,0.08297237057908238,0.9789424111948332,0.8520590663120242,0.0,0.0,0.7649081121998402,0.0,69459.0,1648,0.9247501554748854,63940,0.7269334286555365,0.08372934101518147,0.9254997322216915,0.7927184688819534,0.0,0.0,0.6722318011690988,0.0,53534.0,5203,150,2.0,,0,95116,10.0,20.0,1,
0.9757251786285592,73195,0.7886790865890071,0.08297237057908238,0.9768711296177663,0.8590296248738879,0.0,0.0,0.7695340426426679,0.0,69553.0,1821,0.9194618555536733,65131,0.7447327473821439,0.08372934101518147,0.9203193443549527,0.8120295575546173,0.0,0.0,0.684753353799571,0.0,53721.0,5705,150,2.0,,0,95116,10.0,30.0,1,
0.9737814768527135,73242,0.7907607552882796,0.08297237057908238,0.9749870209395508,0.8612423186279006,0.0,0.0,0.7700281761217881,0.0,69298.0,1972,0.9168172838468328,65436,0.7503784852180495,0.08372934101518147,0.9180392266898623,0.8178584541949697,0.0,0.0,0.687959964674713,0.0,53562.0,5937,150,2.0,,0,95116,10.0,40.0,1,
0.9699164492935927,73251,0.7940094200765381,0.08297237057908238,0.9712281725248936,0.8646817389709255,0.0,0.0,0.7701227974263005,0.0,68707.0,2272,0.9130465070917045,65533,0.7545943900079902,0.08372934101518147,0.9147415586047096,0.8220235909675051,0.0,0.0,0.6889797720677909,0.0,53051.0,6241,150,2.0,,0,95116,10.0,60.0,1,
0.963869847242872,73257,0.799055889650532,0.08297237057908238,0.9657504449278228,0.8696574337338348,0.0,0.0,0.7701858782959754,0.0,67765.0,2746,0.9100212449838233,65537,0.7571491652298247,0.08372934101518147,0.9122506646622403,0.8243184321644942,0.0,0.0,0.6890218259809076,0.0,52577.0,6480,150,2.0,,0,95116,10.0,80.0,1,
0.9781271360218728,65826,0.7075360612304975,0.08297237057908238,0.9791019023962161,0.7707855636063469,0.0,0.0,0.692060221203583,0.0,62882.0,1472,0.9413555519948726,58750,0.6561461794019934,0.08372934101518147,0.9417478840728392,0.7158068661648614,0.0,0.0,0.6176668489002902,0.0,51430.0,3660,150,2.0,,2,95116,10.0,5.0,1,
0.9793309421796714,70172,0.7533222591362126,0.08297237057908238,0.9803707894994202,0.8206112996423003,0.0,0.0,0.7377517978047857,0.0,67210.0,1481,0.9311700335422769,61352,0.6927015433786113,0.08372934101518147,0.9316225039860299,0.7556338351386084,0.0,0.0,0.6450229193826486,0.0,52282.0,4535,150,2.0,,2,95116,10.0,10.0,1,
0.9791731849655154,71980,0.7728563017788805,0.08297237057908238,0.98021325562077,0.8418898468311474,0.0,0.0,0.756760166533496,0.0,68918.0,1531,0.9260966564720831,62681,0.7115837503679717,0.08372934101518147,0.9265758041627247,0.7762070864696163,0.0,0.0,0.6589953320156441,0.0,52677.0,5002,150,2.0,,2,95116,10.0,15.0,1,
0.9784924514834418,72656,0.7806573026620127,0.08297237057908238,0.9795214020896529,0.8503966798128956,0.0,0.0,0.7638672778502039,0.0,69462.0,1597,0.925864241335863,63930,0.725945161697296,0.08372934101518147,0.9264680308387919,0.7917661097852029,0.0,0.0,0.6721266663863072,0.0,53692.0,5119,150,2.0,,2,95116,10.0,20.0,1,
0.9765989596566065,73033,0.7862294461499643,0.08297237057908238,0.9776317198543585,0.856461524351096,0.0,0.0,0.767830859161445,0.0,69533.0,1750,0.9209610815703134,65123,0.7434290760755289,0.08372934101518147,0.9215736220193872,0.8108247659261979,0.0,0.0,0.6846692459733378,0.0,53945.0,5589,150,2.0,,2,95116,10.0,30.0,1,
0.9746828689191532,73071,0.7881849531098869,0.08297237057908238,0.9757240716260065,0.8585825002292947,0.0,0.0,0.7682303713360529,0.0,69275.0,1898,0.9188483146067415,65422,0.7485596534757559,0.08372934101518147,0.9195198740653286,0.8163668074169268,0.0,0.0,0.6878127759788049,0.0,53866.0,5778,150,2.0,,2,95116,10.0,40.0,1,
0.9711221560705933,73075,0.7911182135497709,0.08297237057908238,0.9721686378330916,0.861769696413831,0.0,0.0,0.7682724252491694,0.0,68729.0,2173,0.9160875340837586,65514,0.7518713991336894,0.08372934101518147,0.9168439319301388,0.8199008628602901,0.0,0.0,0.688780015980487,0.0,53512.0,6001,150,2.0,,2,95116,10.0,60.0,1,
0.9659497970999167,73077,0.7953761722528281,0.08297237057908238,0.9672411054637865,0.8661836191873796,0.0,0.0,0.7682934522057278,0.0,67925.0,2576,0.9141238681232822,65518,0.7535325287017957,0.08372934101518147,0.9149664138980826,0.8216334679640169,0.0,0.0,0.6888220698936036,0.0,53208.0,6155,150,2.0,,2,95116,10.0,80.0,1,
0.9783487984772782,65792,0.7070103873165398,0.08297237057908238,0.9793099342085678,0.7702237916169862,0.0,0.0,0.6917027629420918,0.0,62880.0,1456,0.9417103638492006,58726,0.6556310189663148,0.08372934101518147,0.9420880390143738,0.715256104277584,0.0,0.0,0.6174145254215905,0.0,51456.0,3635,150,2.0,,4,95116,10.0,5.0,1,
0.9797135871463499,70123,0.7525022078304386,0.08297237057908238,0.9807412587412587,0.8197285150875906,0.0,0.0,0.7372366373691072,0.0,67219.0,1452,0.9317570545062226,61318,0.6918814920728373,0.08372934101518147,0.9321820033749373,0.7547617954837526,0.0,0.0,0.6446654611211573,0.0,52336.0,4491,150,2.0,,4,95116,10.0,10.0,1,
0.9796432805112344,71897,0.771594684385382,0.08297237057908238,0.9806721772103555,0.8405255434284142,0.0,0.0,0.7558875478363262,0.0,68909.0,1494,0.9270859544990305,62633,0.7102800790613567,0.08372934101518147,0.9275390220063383,0.7748072333394529,0.0,0.0,0.6584906850582447,0.0,52781.0,4926,150,2.0,,4,95116,10.0,15.0,1,
0.9790525037117019,72538,0.7789436057025106,0.08297237057908238,0.9800710685960574,0.8485393928276621,0.0,0.0,0.7626266874132638,0.0,69434.0,1552,0.927226263594256,63859,0.7240737625636066,0.08372934101518147,0.9277381488530211,0.7898040205617771,0.0,0.0,0.6713802094284873,0.0,53835.0,5012,150,2.0,,4,95116,10.0,20.0,1,
0.9772940640004292,72869,0.7839059674502713,0.08297237057908238,0.9783174910047796,0.8539392827662111,0.0,0.0,0.7661066487236637,0.0,69483.0,1693,0.9229011101331592,65011,0.7405904369401572,0.08372934101518147,0.9234123545871625,0.8078185239581421,0.0,0.0,0.6834917364060726,0.0,54149.0,5431,150,2.0,,4,95116,10.0,30.0,1,
0.9753173955504422,72904,0.785871987888473,0.08297237057908238,0.9763492701218696,0.8560717233788866,0.0,0.0,0.7664746204634342,0.0,69214.0,1845,0.9209215705639188,65274,0.7451848269481475,0.08372934101518147,0.9214545865213586,0.8128098035615935,0.0,0.0,0.6862567811934901,0.0,54064.0,5605,150,2.0,,4,95116,10.0,40.0,1,
0.9718471320598782,72907,0.7887106270238445,0.08297237057908238,0.9728846128184256,0.8591557369531322,0.0,0.0,0.7665061608982716,0.0,68683.0,2112,0.9183320684712033,65343,0.7480760334749148,0.08372934101518147,0.9188873732615207,0.8159422617954838,0.0,0.0,0.6869822111947517,0.0,53721.0,5811,150,2.0,,4,95116,10.0,60.0,1,
0.9669106920240842,72907,0.7927372892047605,0.08297237057908238,0.9680918868676138,0.8634091534440063,0.0,0.0,0.7665061608982716,0.0,67917.0,2495,0.916443447163593,65347,0.7496635686950671,0.08372934101518147,0.9170607799935445,0.8176174958692859,0.0,0.0,0.6870242651078683,0.0,53431.0,5958,150,2.0,,4,95116,10.0,80.0,1,
0.9787202336601795,65678,0.7055174734009,0.08297237057908238,0.9796545449121447,0.7686187287902412,0.0,0.0,0.6905042264182683,0.0,62822.0,1428,0.9422363540010599,58674,0.6546848059211909,0.08372934101518147,0.9425996433563063,0.7142348999449238,0.0,0.0,0.6168678245510745,0.0,51480.0,3597,150,2.0,,8,95116,10.0,5.0,1,
0.9805573467156354,69951,0.7500105134782792,0.08297237057908238,0.9815617764681119,0.8170343024855544,0.0,0.0,0.7354283191050928,0.0,67177.0,1387,0.9326693166415376,61240,0.6903254972875226,0.08372934101518147,0.9330529908279246,0.7530980356159354,0.0,0.0,0.6438454098153833,0.0,52398.0,4421,150,2.0,,8,95116,10.0,10.0,1,
0.980689749555221,71659,0.7682198578577737,0.08297237057908238,0.9816973765326392,0.8368682931303311,0.0,0.0,0.7533853400058875,0.0,68837.0,1411,0.9283487246488702,62528,0.7081248160141301,0.08372934101518147,0.9287348127023736,0.7725123921424637,0.0,0.0,0.6573867698389335,0.0,52876.0,4826,150,2.0,,8,95116,10.0,15.0,1,
0.980180008959722,72203,0.7744543504773119,0.08297237057908238,0.9811789965755287,0.8436668806750436,0.0,0.0,0.7591046721897473,0.0,69283.0,1460,0.9286682307681098,63728,0.7214664199503764,0.08372934101518147,0.9291150313456772,0.7870157885074353,0.0,0.0,0.6700029437739181,0.0,53938.0,4895,150,2.0,,8,95116,10.0,20.0,1,
0.9782432541933392,72435,0.7784810126582279,0.08297237057908238,0.9792351056495113,0.8480578739796386,0.0,0.0,0.761543799150511,0.0,69213.0,1611,0.9246841039390742,64837,0.7371840699777115,0.08372934101518147,0.9251194977527288,0.8041697264549293,0.0,0.0,0.6816623911854998,0.0,54275.0,5281,150,2.0,,8,95116,10.0,30.0,1,
0.9762334617768317,72458,0.7803313848353589,0.08297237057908238,0.9772209259983546,0.8500756672475466,0.0,0.0,0.7617856091509315,0.0,68930.0,1764,0.922823836401282,65072,0.7413474073762564,0.08372934101518147,0.9232559129410763,0.8087135120249679,0.0,0.0,0.684133058581101,0.0,54188.0,5442,150,2.0,,8,95116,10.0,40.0,1,
0.97265625,72459,0.7832120778838471,0.08297237057908238,0.9736495565708143,0.8532055397596991,0.0,0.0,0.7617961226292107,0.0,68385.0,2037,0.9202899574672526,65128,0.7440283443374406,0.08372934101518147,0.9207453275652444,0.8116164861391592,0.0,0.0,0.6847218133647336,0.0,53846.0,5641,150,2.0,,8,95116,10.0,60.0,1,
0.9682630889702541,72459,0.7867656335422011,0.08297237057908238,0.9692993017096075,0.8570347610749335,0.0,0.0,0.7617961226292107,0.0,67709.0,2375,0.918423464711274,65130,0.7455633121661971,0.08372934101518147,0.9188899391921443,0.8132802460069763,0.0,0.0,0.6847428403212918,0.0,53560.0,5785,150,2.0,,8,95116,10.0,80.0,1,
0.9791928627028321,65414,0.7023424029605955,0.08297237057908238,0.9801171693561679,0.7651678437127396,0.0,0.0,0.6877286681525716,0.0,62634.0,1390,0.9433788923989427,58531,0.652298246351823,0.08372934101518147,0.9436983054673266,0.711664677804296,0.0,0.0,0.6153643971571555,0.0,51505.0,3513,150,2.0,,16,95116,10.0,5.0,1,
0.9816731380162372,69527,0.7446170991210732,0.08297237057908238,0.9826582242700059,0.8111758231679355,0.0,0.0,0.7309706043147315,0.0,66931.0,1298,0.9343945824204446,60987,0.6862042138020943,0.08372934101518147,0.9347096418226125,0.7486575178997613,0.0,0.0,0.6411854998107573,0.0,52423.0,4282,150,2.0,,16,95116,10.0,10.0,1,
0.9820240877224519,71019,0.7603242356701291,0.08297237057908238,0.9830027544396307,0.8282926717417225,0.0,0.0,0.7466567139072291,0.0,68419.0,1300,0.9307136553333433,62221,0.702857563396274,0.08372934101518147,0.9310200356122159,0.7668326601799156,0.0,0.0,0.6541591320072333,0.0,52957.0,4632,150,2.0,,16,95116,10.0,15.0,1,
0.9816579356240289,71395,0.7646347617645822,0.08297237057908238,0.9826307169302338,0.8329932128771897,0.0,0.0,0.7506097817401909,0.0,68727.0,1334,0.9314091630888667,63347,0.7150426847218133,0.08372934101518147,0.9317379537565452,0.7801083165044979,0.0,0.0,0.6659973085495605,0.0,54017.0,4665,150,2.0,,16,95116,10.0,20.0,1,
0.979624275476507,71492,0.7672631313343706,0.08297237057908238,0.9805917127299162,0.8358593964963772,0.0,0.0,0.7516295891332688,0.0,68518.0,1487,0.9281448355452971,64339,0.7287943143109467,0.08372934101518147,0.9284662895405218,0.7951165779328071,0.0,0.0,0.6764266790024812,0.0,54377.0,4981,150,2.0,,16,95116,10.0,30.0,1,
0.9773907813439773,71502,0.769124016989781,0.08297237057908238,0.9783536752230311,0.8378886544987618,0.0,0.0,0.7517347239160604,0.0,68194.0,1654,0.9262615238806399,64503,0.7321376004037176,0.08372934101518147,0.9265808601718045,0.7987653754360198,0.0,0.0,0.6781508894402624,0.0,54233.0,5135,150,2.0,,16,95116,10.0,40.0,1,
0.9736512432255781,71503,0.7720888178645023,0.08297237057908238,0.9746200504327677,0.8411102448867285,0.0,0.0,0.7517452373943395,0.0,67633.0,1935,0.9237297838843567,64541,0.7345767273644813,0.08372934101518147,0.9240736498482333,0.8014044428125574,0.0,0.0,0.6785504016148702,0.0,53883.0,5329,150,2.0,,16,95116,10.0,60.0,1,
0.9693876167622456,71503,0.7754846713486689,0.08297237057908238,0.9703742909100779,0.844790424653765,0.0,0.0,0.7517452373943395,0.0,66987.0,2258,0.9220011142697961,64541,0.7359539930190504,0.08372934101518147,0.9223568754108669,0.8028960895906003,0.0,0.0,0.6785504016148702,0.0,53621.0,5460,150,2.0,,16,95116,10.0,80.0,1,
0.9605375615219122,65184,0.7134656629799403,0.08297237057908238,0.9615435677302296,0.7772058149133266,0.0,0.0,0.6853105681483662,0.0,59828.0,2678,0.9262551885367134,58242,0.6610770007149165,0.08372934101518147,0.9266530897982562,0.7211767945658161,0.0,0.0,0.6123260019344801,0.0,48968.0,4637,200,2.0,,0,95116,10.0,5.0,1,
0.9619112325120284,69374,0.7582425669708567,0.08297237057908238,0.9629393148631392,0.8259653306429423,0.0,0.0,0.7293620421380209,0.0,63880.0,2747,0.9131147294513855,60734,0.6992829807813618,0.08372934101518147,0.9136229616703773,0.7627593170552598,0.0,0.0,0.6385255898061315,0.0,49176.0,5779,200,2.0,,0,95116,10.0,10.0,1,
0.9600884824451369,71180,0.7794587661381892,0.08297237057908238,0.9611255890573732,0.8490667706135926,0.0,0.0,0.7483493839101728,0.0,65262.0,2959,0.9057011776394611,61988,0.7195634803818496,0.08372934101518147,0.9062440607593456,0.7848471635762805,0.0,0.0,0.6517094915681905,0.0,49080.0,6454,200,2.0,,0,95116,10.0,15.0,1,
0.9582189041461139,71876,0.7886160057193322,0.08297237057908238,0.959357189573017,0.8589493717325507,0.0,0.0,0.755666764792464,0.0,65608.0,3134,0.9030975602780081,63150,0.7351654821481138,0.08372934101518147,0.9038084469951768,0.8017142463741509,0.0,0.0,0.6639261533285672,0.0,49598.0,6776,200,2.0,,0,95116,10.0,20.0,1,
0.9550422713266086,72524,0.798372513562387,0.08297237057908238,0.9562637623449058,0.8694969274511603,0.0,0.0,0.7624794987173557,0.0,65696.0,3414,0.8954100827689992,64260,0.754510282181757,0.08372934101518147,0.8962093107584168,0.8227235175325868,0.0,0.0,0.675596114218428,0.0,49248.0,7506,200,2.0,,0,95116,10.0,30.0,1,
0.9526454368016348,72724,0.8025884183523276,0.08297237057908238,0.9539200125923109,0.874036962303953,0.0,0.0,0.7645821943731864,0.0,65494.0,3615,0.8919687866860023,64583,0.7612283948021363,0.08372934101518147,0.8929060266283233,0.8299178446851478,0.0,0.0,0.6789919677025947,0.0,48939.0,7822,200,2.0,,0,95116,10.0,40.0,1,
0.9482421620494644,72770,0.8068253500988267,0.08297237057908238,0.9496156907778837,0.8785540676877923,0.0,0.0,0.7650658143740275,0.0,64826.0,3972,0.8883758529032966,64839,0.7673367256823247,0.08372934101518147,0.8894604716243467,0.8364351936845971,0.0,0.0,0.6816834181420581,0.0,48545.0,8147,200,2.0,,0,95116,10.0,60.0,1,
0.9422083554496847,72779,0.8120926027166828,0.08297237057908238,0.9441395861711098,0.8837590571402366,0.0,0.0,0.7651604356785399,0.0,63851.0,4464,0.8858914643974266,64857,0.7697022582951344,0.08372934101518147,0.8872609373717475,0.8387415090875712,0.0,0.0,0.6818726607510829,0.0,48149.0,8354,200,2.0,,0,95116,10.0,80.0,1,
0.9607106000294855,65165,0.7131292316750074,0.08297237057908238,0.9617172626514559,0.7768389434100706,0.0,0.0,0.6851108120610623,0.0,59835.0,2665,0.9265676961509698,58232,0.6607405694099836,0.08372934101518147,0.9269659344157911,0.7208096199742978,0.0,0.0,0.6122208671516884,0.0,49002.0,4615,200,2.0,,2,95116,10.0,5.0,1,
0.9621408653912851,69354,0.7578430547962488,0.08297237057908238,0.9631697358553454,0.8255296707328258,0.0,0.0,0.7291517725724379,0.0,63896.0,2729,0.9135824757778179,60724,0.6988098742587998,0.08372934101518147,0.9140775529865125,0.7622544519919222,0.0,0.0,0.6384204550233399,0.0,49236.0,5744,200,2.0,,2,95116,10.0,10.0,1,
0.9603870863251093,71157,0.7789646326590689,0.08297237057908238,0.9614251742960601,0.8485279280931853,0.0,0.0,0.7481075739097524,0.0,65287.0,2935,0.9062157301399307,61977,0.7190272929896127,0.08372934101518147,0.9067327949438202,0.7842849274830181,0.0,0.0,0.6515938433071198,0.0,49149.0,6414,200,2.0,,2,95116,10.0,15.0,1,
0.9585768030096854,71853,0.7880693048488162,0.08297237057908238,0.9597163044784891,0.8583532055397597,0.0,0.0,0.7554249547920434,0.0,65643.0,3105,0.9037803638653898,63139,0.7344821060599689,0.08372934101518147,0.9044665367866147,0.8009913713970993,0.0,0.0,0.6638105050674965,0.0,49695.0,6722,200,2.0,,2,95116,10.0,20.0,1,
0.9556534004772137,72493,0.7975209218217755,0.08297237057908238,0.9568012037061479,0.868637072365404,0.0,0.0,0.7621535808907018,0.0,65765.0,3364,0.8962991895322723,64253,0.7536797173977039,0.08372934101518147,0.8970374713799073,0.8218744262897008,0.0,0.0,0.675522519870474,0.0,49385.0,7434,200,2.0,,2,95116,10.0,30.0,1,
0.9532821824381926,72683,0.8016001513940872,0.08297237057908238,0.954433837143645,0.8730739246079061,0.0,0.0,0.7641511417637411,0.0,65559.0,3562,0.8929653036106924,64573,0.7602611548004542,0.08372934101518147,0.8937810566528714,0.8289769597943822,0.0,0.0,0.6788868329198032,0.0,49093.0,7740,200,2.0,,2,95116,10.0,40.0,1,
0.9491757703903834,72723,0.8055111653139324,0.08297237057908238,0.9503665660406947,0.8772929468953499,0.0,0.0,0.7645716808949072,0.0,64935.0,3894,0.8895902516672614,64828,0.7661592161150595,0.08372934101518147,0.8904700420318123,0.8353451441160271,0.0,0.0,0.6815677698809874,0.0,48736.0,8046,200,2.0,,2,95116,10.0,60.0,1,
0.9441026040449672,72728,0.8098952857563396,0.08297237057908238,0.9455509906911436,0.881821517013666,0.0,0.0,0.764624248286303,0.0,64116.0,4306,0.8874837473482515,64844,0.7681672904663779,0.08372934101518147,0.888468705469692,0.8374334496052873,0.0,0.0,0.6817359855334539,0.0,48402.0,8221,200,2.0,,2,95116,10.0,80.0,1,
0.9609772650152698,65136,0.7126140712393289,0.08297237057908238,0.9619565217391305,0.7763001008896634,0.0,0.0,0.6848059211909668,0.0,59846.0,2645,0.926929444727458,58226,0.6604146515833298,0.08372934101518147,0.9273280351653952,0.7204539195887645,0.0,0.0,0.6121577862820136,0.0,49046.0,4590,200,2.0,,4,95116,10.0,5.0,1,
0.9624019437695245,69317,0.7572332730560579,0.08297237057908238,0.9634051424600417,0.8248876456021279,0.0,0.0,0.7287627738761092,0.0,63901.0,2708,0.914050855878235,60714,0.6983367677362379,0.08372934101518147,0.9145189715163656,0.7617610611345695,0.0,0.0,0.6383153202405484,0.0,49296.0,5709,200,2.0,,4,95116,10.0,10.0,1,
0.9607294832826748,71118,0.7782602296143656,0.08297237057908238,0.9617298642289176,0.8477941850866734,0.0,0.0,0.7476975482568653,0.0,65304.0,2907,0.9068967536079154,61961,0.7183018629883511,0.08372934101518147,0.9073748645403157,0.7835276298880117,0.0,0.0,0.6514256276546533,0.0,49239.0,6361,200,2.0,,4,95116,10.0,15.0,1,
0.9589721673166302,71804,0.7872071996299256,0.08297237057908238,0.9600620395502133,0.8574589562505732,0.0,0.0,0.7549097943563648,0.0,65660.0,3072,0.9046902325048021,63113,0.7334412717103327,0.08372934101518147,0.9053261228178389,0.7999013218285295,0.0,0.0,0.6635371546322385,0.0,49815.0,6649,200,2.0,,4,95116,10.0,20.0,1,
0.956141161559484,72421,0.796322385297952,0.08297237057908238,0.9572406682880406,0.8673759515729615,0.0,0.0,0.7613966104546028,0.0,65777.0,3322,0.8976584888516111,64214,0.7520816686992725,0.08372934101518147,0.8983240536079012,0.8201991922158987,0.0,0.0,0.6751124942175869,0.0,49572.0,7321,200,2.0,,4,95116,10.0,30.0,1,
0.9537554028666395,72597,0.8002544261743555,0.08297237057908238,0.9548718893039406,0.8716408327983124,0.0,0.0,0.7632469826317339,0.0,65557.0,3520,0.894484412470024,64529,0.7584528365364397,0.08372934101518147,0.8951917207702126,0.827106664218836,0.0,0.0,0.6784242398755204,0.0,49305.0,7612,200,2.0,,4,95116,10.0,40.0,1,
0.9497855424207553,72632,0.8039867109634552,0.08297237057908238,0.9509046634023723,0.8756993488030818,0.0,0.0,0.7636149543715043,0.0,64952.0,3840,0.8913692729049395,64766,0.7638988182850415,0.08372934101518147,0.8920936639118457,0.8330273545070681,0.0,0.0,0.6809159342276799,0.0,48980.0,7893,200,2.0,,4,95116,10.0,60.0,1,
0.945016198493345,72633,0.8080554270574877,0.08297237057908238,0.9462843295638126,0.879987159497386,0.0,0.0,0.7636254678497835,0.0,64181.0,4226,0.8893617605469447,64782,0.7658122713318475,0.08372934101518147,0.8901438641328991,0.8350582889664036,0.0,0.0,0.6810841498801463,0.0,48664.0,8059,200,2.0,,4,95116,10.0,80.0,1,
0.9611786785677341,65042,0.7114365616720636,0.08297237057908238,0.9621312978905949,0.7750389800972209,0.0,0.0,0.6838176542327263,0.0,59788.0,2627,0.9275854373884214,58193,0.6595735733209975,0.08372934101518147,0.9279552231665896,0.7195589315219387,0.0,0.0,0.6118108414988015,0.0,49107.0,4543,200,2.0,,8,95116,10.0,5.0,1,
0.9627707675398934,69203,0.7556983052273014,0.08297237057908238,0.9637495473915829,0.8232367238374759,0.0,0.0,0.7275642373522856,0.0,63851.0,2676,0.9150627488837939,60665,0.6970015559947853,0.08372934101518147,0.915490832264393,0.7603382595924362,0.0,0.0,0.6378001598048698,0.0,49403.0,5631,200,2.0,,8,95116,10.0,10.0,1,
0.9612962636945953,70985,0.7763467765675596,0.08297237057908238,0.9622736145754257,0.8457305328808585,0.0,0.0,0.7462992556457378,0.0,65269.0,2858,0.9081746427628298,61903,0.7166197064636864,0.08372934101518147,0.9086012035813885,0.7817376537543602,0.0,0.0,0.6508158459144623,0.0,49385.0,6259,200,2.0,,8,95116,10.0,15.0,1,
0.9596876799657145,71657,0.7850098826695824,0.08297237057908238,0.9607556580499839,0.855085756213886,0.0,0.0,0.7533643130493293,0.0,65637.0,3010,0.9064741995312927,63048,0.7312439547499895,0.08372934101518147,0.9070349589987052,0.7975720580135854,0.0,0.0,0.6628537785440936,0.0,50038.0,6505,200,2.0,,8,95116,10.0,20.0,1,
0.956986682568078,72219,0.7933996383363472,0.08297237057908238,0.9580530903012695,0.8642231495918554,0.0,0.0,0.7592728878422137,0.0,65727.0,3246,0.9000196480197603,64130,0.7491273813028302,0.08372934101518147,0.9005884087685545,0.8170667339820085,0.0,0.0,0.674229362042138,0.0,49882.0,7124,200,2.0,,8,95116,10.0,30.0,1,
0.9547169811320755,72358,0.7968165187770722,0.08297237057908238,0.9557889175087511,0.8679377235623223,0.0,0.0,0.7607342613230161,0.0,65494.0,3432,0.8972187791596451,64423,0.7548992808780857,0.08372934101518147,0.897793943448026,0.8233545988617588,0.0,0.0,0.6773098111779301,0.0,49663.0,7380,200,2.0,,8,95116,10.0,40.0,1,
0.950795985919193,72386,0.8004121283485428,0.08297237057908238,0.9518712358309445,0.8718471980188939,0.0,0.0,0.7610286387148324,0.0,64894.0,3746,0.8943239054629989,64631,0.7597880482778923,0.08372934101518147,0.8949059137923873,0.8286786304387737,0.0,0.0,0.6794966146599941,0.0,49357.0,7637,200,2.0,,8,95116,10.0,60.0,1,
0.9466312705968509,72387,0.8039446570503386,0.08297237057908238,0.9477467333525361,0.8756534898651748,0.0,0.0,0.7610391521931116,0.0,64225.0,4081,0.892390734145062,64643,0.7615753395853484,0.08372934101518147,0.8929824561403509,0.8306177712502295,0.0,0.0,0.679622776399344,0.0,49053.0,7795,200,2.0,,8,95116,10.0,80.0,1,
0.9616177495661975,64839,0.7088922999285083,0.08297237057908238,0.9625599382431971,0.7722759790883243,0.0,0.0,0.6816834181420581,0.0,59663.0,2588,0.9288385921166203,58110,0.6577442281004248,0.08372934101518147,0.9291653341861209,0.717596842298513,0.0,0.0,0.6109382228016317,0.0,49206.0,4452,200,2.0,,16,95116,10.0,5.0,1,
0.9635868045848477,68935,0.7521342360906682,0.08297237057908238,0.9645440680574795,0.8193731083188114,0.0,0.0,0.7247466251734724,0.0,63725.0,2605,0.9165846344898608,60523,0.6942154842508096,0.08372934101518147,0.9169317940793261,0.7573664402423352,0.0,0.0,0.63630724588923,0.0,49507.0,5508,200,2.0,,16,95116,10.0,10.0,1,
0.9623944429310815,70659,0.7718995752554775,0.08297237057908238,0.9633391503517479,0.8409153444006237,0.0,0.0,0.7428718617267337,0.0,65137.0,2761,0.9105509999410064,61739,0.7128558812397494,0.08372934101518147,0.9109002921301897,0.7776987332476593,0.0,0.0,0.6490916354766811,0.0,49609.0,6065,200,2.0,,16,95116,10.0,15.0,1,
0.9610209254665084,71277,0.7797636570082846,0.08297237057908238,0.9620326629774598,0.8494221773823718,0.0,0.0,0.7493691913032507,0.0,65495.0,2891,0.90974353036531,62856,0.7263972412632995,0.08372934101518147,0.9101914332879608,0.79238571690839,0.0,0.0,0.660835190714496,0.0,50384.0,6236,200,2.0,,16,95116,10.0,20.0,1,
0.9587142475273991,71731,0.786618444846293,0.08297237057908238,0.9597275926198472,0.8568857195267358,0.0,0.0,0.7541423104419867,0.0,65553.0,3089,0.9047699977339678,63884,0.7423356743344969,0.08372934101518147,0.9052315365867483,0.809757664769598,0.0,0.0,0.6716430463854661,0.0,50436.0,6724,200,2.0,,16,95116,10.0,30.0,1,
0.9563717721636991,71813,0.7894465705033853,0.08297237057908238,0.9573917796531083,0.8599582683665047,0.0,0.0,0.7550044156608773,0.0,65261.0,3276,0.9022901192887689,64142,0.7473821439084907,0.08372934101518147,0.9027599893034581,0.815253809436387,0.0,0.0,0.6743555237814879,0.0,50250.0,6946,200,2.0,,16,95116,10.0,40.0,1,
0.9524636681871221,71831,0.7928844779006686,0.08297237057908238,0.9534877546956926,0.8636957718059249,0.0,0.0,0.755193658269902,0.0,64661.0,3585,0.8995312390680753,64285,0.7513457252197316,0.08372934101518147,0.9000098002156047,0.8195681108867267,0.0,0.0,0.6758589511754068,0.0,49925.0,7180,200,2.0,,16,95116,10.0,60.0,1,
0.9483405064293824,71833,0.7963539257327894,0.08297237057908238,0.9493933546562343,0.8674447399798221,0.0,0.0,0.7552146852264603,0.0,64007.0,3913,0.8977463136729222,64293,0.752933260439884,0.08372934101518147,0.8982480160947803,0.8212777675784836,0.0,0.0,0.6759430590016401,0.0,49647.0,7323,200,2.0,,16,95116,10.0,80.0,1,
0.9639074466351638,70986,0.774254594390008,0.08297237057908238,0.9649950381316187,0.8433573328441714,0.0,0.0,0.746309769124017,0.0,65670.0,2658,0.8906033514664489,61066,0.7208776651667438,0.08372934101518147,0.8911752258365804,0.7862470167064439,0.0,0.0,0.6420160645948105,0.0,46064.0,7501,120,2.0,,0,95116,0.0,20.0,2,adep
0.9838819184183368,72457,0.774254594390008,0.08297237057908238,0.9849920474164299,0.8433573328441714,0.0,0.0,0.7617750956726523,0.0,70083.0,1187,0.9333352779033646,63996,0.7208776651667438,0.08372934101518147,0.9339345913051093,0.7862470167064439,0.0,0.0,0.6728205559527314,0.0,54854.0,4571,120,2.0,,0,95116,5.0,20.0,2,adep
0.9844250719678453,72497,0.774254594390008,0.08297237057908238,0.9855358138143854,0.8433573328441714,0.0,0.0,0.7621956348038185,0.0,70203.0,1147,0.9394752577770648,64417,0.7208776651667438,0.08372934101518147,0.9400785137836931,0.7862470167064439,0.0,0.0,0.6772467303082552,0.0,56117.0,4150,120,2.0,,0,95116,15.0,20.0,2,adep
0.9828770843517463,72383,0.774254594390008,0.08297237057908238,0.9839860795802123,0.8433573328441714,0.0,0.0,0.760997098279995,0.0,69861.0,1261,0.9390960666209692,64391,0.7208776651667438,0.08372934101518147,0.9396990791413102,0.7862470167064439,0.0,0.0,0.6769733798729972,0.0,56039.0,4176,120,2.0,,0,95116,20.0,20.0,2,adep
0.9828770843517463,72383,0.774254594390008,0.08297237057908238,0.9839860795802123,0.8433573328441714,0.0,0.0,0.760997098279995,0.0,69861.0,1261,0.9390960666209692,64391,0.7208776651667438,0.08372934101518147,0.9396990791413102,0.7862470167064439,0.0,0.0,0.6769733798729972,0.0,56039.0,4176,120,2.0,,0,95116,30.0,20.0,2,adep
0.9816804268301499,67894,0.7271226712645612,0.08297237057908238,0.9826750227960226,0.792109969733101,0.0,0.0,0.7138020942848732,0.0,65360.0,1267,0.9534275169409487,63033,0.695067075991421,0.08372934101518147,0.9538747900304172,0.7582270056912062,0.0,0.0,0.6626960763699062,0.0,56875.0,3079,60,2.0,,2,95116,0.0,20.0,2,ades
0.9925102297537629,68643,0.7271226712645612,0.08297237057908238,0.9935157980055289,0.792109969733101,0.0,0.0,0.7216766895159594,0.0,67607.0,518,0.971533155856728,64230,0.695067075991421,0.08372934101518147,0.9719889226857947,0.7582270056912062,0.0,0.0,0.6752807098700534,0.0,60466.0,1882,60,2.0,,2,95116,5.0,20.0,2,ades
0.9898931478723558,68462,0.7271226712645612,0.08297237057908238,0.9908960646104413,0.792109969733101,0.0,0.0,0.7197737499474326,0.0,67064.0,699,0.9738927879961278,64386,0.695067075991421,0.08372934101518147,0.9743496617787261,0.7582270056912062,0.0,0.0,0.6769208124816014,0.0,60934.0,1726,60,2.0,,2,95116,15.0,20.0,2,ades
0.9874929512297393,68296,0.7271226712645612,0.08297237057908238,0.9884934361928471,0.792109969733101,0.0,0.0,0.7180285125530931,0.0,66566.0,865,0.9729247337850919,64322,0.695067075991421,0.08372934101518147,0.9733811534329081,0.7582270056912062,0.0,0.0,0.6762479498717355,0.0,60742.0,1790,60,2.0,,2,95116,20.0,20.0,2,ades
0.9874929512297393,68296,0.7271226712645612,0.08297237057908238,0.9884934361928471,0.792109969733101,0.0,0.0,0.7180285125530931,0.0,66566.0,865,0.9729247337850919,64322,0.695067075991421,0.08372934101518147,0.9733811534329081,0.7582270056912062,0.0,0.0,0.6762479498717355,0.0,60742.0,1790,60,2.0,,2,95116,30.0,20.0,2,ades
