airport,n_truth,n_predicted_here,n_correct,n_assigned,role,recall,count_ratio,run,period
OOA,7408,66,0,0,arrivals,0.0,0.0,legacy,2024
OOA,7371,56,0,0,departures,0.0,0.0,legacy,2024
LFPG,2124,1884,1878,1887,departures,0.884180790960452,0.8884180790960452,legacy,2024
EHAM,2123,1935,1926,1938,departures,0.9072067828544512,0.9128591615638247,legacy,2024
EHAM,2119,1777,1767,1788,arrivals,0.8338839075035394,0.8437942425672487,legacy,2024
LFPG,2118,1657,1646,1658,arrivals,0.777148253068933,0.7828139754485364,legacy,2024
LTFM,2104,1082,1076,1079,departures,0.5114068441064639,0.5128326996197718,legacy,2024
LTFM,2073,1691,897,912,arrivals,0.43270622286541244,0.4399421128798842,legacy,2024
EGLL,2023,1856,1854,1854,departures,0.9164607019278299,0.9164607019278299,legacy,2024
EGLL,2017,1611,1600,1602,arrivals,0.7932573128408528,0.7942488844819038,legacy,2024
EDDF,1981,1838,1790,1797,departures,0.9035840484603735,0.9071176173649672,legacy,2024
EDDF,1973,1617,1602,1607,arrivals,0.8119614799797263,0.8144956918398378,legacy,2024
LEMD,1789,1490,1482,1489,arrivals,0.8283957518166574,0.8323085522638345,legacy,2024
LEMD,1788,1581,1577,1583,departures,0.8819910514541387,0.8853467561521253,legacy,2024
LEBL,1563,1443,1436,1440,departures,0.9187460012795905,0.9213051823416507,legacy,2024
LEBL,1563,1391,1385,1387,arrivals,0.8861164427383237,0.8873960332693538,legacy,2024
LIRF,1464,1208,1166,1173,arrivals,0.796448087431694,0.8012295081967213,legacy,2024
LIRF,1463,1319,1317,1326,departures,0.9002050580997949,0.9063568010936432,legacy,2024
EDDM,1459,1304,1290,1299,arrivals,0.884167237834133,0.890335846470185,legacy,2024
EDDM,1452,1358,1350,1359,departures,0.9297520661157025,0.9359504132231405,legacy,2024
LTAI,1327,118,114,116,departures,0.08590806330067823,0.08741522230595328,legacy,2024
LEPA,1320,629,622,627,arrivals,0.4712121212121212,0.475,legacy,2024
LTAI,1309,57,52,52,arrivals,0.03972498090145149,0.03972498090145149,legacy,2024
LEPA,1302,433,425,428,departures,0.32642089093702,0.32872503840245776,legacy,2024
LGAV,1283,177,143,145,arrivals,0.11145752143413874,0.11301636788776305,legacy,2024
LGAV,1273,377,366,370,departures,0.2875098193244305,0.2906520031421838,legacy,2024
EGKK,1261,1113,1113,1113,arrivals,0.8826328310864393,0.8826328310864393,legacy,2024
EGKK,1260,1183,1183,1184,departures,0.9388888888888889,0.9396825396825397,legacy,2024
LOWW,1171,1066,1059,1064,departures,0.9043552519214346,0.9086251067463706,legacy,2024
LOWW,1160,1001,996,1001,arrivals,0.8586206896551725,0.8629310344827587,legacy,2024
EKCH,1157,983,977,980,arrivals,0.8444252376836646,0.8470181503889369,legacy,2024
EKCH,1152,1014,1009,1010,departures,0.8758680555555556,0.8767361111111112,legacy,2024
LSZH,1138,1062,1051,1068,departures,0.9235500878734623,0.9384885764499121,legacy,2024
EIDW,1135,996,993,1002,arrivals,0.8748898678414097,0.8828193832599119,legacy,2024
EIDW,1134,1036,1032,1036,departures,0.91005291005291,0.9135802469135802,legacy,2024
LSZH,1122,987,976,988,arrivals,0.8698752228163993,0.8805704099821747,legacy,2024
ENGM,1093,990,985,1001,arrivals,0.9011893870082343,0.9158279963403476,legacy,2024
ENGM,1087,1005,1003,1017,departures,0.922723091076357,0.9356025758969642,legacy,2024
LPPT,988,883,836,836,departures,0.8461538461538461,0.8461538461538461,legacy,2024
LTFJ,985,888,887,917,departures,0.9005076142131979,0.9309644670050762,legacy,2024
LPPT,980,835,633,634,arrivals,0.6459183673469387,0.6469387755102041,legacy,2024
LIMC,971,833,818,826,arrivals,0.8424304840370752,0.850669412976313,legacy,2024
LTFJ,971,855,854,856,arrivals,0.8795056642636457,0.8815653964984552,legacy,2024
LIMC,952,871,864,871,departures,0.907563025210084,0.9149159663865546,legacy,2024
LFPO,952,845,845,846,departures,0.8876050420168067,0.8886554621848739,legacy,2024
LFPO,946,816,816,818,arrivals,0.8625792811839323,0.864693446088795,legacy,2024
EDDB,942,841,824,844,arrivals,0.8747346072186837,0.8959660297239915,legacy,2024
EDDB,937,847,838,851,departures,0.8943436499466382,0.9082177161152615,legacy,2024
EGCC,928,857,853,856,departures,0.9191810344827587,0.9224137931034483,legacy,2024
EGCC,925,771,766,772,arrivals,0.8281081081081081,0.8345945945945946,legacy,2024
EGSS,906,824,818,821,arrivals,0.9028697571743929,0.9061810154525386,legacy,2024
EGSS,898,839,836,842,departures,0.9309576837416481,0.9376391982182628,legacy,2024
EBBR,847,778,770,776,departures,0.9090909090909091,0.9161747343565525,legacy,2024
ESSA,847,727,722,725,arrivals,0.8524203069657615,0.8559622195985832,legacy,2024
EBBR,839,724,722,744,arrivals,0.8605482717520858,0.8867699642431466,legacy,2024
ESSA,830,729,726,730,departures,0.8746987951807229,0.8795180722891566,legacy,2024
EPWA,817,774,773,777,departures,0.9461444308445532,0.9510403916768666,legacy,2024
EPWA,806,732,726,727,arrivals,0.9007444168734491,0.901985111662531,legacy,2024
LEMG,775,216,208,209,arrivals,0.26838709677419353,0.2696774193548387,legacy,2024
LEMG,769,629,623,624,departures,0.8101430429128739,0.811443433029909,legacy,2024
EDDL,758,694,690,701,departures,0.9102902374670184,0.924802110817942,legacy,2024
EDDL,752,682,674,680,arrivals,0.8962765957446809,0.9042553191489362,legacy,2024
LFMN,732,643,631,681,arrivals,0.8620218579234973,0.930327868852459,legacy,2024
LSGG,710,623,611,637,arrivals,0.8605633802816901,0.8971830985915493,legacy,2024
LFMN,708,611,598,633,departures,0.844632768361582,0.8940677966101694,legacy,2024
LSGG,702,633,619,637,departures,0.8817663817663818,0.9074074074074074,legacy,2024
EFHK,661,586,584,587,arrivals,0.8835098335854765,0.8880484114977307,legacy,2024
EFHK,654,607,605,607,departures,0.9250764525993884,0.9281345565749235,legacy,2024
LKPR,629,574,568,574,departures,0.9030206677265501,0.9125596184419714,legacy,2024
LKPR,610,546,539,545,arrivals,0.8836065573770492,0.8934426229508197,legacy,2024
EGGW,591,522,506,523,departures,0.856175972927242,0.8849407783417935,legacy,2024
EGPH,590,505,500,507,arrivals,0.847457627118644,0.8593220338983051,legacy,2024
EGPH,588,522,518,522,departures,0.8809523809523809,0.8877551020408163,legacy,2024
EGGW,586,499,482,499,arrivals,0.8225255972696246,0.8515358361774744,legacy,2024
EDDK,563,467,464,466,departures,0.8241563055062167,0.827708703374778,legacy,2024
EDDH,559,528,524,530,arrivals,0.9373881932021467,0.9481216457960644,legacy,2024
EDDH,554,521,519,521,departures,0.9368231046931408,0.9404332129963899,legacy,2024
EDDK,552,459,456,466,arrivals,0.8260869565217391,0.8442028985507246,legacy,2024
LHBP,547,502,499,509,departures,0.9122486288848263,0.9305301645338209,legacy,2024
LHBP,546,485,480,488,arrivals,0.8791208791208791,0.8937728937728938,legacy,2024
LROP,527,450,447,452,departures,0.8481973434535104,0.857685009487666,legacy,2024
LROP,526,431,430,432,arrivals,0.8174904942965779,0.8212927756653993,legacy,2024
LEAL,525,485,484,485,arrivals,0.9219047619047619,0.9238095238095239,legacy,2024
LEAL,523,487,487,489,departures,0.9311663479923518,0.9349904397705545,legacy,2024
LIML,514,439,420,435,departures,0.8171206225680934,0.8463035019455253,legacy,2024
GCLP,510,4,0,0,arrivals,0.0,0.0,legacy,2024
GCLP,507,1,0,0,departures,0.0,0.0,legacy,2024
LPPR,503,440,436,437,arrivals,0.8667992047713717,0.8687872763419483,legacy,2024
LPPR,498,457,455,457,departures,0.9136546184738956,0.9176706827309237,legacy,2024
LIML,497,433,424,453,arrivals,0.8531187122736419,0.9114688128772636,legacy,2024
LIME,492,460,458,461,arrivals,0.9308943089430894,0.9369918699186992,legacy,2024
LIME,487,454,454,455,departures,0.9322381930184805,0.9342915811088296,legacy,2024
LLBG,483,265,250,252,departures,0.5175983436853002,0.5217391304347826,legacy,2024
LLBG,475,145,32,33,arrivals,0.06736842105263158,0.06947368421052631,legacy,2024
LFML,472,399,371,372,arrivals,0.7860169491525424,0.788135593220339,legacy,2024
LFML,467,393,389,389,departures,0.8329764453961456,0.8329764453961456,legacy,2024
LIRN,452,2,0,0,departures,0.0,0.0,legacy,2024
LEIB,451,392,380,387,arrivals,0.8425720620842572,0.8580931263858093,legacy,2024
LIRN,451,6,0,0,arrivals,0.0,0.0,legacy,2024
EGBB,446,387,386,391,departures,0.8654708520179372,0.8766816143497758,legacy,2024
EGBB,441,363,360,365,arrivals,0.8163265306122449,0.8276643990929705,legacy,2024
LEIB,436,371,367,376,departures,0.841743119266055,0.8623853211009175,legacy,2024
LIPZ,429,369,361,365,arrivals,0.8414918414918415,0.8508158508158508,legacy,2024
LFLL,424,25,15,15,arrivals,0.03537735849056604,0.03537735849056604,legacy,2024
LFLL,422,250,250,250,departures,0.5924170616113744,0.5924170616113744,legacy,2024
LIPZ,422,365,363,371,departures,0.8601895734597157,0.8791469194312796,legacy,2024
ENBR,417,351,349,359,departures,0.8369304556354916,0.8609112709832134,legacy,2024
ENBR,415,347,347,361,arrivals,0.8361445783132531,0.8698795180722891,legacy,2024
EDDS,414,362,361,376,arrivals,0.8719806763285024,0.9082125603864735,legacy,2024
EDDS,408,357,350,361,departures,0.8578431372549019,0.8848039215686274,legacy,2024
LIPE,390,364,359,364,departures,0.9205128205128205,0.9333333333333333,legacy,2024
LIPE,389,362,353,354,arrivals,0.9074550128534704,0.910025706940874,legacy,2024
LICC,387,2,0,0,departures,0.0,0.0,legacy,2024
LICC,384,2,0,0,arrivals,0.0,0.0,legacy,2024
LTAC,379,2,0,0,departures,0.0,0.0,legacy,2024
EGGD,376,341,341,343,arrivals,0.9069148936170213,0.9122340425531915,legacy,2024
EGGD,375,346,346,346,departures,0.9226666666666666,0.9226666666666666,legacy,2024
LYBE,373,318,317,319,departures,0.8498659517426274,0.8552278820375335,legacy,2024
LGIR,373,1,0,0,departures,0.0,0.0,legacy,2024
LGIR,373,6,0,0,arrivals,0.0,0.0,legacy,2024
EDDP,373,287,279,282,arrivals,0.7479892761394102,0.7560321715817694,legacy,2024
LTAC,368,10,0,0,arrivals,0.0,0.0,legacy,2024
LEVC,365,2,0,0,arrivals,0.0,0.0,legacy,2024
LYBE,364,304,297,300,arrivals,0.8159340659340659,0.8241758241758241,legacy,2024
LEVC,359,2,0,0,departures,0.0,0.0,legacy,2024
EDDP,358,280,278,281,departures,0.776536312849162,0.7849162011173184,legacy,2024
GMMN,354,1,0,0,departures,0.0,0.0,legacy,2024
LFBO,354,305,302,308,arrivals,0.8531073446327684,0.8700564971751412,legacy,2024
LPFR,353,325,322,330,arrivals,0.9121813031161473,0.9348441926345609,legacy,2024
LPFR,350,328,326,331,departures,0.9314285714285714,0.9457142857142857,legacy,2024
LFBO,350,308,306,309,departures,0.8742857142857143,0.8828571428571429,legacy,2024
GMMN,348,2,0,0,arrivals,0.0,0.0,legacy,2024
EGPF,340,270,269,270,arrivals,0.7911764705882353,0.7941176470588235,legacy,2024
LFSB,336,309,305,308,arrivals,0.9077380952380952,0.9166666666666666,legacy,2024
EGPF,334,1,0,0,departures,0.0,0.0,legacy,2024
LFSB,330,306,302,302,departures,0.9151515151515152,0.9151515151515152,legacy,2024
ELLX,328,292,287,293,arrivals,0.875,0.8932926829268293,legacy,2024
ELLX,327,296,292,296,departures,0.8929663608562691,0.9051987767584098,legacy,2024
GCXO,327,0,0,0,departures,0.0,0.0,legacy,2024
GCXO,327,1,0,0,arrivals,0.0,0.0,legacy,2024
EPKK,325,297,297,301,departures,0.9138461538461539,0.9261538461538461,legacy,2024
LATI,323,1,0,0,departures,0.0,0.0,legacy,2024
LTBJ,323,2,0,0,departures,0.0,0.0,legacy,2024
EPKK,322,297,297,301,arrivals,0.922360248447205,0.9347826086956522,legacy,2024
LTBJ,320,2,0,0,arrivals,0.0,0.0,legacy,2024
LATI,319,0,0,0,arrivals,0.0,0.0,legacy,2024
LICJ,312,19,16,16,arrivals,0.05128205128205128,0.05128205128205128,legacy,2024
LMML,311,278,275,280,departures,0.8842443729903537,0.9003215434083601,legacy,2024
LICJ,310,66,64,65,departures,0.2064516129032258,0.20967741935483872,legacy,2024
BIKF,308,275,274,275,departures,0.8896103896103896,0.8928571428571429,legacy,2024
LMML,308,270,269,278,arrivals,0.8733766233766234,0.9025974025974026,legacy,2024
BIKF,306,96,94,94,arrivals,0.30718954248366015,0.30718954248366015,legacy,2024
LCLK,302,175,141,141,departures,0.46688741721854304,0.46688741721854304,legacy,2024
EBCI,298,282,282,283,departures,0.9463087248322147,0.9496644295302014,legacy,2024
EBCI,298,280,280,281,arrivals,0.9395973154362416,0.9429530201342282,legacy,2024
LCLK,298,199,174,180,arrivals,0.5838926174496645,0.6040268456375839,legacy,2024
ENZV,297,61,61,61,arrivals,0.2053872053872054,0.2053872053872054,legacy,2024
ENZV,295,42,42,42,departures,0.1423728813559322,0.1423728813559322,legacy,2024
GCTS,295,1,0,0,departures,0.0,0.0,legacy,2024
GCTS,294,1,0,0,arrivals,0.0,0.0,legacy,2024
LGRP,291,274,274,276,arrivals,0.9415807560137457,0.9484536082474226,legacy,2024
EGNX,288,238,235,238,departures,0.8159722222222222,0.8263888888888888,legacy,2024
EGNX,287,226,218,226,arrivals,0.759581881533101,0.7874564459930313,legacy,2024
LGRP,284,266,265,265,departures,0.9330985915492958,0.9330985915492958,legacy,2024
EVRA,282,255,255,259,departures,0.9042553191489362,0.9184397163120568,legacy,2024
EVRA,278,246,244,245,arrivals,0.8776978417266187,0.8812949640287769,legacy,2024
LBSF,277,217,215,215,departures,0.776173285198556,0.776173285198556,legacy,2024
LBSF,275,243,240,242,arrivals,0.8727272727272727,0.88,legacy,2024
LFBD,274,246,246,250,arrivals,0.8978102189781022,0.9124087591240876,legacy,2024
EGLC,273,242,237,238,departures,0.8681318681318682,0.8717948717948718,legacy,2024
LEZL,273,250,248,248,arrivals,0.9084249084249084,0.9084249084249084,legacy,2024
LEZL,271,245,245,245,departures,0.9040590405904059,0.9040590405904059,legacy,2024
LFBD,271,244,243,244,departures,0.8966789667896679,0.9003690036900369,legacy,2024
GMMX,268,5,0,0,arrivals,0.0,0.0,legacy,2024
ENVA,266,7,4,4,departures,0.015037593984962405,0.015037593984962405,legacy,2024
ENVA,266,10,3,3,arrivals,0.011278195488721804,0.011278195488721804,legacy,2024
EGLC,266,238,238,244,arrivals,0.8947368421052632,0.9172932330827067,legacy,2024
EGAA,265,199,198,199,departures,0.7471698113207547,0.7509433962264151,legacy,2024
LGTS,265,230,230,235,arrivals,0.8679245283018868,0.8867924528301887,legacy,2024
LFRS,264,74,72,72,departures,0.2727272727272727,0.2727272727272727,legacy,2024
LFRS,264,101,100,101,arrivals,0.3787878787878788,0.38257575757575757,legacy,2024
EGAA,263,222,166,168,arrivals,0.6311787072243346,0.6387832699619772,legacy,2024
GMMX,261,2,0,0,departures,0.0,0.0,legacy,2024
LGTS,258,147,147,147,departures,0.5697674418604651,0.5697674418604651,legacy,2024
GCRR,258,2,0,0,arrivals,0.0,0.0,legacy,2024
GCRR,257,1,0,0,departures,0.0,0.0,legacy,2024
LFPB,245,200,164,209,arrivals,0.6693877551020408,0.8530612244897959,legacy,2024
LIBD,244,3,0,0,arrivals,0.0,0.0,legacy,2024
LTBS,243,3,0,0,arrivals,0.0,0.0,legacy,2024
LIBD,242,4,0,0,departures,0.0,0.0,legacy,2024
LFPB,239,170,151,179,departures,0.6317991631799164,0.7489539748953975,legacy,2024
EPGD,238,0,0,0,departures,0.0,0.0,legacy,2024
EPGD,238,1,0,0,arrivals,0.0,0.0,legacy,2024
LEBB,234,2,0,0,departures,0.0,0.0,legacy,2024
LTBS,233,3,0,0,departures,0.0,0.0,legacy,2024
ESGG,232,219,219,221,departures,0.9439655172413793,0.9525862068965517,legacy,2024
ESGG,232,214,213,214,arrivals,0.9181034482758621,0.9224137931034483,legacy,2024
LEBB,231,4,3,3,arrivals,0.012987012987012988,0.012987012987012988,legacy,2024
EDDV,227,214,210,211,departures,0.9251101321585903,0.9295154185022027,legacy,2024
EPKT,227,195,194,194,departures,0.8546255506607929,0.8546255506607929,legacy,2024
EDDV,226,204,200,206,arrivals,0.8849557522123894,0.911504424778761,legacy,2024
EPKT,226,197,195,195,arrivals,0.8628318584070797,0.8628318584070797,legacy,2024
HECA,221,2,0,0,arrivals,0.0,0.0,legacy,2024
LTFE,217,110,102,107,arrivals,0.4700460829493088,0.4930875576036866,legacy,2024
HECA,216,0,0,0,departures,0.0,0.0,legacy,2024
LGKR,216,3,0,0,arrivals,0.0,0.0,legacy,2024
LGKR,214,3,0,0,departures,0.0,0.0,legacy,2024
LIRP,214,85,72,73,arrivals,0.3364485981308411,0.3411214953271028,legacy,2024
LEMH,211,117,116,116,departures,0.5497630331753555,0.5497630331753555,legacy,2024
LIRP,211,15,7,7,departures,0.03317535545023697,0.03317535545023697,legacy,2024
LEMH,211,135,134,134,arrivals,0.6350710900473934,0.6350710900473934,legacy,2024
LIEO,211,15,0,0,arrivals,0.0,0.0,legacy,2024
LDZA,210,14,12,12,departures,0.05714285714285714,0.05714285714285714,legacy,2024
UGTB,208,123,120,124,arrivals,0.5769230769230769,0.5961538461538461,legacy,2024
UUEE,207,1,1,1,departures,0.004830917874396135,0.004830917874396135,legacy,2024
LTFE,206,15,7,7,departures,0.03398058252427184,0.03398058252427184,legacy,2024
LDZA,204,55,50,51,arrivals,0.24509803921568626,0.25,legacy,2024
LIEO,203,8,0,0,departures,0.0,0.0,legacy,2024
UUEE,202,7,7,7,arrivals,0.034653465346534656,0.034653465346534656,legacy,2024
UGTB,198,161,161,163,departures,0.8131313131313131,0.8232323232323232,legacy,2024
EYVI,197,183,183,184,departures,0.9289340101522843,0.934010152284264,legacy,2024
EYVI,197,178,178,178,arrivals,0.9035532994923858,0.9035532994923858,legacy,2024
HEGN,194,1,0,0,departures,0.0,0.0,legacy,2024
EKBI,194,172,170,173,departures,0.8762886597938144,0.8917525773195877,legacy,2024
HEGN,194,2,0,0,arrivals,0.0,0.0,legacy,2024
EKBI,194,175,172,173,arrivals,0.8865979381443299,0.8917525773195877,legacy,2024
DTTA,193,2,0,0,departures,0.0,0.0,legacy,2024
EHEH,193,175,175,177,departures,0.9067357512953368,0.917098445595855,legacy,2024
DTTA,192,0,0,0,arrivals,0.0,0.0,legacy,2024
UUWW,192,5,5,5,arrivals,0.026041666666666668,0.026041666666666668,legacy,2024
EGNT,190,168,168,168,departures,0.8842105263157894,0.8842105263157894,legacy,2024
EGNT,190,160,160,160,arrivals,0.8421052631578947,0.8421052631578947,legacy,2024
EGGP,188,165,164,168,arrivals,0.8723404255319149,0.8936170212765957,legacy,2024
EHEH,188,169,168,171,arrivals,0.8936170212765957,0.9095744680851063,legacy,2024
EGGP,187,164,163,164,departures,0.8716577540106952,0.8770053475935828,legacy,2024
LIRQ,185,7,0,0,departures,0.0,0.0,legacy,2024
UUWW,185,5,3,3,departures,0.016216216216216217,0.016216216216216217,legacy,2024
EGPD,184,114,114,114,arrivals,0.6195652173913043,0.6195652173913043,legacy,2024
LIRQ,184,11,0,0,arrivals,0.0,0.0,legacy,2024
EETN,183,157,157,157,departures,0.8579234972677595,0.8579234972677595,legacy,2024
EGPD,182,112,111,111,departures,0.6098901098901099,0.6098901098901099,legacy,2024
EETN,181,151,151,153,arrivals,0.8342541436464088,0.8453038674033149,legacy,2024
DAAG,178,4,1,1,departures,0.0056179775280898875,0.0056179775280898875,legacy,2024
DAAG,178,31,30,30,arrivals,0.16853932584269662,0.16853932584269662,legacy,2024
EGNM,177,156,156,158,arrivals,0.8813559322033898,0.8926553672316384,legacy,2024
EGNM,175,162,162,164,departures,0.9257142857142857,0.9371428571428572,legacy,2024
EDDN,173,160,158,163,departures,0.9132947976878613,0.9421965317919075,legacy,2024
EPWR,173,39,38,38,departures,0.21965317919075145,0.21965317919075145,legacy,2024
GCFV,172,0,0,0,departures,0.0,0.0,legacy,2024
ENBO,172,151,150,187,departures,0.872093023255814,1.0872093023255813,legacy,2024
GCFV,172,1,0,0,arrivals,0.0,0.0,legacy,2024
LGSA,170,39,38,39,departures,0.2235294117647059,0.22941176470588234,legacy,2024
LDSP,170,7,0,0,arrivals,0.0,0.0,legacy,2024
LGSA,170,67,65,65,arrivals,0.38235294117647056,0.38235294117647056,legacy,2024
EDDN,169,153,149,162,arrivals,0.8816568047337278,0.9585798816568047,legacy,2024
ENBO,168,151,151,188,arrivals,0.8988095238095238,1.119047619047619,legacy,2024
EPWR,168,151,149,149,arrivals,0.8869047619047619,0.8869047619047619,legacy,2024
UDYZ,167,0,0,0,arrivals,0.0,0.0,legacy,2024
LDSP,166,2,0,0,departures,0.0,0.0,legacy,2024
OLBA,166,0,0,39,departures,0.0,0.23493975903614459,legacy,2024
UDYZ,166,0,0,0,departures,0.0,0.0,legacy,2024
LIEE,165,1,0,0,arrivals,0.0,0.0,legacy,2024
ENTC,165,10,0,0,arrivals,0.0,0.0,legacy,2024
OLBA,164,2,2,135,arrivals,0.012195121951219513,0.823170731707317,legacy,2024
LIEE,163,1,0,0,departures,0.0,0.0,legacy,2024
ENTC,161,7,0,0,departures,0.0,0.0,legacy,2024
LUKK,160,1,0,0,departures,0.0,0.0,legacy,2024
LGKO,160,153,153,158,arrivals,0.95625,0.9875,legacy,2024
LUKK,159,0,0,0,arrivals,0.0,0.0,legacy,2024
LIRA,157,140,134,151,departures,0.8535031847133758,0.9617834394904459,legacy,2024
LGKO,154,149,149,153,departures,0.9675324675324676,0.9935064935064936,legacy,2024
LIRA,149,133,117,131,arrivals,0.785234899328859,0.8791946308724832,legacy,2024
LIMF,149,130,129,130,arrivals,0.8657718120805369,0.87248322147651,legacy,2024
LGSR,148,6,0,0,arrivals,0.0,0.0,legacy,2024
LIMF,146,126,126,129,departures,0.863013698630137,0.8835616438356164,legacy,2024
EPPO,145,135,135,136,departures,0.9310344827586207,0.9379310344827586,legacy,2024
LGSR,145,1,0,0,departures,0.0,0.0,legacy,2024
EPPO,145,136,135,135,arrivals,0.9310344827586207,0.9310344827586207,legacy,2024
UMKK,144,9,9,9,departures,0.0625,0.0625,legacy,2024
UMKK,144,8,8,8,arrivals,0.05555555555555555,0.05555555555555555,legacy,2024
LDDU,141,0,0,0,departures,0.0,0.0,legacy,2024
LIPX,141,53,49,49,departures,0.3475177304964539,0.3475177304964539,legacy,2024
LDDU,140,2,0,0,arrivals,0.0,0.0,legacy,2024
LIPX,139,116,111,115,arrivals,0.7985611510791367,0.8273381294964028,legacy,2024
EGAC,139,117,117,171,arrivals,0.841726618705036,1.2302158273381294,legacy,2024
EGAC,136,116,116,116,departures,0.8529411764705882,0.8529411764705882,legacy,2024
LPPD,135,68,67,68,arrivals,0.4962962962962963,0.5037037037037037,legacy,2024
EBLG,134,106,105,109,departures,0.7835820895522388,0.8134328358208955,legacy,2024
LPPD,133,115,115,115,departures,0.8646616541353384,0.8646616541353384,legacy,2024
LTAF,131,0,0,0,arrivals,0.0,0.0,legacy,2024
LTAF,129,2,0,0,departures,0.0,0.0,legacy,2024
LPMA,127,111,111,112,departures,0.8740157480314961,0.8818897637795275,legacy,2024
LPMA,127,22,22,25,arrivals,0.1732283464566929,0.1968503937007874,legacy,2024
ULLI,126,3,1,1,departures,0.007936507936507936,0.007936507936507936,legacy,2024
ULLI,126,0,0,0,arrivals,0.0,0.0,legacy,2024
LFOB,125,101,101,103,departures,0.808,0.824,legacy,2024
LFOB,124,119,76,76,arrivals,0.6129032258064516,0.6129032258064516,legacy,2024
ESSB,123,99,99,102,departures,0.8048780487804879,0.8292682926829268,legacy,2024
ESSB,120,102,101,110,arrivals,0.8416666666666667,0.9166666666666666,legacy,2024
LGZA,120,2,0,0,arrivals,0.0,0.0,legacy,2024
LGZA,119,1,0,0,departures,0.0,0.0,legacy,2024
LCPH,118,89,87,88,arrivals,0.7372881355932204,0.7457627118644068,legacy,2024
LCPH,116,0,0,0,departures,0.0,0.0,legacy,2024
EBLG,116,77,75,79,arrivals,0.646551724137931,0.6810344827586207,legacy,2024
LTCG,115,61,60,61,arrivals,0.5217391304347826,0.5304347826086957,legacy,2024
LEST,115,4,1,1,arrivals,0.008695652173913044,0.008695652173913044,legacy,2024
LEST,114,3,3,3,departures,0.02631578947368421,0.02631578947368421,legacy,2024
LTCG,112,36,36,37,departures,0.32142857142857145,0.33035714285714285,legacy,2024
EGLF,112,93,72,87,arrivals,0.6428571428571429,0.7767857142857143,legacy,2024
LRCL,111,0,0,0,arrivals,0.0,0.0,legacy,2024
LRCL,110,1,0,0,departures,0.0,0.0,legacy,2024
LGMK,110,21,19,19,departures,0.17272727272727273,0.17272727272727273,legacy,2024
LGMK,109,24,17,17,arrivals,0.1559633027522936,0.1559633027522936,legacy,2024
EICK,109,93,92,93,arrivals,0.8440366972477065,0.8532110091743119,legacy,2024
EICK,108,95,95,95,departures,0.8796296296296297,0.8796296296296297,legacy,2024
LIBR,108,0,0,0,departures,0.0,0.0,legacy,2024
EGJJ,106,83,81,85,departures,0.7641509433962265,0.8018867924528302,legacy,2024
LWSK,106,1,0,0,departures,0.0,0.0,legacy,2024
LIBR,106,0,0,0,arrivals,0.0,0.0,legacy,2024
EGLF,104,87,75,92,departures,0.7211538461538461,0.8846153846153846,legacy,2024
LWSK,103,90,90,90,arrivals,0.8737864077669902,0.8737864077669902,legacy,2024
BKPR,102,0,0,0,arrivals,0.0,0.0,legacy,2024
LZIB,102,88,85,93,arrivals,0.8333333333333334,0.9117647058823529,legacy,2024
BKPR,101,0,0,0,departures,0.0,0.0,legacy,2024
OKKK,101,88,88,90,departures,0.8712871287128713,0.8910891089108911,legacy,2024
EGJJ,101,88,83,86,arrivals,0.8217821782178217,0.8514851485148515,legacy,2024
LZIB,99,80,78,78,departures,0.7878787878787878,0.7878787878787878,legacy,2024
OJAI,98,1,0,0,arrivals,0.0,0.0,legacy,2024
GMAD,98,2,0,0,arrivals,0.0,0.0,legacy,2024
LJLJ,98,82,80,81,arrivals,0.8163265306122449,0.826530612244898,legacy,2024
LDZD,96,44,38,39,arrivals,0.3958333333333333,0.40625,legacy,2024
OJAI,95,0,0,0,departures,0.0,0.0,legacy,2024
LJLJ,95,77,75,75,departures,0.7894736842105263,0.7894736842105263,legacy,2024
HESH,95,0,0,0,arrivals,0.0,0.0,legacy,2024
LDZD,94,2,0,0,departures,0.0,0.0,legacy,2024
GMAD,93,0,0,0,departures,0.0,0.0,legacy,2024
EDJA,93,81,80,80,departures,0.8602150537634409,0.8602150537634409,legacy,2024
HESH,93,0,0,0,departures,0.0,0.0,legacy,2024
EHRD,92,89,89,91,departures,0.967391304347826,0.9891304347826086,legacy,2024
UUDD,90,7,7,7,departures,0.07777777777777778,0.07777777777777778,legacy,2024
EDJA,90,80,80,80,arrivals,0.8888888888888888,0.8888888888888888,legacy,2024
LICA,89,0,0,0,departures,0.0,0.0,legacy,2024
GCLA,89,0,0,0,departures,0.0,0.0,legacy,2024
LICA,89,2,0,0,arrivals,0.0,0.0,legacy,2024
GCLA,89,0,0,0,arrivals,0.0,0.0,legacy,2024
OKKK,89,29,29,30,arrivals,0.3258426966292135,0.33707865168539325,legacy,2024
EHRD,88,86,86,87,arrivals,0.9772727272727273,0.9886363636363636,legacy,2024
EDDW,87,77,75,79,departures,0.8620689655172413,0.9080459770114943,legacy,2024
EDLW,86,75,75,77,departures,0.872093023255814,0.8953488372093024,legacy,2024
EDDW,86,73,73,79,arrivals,0.8488372093023255,0.9186046511627907,legacy,2024
LEGE,86,47,46,46,arrivals,0.5348837209302325,0.5348837209302325,legacy,2024
EDLW,86,73,73,75,arrivals,0.8488372093023255,0.872093023255814,legacy,2024
LOWS,86,66,62,70,arrivals,0.7209302325581395,0.813953488372093,legacy,2024
LIPH,85,78,77,78,departures,0.9058823529411765,0.9176470588235294,legacy,2024
EINN,85,53,52,52,departures,0.611764705882353,0.611764705882353,legacy,2024
LOWS,85,61,57,58,departures,0.6705882352941176,0.6823529411764706,legacy,2024
LIPH,85,80,79,79,arrivals,0.9294117647058824,0.9294117647058824,legacy,2024
EINN,84,65,64,64,arrivals,0.7619047619047619,0.7619047619047619,legacy,2024
LEGE,83,68,68,68,departures,0.8192771084337349,0.8192771084337349,legacy,2024
UUDD,83,0,0,0,arrivals,0.0,0.0,legacy,2024
GMTT,82,66,66,69,arrivals,0.8048780487804879,0.8414634146341463,legacy,2024
ENTO,82,77,76,78,arrivals,0.926829268292683,0.9512195121951219,legacy,2024
GMTT,81,67,67,68,departures,0.8271604938271605,0.8395061728395061,legacy,2024
ENTO,80,25,24,24,departures,0.3,0.3,legacy,2024
EGHI,80,47,45,49,arrivals,0.5625,0.6125,legacy,2024
EGNS,79,58,56,59,arrivals,0.7088607594936709,0.7468354430379747,legacy,2024
EDSB,79,63,63,67,arrivals,0.7974683544303798,0.8481012658227848,legacy,2024
EGJB,79,52,47,48,arrivals,0.5949367088607594,0.6075949367088608,legacy,2024
EGNS,78,56,53,54,departures,0.6794871794871795,0.6923076923076923,legacy,2024
EPMO,78,76,75,75,departures,0.9615384615384616,0.9615384615384616,legacy,2024
LQSA,77,1,0,0,departures,0.0,0.0,legacy,2024
LBBG,77,41,41,41,arrivals,0.5324675324675324,0.5324675324675324,legacy,2024
LQSA,77,0,0,0,arrivals,0.0,0.0,legacy,2024
EGHI,76,44,44,47,departures,0.5789473684210527,0.618421052631579,legacy,2024
EKYT,76,67,67,67,departures,0.881578947368421,0.881578947368421,legacy,2024
EPMO,76,73,73,73,arrivals,0.9605263157894737,0.9605263157894737,legacy,2024
EGJB,75,41,39,39,departures,0.52,0.52,legacy,2024
EGKB,75,60,53,65,departures,0.7066666666666667,0.8666666666666667,legacy,2024
URSS,75,0,0,0,arrivals,0.0,0.0,legacy,2024
EKYT,75,63,63,64,arrivals,0.84,0.8533333333333334,legacy,2024
EDSB,74,61,61,62,departures,0.8243243243243243,0.8378378378378378,legacy,2024
DTTJ,74,1,0,0,arrivals,0.0,0.0,legacy,2024
DTTJ,73,0,0,0,departures,0.0,0.0,legacy,2024
EDDG,73,63,62,62,departures,0.8493150684931506,0.8493150684931506,legacy,2024
LBBG,72,10,10,10,departures,0.1388888888888889,0.1388888888888889,legacy,2024
EDDG,72,63,63,66,arrivals,0.875,0.9166666666666666,legacy,2024
LTAJ,71,1,0,0,departures,0.0,0.0,legacy,2024
DTMB,71,1,0,0,departures,0.0,0.0,legacy,2024
LTAJ,69,1,0,0,arrivals,0.0,0.0,legacy,2024
URSS,68,0,0,0,departures,0.0,0.0,legacy,2024
LFMT,68,39,39,39,departures,0.5735294117647058,0.5735294117647058,legacy,2024
EDLV,68,63,61,68,departures,0.8970588235294118,1.0,legacy,2024
LFMT,68,41,41,41,arrivals,0.6029411764705882,0.6029411764705882,legacy,2024
LTAU,67,2,0,0,departures,0.0,0.0,legacy,2024
LFKJ,67,45,45,45,departures,0.6716417910447762,0.6716417910447762,legacy,2024
LRIA,67,1,0,0,departures,0.0,0.0,legacy,2024
LTAU,67,0,0,0,arrivals,0.0,0.0,legacy,2024
EGPE,67,44,43,46,arrivals,0.6417910447761194,0.6865671641791045,legacy,2024
DTMB,67,1,0,0,arrivals,0.0,0.0,legacy,2024
EDLV,67,63,61,63,arrivals,0.9104477611940298,0.9402985074626866,legacy,2024
LFQQ,66,61,59,59,departures,0.8939393939393939,0.8939393939393939,legacy,2024
LIEA,66,62,62,63,arrivals,0.9393939393939394,0.9545454545454546,legacy,2024
LRTR,66,1,0,0,arrivals,0.0,0.0,legacy,2024
LRIA,66,0,0,0,arrivals,0.0,0.0,legacy,2024
LFQQ,66,60,54,54,arrivals,0.8181818181818182,0.8181818181818182,legacy,2024
LEAS,65,0,0,0,departures,0.0,0.0,legacy,2024
LYPG,65,1,0,0,departures,0.0,0.0,legacy,2024
LIEA,65,59,59,59,departures,0.9076923076923077,0.9076923076923077,legacy,2024
LRTR,65,1,0,0,departures,0.0,0.0,legacy,2024
EDFH,65,54,54,56,arrivals,0.8307692307692308,0.8615384615384616,legacy,2024
LEAS,65,0,0,0,arrivals,0.0,0.0,legacy,2024
LYPG,65,1,0,0,arrivals,0.0,0.0,legacy,2024
LFKJ,65,50,50,51,arrivals,0.7692307692307693,0.7846153846153846,legacy,2024
EGPE,64,37,36,37,departures,0.5625,0.578125,legacy,2024
EGKB,64,51,45,63,arrivals,0.703125,0.984375,legacy,2024
EPRZ,62,58,58,58,departures,0.9354838709677419,0.9354838709677419,legacy,2024
LYTV,62,4,0,0,arrivals,0.0,0.0,legacy,2024
LYTV,61,1,0,0,departures,0.0,0.0,legacy,2024
ENAL,61,1,0,0,arrivals,0.0,0.0,legacy,2024
EGPB,60,0,0,0,departures,0.0,0.0,legacy,2024
ENAL,60,0,0,0,departures,0.0,0.0,legacy,2024
EDFH,60,5,5,5,departures,0.08333333333333333,0.08333333333333333,legacy,2024
LFKB,60,5,4,4,arrivals,0.06666666666666667,0.06666666666666667,legacy,2024
LFKB,59,1,1,1,departures,0.01694915254237288,0.01694915254237288,legacy,2024
LFST,59,46,46,48,departures,0.7796610169491526,0.8135593220338984,legacy,2024
EGPB,59,1,0,0,arrivals,0.0,0.0,legacy,2024
LBWN,59,1,1,1,arrivals,0.01694915254237288,0.01694915254237288,legacy,2024
GMFF,58,0,0,0,departures,0.0,0.0,legacy,2024
LBWN,57,2,0,0,departures,0.0,0.0,legacy,2024
DTNH,57,0,0,0,arrivals,0.0,0.0,legacy,2024
LFST,57,48,46,48,arrivals,0.8070175438596491,0.8421052631578947,legacy,2024
LOWG,57,50,49,52,arrivals,0.8596491228070176,0.9122807017543859,legacy,2024
EHKD,56,8,8,9,departures,0.14285714285714285,0.16071428571428573,legacy,2024
GMME,56,1,0,0,arrivals,0.0,0.0,legacy,2024
GMFF,56,1,0,0,arrivals,0.0,0.0,legacy,2024
DTNH,55,0,0,0,departures,0.0,0.0,legacy,2024
GMME,55,0,0,0,departures,0.0,0.0,legacy,2024
EPRZ,55,53,53,54,arrivals,0.9636363636363636,0.9818181818181818,legacy,2024
LEVT,54,0,0,0,departures,0.0,0.0,legacy,2024
LTBA,54,39,36,843,arrivals,0.6666666666666666,15.61111111111111,legacy,2024
ESMS,53,39,39,41,departures,0.7358490566037735,0.7735849056603774,legacy,2024
LIMJ,53,27,26,26,departures,0.49056603773584906,0.49056603773584906,legacy,2024
LOWG,53,49,49,49,departures,0.9245283018867925,0.9245283018867925,legacy,2024
LGKF,53,0,0,0,departures,0.0,0.0,legacy,2024
LFRB,53,35,34,34,departures,0.6415094339622641,0.6415094339622641,legacy,2024
EHKD,53,7,7,8,arrivals,0.1320754716981132,0.1509433962264151,legacy,2024
LFMD,53,36,27,43,arrivals,0.5094339622641509,0.8113207547169812,legacy,2024
LKTB,52,47,46,52,departures,0.8846153846153846,1.0,legacy,2024
LKMT,52,25,22,22,departures,0.4230769230769231,0.4230769230769231,legacy,2024
LEVT,52,1,0,0,arrivals,0.0,0.0,legacy,2024
ESMS,52,40,39,41,arrivals,0.75,0.7884615384615384,legacy,2024
LIMJ,52,51,51,52,arrivals,0.9807692307692307,1.0,legacy,2024
LGKF,52,2,0,0,arrivals,0.0,0.0,legacy,2024
LFRB,52,34,24,25,arrivals,0.46153846153846156,0.4807692307692308,legacy,2024
LFBZ,51,44,43,44,arrivals,0.8431372549019608,0.8627450980392157,legacy,2024
LKMT,51,44,42,44,arrivals,0.8235294117647058,0.8627450980392157,legacy,2024
LFBZ,50,2,0,0,departures,0.0,0.0,legacy,2024
EDDC,50,43,42,44,arrivals,0.84,0.88,legacy,2024
EDDC,49,40,38,39,departures,0.7755102040816326,0.7959183673469388,legacy,2024
EGHH,49,44,44,46,departures,0.8979591836734694,0.9387755102040817,legacy,2024
LKTB,49,47,46,47,arrivals,0.9387755102040817,0.9591836734693877,legacy,2024
LGPA,49,2,0,0,arrivals,0.0,0.0,legacy,2024
LTBA,48,26,22,31,departures,0.4583333333333333,0.6458333333333334,legacy,2024
ENKB,48,0,0,0,departures,0.0,0.0,legacy,2024
LGPA,48,1,0,0,departures,0.0,0.0,legacy,2024
EGHH,48,42,41,43,arrivals,0.8541666666666666,0.8958333333333334,legacy,2024
ENCN,48,40,39,39,arrivals,0.8125,0.8125,legacy,2024
LERS,47,0,0,0,departures,0.0,0.0,legacy,2024
EYKA,47,42,42,42,departures,0.8936170212765957,0.8936170212765957,legacy,2024
ENCN,47,9,9,9,departures,0.19148936170212766,0.19148936170212766,legacy,2024
LERS,47,30,30,30,arrivals,0.6382978723404256,0.6382978723404256,legacy,2024
LTCC,46,0,0,0,arrivals,0.0,0.0,legacy,2024
LIPQ,46,41,41,43,arrivals,0.8913043478260869,0.9347826086956522,legacy,2024
EYKA,46,40,40,40,arrivals,0.8695652173913043,0.8695652173913043,legacy,2024
GEML,45,5,5,5,departures,0.1111111111111111,0.1111111111111111,legacy,2024
DAOO,45,12,7,7,arrivals,0.15555555555555556,0.15555555555555556,legacy,2024
GEML,45,8,8,8,arrivals,0.17777777777777778,0.17777777777777778,legacy,2024
ENKB,45,0,0,0,arrivals,0.0,0.0,legacy,2024
DAOO,44,11,10,10,departures,0.22727272727272727,0.22727272727272727,legacy,2024
ENFL,44,3,0,0,departures,0.0,0.0,legacy,2024
LIPQ,44,41,41,42,departures,0.9318181818181818,0.9545454545454546,legacy,2024
UWKD,43,0,0,0,departures,0.0,0.0,legacy,2024
EGFF,43,39,38,38,departures,0.8837209302325582,0.8837209302325582,legacy,2024
ENFL,43,2,0,0,arrivals,0.0,0.0,legacy,2024
EGFF,43,38,38,40,arrivals,0.8837209302325582,0.9302325581395349,legacy,2024
LTCI,42,0,0,0,departures,0.0,0.0,legacy,2024
LEJR,42,1,1,1,arrivals,0.023809523809523808,0.023809523809523808,legacy,2024
EDLP,42,33,31,31,arrivals,0.7380952380952381,0.7380952380952381,legacy,2024
LFKF,42,13,11,12,arrivals,0.2619047619047619,0.2857142857142857,legacy,2024
LTCC,41,0,0,0,departures,0.0,0.0,legacy,2024
EDLP,41,20,20,20,departures,0.4878048780487805,0.4878048780487805,legacy,2024
LFKF,41,1,1,1,departures,0.024390243902439025,0.024390243902439025,legacy,2024
LTCI,41,0,0,0,arrivals,0.0,0.0,legacy,2024
ENEV,41,0,0,0,arrivals,0.0,0.0,legacy,2024
LIPY,41,7,6,6,arrivals,0.14634146341463414,0.14634146341463414,legacy,2024
LEJR,40,1,0,0,departures,0.0,0.0,legacy,2024
LEXJ,40,0,0,0,departures,0.0,0.0,legacy,2024
ENEV,40,1,0,0,departures,0.0,0.0,legacy,2024
ESPA,40,1,0,0,departures,0.0,0.0,legacy,2024
LFRN,40,25,24,26,departures,0.6,0.65,legacy,2024
LIPY,40,3,1,1,departures,0.025,0.025,legacy,2024
LECO,40,38,38,39,departures,0.95,0.975,legacy,2024
LICT,40,2,2,2,arrivals,0.05,0.05,legacy,2024
LFMD,39,27,21,28,departures,0.5384615384615384,0.717948717948718,legacy,2024
LFTH,39,6,2,2,departures,0.05128205128205128,0.05128205128205128,legacy,2024
LEGR,39,0,0,0,departures,0.0,0.0,legacy,2024
LICT,39,0,0,0,departures,0.0,0.0,legacy,2024
ESNU,39,0,0,0,departures,0.0,0.0,legacy,2024
LEXJ,39,0,0,0,arrivals,0.0,0.0,legacy,2024
ESNU,39,0,0,0,arrivals,0.0,0.0,legacy,2024
LEAM,39,31,30,30,arrivals,0.7692307692307693,0.7692307692307693,legacy,2024
ESPA,39,1,0,0,arrivals,0.0,0.0,legacy,2024
LFRN,39,34,32,33,arrivals,0.8205128205128205,0.8461538461538461,legacy,2024
LTFH,38,7,7,7,departures,0.18421052631578946,0.18421052631578946,legacy,2024
UMMS,38,28,28,28,departures,0.7368421052631579,0.7368421052631579,legacy,2024
LGMT,38,16,16,16,departures,0.42105263157894735,0.42105263157894735,legacy,2024
LEAM,38,31,31,31,departures,0.8157894736842105,0.8157894736842105,legacy,2024
BIRK,38,26,26,26,departures,0.6842105263157895,0.6842105263157895,legacy,2024
LTFH,38,10,10,10,arrivals,0.2631578947368421,0.2631578947368421,legacy,2024
LEGR,38,0,0,0,arrivals,0.0,0.0,legacy,2024
LGMT,38,31,31,32,arrivals,0.8157894736842105,0.8421052631578947,legacy,2024
LECO,38,35,35,38,arrivals,0.9210526315789473,1.0,legacy,2024
LIRZ,37,3,0,0,departures,0.0,0.0,legacy,2024
URMM,37,29,29,30,departures,0.7837837837837838,0.8108108108108109,legacy,2024
ENHD,37,0,0,1,departures,0.0,0.02702702702702703,legacy,2024
UWKD,37,0,0,0,arrivals,0.0,0.0,legacy,2024
LFTH,37,12,7,8,arrivals,0.1891891891891892,0.21621621621621623,legacy,2024
UMMS,37,1,1,1,arrivals,0.02702702702702703,0.02702702702702703,legacy,2024
LIRZ,37,2,0,0,arrivals,0.0,0.0,legacy,2024
EKAH,37,26,25,25,arrivals,0.6756756756756757,0.6756756756756757,legacy,2024
LEMI,36,30,30,30,departures,0.8333333333333334,0.8333333333333334,legacy,2024
EBAW,36,30,28,29,departures,0.7777777777777778,0.8055555555555556,legacy,2024
EKAH,36,11,11,13,departures,0.3055555555555556,0.3611111111111111,legacy,2024
LEMI,36,34,33,33,arrivals,0.9166666666666666,0.9166666666666666,legacy,2024
LOWL,35,11,8,9,departures,0.22857142857142856,0.2571428571428571,legacy,2024
ORER,35,0,0,0,departures,0.0,0.0,legacy,2024
EGHQ,35,25,25,25,departures,0.7142857142857143,0.7142857142857143,legacy,2024
URMM,35,21,20,20,arrivals,0.5714285714285714,0.5714285714285714,legacy,2024
ENHD,35,6,6,6,arrivals,0.17142857142857143,0.17142857142857143,legacy,2024
UGKO,34,30,30,30,departures,0.8823529411764706,0.8823529411764706,legacy,2024
LEZG,34,30,30,31,departures,0.8823529411764706,0.9117647058823529,legacy,2024
EGTE,34,24,23,24,departures,0.6764705882352942,0.7058823529411765,legacy,2024
LDPL,34,33,33,42,arrivals,0.9705882352941176,1.2352941176470589,legacy,2024
ORER,34,0,0,0,arrivals,0.0,0.0,legacy,2024
LEVX,33,16,16,16,departures,0.48484848484848486,0.48484848484848486,legacy,2024
LGPZ,33,0,0,0,departures,0.0,0.0,legacy,2024
EDMO,33,24,19,21,departures,0.5757575757575758,0.6363636363636364,legacy,2024
LZKZ,33,20,20,20,departures,0.6060606060606061,0.6060606060606061,legacy,2024
UGSB,33,17,17,17,arrivals,0.5151515151515151,0.5151515151515151,legacy,2024
LEVX,33,1,1,1,arrivals,0.030303030303030304,0.030303030303030304,legacy,2024
ESSV,33,6,6,6,arrivals,0.18181818181818182,0.18181818181818182,legacy,2024
UGKO,33,14,14,15,arrivals,0.42424242424242425,0.45454545454545453,legacy,2024
LGPZ,33,3,0,0,arrivals,0.0,0.0,legacy,2024
BIRK,33,22,22,24,arrivals,0.6666666666666666,0.7272727272727273,legacy,2024
LZKZ,33,15,15,15,arrivals,0.45454545454545453,0.45454545454545453,legacy,2024
UGSB,32,24,24,24,departures,0.75,0.75,legacy,2024
ESSV,32,12,12,12,departures,0.375,0.375,legacy,2024
ENAT,32,0,0,0,departures,0.0,0.0,legacy,2024
GMMW,32,4,4,4,departures,0.125,0.125,legacy,2024
LTFG,32,28,28,28,arrivals,0.875,0.875,legacy,2024
EGTE,32,24,24,24,arrivals,0.75,0.75,legacy,2024
GMMW,32,1,1,1,arrivals,0.03125,0.03125,legacy,2024
LGSK,31,1,1,1,departures,0.03225806451612903,0.03225806451612903,legacy,2024
LDPL,31,20,19,23,departures,0.6129032258064516,0.7419354838709677,legacy,2024
EGPK,31,2,0,0,departures,0.0,0.0,legacy,2024
LGSK,31,10,10,10,arrivals,0.3225806451612903,0.3225806451612903,legacy,2024
LOWL,31,22,20,21,arrivals,0.6451612903225806,0.6774193548387096,legacy,2024
GMFO,31,1,1,1,arrivals,0.03225806451612903,0.03225806451612903,legacy,2024
LEZG,31,31,30,32,arrivals,0.967741935483871,1.032258064516129,legacy,2024
EGSH,31,25,25,25,arrivals,0.8064516129032258,0.8064516129032258,legacy,2024
LTFG,30,26,26,26,departures,0.8666666666666667,0.8666666666666667,legacy,2024
EGWU,30,27,19,23,departures,0.6333333333333333,0.7666666666666667,legacy,2024
LGSM,30,0,0,4,departures,0.0,0.13333333333333333,legacy,2024
EKEB,30,11,11,11,departures,0.36666666666666664,0.36666666666666664,legacy,2024
ORBI,30,0,0,0,departures,0.0,0.0,legacy,2024
ENAT,30,0,0,0,arrivals,0.0,0.0,legacy,2024
EGWU,30,25,19,29,arrivals,0.6333333333333333,0.9666666666666667,legacy,2024
EGPK,30,19,18,18,arrivals,0.6,0.6,legacy,2024
EGHQ,30,20,20,20,arrivals,0.6666666666666666,0.6666666666666666,legacy,2024
LGSM,30,3,1,7,arrivals,0.03333333333333333,0.23333333333333334,legacy,2024
ORBI,30,0,0,0,arrivals,0.0,0.0,legacy,2024
ENOV,29,0,0,0,departures,0.0,0.0,legacy,2024
EIKN,29,25,25,25,departures,0.8620689655172413,0.8620689655172413,legacy,2024
EGSH,29,24,24,24,departures,0.8275862068965517,0.8275862068965517,legacy,2024
EGPA,29,0,0,0,departures,0.0,0.0,legacy,2024
EIKN,29,26,26,27,arrivals,0.896551724137931,0.9310344827586207,legacy,2024
LTAN,29,0,0,0,arrivals,0.0,0.0,legacy,2024
LOWI,29,21,20,20,arrivals,0.6896551724137931,0.6896551724137931,legacy,2024
UBBN,29,0,0,0,arrivals,0.0,0.0,legacy,2024
EKEB,29,11,11,11,arrivals,0.3793103448275862,0.3793103448275862,legacy,2024
HLLM,29,5,3,3,arrivals,0.10344827586206896,0.10344827586206896,legacy,2024
GMFO,28,0,0,0,departures,0.0,0.0,legacy,2024
DABC,28,1,0,0,departures,0.0,0.0,legacy,2024
LIBP,28,23,22,22,departures,0.7857142857142857,0.7857142857142857,legacy,2024
LGNX,28,0,0,0,departures,0.0,0.0,legacy,2024
LTAN,28,0,0,0,departures,0.0,0.0,legacy,2024
HLLM,28,1,0,0,departures,0.0,0.0,legacy,2024
ENOV,28,0,0,0,arrivals,0.0,0.0,legacy,2024
DABC,28,1,0,0,arrivals,0.0,0.0,legacy,2024
EBAW,28,23,23,25,arrivals,0.8214285714285714,0.8928571428571429,legacy,2024
EFOU,28,0,0,0,arrivals,0.0,0.0,legacy,2024
LTFO,28,14,14,14,arrivals,0.5,0.5,legacy,2024
EGPA,28,1,0,0,arrivals,0.0,0.0,legacy,2024
ENSG,27,8,0,0,departures,0.0,0.0,legacy,2024
EFOU,27,0,0,0,departures,0.0,0.0,legacy,2024
LFLC,27,0,0,0,departures,0.0,0.0,legacy,2024
UBBN,27,0,0,0,departures,0.0,0.0,legacy,2024
LTCB,27,10,10,10,arrivals,0.37037037037037035,0.37037037037037035,legacy,2024
LGNX,27,0,0,0,arrivals,0.0,0.0,legacy,2024
LESO,27,3,2,2,arrivals,0.07407407407407407,0.07407407407407407,legacy,2024
LGHI,26,1,0,0,departures,0.0,0.0,legacy,2024
LTCB,26,4,4,4,departures,0.15384615384615385,0.15384615384615385,legacy,2024
LESO,26,0,0,0,departures,0.0,0.0,legacy,2024
URML,26,0,0,0,departures,0.0,0.0,legacy,2024
ENLK,26,2,0,0,departures,0.0,0.0,legacy,2024
LTFO,26,8,8,8,departures,0.3076923076923077,0.3076923076923077,legacy,2024
LFBT,26,19,19,19,departures,0.7307692307692307,0.7307692307692307,legacy,2024
ENSG,26,10,0,0,arrivals,0.0,0.0,legacy,2024
LIBP,26,21,21,21,arrivals,0.8076923076923077,0.8076923076923077,legacy,2024
URML,26,0,0,0,arrivals,0.0,0.0,legacy,2024
ENBN,26,6,0,0,arrivals,0.0,0.0,legacy,2024
EDDR,25,17,16,17,departures,0.64,0.68,legacy,2024
EPSC,25,1,0,0,departures,0.0,0.0,legacy,2024
ENBN,25,8,0,0,departures,0.0,0.0,legacy,2024
EDDR,25,18,16,16,arrivals,0.64,0.64,legacy,2024
LGHI,25,1,0,0,arrivals,0.0,0.0,legacy,2024
EPSC,25,2,0,0,arrivals,0.0,0.0,legacy,2024
ENLK,25,1,0,0,arrivals,0.0,0.0,legacy,2024
LTAZ,25,3,0,0,arrivals,0.0,0.0,legacy,2024
EKVG,24,0,0,0,departures,0.0,0.0,legacy,2024
LRSB,24,0,0,0,departures,0.0,0.0,legacy,2024
LFBP,24,3,2,2,departures,0.08333333333333333,0.08333333333333333,legacy,2024
LTCS,24,0,0,0,departures,0.0,0.0,legacy,2024
ENSK,24,5,0,0,departures,0.0,0.0,legacy,2024
EGPO,24,1,0,0,departures,0.0,0.0,legacy,2024
LTAZ,24,0,0,0,departures,0.0,0.0,legacy,2024
LRSB,24,1,0,0,arrivals,0.0,0.0,legacy,2024
LFBP,24,17,16,16,arrivals,0.6666666666666666,0.6666666666666666,legacy,2024
ENSK,24,6,0,0,arrivals,0.0,0.0,legacy,2024
LFLC,24,16,14,17,arrivals,0.5833333333333334,0.7083333333333334,legacy,2024
BIAR,24,1,0,0,arrivals,0.0,0.0,legacy,2024
LPCS,23,19,15,20,departures,0.6521739130434783,0.8695652173913043,legacy,2024
LGKP,23,1,0,0,departures,0.0,0.0,legacy,2024
LFMP,23,12,11,12,departures,0.4782608695652174,0.5217391304347826,legacy,2024
LTCA,23,0,0,0,departures,0.0,0.0,legacy,2024
LGKL,23,2,0,0,arrivals,0.0,0.0,legacy,2024
LGKP,23,1,0,0,arrivals,0.0,0.0,legacy,2024
LTCS,23,0,0,0,arrivals,0.0,0.0,legacy,2024
ENRA,23,8,0,0,arrivals,0.0,0.0,legacy,2024
EGPO,23,1,0,0,arrivals,0.0,0.0,legacy,2024
LTCE,23,0,0,0,arrivals,0.0,0.0,legacy,2024
LFBT,23,18,18,19,arrivals,0.782608695652174,0.8260869565217391,legacy,2024
LFRK,22,2,0,0,departures,0.0,0.0,legacy,2024
EKRN,22,0,0,0,departures,0.0,0.0,legacy,2024
LGKL,22,0,0,0,departures,0.0,0.0,legacy,2024
EFTU,22,3,2,2,departures,0.09090909090909091,0.09090909090909091,legacy,2024
LOWI,22,19,18,21,departures,0.8181818181818182,0.9545454545454546,legacy,2024
GCHI,22,0,0,0,departures,0.0,0.0,legacy,2024
LTCE,22,0,0,0,departures,0.0,0.0,legacy,2024
LIPO,22,14,14,15,arrivals,0.6363636363636364,0.6818181818181818,legacy,2024
EFTU,22,11,11,11,arrivals,0.5,0.5,legacy,2024
EKVG,22,0,0,0,arrivals,0.0,0.0,legacy,2024
EDMO,22,19,16,22,arrivals,0.7272727272727273,1.0,legacy,2024
LFMP,22,18,17,17,arrivals,0.7727272727272727,0.7727272727272727,legacy,2024
LTCA,22,0,0,0,arrivals,0.0,0.0,legacy,2024
GCHI,22,0,0,0,arrivals,0.0,0.0,legacy,2024
LIPO,21,15,13,14,departures,0.6190476190476191,0.6666666666666666,legacy,2024
ENRA,21,10,0,0,departures,0.0,0.0,legacy,2024
LGML,21,0,0,0,departures,0.0,0.0,legacy,2024
LRSV,21,0,0,0,departures,0.0,0.0,legacy,2024
EGNJ,21,9,8,10,departures,0.38095238095238093,0.47619047619047616,legacy,2024
EGNV,21,10,10,10,departures,0.47619047619047616,0.47619047619047616,legacy,2024
EHBK,21,17,17,17,departures,0.8095238095238095,0.8095238095238095,legacy,2024
LFRK,21,18,14,15,arrivals,0.6666666666666666,0.7142857142857143,legacy,2024
EKRN,21,10,9,9,arrivals,0.42857142857142855,0.42857142857142855,legacy,2024
ENVD,21,0,0,0,arrivals,0.0,0.0,legacy,2024
ENML,21,1,0,0,arrivals,0.0,0.0,legacy,2024
EHBK,21,16,15,15,arrivals,0.7142857142857143,0.7142857142857143,legacy,2024
ENVD,20,0,0,0,departures,0.0,0.0,legacy,2024
LICR,20,0,0,0,departures,0.0,0.0,legacy,2024
LIPB,20,3,1,1,departures,0.05,0.05,legacy,2024
EBOS,20,16,15,15,departures,0.75,0.75,legacy,2024
EIKY,20,18,18,18,departures,0.9,0.9,legacy,2024
BIAR,20,0,0,0,departures,0.0,0.0,legacy,2024
LPCS,20,14,12,19,arrivals,0.6,0.95,legacy,2024
LICR,20,0,0,0,arrivals,0.0,0.0,legacy,2024
LGML,20,0,0,0,arrivals,0.0,0.0,legacy,2024
EBOS,20,18,16,17,arrivals,0.8,0.85,legacy,2024
LRSV,20,1,0,0,arrivals,0.0,0.0,legacy,2024
EGNJ,20,7,7,8,arrivals,0.35,0.4,legacy,2024
EGNV,20,11,11,12,arrivals,0.55,0.6,legacy,2024
LSZR,20,13,11,13,arrivals,0.55,0.65,legacy,2024
LTAT,19,0,0,0,departures,0.0,0.0,legacy,2024
EDXW,19,17,17,18,departures,0.8947368421052632,0.9473684210526315,legacy,2024
LLER,19,0,0,0,departures,0.0,0.0,legacy,2024
ENML,19,0,0,0,departures,0.0,0.0,legacy,2024
EDHI,19,15,15,15,departures,0.7894736842105263,0.7894736842105263,legacy,2024
GMML,19,0,0,0,departures,0.0,0.0,legacy,2024
EPLB,19,10,10,10,departures,0.5263157894736842,0.5263157894736842,legacy,2024
LTAT,19,0,0,0,arrivals,0.0,0.0,legacy,2024
GMTN,19,19,19,19,arrivals,1.0,1.0,legacy,2024
LTCR,19,0,0,0,arrivals,0.0,0.0,legacy,2024
EPLB,19,17,17,18,arrivals,0.8947368421052632,0.9473684210526315,legacy,2024
LFKC,19,10,9,12,arrivals,0.47368421052631576,0.631578947368421,legacy,2024
GMTN,18,18,18,18,departures,1.0,1.0,legacy,2024
ENKR,18,0,0,0,departures,0.0,0.0,legacy,2024
LSGS,18,2,0,0,departures,0.0,0.0,legacy,2024
LTCR,18,0,0,0,departures,0.0,0.0,legacy,2024
ENSH,18,0,0,0,departures,0.0,0.0,legacy,2024
EYPA,18,10,10,10,departures,0.5555555555555556,0.5555555555555556,legacy,2024
LIPR,18,9,8,8,departures,0.4444444444444444,0.4444444444444444,legacy,2024
LSZR,18,12,11,11,departures,0.6111111111111112,0.6111111111111112,legacy,2024
LFKC,18,6,6,6,departures,0.3333333333333333,0.3333333333333333,legacy,2024
ENKR,18,0,0,0,arrivals,0.0,0.0,legacy,2024
LRBC,18,1,0,0,arrivals,0.0,0.0,legacy,2024
EPBY,18,14,13,13,arrivals,0.7222222222222222,0.7222222222222222,legacy,2024
LSGS,18,3,0,0,arrivals,0.0,0.0,legacy,2024
LIPB,18,11,9,9,arrivals,0.5,0.5,legacy,2024
EYPA,18,11,11,11,arrivals,0.6111111111111112,0.6111111111111112,legacy,2024
LSZB,18,15,13,23,arrivals,0.7222222222222222,1.2777777777777777,legacy,2024
EIKY,18,16,16,16,arrivals,0.8888888888888888,0.8888888888888888,legacy,2024
LFTZ,18,13,0,0,arrivals,0.0,0.0,legacy,2024
HLLB,18,0,0,0,arrivals,0.0,0.0,legacy,2024
ESGJ,18,2,0,0,arrivals,0.0,0.0,legacy,2024
LRBC,17,1,0,0,departures,0.0,0.0,legacy,2024
EGMC,17,16,16,20,departures,0.9411764705882353,1.1764705882352942,legacy,2024
LFMK,17,1,1,1,departures,0.058823529411764705,0.058823529411764705,legacy,2024
EGTK,17,14,13,13,departures,0.7647058823529411,0.7647058823529411,legacy,2024
LICG,17,1,0,0,departures,0.0,0.0,legacy,2024
LSZA,17,12,8,10,departures,0.47058823529411764,0.5882352941176471,legacy,2024
ESTA,17,1,0,0,departures,0.0,0.0,legacy,2024
EDVE,17,11,10,16,departures,0.5882352941176471,0.9411764705882353,legacy,2024
LXGB,17,17,16,17,departures,0.9411764705882353,1.0,legacy,2024
ESGJ,17,3,0,0,departures,0.0,0.0,legacy,2024
EGMC,17,15,15,21,arrivals,0.8823529411764706,1.2352941176470589,legacy,2024
ENSH,17,0,0,0,arrivals,0.0,0.0,legacy,2024
LFMK,17,9,9,9,arrivals,0.5294117647058824,0.5294117647058824,legacy,2024
LFRZ,17,13,12,14,arrivals,0.7058823529411765,0.8235294117647058,legacy,2024
GMML,17,0,0,0,arrivals,0.0,0.0,legacy,2024
LIPR,17,13,12,15,arrivals,0.7058823529411765,0.8823529411764706,legacy,2024
LXGB,17,16,16,16,arrivals,0.9411764705882353,0.9411764705882353,legacy,2024
LFBL,16,0,0,0,departures,0.0,0.0,legacy,2024
EPLL,16,2,0,0,departures,0.0,0.0,legacy,2024
LTCF,16,0,0,0,departures,0.0,0.0,legacy,2024
LFRZ,16,11,11,12,departures,0.6875,0.75,legacy,2024
ENMS,16,3,0,0,departures,0.0,0.0,legacy,2024
LICD,16,0,0,0,departures,0.0,0.0,legacy,2024
EDXW,16,13,12,12,arrivals,0.75,0.75,legacy,2024
LFBL,16,0,0,0,arrivals,0.0,0.0,legacy,2024
EBKT,16,11,10,14,arrivals,0.625,0.875,legacy,2024
LTCF,16,0,0,0,arrivals,0.0,0.0,legacy,2024
LICG,16,1,0,0,arrivals,0.0,0.0,legacy,2024
EDHI,16,13,13,13,arrivals,0.8125,0.8125,legacy,2024
ESTA,16,13,6,6,arrivals,0.375,0.375,legacy,2024
LICD,16,0,0,0,arrivals,0.0,0.0,legacy,2024
LOWK,15,2,0,0,departures,0.0,0.0,legacy,2024
LDRI,15,2,2,3,departures,0.13333333333333333,0.2,legacy,2024
LQBK,15,1,0,0,departures,0.0,0.0,legacy,2024
EPBY,15,10,10,10,departures,0.6666666666666666,0.6666666666666666,legacy,2024
ENAN,15,2,0,0,departures,0.0,0.0,legacy,2024
LFTZ,15,11,0,0,departures,0.0,0.0,legacy,2024
LEPP,15,0,0,0,departures,0.0,0.0,legacy,2024
HLLB,15,0,0,0,departures,0.0,0.0,legacy,2024
LOWK,15,2,0,0,arrivals,0.0,0.0,legacy,2024
LFBH,15,2,1,1,arrivals,0.06666666666666667,0.06666666666666667,legacy,2024
EPLL,15,7,5,5,arrivals,0.3333333333333333,0.3333333333333333,legacy,2024
LIBF,15,3,0,0,arrivals,0.0,0.0,legacy,2024
LQBK,15,3,0,0,arrivals,0.0,0.0,legacy,2024
LFRG,15,10,7,12,arrivals,0.4666666666666667,0.8,legacy,2024
EGTK,15,13,11,16,arrivals,0.7333333333333333,1.0666666666666667,legacy,2024
ENAN,15,3,0,0,arrivals,0.0,0.0,legacy,2024
EDVE,15,10,8,11,arrivals,0.5333333333333333,0.7333333333333333,legacy,2024
ENMS,15,6,0,0,arrivals,0.0,0.0,legacy,2024
LFLY,14,6,5,10,departures,0.35714285714285715,0.7142857142857143,legacy,2024
LFBH,14,6,5,5,departures,0.35714285714285715,0.35714285714285715,legacy,2024
EFRO,14,0,0,0,departures,0.0,0.0,legacy,2024
LTCJ,14,0,0,0,departures,0.0,0.0,legacy,2024
EGPN,14,0,0,0,departures,0.0,0.0,legacy,2024
EDFM,14,4,4,14,departures,0.2857142857142857,1.0,legacy,2024
EBKT,14,8,8,8,departures,0.5714285714285714,0.5714285714285714,legacy,2024
EKSB,14,5,5,5,departures,0.35714285714285715,0.35714285714285715,legacy,2024
LICB,14,1,1,1,departures,0.07142857142857142,0.07142857142857142,legacy,2024
ESNZ,14,9,9,9,departures,0.6428571428571429,0.6428571428571429,legacy,2024
LFRG,14,6,5,6,departures,0.35714285714285715,0.42857142857142855,legacy,2024
LPPS,14,1,1,1,departures,0.07142857142857142,0.07142857142857142,legacy,2024
ENBL,14,0,0,0,departures,0.0,0.0,legacy,2024
EGJA,14,7,5,5,departures,0.35714285714285715,0.35714285714285715,legacy,2024
LGAL,14,0,0,0,departures,0.0,0.0,legacy,2024
LSZB,14,8,6,11,departures,0.42857142857142855,0.7857142857142857,legacy,2024
EGAE,14,0,0,0,departures,0.0,0.0,legacy,2024
LIMP,14,2,0,0,departures,0.0,0.0,legacy,2024
EFKU,14,12,12,13,departures,0.8571428571428571,0.9285714285714286,legacy,2024
EFVA,14,0,0,0,departures,0.0,0.0,legacy,2024
LFLY,14,6,4,13,arrivals,0.2857142857142857,0.9285714285714286,legacy,2024
EFRO,14,0,0,0,arrivals,0.0,0.0,legacy,2024
LTCJ,14,0,0,0,arrivals,0.0,0.0,legacy,2024
LDRI,14,3,3,5,arrivals,0.21428571428571427,0.35714285714285715,legacy,2024
LTAY,14,0,0,0,arrivals,0.0,0.0,legacy,2024
LLER,14,0,0,0,arrivals,0.0,0.0,legacy,2024
EKSB,14,6,6,6,arrivals,0.42857142857142855,0.42857142857142855,legacy,2024
LICB,14,8,8,8,arrivals,0.5714285714285714,0.5714285714285714,legacy,2024
LPPS,14,9,6,6,arrivals,0.42857142857142855,0.42857142857142855,legacy,2024
ENBL,14,0,0,0,arrivals,0.0,0.0,legacy,2024
LGAL,14,0,0,0,arrivals,0.0,0.0,legacy,2024
EGAE,14,0,0,0,arrivals,0.0,0.0,legacy,2024
LIMP,14,6,5,5,arrivals,0.35714285714285715,0.35714285714285715,legacy,2024
EFKU,14,12,12,12,arrivals,0.8571428571428571,0.8571428571428571,legacy,2024
LEPP,14,1,0,0,arrivals,0.0,0.0,legacy,2024
EFVA,14,0,0,0,arrivals,0.0,0.0,legacy,2024
LTCK,13,0,0,0,departures,0.0,0.0,legacy,2024
LIBF,13,2,0,0,departures,0.0,0.0,legacy,2024
LRBS,13,11,11,13,departures,0.8461538461538461,1.0,legacy,2024
LGLM,13,0,0,0,departures,0.0,0.0,legacy,2024
UUBW,13,6,5,5,arrivals,0.38461538461538464,0.38461538461538464,legacy,2024
EDFM,13,3,3,4,arrivals,0.23076923076923078,0.3076923076923077,legacy,2024
LTCK,13,0,0,0,arrivals,0.0,0.0,legacy,2024
ESNZ,13,9,9,9,arrivals,0.6923076923076923,0.6923076923076923,legacy,2024
LSZA,13,11,9,11,arrivals,0.6923076923076923,0.8461538461538461,legacy,2024
LFJL,13,12,12,12,arrivals,0.9230769230769231,0.9230769230769231,legacy,2024
LGLM,13,0,0,0,arrivals,0.0,0.0,legacy,2024
URMG,12,0,0,0,departures,0.0,0.0,legacy,2024
LTAY,12,0,0,0,departures,0.0,0.0,legacy,2024
LGKV,12,11,11,11,departures,0.9166666666666666,0.9166666666666666,legacy,2024
LHDC,12,0,0,0,departures,0.0,0.0,legacy,2024
LFMU,12,2,2,2,departures,0.16666666666666666,0.16666666666666666,legacy,2024
ESMT,12,8,8,8,departures,0.6666666666666666,0.6666666666666666,legacy,2024
LKPD,12,11,11,11,departures,0.9166666666666666,0.9166666666666666,legacy,2024
LTAR,12,0,0,0,departures,0.0,0.0,legacy,2024
GCGM,12,0,0,0,departures,0.0,0.0,legacy,2024
EFTP,12,10,10,10,departures,0.8333333333333334,0.8333333333333334,legacy,2024
LRCV,12,5,5,6,departures,0.4166666666666667,0.5,legacy,2024
LFJL,12,10,10,10,departures,0.8333333333333334,0.8333333333333334,legacy,2024
LECH,12,0,0,0,departures,0.0,0.0,legacy,2024
URMG,12,0,0,0,arrivals,0.0,0.0,legacy,2024
EGPN,12,5,0,0,arrivals,0.0,0.0,legacy,2024
LFMU,12,3,3,3,arrivals,0.25,0.25,legacy,2024
EDDE,12,9,9,10,arrivals,0.75,0.8333333333333334,legacy,2024
LTAR,12,0,0,0,arrivals,0.0,0.0,legacy,2024
GCGM,12,0,0,0,arrivals,0.0,0.0,legacy,2024
ENSD,12,0,0,0,arrivals,0.0,0.0,legacy,2024
LRBS,12,10,10,10,arrivals,0.8333333333333334,0.8333333333333334,legacy,2024
UUBW,11,3,3,3,departures,0.2727272727272727,0.2727272727272727,legacy,2024
LPAZ,11,10,10,10,departures,0.9090909090909091,0.9090909090909091,legacy,2024
LTCD,11,0,0,0,departures,0.0,0.0,legacy,2024
UWGG,11,2,2,2,departures,0.18181818181818182,0.18181818181818182,legacy,2024
LTCV,11,0,0,0,departures,0.0,0.0,legacy,2024
HESX,11,0,0,0,departures,0.0,0.0,legacy,2024
ESNN,11,0,0,0,departures,0.0,0.0,legacy,2024
LZTT,11,1,0,0,departures,0.0,0.0,legacy,2024
ESMX,11,2,0,0,departures,0.0,0.0,legacy,2024
ENST,11,4,0,0,departures,0.0,0.0,legacy,2024
EFMA,11,0,0,0,departures,0.0,0.0,legacy,2024
EDNY,11,9,8,8,departures,0.7272727272727273,0.7272727272727273,legacy,2024
LROD,11,0,0,0,departures,0.0,0.0,legacy,2024
ENRM,11,0,0,0,departures,0.0,0.0,legacy,2024
ENLE,11,0,0,0,departures,0.0,0.0,legacy,2024
ESKN,11,7,7,7,departures,0.6363636363636364,0.6363636363636364,legacy,2024
LTCT,11,0,0,0,departures,0.0,0.0,legacy,2024
ENSD,11,0,0,0,departures,0.0,0.0,legacy,2024
LTCP,11,0,0,0,departures,0.0,0.0,legacy,2024
ESSL,11,10,9,9,departures,0.8181818181818182,0.8181818181818182,legacy,2024
LEBZ,11,7,6,6,departures,0.5454545454545454,0.5454545454545454,legacy,2024
LFBE,11,1,0,1,departures,0.0,0.09090909090909091,legacy,2024
LIBC,11,0,0,0,departures,0.0,0.0,legacy,2024
LPAZ,11,9,9,9,arrivals,0.8181818181818182,0.8181818181818182,legacy,2024
LTCD,11,0,0,0,arrivals,0.0,0.0,legacy,2024
HESX,11,0,0,0,arrivals,0.0,0.0,legacy,2024
LTCV,11,0,0,0,arrivals,0.0,0.0,legacy,2024
ESNN,11,1,1,1,arrivals,0.09090909090909091,0.09090909090909091,legacy,2024
LTFD,11,5,5,5,arrivals,0.45454545454545453,0.45454545454545453,legacy,2024
ESMX,11,7,5,5,arrivals,0.45454545454545453,0.45454545454545453,legacy,2024
LGKV,11,11,11,11,arrivals,1.0,1.0,legacy,2024
ENST,11,4,0,0,arrivals,0.0,0.0,legacy,2024
LHDC,11,0,0,0,arrivals,0.0,0.0,legacy,2024
EFMA,11,0,0,0,arrivals,0.0,0.0,legacy,2024
LROD,11,0,0,0,arrivals,0.0,0.0,legacy,2024
LKPD,11,11,11,13,arrivals,1.0,1.1818181818181819,legacy,2024
EGJA,11,8,8,10,arrivals,0.7272727272727273,0.9090909090909091,legacy,2024
ENRM,11,0,0,0,arrivals,0.0,0.0,legacy,2024
EFTP,11,8,8,8,arrivals,0.7272727272727273,0.7272727272727273,legacy,2024
ESKN,11,11,11,11,arrivals,1.0,1.0,legacy,2024
LTCT,11,0,0,0,arrivals,0.0,0.0,legacy,2024
LTCP,11,0,0,0,arrivals,0.0,0.0,legacy,2024
LRCV,11,9,9,9,arrivals,0.8181818181818182,0.8181818181818182,legacy,2024
LECH,11,0,0,0,arrivals,0.0,0.0,legacy,2024
LIBC,11,0,0,0,arrivals,0.0,0.0,legacy,2024
DAAE,11,0,0,0,arrivals,0.0,0.0,legacy,2024
LFBE,11,1,0,0,arrivals,0.0,0.0,legacy,2024
LYNI,10,0,0,0,departures,0.0,0.0,legacy,2024
ESNL,10,0,0,0,departures,0.0,0.0,legacy,2024
LFOK,10,1,0,1,departures,0.0,0.1,legacy,2024
ESNS,10,0,0,0,departures,0.0,0.0,legacy,2024
LTFD,10,4,4,4,departures,0.4,0.4,legacy,2024
EDTY,10,4,2,3,departures,0.2,0.3,legacy,2024
DABB,10,0,0,0,departures,0.0,0.0,legacy,2024
LQMO,10,0,0,0,departures,0.0,0.0,legacy,2024
EDDE,10,7,7,7,departures,0.7,0.7,legacy,2024
LFLW,10,1,0,0,departures,0.0,0.0,legacy,2024
LFTW,10,7,6,6,departures,0.6,0.6,legacy,2024
DAAE,10,1,1,1,departures,0.1,0.1,legacy,2024
ENNA,10,0,0,0,departures,0.0,0.0,legacy,2024
LFRM,10,6,5,6,arrivals,0.5,0.6,legacy,2024
ESNL,10,0,0,0,arrivals,0.0,0.0,legacy,2024
LFSL,10,0,0,0,arrivals,0.0,0.0,legacy,2024
UWGG,10,1,0,0,arrivals,0.0,0.0,legacy,2024
LFOK,10,4,1,4,arrivals,0.1,0.4,legacy,2024
LZTT,10,2,0,0,arrivals,0.0,0.0,legacy,2024
ESMT,10,7,7,7,arrivals,0.7,0.7,legacy,2024
DABB,10,0,0,0,arrivals,0.0,0.0,legacy,2024
LQMO,10,0,0,0,arrivals,0.0,0.0,legacy,2024
LFLW,10,1,0,0,arrivals,0.0,0.0,legacy,2024
ENLE,10,0,0,0,arrivals,0.0,0.0,legacy,2024
ESSL,10,10,10,10,arrivals,1.0,1.0,legacy,2024
LGST,10,0,0,0,arrivals,0.0,0.0,legacy,2024
ESKM,9,0,0,0,departures,0.0,0.0,legacy,2024
LRBV,9,0,0,0,departures,0.0,0.0,legacy,2024
ESNX,9,0,0,0,departures,0.0,0.0,legacy,2024
LQTZ,9,0,0,0,departures,0.0,0.0,legacy,2024
LFSL,9,0,0,0,departures,0.0,0.0,legacy,2024
ENDU,9,0,0,0,departures,0.0,0.0,legacy,2024
LEVD,9,0,0,0,departures,0.0,0.0,legacy,2024
ENSO,9,1,0,2,departures,0.0,0.2222222222222222,legacy,2024
ESDF,9,8,8,8,departures,0.8888888888888888,0.8888888888888888,legacy,2024
LGRX,9,0,0,0,departures,0.0,0.0,legacy,2024
LFCR,9,0,0,0,departures,0.0,0.0,legacy,2024
ESNG,9,0,0,0,departures,0.0,0.0,legacy,2024
LGIK,9,4,0,0,departures,0.0,0.0,legacy,2024
EGPL,9,0,0,0,departures,0.0,0.0,legacy,2024
LGST,9,0,0,0,departures,0.0,0.0,legacy,2024
EGNR,9,7,7,10,departures,0.7777777777777778,1.1111111111111112,legacy,2024
ESKM,9,0,0,0,arrivals,0.0,0.0,legacy,2024
LRBV,9,1,0,0,arrivals,0.0,0.0,legacy,2024
EDVK,9,6,6,6,arrivals,0.6666666666666666,0.6666666666666666,legacy,2024
LQTZ,9,0,0,0,arrivals,0.0,0.0,legacy,2024
LYNI,9,3,3,3,arrivals,0.3333333333333333,0.3333333333333333,legacy,2024
ESNS,9,0,0,0,arrivals,0.0,0.0,legacy,2024
EDHL,9,8,6,6,arrivals,0.6666666666666666,0.6666666666666666,legacy,2024
LDOS,9,9,9,9,arrivals,1.0,1.0,legacy,2024
LTDA,9,0,0,0,arrivals,0.0,0.0,legacy,2024
EDNY,9,7,7,7,arrivals,0.7777777777777778,0.7777777777777778,legacy,2024
ENSO,9,2,2,2,arrivals,0.2222222222222222,0.2222222222222222,legacy,2024
LGRX,9,0,0,0,arrivals,0.0,0.0,legacy,2024
EDTY,9,7,5,8,arrivals,0.5555555555555556,0.8888888888888888,legacy,2024
LFCR,9,5,5,5,arrivals,0.5555555555555556,0.5555555555555556,legacy,2024
ESNG,9,0,0,0,arrivals,0.0,0.0,legacy,2024
EKRK,9,9,9,9,arrivals,1.0,1.0,legacy,2024
LGIK,9,6,0,0,arrivals,0.0,0.0,legacy,2024
LFSD,9,6,5,10,arrivals,0.5555555555555556,1.1111111111111112,legacy,2024
EGPL,9,0,0,0,arrivals,0.0,0.0,legacy,2024
LEBZ,9,8,8,9,arrivals,0.8888888888888888,1.0,legacy,2024
LGIO,8,7,7,7,departures,0.875,0.875,legacy,2024
EDVK,8,7,6,6,departures,0.75,0.75,legacy,2024
LFMV,8,8,6,6,departures,0.75,0.75,legacy,2024
EDHL,8,5,5,5,departures,0.625,0.625,legacy,2024
LDOS,8,0,0,0,departures,0.0,0.0,legacy,2024
URMO,8,0,0,0,departures,0.0,0.0,legacy,2024
LTDA,8,0,0,0,departures,0.0,0.0,legacy,2024
ESNQ,8,0,0,0,departures,0.0,0.0,legacy,2024
EKRK,8,8,7,8,departures,0.875,1.0,legacy,2024
DAON,8,0,0,0,departures,0.0,0.0,legacy,2024
ENJS,8,0,0,0,departures,0.0,0.0,legacy,2024
LFSD,8,7,6,6,departures,0.75,0.75,legacy,2024
LTCN,8,0,0,0,departures,0.0,0.0,legacy,2024
EFKK,8,6,6,6,departures,0.75,0.75,legacy,2024
LTCO,8,0,0,0,departures,0.0,0.0,legacy,2024
ENNM,8,0,0,0,departures,0.0,0.0,legacy,2024
LGIO,8,7,7,7,arrivals,0.875,0.875,legacy,2024
ESNX,8,0,0,0,arrivals,0.0,0.0,legacy,2024
ENDU,8,0,0,0,arrivals,0.0,0.0,legacy,2024
LEVD,8,0,0,0,arrivals,0.0,0.0,legacy,2024
ESNQ,8,0,0,0,arrivals,0.0,0.0,legacy,2024
ESDF,8,6,6,6,arrivals,0.75,0.75,legacy,2024
ESMQ,8,7,7,7,arrivals,0.875,0.875,legacy,2024
ENJS,8,0,0,0,arrivals,0.0,0.0,legacy,2024
LTCN,8,0,0,0,arrivals,0.0,0.0,legacy,2024
GMFK,8,0,0,0,arrivals,0.0,0.0,legacy,2024
LTCO,8,0,0,0,arrivals,0.0,0.0,legacy,2024
LFTW,8,7,7,7,arrivals,0.875,0.875,legacy,2024
ENNM,8,0,0,0,arrivals,0.0,0.0,legacy,2024
DAON,8,0,0,0,arrivals,0.0,0.0,legacy,2024
ENNA,8,0,0,0,arrivals,0.0,0.0,legacy,2024
LFRM,7,6,6,10,departures,0.8571428571428571,1.4285714285714286,legacy,2024
LRBM,7,0,0,0,departures,0.0,0.0,legacy,2024
ORMM,7,0,0,0,departures,0.0,0.0,legacy,2024
EIDL,7,0,0,0,departures,0.0,0.0,legacy,2024
ESOE,7,0,0,0,departures,0.0,0.0,legacy,2024
ESNV,7,0,0,0,departures,0.0,0.0,legacy,2024
EFJO,7,0,0,0,departures,0.0,0.0,legacy,2024
ESMK,7,6,6,7,departures,0.8571428571428571,1.0,legacy,2024
HEBA,7,0,0,0,departures,0.0,0.0,legacy,2024
ESMQ,7,7,7,7,departures,1.0,1.0,legacy,2024
GMMI,7,0,0,0,departures,0.0,0.0,legacy,2024
OITT,7,0,0,0,departures,0.0,0.0,legacy,2024
EETU,7,0,0,0,departures,0.0,0.0,legacy,2024
LRTM,7,0,0,0,departures,0.0,0.0,legacy,2024
EGEC,7,0,0,0,departures,0.0,0.0,legacy,2024
BIEG,7,0,0,0,departures,0.0,0.0,legacy,2024
GMFK,7,0,0,0,departures,0.0,0.0,legacy,2024
LFMV,7,6,5,8,arrivals,0.7142857142857143,1.1428571428571428,legacy,2024
LRBM,7,1,0,0,arrivals,0.0,0.0,legacy,2024
ESNK,7,0,0,0,arrivals,0.0,0.0,legacy,2024
ORMM,7,0,0,0,arrivals,0.0,0.0,legacy,2024
ESOE,7,4,3,5,arrivals,0.42857142857142855,0.7142857142857143,legacy,2024
LTCW,7,0,0,0,arrivals,0.0,0.0,legacy,2024
ESNV,7,0,0,0,arrivals,0.0,0.0,legacy,2024
EFJO,7,0,0,0,arrivals,0.0,0.0,legacy,2024
BIEG,7,0,0,0,arrivals,0.0,0.0,legacy,2024
GMMI,7,0,0,0,arrivals,0.0,0.0,legacy,2024
OITT,7,0,0,0,arrivals,0.0,0.0,legacy,2024
LIBG,7,0,0,0,arrivals,0.0,0.0,legacy,2024
EETU,7,0,0,0,arrivals,0.0,0.0,legacy,2024
EGNR,7,6,6,7,arrivals,0.8571428571428571,1.0,legacy,2024
EFKK,7,5,5,5,arrivals,0.7142857142857143,0.7142857142857143,legacy,2024
LRTM,7,1,0,0,arrivals,0.0,0.0,legacy,2024
EGEC,7,0,0,0,arrivals,0.0,0.0,legacy,2024
EIDL,7,0,0,0,arrivals,0.0,0.0,legacy,2024
LFLB,6,1,0,0,departures,0.0,0.0,legacy,2024
ESNK,6,0,0,0,departures,0.0,0.0,legacy,2024
EGPI,6,0,0,0,departures,0.0,0.0,legacy,2024
EKTE,6,0,0,0,departures,0.0,0.0,legacy,2024
EEKE,6,0,0,0,departures,0.0,0.0,legacy,2024
ENRO,6,0,0,0,departures,0.0,0.0,legacy,2024
DAAS,6,0,0,0,departures,0.0,0.0,legacy,2024
ESUP,6,0,0,0,departures,0.0,0.0,legacy,2024
LTCW,6,0,0,0,departures,0.0,0.0,legacy,2024
EGPR,6,0,0,0,departures,0.0,0.0,legacy,2024
ESOH,6,1,0,0,departures,0.0,0.0,legacy,2024
EEKA,6,1,1,1,departures,0.16666666666666666,0.16666666666666666,legacy,2024
LFEC,6,0,0,0,departures,0.0,0.0,legacy,2024
ENHE,6,0,0,0,departures,0.0,0.0,legacy,2024
LWOH,6,0,0,0,departures,0.0,0.0,legacy,2024
ENSR,6,0,0,0,departures,0.0,0.0,legacy,2024
LTBH,6,0,0,0,departures,0.0,0.0,legacy,2024
EHGG,6,4,4,4,departures,0.6666666666666666,0.6666666666666666,legacy,2024
LFOT,6,0,0,0,departures,0.0,0.0,legacy,2024
LSZC,6,3,0,0,departures,0.0,0.0,legacy,2024
LTCU,6,0,0,0,departures,0.0,0.0,legacy,2024
LBPD,6,4,4,4,departures,0.6666666666666666,0.6666666666666666,legacy,2024
UBBG,6,0,0,0,departures,0.0,0.0,legacy,2024
EHLE,6,3,1,2,departures,0.16666666666666666,0.3333333333333333,legacy,2024
LGLE,6,1,0,0,departures,0.0,0.0,legacy,2024
LFCK,6,0,0,0,departures,0.0,0.0,legacy,2024
EGPU,6,0,0,0,departures,0.0,0.0,legacy,2024
ESND,6,0,0,0,departures,0.0,0.0,legacy,2024
EFJY,6,0,0,0,departures,0.0,0.0,legacy,2024
ENRS,6,1,0,0,arrivals,0.0,0.0,legacy,2024
EGPU,6,0,0,0,arrivals,0.0,0.0,legacy,2024
HEMM,6,0,0,0,arrivals,0.0,0.0,legacy,2024
EKTE,6,0,0,0,arrivals,0.0,0.0,legacy,2024
EEKE,6,0,0,0,arrivals,0.0,0.0,legacy,2024
ENRO,6,0,0,0,arrivals,0.0,0.0,legacy,2024
ESUP,6,0,0,0,arrivals,0.0,0.0,legacy,2024
ESOH,6,1,0,0,arrivals,0.0,0.0,legacy,2024
EEKA,6,3,3,3,arrivals,0.5,0.5,legacy,2024
LFEC,6,0,0,0,arrivals,0.0,0.0,legacy,2024
ENHE,6,0,0,0,arrivals,0.0,0.0,legacy,2024
LWOH,6,0,0,0,arrivals,0.0,0.0,legacy,2024
ENSR,6,0,0,0,arrivals,0.0,0.0,legacy,2024
ESND,6,0,0,0,arrivals,0.0,0.0,legacy,2024
HEBA,6,0,0,0,arrivals,0.0,0.0,legacy,2024
LIMZ,6,4,4,4,arrivals,0.6666666666666666,0.6666666666666666,legacy,2024
LTBH,6,0,0,0,arrivals,0.0,0.0,legacy,2024
EHGG,6,5,5,5,arrivals,0.8333333333333334,0.8333333333333334,legacy,2024
LFOT,6,6,6,6,arrivals,1.0,1.0,legacy,2024
LSZC,6,5,0,0,arrivals,0.0,0.0,legacy,2024
LTCU,6,0,0,0,arrivals,0.0,0.0,legacy,2024
LBPD,6,4,4,5,arrivals,0.6666666666666666,0.8333333333333334,legacy,2024
UBBG,6,0,0,0,arrivals,0.0,0.0,legacy,2024
LGLE,6,1,0,0,arrivals,0.0,0.0,legacy,2024
LFCK,6,0,0,0,arrivals,0.0,0.0,legacy,2024
EGPI,6,0,0,0,arrivals,0.0,0.0,legacy,2024
EGPR,6,0,0,0,arrivals,0.0,0.0,legacy,2024
LFBI,5,0,0,0,departures,0.0,0.0,legacy,2024
ENRS,5,3,0,0,departures,0.0,0.0,legacy,2024
ENWS,5,0,0,0,departures,0.0,0.0,legacy,2024
LDVA,5,1,0,0,departures,0.0,0.0,legacy,2024
EDRY,5,5,0,0,departures,0.0,0.0,legacy,2024
HEMM,5,0,0,0,departures,0.0,0.0,legacy,2024
ENWV,5,0,0,0,departures,0.0,0.0,legacy,2024
EFKE,5,0,0,0,departures,0.0,0.0,legacy,2024
GMTA,5,5,5,5,departures,1.0,1.0,legacy,2024
EDTM,5,3,2,5,departures,0.4,1.0,legacy,2024
EGPC,5,0,0,0,departures,0.0,0.0,legacy,2024
LKCS,5,5,5,5,departures,1.0,1.0,legacy,2024
BIIS,5,0,0,0,departures,0.0,0.0,legacy,2024
LGKY,5,1,0,0,departures,0.0,0.0,legacy,2024
LIMZ,5,2,2,3,departures,0.4,0.6,legacy,2024
EKKA,5,0,0,0,departures,0.0,0.0,legacy,2024
LTBY,5,0,0,0,departures,0.0,0.0,legacy,2024
GMMZ,5,0,0,0,departures,0.0,0.0,legacy,2024
LIBG,5,0,0,0,departures,0.0,0.0,legacy,2024
EDLN,5,4,3,3,departures,0.6,0.6,legacy,2024
ENSL,5,0,0,0,departures,0.0,0.0,legacy,2024
LFRH,5,0,0,0,departures,0.0,0.0,legacy,2024
LTAS,5,0,0,0,departures,0.0,0.0,legacy,2024
LTBR,5,0,0,0,departures,0.0,0.0,legacy,2024
EPZG,5,4,4,4,departures,0.8,0.8,legacy,2024
ORKK,5,0,0,0,departures,0.0,0.0,legacy,2024
LSGL,5,5,0,0,departures,0.0,0.0,legacy,2024
URMS,5,0,0,0,departures,0.0,0.0,legacy,2024
LFBI,5,1,0,0,arrivals,0.0,0.0,legacy,2024
ENWS,5,0,0,0,arrivals,0.0,0.0,legacy,2024
ESUT,5,0,0,0,arrivals,0.0,0.0,legacy,2024
EFKI,5,0,0,0,arrivals,0.0,0.0,legacy,2024
URMO,5,0,0,0,arrivals,0.0,0.0,legacy,2024
LSGK,5,1,0,0,arrivals,0.0,0.0,legacy,2024
ENWV,5,0,0,0,arrivals,0.0,0.0,legacy,2024
DAAS,5,0,0,0,arrivals,0.0,0.0,legacy,2024
GMTA,5,5,5,5,arrivals,1.0,1.0,legacy,2024
EDTM,5,4,4,7,arrivals,0.8,1.4,legacy,2024
LKCS,5,5,5,5,arrivals,1.0,1.0,legacy,2024
LTCL,5,2,0,0,arrivals,0.0,0.0,legacy,2024
ENQG,5,0,0,0,arrivals,0.0,0.0,legacy,2024
BIIS,5,0,0,0,arrivals,0.0,0.0,legacy,2024
ESMK,5,5,4,5,arrivals,0.8,1.0,legacy,2024
LTBY,5,0,0,0,arrivals,0.0,0.0,legacy,2024
GMMZ,5,0,0,0,arrivals,0.0,0.0,legacy,2024
ENSL,5,0,0,0,arrivals,0.0,0.0,legacy,2024
EFJY,5,0,0,0,arrivals,0.0,0.0,legacy,2024
LFRH,5,2,1,1,arrivals,0.2,0.2,legacy,2024
LTAS,5,0,0,0,arrivals,0.0,0.0,legacy,2024
EHLE,5,2,2,5,arrivals,0.4,1.0,legacy,2024
ORKK,5,0,0,0,arrivals,0.0,0.0,legacy,2024
EKKA,5,0,0,0,arrivals,0.0,0.0,legacy,2024
LTBR,5,4,4,5,arrivals,0.8,1.0,legacy,2024
LFMI,4,4,4,4,departures,1.0,1.0,legacy,2024
LFOZ,4,2,0,0,departures,0.0,0.0,legacy,2024
EDRZ,4,3,0,0,departures,0.0,0.0,legacy,2024
EPRA,4,0,0,0,departures,0.0,0.0,legacy,2024
LGPL,4,0,0,0,departures,0.0,0.0,legacy,2024
EDGS,4,0,0,0,departures,0.0,0.0,legacy,2024
LSGK,4,0,0,0,departures,0.0,0.0,legacy,2024
LELN,4,0,0,0,departures,0.0,0.0,legacy,2024
LHPP,4,0,0,0,departures,0.0,0.0,legacy,2024
ENGA,4,0,0,0,departures,0.0,0.0,legacy,2024
LTCL,4,0,0,0,departures,0.0,0.0,legacy,2024
LRCK,4,0,0,0,departures,0.0,0.0,legacy,2024
ENGC,4,0,0,0,departures,0.0,0.0,legacy,2024
LTAW,4,0,0,0,departures,0.0,0.0,legacy,2024
LZPP,4,3,2,2,departures,0.5,0.5,legacy,2024
EDAZ,4,3,0,0,departures,0.0,0.0,legacy,2024
EGNO,4,3,3,4,departures,0.75,1.0,legacy,2024
ETNL,4,4,4,7,departures,1.0,1.75,legacy,2024
LGKC,4,0,0,0,departures,0.0,0.0,legacy,2024
LKKV,4,0,0,0,departures,0.0,0.0,legacy,2024
ENOA,4,0,0,0,departures,0.0,0.0,legacy,2024
ESST,4,0,0,0,departures,0.0,0.0,legacy,2024
LTAP,4,0,0,0,departures,0.0,0.0,legacy,2024
ESOW,4,4,4,4,departures,1.0,1.0,legacy,2024
ESNO,4,0,0,0,departures,0.0,0.0,legacy,2024
EGSC,4,3,3,5,departures,0.75,1.25,legacy,2024
LIPK,4,2,2,2,departures,0.5,0.5,legacy,2024
EGNH,4,3,2,2,departures,0.5,0.5,legacy,2024
LGSY,4,0,0,0,departures,0.0,0.0,legacy,2024
ESUT,4,0,0,0,departures,0.0,0.0,legacy,2024
EFKI,4,0,0,0,departures,0.0,0.0,legacy,2024
URWW,4,0,0,0,departures,0.0,0.0,legacy,2024
DTTX,4,0,0,0,departures,0.0,0.0,legacy,2024
ENWY,4,0,0,0,departures,0.0,0.0,legacy,2024
LGKS,4,0,0,0,departures,0.0,0.0,legacy,2024
HLMS,4,1,0,0,departures,0.0,0.0,legacy,2024
BIBD,4,0,0,0,arrivals,0.0,0.0,legacy,2024
LFMI,4,4,4,4,arrivals,1.0,1.0,legacy,2024
LFLB,4,0,0,0,arrivals,0.0,0.0,legacy,2024
EPRA,4,2,2,2,arrivals,0.5,0.5,legacy,2024
LDVA,4,2,0,0,arrivals,0.0,0.0,legacy,2024
OSDI,4,0,0,0,arrivals,0.0,0.0,legacy,2024
LFLP,4,2,0,0,arrivals,0.0,0.0,legacy,2024
LELN,4,0,0,0,arrivals,0.0,0.0,legacy,2024
EHLL,4,0,0,0,arrivals,0.0,0.0,legacy,2024
LKHK,4,3,0,0,arrivals,0.0,0.0,legacy,2024
EGPC,4,0,0,0,arrivals,0.0,0.0,legacy,2024
LSGC,4,2,0,0,arrivals,0.0,0.0,legacy,2024
LHPP,4,1,1,2,arrivals,0.25,0.5,legacy,2024
ENGA,4,0,0,0,arrivals,0.0,0.0,legacy,2024
LRCK,4,1,0,0,arrivals,0.0,0.0,legacy,2024
LGKY,4,2,0,0,arrivals,0.0,0.0,legacy,2024
ETND,4,4,2,2,arrivals,0.5,0.5,legacy,2024
ETNL,4,4,2,3,arrivals,0.5,0.75,legacy,2024
LSGL,4,3,0,0,arrivals,0.0,0.0,legacy,2024
LGKC,4,0,0,0,arrivals,0.0,0.0,legacy,2024
ENOA,4,0,0,0,arrivals,0.0,0.0,legacy,2024
ESST,4,0,0,0,arrivals,0.0,0.0,legacy,2024
LTAP,4,0,0,0,arrivals,0.0,0.0,legacy,2024
ESNO,4,0,0,0,arrivals,0.0,0.0,legacy,2024
ENQA,4,0,0,0,arrivals,0.0,0.0,legacy,2024
EGSC,4,2,2,2,arrivals,0.5,0.5,legacy,2024
LGKS,4,0,0,0,arrivals,0.0,0.0,legacy,2024
LGSY,4,0,0,0,arrivals,0.0,0.0,legacy,2024
HLMS,4,0,0,0,arrivals,0.0,0.0,legacy,2024
LGPL,4,0,0,0,arrivals,0.0,0.0,legacy,2024
EDGS,4,2,2,3,arrivals,0.5,0.75,legacy,2024
LOAN,4,2,2,4,arrivals,0.5,1.0,legacy,2024
EKHD,4,0,0,0,arrivals,0.0,0.0,legacy,2024
LTAW,4,0,0,0,arrivals,0.0,0.0,legacy,2024
LZPP,4,3,3,3,arrivals,0.75,0.75,legacy,2024
EGNO,4,3,3,4,arrivals,0.75,1.0,legacy,2024
LKKV,4,0,0,0,arrivals,0.0,0.0,legacy,2024
ENWY,4,0,0,0,arrivals,0.0,0.0,legacy,2024
LIPK,4,4,3,3,arrivals,0.75,0.75,legacy,2024
EPZG,4,3,3,3,arrivals,0.75,0.75,legacy,2024
EGLK,3,3,3,4,departures,1.0,1.3333333333333333,legacy,2024
LTBZ,3,0,0,0,departures,0.0,0.0,legacy,2024
EPSY,3,1,1,1,departures,0.3333333333333333,0.3333333333333333,legacy,2024
ENQC,3,0,0,0,departures,0.0,0.0,legacy,2024
OSDI,3,0,0,0,departures,0.0,0.0,legacy,2024
EHGQ,3,0,0,0,departures,0.0,0.0,legacy,2024
LFLP,3,1,0,0,departures,0.0,0.0,legacy,2024
LFLS,3,0,0,0,departures,0.0,0.0,legacy,2024
EHLL,3,0,0,0,departures,0.0,0.0,legacy,2024
LFLX,3,0,0,0,departures,0.0,0.0,legacy,2024
LSGC,3,1,0,0,departures,0.0,0.0,legacy,2024
LOAN,3,2,2,2,departures,0.6666666666666666,0.6666666666666666,legacy,2024
BIGR,3,0,0,0,departures,0.0,0.0,legacy,2024
ETND,3,2,1,1,departures,0.3333333333333333,0.3333333333333333,legacy,2024
EKHD,3,0,0,0,departures,0.0,0.0,legacy,2024
LIRJ,3,0,0,0,departures,0.0,0.0,legacy,2024
ENOC,3,0,0,0,departures,0.0,0.0,legacy,2024
EHQM,3,0,0,0,departures,0.0,0.0,legacy,2024
ENUA,3,0,0,0,departures,0.0,0.0,legacy,2024
LEGT,3,3,3,3,departures,1.0,1.0,legacy,2024
EKHB,3,0,0,0,departures,0.0,0.0,legacy,2024
LTAL,3,0,0,0,departures,0.0,0.0,legacy,2024
LRSM,3,0,0,0,departures,0.0,0.0,legacy,2024
ENDR,3,0,0,0,departures,0.0,0.0,legacy,2024
LFGJ,3,3,3,3,departures,1.0,1.0,legacy,2024
EKTW,3,0,0,0,departures,0.0,0.0,legacy,2024
BIBD,3,0,0,0,departures,0.0,0.0,legacy,2024
LGSO,3,0,0,0,departures,0.0,0.0,legacy,2024
ENQD,3,0,0,0,departures,0.0,0.0,legacy,2024
EDAB,3,1,0,0,departures,0.0,0.0,legacy,2024
LECU,3,1,1,1,departures,0.3333333333333333,0.3333333333333333,legacy,2024
ENXW,3,0,0,0,departures,0.0,0.0,legacy,2024
ENWI,3,0,0,0,departures,0.0,0.0,legacy,2024
ENQA,3,0,0,0,departures,0.0,0.0,legacy,2024
EFIV,3,0,0,0,departures,0.0,0.0,legacy,2024
LTBZ,3,0,0,0,arrivals,0.0,0.0,legacy,2024
LFOZ,3,2,0,0,arrivals,0.0,0.0,legacy,2024
LIQS,3,0,0,0,arrivals,0.0,0.0,legacy,2024
LFMQ,3,2,2,2,arrivals,0.6666666666666666,0.6666666666666666,legacy,2024
EDRY,3,3,0,0,arrivals,0.0,0.0,legacy,2024
ENQC,3,0,0,0,arrivals,0.0,0.0,legacy,2024
EGBJ,3,2,2,2,arrivals,0.6666666666666666,0.6666666666666666,legacy,2024
LFLS,3,2,2,2,arrivals,0.6666666666666666,0.6666666666666666,legacy,2024
EFKE,3,0,0,0,arrivals,0.0,0.0,legacy,2024
LFLX,3,0,0,0,arrivals,0.0,0.0,legacy,2024
LFSN,3,2,2,2,arrivals,0.6666666666666666,0.6666666666666666,legacy,2024
EKHA,3,0,0,0,arrivals,0.0,0.0,legacy,2024
EHKV,3,0,0,0,arrivals,0.0,0.0,legacy,2024
URWW,3,0,0,0,arrivals,0.0,0.0,legacy,2024
BIGR,3,0,0,0,arrivals,0.0,0.0,legacy,2024
ENQS,3,0,0,0,arrivals,0.0,0.0,legacy,2024
ENGC,3,0,0,0,arrivals,0.0,0.0,legacy,2024
ENFB,3,0,0,0,arrivals,0.0,0.0,legacy,2024
EHQM,3,0,0,0,arrivals,0.0,0.0,legacy,2024
ENUA,3,0,0,0,arrivals,0.0,0.0,legacy,2024
DAUG,3,0,0,0,arrivals,0.0,0.0,legacy,2024
LEGT,3,3,3,3,arrivals,1.0,1.0,legacy,2024
LTAL,3,0,0,0,arrivals,0.0,0.0,legacy,2024
ENQR,3,0,0,0,arrivals,0.0,0.0,legacy,2024
LDSB,3,0,0,0,arrivals,0.0,0.0,legacy,2024
LRSM,3,0,0,0,arrivals,0.0,0.0,legacy,2024
ENDR,3,0,0,0,arrivals,0.0,0.0,legacy,2024
LTFC,3,0,0,0,arrivals,0.0,0.0,legacy,2024
EGLK,3,3,3,3,arrivals,1.0,1.0,legacy,2024
EPSY,3,3,2,2,arrivals,0.6666666666666666,0.6666666666666666,legacy,2024
EHAK,3,0,0,0,arrivals,0.0,0.0,legacy,2024
ENQD,3,0,0,0,arrivals,0.0,0.0,legacy,2024
EDAB,3,2,0,0,arrivals,0.0,0.0,legacy,2024
EDQG,3,3,0,0,arrivals,0.0,0.0,legacy,2024
LFAT,3,1,0,1,arrivals,0.0,0.3333333333333333,legacy,2024
LIRJ,3,0,0,0,arrivals,0.0,0.0,legacy,2024
ENXW,3,0,0,0,arrivals,0.0,0.0,legacy,2024
EDAZ,3,3,0,0,arrivals,0.0,0.0,legacy,2024
URMS,3,0,0,0,arrivals,0.0,0.0,legacy,2024
EGNH,3,3,2,2,arrivals,0.6666666666666666,0.6666666666666666,legacy,2024
LFGJ,3,3,3,3,arrivals,1.0,1.0,legacy,2024
ENUD,3,0,0,0,arrivals,0.0,0.0,legacy,2024
EFIV,3,0,0,0,arrivals,0.0,0.0,legacy,2024
ENUB,3,0,0,0,arrivals,0.0,0.0,legacy,2024
DAUH,2,0,0,0,departures,0.0,0.0,legacy,2024
LFQG,2,0,0,0,departures,0.0,0.0,legacy,2024
EHPK,2,0,0,0,departures,0.0,0.0,legacy,2024
EGTC,2,2,2,6,departures,1.0,3.0,legacy,2024
EHJA,2,0,0,0,departures,0.0,0.0,legacy,2024
LSMP,2,1,1,6,departures,0.5,3.0,legacy,2024
LSZS,2,1,0,0,departures,0.0,0.0,legacy,2024
ENSF,2,0,0,0,departures,0.0,0.0,legacy,2024
LGKJ,2,0,0,0,departures,0.0,0.0,legacy,2024
ENQV,2,0,0,0,departures,0.0,0.0,legacy,2024
BIVO,2,0,0,0,departures,0.0,0.0,legacy,2024
EDQM,2,1,1,1,departures,0.5,0.5,legacy,2024
LFOH,2,1,1,2,departures,0.5,1.0,legacy,2024
ENXO,2,0,0,0,departures,0.0,0.0,legacy,2024
URWA,2,0,0,0,departures,0.0,0.0,legacy,2024
OJAQ,2,0,0,0,departures,0.0,0.0,legacy,2024
GMAT,2,0,0,0,departures,0.0,0.0,legacy,2024
ESSP,2,0,0,0,departures,0.0,0.0,legacy,2024
LFSN,2,0,0,0,departures,0.0,0.0,legacy,2024
ENQG,2,0,0,0,departures,0.0,0.0,legacy,2024
EHKV,2,0,0,0,departures,0.0,0.0,legacy,2024
EHMR,2,0,0,0,departures,0.0,0.0,legacy,2024
ENQB,2,0,0,0,departures,0.0,0.0,legacy,2024
ESOK,2,0,0,0,departures,0.0,0.0,legacy,2024
DAOI,2,0,0,0,departures,0.0,0.0,legacy,2024
EKDF,2,0,0,0,departures,0.0,0.0,legacy,2024
ENFB,2,0,0,0,departures,0.0,0.0,legacy,2024
EFKT,2,0,0,0,departures,0.0,0.0,legacy,2024
EGVN,2,2,2,2,departures,1.0,1.0,legacy,2024
DAUG,2,0,0,0,departures,0.0,0.0,legacy,2024
UDSG,2,0,0,0,departures,0.0,0.0,legacy,2024
LESU,2,0,0,0,departures,0.0,0.0,legacy,2024
ENQE,2,0,0,0,departures,0.0,0.0,legacy,2024
GMMB,2,0,0,0,departures,0.0,0.0,legacy,2024
ENUN,2,0,0,0,departures,0.0,0.0,legacy,2024
ENQR,2,0,0,0,departures,0.0,0.0,legacy,2024
ENLA,2,0,0,0,departures,0.0,0.0,legacy,2024
LDSB,2,0,0,0,departures,0.0,0.0,legacy,2024
EGNL,2,0,0,0,departures,0.0,0.0,legacy,2024
LFRD,2,0,0,0,departures,0.0,0.0,legacy,2024
LHPR,2,1,1,1,departures,0.5,0.5,legacy,2024
LTFC,2,0,0,0,departures,0.0,0.0,legacy,2024
LFBU,2,1,1,1,departures,0.5,0.5,legacy,2024
LTBU,2,1,0,0,departures,0.0,0.0,legacy,2024
UWSG,2,1,1,1,departures,0.5,0.5,legacy,2024
LIQS,2,1,0,0,departures,0.0,0.0,legacy,2024
LKMH,2,2,0,0,departures,0.0,0.0,legacy,2024
EHTW,2,2,2,2,departures,1.0,1.0,legacy,2024
LFOP,2,0,0,0,departures,0.0,0.0,legacy,2024
DABT,2,0,0,0,departures,0.0,0.0,legacy,2024
EGBJ,2,1,0,0,departures,0.0,0.0,legacy,2024
EDMS,2,0,0,0,departures,0.0,0.0,legacy,2024
BITN,2,0,0,0,departures,0.0,0.0,legacy,2024
EGTB,2,2,0,0,departures,0.0,0.0,legacy,2024
EDQG,2,2,0,0,departures,0.0,0.0,legacy,2024
ENUS,2,0,0,0,departures,0.0,0.0,legacy,2024
LTCM,2,0,0,0,departures,0.0,0.0,legacy,2024
EKHA,2,0,0,0,departures,0.0,0.0,legacy,2024
ETMN,2,2,2,2,departures,1.0,1.0,legacy,2024
LFLI,2,2,2,5,departures,1.0,2.5,legacy,2024
ORNI,2,0,0,0,departures,0.0,0.0,legacy,2024
LFAT,2,1,0,0,departures,0.0,0.0,legacy,2024
ENQK,2,0,0,0,departures,0.0,0.0,legacy,2024
ENQS,2,0,0,0,departures,0.0,0.0,legacy,2024
ENSE,2,0,0,0,departures,0.0,0.0,legacy,2024
ENBE,2,0,0,0,departures,0.0,0.0,legacy,2024
LCRA,2,0,0,0,departures,0.0,0.0,legacy,2024
ULWC,2,0,0,0,departures,0.0,0.0,legacy,2024
EFKS,2,0,0,0,departures,0.0,0.0,legacy,2024
EVGA,2,2,0,0,departures,0.0,0.0,legacy,2024
EHBL,2,0,0,0,departures,0.0,0.0,legacy,2024
EIWT,2,0,0,0,departures,0.0,0.0,legacy,2024
LKVO,2,2,0,0,departures,0.0,0.0,legacy,2024
LIRE,2,0,0,0,departures,0.0,0.0,legacy,2024
ENUK,2,0,0,0,departures,0.0,0.0,legacy,2024
ENUD,2,0,0,0,departures,0.0,0.0,legacy,2024
EDAH,2,1,0,0,departures,0.0,0.0,legacy,2024
ENQJ,2,0,0,0,departures,0.0,0.0,legacy,2024
ENUB,2,0,0,0,departures,0.0,0.0,legacy,2024
DAUH,2,0,0,0,arrivals,0.0,0.0,legacy,2024
LGSO,2,0,0,0,arrivals,0.0,0.0,legacy,2024
LFQG,2,0,0,0,arrivals,0.0,0.0,legacy,2024
ENQO,2,0,0,0,arrivals,0.0,0.0,legacy,2024
LFLU,2,2,2,2,arrivals,1.0,1.0,legacy,2024
EHJA,2,0,0,0,arrivals,0.0,0.0,legacy,2024
LSMP,2,1,0,4,arrivals,0.0,2.0,legacy,2024
LSZS,2,2,0,0,arrivals,0.0,0.0,legacy,2024
UWSG,2,0,0,0,arrivals,0.0,0.0,legacy,2024
EHTW,2,2,2,2,arrivals,1.0,1.0,legacy,2024
EDQM,2,2,2,3,arrivals,1.0,1.5,legacy,2024
EGFE,2,0,0,0,arrivals,0.0,0.0,legacy,2024
EHKJ,2,0,0,0,arrivals,0.0,0.0,legacy,2024
EHGQ,2,0,0,0,arrivals,0.0,0.0,legacy,2024
LFOH,2,2,1,4,arrivals,0.5,2.0,legacy,2024
EDMS,2,1,0,0,arrivals,0.0,0.0,legacy,2024
OJAQ,2,0,0,0,arrivals,0.0,0.0,legacy,2024
GMAT,2,0,0,0,arrivals,0.0,0.0,legacy,2024
BITN,2,0,0,0,arrivals,0.0,0.0,legacy,2024
LHKK,2,2,0,0,arrivals,0.0,0.0,legacy,2024
EGBP,2,2,0,0,arrivals,0.0,0.0,legacy,2024
LFLI,2,1,1,1,arrivals,0.5,0.5,legacy,2024
EDFE,2,2,2,4,arrivals,1.0,2.0,legacy,2024
ENSE,2,0,0,0,arrivals,0.0,0.0,legacy,2024
ESOK,2,1,1,2,arrivals,0.5,1.0,legacy,2024
EHJF,2,0,0,0,arrivals,0.0,0.0,legacy,2024
ENOC,2,0,0,0,arrivals,0.0,0.0,legacy,2024
ENBE,2,0,0,0,arrivals,0.0,0.0,legacy,2024
EKDF,2,0,0,0,arrivals,0.0,0.0,legacy,2024
EFKT,2,0,0,0,arrivals,0.0,0.0,legacy,2024
DTTX,2,0,0,0,arrivals,0.0,0.0,legacy,2024
EGVN,2,1,0,0,arrivals,0.0,0.0,legacy,2024
ULWC,2,0,0,0,arrivals,0.0,0.0,legacy,2024
EFKS,2,0,0,0,arrivals,0.0,0.0,legacy,2024
EHFR,2,0,0,0,arrivals,0.0,0.0,legacy,2024
UDSG,2,0,0,0,arrivals,0.0,0.0,legacy,2024
EVGA,2,0,0,0,arrivals,0.0,0.0,legacy,2024
EKHB,2,0,0,0,arrivals,0.0,0.0,legacy,2024
ENQE,2,0,0,0,arrivals,0.0,0.0,legacy,2024
EHGN,2,0,0,0,arrivals,0.0,0.0,legacy,2024
ESOW,2,2,2,2,arrivals,1.0,1.0,legacy,2024
ENUN,2,0,0,0,arrivals,0.0,0.0,legacy,2024
LKVO,2,2,2,2,arrivals,1.0,1.0,legacy,2024
ENLA,2,0,0,0,arrivals,0.0,0.0,legacy,2024
EGNL,2,1,0,0,arrivals,0.0,0.0,legacy,2024
EDRZ,2,1,0,0,arrivals,0.0,0.0,legacy,2024
LFOP,2,1,1,1,arrivals,0.5,0.5,legacy,2024
BIVO,2,0,0,0,arrivals,0.0,0.0,legacy,2024
LIRU,2,2,2,16,arrivals,1.0,8.0,legacy,2024
URWA,2,0,0,0,arrivals,0.0,0.0,legacy,2024
ENWE,2,0,0,0,arrivals,0.0,0.0,legacy,2024
ESSP,2,1,1,1,arrivals,0.5,0.5,legacy,2024
LTCM,2,0,0,0,arrivals,0.0,0.0,legacy,2024
ETMN,2,2,2,2,arrivals,1.0,1.0,legacy,2024
ORNI,2,0,0,0,arrivals,0.0,0.0,legacy,2024
DAOI,2,0,0,0,arrivals,0.0,0.0,legacy,2024
LCRA,2,2,1,1,arrivals,0.5,0.5,legacy,2024
EGTF,2,2,0,0,arrivals,0.0,0.0,legacy,2024
ENWA,2,0,0,0,arrivals,0.0,0.0,legacy,2024
LPBG,2,1,0,0,arrivals,0.0,0.0,legacy,2024
EKSI,2,0,0,0,arrivals,0.0,0.0,legacy,2024
LESA,2,0,0,0,arrivals,0.0,0.0,legacy,2024
EHFB,2,0,0,0,arrivals,0.0,0.0,legacy,2024
ENUK,2,0,0,0,arrivals,0.0,0.0,legacy,2024
LHPR,2,1,1,1,arrivals,0.5,0.5,legacy,2024
ENQJ,2,0,0,0,arrivals,0.0,0.0,legacy,2024
ENWR,1,0,0,0,departures,0.0,0.0,legacy,2024
EDAV,1,1,0,0,departures,0.0,0.0,legacy,2024
HEAL,1,0,0,0,departures,0.0,0.0,legacy,2024
LFMQ,1,1,1,1,departures,1.0,1.0,legacy,2024
ETAR,1,1,1,1,departures,1.0,1.0,legacy,2024
EHKG,1,0,0,0,departures,0.0,0.0,legacy,2024
EDXJ,1,1,0,0,departures,0.0,0.0,legacy,2024
UMGG,1,0,0,0,departures,0.0,0.0,legacy,2024
EDLE,1,1,0,0,departures,0.0,0.0,legacy,2024
EDAY,1,0,0,0,departures,0.0,0.0,legacy,2024
LFEV,1,1,0,0,departures,0.0,0.0,legacy,2024
DTKA,1,0,0,0,departures,0.0,0.0,legacy,2024
LIPV,1,1,0,0,departures,0.0,0.0,legacy,2024
LFBA,1,0,0,0,departures,0.0,0.0,legacy,2024
EGBP,1,1,0,0,departures,0.0,0.0,legacy,2024
OETB,1,0,0,0,departures,0.0,0.0,legacy,2024
LFGF,1,1,0,0,departures,0.0,0.0,legacy,2024
LEDA,1,0,0,0,departures,0.0,0.0,legacy,2024
EHFO,1,0,0,0,departures,0.0,0.0,legacy,2024
EDAE,1,0,0,0,departures,0.0,0.0,legacy,2024
EHJF,1,0,0,0,departures,0.0,0.0,legacy,2024
EHQT,1,0,0,0,departures,0.0,0.0,legacy,2024
LFAQ,1,1,0,0,departures,0.0,0.0,legacy,2024
ENWK,1,0,0,0,departures,0.0,0.0,legacy,2024
LFRI,1,0,0,0,departures,0.0,0.0,legacy,2024
USKK,1,0,0,0,departures,0.0,0.0,legacy,2024
EHJM,1,0,0,0,departures,0.0,0.0,legacy,2024
LESA,1,0,0,0,departures,0.0,0.0,legacy,2024
EHPG,1,0,0,0,departures,0.0,0.0,legacy,2024
EHGN,1,0,0,0,departures,0.0,0.0,legacy,2024
EKAF,1,0,0,0,departures,0.0,0.0,legacy,2024
LSZG,1,0,0,1,departures,0.0,1.0,legacy,2024
EBMB,1,1,0,0,departures,0.0,0.0,legacy,2024
DTTZ,1,0,0,0,departures,0.0,0.0,legacy,2024
LGKZ,1,0,0,0,departures,0.0,0.0,legacy,2024
LRTC,1,0,0,0,departures,0.0,0.0,legacy,2024
LKKB,1,0,0,0,departures,0.0,0.0,legacy,2024
EDRK,1,0,0,0,departures,0.0,0.0,legacy,2024
EFLP,1,0,0,0,departures,0.0,0.0,legacy,2024
ENQO,1,0,0,0,departures,0.0,0.0,legacy,2024
GMAZ,1,0,0,0,departures,0.0,0.0,legacy,2024
ULPB,1,0,0,0,departures,0.0,0.0,legacy,2024
ENQL,1,0,0,0,departures,0.0,0.0,legacy,2024
LLOV,1,0,0,0,departures,0.0,0.0,legacy,2024
ENXK,1,0,0,0,departures,0.0,0.0,legacy,2024
UGSA,1,0,0,0,departures,0.0,0.0,legacy,2024
EGFE,1,1,0,0,departures,0.0,0.0,legacy,2024
ENUE,1,0,0,0,departures,0.0,0.0,legacy,2024
LFQA,1,1,0,0,departures,0.0,0.0,legacy,2024
LFDI,1,1,0,0,departures,0.0,0.0,legacy,2024
LIRU,1,1,1,1,departures,1.0,1.0,legacy,2024
LKLN,1,1,1,2,departures,1.0,2.0,legacy,2024
EHFQ,1,0,0,0,departures,0.0,0.0,legacy,2024
EHMG,1,0,0,0,departures,0.0,0.0,legacy,2024
LKHK,1,0,0,0,departures,0.0,0.0,legacy,2024
LPBJ,1,1,1,1,departures,1.0,1.0,legacy,2024
LDLO,1,1,0,0,departures,0.0,0.0,legacy,2024
EHMA,1,0,0,0,departures,0.0,0.0,legacy,2024
ENNE,1,0,0,0,departures,0.0,0.0,legacy,2024
URMT,1,1,1,1,departures,1.0,1.0,legacy,2024
LIPN,1,0,0,0,departures,0.0,0.0,legacy,2024
LRAR,1,0,0,0,departures,0.0,0.0,legacy,2024
LFLH,1,1,0,0,departures,0.0,0.0,legacy,2024
EGQS,1,0,0,0,departures,0.0,0.0,legacy,2024
ENQM,1,0,0,0,departures,0.0,0.0,legacy,2024
EHKS,1,0,0,0,departures,0.0,0.0,legacy,2024
EDFE,1,1,1,45,departures,1.0,45.0,legacy,2024
LPPM,1,1,0,1,departures,0.0,1.0,legacy,2024
LFSG,1,0,0,0,departures,0.0,0.0,legacy,2024
HLLQ,1,0,0,0,departures,0.0,0.0,legacy,2024
EDWI,1,0,0,0,departures,0.0,0.0,legacy,2024
EDTL,1,1,1,1,departures,1.0,1.0,legacy,2024
ULOO,1,1,0,0,departures,0.0,0.0,legacy,2024
EHKX,1,0,0,0,departures,0.0,0.0,legacy,2024
LFPV,1,1,1,1,departures,1.0,1.0,legacy,2024
EHLU,1,0,0,0,departures,0.0,0.0,legacy,2024
EGTF,1,1,0,0,departures,0.0,0.0,legacy,2024
ENWA,1,0,0,0,departures,0.0,0.0,legacy,2024
LFPT,1,0,0,0,departures,0.0,0.0,legacy,2024
DAAV,1,0,0,0,departures,0.0,0.0,legacy,2024
OENN,1,0,0,0,departures,0.0,0.0,legacy,2024
BIHN,1,0,0,0,departures,0.0,0.0,legacy,2024
LPBG,1,0,0,0,departures,0.0,0.0,legacy,2024
LHSM,1,1,1,1,departures,1.0,1.0,legacy,2024
LKKU,1,0,0,0,departures,0.0,0.0,legacy,2024
LFRE,1,1,1,2,departures,1.0,2.0,legacy,2024
UUBC,1,0,0,0,departures,0.0,0.0,legacy,2024
UUBI,1,0,0,0,departures,0.0,0.0,legacy,2024
UKLU,1,0,0,0,departures,0.0,0.0,legacy,2024
LGKA,1,0,0,0,departures,0.0,0.0,legacy,2024
LFGA,1,1,1,1,departures,1.0,1.0,legacy,2024
EHFB,1,0,0,0,departures,0.0,0.0,legacy,2024
LOIJ,1,1,0,0,departures,0.0,0.0,legacy,2024
GMMD,1,0,0,0,departures,0.0,0.0,legacy,2024
LPVZ,1,1,0,0,departures,0.0,0.0,legacy,2024
BIGJ,1,0,0,0,departures,0.0,0.0,legacy,2024
LJPZ,1,1,1,1,departures,1.0,1.0,legacy,2024
EHKE,1,0,0,0,departures,0.0,0.0,legacy,2024
UBBL,1,0,0,0,departures,0.0,0.0,legacy,2024
LFOV,1,0,0,0,departures,0.0,0.0,legacy,2024
UWLL,1,0,0,0,departures,0.0,0.0,legacy,2024
ENDP,1,0,0,0,departures,0.0,0.0,legacy,2024
LJMB,1,0,0,1,departures,0.0,1.0,legacy,2024
EGXC,1,1,1,1,departures,1.0,1.0,legacy,2024
ESGT,1,0,0,0,departures,0.0,0.0,legacy,2024
EGTC,1,1,1,1,arrivals,1.0,1.0,legacy,2024
EHFT,1,0,0,0,arrivals,0.0,0.0,legacy,2024
ENQV,1,0,0,0,arrivals,0.0,0.0,legacy,2024
EDXJ,1,1,0,0,arrivals,0.0,0.0,legacy,2024
LFPM,1,0,0,1,arrivals,0.0,1.0,legacy,2024
UMGG,1,0,0,0,arrivals,0.0,0.0,legacy,2024
OJAM,1,0,0,0,arrivals,0.0,0.0,legacy,2024
LIPV,1,1,0,0,arrivals,0.0,0.0,legacy,2024
LFBA,1,0,0,0,arrivals,0.0,0.0,legacy,2024
LFGF,1,1,0,0,arrivals,0.0,0.0,legacy,2024
EHFD,1,0,0,0,arrivals,0.0,0.0,legacy,2024
EDAE,1,0,0,0,arrivals,0.0,0.0,legacy,2024
ENQB,1,0,0,0,arrivals,0.0,0.0,legacy,2024
EHQT,1,0,0,0,arrivals,0.0,0.0,legacy,2024
LFAQ,1,1,0,0,arrivals,0.0,0.0,legacy,2024
ENWK,1,0,0,0,arrivals,0.0,0.0,legacy,2024
EDTL,1,1,1,1,arrivals,1.0,1.0,legacy,2024
LFPV,1,1,1,1,arrivals,1.0,1.0,legacy,2024
HEAR,1,0,0,0,arrivals,0.0,0.0,legacy,2024
USKK,1,0,0,0,arrivals,0.0,0.0,legacy,2024
EDFB,1,1,0,0,arrivals,0.0,0.0,legacy,2024
EHJM,1,0,0,0,arrivals,0.0,0.0,legacy,2024
LESU,1,0,0,0,arrivals,0.0,0.0,legacy,2024
LHSM,1,1,1,1,arrivals,1.0,1.0,legacy,2024
EHPG,1,0,0,0,arrivals,0.0,0.0,legacy,2024
EFPO,1,0,0,0,arrivals,0.0,0.0,legacy,2024
EKAF,1,0,0,0,arrivals,0.0,0.0,legacy,2024
GMMD,1,0,0,0,arrivals,0.0,0.0,legacy,2024
BIGJ,1,0,0,0,arrivals,0.0,0.0,legacy,2024
LFHQ,1,0,0,0,arrivals,0.0,0.0,legacy,2024
LFOV,1,1,1,1,arrivals,1.0,1.0,legacy,2024
EKTW,1,0,0,0,arrivals,0.0,0.0,legacy,2024
EDRK,1,1,0,0,arrivals,0.0,0.0,legacy,2024
EGXC,1,1,1,1,arrivals,1.0,1.0,legacy,2024
ESGT,1,0,0,0,arrivals,0.0,0.0,legacy,2024
EFLP,1,0,0,0,arrivals,0.0,0.0,legacy,2024
ULAA,1,1,1,1,arrivals,1.0,1.0,legacy,2024
EHPK,1,0,0,0,arrivals,0.0,0.0,legacy,2024
LFBU,1,0,0,0,arrivals,0.0,0.0,legacy,2024
LFPN,1,1,1,1,arrivals,1.0,1.0,legacy,2024
LFRC,1,0,0,0,arrivals,0.0,0.0,legacy,2024
GMAZ,1,0,0,0,arrivals,0.0,0.0,legacy,2024
LTBU,1,0,0,0,arrivals,0.0,0.0,legacy,2024
ULPB,1,0,0,0,arrivals,0.0,0.0,legacy,2024
ENQL,1,0,0,0,arrivals,0.0,0.0,legacy,2024
LLOV,1,0,0,0,arrivals,0.0,0.0,legacy,2024
HEAL,1,0,0,0,arrivals,0.0,0.0,legacy,2024
ENXK,1,0,0,0,arrivals,0.0,0.0,legacy,2024
UGSA,1,0,0,0,arrivals,0.0,0.0,legacy,2024
ETAR,1,1,1,1,arrivals,1.0,1.0,legacy,2024
DABT,1,0,0,0,arrivals,0.0,0.0,legacy,2024
LFQA,1,1,0,0,arrivals,0.0,0.0,legacy,2024
ENXB,1,0,0,0,arrivals,0.0,0.0,legacy,2024
LKLN,1,1,1,1,arrivals,1.0,1.0,legacy,2024
ENXO,1,0,0,0,arrivals,0.0,0.0,legacy,2024
EHFQ,1,0,0,0,arrivals,0.0,0.0,legacy,2024
LFAV,1,0,0,4,arrivals,0.0,4.0,legacy,2024
LPBJ,1,1,1,1,arrivals,1.0,1.0,legacy,2024
LDLO,1,1,0,0,arrivals,0.0,0.0,legacy,2024
EGTB,1,1,0,0,arrivals,0.0,0.0,legacy,2024
EHMA,1,0,0,0,arrivals,0.0,0.0,legacy,2024
ENNE,1,0,0,0,arrivals,0.0,0.0,legacy,2024
DTKA,1,0,0,0,arrivals,0.0,0.0,legacy,2024
LRAR,1,0,0,0,arrivals,0.0,0.0,legacy,2024
LFLH,1,1,0,0,arrivals,0.0,0.0,legacy,2024
EGQS,1,0,0,0,arrivals,0.0,0.0,legacy,2024
LEDA,1,0,0,0,arrivals,0.0,0.0,legacy,2024
ENQM,1,0,0,0,arrivals,0.0,0.0,legacy,2024
EHKS,1,0,0,0,arrivals,0.0,0.0,legacy,2024
EDBJ,1,1,0,0,arrivals,0.0,0.0,legacy,2024
LPPM,1,1,1,2,arrivals,1.0,2.0,legacy,2024
ENQK,1,0,0,0,arrivals,0.0,0.0,legacy,2024
EPSK,1,0,0,0,arrivals,0.0,0.0,legacy,2024
LFSG,1,0,0,0,arrivals,0.0,0.0,legacy,2024
EHMR,1,0,0,0,arrivals,0.0,0.0,legacy,2024
ENWG,1,0,0,0,arrivals,0.0,0.0,legacy,2024
EKGC,1,0,0,0,arrivals,0.0,0.0,legacy,2024
EDWI,1,0,0,0,arrivals,0.0,0.0,legacy,2024
ULOO,1,0,0,0,arrivals,0.0,0.0,legacy,2024
LZZI,1,1,0,0,arrivals,0.0,0.0,legacy,2024
DAAV,1,0,0,0,arrivals,0.0,0.0,legacy,2024
BIHN,1,0,0,0,arrivals,0.0,0.0,legacy,2024
EDGE,1,1,1,3,arrivals,1.0,3.0,legacy,2024
EDLN,1,1,1,1,arrivals,1.0,1.0,legacy,2024
LKKU,1,1,1,4,arrivals,1.0,4.0,legacy,2024
LFRE,1,1,0,1,arrivals,0.0,1.0,legacy,2024
ENWI,1,0,0,0,arrivals,0.0,0.0,legacy,2024
ENXZ,1,0,0,0,arrivals,0.0,0.0,legacy,2024
UUBC,1,0,0,0,arrivals,0.0,0.0,legacy,2024
UUBI,1,0,0,0,arrivals,0.0,0.0,legacy,2024
LGKA,1,0,0,0,arrivals,0.0,0.0,legacy,2024
EHKP,1,0,0,0,arrivals,0.0,0.0,legacy,2024
GMMB,1,0,0,0,arrivals,0.0,0.0,legacy,2024
LFGA,1,1,1,1,arrivals,1.0,1.0,legacy,2024
EIWT,1,0,0,0,arrivals,0.0,0.0,legacy,2024
LOIJ,1,0,0,0,arrivals,0.0,0.0,legacy,2024
LIRE,1,1,1,43,arrivals,1.0,43.0,legacy,2024
LILE,1,1,1,1,arrivals,1.0,1.0,legacy,2024
LJPZ,1,1,1,1,arrivals,1.0,1.0,legacy,2024
EBMB,1,1,0,0,arrivals,0.0,0.0,legacy,2024
UBBL,1,0,0,0,arrivals,0.0,0.0,legacy,2024
DTTZ,1,0,0,0,arrivals,0.0,0.0,legacy,2024
UWLL,1,0,0,0,arrivals,0.0,0.0,legacy,2024
LGKZ,1,0,0,0,arrivals,0.0,0.0,legacy,2024
EDAH,1,1,1,2,arrivals,1.0,2.0,legacy,2024
LFRD,1,1,1,1,arrivals,1.0,1.0,legacy,2024
ENDP,1,0,0,0,arrivals,0.0,0.0,legacy,2024
OOA,7408,474,411,585,arrivals,0.055480561555075594,0.07896868250539957,trend,2024
OOA,7371,821,754,863,departures,0.10229276895943562,0.11708045041378375,trend,2024
LFPG,2124,1886,1859,1868,departures,0.8752354048964218,0.879472693032015,trend,2024
EHAM,2123,1948,1938,1954,departures,0.9128591615638247,0.9203956665096561,trend,2024
EHAM,2119,1761,1750,1771,arrivals,0.825861255309108,0.8357715903728173,trend,2024
LFPG,2118,1633,1616,1634,arrivals,0.7629839471199245,0.7714825306893296,trend,2024
LTFM,2104,1838,1833,1844,departures,0.8711977186311787,0.876425855513308,trend,2024
LTFM,2073,1669,1655,1676,arrivals,0.7983598649300531,0.8084901109503135,trend,2024
EGLL,2023,1857,1856,1884,departures,0.9174493326742462,0.9312901631240732,trend,2024
EGLL,2017,1568,1548,1644,arrivals,0.7674764501735251,0.8150718889439762,trend,2024
EDDF,1981,1839,1836,1845,departures,0.9268046441191318,0.9313478041393236,trend,2024
EDDF,1973,1593,1586,1598,arrivals,0.8038520020273695,0.8099341104916371,trend,2024
LEMD,1789,1451,1436,1448,arrivals,0.8026830631637787,0.8093907210732253,trend,2024
LEMD,1788,1612,1601,1609,departures,0.895413870246085,0.8998881431767338,trend,2024
LEBL,1563,1446,1442,1450,departures,0.9225847728726807,0.927703134996801,trend,2024
LEBL,1563,1387,1382,1391,arrivals,0.8841970569417786,0.889955214331414,trend,2024
LIRF,1464,1197,1192,1198,arrivals,0.8142076502732241,0.8183060109289617,trend,2024
LIRF,1463,1318,1317,1326,departures,0.9002050580997949,0.9063568010936432,trend,2024
EDDM,1459,1302,1288,1307,arrivals,0.8827964359150103,0.8958190541466758,trend,2024
EDDM,1452,1362,1355,1362,departures,0.9331955922865014,0.9380165289256198,trend,2024
LTAI,1327,322,311,314,departures,0.2343632253202713,0.23662396382818388,trend,2024
LEPA,1320,1087,1081,1088,arrivals,0.818939393939394,0.8242424242424242,trend,2024
LTAI,1309,167,154,154,arrivals,0.11764705882352941,0.11764705882352941,trend,2024
LEPA,1302,1051,1044,1046,departures,0.8018433179723502,0.8033794162826421,trend,2024
LGAV,1283,434,412,413,arrivals,0.3211223694466095,0.32190179267342167,trend,2024
LGAV,1273,1017,1012,1030,departures,0.7949725058915946,0.8091123330714847,trend,2024
EGKK,1261,1111,1110,1110,arrivals,0.880253766851705,0.880253766851705,trend,2024
EGKK,1260,1183,1183,1214,departures,0.9388888888888889,0.9634920634920635,trend,2024
LOWW,1171,1066,1061,1068,departures,0.9060631938514091,0.9120409906063194,trend,2024
LOWW,1160,999,997,1005,arrivals,0.8594827586206897,0.8663793103448276,trend,2024
EKCH,1157,972,966,974,arrivals,0.8349178910976663,0.8418323249783924,trend,2024
EKCH,1152,1021,1014,1016,departures,0.8802083333333334,0.8819444444444444,trend,2024
LSZH,1138,1064,1048,1062,departures,0.9209138840070299,0.9332161687170475,trend,2024
EIDW,1135,991,987,993,arrivals,0.8696035242290749,0.8748898678414097,trend,2024
EIDW,1134,1036,1034,1039,departures,0.9118165784832452,0.9162257495590829,trend,2024
LSZH,1122,984,971,985,arrivals,0.8654188948306596,0.8778966131907309,trend,2024
ENGM,1093,995,991,1003,arrivals,0.9066788655077768,0.9176578225068619,trend,2024
ENGM,1087,1006,1004,1019,departures,0.9236430542778289,0.937442502299908,trend,2024
LPPT,988,925,922,922,departures,0.9331983805668016,0.9331983805668016,trend,2024
LTFJ,985,942,942,947,departures,0.9563451776649746,0.9614213197969543,trend,2024
LPPT,980,828,823,825,arrivals,0.8397959183673469,0.8418367346938775,trend,2024
LIMC,971,823,811,818,arrivals,0.835221421215242,0.8424304840370752,trend,2024
LTFJ,971,865,861,864,arrivals,0.8867147270854789,0.8898043254376931,trend,2024
LIMC,952,873,866,872,departures,0.9096638655462185,0.9159663865546218,trend,2024
LFPO,952,846,846,850,departures,0.8886554621848739,0.8928571428571429,trend,2024
LFPO,946,816,815,818,arrivals,0.861522198731501,0.864693446088795,trend,2024
EDDB,942,840,825,849,arrivals,0.8757961783439491,0.9012738853503185,trend,2024
EDDB,937,848,842,859,departures,0.8986125933831377,0.9167556029882604,trend,2024
EGCC,928,859,855,856,departures,0.9213362068965517,0.9224137931034483,trend,2024
EGCC,925,773,768,776,arrivals,0.8302702702702702,0.8389189189189189,trend,2024
EGSS,906,820,815,818,arrivals,0.8995584988962473,0.9028697571743929,trend,2024
EGSS,898,841,839,841,departures,0.9342984409799554,0.9365256124721604,trend,2024
EBBR,847,773,769,774,departures,0.9079102715466352,0.9138134592680047,trend,2024
ESSA,847,724,720,725,arrivals,0.8500590318772137,0.8559622195985832,trend,2024
EBBR,839,721,718,739,arrivals,0.8557806912991657,0.8808104886769964,trend,2024
ESSA,830,730,725,732,departures,0.8734939759036144,0.8819277108433735,trend,2024
EPWA,817,775,773,779,departures,0.9461444308445532,0.9534883720930233,trend,2024
EPWA,806,724,720,725,arrivals,0.8933002481389578,0.8995037220843672,trend,2024
LEMG,775,711,704,707,arrivals,0.9083870967741936,0.912258064516129,trend,2024
LEMG,769,704,699,703,departures,0.9089726918075423,0.9141742522756827,trend,2024
EDDL,758,694,687,698,departures,0.9063324538258575,0.920844327176781,trend,2024
EDDL,752,678,671,680,arrivals,0.8922872340425532,0.9042553191489362,trend,2024
LFMN,732,641,614,666,arrivals,0.8387978142076503,0.9098360655737705,trend,2024
LSGG,710,619,605,639,arrivals,0.852112676056338,0.9,trend,2024
LFMN,708,615,600,621,departures,0.847457627118644,0.8771186440677966,trend,2024
LSGG,702,636,622,643,departures,0.886039886039886,0.915954415954416,trend,2024
EFHK,661,584,580,581,arrivals,0.8774583963691377,0.8789712556732224,trend,2024
EFHK,654,608,606,607,departures,0.926605504587156,0.9281345565749235,trend,2024
LKPR,629,576,567,573,departures,0.9014308426073132,0.9109697933227345,trend,2024
LKPR,610,541,535,540,arrivals,0.8770491803278688,0.8852459016393442,trend,2024
EGGW,591,523,514,536,departures,0.8697123519458545,0.9069373942470389,trend,2024
EGPH,590,500,496,505,arrivals,0.8406779661016949,0.8559322033898306,trend,2024
EGPH,588,521,517,522,departures,0.8792517006802721,0.8877551020408163,trend,2024
EGGW,586,500,486,514,arrivals,0.8293515358361775,0.8771331058020477,trend,2024
EDDK,563,472,468,470,departures,0.8312611012433393,0.8348134991119005,trend,2024
EDDH,559,526,522,543,arrivals,0.9338103756708408,0.9713774597495528,trend,2024
EDDH,554,523,518,535,departures,0.9350180505415162,0.9657039711191335,trend,2024
EDDK,552,460,456,467,arrivals,0.8260869565217391,0.8460144927536232,trend,2024
LHBP,547,502,500,509,departures,0.9140767824497258,0.9305301645338209,trend,2024
LHBP,546,481,476,482,arrivals,0.8717948717948718,0.8827838827838828,trend,2024
LROP,527,451,444,450,departures,0.8425047438330171,0.8538899430740038,trend,2024
LROP,526,431,430,431,arrivals,0.8174904942965779,0.8193916349809885,trend,2024
LEAL,525,485,484,487,arrivals,0.9219047619047619,0.9276190476190476,trend,2024
LEAL,523,488,488,490,departures,0.9330783938814532,0.9369024856596558,trend,2024
LIML,514,445,424,436,departures,0.8249027237354085,0.8482490272373541,trend,2024
GCLP,510,4,0,0,arrivals,0.0,0.0,trend,2024
GCLP,507,0,0,0,departures,0.0,0.0,trend,2024
LPPR,503,440,437,440,arrivals,0.8687872763419483,0.8747514910536779,trend,2024
LPPR,498,459,456,458,departures,0.9156626506024096,0.9196787148594378,trend,2024
LIML,497,433,417,451,arrivals,0.8390342052313883,0.9074446680080482,trend,2024
LIME,492,460,458,460,arrivals,0.9308943089430894,0.9349593495934959,trend,2024
LIME,487,454,454,464,departures,0.9322381930184805,0.9527720739219713,trend,2024
LLBG,483,347,321,324,departures,0.6645962732919255,0.6708074534161491,trend,2024
LLBG,475,238,44,44,arrivals,0.09263157894736843,0.09263157894736843,trend,2024
LFML,472,398,395,399,arrivals,0.836864406779661,0.8453389830508474,trend,2024
LFML,467,396,396,402,departures,0.8479657387580299,0.860813704496788,trend,2024
LIRN,452,4,0,0,departures,0.0,0.0,trend,2024
LEIB,451,394,382,392,arrivals,0.8470066518847007,0.8691796008869179,trend,2024
LIRN,451,6,0,0,arrivals,0.0,0.0,trend,2024
EGBB,446,388,388,393,departures,0.8699551569506726,0.8811659192825112,trend,2024
EGBB,441,360,354,359,arrivals,0.8027210884353742,0.8140589569160998,trend,2024
LEIB,436,386,383,397,departures,0.8784403669724771,0.9105504587155964,trend,2024
LIPZ,429,367,357,367,arrivals,0.8321678321678322,0.8554778554778555,trend,2024
LFLL,424,296,282,287,arrivals,0.6650943396226415,0.6768867924528302,trend,2024
LFLL,422,356,356,367,departures,0.8436018957345972,0.8696682464454977,trend,2024
LIPZ,422,368,365,373,departures,0.8649289099526066,0.8838862559241706,trend,2024
ENBR,417,349,349,358,departures,0.8369304556354916,0.8585131894484412,trend,2024
ENBR,415,347,347,358,arrivals,0.8361445783132531,0.8626506024096385,trend,2024
EDDS,414,362,355,367,arrivals,0.857487922705314,0.8864734299516909,trend,2024
EDDS,408,359,352,357,departures,0.8627450980392157,0.875,trend,2024
LIPE,390,364,362,366,departures,0.9282051282051282,0.9384615384615385,trend,2024
LIPE,389,361,353,357,arrivals,0.9074550128534704,0.9177377892030848,trend,2024
LICC,387,3,1,1,departures,0.002583979328165375,0.002583979328165375,trend,2024
LICC,384,83,53,53,arrivals,0.13802083333333334,0.13802083333333334,trend,2024
LTAC,379,3,0,0,departures,0.0,0.0,trend,2024
EGGD,376,341,341,343,arrivals,0.9069148936170213,0.9122340425531915,trend,2024
EGGD,375,347,346,346,departures,0.9226666666666666,0.9226666666666666,trend,2024
LYBE,373,322,319,321,departures,0.8552278820375335,0.8605898123324397,trend,2024
LGIR,373,3,0,0,departures,0.0,0.0,trend,2024
LGIR,373,5,0,0,arrivals,0.0,0.0,trend,2024
EDDP,373,283,276,279,arrivals,0.739946380697051,0.7479892761394102,trend,2024
LTAC,368,9,0,0,arrivals,0.0,0.0,trend,2024
LEVC,365,1,0,0,arrivals,0.0,0.0,trend,2024
LYBE,364,306,305,309,arrivals,0.8379120879120879,0.8489010989010989,trend,2024
LEVC,359,1,0,0,departures,0.0,0.0,trend,2024
EDDP,358,282,281,284,departures,0.7849162011173184,0.7932960893854749,trend,2024
GMMN,354,4,0,0,departures,0.0,0.0,trend,2024
LFBO,354,305,303,309,arrivals,0.8559322033898306,0.8728813559322034,trend,2024
LPFR,353,325,321,330,arrivals,0.9093484419263456,0.9348441926345609,trend,2024
LPFR,350,328,327,332,departures,0.9342857142857143,0.9485714285714286,trend,2024
LFBO,350,308,306,309,departures,0.8742857142857143,0.8828571428571429,trend,2024
GMMN,348,1,0,0,arrivals,0.0,0.0,trend,2024
EGPF,340,270,269,270,arrivals,0.7911764705882353,0.7941176470588235,trend,2024
LFSB,336,309,304,306,arrivals,0.9047619047619048,0.9107142857142857,trend,2024
EGPF,334,3,1,1,departures,0.0029940119760479044,0.0029940119760479044,trend,2024
LFSB,330,306,302,302,departures,0.9151515151515152,0.9151515151515152,trend,2024
ELLX,328,290,283,290,arrivals,0.8628048780487805,0.8841463414634146,trend,2024
ELLX,327,294,291,296,departures,0.8899082568807339,0.9051987767584098,trend,2024
GCXO,327,0,0,0,departures,0.0,0.0,trend,2024
GCXO,327,1,0,0,arrivals,0.0,0.0,trend,2024
EPKK,325,302,301,303,departures,0.9261538461538461,0.9323076923076923,trend,2024
LATI,323,0,0,0,departures,0.0,0.0,trend,2024
LTBJ,323,2,0,0,departures,0.0,0.0,trend,2024
EPKK,322,294,294,297,arrivals,0.9130434782608695,0.922360248447205,trend,2024
LTBJ,320,3,0,0,arrivals,0.0,0.0,trend,2024
LATI,319,0,0,0,arrivals,0.0,0.0,trend,2024
LICJ,312,31,28,28,arrivals,0.08974358974358974,0.08974358974358974,trend,2024
LMML,311,279,275,279,departures,0.8842443729903537,0.8971061093247589,trend,2024
LICJ,310,258,258,261,departures,0.832258064516129,0.8419354838709677,trend,2024
BIKF,308,275,274,275,departures,0.8896103896103896,0.8928571428571429,trend,2024
LMML,308,269,266,273,arrivals,0.8636363636363636,0.8863636363636364,trend,2024
BIKF,306,95,94,95,arrivals,0.30718954248366015,0.3104575163398693,trend,2024
LCLK,302,207,150,153,departures,0.4966887417218543,0.5066225165562914,trend,2024
EBCI,298,283,283,285,departures,0.9496644295302014,0.9563758389261745,trend,2024
EBCI,298,282,281,283,arrivals,0.9429530201342282,0.9496644295302014,trend,2024
LCLK,298,216,172,177,arrivals,0.5771812080536913,0.5939597315436241,trend,2024
ENZV,297,63,62,62,arrivals,0.20875420875420875,0.20875420875420875,trend,2024
ENZV,295,52,52,52,departures,0.17627118644067796,0.17627118644067796,trend,2024
GCTS,295,0,0,0,departures,0.0,0.0,trend,2024
GCTS,294,1,0,0,arrivals,0.0,0.0,trend,2024
LGRP,291,275,274,274,arrivals,0.9415807560137457,0.9415807560137457,trend,2024
EGNX,288,239,236,239,departures,0.8194444444444444,0.8298611111111112,trend,2024
EGNX,287,226,221,226,arrivals,0.7700348432055749,0.7874564459930313,trend,2024
LGRP,284,266,265,265,departures,0.9330985915492958,0.9330985915492958,trend,2024
EVRA,282,255,255,258,departures,0.9042553191489362,0.9148936170212766,trend,2024
EVRA,278,242,241,243,arrivals,0.8669064748201439,0.8741007194244604,trend,2024
LBSF,277,240,238,238,departures,0.8592057761732852,0.8592057761732852,trend,2024
LBSF,275,243,241,243,arrivals,0.8763636363636363,0.8836363636363637,trend,2024
LFBD,274,247,246,251,arrivals,0.8978102189781022,0.916058394160584,trend,2024
EGLC,273,242,240,252,departures,0.8791208791208791,0.9230769230769231,trend,2024
LEZL,273,250,250,251,arrivals,0.9157509157509157,0.9194139194139194,trend,2024
LEZL,271,246,246,246,departures,0.9077490774907749,0.9077490774907749,trend,2024
LFBD,271,245,245,249,departures,0.9040590405904059,0.9188191881918819,trend,2024
GMMX,268,4,0,0,arrivals,0.0,0.0,trend,2024
ENVA,266,18,16,17,departures,0.06015037593984962,0.06390977443609022,trend,2024
ENVA,266,35,31,32,arrivals,0.11654135338345864,0.12030075187969924,trend,2024
EGLC,266,238,224,281,arrivals,0.8421052631578947,1.056390977443609,trend,2024
EGAA,265,227,226,230,departures,0.8528301886792453,0.8679245283018868,trend,2024
LGTS,265,245,244,248,arrivals,0.9207547169811321,0.9358490566037736,trend,2024
LFRS,264,222,221,223,departures,0.8371212121212122,0.8446969696969697,trend,2024
LFRS,264,234,227,228,arrivals,0.8598484848484849,0.8636363636363636,trend,2024
EGAA,263,222,177,178,arrivals,0.6730038022813688,0.6768060836501901,trend,2024
GMMX,261,2,0,0,departures,0.0,0.0,trend,2024
LGTS,258,222,222,224,departures,0.8604651162790697,0.8682170542635659,trend,2024
GCRR,258,2,0,0,arrivals,0.0,0.0,trend,2024
GCRR,257,0,0,0,departures,0.0,0.0,trend,2024
LFPB,245,201,165,232,arrivals,0.673469387755102,0.9469387755102041,trend,2024
LIBD,244,2,0,0,arrivals,0.0,0.0,trend,2024
LTBS,243,4,2,2,arrivals,0.00823045267489712,0.00823045267489712,trend,2024
LIBD,242,4,0,0,departures,0.0,0.0,trend,2024
LFPB,239,174,152,196,departures,0.6359832635983264,0.8200836820083682,trend,2024
EPGD,238,1,1,1,departures,0.004201680672268907,0.004201680672268907,trend,2024
EPGD,238,0,0,0,arrivals,0.0,0.0,trend,2024
LEBB,234,2,0,0,departures,0.0,0.0,trend,2024
LTBS,233,4,0,0,departures,0.0,0.0,trend,2024
ESGG,232,219,219,221,departures,0.9439655172413793,0.9525862068965517,trend,2024
ESGG,232,214,213,214,arrivals,0.9181034482758621,0.9224137931034483,trend,2024
LEBB,231,16,14,14,arrivals,0.06060606060606061,0.06060606060606061,trend,2024
EDDV,227,216,211,212,departures,0.9295154185022027,0.933920704845815,trend,2024
EPKT,227,195,194,196,departures,0.8546255506607929,0.8634361233480177,trend,2024
EDDV,226,205,204,211,arrivals,0.9026548672566371,0.9336283185840708,trend,2024
EPKT,226,197,195,196,arrivals,0.8628318584070797,0.8672566371681416,trend,2024
HECA,221,3,1,1,arrivals,0.004524886877828055,0.004524886877828055,trend,2024
LTFE,217,177,170,181,arrivals,0.783410138248848,0.8341013824884793,trend,2024
HECA,216,0,0,0,departures,0.0,0.0,trend,2024
LGKR,216,12,10,10,arrivals,0.046296296296296294,0.046296296296296294,trend,2024
LGKR,214,8,6,6,departures,0.028037383177570093,0.028037383177570093,trend,2024
LIRP,214,186,173,177,arrivals,0.8084112149532711,0.8271028037383178,trend,2024
LEMH,211,142,141,141,departures,0.6682464454976303,0.6682464454976303,trend,2024
LIRP,211,171,165,171,departures,0.7819905213270142,0.8104265402843602,trend,2024
LEMH,211,155,154,155,arrivals,0.7298578199052133,0.7345971563981043,trend,2024
LIEO,211,18,2,2,arrivals,0.009478672985781991,0.009478672985781991,trend,2024
LDZA,210,113,112,113,departures,0.5333333333333333,0.5380952380952381,trend,2024
UGTB,208,124,115,117,arrivals,0.5528846153846154,0.5625,trend,2024
UUEE,207,8,7,7,departures,0.033816425120772944,0.033816425120772944,trend,2024
LTFE,206,81,77,79,departures,0.3737864077669903,0.38349514563106796,trend,2024
LDZA,204,146,144,146,arrivals,0.7058823529411765,0.7156862745098039,trend,2024
LIEO,203,10,0,0,departures,0.0,0.0,trend,2024
UUEE,202,9,6,6,arrivals,0.0297029702970297,0.0297029702970297,trend,2024
UGTB,198,165,165,168,departures,0.8333333333333334,0.8484848484848485,trend,2024
EYVI,197,183,183,184,departures,0.9289340101522843,0.934010152284264,trend,2024
EYVI,197,178,178,178,arrivals,0.9035532994923858,0.9035532994923858,trend,2024
HEGN,194,1,0,0,departures,0.0,0.0,trend,2024
EKBI,194,173,172,174,departures,0.8865979381443299,0.8969072164948454,trend,2024
HEGN,194,2,0,0,arrivals,0.0,0.0,trend,2024
EKBI,194,175,173,175,arrivals,0.8917525773195877,0.9020618556701031,trend,2024
DTTA,193,1,0,0,departures,0.0,0.0,trend,2024
EHEH,193,175,175,176,departures,0.9067357512953368,0.9119170984455959,trend,2024
DTTA,192,0,0,0,arrivals,0.0,0.0,trend,2024
UUWW,192,22,5,5,arrivals,0.026041666666666668,0.026041666666666668,trend,2024
EGNT,190,168,168,168,departures,0.8842105263157894,0.8842105263157894,trend,2024
EGNT,190,159,159,159,arrivals,0.8368421052631579,0.8368421052631579,trend,2024
EGGP,188,165,163,173,arrivals,0.8670212765957447,0.9202127659574468,trend,2024
EHEH,188,171,170,173,arrivals,0.9042553191489362,0.9202127659574468,trend,2024
EGGP,187,165,163,174,departures,0.8716577540106952,0.93048128342246,trend,2024
LIRQ,185,8,1,1,departures,0.005405405405405406,0.005405405405405406,trend,2024
UUWW,185,4,4,4,departures,0.021621621621621623,0.021621621621621623,trend,2024
EGPD,184,115,115,115,arrivals,0.625,0.625,trend,2024
LIRQ,184,41,30,30,arrivals,0.16304347826086957,0.16304347826086957,trend,2024
EETN,183,158,157,157,departures,0.8579234972677595,0.8579234972677595,trend,2024
EGPD,182,113,112,112,departures,0.6153846153846154,0.6153846153846154,trend,2024
EETN,181,151,151,151,arrivals,0.8342541436464088,0.8342541436464088,trend,2024
DAAG,178,3,2,2,departures,0.011235955056179775,0.011235955056179775,trend,2024
DAAG,178,42,42,42,arrivals,0.23595505617977527,0.23595505617977527,trend,2024
EGNM,177,156,156,159,arrivals,0.8813559322033898,0.8983050847457628,trend,2024
EGNM,175,164,163,165,departures,0.9314285714285714,0.9428571428571428,trend,2024
EDDN,173,160,157,162,departures,0.9075144508670521,0.9364161849710982,trend,2024
EPWR,173,150,149,149,departures,0.861271676300578,0.861271676300578,trend,2024
GCFV,172,0,0,0,departures,0.0,0.0,trend,2024
ENBO,172,160,160,195,departures,0.9302325581395349,1.1337209302325582,trend,2024
GCFV,172,1,0,0,arrivals,0.0,0.0,trend,2024
LGSA,170,78,77,77,departures,0.45294117647058824,0.45294117647058824,trend,2024
LDSP,170,9,3,3,arrivals,0.01764705882352941,0.01764705882352941,trend,2024
LGSA,170,90,88,88,arrivals,0.5176470588235295,0.5176470588235295,trend,2024
EDDN,169,154,151,165,arrivals,0.893491124260355,0.9763313609467456,trend,2024
ENBO,168,158,158,193,arrivals,0.9404761904761905,1.1488095238095237,trend,2024
EPWR,168,156,154,154,arrivals,0.9166666666666666,0.9166666666666666,trend,2024
UDYZ,167,1,0,0,arrivals,0.0,0.0,trend,2024
LDSP,166,1,0,0,departures,0.0,0.0,trend,2024
OLBA,166,14,11,86,departures,0.06626506024096386,0.5180722891566265,trend,2024
UDYZ,166,3,0,0,departures,0.0,0.0,trend,2024
LIEE,165,1,0,0,arrivals,0.0,0.0,trend,2024
ENTC,165,36,0,0,arrivals,0.0,0.0,trend,2024
OLBA,164,8,6,244,arrivals,0.036585365853658534,1.4878048780487805,trend,2024
LIEE,163,1,0,0,departures,0.0,0.0,trend,2024
ENTC,161,35,0,0,departures,0.0,0.0,trend,2024
LUKK,160,0,0,0,departures,0.0,0.0,trend,2024
LGKO,160,153,153,161,arrivals,0.95625,1.00625,trend,2024
LUKK,159,0,0,0,arrivals,0.0,0.0,trend,2024
LIRA,157,141,131,143,departures,0.8343949044585988,0.910828025477707,trend,2024
LGKO,154,150,150,154,departures,0.974025974025974,1.0,trend,2024
LIRA,149,133,124,146,arrivals,0.8322147651006712,0.9798657718120806,trend,2024
LIMF,149,130,128,129,arrivals,0.8590604026845637,0.8657718120805369,trend,2024
LGSR,148,6,0,0,arrivals,0.0,0.0,trend,2024
LIMF,146,126,125,127,departures,0.8561643835616438,0.8698630136986302,trend,2024
EPPO,145,136,135,136,departures,0.9310344827586207,0.9379310344827586,trend,2024
LGSR,145,1,0,0,departures,0.0,0.0,trend,2024
EPPO,145,136,136,136,arrivals,0.9379310344827586,0.9379310344827586,trend,2024
UMKK,144,52,52,52,departures,0.3611111111111111,0.3611111111111111,trend,2024
UMKK,144,38,38,38,arrivals,0.2638888888888889,0.2638888888888889,trend,2024
LDDU,141,1,0,0,departures,0.0,0.0,trend,2024
LIPX,141,126,122,124,departures,0.8652482269503546,0.8794326241134752,trend,2024
LDDU,140,1,0,0,arrivals,0.0,0.0,trend,2024
LIPX,139,128,121,125,arrivals,0.8705035971223022,0.8992805755395683,trend,2024
EGAC,139,117,117,161,arrivals,0.841726618705036,1.158273381294964,trend,2024
EGAC,136,116,116,116,departures,0.8529411764705882,0.8529411764705882,trend,2024
LPPD,135,66,65,66,arrivals,0.48148148148148145,0.4888888888888889,trend,2024
EBLG,134,108,107,110,departures,0.7985074626865671,0.8208955223880597,trend,2024
LPPD,133,115,115,115,departures,0.8646616541353384,0.8646616541353384,trend,2024
LTAF,131,1,0,0,arrivals,0.0,0.0,trend,2024
LTAF,129,3,0,0,departures,0.0,0.0,trend,2024
LPMA,127,114,114,115,departures,0.8976377952755905,0.905511811023622,trend,2024
LPMA,127,21,21,21,arrivals,0.16535433070866143,0.16535433070866143,trend,2024
ULLI,126,3,2,2,departures,0.015873015873015872,0.015873015873015872,trend,2024
ULLI,126,7,1,1,arrivals,0.007936507936507936,0.007936507936507936,trend,2024
LFOB,125,120,120,120,departures,0.96,0.96,trend,2024
LFOB,124,119,118,118,arrivals,0.9516129032258065,0.9516129032258065,trend,2024
ESSB,123,104,99,101,departures,0.8048780487804879,0.8211382113821138,trend,2024
ESSB,120,102,100,106,arrivals,0.8333333333333334,0.8833333333333333,trend,2024
LGZA,120,2,0,0,arrivals,0.0,0.0,trend,2024
LGZA,119,1,0,0,departures,0.0,0.0,trend,2024
LCPH,118,90,87,88,arrivals,0.7372881355932204,0.7457627118644068,trend,2024
LCPH,116,3,3,3,departures,0.02586206896551724,0.02586206896551724,trend,2024
EBLG,116,70,69,74,arrivals,0.5948275862068966,0.6379310344827587,trend,2024
LTCG,115,80,79,80,arrivals,0.6869565217391305,0.6956521739130435,trend,2024
LEST,115,62,59,59,arrivals,0.5130434782608696,0.5130434782608696,trend,2024
LEST,114,86,86,86,departures,0.7543859649122807,0.7543859649122807,trend,2024
LTCG,112,81,81,82,departures,0.7232142857142857,0.7321428571428571,trend,2024
EGLF,112,93,8,11,arrivals,0.07142857142857142,0.09821428571428571,trend,2024
LRCL,111,0,0,0,arrivals,0.0,0.0,trend,2024
LRCL,110,1,0,0,departures,0.0,0.0,trend,2024
LGMK,110,68,67,71,departures,0.6090909090909091,0.6454545454545455,trend,2024
LGMK,109,65,61,63,arrivals,0.5596330275229358,0.5779816513761468,trend,2024
EICK,109,93,93,94,arrivals,0.8532110091743119,0.8623853211009175,trend,2024
EICK,108,95,95,95,departures,0.8796296296296297,0.8796296296296297,trend,2024
LIBR,108,0,0,0,departures,0.0,0.0,trend,2024
EGJJ,106,83,82,86,departures,0.7735849056603774,0.8113207547169812,trend,2024
LWSK,106,31,31,31,departures,0.29245283018867924,0.29245283018867924,trend,2024
LIBR,106,0,0,0,arrivals,0.0,0.0,trend,2024
EGLF,104,87,73,80,departures,0.7019230769230769,0.7692307692307693,trend,2024
LWSK,103,92,92,92,arrivals,0.8932038834951457,0.8932038834951457,trend,2024
BKPR,102,13,13,13,arrivals,0.12745098039215685,0.12745098039215685,trend,2024
LZIB,102,87,84,89,arrivals,0.8235294117647058,0.8725490196078431,trend,2024
BKPR,101,1,1,1,departures,0.009900990099009901,0.009900990099009901,trend,2024
OKKK,101,88,88,90,departures,0.8712871287128713,0.8910891089108911,trend,2024
EGJJ,101,88,85,87,arrivals,0.8415841584158416,0.8613861386138614,trend,2024
LZIB,99,83,79,80,departures,0.797979797979798,0.8080808080808081,trend,2024
OJAI,98,1,0,0,arrivals,0.0,0.0,trend,2024
GMAD,98,1,0,0,arrivals,0.0,0.0,trend,2024
LJLJ,98,83,80,82,arrivals,0.8163265306122449,0.8367346938775511,trend,2024
LDZD,96,77,74,74,arrivals,0.7708333333333334,0.7708333333333334,trend,2024
OJAI,95,1,0,0,departures,0.0,0.0,trend,2024
LJLJ,95,79,79,79,departures,0.8315789473684211,0.8315789473684211,trend,2024
HESH,95,1,0,0,arrivals,0.0,0.0,trend,2024
LDZD,94,14,12,12,departures,0.1276595744680851,0.1276595744680851,trend,2024
GMAD,93,0,0,0,departures,0.0,0.0,trend,2024
EDJA,93,83,82,82,departures,0.8817204301075269,0.8817204301075269,trend,2024
HESH,93,0,0,0,departures,0.0,0.0,trend,2024
EHRD,92,91,91,101,departures,0.9891304347826086,1.0978260869565217,trend,2024
UUDD,90,11,7,7,departures,0.07777777777777778,0.07777777777777778,trend,2024
EDJA,90,80,78,79,arrivals,0.8666666666666667,0.8777777777777778,trend,2024
LICA,89,0,0,0,departures,0.0,0.0,trend,2024
GCLA,89,0,0,0,departures,0.0,0.0,trend,2024
LICA,89,2,0,0,arrivals,0.0,0.0,trend,2024
GCLA,89,0,0,0,arrivals,0.0,0.0,trend,2024
OKKK,89,24,24,24,arrivals,0.2696629213483146,0.2696629213483146,trend,2024
EHRD,88,86,86,87,arrivals,0.9772727272727273,0.9886363636363636,trend,2024
EDDW,87,77,75,76,departures,0.8620689655172413,0.8735632183908046,trend,2024
EDLW,86,75,75,76,departures,0.872093023255814,0.8837209302325582,trend,2024
EDDW,86,73,71,75,arrivals,0.8255813953488372,0.872093023255814,trend,2024
LEGE,86,65,64,65,arrivals,0.7441860465116279,0.7558139534883721,trend,2024
EDLW,86,73,72,73,arrivals,0.8372093023255814,0.8488372093023255,trend,2024
LOWS,86,66,64,75,arrivals,0.7441860465116279,0.872093023255814,trend,2024
LIPH,85,78,78,80,departures,0.9176470588235294,0.9411764705882353,trend,2024
EINN,85,68,68,68,departures,0.8,0.8,trend,2024
LOWS,85,64,57,60,departures,0.6705882352941176,0.7058823529411765,trend,2024
LIPH,85,80,78,78,arrivals,0.9176470588235294,0.9176470588235294,trend,2024
EINN,84,65,64,64,arrivals,0.7619047619047619,0.7619047619047619,trend,2024
LEGE,83,70,70,71,departures,0.8433734939759037,0.8554216867469879,trend,2024
UUDD,83,13,3,3,arrivals,0.03614457831325301,0.03614457831325301,trend,2024
GMTT,82,69,69,72,arrivals,0.8414634146341463,0.8780487804878049,trend,2024
ENTO,82,77,76,77,arrivals,0.926829268292683,0.9390243902439024,trend,2024
GMTT,81,70,70,73,departures,0.8641975308641975,0.9012345679012346,trend,2024
ENTO,80,75,75,77,departures,0.9375,0.9625,trend,2024
EGHI,80,47,46,52,arrivals,0.575,0.65,trend,2024
EGNS,79,58,57,59,arrivals,0.7215189873417721,0.7468354430379747,trend,2024
EDSB,79,63,63,65,arrivals,0.7974683544303798,0.8227848101265823,trend,2024
EGJB,79,52,51,52,arrivals,0.6455696202531646,0.6582278481012658,trend,2024
EGNS,78,55,54,54,departures,0.6923076923076923,0.6923076923076923,trend,2024
EPMO,78,76,76,78,departures,0.9743589743589743,1.0,trend,2024
LQSA,77,0,0,0,departures,0.0,0.0,trend,2024
LBBG,77,64,64,64,arrivals,0.8311688311688312,0.8311688311688312,trend,2024
LQSA,77,1,0,0,arrivals,0.0,0.0,trend,2024
EGHI,76,44,44,47,departures,0.5789473684210527,0.618421052631579,trend,2024
EKYT,76,67,67,67,departures,0.881578947368421,0.881578947368421,trend,2024
EPMO,76,73,73,73,arrivals,0.9605263157894737,0.9605263157894737,trend,2024
EGJB,75,43,41,41,departures,0.5466666666666666,0.5466666666666666,trend,2024
EGKB,75,60,16,19,departures,0.21333333333333335,0.25333333333333335,trend,2024
URSS,75,0,0,0,arrivals,0.0,0.0,trend,2024
EKYT,75,63,63,64,arrivals,0.84,0.8533333333333334,trend,2024
EDSB,74,62,62,63,departures,0.8378378378378378,0.8513513513513513,trend,2024
DTTJ,74,0,0,0,arrivals,0.0,0.0,trend,2024
DTTJ,73,0,0,0,departures,0.0,0.0,trend,2024
EDDG,73,63,62,62,departures,0.8493150684931506,0.8493150684931506,trend,2024
LBBG,72,36,36,36,departures,0.5,0.5,trend,2024
EDDG,72,63,63,65,arrivals,0.875,0.9027777777777778,trend,2024
LTAJ,71,1,0,0,departures,0.0,0.0,trend,2024
DTMB,71,2,0,0,departures,0.0,0.0,trend,2024
LTAJ,69,2,0,0,arrivals,0.0,0.0,trend,2024
URSS,68,1,1,1,departures,0.014705882352941176,0.014705882352941176,trend,2024
LFMT,68,58,58,58,departures,0.8529411764705882,0.8529411764705882,trend,2024
EDLV,68,64,61,64,departures,0.8970588235294118,0.9411764705882353,trend,2024
LFMT,68,58,57,57,arrivals,0.8382352941176471,0.8382352941176471,trend,2024
LTAU,67,2,0,0,departures,0.0,0.0,trend,2024
LFKJ,67,54,54,54,departures,0.8059701492537313,0.8059701492537313,trend,2024
LRIA,67,0,0,0,departures,0.0,0.0,trend,2024
LTAU,67,0,0,0,arrivals,0.0,0.0,trend,2024
EGPE,67,46,45,48,arrivals,0.6716417910447762,0.7164179104477612,trend,2024
DTMB,67,1,0,0,arrivals,0.0,0.0,trend,2024
EDLV,67,63,61,64,arrivals,0.9104477611940298,0.9552238805970149,trend,2024
LFQQ,66,61,60,61,departures,0.9090909090909091,0.9242424242424242,trend,2024
LIEA,66,62,62,63,arrivals,0.9393939393939394,0.9545454545454546,trend,2024
LRTR,66,1,0,0,arrivals,0.0,0.0,trend,2024
LRIA,66,0,0,0,arrivals,0.0,0.0,trend,2024
LFQQ,66,61,59,60,arrivals,0.8939393939393939,0.9090909090909091,trend,2024
LEAS,65,0,0,0,departures,0.0,0.0,trend,2024
LYPG,65,0,0,0,departures,0.0,0.0,trend,2024
LIEA,65,59,59,59,departures,0.9076923076923077,0.9076923076923077,trend,2024
LRTR,65,1,0,0,departures,0.0,0.0,trend,2024
EDFH,65,57,57,59,arrivals,0.8769230769230769,0.9076923076923077,trend,2024
LEAS,65,0,0,0,arrivals,0.0,0.0,trend,2024
LYPG,65,0,0,0,arrivals,0.0,0.0,trend,2024
LFKJ,65,53,53,54,arrivals,0.8153846153846154,0.8307692307692308,trend,2024
EGPE,64,44,43,46,departures,0.671875,0.71875,trend,2024
EGKB,64,52,0,0,arrivals,0.0,0.0,trend,2024
EPRZ,62,58,58,58,departures,0.9354838709677419,0.9354838709677419,trend,2024
LYTV,62,4,0,0,arrivals,0.0,0.0,trend,2024
LYTV,61,1,0,0,departures,0.0,0.0,trend,2024
ENAL,61,1,0,0,arrivals,0.0,0.0,trend,2024
EGPB,60,0,0,0,departures,0.0,0.0,trend,2024
ENAL,60,0,0,0,departures,0.0,0.0,trend,2024
EDFH,60,55,55,55,departures,0.9166666666666666,0.9166666666666666,trend,2024
LFKB,60,28,28,29,arrivals,0.4666666666666667,0.48333333333333334,trend,2024
LFKB,59,17,17,17,departures,0.288135593220339,0.288135593220339,trend,2024
LFST,59,47,46,49,departures,0.7796610169491526,0.8305084745762712,trend,2024
EGPB,59,1,0,0,arrivals,0.0,0.0,trend,2024
LBWN,59,22,22,22,arrivals,0.3728813559322034,0.3728813559322034,trend,2024
GMFF,58,0,0,0,departures,0.0,0.0,trend,2024
LBWN,57,2,0,0,departures,0.0,0.0,trend,2024
DTNH,57,0,0,0,arrivals,0.0,0.0,trend,2024
LFST,57,48,47,50,arrivals,0.8245614035087719,0.8771929824561403,trend,2024
LOWG,57,50,49,53,arrivals,0.8596491228070176,0.9298245614035088,trend,2024
EHKD,56,8,8,9,departures,0.14285714285714285,0.16071428571428573,trend,2024
GMME,56,1,0,0,arrivals,0.0,0.0,trend,2024
GMFF,56,1,0,0,arrivals,0.0,0.0,trend,2024
DTNH,55,0,0,0,departures,0.0,0.0,trend,2024
GMME,55,0,0,0,departures,0.0,0.0,trend,2024
EPRZ,55,53,53,53,arrivals,0.9636363636363636,0.9636363636363636,trend,2024
LEVT,54,1,0,0,departures,0.0,0.0,trend,2024
LTBA,54,39,33,54,arrivals,0.6111111111111112,1.0,trend,2024
ESMS,53,40,40,42,departures,0.7547169811320755,0.7924528301886793,trend,2024
LIMJ,53,49,48,48,departures,0.9056603773584906,0.9056603773584906,trend,2024
LOWG,53,49,49,49,departures,0.9245283018867925,0.9245283018867925,trend,2024
LGKF,53,0,0,0,departures,0.0,0.0,trend,2024
LFRB,53,35,35,35,departures,0.660377358490566,0.660377358490566,trend,2024
EHKD,53,7,7,7,arrivals,0.1320754716981132,0.1320754716981132,trend,2024
LFMD,53,36,6,11,arrivals,0.11320754716981132,0.20754716981132076,trend,2024
LKTB,52,47,45,47,departures,0.8653846153846154,0.9038461538461539,trend,2024
LKMT,52,45,44,45,departures,0.8461538461538461,0.8653846153846154,trend,2024
LEVT,52,8,8,8,arrivals,0.15384615384615385,0.15384615384615385,trend,2024
ESMS,52,40,38,40,arrivals,0.7307692307692307,0.7692307692307693,trend,2024
LIMJ,52,51,51,53,arrivals,0.9807692307692307,1.0192307692307692,trend,2024
LGKF,52,2,0,0,arrivals,0.0,0.0,trend,2024
LFRB,52,34,33,34,arrivals,0.6346153846153846,0.6538461538461539,trend,2024
LFBZ,51,45,44,47,arrivals,0.8627450980392157,0.9215686274509803,trend,2024
LKMT,51,44,42,42,arrivals,0.8235294117647058,0.8235294117647058,trend,2024
LFBZ,50,8,6,6,departures,0.12,0.12,trend,2024
EDDC,50,43,42,43,arrivals,0.84,0.86,trend,2024
EDDC,49,40,38,38,departures,0.7755102040816326,0.7755102040816326,trend,2024
EGHH,49,44,44,46,departures,0.8979591836734694,0.9387755102040817,trend,2024
LKTB,49,47,46,48,arrivals,0.9387755102040817,0.9795918367346939,trend,2024
LGPA,49,2,0,0,arrivals,0.0,0.0,trend,2024
LTBA,48,30,21,28,departures,0.4375,0.5833333333333334,trend,2024
ENKB,48,0,0,0,departures,0.0,0.0,trend,2024
LGPA,48,3,0,0,departures,0.0,0.0,trend,2024
EGHH,48,42,41,44,arrivals,0.8541666666666666,0.9166666666666666,trend,2024
ENCN,48,43,42,42,arrivals,0.875,0.875,trend,2024
LERS,47,4,4,4,departures,0.0851063829787234,0.0851063829787234,trend,2024
EYKA,47,42,42,42,departures,0.8936170212765957,0.8936170212765957,trend,2024
ENCN,47,43,43,43,departures,0.9148936170212766,0.9148936170212766,trend,2024
LERS,47,45,45,45,arrivals,0.9574468085106383,0.9574468085106383,trend,2024
LTCC,46,0,0,0,arrivals,0.0,0.0,trend,2024
LIPQ,46,41,40,42,arrivals,0.8695652173913043,0.9130434782608695,trend,2024
EYKA,46,40,40,40,arrivals,0.8695652173913043,0.8695652173913043,trend,2024
GEML,45,22,22,22,departures,0.4888888888888889,0.4888888888888889,trend,2024
DAOO,45,19,19,19,arrivals,0.4222222222222222,0.4222222222222222,trend,2024
GEML,45,18,18,19,arrivals,0.4,0.4222222222222222,trend,2024
ENKB,45,0,0,0,arrivals,0.0,0.0,trend,2024
DAOO,44,20,19,19,departures,0.4318181818181818,0.4318181818181818,trend,2024
ENFL,44,3,0,0,departures,0.0,0.0,trend,2024
LIPQ,44,41,41,42,departures,0.9318181818181818,0.9545454545454546,trend,2024
UWKD,43,9,0,0,departures,0.0,0.0,trend,2024
EGFF,43,39,39,41,departures,0.9069767441860465,0.9534883720930233,trend,2024
ENFL,43,2,0,0,arrivals,0.0,0.0,trend,2024
EGFF,43,38,38,39,arrivals,0.8837209302325582,0.9069767441860465,trend,2024
LTCI,42,0,0,0,departures,0.0,0.0,trend,2024
LEJR,42,38,36,36,arrivals,0.8571428571428571,0.8571428571428571,trend,2024
EDLP,42,33,32,34,arrivals,0.7619047619047619,0.8095238095238095,trend,2024
LFKF,42,17,15,15,arrivals,0.35714285714285715,0.35714285714285715,trend,2024
LTCC,41,0,0,0,departures,0.0,0.0,trend,2024
EDLP,41,34,34,34,departures,0.8292682926829268,0.8292682926829268,trend,2024
LFKF,41,15,15,16,departures,0.36585365853658536,0.3902439024390244,trend,2024
LTCI,41,0,0,0,arrivals,0.0,0.0,trend,2024
ENEV,41,0,0,0,arrivals,0.0,0.0,trend,2024
LIPY,41,14,13,13,arrivals,0.3170731707317073,0.3170731707317073,trend,2024
LEJR,40,1,0,0,departures,0.0,0.0,trend,2024
LEXJ,40,0,0,0,departures,0.0,0.0,trend,2024
ENEV,40,1,0,0,departures,0.0,0.0,trend,2024
ESPA,40,1,0,0,departures,0.0,0.0,trend,2024
LFRN,40,27,26,26,departures,0.65,0.65,trend,2024
LIPY,40,7,3,3,departures,0.075,0.075,trend,2024
LECO,40,38,38,39,departures,0.95,0.975,trend,2024
LICT,40,2,2,2,arrivals,0.05,0.05,trend,2024
LFMD,39,26,18,19,departures,0.46153846153846156,0.48717948717948717,trend,2024
LFTH,39,7,3,14,departures,0.07692307692307693,0.358974358974359,trend,2024
LEGR,39,0,0,0,departures,0.0,0.0,trend,2024
LICT,39,0,0,0,departures,0.0,0.0,trend,2024
ESNU,39,0,0,0,departures,0.0,0.0,trend,2024
LEXJ,39,1,1,1,arrivals,0.02564102564102564,0.02564102564102564,trend,2024
ESNU,39,0,0,0,arrivals,0.0,0.0,trend,2024
LEAM,39,31,30,30,arrivals,0.7692307692307693,0.7692307692307693,trend,2024
ESPA,39,1,0,0,arrivals,0.0,0.0,trend,2024
LFRN,39,34,33,34,arrivals,0.8461538461538461,0.8717948717948718,trend,2024
LTFH,38,8,8,8,departures,0.21052631578947367,0.21052631578947367,trend,2024
UMMS,38,30,30,30,departures,0.7894736842105263,0.7894736842105263,trend,2024
LGMT,38,34,34,35,departures,0.8947368421052632,0.9210526315789473,trend,2024
LEAM,38,33,33,33,departures,0.868421052631579,0.868421052631579,trend,2024
BIRK,38,26,26,26,departures,0.6842105263157895,0.6842105263157895,trend,2024
LTFH,38,11,11,11,arrivals,0.2894736842105263,0.2894736842105263,trend,2024
LEGR,38,0,0,0,arrivals,0.0,0.0,trend,2024
LGMT,38,33,33,33,arrivals,0.868421052631579,0.868421052631579,trend,2024
LECO,38,35,35,38,arrivals,0.9210526315789473,1.0,trend,2024
LIRZ,37,5,0,0,departures,0.0,0.0,trend,2024
URMM,37,30,30,31,departures,0.8108108108108109,0.8378378378378378,trend,2024
ENHD,37,9,9,9,departures,0.24324324324324326,0.24324324324324326,trend,2024
UWKD,37,10,0,0,arrivals,0.0,0.0,trend,2024
LFTH,37,24,18,27,arrivals,0.4864864864864865,0.7297297297297297,trend,2024
UMMS,37,3,0,0,arrivals,0.0,0.0,trend,2024
LIRZ,37,3,1,1,arrivals,0.02702702702702703,0.02702702702702703,trend,2024
EKAH,37,34,33,33,arrivals,0.8918918918918919,0.8918918918918919,trend,2024
LEMI,36,33,33,33,departures,0.9166666666666666,0.9166666666666666,trend,2024
EBAW,36,30,28,30,departures,0.7777777777777778,0.8333333333333334,trend,2024
EKAH,36,27,27,29,departures,0.75,0.8055555555555556,trend,2024
LEMI,36,34,33,33,arrivals,0.9166666666666666,0.9166666666666666,trend,2024
LOWL,35,27,24,26,departures,0.6857142857142857,0.7428571428571429,trend,2024
ORER,35,0,0,0,departures,0.0,0.0,trend,2024
EGHQ,35,25,25,25,departures,0.7142857142857143,0.7142857142857143,trend,2024
URMM,35,20,20,20,arrivals,0.5714285714285714,0.5714285714285714,trend,2024
ENHD,35,21,21,22,arrivals,0.6,0.6285714285714286,trend,2024
UGKO,34,30,30,30,departures,0.8823529411764706,0.8823529411764706,trend,2024
LEZG,34,31,30,30,departures,0.8823529411764706,0.8823529411764706,trend,2024
EGTE,34,25,25,27,departures,0.7352941176470589,0.7941176470588235,trend,2024
LDPL,34,33,31,34,arrivals,0.9117647058823529,1.0,trend,2024
ORER,34,0,0,0,arrivals,0.0,0.0,trend,2024
LEVX,33,21,21,21,departures,0.6363636363636364,0.6363636363636364,trend,2024
LGPZ,33,0,0,0,departures,0.0,0.0,trend,2024
EDMO,33,26,21,23,departures,0.6363636363636364,0.696969696969697,trend,2024
LZKZ,33,22,22,22,departures,0.6666666666666666,0.6666666666666666,trend,2024
UGSB,33,17,17,17,arrivals,0.5151515151515151,0.5151515151515151,trend,2024
LEVX,33,1,1,1,arrivals,0.030303030303030304,0.030303030303030304,trend,2024
ESSV,33,25,25,25,arrivals,0.7575757575757576,0.7575757575757576,trend,2024
UGKO,33,13,13,13,arrivals,0.3939393939393939,0.3939393939393939,trend,2024
LGPZ,33,2,0,0,arrivals,0.0,0.0,trend,2024
BIRK,33,22,22,23,arrivals,0.6666666666666666,0.696969696969697,trend,2024
LZKZ,33,19,19,19,arrivals,0.5757575757575758,0.5757575757575758,trend,2024
UGSB,32,26,26,26,departures,0.8125,0.8125,trend,2024
ESSV,32,28,28,28,departures,0.875,0.875,trend,2024
ENAT,32,12,0,0,departures,0.0,0.0,trend,2024
GMMW,32,12,12,12,departures,0.375,0.375,trend,2024
LTFG,32,28,28,28,arrivals,0.875,0.875,trend,2024
EGTE,32,24,24,24,arrivals,0.75,0.75,trend,2024
GMMW,32,15,14,14,arrivals,0.4375,0.4375,trend,2024
LGSK,31,4,4,4,departures,0.12903225806451613,0.12903225806451613,trend,2024
LDPL,31,29,29,32,departures,0.9354838709677419,1.032258064516129,trend,2024
EGPK,31,7,5,6,departures,0.16129032258064516,0.1935483870967742,trend,2024
LGSK,31,19,19,19,arrivals,0.6129032258064516,0.6129032258064516,trend,2024
LOWL,31,24,23,26,arrivals,0.7419354838709677,0.8387096774193549,trend,2024
GMFO,31,4,4,4,arrivals,0.12903225806451613,0.12903225806451613,trend,2024
LEZG,31,31,30,30,arrivals,0.967741935483871,0.967741935483871,trend,2024
EGSH,31,25,25,25,arrivals,0.8064516129032258,0.8064516129032258,trend,2024
LTFG,30,26,26,26,departures,0.8666666666666667,0.8666666666666667,trend,2024
EGWU,30,27,1,3,departures,0.03333333333333333,0.1,trend,2024
LGSM,30,3,3,3,departures,0.1,0.1,trend,2024
EKEB,30,11,11,11,departures,0.36666666666666664,0.36666666666666664,trend,2024
ORBI,30,0,0,0,departures,0.0,0.0,trend,2024
ENAT,30,11,0,0,arrivals,0.0,0.0,trend,2024
EGWU,30,25,0,0,arrivals,0.0,0.0,trend,2024
EGPK,30,24,22,22,arrivals,0.7333333333333333,0.7333333333333333,trend,2024
EGHQ,30,21,20,20,arrivals,0.6666666666666666,0.6666666666666666,trend,2024
LGSM,30,15,15,15,arrivals,0.5,0.5,trend,2024
ORBI,30,0,0,0,arrivals,0.0,0.0,trend,2024
ENOV,29,0,0,0,departures,0.0,0.0,trend,2024
EIKN,29,25,25,25,departures,0.8620689655172413,0.8620689655172413,trend,2024
EGSH,29,25,25,25,departures,0.8620689655172413,0.8620689655172413,trend,2024
EGPA,29,1,0,0,departures,0.0,0.0,trend,2024
EIKN,29,26,26,27,arrivals,0.896551724137931,0.9310344827586207,trend,2024
LTAN,29,0,0,0,arrivals,0.0,0.0,trend,2024
LOWI,29,23,22,23,arrivals,0.7586206896551724,0.7931034482758621,trend,2024
UBBN,29,1,0,0,arrivals,0.0,0.0,trend,2024
EKEB,29,11,11,11,arrivals,0.3793103448275862,0.3793103448275862,trend,2024
HLLM,29,3,1,1,arrivals,0.034482758620689655,0.034482758620689655,trend,2024
GMFO,28,1,1,1,departures,0.03571428571428571,0.03571428571428571,trend,2024
DABC,28,0,0,0,departures,0.0,0.0,trend,2024
LIBP,28,23,23,23,departures,0.8214285714285714,0.8214285714285714,trend,2024
LGNX,28,0,0,0,departures,0.0,0.0,trend,2024
LTAN,28,0,0,0,departures,0.0,0.0,trend,2024
HLLM,28,1,0,0,departures,0.0,0.0,trend,2024
ENOV,28,0,0,0,arrivals,0.0,0.0,trend,2024
DABC,28,1,0,0,arrivals,0.0,0.0,trend,2024
EBAW,28,23,20,21,arrivals,0.7142857142857143,0.75,trend,2024
EFOU,28,0,0,0,arrivals,0.0,0.0,trend,2024
LTFO,28,15,15,15,arrivals,0.5357142857142857,0.5357142857142857,trend,2024
EGPA,28,1,0,0,arrivals,0.0,0.0,trend,2024
ENSG,27,8,0,0,departures,0.0,0.0,trend,2024
EFOU,27,0,0,0,departures,0.0,0.0,trend,2024
LFLC,27,23,23,24,departures,0.8518518518518519,0.8888888888888888,trend,2024
UBBN,27,0,0,0,departures,0.0,0.0,trend,2024
LTCB,27,11,11,11,arrivals,0.4074074074074074,0.4074074074074074,trend,2024
LGNX,27,0,0,0,arrivals,0.0,0.0,trend,2024
LESO,27,8,5,5,arrivals,0.18518518518518517,0.18518518518518517,trend,2024
LGHI,26,10,7,7,departures,0.2692307692307692,0.2692307692307692,trend,2024
LTCB,26,6,6,6,departures,0.23076923076923078,0.23076923076923078,trend,2024
LESO,26,0,0,0,departures,0.0,0.0,trend,2024
URML,26,12,0,0,departures,0.0,0.0,trend,2024
ENLK,26,3,0,0,departures,0.0,0.0,trend,2024
LTFO,26,12,12,12,departures,0.46153846153846156,0.46153846153846156,trend,2024
LFBT,26,19,19,19,departures,0.7307692307692307,0.7307692307692307,trend,2024
ENSG,26,10,0,0,arrivals,0.0,0.0,trend,2024
LIBP,26,21,21,21,arrivals,0.8076923076923077,0.8076923076923077,trend,2024
URML,26,11,0,0,arrivals,0.0,0.0,trend,2024
ENBN,26,6,0,0,arrivals,0.0,0.0,trend,2024
EDDR,25,17,16,19,departures,0.64,0.76,trend,2024
EPSC,25,2,1,1,departures,0.04,0.04,trend,2024
ENBN,25,6,0,0,departures,0.0,0.0,trend,2024
EDDR,25,18,16,16,arrivals,0.64,0.64,trend,2024
LGHI,25,2,2,2,arrivals,0.08,0.08,trend,2024
EPSC,25,16,14,14,arrivals,0.56,0.56,trend,2024
ENLK,25,0,0,0,arrivals,0.0,0.0,trend,2024
LTAZ,25,3,0,0,arrivals,0.0,0.0,trend,2024
EKVG,24,0,0,0,departures,0.0,0.0,trend,2024
LRSB,24,0,0,0,departures,0.0,0.0,trend,2024
LFBP,24,15,14,14,departures,0.5833333333333334,0.5833333333333334,trend,2024
LTCS,24,0,0,0,departures,0.0,0.0,trend,2024
ENSK,24,5,0,0,departures,0.0,0.0,trend,2024
EGPO,24,1,0,0,departures,0.0,0.0,trend,2024
LTAZ,24,1,0,0,departures,0.0,0.0,trend,2024
LRSB,24,8,7,7,arrivals,0.2916666666666667,0.2916666666666667,trend,2024
LFBP,24,19,17,17,arrivals,0.7083333333333334,0.7083333333333334,trend,2024
ENSK,24,6,0,0,arrivals,0.0,0.0,trend,2024
LFLC,24,20,19,20,arrivals,0.7916666666666666,0.8333333333333334,trend,2024
BIAR,24,1,0,0,arrivals,0.0,0.0,trend,2024
LPCS,23,19,15,18,departures,0.6521739130434783,0.782608695652174,trend,2024
LGKP,23,1,0,0,departures,0.0,0.0,trend,2024
LFMP,23,18,17,18,departures,0.7391304347826086,0.782608695652174,trend,2024
LTCA,23,0,0,0,departures,0.0,0.0,trend,2024
LGKL,23,2,0,0,arrivals,0.0,0.0,trend,2024
LGKP,23,1,0,0,arrivals,0.0,0.0,trend,2024
LTCS,23,0,0,0,arrivals,0.0,0.0,trend,2024
ENRA,23,9,0,0,arrivals,0.0,0.0,trend,2024
EGPO,23,1,0,0,arrivals,0.0,0.0,trend,2024
LTCE,23,0,0,0,arrivals,0.0,0.0,trend,2024
LFBT,23,18,17,18,arrivals,0.7391304347826086,0.782608695652174,trend,2024
LFRK,22,7,3,3,departures,0.13636363636363635,0.13636363636363635,trend,2024
EKRN,22,9,9,9,departures,0.4090909090909091,0.4090909090909091,trend,2024
LGKL,22,1,0,0,departures,0.0,0.0,trend,2024
EFTU,22,15,14,14,departures,0.6363636363636364,0.6363636363636364,trend,2024
LOWI,22,20,18,21,departures,0.8181818181818182,0.9545454545454546,trend,2024
GCHI,22,0,0,0,departures,0.0,0.0,trend,2024
LTCE,22,0,0,0,departures,0.0,0.0,trend,2024
LIPO,22,15,15,18,arrivals,0.6818181818181818,0.8181818181818182,trend,2024
EFTU,22,14,14,14,arrivals,0.6363636363636364,0.6363636363636364,trend,2024
EKVG,22,0,0,0,arrivals,0.0,0.0,trend,2024
EDMO,22,19,13,14,arrivals,0.5909090909090909,0.6363636363636364,trend,2024
LFMP,22,21,21,21,arrivals,0.9545454545454546,0.9545454545454546,trend,2024
LTCA,22,0,0,0,arrivals,0.0,0.0,trend,2024
GCHI,22,0,0,0,arrivals,0.0,0.0,trend,2024
LIPO,21,15,15,16,departures,0.7142857142857143,0.7619047619047619,trend,2024
ENRA,21,9,0,0,departures,0.0,0.0,trend,2024
LGML,21,0,0,0,departures,0.0,0.0,trend,2024
LRSV,21,0,0,0,departures,0.0,0.0,trend,2024
EGNJ,21,9,8,10,departures,0.38095238095238093,0.47619047619047616,trend,2024
EGNV,21,11,10,10,departures,0.47619047619047616,0.47619047619047616,trend,2024
EHBK,21,17,17,17,departures,0.8095238095238095,0.8095238095238095,trend,2024
LFRK,21,18,14,15,arrivals,0.6666666666666666,0.7142857142857143,trend,2024
EKRN,21,14,13,13,arrivals,0.6190476190476191,0.6190476190476191,trend,2024
ENVD,21,4,0,0,arrivals,0.0,0.0,trend,2024
ENML,21,1,0,0,arrivals,0.0,0.0,trend,2024
EHBK,21,15,14,14,arrivals,0.6666666666666666,0.6666666666666666,trend,2024
ENVD,20,5,0,0,departures,0.0,0.0,trend,2024
LICR,20,0,0,0,departures,0.0,0.0,trend,2024
LIPB,20,8,6,7,departures,0.3,0.35,trend,2024
EBOS,20,16,15,15,departures,0.75,0.75,trend,2024
EIKY,20,18,18,18,departures,0.9,0.9,trend,2024
BIAR,20,0,0,0,departures,0.0,0.0,trend,2024
LPCS,20,14,12,20,arrivals,0.6,1.0,trend,2024
LICR,20,0,0,0,arrivals,0.0,0.0,trend,2024
LGML,20,0,0,0,arrivals,0.0,0.0,trend,2024
EBOS,20,18,17,20,arrivals,0.85,1.0,trend,2024
LRSV,20,1,0,0,arrivals,0.0,0.0,trend,2024
EGNJ,20,7,7,8,arrivals,0.35,0.4,trend,2024
EGNV,20,11,11,13,arrivals,0.55,0.65,trend,2024
LSZR,20,13,11,15,arrivals,0.55,0.75,trend,2024
LTAT,19,0,0,0,departures,0.0,0.0,trend,2024
EDXW,19,17,17,18,departures,0.8947368421052632,0.9473684210526315,trend,2024
LLER,19,0,0,0,departures,0.0,0.0,trend,2024
ENML,19,0,0,0,departures,0.0,0.0,trend,2024
EDHI,19,15,0,2,departures,0.0,0.10526315789473684,trend,2024
GMML,19,0,0,0,departures,0.0,0.0,trend,2024
EPLB,19,17,17,17,departures,0.8947368421052632,0.8947368421052632,trend,2024
LTAT,19,0,0,0,arrivals,0.0,0.0,trend,2024
GMTN,19,19,19,19,arrivals,1.0,1.0,trend,2024
LTCR,19,0,0,0,arrivals,0.0,0.0,trend,2024
EPLB,19,17,17,19,arrivals,0.8947368421052632,1.0,trend,2024
LFKC,19,12,12,16,arrivals,0.631578947368421,0.8421052631578947,trend,2024
GMTN,18,18,18,18,departures,1.0,1.0,trend,2024
ENKR,18,4,0,0,departures,0.0,0.0,trend,2024
LSGS,18,2,0,0,departures,0.0,0.0,trend,2024
LTCR,18,0,0,0,departures,0.0,0.0,trend,2024
ENSH,18,0,0,0,departures,0.0,0.0,trend,2024
EYPA,18,10,10,10,departures,0.5555555555555556,0.5555555555555556,trend,2024
LIPR,18,12,11,11,departures,0.6111111111111112,0.6111111111111112,trend,2024
LSZR,18,13,12,13,departures,0.6666666666666666,0.7222222222222222,trend,2024
LFKC,18,9,9,9,departures,0.5,0.5,trend,2024
ENKR,18,4,0,0,arrivals,0.0,0.0,trend,2024
LRBC,18,2,1,1,arrivals,0.05555555555555555,0.05555555555555555,trend,2024
EPBY,18,17,17,17,arrivals,0.9444444444444444,0.9444444444444444,trend,2024
LSGS,18,4,0,1,arrivals,0.0,0.05555555555555555,trend,2024
LIPB,18,12,10,10,arrivals,0.5555555555555556,0.5555555555555556,trend,2024
EYPA,18,11,11,11,arrivals,0.6111111111111112,0.6111111111111112,trend,2024
LSZB,18,15,13,23,arrivals,0.7222222222222222,1.2777777777777777,trend,2024
EIKY,18,16,16,16,arrivals,0.8888888888888888,0.8888888888888888,trend,2024
LFTZ,18,13,0,0,arrivals,0.0,0.0,trend,2024
HLLB,18,0,0,0,arrivals,0.0,0.0,trend,2024
ESGJ,18,5,3,4,arrivals,0.16666666666666666,0.2222222222222222,trend,2024
LRBC,17,1,0,0,departures,0.0,0.0,trend,2024
EGMC,17,16,16,18,departures,0.9411764705882353,1.0588235294117647,trend,2024
LFMK,17,14,14,14,departures,0.8235294117647058,0.8235294117647058,trend,2024
EGTK,17,14,12,12,departures,0.7058823529411765,0.7058823529411765,trend,2024
LICG,17,1,0,0,departures,0.0,0.0,trend,2024
LSZA,17,12,10,15,departures,0.5882352941176471,0.8823529411764706,trend,2024
ESTA,17,12,11,11,departures,0.6470588235294118,0.6470588235294118,trend,2024
EDVE,17,11,10,16,departures,0.5882352941176471,0.9411764705882353,trend,2024
LXGB,17,17,16,16,departures,0.9411764705882353,0.9411764705882353,trend,2024
ESGJ,17,3,0,0,departures,0.0,0.0,trend,2024
EGMC,17,15,15,31,arrivals,0.8823529411764706,1.8235294117647058,trend,2024
ENSH,17,0,0,0,arrivals,0.0,0.0,trend,2024
LFMK,17,17,17,17,arrivals,1.0,1.0,trend,2024
LFRZ,17,13,11,12,arrivals,0.6470588235294118,0.7058823529411765,trend,2024
GMML,17,0,0,0,arrivals,0.0,0.0,trend,2024
LIPR,17,13,12,15,arrivals,0.7058823529411765,0.8823529411764706,trend,2024
LXGB,17,16,16,17,arrivals,0.9411764705882353,1.0,trend,2024
LFBL,16,0,0,0,departures,0.0,0.0,trend,2024
EPLL,16,4,2,2,departures,0.125,0.125,trend,2024
LTCF,16,0,0,0,departures,0.0,0.0,trend,2024
LFRZ,16,12,11,14,departures,0.6875,0.875,trend,2024
ENMS,16,2,0,0,departures,0.0,0.0,trend,2024
LICD,16,0,0,0,departures,0.0,0.0,trend,2024
EDXW,16,13,13,13,arrivals,0.8125,0.8125,trend,2024
LFBL,16,0,0,0,arrivals,0.0,0.0,trend,2024
EBKT,16,12,9,11,arrivals,0.5625,0.6875,trend,2024
LTCF,16,0,0,0,arrivals,0.0,0.0,trend,2024
LICG,16,1,0,0,arrivals,0.0,0.0,trend,2024
EDHI,16,13,0,0,arrivals,0.0,0.0,trend,2024
ESTA,16,14,14,15,arrivals,0.875,0.9375,trend,2024
LICD,16,0,0,0,arrivals,0.0,0.0,trend,2024
LOWK,15,2,0,0,departures,0.0,0.0,trend,2024
LDRI,15,12,12,14,departures,0.8,0.9333333333333333,trend,2024
LQBK,15,1,0,0,departures,0.0,0.0,trend,2024
EPBY,15,15,15,15,departures,1.0,1.0,trend,2024
ENAN,15,2,0,0,departures,0.0,0.0,trend,2024
LFTZ,15,11,0,0,departures,0.0,0.0,trend,2024
LEPP,15,1,1,1,departures,0.06666666666666667,0.06666666666666667,trend,2024
HLLB,15,0,0,0,departures,0.0,0.0,trend,2024
LOWK,15,5,3,4,arrivals,0.2,0.26666666666666666,trend,2024
LFBH,15,7,5,5,arrivals,0.3333333333333333,0.3333333333333333,trend,2024
EPLL,15,14,13,14,arrivals,0.8666666666666667,0.9333333333333333,trend,2024
LIBF,15,3,0,0,arrivals,0.0,0.0,trend,2024
LQBK,15,7,4,4,arrivals,0.26666666666666666,0.26666666666666666,trend,2024
LFRG,15,11,9,14,arrivals,0.6,0.9333333333333333,trend,2024
EGTK,15,13,11,16,arrivals,0.7333333333333333,1.0666666666666667,trend,2024
ENAN,15,3,0,0,arrivals,0.0,0.0,trend,2024
EDVE,15,10,7,9,arrivals,0.4666666666666667,0.6,trend,2024
ENMS,15,6,0,0,arrivals,0.0,0.0,trend,2024
LFLY,14,6,0,0,departures,0.0,0.0,trend,2024
LFBH,14,6,6,6,departures,0.42857142857142855,0.42857142857142855,trend,2024
EFRO,14,0,0,0,departures,0.0,0.0,trend,2024
LTCJ,14,0,0,0,departures,0.0,0.0,trend,2024
EGPN,14,1,1,1,departures,0.07142857142857142,0.07142857142857142,trend,2024
EDFM,14,4,4,11,departures,0.2857142857142857,0.7857142857142857,trend,2024
EBKT,14,9,8,9,departures,0.5714285714285714,0.6428571428571429,trend,2024
EKSB,14,5,5,5,departures,0.35714285714285715,0.35714285714285715,trend,2024
LICB,14,9,9,9,departures,0.6428571428571429,0.6428571428571429,trend,2024
ESNZ,14,9,9,9,departures,0.6428571428571429,0.6428571428571429,trend,2024
LFRG,14,11,10,14,departures,0.7142857142857143,1.0,trend,2024
LPPS,14,5,5,5,departures,0.35714285714285715,0.35714285714285715,trend,2024
ENBL,14,0,0,0,departures,0.0,0.0,trend,2024
EGJA,14,5,5,5,departures,0.35714285714285715,0.35714285714285715,trend,2024
LGAL,14,0,0,0,departures,0.0,0.0,trend,2024
LSZB,14,9,6,10,departures,0.42857142857142855,0.7142857142857143,trend,2024
EGAE,14,0,0,0,departures,0.0,0.0,trend,2024
LIMP,14,1,0,0,departures,0.0,0.0,trend,2024
EFKU,14,12,12,13,departures,0.8571428571428571,0.9285714285714286,trend,2024
EFVA,14,0,0,0,departures,0.0,0.0,trend,2024
LFLY,14,7,0,0,arrivals,0.0,0.0,trend,2024
EFRO,14,1,0,0,arrivals,0.0,0.0,trend,2024
LTCJ,14,0,0,0,arrivals,0.0,0.0,trend,2024
LDRI,14,13,13,15,arrivals,0.9285714285714286,1.0714285714285714,trend,2024
LTAY,14,0,0,0,arrivals,0.0,0.0,trend,2024
LLER,14,0,0,0,arrivals,0.0,0.0,trend,2024
EKSB,14,6,6,7,arrivals,0.42857142857142855,0.5,trend,2024
LICB,14,11,11,13,arrivals,0.7857142857142857,0.9285714285714286,trend,2024
LPPS,14,9,9,9,arrivals,0.6428571428571429,0.6428571428571429,trend,2024
ENBL,14,0,0,0,arrivals,0.0,0.0,trend,2024
LGAL,14,1,1,1,arrivals,0.07142857142857142,0.07142857142857142,trend,2024
EGAE,14,1,1,1,arrivals,0.07142857142857142,0.07142857142857142,trend,2024
LIMP,14,11,9,9,arrivals,0.6428571428571429,0.6428571428571429,trend,2024
EFKU,14,12,12,12,arrivals,0.8571428571428571,0.8571428571428571,trend,2024
LEPP,14,0,0,0,arrivals,0.0,0.0,trend,2024
EFVA,14,0,0,0,arrivals,0.0,0.0,trend,2024
LTCK,13,0,0,0,departures,0.0,0.0,trend,2024
LIBF,13,2,0,0,departures,0.0,0.0,trend,2024
LRBS,13,11,11,18,departures,0.8461538461538461,1.3846153846153846,trend,2024
LGLM,13,2,0,0,departures,0.0,0.0,trend,2024
UUBW,13,4,4,4,arrivals,0.3076923076923077,0.3076923076923077,trend,2024
EDFM,13,3,3,4,arrivals,0.23076923076923078,0.3076923076923077,trend,2024
LTCK,13,0,0,0,arrivals,0.0,0.0,trend,2024
ESNZ,13,9,9,9,arrivals,0.6923076923076923,0.6923076923076923,trend,2024
LSZA,13,11,9,12,arrivals,0.6923076923076923,0.9230769230769231,trend,2024
LFJL,13,12,12,13,arrivals,0.9230769230769231,1.0,trend,2024
LGLM,13,2,0,0,arrivals,0.0,0.0,trend,2024
URMG,12,4,0,0,departures,0.0,0.0,trend,2024
LTAY,12,0,0,0,departures,0.0,0.0,trend,2024
LGKV,12,11,11,11,departures,0.9166666666666666,0.9166666666666666,trend,2024
LHDC,12,0,0,0,departures,0.0,0.0,trend,2024
LFMU,12,5,5,5,departures,0.4166666666666667,0.4166666666666667,trend,2024
ESMT,12,9,9,9,departures,0.75,0.75,trend,2024
LKPD,12,12,12,12,departures,1.0,1.0,trend,2024
LTAR,12,0,0,0,departures,0.0,0.0,trend,2024
GCGM,12,0,0,0,departures,0.0,0.0,trend,2024
EFTP,12,10,10,10,departures,0.8333333333333334,0.8333333333333334,trend,2024
LRCV,12,9,9,10,departures,0.75,0.8333333333333334,trend,2024
LFJL,12,11,11,11,departures,0.9166666666666666,0.9166666666666666,trend,2024
LECH,12,7,7,7,departures,0.5833333333333334,0.5833333333333334,trend,2024
URMG,12,6,0,0,arrivals,0.0,0.0,trend,2024
EGPN,12,7,5,5,arrivals,0.4166666666666667,0.4166666666666667,trend,2024
LFMU,12,8,8,9,arrivals,0.6666666666666666,0.75,trend,2024
EDDE,12,9,9,10,arrivals,0.75,0.8333333333333334,trend,2024
LTAR,12,0,0,0,arrivals,0.0,0.0,trend,2024
GCGM,12,0,0,0,arrivals,0.0,0.0,trend,2024
ENSD,12,0,0,0,arrivals,0.0,0.0,trend,2024
LRBS,12,10,10,11,arrivals,0.8333333333333334,0.9166666666666666,trend,2024
UUBW,11,3,3,3,departures,0.2727272727272727,0.2727272727272727,trend,2024
LPAZ,11,10,10,10,departures,0.9090909090909091,0.9090909090909091,trend,2024
LTCD,11,0,0,0,departures,0.0,0.0,trend,2024
UWGG,11,4,4,4,departures,0.36363636363636365,0.36363636363636365,trend,2024
LTCV,11,0,0,0,departures,0.0,0.0,trend,2024
HESX,11,0,0,0,departures,0.0,0.0,trend,2024
ESNN,11,1,1,1,departures,0.09090909090909091,0.09090909090909091,trend,2024
LZTT,11,1,0,0,departures,0.0,0.0,trend,2024
ESMX,11,11,9,9,departures,0.8181818181818182,0.8181818181818182,trend,2024
ENST,11,3,0,0,departures,0.0,0.0,trend,2024
EFMA,11,2,2,2,departures,0.18181818181818182,0.18181818181818182,trend,2024
EDNY,11,8,7,7,departures,0.6363636363636364,0.6363636363636364,trend,2024
LROD,11,0,0,0,departures,0.0,0.0,trend,2024
ENRM,11,1,0,0,departures,0.0,0.0,trend,2024
ENLE,11,0,0,0,departures,0.0,0.0,trend,2024
ESKN,11,11,11,11,departures,1.0,1.0,trend,2024
LTCT,11,0,0,0,departures,0.0,0.0,trend,2024
ENSD,11,0,0,0,departures,0.0,0.0,trend,2024
LTCP,11,0,0,0,departures,0.0,0.0,trend,2024
ESSL,11,11,10,10,departures,0.9090909090909091,0.9090909090909091,trend,2024
LEBZ,11,9,8,8,departures,0.7272727272727273,0.7272727272727273,trend,2024
LFBE,11,9,8,8,departures,0.7272727272727273,0.7272727272727273,trend,2024
LIBC,11,0,0,0,departures,0.0,0.0,trend,2024
LPAZ,11,9,9,9,arrivals,0.8181818181818182,0.8181818181818182,trend,2024
LTCD,11,0,0,0,arrivals,0.0,0.0,trend,2024
HESX,11,0,0,0,arrivals,0.0,0.0,trend,2024
LTCV,11,0,0,0,arrivals,0.0,0.0,trend,2024
ESNN,11,3,3,3,arrivals,0.2727272727272727,0.2727272727272727,trend,2024
LTFD,11,6,6,6,arrivals,0.5454545454545454,0.5454545454545454,trend,2024
ESMX,11,11,10,11,arrivals,0.9090909090909091,1.0,trend,2024
LGKV,11,11,11,11,arrivals,1.0,1.0,trend,2024
ENST,11,4,0,0,arrivals,0.0,0.0,trend,2024
LHDC,11,0,0,0,arrivals,0.0,0.0,trend,2024
EFMA,11,2,2,2,arrivals,0.18181818181818182,0.18181818181818182,trend,2024
LROD,11,0,0,0,arrivals,0.0,0.0,trend,2024
LKPD,11,11,11,13,arrivals,1.0,1.1818181818181819,trend,2024
EGJA,11,8,8,8,arrivals,0.7272727272727273,0.7272727272727273,trend,2024
ENRM,11,0,0,0,arrivals,0.0,0.0,trend,2024
EFTP,11,8,8,8,arrivals,0.7272727272727273,0.7272727272727273,trend,2024
ESKN,11,11,10,10,arrivals,0.9090909090909091,0.9090909090909091,trend,2024
LTCT,11,0,0,0,arrivals,0.0,0.0,trend,2024
LTCP,11,0,0,0,arrivals,0.0,0.0,trend,2024
LRCV,11,9,9,9,arrivals,0.8181818181818182,0.8181818181818182,trend,2024
LECH,11,0,0,0,arrivals,0.0,0.0,trend,2024
LIBC,11,0,0,0,arrivals,0.0,0.0,trend,2024
DAAE,11,0,0,0,arrivals,0.0,0.0,trend,2024
LFBE,11,7,6,6,arrivals,0.5454545454545454,0.5454545454545454,trend,2024
LYNI,10,2,2,2,departures,0.2,0.2,trend,2024
ESNL,10,0,0,0,departures,0.0,0.0,trend,2024
LFOK,10,1,0,0,departures,0.0,0.0,trend,2024
ESNS,10,0,0,0,departures,0.0,0.0,trend,2024
LTFD,10,5,5,5,departures,0.5,0.5,trend,2024
EDTY,10,6,3,3,departures,0.3,0.3,trend,2024
DABB,10,0,0,0,departures,0.0,0.0,trend,2024
LQMO,10,0,0,0,departures,0.0,0.0,trend,2024
EDDE,10,8,8,8,departures,0.8,0.8,trend,2024
LFLW,10,1,0,0,departures,0.0,0.0,trend,2024
LFTW,10,9,9,9,departures,0.9,0.9,trend,2024
DAAE,10,1,1,1,departures,0.1,0.1,trend,2024
ENNA,10,5,0,0,departures,0.0,0.0,trend,2024
LFRM,10,6,5,7,arrivals,0.5,0.7,trend,2024
ESNL,10,0,0,0,arrivals,0.0,0.0,trend,2024
LFSL,10,0,0,0,arrivals,0.0,0.0,trend,2024
UWGG,10,2,2,2,arrivals,0.2,0.2,trend,2024
LFOK,10,6,3,4,arrivals,0.3,0.4,trend,2024
LZTT,10,2,0,0,arrivals,0.0,0.0,trend,2024
ESMT,10,7,7,7,arrivals,0.7,0.7,trend,2024
DABB,10,0,0,0,arrivals,0.0,0.0,trend,2024
LQMO,10,0,0,0,arrivals,0.0,0.0,trend,2024
LFLW,10,0,0,0,arrivals,0.0,0.0,trend,2024
ENLE,10,0,0,0,arrivals,0.0,0.0,trend,2024
ESSL,10,10,10,10,arrivals,1.0,1.0,trend,2024
LGST,10,0,0,0,arrivals,0.0,0.0,trend,2024
ESKM,9,0,0,0,departures,0.0,0.0,trend,2024
LRBV,9,0,0,0,departures,0.0,0.0,trend,2024
ESNX,9,0,0,0,departures,0.0,0.0,trend,2024
LQTZ,9,0,0,0,departures,0.0,0.0,trend,2024
LFSL,9,0,0,0,departures,0.0,0.0,trend,2024
ENDU,9,0,0,0,departures,0.0,0.0,trend,2024
LEVD,9,0,0,0,departures,0.0,0.0,trend,2024
ENSO,9,3,3,3,departures,0.3333333333333333,0.3333333333333333,trend,2024
ESDF,9,8,8,8,departures,0.8888888888888888,0.8888888888888888,trend,2024
LGRX,9,0,0,0,departures,0.0,0.0,trend,2024
LFCR,9,3,3,3,departures,0.3333333333333333,0.3333333333333333,trend,2024
ESNG,9,0,0,0,departures,0.0,0.0,trend,2024
LGIK,9,0,0,0,departures,0.0,0.0,trend,2024
EGPL,9,0,0,0,departures,0.0,0.0,trend,2024
LGST,9,0,0,0,departures,0.0,0.0,trend,2024
EGNR,9,7,2,2,departures,0.2222222222222222,0.2222222222222222,trend,2024
ESKM,9,0,0,0,arrivals,0.0,0.0,trend,2024
LRBV,9,1,0,0,arrivals,0.0,0.0,trend,2024
EDVK,9,6,6,6,arrivals,0.6666666666666666,0.6666666666666666,trend,2024
LQTZ,9,0,0,0,arrivals,0.0,0.0,trend,2024
LYNI,9,8,8,9,arrivals,0.8888888888888888,1.0,trend,2024
ESNS,9,4,4,4,arrivals,0.4444444444444444,0.4444444444444444,trend,2024
EDHL,9,8,6,7,arrivals,0.6666666666666666,0.7777777777777778,trend,2024
LDOS,9,9,9,9,arrivals,1.0,1.0,trend,2024
LTDA,9,0,0,0,arrivals,0.0,0.0,trend,2024
EDNY,9,7,7,8,arrivals,0.7777777777777778,0.8888888888888888,trend,2024
ENSO,9,3,3,3,arrivals,0.3333333333333333,0.3333333333333333,trend,2024
LGRX,9,0,0,0,arrivals,0.0,0.0,trend,2024
EDTY,9,7,5,6,arrivals,0.5555555555555556,0.6666666666666666,trend,2024
LFCR,9,6,6,6,arrivals,0.6666666666666666,0.6666666666666666,trend,2024
ESNG,9,0,0,0,arrivals,0.0,0.0,trend,2024
EKRK,9,9,8,8,arrivals,0.8888888888888888,0.8888888888888888,trend,2024
LGIK,9,0,0,0,arrivals,0.0,0.0,trend,2024
LFSD,9,6,5,9,arrivals,0.5555555555555556,1.0,trend,2024
EGPL,9,0,0,0,arrivals,0.0,0.0,trend,2024
LEBZ,9,8,8,9,arrivals,0.8888888888888888,1.0,trend,2024
LGIO,8,7,7,7,departures,0.875,0.875,trend,2024
EDVK,8,7,7,7,departures,0.875,0.875,trend,2024
LFMV,8,8,7,8,departures,0.875,1.0,trend,2024
EDHL,8,7,6,6,departures,0.75,0.75,trend,2024
LDOS,8,7,7,7,departures,0.875,0.875,trend,2024
URMO,8,0,0,0,departures,0.0,0.0,trend,2024
LTDA,8,0,0,0,departures,0.0,0.0,trend,2024
ESNQ,8,0,0,0,departures,0.0,0.0,trend,2024
EKRK,8,8,8,14,departures,1.0,1.75,trend,2024
DAON,8,0,0,0,departures,0.0,0.0,trend,2024
ENJS,8,0,0,0,departures,0.0,0.0,trend,2024
LFSD,8,7,5,5,departures,0.625,0.625,trend,2024
LTCN,8,0,0,0,departures,0.0,0.0,trend,2024
EFKK,8,6,6,6,departures,0.75,0.75,trend,2024
LTCO,8,0,0,0,departures,0.0,0.0,trend,2024
ENNM,8,0,0,0,departures,0.0,0.0,trend,2024
LGIO,8,7,7,7,arrivals,0.875,0.875,trend,2024
ESNX,8,0,0,0,arrivals,0.0,0.0,trend,2024
ENDU,8,0,0,0,arrivals,0.0,0.0,trend,2024
LEVD,8,3,2,2,arrivals,0.25,0.25,trend,2024
ESNQ,8,1,1,1,arrivals,0.125,0.125,trend,2024
ESDF,8,7,7,7,arrivals,0.875,0.875,trend,2024
ESMQ,8,7,7,7,arrivals,0.875,0.875,trend,2024
ENJS,8,0,0,0,arrivals,0.0,0.0,trend,2024
LTCN,8,0,0,0,arrivals,0.0,0.0,trend,2024
GMFK,8,0,0,0,arrivals,0.0,0.0,trend,2024
LTCO,8,0,0,0,arrivals,0.0,0.0,trend,2024
LFTW,8,8,8,10,arrivals,1.0,1.25,trend,2024
ENNM,8,1,0,0,arrivals,0.0,0.0,trend,2024
DAON,8,0,0,0,arrivals,0.0,0.0,trend,2024
ENNA,8,5,0,0,arrivals,0.0,0.0,trend,2024
LFRM,7,6,6,11,departures,0.8571428571428571,1.5714285714285714,trend,2024
LRBM,7,0,0,0,departures,0.0,0.0,trend,2024
ORMM,7,0,0,0,departures,0.0,0.0,trend,2024
EIDL,7,0,0,0,departures,0.0,0.0,trend,2024
ESOE,7,3,3,4,departures,0.42857142857142855,0.5714285714285714,trend,2024
ESNV,7,0,0,0,departures,0.0,0.0,trend,2024
EFJO,7,2,2,2,departures,0.2857142857142857,0.2857142857142857,trend,2024
ESMK,7,7,7,8,departures,1.0,1.1428571428571428,trend,2024
HEBA,7,0,0,0,departures,0.0,0.0,trend,2024
ESMQ,7,7,7,7,departures,1.0,1.0,trend,2024
GMMI,7,0,0,0,departures,0.0,0.0,trend,2024
OITT,7,0,0,0,departures,0.0,0.0,trend,2024
EETU,7,3,3,3,departures,0.42857142857142855,0.42857142857142855,trend,2024
LRTM,7,0,0,0,departures,0.0,0.0,trend,2024
EGEC,7,0,0,0,departures,0.0,0.0,trend,2024
BIEG,7,0,0,0,departures,0.0,0.0,trend,2024
GMFK,7,0,0,0,departures,0.0,0.0,trend,2024
LFMV,7,6,3,3,arrivals,0.42857142857142855,0.42857142857142855,trend,2024
LRBM,7,1,0,0,arrivals,0.0,0.0,trend,2024
ESNK,7,0,0,0,arrivals,0.0,0.0,trend,2024
ORMM,7,0,0,0,arrivals,0.0,0.0,trend,2024
ESOE,7,5,4,6,arrivals,0.5714285714285714,0.8571428571428571,trend,2024
LTCW,7,0,0,0,arrivals,0.0,0.0,trend,2024
ESNV,7,0,0,0,arrivals,0.0,0.0,trend,2024
EFJO,7,1,1,1,arrivals,0.14285714285714285,0.14285714285714285,trend,2024
BIEG,7,0,0,0,arrivals,0.0,0.0,trend,2024
GMMI,7,0,0,0,arrivals,0.0,0.0,trend,2024
OITT,7,0,0,0,arrivals,0.0,0.0,trend,2024
LIBG,7,0,0,0,arrivals,0.0,0.0,trend,2024
EETU,7,1,1,1,arrivals,0.14285714285714285,0.14285714285714285,trend,2024
EGNR,7,6,0,0,arrivals,0.0,0.0,trend,2024
EFKK,7,5,5,5,arrivals,0.7142857142857143,0.7142857142857143,trend,2024
LRTM,7,1,0,0,arrivals,0.0,0.0,trend,2024
EGEC,7,0,0,0,arrivals,0.0,0.0,trend,2024
EIDL,7,0,0,0,arrivals,0.0,0.0,trend,2024
LFLB,6,2,1,2,departures,0.16666666666666666,0.3333333333333333,trend,2024
ESNK,6,0,0,0,departures,0.0,0.0,trend,2024
EGPI,6,0,0,0,departures,0.0,0.0,trend,2024
EKTE,6,0,0,0,departures,0.0,0.0,trend,2024
EEKE,6,0,0,0,departures,0.0,0.0,trend,2024
ENRO,6,0,0,0,departures,0.0,0.0,trend,2024
DAAS,6,0,0,0,departures,0.0,0.0,trend,2024
ESUP,6,0,0,0,departures,0.0,0.0,trend,2024
LTCW,6,0,0,0,departures,0.0,0.0,trend,2024
EGPR,6,0,0,0,departures,0.0,0.0,trend,2024
ESOH,6,1,0,0,departures,0.0,0.0,trend,2024
EEKA,6,2,2,2,departures,0.3333333333333333,0.3333333333333333,trend,2024
LFEC,6,0,0,0,departures,0.0,0.0,trend,2024
ENHE,6,0,0,0,departures,0.0,0.0,trend,2024
LWOH,6,0,0,0,departures,0.0,0.0,trend,2024
ENSR,6,0,0,0,departures,0.0,0.0,trend,2024
LTBH,6,0,0,0,departures,0.0,0.0,trend,2024
EHGG,6,4,4,4,departures,0.6666666666666666,0.6666666666666666,trend,2024
LFOT,6,5,5,5,departures,0.8333333333333334,0.8333333333333334,trend,2024
LSZC,6,4,0,0,departures,0.0,0.0,trend,2024
LTCU,6,0,0,0,departures,0.0,0.0,trend,2024
LBPD,6,4,4,4,departures,0.6666666666666666,0.6666666666666666,trend,2024
UBBG,6,1,0,0,departures,0.0,0.0,trend,2024
EHLE,6,3,1,1,departures,0.16666666666666666,0.16666666666666666,trend,2024
LGLE,6,1,0,0,departures,0.0,0.0,trend,2024
LFCK,6,0,0,0,departures,0.0,0.0,trend,2024
EGPU,6,0,0,0,departures,0.0,0.0,trend,2024
ESND,6,0,0,0,departures,0.0,0.0,trend,2024
EFJY,6,0,0,0,departures,0.0,0.0,trend,2024
ENRS,6,0,0,0,arrivals,0.0,0.0,trend,2024
EGPU,6,0,0,0,arrivals,0.0,0.0,trend,2024
HEMM,6,0,0,0,arrivals,0.0,0.0,trend,2024
EKTE,6,0,0,0,arrivals,0.0,0.0,trend,2024
EEKE,6,2,2,2,arrivals,0.3333333333333333,0.3333333333333333,trend,2024
ENRO,6,0,0,0,arrivals,0.0,0.0,trend,2024
ESUP,6,0,0,0,arrivals,0.0,0.0,trend,2024
ESOH,6,1,0,0,arrivals,0.0,0.0,trend,2024
EEKA,6,3,3,3,arrivals,0.5,0.5,trend,2024
LFEC,6,0,0,0,arrivals,0.0,0.0,trend,2024
ENHE,6,0,0,0,arrivals,0.0,0.0,trend,2024
LWOH,6,0,0,0,arrivals,0.0,0.0,trend,2024
ENSR,6,0,0,0,arrivals,0.0,0.0,trend,2024
ESND,6,0,0,0,arrivals,0.0,0.0,trend,2024
HEBA,6,0,0,0,arrivals,0.0,0.0,trend,2024
LIMZ,6,4,3,4,arrivals,0.5,0.6666666666666666,trend,2024
LTBH,6,0,0,0,arrivals,0.0,0.0,trend,2024
EHGG,6,5,5,5,arrivals,0.8333333333333334,0.8333333333333334,trend,2024
LFOT,6,6,6,6,arrivals,1.0,1.0,trend,2024
LSZC,6,5,0,0,arrivals,0.0,0.0,trend,2024
LTCU,6,0,0,0,arrivals,0.0,0.0,trend,2024
LBPD,6,4,4,4,arrivals,0.6666666666666666,0.6666666666666666,trend,2024
UBBG,6,0,0,0,arrivals,0.0,0.0,trend,2024
LGLE,6,1,0,0,arrivals,0.0,0.0,trend,2024
LFCK,6,0,0,0,arrivals,0.0,0.0,trend,2024
EGPI,6,0,0,0,arrivals,0.0,0.0,trend,2024
EGPR,6,0,0,0,arrivals,0.0,0.0,trend,2024
LFBI,5,0,0,0,departures,0.0,0.0,trend,2024
ENRS,5,5,0,0,departures,0.0,0.0,trend,2024
ENWS,5,0,0,0,departures,0.0,0.0,trend,2024
LDVA,5,0,0,0,departures,0.0,0.0,trend,2024
EDRY,5,5,0,0,departures,0.0,0.0,trend,2024
HEMM,5,0,0,0,departures,0.0,0.0,trend,2024
ENWV,5,0,0,0,departures,0.0,0.0,trend,2024
EFKE,5,0,0,0,departures,0.0,0.0,trend,2024
GMTA,5,5,5,5,departures,1.0,1.0,trend,2024
EDTM,5,5,3,4,departures,0.6,0.8,trend,2024
EGPC,5,1,0,0,departures,0.0,0.0,trend,2024
LKCS,5,5,5,5,departures,1.0,1.0,trend,2024
BIIS,5,0,0,0,departures,0.0,0.0,trend,2024
LGKY,5,2,0,0,departures,0.0,0.0,trend,2024
LIMZ,5,4,3,4,departures,0.6,0.8,trend,2024
EKKA,5,0,0,0,departures,0.0,0.0,trend,2024
LTBY,5,1,0,0,departures,0.0,0.0,trend,2024
GMMZ,5,0,0,0,departures,0.0,0.0,trend,2024
LIBG,5,0,0,0,departures,0.0,0.0,trend,2024
EDLN,5,5,2,2,departures,0.4,0.4,trend,2024
ENSL,5,0,0,0,departures,0.0,0.0,trend,2024
LFRH,5,3,3,4,departures,0.6,0.8,trend,2024
LTAS,5,0,0,0,departures,0.0,0.0,trend,2024
LTBR,5,5,5,5,departures,1.0,1.0,trend,2024
EPZG,5,4,4,4,departures,0.8,0.8,trend,2024
ORKK,5,0,0,0,departures,0.0,0.0,trend,2024
LSGL,5,1,0,0,departures,0.0,0.0,trend,2024
URMS,5,3,0,0,departures,0.0,0.0,trend,2024
LFBI,5,3,3,3,arrivals,0.6,0.6,trend,2024
ENWS,5,0,0,0,arrivals,0.0,0.0,trend,2024
ESUT,5,0,0,0,arrivals,0.0,0.0,trend,2024
EFKI,5,0,0,0,arrivals,0.0,0.0,trend,2024
URMO,5,0,0,0,arrivals,0.0,0.0,trend,2024
LSGK,5,2,0,0,arrivals,0.0,0.0,trend,2024
ENWV,5,0,0,0,arrivals,0.0,0.0,trend,2024
DAAS,5,0,0,0,arrivals,0.0,0.0,trend,2024
GMTA,5,5,5,5,arrivals,1.0,1.0,trend,2024
EDTM,5,4,3,3,arrivals,0.6,0.6,trend,2024
LKCS,5,5,5,5,arrivals,1.0,1.0,trend,2024
LTCL,5,2,0,0,arrivals,0.0,0.0,trend,2024
ENQG,5,0,0,0,arrivals,0.0,0.0,trend,2024
BIIS,5,0,0,0,arrivals,0.0,0.0,trend,2024
ESMK,5,5,3,3,arrivals,0.6,0.6,trend,2024
LTBY,5,1,1,1,arrivals,0.2,0.2,trend,2024
GMMZ,5,0,0,0,arrivals,0.0,0.0,trend,2024
ENSL,5,0,0,0,arrivals,0.0,0.0,trend,2024
EFJY,5,0,0,0,arrivals,0.0,0.0,trend,2024
LFRH,5,4,3,4,arrivals,0.6,0.8,trend,2024
LTAS,5,0,0,0,arrivals,0.0,0.0,trend,2024
EHLE,5,2,0,2,arrivals,0.0,0.4,trend,2024
ORKK,5,0,0,0,arrivals,0.0,0.0,trend,2024
EKKA,5,0,0,0,arrivals,0.0,0.0,trend,2024
LTBR,5,5,5,6,arrivals,1.0,1.2,trend,2024
LFMI,4,4,2,2,departures,0.5,0.5,trend,2024
LFOZ,4,4,0,0,departures,0.0,0.0,trend,2024
EDRZ,4,4,0,0,departures,0.0,0.0,trend,2024
EPRA,4,1,1,1,departures,0.25,0.25,trend,2024
LGPL,4,0,0,0,departures,0.0,0.0,trend,2024
EDGS,4,3,3,3,departures,0.75,0.75,trend,2024
LSGK,4,0,0,0,departures,0.0,0.0,trend,2024
LELN,4,0,0,0,departures,0.0,0.0,trend,2024
LHPP,4,1,1,1,departures,0.25,0.25,trend,2024
ENGA,4,0,0,0,departures,0.0,0.0,trend,2024
LTCL,4,0,0,0,departures,0.0,0.0,trend,2024
LRCK,4,0,0,0,departures,0.0,0.0,trend,2024
ENGC,4,0,0,0,departures,0.0,0.0,trend,2024
LTAW,4,0,0,0,departures,0.0,0.0,trend,2024
LZPP,4,3,2,2,departures,0.5,0.5,trend,2024
EDAZ,4,3,0,0,departures,0.0,0.0,trend,2024
EGNO,4,3,3,3,departures,0.75,0.75,trend,2024
ETNL,4,4,4,7,departures,1.0,1.75,trend,2024
LGKC,4,0,0,0,departures,0.0,0.0,trend,2024
LKKV,4,4,4,4,departures,1.0,1.0,trend,2024
ENOA,4,0,0,0,departures,0.0,0.0,trend,2024
ESST,4,0,0,0,departures,0.0,0.0,trend,2024
LTAP,4,0,0,0,departures,0.0,0.0,trend,2024
ESOW,4,4,4,4,departures,1.0,1.0,trend,2024
ESNO,4,0,0,0,departures,0.0,0.0,trend,2024
EGSC,4,3,3,5,departures,0.75,1.25,trend,2024
LIPK,4,3,3,4,departures,0.75,1.0,trend,2024
EGNH,4,4,1,1,departures,0.25,0.25,trend,2024
LGSY,4,0,0,0,departures,0.0,0.0,trend,2024
ESUT,4,0,0,0,departures,0.0,0.0,trend,2024
EFKI,4,0,0,0,departures,0.0,0.0,trend,2024
URWW,4,0,0,0,departures,0.0,0.0,trend,2024
DTTX,4,0,0,0,departures,0.0,0.0,trend,2024
ENWY,4,0,0,0,departures,0.0,0.0,trend,2024
LGKS,4,0,0,0,departures,0.0,0.0,trend,2024
HLMS,4,0,0,0,departures,0.0,0.0,trend,2024
BIBD,4,0,0,0,arrivals,0.0,0.0,trend,2024
LFMI,4,4,1,1,arrivals,0.25,0.25,trend,2024
LFLB,4,1,1,3,arrivals,0.25,0.75,trend,2024
EPRA,4,4,4,4,arrivals,1.0,1.0,trend,2024
LDVA,4,1,0,0,arrivals,0.0,0.0,trend,2024
OSDI,4,0,0,0,arrivals,0.0,0.0,trend,2024
LFLP,4,4,3,3,arrivals,0.75,0.75,trend,2024
LELN,4,2,2,2,arrivals,0.5,0.5,trend,2024
EHLL,4,0,0,0,arrivals,0.0,0.0,trend,2024
LKHK,4,3,0,0,arrivals,0.0,0.0,trend,2024
EGPC,4,0,0,0,arrivals,0.0,0.0,trend,2024
LSGC,4,4,2,3,arrivals,0.5,0.75,trend,2024
LHPP,4,4,4,4,arrivals,1.0,1.0,trend,2024
ENGA,4,0,0,0,arrivals,0.0,0.0,trend,2024
LRCK,4,3,2,2,arrivals,0.5,0.5,trend,2024
LGKY,4,2,0,0,arrivals,0.0,0.0,trend,2024
ETND,4,4,2,2,arrivals,0.5,0.5,trend,2024
ETNL,4,4,3,4,arrivals,0.75,1.0,trend,2024
LSGL,4,3,0,0,arrivals,0.0,0.0,trend,2024
LGKC,4,0,0,0,arrivals,0.0,0.0,trend,2024
ENOA,4,0,0,0,arrivals,0.0,0.0,trend,2024
ESST,4,0,0,0,arrivals,0.0,0.0,trend,2024
LTAP,4,0,0,0,arrivals,0.0,0.0,trend,2024
ESNO,4,0,0,0,arrivals,0.0,0.0,trend,2024
ENQA,4,0,0,0,arrivals,0.0,0.0,trend,2024
EGSC,4,2,2,2,arrivals,0.5,0.5,trend,2024
LGKS,4,0,0,0,arrivals,0.0,0.0,trend,2024
LGSY,4,0,0,0,arrivals,0.0,0.0,trend,2024
HLMS,4,0,0,0,arrivals,0.0,0.0,trend,2024
LGPL,4,0,0,0,arrivals,0.0,0.0,trend,2024
EDGS,4,2,2,2,arrivals,0.5,0.5,trend,2024
LOAN,4,2,2,3,arrivals,0.5,0.75,trend,2024
EKHD,4,0,0,0,arrivals,0.0,0.0,trend,2024
LTAW,4,0,0,0,arrivals,0.0,0.0,trend,2024
LZPP,4,3,3,3,arrivals,0.75,0.75,trend,2024
EGNO,4,3,3,4,arrivals,0.75,1.0,trend,2024
LKKV,4,3,3,3,arrivals,0.75,0.75,trend,2024
ENWY,4,0,0,0,arrivals,0.0,0.0,trend,2024
LIPK,4,4,3,4,arrivals,0.75,1.0,trend,2024
EPZG,4,3,3,3,arrivals,0.75,0.75,trend,2024
EGLK,3,3,3,5,departures,1.0,1.6666666666666667,trend,2024
LTBZ,3,0,0,0,departures,0.0,0.0,trend,2024
EPSY,3,3,3,3,departures,1.0,1.0,trend,2024
ENQC,3,0,0,0,departures,0.0,0.0,trend,2024
OSDI,3,0,0,0,departures,0.0,0.0,trend,2024
EHGQ,3,0,0,0,departures,0.0,0.0,trend,2024
LFLP,3,2,1,2,departures,0.3333333333333333,0.6666666666666666,trend,2024
LFLS,3,2,2,2,departures,0.6666666666666666,0.6666666666666666,trend,2024
EHLL,3,0,0,0,departures,0.0,0.0,trend,2024
LFLX,3,0,0,0,departures,0.0,0.0,trend,2024
LSGC,3,2,2,2,departures,0.6666666666666666,0.6666666666666666,trend,2024
LOAN,3,3,2,3,departures,0.6666666666666666,1.0,trend,2024
BIGR,3,0,0,0,departures,0.0,0.0,trend,2024
ETND,3,2,1,1,departures,0.3333333333333333,0.3333333333333333,trend,2024
EKHD,3,0,0,0,departures,0.0,0.0,trend,2024
LIRJ,3,0,0,0,departures,0.0,0.0,trend,2024
ENOC,3,0,0,0,departures,0.0,0.0,trend,2024
EHQM,3,0,0,0,departures,0.0,0.0,trend,2024
ENUA,3,0,0,0,departures,0.0,0.0,trend,2024
LEGT,3,3,1,5,departures,0.3333333333333333,1.6666666666666667,trend,2024
EKHB,3,0,0,0,departures,0.0,0.0,trend,2024
LTAL,3,0,0,0,departures,0.0,0.0,trend,2024
LRSM,3,0,0,0,departures,0.0,0.0,trend,2024
ENDR,3,0,0,0,departures,0.0,0.0,trend,2024
LFGJ,3,3,3,3,departures,1.0,1.0,trend,2024
EKTW,3,0,0,0,departures,0.0,0.0,trend,2024
BIBD,3,0,0,0,departures,0.0,0.0,trend,2024
LGSO,3,1,0,0,departures,0.0,0.0,trend,2024
ENQD,3,0,0,0,departures,0.0,0.0,trend,2024
EDAB,3,1,0,0,departures,0.0,0.0,trend,2024
LECU,3,2,1,1,departures,0.3333333333333333,0.3333333333333333,trend,2024
ENXW,3,0,0,0,departures,0.0,0.0,trend,2024
ENWI,3,0,0,0,departures,0.0,0.0,trend,2024
ENQA,3,0,0,0,departures,0.0,0.0,trend,2024
EFIV,3,0,0,0,departures,0.0,0.0,trend,2024
LTBZ,3,0,0,0,arrivals,0.0,0.0,trend,2024
LFOZ,3,1,0,0,arrivals,0.0,0.0,trend,2024
LIQS,3,0,0,0,arrivals,0.0,0.0,trend,2024
LFMQ,3,2,0,1,arrivals,0.0,0.3333333333333333,trend,2024
EDRY,3,3,0,0,arrivals,0.0,0.0,trend,2024
ENQC,3,0,0,0,arrivals,0.0,0.0,trend,2024
EGBJ,3,2,1,1,arrivals,0.3333333333333333,0.3333333333333333,trend,2024
LFLS,3,2,2,2,arrivals,0.6666666666666666,0.6666666666666666,trend,2024
EFKE,3,0,0,0,arrivals,0.0,0.0,trend,2024
LFLX,3,0,0,0,arrivals,0.0,0.0,trend,2024
LFSN,3,3,1,1,arrivals,0.3333333333333333,0.3333333333333333,trend,2024
EKHA,3,0,0,0,arrivals,0.0,0.0,trend,2024
EHKV,3,0,0,0,arrivals,0.0,0.0,trend,2024
URWW,3,0,0,0,arrivals,0.0,0.0,trend,2024
BIGR,3,0,0,0,arrivals,0.0,0.0,trend,2024
ENQS,3,0,0,0,arrivals,0.0,0.0,trend,2024
ENGC,3,0,0,0,arrivals,0.0,0.0,trend,2024
ENFB,3,0,0,0,arrivals,0.0,0.0,trend,2024
EHQM,3,0,0,0,arrivals,0.0,0.0,trend,2024
ENUA,3,0,0,0,arrivals,0.0,0.0,trend,2024
DAUG,3,0,0,0,arrivals,0.0,0.0,trend,2024
LEGT,3,3,2,2,arrivals,0.6666666666666666,0.6666666666666666,trend,2024
LTAL,3,0,0,0,arrivals,0.0,0.0,trend,2024
ENQR,3,0,0,0,arrivals,0.0,0.0,trend,2024
LDSB,3,0,0,0,arrivals,0.0,0.0,trend,2024
LRSM,3,0,0,0,arrivals,0.0,0.0,trend,2024
ENDR,3,0,0,0,arrivals,0.0,0.0,trend,2024
LTFC,3,0,0,0,arrivals,0.0,0.0,trend,2024
EGLK,3,3,3,3,arrivals,1.0,1.0,trend,2024
EPSY,3,3,2,2,arrivals,0.6666666666666666,0.6666666666666666,trend,2024
EHAK,3,0,0,0,arrivals,0.0,0.0,trend,2024
ENQD,3,0,0,0,arrivals,0.0,0.0,trend,2024
EDAB,3,2,0,0,arrivals,0.0,0.0,trend,2024
EDQG,3,3,0,0,arrivals,0.0,0.0,trend,2024
LFAT,3,3,2,2,arrivals,0.6666666666666666,0.6666666666666666,trend,2024
LIRJ,3,0,0,0,arrivals,0.0,0.0,trend,2024
ENXW,3,0,0,0,arrivals,0.0,0.0,trend,2024
EDAZ,3,3,0,0,arrivals,0.0,0.0,trend,2024
URMS,3,2,0,0,arrivals,0.0,0.0,trend,2024
EGNH,3,3,1,1,arrivals,0.3333333333333333,0.3333333333333333,trend,2024
LFGJ,3,3,3,3,arrivals,1.0,1.0,trend,2024
ENUD,3,0,0,0,arrivals,0.0,0.0,trend,2024
EFIV,3,0,0,0,arrivals,0.0,0.0,trend,2024
ENUB,3,0,0,0,arrivals,0.0,0.0,trend,2024
DAUH,2,0,0,0,departures,0.0,0.0,trend,2024
LFQG,2,0,0,0,departures,0.0,0.0,trend,2024
EHPK,2,0,0,0,departures,0.0,0.0,trend,2024
EGTC,2,2,0,0,departures,0.0,0.0,trend,2024
EHJA,2,0,0,0,departures,0.0,0.0,trend,2024
LSMP,2,2,2,2,departures,1.0,1.0,trend,2024
LSZS,2,1,0,0,departures,0.0,0.0,trend,2024
ENSF,2,0,0,0,departures,0.0,0.0,trend,2024
LGKJ,2,0,0,0,departures,0.0,0.0,trend,2024
ENQV,2,0,0,0,departures,0.0,0.0,trend,2024
BIVO,2,0,0,0,departures,0.0,0.0,trend,2024
EDQM,2,2,1,1,departures,0.5,0.5,trend,2024
LFOH,2,2,0,1,departures,0.0,0.5,trend,2024
ENXO,2,0,0,0,departures,0.0,0.0,trend,2024
URWA,2,0,0,0,departures,0.0,0.0,trend,2024
OJAQ,2,0,0,0,departures,0.0,0.0,trend,2024
GMAT,2,0,0,0,departures,0.0,0.0,trend,2024
ESSP,2,0,0,0,departures,0.0,0.0,trend,2024
LFSN,2,1,0,0,departures,0.0,0.0,trend,2024
ENQG,2,0,0,0,departures,0.0,0.0,trend,2024
EHKV,2,0,0,0,departures,0.0,0.0,trend,2024
EHMR,2,0,0,0,departures,0.0,0.0,trend,2024
ENQB,2,0,0,0,departures,0.0,0.0,trend,2024
ESOK,2,1,1,1,departures,0.5,0.5,trend,2024
DAOI,2,0,0,0,departures,0.0,0.0,trend,2024
EKDF,2,0,0,0,departures,0.0,0.0,trend,2024
ENFB,2,0,0,0,departures,0.0,0.0,trend,2024
EFKT,2,0,0,0,departures,0.0,0.0,trend,2024
EGVN,2,2,2,2,departures,1.0,1.0,trend,2024
DAUG,2,0,0,0,departures,0.0,0.0,trend,2024
UDSG,2,0,0,0,departures,0.0,0.0,trend,2024
LESU,2,0,0,0,departures,0.0,0.0,trend,2024
ENQE,2,0,0,0,departures,0.0,0.0,trend,2024
GMMB,2,0,0,0,departures,0.0,0.0,trend,2024
ENUN,2,0,0,0,departures,0.0,0.0,trend,2024
ENQR,2,0,0,0,departures,0.0,0.0,trend,2024
ENLA,2,0,0,0,departures,0.0,0.0,trend,2024
LDSB,2,0,0,0,departures,0.0,0.0,trend,2024
EGNL,2,1,0,0,departures,0.0,0.0,trend,2024
LFRD,2,2,2,2,departures,1.0,1.0,trend,2024
LHPR,2,1,1,1,departures,0.5,0.5,trend,2024
LTFC,2,0,0,0,departures,0.0,0.0,trend,2024
LFBU,2,1,1,1,departures,0.5,0.5,trend,2024
LTBU,2,2,2,3,departures,1.0,1.5,trend,2024
UWSG,2,2,2,2,departures,1.0,1.0,trend,2024
LIQS,2,1,0,0,departures,0.0,0.0,trend,2024
LKMH,2,2,0,0,departures,0.0,0.0,trend,2024
EHTW,2,2,2,2,departures,1.0,1.0,trend,2024
LFOP,2,0,0,0,departures,0.0,0.0,trend,2024
DABT,2,0,0,0,departures,0.0,0.0,trend,2024
EGBJ,2,1,0,0,departures,0.0,0.0,trend,2024
EDMS,2,0,0,0,departures,0.0,0.0,trend,2024
BITN,2,0,0,0,departures,0.0,0.0,trend,2024
EGTB,2,2,0,0,departures,0.0,0.0,trend,2024
EDQG,2,2,0,0,departures,0.0,0.0,trend,2024
ENUS,2,0,0,0,departures,0.0,0.0,trend,2024
LTCM,2,0,0,0,departures,0.0,0.0,trend,2024
EKHA,2,0,0,0,departures,0.0,0.0,trend,2024
ETMN,2,2,2,2,departures,1.0,1.0,trend,2024
LFLI,2,2,0,0,departures,0.0,0.0,trend,2024
ORNI,2,0,0,0,departures,0.0,0.0,trend,2024
LFAT,2,2,1,1,departures,0.5,0.5,trend,2024
ENQK,2,0,0,0,departures,0.0,0.0,trend,2024
ENQS,2,0,0,0,departures,0.0,0.0,trend,2024
ENSE,2,0,0,0,departures,0.0,0.0,trend,2024
ENBE,2,0,0,0,departures,0.0,0.0,trend,2024
LCRA,2,0,0,0,departures,0.0,0.0,trend,2024
ULWC,2,0,0,0,departures,0.0,0.0,trend,2024
EFKS,2,0,0,0,departures,0.0,0.0,trend,2024
EVGA,2,0,0,0,departures,0.0,0.0,trend,2024
EHBL,2,0,0,0,departures,0.0,0.0,trend,2024
EIWT,2,0,0,0,departures,0.0,0.0,trend,2024
LKVO,2,2,0,0,departures,0.0,0.0,trend,2024
LIRE,2,2,0,0,departures,0.0,0.0,trend,2024
ENUK,2,0,0,0,departures,0.0,0.0,trend,2024
ENUD,2,0,0,0,departures,0.0,0.0,trend,2024
EDAH,2,1,1,1,departures,0.5,0.5,trend,2024
ENQJ,2,0,0,0,departures,0.0,0.0,trend,2024
ENUB,2,0,0,0,departures,0.0,0.0,trend,2024
DAUH,2,0,0,0,arrivals,0.0,0.0,trend,2024
LGSO,2,1,0,0,arrivals,0.0,0.0,trend,2024
LFQG,2,0,0,0,arrivals,0.0,0.0,trend,2024
ENQO,2,0,0,0,arrivals,0.0,0.0,trend,2024
LFLU,2,2,2,2,arrivals,1.0,1.0,trend,2024
EHJA,2,0,0,0,arrivals,0.0,0.0,trend,2024
LSMP,2,1,0,2,arrivals,0.0,1.0,trend,2024
LSZS,2,2,0,0,arrivals,0.0,0.0,trend,2024
UWSG,2,0,0,0,arrivals,0.0,0.0,trend,2024
EHTW,2,2,2,2,arrivals,1.0,1.0,trend,2024
EDQM,2,2,1,1,arrivals,0.5,0.5,trend,2024
EGFE,2,0,0,0,arrivals,0.0,0.0,trend,2024
EHKJ,2,0,0,0,arrivals,0.0,0.0,trend,2024
EHGQ,2,0,0,0,arrivals,0.0,0.0,trend,2024
LFOH,2,2,0,2,arrivals,0.0,1.0,trend,2024
EDMS,2,2,0,0,arrivals,0.0,0.0,trend,2024
OJAQ,2,0,0,0,arrivals,0.0,0.0,trend,2024
GMAT,2,0,0,0,arrivals,0.0,0.0,trend,2024
BITN,2,0,0,0,arrivals,0.0,0.0,trend,2024
LHKK,2,2,0,0,arrivals,0.0,0.0,trend,2024
EGBP,2,2,0,0,arrivals,0.0,0.0,trend,2024
LFLI,2,1,0,0,arrivals,0.0,0.0,trend,2024
EDFE,2,2,0,0,arrivals,0.0,0.0,trend,2024
ENSE,2,0,0,0,arrivals,0.0,0.0,trend,2024
ESOK,2,1,1,2,arrivals,0.5,1.0,trend,2024
EHJF,2,0,0,0,arrivals,0.0,0.0,trend,2024
ENOC,2,0,0,0,arrivals,0.0,0.0,trend,2024
ENBE,2,0,0,0,arrivals,0.0,0.0,trend,2024
EKDF,2,0,0,0,arrivals,0.0,0.0,trend,2024
EFKT,2,0,0,0,arrivals,0.0,0.0,trend,2024
DTTX,2,0,0,0,arrivals,0.0,0.0,trend,2024
EGVN,2,1,0,0,arrivals,0.0,0.0,trend,2024
ULWC,2,0,0,0,arrivals,0.0,0.0,trend,2024
EFKS,2,0,0,0,arrivals,0.0,0.0,trend,2024
EHFR,2,0,0,0,arrivals,0.0,0.0,trend,2024
UDSG,2,0,0,0,arrivals,0.0,0.0,trend,2024
EVGA,2,0,0,0,arrivals,0.0,0.0,trend,2024
EKHB,2,0,0,0,arrivals,0.0,0.0,trend,2024
ENQE,2,0,0,0,arrivals,0.0,0.0,trend,2024
EHGN,2,0,0,0,arrivals,0.0,0.0,trend,2024
ESOW,2,2,2,2,arrivals,1.0,1.0,trend,2024
ENUN,2,0,0,0,arrivals,0.0,0.0,trend,2024
LKVO,2,2,1,1,arrivals,0.5,0.5,trend,2024
ENLA,2,0,0,0,arrivals,0.0,0.0,trend,2024
EGNL,2,1,0,0,arrivals,0.0,0.0,trend,2024
EDRZ,2,1,0,0,arrivals,0.0,0.0,trend,2024
LFOP,2,1,1,1,arrivals,0.5,0.5,trend,2024
BIVO,2,0,0,0,arrivals,0.0,0.0,trend,2024
LIRU,2,2,0,0,arrivals,0.0,0.0,trend,2024
URWA,2,0,0,0,arrivals,0.0,0.0,trend,2024
ENWE,2,0,0,0,arrivals,0.0,0.0,trend,2024
ESSP,2,2,2,3,arrivals,1.0,1.5,trend,2024
LTCM,2,0,0,0,arrivals,0.0,0.0,trend,2024
ETMN,2,2,2,2,arrivals,1.0,1.0,trend,2024
ORNI,2,0,0,0,arrivals,0.0,0.0,trend,2024
DAOI,2,0,0,0,arrivals,0.0,0.0,trend,2024
LCRA,2,2,1,1,arrivals,0.5,0.5,trend,2024
EGTF,2,2,0,0,arrivals,0.0,0.0,trend,2024
ENWA,2,0,0,0,arrivals,0.0,0.0,trend,2024
LPBG,2,1,0,0,arrivals,0.0,0.0,trend,2024
EKSI,2,1,0,0,arrivals,0.0,0.0,trend,2024
LESA,2,2,2,2,arrivals,1.0,1.0,trend,2024
EHFB,2,0,0,0,arrivals,0.0,0.0,trend,2024
ENUK,2,0,0,0,arrivals,0.0,0.0,trend,2024
LHPR,2,1,1,1,arrivals,0.5,0.5,trend,2024
ENQJ,2,0,0,0,arrivals,0.0,0.0,trend,2024
ENWR,1,0,0,0,departures,0.0,0.0,trend,2024
EDAV,1,1,0,0,departures,0.0,0.0,trend,2024
HEAL,1,0,0,0,departures,0.0,0.0,trend,2024
LFMQ,1,1,0,0,departures,0.0,0.0,trend,2024
ETAR,1,1,1,1,departures,1.0,1.0,trend,2024
EHKG,1,0,0,0,departures,0.0,0.0,trend,2024
EDXJ,1,1,0,0,departures,0.0,0.0,trend,2024
UMGG,1,0,0,0,departures,0.0,0.0,trend,2024
EDLE,1,1,0,0,departures,0.0,0.0,trend,2024
EDAY,1,0,0,0,departures,0.0,0.0,trend,2024
LFEV,1,0,0,0,departures,0.0,0.0,trend,2024
DTKA,1,0,0,0,departures,0.0,0.0,trend,2024
LIPV,1,1,0,0,departures,0.0,0.0,trend,2024
LFBA,1,0,0,0,departures,0.0,0.0,trend,2024
EGBP,1,1,0,0,departures,0.0,0.0,trend,2024
OETB,1,0,0,0,departures,0.0,0.0,trend,2024
LFGF,1,1,0,0,departures,0.0,0.0,trend,2024
LEDA,1,0,0,0,departures,0.0,0.0,trend,2024
EHFO,1,0,0,0,departures,0.0,0.0,trend,2024
EDAE,1,0,0,0,departures,0.0,0.0,trend,2024
EHJF,1,0,0,0,departures,0.0,0.0,trend,2024
EHQT,1,0,0,0,departures,0.0,0.0,trend,2024
LFAQ,1,1,0,0,departures,0.0,0.0,trend,2024
ENWK,1,0,0,0,departures,0.0,0.0,trend,2024
LFRI,1,0,0,0,departures,0.0,0.0,trend,2024
USKK,1,0,0,0,departures,0.0,0.0,trend,2024
EHJM,1,0,0,0,departures,0.0,0.0,trend,2024
LESA,1,0,0,0,departures,0.0,0.0,trend,2024
EHPG,1,0,0,0,departures,0.0,0.0,trend,2024
EHGN,1,0,0,0,departures,0.0,0.0,trend,2024
EKAF,1,0,0,0,departures,0.0,0.0,trend,2024
LSZG,1,0,0,1,departures,0.0,1.0,trend,2024
EBMB,1,1,0,0,departures,0.0,0.0,trend,2024
DTTZ,1,0,0,0,departures,0.0,0.0,trend,2024
LGKZ,1,0,0,0,departures,0.0,0.0,trend,2024
LRTC,1,0,0,0,departures,0.0,0.0,trend,2024
LKKB,1,0,0,0,departures,0.0,0.0,trend,2024
EDRK,1,1,0,0,departures,0.0,0.0,trend,2024
EFLP,1,0,0,0,departures,0.0,0.0,trend,2024
ENQO,1,0,0,0,departures,0.0,0.0,trend,2024
GMAZ,1,0,0,0,departures,0.0,0.0,trend,2024
ULPB,1,0,0,0,departures,0.0,0.0,trend,2024
ENQL,1,0,0,0,departures,0.0,0.0,trend,2024
LLOV,1,0,0,0,departures,0.0,0.0,trend,2024
ENXK,1,0,0,0,departures,0.0,0.0,trend,2024
UGSA,1,0,0,0,departures,0.0,0.0,trend,2024
EGFE,1,1,0,0,departures,0.0,0.0,trend,2024
ENUE,1,0,0,0,departures,0.0,0.0,trend,2024
LFQA,1,0,0,0,departures,0.0,0.0,trend,2024
LFDI,1,0,0,0,departures,0.0,0.0,trend,2024
LIRU,1,1,0,0,departures,0.0,0.0,trend,2024
LKLN,1,1,1,2,departures,1.0,2.0,trend,2024
EHFQ,1,0,0,0,departures,0.0,0.0,trend,2024
EHMG,1,0,0,0,departures,0.0,0.0,trend,2024
LKHK,1,0,0,0,departures,0.0,0.0,trend,2024
LPBJ,1,1,1,1,departures,1.0,1.0,trend,2024
LDLO,1,0,0,0,departures,0.0,0.0,trend,2024
EHMA,1,0,0,0,departures,0.0,0.0,trend,2024
ENNE,1,0,0,0,departures,0.0,0.0,trend,2024
URMT,1,1,1,1,departures,1.0,1.0,trend,2024
LIPN,1,0,0,0,departures,0.0,0.0,trend,2024
LRAR,1,0,0,0,departures,0.0,0.0,trend,2024
LFLH,1,1,0,0,departures,0.0,0.0,trend,2024
EGQS,1,0,0,0,departures,0.0,0.0,trend,2024
ENQM,1,0,0,0,departures,0.0,0.0,trend,2024
EHKS,1,0,0,0,departures,0.0,0.0,trend,2024
EDFE,1,1,0,0,departures,0.0,0.0,trend,2024
LPPM,1,1,0,1,departures,0.0,1.0,trend,2024
LFSG,1,0,0,2,departures,0.0,2.0,trend,2024
HLLQ,1,0,0,0,departures,0.0,0.0,trend,2024
EDWI,1,0,0,0,departures,0.0,0.0,trend,2024
EDTL,1,1,0,0,departures,0.0,0.0,trend,2024
ULOO,1,1,0,0,departures,0.0,0.0,trend,2024
EHKX,1,0,0,0,departures,0.0,0.0,trend,2024
LFPV,1,1,0,2,departures,0.0,2.0,trend,2024
EHLU,1,0,0,0,departures,0.0,0.0,trend,2024
EGTF,1,1,0,0,departures,0.0,0.0,trend,2024
ENWA,1,0,0,0,departures,0.0,0.0,trend,2024
LFPT,1,0,0,5,departures,0.0,5.0,trend,2024
DAAV,1,0,0,0,departures,0.0,0.0,trend,2024
OENN,1,0,0,0,departures,0.0,0.0,trend,2024
BIHN,1,0,0,0,departures,0.0,0.0,trend,2024
LPBG,1,0,0,0,departures,0.0,0.0,trend,2024
LHSM,1,1,1,1,departures,1.0,1.0,trend,2024
LKKU,1,1,1,1,departures,1.0,1.0,trend,2024
LFRE,1,1,0,0,departures,0.0,0.0,trend,2024
UUBC,1,0,0,0,departures,0.0,0.0,trend,2024
UUBI,1,0,0,0,departures,0.0,0.0,trend,2024
UKLU,1,0,0,0,departures,0.0,0.0,trend,2024
LGKA,1,0,0,0,departures,0.0,0.0,trend,2024
LFGA,1,1,1,2,departures,1.0,2.0,trend,2024
EHFB,1,0,0,0,departures,0.0,0.0,trend,2024
LOIJ,1,1,0,0,departures,0.0,0.0,trend,2024
GMMD,1,0,0,0,departures,0.0,0.0,trend,2024
LPVZ,1,1,0,0,departures,0.0,0.0,trend,2024
BIGJ,1,0,0,0,departures,0.0,0.0,trend,2024
LJPZ,1,1,1,1,departures,1.0,1.0,trend,2024
EHKE,1,0,0,0,departures,0.0,0.0,trend,2024
UBBL,1,0,0,0,departures,0.0,0.0,trend,2024
LFOV,1,0,0,0,departures,0.0,0.0,trend,2024
UWLL,1,0,0,0,departures,0.0,0.0,trend,2024
ENDP,1,0,0,0,departures,0.0,0.0,trend,2024
LJMB,1,1,1,1,departures,1.0,1.0,trend,2024
EGXC,1,1,1,1,departures,1.0,1.0,trend,2024
ESGT,1,0,0,0,departures,0.0,0.0,trend,2024
EGTC,1,1,1,1,arrivals,1.0,1.0,trend,2024
EHFT,1,0,0,0,arrivals,0.0,0.0,trend,2024
ENQV,1,0,0,0,arrivals,0.0,0.0,trend,2024
EDXJ,1,1,0,0,arrivals,0.0,0.0,trend,2024
LFPM,1,0,0,0,arrivals,0.0,0.0,trend,2024
UMGG,1,0,0,0,arrivals,0.0,0.0,trend,2024
OJAM,1,0,0,0,arrivals,0.0,0.0,trend,2024
LIPV,1,1,0,0,arrivals,0.0,0.0,trend,2024
LFBA,1,0,0,0,arrivals,0.0,0.0,trend,2024
LFGF,1,1,0,0,arrivals,0.0,0.0,trend,2024
EHFD,1,0,0,0,arrivals,0.0,0.0,trend,2024
EDAE,1,0,0,0,arrivals,0.0,0.0,trend,2024
ENQB,1,0,0,0,arrivals,0.0,0.0,trend,2024
EHQT,1,0,0,0,arrivals,0.0,0.0,trend,2024
LFAQ,1,1,0,0,arrivals,0.0,0.0,trend,2024
ENWK,1,0,0,0,arrivals,0.0,0.0,trend,2024
EDTL,1,1,1,1,arrivals,1.0,1.0,trend,2024
LFPV,1,1,0,0,arrivals,0.0,0.0,trend,2024
HEAR,1,0,0,0,arrivals,0.0,0.0,trend,2024
USKK,1,0,0,0,arrivals,0.0,0.0,trend,2024
EDFB,1,1,0,0,arrivals,0.0,0.0,trend,2024
EHJM,1,0,0,0,arrivals,0.0,0.0,trend,2024
LESU,1,0,0,0,arrivals,0.0,0.0,trend,2024
LHSM,1,1,1,1,arrivals,1.0,1.0,trend,2024
EHPG,1,0,0,0,arrivals,0.0,0.0,trend,2024
EFPO,1,0,0,0,arrivals,0.0,0.0,trend,2024
EKAF,1,0,0,0,arrivals,0.0,0.0,trend,2024
GMMD,1,0,0,0,arrivals,0.0,0.0,trend,2024
BIGJ,1,0,0,0,arrivals,0.0,0.0,trend,2024
LFHQ,1,0,0,0,arrivals,0.0,0.0,trend,2024
LFOV,1,1,1,1,arrivals,1.0,1.0,trend,2024
EKTW,1,0,0,0,arrivals,0.0,0.0,trend,2024
EDRK,1,1,0,0,arrivals,0.0,0.0,trend,2024
EGXC,1,1,1,1,arrivals,1.0,1.0,trend,2024
ESGT,1,0,0,0,arrivals,0.0,0.0,trend,2024
EFLP,1,0,0,0,arrivals,0.0,0.0,trend,2024
ULAA,1,0,0,0,arrivals,0.0,0.0,trend,2024
EHPK,1,0,0,0,arrivals,0.0,0.0,trend,2024
LFBU,1,0,0,0,arrivals,0.0,0.0,trend,2024
LFPN,1,1,0,0,arrivals,0.0,0.0,trend,2024
LFRC,1,0,0,0,arrivals,0.0,0.0,trend,2024
GMAZ,1,0,0,0,arrivals,0.0,0.0,trend,2024
LTBU,1,1,1,4,arrivals,1.0,4.0,trend,2024
ULPB,1,0,0,0,arrivals,0.0,0.0,trend,2024
ENQL,1,0,0,0,arrivals,0.0,0.0,trend,2024
LLOV,1,0,0,0,arrivals,0.0,0.0,trend,2024
HEAL,1,0,0,0,arrivals,0.0,0.0,trend,2024
ENXK,1,0,0,0,arrivals,0.0,0.0,trend,2024
UGSA,1,0,0,0,arrivals,0.0,0.0,trend,2024
ETAR,1,1,1,2,arrivals,1.0,2.0,trend,2024
DABT,1,0,0,0,arrivals,0.0,0.0,trend,2024
LFQA,1,0,0,0,arrivals,0.0,0.0,trend,2024
ENXB,1,0,0,0,arrivals,0.0,0.0,trend,2024
LKLN,1,1,0,0,arrivals,0.0,0.0,trend,2024
ENXO,1,0,0,0,arrivals,0.0,0.0,trend,2024
EHFQ,1,0,0,0,arrivals,0.0,0.0,trend,2024
LFAV,1,0,0,0,arrivals,0.0,0.0,trend,2024
LPBJ,1,1,1,1,arrivals,1.0,1.0,trend,2024
LDLO,1,1,0,0,arrivals,0.0,0.0,trend,2024
EGTB,1,1,0,0,arrivals,0.0,0.0,trend,2024
EHMA,1,0,0,0,arrivals,0.0,0.0,trend,2024
ENNE,1,0,0,0,arrivals,0.0,0.0,trend,2024
DTKA,1,0,0,0,arrivals,0.0,0.0,trend,2024
LRAR,1,0,0,0,arrivals,0.0,0.0,trend,2024
LFLH,1,0,0,0,arrivals,0.0,0.0,trend,2024
EGQS,1,0,0,0,arrivals,0.0,0.0,trend,2024
LEDA,1,0,0,0,arrivals,0.0,0.0,trend,2024
ENQM,1,0,0,0,arrivals,0.0,0.0,trend,2024
EHKS,1,0,0,0,arrivals,0.0,0.0,trend,2024
EDBJ,1,1,0,0,arrivals,0.0,0.0,trend,2024
LPPM,1,1,1,2,arrivals,1.0,2.0,trend,2024
ENQK,1,0,0,0,arrivals,0.0,0.0,trend,2024
EPSK,1,0,0,0,arrivals,0.0,0.0,trend,2024
LFSG,1,1,1,2,arrivals,1.0,2.0,trend,2024
EHMR,1,0,0,0,arrivals,0.0,0.0,trend,2024
ENWG,1,0,0,0,arrivals,0.0,0.0,trend,2024
EKGC,1,0,0,0,arrivals,0.0,0.0,trend,2024
EDWI,1,0,0,0,arrivals,0.0,0.0,trend,2024
ULOO,1,0,0,0,arrivals,0.0,0.0,trend,2024
LZZI,1,1,0,0,arrivals,0.0,0.0,trend,2024
DAAV,1,0,0,0,arrivals,0.0,0.0,trend,2024
BIHN,1,0,0,0,arrivals,0.0,0.0,trend,2024
EDGE,1,1,0,0,arrivals,0.0,0.0,trend,2024
EDLN,1,1,0,0,arrivals,0.0,0.0,trend,2024
LKKU,1,1,1,4,arrivals,1.0,4.0,trend,2024
LFRE,1,1,0,0,arrivals,0.0,0.0,trend,2024
ENWI,1,0,0,0,arrivals,0.0,0.0,trend,2024
ENXZ,1,0,0,0,arrivals,0.0,0.0,trend,2024
UUBC,1,0,0,0,arrivals,0.0,0.0,trend,2024
UUBI,1,0,0,0,arrivals,0.0,0.0,trend,2024
LGKA,1,0,0,0,arrivals,0.0,0.0,trend,2024
EHKP,1,0,0,0,arrivals,0.0,0.0,trend,2024
GMMB,1,0,0,0,arrivals,0.0,0.0,trend,2024
LFGA,1,1,1,1,arrivals,1.0,1.0,trend,2024
EIWT,1,0,0,0,arrivals,0.0,0.0,trend,2024
LOIJ,1,1,0,0,arrivals,0.0,0.0,trend,2024
LIRE,1,1,0,0,arrivals,0.0,0.0,trend,2024
LILE,1,1,1,1,arrivals,1.0,1.0,trend,2024
LJPZ,1,1,1,1,arrivals,1.0,1.0,trend,2024
EBMB,1,1,0,0,arrivals,0.0,0.0,trend,2024
UBBL,1,0,0,0,arrivals,0.0,0.0,trend,2024
DTTZ,1,0,0,0,arrivals,0.0,0.0,trend,2024
UWLL,1,0,0,0,arrivals,0.0,0.0,trend,2024
LGKZ,1,0,0,0,arrivals,0.0,0.0,trend,2024
EDAH,1,1,1,2,arrivals,1.0,2.0,trend,2024
LFRD,1,1,1,1,arrivals,1.0,1.0,trend,2024
ENDP,1,0,0,0,arrivals,0.0,0.0,trend,2024
OOA,7408,373,224,318,arrivals,0.03023758099352052,0.042926565874730024,endpoint,2024
OOA,7371,751,592,651,departures,0.08031474698141365,0.08831908831908832,endpoint,2024
LFPG,2124,1887,1884,1900,departures,0.8870056497175142,0.8945386064030132,endpoint,2024
EHAM,2123,1950,1947,1973,departures,0.917098445595855,0.9293452661328309,endpoint,2024
EHAM,2119,1605,1585,1603,arrivals,0.7479943369513922,0.756488909863143,endpoint,2024
LFPG,2118,1467,1453,1470,arrivals,0.6860245514636449,0.6940509915014165,endpoint,2024
LTFM,2104,1915,1908,1917,departures,0.9068441064638784,0.9111216730038023,endpoint,2024
LTFM,2073,1480,1457,1478,arrivals,0.7028461167390255,0.7129763627592861,endpoint,2024
EGLL,2023,1854,1854,1888,departures,0.9164607019278299,0.9332674246169056,endpoint,2024
EGLL,2017,1236,1220,1268,arrivals,0.6048587010411502,0.6286564204263758,endpoint,2024
EDDF,1981,1840,1839,1849,departures,0.928319030792529,0.93336698637052,endpoint,2024
EDDF,1973,1398,1385,1399,arrivals,0.701976685250887,0.7090724784591992,endpoint,2024
LEMD,1789,1260,1245,1263,arrivals,0.6959195081050866,0.7059809949692566,endpoint,2024
LEMD,1788,1614,1611,1617,departures,0.9010067114093959,0.9043624161073825,endpoint,2024
LEBL,1563,1442,1438,1445,departures,0.9200255918106206,0.9245041586692259,endpoint,2024
LEBL,1563,1335,1326,1337,arrivals,0.8483685220729367,0.855406269993602,endpoint,2024
LIRF,1464,1095,1092,1097,arrivals,0.7459016393442623,0.7493169398907104,endpoint,2024
LIRF,1463,1322,1320,1327,departures,0.9022556390977443,0.9070403280929596,endpoint,2024
EDDM,1459,1239,1225,1243,arrivals,0.8396161754626457,0.8519533927347498,endpoint,2024
EDDM,1452,1358,1354,1359,departures,0.9325068870523416,0.9359504132231405,endpoint,2024
LTAI,1327,1016,1013,1022,departures,0.7633760361718162,0.7701582516955539,endpoint,2024
LEPA,1320,1177,1170,1185,arrivals,0.8863636363636364,0.8977272727272727,endpoint,2024
LTAI,1309,803,762,768,arrivals,0.5821237585943468,0.586707410236822,endpoint,2024
LEPA,1302,1156,1151,1151,departures,0.8840245775729647,0.8840245775729647,endpoint,2024
LGAV,1283,899,874,895,arrivals,0.6812159002338269,0.6975837879968823,endpoint,2024
LGAV,1273,1116,1111,1129,departures,0.8727415553809897,0.8868813825608798,endpoint,2024
EGKK,1261,1003,1002,1002,arrivals,0.7946074544012688,0.7946074544012688,endpoint,2024
EGKK,1260,1180,1180,1180,departures,0.9365079365079365,0.9365079365079365,endpoint,2024
LOWW,1171,1066,1064,1065,departures,0.9086251067463706,0.9094790777113578,endpoint,2024
LOWW,1160,967,962,971,arrivals,0.8293103448275863,0.8370689655172414,endpoint,2024
EKCH,1157,961,954,962,arrivals,0.8245462402765773,0.8314606741573034,endpoint,2024
EKCH,1152,1022,1019,1021,departures,0.8845486111111112,0.8862847222222222,endpoint,2024
LSZH,1138,1061,1052,1058,departures,0.9244288224956063,0.929701230228471,endpoint,2024
EIDW,1135,909,899,907,arrivals,0.7920704845814978,0.7991189427312775,endpoint,2024
EIDW,1134,1037,1037,1042,departures,0.9144620811287478,0.9188712522045855,endpoint,2024
LSZH,1122,929,905,922,arrivals,0.8065953654188949,0.82174688057041,endpoint,2024
ENGM,1093,985,981,994,arrivals,0.8975297346752058,0.909423604757548,endpoint,2024
ENGM,1087,1005,1003,1015,departures,0.922723091076357,0.9337626494940202,endpoint,2024
LPPT,988,929,924,925,departures,0.9352226720647774,0.9362348178137652,endpoint,2024
LTFJ,985,944,943,949,departures,0.9573604060913705,0.9634517766497462,endpoint,2024
LPPT,980,751,745,753,arrivals,0.7602040816326531,0.7683673469387755,endpoint,2024
LIMC,971,774,758,766,arrivals,0.780638516992791,0.7888774459320288,endpoint,2024
LTFJ,971,840,836,843,arrivals,0.8609680741503605,0.8681771369721936,endpoint,2024
LIMC,952,868,864,870,departures,0.907563025210084,0.9138655462184874,endpoint,2024
LFPO,952,847,847,850,departures,0.8897058823529411,0.8928571428571429,endpoint,2024
LFPO,946,795,794,798,arrivals,0.8393234672304439,0.8435517970401691,endpoint,2024
EDDB,942,824,803,823,arrivals,0.8524416135881104,0.8736730360934183,endpoint,2024
EDDB,937,850,844,853,departures,0.9007470651013874,0.9103521878335112,endpoint,2024
EGCC,928,856,854,855,departures,0.9202586206896551,0.9213362068965517,endpoint,2024
EGCC,925,725,715,722,arrivals,0.772972972972973,0.7805405405405406,endpoint,2024
EGSS,906,776,763,771,arrivals,0.8421633554083885,0.8509933774834437,endpoint,2024
EGSS,898,840,838,840,departures,0.933184855233853,0.9354120267260579,endpoint,2024
EBBR,847,780,778,794,departures,0.9185360094451004,0.9374262101534829,endpoint,2024
ESSA,847,709,703,710,arrivals,0.8299881936245572,0.8382526564344747,endpoint,2024
EBBR,839,685,674,691,arrivals,0.8033373063170441,0.8235995232419547,endpoint,2024
ESSA,830,707,704,707,departures,0.8481927710843373,0.8518072289156626,endpoint,2024
EPWA,817,778,775,778,departures,0.9485924112607099,0.9522643818849449,endpoint,2024
EPWA,806,707,700,706,arrivals,0.8684863523573201,0.8759305210918115,endpoint,2024
LEMG,775,705,696,706,arrivals,0.8980645161290323,0.9109677419354839,endpoint,2024
LEMG,769,705,702,706,departures,0.9128738621586476,0.918075422626788,endpoint,2024
EDDL,758,694,690,700,departures,0.9102902374670184,0.9234828496042217,endpoint,2024
EDDL,752,653,642,651,arrivals,0.8537234042553191,0.8656914893617021,endpoint,2024
LFMN,732,618,581,612,arrivals,0.7937158469945356,0.8360655737704918,endpoint,2024
LSGG,710,593,566,599,arrivals,0.7971830985915493,0.8436619718309859,endpoint,2024
LFMN,708,622,605,612,departures,0.8545197740112994,0.864406779661017,endpoint,2024
LSGG,702,638,630,648,departures,0.8974358974358975,0.9230769230769231,endpoint,2024
EFHK,661,571,568,572,arrivals,0.859304084720121,0.8653555219364599,endpoint,2024
EFHK,654,605,603,607,departures,0.9220183486238532,0.9281345565749235,endpoint,2024
LKPR,629,579,575,578,departures,0.9141494435612083,0.918918918918919,endpoint,2024
LKPR,610,529,518,525,arrivals,0.8491803278688524,0.860655737704918,endpoint,2024
EGGW,591,523,517,526,departures,0.8747884940778342,0.8900169204737732,endpoint,2024
EGPH,590,469,461,469,arrivals,0.7813559322033898,0.7949152542372881,endpoint,2024
EGPH,588,522,519,521,departures,0.8826530612244898,0.8860544217687075,endpoint,2024
EGGW,586,480,458,481,arrivals,0.7815699658703071,0.8208191126279863,endpoint,2024
EDDK,563,475,472,475,departures,0.8383658969804618,0.8436944937833037,endpoint,2024
EDDH,559,511,504,522,arrivals,0.9016100178890877,0.9338103756708408,endpoint,2024
EDDH,554,524,522,537,departures,0.9422382671480144,0.9693140794223827,endpoint,2024
EDDK,552,428,422,437,arrivals,0.7644927536231884,0.7916666666666666,endpoint,2024
LHBP,547,502,500,502,departures,0.9140767824497258,0.9177330895795247,endpoint,2024
LHBP,546,460,455,463,arrivals,0.8333333333333334,0.847985347985348,endpoint,2024
LROP,527,450,449,450,departures,0.8519924098671727,0.8538899430740038,endpoint,2024
LROP,526,420,417,418,arrivals,0.7927756653992395,0.7946768060836502,endpoint,2024
LEAL,525,484,482,485,arrivals,0.9180952380952381,0.9238095238095239,endpoint,2024
LEAL,523,486,486,488,departures,0.9292543021032504,0.9330783938814532,endpoint,2024
LIML,514,445,429,433,departures,0.8346303501945526,0.8424124513618677,endpoint,2024
GCLP,510,3,0,0,arrivals,0.0,0.0,endpoint,2024
GCLP,507,2,0,0,departures,0.0,0.0,endpoint,2024
LPPR,503,426,416,419,arrivals,0.827037773359841,0.8330019880715706,endpoint,2024
LPPR,498,460,460,462,departures,0.9236947791164659,0.927710843373494,endpoint,2024
LIML,497,424,397,428,arrivals,0.7987927565392354,0.8611670020120724,endpoint,2024
LIME,492,451,449,449,arrivals,0.9126016260162602,0.9126016260162602,endpoint,2024
LIME,487,457,456,456,departures,0.9363449691991786,0.9363449691991786,endpoint,2024
LLBG,483,394,373,377,departures,0.772256728778468,0.7805383022774327,endpoint,2024
LLBG,475,283,188,207,arrivals,0.3957894736842105,0.4357894736842105,endpoint,2024
LFML,472,396,390,395,arrivals,0.826271186440678,0.836864406779661,endpoint,2024
LFML,467,396,395,397,departures,0.8458244111349036,0.8501070663811563,endpoint,2024
LIRN,452,189,17,18,departures,0.03761061946902655,0.03982300884955752,endpoint,2024
LEIB,451,391,376,394,arrivals,0.8337028824833703,0.8736141906873615,endpoint,2024
LIRN,451,321,255,261,arrivals,0.565410199556541,0.5787139689578714,endpoint,2024
EGBB,446,389,388,389,departures,0.8699551569506726,0.8721973094170403,endpoint,2024
EGBB,441,328,324,329,arrivals,0.7346938775510204,0.746031746031746,endpoint,2024
LEIB,436,387,383,392,departures,0.8784403669724771,0.8990825688073395,endpoint,2024
LIPZ,429,357,345,355,arrivals,0.8041958041958042,0.8275058275058275,endpoint,2024
LFLL,424,351,324,333,arrivals,0.7641509433962265,0.785377358490566,endpoint,2024
LFLL,422,358,358,365,departures,0.8483412322274881,0.8649289099526066,endpoint,2024
LIPZ,422,367,365,369,departures,0.8649289099526066,0.8744075829383886,endpoint,2024
ENBR,417,352,352,361,departures,0.8441247002398081,0.8657074340527577,endpoint,2024
ENBR,415,347,347,355,arrivals,0.8361445783132531,0.8554216867469879,endpoint,2024
EDDS,414,349,341,354,arrivals,0.8236714975845411,0.855072463768116,endpoint,2024
EDDS,408,356,350,351,departures,0.8578431372549019,0.8602941176470589,endpoint,2024
LIPE,390,363,361,364,departures,0.9256410256410257,0.9333333333333333,endpoint,2024
LIPE,389,356,344,348,arrivals,0.884318766066838,0.8946015424164524,endpoint,2024
LICC,387,168,147,149,departures,0.3798449612403101,0.3850129198966408,endpoint,2024
LICC,384,283,273,276,arrivals,0.7109375,0.71875,endpoint,2024
LTAC,379,3,0,0,departures,0.0,0.0,endpoint,2024
EGGD,376,324,322,323,arrivals,0.8563829787234043,0.8590425531914894,endpoint,2024
EGGD,375,343,342,342,departures,0.912,0.912,endpoint,2024
LYBE,373,323,321,321,departures,0.8605898123324397,0.8605898123324397,endpoint,2024
LGIR,373,3,0,0,departures,0.0,0.0,endpoint,2024
LGIR,373,44,0,0,arrivals,0.0,0.0,endpoint,2024
EDDP,373,252,244,249,arrivals,0.6541554959785523,0.6675603217158177,endpoint,2024
LTAC,368,11,0,0,arrivals,0.0,0.0,endpoint,2024
LEVC,365,267,162,162,arrivals,0.4438356164383562,0.4438356164383562,endpoint,2024
LYBE,364,296,289,293,arrivals,0.7939560439560439,0.804945054945055,endpoint,2024
LEVC,359,145,140,140,departures,0.38997214484679665,0.38997214484679665,endpoint,2024
EDDP,358,282,279,281,departures,0.7793296089385475,0.7849162011173184,endpoint,2024
GMMN,354,4,0,0,departures,0.0,0.0,endpoint,2024
LFBO,354,297,294,299,arrivals,0.8305084745762712,0.844632768361582,endpoint,2024
LPFR,353,321,317,326,arrivals,0.8980169971671388,0.9235127478753541,endpoint,2024
LPFR,350,328,328,332,departures,0.9371428571428572,0.9485714285714286,endpoint,2024
LFBO,350,308,306,308,departures,0.8742857142857143,0.88,endpoint,2024
GMMN,348,3,0,0,arrivals,0.0,0.0,endpoint,2024
EGPF,340,260,259,263,arrivals,0.7617647058823529,0.7735294117647059,endpoint,2024
LFSB,336,302,296,298,arrivals,0.8809523809523809,0.8869047619047619,endpoint,2024
EGPF,334,279,275,276,departures,0.8233532934131736,0.8263473053892215,endpoint,2024
LFSB,330,307,302,302,departures,0.9151515151515152,0.9151515151515152,endpoint,2024
ELLX,328,261,250,259,arrivals,0.7621951219512195,0.7896341463414634,endpoint,2024
ELLX,327,297,295,300,departures,0.9021406727828746,0.9174311926605505,endpoint,2024
GCXO,327,0,0,0,departures,0.0,0.0,endpoint,2024
GCXO,327,1,0,0,arrivals,0.0,0.0,endpoint,2024
EPKK,325,300,300,301,departures,0.9230769230769231,0.9261538461538461,endpoint,2024
LATI,323,111,111,112,departures,0.34365325077399383,0.34674922600619196,endpoint,2024
LTBJ,323,253,203,203,departures,0.628482972136223,0.628482972136223,endpoint,2024
EPKK,322,293,291,294,arrivals,0.9037267080745341,0.9130434782608695,endpoint,2024
LTBJ,320,262,185,187,arrivals,0.578125,0.584375,endpoint,2024
LATI,319,82,66,70,arrivals,0.20689655172413793,0.219435736677116,endpoint,2024
LICJ,312,245,243,251,arrivals,0.7788461538461539,0.8044871794871795,endpoint,2024
LMML,311,278,276,279,departures,0.887459807073955,0.8971061093247589,endpoint,2024
LICJ,310,271,271,282,departures,0.8741935483870967,0.9096774193548387,endpoint,2024
BIKF,308,276,276,276,departures,0.8961038961038961,0.8961038961038961,endpoint,2024
LMML,308,266,259,264,arrivals,0.8409090909090909,0.8571428571428571,endpoint,2024
BIKF,306,78,76,77,arrivals,0.24836601307189543,0.25163398692810457,endpoint,2024
LCLK,302,238,151,151,departures,0.5,0.5,endpoint,2024
EBCI,298,284,284,284,departures,0.9530201342281879,0.9530201342281879,endpoint,2024
EBCI,298,276,275,277,arrivals,0.9228187919463087,0.9295302013422819,endpoint,2024
LCLK,298,233,161,170,arrivals,0.540268456375839,0.5704697986577181,endpoint,2024
ENZV,297,114,76,76,arrivals,0.2558922558922559,0.2558922558922559,endpoint,2024
ENZV,295,103,103,103,departures,0.34915254237288135,0.34915254237288135,endpoint,2024
GCTS,295,1,0,0,departures,0.0,0.0,endpoint,2024
GCTS,294,1,0,0,arrivals,0.0,0.0,endpoint,2024
LGRP,291,274,272,273,arrivals,0.9347079037800687,0.9381443298969072,endpoint,2024
EGNX,288,235,233,238,departures,0.8090277777777778,0.8263888888888888,endpoint,2024
EGNX,287,199,193,203,arrivals,0.6724738675958188,0.7073170731707317,endpoint,2024
LGRP,284,265,264,265,departures,0.9295774647887324,0.9330985915492958,endpoint,2024
EVRA,282,255,255,255,departures,0.9042553191489362,0.9042553191489362,endpoint,2024
EVRA,278,244,242,245,arrivals,0.8705035971223022,0.8812949640287769,endpoint,2024
LBSF,277,244,242,242,departures,0.8736462093862816,0.8736462093862816,endpoint,2024
LBSF,275,239,236,237,arrivals,0.8581818181818182,0.8618181818181818,endpoint,2024
LFBD,274,246,243,247,arrivals,0.8868613138686131,0.9014598540145985,endpoint,2024
EGLC,273,242,242,250,departures,0.8864468864468864,0.9157509157509157,endpoint,2024
LEZL,273,246,246,246,arrivals,0.9010989010989011,0.9010989010989011,endpoint,2024
LEZL,271,246,246,247,departures,0.9077490774907749,0.9114391143911439,endpoint,2024
LFBD,271,245,245,246,departures,0.9040590405904059,0.9077490774907749,endpoint,2024
GMMX,268,4,0,0,arrivals,0.0,0.0,endpoint,2024
ENVA,266,246,246,250,departures,0.924812030075188,0.9398496240601504,endpoint,2024
ENVA,266,227,202,205,arrivals,0.7593984962406015,0.7706766917293233,endpoint,2024
EGLC,266,235,231,242,arrivals,0.868421052631579,0.9097744360902256,endpoint,2024
EGAA,265,228,226,229,departures,0.8528301886792453,0.8641509433962264,endpoint,2024
LGTS,265,245,243,245,arrivals,0.9169811320754717,0.9245283018867925,endpoint,2024
LFRS,264,238,237,239,departures,0.8977272727272727,0.9053030303030303,endpoint,2024
LFRS,264,234,233,234,arrivals,0.8825757575757576,0.8863636363636364,endpoint,2024
EGAA,263,214,213,217,arrivals,0.8098859315589354,0.8250950570342205,endpoint,2024
GMMX,261,1,0,0,departures,0.0,0.0,endpoint,2024
LGTS,258,236,235,235,departures,0.9108527131782945,0.9108527131782945,endpoint,2024
GCRR,258,2,0,0,arrivals,0.0,0.0,endpoint,2024
GCRR,257,2,0,0,departures,0.0,0.0,endpoint,2024
LFPB,245,188,145,194,arrivals,0.5918367346938775,0.7918367346938775,endpoint,2024
LIBD,244,5,0,0,arrivals,0.0,0.0,endpoint,2024
LTBS,243,170,168,169,arrivals,0.691358024691358,0.6954732510288066,endpoint,2024
LIBD,242,3,0,0,departures,0.0,0.0,endpoint,2024
LFPB,239,175,161,168,departures,0.6736401673640168,0.702928870292887,endpoint,2024
EPGD,238,173,153,153,departures,0.6428571428571429,0.6428571428571429,endpoint,2024
EPGD,238,181,117,120,arrivals,0.49159663865546216,0.5042016806722689,endpoint,2024
LEBB,234,159,140,143,departures,0.5982905982905983,0.6111111111111112,endpoint,2024
LTBS,233,142,140,140,departures,0.6008583690987125,0.6008583690987125,endpoint,2024
ESGG,232,219,219,221,departures,0.9439655172413793,0.9525862068965517,endpoint,2024
ESGG,232,215,213,218,arrivals,0.9181034482758621,0.9396551724137931,endpoint,2024
LEBB,231,174,62,71,arrivals,0.2683982683982684,0.30735930735930733,endpoint,2024
EDDV,227,217,214,217,departures,0.9427312775330396,0.9559471365638766,endpoint,2024
EPKT,227,196,195,195,departures,0.8590308370044053,0.8590308370044053,endpoint,2024
EDDV,226,199,196,204,arrivals,0.8672566371681416,0.9026548672566371,endpoint,2024
EPKT,226,194,191,193,arrivals,0.8451327433628318,0.8539823008849557,endpoint,2024
HECA,221,29,1,3,arrivals,0.004524886877828055,0.013574660633484163,endpoint,2024
LTFE,217,180,168,178,arrivals,0.7741935483870968,0.8202764976958525,endpoint,2024
HECA,216,7,0,2,departures,0.0,0.009259259259259259,endpoint,2024
LGKR,216,191,173,196,arrivals,0.8009259259259259,0.9074074074074074,endpoint,2024
LGKR,214,201,199,209,departures,0.9299065420560748,0.9766355140186916,endpoint,2024
LIRP,214,193,179,192,arrivals,0.8364485981308412,0.897196261682243,endpoint,2024
LEMH,211,175,174,174,departures,0.8246445497630331,0.8246445497630331,endpoint,2024
LIRP,211,189,186,193,departures,0.8815165876777251,0.9146919431279621,endpoint,2024
LEMH,211,179,178,179,arrivals,0.8436018957345972,0.8483412322274881,endpoint,2024
LIEO,211,70,52,61,arrivals,0.24644549763033174,0.2890995260663507,endpoint,2024
LDZA,210,181,181,183,departures,0.861904761904762,0.8714285714285714,endpoint,2024
UGTB,208,122,109,110,arrivals,0.5240384615384616,0.5288461538461539,endpoint,2024
UUEE,207,10,8,10,departures,0.03864734299516908,0.04830917874396135,endpoint,2024
LTFE,206,180,175,177,departures,0.8495145631067961,0.8592233009708737,endpoint,2024
LDZA,204,170,167,173,arrivals,0.8186274509803921,0.8480392156862745,endpoint,2024
LIEO,203,89,84,89,departures,0.41379310344827586,0.43842364532019706,endpoint,2024
UUEE,202,2,1,2,arrivals,0.0049504950495049506,0.009900990099009901,endpoint,2024
UGTB,198,166,166,167,departures,0.8383838383838383,0.8434343434343434,endpoint,2024
EYVI,197,184,184,185,departures,0.934010152284264,0.9390862944162437,endpoint,2024
EYVI,197,177,177,177,arrivals,0.8984771573604061,0.8984771573604061,endpoint,2024
HEGN,194,0,0,0,departures,0.0,0.0,endpoint,2024
EKBI,194,174,173,174,departures,0.8917525773195877,0.8969072164948454,endpoint,2024
HEGN,194,7,0,0,arrivals,0.0,0.0,endpoint,2024
EKBI,194,171,168,171,arrivals,0.865979381443299,0.8814432989690721,endpoint,2024
DTTA,193,0,0,0,departures,0.0,0.0,endpoint,2024
EHEH,193,176,176,177,departures,0.9119170984455959,0.917098445595855,endpoint,2024
DTTA,192,1,0,0,arrivals,0.0,0.0,endpoint,2024
UUWW,192,6,0,2,arrivals,0.0,0.010416666666666666,endpoint,2024
EGNT,190,168,168,168,departures,0.8842105263157894,0.8842105263157894,endpoint,2024
EGNT,190,145,145,145,arrivals,0.7631578947368421,0.7631578947368421,endpoint,2024
EGGP,188,153,150,156,arrivals,0.7978723404255319,0.8297872340425532,endpoint,2024
EHEH,188,166,164,167,arrivals,0.8723404255319149,0.8882978723404256,endpoint,2024
EGGP,187,164,162,165,departures,0.8663101604278075,0.8823529411764706,endpoint,2024
LIRQ,185,158,158,170,departures,0.8540540540540541,0.918918918918919,endpoint,2024
UUWW,185,6,4,5,departures,0.021621621621621623,0.02702702702702703,endpoint,2024
EGPD,184,114,113,113,arrivals,0.6141304347826086,0.6141304347826086,endpoint,2024
LIRQ,184,156,143,151,arrivals,0.7771739130434783,0.8206521739130435,endpoint,2024
EETN,183,156,155,155,departures,0.8469945355191257,0.8469945355191257,endpoint,2024
EGPD,182,113,112,112,departures,0.6153846153846154,0.6153846153846154,endpoint,2024
EETN,181,152,151,152,arrivals,0.8342541436464088,0.8397790055248618,endpoint,2024
DAAG,178,54,53,53,departures,0.29775280898876405,0.29775280898876405,endpoint,2024
DAAG,178,68,66,70,arrivals,0.3707865168539326,0.39325842696629215,endpoint,2024
EGNM,177,145,144,147,arrivals,0.8135593220338984,0.8305084745762712,endpoint,2024
EGNM,175,160,160,160,departures,0.9142857142857143,0.9142857142857143,endpoint,2024
EDDN,173,160,158,159,departures,0.9132947976878613,0.9190751445086706,endpoint,2024
EPWR,173,163,162,162,departures,0.9364161849710982,0.9364161849710982,endpoint,2024
GCFV,172,2,0,0,departures,0.0,0.0,endpoint,2024
ENBO,172,162,162,259,departures,0.9418604651162791,1.505813953488372,endpoint,2024
GCFV,172,0,0,0,arrivals,0.0,0.0,endpoint,2024
LGSA,170,142,142,144,departures,0.8352941176470589,0.8470588235294118,endpoint,2024
LDSP,170,93,72,72,arrivals,0.4235294117647059,0.4235294117647059,endpoint,2024
LGSA,170,122,120,121,arrivals,0.7058823529411765,0.711764705882353,endpoint,2024
EDDN,169,154,150,163,arrivals,0.8875739644970414,0.9644970414201184,endpoint,2024
ENBO,168,159,158,250,arrivals,0.9404761904761905,1.4880952380952381,endpoint,2024
EPWR,168,156,153,153,arrivals,0.9107142857142857,0.9107142857142857,endpoint,2024
UDYZ,167,59,7,7,arrivals,0.041916167664670656,0.041916167664670656,endpoint,2024
LDSP,166,51,48,48,departures,0.2891566265060241,0.2891566265060241,endpoint,2024
OLBA,166,72,70,198,departures,0.42168674698795183,1.1927710843373494,endpoint,2024
UDYZ,166,85,71,71,departures,0.42771084337349397,0.42771084337349397,endpoint,2024
LIEE,165,58,11,12,arrivals,0.06666666666666667,0.07272727272727272,endpoint,2024
ENTC,165,59,3,3,arrivals,0.01818181818181818,0.01818181818181818,endpoint,2024
OLBA,164,52,48,236,arrivals,0.2926829268292683,1.4390243902439024,endpoint,2024
LIEE,163,40,40,40,departures,0.24539877300613497,0.24539877300613497,endpoint,2024
ENTC,161,82,17,19,departures,0.10559006211180125,0.11801242236024845,endpoint,2024
LUKK,160,1,0,0,departures,0.0,0.0,endpoint,2024
LGKO,160,153,152,162,arrivals,0.95,1.0125,endpoint,2024
LUKK,159,6,0,0,arrivals,0.0,0.0,endpoint,2024
LIRA,157,142,138,144,departures,0.8789808917197452,0.9171974522292994,endpoint,2024
LGKO,154,151,151,157,departures,0.9805194805194806,1.0194805194805194,endpoint,2024
LIRA,149,133,122,139,arrivals,0.8187919463087249,0.9328859060402684,endpoint,2024
LIMF,149,130,128,129,arrivals,0.8590604026845637,0.8657718120805369,endpoint,2024
LGSR,148,11,7,47,arrivals,0.0472972972972973,0.31756756756756754,endpoint,2024
LIMF,146,127,127,129,departures,0.8698630136986302,0.8835616438356164,endpoint,2024
EPPO,145,137,137,138,departures,0.9448275862068966,0.9517241379310345,endpoint,2024
LGSR,145,6,4,7,departures,0.027586206896551724,0.04827586206896552,endpoint,2024
EPPO,145,133,133,134,arrivals,0.9172413793103448,0.9241379310344827,endpoint,2024
UMKK,144,109,109,109,departures,0.7569444444444444,0.7569444444444444,endpoint,2024
UMKK,144,97,95,95,arrivals,0.6597222222222222,0.6597222222222222,endpoint,2024
LDDU,141,3,0,0,departures,0.0,0.0,endpoint,2024
LIPX,141,127,125,126,departures,0.8865248226950354,0.8936170212765957,endpoint,2024
LDDU,140,0,0,0,arrivals,0.0,0.0,endpoint,2024
LIPX,139,126,119,120,arrivals,0.8561151079136691,0.8633093525179856,endpoint,2024
EGAC,139,117,117,118,arrivals,0.841726618705036,0.8489208633093526,endpoint,2024
EGAC,136,96,96,99,departures,0.7058823529411765,0.7279411764705882,endpoint,2024
LPPD,135,62,61,113,arrivals,0.45185185185185184,0.837037037037037,endpoint,2024
EBLG,134,109,109,113,departures,0.8134328358208955,0.8432835820895522,endpoint,2024
LPPD,133,115,115,168,departures,0.8646616541353384,1.263157894736842,endpoint,2024
LTAF,131,2,0,0,arrivals,0.0,0.0,endpoint,2024
LTAF,129,7,0,0,departures,0.0,0.0,endpoint,2024
LPMA,127,113,113,114,departures,0.889763779527559,0.8976377952755905,endpoint,2024
LPMA,127,20,20,20,arrivals,0.15748031496062992,0.15748031496062992,endpoint,2024
ULLI,126,5,4,4,departures,0.031746031746031744,0.031746031746031744,endpoint,2024
ULLI,126,7,3,3,arrivals,0.023809523809523808,0.023809523809523808,endpoint,2024
LFOB,125,120,120,120,departures,0.96,0.96,endpoint,2024
LFOB,124,119,118,118,arrivals,0.9516129032258065,0.9516129032258065,endpoint,2024
ESSB,123,104,101,103,departures,0.8211382113821138,0.8373983739837398,endpoint,2024
ESSB,120,99,96,101,arrivals,0.8,0.8416666666666667,endpoint,2024
LGZA,120,9,0,0,arrivals,0.0,0.0,endpoint,2024
LGZA,119,6,0,0,departures,0.0,0.0,endpoint,2024
LCPH,118,108,101,102,arrivals,0.8559322033898306,0.864406779661017,endpoint,2024
LCPH,116,50,49,49,departures,0.4224137931034483,0.4224137931034483,endpoint,2024
EBLG,116,49,45,47,arrivals,0.3879310344827586,0.4051724137931034,endpoint,2024
LTCG,115,73,72,77,arrivals,0.6260869565217392,0.6695652173913044,endpoint,2024
LEST,115,82,78,80,arrivals,0.6782608695652174,0.6956521739130435,endpoint,2024
LEST,114,89,89,89,departures,0.7807017543859649,0.7807017543859649,endpoint,2024
LTCG,112,97,96,98,departures,0.8571428571428571,0.875,endpoint,2024
EGLF,112,86,67,91,arrivals,0.5982142857142857,0.8125,endpoint,2024
LRCL,111,8,0,0,arrivals,0.0,0.0,endpoint,2024
LRCL,110,3,0,0,departures,0.0,0.0,endpoint,2024
LGMK,110,88,86,104,departures,0.7818181818181819,0.9454545454545454,endpoint,2024
LGMK,109,82,77,109,arrivals,0.7064220183486238,1.0,endpoint,2024
EICK,109,91,90,92,arrivals,0.8256880733944955,0.8440366972477065,endpoint,2024
EICK,108,95,95,95,departures,0.8796296296296297,0.8796296296296297,endpoint,2024
LIBR,108,0,0,0,departures,0.0,0.0,endpoint,2024
EGJJ,106,89,88,89,departures,0.8301886792452831,0.839622641509434,endpoint,2024
LWSK,106,94,94,94,departures,0.8867924528301887,0.8867924528301887,endpoint,2024
LIBR,106,0,0,0,arrivals,0.0,0.0,endpoint,2024
EGLF,104,87,83,91,departures,0.7980769230769231,0.875,endpoint,2024
LWSK,103,94,94,94,arrivals,0.912621359223301,0.912621359223301,endpoint,2024
BKPR,102,85,85,85,arrivals,0.8333333333333334,0.8333333333333334,endpoint,2024
LZIB,102,87,82,87,arrivals,0.803921568627451,0.8529411764705882,endpoint,2024
BKPR,101,86,86,86,departures,0.8514851485148515,0.8514851485148515,endpoint,2024
OKKK,101,88,88,88,departures,0.8712871287128713,0.8712871287128713,endpoint,2024
EGJJ,101,88,81,82,arrivals,0.801980198019802,0.8118811881188119,endpoint,2024
LZIB,99,85,83,84,departures,0.8383838383838383,0.8484848484848485,endpoint,2024
OJAI,98,25,0,0,arrivals,0.0,0.0,endpoint,2024
GMAD,98,1,0,0,arrivals,0.0,0.0,endpoint,2024
LJLJ,98,80,76,78,arrivals,0.7755102040816326,0.7959183673469388,endpoint,2024
LDZD,96,90,85,101,arrivals,0.8854166666666666,1.0520833333333333,endpoint,2024
OJAI,95,39,13,13,departures,0.1368421052631579,0.1368421052631579,endpoint,2024
LJLJ,95,79,79,79,departures,0.8315789473684211,0.8315789473684211,endpoint,2024
HESH,95,3,0,0,arrivals,0.0,0.0,endpoint,2024
LDZD,94,76,73,75,departures,0.776595744680851,0.7978723404255319,endpoint,2024
GMAD,93,0,0,0,departures,0.0,0.0,endpoint,2024
EDJA,93,83,82,82,departures,0.8817204301075269,0.8817204301075269,endpoint,2024
HESH,93,0,0,0,departures,0.0,0.0,endpoint,2024
EHRD,92,91,91,94,departures,0.9891304347826086,1.0217391304347827,endpoint,2024
UUDD,90,16,13,13,departures,0.14444444444444443,0.14444444444444443,endpoint,2024
EDJA,90,79,77,78,arrivals,0.8555555555555555,0.8666666666666667,endpoint,2024
LICA,89,1,0,0,departures,0.0,0.0,endpoint,2024
GCLA,89,0,0,0,departures,0.0,0.0,endpoint,2024
LICA,89,3,0,0,arrivals,0.0,0.0,endpoint,2024
GCLA,89,0,0,0,arrivals,0.0,0.0,endpoint,2024
OKKK,89,11,11,11,arrivals,0.12359550561797752,0.12359550561797752,endpoint,2024
EHRD,88,82,82,83,arrivals,0.9318181818181818,0.9431818181818182,endpoint,2024
EDDW,87,78,76,77,departures,0.8735632183908046,0.8850574712643678,endpoint,2024
EDLW,86,77,77,78,departures,0.8953488372093024,0.9069767441860465,endpoint,2024
EDDW,86,72,70,75,arrivals,0.813953488372093,0.872093023255814,endpoint,2024
LEGE,86,79,78,80,arrivals,0.9069767441860465,0.9302325581395349,endpoint,2024
EDLW,86,73,72,74,arrivals,0.8372093023255814,0.8604651162790697,endpoint,2024
LOWS,86,65,59,70,arrivals,0.686046511627907,0.813953488372093,endpoint,2024
LIPH,85,79,79,80,departures,0.9294117647058824,0.9411764705882353,endpoint,2024
EINN,85,69,69,69,departures,0.8117647058823529,0.8117647058823529,endpoint,2024
LOWS,85,67,61,62,departures,0.7176470588235294,0.7294117647058823,endpoint,2024
LIPH,85,79,77,77,arrivals,0.9058823529411765,0.9058823529411765,endpoint,2024
EINN,84,53,52,52,arrivals,0.6190476190476191,0.6190476190476191,endpoint,2024
LEGE,83,73,73,74,departures,0.8795180722891566,0.891566265060241,endpoint,2024
UUDD,83,7,0,4,arrivals,0.0,0.04819277108433735,endpoint,2024
GMTT,82,69,69,72,arrivals,0.8414634146341463,0.8780487804878049,endpoint,2024
ENTO,82,77,76,77,arrivals,0.926829268292683,0.9390243902439024,endpoint,2024
GMTT,81,70,70,70,departures,0.8641975308641975,0.8641975308641975,endpoint,2024
ENTO,80,76,76,78,departures,0.95,0.975,endpoint,2024
EGHI,80,48,44,49,arrivals,0.55,0.6125,endpoint,2024
EGNS,79,56,51,52,arrivals,0.6455696202531646,0.6582278481012658,endpoint,2024
EDSB,79,62,62,67,arrivals,0.7848101265822784,0.8481012658227848,endpoint,2024
EGJB,79,52,50,50,arrivals,0.6329113924050633,0.6329113924050633,endpoint,2024
EGNS,78,55,53,53,departures,0.6794871794871795,0.6794871794871795,endpoint,2024
EPMO,78,76,76,76,departures,0.9743589743589743,0.9743589743589743,endpoint,2024
LQSA,77,4,2,2,departures,0.025974025974025976,0.025974025974025976,endpoint,2024
LBBG,77,71,68,68,arrivals,0.8831168831168831,0.8831168831168831,endpoint,2024
LQSA,77,1,0,0,arrivals,0.0,0.0,endpoint,2024
EGHI,76,43,43,44,departures,0.5657894736842105,0.5789473684210527,endpoint,2024
EKYT,76,67,67,67,departures,0.881578947368421,0.881578947368421,endpoint,2024
EPMO,76,72,72,72,arrivals,0.9473684210526315,0.9473684210526315,endpoint,2024
EGJB,75,49,49,50,departures,0.6533333333333333,0.6666666666666666,endpoint,2024
EGKB,75,61,52,55,departures,0.6933333333333334,0.7333333333333333,endpoint,2024
URSS,75,2,1,1,arrivals,0.013333333333333334,0.013333333333333334,endpoint,2024
EKYT,75,63,63,64,arrivals,0.84,0.8533333333333334,endpoint,2024
EDSB,74,63,62,62,departures,0.8378378378378378,0.8378378378378378,endpoint,2024
DTTJ,74,0,0,0,arrivals,0.0,0.0,endpoint,2024
DTTJ,73,0,0,0,departures,0.0,0.0,endpoint,2024
EDDG,73,63,62,62,departures,0.8493150684931506,0.8493150684931506,endpoint,2024
LBBG,72,67,66,66,departures,0.9166666666666666,0.9166666666666666,endpoint,2024
EDDG,72,57,57,60,arrivals,0.7916666666666666,0.8333333333333334,endpoint,2024
LTAJ,71,1,0,0,departures,0.0,0.0,endpoint,2024
DTMB,71,0,0,0,departures,0.0,0.0,endpoint,2024
LTAJ,69,3,0,0,arrivals,0.0,0.0,endpoint,2024
URSS,68,4,4,4,departures,0.058823529411764705,0.058823529411764705,endpoint,2024
LFMT,68,61,60,60,departures,0.8823529411764706,0.8823529411764706,endpoint,2024
EDLV,68,64,62,63,departures,0.9117647058823529,0.9264705882352942,endpoint,2024
LFMT,68,61,60,60,arrivals,0.8823529411764706,0.8823529411764706,endpoint,2024
LTAU,67,1,0,0,departures,0.0,0.0,endpoint,2024
LFKJ,67,53,53,53,departures,0.7910447761194029,0.7910447761194029,endpoint,2024
LRIA,67,9,0,0,departures,0.0,0.0,endpoint,2024
LTAU,67,1,0,0,arrivals,0.0,0.0,endpoint,2024
EGPE,67,46,45,47,arrivals,0.6716417910447762,0.7014925373134329,endpoint,2024
DTMB,67,1,0,0,arrivals,0.0,0.0,endpoint,2024
EDLV,67,61,58,59,arrivals,0.8656716417910447,0.8805970149253731,endpoint,2024
LFQQ,66,61,60,60,departures,0.9090909090909091,0.9090909090909091,endpoint,2024
LIEA,66,62,62,63,arrivals,0.9393939393939394,0.9545454545454546,endpoint,2024
LRTR,66,45,16,17,arrivals,0.24242424242424243,0.25757575757575757,endpoint,2024
LRIA,66,11,0,1,arrivals,0.0,0.015151515151515152,endpoint,2024
LFQQ,66,60,58,59,arrivals,0.8787878787878788,0.8939393939393939,endpoint,2024
LEAS,65,43,43,43,departures,0.6615384615384615,0.6615384615384615,endpoint,2024
LYPG,65,6,6,7,departures,0.09230769230769231,0.1076923076923077,endpoint,2024
LIEA,65,59,59,59,departures,0.9076923076923077,0.9076923076923077,endpoint,2024
LRTR,65,44,31,32,departures,0.47692307692307695,0.49230769230769234,endpoint,2024
EDFH,65,51,51,53,arrivals,0.7846153846153846,0.8153846153846154,endpoint,2024
LEAS,65,28,27,27,arrivals,0.4153846153846154,0.4153846153846154,endpoint,2024
LYPG,65,9,3,25,arrivals,0.046153846153846156,0.38461538461538464,endpoint,2024
LFKJ,65,53,53,54,arrivals,0.8153846153846154,0.8307692307692308,endpoint,2024
EGPE,64,44,44,46,departures,0.6875,0.71875,endpoint,2024
EGKB,64,49,36,45,arrivals,0.5625,0.703125,endpoint,2024
EPRZ,62,58,58,58,departures,0.9354838709677419,0.9354838709677419,endpoint,2024
LYTV,62,20,0,0,arrivals,0.0,0.0,endpoint,2024
LYTV,61,0,0,0,departures,0.0,0.0,endpoint,2024
ENAL,61,1,0,0,arrivals,0.0,0.0,endpoint,2024
EGPB,60,1,0,0,departures,0.0,0.0,endpoint,2024
ENAL,60,4,0,0,departures,0.0,0.0,endpoint,2024
EDFH,60,54,54,55,departures,0.9,0.9166666666666666,endpoint,2024
LFKB,60,37,37,38,arrivals,0.6166666666666667,0.6333333333333333,endpoint,2024
LFKB,59,34,34,34,departures,0.576271186440678,0.576271186440678,endpoint,2024
LFST,59,47,47,49,departures,0.7966101694915254,0.8305084745762712,endpoint,2024
EGPB,59,4,0,0,arrivals,0.0,0.0,endpoint,2024
LBWN,59,47,46,50,arrivals,0.7796610169491526,0.847457627118644,endpoint,2024
GMFF,58,45,45,45,departures,0.7758620689655172,0.7758620689655172,endpoint,2024
LBWN,57,47,47,47,departures,0.8245614035087719,0.8245614035087719,endpoint,2024
DTNH,57,0,0,0,arrivals,0.0,0.0,endpoint,2024
LFST,57,48,47,50,arrivals,0.8245614035087719,0.8771929824561403,endpoint,2024
LOWG,57,50,49,53,arrivals,0.8596491228070176,0.9298245614035088,endpoint,2024
EHKD,56,8,8,10,departures,0.14285714285714285,0.17857142857142858,endpoint,2024
GMME,56,36,0,2,arrivals,0.0,0.03571428571428571,endpoint,2024
GMFF,56,33,32,32,arrivals,0.5714285714285714,0.5714285714285714,endpoint,2024
DTNH,55,0,0,0,departures,0.0,0.0,endpoint,2024
GMME,55,35,22,24,departures,0.4,0.43636363636363634,endpoint,2024
EPRZ,55,52,52,52,arrivals,0.9454545454545454,0.9454545454545454,endpoint,2024
LEVT,54,35,31,47,departures,0.5740740740740741,0.8703703703703703,endpoint,2024
LTBA,54,36,29,44,arrivals,0.5370370370370371,0.8148148148148148,endpoint,2024
ESMS,53,41,40,41,departures,0.7547169811320755,0.7735849056603774,endpoint,2024
LIMJ,53,49,49,49,departures,0.9245283018867925,0.9245283018867925,endpoint,2024
LOWG,53,49,49,49,departures,0.9245283018867925,0.9245283018867925,endpoint,2024
LGKF,53,4,0,0,departures,0.0,0.0,endpoint,2024
LFRB,53,35,35,35,departures,0.660377358490566,0.660377358490566,endpoint,2024
EHKD,53,7,7,8,arrivals,0.1320754716981132,0.1509433962264151,endpoint,2024
LFMD,53,35,23,40,arrivals,0.4339622641509434,0.7547169811320755,endpoint,2024
LKTB,52,49,46,48,departures,0.8846153846153846,0.9230769230769231,endpoint,2024
LKMT,52,45,44,44,departures,0.8461538461538461,0.8461538461538461,endpoint,2024
LEVT,52,33,31,93,arrivals,0.5961538461538461,1.7884615384615385,endpoint,2024
ESMS,52,39,37,38,arrivals,0.7115384615384616,0.7307692307692307,endpoint,2024
LIMJ,52,50,50,51,arrivals,0.9615384615384616,0.9807692307692307,endpoint,2024
LGKF,52,8,0,0,arrivals,0.0,0.0,endpoint,2024
LFRB,52,34,33,34,arrivals,0.6346153846153846,0.6538461538461539,endpoint,2024
LFBZ,51,47,44,47,arrivals,0.8627450980392157,0.9215686274509803,endpoint,2024
LKMT,51,41,39,41,arrivals,0.7647058823529411,0.803921568627451,endpoint,2024
LFBZ,50,42,41,43,departures,0.82,0.86,endpoint,2024
EDDC,50,42,40,40,arrivals,0.8,0.8,endpoint,2024
EDDC,49,40,38,43,departures,0.7755102040816326,0.8775510204081632,endpoint,2024
EGHH,49,45,44,44,departures,0.8979591836734694,0.8979591836734694,endpoint,2024
LKTB,49,47,45,47,arrivals,0.9183673469387755,0.9591836734693877,endpoint,2024
LGPA,49,14,0,0,arrivals,0.0,0.0,endpoint,2024
LTBA,48,31,27,33,departures,0.5625,0.6875,endpoint,2024
ENKB,48,0,0,0,departures,0.0,0.0,endpoint,2024
LGPA,48,11,0,0,departures,0.0,0.0,endpoint,2024
EGHH,48,36,35,38,arrivals,0.7291666666666666,0.7916666666666666,endpoint,2024
ENCN,48,43,42,42,arrivals,0.875,0.875,endpoint,2024
LERS,47,46,46,46,departures,0.9787234042553191,0.9787234042553191,endpoint,2024
EYKA,47,42,42,42,departures,0.8936170212765957,0.8936170212765957,endpoint,2024
ENCN,47,43,43,43,departures,0.9148936170212766,0.9148936170212766,endpoint,2024
LERS,47,47,47,47,arrivals,1.0,1.0,endpoint,2024
LTCC,46,0,0,0,arrivals,0.0,0.0,endpoint,2024
LIPQ,46,41,41,43,arrivals,0.8913043478260869,0.9347826086956522,endpoint,2024
EYKA,46,40,40,40,arrivals,0.8695652173913043,0.8695652173913043,endpoint,2024
GEML,45,40,40,43,departures,0.8888888888888888,0.9555555555555556,endpoint,2024
DAOO,45,32,31,36,arrivals,0.6888888888888889,0.8,endpoint,2024
GEML,45,38,38,43,arrivals,0.8444444444444444,0.9555555555555556,endpoint,2024
ENKB,45,0,0,0,arrivals,0.0,0.0,endpoint,2024
DAOO,44,35,35,35,departures,0.7954545454545454,0.7954545454545454,endpoint,2024
ENFL,44,17,16,20,departures,0.36363636363636365,0.45454545454545453,endpoint,2024
LIPQ,44,41,41,41,departures,0.9318181818181818,0.9318181818181818,endpoint,2024
UWKD,43,9,0,0,departures,0.0,0.0,endpoint,2024
EGFF,43,40,39,39,departures,0.9069767441860465,0.9069767441860465,endpoint,2024
ENFL,43,18,18,18,arrivals,0.4186046511627907,0.4186046511627907,endpoint,2024
EGFF,43,37,37,38,arrivals,0.8604651162790697,0.8837209302325582,endpoint,2024
LTCI,42,0,0,0,departures,0.0,0.0,endpoint,2024
LEJR,42,40,40,40,arrivals,0.9523809523809523,0.9523809523809523,endpoint,2024
EDLP,42,33,33,37,arrivals,0.7857142857142857,0.8809523809523809,endpoint,2024
LFKF,42,25,21,30,arrivals,0.5,0.7142857142857143,endpoint,2024
LTCC,41,0,0,0,departures,0.0,0.0,endpoint,2024
EDLP,41,36,36,37,departures,0.8780487804878049,0.9024390243902439,endpoint,2024
LFKF,41,26,26,30,departures,0.6341463414634146,0.7317073170731707,endpoint,2024
LTCI,41,0,0,0,arrivals,0.0,0.0,endpoint,2024
ENEV,41,6,0,0,arrivals,0.0,0.0,endpoint,2024
LIPY,41,31,30,32,arrivals,0.7317073170731707,0.7804878048780488,endpoint,2024
LEJR,40,38,37,37,departures,0.925,0.925,endpoint,2024
LEXJ,40,34,34,34,departures,0.85,0.85,endpoint,2024
ENEV,40,6,0,0,departures,0.0,0.0,endpoint,2024
ESPA,40,13,13,13,departures,0.325,0.325,endpoint,2024
LFRN,40,30,29,29,departures,0.725,0.725,endpoint,2024
LIPY,40,33,32,33,departures,0.8,0.825,endpoint,2024
LECO,40,38,38,39,departures,0.95,0.975,endpoint,2024
LICT,40,4,2,6,arrivals,0.05,0.15,endpoint,2024
LFMD,39,27,24,25,departures,0.6153846153846154,0.6410256410256411,endpoint,2024
LFTH,39,31,31,44,departures,0.7948717948717948,1.1282051282051282,endpoint,2024
LEGR,39,35,35,35,departures,0.8974358974358975,0.8974358974358975,endpoint,2024
LICT,39,2,2,2,departures,0.05128205128205128,0.05128205128205128,endpoint,2024
ESNU,39,24,24,25,departures,0.6153846153846154,0.6410256410256411,endpoint,2024
LEXJ,39,28,19,19,arrivals,0.48717948717948717,0.48717948717948717,endpoint,2024
ESNU,39,24,17,18,arrivals,0.4358974358974359,0.46153846153846156,endpoint,2024
LEAM,39,33,30,30,arrivals,0.7692307692307693,0.7692307692307693,endpoint,2024
ESPA,39,22,18,18,arrivals,0.46153846153846156,0.46153846153846156,endpoint,2024
LFRN,39,33,31,32,arrivals,0.7948717948717948,0.8205128205128205,endpoint,2024
LTFH,38,16,13,13,departures,0.34210526315789475,0.34210526315789475,endpoint,2024
UMMS,38,31,31,31,departures,0.8157894736842105,0.8157894736842105,endpoint,2024
LGMT,38,32,32,34,departures,0.8421052631578947,0.8947368421052632,endpoint,2024
LEAM,38,34,34,34,departures,0.8947368421052632,0.8947368421052632,endpoint,2024
BIRK,38,28,28,28,departures,0.7368421052631579,0.7368421052631579,endpoint,2024
LTFH,38,13,13,14,arrivals,0.34210526315789475,0.3684210526315789,endpoint,2024
LEGR,38,35,35,35,arrivals,0.9210526315789473,0.9210526315789473,endpoint,2024
LGMT,38,34,34,35,arrivals,0.8947368421052632,0.9210526315789473,endpoint,2024
LECO,38,34,34,35,arrivals,0.8947368421052632,0.9210526315789473,endpoint,2024
LIRZ,37,29,28,29,departures,0.7567567567567568,0.7837837837837838,endpoint,2024
URMM,37,30,30,34,departures,0.8108108108108109,0.918918918918919,endpoint,2024
ENHD,37,35,35,35,departures,0.9459459459459459,0.9459459459459459,endpoint,2024
UWKD,37,5,0,0,arrivals,0.0,0.0,endpoint,2024
LFTH,37,30,25,43,arrivals,0.6756756756756757,1.162162162162162,endpoint,2024
UMMS,37,3,0,16,arrivals,0.0,0.43243243243243246,endpoint,2024
LIRZ,37,30,28,32,arrivals,0.7567567567567568,0.8648648648648649,endpoint,2024
EKAH,37,35,34,35,arrivals,0.918918918918919,0.9459459459459459,endpoint,2024
LEMI,36,33,33,33,departures,0.9166666666666666,0.9166666666666666,endpoint,2024
EBAW,36,31,30,31,departures,0.8333333333333334,0.8611111111111112,endpoint,2024
EKAH,36,33,33,35,departures,0.9166666666666666,0.9722222222222222,endpoint,2024
LEMI,36,34,33,34,arrivals,0.9166666666666666,0.9444444444444444,endpoint,2024
LOWL,35,30,30,30,departures,0.8571428571428571,0.8571428571428571,endpoint,2024
ORER,35,0,0,0,departures,0.0,0.0,endpoint,2024
EGHQ,35,25,25,25,departures,0.7142857142857143,0.7142857142857143,endpoint,2024
URMM,35,18,18,20,arrivals,0.5142857142857142,0.5714285714285714,endpoint,2024
ENHD,35,30,30,68,arrivals,0.8571428571428571,1.9428571428571428,endpoint,2024
UGKO,34,29,29,29,departures,0.8529411764705882,0.8529411764705882,endpoint,2024
LEZG,34,31,30,30,departures,0.8823529411764706,0.8823529411764706,endpoint,2024
EGTE,34,24,24,25,departures,0.7058823529411765,0.7352941176470589,endpoint,2024
LDPL,34,33,31,35,arrivals,0.9117647058823529,1.0294117647058822,endpoint,2024
ORER,34,0,0,0,arrivals,0.0,0.0,endpoint,2024
LEVX,33,27,27,27,departures,0.8181818181818182,0.8181818181818182,endpoint,2024
LGPZ,33,23,16,18,departures,0.48484848484848486,0.5454545454545454,endpoint,2024
EDMO,33,27,25,27,departures,0.7575757575757576,0.8181818181818182,endpoint,2024
LZKZ,33,31,31,32,departures,0.9393939393939394,0.9696969696969697,endpoint,2024
UGSB,33,17,15,15,arrivals,0.45454545454545453,0.45454545454545453,endpoint,2024
LEVX,33,25,24,27,arrivals,0.7272727272727273,0.8181818181818182,endpoint,2024
ESSV,33,27,27,27,arrivals,0.8181818181818182,0.8181818181818182,endpoint,2024
UGKO,33,13,13,13,arrivals,0.3939393939393939,0.3939393939393939,endpoint,2024
LGPZ,33,29,9,26,arrivals,0.2727272727272727,0.7878787878787878,endpoint,2024
BIRK,33,23,23,24,arrivals,0.696969696969697,0.7272727272727273,endpoint,2024
LZKZ,33,26,25,25,arrivals,0.7575757575757576,0.7575757575757576,endpoint,2024
UGSB,32,26,26,28,departures,0.8125,0.875,endpoint,2024
ESSV,32,27,27,27,departures,0.84375,0.84375,endpoint,2024
ENAT,32,12,0,0,departures,0.0,0.0,endpoint,2024
GMMW,32,28,25,25,departures,0.78125,0.78125,endpoint,2024
LTFG,32,29,28,29,arrivals,0.875,0.90625,endpoint,2024
EGTE,32,24,24,26,arrivals,0.75,0.8125,endpoint,2024
GMMW,32,25,20,20,arrivals,0.625,0.625,endpoint,2024
LGSK,31,25,25,25,departures,0.8064516129032258,0.8064516129032258,endpoint,2024
LDPL,31,29,29,33,departures,0.9354838709677419,1.064516129032258,endpoint,2024
EGPK,31,25,25,32,departures,0.8064516129032258,1.032258064516129,endpoint,2024
LGSK,31,26,26,26,arrivals,0.8387096774193549,0.8387096774193549,endpoint,2024
LOWL,31,24,23,27,arrivals,0.7419354838709677,0.8709677419354839,endpoint,2024
GMFO,31,25,24,24,arrivals,0.7741935483870968,0.7741935483870968,endpoint,2024
LEZG,31,25,24,24,arrivals,0.7741935483870968,0.7741935483870968,endpoint,2024
EGSH,31,25,25,26,arrivals,0.8064516129032258,0.8387096774193549,endpoint,2024
LTFG,30,26,26,26,departures,0.8666666666666667,0.8666666666666667,endpoint,2024
EGWU,30,27,0,0,departures,0.0,0.0,endpoint,2024
LGSM,30,27,26,31,departures,0.8666666666666667,1.0333333333333334,endpoint,2024
EKEB,30,11,11,19,departures,0.36666666666666664,0.6333333333333333,endpoint,2024
ORBI,30,0,0,0,departures,0.0,0.0,endpoint,2024
ENAT,30,14,0,0,arrivals,0.0,0.0,endpoint,2024
EGWU,30,24,0,0,arrivals,0.0,0.0,endpoint,2024
EGPK,30,23,19,20,arrivals,0.6333333333333333,0.6666666666666666,endpoint,2024
EGHQ,30,21,20,20,arrivals,0.6666666666666666,0.6666666666666666,endpoint,2024
LGSM,30,28,28,49,arrivals,0.9333333333333333,1.6333333333333333,endpoint,2024
ORBI,30,0,0,0,arrivals,0.0,0.0,endpoint,2024
ENOV,29,0,0,0,departures,0.0,0.0,endpoint,2024
EIKN,29,25,25,25,departures,0.8620689655172413,0.8620689655172413,endpoint,2024
EGSH,29,25,25,25,departures,0.8620689655172413,0.8620689655172413,endpoint,2024
EGPA,29,8,0,0,departures,0.0,0.0,endpoint,2024
EIKN,29,25,24,25,arrivals,0.8275862068965517,0.8620689655172413,endpoint,2024
LTAN,29,0,0,0,arrivals,0.0,0.0,endpoint,2024
LOWI,29,25,22,23,arrivals,0.7586206896551724,0.7931034482758621,endpoint,2024
UBBN,29,1,0,0,arrivals,0.0,0.0,endpoint,2024
EKEB,29,11,10,16,arrivals,0.3448275862068966,0.5517241379310345,endpoint,2024
HLLM,29,0,0,0,arrivals,0.0,0.0,endpoint,2024
GMFO,28,19,19,19,departures,0.6785714285714286,0.6785714285714286,endpoint,2024
DABC,28,0,0,0,departures,0.0,0.0,endpoint,2024
LIBP,28,23,23,23,departures,0.8214285714285714,0.8214285714285714,endpoint,2024
LGNX,28,7,0,0,departures,0.0,0.0,endpoint,2024
LTAN,28,0,0,0,departures,0.0,0.0,endpoint,2024
HLLM,28,0,0,0,departures,0.0,0.0,endpoint,2024
ENOV,28,0,0,0,arrivals,0.0,0.0,endpoint,2024
DABC,28,0,0,0,arrivals,0.0,0.0,endpoint,2024
EBAW,28,23,20,21,arrivals,0.7142857142857143,0.75,endpoint,2024
EFOU,28,17,6,6,arrivals,0.21428571428571427,0.21428571428571427,endpoint,2024
LTFO,28,16,16,17,arrivals,0.5714285714285714,0.6071428571428571,endpoint,2024
EGPA,28,13,0,0,arrivals,0.0,0.0,endpoint,2024
ENSG,27,8,0,0,departures,0.0,0.0,endpoint,2024
EFOU,27,1,1,1,departures,0.037037037037037035,0.037037037037037035,endpoint,2024
LFLC,27,24,24,27,departures,0.8888888888888888,1.0,endpoint,2024
UBBN,27,0,0,0,departures,0.0,0.0,endpoint,2024
LTCB,27,17,17,17,arrivals,0.6296296296296297,0.6296296296296297,endpoint,2024
LGNX,27,20,0,0,arrivals,0.0,0.0,endpoint,2024
LESO,27,20,15,44,arrivals,0.5555555555555556,1.6296296296296295,endpoint,2024
LGHI,26,26,26,27,departures,1.0,1.0384615384615385,endpoint,2024
LTCB,26,10,9,10,departures,0.34615384615384615,0.38461538461538464,endpoint,2024
LESO,26,20,18,21,departures,0.6923076923076923,0.8076923076923077,endpoint,2024
URML,26,11,0,0,departures,0.0,0.0,endpoint,2024
ENLK,26,24,0,0,departures,0.0,0.0,endpoint,2024
LTFO,26,22,22,23,departures,0.8461538461538461,0.8846153846153846,endpoint,2024
LFBT,26,21,21,22,departures,0.8076923076923077,0.8461538461538461,endpoint,2024
ENSG,26,10,0,0,arrivals,0.0,0.0,endpoint,2024
LIBP,26,21,21,21,arrivals,0.8076923076923077,0.8076923076923077,endpoint,2024
URML,26,11,0,0,arrivals,0.0,0.0,endpoint,2024
ENBN,26,16,5,21,arrivals,0.19230769230769232,0.8076923076923077,endpoint,2024
EDDR,25,17,16,20,departures,0.64,0.8,endpoint,2024
EPSC,25,24,23,23,departures,0.92,0.92,endpoint,2024
ENBN,25,13,12,19,departures,0.48,0.76,endpoint,2024
EDDR,25,17,15,17,arrivals,0.6,0.68,endpoint,2024
LGHI,25,24,24,26,arrivals,0.96,1.04,endpoint,2024
EPSC,25,23,21,23,arrivals,0.84,0.92,endpoint,2024
ENLK,25,23,0,0,arrivals,0.0,0.0,endpoint,2024
LTAZ,25,3,0,0,arrivals,0.0,0.0,endpoint,2024
EKVG,24,0,0,0,departures,0.0,0.0,endpoint,2024
LRSB,24,12,12,13,departures,0.5,0.5416666666666666,endpoint,2024
LFBP,24,17,15,15,departures,0.625,0.625,endpoint,2024
LTCS,24,0,0,0,departures,0.0,0.0,endpoint,2024
ENSK,24,21,0,0,departures,0.0,0.0,endpoint,2024
EGPO,24,1,0,0,departures,0.0,0.0,endpoint,2024
LTAZ,24,1,0,0,departures,0.0,0.0,endpoint,2024
LRSB,24,11,10,11,arrivals,0.4166666666666667,0.4583333333333333,endpoint,2024
LFBP,24,19,17,17,arrivals,0.7083333333333334,0.7083333333333334,endpoint,2024
ENSK,24,22,0,0,arrivals,0.0,0.0,endpoint,2024
LFLC,24,21,20,22,arrivals,0.8333333333333334,0.9166666666666666,endpoint,2024
BIAR,24,1,0,0,arrivals,0.0,0.0,endpoint,2024
LPCS,23,20,18,22,departures,0.782608695652174,0.9565217391304348,endpoint,2024
LGKP,23,3,0,0,departures,0.0,0.0,endpoint,2024
LFMP,23,21,21,21,departures,0.9130434782608695,0.9130434782608695,endpoint,2024
LTCA,23,0,0,0,departures,0.0,0.0,endpoint,2024
LGKL,23,20,18,18,arrivals,0.782608695652174,0.782608695652174,endpoint,2024
LGKP,23,5,3,3,arrivals,0.13043478260869565,0.13043478260869565,endpoint,2024
LTCS,23,0,0,0,arrivals,0.0,0.0,endpoint,2024
ENRA,23,11,10,11,arrivals,0.43478260869565216,0.4782608695652174,endpoint,2024
EGPO,23,1,0,0,arrivals,0.0,0.0,endpoint,2024
LTCE,23,0,0,0,arrivals,0.0,0.0,endpoint,2024
LFBT,23,19,18,20,arrivals,0.782608695652174,0.8695652173913043,endpoint,2024
LFRK,22,19,18,20,departures,0.8181818181818182,0.9090909090909091,endpoint,2024
EKRN,22,14,14,14,departures,0.6363636363636364,0.6363636363636364,endpoint,2024
LGKL,22,18,18,19,departures,0.8181818181818182,0.8636363636363636,endpoint,2024
EFTU,22,18,17,17,departures,0.7727272727272727,0.7727272727272727,endpoint,2024
LOWI,22,20,18,18,departures,0.8181818181818182,0.8181818181818182,endpoint,2024
GCHI,22,0,0,0,departures,0.0,0.0,endpoint,2024
LTCE,22,0,0,0,departures,0.0,0.0,endpoint,2024
LIPO,22,15,15,16,arrivals,0.6818181818181818,0.7272727272727273,endpoint,2024
EFTU,22,16,16,16,arrivals,0.7272727272727273,0.7272727272727273,endpoint,2024
EKVG,22,0,0,0,arrivals,0.0,0.0,endpoint,2024
EDMO,22,18,13,16,arrivals,0.5909090909090909,0.7272727272727273,endpoint,2024
LFMP,22,21,20,20,arrivals,0.9090909090909091,0.9090909090909091,endpoint,2024
LTCA,22,0,0,0,arrivals,0.0,0.0,endpoint,2024
GCHI,22,0,0,0,arrivals,0.0,0.0,endpoint,2024
LIPO,21,15,15,17,departures,0.7142857142857143,0.8095238095238095,endpoint,2024
ENRA,21,9,8,12,departures,0.38095238095238093,0.5714285714285714,endpoint,2024
LGML,21,0,0,0,departures,0.0,0.0,endpoint,2024
LRSV,21,0,0,0,departures,0.0,0.0,endpoint,2024
EGNJ,21,9,9,9,departures,0.42857142857142855,0.42857142857142855,endpoint,2024
EGNV,21,11,10,10,departures,0.47619047619047616,0.47619047619047616,endpoint,2024
EHBK,21,17,17,17,departures,0.8095238095238095,0.8095238095238095,endpoint,2024
LFRK,21,18,15,19,arrivals,0.7142857142857143,0.9047619047619048,endpoint,2024
EKRN,21,14,13,13,arrivals,0.6190476190476191,0.6190476190476191,endpoint,2024
ENVD,21,4,0,0,arrivals,0.0,0.0,endpoint,2024
ENML,21,1,0,0,arrivals,0.0,0.0,endpoint,2024
EHBK,21,15,13,14,arrivals,0.6190476190476191,0.6666666666666666,endpoint,2024
ENVD,20,5,0,0,departures,0.0,0.0,endpoint,2024
LICR,20,0,0,20,departures,0.0,1.0,endpoint,2024
LIPB,20,19,19,20,departures,0.95,1.0,endpoint,2024
EBOS,20,16,15,15,departures,0.75,0.75,endpoint,2024
EIKY,20,18,18,18,departures,0.9,0.9,endpoint,2024
BIAR,20,0,0,0,departures,0.0,0.0,endpoint,2024
LPCS,20,15,12,22,arrivals,0.6,1.1,endpoint,2024
LICR,20,0,0,0,arrivals,0.0,0.0,endpoint,2024
LGML,20,4,0,0,arrivals,0.0,0.0,endpoint,2024
EBOS,20,15,14,16,arrivals,0.7,0.8,endpoint,2024
LRSV,20,2,0,0,arrivals,0.0,0.0,endpoint,2024
EGNJ,20,4,4,5,arrivals,0.2,0.25,endpoint,2024
EGNV,20,8,8,10,arrivals,0.4,0.5,endpoint,2024
LSZR,20,14,12,17,arrivals,0.6,0.85,endpoint,2024
LTAT,19,0,0,0,departures,0.0,0.0,endpoint,2024
EDXW,19,17,17,18,departures,0.8947368421052632,0.9473684210526315,endpoint,2024
LLER,19,4,0,0,departures,0.0,0.0,endpoint,2024
ENML,19,0,0,0,departures,0.0,0.0,endpoint,2024
EDHI,19,14,0,0,departures,0.0,0.0,endpoint,2024
GMML,19,0,0,0,departures,0.0,0.0,endpoint,2024
EPLB,19,17,17,17,departures,0.8947368421052632,0.8947368421052632,endpoint,2024
LTAT,19,0,0,0,arrivals,0.0,0.0,endpoint,2024
GMTN,19,19,19,19,arrivals,1.0,1.0,endpoint,2024
LTCR,19,0,0,0,arrivals,0.0,0.0,endpoint,2024
EPLB,19,17,17,18,arrivals,0.8947368421052632,0.9473684210526315,endpoint,2024
LFKC,19,12,12,16,arrivals,0.631578947368421,0.8421052631578947,endpoint,2024
GMTN,18,18,18,18,departures,1.0,1.0,endpoint,2024
ENKR,18,4,0,0,departures,0.0,0.0,endpoint,2024
LSGS,18,16,16,20,departures,0.8888888888888888,1.1111111111111112,endpoint,2024
LTCR,18,0,0,0,departures,0.0,0.0,endpoint,2024
ENSH,18,17,0,0,departures,0.0,0.0,endpoint,2024
EYPA,18,16,16,16,departures,0.8888888888888888,0.8888888888888888,endpoint,2024
LIPR,18,10,9,9,departures,0.5,0.5,endpoint,2024
LSZR,18,15,14,15,departures,0.7777777777777778,0.8333333333333334,endpoint,2024
LFKC,18,10,10,10,departures,0.5555555555555556,0.5555555555555556,endpoint,2024
ENKR,18,4,0,0,arrivals,0.0,0.0,endpoint,2024
LRBC,18,3,2,15,arrivals,0.1111111111111111,0.8333333333333334,endpoint,2024
EPBY,18,17,16,16,arrivals,0.8888888888888888,0.8888888888888888,endpoint,2024
LSGS,18,14,10,19,arrivals,0.5555555555555556,1.0555555555555556,endpoint,2024
LIPB,18,18,11,12,arrivals,0.6111111111111112,0.6666666666666666,endpoint,2024
EYPA,18,16,16,16,arrivals,0.8888888888888888,0.8888888888888888,endpoint,2024
LSZB,18,15,9,15,arrivals,0.5,0.8333333333333334,endpoint,2024
EIKY,18,16,16,16,arrivals,0.8888888888888888,0.8888888888888888,endpoint,2024
LFTZ,18,13,0,0,arrivals,0.0,0.0,endpoint,2024
HLLB,18,0,0,0,arrivals,0.0,0.0,endpoint,2024
ESGJ,18,10,7,8,arrivals,0.3888888888888889,0.4444444444444444,endpoint,2024
LRBC,17,6,6,16,departures,0.35294117647058826,0.9411764705882353,endpoint,2024
EGMC,17,17,16,16,departures,0.9411764705882353,0.9411764705882353,endpoint,2024
LFMK,17,16,16,16,departures,0.9411764705882353,0.9411764705882353,endpoint,2024
EGTK,17,14,14,14,departures,0.8235294117647058,0.8235294117647058,endpoint,2024
LICG,17,4,0,0,departures,0.0,0.0,endpoint,2024
LSZA,17,13,11,11,departures,0.6470588235294118,0.6470588235294118,endpoint,2024
ESTA,17,13,13,13,departures,0.7647058823529411,0.7647058823529411,endpoint,2024
EDVE,17,12,11,17,departures,0.6470588235294118,1.0,endpoint,2024
LXGB,17,17,16,16,departures,0.9411764705882353,0.9411764705882353,endpoint,2024
ESGJ,17,9,8,8,departures,0.47058823529411764,0.47058823529411764,endpoint,2024
EGMC,17,15,14,19,arrivals,0.8235294117647058,1.1176470588235294,endpoint,2024
ENSH,17,17,0,0,arrivals,0.0,0.0,endpoint,2024
LFMK,17,17,17,17,arrivals,1.0,1.0,endpoint,2024
LFRZ,17,13,10,11,arrivals,0.5882352941176471,0.6470588235294118,endpoint,2024
GMML,17,0,0,0,arrivals,0.0,0.0,endpoint,2024
LIPR,17,12,10,13,arrivals,0.5882352941176471,0.7647058823529411,endpoint,2024
LXGB,17,16,16,17,arrivals,0.9411764705882353,1.0,endpoint,2024
LFBL,16,9,9,9,departures,0.5625,0.5625,endpoint,2024
EPLL,16,15,15,15,departures,0.9375,0.9375,endpoint,2024
LTCF,16,0,0,1,departures,0.0,0.0625,endpoint,2024
LFRZ,16,12,10,12,departures,0.625,0.75,endpoint,2024
ENMS,16,9,0,0,departures,0.0,0.0,endpoint,2024
LICD,16,0,0,0,departures,0.0,0.0,endpoint,2024
EDXW,16,13,11,11,arrivals,0.6875,0.6875,endpoint,2024
LFBL,16,8,8,8,arrivals,0.5,0.5,endpoint,2024
EBKT,16,12,11,15,arrivals,0.6875,0.9375,endpoint,2024
LTCF,16,1,1,1,arrivals,0.0625,0.0625,endpoint,2024
LICG,16,6,0,0,arrivals,0.0,0.0,endpoint,2024
EDHI,16,12,0,0,arrivals,0.0,0.0,endpoint,2024
ESTA,16,14,14,15,arrivals,0.875,0.9375,endpoint,2024
LICD,16,1,1,1,arrivals,0.0625,0.0625,endpoint,2024
LOWK,15,12,11,11,departures,0.7333333333333333,0.7333333333333333,endpoint,2024
LDRI,15,14,14,16,departures,0.9333333333333333,1.0666666666666667,endpoint,2024
LQBK,15,12,11,11,departures,0.7333333333333333,0.7333333333333333,endpoint,2024
EPBY,15,15,15,15,departures,1.0,1.0,endpoint,2024
ENAN,15,9,0,0,departures,0.0,0.0,endpoint,2024
LFTZ,15,11,0,0,departures,0.0,0.0,endpoint,2024
LEPP,15,14,14,15,departures,0.9333333333333333,1.0,endpoint,2024
HLLB,15,0,0,0,departures,0.0,0.0,endpoint,2024
LOWK,15,12,10,11,arrivals,0.6666666666666666,0.7333333333333333,endpoint,2024
LFBH,15,13,9,9,arrivals,0.6,0.6,endpoint,2024
EPLL,15,15,14,14,arrivals,0.9333333333333333,0.9333333333333333,endpoint,2024
LIBF,15,3,1,3,arrivals,0.06666666666666667,0.2,endpoint,2024
LQBK,15,13,11,13,arrivals,0.7333333333333333,0.8666666666666667,endpoint,2024
LFRG,15,13,9,16,arrivals,0.6,1.0666666666666667,endpoint,2024
EGTK,15,13,11,18,arrivals,0.7333333333333333,1.2,endpoint,2024
ENAN,15,8,0,0,arrivals,0.0,0.0,endpoint,2024
EDVE,15,8,6,8,arrivals,0.4,0.5333333333333333,endpoint,2024
ENMS,15,11,2,2,arrivals,0.13333333333333333,0.13333333333333333,endpoint,2024
LFLY,14,6,0,0,departures,0.0,0.0,endpoint,2024
LFBH,14,12,12,12,departures,0.8571428571428571,0.8571428571428571,endpoint,2024
EFRO,14,0,0,0,departures,0.0,0.0,endpoint,2024
LTCJ,14,0,0,0,departures,0.0,0.0,endpoint,2024
EGPN,14,9,9,10,departures,0.6428571428571429,0.7142857142857143,endpoint,2024
EDFM,14,4,4,11,departures,0.2857142857142857,0.7857142857142857,endpoint,2024
EBKT,14,9,9,9,departures,0.6428571428571429,0.6428571428571429,endpoint,2024
EKSB,14,5,5,5,departures,0.35714285714285715,0.35714285714285715,endpoint,2024
LICB,14,11,11,12,departures,0.7857142857142857,0.8571428571428571,endpoint,2024
ESNZ,14,10,10,10,departures,0.7142857142857143,0.7142857142857143,endpoint,2024
LFRG,14,12,11,14,departures,0.7857142857142857,1.0,endpoint,2024
LPPS,14,9,9,9,departures,0.6428571428571429,0.6428571428571429,endpoint,2024
ENBL,14,0,0,0,departures,0.0,0.0,endpoint,2024
EGJA,14,10,10,10,departures,0.7142857142857143,0.7142857142857143,endpoint,2024
LGAL,14,13,13,13,departures,0.9285714285714286,0.9285714285714286,endpoint,2024
LSZB,14,9,7,11,departures,0.5,0.7857142857142857,endpoint,2024
EGAE,14,2,2,3,departures,0.14285714285714285,0.21428571428571427,endpoint,2024
LIMP,14,12,11,11,departures,0.7857142857142857,0.7857142857142857,endpoint,2024
EFKU,14,12,12,12,departures,0.8571428571428571,0.8571428571428571,endpoint,2024
EFVA,14,11,10,10,departures,0.7142857142857143,0.7142857142857143,endpoint,2024
LFLY,14,7,0,0,arrivals,0.0,0.0,endpoint,2024
EFRO,14,0,0,0,arrivals,0.0,0.0,endpoint,2024
LTCJ,14,0,0,0,arrivals,0.0,0.0,endpoint,2024
LDRI,14,13,13,15,arrivals,0.9285714285714286,1.0714285714285714,endpoint,2024
LTAY,14,1,1,2,arrivals,0.07142857142857142,0.14285714285714285,endpoint,2024
LLER,14,5,0,0,arrivals,0.0,0.0,endpoint,2024
EKSB,14,6,6,6,arrivals,0.42857142857142855,0.42857142857142855,endpoint,2024
LICB,14,11,11,18,arrivals,0.7857142857142857,1.2857142857142858,endpoint,2024
LPPS,14,9,9,11,arrivals,0.6428571428571429,0.7857142857142857,endpoint,2024
ENBL,14,0,0,0,arrivals,0.0,0.0,endpoint,2024
LGAL,14,12,12,14,arrivals,0.8571428571428571,1.0,endpoint,2024
EGAE,14,3,3,4,arrivals,0.21428571428571427,0.2857142857142857,endpoint,2024
LIMP,14,12,10,10,arrivals,0.7142857142857143,0.7142857142857143,endpoint,2024
EFKU,14,12,12,12,arrivals,0.8571428571428571,0.8571428571428571,endpoint,2024
LEPP,14,13,6,30,arrivals,0.42857142857142855,2.142857142857143,endpoint,2024
EFVA,14,8,8,8,arrivals,0.5714285714285714,0.5714285714285714,endpoint,2024
LTCK,13,0,0,0,departures,0.0,0.0,endpoint,2024
LIBF,13,2,1,1,departures,0.07692307692307693,0.07692307692307693,endpoint,2024
LRBS,13,12,12,13,departures,0.9230769230769231,1.0,endpoint,2024
LGLM,13,0,0,0,departures,0.0,0.0,endpoint,2024
UUBW,13,1,1,3,arrivals,0.07692307692307693,0.23076923076923078,endpoint,2024
EDFM,13,3,3,5,arrivals,0.23076923076923078,0.38461538461538464,endpoint,2024
LTCK,13,0,0,0,arrivals,0.0,0.0,endpoint,2024
ESNZ,13,9,9,9,arrivals,0.6923076923076923,0.6923076923076923,endpoint,2024
LSZA,13,11,7,9,arrivals,0.5384615384615384,0.6923076923076923,endpoint,2024
LFJL,13,12,12,12,arrivals,0.9230769230769231,0.9230769230769231,endpoint,2024
LGLM,13,0,0,0,arrivals,0.0,0.0,endpoint,2024
URMG,12,3,0,0,departures,0.0,0.0,endpoint,2024
LTAY,12,0,0,0,departures,0.0,0.0,endpoint,2024
LGKV,12,12,12,12,departures,1.0,1.0,endpoint,2024
LHDC,12,5,5,5,departures,0.4166666666666667,0.4166666666666667,endpoint,2024
LFMU,12,10,10,10,departures,0.8333333333333334,0.8333333333333334,endpoint,2024
ESMT,12,9,9,9,departures,0.75,0.75,endpoint,2024
LKPD,12,12,12,12,departures,1.0,1.0,endpoint,2024
LTAR,12,0,0,0,departures,0.0,0.0,endpoint,2024
GCGM,12,0,0,0,departures,0.0,0.0,endpoint,2024
EFTP,12,10,10,10,departures,0.8333333333333334,0.8333333333333334,endpoint,2024
LRCV,12,9,9,9,departures,0.75,0.75,endpoint,2024
LFJL,12,11,11,11,departures,0.9166666666666666,0.9166666666666666,endpoint,2024
LECH,12,9,9,14,departures,0.75,1.1666666666666667,endpoint,2024
URMG,12,6,0,0,arrivals,0.0,0.0,endpoint,2024
EGPN,12,7,6,7,arrivals,0.5,0.5833333333333334,endpoint,2024
LFMU,12,12,12,13,arrivals,1.0,1.0833333333333333,endpoint,2024
EDDE,12,9,9,10,arrivals,0.75,0.8333333333333334,endpoint,2024
LTAR,12,0,0,0,arrivals,0.0,0.0,endpoint,2024
GCGM,12,0,0,0,arrivals,0.0,0.0,endpoint,2024
ENSD,12,0,0,0,arrivals,0.0,0.0,endpoint,2024
LRBS,12,11,10,11,arrivals,0.8333333333333334,0.9166666666666666,endpoint,2024
UUBW,11,5,5,7,departures,0.45454545454545453,0.6363636363636364,endpoint,2024
LPAZ,11,10,10,10,departures,0.9090909090909091,0.9090909090909091,endpoint,2024
LTCD,11,0,0,0,departures,0.0,0.0,endpoint,2024
UWGG,11,5,5,5,departures,0.45454545454545453,0.45454545454545453,endpoint,2024
LTCV,11,0,0,0,departures,0.0,0.0,endpoint,2024
HESX,11,0,0,0,departures,0.0,0.0,endpoint,2024
ESNN,11,5,5,5,departures,0.45454545454545453,0.45454545454545453,endpoint,2024
LZTT,11,11,10,10,departures,0.9090909090909091,0.9090909090909091,endpoint,2024
ESMX,11,11,10,10,departures,0.9090909090909091,0.9090909090909091,endpoint,2024
ENST,11,5,4,5,departures,0.36363636363636365,0.45454545454545453,endpoint,2024
EFMA,11,2,2,2,departures,0.18181818181818182,0.18181818181818182,endpoint,2024
EDNY,11,9,9,10,departures,0.8181818181818182,0.9090909090909091,endpoint,2024
LROD,11,0,0,0,departures,0.0,0.0,endpoint,2024
ENRM,11,10,9,9,departures,0.8181818181818182,0.8181818181818182,endpoint,2024
ENLE,11,0,0,0,departures,0.0,0.0,endpoint,2024
ESKN,11,11,11,11,departures,1.0,1.0,endpoint,2024
LTCT,11,0,0,9,departures,0.0,0.8181818181818182,endpoint,2024
ENSD,11,0,0,0,departures,0.0,0.0,endpoint,2024
LTCP,11,0,0,0,departures,0.0,0.0,endpoint,2024
ESSL,11,9,9,9,departures,0.8181818181818182,0.8181818181818182,endpoint,2024
LEBZ,11,10,9,9,departures,0.8181818181818182,0.8181818181818182,endpoint,2024
LFBE,11,11,11,12,departures,1.0,1.0909090909090908,endpoint,2024
LIBC,11,0,0,0,departures,0.0,0.0,endpoint,2024
LPAZ,11,9,9,9,arrivals,0.8181818181818182,0.8181818181818182,endpoint,2024
LTCD,11,0,0,0,arrivals,0.0,0.0,endpoint,2024
HESX,11,1,0,0,arrivals,0.0,0.0,endpoint,2024
LTCV,11,0,0,0,arrivals,0.0,0.0,endpoint,2024
ESNN,11,3,3,3,arrivals,0.2727272727272727,0.2727272727272727,endpoint,2024
LTFD,11,10,10,10,arrivals,0.9090909090909091,0.9090909090909091,endpoint,2024
ESMX,11,11,9,9,arrivals,0.8181818181818182,0.8181818181818182,endpoint,2024
LGKV,11,11,11,11,arrivals,1.0,1.0,endpoint,2024
ENST,11,11,5,11,arrivals,0.45454545454545453,1.0,endpoint,2024
LHDC,11,5,5,5,arrivals,0.45454545454545453,0.45454545454545453,endpoint,2024
EFMA,11,2,2,2,arrivals,0.18181818181818182,0.18181818181818182,endpoint,2024
LROD,11,0,0,0,arrivals,0.0,0.0,endpoint,2024
LKPD,11,11,11,15,arrivals,1.0,1.3636363636363635,endpoint,2024
EGJA,11,8,8,8,arrivals,0.7272727272727273,0.7272727272727273,endpoint,2024
ENRM,11,10,7,16,arrivals,0.6363636363636364,1.4545454545454546,endpoint,2024
EFTP,11,8,8,8,arrivals,0.7272727272727273,0.7272727272727273,endpoint,2024
ESKN,11,11,11,11,arrivals,1.0,1.0,endpoint,2024
LTCT,11,0,0,0,arrivals,0.0,0.0,endpoint,2024
LTCP,11,0,0,0,arrivals,0.0,0.0,endpoint,2024
LRCV,11,9,9,9,arrivals,0.8181818181818182,0.8181818181818182,endpoint,2024
LECH,11,8,8,97,arrivals,0.7272727272727273,8.818181818181818,endpoint,2024
LIBC,11,0,0,0,arrivals,0.0,0.0,endpoint,2024
DAAE,11,2,2,2,arrivals,0.18181818181818182,0.18181818181818182,endpoint,2024
LFBE,11,11,8,8,arrivals,0.7272727272727273,0.7272727272727273,endpoint,2024
LYNI,10,9,9,9,departures,0.9,0.9,endpoint,2024
ESNL,10,0,0,0,departures,0.0,0.0,endpoint,2024
LFOK,10,8,5,6,departures,0.5,0.6,endpoint,2024
ESNS,10,9,9,9,departures,0.9,0.9,endpoint,2024
LTFD,10,9,9,9,departures,0.9,0.9,endpoint,2024
EDTY,10,8,7,8,departures,0.7,0.8,endpoint,2024
DABB,10,0,0,0,departures,0.0,0.0,endpoint,2024
LQMO,10,0,0,0,departures,0.0,0.0,endpoint,2024
EDDE,10,8,8,8,departures,0.8,0.8,endpoint,2024
LFLW,10,3,2,2,departures,0.2,0.2,endpoint,2024
LFTW,10,10,10,11,departures,1.0,1.1,endpoint,2024
DAAE,10,1,1,1,departures,0.1,0.1,endpoint,2024
ENNA,10,5,0,0,departures,0.0,0.0,endpoint,2024
LFRM,10,6,4,7,arrivals,0.4,0.7,endpoint,2024
ESNL,10,0,0,0,arrivals,0.0,0.0,endpoint,2024
LFSL,10,5,5,6,arrivals,0.5,0.6,endpoint,2024
UWGG,10,1,1,1,arrivals,0.1,0.1,endpoint,2024
LFOK,10,8,4,8,arrivals,0.4,0.8,endpoint,2024
LZTT,10,10,8,9,arrivals,0.8,0.9,endpoint,2024
ESMT,10,7,7,7,arrivals,0.7,0.7,endpoint,2024
DABB,10,0,0,0,arrivals,0.0,0.0,endpoint,2024
LQMO,10,2,0,0,arrivals,0.0,0.0,endpoint,2024
LFLW,10,3,3,3,arrivals,0.3,0.3,endpoint,2024
ENLE,10,0,0,0,arrivals,0.0,0.0,endpoint,2024
ESSL,10,10,10,10,arrivals,1.0,1.0,endpoint,2024
LGST,10,0,0,0,arrivals,0.0,0.0,endpoint,2024
ESKM,9,0,0,0,departures,0.0,0.0,endpoint,2024
LRBV,9,5,4,4,departures,0.4444444444444444,0.4444444444444444,endpoint,2024
ESNX,9,1,1,1,departures,0.1111111111111111,0.1111111111111111,endpoint,2024
LQTZ,9,6,6,7,departures,0.6666666666666666,0.7777777777777778,endpoint,2024
LFSL,9,5,5,5,departures,0.5555555555555556,0.5555555555555556,endpoint,2024
ENDU,9,4,4,18,departures,0.4444444444444444,2.0,endpoint,2024
LEVD,9,8,7,7,departures,0.7777777777777778,0.7777777777777778,endpoint,2024
ENSO,9,3,3,3,departures,0.3333333333333333,0.3333333333333333,endpoint,2024
ESDF,9,8,8,8,departures,0.8888888888888888,0.8888888888888888,endpoint,2024
LGRX,9,2,1,8,departures,0.1111111111111111,0.8888888888888888,endpoint,2024
LFCR,9,5,5,5,departures,0.5555555555555556,0.5555555555555556,endpoint,2024
ESNG,9,1,1,1,departures,0.1111111111111111,0.1111111111111111,endpoint,2024
LGIK,9,5,0,0,departures,0.0,0.0,endpoint,2024
EGPL,9,2,0,0,departures,0.0,0.0,endpoint,2024
LGST,9,1,0,0,departures,0.0,0.0,endpoint,2024
EGNR,9,7,4,4,departures,0.4444444444444444,0.4444444444444444,endpoint,2024
ESKM,9,0,0,0,arrivals,0.0,0.0,endpoint,2024
LRBV,9,6,5,5,arrivals,0.5555555555555556,0.5555555555555556,endpoint,2024
EDVK,9,6,6,7,arrivals,0.6666666666666666,0.7777777777777778,endpoint,2024
LQTZ,9,4,3,3,arrivals,0.3333333333333333,0.3333333333333333,endpoint,2024
LYNI,9,8,8,10,arrivals,0.8888888888888888,1.1111111111111112,endpoint,2024
ESNS,9,8,8,11,arrivals,0.8888888888888888,1.2222222222222223,endpoint,2024
EDHL,9,8,8,10,arrivals,0.8888888888888888,1.1111111111111112,endpoint,2024
LDOS,9,9,9,9,arrivals,1.0,1.0,endpoint,2024
LTDA,9,0,0,0,arrivals,0.0,0.0,endpoint,2024
EDNY,9,7,7,7,arrivals,0.7777777777777778,0.7777777777777778,endpoint,2024
ENSO,9,3,3,3,arrivals,0.3333333333333333,0.3333333333333333,endpoint,2024
LGRX,9,0,0,11,arrivals,0.0,1.2222222222222223,endpoint,2024
EDTY,9,7,5,7,arrivals,0.5555555555555556,0.7777777777777778,endpoint,2024
LFCR,9,6,6,6,arrivals,0.6666666666666666,0.6666666666666666,endpoint,2024
ESNG,9,1,0,0,arrivals,0.0,0.0,endpoint,2024
EKRK,9,9,8,8,arrivals,0.8888888888888888,0.8888888888888888,endpoint,2024
LGIK,9,6,0,0,arrivals,0.0,0.0,endpoint,2024
LFSD,9,6,5,9,arrivals,0.5555555555555556,1.0,endpoint,2024
EGPL,9,3,0,0,arrivals,0.0,0.0,endpoint,2024
LEBZ,9,8,8,8,arrivals,0.8888888888888888,0.8888888888888888,endpoint,2024
LGIO,8,7,7,7,departures,0.875,0.875,endpoint,2024
EDVK,8,7,7,7,departures,0.875,0.875,endpoint,2024
LFMV,8,8,7,7,departures,0.875,0.875,endpoint,2024
EDHL,8,8,8,8,departures,1.0,1.0,endpoint,2024
LDOS,8,7,7,7,departures,0.875,0.875,endpoint,2024
URMO,8,0,0,0,departures,0.0,0.0,endpoint,2024
LTDA,8,0,0,0,departures,0.0,0.0,endpoint,2024
ESNQ,8,4,4,4,departures,0.5,0.5,endpoint,2024
EKRK,8,8,8,8,departures,1.0,1.0,endpoint,2024
DAON,8,6,6,6,departures,0.75,0.75,endpoint,2024
ENJS,8,0,0,0,departures,0.0,0.0,endpoint,2024
LFSD,8,7,6,8,departures,0.75,1.0,endpoint,2024
LTCN,8,0,0,0,departures,0.0,0.0,endpoint,2024
EFKK,8,6,6,6,departures,0.75,0.75,endpoint,2024
LTCO,8,0,0,0,departures,0.0,0.0,endpoint,2024
ENNM,8,4,0,0,departures,0.0,0.0,endpoint,2024
LGIO,8,7,7,7,arrivals,0.875,0.875,endpoint,2024
ESNX,8,1,1,1,arrivals,0.125,0.125,endpoint,2024
ENDU,8,1,1,11,arrivals,0.125,1.375,endpoint,2024
LEVD,8,6,5,5,arrivals,0.625,0.625,endpoint,2024
ESNQ,8,3,3,3,arrivals,0.375,0.375,endpoint,2024
ESDF,8,6,6,6,arrivals,0.75,0.75,endpoint,2024
ESMQ,8,7,7,7,arrivals,0.875,0.875,endpoint,2024
ENJS,8,0,0,0,arrivals,0.0,0.0,endpoint,2024
LTCN,8,0,0,0,arrivals,0.0,0.0,endpoint,2024
GMFK,8,0,0,0,arrivals,0.0,0.0,endpoint,2024
LTCO,8,0,0,0,arrivals,0.0,0.0,endpoint,2024
LFTW,8,8,8,8,arrivals,1.0,1.0,endpoint,2024
ENNM,8,5,0,0,arrivals,0.0,0.0,endpoint,2024
DAON,8,7,2,3,arrivals,0.25,0.375,endpoint,2024
ENNA,8,5,0,0,arrivals,0.0,0.0,endpoint,2024
LFRM,7,6,6,9,departures,0.8571428571428571,1.2857142857142858,endpoint,2024
LRBM,7,0,0,0,departures,0.0,0.0,endpoint,2024
ORMM,7,0,0,0,departures,0.0,0.0,endpoint,2024
EIDL,7,6,5,5,departures,0.7142857142857143,0.7142857142857143,endpoint,2024
ESOE,7,5,5,6,departures,0.7142857142857143,0.8571428571428571,endpoint,2024
ESNV,7,0,0,0,departures,0.0,0.0,endpoint,2024
EFJO,7,4,4,4,departures,0.5714285714285714,0.5714285714285714,endpoint,2024
ESMK,7,7,7,8,departures,1.0,1.1428571428571428,endpoint,2024
HEBA,7,2,2,2,departures,0.2857142857142857,0.2857142857142857,endpoint,2024
ESMQ,7,7,7,7,departures,1.0,1.0,endpoint,2024
GMMI,7,0,0,0,departures,0.0,0.0,endpoint,2024
OITT,7,0,0,0,departures,0.0,0.0,endpoint,2024
EETU,7,6,4,4,departures,0.5714285714285714,0.5714285714285714,endpoint,2024
LRTM,7,0,0,2,departures,0.0,0.2857142857142857,endpoint,2024
EGEC,7,1,1,2,departures,0.14285714285714285,0.2857142857142857,endpoint,2024
BIEG,7,0,0,0,departures,0.0,0.0,endpoint,2024
GMFK,7,0,0,0,departures,0.0,0.0,endpoint,2024
LFMV,7,6,2,3,arrivals,0.2857142857142857,0.42857142857142855,endpoint,2024
LRBM,7,1,0,0,arrivals,0.0,0.0,endpoint,2024
ESNK,7,0,0,0,arrivals,0.0,0.0,endpoint,2024
ORMM,7,1,1,1,arrivals,0.14285714285714285,0.14285714285714285,endpoint,2024
ESOE,7,6,5,7,arrivals,0.7142857142857143,1.0,endpoint,2024
LTCW,7,0,0,0,arrivals,0.0,0.0,endpoint,2024
ESNV,7,0,0,0,arrivals,0.0,0.0,endpoint,2024
EFJO,7,4,4,4,arrivals,0.5714285714285714,0.5714285714285714,endpoint,2024
BIEG,7,0,0,0,arrivals,0.0,0.0,endpoint,2024
GMMI,7,0,0,0,arrivals,0.0,0.0,endpoint,2024
OITT,7,0,0,0,arrivals,0.0,0.0,endpoint,2024
LIBG,7,0,0,0,arrivals,0.0,0.0,endpoint,2024
EETU,7,3,2,2,arrivals,0.2857142857142857,0.2857142857142857,endpoint,2024
EGNR,7,6,4,4,arrivals,0.5714285714285714,0.5714285714285714,endpoint,2024
EFKK,7,5,5,5,arrivals,0.7142857142857143,0.7142857142857143,endpoint,2024
LRTM,7,1,0,7,arrivals,0.0,1.0,endpoint,2024
EGEC,7,1,1,4,arrivals,0.14285714285714285,0.5714285714285714,endpoint,2024
EIDL,7,5,4,4,arrivals,0.5714285714285714,0.5714285714285714,endpoint,2024
LFLB,6,3,3,3,departures,0.5,0.5,endpoint,2024
ESNK,6,0,0,0,departures,0.0,0.0,endpoint,2024
EGPI,6,3,2,2,departures,0.3333333333333333,0.3333333333333333,endpoint,2024
EKTE,6,1,0,0,departures,0.0,0.0,endpoint,2024
EEKE,6,2,2,2,departures,0.3333333333333333,0.3333333333333333,endpoint,2024
ENRO,6,2,2,2,departures,0.3333333333333333,0.3333333333333333,endpoint,2024
DAAS,6,0,0,0,departures,0.0,0.0,endpoint,2024
ESUP,6,0,0,0,departures,0.0,0.0,endpoint,2024
LTCW,6,0,0,0,departures,0.0,0.0,endpoint,2024
EGPR,6,0,0,1,departures,0.0,0.16666666666666666,endpoint,2024
ESOH,6,1,0,0,departures,0.0,0.0,endpoint,2024
EEKA,6,2,2,2,departures,0.3333333333333333,0.3333333333333333,endpoint,2024
LFEC,6,0,0,0,departures,0.0,0.0,endpoint,2024
ENHE,6,0,0,0,departures,0.0,0.0,endpoint,2024
LWOH,6,6,6,6,departures,1.0,1.0,endpoint,2024
ENSR,6,0,0,33,departures,0.0,5.5,endpoint,2024
LTBH,6,5,5,5,departures,0.8333333333333334,0.8333333333333334,endpoint,2024
EHGG,6,4,4,4,departures,0.6666666666666666,0.6666666666666666,endpoint,2024
LFOT,6,6,6,6,departures,1.0,1.0,endpoint,2024
LSZC,6,4,0,0,departures,0.0,0.0,endpoint,2024
LTCU,6,0,0,0,departures,0.0,0.0,endpoint,2024
LBPD,6,4,4,4,departures,0.6666666666666666,0.6666666666666666,endpoint,2024
UBBG,6,4,4,4,departures,0.6666666666666666,0.6666666666666666,endpoint,2024
EHLE,6,4,2,2,departures,0.3333333333333333,0.3333333333333333,endpoint,2024
LGLE,6,2,0,0,departures,0.0,0.0,endpoint,2024
LFCK,6,0,0,0,departures,0.0,0.0,endpoint,2024
EGPU,6,0,0,1,departures,0.0,0.16666666666666666,endpoint,2024
ESND,6,0,0,0,departures,0.0,0.0,endpoint,2024
EFJY,6,5,5,5,departures,0.8333333333333334,0.8333333333333334,endpoint,2024
ENRS,6,6,0,0,arrivals,0.0,0.0,endpoint,2024
EGPU,6,0,0,1,arrivals,0.0,0.16666666666666666,endpoint,2024
HEMM,6,0,0,0,arrivals,0.0,0.0,endpoint,2024
EKTE,6,1,0,0,arrivals,0.0,0.0,endpoint,2024
EEKE,6,2,2,2,arrivals,0.3333333333333333,0.3333333333333333,endpoint,2024
ENRO,6,0,0,23,arrivals,0.0,3.8333333333333335,endpoint,2024
ESUP,6,0,0,0,arrivals,0.0,0.0,endpoint,2024
ESOH,6,1,0,0,arrivals,0.0,0.0,endpoint,2024
EEKA,6,2,2,2,arrivals,0.3333333333333333,0.3333333333333333,endpoint,2024
LFEC,6,0,0,0,arrivals,0.0,0.0,endpoint,2024
ENHE,6,0,0,0,arrivals,0.0,0.0,endpoint,2024
LWOH,6,6,6,6,arrivals,1.0,1.0,endpoint,2024
ENSR,6,0,0,59,arrivals,0.0,9.833333333333334,endpoint,2024
ESND,6,0,0,0,arrivals,0.0,0.0,endpoint,2024
HEBA,6,0,0,0,arrivals,0.0,0.0,endpoint,2024
LIMZ,6,4,3,3,arrivals,0.5,0.5,endpoint,2024
LTBH,6,5,5,5,arrivals,0.8333333333333334,0.8333333333333334,endpoint,2024
EHGG,6,4,4,4,arrivals,0.6666666666666666,0.6666666666666666,endpoint,2024
LFOT,6,6,6,6,arrivals,1.0,1.0,endpoint,2024
LSZC,6,5,0,0,arrivals,0.0,0.0,endpoint,2024
LTCU,6,0,0,0,arrivals,0.0,0.0,endpoint,2024
LBPD,6,4,4,4,arrivals,0.6666666666666666,0.6666666666666666,endpoint,2024
UBBG,6,0,0,0,arrivals,0.0,0.0,endpoint,2024
LGLE,6,2,0,0,arrivals,0.0,0.0,endpoint,2024
LFCK,6,0,0,0,arrivals,0.0,0.0,endpoint,2024
EGPI,6,3,0,0,arrivals,0.0,0.0,endpoint,2024
EGPR,6,0,0,2,arrivals,0.0,0.3333333333333333,endpoint,2024
LFBI,5,4,4,4,departures,0.8,0.8,endpoint,2024
ENRS,5,5,0,0,departures,0.0,0.0,endpoint,2024
ENWS,5,0,0,0,departures,0.0,0.0,endpoint,2024
LDVA,5,1,0,0,departures,0.0,0.0,endpoint,2024
EDRY,5,5,0,0,departures,0.0,0.0,endpoint,2024
HEMM,5,0,0,0,departures,0.0,0.0,endpoint,2024
ENWV,5,0,0,0,departures,0.0,0.0,endpoint,2024
EFKE,5,0,0,0,departures,0.0,0.0,endpoint,2024
GMTA,5,5,5,5,departures,1.0,1.0,endpoint,2024
EDTM,5,5,5,7,departures,1.0,1.4,endpoint,2024
EGPC,5,3,2,9,departures,0.4,1.8,endpoint,2024
LKCS,5,5,5,5,departures,1.0,1.0,endpoint,2024
BIIS,5,0,0,0,departures,0.0,0.0,endpoint,2024
LGKY,5,3,0,0,departures,0.0,0.0,endpoint,2024
LIMZ,5,4,4,4,departures,0.8,0.8,endpoint,2024
EKKA,5,0,0,0,departures,0.0,0.0,endpoint,2024
LTBY,5,5,4,4,departures,0.8,0.8,endpoint,2024
GMMZ,5,0,0,0,departures,0.0,0.0,endpoint,2024
LIBG,5,0,0,0,departures,0.0,0.0,endpoint,2024
EDLN,5,4,3,3,departures,0.6,0.6,endpoint,2024
ENSL,5,0,0,0,departures,0.0,0.0,endpoint,2024
LFRH,5,4,4,5,departures,0.8,1.0,endpoint,2024
LTAS,5,0,0,0,departures,0.0,0.0,endpoint,2024
LTBR,5,5,5,5,departures,1.0,1.0,endpoint,2024
EPZG,5,5,5,5,departures,1.0,1.0,endpoint,2024
ORKK,5,0,0,0,departures,0.0,0.0,endpoint,2024
LSGL,5,5,0,0,departures,0.0,0.0,endpoint,2024
URMS,5,1,0,0,departures,0.0,0.0,endpoint,2024
LFBI,5,5,5,5,arrivals,1.0,1.0,endpoint,2024
ENWS,5,0,0,0,arrivals,0.0,0.0,endpoint,2024
ESUT,5,0,0,0,arrivals,0.0,0.0,endpoint,2024
EFKI,5,5,5,5,arrivals,1.0,1.0,endpoint,2024
URMO,5,0,0,0,arrivals,0.0,0.0,endpoint,2024
LSGK,5,4,0,0,arrivals,0.0,0.0,endpoint,2024
ENWV,5,0,0,0,arrivals,0.0,0.0,endpoint,2024
DAAS,5,0,0,0,arrivals,0.0,0.0,endpoint,2024
GMTA,5,5,5,5,arrivals,1.0,1.0,endpoint,2024
EDTM,5,4,4,6,arrivals,0.8,1.2,endpoint,2024
LKCS,5,5,5,5,arrivals,1.0,1.0,endpoint,2024
LTCL,5,2,0,0,arrivals,0.0,0.0,endpoint,2024
ENQG,5,0,0,0,arrivals,0.0,0.0,endpoint,2024
BIIS,5,0,0,0,arrivals,0.0,0.0,endpoint,2024
ESMK,5,5,4,6,arrivals,0.8,1.2,endpoint,2024
LTBY,5,5,4,5,arrivals,0.8,1.0,endpoint,2024
GMMZ,5,0,0,0,arrivals,0.0,0.0,endpoint,2024
ENSL,5,0,0,0,arrivals,0.0,0.0,endpoint,2024
EFJY,5,4,4,4,arrivals,0.8,0.8,endpoint,2024
LFRH,5,4,3,3,arrivals,0.6,0.6,endpoint,2024
LTAS,5,0,0,0,arrivals,0.0,0.0,endpoint,2024
EHLE,5,2,0,2,arrivals,0.0,0.4,endpoint,2024
ORKK,5,0,0,0,arrivals,0.0,0.0,endpoint,2024
EKKA,5,0,0,0,arrivals,0.0,0.0,endpoint,2024
LTBR,5,5,5,6,arrivals,1.0,1.2,endpoint,2024
LFMI,4,4,4,4,departures,1.0,1.0,endpoint,2024
LFOZ,4,4,0,0,departures,0.0,0.0,endpoint,2024
EDRZ,4,4,0,0,departures,0.0,0.0,endpoint,2024
EPRA,4,4,4,4,departures,1.0,1.0,endpoint,2024
LGPL,4,0,0,0,departures,0.0,0.0,endpoint,2024
EDGS,4,3,3,3,departures,0.75,0.75,endpoint,2024
LSGK,4,4,0,0,departures,0.0,0.0,endpoint,2024
LELN,4,3,3,3,departures,0.75,0.75,endpoint,2024
LHPP,4,4,4,4,departures,1.0,1.0,endpoint,2024
ENGA,4,0,0,0,departures,0.0,0.0,endpoint,2024
LTCL,4,0,0,0,departures,0.0,0.0,endpoint,2024
LRCK,4,4,4,5,departures,1.0,1.25,endpoint,2024
ENGC,4,0,0,0,departures,0.0,0.0,endpoint,2024
LTAW,4,0,0,0,departures,0.0,0.0,endpoint,2024
LZPP,4,4,4,4,departures,1.0,1.0,endpoint,2024
EDAZ,4,3,0,0,departures,0.0,0.0,endpoint,2024
EGNO,4,3,3,3,departures,0.75,0.75,endpoint,2024
ETNL,4,4,4,7,departures,1.0,1.75,endpoint,2024
LGKC,4,0,0,0,departures,0.0,0.0,endpoint,2024
LKKV,4,4,4,4,departures,1.0,1.0,endpoint,2024
ENOA,4,0,0,0,departures,0.0,0.0,endpoint,2024
ESST,4,1,1,1,departures,0.25,0.25,endpoint,2024
LTAP,4,0,0,0,departures,0.0,0.0,endpoint,2024
ESOW,4,4,4,4,departures,1.0,1.0,endpoint,2024
ESNO,4,0,0,0,departures,0.0,0.0,endpoint,2024
EGSC,4,3,3,5,departures,0.75,1.25,endpoint,2024
LIPK,4,3,3,3,departures,0.75,0.75,endpoint,2024
EGNH,4,3,2,2,departures,0.5,0.5,endpoint,2024
LGSY,4,0,0,0,departures,0.0,0.0,endpoint,2024
ESUT,4,0,0,0,departures,0.0,0.0,endpoint,2024
EFKI,4,4,4,4,departures,1.0,1.0,endpoint,2024
URWW,4,0,0,0,departures,0.0,0.0,endpoint,2024
DTTX,4,0,0,0,departures,0.0,0.0,endpoint,2024
ENWY,4,0,0,0,departures,0.0,0.0,endpoint,2024
LGKS,4,0,0,0,departures,0.0,0.0,endpoint,2024
HLMS,4,0,0,0,departures,0.0,0.0,endpoint,2024
BIBD,4,2,2,2,arrivals,0.5,0.5,endpoint,2024
LFMI,4,4,4,4,arrivals,1.0,1.0,endpoint,2024
LFLB,4,1,1,4,arrivals,0.25,1.0,endpoint,2024
EPRA,4,4,4,4,arrivals,1.0,1.0,endpoint,2024
LDVA,4,1,0,0,arrivals,0.0,0.0,endpoint,2024
OSDI,4,1,0,2,arrivals,0.0,0.5,endpoint,2024
LFLP,4,4,2,2,arrivals,0.5,0.5,endpoint,2024
LELN,4,3,3,4,arrivals,0.75,1.0,endpoint,2024
EHLL,4,0,0,0,arrivals,0.0,0.0,endpoint,2024
LKHK,4,3,0,0,arrivals,0.0,0.0,endpoint,2024
EGPC,4,2,2,17,arrivals,0.5,4.25,endpoint,2024
LSGC,4,4,2,3,arrivals,0.5,0.75,endpoint,2024
LHPP,4,4,4,4,arrivals,1.0,1.0,endpoint,2024
ENGA,4,0,0,0,arrivals,0.0,0.0,endpoint,2024
LRCK,4,3,2,2,arrivals,0.5,0.5,endpoint,2024
LGKY,4,3,0,0,arrivals,0.0,0.0,endpoint,2024
ETND,4,4,2,2,arrivals,0.5,0.5,endpoint,2024
ETNL,4,4,2,3,arrivals,0.5,0.75,endpoint,2024
LSGL,4,3,0,0,arrivals,0.0,0.0,endpoint,2024
LGKC,4,0,0,0,arrivals,0.0,0.0,endpoint,2024
ENOA,4,0,0,0,arrivals,0.0,0.0,endpoint,2024
ESST,4,0,0,0,arrivals,0.0,0.0,endpoint,2024
LTAP,4,0,0,0,arrivals,0.0,0.0,endpoint,2024
ESNO,4,0,0,6,arrivals,0.0,1.5,endpoint,2024
ENQA,4,0,0,0,arrivals,0.0,0.0,endpoint,2024
EGSC,4,2,2,3,arrivals,0.5,0.75,endpoint,2024
LGKS,4,0,0,0,arrivals,0.0,0.0,endpoint,2024
LGSY,4,0,0,0,arrivals,0.0,0.0,endpoint,2024
HLMS,4,0,0,0,arrivals,0.0,0.0,endpoint,2024
LGPL,4,0,0,0,arrivals,0.0,0.0,endpoint,2024
EDGS,4,2,2,5,arrivals,0.5,1.25,endpoint,2024
LOAN,4,2,2,4,arrivals,0.5,1.0,endpoint,2024
EKHD,4,0,0,0,arrivals,0.0,0.0,endpoint,2024
LTAW,4,0,0,0,arrivals,0.0,0.0,endpoint,2024
LZPP,4,3,3,3,arrivals,0.75,0.75,endpoint,2024
EGNO,4,3,3,4,arrivals,0.75,1.0,endpoint,2024
LKKV,4,3,3,3,arrivals,0.75,0.75,endpoint,2024
ENWY,4,0,0,0,arrivals,0.0,0.0,endpoint,2024
LIPK,4,4,3,4,arrivals,0.75,1.0,endpoint,2024
EPZG,4,3,3,3,arrivals,0.75,0.75,endpoint,2024
EGLK,3,3,3,3,departures,1.0,1.0,endpoint,2024
LTBZ,3,3,0,0,departures,0.0,0.0,endpoint,2024
EPSY,3,3,3,3,departures,1.0,1.0,endpoint,2024
ENQC,3,1,0,0,departures,0.0,0.0,endpoint,2024
OSDI,3,0,0,0,departures,0.0,0.0,endpoint,2024
EHGQ,3,1,0,0,departures,0.0,0.0,endpoint,2024
LFLP,3,3,3,3,departures,1.0,1.0,endpoint,2024
LFLS,3,2,2,2,departures,0.6666666666666666,0.6666666666666666,endpoint,2024
EHLL,3,0,0,0,departures,0.0,0.0,endpoint,2024
LFLX,3,2,1,1,departures,0.3333333333333333,0.3333333333333333,endpoint,2024
LSGC,3,3,2,3,departures,0.6666666666666666,1.0,endpoint,2024
LOAN,3,3,3,3,departures,1.0,1.0,endpoint,2024
BIGR,3,0,0,0,departures,0.0,0.0,endpoint,2024
ETND,3,3,2,2,departures,0.6666666666666666,0.6666666666666666,endpoint,2024
EKHD,3,0,0,0,departures,0.0,0.0,endpoint,2024
LIRJ,3,1,1,1,departures,0.3333333333333333,0.3333333333333333,endpoint,2024
ENOC,3,0,0,0,departures,0.0,0.0,endpoint,2024
EHQM,3,0,0,0,departures,0.0,0.0,endpoint,2024
ENUA,3,0,0,0,departures,0.0,0.0,endpoint,2024
LEGT,3,3,3,3,departures,1.0,1.0,endpoint,2024
EKHB,3,3,0,0,departures,0.0,0.0,endpoint,2024
LTAL,3,0,0,0,departures,0.0,0.0,endpoint,2024
LRSM,3,0,0,0,departures,0.0,0.0,endpoint,2024
ENDR,3,0,0,0,departures,0.0,0.0,endpoint,2024
LFGJ,3,3,3,3,departures,1.0,1.0,endpoint,2024
EKTW,3,0,0,0,departures,0.0,0.0,endpoint,2024
BIBD,3,2,2,2,departures,0.6666666666666666,0.6666666666666666,endpoint,2024
LGSO,3,2,0,0,departures,0.0,0.0,endpoint,2024
ENQD,3,0,0,0,departures,0.0,0.0,endpoint,2024
EDAB,3,2,0,0,departures,0.0,0.0,endpoint,2024
LECU,3,2,2,2,departures,0.6666666666666666,0.6666666666666666,endpoint,2024
ENXW,3,0,0,0,departures,0.0,0.0,endpoint,2024
ENWI,3,0,0,0,departures,0.0,0.0,endpoint,2024
ENQA,3,2,0,0,departures,0.0,0.0,endpoint,2024
EFIV,3,0,0,0,departures,0.0,0.0,endpoint,2024
LTBZ,3,3,0,0,arrivals,0.0,0.0,endpoint,2024
LFOZ,3,3,0,0,arrivals,0.0,0.0,endpoint,2024
LIQS,3,2,0,0,arrivals,0.0,0.0,endpoint,2024
LFMQ,3,2,1,1,arrivals,0.3333333333333333,0.3333333333333333,endpoint,2024
EDRY,3,3,0,0,arrivals,0.0,0.0,endpoint,2024
ENQC,3,0,0,0,arrivals,0.0,0.0,endpoint,2024
EGBJ,3,2,1,1,arrivals,0.3333333333333333,0.3333333333333333,endpoint,2024
LFLS,3,2,2,4,arrivals,0.6666666666666666,1.3333333333333333,endpoint,2024
EFKE,3,0,0,0,arrivals,0.0,0.0,endpoint,2024
LFLX,3,1,0,1,arrivals,0.0,0.3333333333333333,endpoint,2024
LFSN,3,3,2,2,arrivals,0.6666666666666666,0.6666666666666666,endpoint,2024
EKHA,3,2,0,0,arrivals,0.0,0.0,endpoint,2024
EHKV,3,0,0,0,arrivals,0.0,0.0,endpoint,2024
URWW,3,0,0,0,arrivals,0.0,0.0,endpoint,2024
BIGR,3,0,0,0,arrivals,0.0,0.0,endpoint,2024
ENQS,3,0,0,0,arrivals,0.0,0.0,endpoint,2024
ENGC,3,0,0,0,arrivals,0.0,0.0,endpoint,2024
ENFB,3,0,0,0,arrivals,0.0,0.0,endpoint,2024
EHQM,3,0,0,0,arrivals,0.0,0.0,endpoint,2024
ENUA,3,0,0,0,arrivals,0.0,0.0,endpoint,2024
DAUG,3,0,0,0,arrivals,0.0,0.0,endpoint,2024
LEGT,3,3,3,4,arrivals,1.0,1.3333333333333333,endpoint,2024
LTAL,3,0,0,0,arrivals,0.0,0.0,endpoint,2024
ENQR,3,0,0,0,arrivals,0.0,0.0,endpoint,2024
LDSB,3,0,0,2,arrivals,0.0,0.6666666666666666,endpoint,2024
LRSM,3,0,0,0,arrivals,0.0,0.0,endpoint,2024
ENDR,3,0,0,0,arrivals,0.0,0.0,endpoint,2024
LTFC,3,0,0,23,arrivals,0.0,7.666666666666667,endpoint,2024
EGLK,3,3,3,3,arrivals,1.0,1.0,endpoint,2024
EPSY,3,3,2,2,arrivals,0.6666666666666666,0.6666666666666666,endpoint,2024
EHAK,3,0,0,0,arrivals,0.0,0.0,endpoint,2024
ENQD,3,0,0,0,arrivals,0.0,0.0,endpoint,2024
EDAB,3,2,0,0,arrivals,0.0,0.0,endpoint,2024
EDQG,3,2,0,0,arrivals,0.0,0.0,endpoint,2024
LFAT,3,3,2,2,arrivals,0.6666666666666666,0.6666666666666666,endpoint,2024
LIRJ,3,1,1,1,arrivals,0.3333333333333333,0.3333333333333333,endpoint,2024
ENXW,3,0,0,0,arrivals,0.0,0.0,endpoint,2024
EDAZ,3,2,0,0,arrivals,0.0,0.0,endpoint,2024
URMS,3,2,0,0,arrivals,0.0,0.0,endpoint,2024
EGNH,3,3,1,1,arrivals,0.3333333333333333,0.3333333333333333,endpoint,2024
LFGJ,3,3,3,3,arrivals,1.0,1.0,endpoint,2024
ENUD,3,0,0,0,arrivals,0.0,0.0,endpoint,2024
EFIV,3,0,0,0,arrivals,0.0,0.0,endpoint,2024
ENUB,3,0,0,0,arrivals,0.0,0.0,endpoint,2024
DAUH,2,0,0,0,departures,0.0,0.0,endpoint,2024
LFQG,2,1,0,0,departures,0.0,0.0,endpoint,2024
EHPK,2,0,0,0,departures,0.0,0.0,endpoint,2024
EGTC,2,2,2,2,departures,1.0,1.0,endpoint,2024
EHJA,2,1,0,0,departures,0.0,0.0,endpoint,2024
LSMP,2,2,2,5,departures,1.0,2.5,endpoint,2024
LSZS,2,1,0,0,departures,0.0,0.0,endpoint,2024
ENSF,2,0,0,0,departures,0.0,0.0,endpoint,2024
LGKJ,2,0,0,0,departures,0.0,0.0,endpoint,2024
ENQV,2,0,0,0,departures,0.0,0.0,endpoint,2024
BIVO,2,0,0,0,departures,0.0,0.0,endpoint,2024
EDQM,2,2,1,1,departures,0.5,0.5,endpoint,2024
LFOH,2,2,0,0,departures,0.0,0.0,endpoint,2024
ENXO,2,0,0,0,departures,0.0,0.0,endpoint,2024
URWA,2,0,0,0,departures,0.0,0.0,endpoint,2024
OJAQ,2,0,0,0,departures,0.0,0.0,endpoint,2024
GMAT,2,0,0,0,departures,0.0,0.0,endpoint,2024
ESSP,2,2,2,2,departures,1.0,1.0,endpoint,2024
LFSN,2,2,2,2,departures,1.0,1.0,endpoint,2024
ENQG,2,0,0,0,departures,0.0,0.0,endpoint,2024
EHKV,2,0,0,0,departures,0.0,0.0,endpoint,2024
EHMR,2,0,0,0,departures,0.0,0.0,endpoint,2024
ENQB,2,1,0,0,departures,0.0,0.0,endpoint,2024
ESOK,2,1,1,1,departures,0.5,0.5,endpoint,2024
DAOI,2,1,1,1,departures,0.5,0.5,endpoint,2024
EKDF,2,1,0,0,departures,0.0,0.0,endpoint,2024
ENFB,2,0,0,0,departures,0.0,0.0,endpoint,2024
EFKT,2,0,0,0,departures,0.0,0.0,endpoint,2024
EGVN,2,2,2,2,departures,1.0,1.0,endpoint,2024
DAUG,2,0,0,0,departures,0.0,0.0,endpoint,2024
UDSG,2,2,2,6,departures,1.0,3.0,endpoint,2024
LESU,2,2,2,2,departures,1.0,1.0,endpoint,2024
ENQE,2,0,0,0,departures,0.0,0.0,endpoint,2024
GMMB,2,0,0,0,departures,0.0,0.0,endpoint,2024
ENUN,2,0,0,0,departures,0.0,0.0,endpoint,2024
ENQR,2,0,0,0,departures,0.0,0.0,endpoint,2024
ENLA,2,0,0,0,departures,0.0,0.0,endpoint,2024
LDSB,2,0,0,1,departures,0.0,0.5,endpoint,2024
EGNL,2,1,1,2,departures,0.5,1.0,endpoint,2024
LFRD,2,2,2,2,departures,1.0,1.0,endpoint,2024
LHPR,2,1,1,1,departures,0.5,0.5,endpoint,2024
LTFC,2,0,0,0,departures,0.0,0.0,endpoint,2024
LFBU,2,1,1,1,departures,0.5,0.5,endpoint,2024
LTBU,2,2,2,3,departures,1.0,1.5,endpoint,2024
UWSG,2,2,2,2,departures,1.0,1.0,endpoint,2024
LIQS,2,1,1,1,departures,0.5,0.5,endpoint,2024
LKMH,2,0,0,0,departures,0.0,0.0,endpoint,2024
EHTW,2,2,2,2,departures,1.0,1.0,endpoint,2024
LFOP,2,1,1,1,departures,0.5,0.5,endpoint,2024
DABT,2,0,0,0,departures,0.0,0.0,endpoint,2024
EGBJ,2,1,0,0,departures,0.0,0.0,endpoint,2024
EDMS,2,0,0,0,departures,0.0,0.0,endpoint,2024
BITN,2,0,0,0,departures,0.0,0.0,endpoint,2024
EGTB,2,2,0,0,departures,0.0,0.0,endpoint,2024
EDQG,2,2,0,0,departures,0.0,0.0,endpoint,2024
ENUS,2,0,0,0,departures,0.0,0.0,endpoint,2024
LTCM,2,0,0,0,departures,0.0,0.0,endpoint,2024
EKHA,2,1,0,0,departures,0.0,0.0,endpoint,2024
ETMN,2,2,2,2,departures,1.0,1.0,endpoint,2024
LFLI,2,2,0,0,departures,0.0,0.0,endpoint,2024
ORNI,2,0,0,0,departures,0.0,0.0,endpoint,2024
LFAT,2,2,1,1,departures,0.5,0.5,endpoint,2024
ENQK,2,0,0,0,departures,0.0,0.0,endpoint,2024
ENQS,2,0,0,0,departures,0.0,0.0,endpoint,2024
ENSE,2,0,0,0,departures,0.0,0.0,endpoint,2024
ENBE,2,0,0,0,departures,0.0,0.0,endpoint,2024
LCRA,2,0,0,0,departures,0.0,0.0,endpoint,2024
ULWC,2,0,0,0,departures,0.0,0.0,endpoint,2024
EFKS,2,0,0,0,departures,0.0,0.0,endpoint,2024
EVGA,2,0,0,0,departures,0.0,0.0,endpoint,2024
EHBL,2,0,0,0,departures,0.0,0.0,endpoint,2024
EIWT,2,0,0,0,departures,0.0,0.0,endpoint,2024
LKVO,2,2,0,0,departures,0.0,0.0,endpoint,2024
LIRE,2,2,2,2,departures,1.0,1.0,endpoint,2024
ENUK,2,0,0,0,departures,0.0,0.0,endpoint,2024
ENUD,2,0,0,0,departures,0.0,0.0,endpoint,2024
EDAH,2,2,2,2,departures,1.0,1.0,endpoint,2024
ENQJ,2,0,0,0,departures,0.0,0.0,endpoint,2024
ENUB,2,0,0,0,departures,0.0,0.0,endpoint,2024
DAUH,2,0,0,0,arrivals,0.0,0.0,endpoint,2024
LGSO,2,1,0,0,arrivals,0.0,0.0,endpoint,2024
LFQG,2,1,1,1,arrivals,0.5,0.5,endpoint,2024
ENQO,2,0,0,0,arrivals,0.0,0.0,endpoint,2024
LFLU,2,2,2,2,arrivals,1.0,1.0,endpoint,2024
EHJA,2,1,0,0,arrivals,0.0,0.0,endpoint,2024
LSMP,2,1,0,3,arrivals,0.0,1.5,endpoint,2024
LSZS,2,2,0,0,arrivals,0.0,0.0,endpoint,2024
UWSG,2,1,1,2,arrivals,0.5,1.0,endpoint,2024
EHTW,2,2,2,2,arrivals,1.0,1.0,endpoint,2024
EDQM,2,2,1,1,arrivals,0.5,0.5,endpoint,2024
EGFE,2,0,0,1,arrivals,0.0,0.5,endpoint,2024
EHKJ,2,0,0,0,arrivals,0.0,0.0,endpoint,2024
EHGQ,2,0,0,0,arrivals,0.0,0.0,endpoint,2024
LFOH,2,2,0,0,arrivals,0.0,0.0,endpoint,2024
EDMS,2,1,0,0,arrivals,0.0,0.0,endpoint,2024
OJAQ,2,0,0,0,arrivals,0.0,0.0,endpoint,2024
GMAT,2,0,0,0,arrivals,0.0,0.0,endpoint,2024
BITN,2,0,0,0,arrivals,0.0,0.0,endpoint,2024
LHKK,2,2,0,0,arrivals,0.0,0.0,endpoint,2024
EGBP,2,2,0,0,arrivals,0.0,0.0,endpoint,2024
LFLI,2,1,0,0,arrivals,0.0,0.0,endpoint,2024
EDFE,2,2,0,0,arrivals,0.0,0.0,endpoint,2024
ENSE,2,0,0,0,arrivals,0.0,0.0,endpoint,2024
ESOK,2,1,1,1,arrivals,0.5,0.5,endpoint,2024
EHJF,2,0,0,0,arrivals,0.0,0.0,endpoint,2024
ENOC,2,0,0,0,arrivals,0.0,0.0,endpoint,2024
ENBE,2,0,0,0,arrivals,0.0,0.0,endpoint,2024
EKDF,2,1,0,0,arrivals,0.0,0.0,endpoint,2024
EFKT,2,0,0,0,arrivals,0.0,0.0,endpoint,2024
DTTX,2,0,0,0,arrivals,0.0,0.0,endpoint,2024
EGVN,2,1,0,0,arrivals,0.0,0.0,endpoint,2024
ULWC,2,0,0,0,arrivals,0.0,0.0,endpoint,2024
EFKS,2,0,0,0,arrivals,0.0,0.0,endpoint,2024
EHFR,2,0,0,0,arrivals,0.0,0.0,endpoint,2024
UDSG,2,2,2,52,arrivals,1.0,26.0,endpoint,2024
EVGA,2,0,0,0,arrivals,0.0,0.0,endpoint,2024
EKHB,2,1,0,0,arrivals,0.0,0.0,endpoint,2024
ENQE,2,0,0,0,arrivals,0.0,0.0,endpoint,2024
EHGN,2,0,0,0,arrivals,0.0,0.0,endpoint,2024
ESOW,2,2,2,2,arrivals,1.0,1.0,endpoint,2024
ENUN,2,0,0,0,arrivals,0.0,0.0,endpoint,2024
LKVO,2,2,0,0,arrivals,0.0,0.0,endpoint,2024
ENLA,2,0,0,0,arrivals,0.0,0.0,endpoint,2024
EGNL,2,1,1,2,arrivals,0.5,1.0,endpoint,2024
EDRZ,2,1,0,0,arrivals,0.0,0.0,endpoint,2024
LFOP,2,1,1,1,arrivals,0.5,0.5,endpoint,2024
BIVO,2,0,0,0,arrivals,0.0,0.0,endpoint,2024
LIRU,2,2,1,1,arrivals,0.5,0.5,endpoint,2024
URWA,2,0,0,0,arrivals,0.0,0.0,endpoint,2024
ENWE,2,0,0,0,arrivals,0.0,0.0,endpoint,2024
ESSP,2,2,2,2,arrivals,1.0,1.0,endpoint,2024
LTCM,2,0,0,0,arrivals,0.0,0.0,endpoint,2024
ETMN,2,2,2,2,arrivals,1.0,1.0,endpoint,2024
ORNI,2,0,0,0,arrivals,0.0,0.0,endpoint,2024
DAOI,2,2,2,2,arrivals,1.0,1.0,endpoint,2024
LCRA,2,2,1,1,arrivals,0.5,0.5,endpoint,2024
EGTF,2,2,0,0,arrivals,0.0,0.0,endpoint,2024
ENWA,2,0,0,0,arrivals,0.0,0.0,endpoint,2024
LPBG,2,2,0,0,arrivals,0.0,0.0,endpoint,2024
EKSI,2,1,0,0,arrivals,0.0,0.0,endpoint,2024
LESA,2,2,2,2,arrivals,1.0,1.0,endpoint,2024
EHFB,2,0,0,0,arrivals,0.0,0.0,endpoint,2024
ENUK,2,0,0,0,arrivals,0.0,0.0,endpoint,2024
LHPR,2,1,1,1,arrivals,0.5,0.5,endpoint,2024
ENQJ,2,0,0,0,arrivals,0.0,0.0,endpoint,2024
ENWR,1,0,0,0,departures,0.0,0.0,endpoint,2024
EDAV,1,1,0,0,departures,0.0,0.0,endpoint,2024
HEAL,1,0,0,0,departures,0.0,0.0,endpoint,2024
LFMQ,1,1,1,1,departures,1.0,1.0,endpoint,2024
ETAR,1,1,1,1,departures,1.0,1.0,endpoint,2024
EHKG,1,0,0,0,departures,0.0,0.0,endpoint,2024
EDXJ,1,1,0,0,departures,0.0,0.0,endpoint,2024
UMGG,1,0,0,0,departures,0.0,0.0,endpoint,2024
EDLE,1,1,0,0,departures,0.0,0.0,endpoint,2024
EDAY,1,0,0,0,departures,0.0,0.0,endpoint,2024
LFEV,1,1,0,0,departures,0.0,0.0,endpoint,2024
DTKA,1,0,0,0,departures,0.0,0.0,endpoint,2024
LIPV,1,1,0,0,departures,0.0,0.0,endpoint,2024
LFBA,1,0,0,0,departures,0.0,0.0,endpoint,2024
EGBP,1,1,0,0,departures,0.0,0.0,endpoint,2024
OETB,1,0,0,0,departures,0.0,0.0,endpoint,2024
LFGF,1,1,0,0,departures,0.0,0.0,endpoint,2024
LEDA,1,1,1,1,departures,1.0,1.0,endpoint,2024
EHFO,1,0,0,0,departures,0.0,0.0,endpoint,2024
EDAE,1,0,0,0,departures,0.0,0.0,endpoint,2024
EHJF,1,0,0,0,departures,0.0,0.0,endpoint,2024
EHQT,1,0,0,0,departures,0.0,0.0,endpoint,2024
LFAQ,1,1,0,0,departures,0.0,0.0,endpoint,2024
ENWK,1,0,0,0,departures,0.0,0.0,endpoint,2024
LFRI,1,0,0,1,departures,0.0,1.0,endpoint,2024
USKK,1,0,0,0,departures,0.0,0.0,endpoint,2024
EHJM,1,0,0,0,departures,0.0,0.0,endpoint,2024
LESA,1,1,1,1,departures,1.0,1.0,endpoint,2024
EHPG,1,0,0,0,departures,0.0,0.0,endpoint,2024
EHGN,1,0,0,0,departures,0.0,0.0,endpoint,2024
EKAF,1,0,0,0,departures,0.0,0.0,endpoint,2024
LSZG,1,0,0,0,departures,0.0,0.0,endpoint,2024
EBMB,1,1,0,0,departures,0.0,0.0,endpoint,2024
DTTZ,1,0,0,0,departures,0.0,0.0,endpoint,2024
LGKZ,1,1,1,2,departures,1.0,2.0,endpoint,2024
LRTC,1,0,0,0,departures,0.0,0.0,endpoint,2024
LKKB,1,0,0,0,departures,0.0,0.0,endpoint,2024
EDRK,1,1,0,0,departures,0.0,0.0,endpoint,2024
EFLP,1,0,0,0,departures,0.0,0.0,endpoint,2024
ENQO,1,0,0,0,departures,0.0,0.0,endpoint,2024
GMAZ,1,0,0,0,departures,0.0,0.0,endpoint,2024
ULPB,1,0,0,0,departures,0.0,0.0,endpoint,2024
ENQL,1,0,0,0,departures,0.0,0.0,endpoint,2024
LLOV,1,0,0,0,departures,0.0,0.0,endpoint,2024
ENXK,1,0,0,0,departures,0.0,0.0,endpoint,2024
UGSA,1,0,0,0,departures,0.0,0.0,endpoint,2024
EGFE,1,1,1,1,departures,1.0,1.0,endpoint,2024
ENUE,1,0,0,0,departures,0.0,0.0,endpoint,2024
LFQA,1,1,0,0,departures,0.0,0.0,endpoint,2024
LFDI,1,1,0,0,departures,0.0,0.0,endpoint,2024
LIRU,1,1,0,0,departures,0.0,0.0,endpoint,2024
LKLN,1,1,1,1,departures,1.0,1.0,endpoint,2024
EHFQ,1,0,0,0,departures,0.0,0.0,endpoint,2024
EHMG,1,0,0,0,departures,0.0,0.0,endpoint,2024
LKHK,1,0,0,0,departures,0.0,0.0,endpoint,2024
LPBJ,1,1,1,1,departures,1.0,1.0,endpoint,2024
LDLO,1,1,0,0,departures,0.0,0.0,endpoint,2024
EHMA,1,0,0,0,departures,0.0,0.0,endpoint,2024
ENNE,1,0,0,0,departures,0.0,0.0,endpoint,2024
URMT,1,1,1,1,departures,1.0,1.0,endpoint,2024
LIPN,1,0,0,0,departures,0.0,0.0,endpoint,2024
LRAR,1,1,0,11,departures,0.0,11.0,endpoint,2024
LFLH,1,1,0,0,departures,0.0,0.0,endpoint,2024
EGQS,1,0,0,1,departures,0.0,1.0,endpoint,2024
ENQM,1,0,0,0,departures,0.0,0.0,endpoint,2024
EHKS,1,0,0,0,departures,0.0,0.0,endpoint,2024
EDFE,1,1,0,0,departures,0.0,0.0,endpoint,2024
LPPM,1,1,0,0,departures,0.0,0.0,endpoint,2024
LFSG,1,1,0,0,departures,0.0,0.0,endpoint,2024
HLLQ,1,0,0,0,departures,0.0,0.0,endpoint,2024
EDWI,1,0,0,0,departures,0.0,0.0,endpoint,2024
EDTL,1,1,1,1,departures,1.0,1.0,endpoint,2024
ULOO,1,1,0,0,departures,0.0,0.0,endpoint,2024
EHKX,1,0,0,0,departures,0.0,0.0,endpoint,2024
LFPV,1,1,0,0,departures,0.0,0.0,endpoint,2024
EHLU,1,0,0,0,departures,0.0,0.0,endpoint,2024
EGTF,1,1,0,0,departures,0.0,0.0,endpoint,2024
ENWA,1,0,0,0,departures,0.0,0.0,endpoint,2024
LFPT,1,0,0,0,departures,0.0,0.0,endpoint,2024
DAAV,1,0,0,0,departures,0.0,0.0,endpoint,2024
OENN,1,0,0,0,departures,0.0,0.0,endpoint,2024
BIHN,1,0,0,0,departures,0.0,0.0,endpoint,2024
LPBG,1,1,0,0,departures,0.0,0.0,endpoint,2024
LHSM,1,1,1,1,departures,1.0,1.0,endpoint,2024
LKKU,1,1,1,4,departures,1.0,4.0,endpoint,2024
LFRE,1,1,0,0,departures,0.0,0.0,endpoint,2024
UUBC,1,0,0,0,departures,0.0,0.0,endpoint,2024
UUBI,1,0,0,0,departures,0.0,0.0,endpoint,2024
UKLU,1,1,1,2,departures,1.0,2.0,endpoint,2024
LGKA,1,1,0,0,departures,0.0,0.0,endpoint,2024
LFGA,1,1,1,1,departures,1.0,1.0,endpoint,2024
EHFB,1,0,0,0,departures,0.0,0.0,endpoint,2024
LOIJ,1,0,0,0,departures,0.0,0.0,endpoint,2024
GMMD,1,0,0,0,departures,0.0,0.0,endpoint,2024
LPVZ,1,1,0,0,departures,0.0,0.0,endpoint,2024
BIGJ,1,0,0,0,departures,0.0,0.0,endpoint,2024
LJPZ,1,1,1,1,departures,1.0,1.0,endpoint,2024
EHKE,1,0,0,0,departures,0.0,0.0,endpoint,2024
UBBL,1,0,0,0,departures,0.0,0.0,endpoint,2024
LFOV,1,0,0,0,departures,0.0,0.0,endpoint,2024
UWLL,1,0,0,0,departures,0.0,0.0,endpoint,2024
ENDP,1,0,0,0,departures,0.0,0.0,endpoint,2024
LJMB,1,1,1,2,departures,1.0,2.0,endpoint,2024
EGXC,1,1,1,1,departures,1.0,1.0,endpoint,2024
ESGT,1,0,0,0,departures,0.0,0.0,endpoint,2024
EGTC,1,1,0,0,arrivals,0.0,0.0,endpoint,2024
EHFT,1,0,0,0,arrivals,0.0,0.0,endpoint,2024
ENQV,1,0,0,0,arrivals,0.0,0.0,endpoint,2024
EDXJ,1,1,0,0,arrivals,0.0,0.0,endpoint,2024
LFPM,1,0,0,1,arrivals,0.0,1.0,endpoint,2024
UMGG,1,0,0,0,arrivals,0.0,0.0,endpoint,2024
OJAM,1,0,0,12,arrivals,0.0,12.0,endpoint,2024
LIPV,1,1,0,0,arrivals,0.0,0.0,endpoint,2024
LFBA,1,0,0,0,arrivals,0.0,0.0,endpoint,2024
LFGF,1,1,0,0,arrivals,0.0,0.0,endpoint,2024
EHFD,1,0,0,0,arrivals,0.0,0.0,endpoint,2024
EDAE,1,0,0,0,arrivals,0.0,0.0,endpoint,2024
ENQB,1,0,0,0,arrivals,0.0,0.0,endpoint,2024
EHQT,1,0,0,0,arrivals,0.0,0.0,endpoint,2024
LFAQ,1,1,0,0,arrivals,0.0,0.0,endpoint,2024
ENWK,1,0,0,0,arrivals,0.0,0.0,endpoint,2024
EDTL,1,1,1,1,arrivals,1.0,1.0,endpoint,2024
LFPV,1,1,0,0,arrivals,0.0,0.0,endpoint,2024
HEAR,1,0,0,0,arrivals,0.0,0.0,endpoint,2024
USKK,1,0,0,0,arrivals,0.0,0.0,endpoint,2024
EDFB,1,1,0,0,arrivals,0.0,0.0,endpoint,2024
EHJM,1,0,0,0,arrivals,0.0,0.0,endpoint,2024
LESU,1,1,1,1,arrivals,1.0,1.0,endpoint,2024
LHSM,1,1,1,1,arrivals,1.0,1.0,endpoint,2024
EHPG,1,0,0,0,arrivals,0.0,0.0,endpoint,2024
EFPO,1,1,1,1,arrivals,1.0,1.0,endpoint,2024
EKAF,1,0,0,0,arrivals,0.0,0.0,endpoint,2024
GMMD,1,0,0,0,arrivals,0.0,0.0,endpoint,2024
BIGJ,1,0,0,0,arrivals,0.0,0.0,endpoint,2024
LFHQ,1,1,0,0,arrivals,0.0,0.0,endpoint,2024
LFOV,1,0,0,0,arrivals,0.0,0.0,endpoint,2024
EKTW,1,0,0,0,arrivals,0.0,0.0,endpoint,2024
EDRK,1,1,0,0,arrivals,0.0,0.0,endpoint,2024
EGXC,1,1,1,1,arrivals,1.0,1.0,endpoint,2024
ESGT,1,0,0,0,arrivals,0.0,0.0,endpoint,2024
EFLP,1,1,1,1,arrivals,1.0,1.0,endpoint,2024
ULAA,1,0,0,0,arrivals,0.0,0.0,endpoint,2024
EHPK,1,0,0,0,arrivals,0.0,0.0,endpoint,2024
LFBU,1,0,0,0,arrivals,0.0,0.0,endpoint,2024
LFPN,1,1,0,0,arrivals,0.0,0.0,endpoint,2024
LFRC,1,1,1,1,arrivals,1.0,1.0,endpoint,2024
GMAZ,1,0,0,0,arrivals,0.0,0.0,endpoint,2024
LTBU,1,1,1,3,arrivals,1.0,3.0,endpoint,2024
ULPB,1,0,0,0,arrivals,0.0,0.0,endpoint,2024
ENQL,1,0,0,0,arrivals,0.0,0.0,endpoint,2024
LLOV,1,0,0,0,arrivals,0.0,0.0,endpoint,2024
HEAL,1,0,0,0,arrivals,0.0,0.0,endpoint,2024
ENXK,1,0,0,0,arrivals,0.0,0.0,endpoint,2024
UGSA,1,0,0,0,arrivals,0.0,0.0,endpoint,2024
ETAR,1,0,0,0,arrivals,0.0,0.0,endpoint,2024
DABT,1,0,0,0,arrivals,0.0,0.0,endpoint,2024
LFQA,1,1,0,0,arrivals,0.0,0.0,endpoint,2024
ENXB,1,0,0,0,arrivals,0.0,0.0,endpoint,2024
LKLN,1,1,0,0,arrivals,0.0,0.0,endpoint,2024
ENXO,1,0,0,0,arrivals,0.0,0.0,endpoint,2024
EHFQ,1,0,0,0,arrivals,0.0,0.0,endpoint,2024
LFAV,1,0,0,0,arrivals,0.0,0.0,endpoint,2024
LPBJ,1,1,1,1,arrivals,1.0,1.0,endpoint,2024
LDLO,1,1,0,0,arrivals,0.0,0.0,endpoint,2024
EGTB,1,1,0,0,arrivals,0.0,0.0,endpoint,2024
EHMA,1,0,0,0,arrivals,0.0,0.0,endpoint,2024
ENNE,1,0,0,0,arrivals,0.0,0.0,endpoint,2024
DTKA,1,1,0,0,arrivals,0.0,0.0,endpoint,2024
LRAR,1,1,0,17,arrivals,0.0,17.0,endpoint,2024
LFLH,1,1,0,0,arrivals,0.0,0.0,endpoint,2024
EGQS,1,0,0,0,arrivals,0.0,0.0,endpoint,2024
LEDA,1,1,1,1,arrivals,1.0,1.0,endpoint,2024
ENQM,1,0,0,0,arrivals,0.0,0.0,endpoint,2024
EHKS,1,0,0,0,arrivals,0.0,0.0,endpoint,2024
EDBJ,1,1,0,0,arrivals,0.0,0.0,endpoint,2024
LPPM,1,1,1,2,arrivals,1.0,2.0,endpoint,2024
ENQK,1,0,0,0,arrivals,0.0,0.0,endpoint,2024
EPSK,1,0,0,0,arrivals,0.0,0.0,endpoint,2024
LFSG,1,1,0,0,arrivals,0.0,0.0,endpoint,2024
EHMR,1,0,0,0,arrivals,0.0,0.0,endpoint,2024
ENWG,1,0,0,0,arrivals,0.0,0.0,endpoint,2024
EKGC,1,0,0,0,arrivals,0.0,0.0,endpoint,2024
EDWI,1,0,0,0,arrivals,0.0,0.0,endpoint,2024
ULOO,1,0,0,0,arrivals,0.0,0.0,endpoint,2024
LZZI,1,1,0,1,arrivals,0.0,1.0,endpoint,2024
DAAV,1,1,1,1,arrivals,1.0,1.0,endpoint,2024
BIHN,1,0,0,0,arrivals,0.0,0.0,endpoint,2024
EDGE,1,1,1,3,arrivals,1.0,3.0,endpoint,2024
EDLN,1,1,0,0,arrivals,0.0,0.0,endpoint,2024
LKKU,1,1,1,4,arrivals,1.0,4.0,endpoint,2024
LFRE,1,1,0,0,arrivals,0.0,0.0,endpoint,2024
ENWI,1,0,0,0,arrivals,0.0,0.0,endpoint,2024
ENXZ,1,0,0,0,arrivals,0.0,0.0,endpoint,2024
UUBC,1,0,0,0,arrivals,0.0,0.0,endpoint,2024
UUBI,1,0,0,0,arrivals,0.0,0.0,endpoint,2024
LGKA,1,1,0,0,arrivals,0.0,0.0,endpoint,2024
EHKP,1,0,0,0,arrivals,0.0,0.0,endpoint,2024
GMMB,1,0,0,0,arrivals,0.0,0.0,endpoint,2024
LFGA,1,1,1,1,arrivals,1.0,1.0,endpoint,2024
EIWT,1,0,0,0,arrivals,0.0,0.0,endpoint,2024
LOIJ,1,1,0,0,arrivals,0.0,0.0,endpoint,2024
LIRE,1,1,0,0,arrivals,0.0,0.0,endpoint,2024
LILE,1,1,1,1,arrivals,1.0,1.0,endpoint,2024
LJPZ,1,1,1,1,arrivals,1.0,1.0,endpoint,2024
EBMB,1,1,0,0,arrivals,0.0,0.0,endpoint,2024
UBBL,1,0,0,0,arrivals,0.0,0.0,endpoint,2024
DTTZ,1,0,0,0,arrivals,0.0,0.0,endpoint,2024
UWLL,1,0,0,0,arrivals,0.0,0.0,endpoint,2024
LGKZ,1,1,1,2,arrivals,1.0,2.0,endpoint,2024
EDAH,1,1,1,2,arrivals,1.0,2.0,endpoint,2024
LFRD,1,1,1,1,arrivals,1.0,1.0,endpoint,2024
ENDP,1,0,0,0,arrivals,0.0,0.0,endpoint,2024
OOA,7408,4015,0,0,arrivals,0.0,0.0,nearest,2024
OOA,7371,3045,0,0,departures,0.0,0.0,nearest,2024
LFPG,2124,1897,1886,1902,departures,0.8879472693032016,0.8954802259887006,nearest,2024
EHAM,2123,1959,1953,1981,departures,0.9199246349505417,0.9331135186057465,nearest,2024
EHAM,2119,1730,1628,1648,arrivals,0.7682869277961303,0.7777253421425201,nearest,2024
LFPG,2118,1569,1456,1473,arrivals,0.6874409820585458,0.6954674220963173,nearest,2024
LTFM,2104,1982,1949,1963,departures,0.9263307984790875,0.9329847908745247,nearest,2024
LTFM,2073,1780,1466,1552,arrivals,0.7071876507477086,0.7486734201640135,nearest,2024
EGLL,2023,1861,1856,1890,departures,0.9174493326742462,0.9342560553633218,nearest,2024
EGLL,2017,1416,1225,1275,arrivals,0.6073376301437778,0.6321269211700545,nearest,2024
EDDF,1981,1847,1842,1853,departures,0.9298334174659263,0.9353861686017163,nearest,2024
EDDF,1973,1567,1452,1469,arrivals,0.7359351241763812,0.7445514445007603,nearest,2024
LEMD,1789,1344,1246,1265,arrivals,0.6964784795975405,0.7070989379541643,nearest,2024
LEMD,1788,1625,1615,1621,departures,0.9032438478747203,0.906599552572707,nearest,2024
LEBL,1563,1447,1442,1449,departures,0.9225847728726807,0.927063339731286,nearest,2024
LEBL,1563,1372,1326,1337,arrivals,0.8483685220729367,0.855406269993602,nearest,2024
LIRF,1464,1189,1137,1143,arrivals,0.7766393442622951,0.7807377049180327,nearest,2024
LIRF,1463,1325,1322,1329,departures,0.9036226930963773,0.9084073820915927,nearest,2024
EDDM,1459,1283,1232,1251,arrivals,0.8444139821795751,0.8574366004112406,nearest,2024
EDDM,1452,1364,1360,1365,departures,0.9366391184573003,0.9400826446280992,nearest,2024
LTAI,1327,1222,1133,1154,departures,0.8538055764883196,0.8696307460437076,nearest,2024
LEPA,1320,1183,1173,1189,arrivals,0.8886363636363637,0.9007575757575758,nearest,2024
LTAI,1309,1167,803,817,arrivals,0.6134453781512605,0.6241405653170359,nearest,2024
LEPA,1302,1171,1166,1167,departures,0.8955453149001537,0.8963133640552995,nearest,2024
LGAV,1283,1054,972,1013,arrivals,0.7575993764614185,0.7895557287607171,nearest,2024
LGAV,1273,1128,1120,1162,departures,0.8798114689709348,0.9128043990573449,nearest,2024
EGKK,1261,1079,1035,1036,arrivals,0.8207771609833465,0.8215701823949246,nearest,2024
EGKK,1260,1186,1182,1182,departures,0.9380952380952381,0.9380952380952381,nearest,2024
LOWW,1171,1069,1065,1067,departures,0.9094790777113578,0.9111870196413322,nearest,2024
LOWW,1160,1006,962,972,arrivals,0.8293103448275863,0.8379310344827586,nearest,2024
EKCH,1157,1001,956,964,arrivals,0.8262748487467588,0.8331892826274849,nearest,2024
EKCH,1152,1024,1021,1023,departures,0.8862847222222222,0.8880208333333334,nearest,2024
LSZH,1138,1064,1053,1059,departures,0.9253075571177505,0.9305799648506151,nearest,2024
EIDW,1135,943,900,908,arrivals,0.7929515418502202,0.8,nearest,2024
EIDW,1134,1038,1037,1042,departures,0.9144620811287478,0.9188712522045855,nearest,2024
LSZH,1122,960,906,923,arrivals,0.8074866310160428,0.8226381461675579,nearest,2024
ENGM,1093,1008,981,1004,arrivals,0.8975297346752058,0.918572735590119,nearest,2024
ENGM,1087,1009,1005,1025,departures,0.9245630174793008,0.9429622815087396,nearest,2024
LPPT,988,931,926,927,departures,0.937246963562753,0.9382591093117408,nearest,2024
LTFJ,985,949,947,982,departures,0.9614213197969543,0.9969543147208122,nearest,2024
LPPT,980,801,745,753,arrivals,0.7602040816326531,0.7683673469387755,nearest,2024
LIMC,971,836,762,771,arrivals,0.7847579814624099,0.7940267765190525,nearest,2024
LTFJ,971,911,840,881,arrivals,0.8650875386199794,0.9073120494335737,nearest,2024
LIMC,952,877,869,876,departures,0.9128151260504201,0.9201680672268907,nearest,2024
LFPO,952,853,848,851,departures,0.8907563025210085,0.8939075630252101,nearest,2024
LFPO,946,805,797,801,arrivals,0.8424947145877378,0.846723044397463,nearest,2024
EDDB,942,842,804,824,arrivals,0.8535031847133758,0.8747346072186837,nearest,2024
EDDB,937,850,844,854,departures,0.9007470651013874,0.9114194236926361,nearest,2024
EGCC,928,860,855,856,departures,0.9213362068965517,0.9224137931034483,nearest,2024
EGCC,925,783,717,725,arrivals,0.7751351351351351,0.7837837837837838,nearest,2024
EGSS,906,813,769,777,arrivals,0.8487858719646799,0.8576158940397351,nearest,2024
EGSS,898,843,840,842,departures,0.9354120267260579,0.9376391982182628,nearest,2024
EBBR,847,783,779,795,departures,0.9197166469893743,0.9386068476977568,nearest,2024
ESSA,847,741,715,722,arrivals,0.8441558441558441,0.8524203069657615,nearest,2024
EBBR,839,718,675,694,arrivals,0.8045292014302742,0.8271752085816448,nearest,2024
ESSA,830,732,728,731,departures,0.8771084337349397,0.880722891566265,nearest,2024
EPWA,817,779,775,778,departures,0.9485924112607099,0.9522643818849449,nearest,2024
EPWA,806,733,700,706,arrivals,0.8684863523573201,0.8759305210918115,nearest,2024
LEMG,775,714,699,709,arrivals,0.9019354838709678,0.9148387096774193,nearest,2024
LEMG,769,712,707,711,departures,0.9193758127438232,0.9245773732119635,nearest,2024
EDDL,758,695,691,702,departures,0.9116094986807388,0.9261213720316622,nearest,2024
EDDL,752,673,642,651,arrivals,0.8537234042553191,0.8656914893617021,nearest,2024
LFMN,732,635,582,613,arrivals,0.7950819672131147,0.837431693989071,nearest,2024
LSGG,710,620,576,610,arrivals,0.8112676056338028,0.8591549295774648,nearest,2024
LFMN,708,625,605,613,departures,0.8545197740112994,0.865819209039548,nearest,2024
LSGG,702,640,632,651,departures,0.9002849002849003,0.9273504273504274,nearest,2024
EFHK,661,602,571,589,arrivals,0.8638426626323752,0.8910741301059002,nearest,2024
EFHK,654,608,605,610,departures,0.9250764525993884,0.9327217125382263,nearest,2024
LKPR,629,579,575,578,departures,0.9141494435612083,0.918918918918919,nearest,2024
LKPR,610,554,519,527,arrivals,0.8508196721311475,0.8639344262295082,nearest,2024
EGGW,591,523,517,526,departures,0.8747884940778342,0.8900169204737732,nearest,2024
EGPH,590,483,462,471,arrivals,0.7830508474576271,0.7983050847457627,nearest,2024
EGPH,588,523,519,521,departures,0.8826530612244898,0.8860544217687075,nearest,2024
EGGW,586,498,461,485,arrivals,0.7866894197952219,0.8276450511945392,nearest,2024
EDDK,563,478,474,477,departures,0.8419182948490231,0.8472468916518651,nearest,2024
EDDH,559,523,506,524,arrivals,0.9051878354203936,0.9373881932021467,nearest,2024
EDDH,554,524,522,537,departures,0.9422382671480144,0.9693140794223827,nearest,2024
EDDK,552,455,423,442,arrivals,0.7663043478260869,0.8007246376811594,nearest,2024
LHBP,547,505,501,503,departures,0.9159049360146252,0.9195612431444241,nearest,2024
LHBP,546,494,458,468,arrivals,0.8388278388278388,0.8571428571428571,nearest,2024
LROP,527,451,450,455,departures,0.8538899430740038,0.8633776091081594,nearest,2024
LROP,526,444,417,436,arrivals,0.7927756653992395,0.8288973384030418,nearest,2024
LEAL,525,489,483,487,arrivals,0.92,0.9276190476190476,nearest,2024
LEAL,523,490,489,492,departures,0.9349904397705545,0.9407265774378585,nearest,2024
LIML,514,447,431,435,departures,0.8385214007782101,0.8463035019455253,nearest,2024
GCLP,510,98,0,0,arrivals,0.0,0.0,nearest,2024
GCLP,507,82,0,0,departures,0.0,0.0,nearest,2024
LPPR,503,449,416,419,arrivals,0.827037773359841,0.8330019880715706,nearest,2024
LPPR,498,461,460,462,departures,0.9236947791164659,0.927710843373494,nearest,2024
LIML,497,437,405,436,arrivals,0.8148893360160966,0.8772635814889336,nearest,2024
LIME,492,461,453,453,arrivals,0.9207317073170732,0.9207317073170732,nearest,2024
LIME,487,457,456,456,departures,0.9363449691991786,0.9363449691991786,nearest,2024
LLBG,483,419,375,381,departures,0.7763975155279503,0.7888198757763976,nearest,2024
LLBG,475,383,189,220,arrivals,0.39789473684210525,0.4631578947368421,nearest,2024
LFML,472,402,391,396,arrivals,0.8283898305084746,0.8389830508474576,nearest,2024
LFML,467,398,396,398,departures,0.8479657387580299,0.8522483940042827,nearest,2024
LIRN,452,418,153,156,departures,0.33849557522123896,0.34513274336283184,nearest,2024
LEIB,451,397,377,396,arrivals,0.835920177383592,0.8780487804878049,nearest,2024
LIRN,451,408,310,324,arrivals,0.6873614190687362,0.7184035476718403,nearest,2024
EGBB,446,390,388,389,departures,0.8699551569506726,0.8721973094170403,nearest,2024
EGBB,441,359,329,334,arrivals,0.746031746031746,0.7573696145124716,nearest,2024
LEIB,436,388,383,392,departures,0.8784403669724771,0.8990825688073395,nearest,2024
LIPZ,429,364,347,357,arrivals,0.8088578088578089,0.8321678321678322,nearest,2024
LFLL,424,355,324,333,arrivals,0.7641509433962265,0.785377358490566,nearest,2024
LFLL,422,359,359,366,departures,0.8507109004739336,0.8672985781990521,nearest,2024
LIPZ,422,368,366,370,departures,0.8672985781990521,0.8767772511848341,nearest,2024
ENBR,417,353,353,383,departures,0.8465227817745803,0.9184652278177458,nearest,2024
ENBR,415,350,347,370,arrivals,0.8361445783132531,0.891566265060241,nearest,2024
EDDS,414,360,343,357,arrivals,0.8285024154589372,0.8623188405797102,nearest,2024
EDDS,408,359,353,354,departures,0.8651960784313726,0.8676470588235294,nearest,2024
LIPE,390,364,362,365,departures,0.9282051282051282,0.9358974358974359,nearest,2024
LIPE,389,362,346,351,arrivals,0.8894601542416453,0.9023136246786633,nearest,2024
LICC,387,343,180,182,departures,0.46511627906976744,0.4702842377260982,nearest,2024
LICC,384,339,304,318,arrivals,0.7916666666666666,0.828125,nearest,2024
LTAC,379,268,1,53,departures,0.002638522427440633,0.13984168865435356,nearest,2024
EGGD,376,330,322,323,arrivals,0.8563829787234043,0.8590425531914894,nearest,2024
EGGD,375,348,347,347,departures,0.9253333333333333,0.9253333333333333,nearest,2024
LYBE,373,324,321,322,departures,0.8605898123324397,0.8632707774798928,nearest,2024
LGIR,373,343,16,89,departures,0.04289544235924933,0.2386058981233244,nearest,2024
LGIR,373,340,0,144,arrivals,0.0,0.38605898123324395,nearest,2024
EDDP,373,281,248,254,arrivals,0.6648793565683646,0.6809651474530831,nearest,2024
LTAC,368,270,3,98,arrivals,0.008152173913043478,0.266304347826087,nearest,2024
LEVC,365,344,218,220,arrivals,0.5972602739726027,0.6027397260273972,nearest,2024
LYBE,364,309,289,294,arrivals,0.7939560439560439,0.8076923076923077,nearest,2024
LEVC,359,336,234,236,departures,0.6518105849582173,0.6573816155988857,nearest,2024
EDDP,358,284,280,282,departures,0.7821229050279329,0.7877094972067039,nearest,2024
GMMN,354,213,13,450,departures,0.03672316384180791,1.271186440677966,nearest,2024
LFBO,354,302,297,302,arrivals,0.8389830508474576,0.8531073446327684,nearest,2024
LPFR,353,326,317,328,arrivals,0.8980169971671388,0.9291784702549575,nearest,2024
LPFR,350,328,328,334,departures,0.9371428571428572,0.9542857142857143,nearest,2024
LFBO,350,308,306,308,departures,0.8742857142857143,0.88,nearest,2024
GMMN,348,216,15,415,arrivals,0.04310344827586207,1.1925287356321839,nearest,2024
EGPF,340,276,259,263,arrivals,0.7617647058823529,0.7735294117647059,nearest,2024
LFSB,336,305,299,301,arrivals,0.8898809523809523,0.8958333333333334,nearest,2024
EGPF,334,284,280,281,departures,0.8383233532934131,0.8413173652694611,nearest,2024
LFSB,330,307,302,303,departures,0.9151515151515152,0.9181818181818182,nearest,2024
ELLX,328,280,250,261,arrivals,0.7621951219512195,0.7957317073170732,nearest,2024
ELLX,327,299,295,300,departures,0.9021406727828746,0.9174311926605505,nearest,2024
GCXO,327,46,2,21,departures,0.0061162079510703364,0.06422018348623854,nearest,2024
GCXO,327,36,4,45,arrivals,0.012232415902140673,0.13761467889908258,nearest,2024
EPKK,325,303,303,304,departures,0.9323076923076923,0.9353846153846154,nearest,2024
LATI,323,295,235,250,departures,0.7275541795665634,0.7739938080495357,nearest,2024
LTBJ,323,302,243,243,departures,0.7523219814241486,0.7523219814241486,nearest,2024
EPKK,322,299,291,296,arrivals,0.9037267080745341,0.9192546583850931,nearest,2024
LTBJ,320,303,202,206,arrivals,0.63125,0.64375,nearest,2024
LATI,319,285,84,103,arrivals,0.26332288401253917,0.322884012539185,nearest,2024
LICJ,312,285,268,317,arrivals,0.8589743589743589,1.016025641025641,nearest,2024
LMML,311,283,277,280,departures,0.8906752411575563,0.9003215434083601,nearest,2024
LICJ,310,284,282,332,departures,0.9096774193548387,1.070967741935484,nearest,2024
BIKF,308,277,276,363,departures,0.8961038961038961,1.1785714285714286,nearest,2024
LMML,308,280,260,267,arrivals,0.8441558441558441,0.8668831168831169,nearest,2024
BIKF,306,232,76,151,arrivals,0.24836601307189543,0.4934640522875817,nearest,2024
LCLK,302,265,156,158,departures,0.5165562913907285,0.5231788079470199,nearest,2024
EBCI,298,284,284,284,departures,0.9530201342281879,0.9530201342281879,nearest,2024
EBCI,298,279,277,279,arrivals,0.9295302013422819,0.9362416107382551,nearest,2024
LCLK,298,266,162,182,arrivals,0.5436241610738255,0.610738255033557,nearest,2024
ENZV,297,203,145,146,arrivals,0.4882154882154882,0.49158249158249157,nearest,2024
ENZV,295,204,198,198,departures,0.6711864406779661,0.6711864406779661,nearest,2024
GCTS,295,112,0,4,departures,0.0,0.013559322033898305,nearest,2024
GCTS,294,140,0,5,arrivals,0.0,0.017006802721088437,nearest,2024
LGRP,291,276,273,275,arrivals,0.9381443298969072,0.9450171821305842,nearest,2024
EGNX,288,239,237,242,departures,0.8229166666666666,0.8402777777777778,nearest,2024
EGNX,287,222,198,210,arrivals,0.6898954703832753,0.7317073170731707,nearest,2024
LGRP,284,271,265,266,departures,0.9330985915492958,0.9366197183098591,nearest,2024
EVRA,282,255,255,279,departures,0.9042553191489362,0.9893617021276596,nearest,2024
EVRA,278,250,242,251,arrivals,0.8705035971223022,0.9028776978417267,nearest,2024
LBSF,277,244,242,243,departures,0.8736462093862816,0.8772563176895307,nearest,2024
LBSF,275,243,236,240,arrivals,0.8581818181818182,0.8727272727272727,nearest,2024
LFBD,274,246,243,247,arrivals,0.8868613138686131,0.9014598540145985,nearest,2024
EGLC,273,242,242,250,departures,0.8864468864468864,0.9157509157509157,nearest,2024
LEZL,273,248,247,247,arrivals,0.9047619047619048,0.9047619047619048,nearest,2024
LEZL,271,247,247,248,departures,0.9114391143911439,0.915129151291513,nearest,2024
LFBD,271,245,245,246,departures,0.9040590405904059,0.9077490774907749,nearest,2024
GMMX,268,235,0,0,arrivals,0.0,0.0,nearest,2024
ENVA,266,253,252,256,departures,0.9473684210526315,0.9624060150375939,nearest,2024
ENVA,266,251,207,210,arrivals,0.7781954887218046,0.7894736842105263,nearest,2024
EGLC,266,237,233,245,arrivals,0.8759398496240601,0.9210526315789473,nearest,2024
EGAA,265,230,226,229,departures,0.8528301886792453,0.8641509433962264,nearest,2024
LGTS,265,250,243,247,arrivals,0.9169811320754717,0.9320754716981132,nearest,2024
LFRS,264,240,239,241,departures,0.9053030303030303,0.9128787878787878,nearest,2024
LFRS,264,235,234,235,arrivals,0.8863636363636364,0.8901515151515151,nearest,2024
EGAA,263,220,214,218,arrivals,0.8136882129277566,0.8288973384030418,nearest,2024
GMMX,261,228,0,0,departures,0.0,0.0,nearest,2024
LGTS,258,243,242,243,departures,0.937984496124031,0.9418604651162791,nearest,2024
GCRR,258,90,0,8,arrivals,0.0,0.031007751937984496,nearest,2024
GCRR,257,37,1,11,departures,0.0038910505836575876,0.042801556420233464,nearest,2024
LFPB,245,194,145,194,arrivals,0.5918367346938775,0.7918367346938775,nearest,2024
LIBD,244,216,0,15,arrivals,0.0,0.06147540983606557,nearest,2024
LTBS,243,225,190,193,arrivals,0.7818930041152263,0.7942386831275721,nearest,2024
LIBD,242,213,1,11,departures,0.004132231404958678,0.045454545454545456,nearest,2024
LFPB,239,177,161,168,departures,0.6736401673640168,0.702928870292887,nearest,2024
EPGD,238,216,184,184,departures,0.773109243697479,0.773109243697479,nearest,2024
EPGD,238,217,132,136,arrivals,0.5546218487394958,0.5714285714285714,nearest,2024
LEBB,234,204,178,183,departures,0.7606837606837606,0.782051282051282,nearest,2024
LTBS,233,219,167,169,departures,0.7167381974248928,0.7253218884120172,nearest,2024
ESGG,232,219,219,221,departures,0.9439655172413793,0.9525862068965517,nearest,2024
ESGG,232,218,213,218,arrivals,0.9181034482758621,0.9396551724137931,nearest,2024
LEBB,231,197,71,81,arrivals,0.30735930735930733,0.35064935064935066,nearest,2024
EDDV,227,217,214,217,departures,0.9427312775330396,0.9559471365638766,nearest,2024
EPKT,227,197,195,195,departures,0.8590308370044053,0.8590308370044053,nearest,2024
EDDV,226,205,198,206,arrivals,0.8761061946902655,0.911504424778761,nearest,2024
EPKT,226,200,192,195,arrivals,0.8495575221238938,0.8628318584070797,nearest,2024
HECA,221,177,1,25,arrivals,0.004524886877828055,0.11312217194570136,nearest,2024
LTFE,217,194,171,181,arrivals,0.7880184331797235,0.8341013824884793,nearest,2024
HECA,216,188,1,26,departures,0.004629629629629629,0.12037037037037036,nearest,2024
LGKR,216,211,183,221,arrivals,0.8472222222222222,1.0231481481481481,nearest,2024
LGKR,214,208,203,241,departures,0.9485981308411215,1.1261682242990654,nearest,2024
LIRP,214,194,180,193,arrivals,0.8411214953271028,0.9018691588785047,nearest,2024
LEMH,211,193,192,193,departures,0.909952606635071,0.9146919431279621,nearest,2024
LIRP,211,192,188,195,departures,0.8909952606635071,0.9241706161137441,nearest,2024
LEMH,211,192,191,196,arrivals,0.9052132701421801,0.9289099526066351,nearest,2024
LIEO,211,181,150,173,arrivals,0.7109004739336493,0.8199052132701422,nearest,2024
LDZA,210,182,181,183,departures,0.861904761904762,0.8714285714285714,nearest,2024
UGTB,208,173,109,117,arrivals,0.5240384615384616,0.5625,nearest,2024
UUEE,207,141,9,11,departures,0.043478260869565216,0.05314009661835749,nearest,2024
LTFE,206,186,178,180,departures,0.8640776699029126,0.8737864077669902,nearest,2024
LDZA,204,177,168,179,arrivals,0.8235294117647058,0.8774509803921569,nearest,2024
LIEO,203,172,162,172,departures,0.7980295566502463,0.8472906403940886,nearest,2024
UUEE,202,172,2,4,arrivals,0.009900990099009901,0.019801980198019802,nearest,2024
UGTB,198,170,166,169,departures,0.8383838383838383,0.8535353535353535,nearest,2024
EYVI,197,185,184,196,departures,0.934010152284264,0.9949238578680203,nearest,2024
EYVI,197,180,178,179,arrivals,0.9035532994923858,0.9086294416243654,nearest,2024
HEGN,194,179,0,2,departures,0.0,0.010309278350515464,nearest,2024
EKBI,194,174,173,174,departures,0.8917525773195877,0.8969072164948454,nearest,2024
HEGN,194,182,8,17,arrivals,0.041237113402061855,0.08762886597938144,nearest,2024
EKBI,194,176,168,171,arrivals,0.865979381443299,0.8814432989690721,nearest,2024
DTTA,193,177,0,0,departures,0.0,0.0,nearest,2024
EHEH,193,176,176,177,departures,0.9119170984455959,0.917098445595855,nearest,2024
DTTA,192,168,0,0,arrivals,0.0,0.0,nearest,2024
UUWW,192,145,0,2,arrivals,0.0,0.010416666666666666,nearest,2024
EGNT,190,169,168,168,departures,0.8842105263157894,0.8842105263157894,nearest,2024
EGNT,190,154,147,148,arrivals,0.7736842105263158,0.7789473684210526,nearest,2024
EGGP,188,163,151,157,arrivals,0.8031914893617021,0.8351063829787234,nearest,2024
EHEH,188,166,164,167,arrivals,0.8723404255319149,0.8882978723404256,nearest,2024
EGGP,187,167,164,167,departures,0.8770053475935828,0.893048128342246,nearest,2024
LIRQ,185,158,158,171,departures,0.8540540540540541,0.9243243243243243,nearest,2024
UUWW,185,121,5,6,departures,0.02702702702702703,0.032432432432432434,nearest,2024
EGPD,184,115,113,113,arrivals,0.6141304347826086,0.6141304347826086,nearest,2024
LIRQ,184,158,145,153,arrivals,0.7880434782608695,0.8315217391304348,nearest,2024
EETN,183,157,155,173,departures,0.8469945355191257,0.9453551912568307,nearest,2024
EGPD,182,114,112,112,departures,0.6153846153846154,0.6153846153846154,nearest,2024
EETN,181,156,151,216,arrivals,0.8342541436464088,1.1933701657458564,nearest,2024
DAAG,178,161,126,137,departures,0.7078651685393258,0.7696629213483146,nearest,2024
DAAG,178,161,114,163,arrivals,0.6404494382022472,0.9157303370786517,nearest,2024
EGNM,177,157,149,152,arrivals,0.8418079096045198,0.8587570621468926,nearest,2024
EGNM,175,164,164,164,departures,0.9371428571428572,0.9371428571428572,nearest,2024
EDDN,173,161,158,160,departures,0.9132947976878613,0.9248554913294798,nearest,2024
EPWR,173,163,162,162,departures,0.9364161849710982,0.9364161849710982,nearest,2024
GCFV,172,25,0,0,departures,0.0,0.0,nearest,2024
ENBO,172,163,163,282,departures,0.9476744186046512,1.6395348837209303,nearest,2024
GCFV,172,58,0,0,arrivals,0.0,0.0,nearest,2024
LGSA,170,159,157,227,departures,0.9235294117647059,1.3352941176470587,nearest,2024
LDSP,170,161,101,166,arrivals,0.5941176470588235,0.9764705882352941,nearest,2024
LGSA,170,159,150,236,arrivals,0.8823529411764706,1.388235294117647,nearest,2024
EDDN,169,157,150,170,arrivals,0.8875739644970414,1.0059171597633136,nearest,2024
ENBO,168,160,158,287,arrivals,0.9404761904761905,1.7083333333333333,nearest,2024
EPWR,168,158,153,153,arrivals,0.9107142857142857,0.9107142857142857,nearest,2024
UDYZ,167,137,20,26,arrivals,0.11976047904191617,0.15568862275449102,nearest,2024
LDSP,166,157,137,167,departures,0.8253012048192772,1.0060240963855422,nearest,2024
OLBA,166,150,138,366,departures,0.8313253012048193,2.2048192771084336,nearest,2024
UDYZ,166,138,76,78,departures,0.4578313253012048,0.46987951807228917,nearest,2024
LIEE,165,153,36,161,arrivals,0.21818181818181817,0.9757575757575757,nearest,2024
ENTC,165,120,4,4,arrivals,0.024242424242424242,0.024242424242424242,nearest,2024
OLBA,164,156,88,485,arrivals,0.5365853658536586,2.957317073170732,nearest,2024
LIEE,163,152,115,289,departures,0.7055214723926381,1.7730061349693251,nearest,2024
ENTC,161,119,31,34,departures,0.19254658385093168,0.2111801242236025,nearest,2024
LUKK,160,121,0,0,departures,0.0,0.0,nearest,2024
LGKO,160,154,152,167,arrivals,0.95,1.04375,nearest,2024
LUKK,159,128,2,3,arrivals,0.012578616352201259,0.018867924528301886,nearest,2024
LIRA,157,143,138,144,departures,0.8789808917197452,0.9171974522292994,nearest,2024
LGKO,154,151,151,168,departures,0.9805194805194806,1.0909090909090908,nearest,2024
LIRA,149,134,122,139,arrivals,0.8187919463087249,0.9328859060402684,nearest,2024
LIMF,149,130,128,130,arrivals,0.8590604026845637,0.87248322147651,nearest,2024
LGSR,148,138,65,406,arrivals,0.4391891891891892,2.7432432432432434,nearest,2024
LIMF,146,127,127,129,departures,0.8698630136986302,0.8835616438356164,nearest,2024
EPPO,145,137,137,138,departures,0.9448275862068966,0.9517241379310345,nearest,2024
LGSR,145,134,83,366,departures,0.5724137931034483,2.524137931034483,nearest,2024
EPPO,145,135,133,134,arrivals,0.9172413793103448,0.9241379310344827,nearest,2024
UMKK,144,115,111,111,departures,0.7708333333333334,0.7708333333333334,nearest,2024
UMKK,144,110,95,95,arrivals,0.6597222222222222,0.6597222222222222,nearest,2024
LDDU,141,133,0,15,departures,0.0,0.10638297872340426,nearest,2024
LIPX,141,130,127,128,departures,0.900709219858156,0.9078014184397163,nearest,2024
LDDU,140,128,0,60,arrivals,0.0,0.42857142857142855,nearest,2024
LIPX,139,128,120,122,arrivals,0.8633093525179856,0.8776978417266187,nearest,2024
EGAC,139,117,117,118,arrivals,0.841726618705036,0.8489208633093526,nearest,2024
EGAC,136,116,116,119,departures,0.8529411764705882,0.875,nearest,2024
LPPD,135,66,61,162,arrivals,0.45185185185185184,1.2,nearest,2024
EBLG,134,109,109,113,departures,0.8134328358208955,0.8432835820895522,nearest,2024
LPPD,133,115,115,198,departures,0.8646616541353384,1.4887218045112782,nearest,2024
LTAF,131,110,0,8,arrivals,0.0,0.061068702290076333,nearest,2024
LTAF,129,106,0,1,departures,0.0,0.007751937984496124,nearest,2024
LPMA,127,114,114,191,departures,0.8976377952755905,1.5039370078740157,nearest,2024
LPMA,127,26,20,60,arrivals,0.15748031496062992,0.47244094488188976,nearest,2024
ULLI,126,91,7,8,departures,0.05555555555555555,0.06349206349206349,nearest,2024
ULLI,126,101,4,5,arrivals,0.031746031746031744,0.03968253968253968,nearest,2024
LFOB,125,120,120,120,departures,0.96,0.96,nearest,2024
LFOB,124,121,118,118,arrivals,0.9516129032258065,0.9516129032258065,nearest,2024
ESSB,123,105,102,105,departures,0.8292682926829268,0.8536585365853658,nearest,2024
ESSB,120,101,96,101,arrivals,0.8,0.8416666666666667,nearest,2024
LGZA,120,113,0,4,arrivals,0.0,0.03333333333333333,nearest,2024
LGZA,119,112,0,4,departures,0.0,0.03361344537815126,nearest,2024
LCPH,118,112,104,145,arrivals,0.8813559322033898,1.228813559322034,nearest,2024
LCPH,116,111,104,115,departures,0.896551724137931,0.9913793103448276,nearest,2024
EBLG,116,83,45,49,arrivals,0.3879310344827586,0.4224137931034483,nearest,2024
LTCG,115,110,72,148,arrivals,0.6260869565217392,1.2869565217391303,nearest,2024
LEST,115,82,78,80,arrivals,0.6782608695652174,0.6956521739130435,nearest,2024
LEST,114,91,89,89,departures,0.7807017543859649,0.7807017543859649,nearest,2024
LTCG,112,105,101,118,departures,0.9017857142857143,1.0535714285714286,nearest,2024
EGLF,112,89,68,93,arrivals,0.6071428571428571,0.8303571428571429,nearest,2024
LRCL,111,92,3,16,arrivals,0.02702702702702703,0.14414414414414414,nearest,2024
LRCL,110,92,5,18,departures,0.045454545454545456,0.16363636363636364,nearest,2024
LGMK,110,89,87,164,departures,0.7909090909090909,1.490909090909091,nearest,2024
LGMK,109,90,82,197,arrivals,0.7522935779816514,1.8073394495412844,nearest,2024
EICK,109,91,90,94,arrivals,0.8256880733944955,0.8623853211009175,nearest,2024
EICK,108,95,95,95,departures,0.8796296296296297,0.8796296296296297,nearest,2024
LIBR,108,95,0,30,departures,0.0,0.2777777777777778,nearest,2024
EGJJ,106,90,89,90,departures,0.839622641509434,0.8490566037735849,nearest,2024
LWSK,106,95,95,96,departures,0.8962264150943396,0.9056603773584906,nearest,2024
LIBR,106,96,0,21,arrivals,0.0,0.19811320754716982,nearest,2024
EGLF,104,87,83,91,departures,0.7980769230769231,0.875,nearest,2024
LWSK,103,94,94,97,arrivals,0.912621359223301,0.941747572815534,nearest,2024
BKPR,102,88,85,90,arrivals,0.8333333333333334,0.8823529411764706,nearest,2024
LZIB,102,92,82,87,arrivals,0.803921568627451,0.8529411764705882,nearest,2024
BKPR,101,88,87,89,departures,0.8613861386138614,0.8811881188118812,nearest,2024
OKKK,101,89,88,277,departures,0.8712871287128713,2.742574257425743,nearest,2024
EGJJ,101,88,81,82,arrivals,0.801980198019802,0.8118811881188119,nearest,2024
LZIB,99,86,83,84,departures,0.8383838383838383,0.8484848484848485,nearest,2024
OJAI,98,78,0,5,arrivals,0.0,0.05102040816326531,nearest,2024
GMAD,98,72,0,0,arrivals,0.0,0.0,nearest,2024
LJLJ,98,83,76,78,arrivals,0.7755102040816326,0.7959183673469388,nearest,2024
LDZD,96,91,85,123,arrivals,0.8854166666666666,1.28125,nearest,2024
OJAI,95,88,13,13,departures,0.1368421052631579,0.1368421052631579,nearest,2024
LJLJ,95,79,79,79,departures,0.8315789473684211,0.8315789473684211,nearest,2024
HESH,95,75,0,1,arrivals,0.0,0.010526315789473684,nearest,2024
LDZD,94,89,86,95,departures,0.9148936170212766,1.0106382978723405,nearest,2024
GMAD,93,60,0,0,departures,0.0,0.0,nearest,2024
EDJA,93,84,83,84,departures,0.8924731182795699,0.9032258064516129,nearest,2024
HESH,93,79,0,3,departures,0.0,0.03225806451612903,nearest,2024
EHRD,92,91,91,94,departures,0.9891304347826086,1.0217391304347827,nearest,2024
UUDD,90,70,13,14,departures,0.14444444444444443,0.15555555555555556,nearest,2024
EDJA,90,81,77,78,arrivals,0.8555555555555555,0.8666666666666667,nearest,2024
LICA,89,83,5,22,departures,0.056179775280898875,0.24719101123595505,nearest,2024
GCLA,89,7,2,6,departures,0.02247191011235955,0.06741573033707865,nearest,2024
LICA,89,86,6,22,arrivals,0.06741573033707865,0.24719101123595505,nearest,2024
GCLA,89,5,0,15,arrivals,0.0,0.16853932584269662,nearest,2024
OKKK,89,76,11,26,arrivals,0.12359550561797752,0.29213483146067415,nearest,2024
EHRD,88,83,82,87,arrivals,0.9318181818181818,0.9886363636363636,nearest,2024
EDDW,87,78,76,77,departures,0.8735632183908046,0.8850574712643678,nearest,2024
EDLW,86,77,77,78,departures,0.8953488372093024,0.9069767441860465,nearest,2024
EDDW,86,73,71,77,arrivals,0.8255813953488372,0.8953488372093024,nearest,2024
LEGE,86,79,78,82,arrivals,0.9069767441860465,0.9534883720930233,nearest,2024
EDLW,86,74,72,75,arrivals,0.8372093023255814,0.872093023255814,nearest,2024
LOWS,86,66,59,72,arrivals,0.686046511627907,0.8372093023255814,nearest,2024
LIPH,85,80,79,80,departures,0.9294117647058824,0.9411764705882353,nearest,2024
EINN,85,69,69,69,departures,0.8117647058823529,0.8117647058823529,nearest,2024
LOWS,85,67,61,63,departures,0.7176470588235294,0.7411764705882353,nearest,2024
LIPH,85,80,77,77,arrivals,0.9058823529411765,0.9058823529411765,nearest,2024
EINN,84,53,52,52,arrivals,0.6190476190476191,0.6190476190476191,nearest,2024
LEGE,83,74,74,75,departures,0.891566265060241,0.9036144578313253,nearest,2024
UUDD,83,58,0,5,arrivals,0.0,0.060240963855421686,nearest,2024
GMTT,82,71,69,72,arrivals,0.8414634146341463,0.8780487804878049,nearest,2024
ENTO,82,77,76,77,arrivals,0.926829268292683,0.9390243902439024,nearest,2024
GMTT,81,71,70,71,departures,0.8641975308641975,0.8765432098765432,nearest,2024
ENTO,80,76,76,79,departures,0.95,0.9875,nearest,2024
EGHI,80,48,44,51,arrivals,0.55,0.6375,nearest,2024
EGNS,79,56,51,52,arrivals,0.6455696202531646,0.6582278481012658,nearest,2024
EDSB,79,63,63,69,arrivals,0.7974683544303798,0.8734177215189873,nearest,2024
EGJB,79,52,50,50,arrivals,0.6329113924050633,0.6329113924050633,nearest,2024
EGNS,78,55,53,54,departures,0.6794871794871795,0.6923076923076923,nearest,2024
EPMO,78,76,76,76,departures,0.9743589743589743,0.9743589743589743,nearest,2024
LQSA,77,65,25,47,departures,0.3246753246753247,0.6103896103896104,nearest,2024
LBBG,77,73,69,88,arrivals,0.8961038961038961,1.1428571428571428,nearest,2024
LQSA,77,67,7,34,arrivals,0.09090909090909091,0.44155844155844154,nearest,2024
EGHI,76,44,44,45,departures,0.5789473684210527,0.5921052631578947,nearest,2024
EKYT,76,67,67,67,departures,0.881578947368421,0.881578947368421,nearest,2024
EPMO,76,72,72,72,arrivals,0.9473684210526315,0.9473684210526315,nearest,2024
EGJB,75,49,49,50,departures,0.6533333333333333,0.6666666666666666,nearest,2024
EGKB,75,61,52,55,departures,0.6933333333333334,0.7333333333333333,nearest,2024
URSS,75,63,2,3,arrivals,0.02666666666666667,0.04,nearest,2024
EKYT,75,65,63,65,arrivals,0.84,0.8666666666666667,nearest,2024
EDSB,74,63,62,62,departures,0.8378378378378378,0.8378378378378378,nearest,2024
DTTJ,74,68,0,0,arrivals,0.0,0.0,nearest,2024
DTTJ,73,68,0,0,departures,0.0,0.0,nearest,2024
EDDG,73,63,62,62,departures,0.8493150684931506,0.8493150684931506,nearest,2024
LBBG,72,68,67,69,departures,0.9305555555555556,0.9583333333333334,nearest,2024
EDDG,72,64,63,68,arrivals,0.875,0.9444444444444444,nearest,2024
LTAJ,71,58,0,0,departures,0.0,0.0,nearest,2024
DTMB,71,70,0,11,departures,0.0,0.15492957746478872,nearest,2024
LTAJ,69,57,0,0,arrivals,0.0,0.0,nearest,2024
URSS,68,61,8,8,departures,0.11764705882352941,0.11764705882352941,nearest,2024
LFMT,68,61,60,60,departures,0.8823529411764706,0.8823529411764706,nearest,2024
EDLV,68,64,62,63,departures,0.9117647058823529,0.9264705882352942,nearest,2024
LFMT,68,62,61,61,arrivals,0.8970588235294118,0.8970588235294118,nearest,2024
LTAU,67,64,0,0,departures,0.0,0.0,nearest,2024
LFKJ,67,54,54,54,departures,0.8059701492537313,0.8059701492537313,nearest,2024
LRIA,67,61,1,10,departures,0.014925373134328358,0.14925373134328357,nearest,2024
LTAU,67,66,0,0,arrivals,0.0,0.0,nearest,2024
EGPE,67,46,45,47,arrivals,0.6716417910447762,0.7014925373134329,nearest,2024
DTMB,67,67,0,4,arrivals,0.0,0.05970149253731343,nearest,2024
EDLV,67,62,59,61,arrivals,0.8805970149253731,0.9104477611940298,nearest,2024
LFQQ,66,61,60,61,departures,0.9090909090909091,0.9242424242424242,nearest,2024
LIEA,66,62,62,63,arrivals,0.9393939393939394,0.9545454545454546,nearest,2024
LRTR,66,49,16,19,arrivals,0.24242424242424243,0.2878787878787879,nearest,2024
LRIA,66,61,0,14,arrivals,0.0,0.21212121212121213,nearest,2024
LFQQ,66,61,59,60,arrivals,0.8939393939393939,0.9090909090909091,nearest,2024
LEAS,65,58,58,60,departures,0.8923076923076924,0.9230769230769231,nearest,2024
LYPG,65,58,24,89,departures,0.36923076923076925,1.3692307692307693,nearest,2024
LIEA,65,60,60,60,departures,0.9230769230769231,0.9230769230769231,nearest,2024
LRTR,65,50,34,35,departures,0.5230769230769231,0.5384615384615384,nearest,2024
EDFH,65,54,52,59,arrivals,0.8,0.9076923076923077,nearest,2024
LEAS,65,54,53,54,arrivals,0.8153846153846154,0.8307692307692308,nearest,2024
LYPG,65,58,30,117,arrivals,0.46153846153846156,1.8,nearest,2024
LFKJ,65,53,53,54,arrivals,0.8153846153846154,0.8307692307692308,nearest,2024
EGPE,64,44,44,47,departures,0.6875,0.734375,nearest,2024
EGKB,64,52,36,45,arrivals,0.5625,0.703125,nearest,2024
EPRZ,62,58,58,58,departures,0.9354838709677419,0.9354838709677419,nearest,2024
LYTV,62,58,1,59,arrivals,0.016129032258064516,0.9516129032258065,nearest,2024
LYTV,61,57,22,35,departures,0.36065573770491804,0.5737704918032787,nearest,2024
ENAL,61,56,0,15,arrivals,0.0,0.2459016393442623,nearest,2024
EGPB,60,31,0,42,departures,0.0,0.7,nearest,2024
ENAL,60,55,0,0,departures,0.0,0.0,nearest,2024
EDFH,60,57,55,56,departures,0.9166666666666666,0.9333333333333333,nearest,2024
LFKB,60,37,37,38,arrivals,0.6166666666666667,0.6333333333333333,nearest,2024
LFKB,59,36,36,36,departures,0.6101694915254238,0.6101694915254238,nearest,2024
LFST,59,47,47,49,departures,0.7966101694915254,0.8305084745762712,nearest,2024
EGPB,59,29,0,226,arrivals,0.0,3.830508474576271,nearest,2024
LBWN,59,50,47,152,arrivals,0.7966101694915254,2.5762711864406778,nearest,2024
GMFF,58,49,46,48,departures,0.7931034482758621,0.8275862068965517,nearest,2024
LBWN,57,49,49,54,departures,0.8596491228070176,0.9473684210526315,nearest,2024
DTNH,57,55,0,0,arrivals,0.0,0.0,nearest,2024
LFST,57,48,47,50,arrivals,0.8245614035087719,0.8771929824561403,nearest,2024
LOWG,57,51,49,54,arrivals,0.8596491228070176,0.9473684210526315,nearest,2024
EHKD,56,8,8,13,departures,0.14285714285714285,0.23214285714285715,nearest,2024
GMME,56,42,1,355,arrivals,0.017857142857142856,6.339285714285714,nearest,2024
GMFF,56,48,44,44,arrivals,0.7857142857142857,0.7857142857142857,nearest,2024
DTNH,55,53,0,0,departures,0.0,0.0,nearest,2024
GMME,55,49,33,231,departures,0.6,4.2,nearest,2024
EPRZ,55,52,52,53,arrivals,0.9454545454545454,0.9636363636363636,nearest,2024
LEVT,54,35,31,49,departures,0.5740740740740741,0.9074074074074074,nearest,2024
LTBA,54,41,29,45,arrivals,0.5370370370370371,0.8333333333333334,nearest,2024
ESMS,53,42,41,42,departures,0.7735849056603774,0.7924528301886793,nearest,2024
LIMJ,53,49,49,49,departures,0.9245283018867925,0.9245283018867925,nearest,2024
LOWG,53,50,49,50,departures,0.9245283018867925,0.9433962264150944,nearest,2024
LGKF,53,50,1,7,departures,0.018867924528301886,0.1320754716981132,nearest,2024
LFRB,53,35,35,35,departures,0.660377358490566,0.660377358490566,nearest,2024
EHKD,53,7,7,14,arrivals,0.1320754716981132,0.2641509433962264,nearest,2024
LFMD,53,36,23,40,arrivals,0.4339622641509434,0.7547169811320755,nearest,2024
LKTB,52,49,46,48,departures,0.8846153846153846,0.9230769230769231,nearest,2024
LKMT,52,45,44,44,departures,0.8461538461538461,0.8461538461538461,nearest,2024
LEVT,52,33,31,96,arrivals,0.5961538461538461,1.8461538461538463,nearest,2024
ESMS,52,40,38,39,arrivals,0.7307692307692307,0.75,nearest,2024
LIMJ,52,50,50,51,arrivals,0.9615384615384616,0.9807692307692307,nearest,2024
LGKF,52,49,4,62,arrivals,0.07692307692307693,1.1923076923076923,nearest,2024
LFRB,52,34,33,34,arrivals,0.6346153846153846,0.6538461538461539,nearest,2024
LFBZ,51,47,44,47,arrivals,0.8627450980392157,0.9215686274509803,nearest,2024
LKMT,51,44,39,42,arrivals,0.7647058823529411,0.8235294117647058,nearest,2024
LFBZ,50,45,44,46,departures,0.88,0.92,nearest,2024
EDDC,50,43,40,41,arrivals,0.8,0.82,nearest,2024
EDDC,49,40,38,43,departures,0.7755102040816326,0.8775510204081632,nearest,2024
EGHH,49,45,44,45,departures,0.8979591836734694,0.9183673469387755,nearest,2024
LKTB,49,47,45,47,arrivals,0.9183673469387755,0.9591836734693877,nearest,2024
LGPA,49,37,0,0,arrivals,0.0,0.0,nearest,2024
LTBA,48,34,27,35,departures,0.5625,0.7291666666666666,nearest,2024
ENKB,48,21,1,8,departures,0.020833333333333332,0.16666666666666666,nearest,2024
LGPA,48,21,0,0,departures,0.0,0.0,nearest,2024
EGHH,48,37,35,38,arrivals,0.7291666666666666,0.7916666666666666,nearest,2024
ENCN,48,44,43,58,arrivals,0.8958333333333334,1.2083333333333333,nearest,2024
LERS,47,47,47,47,departures,1.0,1.0,nearest,2024
EYKA,47,42,42,47,departures,0.8936170212765957,1.0,nearest,2024
ENCN,47,43,43,47,departures,0.9148936170212766,1.0,nearest,2024
LERS,47,47,47,48,arrivals,1.0,1.0212765957446808,nearest,2024
LTCC,46,33,0,0,arrivals,0.0,0.0,nearest,2024
LIPQ,46,41,41,43,arrivals,0.8913043478260869,0.9347826086956522,nearest,2024
EYKA,46,40,40,42,arrivals,0.8695652173913043,0.9130434782608695,nearest,2024
GEML,45,41,40,43,departures,0.8888888888888888,0.9555555555555556,nearest,2024
DAOO,45,40,34,39,arrivals,0.7555555555555555,0.8666666666666667,nearest,2024
GEML,45,39,39,44,arrivals,0.8666666666666667,0.9777777777777777,nearest,2024
ENKB,45,19,0,30,arrivals,0.0,0.6666666666666666,nearest,2024
DAOO,44,39,39,41,departures,0.8863636363636364,0.9318181818181818,nearest,2024
ENFL,44,24,21,68,departures,0.4772727272727273,1.5454545454545454,nearest,2024
LIPQ,44,41,41,41,departures,0.9318181818181818,0.9318181818181818,nearest,2024
UWKD,43,27,0,0,departures,0.0,0.0,nearest,2024
EGFF,43,41,40,40,departures,0.9302325581395349,0.9302325581395349,nearest,2024
ENFL,43,23,20,139,arrivals,0.46511627906976744,3.2325581395348837,nearest,2024
EGFF,43,38,37,39,arrivals,0.8604651162790697,0.9069767441860465,nearest,2024
LTCI,42,29,0,37,departures,0.0,0.8809523809523809,nearest,2024
LEJR,42,40,40,40,arrivals,0.9523809523809523,0.9523809523809523,nearest,2024
EDLP,42,35,33,37,arrivals,0.7857142857142857,0.8809523809523809,nearest,2024
LFKF,42,26,22,36,arrivals,0.5238095238095238,0.8571428571428571,nearest,2024
LTCC,41,30,0,0,departures,0.0,0.0,nearest,2024
EDLP,41,36,36,37,departures,0.8780487804878049,0.9024390243902439,nearest,2024
LFKF,41,26,26,35,departures,0.6341463414634146,0.8536585365853658,nearest,2024
LTCI,41,29,0,6,arrivals,0.0,0.14634146341463414,nearest,2024
ENEV,41,34,0,23,arrivals,0.0,0.5609756097560976,nearest,2024
LIPY,41,31,30,32,arrivals,0.7317073170731707,0.7804878048780488,nearest,2024
LEJR,40,39,38,38,departures,0.95,0.95,nearest,2024
LEXJ,40,39,38,40,departures,0.95,1.0,nearest,2024
ENEV,40,32,4,17,departures,0.1,0.425,nearest,2024
ESPA,40,29,28,29,departures,0.7,0.725,nearest,2024
LFRN,40,30,29,29,departures,0.725,0.725,nearest,2024
LIPY,40,33,32,33,departures,0.8,0.825,nearest,2024
LECO,40,38,38,39,departures,0.95,0.975,nearest,2024
LICT,40,30,5,111,arrivals,0.125,2.775,nearest,2024
LFMD,39,27,24,25,departures,0.6153846153846154,0.6410256410256411,nearest,2024
LFTH,39,35,34,48,departures,0.8717948717948718,1.2307692307692308,nearest,2024
LEGR,39,37,37,39,departures,0.9487179487179487,1.0,nearest,2024
LICT,39,32,8,77,departures,0.20512820512820512,1.9743589743589745,nearest,2024
ESNU,39,26,26,27,departures,0.6666666666666666,0.6923076923076923,nearest,2024
LEXJ,39,36,25,27,arrivals,0.6410256410256411,0.6923076923076923,nearest,2024
ESNU,39,26,17,18,arrivals,0.4358974358974359,0.46153846153846156,nearest,2024
LEAM,39,35,31,32,arrivals,0.7948717948717948,0.8205128205128205,nearest,2024
ESPA,39,27,19,21,arrivals,0.48717948717948717,0.5384615384615384,nearest,2024
LFRN,39,33,31,33,arrivals,0.7948717948717948,0.8461538461538461,nearest,2024
LTFH,38,30,13,32,departures,0.34210526315789475,0.8421052631578947,nearest,2024
UMMS,38,31,31,32,departures,0.8157894736842105,0.8421052631578947,nearest,2024
LGMT,38,35,35,40,departures,0.9210526315789473,1.0526315789473684,nearest,2024
LEAM,38,34,34,34,departures,0.8947368421052632,0.8947368421052632,nearest,2024
BIRK,38,28,28,29,departures,0.7368421052631579,0.7631578947368421,nearest,2024
LTFH,38,36,13,142,arrivals,0.34210526315789475,3.736842105263158,nearest,2024
LEGR,38,36,36,36,arrivals,0.9473684210526315,0.9473684210526315,nearest,2024
LGMT,38,35,34,38,arrivals,0.8947368421052632,1.0,nearest,2024
LECO,38,34,34,44,arrivals,0.8947368421052632,1.1578947368421053,nearest,2024
LIRZ,37,31,29,30,departures,0.7837837837837838,0.8108108108108109,nearest,2024
URMM,37,30,30,35,departures,0.8108108108108109,0.9459459459459459,nearest,2024
ENHD,37,35,35,36,departures,0.9459459459459459,0.972972972972973,nearest,2024
UWKD,37,30,0,1,arrivals,0.0,0.02702702702702703,nearest,2024
LFTH,37,31,25,43,arrivals,0.6756756756756757,1.162162162162162,nearest,2024
UMMS,37,21,0,60,arrivals,0.0,1.6216216216216217,nearest,2024
LIRZ,37,32,30,34,arrivals,0.8108108108108109,0.918918918918919,nearest,2024
EKAH,37,35,34,36,arrivals,0.918918918918919,0.972972972972973,nearest,2024
LEMI,36,33,33,33,departures,0.9166666666666666,0.9166666666666666,nearest,2024
EBAW,36,31,30,31,departures,0.8333333333333334,0.8611111111111112,nearest,2024
EKAH,36,33,33,35,departures,0.9166666666666666,0.9722222222222222,nearest,2024
LEMI,36,34,33,34,arrivals,0.9166666666666666,0.9444444444444444,nearest,2024
LOWL,35,30,30,30,departures,0.8571428571428571,0.8571428571428571,nearest,2024
ORER,35,26,0,0,departures,0.0,0.0,nearest,2024
EGHQ,35,25,25,25,departures,0.7142857142857143,0.7142857142857143,nearest,2024
URMM,35,30,18,31,arrivals,0.5142857142857142,0.8857142857142857,nearest,2024
ENHD,35,33,31,83,arrivals,0.8857142857142857,2.3714285714285714,nearest,2024
UGKO,34,30,30,53,departures,0.8823529411764706,1.5588235294117647,nearest,2024
LEZG,34,33,31,31,departures,0.9117647058823529,0.9117647058823529,nearest,2024
EGTE,34,26,26,27,departures,0.7647058823529411,0.7941176470588235,nearest,2024
LDPL,34,34,31,36,arrivals,0.9117647058823529,1.0588235294117647,nearest,2024
ORER,34,26,0,0,arrivals,0.0,0.0,nearest,2024
LEVX,33,28,28,28,departures,0.8484848484848485,0.8484848484848485,nearest,2024
LGPZ,33,30,21,133,departures,0.6363636363636364,4.03030303030303,nearest,2024
EDMO,33,27,25,27,departures,0.7575757575757576,0.8181818181818182,nearest,2024
LZKZ,33,31,31,32,departures,0.9393939393939394,0.9696969696969697,nearest,2024
UGSB,33,27,15,194,arrivals,0.45454545454545453,5.878787878787879,nearest,2024
LEVX,33,26,25,28,arrivals,0.7575757575757576,0.8484848484848485,nearest,2024
ESSV,33,27,27,28,arrivals,0.8181818181818182,0.8484848484848485,nearest,2024
UGKO,33,32,13,39,arrivals,0.3939393939393939,1.1818181818181819,nearest,2024
LGPZ,33,30,9,106,arrivals,0.2727272727272727,3.212121212121212,nearest,2024
BIRK,33,23,23,29,arrivals,0.696969696969697,0.8787878787878788,nearest,2024
LZKZ,33,31,27,28,arrivals,0.8181818181818182,0.8484848484848485,nearest,2024
UGSB,32,26,26,35,departures,0.8125,1.09375,nearest,2024
ESSV,32,28,28,28,departures,0.875,0.875,nearest,2024
ENAT,32,20,2,6,departures,0.0625,0.1875,nearest,2024
GMMW,32,28,25,25,departures,0.78125,0.78125,nearest,2024
LTFG,32,32,28,50,arrivals,0.875,1.5625,nearest,2024
EGTE,32,25,24,27,arrivals,0.75,0.84375,nearest,2024
GMMW,32,28,21,21,arrivals,0.65625,0.65625,nearest,2024
LGSK,31,27,26,30,departures,0.8387096774193549,0.967741935483871,nearest,2024
LDPL,31,29,29,33,departures,0.9354838709677419,1.064516129032258,nearest,2024
EGPK,31,27,27,34,departures,0.8709677419354839,1.096774193548387,nearest,2024
LGSK,31,27,27,31,arrivals,0.8709677419354839,1.0,nearest,2024
LOWL,31,24,23,29,arrivals,0.7419354838709677,0.9354838709677419,nearest,2024
GMFO,31,26,24,24,arrivals,0.7741935483870968,0.7741935483870968,nearest,2024
LEZG,31,31,24,24,arrivals,0.7741935483870968,0.7741935483870968,nearest,2024
EGSH,31,25,25,27,arrivals,0.8064516129032258,0.8709677419354839,nearest,2024
LTFG,30,29,27,50,departures,0.9,1.6666666666666667,nearest,2024
EGWU,30,27,0,0,departures,0.0,0.0,nearest,2024
LGSM,30,30,28,36,departures,0.9333333333333333,1.2,nearest,2024
EKEB,30,11,11,20,departures,0.36666666666666664,0.6666666666666666,nearest,2024
ORBI,30,19,0,0,departures,0.0,0.0,nearest,2024
ENAT,30,19,0,5,arrivals,0.0,0.16666666666666666,nearest,2024
EGWU,30,25,0,0,arrivals,0.0,0.0,nearest,2024
EGPK,30,23,19,21,arrivals,0.6333333333333333,0.7,nearest,2024
EGHQ,30,21,20,20,arrivals,0.6666666666666666,0.6666666666666666,nearest,2024
LGSM,30,30,30,57,arrivals,1.0,1.9,nearest,2024
ORBI,30,23,0,0,arrivals,0.0,0.0,nearest,2024
ENOV,29,23,11,44,departures,0.3793103448275862,1.5172413793103448,nearest,2024
EIKN,29,25,25,25,departures,0.8620689655172413,0.8620689655172413,nearest,2024
EGSH,29,25,25,27,departures,0.8620689655172413,0.9310344827586207,nearest,2024
EGPA,29,15,0,17,departures,0.0,0.5862068965517241,nearest,2024
EIKN,29,25,24,25,arrivals,0.8275862068965517,0.8620689655172413,nearest,2024
LTAN,29,29,3,46,arrivals,0.10344827586206896,1.5862068965517242,nearest,2024
LOWI,29,25,22,25,arrivals,0.7586206896551724,0.8620689655172413,nearest,2024
UBBN,29,27,1,11,arrivals,0.034482758620689655,0.3793103448275862,nearest,2024
EKEB,29,11,10,18,arrivals,0.3448275862068966,0.6206896551724138,nearest,2024
HLLM,29,23,4,5,arrivals,0.13793103448275862,0.1724137931034483,nearest,2024
GMFO,28,24,22,22,departures,0.7857142857142857,0.7857142857142857,nearest,2024
DABC,28,27,0,2,departures,0.0,0.07142857142857142,nearest,2024
LIBP,28,23,23,41,departures,0.8214285714285714,1.4642857142857142,nearest,2024
LGNX,28,16,0,0,departures,0.0,0.0,nearest,2024
LTAN,28,27,4,51,departures,0.14285714285714285,1.8214285714285714,nearest,2024
HLLM,28,24,12,12,departures,0.42857142857142855,0.42857142857142855,nearest,2024
ENOV,28,22,16,82,arrivals,0.5714285714285714,2.9285714285714284,nearest,2024
DABC,28,27,0,3,arrivals,0.0,0.10714285714285714,nearest,2024
EBAW,28,23,20,22,arrivals,0.7142857142857143,0.7857142857142857,nearest,2024
EFOU,28,27,12,30,arrivals,0.42857142857142855,1.0714285714285714,nearest,2024
LTFO,28,27,16,59,arrivals,0.5714285714285714,2.107142857142857,nearest,2024
EGPA,28,15,0,50,arrivals,0.0,1.7857142857142858,nearest,2024
ENSG,27,21,0,0,departures,0.0,0.0,nearest,2024
EFOU,27,26,7,28,departures,0.25925925925925924,1.037037037037037,nearest,2024
LFLC,27,24,24,27,departures,0.8888888888888888,1.0,nearest,2024
UBBN,27,25,6,10,departures,0.2222222222222222,0.37037037037037035,nearest,2024
LTCB,27,26,23,398,arrivals,0.8518518518518519,14.74074074074074,nearest,2024
LGNX,27,21,0,0,arrivals,0.0,0.0,nearest,2024
LESO,27,22,17,54,arrivals,0.6296296296296297,2.0,nearest,2024
LGHI,26,26,26,28,departures,1.0,1.0769230769230769,nearest,2024
LTCB,26,25,15,48,departures,0.5769230769230769,1.8461538461538463,nearest,2024
LESO,26,21,19,27,departures,0.7307692307692307,1.0384615384615385,nearest,2024
URML,26,17,5,176,departures,0.19230769230769232,6.769230769230769,nearest,2024
ENLK,26,25,0,2,departures,0.0,0.07692307692307693,nearest,2024
LTFO,26,26,25,32,departures,0.9615384615384616,1.2307692307692308,nearest,2024
LFBT,26,21,21,23,departures,0.8076923076923077,0.8846153846153846,nearest,2024
ENSG,26,20,0,0,arrivals,0.0,0.0,nearest,2024
LIBP,26,21,21,50,arrivals,0.8076923076923077,1.9230769230769231,nearest,2024
URML,26,20,3,201,arrivals,0.11538461538461539,7.730769230769231,nearest,2024
ENBN,26,19,5,22,arrivals,0.19230769230769232,0.8461538461538461,nearest,2024
EDDR,25,18,16,20,departures,0.64,0.8,nearest,2024
EPSC,25,24,23,23,departures,0.92,0.92,nearest,2024
ENBN,25,18,12,25,departures,0.48,1.0,nearest,2024
EDDR,25,18,16,19,arrivals,0.64,0.76,nearest,2024
LGHI,25,24,24,28,arrivals,0.96,1.12,nearest,2024
EPSC,25,24,21,23,arrivals,0.84,0.92,nearest,2024
ENLK,25,24,0,3,arrivals,0.0,0.12,nearest,2024
LTAZ,25,25,0,3,arrivals,0.0,0.12,nearest,2024
EKVG,24,15,0,0,departures,0.0,0.0,nearest,2024
LRSB,24,21,20,25,departures,0.8333333333333334,1.0416666666666667,nearest,2024
LFBP,24,18,16,16,departures,0.6666666666666666,0.6666666666666666,nearest,2024
LTCS,24,15,0,0,departures,0.0,0.0,nearest,2024
ENSK,24,22,0,0,departures,0.0,0.0,nearest,2024
EGPO,24,7,5,32,departures,0.20833333333333334,1.3333333333333333,nearest,2024
LTAZ,24,22,0,1,departures,0.0,0.041666666666666664,nearest,2024
LRSB,24,20,17,28,arrivals,0.7083333333333334,1.1666666666666667,nearest,2024
LFBP,24,19,17,17,arrivals,0.7083333333333334,0.7083333333333334,nearest,2024
ENSK,24,22,0,0,arrivals,0.0,0.0,nearest,2024
LFLC,24,21,20,22,arrivals,0.8333333333333334,0.9166666666666666,nearest,2024
BIAR,24,14,9,28,arrivals,0.375,1.1666666666666667,nearest,2024
LPCS,23,20,18,23,departures,0.782608695652174,1.0,nearest,2024
LGKP,23,19,4,37,departures,0.17391304347826086,1.608695652173913,nearest,2024
LFMP,23,21,21,21,departures,0.9130434782608695,0.9130434782608695,nearest,2024
LTCA,23,16,0,0,departures,0.0,0.0,nearest,2024
LGKL,23,22,20,25,arrivals,0.8695652173913043,1.0869565217391304,nearest,2024
LGKP,23,19,5,27,arrivals,0.21739130434782608,1.173913043478261,nearest,2024
LTCS,23,15,0,0,arrivals,0.0,0.0,nearest,2024
ENRA,23,23,10,13,arrivals,0.43478260869565216,0.5652173913043478,nearest,2024
EGPO,23,7,6,123,arrivals,0.2608695652173913,5.3478260869565215,nearest,2024
LTCE,23,22,0,56,arrivals,0.0,2.4347826086956523,nearest,2024
LFBT,23,19,18,20,arrivals,0.782608695652174,0.8695652173913043,nearest,2024
LFRK,22,21,20,22,departures,0.9090909090909091,1.0,nearest,2024
EKRN,22,14,14,14,departures,0.6363636363636364,0.6363636363636364,nearest,2024
LGKL,22,21,20,26,departures,0.9090909090909091,1.1818181818181819,nearest,2024
EFTU,22,18,17,17,departures,0.7727272727272727,0.7727272727272727,nearest,2024
LOWI,22,20,18,18,departures,0.8181818181818182,0.8181818181818182,nearest,2024
GCHI,22,0,0,0,departures,0.0,0.0,nearest,2024
LTCE,22,21,3,47,departures,0.13636363636363635,2.1363636363636362,nearest,2024
LIPO,22,15,15,16,arrivals,0.6818181818181818,0.7272727272727273,nearest,2024
EFTU,22,16,16,16,arrivals,0.7272727272727273,0.7272727272727273,nearest,2024
EKVG,22,13,0,0,arrivals,0.0,0.0,nearest,2024
EDMO,22,19,13,16,arrivals,0.5909090909090909,0.7272727272727273,nearest,2024
LFMP,22,21,20,20,arrivals,0.9090909090909091,0.9090909090909091,nearest,2024
LTCA,22,16,0,1,arrivals,0.0,0.045454545454545456,nearest,2024
GCHI,22,0,0,0,arrivals,0.0,0.0,nearest,2024
LIPO,21,15,15,17,departures,0.7142857142857143,0.8095238095238095,nearest,2024
ENRA,21,20,9,18,departures,0.42857142857142855,0.8571428571428571,nearest,2024
LGML,21,11,0,0,departures,0.0,0.0,nearest,2024
LRSV,21,19,0,32,departures,0.0,1.5238095238095237,nearest,2024
EGNJ,21,9,9,9,departures,0.42857142857142855,0.42857142857142855,nearest,2024
EGNV,21,11,10,10,departures,0.47619047619047616,0.47619047619047616,nearest,2024
EHBK,21,17,17,17,departures,0.8095238095238095,0.8095238095238095,nearest,2024
LFRK,21,19,15,19,arrivals,0.7142857142857143,0.9047619047619048,nearest,2024
EKRN,21,14,13,13,arrivals,0.6190476190476191,0.6190476190476191,nearest,2024
ENVD,21,4,0,0,arrivals,0.0,0.0,nearest,2024
ENML,21,21,10,29,arrivals,0.47619047619047616,1.380952380952381,nearest,2024
EHBK,21,16,13,16,arrivals,0.6190476190476191,0.7619047619047619,nearest,2024
ENVD,20,5,0,0,departures,0.0,0.0,nearest,2024
LICR,20,17,2,150,departures,0.1,7.5,nearest,2024
LIPB,20,19,19,20,departures,0.95,1.0,nearest,2024
EBOS,20,16,15,16,departures,0.75,0.8,nearest,2024
EIKY,20,18,18,18,departures,0.9,0.9,nearest,2024
BIAR,20,9,8,19,departures,0.4,0.95,nearest,2024
LPCS,20,16,12,25,arrivals,0.6,1.25,nearest,2024
LICR,20,17,1,21,arrivals,0.05,1.05,nearest,2024
LGML,20,8,0,0,arrivals,0.0,0.0,nearest,2024
EBOS,20,16,14,19,arrivals,0.7,0.95,nearest,2024
LRSV,20,18,0,18,arrivals,0.0,0.9,nearest,2024
EGNJ,20,7,7,9,arrivals,0.35,0.45,nearest,2024
EGNV,20,11,11,13,arrivals,0.55,0.65,nearest,2024
LSZR,20,15,12,17,arrivals,0.6,0.85,nearest,2024
LTAT,19,15,0,3,departures,0.0,0.15789473684210525,nearest,2024
EDXW,19,17,17,18,departures,0.8947368421052632,0.9473684210526315,nearest,2024
LLER,19,16,7,7,departures,0.3684210526315789,0.3684210526315789,nearest,2024
ENML,19,19,11,33,departures,0.5789473684210527,1.736842105263158,nearest,2024
EDHI,19,14,0,0,departures,0.0,0.0,nearest,2024
GMML,19,0,0,0,departures,0.0,0.0,nearest,2024
EPLB,19,17,17,17,departures,0.8947368421052632,0.8947368421052632,nearest,2024
LTAT,19,15,0,24,arrivals,0.0,1.263157894736842,nearest,2024
GMTN,19,19,19,19,arrivals,1.0,1.0,nearest,2024
LTCR,19,16,0,0,arrivals,0.0,0.0,nearest,2024
EPLB,19,17,17,21,arrivals,0.8947368421052632,1.105263157894737,nearest,2024
LFKC,19,12,12,17,arrivals,0.631578947368421,0.8947368421052632,nearest,2024
GMTN,18,18,18,18,departures,1.0,1.0,nearest,2024
ENKR,18,12,0,0,departures,0.0,0.0,nearest,2024
LSGS,18,16,16,20,departures,0.8888888888888888,1.1111111111111112,nearest,2024
LTCR,18,15,0,0,departures,0.0,0.0,nearest,2024
ENSH,18,17,0,11,departures,0.0,0.6111111111111112,nearest,2024
EYPA,18,18,18,21,departures,1.0,1.1666666666666667,nearest,2024
LIPR,18,12,11,11,departures,0.6111111111111112,0.6111111111111112,nearest,2024
LSZR,18,15,14,15,departures,0.7777777777777778,0.8333333333333334,nearest,2024
LFKC,18,11,11,11,departures,0.6111111111111112,0.6111111111111112,nearest,2024
ENKR,18,12,0,0,arrivals,0.0,0.0,nearest,2024
LRBC,18,14,3,37,arrivals,0.16666666666666666,2.0555555555555554,nearest,2024
EPBY,18,18,16,20,arrivals,0.8888888888888888,1.1111111111111112,nearest,2024
LSGS,18,15,11,20,arrivals,0.6111111111111112,1.1111111111111112,nearest,2024
LIPB,18,18,11,14,arrivals,0.6111111111111112,0.7777777777777778,nearest,2024
EYPA,18,17,17,17,arrivals,0.9444444444444444,0.9444444444444444,nearest,2024
LSZB,18,15,9,15,arrivals,0.5,0.8333333333333334,nearest,2024
EIKY,18,16,16,17,arrivals,0.8888888888888888,0.9444444444444444,nearest,2024
LFTZ,18,13,0,0,arrivals,0.0,0.0,nearest,2024
HLLB,18,9,0,0,arrivals,0.0,0.0,nearest,2024
ESGJ,18,10,7,8,arrivals,0.3888888888888889,0.4444444444444444,nearest,2024
LRBC,17,15,11,54,departures,0.6470588235294118,3.176470588235294,nearest,2024
EGMC,17,17,16,18,departures,0.9411764705882353,1.0588235294117647,nearest,2024
LFMK,17,17,16,16,departures,0.9411764705882353,0.9411764705882353,nearest,2024
EGTK,17,14,14,14,departures,0.8235294117647058,0.8235294117647058,nearest,2024
LICG,17,6,1,68,departures,0.058823529411764705,4.0,nearest,2024
LSZA,17,13,11,11,departures,0.6470588235294118,0.6470588235294118,nearest,2024
ESTA,17,13,13,13,departures,0.7647058823529411,0.7647058823529411,nearest,2024
EDVE,17,13,11,18,departures,0.6470588235294118,1.0588235294117647,nearest,2024
LXGB,17,17,16,16,departures,0.9411764705882353,0.9411764705882353,nearest,2024
ESGJ,17,9,8,8,departures,0.47058823529411764,0.47058823529411764,nearest,2024
EGMC,17,15,14,22,arrivals,0.8235294117647058,1.2941176470588236,nearest,2024
ENSH,17,17,0,15,arrivals,0.0,0.8823529411764706,nearest,2024
LFMK,17,17,17,17,arrivals,1.0,1.0,nearest,2024
LFRZ,17,13,10,13,arrivals,0.5882352941176471,0.7647058823529411,nearest,2024
GMML,17,0,0,0,arrivals,0.0,0.0,nearest,2024
LIPR,17,13,11,14,arrivals,0.6470588235294118,0.8235294117647058,nearest,2024
LXGB,17,17,16,17,arrivals,0.9411764705882353,1.0,nearest,2024
LFBL,16,9,9,9,departures,0.5625,0.5625,nearest,2024
EPLL,16,15,15,15,departures,0.9375,0.9375,nearest,2024
LTCF,16,16,1,7,departures,0.0625,0.4375,nearest,2024
LFRZ,16,12,10,12,departures,0.625,0.75,nearest,2024
ENMS,16,14,0,10,departures,0.0,0.625,nearest,2024
LICD,16,9,5,74,departures,0.3125,4.625,nearest,2024
EDXW,16,13,11,11,arrivals,0.6875,0.6875,nearest,2024
LFBL,16,9,9,9,arrivals,0.5625,0.5625,nearest,2024
EBKT,16,12,11,15,arrivals,0.6875,0.9375,nearest,2024
LTCF,16,15,1,7,arrivals,0.0625,0.4375,nearest,2024
LICG,16,8,1,74,arrivals,0.0625,4.625,nearest,2024
EDHI,16,12,0,0,arrivals,0.0,0.0,nearest,2024
ESTA,16,14,14,15,arrivals,0.875,0.9375,nearest,2024
LICD,16,9,6,61,arrivals,0.375,3.8125,nearest,2024
LOWK,15,12,11,11,departures,0.7333333333333333,0.7333333333333333,nearest,2024
LDRI,15,14,14,16,departures,0.9333333333333333,1.0666666666666667,nearest,2024
LQBK,15,14,11,20,departures,0.7333333333333333,1.3333333333333333,nearest,2024
EPBY,15,15,15,15,departures,1.0,1.0,nearest,2024
ENAN,15,9,0,0,departures,0.0,0.0,nearest,2024
LFTZ,15,11,0,0,departures,0.0,0.0,nearest,2024
LEPP,15,15,15,17,departures,1.0,1.1333333333333333,nearest,2024
HLLB,15,8,0,0,departures,0.0,0.0,nearest,2024
LOWK,15,12,10,11,arrivals,0.6666666666666666,0.7333333333333333,nearest,2024
LFBH,15,13,9,9,arrivals,0.6,0.6,nearest,2024
EPLL,15,15,14,14,arrivals,0.9333333333333333,0.9333333333333333,nearest,2024
LIBF,15,12,2,183,arrivals,0.13333333333333333,12.2,nearest,2024
LQBK,15,14,11,35,arrivals,0.7333333333333333,2.3333333333333335,nearest,2024
LFRG,15,13,9,17,arrivals,0.6,1.1333333333333333,nearest,2024
EGTK,15,13,11,18,arrivals,0.7333333333333333,1.2,nearest,2024
ENAN,15,9,0,2,arrivals,0.0,0.13333333333333333,nearest,2024
EDVE,15,10,6,8,arrivals,0.4,0.5333333333333333,nearest,2024
ENMS,15,13,2,14,arrivals,0.13333333333333333,0.9333333333333333,nearest,2024
LFLY,14,6,0,0,departures,0.0,0.0,nearest,2024
LFBH,14,12,12,12,departures,0.8571428571428571,0.8571428571428571,nearest,2024
EFRO,14,14,0,0,departures,0.0,0.0,nearest,2024
LTCJ,14,9,0,0,departures,0.0,0.0,nearest,2024
EGPN,14,9,9,11,departures,0.6428571428571429,0.7857142857142857,nearest,2024
EDFM,14,4,4,11,departures,0.2857142857142857,0.7857142857142857,nearest,2024
EBKT,14,9,9,9,departures,0.6428571428571429,0.6428571428571429,nearest,2024
EKSB,14,5,5,5,departures,0.35714285714285715,0.35714285714285715,nearest,2024
LICB,14,11,11,12,departures,0.7857142857142857,0.8571428571428571,nearest,2024
ESNZ,14,10,10,10,departures,0.7142857142857143,0.7142857142857143,nearest,2024
LFRG,14,12,11,14,departures,0.7857142857142857,1.0,nearest,2024
LPPS,14,9,9,17,departures,0.6428571428571429,1.2142857142857142,nearest,2024
ENBL,14,14,0,0,departures,0.0,0.0,nearest,2024
EGJA,14,10,10,10,departures,0.7142857142857143,0.7142857142857143,nearest,2024
LGAL,14,13,13,13,departures,0.9285714285714286,0.9285714285714286,nearest,2024
LSZB,14,10,7,11,departures,0.5,0.7857142857142857,nearest,2024
EGAE,14,2,2,3,departures,0.14285714285714285,0.21428571428571427,nearest,2024
LIMP,14,12,11,11,departures,0.7857142857142857,0.7857142857142857,nearest,2024
EFKU,14,12,12,12,departures,0.8571428571428571,0.8571428571428571,nearest,2024
EFVA,14,11,10,10,departures,0.7142857142857143,0.7142857142857143,nearest,2024
LFLY,14,7,0,0,arrivals,0.0,0.0,nearest,2024
EFRO,14,13,0,0,arrivals,0.0,0.0,nearest,2024
LTCJ,14,10,0,0,arrivals,0.0,0.0,nearest,2024
LDRI,14,13,13,15,arrivals,0.9285714285714286,1.0714285714285714,nearest,2024
LTAY,14,14,1,205,arrivals,0.07142857142857142,14.642857142857142,nearest,2024
LLER,14,12,0,2,arrivals,0.0,0.14285714285714285,nearest,2024
EKSB,14,6,6,6,arrivals,0.42857142857142855,0.42857142857142855,nearest,2024
LICB,14,11,11,21,arrivals,0.7857142857142857,1.5,nearest,2024
LPPS,14,9,9,85,arrivals,0.6428571428571429,6.071428571428571,nearest,2024
ENBL,14,14,0,0,arrivals,0.0,0.0,nearest,2024
LGAL,14,13,13,16,arrivals,0.9285714285714286,1.1428571428571428,nearest,2024
EGAE,14,3,3,4,arrivals,0.21428571428571427,0.2857142857142857,nearest,2024
LIMP,14,12,10,10,arrivals,0.7142857142857143,0.7142857142857143,nearest,2024
EFKU,14,12,12,12,arrivals,0.8571428571428571,0.8571428571428571,nearest,2024
LEPP,14,13,6,35,arrivals,0.42857142857142855,2.5,nearest,2024
EFVA,14,11,11,11,arrivals,0.7857142857142857,0.7857142857142857,nearest,2024
LTCK,13,9,0,0,departures,0.0,0.0,nearest,2024
LIBF,13,10,6,191,departures,0.46153846153846156,14.692307692307692,nearest,2024
LRBS,13,12,12,18,departures,0.9230769230769231,1.3846153846153846,nearest,2024
LGLM,13,11,0,0,departures,0.0,0.0,nearest,2024
UUBW,13,10,1,4,arrivals,0.07692307692307693,0.3076923076923077,nearest,2024
EDFM,13,3,3,7,arrivals,0.23076923076923078,0.5384615384615384,nearest,2024
LTCK,13,9,0,0,arrivals,0.0,0.0,nearest,2024
ESNZ,13,9,9,9,arrivals,0.6923076923076923,0.6923076923076923,nearest,2024
LSZA,13,11,7,9,arrivals,0.5384615384615384,0.6923076923076923,nearest,2024
LFJL,13,12,12,13,arrivals,0.9230769230769231,1.0,nearest,2024
LGLM,13,11,0,0,arrivals,0.0,0.0,nearest,2024
URMG,12,8,0,20,departures,0.0,1.6666666666666667,nearest,2024
LTAY,12,12,0,44,departures,0.0,3.6666666666666665,nearest,2024
LGKV,12,12,12,17,departures,1.0,1.4166666666666667,nearest,2024
LHDC,12,10,5,9,departures,0.4166666666666667,0.75,nearest,2024
LFMU,12,12,12,12,departures,1.0,1.0,nearest,2024
ESMT,12,9,9,9,departures,0.75,0.75,nearest,2024
LKPD,12,12,12,12,departures,1.0,1.0,nearest,2024
LTAR,12,12,0,0,departures,0.0,0.0,nearest,2024
GCGM,12,0,0,0,departures,0.0,0.0,nearest,2024
EFTP,12,10,10,10,departures,0.8333333333333334,0.8333333333333334,nearest,2024
LRCV,12,9,9,10,departures,0.75,0.8333333333333334,nearest,2024
LFJL,12,11,11,12,departures,0.9166666666666666,1.0,nearest,2024
LECH,12,9,9,109,departures,0.75,9.083333333333334,nearest,2024
URMG,12,10,0,45,arrivals,0.0,3.75,nearest,2024
EGPN,12,7,6,7,arrivals,0.5,0.5833333333333334,nearest,2024
LFMU,12,12,12,13,arrivals,1.0,1.0833333333333333,nearest,2024
EDDE,12,9,9,10,arrivals,0.75,0.8333333333333334,nearest,2024
LTAR,12,12,0,0,arrivals,0.0,0.0,nearest,2024
GCGM,12,0,0,0,arrivals,0.0,0.0,nearest,2024
ENSD,12,9,0,0,arrivals,0.0,0.0,nearest,2024
LRBS,12,11,10,29,arrivals,0.8333333333333334,2.4166666666666665,nearest,2024
UUBW,11,6,5,7,departures,0.45454545454545453,0.6363636363636364,nearest,2024
LPAZ,11,10,10,31,departures,0.9090909090909091,2.8181818181818183,nearest,2024
LTCD,11,11,4,80,departures,0.36363636363636365,7.2727272727272725,nearest,2024
UWGG,11,9,8,15,departures,0.7272727272727273,1.3636363636363635,nearest,2024
LTCV,11,8,0,0,departures,0.0,0.0,nearest,2024
HESX,11,10,0,0,departures,0.0,0.0,nearest,2024
ESNN,11,5,5,5,departures,0.45454545454545453,0.45454545454545453,nearest,2024
LZTT,11,11,10,10,departures,0.9090909090909091,0.9090909090909091,nearest,2024
ESMX,11,11,10,10,departures,0.9090909090909091,0.9090909090909091,nearest,2024
ENST,11,10,4,12,departures,0.36363636363636365,1.0909090909090908,nearest,2024
EFMA,11,2,2,2,departures,0.18181818181818182,0.18181818181818182,nearest,2024
EDNY,11,9,9,10,departures,0.8181818181818182,0.9090909090909091,nearest,2024
LROD,11,8,1,65,departures,0.09090909090909091,5.909090909090909,nearest,2024
ENRM,11,10,9,12,departures,0.8181818181818182,1.0909090909090908,nearest,2024
ENLE,11,0,0,0,departures,0.0,0.0,nearest,2024
ESKN,11,11,11,11,departures,1.0,1.0,nearest,2024
LTCT,11,10,2,46,departures,0.18181818181818182,4.181818181818182,nearest,2024
ENSD,11,9,0,0,departures,0.0,0.0,nearest,2024
LTCP,11,7,0,0,departures,0.0,0.0,nearest,2024
ESSL,11,11,11,11,departures,1.0,1.0,nearest,2024
LEBZ,11,10,9,10,departures,0.8181818181818182,0.9090909090909091,nearest,2024
LFBE,11,11,11,12,departures,1.0,1.0909090909090908,nearest,2024
LIBC,11,8,0,10,departures,0.0,0.9090909090909091,nearest,2024
LPAZ,11,9,9,49,arrivals,0.8181818181818182,4.454545454545454,nearest,2024
LTCD,11,9,4,201,arrivals,0.36363636363636365,18.272727272727273,nearest,2024
HESX,11,11,0,1,arrivals,0.0,0.09090909090909091,nearest,2024
LTCV,11,7,0,0,arrivals,0.0,0.0,nearest,2024
ESNN,11,4,4,4,arrivals,0.36363636363636365,0.36363636363636365,nearest,2024
LTFD,11,11,10,10,arrivals,0.9090909090909091,0.9090909090909091,nearest,2024
ESMX,11,11,9,9,arrivals,0.8181818181818182,0.8181818181818182,nearest,2024
LGKV,11,11,11,13,arrivals,1.0,1.1818181818181819,nearest,2024
ENST,11,11,5,18,arrivals,0.45454545454545453,1.6363636363636365,nearest,2024
LHDC,11,10,5,8,arrivals,0.45454545454545453,0.7272727272727273,nearest,2024
EFMA,11,2,2,2,arrivals,0.18181818181818182,0.18181818181818182,nearest,2024
LROD,11,8,0,53,arrivals,0.0,4.818181818181818,nearest,2024
LKPD,11,11,11,16,arrivals,1.0,1.4545454545454546,nearest,2024
EGJA,11,8,8,9,arrivals,0.7272727272727273,0.8181818181818182,nearest,2024
ENRM,11,10,7,18,arrivals,0.6363636363636364,1.6363636363636365,nearest,2024
EFTP,11,8,8,8,arrivals,0.7272727272727273,0.7272727272727273,nearest,2024
ESKN,11,11,11,11,arrivals,1.0,1.0,nearest,2024
LTCT,11,11,0,1,arrivals,0.0,0.09090909090909091,nearest,2024
LTCP,11,7,0,0,arrivals,0.0,0.0,nearest,2024
LRCV,11,9,9,14,arrivals,0.8181818181818182,1.2727272727272727,nearest,2024
LECH,11,8,8,104,arrivals,0.7272727272727273,9.454545454545455,nearest,2024
LIBC,11,8,0,2,arrivals,0.0,0.18181818181818182,nearest,2024
DAAE,11,10,8,47,arrivals,0.7272727272727273,4.2727272727272725,nearest,2024
LFBE,11,11,8,8,arrivals,0.7272727272727273,0.7272727272727273,nearest,2024
LYNI,10,9,9,9,departures,0.9,0.9,nearest,2024
ESNL,10,0,0,0,departures,0.0,0.0,nearest,2024
LFOK,10,8,5,6,departures,0.5,0.6,nearest,2024
ESNS,10,9,9,10,departures,0.9,1.0,nearest,2024
LTFD,10,10,10,10,departures,1.0,1.0,nearest,2024
EDTY,10,8,7,8,departures,0.7,0.8,nearest,2024
DABB,10,9,4,24,departures,0.4,2.4,nearest,2024
LQMO,10,6,1,38,departures,0.1,3.8,nearest,2024
EDDE,10,8,8,9,departures,0.8,0.9,nearest,2024
LFLW,10,3,2,2,departures,0.2,0.2,nearest,2024
LFTW,10,10,10,11,departures,1.0,1.1,nearest,2024
DAAE,10,9,8,28,departures,0.8,2.8,nearest,2024
ENNA,10,6,0,1,departures,0.0,0.1,nearest,2024
LFRM,10,6,4,7,arrivals,0.4,0.7,nearest,2024
ESNL,10,0,0,0,arrivals,0.0,0.0,nearest,2024
LFSL,10,6,6,7,arrivals,0.6,0.7,nearest,2024
UWGG,10,8,1,16,arrivals,0.1,1.6,nearest,2024
LFOK,10,8,4,12,arrivals,0.4,1.2,nearest,2024
LZTT,10,10,8,11,arrivals,0.8,1.1,nearest,2024
ESMT,10,7,7,7,arrivals,0.7,0.7,nearest,2024
DABB,10,9,8,57,arrivals,0.8,5.7,nearest,2024
LQMO,10,8,0,34,arrivals,0.0,3.4,nearest,2024
LFLW,10,3,3,4,arrivals,0.3,0.4,nearest,2024
ENLE,10,0,0,0,arrivals,0.0,0.0,nearest,2024
ESSL,10,10,10,10,arrivals,1.0,1.0,nearest,2024
LGST,10,8,0,91,arrivals,0.0,9.1,nearest,2024
ESKM,9,0,0,0,departures,0.0,0.0,nearest,2024
LRBV,9,7,4,7,departures,0.4444444444444444,0.7777777777777778,nearest,2024
ESNX,9,1,1,1,departures,0.1111111111111111,0.1111111111111111,nearest,2024
LQTZ,9,8,8,17,departures,0.8888888888888888,1.8888888888888888,nearest,2024
LFSL,9,5,5,6,departures,0.5555555555555556,0.6666666666666666,nearest,2024
ENDU,9,6,5,26,departures,0.5555555555555556,2.888888888888889,nearest,2024
LEVD,9,8,7,8,departures,0.7777777777777778,0.8888888888888888,nearest,2024
ENSO,9,3,3,3,departures,0.3333333333333333,0.3333333333333333,nearest,2024
ESDF,9,8,8,8,departures,0.8888888888888888,0.8888888888888888,nearest,2024
LGRX,9,9,3,23,departures,0.3333333333333333,2.5555555555555554,nearest,2024
LFCR,9,6,6,6,departures,0.6666666666666666,0.6666666666666666,nearest,2024
ESNG,9,2,1,6,departures,0.1111111111111111,0.6666666666666666,nearest,2024
LGIK,9,7,0,0,departures,0.0,0.0,nearest,2024
EGPL,9,4,0,5,departures,0.0,0.5555555555555556,nearest,2024
LGST,9,6,0,49,departures,0.0,5.444444444444445,nearest,2024
EGNR,9,7,4,4,departures,0.4444444444444444,0.4444444444444444,nearest,2024
ESKM,9,0,0,0,arrivals,0.0,0.0,nearest,2024
LRBV,9,8,5,19,arrivals,0.5555555555555556,2.111111111111111,nearest,2024
EDVK,9,6,6,7,arrivals,0.6666666666666666,0.7777777777777778,nearest,2024
LQTZ,9,8,5,20,arrivals,0.5555555555555556,2.2222222222222223,nearest,2024
LYNI,9,8,8,16,arrivals,0.8888888888888888,1.7777777777777777,nearest,2024
ESNS,9,8,8,14,arrivals,0.8888888888888888,1.5555555555555556,nearest,2024
EDHL,9,8,8,10,arrivals,0.8888888888888888,1.1111111111111112,nearest,2024
LDOS,9,9,9,10,arrivals,1.0,1.1111111111111112,nearest,2024
LTDA,9,6,0,2,arrivals,0.0,0.2222222222222222,nearest,2024
EDNY,9,7,7,7,arrivals,0.7777777777777778,0.7777777777777778,nearest,2024
ENSO,9,3,3,4,arrivals,0.3333333333333333,0.4444444444444444,nearest,2024
LGRX,9,9,1,16,arrivals,0.1111111111111111,1.7777777777777777,nearest,2024
EDTY,9,7,5,7,arrivals,0.5555555555555556,0.7777777777777778,nearest,2024
LFCR,9,6,6,6,arrivals,0.6666666666666666,0.6666666666666666,nearest,2024
ESNG,9,2,0,7,arrivals,0.0,0.7777777777777778,nearest,2024
EKRK,9,9,8,8,arrivals,0.8888888888888888,0.8888888888888888,nearest,2024
LGIK,9,7,0,0,arrivals,0.0,0.0,nearest,2024
LFSD,9,6,5,10,arrivals,0.5555555555555556,1.1111111111111112,nearest,2024
EGPL,9,4,0,6,arrivals,0.0,0.6666666666666666,nearest,2024
LEBZ,9,8,8,10,arrivals,0.8888888888888888,1.1111111111111112,nearest,2024
LGIO,8,7,7,7,departures,0.875,0.875,nearest,2024
EDVK,8,7,7,7,departures,0.875,0.875,nearest,2024
LFMV,8,8,7,7,departures,0.875,0.875,nearest,2024
EDHL,8,8,8,8,departures,1.0,1.0,nearest,2024
LDOS,8,8,8,8,departures,1.0,1.0,nearest,2024
URMO,8,4,0,0,departures,0.0,0.0,nearest,2024
LTDA,8,6,0,0,departures,0.0,0.0,nearest,2024
ESNQ,8,6,5,9,departures,0.625,1.125,nearest,2024
EKRK,8,8,8,8,departures,1.0,1.0,nearest,2024
DAON,8,8,6,7,departures,0.75,0.875,nearest,2024
ENJS,8,0,0,0,departures,0.0,0.0,nearest,2024
LFSD,8,7,6,8,departures,0.75,1.0,nearest,2024
LTCN,8,5,0,0,departures,0.0,0.0,nearest,2024
EFKK,8,6,6,6,departures,0.75,0.75,nearest,2024
LTCO,8,7,0,17,departures,0.0,2.125,nearest,2024
ENNM,8,7,0,0,departures,0.0,0.0,nearest,2024
LGIO,8,7,7,9,arrivals,0.875,1.125,nearest,2024
ESNX,8,1,1,1,arrivals,0.125,0.125,nearest,2024
ENDU,8,6,1,42,arrivals,0.125,5.25,nearest,2024
LEVD,8,6,5,5,arrivals,0.625,0.625,nearest,2024
ESNQ,8,6,3,5,arrivals,0.375,0.625,nearest,2024
ESDF,8,7,7,7,arrivals,0.875,0.875,nearest,2024
ESMQ,8,8,7,8,arrivals,0.875,1.0,nearest,2024
ENJS,8,0,0,0,arrivals,0.0,0.0,nearest,2024
LTCN,8,5,0,0,arrivals,0.0,0.0,nearest,2024
GMFK,8,2,0,0,arrivals,0.0,0.0,nearest,2024
LTCO,8,6,0,18,arrivals,0.0,2.25,nearest,2024
LFTW,8,8,8,8,arrivals,1.0,1.0,nearest,2024
ENNM,8,7,0,0,arrivals,0.0,0.0,nearest,2024
DAON,8,8,2,3,arrivals,0.25,0.375,nearest,2024
ENNA,8,6,0,3,arrivals,0.0,0.375,nearest,2024
LFRM,7,6,6,10,departures,0.8571428571428571,1.4285714285714286,nearest,2024
LRBM,7,3,0,37,departures,0.0,5.285714285714286,nearest,2024
ORMM,7,5,0,36,departures,0.0,5.142857142857143,nearest,2024
EIDL,7,6,5,37,departures,0.7142857142857143,5.285714285714286,nearest,2024
ESOE,7,5,5,6,departures,0.7142857142857143,0.8571428571428571,nearest,2024
ESNV,7,0,0,0,departures,0.0,0.0,nearest,2024
EFJO,7,4,4,4,departures,0.5714285714285714,0.5714285714285714,nearest,2024
ESMK,7,7,7,8,departures,1.0,1.1428571428571428,nearest,2024
HEBA,7,7,5,19,departures,0.7142857142857143,2.7142857142857144,nearest,2024
ESMQ,7,7,7,8,departures,1.0,1.1428571428571428,nearest,2024
GMMI,7,7,0,0,departures,0.0,0.0,nearest,2024
OITT,7,6,0,57,departures,0.0,8.142857142857142,nearest,2024
EETU,7,7,4,22,departures,0.5714285714285714,3.142857142857143,nearest,2024
LRTM,7,6,1,31,departures,0.14285714285714285,4.428571428571429,nearest,2024
EGEC,7,1,1,2,departures,0.14285714285714285,0.2857142857142857,nearest,2024
BIEG,7,7,0,0,departures,0.0,0.0,nearest,2024
GMFK,7,0,0,1,departures,0.0,0.14285714285714285,nearest,2024
LFMV,7,6,2,3,arrivals,0.2857142857142857,0.42857142857142855,nearest,2024
LRBM,7,4,0,51,arrivals,0.0,7.285714285714286,nearest,2024
ESNK,7,0,0,0,arrivals,0.0,0.0,nearest,2024
ORMM,7,5,1,112,arrivals,0.14285714285714285,16.0,nearest,2024
ESOE,7,6,5,7,arrivals,0.7142857142857143,1.0,nearest,2024
LTCW,7,4,0,0,arrivals,0.0,0.0,nearest,2024
ESNV,7,0,0,0,arrivals,0.0,0.0,nearest,2024
EFJO,7,4,4,4,arrivals,0.5714285714285714,0.5714285714285714,nearest,2024
BIEG,7,7,0,0,arrivals,0.0,0.0,nearest,2024
GMMI,7,6,0,2,arrivals,0.0,0.2857142857142857,nearest,2024
OITT,7,6,0,82,arrivals,0.0,11.714285714285714,nearest,2024
LIBG,7,2,0,0,arrivals,0.0,0.0,nearest,2024
EETU,7,7,3,35,arrivals,0.42857142857142855,5.0,nearest,2024
EGNR,7,6,4,4,arrivals,0.5714285714285714,0.5714285714285714,nearest,2024
EFKK,7,5,5,5,arrivals,0.7142857142857143,0.7142857142857143,nearest,2024
LRTM,7,6,0,33,arrivals,0.0,4.714285714285714,nearest,2024
EGEC,7,1,1,4,arrivals,0.14285714285714285,0.5714285714285714,nearest,2024
EIDL,7,5,4,13,arrivals,0.5714285714285714,1.8571428571428572,nearest,2024
LFLB,6,3,3,3,departures,0.5,0.5,nearest,2024
ESNK,6,0,0,0,departures,0.0,0.0,nearest,2024
EGPI,6,3,2,2,departures,0.3333333333333333,0.3333333333333333,nearest,2024
EKTE,6,2,0,0,departures,0.0,0.0,nearest,2024
EEKE,6,2,2,8,departures,0.3333333333333333,1.3333333333333333,nearest,2024
ENRO,6,2,2,2,departures,0.3333333333333333,0.3333333333333333,nearest,2024
DAAS,6,5,0,0,departures,0.0,0.0,nearest,2024
ESUP,6,0,0,0,departures,0.0,0.0,nearest,2024
LTCW,6,6,0,0,departures,0.0,0.0,nearest,2024
EGPR,6,0,0,19,departures,0.0,3.1666666666666665,nearest,2024
ESOH,6,2,0,0,departures,0.0,0.0,nearest,2024
EEKA,6,2,2,62,departures,0.3333333333333333,10.333333333333334,nearest,2024
LFEC,6,0,0,0,departures,0.0,0.0,nearest,2024
ENHE,6,0,0,0,departures,0.0,0.0,nearest,2024
LWOH,6,6,6,6,departures,1.0,1.0,nearest,2024
ENSR,6,0,0,85,departures,0.0,14.166666666666666,nearest,2024
LTBH,6,5,5,17,departures,0.8333333333333334,2.8333333333333335,nearest,2024
EHGG,6,4,4,4,departures,0.6666666666666666,0.6666666666666666,nearest,2024
LFOT,6,6,6,6,departures,1.0,1.0,nearest,2024
LSZC,6,4,0,0,departures,0.0,0.0,nearest,2024
LTCU,6,4,0,0,departures,0.0,0.0,nearest,2024
LBPD,6,4,4,5,departures,0.6666666666666666,0.8333333333333334,nearest,2024
UBBG,6,5,4,4,departures,0.6666666666666666,0.6666666666666666,nearest,2024
EHLE,6,4,2,2,departures,0.3333333333333333,0.3333333333333333,nearest,2024
LGLE,6,5,0,0,departures,0.0,0.0,nearest,2024
LFCK,6,0,0,1,departures,0.0,0.16666666666666666,nearest,2024
EGPU,6,0,0,2,departures,0.0,0.3333333333333333,nearest,2024
ESND,6,0,0,0,departures,0.0,0.0,nearest,2024
EFJY,6,5,5,5,departures,0.8333333333333334,0.8333333333333334,nearest,2024
ENRS,6,6,0,0,arrivals,0.0,0.0,nearest,2024
EGPU,6,0,0,5,arrivals,0.0,0.8333333333333334,nearest,2024
HEMM,6,6,0,4,arrivals,0.0,0.6666666666666666,nearest,2024
EKTE,6,2,0,0,arrivals,0.0,0.0,nearest,2024
EEKE,6,2,2,3,arrivals,0.3333333333333333,0.5,nearest,2024
ENRO,6,2,2,28,arrivals,0.3333333333333333,4.666666666666667,nearest,2024
ESUP,6,0,0,0,arrivals,0.0,0.0,nearest,2024
ESOH,6,2,0,0,arrivals,0.0,0.0,nearest,2024
EEKA,6,2,2,10,arrivals,0.3333333333333333,1.6666666666666667,nearest,2024
LFEC,6,0,0,0,arrivals,0.0,0.0,nearest,2024
ENHE,6,0,0,0,arrivals,0.0,0.0,nearest,2024
LWOH,6,6,6,7,arrivals,1.0,1.1666666666666667,nearest,2024
ENSR,6,0,0,90,arrivals,0.0,15.0,nearest,2024
ESND,6,0,0,0,arrivals,0.0,0.0,nearest,2024
HEBA,6,6,1,128,arrivals,0.16666666666666666,21.333333333333332,nearest,2024
LIMZ,6,4,3,3,arrivals,0.5,0.5,nearest,2024
LTBH,6,5,5,18,arrivals,0.8333333333333334,3.0,nearest,2024
EHGG,6,4,4,4,arrivals,0.6666666666666666,0.6666666666666666,nearest,2024
LFOT,6,6,6,6,arrivals,1.0,1.0,nearest,2024
LSZC,6,5,0,0,arrivals,0.0,0.0,nearest,2024
LTCU,6,4,0,0,arrivals,0.0,0.0,nearest,2024
LBPD,6,4,4,7,arrivals,0.6666666666666666,1.1666666666666667,nearest,2024
UBBG,6,5,0,6,arrivals,0.0,1.0,nearest,2024
LGLE,6,5,0,0,arrivals,0.0,0.0,nearest,2024
LFCK,6,0,0,0,arrivals,0.0,0.0,nearest,2024
EGPI,6,3,0,0,arrivals,0.0,0.0,nearest,2024
EGPR,6,0,0,33,arrivals,0.0,5.5,nearest,2024
LFBI,5,4,4,4,departures,0.8,0.8,nearest,2024
ENRS,5,5,0,0,departures,0.0,0.0,nearest,2024
ENWS,5,0,0,0,departures,0.0,0.0,nearest,2024
LDVA,5,2,0,0,departures,0.0,0.0,nearest,2024
EDRY,5,5,0,0,departures,0.0,0.0,nearest,2024
HEMM,5,5,0,2,departures,0.0,0.4,nearest,2024
ENWV,5,0,0,0,departures,0.0,0.0,nearest,2024
EFKE,5,5,0,0,departures,0.0,0.0,nearest,2024
GMTA,5,5,5,5,departures,1.0,1.0,nearest,2024
EDTM,5,5,5,7,departures,1.0,1.4,nearest,2024
EGPC,5,3,2,29,departures,0.4,5.8,nearest,2024
LKCS,5,5,5,5,departures,1.0,1.0,nearest,2024
BIIS,5,2,0,7,departures,0.0,1.4,nearest,2024
LGKY,5,3,0,0,departures,0.0,0.0,nearest,2024
LIMZ,5,4,4,4,departures,0.8,0.8,nearest,2024
EKKA,5,0,0,0,departures,0.0,0.0,nearest,2024
LTBY,5,5,4,8,departures,0.8,1.6,nearest,2024
GMMZ,5,2,0,0,departures,0.0,0.0,nearest,2024
LIBG,5,2,0,0,departures,0.0,0.0,nearest,2024
EDLN,5,5,3,3,departures,0.6,0.6,nearest,2024
ENSL,5,0,0,0,departures,0.0,0.0,nearest,2024
LFRH,5,5,5,6,departures,1.0,1.2,nearest,2024
LTAS,5,5,5,67,departures,1.0,13.4,nearest,2024
LTBR,5,5,5,6,departures,1.0,1.2,nearest,2024
EPZG,5,5,5,5,departures,1.0,1.0,nearest,2024
ORKK,5,2,0,0,departures,0.0,0.0,nearest,2024
LSGL,5,5,0,0,departures,0.0,0.0,nearest,2024
URMS,5,5,0,3,departures,0.0,0.6,nearest,2024
LFBI,5,5,5,5,arrivals,1.0,1.0,nearest,2024
ENWS,5,0,0,0,arrivals,0.0,0.0,nearest,2024
ESUT,5,0,0,0,arrivals,0.0,0.0,nearest,2024
EFKI,5,5,5,6,arrivals,1.0,1.2,nearest,2024
URMO,5,4,0,5,arrivals,0.0,1.0,nearest,2024
LSGK,5,4,0,0,arrivals,0.0,0.0,nearest,2024
ENWV,5,0,0,0,arrivals,0.0,0.0,nearest,2024
DAAS,5,4,0,2,arrivals,0.0,0.4,nearest,2024
GMTA,5,5,5,5,arrivals,1.0,1.0,nearest,2024
EDTM,5,4,4,6,arrivals,0.8,1.2,nearest,2024
LKCS,5,5,5,6,arrivals,1.0,1.2,nearest,2024
LTCL,5,4,0,0,arrivals,0.0,0.0,nearest,2024
ENQG,5,0,0,0,arrivals,0.0,0.0,nearest,2024
BIIS,5,2,0,3,arrivals,0.0,0.6,nearest,2024
ESMK,5,5,4,6,arrivals,0.8,1.2,nearest,2024
LTBY,5,5,4,11,arrivals,0.8,2.2,nearest,2024
GMMZ,5,2,0,0,arrivals,0.0,0.0,nearest,2024
ENSL,5,0,0,0,arrivals,0.0,0.0,nearest,2024
EFJY,5,4,4,4,arrivals,0.8,0.8,nearest,2024
LFRH,5,4,3,3,arrivals,0.6,0.6,nearest,2024
LTAS,5,5,3,223,arrivals,0.6,44.6,nearest,2024
EHLE,5,2,0,2,arrivals,0.0,0.4,nearest,2024
ORKK,5,2,0,0,arrivals,0.0,0.0,nearest,2024
EKKA,5,0,0,0,arrivals,0.0,0.0,nearest,2024
LTBR,5,5,5,7,arrivals,1.0,1.4,nearest,2024
LFMI,4,4,4,4,departures,1.0,1.0,nearest,2024
LFOZ,4,4,0,0,departures,0.0,0.0,nearest,2024
EDRZ,4,4,0,0,departures,0.0,0.0,nearest,2024
EPRA,4,4,4,5,departures,1.0,1.25,nearest,2024
LGPL,4,3,0,0,departures,0.0,0.0,nearest,2024
EDGS,4,3,3,3,departures,0.75,0.75,nearest,2024
LSGK,4,4,0,0,departures,0.0,0.0,nearest,2024
LELN,4,3,3,3,departures,0.75,0.75,nearest,2024
LHPP,4,4,4,4,departures,1.0,1.0,nearest,2024
ENGA,4,0,0,0,departures,0.0,0.0,nearest,2024
LTCL,4,3,0,0,departures,0.0,0.0,nearest,2024
LRCK,4,4,4,6,departures,1.0,1.5,nearest,2024
ENGC,4,0,0,0,departures,0.0,0.0,nearest,2024
LTAW,4,4,2,121,departures,0.5,30.25,nearest,2024
LZPP,4,4,4,4,departures,1.0,1.0,nearest,2024
EDAZ,4,3,0,0,departures,0.0,0.0,nearest,2024
EGNO,4,4,3,3,departures,0.75,0.75,nearest,2024
ETNL,4,4,4,7,departures,1.0,1.75,nearest,2024
LGKC,4,3,0,0,departures,0.0,0.0,nearest,2024
LKKV,4,4,4,4,departures,1.0,1.0,nearest,2024
ENOA,4,0,0,0,departures,0.0,0.0,nearest,2024
ESST,4,2,2,3,departures,0.5,0.75,nearest,2024
LTAP,4,4,0,0,departures,0.0,0.0,nearest,2024
ESOW,4,4,4,5,departures,1.0,1.25,nearest,2024
ESNO,4,0,0,0,departures,0.0,0.0,nearest,2024
EGSC,4,3,3,5,departures,0.75,1.25,nearest,2024
LIPK,4,4,4,5,departures,1.0,1.25,nearest,2024
EGNH,4,4,2,2,departures,0.5,0.5,nearest,2024
LGSY,4,3,0,0,departures,0.0,0.0,nearest,2024
ESUT,4,0,0,0,departures,0.0,0.0,nearest,2024
EFKI,4,4,4,6,departures,1.0,1.5,nearest,2024
URWW,4,4,0,0,departures,0.0,0.0,nearest,2024
DTTX,4,4,0,0,departures,0.0,0.0,nearest,2024
ENWY,4,0,0,0,departures,0.0,0.0,nearest,2024
LGKS,4,0,0,0,departures,0.0,0.0,nearest,2024
HLMS,4,3,0,0,departures,0.0,0.0,nearest,2024
BIBD,4,2,2,20,arrivals,0.5,5.0,nearest,2024
LFMI,4,4,4,4,arrivals,1.0,1.0,nearest,2024
LFLB,4,1,1,4,arrivals,0.25,1.0,nearest,2024
EPRA,4,4,4,4,arrivals,1.0,1.0,nearest,2024
LDVA,4,2,0,0,arrivals,0.0,0.0,nearest,2024
OSDI,4,3,0,5,arrivals,0.0,1.25,nearest,2024
LFLP,4,4,2,2,arrivals,0.5,0.5,nearest,2024
LELN,4,3,3,4,arrivals,0.75,1.0,nearest,2024
EHLL,4,0,0,0,arrivals,0.0,0.0,nearest,2024
LKHK,4,3,0,0,arrivals,0.0,0.0,nearest,2024
EGPC,4,2,2,39,arrivals,0.5,9.75,nearest,2024
LSGC,4,4,2,3,arrivals,0.5,0.75,nearest,2024
LHPP,4,4,4,6,arrivals,1.0,1.5,nearest,2024
ENGA,4,0,0,0,arrivals,0.0,0.0,nearest,2024
LRCK,4,4,2,77,arrivals,0.5,19.25,nearest,2024
LGKY,4,3,0,0,arrivals,0.0,0.0,nearest,2024
ETND,4,4,2,2,arrivals,0.5,0.5,nearest,2024
ETNL,4,4,2,4,arrivals,0.5,1.0,nearest,2024
LSGL,4,3,0,0,arrivals,0.0,0.0,nearest,2024
LGKC,4,3,0,0,arrivals,0.0,0.0,nearest,2024
ENOA,4,0,0,0,arrivals,0.0,0.0,nearest,2024
ESST,4,2,0,0,arrivals,0.0,0.0,nearest,2024
LTAP,4,4,0,0,arrivals,0.0,0.0,nearest,2024
ESNO,4,0,0,8,arrivals,0.0,2.0,nearest,2024
ENQA,4,2,0,0,arrivals,0.0,0.0,nearest,2024
EGSC,4,3,2,3,arrivals,0.5,0.75,nearest,2024
LGKS,4,0,0,0,arrivals,0.0,0.0,nearest,2024
LGSY,4,3,0,0,arrivals,0.0,0.0,nearest,2024
HLMS,4,3,0,0,arrivals,0.0,0.0,nearest,2024
LGPL,4,3,0,0,arrivals,0.0,0.0,nearest,2024
EDGS,4,2,2,6,arrivals,0.5,1.5,nearest,2024
LOAN,4,2,2,4,arrivals,0.5,1.0,nearest,2024
EKHD,4,0,0,0,arrivals,0.0,0.0,nearest,2024
LTAW,4,4,0,269,arrivals,0.0,67.25,nearest,2024
LZPP,4,3,3,4,arrivals,0.75,1.0,nearest,2024
EGNO,4,3,3,4,arrivals,0.75,1.0,nearest,2024
LKKV,4,4,3,4,arrivals,0.75,1.0,nearest,2024
ENWY,4,0,0,0,arrivals,0.0,0.0,nearest,2024
LIPK,4,4,3,4,arrivals,0.75,1.0,nearest,2024
EPZG,4,3,3,4,arrivals,0.75,1.0,nearest,2024
EGLK,3,3,3,3,departures,1.0,1.0,nearest,2024
LTBZ,3,3,0,0,departures,0.0,0.0,nearest,2024
EPSY,3,3,3,5,departures,1.0,1.6666666666666667,nearest,2024
ENQC,3,2,0,0,departures,0.0,0.0,nearest,2024
OSDI,3,3,0,1,departures,0.0,0.3333333333333333,nearest,2024
EHGQ,3,2,0,0,departures,0.0,0.0,nearest,2024
LFLP,3,3,3,3,departures,1.0,1.0,nearest,2024
LFLS,3,2,2,2,departures,0.6666666666666666,0.6666666666666666,nearest,2024
EHLL,3,0,0,0,departures,0.0,0.0,nearest,2024
LFLX,3,2,1,2,departures,0.3333333333333333,0.6666666666666666,nearest,2024
LSGC,3,3,2,3,departures,0.6666666666666666,1.0,nearest,2024
LOAN,3,3,3,3,departures,1.0,1.0,nearest,2024
BIGR,3,0,0,0,departures,0.0,0.0,nearest,2024
ETND,3,3,2,2,departures,0.6666666666666666,0.6666666666666666,nearest,2024
EKHD,3,0,0,0,departures,0.0,0.0,nearest,2024
LIRJ,3,1,1,1,departures,0.3333333333333333,0.3333333333333333,nearest,2024
ENOC,3,0,0,0,departures,0.0,0.0,nearest,2024
EHQM,3,0,0,0,departures,0.0,0.0,nearest,2024
ENUA,3,0,0,0,departures,0.0,0.0,nearest,2024
LEGT,3,3,3,3,departures,1.0,1.0,nearest,2024
EKHB,3,3,0,0,departures,0.0,0.0,nearest,2024
LTAL,3,3,0,1,departures,0.0,0.3333333333333333,nearest,2024
LRSM,3,2,1,8,departures,0.3333333333333333,2.6666666666666665,nearest,2024
ENDR,3,0,0,0,departures,0.0,0.0,nearest,2024
LFGJ,3,3,3,3,departures,1.0,1.0,nearest,2024
EKTW,3,0,0,0,departures,0.0,0.0,nearest,2024
BIBD,3,2,2,10,departures,0.6666666666666666,3.3333333333333335,nearest,2024
LGSO,3,2,0,0,departures,0.0,0.0,nearest,2024
ENQD,3,0,0,0,departures,0.0,0.0,nearest,2024
EDAB,3,2,0,0,departures,0.0,0.0,nearest,2024
LECU,3,2,2,3,departures,0.6666666666666666,1.0,nearest,2024
ENXW,3,0,0,0,departures,0.0,0.0,nearest,2024
ENWI,3,0,0,0,departures,0.0,0.0,nearest,2024
ENQA,3,2,0,0,departures,0.0,0.0,nearest,2024
EFIV,3,3,0,2,departures,0.0,0.6666666666666666,nearest,2024
LTBZ,3,3,0,0,arrivals,0.0,0.0,nearest,2024
LFOZ,3,3,0,0,arrivals,0.0,0.0,nearest,2024
LIQS,3,2,0,0,arrivals,0.0,0.0,nearest,2024
LFMQ,3,2,1,1,arrivals,0.3333333333333333,0.3333333333333333,nearest,2024
EDRY,3,3,0,0,arrivals,0.0,0.0,nearest,2024
ENQC,3,2,0,0,arrivals,0.0,0.0,nearest,2024
EGBJ,3,2,1,1,arrivals,0.3333333333333333,0.3333333333333333,nearest,2024
LFLS,3,2,2,4,arrivals,0.6666666666666666,1.3333333333333333,nearest,2024
EFKE,3,3,0,3,arrivals,0.0,1.0,nearest,2024
LFLX,3,2,0,1,arrivals,0.0,0.3333333333333333,nearest,2024
LFSN,3,3,2,2,arrivals,0.6666666666666666,0.6666666666666666,nearest,2024
EKHA,3,2,0,0,arrivals,0.0,0.0,nearest,2024
EHKV,3,0,0,0,arrivals,0.0,0.0,nearest,2024
URWW,3,3,0,0,arrivals,0.0,0.0,nearest,2024
BIGR,3,0,0,0,arrivals,0.0,0.0,nearest,2024
ENQS,3,0,0,0,arrivals,0.0,0.0,nearest,2024
ENGC,3,0,0,0,arrivals,0.0,0.0,nearest,2024
ENFB,3,0,0,0,arrivals,0.0,0.0,nearest,2024
EHQM,3,0,0,0,arrivals,0.0,0.0,nearest,2024
ENUA,3,0,0,0,arrivals,0.0,0.0,nearest,2024
DAUG,3,1,0,0,arrivals,0.0,0.0,nearest,2024
LEGT,3,3,3,4,arrivals,1.0,1.3333333333333333,nearest,2024
LTAL,3,3,0,2,arrivals,0.0,0.6666666666666666,nearest,2024
ENQR,3,0,0,0,arrivals,0.0,0.0,nearest,2024
LDSB,3,2,0,143,arrivals,0.0,47.666666666666664,nearest,2024
LRSM,3,2,1,21,arrivals,0.3333333333333333,7.0,nearest,2024
ENDR,3,0,0,0,arrivals,0.0,0.0,nearest,2024
LTFC,3,3,1,78,arrivals,0.3333333333333333,26.0,nearest,2024
EGLK,3,3,3,3,arrivals,1.0,1.0,nearest,2024
EPSY,3,3,2,2,arrivals,0.6666666666666666,0.6666666666666666,nearest,2024
EHAK,3,2,0,0,arrivals,0.0,0.0,nearest,2024
ENQD,3,0,0,0,arrivals,0.0,0.0,nearest,2024
EDAB,3,2,0,0,arrivals,0.0,0.0,nearest,2024
EDQG,3,3,0,0,arrivals,0.0,0.0,nearest,2024
LFAT,3,3,2,4,arrivals,0.6666666666666666,1.3333333333333333,nearest,2024
LIRJ,3,1,1,1,arrivals,0.3333333333333333,0.3333333333333333,nearest,2024
ENXW,3,0,0,0,arrivals,0.0,0.0,nearest,2024
EDAZ,3,3,0,0,arrivals,0.0,0.0,nearest,2024
URMS,3,3,0,1,arrivals,0.0,0.3333333333333333,nearest,2024
EGNH,3,3,1,1,arrivals,0.3333333333333333,0.3333333333333333,nearest,2024
LFGJ,3,3,3,3,arrivals,1.0,1.0,nearest,2024
ENUD,3,0,0,0,arrivals,0.0,0.0,nearest,2024
EFIV,3,3,0,7,arrivals,0.0,2.3333333333333335,nearest,2024
ENUB,3,0,0,0,arrivals,0.0,0.0,nearest,2024
DAUH,2,1,0,0,departures,0.0,0.0,nearest,2024
LFQG,2,1,0,0,departures,0.0,0.0,nearest,2024
EHPK,2,0,0,0,departures,0.0,0.0,nearest,2024
EGTC,2,2,2,2,departures,1.0,1.0,nearest,2024
EHJA,2,1,0,0,departures,0.0,0.0,nearest,2024
LSMP,2,2,2,5,departures,1.0,2.5,nearest,2024
LSZS,2,1,0,0,departures,0.0,0.0,nearest,2024
ENSF,2,0,0,0,departures,0.0,0.0,nearest,2024
LGKJ,2,0,0,0,departures,0.0,0.0,nearest,2024
ENQV,2,0,0,0,departures,0.0,0.0,nearest,2024
BIVO,2,0,0,0,departures,0.0,0.0,nearest,2024
EDQM,2,2,1,1,departures,0.5,0.5,nearest,2024
LFOH,2,2,0,0,departures,0.0,0.0,nearest,2024
ENXO,2,0,0,0,departures,0.0,0.0,nearest,2024
URWA,2,0,0,0,departures,0.0,0.0,nearest,2024
OJAQ,2,2,0,5,departures,0.0,2.5,nearest,2024
GMAT,2,0,0,0,departures,0.0,0.0,nearest,2024
ESSP,2,2,2,2,departures,1.0,1.0,nearest,2024
LFSN,2,2,2,3,departures,1.0,1.5,nearest,2024
ENQG,2,0,0,0,departures,0.0,0.0,nearest,2024
EHKV,2,0,0,0,departures,0.0,0.0,nearest,2024
EHMR,2,1,0,0,departures,0.0,0.0,nearest,2024
ENQB,2,1,0,0,departures,0.0,0.0,nearest,2024
ESOK,2,1,1,1,departures,0.5,0.5,nearest,2024
DAOI,2,2,2,2,departures,1.0,1.0,nearest,2024
EKDF,2,1,0,0,departures,0.0,0.0,nearest,2024
ENFB,2,0,0,0,departures,0.0,0.0,nearest,2024
EFKT,2,2,0,4,departures,0.0,2.0,nearest,2024
EGVN,2,2,2,2,departures,1.0,1.0,nearest,2024
DAUG,2,2,0,0,departures,0.0,0.0,nearest,2024
UDSG,2,2,2,9,departures,1.0,4.5,nearest,2024
LESU,2,2,2,2,departures,1.0,1.0,nearest,2024
ENQE,2,0,0,0,departures,0.0,0.0,nearest,2024
GMMB,2,0,0,0,departures,0.0,0.0,nearest,2024
ENUN,2,0,0,0,departures,0.0,0.0,nearest,2024
ENQR,2,0,0,0,departures,0.0,0.0,nearest,2024
ENLA,2,0,0,0,departures,0.0,0.0,nearest,2024
LDSB,2,2,0,111,departures,0.0,55.5,nearest,2024
EGNL,2,1,1,2,departures,0.5,1.0,nearest,2024
LFRD,2,2,2,2,departures,1.0,1.0,nearest,2024
LHPR,2,1,1,1,departures,0.5,0.5,nearest,2024
LTFC,2,2,0,59,departures,0.0,29.5,nearest,2024
LFBU,2,1,1,1,departures,0.5,0.5,nearest,2024
LTBU,2,2,2,3,departures,1.0,1.5,nearest,2024
UWSG,2,2,2,3,departures,1.0,1.5,nearest,2024
LIQS,2,1,1,1,departures,0.5,0.5,nearest,2024
LKMH,2,2,0,0,departures,0.0,0.0,nearest,2024
EHTW,2,2,2,2,departures,1.0,1.0,nearest,2024
LFOP,2,1,1,1,departures,0.5,0.5,nearest,2024
DABT,2,2,0,0,departures,0.0,0.0,nearest,2024
EGBJ,2,1,0,1,departures,0.0,0.5,nearest,2024
EDMS,2,1,0,0,departures,0.0,0.0,nearest,2024
BITN,2,0,0,0,departures,0.0,0.0,nearest,2024
EGTB,2,2,0,0,departures,0.0,0.0,nearest,2024
EDQG,2,2,0,0,departures,0.0,0.0,nearest,2024
ENUS,2,0,0,0,departures,0.0,0.0,nearest,2024
LTCM,2,2,0,1,departures,0.0,0.5,nearest,2024
EKHA,2,1,0,0,departures,0.0,0.0,nearest,2024
ETMN,2,2,2,2,departures,1.0,1.0,nearest,2024
LFLI,2,2,0,0,departures,0.0,0.0,nearest,2024
ORNI,2,2,0,0,departures,0.0,0.0,nearest,2024
LFAT,2,2,1,1,departures,0.5,0.5,nearest,2024
ENQK,2,0,0,0,departures,0.0,0.0,nearest,2024
ENQS,2,0,0,0,departures,0.0,0.0,nearest,2024
ENSE,2,0,0,0,departures,0.0,0.0,nearest,2024
ENBE,2,0,0,0,departures,0.0,0.0,nearest,2024
LCRA,2,0,0,2,departures,0.0,1.0,nearest,2024
ULWC,2,2,0,0,departures,0.0,0.0,nearest,2024
EFKS,2,2,1,2,departures,0.5,1.0,nearest,2024
EVGA,2,2,0,0,departures,0.0,0.0,nearest,2024
EHBL,2,1,0,0,departures,0.0,0.0,nearest,2024
EIWT,2,1,0,0,departures,0.0,0.0,nearest,2024
LKVO,2,2,0,0,departures,0.0,0.0,nearest,2024
LIRE,2,2,2,2,departures,1.0,1.0,nearest,2024
ENUK,2,0,0,0,departures,0.0,0.0,nearest,2024
ENUD,2,0,0,0,departures,0.0,0.0,nearest,2024
EDAH,2,2,2,2,departures,1.0,1.0,nearest,2024
ENQJ,2,0,0,0,departures,0.0,0.0,nearest,2024
ENUB,2,0,0,0,departures,0.0,0.0,nearest,2024
DAUH,2,1,0,0,arrivals,0.0,0.0,nearest,2024
LGSO,2,2,0,0,arrivals,0.0,0.0,nearest,2024
LFQG,2,1,1,1,arrivals,0.5,0.5,nearest,2024
ENQO,2,0,0,0,arrivals,0.0,0.0,nearest,2024
LFLU,2,2,2,2,arrivals,1.0,1.0,nearest,2024
EHJA,2,1,0,0,arrivals,0.0,0.0,nearest,2024
LSMP,2,1,0,3,arrivals,0.0,1.5,nearest,2024
LSZS,2,2,0,3,arrivals,0.0,1.5,nearest,2024
UWSG,2,2,1,3,arrivals,0.5,1.5,nearest,2024
EHTW,2,2,2,2,arrivals,1.0,1.0,nearest,2024
EDQM,2,2,1,1,arrivals,0.5,0.5,nearest,2024
EGFE,2,0,0,1,arrivals,0.0,0.5,nearest,2024
EHKJ,2,0,0,0,arrivals,0.0,0.0,nearest,2024
EHGQ,2,1,0,0,arrivals,0.0,0.0,nearest,2024
LFOH,2,2,0,0,arrivals,0.0,0.0,nearest,2024
EDMS,2,2,0,0,arrivals,0.0,0.0,nearest,2024
OJAQ,2,2,0,12,arrivals,0.0,6.0,nearest,2024
GMAT,2,0,0,0,arrivals,0.0,0.0,nearest,2024
BITN,2,0,0,0,arrivals,0.0,0.0,nearest,2024
LHKK,2,2,0,0,arrivals,0.0,0.0,nearest,2024
EGBP,2,2,0,0,arrivals,0.0,0.0,nearest,2024
LFLI,2,1,0,0,arrivals,0.0,0.0,nearest,2024
EDFE,2,2,0,0,arrivals,0.0,0.0,nearest,2024
ENSE,2,0,0,0,arrivals,0.0,0.0,nearest,2024
ESOK,2,1,1,1,arrivals,0.5,0.5,nearest,2024
EHJF,2,0,0,0,arrivals,0.0,0.0,nearest,2024
ENOC,2,0,0,0,arrivals,0.0,0.0,nearest,2024
ENBE,2,0,0,0,arrivals,0.0,0.0,nearest,2024
EKDF,2,1,0,0,arrivals,0.0,0.0,nearest,2024
EFKT,2,2,0,1,arrivals,0.0,0.5,nearest,2024
DTTX,2,2,0,0,arrivals,0.0,0.0,nearest,2024
EGVN,2,1,0,0,arrivals,0.0,0.0,nearest,2024
ULWC,2,2,0,5,arrivals,0.0,2.5,nearest,2024
EFKS,2,2,1,3,arrivals,0.5,1.5,nearest,2024
EHFR,2,1,0,0,arrivals,0.0,0.0,nearest,2024
UDSG,2,2,2,54,arrivals,1.0,27.0,nearest,2024
EVGA,2,2,0,0,arrivals,0.0,0.0,nearest,2024
EKHB,2,1,0,0,arrivals,0.0,0.0,nearest,2024
ENQE,2,0,0,0,arrivals,0.0,0.0,nearest,2024
EHGN,2,1,0,0,arrivals,0.0,0.0,nearest,2024
ESOW,2,2,2,2,arrivals,1.0,1.0,nearest,2024
ENUN,2,0,0,0,arrivals,0.0,0.0,nearest,2024
LKVO,2,2,0,0,arrivals,0.0,0.0,nearest,2024
ENLA,2,0,0,0,arrivals,0.0,0.0,nearest,2024
EGNL,2,1,1,2,arrivals,0.5,1.0,nearest,2024
EDRZ,2,1,0,0,arrivals,0.0,0.0,nearest,2024
LFOP,2,1,1,1,arrivals,0.5,0.5,nearest,2024
BIVO,2,0,0,0,arrivals,0.0,0.0,nearest,2024
LIRU,2,2,1,1,arrivals,0.5,0.5,nearest,2024
URWA,2,0,0,1,arrivals,0.0,0.5,nearest,2024
ENWE,2,0,0,0,arrivals,0.0,0.0,nearest,2024
ESSP,2,2,2,2,arrivals,1.0,1.0,nearest,2024
LTCM,2,2,0,8,arrivals,0.0,4.0,nearest,2024
ETMN,2,2,2,2,arrivals,1.0,1.0,nearest,2024
ORNI,2,2,0,0,arrivals,0.0,0.0,nearest,2024
DAOI,2,2,2,3,arrivals,1.0,1.5,nearest,2024
LCRA,2,2,1,10,arrivals,0.5,5.0,nearest,2024
EGTF,2,2,0,0,arrivals,0.0,0.0,nearest,2024
ENWA,2,0,0,0,arrivals,0.0,0.0,nearest,2024
LPBG,2,2,0,0,arrivals,0.0,0.0,nearest,2024
EKSI,2,2,0,0,arrivals,0.0,0.0,nearest,2024
LESA,2,2,2,3,arrivals,1.0,1.5,nearest,2024
EHFB,2,0,0,0,arrivals,0.0,0.0,nearest,2024
ENUK,2,0,0,0,arrivals,0.0,0.0,nearest,2024
LHPR,2,1,1,4,arrivals,0.5,2.0,nearest,2024
ENQJ,2,0,0,0,arrivals,0.0,0.0,nearest,2024
ENWR,1,0,0,0,departures,0.0,0.0,nearest,2024
EDAV,1,1,0,0,departures,0.0,0.0,nearest,2024
HEAL,1,1,0,1,departures,0.0,1.0,nearest,2024
LFMQ,1,1,1,1,departures,1.0,1.0,nearest,2024
ETAR,1,1,1,1,departures,1.0,1.0,nearest,2024
EHKG,1,0,0,0,departures,0.0,0.0,nearest,2024
EDXJ,1,1,0,0,departures,0.0,0.0,nearest,2024
UMGG,1,1,0,0,departures,0.0,0.0,nearest,2024
EDLE,1,1,0,0,departures,0.0,0.0,nearest,2024
EDAY,1,0,0,0,departures,0.0,0.0,nearest,2024
LFEV,1,1,0,0,departures,0.0,0.0,nearest,2024
DTKA,1,1,0,5,departures,0.0,5.0,nearest,2024
LIPV,1,1,0,0,departures,0.0,0.0,nearest,2024
LFBA,1,0,0,0,departures,0.0,0.0,nearest,2024
EGBP,1,1,0,0,departures,0.0,0.0,nearest,2024
OETB,1,1,0,0,departures,0.0,0.0,nearest,2024
LFGF,1,1,0,0,departures,0.0,0.0,nearest,2024
LEDA,1,1,1,1,departures,1.0,1.0,nearest,2024
EHFO,1,0,0,0,departures,0.0,0.0,nearest,2024
EDAE,1,0,0,0,departures,0.0,0.0,nearest,2024
EHJF,1,0,0,0,departures,0.0,0.0,nearest,2024
EHQT,1,0,0,0,departures,0.0,0.0,nearest,2024
LFAQ,1,1,0,0,departures,0.0,0.0,nearest,2024
ENWK,1,0,0,0,departures,0.0,0.0,nearest,2024
LFRI,1,0,0,1,departures,0.0,1.0,nearest,2024
USKK,1,1,0,17,departures,0.0,17.0,nearest,2024
EHJM,1,0,0,0,departures,0.0,0.0,nearest,2024
LESA,1,1,1,1,departures,1.0,1.0,nearest,2024
EHPG,1,0,0,0,departures,0.0,0.0,nearest,2024
EHGN,1,1,0,0,departures,0.0,0.0,nearest,2024
EKAF,1,0,0,0,departures,0.0,0.0,nearest,2024
LSZG,1,0,0,1,departures,0.0,1.0,nearest,2024
EBMB,1,1,0,0,departures,0.0,0.0,nearest,2024
DTTZ,1,1,0,0,departures,0.0,0.0,nearest,2024
LGKZ,1,1,1,2,departures,1.0,2.0,nearest,2024
LRTC,1,1,0,0,departures,0.0,0.0,nearest,2024
LKKB,1,0,0,0,departures,0.0,0.0,nearest,2024
EDRK,1,1,0,0,departures,0.0,0.0,nearest,2024
EFLP,1,1,0,0,departures,0.0,0.0,nearest,2024
ENQO,1,0,0,0,departures,0.0,0.0,nearest,2024
GMAZ,1,0,0,0,departures,0.0,0.0,nearest,2024
ULPB,1,1,0,4,departures,0.0,4.0,nearest,2024
ENQL,1,0,0,0,departures,0.0,0.0,nearest,2024
LLOV,1,0,0,0,departures,0.0,0.0,nearest,2024
ENXK,1,0,0,0,departures,0.0,0.0,nearest,2024
UGSA,1,0,0,0,departures,0.0,0.0,nearest,2024
EGFE,1,1,1,1,departures,1.0,1.0,nearest,2024
ENUE,1,0,0,0,departures,0.0,0.0,nearest,2024
LFQA,1,1,0,0,departures,0.0,0.0,nearest,2024
LFDI,1,1,0,0,departures,0.0,0.0,nearest,2024
LIRU,1,1,0,0,departures,0.0,0.0,nearest,2024
LKLN,1,1,1,1,departures,1.0,1.0,nearest,2024
EHFQ,1,0,0,0,departures,0.0,0.0,nearest,2024
EHMG,1,0,0,0,departures,0.0,0.0,nearest,2024
LKHK,1,0,0,0,departures,0.0,0.0,nearest,2024
LPBJ,1,1,1,1,departures,1.0,1.0,nearest,2024
LDLO,1,1,0,0,departures,0.0,0.0,nearest,2024
EHMA,1,0,0,0,departures,0.0,0.0,nearest,2024
ENNE,1,0,0,0,departures,0.0,0.0,nearest,2024
URMT,1,1,1,1,departures,1.0,1.0,nearest,2024
LIPN,1,0,0,0,departures,0.0,0.0,nearest,2024
LRAR,1,1,0,14,departures,0.0,14.0,nearest,2024
LFLH,1,1,0,0,departures,0.0,0.0,nearest,2024
EGQS,1,0,0,2,departures,0.0,2.0,nearest,2024
ENQM,1,0,0,0,departures,0.0,0.0,nearest,2024
EHKS,1,0,0,0,departures,0.0,0.0,nearest,2024
EDFE,1,1,0,0,departures,0.0,0.0,nearest,2024
LPPM,1,1,0,29,departures,0.0,29.0,nearest,2024
LFSG,1,1,0,0,departures,0.0,0.0,nearest,2024
HLLQ,1,1,0,0,departures,0.0,0.0,nearest,2024
EDWI,1,0,0,0,departures,0.0,0.0,nearest,2024
EDTL,1,1,1,1,departures,1.0,1.0,nearest,2024
ULOO,1,1,0,1,departures,0.0,1.0,nearest,2024
EHKX,1,0,0,0,departures,0.0,0.0,nearest,2024
LFPV,1,1,0,0,departures,0.0,0.0,nearest,2024
EHLU,1,0,0,0,departures,0.0,0.0,nearest,2024
EGTF,1,1,0,0,departures,0.0,0.0,nearest,2024
ENWA,1,0,0,0,departures,0.0,0.0,nearest,2024
LFPT,1,0,0,0,departures,0.0,0.0,nearest,2024
DAAV,1,1,0,48,departures,0.0,48.0,nearest,2024
OENN,1,1,0,1,departures,0.0,1.0,nearest,2024
BIHN,1,1,0,0,departures,0.0,0.0,nearest,2024
LPBG,1,1,0,0,departures,0.0,0.0,nearest,2024
LHSM,1,1,1,2,departures,1.0,2.0,nearest,2024
LKKU,1,1,1,4,departures,1.0,4.0,nearest,2024
LFRE,1,1,0,0,departures,0.0,0.0,nearest,2024
UUBC,1,1,0,0,departures,0.0,0.0,nearest,2024
UUBI,1,1,0,0,departures,0.0,0.0,nearest,2024
UKLU,1,1,1,2,departures,1.0,2.0,nearest,2024
LGKA,1,1,0,0,departures,0.0,0.0,nearest,2024
LFGA,1,1,1,1,departures,1.0,1.0,nearest,2024
EHFB,1,0,0,0,departures,0.0,0.0,nearest,2024
LOIJ,1,1,0,0,departures,0.0,0.0,nearest,2024
GMMD,1,1,0,46,departures,0.0,46.0,nearest,2024
LPVZ,1,1,0,0,departures,0.0,0.0,nearest,2024
BIGJ,1,1,0,0,departures,0.0,0.0,nearest,2024
LJPZ,1,1,1,1,departures,1.0,1.0,nearest,2024
EHKE,1,0,0,0,departures,0.0,0.0,nearest,2024
UBBL,1,1,0,0,departures,0.0,0.0,nearest,2024
LFOV,1,0,0,0,departures,0.0,0.0,nearest,2024
UWLL,1,0,0,0,departures,0.0,0.0,nearest,2024
ENDP,1,0,0,0,departures,0.0,0.0,nearest,2024
LJMB,1,1,1,4,departures,1.0,4.0,nearest,2024
EGXC,1,1,1,1,departures,1.0,1.0,nearest,2024
ESGT,1,0,0,0,departures,0.0,0.0,nearest,2024
EGTC,1,1,0,1,arrivals,0.0,1.0,nearest,2024
EHFT,1,0,0,0,arrivals,0.0,0.0,nearest,2024
ENQV,1,0,0,0,arrivals,0.0,0.0,nearest,2024
EDXJ,1,1,0,0,arrivals,0.0,0.0,nearest,2024
LFPM,1,0,0,3,arrivals,0.0,3.0,nearest,2024
UMGG,1,0,0,0,arrivals,0.0,0.0,nearest,2024
OJAM,1,1,0,16,arrivals,0.0,16.0,nearest,2024
LIPV,1,1,0,0,arrivals,0.0,0.0,nearest,2024
LFBA,1,0,0,2,arrivals,0.0,2.0,nearest,2024
LFGF,1,1,0,0,arrivals,0.0,0.0,nearest,2024
EHFD,1,1,0,0,arrivals,0.0,0.0,nearest,2024
EDAE,1,0,0,0,arrivals,0.0,0.0,nearest,2024
ENQB,1,1,0,0,arrivals,0.0,0.0,nearest,2024
EHQT,1,0,0,0,arrivals,0.0,0.0,nearest,2024
LFAQ,1,1,0,0,arrivals,0.0,0.0,nearest,2024
ENWK,1,0,0,0,arrivals,0.0,0.0,nearest,2024
EDTL,1,1,1,2,arrivals,1.0,2.0,nearest,2024
LFPV,1,1,0,0,arrivals,0.0,0.0,nearest,2024
HEAR,1,1,0,8,arrivals,0.0,8.0,nearest,2024
USKK,1,1,0,5,arrivals,0.0,5.0,nearest,2024
EDFB,1,1,0,0,arrivals,0.0,0.0,nearest,2024
EHJM,1,0,0,0,arrivals,0.0,0.0,nearest,2024
LESU,1,1,1,2,arrivals,1.0,2.0,nearest,2024
LHSM,1,1,1,1,arrivals,1.0,1.0,nearest,2024
EHPG,1,0,0,0,arrivals,0.0,0.0,nearest,2024
EFPO,1,1,1,1,arrivals,1.0,1.0,nearest,2024
EKAF,1,0,0,0,arrivals,0.0,0.0,nearest,2024
GMMD,1,1,0,43,arrivals,0.0,43.0,nearest,2024
BIGJ,1,1,0,0,arrivals,0.0,0.0,nearest,2024
LFHQ,1,1,0,0,arrivals,0.0,0.0,nearest,2024
LFOV,1,1,0,0,arrivals,0.0,0.0,nearest,2024
EKTW,1,0,0,0,arrivals,0.0,0.0,nearest,2024
EDRK,1,1,0,0,arrivals,0.0,0.0,nearest,2024
EGXC,1,1,1,1,arrivals,1.0,1.0,nearest,2024
ESGT,1,0,0,0,arrivals,0.0,0.0,nearest,2024
EFLP,1,1,1,1,arrivals,1.0,1.0,nearest,2024
ULAA,1,1,0,1,arrivals,0.0,1.0,nearest,2024
EHPK,1,0,0,0,arrivals,0.0,0.0,nearest,2024
LFBU,1,0,0,0,arrivals,0.0,0.0,nearest,2024
LFPN,1,1,0,0,arrivals,0.0,0.0,nearest,2024
LFRC,1,1,1,2,arrivals,1.0,2.0,nearest,2024
GMAZ,1,0,0,0,arrivals,0.0,0.0,nearest,2024
LTBU,1,1,1,4,arrivals,1.0,4.0,nearest,2024
ULPB,1,1,0,23,arrivals,0.0,23.0,nearest,2024
ENQL,1,0,0,0,arrivals,0.0,0.0,nearest,2024
LLOV,1,0,0,0,arrivals,0.0,0.0,nearest,2024
HEAL,1,1,0,2,arrivals,0.0,2.0,nearest,2024
ENXK,1,0,0,0,arrivals,0.0,0.0,nearest,2024
UGSA,1,0,0,0,arrivals,0.0,0.0,nearest,2024
ETAR,1,0,0,0,arrivals,0.0,0.0,nearest,2024
DABT,1,1,0,0,arrivals,0.0,0.0,nearest,2024
LFQA,1,1,0,0,arrivals,0.0,0.0,nearest,2024
ENXB,1,0,0,0,arrivals,0.0,0.0,nearest,2024
LKLN,1,1,0,0,arrivals,0.0,0.0,nearest,2024
ENXO,1,0,0,0,arrivals,0.0,0.0,nearest,2024
EHFQ,1,0,0,0,arrivals,0.0,0.0,nearest,2024
LFAV,1,0,0,0,arrivals,0.0,0.0,nearest,2024
LPBJ,1,1,1,1,arrivals,1.0,1.0,nearest,2024
LDLO,1,1,0,0,arrivals,0.0,0.0,nearest,2024
EGTB,1,1,0,0,arrivals,0.0,0.0,nearest,2024
EHMA,1,0,0,0,arrivals,0.0,0.0,nearest,2024
ENNE,1,0,0,0,arrivals,0.0,0.0,nearest,2024
DTKA,1,1,0,10,arrivals,0.0,10.0,nearest,2024
LRAR,1,1,0,22,arrivals,0.0,22.0,nearest,2024
LFLH,1,1,0,0,arrivals,0.0,0.0,nearest,2024
EGQS,1,0,0,0,arrivals,0.0,0.0,nearest,2024
LEDA,1,1,1,1,arrivals,1.0,1.0,nearest,2024
ENQM,1,0,0,0,arrivals,0.0,0.0,nearest,2024
EHKS,1,0,0,0,arrivals,0.0,0.0,nearest,2024
EDBJ,1,1,0,0,arrivals,0.0,0.0,nearest,2024
LPPM,1,1,1,88,arrivals,1.0,88.0,nearest,2024
ENQK,1,0,0,0,arrivals,0.0,0.0,nearest,2024
EPSK,1,0,0,0,arrivals,0.0,0.0,nearest,2024
LFSG,1,1,0,0,arrivals,0.0,0.0,nearest,2024
EHMR,1,0,0,0,arrivals,0.0,0.0,nearest,2024
ENWG,1,0,0,0,arrivals,0.0,0.0,nearest,2024
EKGC,1,1,0,0,arrivals,0.0,0.0,nearest,2024
EDWI,1,0,0,0,arrivals,0.0,0.0,nearest,2024
ULOO,1,0,0,3,arrivals,0.0,3.0,nearest,2024
LZZI,1,1,0,1,arrivals,0.0,1.0,nearest,2024
DAAV,1,1,1,78,arrivals,1.0,78.0,nearest,2024
BIHN,1,1,0,11,arrivals,0.0,11.0,nearest,2024
EDGE,1,1,1,4,arrivals,1.0,4.0,nearest,2024
EDLN,1,1,0,0,arrivals,0.0,0.0,nearest,2024
LKKU,1,1,1,4,arrivals,1.0,4.0,nearest,2024
LFRE,1,1,0,0,arrivals,0.0,0.0,nearest,2024
ENWI,1,0,0,0,arrivals,0.0,0.0,nearest,2024
ENXZ,1,0,0,0,arrivals,0.0,0.0,nearest,2024
UUBC,1,1,0,0,arrivals,0.0,0.0,nearest,2024
UUBI,1,1,0,1,arrivals,0.0,1.0,nearest,2024
LGKA,1,1,0,0,arrivals,0.0,0.0,nearest,2024
EHKP,1,0,0,0,arrivals,0.0,0.0,nearest,2024
GMMB,1,0,0,0,arrivals,0.0,0.0,nearest,2024
LFGA,1,1,1,1,arrivals,1.0,1.0,nearest,2024
EIWT,1,0,0,0,arrivals,0.0,0.0,nearest,2024
LOIJ,1,1,0,0,arrivals,0.0,0.0,nearest,2024
LIRE,1,1,0,0,arrivals,0.0,0.0,nearest,2024
LILE,1,1,1,1,arrivals,1.0,1.0,nearest,2024
LJPZ,1,1,1,2,arrivals,1.0,2.0,nearest,2024
EBMB,1,1,0,0,arrivals,0.0,0.0,nearest,2024
UBBL,1,0,0,0,arrivals,0.0,0.0,nearest,2024
DTTZ,1,1,0,0,arrivals,0.0,0.0,nearest,2024
UWLL,1,1,0,5,arrivals,0.0,5.0,nearest,2024
LGKZ,1,1,1,2,arrivals,1.0,2.0,nearest,2024
EDAH,1,1,1,3,arrivals,1.0,3.0,nearest,2024
LFRD,1,1,1,1,arrivals,1.0,1.0,nearest,2024
ENDP,1,0,0,0,arrivals,0.0,0.0,nearest,2024
OOA,7408,410,354,513,arrivals,0.04778617710583153,0.06924946004319654,shipped,2024
OOA,7371,694,588,647,departures,0.07977207977207977,0.08777642110975445,shipped,2024
LFPG,2124,1887,1884,1897,departures,0.8870056497175142,0.8931261770244822,shipped,2024
EHAM,2123,1950,1947,1964,departures,0.917098445595855,0.9251059821008007,shipped,2024
EHAM,2119,1729,1719,1739,arrivals,0.8112317130722039,0.8206701274185937,shipped,2024
LFPG,2118,1598,1580,1598,arrivals,0.7459867799811143,0.7544853635505193,shipped,2024
LTFM,2104,1915,1908,1917,departures,0.9068441064638784,0.9111216730038023,shipped,2024
LTFM,2073,1521,1510,1531,arrivals,0.7284129281234926,0.738543174143753,shipped,2024
EGLL,2023,1854,1854,1887,departures,0.9164607019278299,0.9327731092436975,shipped,2024
EGLL,2017,1484,1467,1561,arrivals,0.7273177987109569,0.7739216658403569,shipped,2024
EDDF,1981,1840,1839,1846,departures,0.928319030792529,0.9318525996971226,shipped,2024
EDDF,1973,1549,1542,1552,arrivals,0.7815509376583882,0.7866193613786112,shipped,2024
LEMD,1789,1414,1399,1411,arrivals,0.7820011179429849,0.7887087758524315,shipped,2024
LEMD,1788,1614,1611,1616,departures,0.9010067114093959,0.9038031319910514,shipped,2024
LEBL,1563,1442,1438,1442,departures,0.9200255918106206,0.9225847728726807,shipped,2024
LEBL,1563,1369,1364,1373,arrivals,0.872680742162508,0.8784388995521433,shipped,2024
LIRF,1464,1172,1168,1171,arrivals,0.7978142076502732,0.799863387978142,shipped,2024
LIRF,1463,1322,1320,1326,departures,0.9022556390977443,0.9063568010936432,shipped,2024
EDDM,1459,1289,1275,1294,arrivals,0.8738862234407128,0.8869088416723784,shipped,2024
EDDM,1452,1358,1354,1359,departures,0.9325068870523416,0.9359504132231405,shipped,2024
LTAI,1327,1016,1013,1022,departures,0.7633760361718162,0.7701582516955539,shipped,2024
LEPA,1320,1087,1081,1088,arrivals,0.818939393939394,0.8242424242424242,shipped,2024
LTAI,1309,156,145,145,arrivals,0.11077158135981666,0.11077158135981666,shipped,2024
LEPA,1302,1156,1151,1151,departures,0.8840245775729647,0.8840245775729647,shipped,2024
LGAV,1283,425,408,408,arrivals,0.3180046765393609,0.3180046765393609,shipped,2024
LGAV,1273,1116,1111,1127,departures,0.8727415553809897,0.8853102906520032,shipped,2024
EGKK,1261,1102,1101,1101,arrivals,0.873116574147502,0.873116574147502,shipped,2024
EGKK,1260,1180,1180,1180,departures,0.9365079365079365,0.9365079365079365,shipped,2024
LOWW,1171,1066,1064,1065,departures,0.9086251067463706,0.9094790777113578,shipped,2024
LOWW,1160,975,973,981,arrivals,0.8387931034482758,0.8456896551724138,shipped,2024
EKCH,1157,968,962,970,arrivals,0.8314606741573034,0.8383751080380294,shipped,2024
EKCH,1152,1022,1019,1021,departures,0.8845486111111112,0.8862847222222222,shipped,2024
LSZH,1138,1061,1052,1058,departures,0.9244288224956063,0.929701230228471,shipped,2024
EIDW,1135,981,977,983,arrivals,0.8607929515418502,0.866079295154185,shipped,2024
EIDW,1134,1037,1037,1039,departures,0.9144620811287478,0.9162257495590829,shipped,2024
LSZH,1122,967,954,969,arrivals,0.8502673796791443,0.8636363636363636,shipped,2024
ENGM,1093,987,985,997,arrivals,0.9011893870082343,0.9121683440073193,shipped,2024
ENGM,1087,1005,1003,1015,departures,0.922723091076357,0.9337626494940202,shipped,2024
LPPT,988,929,924,924,departures,0.9352226720647774,0.9352226720647774,shipped,2024
LTFJ,985,944,943,949,departures,0.9573604060913705,0.9634517766497462,shipped,2024
LPPT,980,814,809,811,arrivals,0.8255102040816327,0.8275510204081633,shipped,2024
LIMC,971,791,781,788,arrivals,0.8043254376930999,0.811534500514933,shipped,2024
LTFJ,971,842,838,839,arrivals,0.86302780638517,0.8640576725025747,shipped,2024
LIMC,952,868,864,867,departures,0.907563025210084,0.9107142857142857,shipped,2024
LFPO,952,847,847,850,departures,0.8897058823529411,0.8928571428571429,shipped,2024
LFPO,946,815,814,817,arrivals,0.8604651162790697,0.8636363636363636,shipped,2024
EDDB,942,834,820,842,arrivals,0.8704883227176221,0.8938428874734607,shipped,2024
EDDB,937,850,844,853,departures,0.9007470651013874,0.9103521878335112,shipped,2024
EGCC,928,856,854,855,departures,0.9202586206896551,0.9213362068965517,shipped,2024
EGCC,925,760,756,764,arrivals,0.8172972972972973,0.825945945945946,shipped,2024
EGSS,906,811,806,809,arrivals,0.8896247240618101,0.8929359823399559,shipped,2024
EGSS,898,840,838,838,departures,0.933184855233853,0.933184855233853,shipped,2024
EBBR,847,780,778,785,departures,0.9185360094451004,0.9268004722550177,shipped,2024
ESSA,847,721,717,721,arrivals,0.846517119244392,0.8512396694214877,shipped,2024
EBBR,839,712,709,726,arrivals,0.8450536352800954,0.865315852205006,shipped,2024
ESSA,830,707,704,707,departures,0.8481927710843373,0.8518072289156626,shipped,2024
EPWA,817,778,775,778,departures,0.9485924112607099,0.9522643818849449,shipped,2024
EPWA,806,712,708,713,arrivals,0.8784119106699751,0.8846153846153846,shipped,2024
LEMG,775,707,700,703,arrivals,0.9032258064516129,0.9070967741935484,shipped,2024
LEMG,769,705,702,706,departures,0.9128738621586476,0.918075422626788,shipped,2024
EDDL,758,694,690,699,departures,0.9102902374670184,0.9221635883905013,shipped,2024
EDDL,752,664,657,666,arrivals,0.8736702127659575,0.8856382978723404,shipped,2024
LFMN,732,635,608,659,arrivals,0.8306010928961749,0.9002732240437158,shipped,2024
LSGG,710,610,596,630,arrivals,0.8394366197183099,0.8873239436619719,shipped,2024
LFMN,708,622,605,611,departures,0.8545197740112994,0.8629943502824858,shipped,2024
LSGG,702,638,630,648,departures,0.8974358974358975,0.9230769230769231,shipped,2024
EFHK,661,573,570,571,arrivals,0.8623298033282905,0.8638426626323752,shipped,2024
EFHK,654,605,603,607,departures,0.9220183486238532,0.9281345565749235,shipped,2024
LKPR,629,579,575,578,departures,0.9141494435612083,0.918918918918919,shipped,2024
LKPR,610,534,528,532,arrivals,0.8655737704918033,0.8721311475409836,shipped,2024
EGGW,591,523,517,526,departures,0.8747884940778342,0.8900169204737732,shipped,2024
EGPH,590,496,493,502,arrivals,0.8355932203389831,0.8508474576271187,shipped,2024
EGPH,588,522,519,521,departures,0.8826530612244898,0.8860544217687075,shipped,2024
EGGW,586,498,484,509,arrivals,0.825938566552901,0.8686006825938567,shipped,2024
EDDK,563,475,472,475,departures,0.8383658969804618,0.8436944937833037,shipped,2024
EDDH,559,519,515,535,arrivals,0.9212880143112702,0.9570661896243292,shipped,2024
EDDH,554,524,522,537,departures,0.9422382671480144,0.9693140794223827,shipped,2024
EDDK,552,443,439,449,arrivals,0.7952898550724637,0.8134057971014492,shipped,2024
LHBP,547,502,500,502,departures,0.9140767824497258,0.9177330895795247,shipped,2024
LHBP,546,461,457,462,arrivals,0.836996336996337,0.8461538461538461,shipped,2024
LROP,527,450,449,449,departures,0.8519924098671727,0.8519924098671727,shipped,2024
LROP,526,420,419,420,arrivals,0.7965779467680608,0.7984790874524715,shipped,2024
LEAL,525,485,484,487,arrivals,0.9219047619047619,0.9276190476190476,shipped,2024
LEAL,523,486,486,488,departures,0.9292543021032504,0.9330783938814532,shipped,2024
LIML,514,445,429,433,departures,0.8346303501945526,0.8424124513618677,shipped,2024
GCLP,510,4,0,0,arrivals,0.0,0.0,shipped,2024
GCLP,507,0,0,0,departures,0.0,0.0,shipped,2024
LPPR,503,440,437,440,arrivals,0.8687872763419483,0.8747514910536779,shipped,2024
LPPR,498,460,460,462,departures,0.9236947791164659,0.927710843373494,shipped,2024
LIML,497,432,416,450,arrivals,0.8370221327967807,0.9054325955734407,shipped,2024
LIME,492,455,453,454,arrivals,0.9207317073170732,0.9227642276422764,shipped,2024
LIME,487,457,456,456,departures,0.9363449691991786,0.9363449691991786,shipped,2024
LLBG,483,394,373,377,departures,0.772256728778468,0.7805383022774327,shipped,2024
LLBG,475,222,44,44,arrivals,0.09263157894736843,0.09263157894736843,shipped,2024
LFML,472,398,395,399,arrivals,0.836864406779661,0.8453389830508474,shipped,2024
LFML,467,396,395,397,departures,0.8458244111349036,0.8501070663811563,shipped,2024
LIRN,452,189,17,18,departures,0.03761061946902655,0.03982300884955752,shipped,2024
LEIB,451,393,381,391,arrivals,0.844789356984479,0.8669623059866962,shipped,2024
LIRN,451,4,0,0,arrivals,0.0,0.0,shipped,2024
EGBB,446,389,388,389,departures,0.8699551569506726,0.8721973094170403,shipped,2024
EGBB,441,355,349,354,arrivals,0.7913832199546486,0.8027210884353742,shipped,2024
LEIB,436,387,383,392,departures,0.8784403669724771,0.8990825688073395,shipped,2024
LIPZ,429,365,355,365,arrivals,0.8275058275058275,0.8508158508158508,shipped,2024
LFLL,424,295,281,286,arrivals,0.6627358490566038,0.6745283018867925,shipped,2024
LFLL,422,358,358,365,departures,0.8483412322274881,0.8649289099526066,shipped,2024
LIPZ,422,367,365,369,departures,0.8649289099526066,0.8744075829383886,shipped,2024
ENBR,417,352,352,361,departures,0.8441247002398081,0.8657074340527577,shipped,2024
ENBR,415,347,347,355,arrivals,0.8361445783132531,0.8554216867469879,shipped,2024
EDDS,414,359,352,361,arrivals,0.8502415458937198,0.8719806763285024,shipped,2024
EDDS,408,356,350,350,departures,0.8578431372549019,0.8578431372549019,shipped,2024
LIPE,390,363,361,363,departures,0.9256410256410257,0.9307692307692308,shipped,2024
LIPE,389,359,351,355,arrivals,0.9023136246786633,0.9125964010282777,shipped,2024
LICC,387,168,147,149,departures,0.3798449612403101,0.3850129198966408,shipped,2024
LICC,384,81,52,52,arrivals,0.13541666666666666,0.13541666666666666,shipped,2024
LTAC,379,3,0,0,departures,0.0,0.0,shipped,2024
EGGD,376,341,341,343,arrivals,0.9069148936170213,0.9122340425531915,shipped,2024
EGGD,375,343,342,342,departures,0.912,0.912,shipped,2024
LYBE,373,323,321,321,departures,0.8605898123324397,0.8605898123324397,shipped,2024
LGIR,373,3,0,0,departures,0.0,0.0,shipped,2024
LGIR,373,4,0,0,arrivals,0.0,0.0,shipped,2024
EDDP,373,269,262,264,arrivals,0.7024128686327078,0.707774798927614,shipped,2024
LTAC,368,8,0,0,arrivals,0.0,0.0,shipped,2024
LEVC,365,1,0,0,arrivals,0.0,0.0,shipped,2024
LYBE,364,296,295,298,arrivals,0.8104395604395604,0.8186813186813187,shipped,2024
LEVC,359,145,140,140,departures,0.38997214484679665,0.38997214484679665,shipped,2024
EDDP,358,282,279,280,departures,0.7793296089385475,0.7821229050279329,shipped,2024
GMMN,354,4,0,0,departures,0.0,0.0,shipped,2024
LFBO,354,303,301,307,arrivals,0.8502824858757062,0.867231638418079,shipped,2024
LPFR,353,325,321,330,arrivals,0.9093484419263456,0.9348441926345609,shipped,2024
LPFR,350,328,328,332,departures,0.9371428571428572,0.9485714285714286,shipped,2024
LFBO,350,308,306,308,departures,0.8742857142857143,0.88,shipped,2024
GMMN,348,1,0,0,arrivals,0.0,0.0,shipped,2024
EGPF,340,265,264,265,arrivals,0.7764705882352941,0.7794117647058824,shipped,2024
LFSB,336,309,304,306,arrivals,0.9047619047619048,0.9107142857142857,shipped,2024
EGPF,334,279,275,276,departures,0.8233532934131736,0.8263473053892215,shipped,2024
LFSB,330,307,302,302,departures,0.9151515151515152,0.9151515151515152,shipped,2024
ELLX,328,278,271,278,arrivals,0.8262195121951219,0.8475609756097561,shipped,2024
ELLX,327,297,295,299,departures,0.9021406727828746,0.9143730886850153,shipped,2024
GCXO,327,0,0,0,departures,0.0,0.0,shipped,2024
GCXO,327,1,0,0,arrivals,0.0,0.0,shipped,2024
EPKK,325,300,300,301,departures,0.9230769230769231,0.9261538461538461,shipped,2024
LATI,323,111,111,112,departures,0.34365325077399383,0.34674922600619196,shipped,2024
LTBJ,323,253,203,203,departures,0.628482972136223,0.628482972136223,shipped,2024
EPKK,322,291,291,294,arrivals,0.9037267080745341,0.9130434782608695,shipped,2024
LTBJ,320,1,0,0,arrivals,0.0,0.0,shipped,2024
LATI,319,0,0,0,arrivals,0.0,0.0,shipped,2024
LICJ,312,30,28,28,arrivals,0.08974358974358974,0.08974358974358974,shipped,2024
LMML,311,278,276,279,departures,0.887459807073955,0.8971061093247589,shipped,2024
LICJ,310,271,271,282,departures,0.8741935483870967,0.9096774193548387,shipped,2024
BIKF,308,276,276,276,departures,0.8961038961038961,0.8961038961038961,shipped,2024
LMML,308,266,263,268,arrivals,0.8538961038961039,0.8701298701298701,shipped,2024
BIKF,306,88,87,88,arrivals,0.28431372549019607,0.2875816993464052,shipped,2024
LCLK,302,238,151,151,departures,0.5,0.5,shipped,2024
EBCI,298,284,284,284,departures,0.9530201342281879,0.9530201342281879,shipped,2024
EBCI,298,282,281,283,arrivals,0.9429530201342282,0.9496644295302014,shipped,2024
LCLK,298,209,171,175,arrivals,0.5738255033557047,0.587248322147651,shipped,2024
ENZV,297,63,62,62,arrivals,0.20875420875420875,0.20875420875420875,shipped,2024
ENZV,295,103,103,103,departures,0.34915254237288135,0.34915254237288135,shipped,2024
GCTS,295,0,0,0,departures,0.0,0.0,shipped,2024
GCTS,294,1,0,0,arrivals,0.0,0.0,shipped,2024
LGRP,291,275,274,274,arrivals,0.9415807560137457,0.9415807560137457,shipped,2024
EGNX,288,235,233,236,departures,0.8090277777777778,0.8194444444444444,shipped,2024
EGNX,287,221,217,222,arrivals,0.7560975609756098,0.7735191637630662,shipped,2024
LGRP,284,265,264,265,departures,0.9295774647887324,0.9330985915492958,shipped,2024
EVRA,282,255,255,255,departures,0.9042553191489362,0.9042553191489362,shipped,2024
EVRA,278,242,241,243,arrivals,0.8669064748201439,0.8741007194244604,shipped,2024
LBSF,277,244,242,242,departures,0.8736462093862816,0.8736462093862816,shipped,2024
LBSF,275,240,238,239,arrivals,0.8654545454545455,0.8690909090909091,shipped,2024
LFBD,274,247,246,251,arrivals,0.8978102189781022,0.916058394160584,shipped,2024
EGLC,273,242,242,250,departures,0.8864468864468864,0.9157509157509157,shipped,2024
LEZL,273,250,250,251,arrivals,0.9157509157509157,0.9194139194139194,shipped,2024
LEZL,271,246,246,247,departures,0.9077490774907749,0.9114391143911439,shipped,2024
LFBD,271,245,245,246,departures,0.9040590405904059,0.9077490774907749,shipped,2024
GMMX,268,4,0,0,arrivals,0.0,0.0,shipped,2024
ENVA,266,246,246,250,departures,0.924812030075188,0.9398496240601504,shipped,2024
ENVA,266,32,31,32,arrivals,0.11654135338345864,0.12030075187969924,shipped,2024
EGLC,266,237,223,280,arrivals,0.8383458646616542,1.0526315789473684,shipped,2024
EGAA,265,228,226,229,departures,0.8528301886792453,0.8641509433962264,shipped,2024
LGTS,265,244,243,245,arrivals,0.9169811320754717,0.9245283018867925,shipped,2024
LFRS,264,238,237,239,departures,0.8977272727272727,0.9053030303030303,shipped,2024
LFRS,264,234,227,228,arrivals,0.8598484848484849,0.8636363636363636,shipped,2024
EGAA,263,220,177,178,arrivals,0.6730038022813688,0.6768060836501901,shipped,2024
GMMX,261,1,0,0,departures,0.0,0.0,shipped,2024
LGTS,258,236,235,235,departures,0.9108527131782945,0.9108527131782945,shipped,2024
GCRR,258,2,0,0,arrivals,0.0,0.0,shipped,2024
GCRR,257,0,0,0,departures,0.0,0.0,shipped,2024
LFPB,245,200,164,230,arrivals,0.6693877551020408,0.9387755102040817,shipped,2024
LIBD,244,2,0,0,arrivals,0.0,0.0,shipped,2024
LTBS,243,3,2,2,arrivals,0.00823045267489712,0.00823045267489712,shipped,2024
LIBD,242,3,0,0,departures,0.0,0.0,shipped,2024
LFPB,239,175,161,168,departures,0.6736401673640168,0.702928870292887,shipped,2024
EPGD,238,173,153,153,departures,0.6428571428571429,0.6428571428571429,shipped,2024
EPGD,238,0,0,0,arrivals,0.0,0.0,shipped,2024
LEBB,234,159,140,143,departures,0.5982905982905983,0.6111111111111112,shipped,2024
LTBS,233,142,140,140,departures,0.6008583690987125,0.6008583690987125,shipped,2024
ESGG,232,219,219,220,departures,0.9439655172413793,0.9482758620689655,shipped,2024
ESGG,232,214,213,214,arrivals,0.9181034482758621,0.9224137931034483,shipped,2024
LEBB,231,15,14,14,arrivals,0.06060606060606061,0.06060606060606061,shipped,2024
EDDV,227,217,214,217,departures,0.9427312775330396,0.9559471365638766,shipped,2024
EPKT,227,196,195,195,departures,0.8590308370044053,0.8590308370044053,shipped,2024
EDDV,226,205,204,211,arrivals,0.9026548672566371,0.9336283185840708,shipped,2024
EPKT,226,195,193,194,arrivals,0.8539823008849557,0.8584070796460177,shipped,2024
HECA,221,2,1,1,arrivals,0.004524886877828055,0.004524886877828055,shipped,2024
LTFE,217,175,168,176,arrivals,0.7741935483870968,0.8110599078341014,shipped,2024
HECA,216,7,0,2,departures,0.0,0.009259259259259259,shipped,2024
LGKR,216,11,10,10,arrivals,0.046296296296296294,0.046296296296296294,shipped,2024
LGKR,214,201,199,209,departures,0.9299065420560748,0.9766355140186916,shipped,2024
LIRP,214,185,172,176,arrivals,0.8037383177570093,0.822429906542056,shipped,2024
LEMH,211,175,174,174,departures,0.8246445497630331,0.8246445497630331,shipped,2024
LIRP,211,189,186,193,departures,0.8815165876777251,0.9146919431279621,shipped,2024
LEMH,211,155,154,155,arrivals,0.7298578199052133,0.7345971563981043,shipped,2024
LIEO,211,17,2,2,arrivals,0.009478672985781991,0.009478672985781991,shipped,2024
LDZA,210,181,181,183,departures,0.861904761904762,0.8714285714285714,shipped,2024
UGTB,208,117,108,109,arrivals,0.5192307692307693,0.5240384615384616,shipped,2024
UUEE,207,10,8,10,departures,0.03864734299516908,0.04830917874396135,shipped,2024
LTFE,206,180,175,177,departures,0.8495145631067961,0.8592233009708737,shipped,2024
LDZA,204,145,143,145,arrivals,0.7009803921568627,0.7107843137254902,shipped,2024
LIEO,203,89,84,89,departures,0.41379310344827586,0.43842364532019706,shipped,2024
UUEE,202,1,1,1,arrivals,0.0049504950495049506,0.0049504950495049506,shipped,2024
UGTB,198,166,166,167,departures,0.8383838383838383,0.8434343434343434,shipped,2024
EYVI,197,184,184,185,departures,0.934010152284264,0.9390862944162437,shipped,2024
EYVI,197,178,178,178,arrivals,0.9035532994923858,0.9035532994923858,shipped,2024
HEGN,194,0,0,0,departures,0.0,0.0,shipped,2024
EKBI,194,174,173,174,departures,0.8917525773195877,0.8969072164948454,shipped,2024
HEGN,194,2,0,0,arrivals,0.0,0.0,shipped,2024
EKBI,194,172,170,172,arrivals,0.8762886597938144,0.8865979381443299,shipped,2024
DTTA,193,0,0,0,departures,0.0,0.0,shipped,2024
EHEH,193,176,176,177,departures,0.9119170984455959,0.917098445595855,shipped,2024
DTTA,192,0,0,0,arrivals,0.0,0.0,shipped,2024
UUWW,192,15,0,0,arrivals,0.0,0.0,shipped,2024
EGNT,190,168,168,168,departures,0.8842105263157894,0.8842105263157894,shipped,2024
EGNT,190,157,157,157,arrivals,0.8263157894736842,0.8263157894736842,shipped,2024
EGGP,188,161,159,169,arrivals,0.8457446808510638,0.898936170212766,shipped,2024
EHEH,188,170,169,172,arrivals,0.898936170212766,0.9148936170212766,shipped,2024
EGGP,187,164,162,165,departures,0.8663101604278075,0.8823529411764706,shipped,2024
LIRQ,185,158,158,170,departures,0.8540540540540541,0.918918918918919,shipped,2024
UUWW,185,6,4,5,departures,0.021621621621621623,0.02702702702702703,shipped,2024
EGPD,184,115,115,115,arrivals,0.625,0.625,shipped,2024
LIRQ,184,39,30,30,arrivals,0.16304347826086957,0.16304347826086957,shipped,2024
EETN,183,156,155,155,departures,0.8469945355191257,0.8469945355191257,shipped,2024
EGPD,182,113,112,112,departures,0.6153846153846154,0.6153846153846154,shipped,2024
EETN,181,151,151,151,arrivals,0.8342541436464088,0.8342541436464088,shipped,2024
DAAG,178,54,53,53,departures,0.29775280898876405,0.29775280898876405,shipped,2024
DAAG,178,39,39,39,arrivals,0.21910112359550563,0.21910112359550563,shipped,2024
EGNM,177,155,155,157,arrivals,0.8757062146892656,0.8870056497175142,shipped,2024
EGNM,175,160,160,160,departures,0.9142857142857143,0.9142857142857143,shipped,2024
EDDN,173,160,158,159,departures,0.9132947976878613,0.9190751445086706,shipped,2024
EPWR,173,163,162,162,departures,0.9364161849710982,0.9364161849710982,shipped,2024
GCFV,172,0,0,0,departures,0.0,0.0,shipped,2024
ENBO,172,162,162,259,departures,0.9418604651162791,1.505813953488372,shipped,2024
GCFV,172,1,0,0,arrivals,0.0,0.0,shipped,2024
LGSA,170,142,142,144,departures,0.8352941176470589,0.8470588235294118,shipped,2024
LDSP,170,5,3,3,arrivals,0.01764705882352941,0.01764705882352941,shipped,2024
LGSA,170,90,88,88,arrivals,0.5176470588235295,0.5176470588235295,shipped,2024
EDDN,169,154,151,163,arrivals,0.893491124260355,0.9644970414201184,shipped,2024
ENBO,168,157,157,167,arrivals,0.9345238095238095,0.9940476190476191,shipped,2024
EPWR,168,156,154,154,arrivals,0.9166666666666666,0.9166666666666666,shipped,2024
UDYZ,167,1,0,0,arrivals,0.0,0.0,shipped,2024
LDSP,166,51,48,48,departures,0.2891566265060241,0.2891566265060241,shipped,2024
OLBA,166,72,70,198,departures,0.42168674698795183,1.1927710843373494,shipped,2024
UDYZ,166,85,71,71,departures,0.42771084337349397,0.42771084337349397,shipped,2024
LIEE,165,1,0,0,arrivals,0.0,0.0,shipped,2024
ENTC,165,36,0,0,arrivals,0.0,0.0,shipped,2024
OLBA,164,7,6,223,arrivals,0.036585365853658534,1.3597560975609757,shipped,2024
LIEE,163,40,40,40,departures,0.24539877300613497,0.24539877300613497,shipped,2024
ENTC,161,82,17,19,departures,0.10559006211180125,0.11801242236024845,shipped,2024
LUKK,160,1,0,0,departures,0.0,0.0,shipped,2024
LGKO,160,152,152,159,arrivals,0.95,0.99375,shipped,2024
LUKK,159,0,0,0,arrivals,0.0,0.0,shipped,2024
LIRA,157,142,138,144,departures,0.8789808917197452,0.9171974522292994,shipped,2024
LGKO,154,151,151,157,departures,0.9805194805194806,1.0194805194805194,shipped,2024
LIRA,149,133,124,146,arrivals,0.8322147651006712,0.9798657718120806,shipped,2024
LIMF,149,130,128,129,arrivals,0.8590604026845637,0.8657718120805369,shipped,2024
LGSR,148,4,0,0,arrivals,0.0,0.0,shipped,2024
LIMF,146,127,127,129,departures,0.8698630136986302,0.8835616438356164,shipped,2024
EPPO,145,137,137,138,departures,0.9448275862068966,0.9517241379310345,shipped,2024
LGSR,145,6,4,7,departures,0.027586206896551724,0.04827586206896552,shipped,2024
EPPO,145,134,134,134,arrivals,0.9241379310344827,0.9241379310344827,shipped,2024
UMKK,144,109,109,109,departures,0.7569444444444444,0.7569444444444444,shipped,2024
UMKK,144,36,36,36,arrivals,0.25,0.25,shipped,2024
LDDU,141,3,0,0,departures,0.0,0.0,shipped,2024
LIPX,141,127,125,126,departures,0.8865248226950354,0.8936170212765957,shipped,2024
LDDU,140,0,0,0,arrivals,0.0,0.0,shipped,2024
LIPX,139,127,120,123,arrivals,0.8633093525179856,0.8848920863309353,shipped,2024
EGAC,139,117,117,159,arrivals,0.841726618705036,1.143884892086331,shipped,2024
EGAC,136,96,96,99,departures,0.7058823529411765,0.7279411764705882,shipped,2024
LPPD,135,66,65,66,arrivals,0.48148148148148145,0.4888888888888889,shipped,2024
EBLG,134,109,109,111,departures,0.8134328358208955,0.8283582089552238,shipped,2024
LPPD,133,115,115,167,departures,0.8646616541353384,1.255639097744361,shipped,2024
LTAF,131,1,0,0,arrivals,0.0,0.0,shipped,2024
LTAF,129,7,0,0,departures,0.0,0.0,shipped,2024
LPMA,127,113,113,114,departures,0.889763779527559,0.8976377952755905,shipped,2024
LPMA,127,20,20,20,arrivals,0.15748031496062992,0.15748031496062992,shipped,2024
ULLI,126,5,4,4,departures,0.031746031746031744,0.031746031746031744,shipped,2024
ULLI,126,6,1,1,arrivals,0.007936507936507936,0.007936507936507936,shipped,2024
LFOB,125,120,120,120,departures,0.96,0.96,shipped,2024
LFOB,124,119,118,118,arrivals,0.9516129032258065,0.9516129032258065,shipped,2024
ESSB,123,104,101,103,departures,0.8211382113821138,0.8373983739837398,shipped,2024
ESSB,120,101,99,105,arrivals,0.825,0.875,shipped,2024
LGZA,120,2,0,0,arrivals,0.0,0.0,shipped,2024
LGZA,119,6,0,0,departures,0.0,0.0,shipped,2024
LCPH,118,90,87,88,arrivals,0.7372881355932204,0.7457627118644068,shipped,2024
LCPH,116,50,49,49,departures,0.4224137931034483,0.4224137931034483,shipped,2024
EBLG,116,53,52,55,arrivals,0.4482758620689655,0.47413793103448276,shipped,2024
LTCG,115,72,71,72,arrivals,0.6173913043478261,0.6260869565217392,shipped,2024
LEST,115,62,59,59,arrivals,0.5130434782608696,0.5130434782608696,shipped,2024
LEST,114,89,89,89,departures,0.7807017543859649,0.7807017543859649,shipped,2024
LTCG,112,97,96,98,departures,0.8571428571428571,0.875,shipped,2024
EGLF,112,92,8,11,arrivals,0.07142857142857142,0.09821428571428571,shipped,2024
LRCL,111,0,0,0,arrivals,0.0,0.0,shipped,2024
LRCL,110,3,0,0,departures,0.0,0.0,shipped,2024
LGMK,110,88,86,104,departures,0.7818181818181819,0.9454545454545454,shipped,2024
LGMK,109,65,61,63,arrivals,0.5596330275229358,0.5779816513761468,shipped,2024
EICK,109,93,93,94,arrivals,0.8532110091743119,0.8623853211009175,shipped,2024
EICK,108,95,95,95,departures,0.8796296296296297,0.8796296296296297,shipped,2024
LIBR,108,0,0,0,departures,0.0,0.0,shipped,2024
EGJJ,106,89,88,89,departures,0.8301886792452831,0.839622641509434,shipped,2024
LWSK,106,94,94,94,departures,0.8867924528301887,0.8867924528301887,shipped,2024
LIBR,106,0,0,0,arrivals,0.0,0.0,shipped,2024
EGLF,104,87,83,90,departures,0.7980769230769231,0.8653846153846154,shipped,2024
LWSK,103,92,92,92,arrivals,0.8932038834951457,0.8932038834951457,shipped,2024
BKPR,102,13,13,13,arrivals,0.12745098039215685,0.12745098039215685,shipped,2024
LZIB,102,85,82,87,arrivals,0.803921568627451,0.8529411764705882,shipped,2024
BKPR,101,86,86,86,departures,0.8514851485148515,0.8514851485148515,shipped,2024
OKKK,101,88,88,88,departures,0.8712871287128713,0.8712871287128713,shipped,2024
EGJJ,101,88,85,87,arrivals,0.8415841584158416,0.8613861386138614,shipped,2024
LZIB,99,85,83,84,departures,0.8383838383838383,0.8484848484848485,shipped,2024
OJAI,98,1,0,0,arrivals,0.0,0.0,shipped,2024
GMAD,98,1,0,0,arrivals,0.0,0.0,shipped,2024
LJLJ,98,80,77,79,arrivals,0.7857142857142857,0.8061224489795918,shipped,2024
LDZD,96,77,74,74,arrivals,0.7708333333333334,0.7708333333333334,shipped,2024
OJAI,95,39,13,13,departures,0.1368421052631579,0.1368421052631579,shipped,2024
LJLJ,95,79,79,79,departures,0.8315789473684211,0.8315789473684211,shipped,2024
HESH,95,1,0,0,arrivals,0.0,0.0,shipped,2024
LDZD,94,76,73,75,departures,0.776595744680851,0.7978723404255319,shipped,2024
GMAD,93,0,0,0,departures,0.0,0.0,shipped,2024
EDJA,93,83,82,82,departures,0.8817204301075269,0.8817204301075269,shipped,2024
HESH,93,0,0,0,departures,0.0,0.0,shipped,2024
EHRD,92,91,91,92,departures,0.9891304347826086,1.0,shipped,2024
UUDD,90,16,13,13,departures,0.14444444444444443,0.14444444444444443,shipped,2024
EDJA,90,80,78,79,arrivals,0.8666666666666667,0.8777777777777778,shipped,2024
LICA,89,1,0,0,departures,0.0,0.0,shipped,2024
GCLA,89,0,0,0,departures,0.0,0.0,shipped,2024
LICA,89,2,0,0,arrivals,0.0,0.0,shipped,2024
GCLA,89,0,0,0,arrivals,0.0,0.0,shipped,2024
OKKK,89,11,11,11,arrivals,0.12359550561797752,0.12359550561797752,shipped,2024
EHRD,88,86,86,87,arrivals,0.9772727272727273,0.9886363636363636,shipped,2024
EDDW,87,78,76,77,departures,0.8735632183908046,0.8850574712643678,shipped,2024
EDLW,86,77,77,78,departures,0.8953488372093024,0.9069767441860465,shipped,2024
EDDW,86,73,71,75,arrivals,0.8255813953488372,0.872093023255814,shipped,2024
LEGE,86,65,64,65,arrivals,0.7441860465116279,0.7558139534883721,shipped,2024
EDLW,86,73,72,73,arrivals,0.8372093023255814,0.8488372093023255,shipped,2024
LOWS,86,65,63,74,arrivals,0.7325581395348837,0.8604651162790697,shipped,2024
LIPH,85,79,79,80,departures,0.9294117647058824,0.9411764705882353,shipped,2024
EINN,85,69,69,69,departures,0.8117647058823529,0.8117647058823529,shipped,2024
LOWS,85,67,61,62,departures,0.7176470588235294,0.7294117647058823,shipped,2024
LIPH,85,80,78,78,arrivals,0.9176470588235294,0.9176470588235294,shipped,2024
EINN,84,64,63,63,arrivals,0.75,0.75,shipped,2024
LEGE,83,73,73,74,departures,0.8795180722891566,0.891566265060241,shipped,2024
UUDD,83,9,0,0,arrivals,0.0,0.0,shipped,2024
GMTT,82,69,69,72,arrivals,0.8414634146341463,0.8780487804878049,shipped,2024
ENTO,82,77,76,76,arrivals,0.926829268292683,0.926829268292683,shipped,2024
GMTT,81,70,70,70,departures,0.8641975308641975,0.8641975308641975,shipped,2024
ENTO,80,76,76,78,departures,0.95,0.975,shipped,2024
EGHI,80,47,46,52,arrivals,0.575,0.65,shipped,2024
EGNS,79,56,55,57,arrivals,0.6962025316455697,0.7215189873417721,shipped,2024
EDSB,79,63,63,65,arrivals,0.7974683544303798,0.8227848101265823,shipped,2024
EGJB,79,52,51,52,arrivals,0.6455696202531646,0.6582278481012658,shipped,2024
EGNS,78,55,53,53,departures,0.6794871794871795,0.6794871794871795,shipped,2024
EPMO,78,76,76,76,departures,0.9743589743589743,0.9743589743589743,shipped,2024
LQSA,77,4,2,2,departures,0.025974025974025976,0.025974025974025976,shipped,2024
LBBG,77,64,64,64,arrivals,0.8311688311688312,0.8311688311688312,shipped,2024
LQSA,77,1,0,0,arrivals,0.0,0.0,shipped,2024
EGHI,76,43,43,44,departures,0.5657894736842105,0.5789473684210527,shipped,2024
EKYT,76,67,67,67,departures,0.881578947368421,0.881578947368421,shipped,2024
EPMO,76,72,72,72,arrivals,0.9473684210526315,0.9473684210526315,shipped,2024
EGJB,75,49,49,50,departures,0.6533333333333333,0.6666666666666666,shipped,2024
EGKB,75,61,52,55,departures,0.6933333333333334,0.7333333333333333,shipped,2024
URSS,75,0,0,0,arrivals,0.0,0.0,shipped,2024
EKYT,75,63,63,64,arrivals,0.84,0.8533333333333334,shipped,2024
EDSB,74,63,62,62,departures,0.8378378378378378,0.8378378378378378,shipped,2024
DTTJ,74,0,0,0,arrivals,0.0,0.0,shipped,2024
DTTJ,73,0,0,0,departures,0.0,0.0,shipped,2024
EDDG,73,63,62,62,departures,0.8493150684931506,0.8493150684931506,shipped,2024
LBBG,72,67,66,66,departures,0.9166666666666666,0.9166666666666666,shipped,2024
EDDG,72,63,63,65,arrivals,0.875,0.9027777777777778,shipped,2024
LTAJ,71,1,0,0,departures,0.0,0.0,shipped,2024
DTMB,71,0,0,0,departures,0.0,0.0,shipped,2024
LTAJ,69,2,0,0,arrivals,0.0,0.0,shipped,2024
URSS,68,4,4,4,departures,0.058823529411764705,0.058823529411764705,shipped,2024
LFMT,68,61,60,60,departures,0.8823529411764706,0.8823529411764706,shipped,2024
EDLV,68,64,62,63,departures,0.9117647058823529,0.9264705882352942,shipped,2024
LFMT,68,58,57,57,arrivals,0.8382352941176471,0.8382352941176471,shipped,2024
LTAU,67,1,0,0,departures,0.0,0.0,shipped,2024
LFKJ,67,53,53,53,departures,0.7910447761194029,0.7910447761194029,shipped,2024
LRIA,67,9,0,0,departures,0.0,0.0,shipped,2024
LTAU,67,0,0,0,arrivals,0.0,0.0,shipped,2024
EGPE,67,44,43,45,arrivals,0.6417910447761194,0.6716417910447762,shipped,2024
DTMB,67,1,0,0,arrivals,0.0,0.0,shipped,2024
EDLV,67,63,61,63,arrivals,0.9104477611940298,0.9402985074626866,shipped,2024
LFQQ,66,61,60,60,departures,0.9090909090909091,0.9090909090909091,shipped,2024
LIEA,66,62,62,63,arrivals,0.9393939393939394,0.9545454545454546,shipped,2024
LRTR,66,1,0,0,arrivals,0.0,0.0,shipped,2024
LRIA,66,0,0,0,arrivals,0.0,0.0,shipped,2024
LFQQ,66,61,59,60,arrivals,0.8939393939393939,0.9090909090909091,shipped,2024
LEAS,65,43,43,43,departures,0.6615384615384615,0.6615384615384615,shipped,2024
LYPG,65,6,6,7,departures,0.09230769230769231,0.1076923076923077,shipped,2024
LIEA,65,59,59,59,departures,0.9076923076923077,0.9076923076923077,shipped,2024
LRTR,65,44,31,32,departures,0.47692307692307695,0.49230769230769234,shipped,2024
EDFH,65,56,56,58,arrivals,0.8615384615384616,0.8923076923076924,shipped,2024
LEAS,65,0,0,0,arrivals,0.0,0.0,shipped,2024
LYPG,65,0,0,0,arrivals,0.0,0.0,shipped,2024
LFKJ,65,53,53,54,arrivals,0.8153846153846154,0.8307692307692308,shipped,2024
EGPE,64,44,44,46,departures,0.6875,0.71875,shipped,2024
EGKB,64,52,0,0,arrivals,0.0,0.0,shipped,2024
EPRZ,62,58,58,58,departures,0.9354838709677419,0.9354838709677419,shipped,2024
LYTV,62,3,0,0,arrivals,0.0,0.0,shipped,2024
LYTV,61,0,0,0,departures,0.0,0.0,shipped,2024
ENAL,61,1,0,0,arrivals,0.0,0.0,shipped,2024
EGPB,60,1,0,0,departures,0.0,0.0,shipped,2024
ENAL,60,4,0,0,departures,0.0,0.0,shipped,2024
EDFH,60,54,54,55,departures,0.9,0.9166666666666666,shipped,2024
LFKB,60,28,28,29,arrivals,0.4666666666666667,0.48333333333333334,shipped,2024
LFKB,59,34,34,34,departures,0.576271186440678,0.576271186440678,shipped,2024
LFST,59,47,47,49,departures,0.7966101694915254,0.8305084745762712,shipped,2024
EGPB,59,1,0,0,arrivals,0.0,0.0,shipped,2024
LBWN,59,22,22,22,arrivals,0.3728813559322034,0.3728813559322034,shipped,2024
GMFF,58,45,45,45,departures,0.7758620689655172,0.7758620689655172,shipped,2024
LBWN,57,47,47,47,departures,0.8245614035087719,0.8245614035087719,shipped,2024
DTNH,57,0,0,0,arrivals,0.0,0.0,shipped,2024
LFST,57,48,47,50,arrivals,0.8245614035087719,0.8771929824561403,shipped,2024
LOWG,57,50,49,53,arrivals,0.8596491228070176,0.9298245614035088,shipped,2024
EHKD,56,8,8,10,departures,0.14285714285714285,0.17857142857142858,shipped,2024
GMME,56,1,0,0,arrivals,0.0,0.0,shipped,2024
GMFF,56,1,0,0,arrivals,0.0,0.0,shipped,2024
DTNH,55,0,0,0,departures,0.0,0.0,shipped,2024
GMME,55,35,22,24,departures,0.4,0.43636363636363634,shipped,2024
EPRZ,55,53,53,53,arrivals,0.9636363636363636,0.9636363636363636,shipped,2024
LEVT,54,35,31,47,departures,0.5740740740740741,0.8703703703703703,shipped,2024
LTBA,54,37,31,51,arrivals,0.5740740740740741,0.9444444444444444,shipped,2024
ESMS,53,41,40,41,departures,0.7547169811320755,0.7735849056603774,shipped,2024
LIMJ,53,49,49,49,departures,0.9245283018867925,0.9245283018867925,shipped,2024
LOWG,53,49,49,49,departures,0.9245283018867925,0.9245283018867925,shipped,2024
LGKF,53,4,0,0,departures,0.0,0.0,shipped,2024
LFRB,53,35,35,35,departures,0.660377358490566,0.660377358490566,shipped,2024
EHKD,53,7,7,7,arrivals,0.1320754716981132,0.1320754716981132,shipped,2024
LFMD,53,36,6,11,arrivals,0.11320754716981132,0.20754716981132076,shipped,2024
LKTB,52,49,46,48,departures,0.8846153846153846,0.9230769230769231,shipped,2024
LKMT,52,45,44,44,departures,0.8461538461538461,0.8461538461538461,shipped,2024
LEVT,52,8,8,8,arrivals,0.15384615384615385,0.15384615384615385,shipped,2024
ESMS,52,40,38,40,arrivals,0.7307692307692307,0.7692307692307693,shipped,2024
LIMJ,52,51,51,52,arrivals,0.9807692307692307,1.0,shipped,2024
LGKF,52,2,0,0,arrivals,0.0,0.0,shipped,2024
LFRB,52,34,33,34,arrivals,0.6346153846153846,0.6538461538461539,shipped,2024
LFBZ,51,45,44,47,arrivals,0.8627450980392157,0.9215686274509803,shipped,2024
LKMT,51,42,40,40,arrivals,0.7843137254901961,0.7843137254901961,shipped,2024
LFBZ,50,42,41,42,departures,0.82,0.84,shipped,2024
EDDC,50,42,41,42,arrivals,0.82,0.84,shipped,2024
EDDC,49,40,38,43,departures,0.7755102040816326,0.8775510204081632,shipped,2024
EGHH,49,45,44,44,departures,0.8979591836734694,0.8979591836734694,shipped,2024
LKTB,49,47,46,48,arrivals,0.9387755102040817,0.9795918367346939,shipped,2024
LGPA,49,2,0,0,arrivals,0.0,0.0,shipped,2024
LTBA,48,31,27,33,departures,0.5625,0.6875,shipped,2024
ENKB,48,0,0,0,departures,0.0,0.0,shipped,2024
LGPA,48,11,0,0,departures,0.0,0.0,shipped,2024
EGHH,48,42,41,44,arrivals,0.8541666666666666,0.9166666666666666,shipped,2024
ENCN,48,43,42,42,arrivals,0.875,0.875,shipped,2024
LERS,47,46,46,46,departures,0.9787234042553191,0.9787234042553191,shipped,2024
EYKA,47,42,42,42,departures,0.8936170212765957,0.8936170212765957,shipped,2024
ENCN,47,43,43,43,departures,0.9148936170212766,0.9148936170212766,shipped,2024
LERS,47,45,45,45,arrivals,0.9574468085106383,0.9574468085106383,shipped,2024
LTCC,46,0,0,0,arrivals,0.0,0.0,shipped,2024
LIPQ,46,41,40,42,arrivals,0.8695652173913043,0.9130434782608695,shipped,2024
EYKA,46,40,40,40,arrivals,0.8695652173913043,0.8695652173913043,shipped,2024
GEML,45,40,40,43,departures,0.8888888888888888,0.9555555555555556,shipped,2024
DAOO,45,19,19,19,arrivals,0.4222222222222222,0.4222222222222222,shipped,2024
GEML,45,18,18,19,arrivals,0.4,0.4222222222222222,shipped,2024
ENKB,45,0,0,0,arrivals,0.0,0.0,shipped,2024
DAOO,44,35,35,35,departures,0.7954545454545454,0.7954545454545454,shipped,2024
ENFL,44,17,16,20,departures,0.36363636363636365,0.45454545454545453,shipped,2024
LIPQ,44,41,41,41,departures,0.9318181818181818,0.9318181818181818,shipped,2024
UWKD,43,9,0,0,departures,0.0,0.0,shipped,2024
EGFF,43,40,39,39,departures,0.9069767441860465,0.9069767441860465,shipped,2024
ENFL,43,0,0,0,arrivals,0.0,0.0,shipped,2024
EGFF,43,38,38,39,arrivals,0.8837209302325582,0.9069767441860465,shipped,2024
LTCI,42,0,0,0,departures,0.0,0.0,shipped,2024
LEJR,42,38,36,36,arrivals,0.8571428571428571,0.8571428571428571,shipped,2024
EDLP,42,33,32,34,arrivals,0.7619047619047619,0.8095238095238095,shipped,2024
LFKF,42,16,15,15,arrivals,0.35714285714285715,0.35714285714285715,shipped,2024
LTCC,41,0,0,0,departures,0.0,0.0,shipped,2024
EDLP,41,36,36,37,departures,0.8780487804878049,0.9024390243902439,shipped,2024
LFKF,41,26,26,30,departures,0.6341463414634146,0.7317073170731707,shipped,2024
LTCI,41,0,0,0,arrivals,0.0,0.0,shipped,2024
ENEV,41,0,0,0,arrivals,0.0,0.0,shipped,2024
LIPY,41,14,13,13,arrivals,0.3170731707317073,0.3170731707317073,shipped,2024
LEJR,40,38,37,37,departures,0.925,0.925,shipped,2024
LEXJ,40,34,34,34,departures,0.85,0.85,shipped,2024
ENEV,40,6,0,0,departures,0.0,0.0,shipped,2024
ESPA,40,13,13,13,departures,0.325,0.325,shipped,2024
LFRN,40,30,29,29,departures,0.725,0.725,shipped,2024
LIPY,40,33,32,33,departures,0.8,0.825,shipped,2024
LECO,40,38,38,39,departures,0.95,0.975,shipped,2024
LICT,40,2,2,2,arrivals,0.05,0.05,shipped,2024
LFMD,39,27,24,25,departures,0.6153846153846154,0.6410256410256411,shipped,2024
LFTH,39,31,31,44,departures,0.7948717948717948,1.1282051282051282,shipped,2024
LEGR,39,35,35,35,departures,0.8974358974358975,0.8974358974358975,shipped,2024
LICT,39,2,2,2,departures,0.05128205128205128,0.05128205128205128,shipped,2024
ESNU,39,24,24,25,departures,0.6153846153846154,0.6410256410256411,shipped,2024
LEXJ,39,1,1,1,arrivals,0.02564102564102564,0.02564102564102564,shipped,2024
ESNU,39,0,0,0,arrivals,0.0,0.0,shipped,2024
LEAM,39,31,30,30,arrivals,0.7692307692307693,0.7692307692307693,shipped,2024
ESPA,39,1,0,0,arrivals,0.0,0.0,shipped,2024
LFRN,39,33,32,33,arrivals,0.8205128205128205,0.8461538461538461,shipped,2024
LTFH,38,16,13,13,departures,0.34210526315789475,0.34210526315789475,shipped,2024
UMMS,38,31,31,31,departures,0.8157894736842105,0.8157894736842105,shipped,2024
LGMT,38,32,32,34,departures,0.8421052631578947,0.8947368421052632,shipped,2024
LEAM,38,34,34,34,departures,0.8947368421052632,0.8947368421052632,shipped,2024
BIRK,38,28,28,28,departures,0.7368421052631579,0.7368421052631579,shipped,2024
LTFH,38,11,11,11,arrivals,0.2894736842105263,0.2894736842105263,shipped,2024
LEGR,38,0,0,0,arrivals,0.0,0.0,shipped,2024
LGMT,38,33,33,33,arrivals,0.868421052631579,0.868421052631579,shipped,2024
LECO,38,35,35,38,arrivals,0.9210526315789473,1.0,shipped,2024
LIRZ,37,29,28,29,departures,0.7567567567567568,0.7837837837837838,shipped,2024
URMM,37,30,30,34,departures,0.8108108108108109,0.918918918918919,shipped,2024
ENHD,37,35,35,35,departures,0.9459459459459459,0.9459459459459459,shipped,2024
UWKD,37,5,0,0,arrivals,0.0,0.0,shipped,2024
LFTH,37,24,18,27,arrivals,0.4864864864864865,0.7297297297297297,shipped,2024
UMMS,37,3,0,0,arrivals,0.0,0.0,shipped,2024
LIRZ,37,3,1,1,arrivals,0.02702702702702703,0.02702702702702703,shipped,2024
EKAH,37,34,33,33,arrivals,0.8918918918918919,0.8918918918918919,shipped,2024
LEMI,36,33,33,33,departures,0.9166666666666666,0.9166666666666666,shipped,2024
EBAW,36,31,30,31,departures,0.8333333333333334,0.8611111111111112,shipped,2024
EKAH,36,33,33,35,departures,0.9166666666666666,0.9722222222222222,shipped,2024
LEMI,36,34,33,33,arrivals,0.9166666666666666,0.9166666666666666,shipped,2024
LOWL,35,30,30,30,departures,0.8571428571428571,0.8571428571428571,shipped,2024
ORER,35,0,0,0,departures,0.0,0.0,shipped,2024
EGHQ,35,25,25,25,departures,0.7142857142857143,0.7142857142857143,shipped,2024
URMM,35,19,19,19,arrivals,0.5428571428571428,0.5428571428571428,shipped,2024
ENHD,35,21,21,22,arrivals,0.6,0.6285714285714286,shipped,2024
UGKO,34,29,29,29,departures,0.8529411764705882,0.8529411764705882,shipped,2024
LEZG,34,31,30,30,departures,0.8823529411764706,0.8823529411764706,shipped,2024
EGTE,34,24,24,25,departures,0.7058823529411765,0.7352941176470589,shipped,2024
LDPL,34,33,31,34,arrivals,0.9117647058823529,1.0,shipped,2024
ORER,34,0,0,0,arrivals,0.0,0.0,shipped,2024
LEVX,33,27,27,27,departures,0.8181818181818182,0.8181818181818182,shipped,2024
LGPZ,33,23,16,18,departures,0.48484848484848486,0.5454545454545454,shipped,2024
EDMO,33,27,25,27,departures,0.7575757575757576,0.8181818181818182,shipped,2024
LZKZ,33,31,31,32,departures,0.9393939393939394,0.9696969696969697,shipped,2024
UGSB,33,16,16,16,arrivals,0.48484848484848486,0.48484848484848486,shipped,2024
LEVX,33,1,1,1,arrivals,0.030303030303030304,0.030303030303030304,shipped,2024
ESSV,33,25,25,25,arrivals,0.7575757575757576,0.7575757575757576,shipped,2024
UGKO,33,12,12,12,arrivals,0.36363636363636365,0.36363636363636365,shipped,2024
LGPZ,33,1,0,0,arrivals,0.0,0.0,shipped,2024
BIRK,33,22,22,23,arrivals,0.6666666666666666,0.696969696969697,shipped,2024
LZKZ,33,19,19,19,arrivals,0.5757575757575758,0.5757575757575758,shipped,2024
UGSB,32,26,26,28,departures,0.8125,0.875,shipped,2024
ESSV,32,27,27,27,departures,0.84375,0.84375,shipped,2024
ENAT,32,12,0,0,departures,0.0,0.0,shipped,2024
GMMW,32,28,25,25,departures,0.78125,0.78125,shipped,2024
LTFG,32,28,28,28,arrivals,0.875,0.875,shipped,2024
EGTE,32,24,24,24,arrivals,0.75,0.75,shipped,2024
GMMW,32,15,14,14,arrivals,0.4375,0.4375,shipped,2024
LGSK,31,25,25,25,departures,0.8064516129032258,0.8064516129032258,shipped,2024
LDPL,31,29,29,33,departures,0.9354838709677419,1.064516129032258,shipped,2024
EGPK,31,25,25,30,departures,0.8064516129032258,0.967741935483871,shipped,2024
LGSK,31,19,19,19,arrivals,0.6129032258064516,0.6129032258064516,shipped,2024
LOWL,31,24,23,26,arrivals,0.7419354838709677,0.8387096774193549,shipped,2024
GMFO,31,4,4,4,arrivals,0.12903225806451613,0.12903225806451613,shipped,2024
LEZG,31,26,25,25,arrivals,0.8064516129032258,0.8064516129032258,shipped,2024
EGSH,31,25,25,25,arrivals,0.8064516129032258,0.8064516129032258,shipped,2024
LTFG,30,26,26,26,departures,0.8666666666666667,0.8666666666666667,shipped,2024
EGWU,30,27,0,0,departures,0.0,0.0,shipped,2024
LGSM,30,27,26,31,departures,0.8666666666666667,1.0333333333333334,shipped,2024
EKEB,30,11,11,19,departures,0.36666666666666664,0.6333333333333333,shipped,2024
ORBI,30,0,0,0,departures,0.0,0.0,shipped,2024
ENAT,30,11,0,0,arrivals,0.0,0.0,shipped,2024
EGWU,30,24,0,0,arrivals,0.0,0.0,shipped,2024
EGPK,30,24,22,22,arrivals,0.7333333333333333,0.7333333333333333,shipped,2024
EGHQ,30,21,20,20,arrivals,0.6666666666666666,0.6666666666666666,shipped,2024
LGSM,30,15,15,15,arrivals,0.5,0.5,shipped,2024
ORBI,30,0,0,0,arrivals,0.0,0.0,shipped,2024
ENOV,29,0,0,0,departures,0.0,0.0,shipped,2024
EIKN,29,25,25,25,departures,0.8620689655172413,0.8620689655172413,shipped,2024
EGSH,29,25,25,25,departures,0.8620689655172413,0.8620689655172413,shipped,2024
EGPA,29,8,0,0,departures,0.0,0.0,shipped,2024
EIKN,29,26,26,27,arrivals,0.896551724137931,0.9310344827586207,shipped,2024
LTAN,29,0,0,0,arrivals,0.0,0.0,shipped,2024
LOWI,29,23,22,23,arrivals,0.7586206896551724,0.7931034482758621,shipped,2024
UBBN,29,1,0,0,arrivals,0.0,0.0,shipped,2024
EKEB,29,10,10,10,arrivals,0.3448275862068966,0.3448275862068966,shipped,2024
HLLM,29,1,0,0,arrivals,0.0,0.0,shipped,2024
GMFO,28,19,19,19,departures,0.6785714285714286,0.6785714285714286,shipped,2024
DABC,28,0,0,0,departures,0.0,0.0,shipped,2024
LIBP,28,23,23,23,departures,0.8214285714285714,0.8214285714285714,shipped,2024
LGNX,28,7,0,0,departures,0.0,0.0,shipped,2024
LTAN,28,0,0,0,departures,0.0,0.0,shipped,2024
HLLM,28,0,0,0,departures,0.0,0.0,shipped,2024
ENOV,28,0,0,0,arrivals,0.0,0.0,shipped,2024
DABC,28,0,0,0,arrivals,0.0,0.0,shipped,2024
EBAW,28,23,20,21,arrivals,0.7142857142857143,0.75,shipped,2024
EFOU,28,0,0,0,arrivals,0.0,0.0,shipped,2024
LTFO,28,15,15,15,arrivals,0.5357142857142857,0.5357142857142857,shipped,2024
EGPA,28,1,0,0,arrivals,0.0,0.0,shipped,2024
ENSG,27,8,0,0,departures,0.0,0.0,shipped,2024
EFOU,27,1,1,1,departures,0.037037037037037035,0.037037037037037035,shipped,2024
LFLC,27,24,24,27,departures,0.8888888888888888,1.0,shipped,2024
UBBN,27,0,0,0,departures,0.0,0.0,shipped,2024
LTCB,27,11,11,11,arrivals,0.4074074074074074,0.4074074074074074,shipped,2024
LGNX,27,0,0,0,arrivals,0.0,0.0,shipped,2024
LESO,27,7,4,4,arrivals,0.14814814814814814,0.14814814814814814,shipped,2024
LGHI,26,26,26,27,departures,1.0,1.0384615384615385,shipped,2024
LTCB,26,10,9,10,departures,0.34615384615384615,0.38461538461538464,shipped,2024
LESO,26,20,18,21,departures,0.6923076923076923,0.8076923076923077,shipped,2024
URML,26,11,0,0,departures,0.0,0.0,shipped,2024
ENLK,26,24,0,0,departures,0.0,0.0,shipped,2024
LTFO,26,22,22,23,departures,0.8461538461538461,0.8846153846153846,shipped,2024
LFBT,26,21,21,22,departures,0.8076923076923077,0.8461538461538461,shipped,2024
ENSG,26,10,0,0,arrivals,0.0,0.0,shipped,2024
LIBP,26,21,21,21,arrivals,0.8076923076923077,0.8076923076923077,shipped,2024
URML,26,11,0,0,arrivals,0.0,0.0,shipped,2024
ENBN,26,0,0,0,arrivals,0.0,0.0,shipped,2024
EDDR,25,17,16,20,departures,0.64,0.8,shipped,2024
EPSC,25,24,23,23,departures,0.92,0.92,shipped,2024
ENBN,25,13,12,19,departures,0.48,0.76,shipped,2024
EDDR,25,18,16,16,arrivals,0.64,0.64,shipped,2024
LGHI,25,2,2,2,arrivals,0.08,0.08,shipped,2024
EPSC,25,16,14,14,arrivals,0.56,0.56,shipped,2024
ENLK,25,0,0,0,arrivals,0.0,0.0,shipped,2024
LTAZ,25,3,0,0,arrivals,0.0,0.0,shipped,2024
EKVG,24,0,0,0,departures,0.0,0.0,shipped,2024
LRSB,24,12,12,13,departures,0.5,0.5416666666666666,shipped,2024
LFBP,24,17,15,15,departures,0.625,0.625,shipped,2024
LTCS,24,0,0,0,departures,0.0,0.0,shipped,2024
ENSK,24,21,0,0,departures,0.0,0.0,shipped,2024
EGPO,24,1,0,0,departures,0.0,0.0,shipped,2024
LTAZ,24,1,0,0,departures,0.0,0.0,shipped,2024
LRSB,24,8,7,7,arrivals,0.2916666666666667,0.2916666666666667,shipped,2024
LFBP,24,19,17,17,arrivals,0.7083333333333334,0.7083333333333334,shipped,2024
ENSK,24,6,0,0,arrivals,0.0,0.0,shipped,2024
LFLC,24,20,19,20,arrivals,0.7916666666666666,0.8333333333333334,shipped,2024
BIAR,24,1,0,0,arrivals,0.0,0.0,shipped,2024
LPCS,23,20,18,22,departures,0.782608695652174,0.9565217391304348,shipped,2024
LGKP,23,3,0,0,departures,0.0,0.0,shipped,2024
LFMP,23,21,21,21,departures,0.9130434782608695,0.9130434782608695,shipped,2024
LTCA,23,0,0,0,departures,0.0,0.0,shipped,2024
LGKL,23,2,0,0,arrivals,0.0,0.0,shipped,2024
LGKP,23,1,0,0,arrivals,0.0,0.0,shipped,2024
LTCS,23,0,0,0,arrivals,0.0,0.0,shipped,2024
ENRA,23,1,0,0,arrivals,0.0,0.0,shipped,2024
EGPO,23,1,0,0,arrivals,0.0,0.0,shipped,2024
LTCE,23,0,0,0,arrivals,0.0,0.0,shipped,2024
LFBT,23,18,17,18,arrivals,0.7391304347826086,0.782608695652174,shipped,2024
LFRK,22,19,18,20,departures,0.8181818181818182,0.9090909090909091,shipped,2024
EKRN,22,14,14,14,departures,0.6363636363636364,0.6363636363636364,shipped,2024
LGKL,22,18,18,19,departures,0.8181818181818182,0.8636363636363636,shipped,2024
EFTU,22,18,17,17,departures,0.7727272727272727,0.7727272727272727,shipped,2024
LOWI,22,20,18,18,departures,0.8181818181818182,0.8181818181818182,shipped,2024
GCHI,22,0,0,0,departures,0.0,0.0,shipped,2024
LTCE,22,0,0,0,departures,0.0,0.0,shipped,2024
LIPO,22,15,15,18,arrivals,0.6818181818181818,0.8181818181818182,shipped,2024
EFTU,22,14,14,14,arrivals,0.6363636363636364,0.6363636363636364,shipped,2024
EKVG,22,0,0,0,arrivals,0.0,0.0,shipped,2024
EDMO,22,19,13,14,arrivals,0.5909090909090909,0.6363636363636364,shipped,2024
LFMP,22,21,21,21,arrivals,0.9545454545454546,0.9545454545454546,shipped,2024
LTCA,22,0,0,0,arrivals,0.0,0.0,shipped,2024
GCHI,22,0,0,0,arrivals,0.0,0.0,shipped,2024
LIPO,21,15,15,17,departures,0.7142857142857143,0.8095238095238095,shipped,2024
ENRA,21,9,8,12,departures,0.38095238095238093,0.5714285714285714,shipped,2024
LGML,21,0,0,0,departures,0.0,0.0,shipped,2024
LRSV,21,0,0,0,departures,0.0,0.0,shipped,2024
EGNJ,21,9,9,9,departures,0.42857142857142855,0.42857142857142855,shipped,2024
EGNV,21,11,10,10,departures,0.47619047619047616,0.47619047619047616,shipped,2024
EHBK,21,17,17,17,departures,0.8095238095238095,0.8095238095238095,shipped,2024
LFRK,21,18,14,14,arrivals,0.6666666666666666,0.6666666666666666,shipped,2024
EKRN,21,14,13,13,arrivals,0.6190476190476191,0.6190476190476191,shipped,2024
ENVD,21,4,0,0,arrivals,0.0,0.0,shipped,2024
ENML,21,1,0,0,arrivals,0.0,0.0,shipped,2024
EHBK,21,15,14,14,arrivals,0.6666666666666666,0.6666666666666666,shipped,2024
ENVD,20,5,0,0,departures,0.0,0.0,shipped,2024
LICR,20,0,0,20,departures,0.0,1.0,shipped,2024
LIPB,20,19,19,20,departures,0.95,1.0,shipped,2024
EBOS,20,16,15,15,departures,0.75,0.75,shipped,2024
EIKY,20,18,18,18,departures,0.9,0.9,shipped,2024
BIAR,20,0,0,0,departures,0.0,0.0,shipped,2024
LPCS,20,14,12,20,arrivals,0.6,1.0,shipped,2024
LICR,20,0,0,0,arrivals,0.0,0.0,shipped,2024
LGML,20,0,0,0,arrivals,0.0,0.0,shipped,2024
EBOS,20,17,16,19,arrivals,0.8,0.95,shipped,2024
LRSV,20,1,0,0,arrivals,0.0,0.0,shipped,2024
EGNJ,20,7,7,8,arrivals,0.35,0.4,shipped,2024
EGNV,20,11,11,13,arrivals,0.55,0.65,shipped,2024
LSZR,20,13,11,15,arrivals,0.55,0.75,shipped,2024
LTAT,19,0,0,0,departures,0.0,0.0,shipped,2024
EDXW,19,17,17,18,departures,0.8947368421052632,0.9473684210526315,shipped,2024
LLER,19,4,0,0,departures,0.0,0.0,shipped,2024
ENML,19,0,0,0,departures,0.0,0.0,shipped,2024
EDHI,19,14,0,0,departures,0.0,0.0,shipped,2024
GMML,19,0,0,0,departures,0.0,0.0,shipped,2024
EPLB,19,17,17,17,departures,0.8947368421052632,0.8947368421052632,shipped,2024
LTAT,19,0,0,0,arrivals,0.0,0.0,shipped,2024
GMTN,19,19,19,19,arrivals,1.0,1.0,shipped,2024
LTCR,19,0,0,0,arrivals,0.0,0.0,shipped,2024
EPLB,19,17,17,19,arrivals,0.8947368421052632,1.0,shipped,2024
LFKC,19,12,12,16,arrivals,0.631578947368421,0.8421052631578947,shipped,2024
GMTN,18,18,18,18,departures,1.0,1.0,shipped,2024
ENKR,18,4,0,0,departures,0.0,0.0,shipped,2024
LSGS,18,16,16,20,departures,0.8888888888888888,1.1111111111111112,shipped,2024
LTCR,18,0,0,0,departures,0.0,0.0,shipped,2024
ENSH,18,17,0,0,departures,0.0,0.0,shipped,2024
EYPA,18,16,16,16,departures,0.8888888888888888,0.8888888888888888,shipped,2024
LIPR,18,10,9,9,departures,0.5,0.5,shipped,2024
LSZR,18,15,14,15,departures,0.7777777777777778,0.8333333333333334,shipped,2024
LFKC,18,10,10,10,departures,0.5555555555555556,0.5555555555555556,shipped,2024
ENKR,18,4,0,0,arrivals,0.0,0.0,shipped,2024
LRBC,18,2,1,1,arrivals,0.05555555555555555,0.05555555555555555,shipped,2024
EPBY,18,17,17,17,arrivals,0.9444444444444444,0.9444444444444444,shipped,2024
LSGS,18,4,0,1,arrivals,0.0,0.05555555555555555,shipped,2024
LIPB,18,12,10,10,arrivals,0.5555555555555556,0.5555555555555556,shipped,2024
EYPA,18,11,11,11,arrivals,0.6111111111111112,0.6111111111111112,shipped,2024
LSZB,18,15,13,23,arrivals,0.7222222222222222,1.2777777777777777,shipped,2024
EIKY,18,16,16,16,arrivals,0.8888888888888888,0.8888888888888888,shipped,2024
LFTZ,18,13,0,0,arrivals,0.0,0.0,shipped,2024
HLLB,18,0,0,0,arrivals,0.0,0.0,shipped,2024
ESGJ,18,5,3,3,arrivals,0.16666666666666666,0.16666666666666666,shipped,2024
LRBC,17,6,6,16,departures,0.35294117647058826,0.9411764705882353,shipped,2024
EGMC,17,17,16,16,departures,0.9411764705882353,0.9411764705882353,shipped,2024
LFMK,17,16,16,16,departures,0.9411764705882353,0.9411764705882353,shipped,2024
EGTK,17,14,14,14,departures,0.8235294117647058,0.8235294117647058,shipped,2024
LICG,17,4,0,0,departures,0.0,0.0,shipped,2024
LSZA,17,13,11,11,departures,0.6470588235294118,0.6470588235294118,shipped,2024
ESTA,17,13,13,13,departures,0.7647058823529411,0.7647058823529411,shipped,2024
EDVE,17,12,11,17,departures,0.6470588235294118,1.0,shipped,2024
LXGB,17,17,16,16,departures,0.9411764705882353,0.9411764705882353,shipped,2024
ESGJ,17,9,8,8,departures,0.47058823529411764,0.47058823529411764,shipped,2024
EGMC,17,15,15,30,arrivals,0.8823529411764706,1.7647058823529411,shipped,2024
ENSH,17,0,0,0,arrivals,0.0,0.0,shipped,2024
LFMK,17,17,17,17,arrivals,1.0,1.0,shipped,2024
LFRZ,17,13,11,12,arrivals,0.6470588235294118,0.7058823529411765,shipped,2024
GMML,17,0,0,0,arrivals,0.0,0.0,shipped,2024
LIPR,17,13,12,15,arrivals,0.7058823529411765,0.8823529411764706,shipped,2024
LXGB,17,16,16,17,arrivals,0.9411764705882353,1.0,shipped,2024
LFBL,16,9,9,9,departures,0.5625,0.5625,shipped,2024
EPLL,16,15,15,15,departures,0.9375,0.9375,shipped,2024
LTCF,16,0,0,1,departures,0.0,0.0625,shipped,2024
LFRZ,16,12,10,12,departures,0.625,0.75,shipped,2024
ENMS,16,9,0,0,departures,0.0,0.0,shipped,2024
LICD,16,0,0,0,departures,0.0,0.0,shipped,2024
EDXW,16,13,13,13,arrivals,0.8125,0.8125,shipped,2024
LFBL,16,0,0,0,arrivals,0.0,0.0,shipped,2024
EBKT,16,12,9,10,arrivals,0.5625,0.625,shipped,2024
LTCF,16,0,0,0,arrivals,0.0,0.0,shipped,2024
LICG,16,1,0,0,arrivals,0.0,0.0,shipped,2024
EDHI,16,12,0,0,arrivals,0.0,0.0,shipped,2024
ESTA,16,14,14,14,arrivals,0.875,0.875,shipped,2024
LICD,16,0,0,0,arrivals,0.0,0.0,shipped,2024
LOWK,15,12,11,11,departures,0.7333333333333333,0.7333333333333333,shipped,2024
LDRI,15,14,14,16,departures,0.9333333333333333,1.0666666666666667,shipped,2024
LQBK,15,12,11,11,departures,0.7333333333333333,0.7333333333333333,shipped,2024
EPBY,15,15,15,15,departures,1.0,1.0,shipped,2024
ENAN,15,9,0,0,departures,0.0,0.0,shipped,2024
LFTZ,15,11,0,0,departures,0.0,0.0,shipped,2024
LEPP,15,14,14,15,departures,0.9333333333333333,1.0,shipped,2024
HLLB,15,0,0,0,departures,0.0,0.0,shipped,2024
LOWK,15,5,3,3,arrivals,0.2,0.2,shipped,2024
LFBH,15,7,5,5,arrivals,0.3333333333333333,0.3333333333333333,shipped,2024
EPLL,15,14,13,13,arrivals,0.8666666666666667,0.8666666666666667,shipped,2024
LIBF,15,3,0,0,arrivals,0.0,0.0,shipped,2024
LQBK,15,6,4,4,arrivals,0.26666666666666666,0.26666666666666666,shipped,2024
LFRG,15,11,9,14,arrivals,0.6,0.9333333333333333,shipped,2024
EGTK,15,13,11,16,arrivals,0.7333333333333333,1.0666666666666667,shipped,2024
ENAN,15,3,0,0,arrivals,0.0,0.0,shipped,2024
EDVE,15,10,7,9,arrivals,0.4666666666666667,0.6,shipped,2024
ENMS,15,0,0,0,arrivals,0.0,0.0,shipped,2024
LFLY,14,6,0,0,departures,0.0,0.0,shipped,2024
LFBH,14,12,12,12,departures,0.8571428571428571,0.8571428571428571,shipped,2024
EFRO,14,0,0,0,departures,0.0,0.0,shipped,2024
LTCJ,14,0,0,0,departures,0.0,0.0,shipped,2024
EGPN,14,9,9,10,departures,0.6428571428571429,0.7142857142857143,shipped,2024
EDFM,14,4,4,11,departures,0.2857142857142857,0.7857142857142857,shipped,2024
EBKT,14,9,9,9,departures,0.6428571428571429,0.6428571428571429,shipped,2024
EKSB,14,5,5,5,departures,0.35714285714285715,0.35714285714285715,shipped,2024
LICB,14,11,11,12,departures,0.7857142857142857,0.8571428571428571,shipped,2024
ESNZ,14,10,10,10,departures,0.7142857142857143,0.7142857142857143,shipped,2024
LFRG,14,12,11,14,departures,0.7857142857142857,1.0,shipped,2024
LPPS,14,9,9,9,departures,0.6428571428571429,0.6428571428571429,shipped,2024
ENBL,14,0,0,0,departures,0.0,0.0,shipped,2024
EGJA,14,10,10,10,departures,0.7142857142857143,0.7142857142857143,shipped,2024
LGAL,14,13,13,13,departures,0.9285714285714286,0.9285714285714286,shipped,2024
LSZB,14,9,7,11,departures,0.5,0.7857142857142857,shipped,2024
EGAE,14,2,2,3,departures,0.14285714285714285,0.21428571428571427,shipped,2024
LIMP,14,12,11,11,departures,0.7857142857142857,0.7857142857142857,shipped,2024
EFKU,14,12,12,12,departures,0.8571428571428571,0.8571428571428571,shipped,2024
EFVA,14,11,10,10,departures,0.7142857142857143,0.7142857142857143,shipped,2024
LFLY,14,7,0,0,arrivals,0.0,0.0,shipped,2024
EFRO,14,0,0,0,arrivals,0.0,0.0,shipped,2024
LTCJ,14,0,0,0,arrivals,0.0,0.0,shipped,2024
LDRI,14,13,13,15,arrivals,0.9285714285714286,1.0714285714285714,shipped,2024
LTAY,14,0,0,0,arrivals,0.0,0.0,shipped,2024
LLER,14,0,0,0,arrivals,0.0,0.0,shipped,2024
EKSB,14,6,6,7,arrivals,0.42857142857142855,0.5,shipped,2024
LICB,14,11,11,13,arrivals,0.7857142857142857,0.9285714285714286,shipped,2024
LPPS,14,9,9,9,arrivals,0.6428571428571429,0.6428571428571429,shipped,2024
ENBL,14,0,0,0,arrivals,0.0,0.0,shipped,2024
LGAL,14,1,1,1,arrivals,0.07142857142857142,0.07142857142857142,shipped,2024
EGAE,14,1,1,1,arrivals,0.07142857142857142,0.07142857142857142,shipped,2024
LIMP,14,11,9,9,arrivals,0.6428571428571429,0.6428571428571429,shipped,2024
EFKU,14,12,12,12,arrivals,0.8571428571428571,0.8571428571428571,shipped,2024
LEPP,14,0,0,0,arrivals,0.0,0.0,shipped,2024
EFVA,14,0,0,0,arrivals,0.0,0.0,shipped,2024
LTCK,13,0,0,0,departures,0.0,0.0,shipped,2024
LIBF,13,2,1,1,departures,0.07692307692307693,0.07692307692307693,shipped,2024
LRBS,13,12,12,13,departures,0.9230769230769231,1.0,shipped,2024
LGLM,13,0,0,0,departures,0.0,0.0,shipped,2024
UUBW,13,2,2,2,arrivals,0.15384615384615385,0.15384615384615385,shipped,2024
EDFM,13,3,3,4,arrivals,0.23076923076923078,0.3076923076923077,shipped,2024
LTCK,13,0,0,0,arrivals,0.0,0.0,shipped,2024
ESNZ,13,9,9,9,arrivals,0.6923076923076923,0.6923076923076923,shipped,2024
LSZA,13,11,9,12,arrivals,0.6923076923076923,0.9230769230769231,shipped,2024
LFJL,13,12,12,13,arrivals,0.9230769230769231,1.0,shipped,2024
LGLM,13,0,0,0,arrivals,0.0,0.0,shipped,2024
URMG,12,3,0,0,departures,0.0,0.0,shipped,2024
LTAY,12,0,0,0,departures,0.0,0.0,shipped,2024
LGKV,12,12,12,12,departures,1.0,1.0,shipped,2024
LHDC,12,5,5,5,departures,0.4166666666666667,0.4166666666666667,shipped,2024
LFMU,12,10,10,10,departures,0.8333333333333334,0.8333333333333334,shipped,2024
ESMT,12,9,9,9,departures,0.75,0.75,shipped,2024
LKPD,12,12,12,12,departures,1.0,1.0,shipped,2024
LTAR,12,0,0,0,departures,0.0,0.0,shipped,2024
GCGM,12,0,0,0,departures,0.0,0.0,shipped,2024
EFTP,12,10,10,10,departures,0.8333333333333334,0.8333333333333334,shipped,2024
LRCV,12,9,9,9,departures,0.75,0.75,shipped,2024
LFJL,12,11,11,11,departures,0.9166666666666666,0.9166666666666666,shipped,2024
LECH,12,9,9,14,departures,0.75,1.1666666666666667,shipped,2024
URMG,12,6,0,0,arrivals,0.0,0.0,shipped,2024
EGPN,12,6,5,5,arrivals,0.4166666666666667,0.4166666666666667,shipped,2024
LFMU,12,8,8,9,arrivals,0.6666666666666666,0.75,shipped,2024
EDDE,12,9,9,10,arrivals,0.75,0.8333333333333334,shipped,2024
LTAR,12,0,0,0,arrivals,0.0,0.0,shipped,2024
GCGM,12,0,0,0,arrivals,0.0,0.0,shipped,2024
ENSD,12,0,0,0,arrivals,0.0,0.0,shipped,2024
LRBS,12,10,10,11,arrivals,0.8333333333333334,0.9166666666666666,shipped,2024
UUBW,11,5,5,7,departures,0.45454545454545453,0.6363636363636364,shipped,2024
LPAZ,11,10,10,10,departures,0.9090909090909091,0.9090909090909091,shipped,2024
LTCD,11,0,0,0,departures,0.0,0.0,shipped,2024
UWGG,11,5,5,5,departures,0.45454545454545453,0.45454545454545453,shipped,2024
LTCV,11,0,0,0,departures,0.0,0.0,shipped,2024
HESX,11,0,0,0,departures,0.0,0.0,shipped,2024
ESNN,11,5,5,5,departures,0.45454545454545453,0.45454545454545453,shipped,2024
LZTT,11,11,10,10,departures,0.9090909090909091,0.9090909090909091,shipped,2024
ESMX,11,11,10,10,departures,0.9090909090909091,0.9090909090909091,shipped,2024
ENST,11,5,4,5,departures,0.36363636363636365,0.45454545454545453,shipped,2024
EFMA,11,2,2,2,departures,0.18181818181818182,0.18181818181818182,shipped,2024
EDNY,11,9,9,10,departures,0.8181818181818182,0.9090909090909091,shipped,2024
LROD,11,0,0,0,departures,0.0,0.0,shipped,2024
ENRM,11,10,9,9,departures,0.8181818181818182,0.8181818181818182,shipped,2024
ENLE,11,0,0,0,departures,0.0,0.0,shipped,2024
ESKN,11,11,11,11,departures,1.0,1.0,shipped,2024
LTCT,11,0,0,9,departures,0.0,0.8181818181818182,shipped,2024
ENSD,11,0,0,0,departures,0.0,0.0,shipped,2024
LTCP,11,0,0,0,departures,0.0,0.0,shipped,2024
ESSL,11,9,9,9,departures,0.8181818181818182,0.8181818181818182,shipped,2024
LEBZ,11,10,9,9,departures,0.8181818181818182,0.8181818181818182,shipped,2024
LFBE,11,11,11,12,departures,1.0,1.0909090909090908,shipped,2024
LIBC,11,0,0,0,departures,0.0,0.0,shipped,2024
LPAZ,11,9,9,9,arrivals,0.8181818181818182,0.8181818181818182,shipped,2024
LTCD,11,0,0,0,arrivals,0.0,0.0,shipped,2024
HESX,11,0,0,0,arrivals,0.0,0.0,shipped,2024
LTCV,11,0,0,0,arrivals,0.0,0.0,shipped,2024
ESNN,11,3,3,3,arrivals,0.2727272727272727,0.2727272727272727,shipped,2024
LTFD,11,6,6,6,arrivals,0.5454545454545454,0.5454545454545454,shipped,2024
ESMX,11,11,10,11,arrivals,0.9090909090909091,1.0,shipped,2024
LGKV,11,11,11,11,arrivals,1.0,1.0,shipped,2024
ENST,11,0,0,0,arrivals,0.0,0.0,shipped,2024
LHDC,11,0,0,0,arrivals,0.0,0.0,shipped,2024
EFMA,11,2,2,2,arrivals,0.18181818181818182,0.18181818181818182,shipped,2024
LROD,11,0,0,0,arrivals,0.0,0.0,shipped,2024
LKPD,11,11,11,13,arrivals,1.0,1.1818181818181819,shipped,2024
EGJA,11,8,8,8,arrivals,0.7272727272727273,0.7272727272727273,shipped,2024
ENRM,11,0,0,0,arrivals,0.0,0.0,shipped,2024
EFTP,11,8,8,8,arrivals,0.7272727272727273,0.7272727272727273,shipped,2024
ESKN,11,11,10,10,arrivals,0.9090909090909091,0.9090909090909091,shipped,2024
LTCT,11,0,0,0,arrivals,0.0,0.0,shipped,2024
LTCP,11,0,0,0,arrivals,0.0,0.0,shipped,2024
LRCV,11,9,9,9,arrivals,0.8181818181818182,0.8181818181818182,shipped,2024
LECH,11,0,0,0,arrivals,0.0,0.0,shipped,2024
LIBC,11,0,0,0,arrivals,0.0,0.0,shipped,2024
DAAE,11,0,0,0,arrivals,0.0,0.0,shipped,2024
LFBE,11,7,6,6,arrivals,0.5454545454545454,0.5454545454545454,shipped,2024
LYNI,10,9,9,9,departures,0.9,0.9,shipped,2024
ESNL,10,0,0,0,departures,0.0,0.0,shipped,2024
LFOK,10,8,5,6,departures,0.5,0.6,shipped,2024
ESNS,10,9,9,9,departures,0.9,0.9,shipped,2024
LTFD,10,9,9,9,departures,0.9,0.9,shipped,2024
EDTY,10,8,7,8,departures,0.7,0.8,shipped,2024
DABB,10,0,0,0,departures,0.0,0.0,shipped,2024
LQMO,10,0,0,0,departures,0.0,0.0,shipped,2024
EDDE,10,8,8,8,departures,0.8,0.8,shipped,2024
LFLW,10,3,2,2,departures,0.2,0.2,shipped,2024
LFTW,10,10,10,11,departures,1.0,1.1,shipped,2024
DAAE,10,1,1,1,departures,0.1,0.1,shipped,2024
ENNA,10,5,0,0,departures,0.0,0.0,shipped,2024
LFRM,10,6,5,7,arrivals,0.5,0.7,shipped,2024
ESNL,10,0,0,0,arrivals,0.0,0.0,shipped,2024
LFSL,10,0,0,0,arrivals,0.0,0.0,shipped,2024
UWGG,10,0,0,0,arrivals,0.0,0.0,shipped,2024
LFOK,10,6,3,4,arrivals,0.3,0.4,shipped,2024
LZTT,10,2,0,0,arrivals,0.0,0.0,shipped,2024
ESMT,10,7,7,7,arrivals,0.7,0.7,shipped,2024
DABB,10,0,0,0,arrivals,0.0,0.0,shipped,2024
LQMO,10,0,0,0,arrivals,0.0,0.0,shipped,2024
LFLW,10,0,0,0,arrivals,0.0,0.0,shipped,2024
ENLE,10,0,0,0,arrivals,0.0,0.0,shipped,2024
ESSL,10,10,10,10,arrivals,1.0,1.0,shipped,2024
LGST,10,0,0,0,arrivals,0.0,0.0,shipped,2024
ESKM,9,0,0,0,departures,0.0,0.0,shipped,2024
LRBV,9,5,4,4,departures,0.4444444444444444,0.4444444444444444,shipped,2024
ESNX,9,1,1,1,departures,0.1111111111111111,0.1111111111111111,shipped,2024
LQTZ,9,6,6,7,departures,0.6666666666666666,0.7777777777777778,shipped,2024
LFSL,9,5,5,5,departures,0.5555555555555556,0.5555555555555556,shipped,2024
ENDU,9,4,4,18,departures,0.4444444444444444,2.0,shipped,2024
LEVD,9,8,7,7,departures,0.7777777777777778,0.7777777777777778,shipped,2024
ENSO,9,3,3,3,departures,0.3333333333333333,0.3333333333333333,shipped,2024
ESDF,9,8,8,8,departures,0.8888888888888888,0.8888888888888888,shipped,2024
LGRX,9,2,1,8,departures,0.1111111111111111,0.8888888888888888,shipped,2024
LFCR,9,5,5,5,departures,0.5555555555555556,0.5555555555555556,shipped,2024
ESNG,9,1,1,1,departures,0.1111111111111111,0.1111111111111111,shipped,2024
LGIK,9,5,0,0,departures,0.0,0.0,shipped,2024
EGPL,9,2,0,0,departures,0.0,0.0,shipped,2024
LGST,9,1,0,0,departures,0.0,0.0,shipped,2024
EGNR,9,7,4,4,departures,0.4444444444444444,0.4444444444444444,shipped,2024
ESKM,9,0,0,0,arrivals,0.0,0.0,shipped,2024
LRBV,9,1,0,0,arrivals,0.0,0.0,shipped,2024
EDVK,9,6,6,6,arrivals,0.6666666666666666,0.6666666666666666,shipped,2024
LQTZ,9,0,0,0,arrivals,0.0,0.0,shipped,2024
LYNI,9,8,8,9,arrivals,0.8888888888888888,1.0,shipped,2024
ESNS,9,4,4,4,arrivals,0.4444444444444444,0.4444444444444444,shipped,2024
EDHL,9,8,6,7,arrivals,0.6666666666666666,0.7777777777777778,shipped,2024
LDOS,9,9,9,9,arrivals,1.0,1.0,shipped,2024
LTDA,9,0,0,0,arrivals,0.0,0.0,shipped,2024
EDNY,9,7,7,8,arrivals,0.7777777777777778,0.8888888888888888,shipped,2024
ENSO,9,3,3,3,arrivals,0.3333333333333333,0.3333333333333333,shipped,2024
LGRX,9,0,0,0,arrivals,0.0,0.0,shipped,2024
EDTY,9,7,5,6,arrivals,0.5555555555555556,0.6666666666666666,shipped,2024
LFCR,9,6,6,6,arrivals,0.6666666666666666,0.6666666666666666,shipped,2024
ESNG,9,0,0,0,arrivals,0.0,0.0,shipped,2024
EKRK,9,9,8,8,arrivals,0.8888888888888888,0.8888888888888888,shipped,2024
LGIK,9,0,0,0,arrivals,0.0,0.0,shipped,2024
LFSD,9,6,5,9,arrivals,0.5555555555555556,1.0,shipped,2024
EGPL,9,0,0,0,arrivals,0.0,0.0,shipped,2024
LEBZ,9,8,8,9,arrivals,0.8888888888888888,1.0,shipped,2024
LGIO,8,7,7,7,departures,0.875,0.875,shipped,2024
EDVK,8,7,7,7,departures,0.875,0.875,shipped,2024
LFMV,8,8,7,7,departures,0.875,0.875,shipped,2024
EDHL,8,8,8,8,departures,1.0,1.0,shipped,2024
LDOS,8,7,7,7,departures,0.875,0.875,shipped,2024
URMO,8,0,0,0,departures,0.0,0.0,shipped,2024
LTDA,8,0,0,0,departures,0.0,0.0,shipped,2024
ESNQ,8,4,4,4,departures,0.5,0.5,shipped,2024
EKRK,8,8,8,8,departures,1.0,1.0,shipped,2024
DAON,8,6,6,6,departures,0.75,0.75,shipped,2024
ENJS,8,0,0,0,departures,0.0,0.0,shipped,2024
LFSD,8,7,6,8,departures,0.75,1.0,shipped,2024
LTCN,8,0,0,0,departures,0.0,0.0,shipped,2024
EFKK,8,6,6,6,departures,0.75,0.75,shipped,2024
LTCO,8,0,0,0,departures,0.0,0.0,shipped,2024
ENNM,8,4,0,0,departures,0.0,0.0,shipped,2024
LGIO,8,7,7,7,arrivals,0.875,0.875,shipped,2024
ESNX,8,0,0,0,arrivals,0.0,0.0,shipped,2024
ENDU,8,0,0,0,arrivals,0.0,0.0,shipped,2024
LEVD,8,3,2,2,arrivals,0.25,0.25,shipped,2024
ESNQ,8,1,1,1,arrivals,0.125,0.125,shipped,2024
ESDF,8,7,7,7,arrivals,0.875,0.875,shipped,2024
ESMQ,8,7,7,7,arrivals,0.875,0.875,shipped,2024
ENJS,8,0,0,0,arrivals,0.0,0.0,shipped,2024
LTCN,8,0,0,0,arrivals,0.0,0.0,shipped,2024
GMFK,8,0,0,0,arrivals,0.0,0.0,shipped,2024
LTCO,8,0,0,0,arrivals,0.0,0.0,shipped,2024
LFTW,8,8,8,10,arrivals,1.0,1.25,shipped,2024
ENNM,8,1,0,0,arrivals,0.0,0.0,shipped,2024
DAON,8,0,0,0,arrivals,0.0,0.0,shipped,2024
ENNA,8,5,0,0,arrivals,0.0,0.0,shipped,2024
LFRM,7,6,6,9,departures,0.8571428571428571,1.2857142857142858,shipped,2024
LRBM,7,0,0,0,departures,0.0,0.0,shipped,2024
ORMM,7,0,0,0,departures,0.0,0.0,shipped,2024
EIDL,7,6,5,5,departures,0.7142857142857143,0.7142857142857143,shipped,2024
ESOE,7,5,5,6,departures,0.7142857142857143,0.8571428571428571,shipped,2024
ESNV,7,0,0,0,departures,0.0,0.0,shipped,2024
EFJO,7,4,4,4,departures,0.5714285714285714,0.5714285714285714,shipped,2024
ESMK,7,7,7,8,departures,1.0,1.1428571428571428,shipped,2024
HEBA,7,2,2,2,departures,0.2857142857142857,0.2857142857142857,shipped,2024
ESMQ,7,7,7,7,departures,1.0,1.0,shipped,2024
GMMI,7,0,0,0,departures,0.0,0.0,shipped,2024
OITT,7,0,0,0,departures,0.0,0.0,shipped,2024
EETU,7,6,4,4,departures,0.5714285714285714,0.5714285714285714,shipped,2024
LRTM,7,0,0,2,departures,0.0,0.2857142857142857,shipped,2024
EGEC,7,1,1,2,departures,0.14285714285714285,0.2857142857142857,shipped,2024
BIEG,7,0,0,0,departures,0.0,0.0,shipped,2024
GMFK,7,0,0,0,departures,0.0,0.0,shipped,2024
LFMV,7,6,3,3,arrivals,0.42857142857142855,0.42857142857142855,shipped,2024
LRBM,7,1,0,0,arrivals,0.0,0.0,shipped,2024
ESNK,7,0,0,0,arrivals,0.0,0.0,shipped,2024
ORMM,7,0,0,0,arrivals,0.0,0.0,shipped,2024
ESOE,7,5,4,6,arrivals,0.5714285714285714,0.8571428571428571,shipped,2024
LTCW,7,0,0,0,arrivals,0.0,0.0,shipped,2024
ESNV,7,0,0,0,arrivals,0.0,0.0,shipped,2024
EFJO,7,1,1,1,arrivals,0.14285714285714285,0.14285714285714285,shipped,2024
BIEG,7,0,0,0,arrivals,0.0,0.0,shipped,2024
GMMI,7,0,0,0,arrivals,0.0,0.0,shipped,2024
OITT,7,0,0,0,arrivals,0.0,0.0,shipped,2024
LIBG,7,0,0,0,arrivals,0.0,0.0,shipped,2024
EETU,7,1,1,1,arrivals,0.14285714285714285,0.14285714285714285,shipped,2024
EGNR,7,6,0,0,arrivals,0.0,0.0,shipped,2024
EFKK,7,5,5,5,arrivals,0.7142857142857143,0.7142857142857143,shipped,2024
LRTM,7,1,0,0,arrivals,0.0,0.0,shipped,2024
EGEC,7,0,0,0,arrivals,0.0,0.0,shipped,2024
EIDL,7,0,0,0,arrivals,0.0,0.0,shipped,2024
LFLB,6,3,3,3,departures,0.5,0.5,shipped,2024
ESNK,6,0,0,0,departures,0.0,0.0,shipped,2024
EGPI,6,3,2,2,departures,0.3333333333333333,0.3333333333333333,shipped,2024
EKTE,6,1,0,0,departures,0.0,0.0,shipped,2024
EEKE,6,2,2,2,departures,0.3333333333333333,0.3333333333333333,shipped,2024
ENRO,6,2,2,2,departures,0.3333333333333333,0.3333333333333333,shipped,2024
DAAS,6,0,0,0,departures,0.0,0.0,shipped,2024
ESUP,6,0,0,0,departures,0.0,0.0,shipped,2024
LTCW,6,0,0,0,departures,0.0,0.0,shipped,2024
EGPR,6,0,0,1,departures,0.0,0.16666666666666666,shipped,2024
ESOH,6,1,0,0,departures,0.0,0.0,shipped,2024
EEKA,6,2,2,2,departures,0.3333333333333333,0.3333333333333333,shipped,2024
LFEC,6,0,0,0,departures,0.0,0.0,shipped,2024
ENHE,6,0,0,0,departures,0.0,0.0,shipped,2024
LWOH,6,6,6,6,departures,1.0,1.0,shipped,2024
ENSR,6,0,0,33,departures,0.0,5.5,shipped,2024
LTBH,6,5,5,5,departures,0.8333333333333334,0.8333333333333334,shipped,2024
EHGG,6,4,4,4,departures,0.6666666666666666,0.6666666666666666,shipped,2024
LFOT,6,6,6,6,departures,1.0,1.0,shipped,2024
LSZC,6,4,0,0,departures,0.0,0.0,shipped,2024
LTCU,6,0,0,0,departures,0.0,0.0,shipped,2024
LBPD,6,4,4,4,departures,0.6666666666666666,0.6666666666666666,shipped,2024
UBBG,6,4,4,4,departures,0.6666666666666666,0.6666666666666666,shipped,2024
EHLE,6,4,2,2,departures,0.3333333333333333,0.3333333333333333,shipped,2024
LGLE,6,2,0,0,departures,0.0,0.0,shipped,2024
LFCK,6,0,0,0,departures,0.0,0.0,shipped,2024
EGPU,6,0,0,1,departures,0.0,0.16666666666666666,shipped,2024
ESND,6,0,0,0,departures,0.0,0.0,shipped,2024
EFJY,6,5,5,5,departures,0.8333333333333334,0.8333333333333334,shipped,2024
ENRS,6,0,0,0,arrivals,0.0,0.0,shipped,2024
EGPU,6,0,0,0,arrivals,0.0,0.0,shipped,2024
HEMM,6,0,0,0,arrivals,0.0,0.0,shipped,2024
EKTE,6,0,0,0,arrivals,0.0,0.0,shipped,2024
EEKE,6,2,2,2,arrivals,0.3333333333333333,0.3333333333333333,shipped,2024
ENRO,6,0,0,0,arrivals,0.0,0.0,shipped,2024
ESUP,6,0,0,0,arrivals,0.0,0.0,shipped,2024
ESOH,6,1,0,0,arrivals,0.0,0.0,shipped,2024
EEKA,6,2,2,2,arrivals,0.3333333333333333,0.3333333333333333,shipped,2024
LFEC,6,0,0,0,arrivals,0.0,0.0,shipped,2024
ENHE,6,0,0,0,arrivals,0.0,0.0,shipped,2024
LWOH,6,0,0,0,arrivals,0.0,0.0,shipped,2024
ENSR,6,0,0,0,arrivals,0.0,0.0,shipped,2024
ESND,6,0,0,0,arrivals,0.0,0.0,shipped,2024
HEBA,6,0,0,0,arrivals,0.0,0.0,shipped,2024
LIMZ,6,4,3,4,arrivals,0.5,0.6666666666666666,shipped,2024
LTBH,6,0,0,0,arrivals,0.0,0.0,shipped,2024
EHGG,6,5,5,5,arrivals,0.8333333333333334,0.8333333333333334,shipped,2024
LFOT,6,6,6,6,arrivals,1.0,1.0,shipped,2024
LSZC,6,5,0,0,arrivals,0.0,0.0,shipped,2024
LTCU,6,0,0,0,arrivals,0.0,0.0,shipped,2024
LBPD,6,4,4,4,arrivals,0.6666666666666666,0.6666666666666666,shipped,2024
UBBG,6,0,0,0,arrivals,0.0,0.0,shipped,2024
LGLE,6,0,0,0,arrivals,0.0,0.0,shipped,2024
LFCK,6,0,0,0,arrivals,0.0,0.0,shipped,2024
EGPI,6,0,0,0,arrivals,0.0,0.0,shipped,2024
EGPR,6,0,0,0,arrivals,0.0,0.0,shipped,2024
LFBI,5,4,4,4,departures,0.8,0.8,shipped,2024
ENRS,5,5,0,0,departures,0.0,0.0,shipped,2024
ENWS,5,0,0,0,departures,0.0,0.0,shipped,2024
LDVA,5,1,0,0,departures,0.0,0.0,shipped,2024
EDRY,5,5,0,0,departures,0.0,0.0,shipped,2024
HEMM,5,0,0,0,departures,0.0,0.0,shipped,2024
ENWV,5,0,0,0,departures,0.0,0.0,shipped,2024
EFKE,5,0,0,0,departures,0.0,0.0,shipped,2024
GMTA,5,5,5,5,departures,1.0,1.0,shipped,2024
EDTM,5,5,5,7,departures,1.0,1.4,shipped,2024
EGPC,5,3,2,9,departures,0.4,1.8,shipped,2024
LKCS,5,5,5,5,departures,1.0,1.0,shipped,2024
BIIS,5,0,0,0,departures,0.0,0.0,shipped,2024
LGKY,5,3,0,0,departures,0.0,0.0,shipped,2024
LIMZ,5,4,4,4,departures,0.8,0.8,shipped,2024
EKKA,5,0,0,0,departures,0.0,0.0,shipped,2024
LTBY,5,5,4,4,departures,0.8,0.8,shipped,2024
GMMZ,5,0,0,0,departures,0.0,0.0,shipped,2024
LIBG,5,0,0,0,departures,0.0,0.0,shipped,2024
EDLN,5,4,3,3,departures,0.6,0.6,shipped,2024
ENSL,5,0,0,0,departures,0.0,0.0,shipped,2024
LFRH,5,4,4,5,departures,0.8,1.0,shipped,2024
LTAS,5,0,0,0,departures,0.0,0.0,shipped,2024
LTBR,5,5,5,5,departures,1.0,1.0,shipped,2024
EPZG,5,5,5,5,departures,1.0,1.0,shipped,2024
ORKK,5,0,0,0,departures,0.0,0.0,shipped,2024
LSGL,5,5,0,0,departures,0.0,0.0,shipped,2024
URMS,5,1,0,0,departures,0.0,0.0,shipped,2024
LFBI,5,3,3,3,arrivals,0.6,0.6,shipped,2024
ENWS,5,0,0,0,arrivals,0.0,0.0,shipped,2024
ESUT,5,0,0,0,arrivals,0.0,0.0,shipped,2024
EFKI,5,0,0,0,arrivals,0.0,0.0,shipped,2024
URMO,5,0,0,0,arrivals,0.0,0.0,shipped,2024
LSGK,5,2,0,0,arrivals,0.0,0.0,shipped,2024
ENWV,5,0,0,0,arrivals,0.0,0.0,shipped,2024
DAAS,5,0,0,0,arrivals,0.0,0.0,shipped,2024
GMTA,5,5,5,5,arrivals,1.0,1.0,shipped,2024
EDTM,5,4,3,3,arrivals,0.6,0.6,shipped,2024
LKCS,5,5,5,5,arrivals,1.0,1.0,shipped,2024
LTCL,5,2,0,0,arrivals,0.0,0.0,shipped,2024
ENQG,5,0,0,0,arrivals,0.0,0.0,shipped,2024
BIIS,5,0,0,0,arrivals,0.0,0.0,shipped,2024
ESMK,5,5,3,3,arrivals,0.6,0.6,shipped,2024
LTBY,5,1,1,1,arrivals,0.2,0.2,shipped,2024
GMMZ,5,0,0,0,arrivals,0.0,0.0,shipped,2024
ENSL,5,0,0,0,arrivals,0.0,0.0,shipped,2024
EFJY,5,0,0,0,arrivals,0.0,0.0,shipped,2024
LFRH,5,4,3,4,arrivals,0.6,0.8,shipped,2024
LTAS,5,0,0,0,arrivals,0.0,0.0,shipped,2024
EHLE,5,2,0,2,arrivals,0.0,0.4,shipped,2024
ORKK,5,0,0,0,arrivals,0.0,0.0,shipped,2024
EKKA,5,0,0,0,arrivals,0.0,0.0,shipped,2024
LTBR,5,5,5,5,arrivals,1.0,1.0,shipped,2024
LFMI,4,4,4,4,departures,1.0,1.0,shipped,2024
LFOZ,4,4,0,0,departures,0.0,0.0,shipped,2024
EDRZ,4,4,0,0,departures,0.0,0.0,shipped,2024
EPRA,4,4,4,4,departures,1.0,1.0,shipped,2024
LGPL,4,0,0,0,departures,0.0,0.0,shipped,2024
EDGS,4,3,3,3,departures,0.75,0.75,shipped,2024
LSGK,4,4,0,0,departures,0.0,0.0,shipped,2024
LELN,4,3,3,3,departures,0.75,0.75,shipped,2024
LHPP,4,4,4,4,departures,1.0,1.0,shipped,2024
ENGA,4,0,0,0,departures,0.0,0.0,shipped,2024
LTCL,4,0,0,0,departures,0.0,0.0,shipped,2024
LRCK,4,4,4,5,departures,1.0,1.25,shipped,2024
ENGC,4,0,0,0,departures,0.0,0.0,shipped,2024
LTAW,4,0,0,0,departures,0.0,0.0,shipped,2024
LZPP,4,4,4,4,departures,1.0,1.0,shipped,2024
EDAZ,4,3,0,0,departures,0.0,0.0,shipped,2024
EGNO,4,3,3,3,departures,0.75,0.75,shipped,2024
ETNL,4,4,4,7,departures,1.0,1.75,shipped,2024
LGKC,4,0,0,0,departures,0.0,0.0,shipped,2024
LKKV,4,4,4,4,departures,1.0,1.0,shipped,2024
ENOA,4,0,0,0,departures,0.0,0.0,shipped,2024
ESST,4,1,1,1,departures,0.25,0.25,shipped,2024
LTAP,4,0,0,0,departures,0.0,0.0,shipped,2024
ESOW,4,4,4,4,departures,1.0,1.0,shipped,2024
ESNO,4,0,0,0,departures,0.0,0.0,shipped,2024
EGSC,4,3,3,5,departures,0.75,1.25,shipped,2024
LIPK,4,3,3,3,departures,0.75,0.75,shipped,2024
EGNH,4,3,2,2,departures,0.5,0.5,shipped,2024
LGSY,4,0,0,0,departures,0.0,0.0,shipped,2024
ESUT,4,0,0,0,departures,0.0,0.0,shipped,2024
EFKI,4,4,4,4,departures,1.0,1.0,shipped,2024
URWW,4,0,0,0,departures,0.0,0.0,shipped,2024
DTTX,4,0,0,0,departures,0.0,0.0,shipped,2024
ENWY,4,0,0,0,departures,0.0,0.0,shipped,2024
LGKS,4,0,0,0,departures,0.0,0.0,shipped,2024
HLMS,4,0,0,0,departures,0.0,0.0,shipped,2024
BIBD,4,0,0,0,arrivals,0.0,0.0,shipped,2024
LFMI,4,4,1,1,arrivals,0.25,0.25,shipped,2024
LFLB,4,1,1,3,arrivals,0.25,0.75,shipped,2024
EPRA,4,4,4,4,arrivals,1.0,1.0,shipped,2024
LDVA,4,1,0,0,arrivals,0.0,0.0,shipped,2024
OSDI,4,0,0,0,arrivals,0.0,0.0,shipped,2024
LFLP,4,4,3,3,arrivals,0.75,0.75,shipped,2024
LELN,4,2,2,2,arrivals,0.5,0.5,shipped,2024
EHLL,4,0,0,0,arrivals,0.0,0.0,shipped,2024
LKHK,4,3,0,0,arrivals,0.0,0.0,shipped,2024
EGPC,4,0,0,0,arrivals,0.0,0.0,shipped,2024
LSGC,4,4,2,3,arrivals,0.5,0.75,shipped,2024
LHPP,4,4,4,4,arrivals,1.0,1.0,shipped,2024
ENGA,4,0,0,0,arrivals,0.0,0.0,shipped,2024
LRCK,4,3,2,2,arrivals,0.5,0.5,shipped,2024
LGKY,4,2,0,0,arrivals,0.0,0.0,shipped,2024
ETND,4,4,2,2,arrivals,0.5,0.5,shipped,2024
ETNL,4,4,3,4,arrivals,0.75,1.0,shipped,2024
LSGL,4,3,0,0,arrivals,0.0,0.0,shipped,2024
LGKC,4,0,0,0,arrivals,0.0,0.0,shipped,2024
ENOA,4,0,0,0,arrivals,0.0,0.0,shipped,2024
ESST,4,0,0,0,arrivals,0.0,0.0,shipped,2024
LTAP,4,0,0,0,arrivals,0.0,0.0,shipped,2024
ESNO,4,0,0,0,arrivals,0.0,0.0,shipped,2024
ENQA,4,0,0,0,arrivals,0.0,0.0,shipped,2024
EGSC,4,2,2,2,arrivals,0.5,0.5,shipped,2024
LGKS,4,0,0,0,arrivals,0.0,0.0,shipped,2024
LGSY,4,0,0,0,arrivals,0.0,0.0,shipped,2024
HLMS,4,0,0,0,arrivals,0.0,0.0,shipped,2024
LGPL,4,0,0,0,arrivals,0.0,0.0,shipped,2024
EDGS,4,2,2,2,arrivals,0.5,0.5,shipped,2024
LOAN,4,2,2,3,arrivals,0.5,0.75,shipped,2024
EKHD,4,0,0,0,arrivals,0.0,0.0,shipped,2024
LTAW,4,0,0,0,arrivals,0.0,0.0,shipped,2024
LZPP,4,3,3,3,arrivals,0.75,0.75,shipped,2024
EGNO,4,3,3,4,arrivals,0.75,1.0,shipped,2024
LKKV,4,3,3,3,arrivals,0.75,0.75,shipped,2024
ENWY,4,0,0,0,arrivals,0.0,0.0,shipped,2024
LIPK,4,4,3,4,arrivals,0.75,1.0,shipped,2024
EPZG,4,3,3,3,arrivals,0.75,0.75,shipped,2024
EGLK,3,3,3,3,departures,1.0,1.0,shipped,2024
LTBZ,3,3,0,0,departures,0.0,0.0,shipped,2024
EPSY,3,3,3,3,departures,1.0,1.0,shipped,2024
ENQC,3,1,0,0,departures,0.0,0.0,shipped,2024
OSDI,3,0,0,0,departures,0.0,0.0,shipped,2024
EHGQ,3,1,0,0,departures,0.0,0.0,shipped,2024
LFLP,3,3,3,3,departures,1.0,1.0,shipped,2024
LFLS,3,2,2,2,departures,0.6666666666666666,0.6666666666666666,shipped,2024
EHLL,3,0,0,0,departures,0.0,0.0,shipped,2024
LFLX,3,2,1,1,departures,0.3333333333333333,0.3333333333333333,shipped,2024
LSGC,3,3,2,3,departures,0.6666666666666666,1.0,shipped,2024
LOAN,3,3,3,3,departures,1.0,1.0,shipped,2024
BIGR,3,0,0,0,departures,0.0,0.0,shipped,2024
ETND,3,3,2,2,departures,0.6666666666666666,0.6666666666666666,shipped,2024
EKHD,3,0,0,0,departures,0.0,0.0,shipped,2024
LIRJ,3,1,1,1,departures,0.3333333333333333,0.3333333333333333,shipped,2024
ENOC,3,0,0,0,departures,0.0,0.0,shipped,2024
EHQM,3,0,0,0,departures,0.0,0.0,shipped,2024
ENUA,3,0,0,0,departures,0.0,0.0,shipped,2024
LEGT,3,3,3,3,departures,1.0,1.0,shipped,2024
EKHB,3,3,0,0,departures,0.0,0.0,shipped,2024
LTAL,3,0,0,0,departures,0.0,0.0,shipped,2024
LRSM,3,0,0,0,departures,0.0,0.0,shipped,2024
ENDR,3,0,0,0,departures,0.0,0.0,shipped,2024
LFGJ,3,3,3,3,departures,1.0,1.0,shipped,2024
EKTW,3,0,0,0,departures,0.0,0.0,shipped,2024
BIBD,3,2,2,2,departures,0.6666666666666666,0.6666666666666666,shipped,2024
LGSO,3,2,0,0,departures,0.0,0.0,shipped,2024
ENQD,3,0,0,0,departures,0.0,0.0,shipped,2024
EDAB,3,2,0,0,departures,0.0,0.0,shipped,2024
LECU,3,2,2,2,departures,0.6666666666666666,0.6666666666666666,shipped,2024
ENXW,3,0,0,0,departures,0.0,0.0,shipped,2024
ENWI,3,0,0,0,departures,0.0,0.0,shipped,2024
ENQA,3,2,0,0,departures,0.0,0.0,shipped,2024
EFIV,3,0,0,0,departures,0.0,0.0,shipped,2024
LTBZ,3,0,0,0,arrivals,0.0,0.0,shipped,2024
LFOZ,3,1,0,0,arrivals,0.0,0.0,shipped,2024
LIQS,3,0,0,0,arrivals,0.0,0.0,shipped,2024
LFMQ,3,2,0,1,arrivals,0.0,0.3333333333333333,shipped,2024
EDRY,3,3,0,0,arrivals,0.0,0.0,shipped,2024
ENQC,3,0,0,0,arrivals,0.0,0.0,shipped,2024
EGBJ,3,2,1,1,arrivals,0.3333333333333333,0.3333333333333333,shipped,2024
LFLS,3,2,2,2,arrivals,0.6666666666666666,0.6666666666666666,shipped,2024
EFKE,3,0,0,0,arrivals,0.0,0.0,shipped,2024
LFLX,3,0,0,0,arrivals,0.0,0.0,shipped,2024
LFSN,3,3,1,1,arrivals,0.3333333333333333,0.3333333333333333,shipped,2024
EKHA,3,0,0,0,arrivals,0.0,0.0,shipped,2024
EHKV,3,0,0,0,arrivals,0.0,0.0,shipped,2024
URWW,3,0,0,0,arrivals,0.0,0.0,shipped,2024
BIGR,3,0,0,0,arrivals,0.0,0.0,shipped,2024
ENQS,3,0,0,0,arrivals,0.0,0.0,shipped,2024
ENGC,3,0,0,0,arrivals,0.0,0.0,shipped,2024
ENFB,3,0,0,0,arrivals,0.0,0.0,shipped,2024
EHQM,3,0,0,0,arrivals,0.0,0.0,shipped,2024
ENUA,3,0,0,0,arrivals,0.0,0.0,shipped,2024
DAUG,3,0,0,0,arrivals,0.0,0.0,shipped,2024
LEGT,3,3,2,2,arrivals,0.6666666666666666,0.6666666666666666,shipped,2024
LTAL,3,0,0,0,arrivals,0.0,0.0,shipped,2024
ENQR,3,0,0,0,arrivals,0.0,0.0,shipped,2024
LDSB,3,0,0,0,arrivals,0.0,0.0,shipped,2024
LRSM,3,0,0,0,arrivals,0.0,0.0,shipped,2024
ENDR,3,0,0,0,arrivals,0.0,0.0,shipped,2024
LTFC,3,0,0,0,arrivals,0.0,0.0,shipped,2024
EGLK,3,3,3,3,arrivals,1.0,1.0,shipped,2024
EPSY,3,3,2,2,arrivals,0.6666666666666666,0.6666666666666666,shipped,2024
EHAK,3,0,0,0,arrivals,0.0,0.0,shipped,2024
ENQD,3,0,0,0,arrivals,0.0,0.0,shipped,2024
EDAB,3,2,0,0,arrivals,0.0,0.0,shipped,2024
EDQG,3,2,0,0,arrivals,0.0,0.0,shipped,2024
LFAT,3,3,2,2,arrivals,0.6666666666666666,0.6666666666666666,shipped,2024
LIRJ,3,0,0,0,arrivals,0.0,0.0,shipped,2024
ENXW,3,0,0,0,arrivals,0.0,0.0,shipped,2024
EDAZ,3,3,0,0,arrivals,0.0,0.0,shipped,2024
URMS,3,2,0,0,arrivals,0.0,0.0,shipped,2024
EGNH,3,3,1,1,arrivals,0.3333333333333333,0.3333333333333333,shipped,2024
LFGJ,3,3,3,3,arrivals,1.0,1.0,shipped,2024
ENUD,3,0,0,0,arrivals,0.0,0.0,shipped,2024
EFIV,3,0,0,0,arrivals,0.0,0.0,shipped,2024
ENUB,3,0,0,0,arrivals,0.0,0.0,shipped,2024
DAUH,2,0,0,0,departures,0.0,0.0,shipped,2024
LFQG,2,1,0,0,departures,0.0,0.0,shipped,2024
EHPK,2,0,0,0,departures,0.0,0.0,shipped,2024
EGTC,2,2,2,2,departures,1.0,1.0,shipped,2024
EHJA,2,1,0,0,departures,0.0,0.0,shipped,2024
LSMP,2,2,2,5,departures,1.0,2.5,shipped,2024
LSZS,2,1,0,0,departures,0.0,0.0,shipped,2024
ENSF,2,0,0,0,departures,0.0,0.0,shipped,2024
LGKJ,2,0,0,0,departures,0.0,0.0,shipped,2024
ENQV,2,0,0,0,departures,0.0,0.0,shipped,2024
BIVO,2,0,0,0,departures,0.0,0.0,shipped,2024
EDQM,2,2,1,1,departures,0.5,0.5,shipped,2024
LFOH,2,2,0,0,departures,0.0,0.0,shipped,2024
ENXO,2,0,0,0,departures,0.0,0.0,shipped,2024
URWA,2,0,0,0,departures,0.0,0.0,shipped,2024
OJAQ,2,0,0,0,departures,0.0,0.0,shipped,2024
GMAT,2,0,0,0,departures,0.0,0.0,shipped,2024
ESSP,2,2,2,2,departures,1.0,1.0,shipped,2024
LFSN,2,2,2,2,departures,1.0,1.0,shipped,2024
ENQG,2,0,0,0,departures,0.0,0.0,shipped,2024
EHKV,2,0,0,0,departures,0.0,0.0,shipped,2024
EHMR,2,0,0,0,departures,0.0,0.0,shipped,2024
ENQB,2,1,0,0,departures,0.0,0.0,shipped,2024
ESOK,2,1,1,1,departures,0.5,0.5,shipped,2024
DAOI,2,1,1,1,departures,0.5,0.5,shipped,2024
EKDF,2,1,0,0,departures,0.0,0.0,shipped,2024
ENFB,2,0,0,0,departures,0.0,0.0,shipped,2024
EFKT,2,0,0,0,departures,0.0,0.0,shipped,2024
EGVN,2,2,2,2,departures,1.0,1.0,shipped,2024
DAUG,2,0,0,0,departures,0.0,0.0,shipped,2024
UDSG,2,2,2,6,departures,1.0,3.0,shipped,2024
LESU,2,2,2,2,departures,1.0,1.0,shipped,2024
ENQE,2,0,0,0,departures,0.0,0.0,shipped,2024
GMMB,2,0,0,0,departures,0.0,0.0,shipped,2024
ENUN,2,0,0,0,departures,0.0,0.0,shipped,2024
ENQR,2,0,0,0,departures,0.0,0.0,shipped,2024
ENLA,2,0,0,0,departures,0.0,0.0,shipped,2024
LDSB,2,0,0,1,departures,0.0,0.5,shipped,2024
EGNL,2,1,1,2,departures,0.5,1.0,shipped,2024
LFRD,2,2,2,2,departures,1.0,1.0,shipped,2024
LHPR,2,1,1,1,departures,0.5,0.5,shipped,2024
LTFC,2,0,0,0,departures,0.0,0.0,shipped,2024
LFBU,2,1,1,1,departures,0.5,0.5,shipped,2024
LTBU,2,2,2,3,departures,1.0,1.5,shipped,2024
UWSG,2,2,2,2,departures,1.0,1.0,shipped,2024
LIQS,2,1,1,1,departures,0.5,0.5,shipped,2024
LKMH,2,0,0,0,departures,0.0,0.0,shipped,2024
EHTW,2,2,2,2,departures,1.0,1.0,shipped,2024
LFOP,2,1,1,1,departures,0.5,0.5,shipped,2024
DABT,2,0,0,0,departures,0.0,0.0,shipped,2024
EGBJ,2,1,0,0,departures,0.0,0.0,shipped,2024
EDMS,2,0,0,0,departures,0.0,0.0,shipped,2024
BITN,2,0,0,0,departures,0.0,0.0,shipped,2024
EGTB,2,2,0,0,departures,0.0,0.0,shipped,2024
EDQG,2,2,0,0,departures,0.0,0.0,shipped,2024
ENUS,2,0,0,0,departures,0.0,0.0,shipped,2024
LTCM,2,0,0,0,departures,0.0,0.0,shipped,2024
EKHA,2,1,0,0,departures,0.0,0.0,shipped,2024
ETMN,2,2,2,2,departures,1.0,1.0,shipped,2024
LFLI,2,2,0,0,departures,0.0,0.0,shipped,2024
ORNI,2,0,0,0,departures,0.0,0.0,shipped,2024
LFAT,2,2,1,1,departures,0.5,0.5,shipped,2024
ENQK,2,0,0,0,departures,0.0,0.0,shipped,2024
ENQS,2,0,0,0,departures,0.0,0.0,shipped,2024
ENSE,2,0,0,0,departures,0.0,0.0,shipped,2024
ENBE,2,0,0,0,departures,0.0,0.0,shipped,2024
LCRA,2,0,0,0,departures,0.0,0.0,shipped,2024
ULWC,2,0,0,0,departures,0.0,0.0,shipped,2024
EFKS,2,0,0,0,departures,0.0,0.0,shipped,2024
EVGA,2,0,0,0,departures,0.0,0.0,shipped,2024
EHBL,2,0,0,0,departures,0.0,0.0,shipped,2024
EIWT,2,0,0,0,departures,0.0,0.0,shipped,2024
LKVO,2,2,0,0,departures,0.0,0.0,shipped,2024
LIRE,2,2,2,2,departures,1.0,1.0,shipped,2024
ENUK,2,0,0,0,departures,0.0,0.0,shipped,2024
ENUD,2,0,0,0,departures,0.0,0.0,shipped,2024
EDAH,2,2,2,2,departures,1.0,1.0,shipped,2024
ENQJ,2,0,0,0,departures,0.0,0.0,shipped,2024
ENUB,2,0,0,0,departures,0.0,0.0,shipped,2024
DAUH,2,0,0,0,arrivals,0.0,0.0,shipped,2024
LGSO,2,1,0,0,arrivals,0.0,0.0,shipped,2024
LFQG,2,0,0,0,arrivals,0.0,0.0,shipped,2024
ENQO,2,0,0,0,arrivals,0.0,0.0,shipped,2024
LFLU,2,2,2,2,arrivals,1.0,1.0,shipped,2024
EHJA,2,0,0,0,arrivals,0.0,0.0,shipped,2024
LSMP,2,1,0,2,arrivals,0.0,1.0,shipped,2024
LSZS,2,2,0,0,arrivals,0.0,0.0,shipped,2024
UWSG,2,0,0,0,arrivals,0.0,0.0,shipped,2024
EHTW,2,2,2,2,arrivals,1.0,1.0,shipped,2024
EDQM,2,2,1,1,arrivals,0.5,0.5,shipped,2024
EGFE,2,0,0,0,arrivals,0.0,0.0,shipped,2024
EHKJ,2,0,0,0,arrivals,0.0,0.0,shipped,2024
EHGQ,2,0,0,0,arrivals,0.0,0.0,shipped,2024
LFOH,2,2,0,2,arrivals,0.0,1.0,shipped,2024
EDMS,2,1,0,0,arrivals,0.0,0.0,shipped,2024
OJAQ,2,0,0,0,arrivals,0.0,0.0,shipped,2024
GMAT,2,0,0,0,arrivals,0.0,0.0,shipped,2024
BITN,2,0,0,0,arrivals,0.0,0.0,shipped,2024
LHKK,2,2,0,0,arrivals,0.0,0.0,shipped,2024
EGBP,2,2,0,0,arrivals,0.0,0.0,shipped,2024
LFLI,2,1,0,0,arrivals,0.0,0.0,shipped,2024
EDFE,2,2,0,0,arrivals,0.0,0.0,shipped,2024
ENSE,2,0,0,0,arrivals,0.0,0.0,shipped,2024
ESOK,2,1,1,1,arrivals,0.5,0.5,shipped,2024
EHJF,2,0,0,0,arrivals,0.0,0.0,shipped,2024
ENOC,2,0,0,0,arrivals,0.0,0.0,shipped,2024
ENBE,2,0,0,0,arrivals,0.0,0.0,shipped,2024
EKDF,2,0,0,0,arrivals,0.0,0.0,shipped,2024
EFKT,2,0,0,0,arrivals,0.0,0.0,shipped,2024
DTTX,2,0,0,0,arrivals,0.0,0.0,shipped,2024
EGVN,2,1,0,0,arrivals,0.0,0.0,shipped,2024
ULWC,2,0,0,0,arrivals,0.0,0.0,shipped,2024
EFKS,2,0,0,0,arrivals,0.0,0.0,shipped,2024
EHFR,2,0,0,0,arrivals,0.0,0.0,shipped,2024
UDSG,2,0,0,0,arrivals,0.0,0.0,shipped,2024
EVGA,2,0,0,0,arrivals,0.0,0.0,shipped,2024
EKHB,2,0,0,0,arrivals,0.0,0.0,shipped,2024
ENQE,2,0,0,0,arrivals,0.0,0.0,shipped,2024
EHGN,2,0,0,0,arrivals,0.0,0.0,shipped,2024
ESOW,2,2,2,2,arrivals,1.0,1.0,shipped,2024
ENUN,2,0,0,0,arrivals,0.0,0.0,shipped,2024
LKVO,2,2,1,1,arrivals,0.5,0.5,shipped,2024
ENLA,2,0,0,0,arrivals,0.0,0.0,shipped,2024
EGNL,2,1,0,0,arrivals,0.0,0.0,shipped,2024
EDRZ,2,1,0,0,arrivals,0.0,0.0,shipped,2024
LFOP,2,1,1,1,arrivals,0.5,0.5,shipped,2024
BIVO,2,0,0,0,arrivals,0.0,0.0,shipped,2024
LIRU,2,2,0,0,arrivals,0.0,0.0,shipped,2024
URWA,2,0,0,0,arrivals,0.0,0.0,shipped,2024
ENWE,2,0,0,0,arrivals,0.0,0.0,shipped,2024
ESSP,2,2,2,3,arrivals,1.0,1.5,shipped,2024
LTCM,2,0,0,0,arrivals,0.0,0.0,shipped,2024
ETMN,2,2,2,2,arrivals,1.0,1.0,shipped,2024
ORNI,2,0,0,0,arrivals,0.0,0.0,shipped,2024
DAOI,2,0,0,0,arrivals,0.0,0.0,shipped,2024
LCRA,2,2,1,1,arrivals,0.5,0.5,shipped,2024
EGTF,2,2,0,0,arrivals,0.0,0.0,shipped,2024
ENWA,2,0,0,0,arrivals,0.0,0.0,shipped,2024
LPBG,2,1,0,0,arrivals,0.0,0.0,shipped,2024
EKSI,2,1,0,0,arrivals,0.0,0.0,shipped,2024
LESA,2,2,2,2,arrivals,1.0,1.0,shipped,2024
EHFB,2,0,0,0,arrivals,0.0,0.0,shipped,2024
ENUK,2,0,0,0,arrivals,0.0,0.0,shipped,2024
LHPR,2,1,1,1,arrivals,0.5,0.5,shipped,2024
ENQJ,2,0,0,0,arrivals,0.0,0.0,shipped,2024
ENWR,1,0,0,0,departures,0.0,0.0,shipped,2024
EDAV,1,1,0,0,departures,0.0,0.0,shipped,2024
HEAL,1,0,0,0,departures,0.0,0.0,shipped,2024
LFMQ,1,1,1,1,departures,1.0,1.0,shipped,2024
ETAR,1,1,1,1,departures,1.0,1.0,shipped,2024
EHKG,1,0,0,0,departures,0.0,0.0,shipped,2024
EDXJ,1,1,0,0,departures,0.0,0.0,shipped,2024
UMGG,1,0,0,0,departures,0.0,0.0,shipped,2024
EDLE,1,1,0,0,departures,0.0,0.0,shipped,2024
EDAY,1,0,0,0,departures,0.0,0.0,shipped,2024
LFEV,1,1,0,0,departures,0.0,0.0,shipped,2024
DTKA,1,0,0,0,departures,0.0,0.0,shipped,2024
LIPV,1,1,0,0,departures,0.0,0.0,shipped,2024
LFBA,1,0,0,0,departures,0.0,0.0,shipped,2024
EGBP,1,1,0,0,departures,0.0,0.0,shipped,2024
OETB,1,0,0,0,departures,0.0,0.0,shipped,2024
LFGF,1,1,0,0,departures,0.0,0.0,shipped,2024
LEDA,1,1,1,1,departures,1.0,1.0,shipped,2024
EHFO,1,0,0,0,departures,0.0,0.0,shipped,2024
EDAE,1,0,0,0,departures,0.0,0.0,shipped,2024
EHJF,1,0,0,0,departures,0.0,0.0,shipped,2024
EHQT,1,0,0,0,departures,0.0,0.0,shipped,2024
LFAQ,1,1,0,0,departures,0.0,0.0,shipped,2024
ENWK,1,0,0,0,departures,0.0,0.0,shipped,2024
LFRI,1,0,0,1,departures,0.0,1.0,shipped,2024
USKK,1,0,0,0,departures,0.0,0.0,shipped,2024
EHJM,1,0,0,0,departures,0.0,0.0,shipped,2024
LESA,1,1,1,1,departures,1.0,1.0,shipped,2024
EHPG,1,0,0,0,departures,0.0,0.0,shipped,2024
EHGN,1,0,0,0,departures,0.0,0.0,shipped,2024
EKAF,1,0,0,0,departures,0.0,0.0,shipped,2024
LSZG,1,0,0,0,departures,0.0,0.0,shipped,2024
EBMB,1,1,0,0,departures,0.0,0.0,shipped,2024
DTTZ,1,0,0,0,departures,0.0,0.0,shipped,2024
LGKZ,1,1,1,2,departures,1.0,2.0,shipped,2024
LRTC,1,0,0,0,departures,0.0,0.0,shipped,2024
LKKB,1,0,0,0,departures,0.0,0.0,shipped,2024
EDRK,1,1,0,0,departures,0.0,0.0,shipped,2024
EFLP,1,0,0,0,departures,0.0,0.0,shipped,2024
ENQO,1,0,0,0,departures,0.0,0.0,shipped,2024
GMAZ,1,0,0,0,departures,0.0,0.0,shipped,2024
ULPB,1,0,0,0,departures,0.0,0.0,shipped,2024
ENQL,1,0,0,0,departures,0.0,0.0,shipped,2024
LLOV,1,0,0,0,departures,0.0,0.0,shipped,2024
ENXK,1,0,0,0,departures,0.0,0.0,shipped,2024
UGSA,1,0,0,0,departures,0.0,0.0,shipped,2024
EGFE,1,1,1,1,departures,1.0,1.0,shipped,2024
ENUE,1,0,0,0,departures,0.0,0.0,shipped,2024
LFQA,1,1,0,0,departures,0.0,0.0,shipped,2024
LFDI,1,1,0,0,departures,0.0,0.0,shipped,2024
LIRU,1,1,0,0,departures,0.0,0.0,shipped,2024
LKLN,1,1,1,1,departures,1.0,1.0,shipped,2024
EHFQ,1,0,0,0,departures,0.0,0.0,shipped,2024
EHMG,1,0,0,0,departures,0.0,0.0,shipped,2024
LKHK,1,0,0,0,departures,0.0,0.0,shipped,2024
LPBJ,1,1,1,1,departures,1.0,1.0,shipped,2024
LDLO,1,1,0,0,departures,0.0,0.0,shipped,2024
EHMA,1,0,0,0,departures,0.0,0.0,shipped,2024
ENNE,1,0,0,0,departures,0.0,0.0,shipped,2024
URMT,1,1,1,1,departures,1.0,1.0,shipped,2024
LIPN,1,0,0,0,departures,0.0,0.0,shipped,2024
LRAR,1,1,0,11,departures,0.0,11.0,shipped,2024
LFLH,1,1,0,0,departures,0.0,0.0,shipped,2024
EGQS,1,0,0,1,departures,0.0,1.0,shipped,2024
ENQM,1,0,0,0,departures,0.0,0.0,shipped,2024
EHKS,1,0,0,0,departures,0.0,0.0,shipped,2024
EDFE,1,1,0,0,departures,0.0,0.0,shipped,2024
LPPM,1,1,0,0,departures,0.0,0.0,shipped,2024
LFSG,1,1,0,0,departures,0.0,0.0,shipped,2024
HLLQ,1,0,0,0,departures,0.0,0.0,shipped,2024
EDWI,1,0,0,0,departures,0.0,0.0,shipped,2024
EDTL,1,1,1,1,departures,1.0,1.0,shipped,2024
ULOO,1,1,0,0,departures,0.0,0.0,shipped,2024
EHKX,1,0,0,0,departures,0.0,0.0,shipped,2024
LFPV,1,1,0,0,departures,0.0,0.0,shipped,2024
EHLU,1,0,0,0,departures,0.0,0.0,shipped,2024
EGTF,1,1,0,0,departures,0.0,0.0,shipped,2024
ENWA,1,0,0,0,departures,0.0,0.0,shipped,2024
LFPT,1,0,0,0,departures,0.0,0.0,shipped,2024
DAAV,1,0,0,0,departures,0.0,0.0,shipped,2024
OENN,1,0,0,0,departures,0.0,0.0,shipped,2024
BIHN,1,0,0,0,departures,0.0,0.0,shipped,2024
LPBG,1,1,0,0,departures,0.0,0.0,shipped,2024
LHSM,1,1,1,1,departures,1.0,1.0,shipped,2024
LKKU,1,1,1,4,departures,1.0,4.0,shipped,2024
LFRE,1,1,0,0,departures,0.0,0.0,shipped,2024
UUBC,1,0,0,0,departures,0.0,0.0,shipped,2024
UUBI,1,0,0,0,departures,0.0,0.0,shipped,2024
UKLU,1,1,1,2,departures,1.0,2.0,shipped,2024
LGKA,1,1,0,0,departures,0.0,0.0,shipped,2024
LFGA,1,1,1,1,departures,1.0,1.0,shipped,2024
EHFB,1,0,0,0,departures,0.0,0.0,shipped,2024
LOIJ,1,0,0,0,departures,0.0,0.0,shipped,2024
GMMD,1,0,0,0,departures,0.0,0.0,shipped,2024
LPVZ,1,1,0,0,departures,0.0,0.0,shipped,2024
BIGJ,1,0,0,0,departures,0.0,0.0,shipped,2024
LJPZ,1,1,1,1,departures,1.0,1.0,shipped,2024
EHKE,1,0,0,0,departures,0.0,0.0,shipped,2024
UBBL,1,0,0,0,departures,0.0,0.0,shipped,2024
LFOV,1,0,0,0,departures,0.0,0.0,shipped,2024
UWLL,1,0,0,0,departures,0.0,0.0,shipped,2024
ENDP,1,0,0,0,departures,0.0,0.0,shipped,2024
LJMB,1,1,1,2,departures,1.0,2.0,shipped,2024
EGXC,1,1,1,1,departures,1.0,1.0,shipped,2024
ESGT,1,0,0,0,departures,0.0,0.0,shipped,2024
EGTC,1,1,1,1,arrivals,1.0,1.0,shipped,2024
EHFT,1,0,0,0,arrivals,0.0,0.0,shipped,2024
ENQV,1,0,0,0,arrivals,0.0,0.0,shipped,2024
EDXJ,1,1,0,0,arrivals,0.0,0.0,shipped,2024
LFPM,1,0,0,0,arrivals,0.0,0.0,shipped,2024
UMGG,1,0,0,0,arrivals,0.0,0.0,shipped,2024
OJAM,1,0,0,0,arrivals,0.0,0.0,shipped,2024
LIPV,1,1,0,0,arrivals,0.0,0.0,shipped,2024
LFBA,1,0,0,0,arrivals,0.0,0.0,shipped,2024
LFGF,1,1,0,0,arrivals,0.0,0.0,shipped,2024
EHFD,1,0,0,0,arrivals,0.0,0.0,shipped,2024
EDAE,1,0,0,0,arrivals,0.0,0.0,shipped,2024
ENQB,1,0,0,0,arrivals,0.0,0.0,shipped,2024
EHQT,1,0,0,0,arrivals,0.0,0.0,shipped,2024
LFAQ,1,1,0,0,arrivals,0.0,0.0,shipped,2024
ENWK,1,0,0,0,arrivals,0.0,0.0,shipped,2024
EDTL,1,1,1,1,arrivals,1.0,1.0,shipped,2024
LFPV,1,1,0,0,arrivals,0.0,0.0,shipped,2024
HEAR,1,0,0,0,arrivals,0.0,0.0,shipped,2024
USKK,1,0,0,0,arrivals,0.0,0.0,shipped,2024
EDFB,1,1,0,0,arrivals,0.0,0.0,shipped,2024
EHJM,1,0,0,0,arrivals,0.0,0.0,shipped,2024
LESU,1,0,0,0,arrivals,0.0,0.0,shipped,2024
LHSM,1,1,1,1,arrivals,1.0,1.0,shipped,2024
EHPG,1,0,0,0,arrivals,0.0,0.0,shipped,2024
EFPO,1,0,0,0,arrivals,0.0,0.0,shipped,2024
EKAF,1,0,0,0,arrivals,0.0,0.0,shipped,2024
GMMD,1,0,0,0,arrivals,0.0,0.0,shipped,2024
BIGJ,1,0,0,0,arrivals,0.0,0.0,shipped,2024
LFHQ,1,0,0,0,arrivals,0.0,0.0,shipped,2024
LFOV,1,1,1,1,arrivals,1.0,1.0,shipped,2024
EKTW,1,0,0,0,arrivals,0.0,0.0,shipped,2024
EDRK,1,1,0,0,arrivals,0.0,0.0,shipped,2024
EGXC,1,1,1,1,arrivals,1.0,1.0,shipped,2024
ESGT,1,0,0,0,arrivals,0.0,0.0,shipped,2024
EFLP,1,0,0,0,arrivals,0.0,0.0,shipped,2024
ULAA,1,0,0,0,arrivals,0.0,0.0,shipped,2024
EHPK,1,0,0,0,arrivals,0.0,0.0,shipped,2024
LFBU,1,0,0,0,arrivals,0.0,0.0,shipped,2024
LFPN,1,1,0,0,arrivals,0.0,0.0,shipped,2024
LFRC,1,0,0,0,arrivals,0.0,0.0,shipped,2024
GMAZ,1,0,0,0,arrivals,0.0,0.0,shipped,2024
LTBU,1,1,1,4,arrivals,1.0,4.0,shipped,2024
ULPB,1,0,0,0,arrivals,0.0,0.0,shipped,2024
ENQL,1,0,0,0,arrivals,0.0,0.0,shipped,2024
LLOV,1,0,0,0,arrivals,0.0,0.0,shipped,2024
HEAL,1,0,0,0,arrivals,0.0,0.0,shipped,2024
ENXK,1,0,0,0,arrivals,0.0,0.0,shipped,2024
UGSA,1,0,0,0,arrivals,0.0,0.0,shipped,2024
ETAR,1,1,1,2,arrivals,1.0,2.0,shipped,2024
DABT,1,0,0,0,arrivals,0.0,0.0,shipped,2024
LFQA,1,0,0,0,arrivals,0.0,0.0,shipped,2024
ENXB,1,0,0,0,arrivals,0.0,0.0,shipped,2024
LKLN,1,1,0,0,arrivals,0.0,0.0,shipped,2024
ENXO,1,0,0,0,arrivals,0.0,0.0,shipped,2024
EHFQ,1,0,0,0,arrivals,0.0,0.0,shipped,2024
LFAV,1,0,0,0,arrivals,0.0,0.0,shipped,2024
LPBJ,1,1,1,1,arrivals,1.0,1.0,shipped,2024
LDLO,1,1,0,0,arrivals,0.0,0.0,shipped,2024
EGTB,1,1,0,0,arrivals,0.0,0.0,shipped,2024
EHMA,1,0,0,0,arrivals,0.0,0.0,shipped,2024
ENNE,1,0,0,0,arrivals,0.0,0.0,shipped,2024
DTKA,1,0,0,0,arrivals,0.0,0.0,shipped,2024
LRAR,1,0,0,0,arrivals,0.0,0.0,shipped,2024
LFLH,1,0,0,0,arrivals,0.0,0.0,shipped,2024
EGQS,1,0,0,0,arrivals,0.0,0.0,shipped,2024
LEDA,1,0,0,0,arrivals,0.0,0.0,shipped,2024
ENQM,1,0,0,0,arrivals,0.0,0.0,shipped,2024
EHKS,1,0,0,0,arrivals,0.0,0.0,shipped,2024
EDBJ,1,1,0,0,arrivals,0.0,0.0,shipped,2024
LPPM,1,1,1,2,arrivals,1.0,2.0,shipped,2024
ENQK,1,0,0,0,arrivals,0.0,0.0,shipped,2024
EPSK,1,0,0,0,arrivals,0.0,0.0,shipped,2024
LFSG,1,1,1,2,arrivals,1.0,2.0,shipped,2024
EHMR,1,0,0,0,arrivals,0.0,0.0,shipped,2024
ENWG,1,0,0,0,arrivals,0.0,0.0,shipped,2024
EKGC,1,0,0,0,arrivals,0.0,0.0,shipped,2024
EDWI,1,0,0,0,arrivals,0.0,0.0,shipped,2024
ULOO,1,0,0,0,arrivals,0.0,0.0,shipped,2024
LZZI,1,1,0,0,arrivals,0.0,0.0,shipped,2024
DAAV,1,0,0,0,arrivals,0.0,0.0,shipped,2024
BIHN,1,0,0,0,arrivals,0.0,0.0,shipped,2024
EDGE,1,1,0,0,arrivals,0.0,0.0,shipped,2024
EDLN,1,1,0,0,arrivals,0.0,0.0,shipped,2024
LKKU,1,1,1,4,arrivals,1.0,4.0,shipped,2024
LFRE,1,1,0,0,arrivals,0.0,0.0,shipped,2024
ENWI,1,0,0,0,arrivals,0.0,0.0,shipped,2024
ENXZ,1,0,0,0,arrivals,0.0,0.0,shipped,2024
UUBC,1,0,0,0,arrivals,0.0,0.0,shipped,2024
UUBI,1,0,0,0,arrivals,0.0,0.0,shipped,2024
LGKA,1,0,0,0,arrivals,0.0,0.0,shipped,2024
EHKP,1,0,0,0,arrivals,0.0,0.0,shipped,2024
GMMB,1,0,0,0,arrivals,0.0,0.0,shipped,2024
LFGA,1,1,1,1,arrivals,1.0,1.0,shipped,2024
EIWT,1,0,0,0,arrivals,0.0,0.0,shipped,2024
LOIJ,1,1,0,0,arrivals,0.0,0.0,shipped,2024
LIRE,1,1,0,0,arrivals,0.0,0.0,shipped,2024
LILE,1,1,1,1,arrivals,1.0,1.0,shipped,2024
LJPZ,1,1,1,1,arrivals,1.0,1.0,shipped,2024
EBMB,1,1,0,0,arrivals,0.0,0.0,shipped,2024
UBBL,1,0,0,0,arrivals,0.0,0.0,shipped,2024
DTTZ,1,0,0,0,arrivals,0.0,0.0,shipped,2024
UWLL,1,0,0,0,arrivals,0.0,0.0,shipped,2024
LGKZ,1,0,0,0,arrivals,0.0,0.0,shipped,2024
EDAH,1,1,1,2,arrivals,1.0,2.0,shipped,2024
LFRD,1,1,1,1,arrivals,1.0,1.0,shipped,2024
ENDP,1,0,0,0,arrivals,0.0,0.0,shipped,2024
