airport,n_truth,n_predicted_here,n_correct,n_assigned,role,recall,count_ratio,run,period
OOA,7964,42,0,0,arrivals,0.0,0.0,legacy,2025
OOA,7892,80,0,0,departures,0.0,0.0,legacy,2025
LTFM,2282,1315,1311,1318,departures,0.5744960560911481,0.5775635407537248,legacy,2025
LTFM,2258,1887,1592,1598,arrivals,0.7050487156775908,0.7077059344552702,legacy,2025
EHAM,2148,2144,2144,2165,departures,0.9981378026070763,1.0079143389199254,legacy,2025
EHAM,2136,1929,1926,1930,arrivals,0.901685393258427,0.903558052434457,legacy,2025
EDDF,2094,2085,2030,2033,departures,0.9694364851957975,0.9708691499522445,legacy,2025
EDDF,2091,1835,1832,1834,arrivals,0.8761358201817312,0.877092300334768,legacy,2025
LFPG,2084,2067,2064,2074,departures,0.9904030710172744,0.9952015355086372,legacy,2025
LFPG,2066,1774,1773,1779,arrivals,0.8581800580832527,0.8610842207163601,legacy,2025
EGLL,2001,1989,1987,1989,departures,0.9930034982508745,0.9940029985007496,legacy,2025
EGLL,1986,1701,1697,1698,arrivals,0.8544813695871097,0.8549848942598187,legacy,2025
LEMD,1786,1614,1607,1611,arrivals,0.8997760358342665,0.9020156774916014,legacy,2025
LEMD,1773,1670,1666,1668,departures,0.9396503102086858,0.9407783417935702,legacy,2025
LEBL,1597,1529,1528,1530,arrivals,0.9567939887288667,0.9580463368816531,legacy,2025
LEBL,1591,1583,1582,1583,departures,0.994343180389692,0.9949717159019484,legacy,2025
EDDM,1573,1562,1560,1564,departures,0.9917355371900827,0.9942784488239034,legacy,2025
EDDM,1571,1486,1483,1484,arrivals,0.9439847231063018,0.9446212603437301,legacy,2025
LIRF,1449,1445,1445,1447,departures,0.9972394755003451,0.9986197377501725,legacy,2025
LTAI,1437,763,761,772,arrivals,0.5295755045233125,0.5372303409881698,legacy,2025
LEPA,1436,1385,1383,1387,arrivals,0.963091922005571,0.9658774373259053,legacy,2025
LTAI,1435,728,727,730,departures,0.5066202090592334,0.5087108013937283,legacy,2025
LIRF,1433,1297,1292,1296,arrivals,0.9016050244242847,0.9043963712491278,legacy,2025
LEPA,1417,1239,1238,1239,departures,0.8736767819336627,0.8743824982357092,legacy,2025
LGAV,1317,134,117,118,arrivals,0.0888382687927107,0.08959757023538345,legacy,2025
LGAV,1306,305,301,308,departures,0.2304747320061256,0.23583460949464014,legacy,2025
EGKK,1223,1218,1218,1218,departures,0.9959116925592805,0.9959116925592805,legacy,2025
EGKK,1220,1129,1129,1130,arrivals,0.9254098360655738,0.9262295081967213,legacy,2025
EIDW,1188,1110,1109,1111,arrivals,0.9335016835016835,0.9351851851851852,legacy,2025
EIDW,1185,1165,1164,1164,departures,0.9822784810126582,0.9822784810126582,legacy,2025
LSZH,1178,1167,1160,1166,departures,0.9847198641765704,0.9898132427843803,legacy,2025
LSZH,1160,1076,1068,1076,arrivals,0.9206896551724137,0.9275862068965517,legacy,2025
LOWW,1156,1145,1143,1153,departures,0.9887543252595156,0.9974048442906575,legacy,2025
EKCH,1152,1058,1058,1058,arrivals,0.9184027777777778,0.9184027777777778,legacy,2025
LOWW,1145,1074,1072,1078,arrivals,0.9362445414847161,0.9414847161572052,legacy,2025
EKCH,1140,1117,1117,1122,departures,0.9798245614035088,0.9842105263157894,legacy,2025
LTFJ,1138,1003,997,999,arrivals,0.8760984182776801,0.8778558875219684,legacy,2025
LTFJ,1137,1030,1030,1044,departures,0.9058927000879508,0.9182058047493403,legacy,2025
LPPT,1010,976,803,803,departures,0.7950495049504951,0.7950495049504951,legacy,2025
LPPT,1001,906,906,907,arrivals,0.9050949050949051,0.906093906093906,legacy,2025
LFPO,992,985,985,989,departures,0.9929435483870968,0.9969758064516129,legacy,2025
LFPO,991,949,949,950,arrivals,0.9576185671039354,0.958627648839556,legacy,2025
LIMC,973,969,966,968,departures,0.9928057553956835,0.9948612538540597,legacy,2025
LIMC,967,892,885,889,arrivals,0.9152016546018614,0.9193381592554292,legacy,2025
ENGM,940,886,885,899,arrivals,0.9414893617021277,0.9563829787234043,legacy,2025
ENGM,932,807,806,815,departures,0.8648068669527897,0.8744635193133047,legacy,2025
EGCC,926,919,918,920,departures,0.9913606911447084,0.9935205183585313,legacy,2025
EGCC,924,840,840,841,arrivals,0.9090909090909091,0.9101731601731602,legacy,2025
EGSS,888,846,841,844,arrivals,0.9470720720720721,0.9504504504504504,legacy,2025
EGSS,885,882,879,879,departures,0.9932203389830508,0.9932203389830508,legacy,2025
EPWA,880,783,780,780,arrivals,0.8863636363636364,0.8863636363636364,legacy,2025
EPWA,875,870,870,872,departures,0.9942857142857143,0.9965714285714286,legacy,2025
EBBR,872,868,868,878,departures,0.9954128440366973,1.0068807339449541,legacy,2025
EBBR,871,786,783,793,arrivals,0.8989667049368542,0.9104477611940298,legacy,2025
EDDB,870,851,848,861,departures,0.9747126436781609,0.9896551724137931,legacy,2025
LEMG,861,843,843,843,arrivals,0.9790940766550522,0.9790940766550522,legacy,2025
LEMG,850,846,846,848,departures,0.9952941176470588,0.9976470588235294,legacy,2025
ESSA,841,731,724,730,arrivals,0.8608799048751486,0.8680142687277052,legacy,2025
EDDB,840,797,795,800,arrivals,0.9464285714285714,0.9523809523809523,legacy,2025
ESSA,820,792,790,798,departures,0.9634146341463414,0.973170731707317,legacy,2025
EDDL,758,753,750,751,departures,0.9894459102902374,0.9907651715039578,legacy,2025
EDDL,751,732,730,735,arrivals,0.9720372836218375,0.9786950732356857,legacy,2025
LFMN,710,691,686,697,arrivals,0.9661971830985916,0.9816901408450704,legacy,2025
LFMN,707,697,691,694,departures,0.9773691654879774,0.9816124469589816,legacy,2025
LSGG,680,452,445,448,departures,0.6544117647058824,0.6588235294117647,legacy,2025
LSGG,670,650,648,658,arrivals,0.9671641791044776,0.982089552238806,legacy,2025
LKPR,667,659,658,663,departures,0.9865067466266867,0.9940029985007496,legacy,2025
EFHK,666,577,576,578,arrivals,0.8648648648648649,0.8678678678678678,legacy,2025
EFHK,659,654,654,659,departures,0.992412746585736,1.0,legacy,2025
LKPR,657,620,616,616,arrivals,0.9375951293759512,0.9375951293759512,legacy,2025
LEAL,599,598,598,598,departures,0.998330550918197,0.998330550918197,legacy,2025
LEAL,599,592,592,592,arrivals,0.988313856427379,0.988313856427379,legacy,2025
EGPH,584,553,553,556,arrivals,0.946917808219178,0.952054794520548,legacy,2025
LHBP,578,567,566,567,departures,0.9792387543252595,0.9809688581314879,legacy,2025
EGPH,577,573,571,571,departures,0.9896013864818024,0.9896013864818024,legacy,2025
LHBP,577,542,540,543,arrivals,0.9358752166377816,0.9410745233968805,legacy,2025
EGGW,552,532,529,535,arrivals,0.9583333333333334,0.9692028985507246,legacy,2025
EGGW,550,548,538,542,departures,0.9781818181818182,0.9854545454545455,legacy,2025
EDDH,538,532,529,529,departures,0.983271375464684,0.983271375464684,legacy,2025
EDDH,532,523,520,521,arrivals,0.9774436090225563,0.9793233082706767,legacy,2025
GCLP,521,0,0,0,arrivals,0.0,0.0,legacy,2025
GCLP,520,2,0,0,departures,0.0,0.0,legacy,2025
LLBG,516,457,456,458,arrivals,0.8837209302325582,0.8875968992248062,legacy,2025
EDDK,515,499,499,500,departures,0.9689320388349515,0.970873786407767,legacy,2025
LLBG,513,497,496,497,departures,0.9668615984405458,0.9688109161793372,legacy,2025
LPPR,513,509,508,508,departures,0.9902534113060428,0.9902534113060428,legacy,2025
LPPR,512,482,480,480,arrivals,0.9375,0.9375,legacy,2025
LEIB,509,490,490,491,arrivals,0.962671905697446,0.9646365422396856,legacy,2025
EDDK,509,488,484,484,arrivals,0.9508840864440079,0.9508840864440079,legacy,2025
LROP,509,496,495,496,arrivals,0.9724950884086444,0.9744597249508841,legacy,2025
LROP,504,495,495,496,departures,0.9821428571428571,0.9841269841269841,legacy,2025
LEIB,495,418,418,418,departures,0.8444444444444444,0.8444444444444444,legacy,2025
EGBB,474,468,467,467,departures,0.9852320675105485,0.9852320675105485,legacy,2025
EGBB,466,433,432,432,arrivals,0.927038626609442,0.927038626609442,legacy,2025
LIML,465,458,454,461,arrivals,0.9763440860215054,0.9913978494623656,legacy,2025
LIME,460,454,451,452,arrivals,0.9804347826086957,0.9826086956521739,legacy,2025
LIML,458,451,451,456,departures,0.9847161572052402,0.9956331877729258,legacy,2025
LIME,453,447,446,446,departures,0.9845474613686535,0.9845474613686535,legacy,2025
LIRN,449,4,0,0,departures,0.0,0.0,legacy,2025
LIRN,447,4,0,0,arrivals,0.0,0.0,legacy,2025
LFML,445,442,441,442,arrivals,0.9910112359550561,0.9932584269662922,legacy,2025
LFML,444,440,439,440,departures,0.9887387387387387,0.990990990990991,legacy,2025
EDDS,440,420,415,419,departures,0.9431818181818182,0.9522727272727273,legacy,2025
EDDS,433,414,414,420,arrivals,0.9561200923787528,0.9699769053117783,legacy,2025
LGIR,430,3,0,0,arrivals,0.0,0.0,legacy,2025
LGIR,424,0,0,0,departures,0.0,0.0,legacy,2025
LIPZ,412,407,407,408,departures,0.9878640776699029,0.9902912621359223,legacy,2025
LFLL,412,401,401,401,arrivals,0.9733009708737864,0.9733009708737864,legacy,2025
LFLL,411,406,406,406,departures,0.9878345498783455,0.9878345498783455,legacy,2025
LIPZ,409,390,390,393,arrivals,0.9535452322738386,0.960880195599022,legacy,2025
LPFR,407,403,402,404,arrivals,0.9877149877149877,0.9926289926289926,legacy,2025
LPFR,405,403,400,400,departures,0.9876543209876543,0.9876543209876543,legacy,2025
LYBE,395,374,374,376,arrivals,0.9468354430379747,0.9518987341772152,legacy,2025
LYBE,394,388,387,387,departures,0.9822335025380711,0.9822335025380711,legacy,2025
LICC,391,22,19,19,arrivals,0.04859335038363171,0.04859335038363171,legacy,2025
LICC,390,4,0,0,departures,0.0,0.0,legacy,2025
LTAC,381,2,0,0,departures,0.0,0.0,legacy,2025
LIPE,380,374,374,375,departures,0.9842105263157894,0.9868421052631579,legacy,2025
LIPE,376,373,372,372,arrivals,0.9893617021276596,0.9893617021276596,legacy,2025
LTAC,374,4,0,0,arrivals,0.0,0.0,legacy,2025
LCLK,368,319,316,317,departures,0.8586956521739131,0.8614130434782609,legacy,2025
LCLK,367,356,355,362,arrivals,0.9673024523160763,0.9863760217983651,legacy,2025
GMMN,360,148,147,149,departures,0.4083333333333333,0.41388888888888886,legacy,2025
EPKK,360,351,351,353,departures,0.975,0.9805555555555555,legacy,2025
EGGD,360,343,343,344,arrivals,0.9527777777777777,0.9555555555555556,legacy,2025
EGGD,359,357,357,357,departures,0.9944289693593314,0.9944289693593314,legacy,2025
LEVC,357,352,351,351,arrivals,0.9831932773109243,0.9831932773109243,legacy,2025
GMMN,357,266,266,272,arrivals,0.7450980392156863,0.7619047619047619,legacy,2025
ENBR,357,337,326,337,arrivals,0.9131652661064426,0.9439775910364145,legacy,2025
EPKK,356,307,306,307,arrivals,0.8595505617977528,0.8623595505617978,legacy,2025
LEVC,355,318,318,318,departures,0.895774647887324,0.895774647887324,legacy,2025
LFSB,354,349,348,350,departures,0.9830508474576272,0.9887005649717514,legacy,2025
LFSB,352,344,344,345,arrivals,0.9772727272727273,0.9801136363636364,legacy,2025
ENBR,349,342,337,353,departures,0.9656160458452722,1.011461318051576,legacy,2025
LTBJ,346,2,1,1,departures,0.002890173410404624,0.002890173410404624,legacy,2025
LGRP,346,316,315,316,arrivals,0.9104046242774566,0.9132947976878613,legacy,2025
EGPF,346,307,305,308,arrivals,0.8815028901734104,0.8901734104046243,legacy,2025
EGPF,344,324,322,323,departures,0.936046511627907,0.938953488372093,legacy,2025
LTBJ,341,3,0,0,arrivals,0.0,0.0,legacy,2025
LGRP,340,318,318,319,departures,0.9352941176470588,0.9382352941176471,legacy,2025
LMML,326,322,322,325,departures,0.9877300613496932,0.9969325153374233,legacy,2025
LMML,326,320,319,322,arrivals,0.9785276073619632,0.9877300613496932,legacy,2025
LATI,323,2,0,0,arrivals,0.0,0.0,legacy,2025
GCTS,323,0,0,0,arrivals,0.0,0.0,legacy,2025
GCTS,321,2,0,0,departures,0.0,0.0,legacy,2025
GCXO,320,1,0,0,arrivals,0.0,0.0,legacy,2025
GCXO,319,65,65,65,departures,0.20376175548589343,0.20376175548589343,legacy,2025
LATI,316,3,0,0,departures,0.0,0.0,legacy,2025
LICJ,314,120,117,117,arrivals,0.37261146496815284,0.37261146496815284,legacy,2025
LICJ,310,139,139,140,departures,0.4483870967741935,0.45161290322580644,legacy,2025
EBCI,304,304,304,304,departures,1.0,1.0,legacy,2025
EBCI,303,300,299,299,arrivals,0.9867986798679867,0.9867986798679867,legacy,2025
BIKF,297,291,291,292,departures,0.9797979797979798,0.9831649831649831,legacy,2025
BIKF,296,100,98,99,arrivals,0.3310810810810811,0.3344594594594595,legacy,2025
ELLX,294,291,291,291,departures,0.9897959183673469,0.9897959183673469,legacy,2025
ELLX,294,284,284,287,arrivals,0.9659863945578231,0.9761904761904762,legacy,2025
LFBO,293,290,290,290,departures,0.9897610921501706,0.9897610921501706,legacy,2025
LFBO,290,289,287,287,arrivals,0.9896551724137931,0.9896551724137931,legacy,2025
LGTS,281,219,219,222,arrivals,0.7793594306049823,0.7900355871886121,legacy,2025
LTBS,280,5,0,0,arrivals,0.0,0.0,legacy,2025
LGTS,279,116,116,118,departures,0.4157706093189964,0.4229390681003584,legacy,2025
GMMX,279,4,0,0,arrivals,0.0,0.0,legacy,2025
GMMX,278,1,1,1,departures,0.0035971223021582736,0.0035971223021582736,legacy,2025
EVRA,278,228,227,227,arrivals,0.8165467625899281,0.8165467625899281,legacy,2025
LEZL,276,275,274,276,arrivals,0.9927536231884058,1.0,legacy,2025
LEZL,275,274,274,274,departures,0.9963636363636363,0.9963636363636363,legacy,2025
LTBS,273,1,0,0,departures,0.0,0.0,legacy,2025
EVRA,273,270,269,270,departures,0.9853479853479854,0.989010989010989,legacy,2025
LBSF,272,1,0,0,departures,0.0,0.0,legacy,2025
GCRR,269,0,0,0,departures,0.0,0.0,legacy,2025
GCRR,269,0,0,0,arrivals,0.0,0.0,legacy,2025
EGNX,267,264,264,265,departures,0.9887640449438202,0.9925093632958801,legacy,2025
LBSF,267,4,0,0,arrivals,0.0,0.0,legacy,2025
EDDP,261,245,244,245,arrivals,0.9348659003831418,0.9386973180076629,legacy,2025
EPKT,259,241,240,240,departures,0.9266409266409267,0.9266409266409267,legacy,2025
HEGN,258,0,0,0,arrivals,0.0,0.0,legacy,2025
HEGN,257,0,0,0,departures,0.0,0.0,legacy,2025
UGTB,257,1,0,0,departures,0.0,0.0,legacy,2025
LFRS,257,251,248,248,arrivals,0.9649805447470817,0.9649805447470817,legacy,2025
UGTB,257,29,26,27,arrivals,0.10116731517509728,0.10505836575875487,legacy,2025
EPKT,257,237,236,236,arrivals,0.9182879377431906,0.9182879377431906,legacy,2025
LFRS,256,184,184,184,departures,0.71875,0.71875,legacy,2025
EDDP,256,251,251,253,departures,0.98046875,0.98828125,legacy,2025
EGNX,255,240,239,239,arrivals,0.9372549019607843,0.9372549019607843,legacy,2025
LIEO,252,28,25,25,arrivals,0.0992063492063492,0.0992063492063492,legacy,2025
EPGD,248,6,6,6,departures,0.024193548387096774,0.024193548387096774,legacy,2025
LGKR,247,4,0,0,arrivals,0.0,0.0,legacy,2025
EGAA,246,239,214,214,arrivals,0.8699186991869918,0.8699186991869918,legacy,2025
LGKR,244,0,0,0,departures,0.0,0.0,legacy,2025
HECA,244,4,4,4,departures,0.01639344262295082,0.01639344262295082,legacy,2025
EPGD,244,1,0,0,arrivals,0.0,0.0,legacy,2025
EGAA,239,148,148,149,departures,0.6192468619246861,0.6234309623430963,legacy,2025
ENZV,236,71,69,77,departures,0.2923728813559322,0.326271186440678,legacy,2025
ENZV,236,64,61,61,arrivals,0.2584745762711864,0.2584745762711864,legacy,2025
LEBB,235,1,0,0,arrivals,0.0,0.0,legacy,2025
LEBB,234,1,0,0,departures,0.0,0.0,legacy,2025
LTFE,232,179,174,178,arrivals,0.75,0.7672413793103449,legacy,2025
HECA,231,39,4,4,arrivals,0.017316017316017316,0.017316017316017316,legacy,2025
LFPB,230,221,220,231,departures,0.9565217391304348,1.0043478260869565,legacy,2025
LIBD,229,1,0,0,arrivals,0.0,0.0,legacy,2025
LIBD,228,2,0,0,departures,0.0,0.0,legacy,2025
LIEO,228,15,9,9,departures,0.039473684210526314,0.039473684210526314,legacy,2025
LIRP,228,148,145,145,arrivals,0.6359649122807017,0.6359649122807017,legacy,2025
UUWW,227,7,4,4,arrivals,0.01762114537444934,0.01762114537444934,legacy,2025
LEMH,226,191,191,191,arrivals,0.8451327433628318,0.8451327433628318,legacy,2025
LFBD,225,222,222,224,departures,0.9866666666666667,0.9955555555555555,legacy,2025
LFPB,225,218,215,221,arrivals,0.9555555555555556,0.9822222222222222,legacy,2025
LEMH,222,174,174,174,departures,0.7837837837837838,0.7837837837837838,legacy,2025
LTFE,220,6,3,3,departures,0.013636363636363636,0.013636363636363636,legacy,2025
LIRP,220,42,41,41,departures,0.18636363636363637,0.18636363636363637,legacy,2025
ENVA,219,208,208,230,arrivals,0.9497716894977168,1.0502283105022832,legacy,2025
LFBD,219,215,214,216,arrivals,0.9771689497716894,0.9863013698630136,legacy,2025
LUKK,217,2,0,0,departures,0.0,0.0,legacy,2025
ENVA,217,210,199,202,departures,0.9170506912442397,0.9308755760368663,legacy,2025
LUKK,217,3,0,0,arrivals,0.0,0.0,legacy,2025
LDSP,216,3,0,0,departures,0.0,0.0,legacy,2025
ESGG,216,214,214,214,departures,0.9907407407407407,0.9907407407407407,legacy,2025
UUWW,216,1,1,1,departures,0.004629629629629629,0.004629629629629629,legacy,2025
LDZA,215,3,0,0,departures,0.0,0.0,legacy,2025
LDSP,215,5,0,0,arrivals,0.0,0.0,legacy,2025
LDZA,215,207,206,213,arrivals,0.958139534883721,0.9906976744186047,legacy,2025
ESGG,214,208,208,210,arrivals,0.9719626168224299,0.9813084112149533,legacy,2025
UUEE,214,1,1,3,arrivals,0.004672897196261682,0.014018691588785047,legacy,2025
EDDV,213,210,209,210,departures,0.9812206572769953,0.9859154929577465,legacy,2025
GCFV,212,0,0,0,departures,0.0,0.0,legacy,2025
UUEE,212,2,2,2,departures,0.009433962264150943,0.009433962264150943,legacy,2025
EGNT,211,199,199,199,departures,0.943127962085308,0.943127962085308,legacy,2025
GCFV,211,2,0,0,arrivals,0.0,0.0,legacy,2025
EGNT,211,184,184,184,arrivals,0.8720379146919431,0.8720379146919431,legacy,2025
EDDV,209,202,202,203,arrivals,0.9665071770334929,0.9712918660287081,legacy,2025
EGGP,208,204,203,203,departures,0.9759615384615384,0.9759615384615384,legacy,2025
EGGP,206,194,193,195,arrivals,0.9368932038834952,0.9466019417475728,legacy,2025
LIRQ,202,1,1,1,departures,0.0049504950495049506,0.0049504950495049506,legacy,2025
EDDN,201,195,194,196,departures,0.9651741293532339,0.9751243781094527,legacy,2025
EDDN,199,192,191,196,arrivals,0.9597989949748744,0.9849246231155779,legacy,2025
LGSA,199,18,16,16,arrivals,0.08040201005025126,0.08040201005025126,legacy,2025
EGLC,198,198,198,198,departures,1.0,1.0,legacy,2025
LIRQ,198,33,31,31,arrivals,0.15656565656565657,0.15656565656565657,legacy,2025
LGSA,196,14,14,14,departures,0.07142857142857142,0.07142857142857142,legacy,2025
LIEE,195,1,0,0,arrivals,0.0,0.0,legacy,2025
EPWR,194,189,189,190,arrivals,0.9742268041237113,0.979381443298969,legacy,2025
EPWR,193,190,190,190,departures,0.9844559585492227,0.9844559585492227,legacy,2025
EGNM,193,173,173,176,arrivals,0.8963730569948186,0.9119170984455959,legacy,2025
UDYZ,192,1,0,0,departures,0.0,0.0,legacy,2025
UDYZ,192,1,0,0,arrivals,0.0,0.0,legacy,2025
LIEE,191,1,0,0,departures,0.0,0.0,legacy,2025
EHEH,191,191,189,189,departures,0.9895287958115183,0.9895287958115183,legacy,2025
EGNM,190,185,184,184,departures,0.968421052631579,0.968421052631579,legacy,2025
EHEH,190,187,186,187,arrivals,0.9789473684210527,0.9842105263157894,legacy,2025
EYVI,189,116,115,118,arrivals,0.6084656084656085,0.6243386243386243,legacy,2025
EGLC,189,189,189,189,arrivals,1.0,1.0,legacy,2025
EYVI,186,175,175,177,departures,0.9408602150537635,0.9516129032258065,legacy,2025
DAAG,186,5,4,4,departures,0.021505376344086023,0.021505376344086023,legacy,2025
DTTA,186,0,0,0,arrivals,0.0,0.0,legacy,2025
DTTA,185,2,0,0,departures,0.0,0.0,legacy,2025
DAAG,184,93,92,93,arrivals,0.5,0.5054347826086957,legacy,2025
LFOB,181,172,172,172,departures,0.9502762430939227,0.9502762430939227,legacy,2025
LFOB,181,177,144,144,arrivals,0.7955801104972375,0.7955801104972375,legacy,2025
LDDU,180,4,0,0,arrivals,0.0,0.0,legacy,2025
LGKO,178,168,168,169,departures,0.9438202247191011,0.949438202247191,legacy,2025
LDDU,177,1,0,0,departures,0.0,0.0,legacy,2025
LGKO,177,166,166,169,arrivals,0.9378531073446328,0.9548022598870056,legacy,2025
EETN,162,142,142,142,arrivals,0.8765432098765432,0.8765432098765432,legacy,2025
EPPO,161,156,156,156,departures,0.968944099378882,0.968944099378882,legacy,2025
HESH,161,0,0,0,arrivals,0.0,0.0,legacy,2025
UMKK,160,1,0,0,departures,0.0,0.0,legacy,2025
EETN,159,149,149,150,departures,0.9371069182389937,0.9433962264150944,legacy,2025
LPMA,159,153,153,153,departures,0.9622641509433962,0.9622641509433962,legacy,2025
HESH,159,0,0,0,departures,0.0,0.0,legacy,2025
UMKK,159,0,0,0,arrivals,0.0,0.0,legacy,2025
LPMA,158,14,14,18,arrivals,0.08860759493670886,0.11392405063291139,legacy,2025
LIMF,157,153,151,152,departures,0.9617834394904459,0.9681528662420382,legacy,2025
LIMF,157,155,153,157,arrivals,0.9745222929936306,1.0,legacy,2025
LIRA,156,153,49,49,arrivals,0.3141025641025641,0.3141025641025641,legacy,2025
LIRA,154,152,152,155,departures,0.987012987012987,1.0064935064935066,legacy,2025
EPPO,154,148,148,148,arrivals,0.961038961038961,0.961038961038961,legacy,2025
EKBI,154,150,149,150,arrivals,0.9675324675324676,0.974025974025974,legacy,2025
LPPD,153,42,42,42,departures,0.27450980392156865,0.27450980392156865,legacy,2025
EKBI,152,146,146,147,departures,0.9605263157894737,0.9671052631578947,legacy,2025
LPPD,151,92,91,93,arrivals,0.6026490066225165,0.6158940397350994,legacy,2025
ULLI,148,1,0,0,arrivals,0.0,0.0,legacy,2025
OLBA,144,8,5,5,departures,0.034722222222222224,0.034722222222222224,legacy,2025
LIPX,144,120,119,119,departures,0.8263888888888888,0.8263888888888888,legacy,2025
OLBA,144,17,16,17,arrivals,0.1111111111111111,0.11805555555555555,legacy,2025
ENTC,143,7,0,0,arrivals,0.0,0.0,legacy,2025
ULLI,142,0,0,0,departures,0.0,0.0,legacy,2025
LIPX,142,138,138,143,arrivals,0.971830985915493,1.0070422535211268,legacy,2025
LGSR,139,3,0,0,departures,0.0,0.0,legacy,2025
LGSR,139,2,0,0,arrivals,0.0,0.0,legacy,2025
ENTC,138,5,0,0,departures,0.0,0.0,legacy,2025
LTCG,138,84,84,84,arrivals,0.6086956521739131,0.6086956521739131,legacy,2025
EGPD,137,124,124,124,departures,0.9051094890510949,0.9051094890510949,legacy,2025
EGPD,136,123,123,123,arrivals,0.9044117647058824,0.9044117647058824,legacy,2025
ENBO,134,99,98,127,departures,0.7313432835820896,0.9477611940298507,legacy,2025
EBLG,134,133,132,138,departures,0.9850746268656716,1.0298507462686568,legacy,2025
LTDB,133,3,0,0,departures,0.0,0.0,legacy,2025
LTCG,133,97,97,97,departures,0.7293233082706767,0.7293233082706767,legacy,2025
ENBO,133,115,110,129,arrivals,0.8270676691729323,0.9699248120300752,legacy,2025
LRCL,130,0,0,0,departures,0.0,0.0,legacy,2025
LIBR,130,2,0,0,departures,0.0,0.0,legacy,2025
LRCL,129,0,0,0,arrivals,0.0,0.0,legacy,2025
LTDB,129,3,0,0,arrivals,0.0,0.0,legacy,2025
LGZA,126,126,123,125,departures,0.9761904761904762,0.9920634920634921,legacy,2025
EBLG,126,97,97,102,arrivals,0.7698412698412699,0.8095238095238095,legacy,2025
LGZA,126,119,118,120,arrivals,0.9365079365079365,0.9523809523809523,legacy,2025
LIBR,125,0,0,0,arrivals,0.0,0.0,legacy,2025
EGAC,123,120,120,121,departures,0.975609756097561,0.983739837398374,legacy,2025
EGAC,123,116,116,140,arrivals,0.943089430894309,1.1382113821138211,legacy,2025
BKPR,120,0,0,0,departures,0.0,0.0,legacy,2025
BKPR,120,2,0,0,arrivals,0.0,0.0,legacy,2025
EICK,120,119,119,119,arrivals,0.9916666666666667,0.9916666666666667,legacy,2025
EICK,119,118,118,118,departures,0.9915966386554622,0.9915966386554622,legacy,2025
LDZD,118,10,3,3,arrivals,0.025423728813559324,0.025423728813559324,legacy,2025
OJAI,116,1,0,1,departures,0.0,0.008620689655172414,legacy,2025
OJAI,116,0,0,0,arrivals,0.0,0.0,legacy,2025
LDZD,114,1,0,0,departures,0.0,0.0,legacy,2025
LICA,112,1,0,0,arrivals,0.0,0.0,legacy,2025
EGLF,110,110,109,119,departures,0.990909090909091,1.0818181818181818,legacy,2025
LICA,108,0,0,0,departures,0.0,0.0,legacy,2025
EGJJ,108,106,96,96,arrivals,0.8888888888888888,0.8888888888888888,legacy,2025
EGLF,108,107,104,107,arrivals,0.9629629629629629,0.9907407407407407,legacy,2025
LCPH,107,98,97,97,arrivals,0.9065420560747663,0.9065420560747663,legacy,2025
LWSK,106,0,0,0,departures,0.0,0.0,legacy,2025
OKKK,106,103,103,103,departures,0.9716981132075472,0.9716981132075472,legacy,2025
LEST,106,82,79,79,arrivals,0.7452830188679245,0.7452830188679245,legacy,2025
LCPH,105,23,23,23,departures,0.21904761904761905,0.21904761904761905,legacy,2025
LGMK,105,12,9,9,departures,0.08571428571428572,0.08571428571428572,legacy,2025
LEST,105,15,15,15,departures,0.14285714285714285,0.14285714285714285,legacy,2025
LZIB,105,101,101,101,departures,0.9619047619047619,0.9619047619047619,legacy,2025
LEGE,105,29,27,27,arrivals,0.2571428571428571,0.2571428571428571,legacy,2025
LWSK,105,0,0,0,arrivals,0.0,0.0,legacy,2025
LZIB,105,103,103,103,arrivals,0.9809523809523809,0.9809523809523809,legacy,2025
LEGE,104,79,79,80,departures,0.7596153846153846,0.7692307692307693,legacy,2025
LGMK,104,49,47,50,arrivals,0.4519230769230769,0.4807692307692308,legacy,2025
EDJA,104,102,102,102,arrivals,0.9807692307692307,0.9807692307692307,legacy,2025
EDJA,102,101,101,101,departures,0.9901960784313726,0.9901960784313726,legacy,2025
OKKK,102,41,41,42,arrivals,0.4019607843137255,0.4117647058823529,legacy,2025
EGJJ,101,97,95,101,departures,0.9405940594059405,1.0,legacy,2025
EHRD,100,100,99,101,arrivals,0.99,1.01,legacy,2025
EHRD,99,98,96,101,departures,0.9696969696969697,1.02020202020202,legacy,2025
LBBG,97,82,82,82,arrivals,0.845360824742268,0.845360824742268,legacy,2025
LOWS,96,94,94,97,departures,0.9791666666666666,1.0104166666666667,legacy,2025
LOWS,95,92,90,90,arrivals,0.9473684210526315,0.9473684210526315,legacy,2025
DTTJ,94,1,0,0,arrivals,0.0,0.0,legacy,2025
LJLJ,94,86,85,86,arrivals,0.9042553191489362,0.9148936170212766,legacy,2025
LBBG,93,23,23,23,departures,0.24731182795698925,0.24731182795698925,legacy,2025
LQSA,93,0,0,0,departures,0.0,0.0,legacy,2025
LQSA,93,0,0,0,arrivals,0.0,0.0,legacy,2025
GMAD,92,0,0,0,departures,0.0,0.0,legacy,2025
EGKB,92,91,81,84,departures,0.8804347826086957,0.9130434782608695,legacy,2025
EINN,91,61,60,60,departures,0.6593406593406593,0.6593406593406593,legacy,2025
GMAD,91,0,0,0,arrivals,0.0,0.0,legacy,2025
EGKB,91,90,88,100,arrivals,0.967032967032967,1.098901098901099,legacy,2025
LJLJ,90,60,60,61,departures,0.6666666666666666,0.6777777777777778,legacy,2025
DTTJ,89,0,0,0,departures,0.0,0.0,legacy,2025
UUDD,89,5,5,5,departures,0.056179775280898875,0.056179775280898875,legacy,2025
EDDW,88,87,86,88,departures,0.9772727272727273,1.0,legacy,2025
GMTT,88,88,88,88,departures,1.0,1.0,legacy,2025
EDLW,87,85,85,86,departures,0.9770114942528736,0.9885057471264368,legacy,2025
EDDW,87,87,86,88,arrivals,0.9885057471264368,1.0114942528735633,legacy,2025
GMTT,87,86,86,87,arrivals,0.9885057471264368,1.0,legacy,2025
EDLW,87,84,84,84,arrivals,0.9655172413793104,0.9655172413793104,legacy,2025
EINN,86,80,80,82,arrivals,0.9302325581395349,0.9534883720930233,legacy,2025
LIMJ,86,86,85,85,arrivals,0.9883720930232558,0.9883720930232558,legacy,2025
EGHI,86,78,78,79,arrivals,0.9069767441860465,0.9186046511627907,legacy,2025
LIPH,85,85,85,85,departures,1.0,1.0,legacy,2025
GCLA,85,0,0,0,departures,0.0,0.0,legacy,2025
LIPH,85,85,84,84,arrivals,0.9882352941176471,0.9882352941176471,legacy,2025
EDSB,85,78,78,78,arrivals,0.9176470588235294,0.9176470588235294,legacy,2025
LFKB,84,5,4,4,departures,0.047619047619047616,0.047619047619047616,legacy,2025
LFKB,84,20,20,20,arrivals,0.23809523809523808,0.23809523809523808,legacy,2025
GCLA,84,0,0,0,arrivals,0.0,0.0,legacy,2025
EGHI,83,74,74,75,departures,0.891566265060241,0.9036144578313253,legacy,2025
EGJB,83,60,55,57,departures,0.6626506024096386,0.6867469879518072,legacy,2025
LYTV,83,2,0,0,arrivals,0.0,0.0,legacy,2025
LYTV,82,1,0,0,departures,0.0,0.0,legacy,2025
EDSB,81,76,76,77,departures,0.9382716049382716,0.9506172839506173,legacy,2025
EGNS,81,73,72,72,arrivals,0.8888888888888888,0.8888888888888888,legacy,2025
DTMB,81,0,0,0,arrivals,0.0,0.0,legacy,2025
EGNS,80,44,44,44,departures,0.55,0.55,legacy,2025
LFKJ,80,78,78,78,arrivals,0.975,0.975,legacy,2025
LIMJ,79,42,41,41,departures,0.5189873417721519,0.5189873417721519,legacy,2025
DTMB,79,1,0,0,departures,0.0,0.0,legacy,2025
LFKJ,78,76,76,76,departures,0.9743589743589743,0.9743589743589743,legacy,2025
EDFH,77,18,17,17,departures,0.22077922077922077,0.22077922077922077,legacy,2025
LYPG,77,0,0,0,departures,0.0,0.0,legacy,2025
LYPG,77,1,0,0,arrivals,0.0,0.0,legacy,2025
EKYT,75,72,72,72,departures,0.96,0.96,legacy,2025
LBWN,75,14,14,14,arrivals,0.18666666666666668,0.18666666666666668,legacy,2025
LFMT,75,54,54,54,arrivals,0.72,0.72,legacy,2025
UUDD,75,0,0,0,arrivals,0.0,0.0,legacy,2025
LFMT,74,69,68,68,departures,0.918918918918919,0.918918918918919,legacy,2025
EDFH,74,71,71,72,arrivals,0.9594594594594594,0.972972972972973,legacy,2025
LTAJ,74,0,0,0,arrivals,0.0,0.0,legacy,2025
EGJB,74,64,63,84,arrivals,0.8513513513513513,1.135135135135135,legacy,2025
LTAU,73,0,0,0,arrivals,0.0,0.0,legacy,2025
LTAJ,72,0,0,0,departures,0.0,0.0,legacy,2025
LFMD,72,69,68,72,arrivals,0.9444444444444444,1.0,legacy,2025
EGHH,72,67,66,68,arrivals,0.9166666666666666,0.9444444444444444,legacy,2025
ENTO,72,55,54,54,arrivals,0.75,0.75,legacy,2025
LBWN,71,2,1,1,departures,0.014084507042253521,0.014084507042253521,legacy,2025
LRIA,71,1,0,0,departures,0.0,0.0,legacy,2025
EGHH,71,69,68,68,departures,0.9577464788732394,0.9577464788732394,legacy,2025
ENTO,71,2,1,2,departures,0.014084507042253521,0.028169014084507043,legacy,2025
EKYT,71,69,69,69,arrivals,0.971830985915493,0.971830985915493,legacy,2025
LTAU,70,0,0,0,departures,0.0,0.0,legacy,2025
LEAS,69,2,2,2,departures,0.028985507246376812,0.028985507246376812,legacy,2025
UGSB,69,49,49,50,arrivals,0.7101449275362319,0.7246376811594203,legacy,2025
EDLV,69,69,69,69,arrivals,1.0,1.0,legacy,2025
EDLV,68,68,68,69,departures,1.0,1.0147058823529411,legacy,2025
LERS,68,44,44,44,arrivals,0.6470588235294118,0.6470588235294118,legacy,2025
LEAS,68,1,0,0,arrivals,0.0,0.0,legacy,2025
LRIA,68,0,0,0,arrivals,0.0,0.0,legacy,2025
UGSB,67,47,47,47,departures,0.7014925373134329,0.7014925373134329,legacy,2025
LERS,67,4,4,4,departures,0.05970149253731343,0.05970149253731343,legacy,2025
URSS,67,0,0,0,arrivals,0.0,0.0,legacy,2025
LFMD,65,60,59,61,departures,0.9076923076923077,0.9384615384615385,legacy,2025
LFKF,65,50,49,49,arrivals,0.7538461538461538,0.7538461538461538,legacy,2025
GMME,64,3,3,3,departures,0.046875,0.046875,legacy,2025
GMME,63,18,18,18,arrivals,0.2857142857142857,0.2857142857142857,legacy,2025
LIEA,62,62,62,62,departures,1.0,1.0,legacy,2025
LGKF,62,59,58,59,departures,0.9354838709677419,0.9516129032258065,legacy,2025
LIEA,62,62,62,62,arrivals,1.0,1.0,legacy,2025
LIPQ,61,58,58,58,departures,0.9508196721311475,0.9508196721311475,legacy,2025
LFKF,61,5,5,5,departures,0.08196721311475409,0.08196721311475409,legacy,2025
EDDG,60,60,60,60,departures,1.0,1.0,legacy,2025
EPRZ,60,57,56,56,departures,0.9333333333333333,0.9333333333333333,legacy,2025
LGKF,60,56,55,58,arrivals,0.9166666666666666,0.9666666666666667,legacy,2025
DTNH,59,0,0,0,departures,0.0,0.0,legacy,2025
LRTR,59,0,0,0,departures,0.0,0.0,legacy,2025
LIPQ,59,59,58,58,arrivals,0.9830508474576272,0.9830508474576272,legacy,2025
LTBA,58,54,54,61,departures,0.9310344827586207,1.0517241379310345,legacy,2025
DTNH,58,0,0,0,arrivals,0.0,0.0,legacy,2025
EPRZ,58,55,54,54,arrivals,0.9310344827586207,0.9310344827586207,legacy,2025
LFBZ,57,54,54,55,arrivals,0.9473684210526315,0.9649122807017544,legacy,2025
LRTR,57,0,0,1,arrivals,0.0,0.017543859649122806,legacy,2025
LFQQ,57,56,56,56,arrivals,0.9824561403508771,0.9824561403508771,legacy,2025
LOWG,56,55,52,53,departures,0.9285714285714286,0.9464285714285714,legacy,2025
LFQQ,56,54,54,54,departures,0.9642857142857143,0.9642857142857143,legacy,2025
LTCC,56,0,0,0,arrivals,0.0,0.0,legacy,2025
EDDG,56,54,54,54,arrivals,0.9642857142857143,0.9642857142857143,legacy,2025
LFBZ,55,1,1,1,departures,0.01818181818181818,0.01818181818181818,legacy,2025
LTCC,55,1,0,0,departures,0.0,0.0,legacy,2025
LDPL,55,47,46,51,arrivals,0.8363636363636363,0.9272727272727272,legacy,2025
LFTH,55,39,36,37,arrivals,0.6545454545454545,0.6727272727272727,legacy,2025
EYKA,54,52,51,51,departures,0.9444444444444444,0.9444444444444444,legacy,2025
LOWG,53,53,53,57,arrivals,1.0,1.0754716981132075,legacy,2025
LKTB,52,50,47,51,departures,0.9038461538461539,0.9807692307692307,legacy,2025
URSS,52,0,0,0,departures,0.0,0.0,legacy,2025
GMFF,52,0,0,0,departures,0.0,0.0,legacy,2025
LTBA,52,47,46,346,arrivals,0.8846153846153846,6.653846153846154,legacy,2025
LKTB,52,51,50,52,arrivals,0.9615384615384616,1.0,legacy,2025
GMFF,52,0,0,0,arrivals,0.0,0.0,legacy,2025
LFTH,51,8,5,6,departures,0.09803921568627451,0.11764705882352941,legacy,2025
EGPE,51,35,35,35,departures,0.6862745098039216,0.6862745098039216,legacy,2025
EHKD,50,44,41,51,departures,0.82,1.02,legacy,2025
LFST,50,48,48,48,arrivals,0.96,0.96,legacy,2025
EYKA,50,13,9,9,arrivals,0.18,0.18,legacy,2025
LDPL,49,17,17,17,departures,0.3469387755102041,0.3469387755102041,legacy,2025
UGKO,49,0,0,0,departures,0.0,0.0,legacy,2025
LFST,49,47,47,47,departures,0.9591836734693877,0.9591836734693877,legacy,2025
DAOO,49,19,6,6,arrivals,0.12244897959183673,0.12244897959183673,legacy,2025
UGKO,49,0,0,0,arrivals,0.0,0.0,legacy,2025
EGFF,49,46,46,46,arrivals,0.9387755102040817,0.9387755102040817,legacy,2025
EGPE,49,45,45,45,arrivals,0.9183673469387755,0.9183673469387755,legacy,2025
DAOO,48,4,4,4,departures,0.08333333333333333,0.08333333333333333,legacy,2025
EGFF,48,47,46,46,departures,0.9583333333333334,0.9583333333333334,legacy,2025
UBBN,48,0,0,0,departures,0.0,0.0,legacy,2025
ENCN,48,23,23,23,departures,0.4791666666666667,0.4791666666666667,legacy,2025
EHKD,48,36,36,43,arrivals,0.75,0.8958333333333334,legacy,2025
ENAL,48,1,1,1,arrivals,0.020833333333333332,0.020833333333333332,legacy,2025
UBBN,48,1,0,0,arrivals,0.0,0.0,legacy,2025
ORBI,48,1,0,0,arrivals,0.0,0.0,legacy,2025
LFRB,47,41,41,41,departures,0.8723404255319149,0.8723404255319149,legacy,2025
ENAL,46,0,0,0,departures,0.0,0.0,legacy,2025
ENKB,46,0,0,0,departures,0.0,0.0,legacy,2025
LGPZ,46,3,0,0,arrivals,0.0,0.0,legacy,2025
LTFH,45,3,3,3,departures,0.06666666666666667,0.06666666666666667,legacy,2025
LGPZ,45,2,0,0,departures,0.0,0.0,legacy,2025
EDDC,45,43,43,43,departures,0.9555555555555556,0.9555555555555556,legacy,2025
LGPA,45,0,0,0,departures,0.0,0.0,legacy,2025
LTFH,45,3,2,2,arrivals,0.044444444444444446,0.044444444444444446,legacy,2025
EDDC,45,45,45,45,arrivals,1.0,1.0,legacy,2025
LIRI,44,7,0,0,departures,0.0,0.0,legacy,2025
GEML,44,40,40,40,departures,0.9090909090909091,0.9090909090909091,legacy,2025
ORER,44,0,0,0,departures,0.0,0.0,legacy,2025
ESSB,44,38,37,38,departures,0.8409090909090909,0.8636363636363636,legacy,2025
BIRK,44,39,39,39,departures,0.8863636363636364,0.8863636363636364,legacy,2025
GEML,44,43,43,43,arrivals,0.9772727272727273,0.9772727272727273,legacy,2025
ORER,44,0,0,0,arrivals,0.0,0.0,legacy,2025
LEJR,44,44,44,45,arrivals,1.0,1.0227272727272727,legacy,2025
BIRK,44,36,36,38,arrivals,0.8181818181818182,0.8636363636363636,legacy,2025
ENKB,44,0,0,0,arrivals,0.0,0.0,legacy,2025
LFRB,44,39,30,30,arrivals,0.6818181818181818,0.6818181818181818,legacy,2025
LKMT,44,38,38,42,arrivals,0.8636363636363636,0.9545454545454546,legacy,2025
LKMT,43,25,21,21,departures,0.4883720930232558,0.4883720930232558,legacy,2025
LIBP,43,43,43,43,arrivals,1.0,1.0,legacy,2025
LOWI,43,28,27,27,arrivals,0.627906976744186,0.627906976744186,legacy,2025
ENCN,43,10,10,10,arrivals,0.23255813953488372,0.23255813953488372,legacy,2025
EPMO,42,42,42,42,departures,1.0,1.0,legacy,2025
ENEV,42,6,0,0,departures,0.0,0.0,legacy,2025
ORBI,42,0,0,0,departures,0.0,0.0,legacy,2025
LIRI,42,4,0,0,arrivals,0.0,0.0,legacy,2025
UMMS,42,2,2,3,arrivals,0.047619047619047616,0.07142857142857142,legacy,2025
ESMS,42,36,36,36,arrivals,0.8571428571428571,0.8571428571428571,legacy,2025
ENEV,42,9,0,0,arrivals,0.0,0.0,legacy,2025
LGSM,42,7,7,10,arrivals,0.16666666666666666,0.23809523809523808,legacy,2025
ESMS,41,38,38,38,departures,0.926829268292683,0.926829268292683,legacy,2025
LIBP,41,41,41,42,departures,1.0,1.024390243902439,legacy,2025
LGSM,41,3,2,5,departures,0.04878048780487805,0.12195121951219512,legacy,2025
LIRZ,41,41,40,43,arrivals,0.975609756097561,1.048780487804878,legacy,2025
UMMS,40,13,13,13,departures,0.325,0.325,legacy,2025
LEJR,40,40,40,40,departures,1.0,1.0,legacy,2025
LEVX,40,0,0,0,arrivals,0.0,0.0,legacy,2025
UWKD,40,0,0,0,arrivals,0.0,0.0,legacy,2025
LICT,40,1,1,1,arrivals,0.025,0.025,legacy,2025
EPMO,40,30,30,30,arrivals,0.75,0.75,legacy,2025
LEAM,40,36,36,37,arrivals,0.9,0.925,legacy,2025
GMMW,40,6,6,6,arrivals,0.15,0.15,legacy,2025
LGPA,40,0,0,0,arrivals,0.0,0.0,legacy,2025
LEVT,39,0,0,0,departures,0.0,0.0,legacy,2025
LICT,39,2,2,2,departures,0.05128205128205128,0.05128205128205128,legacy,2025
LIRZ,39,39,35,35,departures,0.8974358974358975,0.8974358974358975,legacy,2025
LEXJ,39,0,0,0,departures,0.0,0.0,legacy,2025
GMMW,39,19,19,19,departures,0.48717948717948717,0.48717948717948717,legacy,2025
EGPB,39,0,0,0,arrivals,0.0,0.0,legacy,2025
LEVT,39,0,0,0,arrivals,0.0,0.0,legacy,2025
LEZG,39,16,15,15,arrivals,0.38461538461538464,0.38461538461538464,legacy,2025
EDLP,39,35,33,33,arrivals,0.8461538461538461,0.8461538461538461,legacy,2025
EGPB,38,0,0,0,departures,0.0,0.0,legacy,2025
UWKD,38,0,0,0,departures,0.0,0.0,legacy,2025
LEZG,38,14,14,15,departures,0.3684210526315789,0.39473684210526316,legacy,2025
ESPA,38,0,0,0,departures,0.0,0.0,legacy,2025
LEVX,37,1,0,0,departures,0.0,0.0,legacy,2025
LGSK,37,1,1,1,departures,0.02702702702702703,0.02702702702702703,legacy,2025
LOWL,37,36,36,37,departures,0.972972972972973,1.0,legacy,2025
LEAM,37,35,35,35,departures,0.9459459459459459,0.9459459459459459,legacy,2025
LIPY,37,1,0,0,departures,0.0,0.0,legacy,2025
LGSK,37,15,15,15,arrivals,0.40540540540540543,0.40540540540540543,legacy,2025
ESSB,37,32,32,35,arrivals,0.8648648648648649,0.9459459459459459,legacy,2025
LEXJ,37,0,0,0,arrivals,0.0,0.0,legacy,2025
EGTE,36,27,27,27,departures,0.75,0.75,legacy,2025
LECO,36,35,35,35,departures,0.9722222222222222,0.9722222222222222,legacy,2025
EGTE,36,33,33,33,arrivals,0.9166666666666666,0.9166666666666666,legacy,2025
LIPY,36,2,2,2,arrivals,0.05555555555555555,0.05555555555555555,legacy,2025
LTFO,36,7,6,6,arrivals,0.16666666666666666,0.16666666666666666,legacy,2025
EGMC,35,35,35,38,departures,1.0,1.0857142857142856,legacy,2025
EDLP,35,30,30,31,departures,0.8571428571428571,0.8857142857142857,legacy,2025
LZKZ,35,18,18,18,departures,0.5142857142857142,0.5142857142857142,legacy,2025
LTFO,35,0,0,0,departures,0.0,0.0,legacy,2025
LTFG,35,35,34,34,arrivals,0.9714285714285714,0.9714285714285714,legacy,2025
ESPA,35,0,0,0,arrivals,0.0,0.0,legacy,2025
LECO,35,35,35,38,arrivals,1.0,1.0857142857142856,legacy,2025
GMFO,34,1,1,1,departures,0.029411764705882353,0.029411764705882353,legacy,2025
LTFG,34,34,34,34,departures,1.0,1.0,legacy,2025
LEGR,34,0,0,0,departures,0.0,0.0,legacy,2025
LOWL,34,32,31,31,arrivals,0.9117647058823529,0.9117647058823529,legacy,2025
LICR,34,0,0,0,arrivals,0.0,0.0,legacy,2025
GMFO,34,7,7,7,arrivals,0.20588235294117646,0.20588235294117646,legacy,2025
LEGR,34,0,0,0,arrivals,0.0,0.0,legacy,2025
LGMT,34,34,34,34,arrivals,1.0,1.0,legacy,2025
LZKZ,34,25,25,26,arrivals,0.7352941176470589,0.7647058823529411,legacy,2025
LICR,33,0,0,0,departures,0.0,0.0,legacy,2025
LTCI,33,0,0,0,departures,0.0,0.0,legacy,2025
LGMT,33,31,31,32,departures,0.9393939393939394,0.9696969696969697,legacy,2025
LOWI,33,15,14,14,departures,0.42424242424242425,0.42424242424242425,legacy,2025
EGMC,33,33,33,35,arrivals,1.0,1.0606060606060606,legacy,2025
EKAH,33,28,28,28,arrivals,0.8484848484848485,0.8484848484848485,legacy,2025
EGWU,32,32,29,34,departures,0.90625,1.0625,legacy,2025
LTCB,32,2,2,2,departures,0.0625,0.0625,legacy,2025
EKAH,32,6,6,6,departures,0.1875,0.1875,legacy,2025
LFRN,32,32,32,32,departures,1.0,1.0,legacy,2025
LEMI,32,32,32,32,arrivals,1.0,1.0,legacy,2025
LTCI,32,0,0,0,arrivals,0.0,0.0,legacy,2025
LEMI,31,24,24,24,departures,0.7741935483870968,0.7741935483870968,legacy,2025
EIKN,31,30,30,30,departures,0.967741935483871,0.967741935483871,legacy,2025
ENHD,31,1,0,0,departures,0.0,0.0,legacy,2025
EDMO,31,29,25,25,departures,0.8064516129032258,0.8064516129032258,legacy,2025
LFRN,31,31,31,31,arrivals,1.0,1.0,legacy,2025
LTCE,31,0,0,0,arrivals,0.0,0.0,legacy,2025
EGPK,30,28,28,28,departures,0.9333333333333333,0.9333333333333333,legacy,2025
URMM,30,0,0,0,departures,0.0,0.0,legacy,2025
LGNX,30,1,0,0,departures,0.0,0.0,legacy,2025
LTCB,30,10,10,10,arrivals,0.3333333333333333,0.3333333333333333,legacy,2025
LGNX,30,0,0,0,arrivals,0.0,0.0,legacy,2025
EIKN,30,30,30,30,arrivals,1.0,1.0,legacy,2025
EBAW,29,29,25,25,departures,0.8620689655172413,0.8620689655172413,legacy,2025
LTCE,29,0,0,0,departures,0.0,0.0,legacy,2025
EGPA,29,0,0,0,departures,0.0,0.0,legacy,2025
LTAZ,29,0,0,0,departures,0.0,0.0,legacy,2025
EGPK,29,29,29,31,arrivals,1.0,1.0689655172413792,legacy,2025
URMM,29,0,0,0,arrivals,0.0,0.0,legacy,2025
ENHD,29,1,1,3,arrivals,0.034482758620689655,0.10344827586206896,legacy,2025
LTAZ,29,1,0,0,arrivals,0.0,0.0,legacy,2025
EGHQ,28,27,27,27,departures,0.9642857142857143,0.9642857142857143,legacy,2025
ESNU,28,0,0,0,departures,0.0,0.0,legacy,2025
EGHQ,28,27,27,27,arrivals,0.9642857142857143,0.9642857142857143,legacy,2025
LTCA,27,0,0,0,departures,0.0,0.0,legacy,2025
ENBN,27,0,0,0,departures,0.0,0.0,legacy,2025
LICD,27,0,0,0,departures,0.0,0.0,legacy,2025
LIPB,27,13,11,11,arrivals,0.4074074074074074,0.4074074074074074,legacy,2025
EGWU,27,25,21,21,arrivals,0.7777777777777778,0.7777777777777778,legacy,2025
LTAN,27,0,0,0,arrivals,0.0,0.0,legacy,2025
LTCA,27,0,0,0,arrivals,0.0,0.0,legacy,2025
LICD,27,2,2,2,arrivals,0.07407407407407407,0.07407407407407407,legacy,2025
LFKC,27,27,27,27,arrivals,1.0,1.0,legacy,2025
LTAT,26,0,0,0,departures,0.0,0.0,legacy,2025
LPCS,26,24,23,24,departures,0.8846153846153846,0.9230769230769231,legacy,2025
LIPB,26,0,0,0,departures,0.0,0.0,legacy,2025
LTCS,26,0,0,0,departures,0.0,0.0,legacy,2025
LTAN,26,0,0,0,departures,0.0,0.0,legacy,2025
LRBS,26,26,26,27,departures,1.0,1.0384615384615385,legacy,2025
LFKC,26,26,26,26,departures,1.0,1.0,legacy,2025
LGHI,26,0,0,0,arrivals,0.0,0.0,legacy,2025
LTCS,26,0,0,0,arrivals,0.0,0.0,legacy,2025
ESNU,26,0,0,0,arrivals,0.0,0.0,legacy,2025
ENBN,26,1,0,0,arrivals,0.0,0.0,legacy,2025
EGPA,26,0,0,0,arrivals,0.0,0.0,legacy,2025
LGKL,25,5,4,4,departures,0.16,0.16,legacy,2025
LGHI,25,1,0,0,departures,0.0,0.0,legacy,2025
LGML,25,0,0,0,departures,0.0,0.0,legacy,2025
LFMP,25,4,4,4,departures,0.16,0.16,legacy,2025
EHBK,25,21,19,20,departures,0.76,0.8,legacy,2025
EFOU,25,0,0,0,departures,0.0,0.0,legacy,2025
EGSH,25,25,25,25,departures,1.0,1.0,legacy,2025
LPCS,25,25,22,24,arrivals,0.88,0.96,legacy,2025
LGKL,25,13,13,14,arrivals,0.52,0.56,legacy,2025
EBAW,25,25,25,30,arrivals,1.0,1.2,legacy,2025
EFOU,25,0,0,0,arrivals,0.0,0.0,legacy,2025
EGSH,25,25,25,26,arrivals,1.0,1.04,legacy,2025
LFRK,24,1,0,0,departures,0.0,0.0,legacy,2025
EKVG,24,0,0,0,departures,0.0,0.0,legacy,2025
ENFL,24,0,0,0,departures,0.0,0.0,legacy,2025
ENAT,24,0,0,0,departures,0.0,0.0,legacy,2025
LICG,24,0,0,0,departures,0.0,0.0,legacy,2025
LIPR,24,21,21,23,departures,0.875,0.9583333333333334,legacy,2025
LTAT,24,0,0,0,arrivals,0.0,0.0,legacy,2025
EKVG,24,0,0,0,arrivals,0.0,0.0,legacy,2025
ENFL,24,0,0,0,arrivals,0.0,0.0,legacy,2025
ENAT,24,0,0,0,arrivals,0.0,0.0,legacy,2025
LESO,24,1,0,0,arrivals,0.0,0.0,legacy,2025
LFMP,24,14,14,14,arrivals,0.5833333333333334,0.5833333333333334,legacy,2025
EHBK,24,19,19,20,arrivals,0.7916666666666666,0.8333333333333334,legacy,2025
LIPR,24,23,22,23,arrivals,0.9166666666666666,0.9583333333333334,legacy,2025
EDDR,23,16,16,17,departures,0.6956521739130435,0.7391304347826086,legacy,2025
ESSV,23,0,0,0,departures,0.0,0.0,legacy,2025
ENOV,23,0,0,0,departures,0.0,0.0,legacy,2025
ENKR,23,0,0,0,departures,0.0,0.0,legacy,2025
LESO,23,1,0,0,departures,0.0,0.0,legacy,2025
ENLK,23,4,0,0,departures,0.0,0.0,legacy,2025
LFBT,23,20,20,20,departures,0.8695652173913043,0.8695652173913043,legacy,2025
ENKR,23,0,0,0,arrivals,0.0,0.0,legacy,2025
LICG,23,3,3,3,arrivals,0.13043478260869565,0.13043478260869565,legacy,2025
EGPO,23,3,0,0,arrivals,0.0,0.0,legacy,2025
EDXW,22,20,19,19,departures,0.8636363636363636,0.8636363636363636,legacy,2025
LLER,22,0,0,0,departures,0.0,0.0,legacy,2025
LSGS,22,0,0,0,departures,0.0,0.0,legacy,2025
LRSB,22,1,0,0,departures,0.0,0.0,legacy,2025
LFBP,22,4,4,4,departures,0.18181818181818182,0.18181818181818182,legacy,2025
LGKP,22,0,0,0,departures,0.0,0.0,legacy,2025
EGNV,22,19,19,19,departures,0.8636363636363636,0.8636363636363636,legacy,2025
EGPO,22,0,0,0,departures,0.0,0.0,legacy,2025
EPSC,22,0,0,0,departures,0.0,0.0,legacy,2025
EIKY,22,22,22,22,departures,1.0,1.0,legacy,2025
LRCV,22,1,0,0,departures,0.0,0.0,legacy,2025
GCHI,22,0,0,0,departures,0.0,0.0,legacy,2025
LFRK,22,21,20,20,arrivals,0.9090909090909091,0.9090909090909091,legacy,2025
EDDR,22,16,16,16,arrivals,0.7272727272727273,0.7272727272727273,legacy,2025
ESSV,22,0,0,0,arrivals,0.0,0.0,legacy,2025
EDXW,22,21,21,23,arrivals,0.9545454545454546,1.0454545454545454,legacy,2025
ENOV,22,0,0,0,arrivals,0.0,0.0,legacy,2025
LLER,22,0,0,0,arrivals,0.0,0.0,legacy,2025
LRSB,22,0,0,0,arrivals,0.0,0.0,legacy,2025
LFBP,22,21,19,19,arrivals,0.8636363636363636,0.8636363636363636,legacy,2025
LGKP,22,0,0,0,arrivals,0.0,0.0,legacy,2025
EDMO,22,22,21,26,arrivals,0.9545454545454546,1.1818181818181819,legacy,2025
EPSC,22,1,0,0,arrivals,0.0,0.0,legacy,2025
ENLK,22,2,0,0,arrivals,0.0,0.0,legacy,2025
GCHI,22,0,0,0,arrivals,0.0,0.0,legacy,2025
LFBT,22,22,22,24,arrivals,1.0,1.0909090909090908,legacy,2025
LDRI,21,0,0,0,departures,0.0,0.0,legacy,2025
ENSG,21,7,0,0,departures,0.0,0.0,legacy,2025
LRSV,21,0,0,0,departures,0.0,0.0,legacy,2025
BIAR,21,0,0,0,departures,0.0,0.0,legacy,2025
LDRI,21,1,0,0,arrivals,0.0,0.0,legacy,2025
ENSG,21,8,0,0,arrivals,0.0,0.0,legacy,2025
LGML,21,0,0,0,arrivals,0.0,0.0,legacy,2025
EGNV,21,19,19,19,arrivals,0.9047619047619048,0.9047619047619048,legacy,2025
LSZB,21,20,20,21,arrivals,0.9523809523809523,1.0,legacy,2025
EIKY,21,21,21,21,arrivals,1.0,1.0,legacy,2025
LFLC,21,19,18,19,arrivals,0.8571428571428571,0.9047619047619048,legacy,2025
LRCV,21,1,0,0,arrivals,0.0,0.0,legacy,2025
LRBS,21,21,20,21,arrivals,0.9523809523809523,1.0,legacy,2025
BIAR,21,0,0,0,arrivals,0.0,0.0,legacy,2025
DABC,20,0,0,0,departures,0.0,0.0,legacy,2025
LTCR,20,0,0,0,departures,0.0,0.0,legacy,2025
LSZB,20,18,18,18,departures,0.9,0.9,legacy,2025
GMTN,20,20,19,19,arrivals,0.95,0.95,legacy,2025
LSGS,20,2,0,1,arrivals,0.0,0.05,legacy,2025
LTCR,20,0,0,0,arrivals,0.0,0.0,legacy,2025
LRSV,20,0,0,0,arrivals,0.0,0.0,legacy,2025
EGNJ,20,15,15,15,arrivals,0.75,0.75,legacy,2025
HLLM,20,1,0,0,arrivals,0.0,0.0,legacy,2025
DABC,20,0,0,0,arrivals,0.0,0.0,legacy,2025
LOWK,19,0,0,0,departures,0.0,0.0,legacy,2025
LTCJ,19,0,0,0,departures,0.0,0.0,legacy,2025
GMTN,19,18,18,18,departures,0.9473684210526315,0.9473684210526315,legacy,2025
EFTU,19,1,1,1,departures,0.05263157894736842,0.05263157894736842,legacy,2025
ENVD,19,0,0,0,departures,0.0,0.0,legacy,2025
LRBC,19,0,0,0,departures,0.0,0.0,legacy,2025
EGTK,19,19,19,20,departures,1.0,1.0526315789473684,legacy,2025
ENSK,19,5,0,0,departures,0.0,0.0,legacy,2025
LSZR,19,18,18,21,departures,0.9473684210526315,1.105263157894737,legacy,2025
HLLM,19,1,0,0,departures,0.0,0.0,legacy,2025
LTCJ,19,0,0,0,arrivals,0.0,0.0,legacy,2025
LRBC,19,1,0,0,arrivals,0.0,0.0,legacy,2025
ENSK,19,4,0,0,arrivals,0.0,0.0,legacy,2025
LFTZ,19,18,0,0,arrivals,0.0,0.0,legacy,2025
LSZR,19,19,19,19,arrivals,1.0,1.0,legacy,2025
EYPA,18,16,15,15,departures,0.8333333333333334,0.8333333333333334,legacy,2025
EGJA,18,13,6,6,departures,0.3333333333333333,0.3333333333333333,legacy,2025
EBOS,18,16,16,16,departures,0.8888888888888888,0.8888888888888888,legacy,2025
LFLC,18,0,0,0,departures,0.0,0.0,legacy,2025
LOWK,18,1,0,0,arrivals,0.0,0.0,legacy,2025
LIPO,18,18,14,15,arrivals,0.7777777777777778,0.8333333333333334,legacy,2025
EFTU,18,9,9,9,arrivals,0.5,0.5,legacy,2025
EGJA,18,18,7,7,arrivals,0.3888888888888889,0.3888888888888889,legacy,2025
EFRO,17,0,0,0,departures,0.0,0.0,legacy,2025
LPAZ,17,0,0,0,departures,0.0,0.0,legacy,2025
EPLL,17,0,0,0,departures,0.0,0.0,legacy,2025
EBKT,17,16,16,17,departures,0.9411764705882353,1.0,legacy,2025
LQBK,17,0,0,0,departures,0.0,0.0,legacy,2025
ENML,17,0,0,0,departures,0.0,0.0,legacy,2025
LGAL,17,0,0,0,departures,0.0,0.0,legacy,2025
EFRO,17,0,0,0,arrivals,0.0,0.0,legacy,2025
LQBK,17,0,0,0,arrivals,0.0,0.0,legacy,2025
EYPA,17,4,3,3,arrivals,0.17647058823529413,0.17647058823529413,legacy,2025
EBOS,17,16,16,18,arrivals,0.9411764705882353,1.0588235294117647,legacy,2025
LFLY,16,15,15,15,departures,0.9375,0.9375,legacy,2025
EKRN,16,0,0,0,departures,0.0,0.0,legacy,2025
LYNI,16,0,0,0,departures,0.0,0.0,legacy,2025
LFBL,16,0,0,0,departures,0.0,0.0,legacy,2025
EPBY,16,15,15,15,departures,0.9375,0.9375,legacy,2025
LTCF,16,0,0,0,departures,0.0,0.0,legacy,2025
EGNJ,16,12,12,12,departures,0.75,0.75,legacy,2025
EDDE,16,16,16,16,departures,1.0,1.0,legacy,2025
LXGB,16,15,15,15,departures,0.9375,0.9375,legacy,2025
LEPP,16,0,0,0,departures,0.0,0.0,legacy,2025
EPLB,16,7,7,7,departures,0.4375,0.4375,legacy,2025
LFBE,16,10,9,9,departures,0.5625,0.5625,legacy,2025
EKEB,16,13,13,13,departures,0.8125,0.8125,legacy,2025
LECH,16,6,5,5,departures,0.3125,0.3125,legacy,2025
LFLY,16,16,14,14,arrivals,0.875,0.875,legacy,2025
LYNI,16,0,0,0,arrivals,0.0,0.0,legacy,2025
LFBL,16,0,0,0,arrivals,0.0,0.0,legacy,2025
EPLL,16,15,15,15,arrivals,0.9375,0.9375,legacy,2025
LTCF,16,0,0,0,arrivals,0.0,0.0,legacy,2025
LFMK,16,5,5,5,arrivals,0.3125,0.3125,legacy,2025
ENSH,16,1,0,0,arrivals,0.0,0.0,legacy,2025
EGTK,16,16,15,15,arrivals,0.9375,0.9375,legacy,2025
LGAL,16,15,15,15,arrivals,0.9375,0.9375,legacy,2025
EDVE,16,16,14,14,arrivals,0.875,0.875,legacy,2025
LXGB,16,15,15,15,arrivals,0.9375,0.9375,legacy,2025
EPLB,16,15,15,16,arrivals,0.9375,1.0,legacy,2025
LFBE,16,10,10,10,arrivals,0.625,0.625,legacy,2025
UWGG,15,0,0,0,departures,0.0,0.0,legacy,2025
HESX,15,0,0,0,departures,0.0,0.0,legacy,2025
LTCK,15,0,0,0,departures,0.0,0.0,legacy,2025
EDNY,15,13,12,12,departures,0.8,0.8,legacy,2025
LFMK,15,0,0,0,departures,0.0,0.0,legacy,2025
ENRA,15,0,0,0,departures,0.0,0.0,legacy,2025
EGAE,15,1,1,1,departures,0.06666666666666667,0.06666666666666667,legacy,2025
LFRM,15,15,14,16,arrivals,0.9333333333333333,1.0666666666666667,legacy,2025
EKRN,15,0,0,0,arrivals,0.0,0.0,legacy,2025
HESX,15,1,1,1,arrivals,0.06666666666666667,0.06666666666666667,legacy,2025
ENVD,15,0,0,0,arrivals,0.0,0.0,legacy,2025
LTCK,15,0,0,0,arrivals,0.0,0.0,legacy,2025
EPBY,15,7,7,7,arrivals,0.4666666666666667,0.4666666666666667,legacy,2025
EDNY,15,12,12,13,arrivals,0.8,0.8666666666666667,legacy,2025
ENML,15,0,0,0,arrivals,0.0,0.0,legacy,2025
LLHA,15,13,13,13,arrivals,0.8666666666666667,0.8666666666666667,legacy,2025
EDDE,15,15,14,14,arrivals,0.9333333333333333,0.9333333333333333,legacy,2025
LFSD,15,15,14,14,arrivals,0.9333333333333333,0.9333333333333333,legacy,2025
LGLM,15,2,0,0,arrivals,0.0,0.0,legacy,2025
EKEB,15,12,12,12,arrivals,0.8,0.8,legacy,2025
LECH,15,13,13,14,arrivals,0.8666666666666667,0.9333333333333333,legacy,2025
LTAY,14,0,0,0,departures,0.0,0.0,legacy,2025
ETSI,14,13,13,13,departures,0.9285714285714286,0.9285714285714286,legacy,2025
LLHA,14,13,13,13,departures,0.9285714285714286,0.9285714285714286,legacy,2025
LROD,14,0,0,0,departures,0.0,0.0,legacy,2025
ENSH,14,1,0,0,departures,0.0,0.0,legacy,2025
LTAR,14,0,0,0,departures,0.0,0.0,legacy,2025
EFKU,14,14,14,14,departures,1.0,1.0,legacy,2025
EDVE,14,14,14,14,departures,1.0,1.0,legacy,2025
LGLM,14,1,0,0,departures,0.0,0.0,legacy,2025
LFBH,14,2,2,2,arrivals,0.14285714285714285,0.14285714285714285,legacy,2025
LPAZ,14,10,10,12,arrivals,0.7142857142857143,0.8571428571428571,legacy,2025
LROD,14,0,0,0,arrivals,0.0,0.0,legacy,2025
ENRA,14,1,0,0,arrivals,0.0,0.0,legacy,2025
EGAE,14,1,1,1,arrivals,0.07142857142857142,0.07142857142857142,legacy,2025
LTAR,14,0,0,0,arrivals,0.0,0.0,legacy,2025
LEPP,14,0,0,0,arrivals,0.0,0.0,legacy,2025
LFRM,13,13,13,14,departures,1.0,1.0769230769230769,legacy,2025
LFBH,13,13,13,13,departures,1.0,1.0,legacy,2025
LTDA,13,0,0,0,departures,0.0,0.0,legacy,2025
LGKV,13,13,13,13,departures,1.0,1.0,legacy,2025
LPPS,13,0,0,0,departures,0.0,0.0,legacy,2025
LFRZ,13,10,10,10,departures,0.7692307692307693,0.7692307692307693,legacy,2025
LTCT,13,0,0,0,departures,0.0,0.0,legacy,2025
LIBC,13,0,0,0,departures,0.0,0.0,legacy,2025
EDMA,13,13,13,13,departures,1.0,1.0,legacy,2025
EFVA,13,0,0,0,departures,0.0,0.0,legacy,2025
UWGG,13,0,0,0,arrivals,0.0,0.0,legacy,2025
LTAY,13,0,0,0,arrivals,0.0,0.0,legacy,2025
LGKV,13,13,13,13,arrivals,1.0,1.0,legacy,2025
LPPS,13,6,2,2,arrivals,0.15384615384615385,0.15384615384615385,legacy,2025
LFRZ,13,13,12,14,arrivals,0.9230769230769231,1.0769230769230769,legacy,2025
EFKU,13,13,13,13,arrivals,1.0,1.0,legacy,2025
LTCT,13,0,0,0,arrivals,0.0,0.0,legacy,2025
LBPD,13,0,0,0,arrivals,0.0,0.0,legacy,2025
ESNS,12,0,0,0,departures,0.0,0.0,legacy,2025
LTFD,12,5,5,5,departures,0.4166666666666667,0.4166666666666667,legacy,2025
EDFM,12,11,11,18,departures,0.9166666666666666,1.5,legacy,2025
ENST,12,0,0,0,departures,0.0,0.0,legacy,2025
LFMU,12,0,0,0,departures,0.0,0.0,legacy,2025
ENBL,12,0,0,0,departures,0.0,0.0,legacy,2025
EKRK,12,11,11,11,departures,0.9166666666666666,0.9166666666666666,legacy,2025
GCGM,12,0,0,0,departures,0.0,0.0,legacy,2025
ENSD,12,1,0,0,departures,0.0,0.0,legacy,2025
LTCP,12,0,0,0,departures,0.0,0.0,legacy,2025
LIRS,12,1,0,0,departures,0.0,0.0,legacy,2025
LFTZ,12,11,0,0,departures,0.0,0.0,legacy,2025
LTCN,12,0,0,0,departures,0.0,0.0,legacy,2025
LFTW,12,11,11,11,departures,0.9166666666666666,0.9166666666666666,legacy,2025
HLLB,12,0,0,0,departures,0.0,0.0,legacy,2025
LGIO,12,10,10,10,arrivals,0.8333333333333334,0.8333333333333334,legacy,2025
LTCD,12,0,0,0,arrivals,0.0,0.0,legacy,2025
LTFD,12,12,12,13,arrivals,1.0,1.0833333333333333,legacy,2025
LIBF,12,0,0,0,arrivals,0.0,0.0,legacy,2025
ETSI,12,11,10,10,arrivals,0.8333333333333334,0.8333333333333334,legacy,2025
EKSB,12,12,12,12,arrivals,1.0,1.0,legacy,2025
LGRX,12,1,0,0,arrivals,0.0,0.0,legacy,2025
LFMU,12,1,1,1,arrivals,0.08333333333333333,0.08333333333333333,legacy,2025
GCGM,12,0,0,0,arrivals,0.0,0.0,legacy,2025
LTCN,12,0,0,0,arrivals,0.0,0.0,legacy,2025
HLLB,12,1,1,1,arrivals,0.08333333333333333,0.08333333333333333,legacy,2025
LIBC,12,0,0,0,arrivals,0.0,0.0,legacy,2025
EFVA,12,0,0,0,arrivals,0.0,0.0,legacy,2025
LRBV,11,10,10,10,departures,0.9090909090909091,0.9090909090909091,legacy,2025
LTCD,11,0,0,0,departures,0.0,0.0,legacy,2025
EGPN,11,11,11,12,departures,1.0,1.0909090909090908,legacy,2025
LTCV,11,0,0,0,departures,0.0,0.0,legacy,2025
LIPO,11,11,11,13,departures,1.0,1.1818181818181819,legacy,2025
LGRX,11,0,0,0,departures,0.0,0.0,legacy,2025
ENAN,11,4,0,0,departures,0.0,0.0,legacy,2025
GMML,11,0,0,0,departures,0.0,0.0,legacy,2025
LFSD,11,10,10,12,departures,0.9090909090909091,1.0909090909090908,legacy,2025
LFMV,11,11,11,11,arrivals,1.0,1.0,legacy,2025
EGPN,11,10,4,4,arrivals,0.36363636363636365,0.36363636363636365,legacy,2025
LTCV,11,0,0,0,arrivals,0.0,0.0,legacy,2025
ESNS,11,1,1,1,arrivals,0.09090909090909091,0.09090909090909091,legacy,2025
LTDA,11,1,0,0,arrivals,0.0,0.0,legacy,2025
EDFM,11,10,10,14,arrivals,0.9090909090909091,1.2727272727272727,legacy,2025
ENST,11,2,0,0,arrivals,0.0,0.0,legacy,2025
LICB,11,11,10,11,arrivals,0.9090909090909091,1.0,legacy,2025
ENBL,11,0,0,0,arrivals,0.0,0.0,legacy,2025
GMML,11,0,0,0,arrivals,0.0,0.0,legacy,2025
ENSD,11,3,0,0,arrivals,0.0,0.0,legacy,2025
LTCP,11,0,0,0,arrivals,0.0,0.0,legacy,2025
LIRS,11,1,1,1,arrivals,0.09090909090909091,0.09090909090909091,legacy,2025
LFTW,11,11,11,11,arrivals,1.0,1.0,legacy,2025
EDMA,11,11,11,11,arrivals,1.0,1.0,legacy,2025
LGIO,10,8,8,8,departures,0.8,0.8,legacy,2025
LFMV,10,9,8,12,departures,0.8,1.2,legacy,2025
EKSB,10,10,10,10,departures,1.0,1.0,legacy,2025
ESNZ,10,8,8,8,departures,0.8,0.8,legacy,2025
LQMO,10,0,0,0,departures,0.0,0.0,legacy,2025
LGIK,10,3,0,0,departures,0.0,0.0,legacy,2025
LIMP,10,0,0,1,departures,0.0,0.1,legacy,2025
EHGG,10,10,10,10,departures,1.0,1.0,legacy,2025
LIPK,10,7,7,7,departures,0.7,0.7,legacy,2025
DAAE,10,0,0,0,departures,0.0,0.0,legacy,2025
LFCR,10,8,8,8,arrivals,0.8,0.8,legacy,2025
EKOD,10,10,10,10,arrivals,1.0,1.0,legacy,2025
EHGG,10,10,10,11,arrivals,1.0,1.1,legacy,2025
LDSB,10,1,0,0,arrivals,0.0,0.0,legacy,2025
LIPK,10,8,7,7,arrivals,0.7,0.7,legacy,2025
DAAE,10,2,2,2,arrivals,0.2,0.2,legacy,2025
LICB,9,9,9,9,departures,1.0,1.0,legacy,2025
EDTY,9,5,4,4,departures,0.4444444444444444,0.4444444444444444,legacy,2025
LFCR,9,1,1,1,departures,0.1111111111111111,0.1111111111111111,legacy,2025
LKPD,9,9,9,13,departures,1.0,1.4444444444444444,legacy,2025
GMMI,9,0,0,0,departures,0.0,0.0,legacy,2025
ESTA,9,0,0,0,departures,0.0,0.0,legacy,2025
ESKN,9,4,4,4,departures,0.4444444444444444,0.4444444444444444,legacy,2025
LBPD,9,0,0,0,departures,0.0,0.0,legacy,2025
GMFK,9,0,0,0,departures,0.0,0.0,legacy,2025
LTCO,9,0,0,0,departures,0.0,0.0,legacy,2025
ENMS,9,0,0,0,departures,0.0,0.0,legacy,2025
LDSB,9,0,0,0,departures,0.0,0.0,legacy,2025
LTBR,9,1,0,1,departures,0.0,0.1111111111111111,legacy,2025
ENNA,9,0,0,0,departures,0.0,0.0,legacy,2025
UUBW,9,0,0,0,arrivals,0.0,0.0,legacy,2025
LRBV,9,9,9,9,arrivals,1.0,1.0,legacy,2025
ESNZ,9,7,7,7,arrivals,0.7777777777777778,0.7777777777777778,legacy,2025
EKRK,9,9,9,9,arrivals,1.0,1.0,legacy,2025
DAON,9,0,0,0,arrivals,0.0,0.0,legacy,2025
LQMO,9,0,0,0,arrivals,0.0,0.0,legacy,2025
GMMI,9,0,0,0,arrivals,0.0,0.0,legacy,2025
LGIK,9,3,0,0,arrivals,0.0,0.0,legacy,2025
ENAN,9,4,0,0,arrivals,0.0,0.0,legacy,2025
URML,9,0,0,0,arrivals,0.0,0.0,legacy,2025
ESKN,9,7,6,6,arrivals,0.6666666666666666,0.6666666666666666,legacy,2025
EGNR,9,8,7,8,arrivals,0.7777777777777778,0.8888888888888888,legacy,2025
GMFK,9,0,0,0,arrivals,0.0,0.0,legacy,2025
LTCO,9,1,0,0,arrivals,0.0,0.0,legacy,2025
ENMS,9,1,0,0,arrivals,0.0,0.0,legacy,2025
LTBR,9,7,7,9,arrivals,0.7777777777777778,1.0,legacy,2025
EPSY,8,0,0,0,departures,0.0,0.0,legacy,2025
LSMP,8,3,1,4,departures,0.125,0.5,legacy,2025
LQTZ,8,0,0,0,departures,0.0,0.0,legacy,2025
LFSL,8,0,0,0,departures,0.0,0.0,legacy,2025
LDOS,8,0,0,0,departures,0.0,0.0,legacy,2025
EGPI,8,0,0,0,departures,0.0,0.0,legacy,2025
ESMX,8,0,0,0,departures,0.0,0.0,legacy,2025
EFMA,8,1,1,1,departures,0.125,0.125,legacy,2025
LFRG,8,7,7,7,departures,0.875,0.875,legacy,2025
EGPR,8,0,0,0,departures,0.0,0.0,legacy,2025
BIEG,8,0,0,0,departures,0.0,0.0,legacy,2025
DAON,8,0,0,0,departures,0.0,0.0,legacy,2025
EDHI,8,8,8,8,departures,1.0,1.0,legacy,2025
EDLN,8,8,6,7,departures,0.75,0.875,legacy,2025
EFTP,8,6,5,5,departures,0.625,0.625,legacy,2025
ENJS,8,0,0,0,departures,0.0,0.0,legacy,2025
LFOT,8,0,0,0,departures,0.0,0.0,legacy,2025
UBBG,8,0,0,0,departures,0.0,0.0,legacy,2025
LGST,8,0,0,0,departures,0.0,0.0,legacy,2025
LEBZ,8,0,0,0,departures,0.0,0.0,legacy,2025
LFLB,8,6,5,5,arrivals,0.625,0.625,legacy,2025
LSMP,8,8,7,10,arrivals,0.875,1.25,legacy,2025
LQTZ,8,1,1,1,arrivals,0.125,0.125,legacy,2025
LFSL,8,0,0,0,arrivals,0.0,0.0,legacy,2025
LDOS,8,3,3,3,arrivals,0.375,0.375,legacy,2025
EGPI,8,0,0,0,arrivals,0.0,0.0,legacy,2025
ESMX,8,1,1,1,arrivals,0.125,0.125,legacy,2025
EBKT,8,8,8,8,arrivals,1.0,1.0,legacy,2025
EFMA,8,0,0,0,arrivals,0.0,0.0,legacy,2025
BIEG,8,0,0,0,arrivals,0.0,0.0,legacy,2025
LKPD,8,8,8,12,arrivals,1.0,1.5,legacy,2025
ESTA,8,1,0,0,arrivals,0.0,0.0,legacy,2025
LFOT,8,4,4,6,arrivals,0.5,0.75,legacy,2025
LGST,8,0,0,0,arrivals,0.0,0.0,legacy,2025
ENNA,8,0,0,0,arrivals,0.0,0.0,legacy,2025
EDRY,7,7,0,0,departures,0.0,0.0,legacy,2025
ENNM,7,2,0,0,departures,0.0,0.0,legacy,2025
ESNQ,7,0,0,0,departures,0.0,0.0,legacy,2025
LIBF,7,0,0,0,departures,0.0,0.0,legacy,2025
LHDC,7,0,0,0,departures,0.0,0.0,legacy,2025
EIDL,7,0,0,0,departures,0.0,0.0,legacy,2025
LTCW,7,0,0,0,departures,0.0,0.0,legacy,2025
BIIS,7,0,0,0,departures,0.0,0.0,legacy,2025
EDTL,7,7,7,7,departures,1.0,1.0,legacy,2025
EKOD,7,7,7,7,departures,1.0,1.0,legacy,2025
OITT,7,0,0,0,departures,0.0,0.0,legacy,2025
ESSL,7,6,6,6,departures,0.8571428571428571,0.8571428571428571,legacy,2025
EGPL,7,0,0,0,departures,0.0,0.0,legacy,2025
UUBW,7,0,0,0,departures,0.0,0.0,legacy,2025
HEBA,7,1,1,1,departures,0.14285714285714285,0.14285714285714285,legacy,2025
ESNQ,7,0,0,0,arrivals,0.0,0.0,legacy,2025
EIDL,7,3,3,3,arrivals,0.42857142857142855,0.42857142857142855,legacy,2025
LTCW,7,0,0,0,arrivals,0.0,0.0,legacy,2025
EGPR,7,0,0,0,arrivals,0.0,0.0,legacy,2025
BIIS,7,0,0,0,arrivals,0.0,0.0,legacy,2025
DABB,7,1,0,0,arrivals,0.0,0.0,legacy,2025
EDHI,7,7,7,7,arrivals,1.0,1.0,legacy,2025
EDTL,7,7,7,8,arrivals,1.0,1.1428571428571428,legacy,2025
OITT,7,0,0,0,arrivals,0.0,0.0,legacy,2025
ENJS,7,0,0,0,arrivals,0.0,0.0,legacy,2025
EGPL,7,0,0,0,arrivals,0.0,0.0,legacy,2025
LEBZ,7,1,1,1,arrivals,0.14285714285714285,0.14285714285714285,legacy,2025
EDTY,7,7,6,6,arrivals,0.8571428571428571,0.8571428571428571,legacy,2025
LIMP,7,5,5,5,arrivals,0.7142857142857143,0.7142857142857143,legacy,2025
EDVK,6,4,3,3,departures,0.5,0.5,legacy,2025
EHJA,6,0,0,0,departures,0.0,0.0,legacy,2025
HEAL,6,1,1,1,departures,0.16666666666666666,0.16666666666666666,legacy,2025
EGPU,6,0,0,0,departures,0.0,0.0,legacy,2025
HEMM,6,0,0,0,departures,0.0,0.0,legacy,2025
ESNK,6,0,0,0,departures,0.0,0.0,legacy,2025
EDHL,6,6,6,6,departures,1.0,1.0,legacy,2025
ENDU,6,0,0,0,departures,0.0,0.0,legacy,2025
EFKE,6,0,0,0,departures,0.0,0.0,legacy,2025
ESOE,6,0,0,0,departures,0.0,0.0,legacy,2025
ENSO,6,2,2,11,departures,0.3333333333333333,1.8333333333333333,legacy,2025
EFJO,6,0,0,0,departures,0.0,0.0,legacy,2025
LPPM,6,6,6,10,departures,1.0,1.6666666666666667,legacy,2025
URML,6,0,0,0,departures,0.0,0.0,legacy,2025
ENRM,6,0,0,0,departures,0.0,0.0,legacy,2025
LTCU,6,0,0,0,departures,0.0,0.0,legacy,2025
EGNR,6,6,6,6,departures,1.0,1.0,legacy,2025
LPVZ,6,1,0,0,departures,0.0,0.0,legacy,2025
ESKM,6,3,0,0,departures,0.0,0.0,legacy,2025
ESNL,6,0,0,0,departures,0.0,0.0,legacy,2025
EFIV,6,2,0,0,departures,0.0,0.0,legacy,2025
DABB,6,0,0,0,departures,0.0,0.0,legacy,2025
EDVK,6,4,4,5,arrivals,0.6666666666666666,0.8333333333333334,legacy,2025
HEAL,6,2,2,2,arrivals,0.3333333333333333,0.3333333333333333,legacy,2025
EDRY,6,6,0,0,arrivals,0.0,0.0,legacy,2025
EGPU,6,0,0,0,arrivals,0.0,0.0,legacy,2025
ENNM,6,2,0,0,arrivals,0.0,0.0,legacy,2025
ESNK,6,0,0,1,arrivals,0.0,0.16666666666666666,legacy,2025
EDHL,6,6,6,6,arrivals,1.0,1.0,legacy,2025
LHDC,6,0,0,0,arrivals,0.0,0.0,legacy,2025
ESOE,6,5,5,6,arrivals,0.8333333333333334,1.0,legacy,2025
ENSO,6,4,4,4,arrivals,0.6666666666666666,0.6666666666666666,legacy,2025
EFJO,6,0,0,0,arrivals,0.0,0.0,legacy,2025
LFLI,6,6,6,6,arrivals,1.0,1.0,legacy,2025
LFEC,6,0,0,0,arrivals,0.0,0.0,legacy,2025
LWOH,6,0,0,0,arrivals,0.0,0.0,legacy,2025
HEBA,6,5,5,5,arrivals,0.8333333333333334,0.8333333333333334,legacy,2025
LIMZ,6,6,6,6,arrivals,1.0,1.0,legacy,2025
ENRM,6,0,0,0,arrivals,0.0,0.0,legacy,2025
EFTP,6,5,5,5,arrivals,0.8333333333333334,0.8333333333333334,legacy,2025
ENLE,6,0,0,0,arrivals,0.0,0.0,legacy,2025
LTCU,6,0,0,0,arrivals,0.0,0.0,legacy,2025
ESSL,6,6,6,7,arrivals,1.0,1.1666666666666667,legacy,2025
LGLE,6,1,0,0,arrivals,0.0,0.0,legacy,2025
EFIV,6,2,0,0,arrivals,0.0,0.0,legacy,2025
ESKM,6,3,0,0,arrivals,0.0,0.0,legacy,2025
ESNL,6,0,0,0,arrivals,0.0,0.0,legacy,2025
ESNX,5,0,0,0,departures,0.0,0.0,legacy,2025
LFLB,5,1,0,0,departures,0.0,0.0,legacy,2025
EFKI,5,0,0,0,departures,0.0,0.0,legacy,2025
ORMM,5,0,0,0,departures,0.0,0.0,legacy,2025
EEKE,5,0,0,0,departures,0.0,0.0,legacy,2025
LTCM,5,0,0,0,departures,0.0,0.0,legacy,2025
LTCL,5,0,0,0,departures,0.0,0.0,legacy,2025
LFEC,5,0,0,0,departures,0.0,0.0,legacy,2025
LGKY,5,1,0,0,departures,0.0,0.0,legacy,2025
ENHE,5,0,0,0,departures,0.0,0.0,legacy,2025
ESNG,5,0,0,0,departures,0.0,0.0,legacy,2025
LTAW,5,0,0,0,departures,0.0,0.0,legacy,2025
ENFB,5,1,0,0,departures,0.0,0.0,legacy,2025
LGKC,5,0,0,0,departures,0.0,0.0,legacy,2025
ENLE,5,2,0,0,departures,0.0,0.0,legacy,2025
EFJY,5,0,0,0,departures,0.0,0.0,legacy,2025
EETU,5,1,1,1,departures,0.2,0.2,legacy,2025
LFJL,5,4,4,4,departures,0.8,0.8,legacy,2025
EFKK,5,5,5,5,departures,1.0,1.0,legacy,2025
LRTM,5,0,0,0,departures,0.0,0.0,legacy,2025
EDAH,5,1,1,1,departures,0.2,0.2,legacy,2025
LGLE,5,0,0,0,departures,0.0,0.0,legacy,2025
EGEC,5,0,0,0,departures,0.0,0.0,legacy,2025
ESGT,5,0,0,0,departures,0.0,0.0,legacy,2025
ENRS,5,3,0,0,departures,0.0,0.0,legacy,2025
DAAS,5,0,0,0,departures,0.0,0.0,legacy,2025
ESDF,5,5,5,5,departures,1.0,1.0,legacy,2025
EEKA,5,0,0,0,departures,0.0,0.0,legacy,2025
LFLI,5,1,1,1,departures,0.2,0.2,legacy,2025
LWOH,5,0,0,0,departures,0.0,0.0,legacy,2025
LIMZ,5,3,3,3,departures,0.6,0.6,legacy,2025
GMMZ,5,0,0,0,departures,0.0,0.0,legacy,2025
EPSY,5,2,2,2,arrivals,0.4,0.4,legacy,2025
LSZS,5,0,0,0,arrivals,0.0,0.0,legacy,2025
URMG,5,0,0,0,arrivals,0.0,0.0,legacy,2025
EFKI,5,0,0,0,arrivals,0.0,0.0,legacy,2025
HEMM,5,0,0,0,arrivals,0.0,0.0,legacy,2025
ORMM,5,3,3,3,arrivals,0.6,0.6,legacy,2025
ENDU,5,0,0,0,arrivals,0.0,0.0,legacy,2025
EEKE,5,0,0,0,arrivals,0.0,0.0,legacy,2025
DAAS,5,0,0,0,arrivals,0.0,0.0,legacy,2025
LTCM,5,0,0,0,arrivals,0.0,0.0,legacy,2025
LTCL,5,0,0,0,arrivals,0.0,0.0,legacy,2025
LFRG,5,5,5,5,arrivals,1.0,1.0,legacy,2025
EEKA,5,0,0,0,arrivals,0.0,0.0,legacy,2025
ENHE,5,0,0,0,arrivals,0.0,0.0,legacy,2025
LPPM,5,5,4,6,arrivals,0.8,1.2,legacy,2025
ESNG,5,0,0,0,arrivals,0.0,0.0,legacy,2025
LTAW,5,0,0,0,arrivals,0.0,0.0,legacy,2025
EGVN,5,4,4,4,arrivals,0.8,0.8,legacy,2025
GMMZ,5,0,0,0,arrivals,0.0,0.0,legacy,2025
LESA,5,1,0,0,arrivals,0.0,0.0,legacy,2025
UBBG,5,0,0,0,arrivals,0.0,0.0,legacy,2025
LFJL,5,5,5,5,arrivals,1.0,1.0,legacy,2025
LPVZ,5,2,0,0,arrivals,0.0,0.0,legacy,2025
LRTM,5,0,0,0,arrivals,0.0,0.0,legacy,2025
EDAH,5,3,3,3,arrivals,0.6,0.6,legacy,2025
EGEC,5,0,0,0,arrivals,0.0,0.0,legacy,2025
ENRS,5,0,0,0,arrivals,0.0,0.0,legacy,2025
EKDF,5,0,0,0,arrivals,0.0,0.0,legacy,2025
LGKC,5,0,0,0,arrivals,0.0,0.0,legacy,2025
ENOA,5,0,0,0,arrivals,0.0,0.0,legacy,2025
LGSO,4,0,0,0,departures,0.0,0.0,legacy,2025
LFPN,4,4,4,4,departures,1.0,1.0,legacy,2025
LFOZ,4,0,0,0,departures,0.0,0.0,legacy,2025
UWSG,4,0,0,0,departures,0.0,0.0,legacy,2025
EPRA,4,0,0,0,departures,0.0,0.0,legacy,2025
LZTT,4,0,0,0,departures,0.0,0.0,legacy,2025
ENRO,4,0,0,0,departures,0.0,0.0,legacy,2025
EDQG,4,4,0,0,departures,0.0,0.0,legacy,2025
ESNV,4,0,0,0,departures,0.0,0.0,legacy,2025
LECU,4,3,3,3,departures,0.75,0.75,legacy,2025
ESOH,4,2,0,0,departures,0.0,0.0,legacy,2025
ESMT,4,0,0,0,departures,0.0,0.0,legacy,2025
URWW,4,0,0,0,departures,0.0,0.0,legacy,2025
ENSR,4,0,0,0,departures,0.0,0.0,legacy,2025
ENGC,4,0,0,0,departures,0.0,0.0,legacy,2025
ESOK,4,0,0,0,departures,0.0,0.0,legacy,2025
LSZA,4,3,3,3,departures,0.75,0.75,legacy,2025
EKDF,4,0,0,0,departures,0.0,0.0,legacy,2025
EDAZ,4,4,0,0,departures,0.0,0.0,legacy,2025
ESMQ,4,3,3,3,departures,0.75,0.75,legacy,2025
LFRT,4,0,0,0,departures,0.0,0.0,legacy,2025
LSGL,4,3,0,0,departures,0.0,0.0,legacy,2025
LFLW,4,0,0,0,departures,0.0,0.0,legacy,2025
LESA,4,0,0,0,departures,0.0,0.0,legacy,2025
LESU,4,0,0,0,departures,0.0,0.0,legacy,2025
LFRH,4,0,0,0,departures,0.0,0.0,legacy,2025
LGBL,4,0,0,0,departures,0.0,0.0,legacy,2025
LTAP,4,0,0,0,departures,0.0,0.0,legacy,2025
LJPZ,4,3,2,3,departures,0.5,0.75,legacy,2025
LFRD,4,3,3,3,departures,0.75,0.75,legacy,2025
LTFC,4,0,0,0,departures,0.0,0.0,legacy,2025
LKHK,4,4,0,0,departures,0.0,0.0,legacy,2025
ESSP,4,1,1,1,departures,0.25,0.25,legacy,2025
LKCS,4,4,4,4,departures,1.0,1.0,legacy,2025
ESND,4,0,0,0,departures,0.0,0.0,legacy,2025
EFKT,4,0,0,0,departures,0.0,0.0,legacy,2025
EPZG,4,2,2,2,departures,0.5,0.5,legacy,2025
ESGJ,4,0,0,0,departures,0.0,0.0,legacy,2025
LGKS,4,0,0,0,departures,0.0,0.0,legacy,2025
LFCK,4,4,4,4,departures,1.0,1.0,legacy,2025
LEVD,4,0,0,0,departures,0.0,0.0,legacy,2025
ORKK,4,0,0,0,departures,0.0,0.0,legacy,2025
LGSO,4,0,0,0,arrivals,0.0,0.0,legacy,2025
ESNX,4,0,0,0,arrivals,0.0,0.0,legacy,2025
EDRZ,4,4,0,0,arrivals,0.0,0.0,legacy,2025
UWSG,4,1,1,1,arrivals,0.25,0.25,legacy,2025
LRBM,4,0,0,0,arrivals,0.0,0.0,legacy,2025
LGPL,4,0,0,0,arrivals,0.0,0.0,legacy,2025
URMO,4,0,0,0,arrivals,0.0,0.0,legacy,2025
ENXO,4,0,0,0,arrivals,0.0,0.0,legacy,2025
LZTT,4,0,0,0,arrivals,0.0,0.0,legacy,2025
LEVD,4,0,0,0,arrivals,0.0,0.0,legacy,2025
EHLL,4,0,0,0,arrivals,0.0,0.0,legacy,2025
LFLX,4,0,0,0,arrivals,0.0,0.0,legacy,2025
LKCS,4,4,4,4,arrivals,1.0,1.0,legacy,2025
EDQG,4,4,0,0,arrivals,0.0,0.0,legacy,2025
ENQG,4,0,0,0,arrivals,0.0,0.0,legacy,2025
ESNV,4,0,0,0,arrivals,0.0,0.0,legacy,2025
ESDF,4,1,1,1,arrivals,0.25,0.25,legacy,2025
ESOH,4,4,0,0,arrivals,0.0,0.0,legacy,2025
LGKY,4,2,0,0,arrivals,0.0,0.0,legacy,2025
ENQS,4,0,0,0,arrivals,0.0,0.0,legacy,2025
ENSR,4,0,0,0,arrivals,0.0,0.0,legacy,2025
ENGC,4,0,0,0,arrivals,0.0,0.0,legacy,2025
ESOK,4,1,1,1,arrivals,0.25,0.25,legacy,2025
EDAZ,4,4,0,0,arrivals,0.0,0.0,legacy,2025
EGNO,4,4,4,4,arrivals,1.0,1.0,legacy,2025
LSGL,4,3,0,0,arrivals,0.0,0.0,legacy,2025
EFJY,4,0,0,0,arrivals,0.0,0.0,legacy,2025
LFRH,4,3,3,3,arrivals,0.75,0.75,legacy,2025
LTAP,4,0,0,0,arrivals,0.0,0.0,legacy,2025
EETU,4,0,0,0,arrivals,0.0,0.0,legacy,2025
EFKK,4,4,4,4,arrivals,1.0,1.0,legacy,2025
LTAS,4,0,0,0,arrivals,0.0,0.0,legacy,2025
ESGJ,4,0,0,0,arrivals,0.0,0.0,legacy,2025
LGKS,4,0,0,0,arrivals,0.0,0.0,legacy,2025
LFCK,4,4,4,4,arrivals,1.0,1.0,legacy,2025
LTFC,4,0,0,0,arrivals,0.0,0.0,legacy,2025
LKHK,4,4,0,0,arrivals,0.0,0.0,legacy,2025
EFKE,4,0,0,0,arrivals,0.0,0.0,legacy,2025
ESSP,4,2,2,2,arrivals,0.5,0.5,legacy,2025
LDLO,4,0,0,0,arrivals,0.0,0.0,legacy,2025
ESND,4,0,0,0,arrivals,0.0,0.0,legacy,2025
LSZA,4,4,4,5,arrivals,1.0,1.25,legacy,2025
LZPP,4,3,3,3,arrivals,0.75,0.75,legacy,2025
EFKT,4,1,0,0,arrivals,0.0,0.0,legacy,2025
LFLW,4,0,0,0,arrivals,0.0,0.0,legacy,2025
LGBL,4,0,0,0,arrivals,0.0,0.0,legacy,2025
ESGT,4,1,1,1,arrivals,0.25,0.25,legacy,2025
BIBD,3,0,0,0,departures,0.0,0.0,legacy,2025
ENQO,3,0,0,0,departures,0.0,0.0,legacy,2025
EGLK,3,3,3,3,departures,1.0,1.0,legacy,2025
LFBI,3,0,0,0,departures,0.0,0.0,legacy,2025
ENWS,3,0,0,0,departures,0.0,0.0,legacy,2025
URMG,3,0,0,0,departures,0.0,0.0,legacy,2025
LRBM,3,0,0,0,departures,0.0,0.0,legacy,2025
EGMD,3,3,2,2,departures,0.6666666666666666,0.6666666666666666,legacy,2025
ETAR,3,3,3,4,departures,1.0,1.3333333333333333,legacy,2025
EDGS,3,3,3,3,departures,1.0,1.0,legacy,2025
URMO,3,0,0,0,departures,0.0,0.0,legacy,2025
ENXO,3,1,0,0,departures,0.0,0.0,legacy,2025
LELN,3,0,0,0,departures,0.0,0.0,legacy,2025
LFLS,3,2,2,3,departures,0.6666666666666666,1.0,legacy,2025
EDTM,3,2,2,2,departures,0.6666666666666666,0.6666666666666666,legacy,2025
LPBJ,3,2,2,2,departures,0.6666666666666666,0.6666666666666666,legacy,2025
ENOL,3,1,1,1,departures,0.3333333333333333,0.3333333333333333,legacy,2025
OJAM,3,0,0,0,departures,0.0,0.0,legacy,2025
ENSE,3,0,0,0,departures,0.0,0.0,legacy,2025
ENOC,3,0,0,0,departures,0.0,0.0,legacy,2025
DTTX,3,0,0,0,departures,0.0,0.0,legacy,2025
LTBH,3,0,0,0,departures,0.0,0.0,legacy,2025
EFKS,3,0,0,0,departures,0.0,0.0,legacy,2025
BIHN,3,0,0,0,departures,0.0,0.0,legacy,2025
ENSL,3,0,0,0,departures,0.0,0.0,legacy,2025
UDSG,3,0,0,0,departures,0.0,0.0,legacy,2025
GMMB,3,0,0,0,departures,0.0,0.0,legacy,2025
ENWY,3,0,0,0,departures,0.0,0.0,legacy,2025
ESOW,3,3,3,3,departures,1.0,1.0,legacy,2025
LTAL,3,0,0,0,departures,0.0,0.0,legacy,2025
ESNO,3,0,0,0,departures,0.0,0.0,legacy,2025
LTAS,3,0,0,0,departures,0.0,0.0,legacy,2025
LFHP,3,0,0,0,departures,0.0,0.0,legacy,2025
EGNH,3,3,3,4,departures,1.0,1.3333333333333333,legacy,2025
LGSY,3,0,0,0,departures,0.0,0.0,legacy,2025
LSZS,3,1,0,0,departures,0.0,0.0,legacy,2025
ESNN,3,0,0,0,departures,0.0,0.0,legacy,2025
ENWV,3,0,0,0,departures,0.0,0.0,legacy,2025
GMTA,3,3,3,3,departures,1.0,1.0,legacy,2025
LDLO,3,0,0,0,departures,0.0,0.0,legacy,2025
EKHA,3,0,0,0,departures,0.0,0.0,legacy,2025
LRCK,3,0,0,0,departures,0.0,0.0,legacy,2025
LFAT,3,0,0,0,departures,0.0,0.0,legacy,2025
EGNO,3,3,3,4,departures,1.0,1.3333333333333333,legacy,2025
ENOA,3,0,0,0,departures,0.0,0.0,legacy,2025
LSZC,3,2,0,0,departures,0.0,0.0,legacy,2025
ENQA,3,3,0,0,departures,0.0,0.0,legacy,2025
OSDI,3,0,0,0,departures,0.0,0.0,legacy,2025
ESUP,3,0,0,0,departures,0.0,0.0,legacy,2025
BIBD,3,0,0,0,arrivals,0.0,0.0,legacy,2025
ULAA,3,0,0,0,arrivals,0.0,0.0,legacy,2025
LFBI,3,2,2,2,arrivals,0.6666666666666666,0.6666666666666666,legacy,2025
LFLU,3,3,3,3,arrivals,1.0,1.0,legacy,2025
LFOZ,3,2,0,0,arrivals,0.0,0.0,legacy,2025
ENWS,3,0,0,0,arrivals,0.0,0.0,legacy,2025
EHJA,3,0,0,0,arrivals,0.0,0.0,legacy,2025
EPRA,3,2,2,3,arrivals,0.6666666666666666,1.0,legacy,2025
LFMQ,3,3,3,3,arrivals,1.0,1.0,legacy,2025
OSDI,3,0,0,0,arrivals,0.0,0.0,legacy,2025
LFOH,3,3,2,2,arrivals,0.6666666666666666,0.6666666666666666,legacy,2025
LELN,3,0,0,0,arrivals,0.0,0.0,legacy,2025
ESUP,3,0,0,0,arrivals,0.0,0.0,legacy,2025
GMTA,3,3,3,3,arrivals,1.0,1.0,legacy,2025
EDTM,3,3,3,3,arrivals,1.0,1.0,legacy,2025
OJAM,3,1,0,0,arrivals,0.0,0.0,legacy,2025
LECU,3,3,3,3,arrivals,1.0,1.0,legacy,2025
ESMT,3,1,0,0,arrivals,0.0,0.0,legacy,2025
ENOC,3,2,0,0,arrivals,0.0,0.0,legacy,2025
DTTX,3,0,0,0,arrivals,0.0,0.0,legacy,2025
LTBH,3,0,0,0,arrivals,0.0,0.0,legacy,2025
EFKS,3,0,0,0,arrivals,0.0,0.0,legacy,2025
ENSL,3,0,0,0,arrivals,0.0,0.0,legacy,2025
UDSG,3,0,0,0,arrivals,0.0,0.0,legacy,2025
GMMB,3,0,0,0,arrivals,0.0,0.0,legacy,2025
ENWY,3,0,0,0,arrivals,0.0,0.0,legacy,2025
ESOW,3,3,3,3,arrivals,1.0,1.0,legacy,2025
LTAL,3,0,0,0,arrivals,0.0,0.0,legacy,2025
ESNO,3,0,0,0,arrivals,0.0,0.0,legacy,2025
LFHP,3,0,0,0,arrivals,0.0,0.0,legacy,2025
EGNH,3,3,3,3,arrivals,1.0,1.0,legacy,2025
EPZG,3,3,3,3,arrivals,1.0,1.0,legacy,2025
LGSY,3,0,0,0,arrivals,0.0,0.0,legacy,2025
LFRC,3,2,1,1,arrivals,0.3333333333333333,0.3333333333333333,legacy,2025
ESUT,3,0,0,0,arrivals,0.0,0.0,legacy,2025
EDGS,3,3,3,3,arrivals,1.0,1.0,legacy,2025
ENRO,3,0,0,0,arrivals,0.0,0.0,legacy,2025
ENWV,3,0,0,0,arrivals,0.0,0.0,legacy,2025
LFLS,3,3,3,3,arrivals,1.0,1.0,legacy,2025
EKHA,3,0,0,0,arrivals,0.0,0.0,legacy,2025
URWW,3,0,0,0,arrivals,0.0,0.0,legacy,2025
ENFB,3,0,0,0,arrivals,0.0,0.0,legacy,2025
ESMQ,3,3,3,3,arrivals,1.0,1.0,legacy,2025
BIHN,3,0,0,0,arrivals,0.0,0.0,legacy,2025
EHFB,3,0,0,0,arrivals,0.0,0.0,legacy,2025
ENQA,3,2,0,0,arrivals,0.0,0.0,legacy,2025
LFRD,3,3,3,3,arrivals,1.0,1.0,legacy,2025
LFQG,2,0,0,0,departures,0.0,0.0,legacy,2025
EHPK,2,2,0,0,departures,0.0,0.0,legacy,2025
LFLU,2,2,2,3,departures,1.0,1.5,legacy,2025
LTAG,2,0,0,0,departures,0.0,0.0,legacy,2025
LFRC,2,2,1,8,departures,0.5,4.0,legacy,2025
ENQV,2,0,0,0,departures,0.0,0.0,legacy,2025
LFMQ,2,2,2,2,departures,1.0,1.0,legacy,2025
EGFE,2,2,2,2,departures,1.0,1.0,legacy,2025
EHKJ,2,0,0,0,departures,0.0,0.0,legacy,2025
ENQC,2,2,0,0,departures,0.0,0.0,legacy,2025
LFOK,2,0,0,0,departures,0.0,0.0,legacy,2025
EGBJ,2,2,2,2,departures,1.0,1.0,legacy,2025
LSGK,2,0,0,0,departures,0.0,0.0,legacy,2025
EGPC,2,0,0,0,departures,0.0,0.0,legacy,2025
LSGC,2,0,0,0,departures,0.0,0.0,legacy,2025
ENNE,2,0,0,0,departures,0.0,0.0,legacy,2025
ENQS,2,0,0,0,departures,0.0,0.0,legacy,2025
ENXW,2,1,0,0,departures,0.0,0.0,legacy,2025
LEAB,2,2,2,2,departures,1.0,1.0,legacy,2025
EGVN,2,2,2,2,departures,1.0,1.0,legacy,2025
EDXQ,2,2,0,0,departures,0.0,0.0,legacy,2025
LTBY,2,0,0,0,departures,0.0,0.0,legacy,2025
ENWA,2,0,0,0,departures,0.0,0.0,legacy,2025
LFPT,2,2,2,3,departures,1.0,1.5,legacy,2025
OENN,2,0,0,0,departures,0.0,0.0,legacy,2025
ENUA,2,0,0,0,departures,0.0,0.0,legacy,2025
LEGT,2,1,1,1,departures,0.5,0.5,legacy,2025
LFGA,2,1,1,2,departures,0.5,1.0,legacy,2025
LDRG,2,0,0,0,departures,0.0,0.0,legacy,2025
GMMD,2,0,0,0,departures,0.0,0.0,legacy,2025
LFRV,2,1,1,1,departures,0.5,0.5,legacy,2025
LJMB,2,2,1,2,departures,0.5,1.0,legacy,2025
LTBZ,2,0,0,0,departures,0.0,0.0,legacy,2025
LTBU,2,0,0,0,departures,0.0,0.0,legacy,2025
ESUT,2,0,0,0,departures,0.0,0.0,legacy,2025
BIVO,2,0,0,0,departures,0.0,0.0,legacy,2025
ENQD,2,0,0,0,departures,0.0,0.0,legacy,2025
EHGQ,2,0,0,0,departures,0.0,0.0,legacy,2025
LFOH,2,2,2,2,departures,1.0,1.0,legacy,2025
LGPL,2,0,0,0,departures,0.0,0.0,legacy,2025
LSTS,2,0,0,0,departures,0.0,0.0,legacy,2025
EHLL,2,0,0,0,departures,0.0,0.0,legacy,2025
GMAT,2,0,0,0,departures,0.0,0.0,legacy,2025
BITN,2,0,0,0,departures,0.0,0.0,legacy,2025
LFLX,2,0,0,0,departures,0.0,0.0,legacy,2025
DAUB,2,0,0,0,departures,0.0,0.0,legacy,2025
ORNI,2,0,0,0,departures,0.0,0.0,legacy,2025
LEDA,2,0,0,0,departures,0.0,0.0,legacy,2025
ETND,2,2,2,2,departures,1.0,1.0,legacy,2025
LIBG,2,0,0,0,departures,0.0,0.0,legacy,2025
LKKV,2,0,0,0,departures,0.0,0.0,legacy,2025
LFAC,2,0,0,0,departures,0.0,0.0,legacy,2025
ENQE,2,1,0,0,departures,0.0,0.0,legacy,2025
EHFB,2,0,0,0,departures,0.0,0.0,legacy,2025
EGNL,2,1,1,1,departures,0.5,0.5,legacy,2025
LRSM,2,0,0,0,departures,0.0,0.0,legacy,2025
ENQJ,2,0,0,0,departures,0.0,0.0,legacy,2025
ULAA,2,0,0,0,departures,0.0,0.0,legacy,2025
LGKJ,2,0,0,0,departures,0.0,0.0,legacy,2025
ENGA,2,0,0,0,departures,0.0,0.0,legacy,2025
DAOI,2,0,0,0,departures,0.0,0.0,legacy,2025
LZPP,2,2,2,2,departures,1.0,1.0,legacy,2025
ESST,2,0,0,0,departures,0.0,0.0,legacy,2025
EIWF,2,1,1,1,departures,0.5,0.5,legacy,2025
HLMS,2,0,0,0,departures,0.0,0.0,legacy,2025
LFQG,2,0,0,0,arrivals,0.0,0.0,legacy,2025
ENQO,2,0,0,0,arrivals,0.0,0.0,legacy,2025
EGLK,2,2,2,2,arrivals,1.0,1.0,legacy,2025
LTBZ,2,0,0,0,arrivals,0.0,0.0,legacy,2025
LTAG,2,0,0,0,arrivals,0.0,0.0,legacy,2025
LTBU,2,1,1,1,arrivals,0.5,0.5,legacy,2025
ENQV,2,0,0,0,arrivals,0.0,0.0,legacy,2025
EGMD,2,2,2,2,arrivals,1.0,1.0,legacy,2025
LFOK,2,0,0,0,arrivals,0.0,0.0,legacy,2025
ESNN,2,0,0,0,arrivals,0.0,0.0,legacy,2025
LSGK,2,0,0,0,arrivals,0.0,0.0,legacy,2025
EDMS,2,0,0,0,arrivals,0.0,0.0,legacy,2025
ENWE,2,0,0,0,arrivals,0.0,0.0,legacy,2025
LSGC,2,0,0,0,arrivals,0.0,0.0,legacy,2025
ENNE,2,0,0,0,arrivals,0.0,0.0,legacy,2025
DAUB,2,0,0,0,arrivals,0.0,0.0,legacy,2025
EHKV,2,1,0,0,arrivals,0.0,0.0,legacy,2025
ORNI,2,0,0,0,arrivals,0.0,0.0,legacy,2025
LEDA,2,0,0,0,arrivals,0.0,0.0,legacy,2025
ETND,2,2,2,2,arrivals,1.0,1.0,legacy,2025
ENSE,2,0,0,0,arrivals,0.0,0.0,legacy,2025
DAOI,2,0,0,0,arrivals,0.0,0.0,legacy,2025
ENXW,2,0,0,0,arrivals,0.0,0.0,legacy,2025
LEAB,2,2,2,2,arrivals,1.0,1.0,legacy,2025
LFRT,2,2,1,1,arrivals,0.5,0.5,legacy,2025
ENWA,2,0,0,0,arrivals,0.0,0.0,legacy,2025
LFPT,2,2,0,0,arrivals,0.0,0.0,legacy,2025
LKKV,2,2,2,2,arrivals,1.0,1.0,legacy,2025
EHPG,2,2,0,0,arrivals,0.0,0.0,legacy,2025
LEGT,2,2,2,2,arrivals,1.0,1.0,legacy,2025
EKHB,2,0,0,0,arrivals,0.0,0.0,legacy,2025
ESST,2,2,2,4,arrivals,1.0,2.0,legacy,2025
ENQR,2,0,0,0,arrivals,0.0,0.0,legacy,2025
EBMB,2,2,0,0,arrivals,0.0,0.0,legacy,2025
LFRV,2,2,2,2,arrivals,1.0,1.0,legacy,2025
DTTZ,2,0,0,0,arrivals,0.0,0.0,legacy,2025
LJMB,2,1,0,0,arrivals,0.0,0.0,legacy,2025
EHJR,2,0,0,0,arrivals,0.0,0.0,legacy,2025
BIVO,2,0,0,0,arrivals,0.0,0.0,legacy,2025
EHKJ,2,0,0,0,arrivals,0.0,0.0,legacy,2025
ENQD,2,0,0,0,arrivals,0.0,0.0,legacy,2025
OJAQ,2,1,0,0,arrivals,0.0,0.0,legacy,2025
GMAT,2,1,0,0,arrivals,0.0,0.0,legacy,2025
BITN,2,0,0,0,arrivals,0.0,0.0,legacy,2025
LFSN,2,1,0,0,arrivals,0.0,0.0,legacy,2025
LFJR,2,2,2,2,arrivals,1.0,1.0,legacy,2025
EGPC,2,0,0,0,arrivals,0.0,0.0,legacy,2025
EDFZ,2,2,1,1,arrivals,0.5,0.5,legacy,2025
LRCK,2,0,0,0,arrivals,0.0,0.0,legacy,2025
LOAN,2,2,2,3,arrivals,1.0,1.5,legacy,2025
LTBY,2,0,0,0,arrivals,0.0,0.0,legacy,2025
LIBG,2,1,0,0,arrivals,0.0,0.0,legacy,2025
OENN,2,0,0,0,arrivals,0.0,0.0,legacy,2025
ENUA,2,0,0,0,arrivals,0.0,0.0,legacy,2025
EDLN,2,2,2,4,arrivals,1.0,2.0,legacy,2025
LESU,2,0,0,0,arrivals,0.0,0.0,legacy,2025
ENQE,2,0,0,0,arrivals,0.0,0.0,legacy,2025
GMMD,2,0,0,0,arrivals,0.0,0.0,legacy,2025
EGNL,2,2,1,1,arrivals,0.5,0.5,legacy,2025
ENUD,2,0,0,0,arrivals,0.0,0.0,legacy,2025
ENQJ,2,0,0,0,arrivals,0.0,0.0,legacy,2025
HLMS,2,1,0,0,arrivals,0.0,0.0,legacy,2025
ORKK,2,0,0,0,arrivals,0.0,0.0,legacy,2025
EGBJ,2,2,2,2,arrivals,1.0,1.0,legacy,2025
LFAT,2,2,1,1,arrivals,0.5,0.5,legacy,2025
LFAC,2,2,1,1,arrivals,0.5,0.5,legacy,2025
EBCV,1,1,1,1,departures,1.0,1.0,legacy,2025
ENRK,1,1,0,0,departures,0.0,0.0,legacy,2025
ULPB,1,0,0,0,departures,0.0,0.0,legacy,2025
EHTW,1,1,1,1,departures,1.0,1.0,legacy,2025
ENSF,1,0,0,0,departures,0.0,0.0,legacy,2025
UGSA,1,0,0,0,departures,0.0,0.0,legacy,2025
EDQM,1,0,0,0,departures,0.0,0.0,legacy,2025
DABT,1,0,0,0,departures,0.0,0.0,legacy,2025
LGTG,1,0,0,0,departures,0.0,0.0,legacy,2025
EYSA,1,1,1,1,departures,1.0,1.0,legacy,2025
EDMS,1,0,0,0,departures,0.0,0.0,legacy,2025
URWA,1,0,0,0,departures,0.0,0.0,legacy,2025
ENWE,1,0,0,0,departures,0.0,0.0,legacy,2025
ENQG,1,0,0,0,departures,0.0,0.0,legacy,2025
EHKV,1,0,0,0,departures,0.0,0.0,legacy,2025
LFLA,1,0,0,0,departures,0.0,0.0,legacy,2025
LFGF,1,1,0,0,departures,0.0,0.0,legacy,2025
UMII,1,0,0,0,departures,0.0,0.0,legacy,2025
LOIH,1,1,0,0,departures,0.0,0.0,legacy,2025
ENQK,1,0,0,0,departures,0.0,0.0,legacy,2025
ULMM,1,0,0,0,departures,0.0,0.0,legacy,2025
ESMK,1,1,1,1,departures,1.0,1.0,legacy,2025
EDWF,1,1,0,0,departures,0.0,0.0,legacy,2025
LFAQ,1,1,0,0,departures,0.0,0.0,legacy,2025
EKGC,1,0,0,0,departures,0.0,0.0,legacy,2025
ENWK,1,0,0,0,departures,0.0,0.0,legacy,2025
LFRO,1,1,1,1,departures,1.0,1.0,legacy,2025
ULWC,1,0,0,0,departures,0.0,0.0,legacy,2025
LFRI,1,0,0,1,departures,0.0,1.0,legacy,2025
USKK,1,0,0,0,departures,0.0,0.0,legacy,2025
UWPS,1,0,0,0,departures,0.0,0.0,legacy,2025
EGEO,1,0,0,0,departures,0.0,0.0,legacy,2025
LKKU,1,1,1,1,departures,1.0,1.0,legacy,2025
EHPG,1,0,0,0,departures,0.0,0.0,legacy,2025
ENWI,1,0,0,0,departures,0.0,0.0,legacy,2025
LFCI,1,1,1,1,departures,1.0,1.0,legacy,2025
EIWT,1,1,0,0,departures,0.0,0.0,legacy,2025
EGUB,1,1,1,3,departures,1.0,3.0,legacy,2025
ENLA,1,1,0,0,departures,0.0,0.0,legacy,2025
LFBF,1,1,1,1,departures,1.0,1.0,legacy,2025
LKRO,1,1,0,0,departures,0.0,0.0,legacy,2025
EGSC,1,1,1,4,departures,1.0,4.0,legacy,2025
EGHL,1,1,1,3,departures,1.0,3.0,legacy,2025
ENDR,1,0,0,0,departures,0.0,0.0,legacy,2025
LFCH,1,0,0,0,departures,0.0,0.0,legacy,2025
DTTZ,1,0,0,0,departures,0.0,0.0,legacy,2025
EFLP,1,0,0,0,departures,0.0,0.0,legacy,2025
DAUH,1,0,0,0,departures,0.0,0.0,legacy,2025
EPBC,1,0,0,0,departures,0.0,0.0,legacy,2025
EPWK,1,0,0,0,departures,0.0,0.0,legacy,2025
EDRZ,1,1,0,0,departures,0.0,0.0,legacy,2025
EBSP,1,1,0,0,departures,0.0,0.0,legacy,2025
GMAZ,1,1,0,0,departures,0.0,0.0,legacy,2025
LKMH,1,1,0,0,departures,0.0,0.0,legacy,2025
ENQL,1,0,0,0,departures,0.0,0.0,legacy,2025
EHJR,1,0,0,0,departures,0.0,0.0,legacy,2025
LEBA,1,0,0,0,departures,0.0,0.0,legacy,2025
LKJI,1,1,0,0,departures,0.0,0.0,legacy,2025
LYKV,1,0,0,0,departures,0.0,0.0,legacy,2025
LIMG,1,0,0,0,departures,0.0,0.0,legacy,2025
EDBM,1,1,0,0,departures,0.0,0.0,legacy,2025
LFJR,1,1,1,1,departures,1.0,1.0,legacy,2025
LRAR,1,0,0,0,departures,0.0,0.0,legacy,2025
LFLH,1,1,0,0,departures,0.0,0.0,legacy,2025
EDBC,1,1,0,0,departures,0.0,0.0,legacy,2025
EDFZ,1,1,1,1,departures,1.0,1.0,legacy,2025
ENQM,1,0,0,0,departures,0.0,0.0,legacy,2025
EHKS,1,0,0,0,departures,0.0,0.0,legacy,2025
EDFE,1,1,1,51,departures,1.0,51.0,legacy,2025
LKPM,1,1,0,0,departures,0.0,0.0,legacy,2025
LFSG,1,0,0,0,departures,0.0,0.0,legacy,2025
UBBF,1,0,0,0,departures,0.0,0.0,legacy,2025
ENBE,1,0,0,0,departures,0.0,0.0,legacy,2025
DAAV,1,0,0,0,departures,0.0,0.0,legacy,2025
DAUG,1,0,0,0,departures,0.0,0.0,legacy,2025
EKSI,1,0,0,0,departures,0.0,0.0,legacy,2025
EDTF,1,1,0,0,departures,0.0,0.0,legacy,2025
EHJC,1,0,0,0,departures,0.0,0.0,legacy,2025
EKHB,1,0,0,0,departures,0.0,0.0,legacy,2025
LGKA,1,0,0,0,departures,0.0,0.0,legacy,2025
EPCD,1,0,0,0,departures,0.0,0.0,legacy,2025
ENUN,1,0,0,0,departures,0.0,0.0,legacy,2025
BIGJ,1,0,0,0,departures,0.0,0.0,legacy,2025
UBBL,1,0,0,0,departures,0.0,0.0,legacy,2025
ENUD,1,0,0,0,departures,0.0,0.0,legacy,2025
LFMH,1,1,1,1,departures,1.0,1.0,legacy,2025
EPPW,1,0,0,0,departures,0.0,0.0,legacy,2025
LFHS,1,1,0,0,departures,0.0,0.0,legacy,2025
LFOP,1,0,0,0,departures,0.0,0.0,legacy,2025
LOLW,1,1,0,0,departures,0.0,0.0,legacy,2025
EHAK,1,0,0,0,departures,0.0,0.0,legacy,2025
ENUE,1,0,0,0,departures,0.0,0.0,legacy,2025
EDMV,1,0,0,0,departures,0.0,0.0,legacy,2025
EKTE,1,0,0,0,departures,0.0,0.0,legacy,2025
OJAQ,1,0,0,0,departures,0.0,0.0,legacy,2025
EDAY,1,1,0,0,departures,0.0,0.0,legacy,2025
EGOV,1,1,1,1,departures,1.0,1.0,legacy,2025
LFLD,1,0,0,0,departures,0.0,0.0,legacy,2025
ENUS,1,0,0,0,departures,0.0,0.0,legacy,2025
LPEV,1,1,1,1,departures,1.0,1.0,legacy,2025
ENRY,1,1,1,1,departures,1.0,1.0,legacy,2025
LFBA,1,0,0,0,departures,0.0,0.0,legacy,2025
EHFD,1,0,0,0,departures,0.0,0.0,legacy,2025
ENQB,1,1,0,0,departures,0.0,0.0,legacy,2025
OIGG,1,0,0,0,departures,0.0,0.0,legacy,2025
LIRJ,1,0,0,0,departures,0.0,0.0,legacy,2025
LCRA,1,1,1,1,departures,1.0,1.0,legacy,2025
EHQM,1,0,0,0,departures,0.0,0.0,legacy,2025
UUBC,1,0,0,0,departures,0.0,0.0,legacy,2025
UUBI,1,0,0,0,departures,0.0,0.0,legacy,2025
EGBK,1,1,0,0,departures,0.0,0.0,legacy,2025
EHGN,1,0,0,0,departures,0.0,0.0,legacy,2025
ENQR,1,0,0,0,departures,0.0,0.0,legacy,2025
LSZG,1,1,1,1,departures,1.0,1.0,legacy,2025
EHLE,1,1,1,1,departures,1.0,1.0,legacy,2025
ENUK,1,0,0,0,departures,0.0,0.0,legacy,2025
EBMB,1,1,0,0,departures,0.0,0.0,legacy,2025
EDTD,1,0,0,1,departures,0.0,1.0,legacy,2025
LGKZ,1,0,0,0,departures,0.0,0.0,legacy,2025
LHPR,1,1,1,1,departures,1.0,1.0,legacy,2025
LFLO,1,0,0,0,departures,0.0,0.0,legacy,2025
DAUH,1,0,0,0,arrivals,0.0,0.0,legacy,2025
EBCV,1,1,1,1,arrivals,1.0,1.0,legacy,2025
EHFT,1,0,0,0,arrivals,0.0,0.0,legacy,2025
ENRK,1,1,0,0,arrivals,0.0,0.0,legacy,2025
ULPB,1,0,0,0,arrivals,0.0,0.0,legacy,2025
LEBA,1,1,1,1,arrivals,1.0,1.0,legacy,2025
UGSA,1,0,0,0,arrivals,0.0,0.0,legacy,2025
LIMG,1,1,1,1,arrivals,1.0,1.0,legacy,2025
EDBM,1,1,0,0,arrivals,0.0,0.0,legacy,2025
URWA,1,0,0,0,arrivals,0.0,0.0,legacy,2025
LFLD,1,0,0,0,arrivals,0.0,0.0,legacy,2025
LPEV,1,1,1,1,arrivals,1.0,1.0,legacy,2025
EDBC,1,1,0,0,arrivals,0.0,0.0,legacy,2025
LFLA,1,0,0,0,arrivals,0.0,0.0,legacy,2025
UMII,1,0,0,0,arrivals,0.0,0.0,legacy,2025
ENQB,1,0,0,0,arrivals,0.0,0.0,legacy,2025
OIGG,1,0,0,0,arrivals,0.0,0.0,legacy,2025
LIRJ,1,0,0,0,arrivals,0.0,0.0,legacy,2025
LFAQ,1,1,0,0,arrivals,0.0,0.0,legacy,2025
ENWK,1,0,0,0,arrivals,0.0,0.0,legacy,2025
LFRO,1,1,1,1,arrivals,1.0,1.0,legacy,2025
LFTF,1,1,0,0,arrivals,0.0,0.0,legacy,2025
ULWC,1,0,0,0,arrivals,0.0,0.0,legacy,2025
EGTF,1,1,0,0,arrivals,0.0,0.0,legacy,2025
DAAV,1,0,0,0,arrivals,0.0,0.0,legacy,2025
USKK,1,0,0,0,arrivals,0.0,0.0,legacy,2025
UWPS,1,0,0,0,arrivals,0.0,0.0,legacy,2025
EDGE,1,1,0,0,arrivals,0.0,0.0,legacy,2025
EKAR,1,0,0,0,arrivals,0.0,0.0,legacy,2025
LSZC,1,1,0,0,arrivals,0.0,0.0,legacy,2025
UUBC,1,0,0,0,arrivals,0.0,0.0,legacy,2025
UUBI,1,0,0,0,arrivals,0.0,0.0,legacy,2025
LFCI,1,1,1,1,arrivals,1.0,1.0,legacy,2025
LFGA,1,1,1,1,arrivals,1.0,1.0,legacy,2025
EGUB,1,1,1,1,arrivals,1.0,1.0,legacy,2025
ENLA,1,0,0,0,arrivals,0.0,0.0,legacy,2025
LKRO,1,1,0,0,arrivals,0.0,0.0,legacy,2025
LRSM,1,0,0,0,arrivals,0.0,0.0,legacy,2025
EHKE,1,0,0,0,arrivals,0.0,0.0,legacy,2025
EGSC,1,1,1,1,arrivals,1.0,1.0,legacy,2025
ENDR,1,0,0,0,arrivals,0.0,0.0,legacy,2025
UBBL,1,0,0,0,arrivals,0.0,0.0,legacy,2025
LHPR,1,1,1,1,arrivals,1.0,1.0,legacy,2025
EGWC,1,1,1,1,arrivals,1.0,1.0,legacy,2025
EHPK,1,0,0,0,arrivals,0.0,0.0,legacy,2025
LPVR,1,1,1,2,arrivals,1.0,2.0,legacy,2025
EPWK,1,0,0,0,arrivals,0.0,0.0,legacy,2025
GMAZ,1,0,0,0,arrivals,0.0,0.0,legacy,2025
LIQS,1,0,0,0,arrivals,0.0,0.0,legacy,2025
LKMH,1,1,0,0,arrivals,0.0,0.0,legacy,2025
EHTW,1,1,1,1,arrivals,1.0,1.0,legacy,2025
EPNT,1,0,0,0,arrivals,0.0,0.0,legacy,2025
EGFE,1,1,1,1,arrivals,1.0,1.0,legacy,2025
ENQC,1,1,0,0,arrivals,0.0,0.0,legacy,2025
LIMW,1,0,0,0,arrivals,0.0,0.0,legacy,2025
LSTS,1,1,0,0,arrivals,0.0,0.0,legacy,2025
LYKV,1,0,0,0,arrivals,0.0,0.0,legacy,2025
EHDV,1,0,0,0,arrivals,0.0,0.0,legacy,2025
EDLE,1,1,0,0,arrivals,0.0,0.0,legacy,2025
EGBP,1,1,0,0,arrivals,0.0,0.0,legacy,2025
ENQM,1,0,0,0,arrivals,0.0,0.0,legacy,2025
EDFE,1,1,1,1,arrivals,1.0,1.0,legacy,2025
LFSG,1,0,0,0,arrivals,0.0,0.0,legacy,2025
UBBF,1,0,0,0,arrivals,0.0,0.0,legacy,2025
EHFD,1,0,0,0,arrivals,0.0,0.0,legacy,2025
EHLI,1,0,0,0,arrivals,0.0,0.0,legacy,2025
EDBR,1,1,1,1,arrivals,1.0,1.0,legacy,2025
EDXQ,1,1,0,0,arrivals,0.0,0.0,legacy,2025
EDTF,1,1,0,0,arrivals,0.0,0.0,legacy,2025
LDRG,1,0,0,0,arrivals,0.0,0.0,legacy,2025
EIWT,1,1,1,1,arrivals,1.0,1.0,legacy,2025
ENUN,1,0,0,0,arrivals,0.0,0.0,legacy,2025
LGKZ,1,0,0,0,arrivals,0.0,0.0,legacy,2025
LFMH,1,1,1,1,arrivals,1.0,1.0,legacy,2025
EPPW,1,0,0,0,arrivals,0.0,0.0,legacy,2025
LFPN,1,1,1,1,arrivals,1.0,1.0,legacy,2025
LFOP,1,0,0,0,arrivals,0.0,0.0,legacy,2025
LOLW,1,1,0,0,arrivals,0.0,0.0,legacy,2025
ENSF,1,0,0,0,arrivals,0.0,0.0,legacy,2025
EDQM,1,1,1,1,arrivals,1.0,1.0,legacy,2025
DABT,1,0,0,0,arrivals,0.0,0.0,legacy,2025
EHGQ,1,0,0,0,arrivals,0.0,0.0,legacy,2025
EDMV,1,0,0,0,arrivals,0.0,0.0,legacy,2025
EDAQ,1,1,0,0,arrivals,0.0,0.0,legacy,2025
EGOV,1,1,0,0,arrivals,0.0,0.0,legacy,2025
ENUS,1,0,0,0,arrivals,0.0,0.0,legacy,2025
ENGA,1,0,0,0,arrivals,0.0,0.0,legacy,2025
LRAR,1,0,0,1,arrivals,0.0,1.0,legacy,2025
LFLH,1,1,0,0,arrivals,0.0,0.0,legacy,2025
LFBA,1,1,1,1,arrivals,1.0,1.0,legacy,2025
ULMM,1,0,0,0,arrivals,0.0,0.0,legacy,2025
LFRI,1,0,0,0,arrivals,0.0,0.0,legacy,2025
EHFR,1,0,0,0,arrivals,0.0,0.0,legacy,2025
LGKA,1,0,0,0,arrivals,0.0,0.0,legacy,2025
EGBK,1,1,0,0,arrivals,0.0,0.0,legacy,2025
EIWF,1,1,1,1,arrivals,1.0,1.0,legacy,2025
BIGJ,1,0,0,0,arrivals,0.0,0.0,legacy,2025
LJPZ,1,1,1,2,arrivals,1.0,2.0,legacy,2025
EHLE,1,1,1,1,arrivals,1.0,1.0,legacy,2025
ENUK,1,0,0,0,arrivals,0.0,0.0,legacy,2025
EDTD,1,1,1,1,arrivals,1.0,1.0,legacy,2025
LFLO,1,0,0,0,arrivals,0.0,0.0,legacy,2025
EFLP,1,0,0,0,arrivals,0.0,0.0,legacy,2025
OOA,7964,36,0,0,arrivals,0.0,0.0,trend,2025
OOA,7892,88,0,0,departures,0.0,0.0,trend,2025
LTFM,2282,2115,2113,2123,departures,0.9259421560035057,0.9303242769500438,trend,2025
LTFM,2258,1922,1872,1872,arrivals,0.829052258635961,0.829052258635961,trend,2025
EHAM,2148,2144,2144,2167,departures,0.9981378026070763,1.0088454376163873,trend,2025
EHAM,2136,1928,1926,1930,arrivals,0.901685393258427,0.903558052434457,trend,2025
EDDF,2094,2085,2081,2083,departures,0.9937917860553964,0.9947468958930277,trend,2025
EDDF,2091,1835,1829,1831,arrivals,0.874701099952176,0.8756575801052128,trend,2025
LFPG,2084,2067,2050,2060,departures,0.9836852207293666,0.9884836852207294,trend,2025
LFPG,2066,1769,1767,1770,arrivals,0.8552758954501453,0.856727976766699,trend,2025
EGLL,2001,1989,1987,2021,departures,0.9930034982508745,1.0099950024987505,trend,2025
EGLL,1986,1701,1697,1811,arrivals,0.8544813695871097,0.9118831822759316,trend,2025
LEMD,1786,1582,1580,1586,arrivals,0.8846584546472565,0.8880179171332587,trend,2025
LEMD,1773,1756,1754,1756,departures,0.9892836999435984,0.9904117315284828,trend,2025
LEBL,1597,1517,1513,1514,arrivals,0.947401377582968,0.9480275516593613,trend,2025
LEBL,1591,1583,1582,1583,departures,0.994343180389692,0.9949717159019484,trend,2025
EDDM,1573,1568,1565,1568,departures,0.9949141767323586,0.9968213604577241,trend,2025
EDDM,1571,1485,1480,1483,arrivals,0.9420751113940166,0.9439847231063018,trend,2025
LIRF,1449,1445,1444,1446,departures,0.9965493443754313,0.9979296066252588,trend,2025
LTAI,1437,901,900,908,arrivals,0.6263048016701461,0.6318719554627696,trend,2025
LEPA,1436,1417,1416,1420,arrivals,0.9860724233983287,0.9888579387186629,trend,2025
LTAI,1435,850,849,854,departures,0.5916376306620209,0.5951219512195122,trend,2025
LIRF,1433,1297,1295,1298,arrivals,0.9036985345429169,0.9057920446615492,trend,2025
LEPA,1417,1385,1384,1385,departures,0.976711362032463,0.9774170783345095,trend,2025
LGAV,1317,704,698,701,arrivals,0.5299924069855733,0.5322703113135915,trend,2025
LGAV,1306,1189,1189,1199,departures,0.9104134762633997,0.9180704441041347,trend,2025
EGKK,1223,1220,1220,1277,departures,0.9975470155355682,1.044153720359771,trend,2025
EGKK,1220,1130,1130,1130,arrivals,0.9262295081967213,0.9262295081967213,trend,2025
EIDW,1188,1108,1106,1108,arrivals,0.930976430976431,0.9326599326599326,trend,2025
EIDW,1185,1167,1166,1166,departures,0.9839662447257383,0.9839662447257383,trend,2025
LSZH,1178,1170,1162,1168,departures,0.9864176570458404,0.9915110356536503,trend,2025
LSZH,1160,1076,1071,1078,arrivals,0.9232758620689655,0.9293103448275862,trend,2025
LOWW,1156,1148,1146,1156,departures,0.9913494809688581,1.0,trend,2025
EKCH,1152,1059,1058,1058,arrivals,0.9184027777777778,0.9184027777777778,trend,2025
LOWW,1145,1073,1070,1073,arrivals,0.9344978165938864,0.9371179039301311,trend,2025
EKCH,1140,1129,1129,1134,departures,0.9903508771929824,0.9947368421052631,trend,2025
LTFJ,1138,1011,1007,1018,arrivals,0.8848857644991213,0.8945518453427065,trend,2025
LTFJ,1137,1099,1099,1117,departures,0.9665787159190853,0.9824098504837291,trend,2025
LPPT,1010,1002,1002,1002,departures,0.9920792079207921,0.9920792079207921,trend,2025
LPPT,1001,904,904,904,arrivals,0.903096903096903,0.903096903096903,trend,2025
LFPO,992,985,985,990,departures,0.9929435483870968,0.9979838709677419,trend,2025
LFPO,991,949,949,951,arrivals,0.9576185671039354,0.9596367305751766,trend,2025
LIMC,973,969,967,968,departures,0.9938335046248715,0.9948612538540597,trend,2025
LIMC,967,892,886,890,arrivals,0.9162357807652534,0.9203722854188211,trend,2025
ENGM,940,897,896,909,arrivals,0.9531914893617022,0.9670212765957447,trend,2025
ENGM,932,892,892,901,departures,0.9570815450643777,0.9667381974248928,trend,2025
EGCC,926,922,921,921,departures,0.9946004319654428,0.9946004319654428,trend,2025
EGCC,924,839,838,838,arrivals,0.9069264069264069,0.9069264069264069,trend,2025
EGSS,888,847,845,848,arrivals,0.9515765765765766,0.954954954954955,trend,2025
EGSS,885,883,880,880,departures,0.9943502824858758,0.9943502824858758,trend,2025
EPWA,880,783,779,779,arrivals,0.8852272727272728,0.8852272727272728,trend,2025
EPWA,875,870,870,872,departures,0.9942857142857143,0.9965714285714286,trend,2025
EBBR,872,868,868,878,departures,0.9954128440366973,1.0068807339449541,trend,2025
EBBR,871,786,786,798,arrivals,0.9024110218140069,0.9161882893226176,trend,2025
EDDB,870,851,847,860,departures,0.9735632183908046,0.9885057471264368,trend,2025
LEMG,861,837,837,837,arrivals,0.9721254355400697,0.9721254355400697,trend,2025
LEMG,850,847,847,849,departures,0.9964705882352941,0.9988235294117647,trend,2025
ESSA,841,732,724,729,arrivals,0.8608799048751486,0.8668252080856124,trend,2025
EDDB,840,797,796,804,arrivals,0.9476190476190476,0.9571428571428572,trend,2025
ESSA,820,792,790,798,departures,0.9634146341463414,0.973170731707317,trend,2025
EDDL,758,753,750,752,departures,0.9894459102902374,0.9920844327176781,trend,2025
EDDL,751,730,728,732,arrivals,0.9693741677762983,0.9747003994673769,trend,2025
LFMN,710,691,683,746,arrivals,0.9619718309859155,1.0507042253521126,trend,2025
LFMN,707,698,692,697,departures,0.9787835926449788,0.9858557284299858,trend,2025
LSGG,680,666,666,678,departures,0.9794117647058823,0.9970588235294118,trend,2025
LSGG,670,649,649,658,arrivals,0.9686567164179104,0.982089552238806,trend,2025
LKPR,667,659,658,662,departures,0.9865067466266867,0.992503748125937,trend,2025
EFHK,666,577,577,579,arrivals,0.8663663663663663,0.8693693693693694,trend,2025
EFHK,659,655,655,660,departures,0.9939301972685888,1.0015174506828528,trend,2025
LKPR,657,621,619,624,arrivals,0.9421613394216134,0.9497716894977168,trend,2025
LEAL,599,598,598,598,departures,0.998330550918197,0.998330550918197,trend,2025
LEAL,599,589,589,589,arrivals,0.9833055091819699,0.9833055091819699,trend,2025
EGPH,584,553,553,557,arrivals,0.946917808219178,0.9537671232876712,trend,2025
LHBP,578,568,567,568,departures,0.9809688581314879,0.9826989619377162,trend,2025
EGPH,577,573,571,571,departures,0.9896013864818024,0.9896013864818024,trend,2025
LHBP,577,541,537,538,arrivals,0.9306759098786829,0.9324090121317158,trend,2025
EGGW,552,532,529,534,arrivals,0.9583333333333334,0.967391304347826,trend,2025
EGGW,550,550,540,543,departures,0.9818181818181818,0.9872727272727273,trend,2025
EDDH,538,532,529,537,departures,0.983271375464684,0.9981412639405205,trend,2025
EDDH,532,522,519,528,arrivals,0.9755639097744361,0.9924812030075187,trend,2025
GCLP,521,0,0,0,arrivals,0.0,0.0,trend,2025
GCLP,520,4,0,0,departures,0.0,0.0,trend,2025
LLBG,516,457,455,457,arrivals,0.8817829457364341,0.8856589147286822,trend,2025
EDDK,515,500,500,501,departures,0.970873786407767,0.9728155339805825,trend,2025
LLBG,513,500,498,499,departures,0.9707602339181286,0.9727095516569201,trend,2025
LPPR,513,509,508,508,departures,0.9902534113060428,0.9902534113060428,trend,2025
LPPR,512,482,481,481,arrivals,0.939453125,0.939453125,trend,2025
LEIB,509,499,499,500,arrivals,0.9803536345776032,0.9823182711198428,trend,2025
EDDK,509,489,489,492,arrivals,0.9607072691552063,0.9666011787819253,trend,2025
LROP,509,496,495,496,arrivals,0.9724950884086444,0.9744597249508841,trend,2025
LROP,504,495,488,489,departures,0.9682539682539683,0.9702380952380952,trend,2025
LEIB,495,487,487,487,departures,0.9838383838383838,0.9838383838383838,trend,2025
EGBB,474,468,468,468,departures,0.9873417721518988,0.9873417721518988,trend,2025
EGBB,466,434,433,433,arrivals,0.9291845493562232,0.9291845493562232,trend,2025
LIML,465,458,458,466,arrivals,0.9849462365591398,1.0021505376344086,trend,2025
LIME,460,455,450,451,arrivals,0.9782608695652174,0.9804347826086957,trend,2025
LIML,458,451,451,455,departures,0.9847161572052402,0.9934497816593887,trend,2025
LIME,453,448,447,447,departures,0.9867549668874173,0.9867549668874173,trend,2025
LIRN,449,4,0,0,departures,0.0,0.0,trend,2025
LIRN,447,2,0,0,arrivals,0.0,0.0,trend,2025
LFML,445,441,440,444,arrivals,0.9887640449438202,0.9977528089887641,trend,2025
LFML,444,442,441,442,departures,0.9932432432432432,0.9954954954954955,trend,2025
EDDS,440,422,417,420,departures,0.9477272727272728,0.9545454545454546,trend,2025
EDDS,433,413,412,417,arrivals,0.9515011547344111,0.9630484988452656,trend,2025
LGIR,430,2,0,0,arrivals,0.0,0.0,trend,2025
LGIR,424,1,0,0,departures,0.0,0.0,trend,2025
LIPZ,412,408,408,409,departures,0.9902912621359223,0.9927184466019418,trend,2025
LFLL,412,401,400,414,arrivals,0.970873786407767,1.0048543689320388,trend,2025
LFLL,411,406,406,421,departures,0.9878345498783455,1.024330900243309,trend,2025
LIPZ,409,390,390,393,arrivals,0.9535452322738386,0.960880195599022,trend,2025
LPFR,407,403,402,404,arrivals,0.9877149877149877,0.9926289926289926,trend,2025
LPFR,405,404,401,401,departures,0.9901234567901235,0.9901234567901235,trend,2025
LYBE,395,374,374,374,arrivals,0.9468354430379747,0.9468354430379747,trend,2025
LYBE,394,390,390,390,departures,0.9898477157360406,0.9898477157360406,trend,2025
LICC,391,347,345,352,arrivals,0.8823529411764706,0.9002557544757033,trend,2025
LICC,390,53,47,47,departures,0.12051282051282051,0.12051282051282051,trend,2025
LTAC,381,2,0,0,departures,0.0,0.0,trend,2025
LIPE,380,375,375,376,departures,0.9868421052631579,0.9894736842105263,trend,2025
LIPE,376,373,373,374,arrivals,0.9920212765957447,0.9946808510638298,trend,2025
LTAC,374,3,0,1,arrivals,0.0,0.00267379679144385,trend,2025
LCLK,368,342,339,340,departures,0.9211956521739131,0.9239130434782609,trend,2025
LCLK,367,359,358,362,arrivals,0.9754768392370572,0.9863760217983651,trend,2025
GMMN,360,190,189,191,departures,0.525,0.5305555555555556,trend,2025
EPKK,360,355,354,355,departures,0.9833333333333333,0.9861111111111112,trend,2025
EGGD,360,343,343,344,arrivals,0.9527777777777777,0.9555555555555556,trend,2025
EGGD,359,358,356,356,departures,0.9916434540389972,0.9916434540389972,trend,2025
LEVC,357,349,349,350,arrivals,0.9775910364145658,0.9803921568627451,trend,2025
GMMN,357,271,271,277,arrivals,0.7591036414565826,0.7759103641456583,trend,2025
ENBR,357,339,338,359,arrivals,0.9467787114845938,1.0056022408963585,trend,2025
EPKK,356,338,335,335,arrivals,0.9410112359550562,0.9410112359550562,trend,2025
LEVC,355,321,321,321,departures,0.9042253521126761,0.9042253521126761,trend,2025
LFSB,354,350,349,352,departures,0.9858757062146892,0.9943502824858758,trend,2025
LFSB,352,344,344,345,arrivals,0.9772727272727273,0.9801136363636364,trend,2025
ENBR,349,343,338,353,departures,0.9684813753581661,1.011461318051576,trend,2025
LTBJ,346,40,34,34,departures,0.09826589595375723,0.09826589595375723,trend,2025
LGRP,346,316,315,316,arrivals,0.9104046242774566,0.9132947976878613,trend,2025
EGPF,346,308,307,310,arrivals,0.8872832369942196,0.8959537572254336,trend,2025
EGPF,344,325,323,324,departures,0.938953488372093,0.9418604651162791,trend,2025
LTBJ,341,8,7,7,arrivals,0.020527859237536656,0.020527859237536656,trend,2025
LGRP,340,319,319,320,departures,0.9382352941176471,0.9411764705882353,trend,2025
LMML,326,322,322,325,departures,0.9877300613496932,0.9969325153374233,trend,2025
LMML,326,320,319,322,arrivals,0.9785276073619632,0.9877300613496932,trend,2025
LATI,323,0,0,0,arrivals,0.0,0.0,trend,2025
GCTS,323,0,0,0,arrivals,0.0,0.0,trend,2025
GCTS,321,2,0,0,departures,0.0,0.0,trend,2025
GCXO,320,1,1,1,arrivals,0.003125,0.003125,trend,2025
GCXO,319,273,273,275,departures,0.8557993730407524,0.8620689655172413,trend,2025
LATI,316,4,0,0,departures,0.0,0.0,trend,2025
LICJ,314,136,133,133,arrivals,0.42356687898089174,0.42356687898089174,trend,2025
LICJ,310,198,198,201,departures,0.6387096774193548,0.6483870967741936,trend,2025
EBCI,304,304,304,304,departures,1.0,1.0,trend,2025
EBCI,303,300,300,300,arrivals,0.9900990099009901,0.9900990099009901,trend,2025
BIKF,297,292,292,293,departures,0.9831649831649831,0.9865319865319865,trend,2025
BIKF,296,99,98,99,arrivals,0.3310810810810811,0.3344594594594595,trend,2025
ELLX,294,292,292,293,departures,0.9931972789115646,0.9965986394557823,trend,2025
ELLX,294,284,284,287,arrivals,0.9659863945578231,0.9761904761904762,trend,2025
LFBO,293,291,291,292,departures,0.9931740614334471,0.9965870307167235,trend,2025
LFBO,290,289,289,291,arrivals,0.996551724137931,1.0034482758620689,trend,2025
LGTS,281,261,260,262,arrivals,0.9252669039145908,0.9323843416370107,trend,2025
LTBS,280,3,1,1,arrivals,0.0035714285714285713,0.0035714285714285713,trend,2025
LGTS,279,179,179,179,departures,0.6415770609318996,0.6415770609318996,trend,2025
GMMX,279,11,8,8,arrivals,0.02867383512544803,0.02867383512544803,trend,2025
GMMX,278,2,2,2,departures,0.007194244604316547,0.007194244604316547,trend,2025
EVRA,278,230,229,229,arrivals,0.8237410071942446,0.8237410071942446,trend,2025
LEZL,276,267,267,268,arrivals,0.967391304347826,0.9710144927536232,trend,2025
LEZL,275,273,273,273,departures,0.9927272727272727,0.9927272727272727,trend,2025
LTBS,273,1,0,0,departures,0.0,0.0,trend,2025
EVRA,273,270,269,270,departures,0.9853479853479854,0.989010989010989,trend,2025
LBSF,272,3,2,2,departures,0.007352941176470588,0.007352941176470588,trend,2025
GCRR,269,0,0,0,departures,0.0,0.0,trend,2025
GCRR,269,0,0,0,arrivals,0.0,0.0,trend,2025
EGNX,267,264,264,264,departures,0.9887640449438202,0.9887640449438202,trend,2025
LBSF,267,3,1,1,arrivals,0.003745318352059925,0.003745318352059925,trend,2025
EDDP,261,244,243,244,arrivals,0.9310344827586207,0.9348659003831418,trend,2025
EPKT,259,250,249,249,departures,0.9613899613899614,0.9613899613899614,trend,2025
HEGN,258,0,0,0,arrivals,0.0,0.0,trend,2025
HEGN,257,0,0,0,departures,0.0,0.0,trend,2025
UGTB,257,24,22,22,departures,0.08560311284046693,0.08560311284046693,trend,2025
LFRS,257,252,247,247,arrivals,0.9610894941634242,0.9610894941634242,trend,2025
UGTB,257,50,48,51,arrivals,0.1867704280155642,0.19844357976653695,trend,2025
EPKT,257,241,240,240,arrivals,0.933852140077821,0.933852140077821,trend,2025
LFRS,256,243,243,243,departures,0.94921875,0.94921875,trend,2025
EDDP,256,254,254,256,departures,0.9921875,1.0,trend,2025
EGNX,255,239,239,239,arrivals,0.9372549019607843,0.9372549019607843,trend,2025
LIEO,252,77,75,75,arrivals,0.2976190476190476,0.2976190476190476,trend,2025
EPGD,248,10,9,9,departures,0.036290322580645164,0.036290322580645164,trend,2025
LGKR,247,15,11,11,arrivals,0.044534412955465584,0.044534412955465584,trend,2025
EGAA,246,240,192,193,arrivals,0.7804878048780488,0.7845528455284553,trend,2025
LGKR,244,6,6,6,departures,0.02459016393442623,0.02459016393442623,trend,2025
HECA,244,7,6,6,departures,0.02459016393442623,0.02459016393442623,trend,2025
EPGD,244,6,1,1,arrivals,0.004098360655737705,0.004098360655737705,trend,2025
EGAA,239,215,215,216,departures,0.899581589958159,0.9037656903765691,trend,2025
ENZV,236,78,76,85,departures,0.3220338983050847,0.3601694915254237,trend,2025
ENZV,236,68,65,67,arrivals,0.2754237288135593,0.2838983050847458,trend,2025
LEBB,235,0,0,0,arrivals,0.0,0.0,trend,2025
LEBB,234,1,0,0,departures,0.0,0.0,trend,2025
LTFE,232,205,204,210,arrivals,0.8793103448275862,0.9051724137931034,trend,2025
HECA,231,62,52,52,arrivals,0.22510822510822512,0.22510822510822512,trend,2025
LFPB,230,226,226,248,departures,0.9826086956521739,1.0782608695652174,trend,2025
LIBD,229,2,0,0,arrivals,0.0,0.0,trend,2025
LIBD,228,2,0,0,departures,0.0,0.0,trend,2025
LIEO,228,27,22,22,departures,0.09649122807017543,0.09649122807017543,trend,2025
LIRP,228,223,223,229,arrivals,0.9780701754385965,1.0043859649122806,trend,2025
UUWW,227,8,4,4,arrivals,0.01762114537444934,0.01762114537444934,trend,2025
LEMH,226,219,219,220,arrivals,0.9690265486725663,0.9734513274336283,trend,2025
LFBD,225,222,222,224,departures,0.9866666666666667,0.9955555555555555,trend,2025
LFPB,225,218,218,223,arrivals,0.9688888888888889,0.9911111111111112,trend,2025
LEMH,222,196,196,196,departures,0.8828828828828829,0.8828828828828829,trend,2025
LTFE,220,42,38,38,departures,0.17272727272727273,0.17272727272727273,trend,2025
LIRP,220,206,206,206,departures,0.9363636363636364,0.9363636363636364,trend,2025
ENVA,219,208,199,205,arrivals,0.908675799086758,0.9360730593607306,trend,2025
LFBD,219,215,215,220,arrivals,0.9817351598173516,1.004566210045662,trend,2025
LUKK,217,3,0,0,departures,0.0,0.0,trend,2025
ENVA,217,211,199,201,departures,0.9170506912442397,0.9262672811059908,trend,2025
LUKK,217,2,0,0,arrivals,0.0,0.0,trend,2025
LDSP,216,4,0,0,departures,0.0,0.0,trend,2025
ESGG,216,214,214,214,departures,0.9907407407407407,0.9907407407407407,trend,2025
UUWW,216,4,4,4,departures,0.018518518518518517,0.018518518518518517,trend,2025
LDZA,215,82,79,79,departures,0.3674418604651163,0.3674418604651163,trend,2025
LDSP,215,5,0,0,arrivals,0.0,0.0,trend,2025
LDZA,215,210,209,212,arrivals,0.9720930232558139,0.986046511627907,trend,2025
ESGG,214,208,208,210,arrivals,0.9719626168224299,0.9813084112149533,trend,2025
UUEE,214,1,1,5,arrivals,0.004672897196261682,0.02336448598130841,trend,2025
EDDV,213,211,211,212,departures,0.9906103286384976,0.9953051643192489,trend,2025
GCFV,212,0,0,0,departures,0.0,0.0,trend,2025
UUEE,212,30,30,31,departures,0.14150943396226415,0.14622641509433962,trend,2025
EGNT,211,199,199,199,departures,0.943127962085308,0.943127962085308,trend,2025
GCFV,211,2,0,0,arrivals,0.0,0.0,trend,2025
EGNT,211,184,184,184,arrivals,0.8720379146919431,0.8720379146919431,trend,2025
EDDV,209,202,202,203,arrivals,0.9665071770334929,0.9712918660287081,trend,2025
EGGP,208,204,203,208,departures,0.9759615384615384,1.0,trend,2025
EGGP,206,194,194,202,arrivals,0.941747572815534,0.9805825242718447,trend,2025
LIRQ,202,6,5,5,departures,0.024752475247524754,0.024752475247524754,trend,2025
EDDN,201,195,194,196,departures,0.9651741293532339,0.9751243781094527,trend,2025
EDDN,199,193,193,201,arrivals,0.9698492462311558,1.0100502512562815,trend,2025
LGSA,199,42,40,40,arrivals,0.20100502512562815,0.20100502512562815,trend,2025
EGLC,198,198,197,206,departures,0.9949494949494949,1.0404040404040404,trend,2025
LIRQ,198,105,98,98,arrivals,0.494949494949495,0.494949494949495,trend,2025
LGSA,196,69,69,69,departures,0.3520408163265306,0.3520408163265306,trend,2025
LIEE,195,3,2,2,arrivals,0.010256410256410256,0.010256410256410256,trend,2025
EPWR,194,189,189,190,arrivals,0.9742268041237113,0.979381443298969,trend,2025
EPWR,193,192,192,192,departures,0.9948186528497409,0.9948186528497409,trend,2025
EGNM,193,173,173,175,arrivals,0.8963730569948186,0.9067357512953368,trend,2025
UDYZ,192,1,0,0,departures,0.0,0.0,trend,2025
UDYZ,192,1,0,0,arrivals,0.0,0.0,trend,2025
LIEE,191,1,0,0,departures,0.0,0.0,trend,2025
EHEH,191,191,189,189,departures,0.9895287958115183,0.9895287958115183,trend,2025
EGNM,190,186,184,184,departures,0.968421052631579,0.968421052631579,trend,2025
EHEH,190,187,187,189,arrivals,0.9842105263157894,0.9947368421052631,trend,2025
EYVI,189,130,122,125,arrivals,0.6455026455026455,0.6613756613756614,trend,2025
EGLC,189,189,167,238,arrivals,0.8835978835978836,1.2592592592592593,trend,2025
EYVI,186,176,176,178,departures,0.946236559139785,0.956989247311828,trend,2025
DAAG,186,29,28,28,departures,0.15053763440860216,0.15053763440860216,trend,2025
DTTA,186,0,0,0,arrivals,0.0,0.0,trend,2025
DTTA,185,0,0,0,departures,0.0,0.0,trend,2025
DAAG,184,112,112,113,arrivals,0.6086956521739131,0.6141304347826086,trend,2025
LFOB,181,180,180,180,departures,0.994475138121547,0.994475138121547,trend,2025
LFOB,181,177,177,177,arrivals,0.9779005524861878,0.9779005524861878,trend,2025
LDDU,180,5,0,0,arrivals,0.0,0.0,trend,2025
LGKO,178,168,168,171,departures,0.9438202247191011,0.9606741573033708,trend,2025
LDDU,177,2,0,0,departures,0.0,0.0,trend,2025
LGKO,177,168,168,173,arrivals,0.9491525423728814,0.9774011299435028,trend,2025
EETN,162,142,142,142,arrivals,0.8765432098765432,0.8765432098765432,trend,2025
EPPO,161,156,156,156,departures,0.968944099378882,0.968944099378882,trend,2025
HESH,161,2,0,0,arrivals,0.0,0.0,trend,2025
UMKK,160,1,0,1,departures,0.0,0.00625,trend,2025
EETN,159,149,149,150,departures,0.9371069182389937,0.9433962264150944,trend,2025
LPMA,159,153,153,153,departures,0.9622641509433962,0.9622641509433962,trend,2025
HESH,159,0,0,0,departures,0.0,0.0,trend,2025
UMKK,159,2,2,16,arrivals,0.012578616352201259,0.10062893081761007,trend,2025
LPMA,158,10,10,12,arrivals,0.06329113924050633,0.0759493670886076,trend,2025
LIMF,157,156,154,155,departures,0.9808917197452229,0.9872611464968153,trend,2025
LIMF,157,155,154,156,arrivals,0.9808917197452229,0.9936305732484076,trend,2025
LIRA,156,153,153,154,arrivals,0.9807692307692307,0.9871794871794872,trend,2025
LIRA,154,152,152,156,departures,0.987012987012987,1.0129870129870129,trend,2025
EPPO,154,148,148,148,arrivals,0.961038961038961,0.961038961038961,trend,2025
EKBI,154,150,149,149,arrivals,0.9675324675324676,0.9675324675324676,trend,2025
LPPD,153,47,47,47,departures,0.30718954248366015,0.30718954248366015,trend,2025
EKBI,152,148,147,148,departures,0.9671052631578947,0.9736842105263158,trend,2025
LPPD,151,91,90,92,arrivals,0.5960264900662252,0.609271523178808,trend,2025
ULLI,148,1,1,1,arrivals,0.006756756756756757,0.006756756756756757,trend,2025
OLBA,144,35,31,31,departures,0.2152777777777778,0.2152777777777778,trend,2025
LIPX,144,143,143,143,departures,0.9930555555555556,0.9930555555555556,trend,2025
OLBA,144,36,35,36,arrivals,0.24305555555555555,0.25,trend,2025
ENTC,143,6,0,0,arrivals,0.0,0.0,trend,2025
ULLI,142,0,0,0,departures,0.0,0.0,trend,2025
LIPX,142,138,138,143,arrivals,0.971830985915493,1.0070422535211268,trend,2025
LGSR,139,3,0,0,departures,0.0,0.0,trend,2025
LGSR,139,2,0,0,arrivals,0.0,0.0,trend,2025
ENTC,138,4,0,0,departures,0.0,0.0,trend,2025
LTCG,138,103,103,103,arrivals,0.7463768115942029,0.7463768115942029,trend,2025
EGPD,137,125,125,125,departures,0.9124087591240876,0.9124087591240876,trend,2025
EGPD,136,123,123,123,arrivals,0.9044117647058824,0.9044117647058824,trend,2025
ENBO,134,127,127,158,departures,0.9477611940298507,1.1791044776119404,trend,2025
EBLG,134,134,133,137,departures,0.9925373134328358,1.0223880597014925,trend,2025
LTDB,133,4,0,0,departures,0.0,0.0,trend,2025
LTCG,133,123,123,123,departures,0.924812030075188,0.924812030075188,trend,2025
ENBO,133,120,117,137,arrivals,0.8796992481203008,1.0300751879699248,trend,2025
LRCL,130,0,0,0,departures,0.0,0.0,trend,2025
LIBR,130,2,0,0,departures,0.0,0.0,trend,2025
LRCL,129,0,0,0,arrivals,0.0,0.0,trend,2025
LTDB,129,3,0,0,arrivals,0.0,0.0,trend,2025
LGZA,126,125,123,125,departures,0.9761904761904762,0.9920634920634921,trend,2025
EBLG,126,97,96,99,arrivals,0.7619047619047619,0.7857142857142857,trend,2025
LGZA,126,119,118,122,arrivals,0.9365079365079365,0.9682539682539683,trend,2025
LIBR,125,0,0,0,arrivals,0.0,0.0,trend,2025
EGAC,123,121,121,122,departures,0.983739837398374,0.991869918699187,trend,2025
EGAC,123,120,120,167,arrivals,0.975609756097561,1.3577235772357723,trend,2025
BKPR,120,1,0,0,departures,0.0,0.0,trend,2025
BKPR,120,2,0,0,arrivals,0.0,0.0,trend,2025
EICK,120,119,119,119,arrivals,0.9916666666666667,0.9916666666666667,trend,2025
EICK,119,118,118,118,departures,0.9915966386554622,0.9915966386554622,trend,2025
LDZD,118,8,6,6,arrivals,0.05084745762711865,0.05084745762711865,trend,2025
OJAI,116,0,0,2,departures,0.0,0.017241379310344827,trend,2025
OJAI,116,0,0,2,arrivals,0.0,0.017241379310344827,trend,2025
LDZD,114,1,0,0,departures,0.0,0.0,trend,2025
LICA,112,1,0,0,arrivals,0.0,0.0,trend,2025
EGLF,110,110,109,114,departures,0.990909090909091,1.0363636363636364,trend,2025
LICA,108,0,0,0,departures,0.0,0.0,trend,2025
EGJJ,108,106,106,106,arrivals,0.9814814814814815,0.9814814814814815,trend,2025
EGLF,108,107,17,17,arrivals,0.1574074074074074,0.1574074074074074,trend,2025
LCPH,107,99,99,99,arrivals,0.9252336448598131,0.9252336448598131,trend,2025
LWSK,106,0,0,0,departures,0.0,0.0,trend,2025
OKKK,106,105,105,105,departures,0.9905660377358491,0.9905660377358491,trend,2025
LEST,106,96,90,90,arrivals,0.8490566037735849,0.8490566037735849,trend,2025
LCPH,105,46,46,46,departures,0.4380952380952381,0.4380952380952381,trend,2025
LGMK,105,50,49,49,departures,0.4666666666666667,0.4666666666666667,trend,2025
LEST,105,89,89,89,departures,0.8476190476190476,0.8476190476190476,trend,2025
LZIB,105,101,101,102,departures,0.9619047619047619,0.9714285714285714,trend,2025
LEGE,105,43,40,40,arrivals,0.38095238095238093,0.38095238095238093,trend,2025
LWSK,105,0,0,0,arrivals,0.0,0.0,trend,2025
LZIB,105,103,103,104,arrivals,0.9809523809523809,0.9904761904761905,trend,2025
LEGE,104,93,93,98,departures,0.8942307692307693,0.9423076923076923,trend,2025
LGMK,104,75,74,79,arrivals,0.7115384615384616,0.7596153846153846,trend,2025
EDJA,104,102,102,102,arrivals,0.9807692307692307,0.9807692307692307,trend,2025
EDJA,102,101,101,101,departures,0.9901960784313726,0.9901960784313726,trend,2025
OKKK,102,27,27,28,arrivals,0.2647058823529412,0.27450980392156865,trend,2025
EGJJ,101,97,95,102,departures,0.9405940594059405,1.00990099009901,trend,2025
EHRD,100,100,99,100,arrivals,0.99,1.0,trend,2025
EHRD,99,98,96,99,departures,0.9696969696969697,1.0,trend,2025
LBBG,97,90,90,90,arrivals,0.9278350515463918,0.9278350515463918,trend,2025
LOWS,96,95,95,98,departures,0.9895833333333334,1.0208333333333333,trend,2025
LOWS,95,92,91,93,arrivals,0.9578947368421052,0.9789473684210527,trend,2025
DTTJ,94,0,0,0,arrivals,0.0,0.0,trend,2025
LJLJ,94,90,90,92,arrivals,0.9574468085106383,0.9787234042553191,trend,2025
LBBG,93,87,87,87,departures,0.9354838709677419,0.9354838709677419,trend,2025
LQSA,93,0,0,0,departures,0.0,0.0,trend,2025
LQSA,93,0,0,0,arrivals,0.0,0.0,trend,2025
GMAD,92,0,0,0,departures,0.0,0.0,trend,2025
EGKB,92,91,24,25,departures,0.2608695652173913,0.2717391304347826,trend,2025
EINN,91,89,89,89,departures,0.978021978021978,0.978021978021978,trend,2025
GMAD,91,0,0,0,arrivals,0.0,0.0,trend,2025
EGKB,91,90,0,0,arrivals,0.0,0.0,trend,2025
LJLJ,90,87,87,88,departures,0.9666666666666667,0.9777777777777777,trend,2025
DTTJ,89,0,0,0,departures,0.0,0.0,trend,2025
UUDD,89,7,7,7,departures,0.07865168539325842,0.07865168539325842,trend,2025
EDDW,88,87,86,88,departures,0.9772727272727273,1.0,trend,2025
GMTT,88,88,88,88,departures,1.0,1.0,trend,2025
EDLW,87,85,85,86,departures,0.9770114942528736,0.9885057471264368,trend,2025
EDDW,87,87,87,90,arrivals,1.0,1.0344827586206897,trend,2025
GMTT,87,86,86,87,arrivals,0.9885057471264368,1.0,trend,2025
EDLW,87,84,84,84,arrivals,0.9655172413793104,0.9655172413793104,trend,2025
EINN,86,80,80,81,arrivals,0.9302325581395349,0.9418604651162791,trend,2025
LIMJ,86,86,84,84,arrivals,0.9767441860465116,0.9767441860465116,trend,2025
EGHI,86,78,78,80,arrivals,0.9069767441860465,0.9302325581395349,trend,2025
LIPH,85,85,85,85,departures,1.0,1.0,trend,2025
GCLA,85,0,0,0,departures,0.0,0.0,trend,2025
LIPH,85,85,85,85,arrivals,1.0,1.0,trend,2025
EDSB,85,78,78,80,arrivals,0.9176470588235294,0.9411764705882353,trend,2025
LFKB,84,33,32,32,departures,0.38095238095238093,0.38095238095238093,trend,2025
LFKB,84,71,71,71,arrivals,0.8452380952380952,0.8452380952380952,trend,2025
GCLA,84,7,7,7,arrivals,0.08333333333333333,0.08333333333333333,trend,2025
EGHI,83,75,74,75,departures,0.891566265060241,0.9036144578313253,trend,2025
EGJB,83,66,60,62,departures,0.7228915662650602,0.7469879518072289,trend,2025
LYTV,83,1,0,0,arrivals,0.0,0.0,trend,2025
LYTV,82,1,0,0,departures,0.0,0.0,trend,2025
EDSB,81,76,76,77,departures,0.9382716049382716,0.9506172839506173,trend,2025
EGNS,81,75,74,74,arrivals,0.9135802469135802,0.9135802469135802,trend,2025
DTMB,81,0,0,0,arrivals,0.0,0.0,trend,2025
EGNS,80,71,71,71,departures,0.8875,0.8875,trend,2025
LFKJ,80,79,79,79,arrivals,0.9875,0.9875,trend,2025
LIMJ,79,79,77,77,departures,0.9746835443037974,0.9746835443037974,trend,2025
DTMB,79,1,0,0,departures,0.0,0.0,trend,2025
LFKJ,78,78,78,78,departures,1.0,1.0,trend,2025
EDFH,77,75,75,75,departures,0.974025974025974,0.974025974025974,trend,2025
LYPG,77,0,0,0,departures,0.0,0.0,trend,2025
LYPG,77,0,0,0,arrivals,0.0,0.0,trend,2025
EKYT,75,73,73,73,departures,0.9733333333333334,0.9733333333333334,trend,2025
LBWN,75,64,64,65,arrivals,0.8533333333333334,0.8666666666666667,trend,2025
LFMT,75,74,74,74,arrivals,0.9866666666666667,0.9866666666666667,trend,2025
UUDD,75,2,1,1,arrivals,0.013333333333333334,0.013333333333333334,trend,2025
LFMT,74,74,74,74,departures,1.0,1.0,trend,2025
EDFH,74,71,71,71,arrivals,0.9594594594594594,0.9594594594594594,trend,2025
LTAJ,74,0,0,0,arrivals,0.0,0.0,trend,2025
EGJB,74,70,65,65,arrivals,0.8783783783783784,0.8783783783783784,trend,2025
LTAU,73,0,0,0,arrivals,0.0,0.0,trend,2025
LTAJ,72,0,0,0,departures,0.0,0.0,trend,2025
LFMD,72,69,13,13,arrivals,0.18055555555555555,0.18055555555555555,trend,2025
EGHH,72,67,66,68,arrivals,0.9166666666666666,0.9444444444444444,trend,2025
ENTO,72,68,66,67,arrivals,0.9166666666666666,0.9305555555555556,trend,2025
LBWN,71,15,14,14,departures,0.19718309859154928,0.19718309859154928,trend,2025
LRIA,71,1,0,0,departures,0.0,0.0,trend,2025
EGHH,71,70,69,70,departures,0.971830985915493,0.9859154929577465,trend,2025
ENTO,71,47,47,48,departures,0.6619718309859155,0.676056338028169,trend,2025
EKYT,71,69,69,69,arrivals,0.971830985915493,0.971830985915493,trend,2025
LTAU,70,0,0,0,departures,0.0,0.0,trend,2025
LEAS,69,29,29,29,departures,0.42028985507246375,0.42028985507246375,trend,2025
UGSB,69,45,45,45,arrivals,0.6521739130434783,0.6521739130434783,trend,2025
EDLV,69,69,69,69,arrivals,1.0,1.0,trend,2025
EDLV,68,68,68,71,departures,1.0,1.0441176470588236,trend,2025
LERS,68,61,61,62,arrivals,0.8970588235294118,0.9117647058823529,trend,2025
LEAS,68,2,2,2,arrivals,0.029411764705882353,0.029411764705882353,trend,2025
LRIA,68,0,0,0,arrivals,0.0,0.0,trend,2025
UGSB,67,55,55,55,departures,0.8208955223880597,0.8208955223880597,trend,2025
LERS,67,18,18,18,departures,0.26865671641791045,0.26865671641791045,trend,2025
URSS,67,0,0,0,arrivals,0.0,0.0,trend,2025
LFMD,65,60,56,58,departures,0.8615384615384616,0.8923076923076924,trend,2025
LFKF,65,58,57,57,arrivals,0.8769230769230769,0.8769230769230769,trend,2025
GMME,64,7,7,7,departures,0.109375,0.109375,trend,2025
GMME,63,24,23,23,arrivals,0.36507936507936506,0.36507936507936506,trend,2025
LIEA,62,62,62,62,departures,1.0,1.0,trend,2025
LGKF,62,61,60,60,departures,0.967741935483871,0.967741935483871,trend,2025
LIEA,62,62,62,62,arrivals,1.0,1.0,trend,2025
LIPQ,61,58,58,58,departures,0.9508196721311475,0.9508196721311475,trend,2025
LFKF,61,29,29,29,departures,0.47540983606557374,0.47540983606557374,trend,2025
EDDG,60,60,60,61,departures,1.0,1.0166666666666666,trend,2025
EPRZ,60,57,56,56,departures,0.9333333333333333,0.9333333333333333,trend,2025
LGKF,60,57,56,56,arrivals,0.9333333333333333,0.9333333333333333,trend,2025
DTNH,59,0,0,0,departures,0.0,0.0,trend,2025
LRTR,59,0,0,0,departures,0.0,0.0,trend,2025
LIPQ,59,59,58,58,arrivals,0.9830508474576272,0.9830508474576272,trend,2025
LTBA,58,56,53,56,departures,0.9137931034482759,0.9655172413793104,trend,2025
DTNH,58,0,0,0,arrivals,0.0,0.0,trend,2025
EPRZ,58,55,54,54,arrivals,0.9310344827586207,0.9310344827586207,trend,2025
LFBZ,57,57,57,60,arrivals,1.0,1.0526315789473684,trend,2025
LRTR,57,1,1,2,arrivals,0.017543859649122806,0.03508771929824561,trend,2025
LFQQ,57,56,56,56,arrivals,0.9824561403508771,0.9824561403508771,trend,2025
LOWG,56,56,53,54,departures,0.9464285714285714,0.9642857142857143,trend,2025
LFQQ,56,56,56,57,departures,1.0,1.0178571428571428,trend,2025
LTCC,56,0,0,0,arrivals,0.0,0.0,trend,2025
EDDG,56,54,54,54,arrivals,0.9642857142857143,0.9642857142857143,trend,2025
LFBZ,55,11,11,11,departures,0.2,0.2,trend,2025
LTCC,55,1,0,0,departures,0.0,0.0,trend,2025
LDPL,55,49,49,51,arrivals,0.8909090909090909,0.9272727272727272,trend,2025
LFTH,55,51,50,64,arrivals,0.9090909090909091,1.1636363636363636,trend,2025
EYKA,54,52,51,51,departures,0.9444444444444444,0.9444444444444444,trend,2025
LOWG,53,53,52,55,arrivals,0.9811320754716981,1.0377358490566038,trend,2025
LKTB,52,51,48,49,departures,0.9230769230769231,0.9423076923076923,trend,2025
URSS,52,0,0,0,departures,0.0,0.0,trend,2025
GMFF,52,0,0,0,departures,0.0,0.0,trend,2025
LTBA,52,47,42,76,arrivals,0.8076923076923077,1.4615384615384615,trend,2025
LKTB,52,51,48,48,arrivals,0.9230769230769231,0.9230769230769231,trend,2025
GMFF,52,0,0,0,arrivals,0.0,0.0,trend,2025
LFTH,51,19,16,27,departures,0.3137254901960784,0.5294117647058824,trend,2025
EGPE,51,48,48,48,departures,0.9411764705882353,0.9411764705882353,trend,2025
EHKD,50,44,41,51,departures,0.82,1.02,trend,2025
LFST,50,48,48,49,arrivals,0.96,0.98,trend,2025
EYKA,50,16,9,9,arrivals,0.18,0.18,trend,2025
LDPL,49,45,45,47,departures,0.9183673469387755,0.9591836734693877,trend,2025
UGKO,49,0,0,0,departures,0.0,0.0,trend,2025
LFST,49,47,47,47,departures,0.9591836734693877,0.9591836734693877,trend,2025
DAOO,49,27,27,27,arrivals,0.5510204081632653,0.5510204081632653,trend,2025
UGKO,49,1,0,0,arrivals,0.0,0.0,trend,2025
EGFF,49,46,45,45,arrivals,0.9183673469387755,0.9183673469387755,trend,2025
EGPE,49,45,45,45,arrivals,0.9183673469387755,0.9183673469387755,trend,2025
DAOO,48,10,10,10,departures,0.20833333333333334,0.20833333333333334,trend,2025
EGFF,48,47,46,47,departures,0.9583333333333334,0.9791666666666666,trend,2025
UBBN,48,0,0,0,departures,0.0,0.0,trend,2025
ENCN,48,35,35,35,departures,0.7291666666666666,0.7291666666666666,trend,2025
EHKD,48,36,36,43,arrivals,0.75,0.8958333333333334,trend,2025
ENAL,48,1,1,1,arrivals,0.020833333333333332,0.020833333333333332,trend,2025
UBBN,48,1,0,0,arrivals,0.0,0.0,trend,2025
ORBI,48,1,0,0,arrivals,0.0,0.0,trend,2025
LFRB,47,41,41,41,departures,0.8723404255319149,0.8723404255319149,trend,2025
ENAL,46,0,0,0,departures,0.0,0.0,trend,2025
ENKB,46,0,0,0,departures,0.0,0.0,trend,2025
LGPZ,46,1,0,0,arrivals,0.0,0.0,trend,2025
LTFH,45,3,3,3,departures,0.06666666666666667,0.06666666666666667,trend,2025
LGPZ,45,1,0,0,departures,0.0,0.0,trend,2025
EDDC,45,44,44,44,departures,0.9777777777777777,0.9777777777777777,trend,2025
LGPA,45,0,0,0,departures,0.0,0.0,trend,2025
LTFH,45,4,3,3,arrivals,0.06666666666666667,0.06666666666666667,trend,2025
EDDC,45,45,45,45,arrivals,1.0,1.0,trend,2025
LIRI,44,7,0,0,departures,0.0,0.0,trend,2025
GEML,44,43,43,43,departures,0.9772727272727273,0.9772727272727273,trend,2025
ORER,44,0,0,0,departures,0.0,0.0,trend,2025
ESSB,44,38,37,38,departures,0.8409090909090909,0.8636363636363636,trend,2025
BIRK,44,41,41,41,departures,0.9318181818181818,0.9318181818181818,trend,2025
GEML,44,43,43,44,arrivals,0.9772727272727273,1.0,trend,2025
ORER,44,0,0,0,arrivals,0.0,0.0,trend,2025
LEJR,44,43,43,43,arrivals,0.9772727272727273,0.9772727272727273,trend,2025
BIRK,44,36,36,37,arrivals,0.8181818181818182,0.8409090909090909,trend,2025
ENKB,44,0,0,0,arrivals,0.0,0.0,trend,2025
LFRB,44,39,39,39,arrivals,0.8863636363636364,0.8863636363636364,trend,2025
LKMT,44,39,39,41,arrivals,0.8863636363636364,0.9318181818181818,trend,2025
LKMT,43,40,39,39,departures,0.9069767441860465,0.9069767441860465,trend,2025
LIBP,43,43,43,43,arrivals,1.0,1.0,trend,2025
LOWI,43,28,27,27,arrivals,0.627906976744186,0.627906976744186,trend,2025
ENCN,43,10,10,10,arrivals,0.23255813953488372,0.23255813953488372,trend,2025
EPMO,42,42,42,42,departures,1.0,1.0,trend,2025
ENEV,42,6,0,0,departures,0.0,0.0,trend,2025
ORBI,42,0,0,0,departures,0.0,0.0,trend,2025
LIRI,42,11,8,8,arrivals,0.19047619047619047,0.19047619047619047,trend,2025
UMMS,42,2,2,3,arrivals,0.047619047619047616,0.07142857142857142,trend,2025
ESMS,42,36,36,36,arrivals,0.8571428571428571,0.8571428571428571,trend,2025
ENEV,42,9,0,0,arrivals,0.0,0.0,trend,2025
LGSM,42,18,18,24,arrivals,0.42857142857142855,0.5714285714285714,trend,2025
ESMS,41,38,38,38,departures,0.926829268292683,0.926829268292683,trend,2025
LIBP,41,41,41,42,departures,1.0,1.024390243902439,trend,2025
LGSM,41,9,8,12,departures,0.1951219512195122,0.2926829268292683,trend,2025
LIRZ,41,41,38,40,arrivals,0.926829268292683,0.975609756097561,trend,2025
UMMS,40,15,15,15,departures,0.375,0.375,trend,2025
LEJR,40,40,40,40,departures,1.0,1.0,trend,2025
LEVX,40,21,21,22,arrivals,0.525,0.55,trend,2025
UWKD,40,0,0,0,arrivals,0.0,0.0,trend,2025
LICT,40,5,5,5,arrivals,0.125,0.125,trend,2025
EPMO,40,30,30,30,arrivals,0.75,0.75,trend,2025
LEAM,40,38,37,37,arrivals,0.925,0.925,trend,2025
GMMW,40,34,33,33,arrivals,0.825,0.825,trend,2025
LGPA,40,0,0,0,arrivals,0.0,0.0,trend,2025
LEVT,39,0,0,0,departures,0.0,0.0,trend,2025
LICT,39,4,4,4,departures,0.10256410256410256,0.10256410256410256,trend,2025
LIRZ,39,39,35,35,departures,0.8974358974358975,0.8974358974358975,trend,2025
LEXJ,39,0,0,0,departures,0.0,0.0,trend,2025
GMMW,39,32,32,32,departures,0.8205128205128205,0.8205128205128205,trend,2025
EGPB,39,0,0,0,arrivals,0.0,0.0,trend,2025
LEVT,39,0,0,0,arrivals,0.0,0.0,trend,2025
LEZG,39,16,15,15,arrivals,0.38461538461538464,0.38461538461538464,trend,2025
EDLP,39,35,35,36,arrivals,0.8974358974358975,0.9230769230769231,trend,2025
EGPB,38,0,0,0,departures,0.0,0.0,trend,2025
UWKD,38,0,0,0,departures,0.0,0.0,trend,2025
LEZG,38,14,14,15,departures,0.3684210526315789,0.39473684210526316,trend,2025
ESPA,38,0,0,0,departures,0.0,0.0,trend,2025
LEVX,37,3,2,2,departures,0.05405405405405406,0.05405405405405406,trend,2025
LGSK,37,5,5,5,departures,0.13513513513513514,0.13513513513513514,trend,2025
LOWL,37,36,36,37,departures,0.972972972972973,1.0,trend,2025
LEAM,37,35,35,35,departures,0.9459459459459459,0.9459459459459459,trend,2025
LIPY,37,3,2,2,departures,0.05405405405405406,0.05405405405405406,trend,2025
LGSK,37,30,30,30,arrivals,0.8108108108108109,0.8108108108108109,trend,2025
ESSB,37,32,32,34,arrivals,0.8648648648648649,0.918918918918919,trend,2025
LEXJ,37,0,0,0,arrivals,0.0,0.0,trend,2025
EGTE,36,34,34,34,departures,0.9444444444444444,0.9444444444444444,trend,2025
LECO,36,35,35,35,departures,0.9722222222222222,0.9722222222222222,trend,2025
EGTE,36,33,33,33,arrivals,0.9166666666666666,0.9166666666666666,trend,2025
LIPY,36,9,9,10,arrivals,0.25,0.2777777777777778,trend,2025
LTFO,36,21,21,21,arrivals,0.5833333333333334,0.5833333333333334,trend,2025
EGMC,35,35,35,37,departures,1.0,1.0571428571428572,trend,2025
EDLP,35,32,32,33,departures,0.9142857142857143,0.9428571428571428,trend,2025
LZKZ,35,25,25,25,departures,0.7142857142857143,0.7142857142857143,trend,2025
LTFO,35,0,0,0,departures,0.0,0.0,trend,2025
LTFG,35,35,34,35,arrivals,0.9714285714285714,1.0,trend,2025
ESPA,35,0,0,0,arrivals,0.0,0.0,trend,2025
LECO,35,35,35,41,arrivals,1.0,1.1714285714285715,trend,2025
GMFO,34,4,4,4,departures,0.11764705882352941,0.11764705882352941,trend,2025
LTFG,34,34,34,34,departures,1.0,1.0,trend,2025
LEGR,34,0,0,0,departures,0.0,0.0,trend,2025
LOWL,34,32,32,34,arrivals,0.9411764705882353,1.0,trend,2025
LICR,34,1,0,0,arrivals,0.0,0.0,trend,2025
GMFO,34,25,25,25,arrivals,0.7352941176470589,0.7352941176470589,trend,2025
LEGR,34,1,1,1,arrivals,0.029411764705882353,0.029411764705882353,trend,2025
LGMT,34,34,34,34,arrivals,1.0,1.0,trend,2025
LZKZ,34,28,28,28,arrivals,0.8235294117647058,0.8235294117647058,trend,2025
LICR,33,0,0,0,departures,0.0,0.0,trend,2025
LTCI,33,0,0,0,departures,0.0,0.0,trend,2025
LGMT,33,31,31,32,departures,0.9393939393939394,0.9696969696969697,trend,2025
LOWI,33,26,25,26,departures,0.7575757575757576,0.7878787878787878,trend,2025
EGMC,33,33,33,70,arrivals,1.0,2.121212121212121,trend,2025
EKAH,33,30,30,30,arrivals,0.9090909090909091,0.9090909090909091,trend,2025
EGWU,32,32,0,0,departures,0.0,0.0,trend,2025
LTCB,32,2,2,2,departures,0.0625,0.0625,trend,2025
EKAH,32,27,27,27,departures,0.84375,0.84375,trend,2025
LFRN,32,32,32,32,departures,1.0,1.0,trend,2025
LEMI,32,31,31,31,arrivals,0.96875,0.96875,trend,2025
LTCI,32,0,0,0,arrivals,0.0,0.0,trend,2025
LEMI,31,31,31,31,departures,1.0,1.0,trend,2025
EIKN,31,30,30,30,departures,0.967741935483871,0.967741935483871,trend,2025
ENHD,31,6,5,5,departures,0.16129032258064516,0.16129032258064516,trend,2025
EDMO,31,29,25,25,departures,0.8064516129032258,0.8064516129032258,trend,2025
LFRN,31,31,31,31,arrivals,1.0,1.0,trend,2025
LTCE,31,1,0,0,arrivals,0.0,0.0,trend,2025
EGPK,30,28,28,28,departures,0.9333333333333333,0.9333333333333333,trend,2025
URMM,30,0,0,0,departures,0.0,0.0,trend,2025
LGNX,30,1,0,0,departures,0.0,0.0,trend,2025
LTCB,30,11,11,11,arrivals,0.36666666666666664,0.36666666666666664,trend,2025
LGNX,30,2,0,0,arrivals,0.0,0.0,trend,2025
EIKN,30,30,30,30,arrivals,1.0,1.0,trend,2025
EBAW,29,29,25,25,departures,0.8620689655172413,0.8620689655172413,trend,2025
LTCE,29,0,0,0,departures,0.0,0.0,trend,2025
EGPA,29,0,0,0,departures,0.0,0.0,trend,2025
LTAZ,29,0,0,0,departures,0.0,0.0,trend,2025
EGPK,29,29,29,30,arrivals,1.0,1.0344827586206897,trend,2025
URMM,29,0,0,0,arrivals,0.0,0.0,trend,2025
ENHD,29,20,20,22,arrivals,0.6896551724137931,0.7586206896551724,trend,2025
LTAZ,29,1,0,0,arrivals,0.0,0.0,trend,2025
EGHQ,28,27,27,27,departures,0.9642857142857143,0.9642857142857143,trend,2025
ESNU,28,0,0,0,departures,0.0,0.0,trend,2025
EGHQ,28,27,27,27,arrivals,0.9642857142857143,0.9642857142857143,trend,2025
LTCA,27,0,0,0,departures,0.0,0.0,trend,2025
ENBN,27,0,0,0,departures,0.0,0.0,trend,2025
LICD,27,6,6,6,departures,0.2222222222222222,0.2222222222222222,trend,2025
LIPB,27,18,17,17,arrivals,0.6296296296296297,0.6296296296296297,trend,2025
EGWU,27,25,0,0,arrivals,0.0,0.0,trend,2025
LTAN,27,0,0,0,arrivals,0.0,0.0,trend,2025
LTCA,27,0,0,0,arrivals,0.0,0.0,trend,2025
LICD,27,8,8,8,arrivals,0.2962962962962963,0.2962962962962963,trend,2025
LFKC,27,27,27,27,arrivals,1.0,1.0,trend,2025
LTAT,26,0,0,0,departures,0.0,0.0,trend,2025
LPCS,26,26,23,24,departures,0.8846153846153846,0.9230769230769231,trend,2025
LIPB,26,1,1,1,departures,0.038461538461538464,0.038461538461538464,trend,2025
LTCS,26,0,0,0,departures,0.0,0.0,trend,2025
LTAN,26,0,0,0,departures,0.0,0.0,trend,2025
LRBS,26,26,26,34,departures,1.0,1.3076923076923077,trend,2025
LFKC,26,26,26,26,departures,1.0,1.0,trend,2025
LGHI,26,3,2,2,arrivals,0.07692307692307693,0.07692307692307693,trend,2025
LTCS,26,0,0,0,arrivals,0.0,0.0,trend,2025
ESNU,26,0,0,0,arrivals,0.0,0.0,trend,2025
ENBN,26,0,0,0,arrivals,0.0,0.0,trend,2025
EGPA,26,0,0,0,arrivals,0.0,0.0,trend,2025
LGKL,25,12,11,11,departures,0.44,0.44,trend,2025
LGHI,25,3,2,2,departures,0.08,0.08,trend,2025
LGML,25,0,0,0,departures,0.0,0.0,trend,2025
LFMP,25,13,13,13,departures,0.52,0.52,trend,2025
EHBK,25,21,19,20,departures,0.76,0.8,trend,2025
EFOU,25,0,0,0,departures,0.0,0.0,trend,2025
EGSH,25,25,25,25,departures,1.0,1.0,trend,2025
LPCS,25,24,21,22,arrivals,0.84,0.88,trend,2025
LGKL,25,22,22,24,arrivals,0.88,0.96,trend,2025
EBAW,25,25,24,27,arrivals,0.96,1.08,trend,2025
EFOU,25,0,0,0,arrivals,0.0,0.0,trend,2025
EGSH,25,25,25,26,arrivals,1.0,1.04,trend,2025
LFRK,24,16,15,15,departures,0.625,0.625,trend,2025
EKVG,24,0,0,0,departures,0.0,0.0,trend,2025
ENFL,24,0,0,0,departures,0.0,0.0,trend,2025
ENAT,24,0,0,0,departures,0.0,0.0,trend,2025
LICG,24,1,1,1,departures,0.041666666666666664,0.041666666666666664,trend,2025
LIPR,24,24,24,26,departures,1.0,1.0833333333333333,trend,2025
LTAT,24,0,0,0,arrivals,0.0,0.0,trend,2025
EKVG,24,0,0,0,arrivals,0.0,0.0,trend,2025
ENFL,24,0,0,0,arrivals,0.0,0.0,trend,2025
ENAT,24,0,0,0,arrivals,0.0,0.0,trend,2025
LESO,24,3,0,0,arrivals,0.0,0.0,trend,2025
LFMP,24,20,20,20,arrivals,0.8333333333333334,0.8333333333333334,trend,2025
EHBK,24,19,18,19,arrivals,0.75,0.7916666666666666,trend,2025
LIPR,24,24,24,26,arrivals,1.0,1.0833333333333333,trend,2025
EDDR,23,17,17,18,departures,0.7391304347826086,0.782608695652174,trend,2025
ESSV,23,0,0,0,departures,0.0,0.0,trend,2025
ENOV,23,0,0,0,departures,0.0,0.0,trend,2025
ENKR,23,0,0,0,departures,0.0,0.0,trend,2025
LESO,23,1,0,0,departures,0.0,0.0,trend,2025
ENLK,23,5,0,0,departures,0.0,0.0,trend,2025
LFBT,23,23,22,22,departures,0.9565217391304348,0.9565217391304348,trend,2025
ENKR,23,0,0,0,arrivals,0.0,0.0,trend,2025
LICG,23,3,3,3,arrivals,0.13043478260869565,0.13043478260869565,trend,2025
EGPO,23,3,0,0,arrivals,0.0,0.0,trend,2025
EDXW,22,20,19,19,departures,0.8636363636363636,0.8636363636363636,trend,2025
LLER,22,0,0,0,departures,0.0,0.0,trend,2025
LSGS,22,0,0,0,departures,0.0,0.0,trend,2025
LRSB,22,1,0,0,departures,0.0,0.0,trend,2025
LFBP,22,10,10,11,departures,0.45454545454545453,0.5,trend,2025
LGKP,22,0,0,0,departures,0.0,0.0,trend,2025
EGNV,22,19,19,19,departures,0.8636363636363636,0.8636363636363636,trend,2025
EGPO,22,0,0,0,departures,0.0,0.0,trend,2025
EPSC,22,7,7,7,departures,0.3181818181818182,0.3181818181818182,trend,2025
EIKY,22,22,22,22,departures,1.0,1.0,trend,2025
LRCV,22,1,0,0,departures,0.0,0.0,trend,2025
GCHI,22,0,0,0,departures,0.0,0.0,trend,2025
LFRK,22,21,20,20,arrivals,0.9090909090909091,0.9090909090909091,trend,2025
EDDR,22,16,16,19,arrivals,0.7272727272727273,0.8636363636363636,trend,2025
ESSV,22,7,7,7,arrivals,0.3181818181818182,0.3181818181818182,trend,2025
EDXW,22,21,19,19,arrivals,0.8636363636363636,0.8636363636363636,trend,2025
ENOV,22,0,0,0,arrivals,0.0,0.0,trend,2025
LLER,22,0,0,0,arrivals,0.0,0.0,trend,2025
LRSB,22,3,3,4,arrivals,0.13636363636363635,0.18181818181818182,trend,2025
LFBP,22,22,22,22,arrivals,1.0,1.0,trend,2025
LGKP,22,0,0,0,arrivals,0.0,0.0,trend,2025
EDMO,22,22,19,20,arrivals,0.8636363636363636,0.9090909090909091,trend,2025
EPSC,22,12,11,11,arrivals,0.5,0.5,trend,2025
ENLK,22,3,0,0,arrivals,0.0,0.0,trend,2025
GCHI,22,0,0,0,arrivals,0.0,0.0,trend,2025
LFBT,22,22,22,22,arrivals,1.0,1.0,trend,2025
LDRI,21,0,0,0,departures,0.0,0.0,trend,2025
ENSG,21,7,0,0,departures,0.0,0.0,trend,2025
LRSV,21,0,0,0,departures,0.0,0.0,trend,2025
BIAR,21,0,0,0,departures,0.0,0.0,trend,2025
LDRI,21,18,18,19,arrivals,0.8571428571428571,0.9047619047619048,trend,2025
ENSG,21,8,0,0,arrivals,0.0,0.0,trend,2025
LGML,21,0,0,0,arrivals,0.0,0.0,trend,2025
EGNV,21,19,19,19,arrivals,0.9047619047619048,0.9047619047619048,trend,2025
LSZB,21,20,19,23,arrivals,0.9047619047619048,1.0952380952380953,trend,2025
EIKY,21,21,21,21,arrivals,1.0,1.0,trend,2025
LFLC,21,20,20,21,arrivals,0.9523809523809523,1.0,trend,2025
LRCV,21,1,0,0,arrivals,0.0,0.0,trend,2025
LRBS,21,21,20,21,arrivals,0.9523809523809523,1.0,trend,2025
BIAR,21,0,0,0,arrivals,0.0,0.0,trend,2025
DABC,20,0,0,0,departures,0.0,0.0,trend,2025
LTCR,20,0,0,0,departures,0.0,0.0,trend,2025
LSZB,20,19,18,20,departures,0.9,1.0,trend,2025
GMTN,20,20,19,19,arrivals,0.95,0.95,trend,2025
LSGS,20,1,0,0,arrivals,0.0,0.0,trend,2025
LTCR,20,0,0,0,arrivals,0.0,0.0,trend,2025
LRSV,20,0,0,0,arrivals,0.0,0.0,trend,2025
EGNJ,20,15,15,15,arrivals,0.75,0.75,trend,2025
HLLM,20,1,0,0,arrivals,0.0,0.0,trend,2025
DABC,20,0,0,0,arrivals,0.0,0.0,trend,2025
LOWK,19,0,0,0,departures,0.0,0.0,trend,2025
LTCJ,19,0,0,0,departures,0.0,0.0,trend,2025
GMTN,19,18,18,18,departures,0.9473684210526315,0.9473684210526315,trend,2025
EFTU,19,11,11,11,departures,0.5789473684210527,0.5789473684210527,trend,2025
ENVD,19,0,0,0,departures,0.0,0.0,trend,2025
LRBC,19,3,3,3,departures,0.15789473684210525,0.15789473684210525,trend,2025
EGTK,19,19,19,20,departures,1.0,1.0526315789473684,trend,2025
ENSK,19,5,0,0,departures,0.0,0.0,trend,2025
LSZR,19,19,19,22,departures,1.0,1.1578947368421053,trend,2025
HLLM,19,1,0,0,departures,0.0,0.0,trend,2025
LTCJ,19,0,0,0,arrivals,0.0,0.0,trend,2025
LRBC,19,3,3,3,arrivals,0.15789473684210525,0.15789473684210525,trend,2025
ENSK,19,4,0,0,arrivals,0.0,0.0,trend,2025
LFTZ,19,18,0,0,arrivals,0.0,0.0,trend,2025
LSZR,19,19,19,19,arrivals,1.0,1.0,trend,2025
EYPA,18,16,15,15,departures,0.8333333333333334,0.8333333333333334,trend,2025
EGJA,18,10,6,6,departures,0.3333333333333333,0.3333333333333333,trend,2025
EBOS,18,16,16,16,departures,0.8888888888888888,0.8888888888888888,trend,2025
LFLC,18,13,13,13,departures,0.7222222222222222,0.7222222222222222,trend,2025
LOWK,18,5,5,5,arrivals,0.2777777777777778,0.2777777777777778,trend,2025
LIPO,18,18,14,16,arrivals,0.7777777777777778,0.8888888888888888,trend,2025
EFTU,18,10,10,10,arrivals,0.5555555555555556,0.5555555555555556,trend,2025
EGJA,18,18,18,22,arrivals,1.0,1.2222222222222223,trend,2025
EFRO,17,0,0,0,departures,0.0,0.0,trend,2025
LPAZ,17,10,10,10,departures,0.5882352941176471,0.5882352941176471,trend,2025
EPLL,17,5,5,5,departures,0.29411764705882354,0.29411764705882354,trend,2025
EBKT,17,16,15,16,departures,0.8823529411764706,0.9411764705882353,trend,2025
LQBK,17,0,0,0,departures,0.0,0.0,trend,2025
ENML,17,0,0,0,departures,0.0,0.0,trend,2025
LGAL,17,2,2,2,departures,0.11764705882352941,0.11764705882352941,trend,2025
EFRO,17,0,0,0,arrivals,0.0,0.0,trend,2025
LQBK,17,7,7,7,arrivals,0.4117647058823529,0.4117647058823529,trend,2025
EYPA,17,5,4,4,arrivals,0.23529411764705882,0.23529411764705882,trend,2025
EBOS,17,16,16,19,arrivals,0.9411764705882353,1.1176470588235294,trend,2025
LFLY,16,16,0,0,departures,0.0,0.0,trend,2025
EKRN,16,0,0,0,departures,0.0,0.0,trend,2025
LYNI,16,0,0,0,departures,0.0,0.0,trend,2025
LFBL,16,0,0,0,departures,0.0,0.0,trend,2025
EPBY,16,15,15,15,departures,0.9375,0.9375,trend,2025
LTCF,16,0,0,0,departures,0.0,0.0,trend,2025
EGNJ,16,12,12,12,departures,0.75,0.75,trend,2025
EDDE,16,16,16,16,departures,1.0,1.0,trend,2025
LXGB,16,15,15,15,departures,0.9375,0.9375,trend,2025
LEPP,16,3,3,3,departures,0.1875,0.1875,trend,2025
EPLB,16,15,15,16,departures,0.9375,1.0,trend,2025
LFBE,16,15,15,15,departures,0.9375,0.9375,trend,2025
EKEB,16,13,13,13,departures,0.8125,0.8125,trend,2025
LECH,16,14,14,14,departures,0.875,0.875,trend,2025
LFLY,16,16,0,0,arrivals,0.0,0.0,trend,2025
LYNI,16,0,0,0,arrivals,0.0,0.0,trend,2025
LFBL,16,0,0,0,arrivals,0.0,0.0,trend,2025
EPLL,16,15,15,15,arrivals,0.9375,0.9375,trend,2025
LTCF,16,0,0,0,arrivals,0.0,0.0,trend,2025
LFMK,16,15,15,15,arrivals,0.9375,0.9375,trend,2025
ENSH,16,1,0,0,arrivals,0.0,0.0,trend,2025
EGTK,16,16,15,15,arrivals,0.9375,0.9375,trend,2025
LGAL,16,16,16,16,arrivals,1.0,1.0,trend,2025
EDVE,16,16,14,14,arrivals,0.875,0.875,trend,2025
LXGB,16,15,15,15,arrivals,0.9375,0.9375,trend,2025
EPLB,16,15,15,18,arrivals,0.9375,1.125,trend,2025
LFBE,16,13,13,13,arrivals,0.8125,0.8125,trend,2025
UWGG,15,0,0,0,departures,0.0,0.0,trend,2025
HESX,15,1,1,3,departures,0.06666666666666667,0.2,trend,2025
LTCK,15,0,0,0,departures,0.0,0.0,trend,2025
EDNY,15,13,12,12,departures,0.8,0.8,trend,2025
LFMK,15,14,14,14,departures,0.9333333333333333,0.9333333333333333,trend,2025
ENRA,15,0,0,0,departures,0.0,0.0,trend,2025
EGAE,15,4,4,4,departures,0.26666666666666666,0.26666666666666666,trend,2025
LFRM,15,15,14,16,arrivals,0.9333333333333333,1.0666666666666667,trend,2025
EKRN,15,11,11,11,arrivals,0.7333333333333333,0.7333333333333333,trend,2025
HESX,15,4,4,14,arrivals,0.26666666666666666,0.9333333333333333,trend,2025
ENVD,15,0,0,0,arrivals,0.0,0.0,trend,2025
LTCK,15,0,0,0,arrivals,0.0,0.0,trend,2025
EPBY,15,9,9,9,arrivals,0.6,0.6,trend,2025
EDNY,15,12,12,13,arrivals,0.8,0.8666666666666667,trend,2025
ENML,15,0,0,0,arrivals,0.0,0.0,trend,2025
LLHA,15,13,13,13,arrivals,0.8666666666666667,0.8666666666666667,trend,2025
EDDE,15,15,14,14,arrivals,0.9333333333333333,0.9333333333333333,trend,2025
LFSD,15,15,14,16,arrivals,0.9333333333333333,1.0666666666666667,trend,2025
LGLM,15,1,0,0,arrivals,0.0,0.0,trend,2025
EKEB,15,12,12,12,arrivals,0.8,0.8,trend,2025
LECH,15,13,13,13,arrivals,0.8666666666666667,0.8666666666666667,trend,2025
LTAY,14,0,0,0,departures,0.0,0.0,trend,2025
ETSI,14,13,13,13,departures,0.9285714285714286,0.9285714285714286,trend,2025
LLHA,14,13,13,13,departures,0.9285714285714286,0.9285714285714286,trend,2025
LROD,14,0,0,0,departures,0.0,0.0,trend,2025
ENSH,14,1,0,0,departures,0.0,0.0,trend,2025
LTAR,14,0,0,0,departures,0.0,0.0,trend,2025
EFKU,14,14,14,14,departures,1.0,1.0,trend,2025
EDVE,14,14,14,14,departures,1.0,1.0,trend,2025
LGLM,14,0,0,0,departures,0.0,0.0,trend,2025
LFBH,14,6,6,6,arrivals,0.42857142857142855,0.42857142857142855,trend,2025
LPAZ,14,11,11,13,arrivals,0.7857142857142857,0.9285714285714286,trend,2025
LROD,14,0,0,0,arrivals,0.0,0.0,trend,2025
ENRA,14,0,0,0,arrivals,0.0,0.0,trend,2025
EGAE,14,3,2,2,arrivals,0.14285714285714285,0.14285714285714285,trend,2025
LTAR,14,0,0,0,arrivals,0.0,0.0,trend,2025
LEPP,14,2,2,2,arrivals,0.14285714285714285,0.14285714285714285,trend,2025
LFRM,13,13,13,14,departures,1.0,1.0769230769230769,trend,2025
LFBH,13,13,13,13,departures,1.0,1.0,trend,2025
LTDA,13,0,0,0,departures,0.0,0.0,trend,2025
LGKV,13,13,13,13,departures,1.0,1.0,trend,2025
LPPS,13,0,0,0,departures,0.0,0.0,trend,2025
LFRZ,13,11,10,10,departures,0.7692307692307693,0.7692307692307693,trend,2025
LTCT,13,0,0,0,departures,0.0,0.0,trend,2025
LIBC,13,0,0,0,departures,0.0,0.0,trend,2025
EDMA,13,13,13,13,departures,1.0,1.0,trend,2025
EFVA,13,0,0,0,departures,0.0,0.0,trend,2025
UWGG,13,0,0,0,arrivals,0.0,0.0,trend,2025
LTAY,13,0,0,0,arrivals,0.0,0.0,trend,2025
LGKV,13,13,13,14,arrivals,1.0,1.0769230769230769,trend,2025
LPPS,13,6,4,4,arrivals,0.3076923076923077,0.3076923076923077,trend,2025
LFRZ,13,13,10,10,arrivals,0.7692307692307693,0.7692307692307693,trend,2025
EFKU,13,13,13,13,arrivals,1.0,1.0,trend,2025
LTCT,13,0,0,0,arrivals,0.0,0.0,trend,2025
LBPD,13,1,0,0,arrivals,0.0,0.0,trend,2025
ESNS,12,0,0,0,departures,0.0,0.0,trend,2025
LTFD,12,9,9,9,departures,0.75,0.75,trend,2025
EDFM,12,11,11,18,departures,0.9166666666666666,1.5,trend,2025
ENST,12,0,0,0,departures,0.0,0.0,trend,2025
LFMU,12,5,5,5,departures,0.4166666666666667,0.4166666666666667,trend,2025
ENBL,12,0,0,0,departures,0.0,0.0,trend,2025
EKRK,12,11,11,11,departures,0.9166666666666666,0.9166666666666666,trend,2025
GCGM,12,0,0,0,departures,0.0,0.0,trend,2025
ENSD,12,1,0,0,departures,0.0,0.0,trend,2025
LTCP,12,0,0,0,departures,0.0,0.0,trend,2025
LIRS,12,2,1,1,departures,0.08333333333333333,0.08333333333333333,trend,2025
LFTZ,12,11,0,0,departures,0.0,0.0,trend,2025
LTCN,12,0,0,0,departures,0.0,0.0,trend,2025
LFTW,12,12,12,12,departures,1.0,1.0,trend,2025
HLLB,12,0,0,0,departures,0.0,0.0,trend,2025
LGIO,12,10,10,10,arrivals,0.8333333333333334,0.8333333333333334,trend,2025
LTCD,12,0,0,0,arrivals,0.0,0.0,trend,2025
LTFD,12,12,12,12,arrivals,1.0,1.0,trend,2025
LIBF,12,0,0,0,arrivals,0.0,0.0,trend,2025
ETSI,12,11,9,9,arrivals,0.75,0.75,trend,2025
EKSB,12,12,12,12,arrivals,1.0,1.0,trend,2025
LGRX,12,2,1,1,arrivals,0.08333333333333333,0.08333333333333333,trend,2025
LFMU,12,11,11,11,arrivals,0.9166666666666666,0.9166666666666666,trend,2025
GCGM,12,0,0,0,arrivals,0.0,0.0,trend,2025
LTCN,12,0,0,0,arrivals,0.0,0.0,trend,2025
HLLB,12,1,1,1,arrivals,0.08333333333333333,0.08333333333333333,trend,2025
LIBC,12,0,0,0,arrivals,0.0,0.0,trend,2025
EFVA,12,0,0,0,arrivals,0.0,0.0,trend,2025
LRBV,11,10,10,10,departures,0.9090909090909091,0.9090909090909091,trend,2025
LTCD,11,0,0,0,departures,0.0,0.0,trend,2025
EGPN,11,11,11,12,departures,1.0,1.0909090909090908,trend,2025
LTCV,11,0,0,0,departures,0.0,0.0,trend,2025
LIPO,11,11,11,13,departures,1.0,1.1818181818181819,trend,2025
LGRX,11,0,0,0,departures,0.0,0.0,trend,2025
ENAN,11,4,0,0,departures,0.0,0.0,trend,2025
GMML,11,0,0,0,departures,0.0,0.0,trend,2025
LFSD,11,11,11,13,departures,1.0,1.1818181818181819,trend,2025
LFMV,11,11,11,11,arrivals,1.0,1.0,trend,2025
EGPN,11,11,11,11,arrivals,1.0,1.0,trend,2025
LTCV,11,0,0,0,arrivals,0.0,0.0,trend,2025
ESNS,11,7,7,7,arrivals,0.6363636363636364,0.6363636363636364,trend,2025
LTDA,11,0,0,0,arrivals,0.0,0.0,trend,2025
EDFM,11,10,10,15,arrivals,0.9090909090909091,1.3636363636363635,trend,2025
ENST,11,0,0,0,arrivals,0.0,0.0,trend,2025
LICB,11,11,10,12,arrivals,0.9090909090909091,1.0909090909090908,trend,2025
ENBL,11,0,0,0,arrivals,0.0,0.0,trend,2025
GMML,11,0,0,0,arrivals,0.0,0.0,trend,2025
ENSD,11,3,0,0,arrivals,0.0,0.0,trend,2025
LTCP,11,0,0,0,arrivals,0.0,0.0,trend,2025
LIRS,11,4,4,4,arrivals,0.36363636363636365,0.36363636363636365,trend,2025
LFTW,11,11,11,11,arrivals,1.0,1.0,trend,2025
EDMA,11,11,10,10,arrivals,0.9090909090909091,0.9090909090909091,trend,2025
LGIO,10,9,9,9,departures,0.9,0.9,trend,2025
LFMV,10,9,9,12,departures,0.9,1.2,trend,2025
EKSB,10,10,10,10,departures,1.0,1.0,trend,2025
ESNZ,10,8,8,8,departures,0.8,0.8,trend,2025
LQMO,10,0,0,0,departures,0.0,0.0,trend,2025
LGIK,10,4,0,0,departures,0.0,0.0,trend,2025
LIMP,10,5,5,6,departures,0.5,0.6,trend,2025
EHGG,10,10,10,10,departures,1.0,1.0,trend,2025
LIPK,10,8,8,8,departures,0.8,0.8,trend,2025
DAAE,10,0,0,0,departures,0.0,0.0,trend,2025
LFCR,10,10,10,10,arrivals,1.0,1.0,trend,2025
EKOD,10,10,10,10,arrivals,1.0,1.0,trend,2025
EHGG,10,10,10,11,arrivals,1.0,1.1,trend,2025
LDSB,10,1,0,0,arrivals,0.0,0.0,trend,2025
LIPK,10,8,8,8,arrivals,0.8,0.8,trend,2025
DAAE,10,3,3,3,arrivals,0.3,0.3,trend,2025
LICB,9,9,9,9,departures,1.0,1.0,trend,2025
EDTY,9,9,7,7,departures,0.7777777777777778,0.7777777777777778,trend,2025
LFCR,9,9,9,9,departures,1.0,1.0,trend,2025
LKPD,9,9,9,13,departures,1.0,1.4444444444444444,trend,2025
GMMI,9,0,0,0,departures,0.0,0.0,trend,2025
ESTA,9,1,1,1,departures,0.1111111111111111,0.1111111111111111,trend,2025
ESKN,9,7,7,7,departures,0.7777777777777778,0.7777777777777778,trend,2025
LBPD,9,0,0,0,departures,0.0,0.0,trend,2025
GMFK,9,0,0,0,departures,0.0,0.0,trend,2025
LTCO,9,0,0,0,departures,0.0,0.0,trend,2025
ENMS,9,0,0,0,departures,0.0,0.0,trend,2025
LDSB,9,0,0,0,departures,0.0,0.0,trend,2025
LTBR,9,8,8,9,departures,0.8888888888888888,1.0,trend,2025
ENNA,9,0,0,0,departures,0.0,0.0,trend,2025
UUBW,9,0,0,0,arrivals,0.0,0.0,trend,2025
LRBV,9,9,9,9,arrivals,1.0,1.0,trend,2025
ESNZ,9,7,7,7,arrivals,0.7777777777777778,0.7777777777777778,trend,2025
EKRK,9,9,9,9,arrivals,1.0,1.0,trend,2025
DAON,9,0,0,0,arrivals,0.0,0.0,trend,2025
LQMO,9,0,0,0,arrivals,0.0,0.0,trend,2025
GMMI,9,0,0,0,arrivals,0.0,0.0,trend,2025
LGIK,9,5,0,0,arrivals,0.0,0.0,trend,2025
ENAN,9,4,0,0,arrivals,0.0,0.0,trend,2025
URML,9,0,0,0,arrivals,0.0,0.0,trend,2025
ESKN,9,7,6,7,arrivals,0.6666666666666666,0.7777777777777778,trend,2025
EGNR,9,8,1,1,arrivals,0.1111111111111111,0.1111111111111111,trend,2025
GMFK,9,0,0,0,arrivals,0.0,0.0,trend,2025
LTCO,9,1,0,0,arrivals,0.0,0.0,trend,2025
ENMS,9,0,0,0,arrivals,0.0,0.0,trend,2025
LTBR,9,7,7,10,arrivals,0.7777777777777778,1.1111111111111112,trend,2025
EPSY,8,7,7,8,departures,0.875,1.0,trend,2025
LSMP,8,8,7,8,departures,0.875,1.0,trend,2025
LQTZ,8,5,5,5,departures,0.625,0.625,trend,2025
LFSL,8,0,0,0,departures,0.0,0.0,trend,2025
LDOS,8,2,2,2,departures,0.25,0.25,trend,2025
EGPI,8,0,0,0,departures,0.0,0.0,trend,2025
ESMX,8,0,0,0,departures,0.0,0.0,trend,2025
EFMA,8,2,2,2,departures,0.25,0.25,trend,2025
LFRG,8,8,8,10,departures,1.0,1.25,trend,2025
EGPR,8,0,0,0,departures,0.0,0.0,trend,2025
BIEG,8,0,0,0,departures,0.0,0.0,trend,2025
DAON,8,0,0,0,departures,0.0,0.0,trend,2025
EDHI,8,8,0,0,departures,0.0,0.0,trend,2025
EDLN,8,8,5,6,departures,0.625,0.75,trend,2025
EFTP,8,6,5,5,departures,0.625,0.625,trend,2025
ENJS,8,0,0,0,departures,0.0,0.0,trend,2025
LFOT,8,4,4,4,departures,0.5,0.5,trend,2025
UBBG,8,0,0,0,departures,0.0,0.0,trend,2025
LGST,8,0,0,0,departures,0.0,0.0,trend,2025
LEBZ,8,7,7,7,departures,0.875,0.875,trend,2025
LFLB,8,8,7,7,arrivals,0.875,0.875,trend,2025
LSMP,8,8,6,8,arrivals,0.75,1.0,trend,2025
LQTZ,8,1,1,1,arrivals,0.125,0.125,trend,2025
LFSL,8,4,4,4,arrivals,0.5,0.5,trend,2025
LDOS,8,4,4,4,arrivals,0.5,0.5,trend,2025
EGPI,8,0,0,0,arrivals,0.0,0.0,trend,2025
ESMX,8,3,3,3,arrivals,0.375,0.375,trend,2025
EBKT,8,8,8,8,arrivals,1.0,1.0,trend,2025
EFMA,8,2,2,2,arrivals,0.25,0.25,trend,2025
BIEG,8,0,0,0,arrivals,0.0,0.0,trend,2025
LKPD,8,8,8,13,arrivals,1.0,1.625,trend,2025
ESTA,8,4,4,4,arrivals,0.5,0.5,trend,2025
LFOT,8,8,8,8,arrivals,1.0,1.0,trend,2025
LGST,8,0,0,0,arrivals,0.0,0.0,trend,2025
ENNA,8,0,0,0,arrivals,0.0,0.0,trend,2025
EDRY,7,7,0,0,departures,0.0,0.0,trend,2025
ENNM,7,3,0,0,departures,0.0,0.0,trend,2025
ESNQ,7,0,0,0,departures,0.0,0.0,trend,2025
LIBF,7,0,0,0,departures,0.0,0.0,trend,2025
LHDC,7,0,0,0,departures,0.0,0.0,trend,2025
EIDL,7,7,7,7,departures,1.0,1.0,trend,2025
LTCW,7,0,0,0,departures,0.0,0.0,trend,2025
BIIS,7,0,0,0,departures,0.0,0.0,trend,2025
EDTL,7,7,7,7,departures,1.0,1.0,trend,2025
EKOD,7,7,7,7,departures,1.0,1.0,trend,2025
OITT,7,0,0,0,departures,0.0,0.0,trend,2025
ESSL,7,6,6,6,departures,0.8571428571428571,0.8571428571428571,trend,2025
EGPL,7,0,0,0,departures,0.0,0.0,trend,2025
UUBW,7,0,0,0,departures,0.0,0.0,trend,2025
HEBA,7,3,3,3,departures,0.42857142857142855,0.42857142857142855,trend,2025
ESNQ,7,0,0,0,arrivals,0.0,0.0,trend,2025
EIDL,7,7,7,7,arrivals,1.0,1.0,trend,2025
LTCW,7,0,0,0,arrivals,0.0,0.0,trend,2025
EGPR,7,0,0,0,arrivals,0.0,0.0,trend,2025
BIIS,7,0,0,0,arrivals,0.0,0.0,trend,2025
DABB,7,1,0,0,arrivals,0.0,0.0,trend,2025
EDHI,7,7,0,0,arrivals,0.0,0.0,trend,2025
EDTL,7,7,5,5,arrivals,0.7142857142857143,0.7142857142857143,trend,2025
OITT,7,0,0,0,arrivals,0.0,0.0,trend,2025
ENJS,7,0,0,0,arrivals,0.0,0.0,trend,2025
EGPL,7,0,0,0,arrivals,0.0,0.0,trend,2025
LEBZ,7,6,6,6,arrivals,0.8571428571428571,0.8571428571428571,trend,2025
EDTY,7,7,6,6,arrivals,0.8571428571428571,0.8571428571428571,trend,2025
LIMP,7,5,5,5,arrivals,0.7142857142857143,0.7142857142857143,trend,2025
EDVK,6,4,3,3,departures,0.5,0.5,trend,2025
EHJA,6,0,0,0,departures,0.0,0.0,trend,2025
HEAL,6,1,1,1,departures,0.16666666666666666,0.16666666666666666,trend,2025
EGPU,6,0,0,0,departures,0.0,0.0,trend,2025
HEMM,6,0,0,0,departures,0.0,0.0,trend,2025
ESNK,6,0,0,0,departures,0.0,0.0,trend,2025
EDHL,6,6,6,6,departures,1.0,1.0,trend,2025
ENDU,6,0,0,0,departures,0.0,0.0,trend,2025
EFKE,6,0,0,0,departures,0.0,0.0,trend,2025
ESOE,6,4,4,4,departures,0.6666666666666666,0.6666666666666666,trend,2025
ENSO,6,6,6,14,departures,1.0,2.3333333333333335,trend,2025
EFJO,6,0,0,0,departures,0.0,0.0,trend,2025
LPPM,6,6,6,10,departures,1.0,1.6666666666666667,trend,2025
URML,6,0,0,0,departures,0.0,0.0,trend,2025
ENRM,6,0,0,1,departures,0.0,0.16666666666666666,trend,2025
LTCU,6,0,0,0,departures,0.0,0.0,trend,2025
EGNR,6,6,1,1,departures,0.16666666666666666,0.16666666666666666,trend,2025
LPVZ,6,6,2,3,departures,0.3333333333333333,0.5,trend,2025
ESKM,6,3,0,0,departures,0.0,0.0,trend,2025
ESNL,6,0,0,0,departures,0.0,0.0,trend,2025
EFIV,6,2,0,0,departures,0.0,0.0,trend,2025
DABB,6,0,0,0,departures,0.0,0.0,trend,2025
EDVK,6,4,4,4,arrivals,0.6666666666666666,0.6666666666666666,trend,2025
HEAL,6,2,2,2,arrivals,0.3333333333333333,0.3333333333333333,trend,2025
EDRY,6,6,0,0,arrivals,0.0,0.0,trend,2025
EGPU,6,0,0,0,arrivals,0.0,0.0,trend,2025
ENNM,6,4,0,0,arrivals,0.0,0.0,trend,2025
ESNK,6,0,0,1,arrivals,0.0,0.16666666666666666,trend,2025
EDHL,6,6,6,6,arrivals,1.0,1.0,trend,2025
LHDC,6,0,0,0,arrivals,0.0,0.0,trend,2025
ESOE,6,6,6,7,arrivals,1.0,1.1666666666666667,trend,2025
ENSO,6,6,6,6,arrivals,1.0,1.0,trend,2025
EFJO,6,1,1,1,arrivals,0.16666666666666666,0.16666666666666666,trend,2025
LFLI,6,6,0,0,arrivals,0.0,0.0,trend,2025
LFEC,6,0,0,0,arrivals,0.0,0.0,trend,2025
LWOH,6,0,0,0,arrivals,0.0,0.0,trend,2025
HEBA,6,5,5,5,arrivals,0.8333333333333334,0.8333333333333334,trend,2025
LIMZ,6,6,6,6,arrivals,1.0,1.0,trend,2025
ENRM,6,2,2,5,arrivals,0.3333333333333333,0.8333333333333334,trend,2025
EFTP,6,5,5,5,arrivals,0.8333333333333334,0.8333333333333334,trend,2025
ENLE,6,0,0,0,arrivals,0.0,0.0,trend,2025
LTCU,6,0,0,0,arrivals,0.0,0.0,trend,2025
ESSL,6,6,6,6,arrivals,1.0,1.0,trend,2025
LGLE,6,1,0,0,arrivals,0.0,0.0,trend,2025
EFIV,6,2,0,0,arrivals,0.0,0.0,trend,2025
ESKM,6,5,2,4,arrivals,0.3333333333333333,0.6666666666666666,trend,2025
ESNL,6,0,0,0,arrivals,0.0,0.0,trend,2025
ESNX,5,0,0,0,departures,0.0,0.0,trend,2025
LFLB,5,4,4,5,departures,0.8,1.0,trend,2025
EFKI,5,0,0,0,departures,0.0,0.0,trend,2025
ORMM,5,5,5,5,departures,1.0,1.0,trend,2025
EEKE,5,1,1,1,departures,0.2,0.2,trend,2025
LTCM,5,0,0,0,departures,0.0,0.0,trend,2025
LTCL,5,0,0,0,departures,0.0,0.0,trend,2025
LFEC,5,0,0,0,departures,0.0,0.0,trend,2025
LGKY,5,2,0,0,departures,0.0,0.0,trend,2025
ENHE,5,0,0,0,departures,0.0,0.0,trend,2025
ESNG,5,0,0,0,departures,0.0,0.0,trend,2025
LTAW,5,0,0,0,departures,0.0,0.0,trend,2025
ENFB,5,1,0,0,departures,0.0,0.0,trend,2025
LGKC,5,0,0,0,departures,0.0,0.0,trend,2025
ENLE,5,2,0,0,departures,0.0,0.0,trend,2025
EFJY,5,1,1,1,departures,0.2,0.2,trend,2025
EETU,5,2,2,2,departures,0.4,0.4,trend,2025
LFJL,5,4,4,4,departures,0.8,0.8,trend,2025
EFKK,5,5,5,5,departures,1.0,1.0,trend,2025
LRTM,5,0,0,0,departures,0.0,0.0,trend,2025
EDAH,5,2,2,2,departures,0.4,0.4,trend,2025
LGLE,5,0,0,0,departures,0.0,0.0,trend,2025
EGEC,5,0,0,0,departures,0.0,0.0,trend,2025
ESGT,5,1,1,1,departures,0.2,0.2,trend,2025
ENRS,5,4,0,0,departures,0.0,0.0,trend,2025
DAAS,5,0,0,0,departures,0.0,0.0,trend,2025
ESDF,5,5,5,5,departures,1.0,1.0,trend,2025
EEKA,5,0,0,0,departures,0.0,0.0,trend,2025
LFLI,5,5,0,0,departures,0.0,0.0,trend,2025
LWOH,5,0,0,0,departures,0.0,0.0,trend,2025
LIMZ,5,5,5,5,departures,1.0,1.0,trend,2025
GMMZ,5,0,0,0,departures,0.0,0.0,trend,2025
EPSY,5,2,2,2,arrivals,0.4,0.4,trend,2025
LSZS,5,0,0,0,arrivals,0.0,0.0,trend,2025
URMG,5,0,0,0,arrivals,0.0,0.0,trend,2025
EFKI,5,0,0,0,arrivals,0.0,0.0,trend,2025
HEMM,5,0,0,0,arrivals,0.0,0.0,trend,2025
ORMM,5,1,1,1,arrivals,0.2,0.2,trend,2025
ENDU,5,0,0,0,arrivals,0.0,0.0,trend,2025
EEKE,5,5,5,5,arrivals,1.0,1.0,trend,2025
DAAS,5,0,0,0,arrivals,0.0,0.0,trend,2025
LTCM,5,0,0,0,arrivals,0.0,0.0,trend,2025
LTCL,5,0,0,0,arrivals,0.0,0.0,trend,2025
LFRG,5,5,5,5,arrivals,1.0,1.0,trend,2025
EEKA,5,0,0,1,arrivals,0.0,0.2,trend,2025
ENHE,5,0,0,0,arrivals,0.0,0.0,trend,2025
LPPM,5,5,5,8,arrivals,1.0,1.6,trend,2025
ESNG,5,0,0,0,arrivals,0.0,0.0,trend,2025
LTAW,5,0,0,0,arrivals,0.0,0.0,trend,2025
EGVN,5,4,4,4,arrivals,0.8,0.8,trend,2025
GMMZ,5,0,0,0,arrivals,0.0,0.0,trend,2025
LESA,5,0,0,0,arrivals,0.0,0.0,trend,2025
UBBG,5,0,0,0,arrivals,0.0,0.0,trend,2025
LFJL,5,5,5,5,arrivals,1.0,1.0,trend,2025
LPVZ,5,5,1,1,arrivals,0.2,0.2,trend,2025
LRTM,5,0,0,0,arrivals,0.0,0.0,trend,2025
EDAH,5,3,3,4,arrivals,0.6,0.8,trend,2025
EGEC,5,0,0,0,arrivals,0.0,0.0,trend,2025
ENRS,5,0,0,0,arrivals,0.0,0.0,trend,2025
EKDF,5,0,0,0,arrivals,0.0,0.0,trend,2025
LGKC,5,0,0,0,arrivals,0.0,0.0,trend,2025
ENOA,5,0,0,0,arrivals,0.0,0.0,trend,2025
LGSO,4,0,0,0,departures,0.0,0.0,trend,2025
LFPN,4,4,2,2,departures,0.5,0.5,trend,2025
LFOZ,4,4,0,0,departures,0.0,0.0,trend,2025
UWSG,4,0,0,0,departures,0.0,0.0,trend,2025
EPRA,4,3,3,3,departures,0.75,0.75,trend,2025
LZTT,4,0,0,0,departures,0.0,0.0,trend,2025
ENRO,4,0,0,0,departures,0.0,0.0,trend,2025
EDQG,4,4,0,0,departures,0.0,0.0,trend,2025
ESNV,4,0,0,0,departures,0.0,0.0,trend,2025
LECU,4,3,3,3,departures,0.75,0.75,trend,2025
ESOH,4,4,0,0,departures,0.0,0.0,trend,2025
ESMT,4,1,1,1,departures,0.25,0.25,trend,2025
URWW,4,0,0,0,departures,0.0,0.0,trend,2025
ENSR,4,0,0,0,departures,0.0,0.0,trend,2025
ENGC,4,0,0,0,departures,0.0,0.0,trend,2025
ESOK,4,0,0,0,departures,0.0,0.0,trend,2025
LSZA,4,4,4,4,departures,1.0,1.0,trend,2025
EKDF,4,0,0,0,departures,0.0,0.0,trend,2025
EDAZ,4,4,0,0,departures,0.0,0.0,trend,2025
ESMQ,4,4,4,4,departures,1.0,1.0,trend,2025
LFRT,4,3,3,3,departures,0.75,0.75,trend,2025
LSGL,4,3,0,0,departures,0.0,0.0,trend,2025
LFLW,4,0,0,0,departures,0.0,0.0,trend,2025
LESA,4,0,0,0,departures,0.0,0.0,trend,2025
LESU,4,0,0,0,departures,0.0,0.0,trend,2025
LFRH,4,4,4,4,departures,1.0,1.0,trend,2025
LGBL,4,0,0,0,departures,0.0,0.0,trend,2025
LTAP,4,0,0,0,departures,0.0,0.0,trend,2025
LJPZ,4,3,2,2,departures,0.5,0.5,trend,2025
LFRD,4,4,4,4,departures,1.0,1.0,trend,2025
LTFC,4,0,0,0,departures,0.0,0.0,trend,2025
LKHK,4,4,0,0,departures,0.0,0.0,trend,2025
ESSP,4,3,3,3,departures,0.75,0.75,trend,2025
LKCS,4,4,4,4,departures,1.0,1.0,trend,2025
ESND,4,0,0,0,departures,0.0,0.0,trend,2025
EFKT,4,0,0,0,departures,0.0,0.0,trend,2025
EPZG,4,4,4,4,departures,1.0,1.0,trend,2025
ESGJ,4,0,0,0,departures,0.0,0.0,trend,2025
LGKS,4,0,0,0,departures,0.0,0.0,trend,2025
LFCK,4,4,4,4,departures,1.0,1.0,trend,2025
LEVD,4,0,0,0,departures,0.0,0.0,trend,2025
ORKK,4,0,0,0,departures,0.0,0.0,trend,2025
LGSO,4,0,0,0,arrivals,0.0,0.0,trend,2025
ESNX,4,0,0,0,arrivals,0.0,0.0,trend,2025
EDRZ,4,4,0,0,arrivals,0.0,0.0,trend,2025
UWSG,4,1,1,1,arrivals,0.25,0.25,trend,2025
LRBM,4,0,0,0,arrivals,0.0,0.0,trend,2025
LGPL,4,1,0,0,arrivals,0.0,0.0,trend,2025
URMO,4,0,0,0,arrivals,0.0,0.0,trend,2025
ENXO,4,0,0,0,arrivals,0.0,0.0,trend,2025
LZTT,4,1,1,1,arrivals,0.25,0.25,trend,2025
LEVD,4,0,0,0,arrivals,0.0,0.0,trend,2025
EHLL,4,0,0,0,arrivals,0.0,0.0,trend,2025
LFLX,4,0,0,0,arrivals,0.0,0.0,trend,2025
LKCS,4,4,4,5,arrivals,1.0,1.25,trend,2025
EDQG,4,4,0,0,arrivals,0.0,0.0,trend,2025
ENQG,4,0,0,0,arrivals,0.0,0.0,trend,2025
ESNV,4,0,0,0,arrivals,0.0,0.0,trend,2025
ESDF,4,1,1,1,arrivals,0.25,0.25,trend,2025
ESOH,4,4,0,0,arrivals,0.0,0.0,trend,2025
LGKY,4,3,0,0,arrivals,0.0,0.0,trend,2025
ENQS,4,0,0,0,arrivals,0.0,0.0,trend,2025
ENSR,4,0,0,0,arrivals,0.0,0.0,trend,2025
ENGC,4,0,0,0,arrivals,0.0,0.0,trend,2025
ESOK,4,1,1,1,arrivals,0.25,0.25,trend,2025
EDAZ,4,4,0,0,arrivals,0.0,0.0,trend,2025
EGNO,4,4,4,4,arrivals,1.0,1.0,trend,2025
LSGL,4,3,0,0,arrivals,0.0,0.0,trend,2025
EFJY,4,1,1,1,arrivals,0.25,0.25,trend,2025
LFRH,4,4,4,4,arrivals,1.0,1.0,trend,2025
LTAP,4,0,0,0,arrivals,0.0,0.0,trend,2025
EETU,4,2,2,2,arrivals,0.5,0.5,trend,2025
EFKK,4,4,4,4,arrivals,1.0,1.0,trend,2025
LTAS,4,0,0,0,arrivals,0.0,0.0,trend,2025
ESGJ,4,0,0,0,arrivals,0.0,0.0,trend,2025
LGKS,4,0,0,0,arrivals,0.0,0.0,trend,2025
LFCK,4,4,4,4,arrivals,1.0,1.0,trend,2025
LTFC,4,0,0,0,arrivals,0.0,0.0,trend,2025
LKHK,4,4,0,0,arrivals,0.0,0.0,trend,2025
EFKE,4,0,0,0,arrivals,0.0,0.0,trend,2025
ESSP,4,4,3,3,arrivals,0.75,0.75,trend,2025
LDLO,4,1,0,0,arrivals,0.0,0.0,trend,2025
ESND,4,2,0,0,arrivals,0.0,0.0,trend,2025
LSZA,4,4,4,5,arrivals,1.0,1.25,trend,2025
LZPP,4,4,3,3,arrivals,0.75,0.75,trend,2025
EFKT,4,1,1,1,arrivals,0.25,0.25,trend,2025
LFLW,4,0,0,0,arrivals,0.0,0.0,trend,2025
LGBL,4,1,1,1,arrivals,0.25,0.25,trend,2025
ESGT,4,1,1,1,arrivals,0.25,0.25,trend,2025
BIBD,3,0,0,0,departures,0.0,0.0,trend,2025
ENQO,3,0,0,0,departures,0.0,0.0,trend,2025
EGLK,3,3,3,3,departures,1.0,1.0,trend,2025
LFBI,3,0,0,0,departures,0.0,0.0,trend,2025
ENWS,3,0,0,0,departures,0.0,0.0,trend,2025
URMG,3,0,0,0,departures,0.0,0.0,trend,2025
LRBM,3,0,0,0,departures,0.0,0.0,trend,2025
EGMD,3,3,2,2,departures,0.6666666666666666,0.6666666666666666,trend,2025
ETAR,3,3,3,4,departures,1.0,1.3333333333333333,trend,2025
EDGS,3,3,3,3,departures,1.0,1.0,trend,2025
URMO,3,0,0,0,departures,0.0,0.0,trend,2025
ENXO,3,1,0,0,departures,0.0,0.0,trend,2025
LELN,3,0,0,0,departures,0.0,0.0,trend,2025
LFLS,3,3,3,3,departures,1.0,1.0,trend,2025
EDTM,3,3,3,3,departures,1.0,1.0,trend,2025
LPBJ,3,2,2,2,departures,0.6666666666666666,0.6666666666666666,trend,2025
ENOL,3,1,1,1,departures,0.3333333333333333,0.3333333333333333,trend,2025
OJAM,3,0,0,0,departures,0.0,0.0,trend,2025
ENSE,3,0,0,0,departures,0.0,0.0,trend,2025
ENOC,3,0,0,0,departures,0.0,0.0,trend,2025
DTTX,3,0,0,0,departures,0.0,0.0,trend,2025
LTBH,3,0,0,0,departures,0.0,0.0,trend,2025
EFKS,3,0,0,0,departures,0.0,0.0,trend,2025
BIHN,3,0,0,0,departures,0.0,0.0,trend,2025
ENSL,3,0,0,0,departures,0.0,0.0,trend,2025
UDSG,3,0,0,0,departures,0.0,0.0,trend,2025
GMMB,3,0,0,0,departures,0.0,0.0,trend,2025
ENWY,3,0,0,0,departures,0.0,0.0,trend,2025
ESOW,3,3,3,3,departures,1.0,1.0,trend,2025
LTAL,3,0,0,0,departures,0.0,0.0,trend,2025
ESNO,3,0,0,0,departures,0.0,0.0,trend,2025
LTAS,3,0,0,0,departures,0.0,0.0,trend,2025
LFHP,3,0,0,0,departures,0.0,0.0,trend,2025
EGNH,3,3,3,3,departures,1.0,1.0,trend,2025
LGSY,3,0,0,0,departures,0.0,0.0,trend,2025
LSZS,3,1,0,0,departures,0.0,0.0,trend,2025
ESNN,3,0,0,0,departures,0.0,0.0,trend,2025
ENWV,3,0,0,0,departures,0.0,0.0,trend,2025
GMTA,3,3,3,3,departures,1.0,1.0,trend,2025
LDLO,3,1,0,0,departures,0.0,0.0,trend,2025
EKHA,3,0,0,0,departures,0.0,0.0,trend,2025
LRCK,3,0,0,0,departures,0.0,0.0,trend,2025
LFAT,3,1,1,1,departures,0.3333333333333333,0.3333333333333333,trend,2025
EGNO,3,3,3,4,departures,1.0,1.3333333333333333,trend,2025
ENOA,3,0,0,0,departures,0.0,0.0,trend,2025
LSZC,3,3,0,0,departures,0.0,0.0,trend,2025
ENQA,3,2,0,0,departures,0.0,0.0,trend,2025
OSDI,3,0,0,0,departures,0.0,0.0,trend,2025
ESUP,3,0,0,0,departures,0.0,0.0,trend,2025
BIBD,3,0,0,0,arrivals,0.0,0.0,trend,2025
ULAA,3,0,0,0,arrivals,0.0,0.0,trend,2025
LFBI,3,2,2,2,arrivals,0.6666666666666666,0.6666666666666666,trend,2025
LFLU,3,3,3,3,arrivals,1.0,1.0,trend,2025
LFOZ,3,2,0,0,arrivals,0.0,0.0,trend,2025
ENWS,3,0,0,0,arrivals,0.0,0.0,trend,2025
EHJA,3,0,0,0,arrivals,0.0,0.0,trend,2025
EPRA,3,3,3,3,arrivals,1.0,1.0,trend,2025
LFMQ,3,3,0,0,arrivals,0.0,0.0,trend,2025
OSDI,3,0,0,0,arrivals,0.0,0.0,trend,2025
LFOH,3,3,2,2,arrivals,0.6666666666666666,0.6666666666666666,trend,2025
LELN,3,3,3,3,arrivals,1.0,1.0,trend,2025
ESUP,3,0,0,0,arrivals,0.0,0.0,trend,2025
GMTA,3,3,3,3,arrivals,1.0,1.0,trend,2025
EDTM,3,3,3,3,arrivals,1.0,1.0,trend,2025
OJAM,3,0,0,0,arrivals,0.0,0.0,trend,2025
LECU,3,3,0,0,arrivals,0.0,0.0,trend,2025
ESMT,3,3,2,2,arrivals,0.6666666666666666,0.6666666666666666,trend,2025
ENOC,3,2,0,0,arrivals,0.0,0.0,trend,2025
DTTX,3,0,0,0,arrivals,0.0,0.0,trend,2025
LTBH,3,0,0,0,arrivals,0.0,0.0,trend,2025
EFKS,3,0,0,0,arrivals,0.0,0.0,trend,2025
ENSL,3,0,0,0,arrivals,0.0,0.0,trend,2025
UDSG,3,0,0,0,arrivals,0.0,0.0,trend,2025
GMMB,3,0,0,0,arrivals,0.0,0.0,trend,2025
ENWY,3,0,0,0,arrivals,0.0,0.0,trend,2025
ESOW,3,3,3,3,arrivals,1.0,1.0,trend,2025
LTAL,3,0,0,0,arrivals,0.0,0.0,trend,2025
ESNO,3,0,0,0,arrivals,0.0,0.0,trend,2025
LFHP,3,0,0,0,arrivals,0.0,0.0,trend,2025
EGNH,3,3,3,3,arrivals,1.0,1.0,trend,2025
EPZG,3,3,3,3,arrivals,1.0,1.0,trend,2025
LGSY,3,0,0,0,arrivals,0.0,0.0,trend,2025
LFRC,3,3,2,2,arrivals,0.6666666666666666,0.6666666666666666,trend,2025
ESUT,3,0,0,0,arrivals,0.0,0.0,trend,2025
EDGS,3,3,3,3,arrivals,1.0,1.0,trend,2025
ENRO,3,0,0,0,arrivals,0.0,0.0,trend,2025
ENWV,3,0,0,0,arrivals,0.0,0.0,trend,2025
LFLS,3,3,3,4,arrivals,1.0,1.3333333333333333,trend,2025
EKHA,3,0,0,0,arrivals,0.0,0.0,trend,2025
URWW,3,0,0,0,arrivals,0.0,0.0,trend,2025
ENFB,3,0,0,0,arrivals,0.0,0.0,trend,2025
ESMQ,3,3,3,3,arrivals,1.0,1.0,trend,2025
BIHN,3,0,0,0,arrivals,0.0,0.0,trend,2025
EHFB,3,0,0,0,arrivals,0.0,0.0,trend,2025
ENQA,3,2,0,0,arrivals,0.0,0.0,trend,2025
LFRD,3,3,3,4,arrivals,1.0,1.3333333333333333,trend,2025
LFQG,2,0,0,0,departures,0.0,0.0,trend,2025
EHPK,2,2,0,0,departures,0.0,0.0,trend,2025
LFLU,2,2,2,2,departures,1.0,1.0,trend,2025
LTAG,2,0,0,0,departures,0.0,0.0,trend,2025
LFRC,2,2,1,5,departures,0.5,2.5,trend,2025
ENQV,2,0,0,0,departures,0.0,0.0,trend,2025
LFMQ,2,2,2,2,departures,1.0,1.0,trend,2025
EGFE,2,2,2,2,departures,1.0,1.0,trend,2025
EHKJ,2,0,0,0,departures,0.0,0.0,trend,2025
ENQC,2,1,0,0,departures,0.0,0.0,trend,2025
LFOK,2,1,1,1,departures,0.5,0.5,trend,2025
EGBJ,2,2,2,2,departures,1.0,1.0,trend,2025
LSGK,2,0,0,0,departures,0.0,0.0,trend,2025
EGPC,2,0,0,0,departures,0.0,0.0,trend,2025
LSGC,2,1,1,3,departures,0.5,1.5,trend,2025
ENNE,2,0,0,0,departures,0.0,0.0,trend,2025
ENQS,2,0,0,0,departures,0.0,0.0,trend,2025
ENXW,2,1,0,0,departures,0.0,0.0,trend,2025
LEAB,2,2,2,2,departures,1.0,1.0,trend,2025
EGVN,2,2,2,2,departures,1.0,1.0,trend,2025
EDXQ,2,2,0,0,departures,0.0,0.0,trend,2025
LTBY,2,0,0,0,departures,0.0,0.0,trend,2025
ENWA,2,0,0,0,departures,0.0,0.0,trend,2025
LFPT,2,2,2,3,departures,1.0,1.5,trend,2025
OENN,2,0,0,0,departures,0.0,0.0,trend,2025
ENUA,2,0,0,0,departures,0.0,0.0,trend,2025
LEGT,2,2,2,2,departures,1.0,1.0,trend,2025
LFGA,2,1,1,2,departures,0.5,1.0,trend,2025
LDRG,2,0,0,0,departures,0.0,0.0,trend,2025
GMMD,2,0,0,0,departures,0.0,0.0,trend,2025
LFRV,2,2,2,2,departures,1.0,1.0,trend,2025
LJMB,2,2,1,2,departures,0.5,1.0,trend,2025
LTBZ,2,0,0,0,departures,0.0,0.0,trend,2025
LTBU,2,2,2,2,departures,1.0,1.0,trend,2025
ESUT,2,0,0,0,departures,0.0,0.0,trend,2025
BIVO,2,0,0,0,departures,0.0,0.0,trend,2025
ENQD,2,0,0,0,departures,0.0,0.0,trend,2025
EHGQ,2,0,0,0,departures,0.0,0.0,trend,2025
LFOH,2,2,0,0,departures,0.0,0.0,trend,2025
LGPL,2,1,0,0,departures,0.0,0.0,trend,2025
LSTS,2,2,0,0,departures,0.0,0.0,trend,2025
EHLL,2,0,0,0,departures,0.0,0.0,trend,2025
GMAT,2,0,0,0,departures,0.0,0.0,trend,2025
BITN,2,0,0,0,departures,0.0,0.0,trend,2025
LFLX,2,0,0,0,departures,0.0,0.0,trend,2025
DAUB,2,0,0,0,departures,0.0,0.0,trend,2025
ORNI,2,0,0,0,departures,0.0,0.0,trend,2025
LEDA,2,0,0,0,departures,0.0,0.0,trend,2025
ETND,2,2,2,2,departures,1.0,1.0,trend,2025
LIBG,2,0,0,0,departures,0.0,0.0,trend,2025
LKKV,2,2,2,2,departures,1.0,1.0,trend,2025
LFAC,2,1,1,1,departures,0.5,0.5,trend,2025
ENQE,2,1,0,0,departures,0.0,0.0,trend,2025
EHFB,2,0,0,0,departures,0.0,0.0,trend,2025
EGNL,2,2,1,1,departures,0.5,0.5,trend,2025
LRSM,2,0,0,0,departures,0.0,0.0,trend,2025
ENQJ,2,0,0,0,departures,0.0,0.0,trend,2025
ULAA,2,0,0,0,departures,0.0,0.0,trend,2025
LGKJ,2,0,0,0,departures,0.0,0.0,trend,2025
ENGA,2,0,0,0,departures,0.0,0.0,trend,2025
DAOI,2,0,0,0,departures,0.0,0.0,trend,2025
LZPP,2,2,2,2,departures,1.0,1.0,trend,2025
ESST,2,2,2,4,departures,1.0,2.0,trend,2025
EIWF,2,1,1,1,departures,0.5,0.5,trend,2025
HLMS,2,0,0,0,departures,0.0,0.0,trend,2025
LFQG,2,0,0,0,arrivals,0.0,0.0,trend,2025
ENQO,2,0,0,0,arrivals,0.0,0.0,trend,2025
EGLK,2,2,1,1,arrivals,0.5,0.5,trend,2025
LTBZ,2,0,0,0,arrivals,0.0,0.0,trend,2025
LTAG,2,0,0,0,arrivals,0.0,0.0,trend,2025
LTBU,2,2,2,11,arrivals,1.0,5.5,trend,2025
ENQV,2,0,0,0,arrivals,0.0,0.0,trend,2025
EGMD,2,2,2,2,arrivals,1.0,1.0,trend,2025
LFOK,2,0,0,0,arrivals,0.0,0.0,trend,2025
ESNN,2,1,1,1,arrivals,0.5,0.5,trend,2025
LSGK,2,2,0,0,arrivals,0.0,0.0,trend,2025
EDMS,2,1,0,0,arrivals,0.0,0.0,trend,2025
ENWE,2,0,0,0,arrivals,0.0,0.0,trend,2025
LSGC,2,2,2,2,arrivals,1.0,1.0,trend,2025
ENNE,2,0,0,0,arrivals,0.0,0.0,trend,2025
DAUB,2,0,0,0,arrivals,0.0,0.0,trend,2025
EHKV,2,1,0,0,arrivals,0.0,0.0,trend,2025
ORNI,2,0,0,0,arrivals,0.0,0.0,trend,2025
LEDA,2,0,0,0,arrivals,0.0,0.0,trend,2025
ETND,2,2,2,2,arrivals,1.0,1.0,trend,2025
ENSE,2,0,0,0,arrivals,0.0,0.0,trend,2025
DAOI,2,1,1,1,arrivals,0.5,0.5,trend,2025
ENXW,2,0,0,0,arrivals,0.0,0.0,trend,2025
LEAB,2,2,2,2,arrivals,1.0,1.0,trend,2025
LFRT,2,2,0,0,arrivals,0.0,0.0,trend,2025
ENWA,2,1,0,0,arrivals,0.0,0.0,trend,2025
LFPT,2,2,2,2,arrivals,1.0,1.0,trend,2025
LKKV,2,2,2,2,arrivals,1.0,1.0,trend,2025
EHPG,2,2,0,0,arrivals,0.0,0.0,trend,2025
LEGT,2,2,1,1,arrivals,0.5,0.5,trend,2025
EKHB,2,0,0,0,arrivals,0.0,0.0,trend,2025
ESST,2,2,2,5,arrivals,1.0,2.5,trend,2025
ENQR,2,0,0,0,arrivals,0.0,0.0,trend,2025
EBMB,2,2,0,0,arrivals,0.0,0.0,trend,2025
LFRV,2,2,2,2,arrivals,1.0,1.0,trend,2025
DTTZ,2,0,0,0,arrivals,0.0,0.0,trend,2025
LJMB,2,1,1,2,arrivals,0.5,1.0,trend,2025
EHJR,2,0,0,0,arrivals,0.0,0.0,trend,2025
BIVO,2,0,0,0,arrivals,0.0,0.0,trend,2025
EHKJ,2,0,0,0,arrivals,0.0,0.0,trend,2025
ENQD,2,0,0,0,arrivals,0.0,0.0,trend,2025
OJAQ,2,1,0,0,arrivals,0.0,0.0,trend,2025
GMAT,2,1,0,0,arrivals,0.0,0.0,trend,2025
BITN,2,0,0,0,arrivals,0.0,0.0,trend,2025
LFSN,2,2,0,0,arrivals,0.0,0.0,trend,2025
LFJR,2,2,2,2,arrivals,1.0,1.0,trend,2025
EGPC,2,0,0,0,arrivals,0.0,0.0,trend,2025
EDFZ,2,2,1,1,arrivals,0.5,0.5,trend,2025
LRCK,2,0,0,0,arrivals,0.0,0.0,trend,2025
LOAN,2,2,1,1,arrivals,0.5,0.5,trend,2025
LTBY,2,0,0,0,arrivals,0.0,0.0,trend,2025
LIBG,2,1,0,0,arrivals,0.0,0.0,trend,2025
OENN,2,0,0,0,arrivals,0.0,0.0,trend,2025
ENUA,2,0,0,0,arrivals,0.0,0.0,trend,2025
EDLN,2,2,0,0,arrivals,0.0,0.0,trend,2025
LESU,2,0,0,0,arrivals,0.0,0.0,trend,2025
ENQE,2,0,0,0,arrivals,0.0,0.0,trend,2025
GMMD,2,0,0,0,arrivals,0.0,0.0,trend,2025
EGNL,2,2,1,1,arrivals,0.5,0.5,trend,2025
ENUD,2,0,0,0,arrivals,0.0,0.0,trend,2025
ENQJ,2,0,0,0,arrivals,0.0,0.0,trend,2025
HLMS,2,1,0,0,arrivals,0.0,0.0,trend,2025
ORKK,2,0,0,0,arrivals,0.0,0.0,trend,2025
EGBJ,2,2,2,2,arrivals,1.0,1.0,trend,2025
LFAT,2,2,1,1,arrivals,0.5,0.5,trend,2025
LFAC,2,2,1,1,arrivals,0.5,0.5,trend,2025
EBCV,1,1,1,1,departures,1.0,1.0,trend,2025
ENRK,1,1,0,0,departures,0.0,0.0,trend,2025
ULPB,1,0,0,0,departures,0.0,0.0,trend,2025
EHTW,1,1,1,1,departures,1.0,1.0,trend,2025
ENSF,1,0,0,0,departures,0.0,0.0,trend,2025
UGSA,1,0,0,0,departures,0.0,0.0,trend,2025
EDQM,1,1,1,1,departures,1.0,1.0,trend,2025
DABT,1,0,0,0,departures,0.0,0.0,trend,2025
LGTG,1,0,0,0,departures,0.0,0.0,trend,2025
EYSA,1,1,1,1,departures,1.0,1.0,trend,2025
EDMS,1,1,0,0,departures,0.0,0.0,trend,2025
URWA,1,0,0,0,departures,0.0,0.0,trend,2025
ENWE,1,0,0,0,departures,0.0,0.0,trend,2025
ENQG,1,0,0,0,departures,0.0,0.0,trend,2025
EHKV,1,0,0,0,departures,0.0,0.0,trend,2025
LFLA,1,0,0,0,departures,0.0,0.0,trend,2025
LFGF,1,1,0,0,departures,0.0,0.0,trend,2025
UMII,1,0,0,0,departures,0.0,0.0,trend,2025
LOIH,1,1,0,0,departures,0.0,0.0,trend,2025
ENQK,1,0,0,0,departures,0.0,0.0,trend,2025
ULMM,1,0,0,0,departures,0.0,0.0,trend,2025
ESMK,1,1,1,1,departures,1.0,1.0,trend,2025
EDWF,1,1,0,0,departures,0.0,0.0,trend,2025
LFAQ,1,1,0,0,departures,0.0,0.0,trend,2025
EKGC,1,0,0,0,departures,0.0,0.0,trend,2025
ENWK,1,0,0,0,departures,0.0,0.0,trend,2025
LFRO,1,1,1,1,departures,1.0,1.0,trend,2025
ULWC,1,0,0,0,departures,0.0,0.0,trend,2025
LFRI,1,0,0,1,departures,0.0,1.0,trend,2025
USKK,1,0,0,0,departures,0.0,0.0,trend,2025
UWPS,1,0,0,0,departures,0.0,0.0,trend,2025
EGEO,1,0,0,0,departures,0.0,0.0,trend,2025
LKKU,1,1,1,1,departures,1.0,1.0,trend,2025
EHPG,1,0,0,0,departures,0.0,0.0,trend,2025
ENWI,1,0,0,0,departures,0.0,0.0,trend,2025
LFCI,1,1,1,1,departures,1.0,1.0,trend,2025
EIWT,1,1,0,0,departures,0.0,0.0,trend,2025
EGUB,1,1,1,3,departures,1.0,3.0,trend,2025
ENLA,1,1,0,0,departures,0.0,0.0,trend,2025
LFBF,1,1,0,0,departures,0.0,0.0,trend,2025
LKRO,1,1,0,0,departures,0.0,0.0,trend,2025
EGSC,1,1,1,3,departures,1.0,3.0,trend,2025
EGHL,1,1,1,1,departures,1.0,1.0,trend,2025
ENDR,1,0,0,0,departures,0.0,0.0,trend,2025
LFCH,1,0,0,0,departures,0.0,0.0,trend,2025
DTTZ,1,0,0,0,departures,0.0,0.0,trend,2025
EFLP,1,0,0,0,departures,0.0,0.0,trend,2025
DAUH,1,0,0,0,departures,0.0,0.0,trend,2025
EPBC,1,0,0,0,departures,0.0,0.0,trend,2025
EPWK,1,0,0,0,departures,0.0,0.0,trend,2025
EDRZ,1,1,0,0,departures,0.0,0.0,trend,2025
EBSP,1,1,0,0,departures,0.0,0.0,trend,2025
GMAZ,1,1,0,0,departures,0.0,0.0,trend,2025
LKMH,1,1,0,0,departures,0.0,0.0,trend,2025
ENQL,1,0,0,0,departures,0.0,0.0,trend,2025
EHJR,1,0,0,0,departures,0.0,0.0,trend,2025
LEBA,1,1,1,1,departures,1.0,1.0,trend,2025
LKJI,1,1,0,0,departures,0.0,0.0,trend,2025
LYKV,1,0,0,0,departures,0.0,0.0,trend,2025
LIMG,1,1,1,2,departures,1.0,2.0,trend,2025
EDBM,1,1,0,0,departures,0.0,0.0,trend,2025
LFJR,1,1,1,1,departures,1.0,1.0,trend,2025
LRAR,1,0,0,0,departures,0.0,0.0,trend,2025
LFLH,1,1,0,0,departures,0.0,0.0,trend,2025
EDBC,1,1,0,0,departures,0.0,0.0,trend,2025
EDFZ,1,1,1,1,departures,1.0,1.0,trend,2025
ENQM,1,0,0,0,departures,0.0,0.0,trend,2025
EHKS,1,0,0,0,departures,0.0,0.0,trend,2025
EDFE,1,1,0,3,departures,0.0,3.0,trend,2025
LKPM,1,1,0,0,departures,0.0,0.0,trend,2025
LFSG,1,0,0,0,departures,0.0,0.0,trend,2025
UBBF,1,0,0,0,departures,0.0,0.0,trend,2025
ENBE,1,0,0,0,departures,0.0,0.0,trend,2025
DAAV,1,0,0,0,departures,0.0,0.0,trend,2025
DAUG,1,0,0,0,departures,0.0,0.0,trend,2025
EKSI,1,0,0,0,departures,0.0,0.0,trend,2025
EDTF,1,1,0,0,departures,0.0,0.0,trend,2025
EHJC,1,0,0,0,departures,0.0,0.0,trend,2025
EKHB,1,0,0,0,departures,0.0,0.0,trend,2025
LGKA,1,0,0,0,departures,0.0,0.0,trend,2025
EPCD,1,1,0,0,departures,0.0,0.0,trend,2025
ENUN,1,0,0,0,departures,0.0,0.0,trend,2025
BIGJ,1,0,0,0,departures,0.0,0.0,trend,2025
UBBL,1,0,0,0,departures,0.0,0.0,trend,2025
ENUD,1,0,0,0,departures,0.0,0.0,trend,2025
LFMH,1,1,1,1,departures,1.0,1.0,trend,2025
EPPW,1,0,0,0,departures,0.0,0.0,trend,2025
LFHS,1,1,0,0,departures,0.0,0.0,trend,2025
LFOP,1,0,0,0,departures,0.0,0.0,trend,2025
LOLW,1,1,0,0,departures,0.0,0.0,trend,2025
EHAK,1,0,0,0,departures,0.0,0.0,trend,2025
ENUE,1,0,0,0,departures,0.0,0.0,trend,2025
EDMV,1,0,0,0,departures,0.0,0.0,trend,2025
EKTE,1,0,0,0,departures,0.0,0.0,trend,2025
OJAQ,1,0,0,0,departures,0.0,0.0,trend,2025
EDAY,1,1,0,0,departures,0.0,0.0,trend,2025
EGOV,1,1,1,1,departures,1.0,1.0,trend,2025
LFLD,1,0,0,0,departures,0.0,0.0,trend,2025
ENUS,1,0,0,0,departures,0.0,0.0,trend,2025
LPEV,1,1,1,1,departures,1.0,1.0,trend,2025
ENRY,1,1,1,1,departures,1.0,1.0,trend,2025
LFBA,1,0,0,0,departures,0.0,0.0,trend,2025
EHFD,1,0,0,0,departures,0.0,0.0,trend,2025
ENQB,1,1,0,0,departures,0.0,0.0,trend,2025
OIGG,1,0,0,0,departures,0.0,0.0,trend,2025
LIRJ,1,0,0,0,departures,0.0,0.0,trend,2025
LCRA,1,1,1,1,departures,1.0,1.0,trend,2025
EHQM,1,0,0,0,departures,0.0,0.0,trend,2025
UUBC,1,0,0,0,departures,0.0,0.0,trend,2025
UUBI,1,0,0,0,departures,0.0,0.0,trend,2025
EGBK,1,1,0,0,departures,0.0,0.0,trend,2025
EHGN,1,0,0,0,departures,0.0,0.0,trend,2025
ENQR,1,0,0,0,departures,0.0,0.0,trend,2025
LSZG,1,1,1,1,departures,1.0,1.0,trend,2025
EHLE,1,1,1,1,departures,1.0,1.0,trend,2025
ENUK,1,0,0,0,departures,0.0,0.0,trend,2025
EBMB,1,1,0,0,departures,0.0,0.0,trend,2025
EDTD,1,1,1,2,departures,1.0,2.0,trend,2025
LGKZ,1,0,0,0,departures,0.0,0.0,trend,2025
LHPR,1,1,1,1,departures,1.0,1.0,trend,2025
LFLO,1,1,1,1,departures,1.0,1.0,trend,2025
DAUH,1,0,0,0,arrivals,0.0,0.0,trend,2025
EBCV,1,1,1,1,arrivals,1.0,1.0,trend,2025
EHFT,1,0,0,0,arrivals,0.0,0.0,trend,2025
ENRK,1,1,0,0,arrivals,0.0,0.0,trend,2025
ULPB,1,0,0,0,arrivals,0.0,0.0,trend,2025
LEBA,1,1,1,1,arrivals,1.0,1.0,trend,2025
UGSA,1,0,0,0,arrivals,0.0,0.0,trend,2025
LIMG,1,1,1,1,arrivals,1.0,1.0,trend,2025
EDBM,1,1,0,0,arrivals,0.0,0.0,trend,2025
URWA,1,0,0,0,arrivals,0.0,0.0,trend,2025
LFLD,1,0,0,0,arrivals,0.0,0.0,trend,2025
LPEV,1,1,1,1,arrivals,1.0,1.0,trend,2025
EDBC,1,1,0,0,arrivals,0.0,0.0,trend,2025
LFLA,1,0,0,0,arrivals,0.0,0.0,trend,2025
UMII,1,0,0,0,arrivals,0.0,0.0,trend,2025
ENQB,1,0,0,0,arrivals,0.0,0.0,trend,2025
OIGG,1,0,0,0,arrivals,0.0,0.0,trend,2025
LIRJ,1,0,0,0,arrivals,0.0,0.0,trend,2025
LFAQ,1,1,0,0,arrivals,0.0,0.0,trend,2025
ENWK,1,0,0,0,arrivals,0.0,0.0,trend,2025
LFRO,1,1,1,1,arrivals,1.0,1.0,trend,2025
LFTF,1,1,0,0,arrivals,0.0,0.0,trend,2025
ULWC,1,0,0,0,arrivals,0.0,0.0,trend,2025
EGTF,1,1,0,0,arrivals,0.0,0.0,trend,2025
DAAV,1,0,0,0,arrivals,0.0,0.0,trend,2025
USKK,1,0,0,0,arrivals,0.0,0.0,trend,2025
UWPS,1,0,0,0,arrivals,0.0,0.0,trend,2025
EDGE,1,1,0,0,arrivals,0.0,0.0,trend,2025
EKAR,1,0,0,0,arrivals,0.0,0.0,trend,2025
LSZC,1,1,0,0,arrivals,0.0,0.0,trend,2025
UUBC,1,0,0,0,arrivals,0.0,0.0,trend,2025
UUBI,1,0,0,0,arrivals,0.0,0.0,trend,2025
LFCI,1,1,1,1,arrivals,1.0,1.0,trend,2025
LFGA,1,1,1,1,arrivals,1.0,1.0,trend,2025
EGUB,1,1,1,1,arrivals,1.0,1.0,trend,2025
ENLA,1,0,0,0,arrivals,0.0,0.0,trend,2025
LKRO,1,1,0,0,arrivals,0.0,0.0,trend,2025
LRSM,1,0,0,0,arrivals,0.0,0.0,trend,2025
EHKE,1,0,0,0,arrivals,0.0,0.0,trend,2025
EGSC,1,1,1,1,arrivals,1.0,1.0,trend,2025
ENDR,1,0,0,0,arrivals,0.0,0.0,trend,2025
UBBL,1,0,0,0,arrivals,0.0,0.0,trend,2025
LHPR,1,1,1,1,arrivals,1.0,1.0,trend,2025
EGWC,1,1,1,1,arrivals,1.0,1.0,trend,2025
EHPK,1,0,0,0,arrivals,0.0,0.0,trend,2025
LPVR,1,1,1,4,arrivals,1.0,4.0,trend,2025
EPWK,1,0,0,0,arrivals,0.0,0.0,trend,2025
GMAZ,1,0,0,0,arrivals,0.0,0.0,trend,2025
LIQS,1,0,0,0,arrivals,0.0,0.0,trend,2025
LKMH,1,1,0,0,arrivals,0.0,0.0,trend,2025
EHTW,1,1,1,1,arrivals,1.0,1.0,trend,2025
EPNT,1,0,0,0,arrivals,0.0,0.0,trend,2025
EGFE,1,1,1,1,arrivals,1.0,1.0,trend,2025
ENQC,1,1,0,0,arrivals,0.0,0.0,trend,2025
LIMW,1,0,0,0,arrivals,0.0,0.0,trend,2025
LSTS,1,1,0,0,arrivals,0.0,0.0,trend,2025
LYKV,1,0,0,0,arrivals,0.0,0.0,trend,2025
EHDV,1,0,0,0,arrivals,0.0,0.0,trend,2025
EDLE,1,1,0,0,arrivals,0.0,0.0,trend,2025
EGBP,1,1,0,0,arrivals,0.0,0.0,trend,2025
ENQM,1,0,0,0,arrivals,0.0,0.0,trend,2025
EDFE,1,1,0,3,arrivals,0.0,3.0,trend,2025
LFSG,1,0,0,1,arrivals,0.0,1.0,trend,2025
UBBF,1,0,0,0,arrivals,0.0,0.0,trend,2025
EHFD,1,0,0,0,arrivals,0.0,0.0,trend,2025
EHLI,1,0,0,0,arrivals,0.0,0.0,trend,2025
EDBR,1,1,1,1,arrivals,1.0,1.0,trend,2025
EDXQ,1,1,0,0,arrivals,0.0,0.0,trend,2025
EDTF,1,1,0,0,arrivals,0.0,0.0,trend,2025
LDRG,1,1,0,0,arrivals,0.0,0.0,trend,2025
EIWT,1,1,0,0,arrivals,0.0,0.0,trend,2025
ENUN,1,0,0,0,arrivals,0.0,0.0,trend,2025
LGKZ,1,0,0,0,arrivals,0.0,0.0,trend,2025
LFMH,1,1,1,1,arrivals,1.0,1.0,trend,2025
EPPW,1,0,0,0,arrivals,0.0,0.0,trend,2025
LFPN,1,1,0,0,arrivals,0.0,0.0,trend,2025
LFOP,1,1,1,1,arrivals,1.0,1.0,trend,2025
LOLW,1,1,0,0,arrivals,0.0,0.0,trend,2025
ENSF,1,0,0,0,arrivals,0.0,0.0,trend,2025
EDQM,1,1,1,1,arrivals,1.0,1.0,trend,2025
DABT,1,0,0,0,arrivals,0.0,0.0,trend,2025
EHGQ,1,0,0,0,arrivals,0.0,0.0,trend,2025
EDMV,1,0,0,0,arrivals,0.0,0.0,trend,2025
EDAQ,1,1,0,0,arrivals,0.0,0.0,trend,2025
EGOV,1,1,0,0,arrivals,0.0,0.0,trend,2025
ENUS,1,0,0,0,arrivals,0.0,0.0,trend,2025
ENGA,1,0,0,0,arrivals,0.0,0.0,trend,2025
LRAR,1,0,0,1,arrivals,0.0,1.0,trend,2025
LFLH,1,1,0,0,arrivals,0.0,0.0,trend,2025
LFBA,1,1,1,1,arrivals,1.0,1.0,trend,2025
ULMM,1,0,0,0,arrivals,0.0,0.0,trend,2025
LFRI,1,0,0,0,arrivals,0.0,0.0,trend,2025
EHFR,1,0,0,0,arrivals,0.0,0.0,trend,2025
LGKA,1,0,0,0,arrivals,0.0,0.0,trend,2025
EGBK,1,1,0,0,arrivals,0.0,0.0,trend,2025
EIWF,1,1,1,1,arrivals,1.0,1.0,trend,2025
BIGJ,1,0,0,0,arrivals,0.0,0.0,trend,2025
LJPZ,1,1,1,2,arrivals,1.0,2.0,trend,2025
EHLE,1,1,1,1,arrivals,1.0,1.0,trend,2025
ENUK,1,0,0,0,arrivals,0.0,0.0,trend,2025
EDTD,1,1,1,1,arrivals,1.0,1.0,trend,2025
LFLO,1,1,0,0,arrivals,0.0,0.0,trend,2025
EFLP,1,0,0,0,arrivals,0.0,0.0,trend,2025
OOA,7964,368,138,265,arrivals,0.017327975891511804,0.033274736313410345,endpoint,2025
OOA,7892,967,629,705,departures,0.07970096300050684,0.08933096806893057,endpoint,2025
LTFM,2282,2173,2166,2174,departures,0.9491673970201577,0.9526730937773883,endpoint,2025
LTFM,2258,1737,1680,1682,arrivals,0.7440212577502214,0.7449069973427812,endpoint,2025
EHAM,2148,2143,2143,2165,departures,0.9976722532588455,1.0079143389199254,endpoint,2025
EHAM,2136,1789,1781,1784,arrivals,0.8338014981273408,0.8352059925093633,endpoint,2025
EDDF,2094,2080,2080,2085,departures,0.9933142311365807,0.995702005730659,endpoint,2025
EDDF,2091,1625,1617,1623,arrivals,0.7733142037302726,0.776183644189383,endpoint,2025
LFPG,2084,2065,2061,2072,departures,0.9889635316698656,0.9942418426103646,endpoint,2025
LFPG,2066,1572,1556,1562,arrivals,0.7531461761858664,0.7560503388189739,endpoint,2025
EGLL,2001,1989,1988,2024,departures,0.993503248375812,1.0114942528735633,endpoint,2025
EGLL,1986,1171,1166,1200,arrivals,0.5871097683786506,0.6042296072507553,endpoint,2025
LEMD,1786,1397,1352,1370,arrivals,0.7569988801791714,0.7670772676371781,endpoint,2025
LEMD,1773,1758,1757,1759,departures,0.990975747320925,0.9921037789058094,endpoint,2025
LEBL,1597,1473,1452,1455,arrivals,0.9092047589229806,0.9110832811521603,endpoint,2025
LEBL,1591,1578,1577,1580,departures,0.9912005028284098,0.9930861093651792,endpoint,2025
EDDM,1573,1561,1561,1564,departures,0.9923712650985378,0.9942784488239034,endpoint,2025
EDDM,1571,1378,1371,1373,arrivals,0.8726925525143221,0.8739656269891789,endpoint,2025
LIRF,1449,1442,1442,1443,departures,0.9951690821256038,0.9958592132505176,endpoint,2025
LTAI,1437,1005,985,988,arrivals,0.6854558107167711,0.6875434933890049,endpoint,2025
LEPA,1436,1380,1376,1378,arrivals,0.958217270194986,0.9596100278551533,endpoint,2025
LTAI,1435,1229,1228,1234,departures,0.8557491289198607,0.8599303135888502,endpoint,2025
LIRF,1433,1191,1188,1190,arrivals,0.829030006978367,0.8304256803907886,endpoint,2025
LEPA,1417,1360,1360,1361,departures,0.9597741707833451,0.9604798870853917,endpoint,2025
LGAV,1317,1022,1014,1031,arrivals,0.7699316628701595,0.782839787395596,endpoint,2025
LGAV,1306,1238,1238,1251,departures,0.9479326186830015,0.9578866768759571,endpoint,2025
EGKK,1223,1213,1213,1215,departures,0.9918233851185609,0.9934587080948487,endpoint,2025
EGKK,1220,995,988,989,arrivals,0.8098360655737705,0.8106557377049181,endpoint,2025
EIDW,1188,994,980,981,arrivals,0.8249158249158249,0.8257575757575758,endpoint,2025
EIDW,1185,1164,1163,1166,departures,0.9814345991561182,0.9839662447257383,endpoint,2025
LSZH,1178,1170,1163,1167,departures,0.9872665534804754,0.9906621392190152,endpoint,2025
LSZH,1160,1009,1000,1004,arrivals,0.8620689655172413,0.8655172413793103,endpoint,2025
LOWW,1156,1137,1136,1144,departures,0.9826989619377162,0.9896193771626297,endpoint,2025
EKCH,1152,1022,1018,1018,arrivals,0.8836805555555556,0.8836805555555556,endpoint,2025
LOWW,1145,1012,1007,1008,arrivals,0.879475982532751,0.880349344978166,endpoint,2025
EKCH,1140,1132,1132,1135,departures,0.9929824561403509,0.9956140350877193,endpoint,2025
LTFJ,1138,952,929,936,arrivals,0.8163444639718805,0.8224956063268892,endpoint,2025
LTFJ,1137,1092,1091,1105,departures,0.9595426561125769,0.9718557607739666,endpoint,2025
LPPT,1010,1001,1001,1001,departures,0.9910891089108911,0.9910891089108911,endpoint,2025
LPPT,1001,773,769,769,arrivals,0.7682317682317682,0.7682317682317682,endpoint,2025
LFPO,992,982,982,990,departures,0.9899193548387096,0.9979838709677419,endpoint,2025
LFPO,991,909,908,909,arrivals,0.9162462159434914,0.917255297679112,endpoint,2025
LIMC,973,964,963,968,departures,0.9897225077081192,0.9948612538540597,endpoint,2025
LIMC,967,828,820,826,arrivals,0.8479834539813857,0.8541882109617374,endpoint,2025
ENGM,940,881,878,884,arrivals,0.9340425531914893,0.9404255319148936,endpoint,2025
ENGM,932,919,919,924,departures,0.9860515021459227,0.9914163090128756,endpoint,2025
EGCC,926,906,905,905,departures,0.9773218142548596,0.9773218142548596,endpoint,2025
EGCC,924,765,754,754,arrivals,0.816017316017316,0.816017316017316,endpoint,2025
EGSS,888,777,771,776,arrivals,0.8682432432432432,0.8738738738738738,endpoint,2025
EGSS,885,880,880,881,departures,0.9943502824858758,0.9954802259887006,endpoint,2025
EPWA,880,717,706,706,arrivals,0.8022727272727272,0.8022727272727272,endpoint,2025
EPWA,875,869,868,872,departures,0.992,0.9965714285714286,endpoint,2025
EBBR,872,866,866,883,departures,0.9931192660550459,1.0126146788990826,endpoint,2025
EBBR,871,741,736,741,arrivals,0.8450057405281286,0.8507462686567164,endpoint,2025
EDDB,870,852,850,864,departures,0.9770114942528736,0.993103448275862,endpoint,2025
LEMG,861,838,831,831,arrivals,0.9651567944250871,0.9651567944250871,endpoint,2025
LEMG,850,846,846,848,departures,0.9952941176470588,0.9976470588235294,endpoint,2025
ESSA,841,724,719,723,arrivals,0.8549346016646849,0.8596908442330559,endpoint,2025
EDDB,840,769,767,774,arrivals,0.9130952380952381,0.9214285714285714,endpoint,2025
ESSA,820,771,767,771,departures,0.9353658536585366,0.9402439024390243,endpoint,2025
EDDL,758,747,745,750,departures,0.9828496042216359,0.9894459102902374,endpoint,2025
EDDL,751,698,691,695,arrivals,0.9201065246338216,0.9254327563249002,endpoint,2025
LFMN,710,673,662,666,arrivals,0.9323943661971831,0.9380281690140845,endpoint,2025
LFMN,707,697,691,693,departures,0.9773691654879774,0.9801980198019802,endpoint,2025
LSGG,680,675,675,687,departures,0.9926470588235294,1.0102941176470588,endpoint,2025
LSGG,670,624,623,633,arrivals,0.9298507462686567,0.9447761194029851,endpoint,2025
LKPR,667,657,656,660,departures,0.9835082458770614,0.9895052473763118,endpoint,2025
EFHK,666,580,578,583,arrivals,0.8678678678678678,0.8753753753753754,endpoint,2025
EFHK,659,653,653,660,departures,0.9908952959028832,1.0015174506828528,endpoint,2025
LKPR,657,598,595,598,arrivals,0.9056316590563166,0.9101978691019786,endpoint,2025
LEAL,599,597,597,597,departures,0.996661101836394,0.996661101836394,endpoint,2025
LEAL,599,581,577,577,arrivals,0.9632721202003339,0.9632721202003339,endpoint,2025
EGPH,584,514,512,515,arrivals,0.8767123287671232,0.8818493150684932,endpoint,2025
LHBP,578,555,553,554,departures,0.9567474048442907,0.9584775086505191,endpoint,2025
EGPH,577,571,570,570,departures,0.9878682842287695,0.9878682842287695,endpoint,2025
LHBP,577,483,479,480,arrivals,0.830155979202773,0.8318890814558059,endpoint,2025
EGGW,552,490,483,485,arrivals,0.875,0.8786231884057971,endpoint,2025
EGGW,550,549,549,551,departures,0.9981818181818182,1.0018181818181817,endpoint,2025
EDDH,538,531,528,537,departures,0.9814126394052045,0.9981412639405205,endpoint,2025
EDDH,532,502,498,507,arrivals,0.9360902255639098,0.9530075187969925,endpoint,2025
GCLP,521,89,0,0,arrivals,0.0,0.0,endpoint,2025
GCLP,520,24,0,0,departures,0.0,0.0,endpoint,2025
LLBG,516,416,414,442,arrivals,0.8023255813953488,0.8565891472868217,endpoint,2025
EDDK,515,500,500,501,departures,0.970873786407767,0.9728155339805825,endpoint,2025
LLBG,513,500,500,510,departures,0.9746588693957114,0.9941520467836257,endpoint,2025
LPPR,513,511,508,509,departures,0.9902534113060428,0.9922027290448343,endpoint,2025
LPPR,512,444,438,439,arrivals,0.85546875,0.857421875,endpoint,2025
LEIB,509,490,489,490,arrivals,0.9607072691552063,0.962671905697446,endpoint,2025
EDDK,509,459,455,462,arrivals,0.8939096267190569,0.9076620825147348,endpoint,2025
LROP,509,466,464,465,arrivals,0.9115913555992141,0.9135559921414538,endpoint,2025
LROP,504,491,491,491,departures,0.9742063492063492,0.9742063492063492,endpoint,2025
LEIB,495,484,484,484,departures,0.9777777777777777,0.9777777777777777,endpoint,2025
EGBB,474,468,468,468,departures,0.9873417721518988,0.9873417721518988,endpoint,2025
EGBB,466,398,394,394,arrivals,0.8454935622317596,0.8454935622317596,endpoint,2025
LIML,465,446,445,451,arrivals,0.956989247311828,0.9698924731182795,endpoint,2025
LIME,460,430,427,427,arrivals,0.9282608695652174,0.9282608695652174,endpoint,2025
LIML,458,451,451,452,departures,0.9847161572052402,0.9868995633187773,endpoint,2025
LIME,453,450,450,450,departures,0.9933774834437086,0.9933774834437086,endpoint,2025
LIRN,449,380,334,337,departures,0.7438752783964365,0.7505567928730512,endpoint,2025
LIRN,447,373,315,322,arrivals,0.7046979865771812,0.7203579418344519,endpoint,2025
LFML,445,425,422,423,arrivals,0.9483146067415731,0.950561797752809,endpoint,2025
LFML,444,441,440,441,departures,0.990990990990991,0.9932432432432432,endpoint,2025
EDDS,440,420,414,417,departures,0.9409090909090909,0.9477272727272728,endpoint,2025
EDDS,433,401,394,395,arrivals,0.9099307159353349,0.9122401847575058,endpoint,2025
LGIR,430,49,0,0,arrivals,0.0,0.0,endpoint,2025
LGIR,424,6,0,0,departures,0.0,0.0,endpoint,2025
LIPZ,412,408,408,409,departures,0.9902912621359223,0.9927184466019418,endpoint,2025
LFLL,412,389,388,401,arrivals,0.941747572815534,0.9733009708737864,endpoint,2025
LFLL,411,402,402,417,departures,0.9781021897810219,1.0145985401459854,endpoint,2025
LIPZ,409,366,366,368,arrivals,0.8948655256723717,0.8997555012224939,endpoint,2025
LPFR,407,397,395,395,arrivals,0.9705159705159705,0.9705159705159705,endpoint,2025
LPFR,405,400,398,398,departures,0.9827160493827161,0.9827160493827161,endpoint,2025
LYBE,395,363,361,362,arrivals,0.9139240506329114,0.9164556962025316,endpoint,2025
LYBE,394,388,388,389,departures,0.9847715736040609,0.9873096446700508,endpoint,2025
LICC,391,365,357,357,arrivals,0.9130434782608695,0.9130434782608695,endpoint,2025
LICC,390,352,348,349,departures,0.8923076923076924,0.8948717948717949,endpoint,2025
LTAC,381,7,0,0,departures,0.0,0.0,endpoint,2025
LIPE,380,376,376,376,departures,0.9894736842105263,0.9894736842105263,endpoint,2025
LIPE,376,360,360,361,arrivals,0.9574468085106383,0.9601063829787234,endpoint,2025
LTAC,374,2,0,1,arrivals,0.0,0.00267379679144385,endpoint,2025
LCLK,368,353,352,354,departures,0.9565217391304348,0.9619565217391305,endpoint,2025
LCLK,367,341,339,341,arrivals,0.9237057220708447,0.9291553133514986,endpoint,2025
GMMN,360,287,282,355,departures,0.7833333333333333,0.9861111111111112,endpoint,2025
EPKK,360,348,346,347,departures,0.9611111111111111,0.9638888888888889,endpoint,2025
EGGD,360,310,307,307,arrivals,0.8527777777777777,0.8527777777777777,endpoint,2025
EGGD,359,355,354,355,departures,0.9860724233983287,0.9888579387186629,endpoint,2025
LEVC,357,353,348,349,arrivals,0.9747899159663865,0.9775910364145658,endpoint,2025
GMMN,357,264,257,327,arrivals,0.7198879551820728,0.9159663865546218,endpoint,2025
ENBR,357,337,336,354,arrivals,0.9411764705882353,0.9915966386554622,endpoint,2025
EPKK,356,318,317,317,arrivals,0.8904494382022472,0.8904494382022472,endpoint,2025
LEVC,355,337,336,336,departures,0.9464788732394366,0.9464788732394366,endpoint,2025
LFSB,354,351,349,354,departures,0.9858757062146892,1.0,endpoint,2025
LFSB,352,337,333,333,arrivals,0.9460227272727273,0.9460227272727273,endpoint,2025
ENBR,349,343,343,358,departures,0.9828080229226361,1.0257879656160458,endpoint,2025
LTBJ,346,274,229,229,departures,0.661849710982659,0.661849710982659,endpoint,2025
LGRP,346,315,310,318,arrivals,0.8959537572254336,0.9190751445086706,endpoint,2025
EGPF,346,297,296,299,arrivals,0.8554913294797688,0.8641618497109826,endpoint,2025
EGPF,344,325,323,327,departures,0.938953488372093,0.9505813953488372,endpoint,2025
LTBJ,341,267,250,250,arrivals,0.7331378299120235,0.7331378299120235,endpoint,2025
LGRP,340,322,321,327,departures,0.9441176470588235,0.961764705882353,endpoint,2025
LMML,326,325,325,326,departures,0.9969325153374233,1.0,endpoint,2025
LMML,326,318,316,317,arrivals,0.9693251533742331,0.9723926380368099,endpoint,2025
LATI,323,3,0,0,arrivals,0.0,0.0,endpoint,2025
GCTS,323,62,59,72,arrivals,0.1826625386996904,0.22291021671826625,endpoint,2025
GCTS,321,6,0,6,departures,0.0,0.018691588785046728,endpoint,2025
GCXO,320,77,77,302,arrivals,0.240625,0.94375,endpoint,2025
GCXO,319,305,305,362,departures,0.9561128526645768,1.134796238244514,endpoint,2025
LATI,316,6,0,0,departures,0.0,0.0,endpoint,2025
LICJ,314,281,278,280,arrivals,0.8853503184713376,0.89171974522293,endpoint,2025
LICJ,310,281,281,282,departures,0.9064516129032258,0.9096774193548387,endpoint,2025
EBCI,304,303,303,303,departures,0.9967105263157895,0.9967105263157895,endpoint,2025
EBCI,303,290,288,288,arrivals,0.9504950495049505,0.9504950495049505,endpoint,2025
BIKF,297,296,294,322,departures,0.98989898989899,1.0841750841750841,endpoint,2025
BIKF,296,89,88,164,arrivals,0.2972972972972973,0.5540540540540541,endpoint,2025
ELLX,294,291,291,291,departures,0.9897959183673469,0.9897959183673469,endpoint,2025
ELLX,294,218,218,220,arrivals,0.7414965986394558,0.7482993197278912,endpoint,2025
LFBO,293,288,288,290,departures,0.9829351535836177,0.9897610921501706,endpoint,2025
LFBO,290,283,282,284,arrivals,0.9724137931034482,0.9793103448275862,endpoint,2025
LGTS,281,268,267,267,arrivals,0.9501779359430605,0.9501779359430605,endpoint,2025
LTBS,280,153,152,152,arrivals,0.5428571428571428,0.5428571428571428,endpoint,2025
LGTS,279,260,259,259,departures,0.9283154121863799,0.9283154121863799,endpoint,2025
GMMX,279,48,42,44,arrivals,0.15053763440860216,0.15770609318996415,endpoint,2025
GMMX,278,74,66,67,departures,0.23741007194244604,0.24100719424460432,endpoint,2025
EVRA,278,222,219,219,arrivals,0.7877697841726619,0.7877697841726619,endpoint,2025
LEZL,276,266,257,257,arrivals,0.9311594202898551,0.9311594202898551,endpoint,2025
LEZL,275,275,274,274,departures,0.9963636363636363,0.9963636363636363,endpoint,2025
LTBS,273,205,205,205,departures,0.7509157509157509,0.7509157509157509,endpoint,2025
EVRA,273,270,269,270,departures,0.9853479853479854,0.989010989010989,endpoint,2025
LBSF,272,153,153,153,departures,0.5625,0.5625,endpoint,2025
GCRR,269,2,0,0,departures,0.0,0.0,endpoint,2025
GCRR,269,25,0,0,arrivals,0.0,0.0,endpoint,2025
EGNX,267,263,263,265,departures,0.9850187265917603,0.9925093632958801,endpoint,2025
LBSF,267,65,64,66,arrivals,0.2397003745318352,0.24719101123595505,endpoint,2025
EDDP,261,229,227,230,arrivals,0.8697318007662835,0.8812260536398467,endpoint,2025
EPKT,259,251,249,249,departures,0.9613899613899614,0.9613899613899614,endpoint,2025
HEGN,258,2,0,0,arrivals,0.0,0.0,endpoint,2025
HEGN,257,0,0,0,departures,0.0,0.0,endpoint,2025
UGTB,257,157,151,192,departures,0.5875486381322957,0.7470817120622568,endpoint,2025
LFRS,257,246,240,240,arrivals,0.933852140077821,0.933852140077821,endpoint,2025
UGTB,257,70,56,97,arrivals,0.2178988326848249,0.377431906614786,endpoint,2025
EPKT,257,216,214,214,arrivals,0.8326848249027238,0.8326848249027238,endpoint,2025
LFRS,256,247,247,248,departures,0.96484375,0.96875,endpoint,2025
EDDP,256,255,255,257,departures,0.99609375,1.00390625,endpoint,2025
EGNX,255,207,203,206,arrivals,0.796078431372549,0.807843137254902,endpoint,2025
LIEO,252,204,198,200,arrivals,0.7857142857142857,0.7936507936507936,endpoint,2025
EPGD,248,35,17,17,departures,0.06854838709677419,0.06854838709677419,endpoint,2025
LGKR,247,180,160,216,arrivals,0.6477732793522267,0.8744939271255061,endpoint,2025
EGAA,246,226,223,223,arrivals,0.9065040650406504,0.9065040650406504,endpoint,2025
LGKR,244,203,201,206,departures,0.8237704918032787,0.8442622950819673,endpoint,2025
HECA,244,48,30,30,departures,0.12295081967213115,0.12295081967213115,endpoint,2025
EPGD,244,14,2,2,arrivals,0.00819672131147541,0.00819672131147541,endpoint,2025
EGAA,239,232,232,233,departures,0.9707112970711297,0.9748953974895398,endpoint,2025
ENZV,236,151,148,162,departures,0.6271186440677966,0.6864406779661016,endpoint,2025
ENZV,236,113,96,115,arrivals,0.4067796610169492,0.4872881355932203,endpoint,2025
LEBB,235,197,29,43,arrivals,0.12340425531914893,0.1829787234042553,endpoint,2025
LEBB,234,180,169,171,departures,0.7222222222222222,0.7307692307692307,endpoint,2025
LTFE,232,194,189,190,arrivals,0.8146551724137931,0.8189655172413793,endpoint,2025
HECA,231,110,67,69,arrivals,0.29004329004329005,0.2987012987012987,endpoint,2025
LFPB,230,227,227,230,departures,0.9869565217391304,1.0,endpoint,2025
LIBD,229,6,0,0,arrivals,0.0,0.0,endpoint,2025
LIBD,228,1,0,0,departures,0.0,0.0,endpoint,2025
LIEO,228,182,175,175,departures,0.7675438596491229,0.7675438596491229,endpoint,2025
LIRP,228,217,214,223,arrivals,0.9385964912280702,0.9780701754385965,endpoint,2025
UUWW,227,14,4,5,arrivals,0.01762114537444934,0.022026431718061675,endpoint,2025
LEMH,226,220,219,221,arrivals,0.9690265486725663,0.9778761061946902,endpoint,2025
LFBD,225,222,222,224,departures,0.9866666666666667,0.9955555555555555,endpoint,2025
LFPB,225,213,213,217,arrivals,0.9466666666666667,0.9644444444444444,endpoint,2025
LEMH,222,212,212,212,departures,0.954954954954955,0.954954954954955,endpoint,2025
LTFE,220,196,191,193,departures,0.8681818181818182,0.8772727272727273,endpoint,2025
LIRP,220,211,211,211,departures,0.9590909090909091,0.9590909090909091,endpoint,2025
ENVA,219,205,191,192,arrivals,0.8721461187214612,0.8767123287671232,endpoint,2025
LFBD,219,210,210,215,arrivals,0.958904109589041,0.9817351598173516,endpoint,2025
LUKK,217,7,5,5,departures,0.02304147465437788,0.02304147465437788,endpoint,2025
ENVA,217,204,192,194,departures,0.8847926267281107,0.8940092165898618,endpoint,2025
LUKK,217,47,0,0,arrivals,0.0,0.0,endpoint,2025
LDSP,216,3,0,0,departures,0.0,0.0,endpoint,2025
ESGG,216,214,214,214,departures,0.9907407407407407,0.9907407407407407,endpoint,2025
UUWW,216,16,5,5,departures,0.023148148148148147,0.023148148148148147,endpoint,2025
LDZA,215,210,210,210,departures,0.9767441860465116,0.9767441860465116,endpoint,2025
LDSP,215,6,0,0,arrivals,0.0,0.0,endpoint,2025
LDZA,215,191,191,192,arrivals,0.8883720930232558,0.8930232558139535,endpoint,2025
ESGG,214,201,200,203,arrivals,0.9345794392523364,0.9485981308411215,endpoint,2025
UUEE,214,2,1,29,arrivals,0.004672897196261682,0.13551401869158877,endpoint,2025
EDDV,213,212,212,213,departures,0.9953051643192489,1.0,endpoint,2025
GCFV,212,2,0,0,departures,0.0,0.0,endpoint,2025
UUEE,212,60,59,61,departures,0.2783018867924528,0.28773584905660377,endpoint,2025
EGNT,211,197,197,197,departures,0.933649289099526,0.933649289099526,endpoint,2025
GCFV,211,24,0,0,arrivals,0.0,0.0,endpoint,2025
EGNT,211,170,170,170,arrivals,0.8056872037914692,0.8056872037914692,endpoint,2025
EDDV,209,196,196,198,arrivals,0.937799043062201,0.9473684210526315,endpoint,2025
EGGP,208,204,202,205,departures,0.9711538461538461,0.9855769230769231,endpoint,2025
EGGP,206,177,176,180,arrivals,0.8543689320388349,0.8737864077669902,endpoint,2025
LIRQ,202,196,196,197,departures,0.9702970297029703,0.9752475247524752,endpoint,2025
EDDN,201,197,196,197,departures,0.9751243781094527,0.9800995024875622,endpoint,2025
EDDN,199,186,185,191,arrivals,0.9296482412060302,0.9597989949748744,endpoint,2025
LGSA,199,111,110,111,arrivals,0.5527638190954773,0.5577889447236181,endpoint,2025
EGLC,198,197,197,199,departures,0.9949494949494949,1.005050505050505,endpoint,2025
LIRQ,198,193,184,187,arrivals,0.9292929292929293,0.9444444444444444,endpoint,2025
LGSA,196,182,182,184,departures,0.9285714285714286,0.9387755102040817,endpoint,2025
LIEE,195,125,105,106,arrivals,0.5384615384615384,0.5435897435897435,endpoint,2025
EPWR,194,179,179,180,arrivals,0.9226804123711341,0.9278350515463918,endpoint,2025
EPWR,193,186,186,187,departures,0.9637305699481865,0.9689119170984456,endpoint,2025
EGNM,193,156,156,157,arrivals,0.8082901554404145,0.8134715025906736,endpoint,2025
UDYZ,192,2,0,0,departures,0.0,0.0,endpoint,2025
UDYZ,192,1,0,0,arrivals,0.0,0.0,endpoint,2025
LIEE,191,113,112,112,departures,0.5863874345549738,0.5863874345549738,endpoint,2025
EHEH,191,191,189,189,departures,0.9895287958115183,0.9895287958115183,endpoint,2025
EGNM,190,178,177,177,departures,0.9315789473684211,0.9315789473684211,endpoint,2025
EHEH,190,182,180,181,arrivals,0.9473684210526315,0.9526315789473684,endpoint,2025
EYVI,189,154,136,141,arrivals,0.7195767195767195,0.746031746031746,endpoint,2025
EGLC,189,189,189,191,arrivals,1.0,1.0105820105820107,endpoint,2025
EYVI,186,176,176,176,departures,0.946236559139785,0.946236559139785,endpoint,2025
DAAG,186,82,82,83,departures,0.44086021505376344,0.44623655913978494,endpoint,2025
DTTA,186,5,1,1,arrivals,0.005376344086021506,0.005376344086021506,endpoint,2025
DTTA,185,1,1,1,departures,0.005405405405405406,0.005405405405405406,endpoint,2025
DAAG,184,130,128,129,arrivals,0.6956521739130435,0.7010869565217391,endpoint,2025
LFOB,181,180,180,180,departures,0.994475138121547,0.994475138121547,endpoint,2025
LFOB,181,170,170,170,arrivals,0.9392265193370166,0.9392265193370166,endpoint,2025
LDDU,180,3,0,0,arrivals,0.0,0.0,endpoint,2025
LGKO,178,172,171,178,departures,0.9606741573033708,1.0,endpoint,2025
LDDU,177,1,0,0,departures,0.0,0.0,endpoint,2025
LGKO,177,171,170,175,arrivals,0.96045197740113,0.9887005649717514,endpoint,2025
EETN,162,140,139,139,arrivals,0.8580246913580247,0.8580246913580247,endpoint,2025
EPPO,161,154,154,154,departures,0.9565217391304348,0.9565217391304348,endpoint,2025
HESH,161,0,0,0,arrivals,0.0,0.0,endpoint,2025
UMKK,160,3,1,3,departures,0.00625,0.01875,endpoint,2025
EETN,159,148,148,150,departures,0.9308176100628931,0.9433962264150944,endpoint,2025
LPMA,159,155,155,156,departures,0.9748427672955975,0.9811320754716981,endpoint,2025
HESH,159,1,0,0,departures,0.0,0.0,endpoint,2025
UMKK,159,23,8,41,arrivals,0.050314465408805034,0.2578616352201258,endpoint,2025
LPMA,158,10,9,14,arrivals,0.056962025316455694,0.08860759493670886,endpoint,2025
LIMF,157,156,154,155,departures,0.9808917197452229,0.9872611464968153,endpoint,2025
LIMF,157,153,152,153,arrivals,0.9681528662420382,0.9745222929936306,endpoint,2025
LIRA,156,141,141,141,arrivals,0.9038461538461539,0.9038461538461539,endpoint,2025
LIRA,154,152,152,154,departures,0.987012987012987,1.0,endpoint,2025
EPPO,154,139,139,139,arrivals,0.9025974025974026,0.9025974025974026,endpoint,2025
EKBI,154,143,142,142,arrivals,0.922077922077922,0.922077922077922,endpoint,2025
LPPD,153,57,56,123,departures,0.3660130718954248,0.803921568627451,endpoint,2025
EKBI,152,151,151,152,departures,0.993421052631579,1.0,endpoint,2025
LPPD,151,92,82,92,arrivals,0.543046357615894,0.609271523178808,endpoint,2025
ULLI,148,3,1,1,arrivals,0.006756756756756757,0.006756756756756757,endpoint,2025
OLBA,144,125,123,124,departures,0.8541666666666666,0.8611111111111112,endpoint,2025
LIPX,144,144,144,145,departures,1.0,1.0069444444444444,endpoint,2025
OLBA,144,61,57,57,arrivals,0.3958333333333333,0.3958333333333333,endpoint,2025
ENTC,143,69,6,7,arrivals,0.04195804195804196,0.04895104895104895,endpoint,2025
ULLI,142,2,0,0,departures,0.0,0.0,endpoint,2025
LIPX,142,132,132,136,arrivals,0.9295774647887324,0.9577464788732394,endpoint,2025
LGSR,139,5,3,7,departures,0.02158273381294964,0.050359712230215826,endpoint,2025
LGSR,139,5,4,51,arrivals,0.02877697841726619,0.3669064748201439,endpoint,2025
ENTC,138,82,17,17,departures,0.12318840579710146,0.12318840579710146,endpoint,2025
LTCG,138,88,87,101,arrivals,0.6304347826086957,0.7318840579710145,endpoint,2025
EGPD,137,125,125,125,departures,0.9124087591240876,0.9124087591240876,endpoint,2025
EGPD,136,122,122,122,arrivals,0.8970588235294118,0.8970588235294118,endpoint,2025
ENBO,134,129,129,225,departures,0.9626865671641791,1.6791044776119404,endpoint,2025
EBLG,134,133,133,135,departures,0.9925373134328358,1.007462686567164,endpoint,2025
LTDB,133,5,1,1,departures,0.007518796992481203,0.007518796992481203,endpoint,2025
LTCG,133,122,122,133,departures,0.9172932330827067,1.0,endpoint,2025
ENBO,133,126,125,218,arrivals,0.9398496240601504,1.6390977443609023,endpoint,2025
LRCL,130,90,88,89,departures,0.676923076923077,0.6846153846153846,endpoint,2025
LIBR,130,1,0,0,departures,0.0,0.0,endpoint,2025
LRCL,129,44,12,15,arrivals,0.09302325581395349,0.11627906976744186,endpoint,2025
LTDB,129,6,1,2,arrivals,0.007751937984496124,0.015503875968992248,endpoint,2025
LGZA,126,126,126,130,departures,1.0,1.0317460317460319,endpoint,2025
EBLG,126,72,72,72,arrivals,0.5714285714285714,0.5714285714285714,endpoint,2025
LGZA,126,116,116,117,arrivals,0.9206349206349206,0.9285714285714286,endpoint,2025
LIBR,125,0,0,0,arrivals,0.0,0.0,endpoint,2025
EGAC,123,122,121,122,departures,0.983739837398374,0.991869918699187,endpoint,2025
EGAC,123,120,120,121,arrivals,0.975609756097561,0.983739837398374,endpoint,2025
BKPR,120,0,0,0,departures,0.0,0.0,endpoint,2025
BKPR,120,4,0,0,arrivals,0.0,0.0,endpoint,2025
EICK,120,110,109,109,arrivals,0.9083333333333333,0.9083333333333333,endpoint,2025
EICK,119,118,118,118,departures,0.9915966386554622,0.9915966386554622,endpoint,2025
LDZD,118,30,23,27,arrivals,0.19491525423728814,0.2288135593220339,endpoint,2025
OJAI,116,55,55,57,departures,0.47413793103448276,0.49137931034482757,endpoint,2025
OJAI,116,59,6,8,arrivals,0.05172413793103448,0.06896551724137931,endpoint,2025
LDZD,114,53,49,49,departures,0.4298245614035088,0.4298245614035088,endpoint,2025
LICA,112,4,2,2,arrivals,0.017857142857142856,0.017857142857142856,endpoint,2025
EGLF,110,110,110,112,departures,1.0,1.018181818181818,endpoint,2025
LICA,108,2,2,2,departures,0.018518518518518517,0.018518518518518517,endpoint,2025
EGJJ,108,106,106,107,arrivals,0.9814814814814815,0.9907407407407407,endpoint,2025
EGLF,108,101,101,103,arrivals,0.9351851851851852,0.9537037037037037,endpoint,2025
LCPH,107,102,102,102,arrivals,0.9532710280373832,0.9532710280373832,endpoint,2025
LWSK,106,12,8,8,departures,0.07547169811320754,0.07547169811320754,endpoint,2025
OKKK,106,105,105,105,departures,0.9905660377358491,0.9905660377358491,endpoint,2025
LEST,106,77,77,77,arrivals,0.7264150943396226,0.7264150943396226,endpoint,2025
LCPH,105,84,84,84,departures,0.8,0.8,endpoint,2025
LGMK,105,91,89,101,departures,0.8476190476190476,0.9619047619047619,endpoint,2025
LEST,105,95,95,95,departures,0.9047619047619048,0.9047619047619048,endpoint,2025
LZIB,105,101,101,101,departures,0.9619047619047619,0.9619047619047619,endpoint,2025
LEGE,105,103,93,94,arrivals,0.8857142857142857,0.8952380952380953,endpoint,2025
LWSK,105,17,15,18,arrivals,0.14285714285714285,0.17142857142857143,endpoint,2025
LZIB,105,100,100,100,arrivals,0.9523809523809523,0.9523809523809523,endpoint,2025
LEGE,104,103,103,107,departures,0.9903846153846154,1.0288461538461537,endpoint,2025
LGMK,104,84,83,115,arrivals,0.7980769230769231,1.1057692307692308,endpoint,2025
EDJA,104,97,97,97,arrivals,0.9326923076923077,0.9326923076923077,endpoint,2025
EDJA,102,99,99,99,departures,0.9705882352941176,0.9705882352941176,endpoint,2025
OKKK,102,14,12,14,arrivals,0.11764705882352941,0.13725490196078433,endpoint,2025
EGJJ,101,98,97,97,departures,0.9603960396039604,0.9603960396039604,endpoint,2025
EHRD,100,97,95,96,arrivals,0.95,0.96,endpoint,2025
EHRD,99,98,96,97,departures,0.9696969696969697,0.9797979797979798,endpoint,2025
LBBG,97,93,92,92,arrivals,0.9484536082474226,0.9484536082474226,endpoint,2025
LOWS,96,95,95,98,departures,0.9895833333333334,1.0208333333333333,endpoint,2025
LOWS,95,89,88,90,arrivals,0.9263157894736842,0.9473684210526315,endpoint,2025
DTTJ,94,0,0,0,arrivals,0.0,0.0,endpoint,2025
LJLJ,94,84,84,85,arrivals,0.8936170212765957,0.9042553191489362,endpoint,2025
LBBG,93,91,91,93,departures,0.978494623655914,1.0,endpoint,2025
LQSA,93,70,68,68,departures,0.7311827956989247,0.7311827956989247,endpoint,2025
LQSA,93,45,42,44,arrivals,0.45161290322580644,0.4731182795698925,endpoint,2025
GMAD,92,6,0,0,departures,0.0,0.0,endpoint,2025
EGKB,92,90,81,82,departures,0.8804347826086957,0.8913043478260869,endpoint,2025
EINN,91,91,91,92,departures,1.0,1.010989010989011,endpoint,2025
GMAD,91,11,3,3,arrivals,0.03296703296703297,0.03296703296703297,endpoint,2025
EGKB,91,89,81,84,arrivals,0.8901098901098901,0.9230769230769231,endpoint,2025
LJLJ,90,87,87,88,departures,0.9666666666666667,0.9777777777777777,endpoint,2025
DTTJ,89,0,0,0,departures,0.0,0.0,endpoint,2025
UUDD,89,11,7,8,departures,0.07865168539325842,0.0898876404494382,endpoint,2025
EDDW,88,88,87,90,departures,0.9886363636363636,1.0227272727272727,endpoint,2025
GMTT,88,87,87,87,departures,0.9886363636363636,0.9886363636363636,endpoint,2025
EDLW,87,82,82,82,departures,0.9425287356321839,0.9425287356321839,endpoint,2025
EDDW,87,85,84,86,arrivals,0.9655172413793104,0.9885057471264368,endpoint,2025
GMTT,87,86,86,87,arrivals,0.9885057471264368,1.0,endpoint,2025
EDLW,87,84,82,82,arrivals,0.9425287356321839,0.9425287356321839,endpoint,2025
EINN,86,63,63,64,arrivals,0.7325581395348837,0.7441860465116279,endpoint,2025
LIMJ,86,83,82,82,arrivals,0.9534883720930233,0.9534883720930233,endpoint,2025
EGHI,86,76,76,77,arrivals,0.8837209302325582,0.8953488372093024,endpoint,2025
LIPH,85,85,85,85,departures,1.0,1.0,endpoint,2025
GCLA,85,64,40,41,departures,0.47058823529411764,0.4823529411764706,endpoint,2025
LIPH,85,77,77,77,arrivals,0.9058823529411765,0.9058823529411765,endpoint,2025
EDSB,85,75,74,74,arrivals,0.8705882352941177,0.8705882352941177,endpoint,2025
LFKB,84,77,77,77,departures,0.9166666666666666,0.9166666666666666,endpoint,2025
LFKB,84,82,81,81,arrivals,0.9642857142857143,0.9642857142857143,endpoint,2025
GCLA,84,44,43,45,arrivals,0.5119047619047619,0.5357142857142857,endpoint,2025
EGHI,83,71,71,71,departures,0.8554216867469879,0.8554216867469879,endpoint,2025
EGJB,83,82,82,83,departures,0.9879518072289156,1.0,endpoint,2025
LYTV,83,4,0,0,arrivals,0.0,0.0,endpoint,2025
LYTV,82,3,0,0,departures,0.0,0.0,endpoint,2025
EDSB,81,76,76,78,departures,0.9382716049382716,0.9629629629629629,endpoint,2025
EGNS,81,73,73,74,arrivals,0.9012345679012346,0.9135802469135802,endpoint,2025
DTMB,81,1,0,0,arrivals,0.0,0.0,endpoint,2025
EGNS,80,71,71,72,departures,0.8875,0.9,endpoint,2025
LFKJ,80,79,79,79,arrivals,0.9875,0.9875,endpoint,2025
LIMJ,79,78,77,77,departures,0.9746835443037974,0.9746835443037974,endpoint,2025
DTMB,79,0,0,0,departures,0.0,0.0,endpoint,2025
LFKJ,78,78,78,78,departures,1.0,1.0,endpoint,2025
EDFH,77,73,73,73,departures,0.948051948051948,0.948051948051948,endpoint,2025
LYPG,77,2,0,0,departures,0.0,0.0,endpoint,2025
LYPG,77,1,0,0,arrivals,0.0,0.0,endpoint,2025
EKYT,75,73,73,73,departures,0.9733333333333334,0.9733333333333334,endpoint,2025
LBWN,75,68,68,69,arrivals,0.9066666666666666,0.92,endpoint,2025
LFMT,75,73,73,73,arrivals,0.9733333333333334,0.9733333333333334,endpoint,2025
UUDD,75,7,0,0,arrivals,0.0,0.0,endpoint,2025
LFMT,74,73,73,73,departures,0.9864864864864865,0.9864864864864865,endpoint,2025
EDFH,74,67,66,67,arrivals,0.8918918918918919,0.9054054054054054,endpoint,2025
LTAJ,74,1,0,0,arrivals,0.0,0.0,endpoint,2025
EGJB,74,71,68,68,arrivals,0.918918918918919,0.918918918918919,endpoint,2025
LTAU,73,0,0,0,arrivals,0.0,0.0,endpoint,2025
LTAJ,72,1,0,0,departures,0.0,0.0,endpoint,2025
LFMD,72,69,69,71,arrivals,0.9583333333333334,0.9861111111111112,endpoint,2025
EGHH,72,57,55,55,arrivals,0.7638888888888888,0.7638888888888888,endpoint,2025
ENTO,72,65,64,66,arrivals,0.8888888888888888,0.9166666666666666,endpoint,2025
LBWN,71,61,61,61,departures,0.8591549295774648,0.8591549295774648,endpoint,2025
LRIA,71,51,37,38,departures,0.5211267605633803,0.5352112676056338,endpoint,2025
EGHH,71,71,70,70,departures,0.9859154929577465,0.9859154929577465,endpoint,2025
ENTO,71,65,65,67,departures,0.9154929577464789,0.9436619718309859,endpoint,2025
EKYT,71,69,68,68,arrivals,0.9577464788732394,0.9577464788732394,endpoint,2025
LTAU,70,0,0,0,departures,0.0,0.0,endpoint,2025
LEAS,69,62,62,62,departures,0.8985507246376812,0.8985507246376812,endpoint,2025
UGSB,69,39,39,40,arrivals,0.5652173913043478,0.5797101449275363,endpoint,2025
EDLV,69,68,68,68,arrivals,0.9855072463768116,0.9855072463768116,endpoint,2025
EDLV,68,68,68,68,departures,1.0,1.0,endpoint,2025
LERS,68,66,66,66,arrivals,0.9705882352941176,0.9705882352941176,endpoint,2025
LEAS,68,57,57,57,arrivals,0.8382352941176471,0.8382352941176471,endpoint,2025
LRIA,68,38,14,59,arrivals,0.20588235294117646,0.8676470588235294,endpoint,2025
UGSB,67,58,58,63,departures,0.8656716417910447,0.9402985074626866,endpoint,2025
LERS,67,62,62,62,departures,0.9253731343283582,0.9253731343283582,endpoint,2025
URSS,67,0,0,0,arrivals,0.0,0.0,endpoint,2025
LFMD,65,60,60,61,departures,0.9230769230769231,0.9384615384615385,endpoint,2025
LFKF,65,64,61,65,arrivals,0.9384615384615385,1.0,endpoint,2025
GMME,64,55,40,46,departures,0.625,0.71875,endpoint,2025
GMME,63,58,29,31,arrivals,0.4603174603174603,0.49206349206349204,endpoint,2025
LIEA,62,62,62,62,departures,1.0,1.0,endpoint,2025
LGKF,62,62,61,61,departures,0.9838709677419355,0.9838709677419355,endpoint,2025
LIEA,62,62,62,62,arrivals,1.0,1.0,endpoint,2025
LIPQ,61,58,58,58,departures,0.9508196721311475,0.9508196721311475,endpoint,2025
LFKF,61,60,60,65,departures,0.9836065573770492,1.0655737704918034,endpoint,2025
EDDG,60,60,60,60,departures,1.0,1.0,endpoint,2025
EPRZ,60,55,54,54,departures,0.9,0.9,endpoint,2025
LGKF,60,56,56,64,arrivals,0.9333333333333333,1.0666666666666667,endpoint,2025
DTNH,59,0,0,0,departures,0.0,0.0,endpoint,2025
LRTR,59,38,31,31,departures,0.5254237288135594,0.5254237288135594,endpoint,2025
LIPQ,59,59,59,61,arrivals,1.0,1.0338983050847457,endpoint,2025
LTBA,58,58,58,65,departures,1.0,1.1206896551724137,endpoint,2025
DTNH,58,0,0,0,arrivals,0.0,0.0,endpoint,2025
EPRZ,58,48,47,47,arrivals,0.8103448275862069,0.8103448275862069,endpoint,2025
LFBZ,57,57,57,60,arrivals,1.0,1.0526315789473684,endpoint,2025
LRTR,57,25,8,9,arrivals,0.14035087719298245,0.15789473684210525,endpoint,2025
LFQQ,57,56,56,56,arrivals,0.9824561403508771,0.9824561403508771,endpoint,2025
LOWG,56,56,53,54,departures,0.9464285714285714,0.9642857142857143,endpoint,2025
LFQQ,56,56,56,56,departures,1.0,1.0,endpoint,2025
LTCC,56,0,0,0,arrivals,0.0,0.0,endpoint,2025
EDDG,56,50,50,50,arrivals,0.8928571428571429,0.8928571428571429,endpoint,2025
LFBZ,55,51,51,52,departures,0.9272727272727272,0.9454545454545454,endpoint,2025
LTCC,55,2,0,0,departures,0.0,0.0,endpoint,2025
LDPL,55,48,48,50,arrivals,0.8727272727272727,0.9090909090909091,endpoint,2025
LFTH,55,54,54,74,arrivals,0.9818181818181818,1.3454545454545455,endpoint,2025
EYKA,54,52,50,50,departures,0.9259259259259259,0.9259259259259259,endpoint,2025
LOWG,53,51,49,49,arrivals,0.9245283018867925,0.9245283018867925,endpoint,2025
LKTB,52,51,48,48,departures,0.9230769230769231,0.9230769230769231,endpoint,2025
URSS,52,1,0,0,departures,0.0,0.0,endpoint,2025
GMFF,52,46,45,46,departures,0.8653846153846154,0.8846153846153846,endpoint,2025
LTBA,52,48,47,77,arrivals,0.9038461538461539,1.4807692307692308,endpoint,2025
LKTB,52,49,46,47,arrivals,0.8846153846153846,0.9038461538461539,endpoint,2025
GMFF,52,25,23,25,arrivals,0.4423076923076923,0.4807692307692308,endpoint,2025
LFTH,51,45,45,56,departures,0.8823529411764706,1.0980392156862746,endpoint,2025
EGPE,51,48,48,48,departures,0.9411764705882353,0.9411764705882353,endpoint,2025
EHKD,50,49,49,78,departures,0.98,1.56,endpoint,2025
LFST,50,48,48,48,arrivals,0.96,0.96,endpoint,2025
EYKA,50,23,13,24,arrivals,0.26,0.48,endpoint,2025
LDPL,49,44,44,45,departures,0.8979591836734694,0.9183673469387755,endpoint,2025
UGKO,49,0,0,2,departures,0.0,0.04081632653061224,endpoint,2025
LFST,49,47,47,47,departures,0.9591836734693877,0.9591836734693877,endpoint,2025
DAOO,49,40,38,44,arrivals,0.7755102040816326,0.8979591836734694,endpoint,2025
UGKO,49,2,1,1,arrivals,0.02040816326530612,0.02040816326530612,endpoint,2025
EGFF,49,42,40,40,arrivals,0.8163265306122449,0.8163265306122449,endpoint,2025
EGPE,49,45,45,45,arrivals,0.9183673469387755,0.9183673469387755,endpoint,2025
DAOO,48,37,37,37,departures,0.7708333333333334,0.7708333333333334,endpoint,2025
EGFF,48,47,47,48,departures,0.9791666666666666,1.0,endpoint,2025
UBBN,48,0,0,0,departures,0.0,0.0,endpoint,2025
ENCN,48,48,48,48,departures,1.0,1.0,endpoint,2025
EHKD,48,43,43,70,arrivals,0.8958333333333334,1.4583333333333333,endpoint,2025
ENAL,48,27,1,1,arrivals,0.020833333333333332,0.020833333333333332,endpoint,2025
UBBN,48,1,0,0,arrivals,0.0,0.0,endpoint,2025
ORBI,48,5,0,0,arrivals,0.0,0.0,endpoint,2025
LFRB,47,41,41,41,departures,0.8723404255319149,0.8723404255319149,endpoint,2025
ENAL,46,9,1,1,departures,0.021739130434782608,0.021739130434782608,endpoint,2025
ENKB,46,4,4,4,departures,0.08695652173913043,0.08695652173913043,endpoint,2025
LGPZ,46,37,13,33,arrivals,0.2826086956521739,0.717391304347826,endpoint,2025
LTFH,45,7,7,8,departures,0.15555555555555556,0.17777777777777778,endpoint,2025
LGPZ,45,31,24,26,departures,0.5333333333333333,0.5777777777777777,endpoint,2025
EDDC,45,44,44,44,departures,0.9777777777777777,0.9777777777777777,endpoint,2025
LGPA,45,8,0,0,departures,0.0,0.0,endpoint,2025
LTFH,45,7,6,6,arrivals,0.13333333333333333,0.13333333333333333,endpoint,2025
EDDC,45,44,44,44,arrivals,0.9777777777777777,0.9777777777777777,endpoint,2025
LIRI,44,29,27,31,departures,0.6136363636363636,0.7045454545454546,endpoint,2025
GEML,44,44,44,46,departures,1.0,1.0454545454545454,endpoint,2025
ORER,44,1,0,0,departures,0.0,0.0,endpoint,2025
ESSB,44,39,38,40,departures,0.8636363636363636,0.9090909090909091,endpoint,2025
BIRK,44,44,44,57,departures,1.0,1.2954545454545454,endpoint,2025
GEML,44,42,42,42,arrivals,0.9545454545454546,0.9545454545454546,endpoint,2025
ORER,44,0,0,0,arrivals,0.0,0.0,endpoint,2025
LEJR,44,43,42,42,arrivals,0.9545454545454546,0.9545454545454546,endpoint,2025
BIRK,44,41,41,50,arrivals,0.9318181818181818,1.1363636363636365,endpoint,2025
ENKB,44,9,7,8,arrivals,0.1590909090909091,0.18181818181818182,endpoint,2025
LFRB,44,39,39,39,arrivals,0.8863636363636364,0.8863636363636364,endpoint,2025
LKMT,44,38,38,39,arrivals,0.8636363636363636,0.8863636363636364,endpoint,2025
LKMT,43,40,40,40,departures,0.9302325581395349,0.9302325581395349,endpoint,2025
LIBP,43,41,41,41,arrivals,0.9534883720930233,0.9534883720930233,endpoint,2025
LOWI,43,38,36,36,arrivals,0.8372093023255814,0.8372093023255814,endpoint,2025
ENCN,43,34,34,34,arrivals,0.7906976744186046,0.7906976744186046,endpoint,2025
EPMO,42,42,42,46,departures,1.0,1.0952380952380953,endpoint,2025
ENEV,42,13,0,0,departures,0.0,0.0,endpoint,2025
ORBI,42,4,0,0,departures,0.0,0.0,endpoint,2025
LIRI,42,29,22,72,arrivals,0.5238095238095238,1.7142857142857142,endpoint,2025
UMMS,42,9,2,6,arrivals,0.047619047619047616,0.14285714285714285,endpoint,2025
ESMS,42,35,35,35,arrivals,0.8333333333333334,0.8333333333333334,endpoint,2025
ENEV,42,14,0,0,arrivals,0.0,0.0,endpoint,2025
LGSM,42,39,38,49,arrivals,0.9047619047619048,1.1666666666666667,endpoint,2025
ESMS,41,38,38,39,departures,0.926829268292683,0.9512195121951219,endpoint,2025
LIBP,41,41,41,43,departures,1.0,1.048780487804878,endpoint,2025
LGSM,41,40,39,48,departures,0.9512195121951219,1.170731707317073,endpoint,2025
LIRZ,41,40,36,36,arrivals,0.8780487804878049,0.8780487804878049,endpoint,2025
UMMS,40,19,16,16,departures,0.4,0.4,endpoint,2025
LEJR,40,40,40,40,departures,1.0,1.0,endpoint,2025
LEVX,40,37,37,37,arrivals,0.925,0.925,endpoint,2025
UWKD,40,0,0,0,arrivals,0.0,0.0,endpoint,2025
LICT,40,9,8,10,arrivals,0.2,0.25,endpoint,2025
EPMO,40,25,25,27,arrivals,0.625,0.675,endpoint,2025
LEAM,40,37,37,37,arrivals,0.925,0.925,endpoint,2025
GMMW,40,40,40,40,arrivals,1.0,1.0,endpoint,2025
LGPA,40,10,0,0,arrivals,0.0,0.0,endpoint,2025
LEVT,39,38,37,46,departures,0.9487179487179487,1.1794871794871795,endpoint,2025
LICT,39,8,8,10,departures,0.20512820512820512,0.2564102564102564,endpoint,2025
LIRZ,39,39,35,35,departures,0.8974358974358975,0.8974358974358975,endpoint,2025
LEXJ,39,36,36,37,departures,0.9230769230769231,0.9487179487179487,endpoint,2025
GMMW,39,39,37,37,departures,0.9487179487179487,0.9487179487179487,endpoint,2025
EGPB,39,0,0,0,arrivals,0.0,0.0,endpoint,2025
LEVT,39,37,37,122,arrivals,0.9487179487179487,3.128205128205128,endpoint,2025
LEZG,39,16,13,13,arrivals,0.3333333333333333,0.3333333333333333,endpoint,2025
EDLP,39,34,34,35,arrivals,0.8717948717948718,0.8974358974358975,endpoint,2025
EGPB,38,1,0,0,departures,0.0,0.0,endpoint,2025
UWKD,38,11,1,1,departures,0.02631578947368421,0.02631578947368421,endpoint,2025
LEZG,38,14,14,14,departures,0.3684210526315789,0.3684210526315789,endpoint,2025
ESPA,38,16,16,16,departures,0.42105263157894735,0.42105263157894735,endpoint,2025
LEVX,37,36,36,36,departures,0.972972972972973,0.972972972972973,endpoint,2025
LGSK,37,25,24,24,departures,0.6486486486486487,0.6486486486486487,endpoint,2025
LOWL,37,36,36,36,departures,0.972972972972973,0.972972972972973,endpoint,2025
LEAM,37,36,36,36,departures,0.972972972972973,0.972972972972973,endpoint,2025
LIPY,37,37,37,37,departures,1.0,1.0,endpoint,2025
LGSK,37,33,33,33,arrivals,0.8918918918918919,0.8918918918918919,endpoint,2025
ESSB,37,32,31,32,arrivals,0.8378378378378378,0.8648648648648649,endpoint,2025
LEXJ,37,29,15,16,arrivals,0.40540540540540543,0.43243243243243246,endpoint,2025
EGTE,36,34,34,34,departures,0.9444444444444444,0.9444444444444444,endpoint,2025
LECO,36,34,34,34,departures,0.9444444444444444,0.9444444444444444,endpoint,2025
EGTE,36,31,30,30,arrivals,0.8333333333333334,0.8333333333333334,endpoint,2025
LIPY,36,34,34,34,arrivals,0.9444444444444444,0.9444444444444444,endpoint,2025
LTFO,36,23,22,23,arrivals,0.6111111111111112,0.6388888888888888,endpoint,2025
EGMC,35,35,35,35,departures,1.0,1.0,endpoint,2025
EDLP,35,32,32,32,departures,0.9142857142857143,0.9142857142857143,endpoint,2025
LZKZ,35,35,35,35,departures,1.0,1.0,endpoint,2025
LTFO,35,32,32,32,departures,0.9142857142857143,0.9142857142857143,endpoint,2025
LTFG,35,32,31,31,arrivals,0.8857142857142857,0.8857142857142857,endpoint,2025
ESPA,35,24,24,24,arrivals,0.6857142857142857,0.6857142857142857,endpoint,2025
LECO,35,34,34,34,arrivals,0.9714285714285714,0.9714285714285714,endpoint,2025
GMFO,34,32,32,32,departures,0.9411764705882353,0.9411764705882353,endpoint,2025
LTFG,34,34,34,34,departures,1.0,1.0,endpoint,2025
LEGR,34,32,32,32,departures,0.9411764705882353,0.9411764705882353,endpoint,2025
LOWL,34,32,32,33,arrivals,0.9411764705882353,0.9705882352941176,endpoint,2025
LICR,34,1,1,11,arrivals,0.029411764705882353,0.3235294117647059,endpoint,2025
GMFO,34,33,32,33,arrivals,0.9411764705882353,0.9705882352941176,endpoint,2025
LEGR,34,33,32,32,arrivals,0.9411764705882353,0.9411764705882353,endpoint,2025
LGMT,34,33,32,32,arrivals,0.9411764705882353,0.9411764705882353,endpoint,2025
LZKZ,34,30,30,30,arrivals,0.8823529411764706,0.8823529411764706,endpoint,2025
LICR,33,4,4,8,departures,0.12121212121212122,0.24242424242424243,endpoint,2025
LTCI,33,0,0,0,departures,0.0,0.0,endpoint,2025
LGMT,33,32,31,31,departures,0.9393939393939394,0.9393939393939394,endpoint,2025
LOWI,33,30,29,29,departures,0.8787878787878788,0.8787878787878788,endpoint,2025
EGMC,33,30,30,32,arrivals,0.9090909090909091,0.9696969696969697,endpoint,2025
EKAH,33,30,30,30,arrivals,0.9090909090909091,0.9090909090909091,endpoint,2025
EGWU,32,32,0,0,departures,0.0,0.0,endpoint,2025
LTCB,32,12,11,13,departures,0.34375,0.40625,endpoint,2025
EKAH,32,32,32,32,departures,1.0,1.0,endpoint,2025
LFRN,32,32,32,32,departures,1.0,1.0,endpoint,2025
LEMI,32,32,31,31,arrivals,0.96875,0.96875,endpoint,2025
LTCI,32,0,0,0,arrivals,0.0,0.0,endpoint,2025
LEMI,31,31,31,31,departures,1.0,1.0,endpoint,2025
EIKN,31,30,30,30,departures,0.967741935483871,0.967741935483871,endpoint,2025
ENHD,31,29,27,31,departures,0.8709677419354839,1.0,endpoint,2025
EDMO,31,30,27,27,departures,0.8709677419354839,0.8709677419354839,endpoint,2025
LFRN,31,31,31,31,arrivals,1.0,1.0,endpoint,2025
LTCE,31,0,0,0,arrivals,0.0,0.0,endpoint,2025
EGPK,30,30,30,31,departures,1.0,1.0333333333333334,endpoint,2025
URMM,30,3,2,2,departures,0.06666666666666667,0.06666666666666667,endpoint,2025
LGNX,30,9,0,0,departures,0.0,0.0,endpoint,2025
LTCB,30,21,21,22,arrivals,0.7,0.7333333333333333,endpoint,2025
LGNX,30,22,0,0,arrivals,0.0,0.0,endpoint,2025
EIKN,30,29,29,29,arrivals,0.9666666666666667,0.9666666666666667,endpoint,2025
EBAW,29,29,28,29,departures,0.9655172413793104,1.0,endpoint,2025
LTCE,29,0,0,0,departures,0.0,0.0,endpoint,2025
EGPA,29,11,0,0,departures,0.0,0.0,endpoint,2025
LTAZ,29,0,0,0,departures,0.0,0.0,endpoint,2025
EGPK,29,21,20,21,arrivals,0.6896551724137931,0.7241379310344828,endpoint,2025
URMM,29,0,0,1,arrivals,0.0,0.034482758620689655,endpoint,2025
ENHD,29,26,24,41,arrivals,0.8275862068965517,1.4137931034482758,endpoint,2025
LTAZ,29,1,0,0,arrivals,0.0,0.0,endpoint,2025
EGHQ,28,27,27,27,departures,0.9642857142857143,0.9642857142857143,endpoint,2025
ESNU,28,8,8,8,departures,0.2857142857142857,0.2857142857142857,endpoint,2025
EGHQ,28,27,27,27,arrivals,0.9642857142857143,0.9642857142857143,endpoint,2025
LTCA,27,0,0,0,departures,0.0,0.0,endpoint,2025
ENBN,27,10,5,10,departures,0.18518518518518517,0.37037037037037035,endpoint,2025
LICD,27,25,25,25,departures,0.9259259259259259,0.9259259259259259,endpoint,2025
LIPB,27,27,16,16,arrivals,0.5925925925925926,0.5925925925925926,endpoint,2025
EGWU,27,23,0,0,arrivals,0.0,0.0,endpoint,2025
LTAN,27,0,0,0,arrivals,0.0,0.0,endpoint,2025
LTCA,27,0,0,0,arrivals,0.0,0.0,endpoint,2025
LICD,27,26,26,26,arrivals,0.9629629629629629,0.9629629629629629,endpoint,2025
LFKC,27,27,27,27,arrivals,1.0,1.0,endpoint,2025
LTAT,26,1,0,0,departures,0.0,0.0,endpoint,2025
LPCS,26,26,23,24,departures,0.8846153846153846,0.9230769230769231,endpoint,2025
LIPB,26,26,25,25,departures,0.9615384615384616,0.9615384615384616,endpoint,2025
LTCS,26,0,0,0,departures,0.0,0.0,endpoint,2025
LTAN,26,0,0,0,departures,0.0,0.0,endpoint,2025
LRBS,26,26,26,27,departures,1.0,1.0384615384615385,endpoint,2025
LFKC,26,26,26,26,departures,1.0,1.0,endpoint,2025
LGHI,26,23,23,26,arrivals,0.8846153846153846,1.0,endpoint,2025
LTCS,26,0,0,0,arrivals,0.0,0.0,endpoint,2025
ESNU,26,18,1,1,arrivals,0.038461538461538464,0.038461538461538464,endpoint,2025
ENBN,26,13,0,13,arrivals,0.0,0.5,endpoint,2025
EGPA,26,16,0,0,arrivals,0.0,0.0,endpoint,2025
LGKL,25,21,21,21,departures,0.84,0.84,endpoint,2025
LGHI,25,24,24,26,departures,0.96,1.04,endpoint,2025
LGML,25,0,0,0,departures,0.0,0.0,endpoint,2025
LFMP,25,24,24,24,departures,0.96,0.96,endpoint,2025
EHBK,25,22,21,22,departures,0.84,0.88,endpoint,2025
EFOU,25,1,1,2,departures,0.04,0.08,endpoint,2025
EGSH,25,25,25,25,departures,1.0,1.0,endpoint,2025
LGKL,25,23,23,23,arrivals,0.92,0.92,endpoint,2025
EFOU,25,20,14,15,arrivals,0.56,0.6,endpoint,2025
EGSH,25,25,25,26,arrivals,1.0,1.04,endpoint,2025
LPCS,25,25,20,20,arrivals,0.8,0.8,endpoint,2025
EBAW,25,24,23,26,arrivals,0.92,1.04,endpoint,2025
LFRK,24,24,23,24,departures,0.9583333333333334,1.0,endpoint,2025
EKVG,24,0,0,0,departures,0.0,0.0,endpoint,2025
ENFL,24,15,15,19,departures,0.625,0.7916666666666666,endpoint,2025
ENAT,24,18,0,0,departures,0.0,0.0,endpoint,2025
LICG,24,14,11,11,departures,0.4583333333333333,0.4583333333333333,endpoint,2025
LIPR,24,23,23,25,departures,0.9583333333333334,1.0416666666666667,endpoint,2025
LTAT,24,0,0,0,arrivals,0.0,0.0,endpoint,2025
EKVG,24,0,0,0,arrivals,0.0,0.0,endpoint,2025
ENFL,24,8,8,8,arrivals,0.3333333333333333,0.3333333333333333,endpoint,2025
ENAT,24,19,0,0,arrivals,0.0,0.0,endpoint,2025
LESO,24,23,17,44,arrivals,0.7083333333333334,1.8333333333333333,endpoint,2025
EHBK,24,16,14,14,arrivals,0.5833333333333334,0.5833333333333334,endpoint,2025
LIPR,24,22,22,23,arrivals,0.9166666666666666,0.9583333333333334,endpoint,2025
LFMP,24,24,23,31,arrivals,0.9583333333333334,1.2916666666666667,endpoint,2025
EDDR,23,17,17,18,departures,0.7391304347826086,0.782608695652174,endpoint,2025
ESSV,23,20,20,21,departures,0.8695652173913043,0.9130434782608695,endpoint,2025
ENOV,23,3,3,11,departures,0.13043478260869565,0.4782608695652174,endpoint,2025
ENKR,23,6,0,0,departures,0.0,0.0,endpoint,2025
LESO,23,19,15,16,departures,0.6521739130434783,0.6956521739130435,endpoint,2025
ENLK,23,19,0,0,departures,0.0,0.0,endpoint,2025
LFBT,23,23,23,23,departures,1.0,1.0,endpoint,2025
ENKR,23,7,0,0,arrivals,0.0,0.0,endpoint,2025
LICG,23,17,15,16,arrivals,0.6521739130434783,0.6956521739130435,endpoint,2025
EGPO,23,4,1,1,arrivals,0.043478260869565216,0.043478260869565216,endpoint,2025
EDXW,22,21,19,19,departures,0.8636363636363636,0.8636363636363636,endpoint,2025
LLER,22,4,0,0,departures,0.0,0.0,endpoint,2025
LSGS,22,21,21,23,departures,0.9545454545454546,1.0454545454545454,endpoint,2025
LRSB,22,13,13,13,departures,0.5909090909090909,0.5909090909090909,endpoint,2025
LFBP,22,18,18,18,departures,0.8181818181818182,0.8181818181818182,endpoint,2025
LGKP,22,3,0,0,departures,0.0,0.0,endpoint,2025
EGNV,22,19,19,19,departures,0.8636363636363636,0.8636363636363636,endpoint,2025
EGPO,22,2,2,2,departures,0.09090909090909091,0.09090909090909091,endpoint,2025
EPSC,22,21,21,21,departures,0.9545454545454546,0.9545454545454546,endpoint,2025
EIKY,22,22,22,22,departures,1.0,1.0,endpoint,2025
LRCV,22,1,1,1,departures,0.045454545454545456,0.045454545454545456,endpoint,2025
GCHI,22,11,0,0,departures,0.0,0.0,endpoint,2025
LFRK,22,21,20,20,arrivals,0.9090909090909091,0.9090909090909091,endpoint,2025
EDDR,22,15,15,19,arrivals,0.6818181818181818,0.8636363636363636,endpoint,2025
ESSV,22,20,20,21,arrivals,0.9090909090909091,0.9545454545454546,endpoint,2025
EDXW,22,21,19,19,arrivals,0.8636363636363636,0.8636363636363636,endpoint,2025
ENOV,22,18,18,38,arrivals,0.8181818181818182,1.7272727272727273,endpoint,2025
LRSB,22,4,4,5,arrivals,0.18181818181818182,0.22727272727272727,endpoint,2025
LFBP,22,22,22,22,arrivals,1.0,1.0,endpoint,2025
LGKP,22,7,3,3,arrivals,0.13636363636363635,0.13636363636363635,endpoint,2025
EDMO,22,21,19,19,arrivals,0.8636363636363636,0.8636363636363636,endpoint,2025
EPSC,22,16,14,14,arrivals,0.6363636363636364,0.6363636363636364,endpoint,2025
ENLK,22,18,0,0,arrivals,0.0,0.0,endpoint,2025
GCHI,22,5,0,0,arrivals,0.0,0.0,endpoint,2025
LFBT,22,22,22,22,arrivals,1.0,1.0,endpoint,2025
LLER,22,8,0,0,arrivals,0.0,0.0,endpoint,2025
LDRI,21,18,18,19,departures,0.8571428571428571,0.9047619047619048,endpoint,2025
LRSV,21,11,11,13,departures,0.5238095238095238,0.6190476190476191,endpoint,2025
ENSG,21,6,0,0,departures,0.0,0.0,endpoint,2025
BIAR,21,0,0,0,departures,0.0,0.0,endpoint,2025
LDRI,21,18,18,20,arrivals,0.8571428571428571,0.9523809523809523,endpoint,2025
LGML,21,6,0,0,arrivals,0.0,0.0,endpoint,2025
EGNV,21,17,17,17,arrivals,0.8095238095238095,0.8095238095238095,endpoint,2025
LSZB,21,20,19,22,arrivals,0.9047619047619048,1.0476190476190477,endpoint,2025
LRCV,21,1,1,1,arrivals,0.047619047619047616,0.047619047619047616,endpoint,2025
LRBS,21,20,19,20,arrivals,0.9047619047619048,0.9523809523809523,endpoint,2025
ENSG,21,5,0,0,arrivals,0.0,0.0,endpoint,2025
EIKY,21,19,19,19,arrivals,0.9047619047619048,0.9047619047619048,endpoint,2025
LFLC,21,21,21,21,arrivals,1.0,1.0,endpoint,2025
BIAR,21,0,0,0,arrivals,0.0,0.0,endpoint,2025
DABC,20,0,0,0,departures,0.0,0.0,endpoint,2025
LTCR,20,0,0,0,departures,0.0,0.0,endpoint,2025
LSZB,20,19,18,20,departures,0.9,1.0,endpoint,2025
GMTN,20,20,19,19,arrivals,0.95,0.95,endpoint,2025
LSGS,20,18,18,18,arrivals,0.9,0.9,endpoint,2025
LTCR,20,0,0,0,arrivals,0.0,0.0,endpoint,2025
LRSV,20,3,2,23,arrivals,0.1,1.15,endpoint,2025
EGNJ,20,15,15,15,arrivals,0.75,0.75,endpoint,2025
HLLM,20,2,2,2,arrivals,0.1,0.1,endpoint,2025
DABC,20,1,1,2,arrivals,0.05,0.1,endpoint,2025
LTCJ,19,0,0,0,departures,0.0,0.0,endpoint,2025
GMTN,19,18,18,18,departures,0.9473684210526315,0.9473684210526315,endpoint,2025
EFTU,19,17,17,17,departures,0.8947368421052632,0.8947368421052632,endpoint,2025
ENVD,19,8,0,0,departures,0.0,0.0,endpoint,2025
LRBC,19,19,19,30,departures,1.0,1.5789473684210527,endpoint,2025
ENSK,19,18,0,0,departures,0.0,0.0,endpoint,2025
LSZR,19,19,19,21,departures,1.0,1.105263157894737,endpoint,2025
LOWK,19,19,19,19,departures,1.0,1.0,endpoint,2025
EGTK,19,19,19,20,departures,1.0,1.0526315789473684,endpoint,2025
HLLM,19,2,2,2,departures,0.10526315789473684,0.10526315789473684,endpoint,2025
LTCJ,19,0,0,0,arrivals,0.0,0.0,endpoint,2025
LRBC,19,17,16,19,arrivals,0.8421052631578947,1.0,endpoint,2025
ENSK,19,18,0,0,arrivals,0.0,0.0,endpoint,2025
LFTZ,19,18,0,0,arrivals,0.0,0.0,endpoint,2025
LSZR,19,19,18,18,arrivals,0.9473684210526315,0.9473684210526315,endpoint,2025
EYPA,18,17,16,16,departures,0.8888888888888888,0.8888888888888888,endpoint,2025
EGJA,18,16,16,16,departures,0.8888888888888888,0.8888888888888888,endpoint,2025
EBOS,18,16,16,16,departures,0.8888888888888888,0.8888888888888888,endpoint,2025
LFLC,18,18,18,18,departures,1.0,1.0,endpoint,2025
LOWK,18,16,16,16,arrivals,0.8888888888888888,0.8888888888888888,endpoint,2025
LIPO,18,18,14,14,arrivals,0.7777777777777778,0.7777777777777778,endpoint,2025
EGJA,18,18,18,19,arrivals,1.0,1.0555555555555556,endpoint,2025
EFTU,18,14,14,14,arrivals,0.7777777777777778,0.7777777777777778,endpoint,2025
EFRO,17,0,0,0,departures,0.0,0.0,endpoint,2025
LPAZ,17,16,16,17,departures,0.9411764705882353,1.0,endpoint,2025
EPLL,17,17,17,17,departures,1.0,1.0,endpoint,2025
LQBK,17,17,17,17,departures,1.0,1.0,endpoint,2025
ENML,17,5,4,4,departures,0.23529411764705882,0.23529411764705882,endpoint,2025
LGAL,17,16,16,16,departures,0.9411764705882353,0.9411764705882353,endpoint,2025
EBKT,17,17,17,18,departures,1.0,1.0588235294117647,endpoint,2025
EFRO,17,0,0,0,arrivals,0.0,0.0,endpoint,2025
LQBK,17,13,13,13,arrivals,0.7647058823529411,0.7647058823529411,endpoint,2025
EBOS,17,14,13,15,arrivals,0.7647058823529411,0.8823529411764706,endpoint,2025
EYPA,17,11,9,9,arrivals,0.5294117647058824,0.5294117647058824,endpoint,2025
LFLY,16,16,0,0,departures,0.0,0.0,endpoint,2025
EKRN,16,16,16,17,departures,1.0,1.0625,endpoint,2025
LYNI,16,1,0,0,departures,0.0,0.0,endpoint,2025
LFBL,16,11,11,11,departures,0.6875,0.6875,endpoint,2025
EPBY,16,15,15,15,departures,0.9375,0.9375,endpoint,2025
LTCF,16,0,0,0,departures,0.0,0.0,endpoint,2025
EGNJ,16,12,12,12,departures,0.75,0.75,endpoint,2025
EDDE,16,16,16,16,departures,1.0,1.0,endpoint,2025
LXGB,16,15,15,15,departures,0.9375,0.9375,endpoint,2025
LEPP,16,16,16,18,departures,1.0,1.125,endpoint,2025
EPLB,16,15,15,16,departures,0.9375,1.0,endpoint,2025
LFBE,16,15,15,15,departures,0.9375,0.9375,endpoint,2025
EKEB,16,13,13,15,departures,0.8125,0.9375,endpoint,2025
LECH,16,14,14,15,departures,0.875,0.9375,endpoint,2025
LFLY,16,15,0,0,arrivals,0.0,0.0,endpoint,2025
LYNI,16,3,0,0,arrivals,0.0,0.0,endpoint,2025
LFBL,16,8,7,7,arrivals,0.4375,0.4375,endpoint,2025
EPLL,16,14,14,14,arrivals,0.875,0.875,endpoint,2025
LTCF,16,0,0,0,arrivals,0.0,0.0,endpoint,2025
ENSH,16,15,0,0,arrivals,0.0,0.0,endpoint,2025
LFMK,16,16,16,17,arrivals,1.0,1.0625,endpoint,2025
EGTK,16,16,16,17,arrivals,1.0,1.0625,endpoint,2025
LGAL,16,15,15,15,arrivals,0.9375,0.9375,endpoint,2025
EDVE,16,16,16,18,arrivals,1.0,1.125,endpoint,2025
EPLB,16,14,14,16,arrivals,0.875,1.0,endpoint,2025
LFBE,16,15,15,15,arrivals,0.9375,0.9375,endpoint,2025
LXGB,16,15,15,15,arrivals,0.9375,0.9375,endpoint,2025
UWGG,15,0,0,0,departures,0.0,0.0,endpoint,2025
HESX,15,5,4,5,departures,0.26666666666666666,0.3333333333333333,endpoint,2025
LTCK,15,0,0,0,departures,0.0,0.0,endpoint,2025
EDNY,15,13,12,12,departures,0.8,0.8,endpoint,2025
ENRA,15,9,7,8,departures,0.4666666666666667,0.5333333333333333,endpoint,2025
EGAE,15,5,5,5,departures,0.3333333333333333,0.3333333333333333,endpoint,2025
LFMK,15,15,15,15,departures,1.0,1.0,endpoint,2025
LFRM,15,15,14,16,arrivals,0.9333333333333333,1.0666666666666667,endpoint,2025
EKRN,15,14,14,14,arrivals,0.9333333333333333,0.9333333333333333,endpoint,2025
ENVD,15,4,0,0,arrivals,0.0,0.0,endpoint,2025
LTCK,15,0,0,0,arrivals,0.0,0.0,endpoint,2025
EPBY,15,10,10,12,arrivals,0.6666666666666666,0.8,endpoint,2025
EDNY,15,12,11,12,arrivals,0.7333333333333333,0.8,endpoint,2025
ENML,15,8,3,15,arrivals,0.2,1.0,endpoint,2025
LLHA,15,12,12,12,arrivals,0.8,0.8,endpoint,2025
LGLM,15,0,0,0,arrivals,0.0,0.0,endpoint,2025
LECH,15,13,13,13,arrivals,0.8666666666666667,0.8666666666666667,endpoint,2025
HESX,15,5,5,21,arrivals,0.3333333333333333,1.4,endpoint,2025
EDDE,15,14,13,13,arrivals,0.8666666666666667,0.8666666666666667,endpoint,2025
EKEB,15,12,12,23,arrivals,0.8,1.5333333333333334,endpoint,2025
LFSD,15,15,15,16,arrivals,1.0,1.0666666666666667,endpoint,2025
LTAY,14,2,2,2,departures,0.14285714285714285,0.14285714285714285,endpoint,2025
ETSI,14,13,13,13,departures,0.9285714285714286,0.9285714285714286,endpoint,2025
LROD,14,4,3,3,departures,0.21428571428571427,0.21428571428571427,endpoint,2025
ENSH,14,14,0,0,departures,0.0,0.0,endpoint,2025
LTAR,14,0,0,0,departures,0.0,0.0,endpoint,2025
EDVE,14,14,14,14,departures,1.0,1.0,endpoint,2025
LGLM,14,0,0,0,departures,0.0,0.0,endpoint,2025
LLHA,14,13,13,13,departures,0.9285714285714286,0.9285714285714286,endpoint,2025
EFKU,14,14,14,14,departures,1.0,1.0,endpoint,2025
LFBH,14,14,9,10,arrivals,0.6428571428571429,0.7142857142857143,endpoint,2025
LPAZ,14,13,13,14,arrivals,0.9285714285714286,1.0,endpoint,2025
LROD,14,1,0,2,arrivals,0.0,0.14285714285714285,endpoint,2025
ENRA,14,8,7,11,arrivals,0.5,0.7857142857142857,endpoint,2025
EGAE,14,4,4,4,arrivals,0.2857142857142857,0.2857142857142857,endpoint,2025
LTAR,14,0,0,0,arrivals,0.0,0.0,endpoint,2025
LEPP,14,13,3,59,arrivals,0.21428571428571427,4.214285714285714,endpoint,2025
LFRM,13,13,13,14,departures,1.0,1.0769230769230769,endpoint,2025
LFBH,13,13,13,13,departures,1.0,1.0,endpoint,2025
LTDA,13,0,0,0,departures,0.0,0.0,endpoint,2025
LPPS,13,6,5,5,departures,0.38461538461538464,0.38461538461538464,endpoint,2025
LFRZ,13,13,10,10,departures,0.7692307692307693,0.7692307692307693,endpoint,2025
LTCT,13,0,0,0,departures,0.0,0.0,endpoint,2025
LIBC,13,0,0,0,departures,0.0,0.0,endpoint,2025
EDMA,13,13,13,13,departures,1.0,1.0,endpoint,2025
LGKV,13,13,13,14,departures,1.0,1.0769230769230769,endpoint,2025
EFVA,13,12,12,12,departures,0.9230769230769231,0.9230769230769231,endpoint,2025
UWGG,13,2,0,0,arrivals,0.0,0.0,endpoint,2025
LTAY,13,1,0,1,arrivals,0.0,0.07692307692307693,endpoint,2025
LGKV,13,12,12,12,arrivals,0.9230769230769231,0.9230769230769231,endpoint,2025
LPPS,13,6,6,20,arrivals,0.46153846153846156,1.5384615384615385,endpoint,2025
LFRZ,13,13,10,10,arrivals,0.7692307692307693,0.7692307692307693,endpoint,2025
EFKU,13,13,13,13,arrivals,1.0,1.0,endpoint,2025
LTCT,13,0,0,0,arrivals,0.0,0.0,endpoint,2025
LBPD,13,2,1,1,arrivals,0.07692307692307693,0.07692307692307693,endpoint,2025
ESNS,12,12,12,12,departures,1.0,1.0,endpoint,2025
EDFM,12,11,11,17,departures,0.9166666666666666,1.4166666666666667,endpoint,2025
LFMU,12,12,12,12,departures,1.0,1.0,endpoint,2025
ENBL,12,0,0,0,departures,0.0,0.0,endpoint,2025
GCGM,12,6,0,0,departures,0.0,0.0,endpoint,2025
ENSD,12,1,0,0,departures,0.0,0.0,endpoint,2025
LTCP,12,0,0,0,departures,0.0,0.0,endpoint,2025
LIRS,12,12,12,13,departures,1.0,1.0833333333333333,endpoint,2025
LFTZ,12,11,0,0,departures,0.0,0.0,endpoint,2025
LFTW,12,11,11,11,departures,0.9166666666666666,0.9166666666666666,endpoint,2025
LTFD,12,11,11,11,departures,0.9166666666666666,0.9166666666666666,endpoint,2025
ENST,12,4,3,4,departures,0.25,0.3333333333333333,endpoint,2025
EKRK,12,12,12,12,departures,1.0,1.0,endpoint,2025
LTCN,12,0,0,0,departures,0.0,0.0,endpoint,2025
HLLB,12,0,0,0,departures,0.0,0.0,endpoint,2025
LGIO,12,10,10,10,arrivals,0.8333333333333334,0.8333333333333334,endpoint,2025
LTFD,12,11,11,11,arrivals,0.9166666666666666,0.9166666666666666,endpoint,2025
LIBF,12,0,0,5,arrivals,0.0,0.4166666666666667,endpoint,2025
ETSI,12,11,11,12,arrivals,0.9166666666666666,1.0,endpoint,2025
LGRX,12,4,2,2,arrivals,0.16666666666666666,0.16666666666666666,endpoint,2025
LFMU,12,11,11,11,arrivals,0.9166666666666666,0.9166666666666666,endpoint,2025
LTCN,12,0,0,0,arrivals,0.0,0.0,endpoint,2025
HLLB,12,0,0,0,arrivals,0.0,0.0,endpoint,2025
LIBC,12,1,0,0,arrivals,0.0,0.0,endpoint,2025
EFVA,12,10,10,10,arrivals,0.8333333333333334,0.8333333333333334,endpoint,2025
LTCD,12,0,0,0,arrivals,0.0,0.0,endpoint,2025
EKSB,12,12,12,12,arrivals,1.0,1.0,endpoint,2025
GCGM,12,6,0,0,arrivals,0.0,0.0,endpoint,2025
LRBV,11,10,10,10,departures,0.9090909090909091,0.9090909090909091,endpoint,2025
LTCD,11,0,0,0,departures,0.0,0.0,endpoint,2025
EGPN,11,11,11,12,departures,1.0,1.0909090909090908,endpoint,2025
LTCV,11,0,0,0,departures,0.0,0.0,endpoint,2025
LIPO,11,11,11,13,departures,1.0,1.1818181818181819,endpoint,2025
LGRX,11,1,1,1,departures,0.09090909090909091,0.09090909090909091,endpoint,2025
ENAN,11,10,0,0,departures,0.0,0.0,endpoint,2025
GMML,11,2,0,0,departures,0.0,0.0,endpoint,2025
LFSD,11,11,11,12,departures,1.0,1.0909090909090908,endpoint,2025
LFMV,11,11,11,11,arrivals,1.0,1.0,endpoint,2025
EGPN,11,11,11,11,arrivals,1.0,1.0,endpoint,2025
LTCV,11,0,0,0,arrivals,0.0,0.0,endpoint,2025
ESNS,11,10,10,10,arrivals,0.9090909090909091,0.9090909090909091,endpoint,2025
EDFM,11,10,10,15,arrivals,0.9090909090909091,1.3636363636363635,endpoint,2025
GMML,11,3,0,0,arrivals,0.0,0.0,endpoint,2025
LTCP,11,0,0,0,arrivals,0.0,0.0,endpoint,2025
LIRS,11,11,9,9,arrivals,0.8181818181818182,0.8181818181818182,endpoint,2025
LFTW,11,10,10,10,arrivals,0.9090909090909091,0.9090909090909091,endpoint,2025
EDMA,11,11,11,11,arrivals,1.0,1.0,endpoint,2025
LTDA,11,0,0,0,arrivals,0.0,0.0,endpoint,2025
ENST,11,10,3,5,arrivals,0.2727272727272727,0.45454545454545453,endpoint,2025
LICB,11,11,11,12,arrivals,1.0,1.0909090909090908,endpoint,2025
ENBL,11,0,0,0,arrivals,0.0,0.0,endpoint,2025
ENSD,11,2,0,0,arrivals,0.0,0.0,endpoint,2025
LGIO,10,9,9,9,departures,0.9,0.9,endpoint,2025
LFMV,10,9,9,10,departures,0.9,1.0,endpoint,2025
EKSB,10,10,10,10,departures,1.0,1.0,endpoint,2025
ESNZ,10,8,8,8,departures,0.8,0.8,endpoint,2025
LQMO,10,0,0,1,departures,0.0,0.1,endpoint,2025
LGIK,10,7,0,0,departures,0.0,0.0,endpoint,2025
LIMP,10,10,10,10,departures,1.0,1.0,endpoint,2025
EHGG,10,10,10,10,departures,1.0,1.0,endpoint,2025
LIPK,10,7,7,7,departures,0.7,0.7,endpoint,2025
DAAE,10,1,1,1,departures,0.1,0.1,endpoint,2025
LFCR,10,10,10,10,arrivals,1.0,1.0,endpoint,2025
LDSB,10,0,0,0,arrivals,0.0,0.0,endpoint,2025
LIPK,10,7,7,7,arrivals,0.7,0.7,endpoint,2025
DAAE,10,4,4,4,arrivals,0.4,0.4,endpoint,2025
EKOD,10,8,8,8,arrivals,0.8,0.8,endpoint,2025
EHGG,10,10,10,10,arrivals,1.0,1.0,endpoint,2025
LFCR,9,9,9,9,departures,1.0,1.0,endpoint,2025
LKPD,9,9,9,13,departures,1.0,1.4444444444444444,endpoint,2025
ESKN,9,7,7,7,departures,0.7777777777777778,0.7777777777777778,endpoint,2025
LBPD,9,4,4,4,departures,0.4444444444444444,0.4444444444444444,endpoint,2025
GMFK,9,3,0,0,departures,0.0,0.0,endpoint,2025
LTCO,9,0,0,0,departures,0.0,0.0,endpoint,2025
LDSB,9,0,0,0,departures,0.0,0.0,endpoint,2025
LTBR,9,9,9,10,departures,1.0,1.1111111111111112,endpoint,2025
ENNA,9,8,0,0,departures,0.0,0.0,endpoint,2025
LICB,9,9,9,9,departures,1.0,1.0,endpoint,2025
EDTY,9,9,9,9,departures,1.0,1.0,endpoint,2025
ESTA,9,8,7,7,departures,0.7777777777777778,0.7777777777777778,endpoint,2025
ENMS,9,3,0,0,departures,0.0,0.0,endpoint,2025
GMMI,9,0,0,0,departures,0.0,0.0,endpoint,2025
UUBW,9,2,0,0,arrivals,0.0,0.0,endpoint,2025
DAON,9,8,2,2,arrivals,0.2222222222222222,0.2222222222222222,endpoint,2025
GMMI,9,0,0,0,arrivals,0.0,0.0,endpoint,2025
LGIK,9,8,0,0,arrivals,0.0,0.0,endpoint,2025
EGNR,9,8,4,4,arrivals,0.4444444444444444,0.4444444444444444,endpoint,2025
GMFK,9,3,0,0,arrivals,0.0,0.0,endpoint,2025
ENMS,9,8,0,0,arrivals,0.0,0.0,endpoint,2025
LTBR,9,7,7,11,arrivals,0.7777777777777778,1.2222222222222223,endpoint,2025
LRBV,9,9,9,9,arrivals,1.0,1.0,endpoint,2025
ESNZ,9,7,7,7,arrivals,0.7777777777777778,0.7777777777777778,endpoint,2025
EKRK,9,9,9,9,arrivals,1.0,1.0,endpoint,2025
LQMO,9,0,0,0,arrivals,0.0,0.0,endpoint,2025
ENAN,9,9,0,0,arrivals,0.0,0.0,endpoint,2025
URML,9,0,0,0,arrivals,0.0,0.0,endpoint,2025
ESKN,9,6,5,6,arrivals,0.5555555555555556,0.6666666666666666,endpoint,2025
LTCO,9,1,0,0,arrivals,0.0,0.0,endpoint,2025
LSMP,8,8,7,8,departures,0.875,1.0,endpoint,2025
LFSL,8,8,8,8,departures,1.0,1.0,endpoint,2025
EGPI,8,7,5,5,departures,0.625,0.625,endpoint,2025
ESMX,8,6,6,6,departures,0.75,0.75,endpoint,2025
EFMA,8,2,2,2,departures,0.25,0.25,endpoint,2025
EGPR,8,1,0,0,departures,0.0,0.0,endpoint,2025
EDHI,8,8,0,0,departures,0.0,0.0,endpoint,2025
ENJS,8,0,0,0,departures,0.0,0.0,endpoint,2025
LFOT,8,8,8,8,departures,1.0,1.0,endpoint,2025
LEBZ,8,7,7,7,departures,0.875,0.875,endpoint,2025
EPSY,8,7,7,8,departures,0.875,1.0,endpoint,2025
LQTZ,8,6,6,8,departures,0.75,1.0,endpoint,2025
LDOS,8,3,3,3,departures,0.375,0.375,endpoint,2025
LFRG,8,8,8,10,departures,1.0,1.25,endpoint,2025
BIEG,8,0,0,0,departures,0.0,0.0,endpoint,2025
DAON,8,2,2,2,departures,0.25,0.25,endpoint,2025
EDLN,8,8,5,5,departures,0.625,0.625,endpoint,2025
EFTP,8,5,5,5,departures,0.625,0.625,endpoint,2025
UBBG,8,0,0,0,departures,0.0,0.0,endpoint,2025
LGST,8,2,0,0,departures,0.0,0.0,endpoint,2025
LSMP,8,8,7,7,arrivals,0.875,0.875,endpoint,2025
LFSL,8,8,8,8,arrivals,1.0,1.0,endpoint,2025
LDOS,8,4,4,4,arrivals,0.5,0.5,endpoint,2025
EGPI,8,8,1,1,arrivals,0.125,0.125,endpoint,2025
ESMX,8,3,3,3,arrivals,0.375,0.375,endpoint,2025
EBKT,8,8,8,8,arrivals,1.0,1.0,endpoint,2025
EFMA,8,2,2,2,arrivals,0.25,0.25,endpoint,2025
BIEG,8,0,0,0,arrivals,0.0,0.0,endpoint,2025
LKPD,8,7,7,11,arrivals,0.875,1.375,endpoint,2025
ESTA,8,8,4,4,arrivals,0.5,0.5,endpoint,2025
LFOT,8,8,8,9,arrivals,1.0,1.125,endpoint,2025
LQTZ,8,4,4,7,arrivals,0.5,0.875,endpoint,2025
ENNA,8,7,0,0,arrivals,0.0,0.0,endpoint,2025
LFLB,8,8,8,8,arrivals,1.0,1.0,endpoint,2025
LGST,8,1,0,0,arrivals,0.0,0.0,endpoint,2025
EDRY,7,7,0,0,departures,0.0,0.0,endpoint,2025
EDTL,7,7,7,7,departures,1.0,1.0,endpoint,2025
ESSL,7,7,6,6,departures,0.8571428571428571,0.8571428571428571,endpoint,2025
ENNM,7,4,0,0,departures,0.0,0.0,endpoint,2025
LIBF,7,0,0,0,departures,0.0,0.0,endpoint,2025
LHDC,7,6,6,7,departures,0.8571428571428571,1.0,endpoint,2025
EIDL,7,7,7,7,departures,1.0,1.0,endpoint,2025
LTCW,7,0,0,0,departures,0.0,0.0,endpoint,2025
BIIS,7,6,0,0,departures,0.0,0.0,endpoint,2025
EKOD,7,7,7,7,departures,1.0,1.0,endpoint,2025
OITT,7,0,0,0,departures,0.0,0.0,endpoint,2025
UUBW,7,1,0,0,departures,0.0,0.0,endpoint,2025
ESNQ,7,6,6,6,departures,0.8571428571428571,0.8571428571428571,endpoint,2025
EGPL,7,0,0,0,departures,0.0,0.0,endpoint,2025
HEBA,7,6,6,6,departures,0.8571428571428571,0.8571428571428571,endpoint,2025
EGPR,7,0,0,2,arrivals,0.0,0.2857142857142857,endpoint,2025
BIIS,7,5,0,0,arrivals,0.0,0.0,endpoint,2025
DABB,7,0,0,0,arrivals,0.0,0.0,endpoint,2025
EDTL,7,7,7,8,arrivals,1.0,1.1428571428571428,endpoint,2025
ENJS,7,1,0,0,arrivals,0.0,0.0,endpoint,2025
EGPL,7,3,0,0,arrivals,0.0,0.0,endpoint,2025
LEBZ,7,7,7,7,arrivals,1.0,1.0,endpoint,2025
ESNQ,7,6,6,6,arrivals,0.8571428571428571,0.8571428571428571,endpoint,2025
LTCW,7,0,0,0,arrivals,0.0,0.0,endpoint,2025
EDHI,7,7,0,0,arrivals,0.0,0.0,endpoint,2025
EIDL,7,7,7,7,arrivals,1.0,1.0,endpoint,2025
OITT,7,0,0,0,arrivals,0.0,0.0,endpoint,2025
EDTY,7,7,7,8,arrivals,1.0,1.1428571428571428,endpoint,2025
LIMP,7,5,5,5,arrivals,0.7142857142857143,0.7142857142857143,endpoint,2025
HEAL,6,1,1,1,departures,0.16666666666666666,0.16666666666666666,endpoint,2025
ENDU,6,2,2,15,departures,0.3333333333333333,2.5,endpoint,2025
EFKE,6,1,0,0,departures,0.0,0.0,endpoint,2025
ESOE,6,6,6,6,departures,1.0,1.0,endpoint,2025
EFJO,6,6,6,6,departures,1.0,1.0,endpoint,2025
URML,6,0,0,0,departures,0.0,0.0,endpoint,2025
ENRM,6,5,5,11,departures,0.8333333333333334,1.8333333333333333,endpoint,2025
LTCU,6,0,0,0,departures,0.0,0.0,endpoint,2025
EGNR,6,6,4,4,departures,0.6666666666666666,0.6666666666666666,endpoint,2025
EDVK,6,4,4,4,departures,0.6666666666666666,0.6666666666666666,endpoint,2025
EGPU,6,1,0,0,departures,0.0,0.0,endpoint,2025
HEMM,6,0,0,0,departures,0.0,0.0,endpoint,2025
ESNK,6,0,0,0,departures,0.0,0.0,endpoint,2025
EDHL,6,6,6,6,departures,1.0,1.0,endpoint,2025
ENSO,6,6,6,6,departures,1.0,1.0,endpoint,2025
LPVZ,6,6,0,0,departures,0.0,0.0,endpoint,2025
ESKM,6,3,0,0,departures,0.0,0.0,endpoint,2025
EHJA,6,3,0,0,departures,0.0,0.0,endpoint,2025
ESNL,6,0,0,0,departures,0.0,0.0,endpoint,2025
LPPM,6,6,6,7,departures,1.0,1.1666666666666667,endpoint,2025
EFIV,6,2,0,0,departures,0.0,0.0,endpoint,2025
DABB,6,0,0,0,departures,0.0,0.0,endpoint,2025
EDVK,6,4,4,5,arrivals,0.6666666666666666,0.8333333333333334,endpoint,2025
EDRY,6,5,0,0,arrivals,0.0,0.0,endpoint,2025
EGPU,6,0,0,1,arrivals,0.0,0.16666666666666666,endpoint,2025
LHDC,6,6,5,6,arrivals,0.8333333333333334,1.0,endpoint,2025
ESOE,6,6,6,7,arrivals,1.0,1.1666666666666667,endpoint,2025
LFLI,6,6,0,0,arrivals,0.0,0.0,endpoint,2025
LFEC,6,0,0,0,arrivals,0.0,0.0,endpoint,2025
LIMZ,6,6,6,6,arrivals,1.0,1.0,endpoint,2025
EFTP,6,4,4,4,arrivals,0.6666666666666666,0.6666666666666666,endpoint,2025
ENLE,6,2,0,0,arrivals,0.0,0.0,endpoint,2025
EFIV,6,2,0,0,arrivals,0.0,0.0,endpoint,2025
HEAL,6,2,2,2,arrivals,0.3333333333333333,0.3333333333333333,endpoint,2025
ENNM,6,4,0,0,arrivals,0.0,0.0,endpoint,2025
ESNK,6,0,0,1,arrivals,0.0,0.16666666666666666,endpoint,2025
EDHL,6,6,6,6,arrivals,1.0,1.0,endpoint,2025
ENSO,6,6,6,7,arrivals,1.0,1.1666666666666667,endpoint,2025
EFJO,6,6,4,4,arrivals,0.6666666666666666,0.6666666666666666,endpoint,2025
LWOH,6,0,0,0,arrivals,0.0,0.0,endpoint,2025
HEBA,6,5,5,5,arrivals,0.8333333333333334,0.8333333333333334,endpoint,2025
ESSL,6,6,6,6,arrivals,1.0,1.0,endpoint,2025
LGLE,6,1,0,0,arrivals,0.0,0.0,endpoint,2025
ESKM,6,3,0,0,arrivals,0.0,0.0,endpoint,2025
ESNL,6,0,0,0,arrivals,0.0,0.0,endpoint,2025
ENRM,6,5,5,19,arrivals,0.8333333333333334,3.1666666666666665,endpoint,2025
LTCU,6,0,0,0,arrivals,0.0,0.0,endpoint,2025
EEKE,5,5,5,5,departures,1.0,1.0,endpoint,2025
LTCM,5,1,0,0,departures,0.0,0.0,endpoint,2025
LTCL,5,0,0,0,departures,0.0,0.0,endpoint,2025
LGKY,5,4,0,0,departures,0.0,0.0,endpoint,2025
ENHE,5,0,0,0,departures,0.0,0.0,endpoint,2025
ENFB,5,0,0,0,departures,0.0,0.0,endpoint,2025
LGKC,5,0,0,0,departures,0.0,0.0,endpoint,2025
ENLE,5,2,0,0,departures,0.0,0.0,endpoint,2025
LRTM,5,5,5,6,departures,1.0,1.2,endpoint,2025
LGLE,5,1,0,0,departures,0.0,0.0,endpoint,2025
EGEC,5,0,0,2,departures,0.0,0.4,endpoint,2025
ESGT,5,2,2,2,departures,0.4,0.4,endpoint,2025
EFKI,5,4,4,4,departures,0.8,0.8,endpoint,2025
ORMM,5,5,5,5,departures,1.0,1.0,endpoint,2025
ESNG,5,0,0,0,departures,0.0,0.0,endpoint,2025
EFJY,5,5,5,5,departures,1.0,1.0,endpoint,2025
EETU,5,5,4,4,departures,0.8,0.8,endpoint,2025
EFKK,5,5,5,5,departures,1.0,1.0,endpoint,2025
EDAH,5,3,3,3,departures,0.6,0.6,endpoint,2025
ESNX,5,0,0,0,departures,0.0,0.0,endpoint,2025
LFLB,5,5,5,6,departures,1.0,1.2,endpoint,2025
LFEC,5,0,0,0,departures,0.0,0.0,endpoint,2025
LTAW,5,0,0,0,departures,0.0,0.0,endpoint,2025
LFJL,5,4,4,4,departures,0.8,0.8,endpoint,2025
ENRS,5,5,0,0,departures,0.0,0.0,endpoint,2025
DAAS,5,0,0,0,departures,0.0,0.0,endpoint,2025
EEKA,5,0,0,0,departures,0.0,0.0,endpoint,2025
LFLI,5,5,0,0,departures,0.0,0.0,endpoint,2025
LWOH,5,1,1,1,departures,0.2,0.2,endpoint,2025
LIMZ,5,5,5,5,departures,1.0,1.0,endpoint,2025
ESDF,5,5,5,5,departures,1.0,1.0,endpoint,2025
GMMZ,5,2,0,0,departures,0.0,0.0,endpoint,2025
EPSY,5,2,2,2,arrivals,0.4,0.4,endpoint,2025
URMG,5,0,0,0,arrivals,0.0,0.0,endpoint,2025
ENDU,5,4,4,10,arrivals,0.8,2.0,endpoint,2025
LTCM,5,0,0,0,arrivals,0.0,0.0,endpoint,2025
LTCL,5,0,0,0,arrivals,0.0,0.0,endpoint,2025
LFRG,5,5,5,9,arrivals,1.0,1.8,endpoint,2025
EEKA,5,0,0,0,arrivals,0.0,0.0,endpoint,2025
ENHE,5,0,0,0,arrivals,0.0,0.0,endpoint,2025
LTAW,5,0,0,1,arrivals,0.0,0.2,endpoint,2025
EGVN,5,2,2,2,arrivals,0.4,0.4,endpoint,2025
LESA,5,5,5,5,arrivals,1.0,1.0,endpoint,2025
LRTM,5,4,2,30,arrivals,0.4,6.0,endpoint,2025
EDAH,5,3,3,5,arrivals,0.6,1.0,endpoint,2025
LSZS,5,5,5,5,arrivals,1.0,1.0,endpoint,2025
EFKI,5,3,3,3,arrivals,0.6,0.6,endpoint,2025
HEMM,5,0,0,0,arrivals,0.0,0.0,endpoint,2025
ORMM,5,1,1,1,arrivals,0.2,0.2,endpoint,2025
EEKE,5,5,5,5,arrivals,1.0,1.0,endpoint,2025
DAAS,5,1,1,1,arrivals,0.2,0.2,endpoint,2025
LPPM,5,5,5,8,arrivals,1.0,1.6,endpoint,2025
ESNG,5,0,0,0,arrivals,0.0,0.0,endpoint,2025
GMMZ,5,2,0,0,arrivals,0.0,0.0,endpoint,2025
UBBG,5,0,0,0,arrivals,0.0,0.0,endpoint,2025
LFJL,5,5,5,5,arrivals,1.0,1.0,endpoint,2025
ENOA,5,0,0,0,arrivals,0.0,0.0,endpoint,2025
LPVZ,5,5,2,3,arrivals,0.4,0.6,endpoint,2025
EGEC,5,0,0,7,arrivals,0.0,1.4,endpoint,2025
ENRS,5,4,0,0,arrivals,0.0,0.0,endpoint,2025
EKDF,5,4,0,0,arrivals,0.0,0.0,endpoint,2025
LGKC,5,0,0,0,arrivals,0.0,0.0,endpoint,2025
LGSO,4,3,0,0,departures,0.0,0.0,endpoint,2025
LFPN,4,4,0,0,departures,0.0,0.0,endpoint,2025
LFOZ,4,4,0,0,departures,0.0,0.0,endpoint,2025
UWSG,4,1,1,1,departures,0.25,0.25,endpoint,2025
EPRA,4,4,4,4,departures,1.0,1.0,endpoint,2025
LZTT,4,4,4,4,departures,1.0,1.0,endpoint,2025
ESMT,4,3,3,4,departures,0.75,1.0,endpoint,2025
URWW,4,0,0,0,departures,0.0,0.0,endpoint,2025
ENSR,4,0,0,28,departures,0.0,7.0,endpoint,2025
ESOK,4,1,1,1,departures,0.25,0.25,endpoint,2025
EDAZ,4,4,0,0,departures,0.0,0.0,endpoint,2025
LFRT,4,4,3,3,departures,0.75,0.75,endpoint,2025
LFLW,4,0,0,0,departures,0.0,0.0,endpoint,2025
LFRD,4,4,4,4,departures,1.0,1.0,endpoint,2025
LTFC,4,0,0,1,departures,0.0,0.25,endpoint,2025
ENRO,4,4,4,4,departures,1.0,1.0,endpoint,2025
LECU,4,3,3,3,departures,0.75,0.75,endpoint,2025
ESOH,4,4,0,0,departures,0.0,0.0,endpoint,2025
LSZA,4,4,4,4,departures,1.0,1.0,endpoint,2025
LSGL,4,3,0,0,departures,0.0,0.0,endpoint,2025
LGBL,4,4,4,5,departures,1.0,1.25,endpoint,2025
LTAP,4,0,0,0,departures,0.0,0.0,endpoint,2025
LJPZ,4,3,2,2,departures,0.5,0.5,endpoint,2025
EDQG,4,4,0,0,departures,0.0,0.0,endpoint,2025
ESNV,4,0,0,0,departures,0.0,0.0,endpoint,2025
ENGC,4,0,0,0,departures,0.0,0.0,endpoint,2025
EKDF,4,0,0,0,departures,0.0,0.0,endpoint,2025
ESMQ,4,4,4,5,departures,1.0,1.25,endpoint,2025
LESA,4,4,4,4,departures,1.0,1.0,endpoint,2025
LESU,4,4,4,4,departures,1.0,1.0,endpoint,2025
LFRH,4,4,4,4,departures,1.0,1.0,endpoint,2025
EPZG,4,3,3,3,departures,0.75,0.75,endpoint,2025
LKCS,4,4,4,4,departures,1.0,1.0,endpoint,2025
ESND,4,0,0,0,departures,0.0,0.0,endpoint,2025
ESGJ,4,1,1,1,departures,0.25,0.25,endpoint,2025
LGKS,4,0,0,0,departures,0.0,0.0,endpoint,2025
LFCK,4,4,4,4,departures,1.0,1.0,endpoint,2025
LKHK,4,4,0,0,departures,0.0,0.0,endpoint,2025
ESSP,4,4,4,4,departures,1.0,1.0,endpoint,2025
EFKT,4,1,1,1,departures,0.25,0.25,endpoint,2025
LEVD,4,3,3,3,departures,0.75,0.75,endpoint,2025
ORKK,4,0,0,0,departures,0.0,0.0,endpoint,2025
UWSG,4,1,1,1,arrivals,0.25,0.25,endpoint,2025
LGPL,4,0,0,0,arrivals,0.0,0.0,endpoint,2025
URMO,4,0,0,0,arrivals,0.0,0.0,endpoint,2025
ENXO,4,1,0,0,arrivals,0.0,0.0,endpoint,2025
LEVD,4,4,4,4,arrivals,1.0,1.0,endpoint,2025
EHLL,4,3,0,0,arrivals,0.0,0.0,endpoint,2025
LFLX,4,4,3,3,arrivals,0.75,0.75,endpoint,2025
LKCS,4,4,4,5,arrivals,1.0,1.25,endpoint,2025
ENQG,4,0,0,0,arrivals,0.0,0.0,endpoint,2025
ESDF,4,4,4,4,arrivals,1.0,1.0,endpoint,2025
LGKY,4,2,0,0,arrivals,0.0,0.0,endpoint,2025
ENQS,4,0,0,0,arrivals,0.0,0.0,endpoint,2025
ENGC,4,0,0,0,arrivals,0.0,0.0,endpoint,2025
EDAZ,4,4,0,0,arrivals,0.0,0.0,endpoint,2025
LTAS,4,0,0,0,arrivals,0.0,0.0,endpoint,2025
ESGJ,4,1,1,1,arrivals,0.25,0.25,endpoint,2025
LFCK,4,4,4,4,arrivals,1.0,1.0,endpoint,2025
LGSO,4,4,0,0,arrivals,0.0,0.0,endpoint,2025
EDRZ,4,4,0,0,arrivals,0.0,0.0,endpoint,2025
LRBM,4,1,0,0,arrivals,0.0,0.0,endpoint,2025
LZTT,4,4,4,4,arrivals,1.0,1.0,endpoint,2025
ESOH,4,3,0,0,arrivals,0.0,0.0,endpoint,2025
ENSR,4,0,0,59,arrivals,0.0,14.75,endpoint,2025
ESOK,4,1,1,1,arrivals,0.25,0.25,endpoint,2025
EGNO,4,4,4,4,arrivals,1.0,1.0,endpoint,2025
LSGL,4,3,0,0,arrivals,0.0,0.0,endpoint,2025
LFRH,4,4,4,4,arrivals,1.0,1.0,endpoint,2025
LTAP,4,0,0,0,arrivals,0.0,0.0,endpoint,2025
LTFC,4,0,0,7,arrivals,0.0,1.75,endpoint,2025
ESNX,4,0,0,0,arrivals,0.0,0.0,endpoint,2025
EDQG,4,4,0,0,arrivals,0.0,0.0,endpoint,2025
ESNV,4,0,0,0,arrivals,0.0,0.0,endpoint,2025
ESND,4,0,0,0,arrivals,0.0,0.0,endpoint,2025
LSZA,4,4,4,4,arrivals,1.0,1.0,endpoint,2025
EFJY,4,4,4,4,arrivals,1.0,1.0,endpoint,2025
EETU,4,3,3,3,arrivals,0.75,0.75,endpoint,2025
EFKK,4,4,4,4,arrivals,1.0,1.0,endpoint,2025
LGKS,4,0,0,0,arrivals,0.0,0.0,endpoint,2025
ESSP,4,4,4,4,arrivals,1.0,1.0,endpoint,2025
LDLO,4,2,0,0,arrivals,0.0,0.0,endpoint,2025
LGBL,4,3,3,3,arrivals,0.75,0.75,endpoint,2025
ESGT,4,1,1,1,arrivals,0.25,0.25,endpoint,2025
LKHK,4,4,0,0,arrivals,0.0,0.0,endpoint,2025
EFKE,4,1,0,0,arrivals,0.0,0.0,endpoint,2025
LZPP,4,4,4,4,arrivals,1.0,1.0,endpoint,2025
EFKT,4,1,1,1,arrivals,0.25,0.25,endpoint,2025
LFLW,4,0,0,0,arrivals,0.0,0.0,endpoint,2025
BIBD,3,3,1,1,departures,0.3333333333333333,0.3333333333333333,endpoint,2025
ENQO,3,0,0,0,departures,0.0,0.0,endpoint,2025
EGLK,3,3,3,3,departures,1.0,1.0,endpoint,2025
ENWS,3,0,0,0,departures,0.0,0.0,endpoint,2025
LRBM,3,1,0,0,departures,0.0,0.0,endpoint,2025
EGMD,3,3,2,2,departures,0.6666666666666666,0.6666666666666666,endpoint,2025
ETAR,3,3,3,3,departures,1.0,1.0,endpoint,2025
ENXO,3,1,0,0,departures,0.0,0.0,endpoint,2025
LELN,3,3,3,3,departures,1.0,1.0,endpoint,2025
LFLS,3,3,3,3,departures,1.0,1.0,endpoint,2025
OJAM,3,0,0,7,departures,0.0,2.3333333333333335,endpoint,2025
ENOC,3,0,0,0,departures,0.0,0.0,endpoint,2025
LTBH,3,3,3,3,departures,1.0,1.0,endpoint,2025
UDSG,3,0,0,0,departures,0.0,0.0,endpoint,2025
ENWY,3,0,0,0,departures,0.0,0.0,endpoint,2025
LTAL,3,0,0,0,departures,0.0,0.0,endpoint,2025
EGNH,3,3,3,3,departures,1.0,1.0,endpoint,2025
LGSY,3,0,0,0,departures,0.0,0.0,endpoint,2025
URMG,3,1,0,0,departures,0.0,0.0,endpoint,2025
EDGS,3,3,3,3,departures,1.0,1.0,endpoint,2025
LPBJ,3,2,2,2,departures,0.6666666666666666,0.6666666666666666,endpoint,2025
ENOL,3,1,1,1,departures,0.3333333333333333,0.3333333333333333,endpoint,2025
ENSE,3,0,0,0,departures,0.0,0.0,endpoint,2025
BIHN,3,0,0,0,departures,0.0,0.0,endpoint,2025
GMMB,3,1,0,0,departures,0.0,0.0,endpoint,2025
ESOW,3,3,3,3,departures,1.0,1.0,endpoint,2025
LTAS,3,0,0,0,departures,0.0,0.0,endpoint,2025
LFHP,3,0,0,0,departures,0.0,0.0,endpoint,2025
LFBI,3,3,3,3,departures,1.0,1.0,endpoint,2025
URMO,3,0,0,0,departures,0.0,0.0,endpoint,2025
EDTM,3,3,3,3,departures,1.0,1.0,endpoint,2025
DTTX,3,0,0,0,departures,0.0,0.0,endpoint,2025
EFKS,3,0,0,0,departures,0.0,0.0,endpoint,2025
ENOA,3,0,0,0,departures,0.0,0.0,endpoint,2025
ENSL,3,0,0,0,departures,0.0,0.0,endpoint,2025
ESNO,3,1,1,1,departures,0.3333333333333333,0.3333333333333333,endpoint,2025
ENQA,3,2,0,0,departures,0.0,0.0,endpoint,2025
LSZS,3,3,3,3,departures,1.0,1.0,endpoint,2025
ESNN,3,3,3,3,departures,1.0,1.0,endpoint,2025
LDLO,3,1,0,0,departures,0.0,0.0,endpoint,2025
LRCK,3,3,2,2,departures,0.6666666666666666,0.6666666666666666,endpoint,2025
EGNO,3,3,3,3,departures,1.0,1.0,endpoint,2025
ENWV,3,0,0,0,departures,0.0,0.0,endpoint,2025
GMTA,3,3,3,3,departures,1.0,1.0,endpoint,2025
EKHA,3,0,0,0,departures,0.0,0.0,endpoint,2025
LSZC,3,3,0,0,departures,0.0,0.0,endpoint,2025
OSDI,3,0,0,0,departures,0.0,0.0,endpoint,2025
ESUP,3,0,0,0,departures,0.0,0.0,endpoint,2025
LFAT,3,2,2,2,departures,0.6666666666666666,0.6666666666666666,endpoint,2025
BIBD,3,2,0,0,arrivals,0.0,0.0,endpoint,2025
ULAA,3,0,0,0,arrivals,0.0,0.0,endpoint,2025
LFLU,3,3,3,4,arrivals,1.0,1.3333333333333333,endpoint,2025
ENWS,3,0,0,0,arrivals,0.0,0.0,endpoint,2025
LFMQ,3,3,3,3,arrivals,1.0,1.0,endpoint,2025
OSDI,3,0,0,0,arrivals,0.0,0.0,endpoint,2025
LELN,3,3,3,3,arrivals,1.0,1.0,endpoint,2025
ESUP,3,0,0,0,arrivals,0.0,0.0,endpoint,2025
GMTA,3,3,3,3,arrivals,1.0,1.0,endpoint,2025
EDTM,3,3,3,3,arrivals,1.0,1.0,endpoint,2025
LECU,3,3,3,3,arrivals,1.0,1.0,endpoint,2025
ESMT,3,3,2,6,arrivals,0.6666666666666666,2.0,endpoint,2025
ENOC,3,2,0,0,arrivals,0.0,0.0,endpoint,2025
UDSG,3,0,0,0,arrivals,0.0,0.0,endpoint,2025
ENWY,3,0,0,0,arrivals,0.0,0.0,endpoint,2025
LFHP,3,0,0,0,arrivals,0.0,0.0,endpoint,2025
EGNH,3,3,3,3,arrivals,1.0,1.0,endpoint,2025
LFBI,3,2,2,2,arrivals,0.6666666666666666,0.6666666666666666,endpoint,2025
EPRA,3,3,3,4,arrivals,1.0,1.3333333333333333,endpoint,2025
LFOH,3,3,0,0,arrivals,0.0,0.0,endpoint,2025
OJAM,3,0,0,51,arrivals,0.0,17.0,endpoint,2025
DTTX,3,0,0,0,arrivals,0.0,0.0,endpoint,2025
EFKS,3,0,0,0,arrivals,0.0,0.0,endpoint,2025
GMMB,3,2,0,0,arrivals,0.0,0.0,endpoint,2025
ESOW,3,3,3,3,arrivals,1.0,1.0,endpoint,2025
LTAL,3,0,0,0,arrivals,0.0,0.0,endpoint,2025
EPZG,3,3,3,3,arrivals,1.0,1.0,endpoint,2025
LGSY,3,0,0,0,arrivals,0.0,0.0,endpoint,2025
LFOZ,3,2,0,0,arrivals,0.0,0.0,endpoint,2025
EHJA,3,1,0,0,arrivals,0.0,0.0,endpoint,2025
ENFB,3,0,0,0,arrivals,0.0,0.0,endpoint,2025
LTBH,3,2,2,2,arrivals,0.6666666666666666,0.6666666666666666,endpoint,2025
ENSL,3,0,0,0,arrivals,0.0,0.0,endpoint,2025
ESNO,3,1,0,17,arrivals,0.0,5.666666666666667,endpoint,2025
ENQA,3,3,0,0,arrivals,0.0,0.0,endpoint,2025
LFRC,3,3,3,4,arrivals,1.0,1.3333333333333333,endpoint,2025
ESUT,3,0,0,0,arrivals,0.0,0.0,endpoint,2025
ENRO,3,3,3,3,arrivals,1.0,1.0,endpoint,2025
EKHA,3,3,0,0,arrivals,0.0,0.0,endpoint,2025
URWW,3,0,0,0,arrivals,0.0,0.0,endpoint,2025
ESMQ,3,3,3,3,arrivals,1.0,1.0,endpoint,2025
BIHN,3,0,0,0,arrivals,0.0,0.0,endpoint,2025
EDGS,3,3,3,3,arrivals,1.0,1.0,endpoint,2025
ENWV,3,0,0,0,arrivals,0.0,0.0,endpoint,2025
LFLS,3,3,3,3,arrivals,1.0,1.0,endpoint,2025
EHFB,3,0,0,0,arrivals,0.0,0.0,endpoint,2025
LFRD,3,3,3,3,arrivals,1.0,1.0,endpoint,2025
ENQV,2,0,0,0,departures,0.0,0.0,endpoint,2025
EHKJ,2,1,0,0,departures,0.0,0.0,endpoint,2025
EGBJ,2,2,2,2,departures,1.0,1.0,endpoint,2025
LSGK,2,2,0,0,departures,0.0,0.0,endpoint,2025
EGPC,2,0,0,12,departures,0.0,6.0,endpoint,2025
LSGC,2,2,2,2,departures,1.0,1.0,endpoint,2025
ENQS,2,0,0,0,departures,0.0,0.0,endpoint,2025
ENXW,2,1,0,0,departures,0.0,0.0,endpoint,2025
LTBY,2,1,1,1,departures,0.5,0.5,endpoint,2025
ENWA,2,1,0,0,departures,0.0,0.0,endpoint,2025
LEGT,2,2,2,2,departures,1.0,1.0,endpoint,2025
LDRG,2,1,0,0,departures,0.0,0.0,endpoint,2025
GMMD,2,0,0,0,departures,0.0,0.0,endpoint,2025
LFRV,2,2,2,2,departures,1.0,1.0,endpoint,2025
LJMB,2,2,1,2,departures,0.5,1.0,endpoint,2025
EHPK,2,2,0,0,departures,0.0,0.0,endpoint,2025
LFLU,2,2,2,2,departures,1.0,1.0,endpoint,2025
LTAG,2,0,0,0,departures,0.0,0.0,endpoint,2025
LFRC,2,2,2,2,departures,1.0,1.0,endpoint,2025
EGFE,2,2,2,2,departures,1.0,1.0,endpoint,2025
ENQC,2,1,0,0,departures,0.0,0.0,endpoint,2025
LFOK,2,2,2,2,departures,1.0,1.0,endpoint,2025
EGVN,2,2,2,2,departures,1.0,1.0,endpoint,2025
EDXQ,2,2,0,0,departures,0.0,0.0,endpoint,2025
LFPT,2,2,2,3,departures,1.0,1.5,endpoint,2025
OENN,2,0,0,0,departures,0.0,0.0,endpoint,2025
ENUA,2,0,0,0,departures,0.0,0.0,endpoint,2025
LFQG,2,2,1,1,departures,0.5,0.5,endpoint,2025
LFMQ,2,2,2,2,departures,1.0,1.0,endpoint,2025
EHLL,2,1,0,0,departures,0.0,0.0,endpoint,2025
ENNE,2,0,0,0,departures,0.0,0.0,endpoint,2025
ORNI,2,0,0,0,departures,0.0,0.0,endpoint,2025
LEAB,2,2,2,2,departures,1.0,1.0,endpoint,2025
LFGA,2,1,1,1,departures,0.5,0.5,endpoint,2025
EGNL,2,2,2,3,departures,1.0,1.5,endpoint,2025
LTBZ,2,2,0,0,departures,0.0,0.0,endpoint,2025
BIVO,2,0,0,0,departures,0.0,0.0,endpoint,2025
LSTS,2,2,0,0,departures,0.0,0.0,endpoint,2025
GMAT,2,1,0,0,departures,0.0,0.0,endpoint,2025
BITN,2,0,0,0,departures,0.0,0.0,endpoint,2025
LFLX,2,2,2,2,departures,1.0,1.0,endpoint,2025
LKKV,2,2,2,2,departures,1.0,1.0,endpoint,2025
LFAC,2,2,2,2,departures,1.0,1.0,endpoint,2025
ENQJ,2,1,0,0,departures,0.0,0.0,endpoint,2025
ESUT,2,0,0,0,departures,0.0,0.0,endpoint,2025
EHGQ,2,1,0,0,departures,0.0,0.0,endpoint,2025
LFOH,2,2,0,0,departures,0.0,0.0,endpoint,2025
DAUB,2,0,0,0,departures,0.0,0.0,endpoint,2025
ENQE,2,1,0,0,departures,0.0,0.0,endpoint,2025
LTBU,2,2,2,2,departures,1.0,1.0,endpoint,2025
LGKJ,2,0,0,0,departures,0.0,0.0,endpoint,2025
ENQD,2,0,0,0,departures,0.0,0.0,endpoint,2025
LGPL,2,0,0,0,departures,0.0,0.0,endpoint,2025
LEDA,2,1,1,1,departures,0.5,0.5,endpoint,2025
ETND,2,2,2,2,departures,1.0,1.0,endpoint,2025
LIBG,2,0,0,0,departures,0.0,0.0,endpoint,2025
EHFB,2,0,0,0,departures,0.0,0.0,endpoint,2025
LRSM,2,1,1,1,departures,0.5,0.5,endpoint,2025
ULAA,2,0,0,0,departures,0.0,0.0,endpoint,2025
ENGA,2,0,0,0,departures,0.0,0.0,endpoint,2025
DAOI,2,1,1,1,departures,0.5,0.5,endpoint,2025
ESST,2,2,2,5,departures,1.0,2.5,endpoint,2025
EIWF,2,2,1,1,departures,0.5,0.5,endpoint,2025
HLMS,2,0,0,0,departures,0.0,0.0,endpoint,2025
LZPP,2,2,2,2,departures,1.0,1.0,endpoint,2025
ENQO,2,0,0,0,arrivals,0.0,0.0,endpoint,2025
EGLK,2,2,2,2,arrivals,1.0,1.0,endpoint,2025
LTAG,2,0,0,0,arrivals,0.0,0.0,endpoint,2025
LTBU,2,1,1,28,arrivals,0.5,14.0,endpoint,2025
ENQV,2,0,0,0,arrivals,0.0,0.0,endpoint,2025
LSGK,2,2,0,0,arrivals,0.0,0.0,endpoint,2025
EDMS,2,0,0,0,arrivals,0.0,0.0,endpoint,2025
ENWE,2,0,0,0,arrivals,0.0,0.0,endpoint,2025
ORNI,2,0,0,0,arrivals,0.0,0.0,endpoint,2025
DAOI,2,1,1,1,arrivals,0.5,0.5,endpoint,2025
ENXW,2,1,0,0,arrivals,0.0,0.0,endpoint,2025
LEAB,2,2,2,3,arrivals,1.0,1.5,endpoint,2025
ENWA,2,1,0,0,arrivals,0.0,0.0,endpoint,2025
LKKV,2,1,1,1,arrivals,0.5,0.5,endpoint,2025
LEGT,2,2,2,2,arrivals,1.0,1.0,endpoint,2025
EBMB,2,2,0,0,arrivals,0.0,0.0,endpoint,2025
LJMB,2,1,1,2,arrivals,0.5,1.0,endpoint,2025
EGMD,2,2,2,3,arrivals,1.0,1.5,endpoint,2025
LSGC,2,2,2,2,arrivals,1.0,1.0,endpoint,2025
DAUB,2,0,0,0,arrivals,0.0,0.0,endpoint,2025
EHKV,2,1,0,0,arrivals,0.0,0.0,endpoint,2025
LFPT,2,2,2,2,arrivals,1.0,1.0,endpoint,2025
EHPG,2,2,0,0,arrivals,0.0,0.0,endpoint,2025
EKHB,2,2,0,0,arrivals,0.0,0.0,endpoint,2025
ESST,2,2,2,5,arrivals,1.0,2.5,endpoint,2025
ENQR,2,0,0,0,arrivals,0.0,0.0,endpoint,2025
DTTZ,2,0,0,0,arrivals,0.0,0.0,endpoint,2025
LFQG,2,2,1,2,arrivals,0.5,1.0,endpoint,2025
LTBZ,2,2,0,0,arrivals,0.0,0.0,endpoint,2025
LFOK,2,1,1,1,arrivals,0.5,0.5,endpoint,2025
ESNN,2,2,2,2,arrivals,1.0,1.0,endpoint,2025
ENNE,2,0,0,0,arrivals,0.0,0.0,endpoint,2025
LEDA,2,1,1,4,arrivals,0.5,2.0,endpoint,2025
ETND,2,2,2,2,arrivals,1.0,1.0,endpoint,2025
ENSE,2,0,0,0,arrivals,0.0,0.0,endpoint,2025
LFRT,2,2,1,1,arrivals,0.5,0.5,endpoint,2025
EDLN,2,2,1,1,arrivals,0.5,0.5,endpoint,2025
GMMD,2,0,0,0,arrivals,0.0,0.0,endpoint,2025
EGNL,2,2,2,3,arrivals,1.0,1.5,endpoint,2025
LFRV,2,2,2,2,arrivals,1.0,1.0,endpoint,2025
EHJR,2,2,0,0,arrivals,0.0,0.0,endpoint,2025
BIVO,2,0,0,0,arrivals,0.0,0.0,endpoint,2025
OJAQ,2,0,0,0,arrivals,0.0,0.0,endpoint,2025
GMAT,2,2,0,0,arrivals,0.0,0.0,endpoint,2025
BITN,2,0,0,0,arrivals,0.0,0.0,endpoint,2025
LFSN,2,2,1,2,arrivals,0.5,1.0,endpoint,2025
LFJR,2,2,2,2,arrivals,1.0,1.0,endpoint,2025
LRCK,2,0,0,0,arrivals,0.0,0.0,endpoint,2025
LOAN,2,2,2,3,arrivals,1.0,1.5,endpoint,2025
ENUA,2,0,0,0,arrivals,0.0,0.0,endpoint,2025
ENUD,2,0,0,0,arrivals,0.0,0.0,endpoint,2025
ENQJ,2,0,0,0,arrivals,0.0,0.0,endpoint,2025
HLMS,2,0,0,0,arrivals,0.0,0.0,endpoint,2025
EHKJ,2,2,0,0,arrivals,0.0,0.0,endpoint,2025
LTBY,2,1,1,1,arrivals,0.5,0.5,endpoint,2025
OENN,2,0,0,0,arrivals,0.0,0.0,endpoint,2025
LESU,2,2,2,2,arrivals,1.0,1.0,endpoint,2025
ENQE,2,0,0,0,arrivals,0.0,0.0,endpoint,2025
ORKK,2,0,0,0,arrivals,0.0,0.0,endpoint,2025
ENQD,2,0,0,0,arrivals,0.0,0.0,endpoint,2025
EGBJ,2,2,2,2,arrivals,1.0,1.0,endpoint,2025
EGPC,2,0,0,16,arrivals,0.0,8.0,endpoint,2025
EDFZ,2,2,2,2,arrivals,1.0,1.0,endpoint,2025
LIBG,2,0,0,0,arrivals,0.0,0.0,endpoint,2025
LFAC,2,2,2,2,arrivals,1.0,1.0,endpoint,2025
LFAT,2,2,1,2,arrivals,0.5,1.0,endpoint,2025
ENRK,1,1,0,0,departures,0.0,0.0,endpoint,2025
ULPB,1,0,0,0,departures,0.0,0.0,endpoint,2025
EYSA,1,1,1,1,departures,1.0,1.0,endpoint,2025
EDMS,1,1,0,0,departures,0.0,0.0,endpoint,2025
ENWE,1,0,0,0,departures,0.0,0.0,endpoint,2025
ENQG,1,0,0,0,departures,0.0,0.0,endpoint,2025
UMII,1,0,0,0,departures,0.0,0.0,endpoint,2025
LOIH,1,1,0,0,departures,0.0,0.0,endpoint,2025
ENQK,1,0,0,0,departures,0.0,0.0,endpoint,2025
LFAQ,1,1,0,0,departures,0.0,0.0,endpoint,2025
LFRO,1,1,1,1,departures,1.0,1.0,endpoint,2025
LFRI,1,1,1,1,departures,1.0,1.0,endpoint,2025
LKKU,1,1,1,1,departures,1.0,1.0,endpoint,2025
LFCI,1,1,1,1,departures,1.0,1.0,endpoint,2025
EIWT,1,1,0,0,departures,0.0,0.0,endpoint,2025
EGHL,1,1,1,1,departures,1.0,1.0,endpoint,2025
DTTZ,1,0,0,0,departures,0.0,0.0,endpoint,2025
EFLP,1,0,0,0,departures,0.0,0.0,endpoint,2025
EBCV,1,1,1,1,departures,1.0,1.0,endpoint,2025
ENSF,1,0,0,0,departures,0.0,0.0,endpoint,2025
UGSA,1,0,0,0,departures,0.0,0.0,endpoint,2025
EDQM,1,1,1,1,departures,1.0,1.0,endpoint,2025
URWA,1,0,0,0,departures,0.0,0.0,endpoint,2025
EHKV,1,1,0,0,departures,0.0,0.0,endpoint,2025
LFLA,1,1,1,1,departures,1.0,1.0,endpoint,2025
LFGF,1,1,0,0,departures,0.0,0.0,endpoint,2025
ULMM,1,0,0,0,departures,0.0,0.0,endpoint,2025
EKGC,1,1,0,0,departures,0.0,0.0,endpoint,2025
ENWK,1,0,0,0,departures,0.0,0.0,endpoint,2025
USKK,1,0,0,0,departures,0.0,0.0,endpoint,2025
UWPS,1,0,0,0,departures,0.0,0.0,endpoint,2025
EGEO,1,1,0,0,departures,0.0,0.0,endpoint,2025
EHPG,1,1,0,0,departures,0.0,0.0,endpoint,2025
EGUB,1,1,1,1,departures,1.0,1.0,endpoint,2025
ENLA,1,1,0,0,departures,0.0,0.0,endpoint,2025
LFBF,1,1,0,0,departures,0.0,0.0,endpoint,2025
EHTW,1,1,1,1,departures,1.0,1.0,endpoint,2025
DABT,1,0,0,0,departures,0.0,0.0,endpoint,2025
LGTG,1,1,1,1,departures,1.0,1.0,endpoint,2025
LFLH,1,1,0,0,departures,0.0,0.0,endpoint,2025
EHKS,1,1,0,0,departures,0.0,0.0,endpoint,2025
ESMK,1,1,1,1,departures,1.0,1.0,endpoint,2025
EDWF,1,1,0,0,departures,0.0,0.0,endpoint,2025
ULWC,1,0,0,0,departures,0.0,0.0,endpoint,2025
EHJC,1,1,0,0,departures,0.0,0.0,endpoint,2025
ENWI,1,0,0,0,departures,0.0,0.0,endpoint,2025
LKRO,1,1,0,0,departures,0.0,0.0,endpoint,2025
EGSC,1,1,1,1,departures,1.0,1.0,endpoint,2025
ENDR,1,0,0,0,departures,0.0,0.0,endpoint,2025
LFCH,1,1,1,1,departures,1.0,1.0,endpoint,2025
DAUH,1,0,0,0,departures,0.0,0.0,endpoint,2025
EDRZ,1,1,0,0,departures,0.0,0.0,endpoint,2025
EBSP,1,1,0,0,departures,0.0,0.0,endpoint,2025
LKMH,1,1,0,0,departures,0.0,0.0,endpoint,2025
EHJR,1,1,0,0,departures,0.0,0.0,endpoint,2025
LEBA,1,1,1,1,departures,1.0,1.0,endpoint,2025
LFJR,1,1,1,1,departures,1.0,1.0,endpoint,2025
EDFZ,1,1,1,2,departures,1.0,2.0,endpoint,2025
UBBF,1,0,0,0,departures,0.0,0.0,endpoint,2025
LGKA,1,1,0,0,departures,0.0,0.0,endpoint,2025
EPCD,1,1,0,0,departures,0.0,0.0,endpoint,2025
BIGJ,1,1,0,0,departures,0.0,0.0,endpoint,2025
UBBL,1,0,0,0,departures,0.0,0.0,endpoint,2025
ENUD,1,0,0,0,departures,0.0,0.0,endpoint,2025
EPPW,1,0,0,0,departures,0.0,0.0,endpoint,2025
EPBC,1,0,0,0,departures,0.0,0.0,endpoint,2025
EPWK,1,0,0,0,departures,0.0,0.0,endpoint,2025
ENQL,1,0,0,0,departures,0.0,0.0,endpoint,2025
LYKV,1,0,0,4,departures,0.0,4.0,endpoint,2025
LIMG,1,1,1,1,departures,1.0,1.0,endpoint,2025
LRAR,1,1,1,6,departures,1.0,6.0,endpoint,2025
EDBC,1,1,0,0,departures,0.0,0.0,endpoint,2025
ENQM,1,0,0,0,departures,0.0,0.0,endpoint,2025
EDFE,1,1,0,0,departures,0.0,0.0,endpoint,2025
LKPM,1,1,0,0,departures,0.0,0.0,endpoint,2025
LFSG,1,1,1,1,departures,1.0,1.0,endpoint,2025
ENBE,1,0,0,0,departures,0.0,0.0,endpoint,2025
DAAV,1,0,0,0,departures,0.0,0.0,endpoint,2025
EKSI,1,0,0,0,departures,0.0,0.0,endpoint,2025
EDTF,1,1,0,0,departures,0.0,0.0,endpoint,2025
EKHB,1,0,0,0,departures,0.0,0.0,endpoint,2025
ENUN,1,0,0,0,departures,0.0,0.0,endpoint,2025
LFMH,1,1,1,1,departures,1.0,1.0,endpoint,2025
GMAZ,1,1,0,0,departures,0.0,0.0,endpoint,2025
LOLW,1,1,0,0,departures,0.0,0.0,endpoint,2025
LKJI,1,1,0,0,departures,0.0,0.0,endpoint,2025
EHAK,1,0,0,0,departures,0.0,0.0,endpoint,2025
EDBM,1,1,0,0,departures,0.0,0.0,endpoint,2025
OJAQ,1,0,0,0,departures,0.0,0.0,endpoint,2025
ENRY,1,1,1,2,departures,1.0,2.0,endpoint,2025
EHFD,1,0,0,0,departures,0.0,0.0,endpoint,2025
DAUG,1,0,0,0,departures,0.0,0.0,endpoint,2025
ENQR,1,0,0,0,departures,0.0,0.0,endpoint,2025
LFOP,1,0,0,0,departures,0.0,0.0,endpoint,2025
ENUE,1,0,0,0,departures,0.0,0.0,endpoint,2025
EKTE,1,1,0,0,departures,0.0,0.0,endpoint,2025
ENUS,1,0,0,0,departures,0.0,0.0,endpoint,2025
LPEV,1,1,1,1,departures,1.0,1.0,endpoint,2025
OIGG,1,0,0,0,departures,0.0,0.0,endpoint,2025
LIRJ,1,0,0,0,departures,0.0,0.0,endpoint,2025
EHQM,1,1,0,0,departures,0.0,0.0,endpoint,2025
UUBI,1,0,0,0,departures,0.0,0.0,endpoint,2025
EGBK,1,1,0,0,departures,0.0,0.0,endpoint,2025
EHGN,1,0,0,0,departures,0.0,0.0,endpoint,2025
LSZG,1,1,1,2,departures,1.0,2.0,endpoint,2025
EDTD,1,1,1,1,departures,1.0,1.0,endpoint,2025
LFHS,1,1,0,0,departures,0.0,0.0,endpoint,2025
EDMV,1,0,0,0,departures,0.0,0.0,endpoint,2025
EDAY,1,1,0,0,departures,0.0,0.0,endpoint,2025
EGOV,1,1,1,1,departures,1.0,1.0,endpoint,2025
LFLD,1,1,1,1,departures,1.0,1.0,endpoint,2025
LFBA,1,1,1,1,departures,1.0,1.0,endpoint,2025
ENQB,1,1,0,0,departures,0.0,0.0,endpoint,2025
LCRA,1,1,1,2,departures,1.0,2.0,endpoint,2025
UUBC,1,0,0,0,departures,0.0,0.0,endpoint,2025
EHLE,1,1,1,1,departures,1.0,1.0,endpoint,2025
ENUK,1,0,0,0,departures,0.0,0.0,endpoint,2025
EBMB,1,1,0,0,departures,0.0,0.0,endpoint,2025
LGKZ,1,1,1,2,departures,1.0,2.0,endpoint,2025
LHPR,1,1,1,1,departures,1.0,1.0,endpoint,2025
LFLO,1,1,1,1,departures,1.0,1.0,endpoint,2025
ENRK,1,1,0,0,arrivals,0.0,0.0,endpoint,2025
ULPB,1,0,0,0,arrivals,0.0,0.0,endpoint,2025
LEBA,1,1,1,1,arrivals,1.0,1.0,endpoint,2025
LFLD,1,1,0,1,arrivals,0.0,1.0,endpoint,2025
UMII,1,0,0,0,arrivals,0.0,0.0,endpoint,2025
OIGG,1,0,0,0,arrivals,0.0,0.0,endpoint,2025
LFRO,1,1,1,1,arrivals,1.0,1.0,endpoint,2025
EGTF,1,1,0,0,arrivals,0.0,0.0,endpoint,2025
USKK,1,0,0,0,arrivals,0.0,0.0,endpoint,2025
UWPS,1,0,0,0,arrivals,0.0,0.0,endpoint,2025
EKAR,1,1,0,0,arrivals,0.0,0.0,endpoint,2025
UUBI,1,0,0,0,arrivals,0.0,0.0,endpoint,2025
LKRO,1,1,0,0,arrivals,0.0,0.0,endpoint,2025
EHKE,1,1,0,0,arrivals,0.0,0.0,endpoint,2025
DAUH,1,0,0,0,arrivals,0.0,0.0,endpoint,2025
EBCV,1,1,1,2,arrivals,1.0,2.0,endpoint,2025
LIMG,1,1,1,1,arrivals,1.0,1.0,endpoint,2025
EDBM,1,1,0,0,arrivals,0.0,0.0,endpoint,2025
URWA,1,0,0,0,arrivals,0.0,0.0,endpoint,2025
EDBC,1,1,0,0,arrivals,0.0,0.0,endpoint,2025
LFLA,1,1,0,0,arrivals,0.0,0.0,endpoint,2025
ENQB,1,0,0,0,arrivals,0.0,0.0,endpoint,2025
LIRJ,1,0,0,3,arrivals,0.0,3.0,endpoint,2025
LFAQ,1,1,0,0,arrivals,0.0,0.0,endpoint,2025
ENWK,1,0,0,0,arrivals,0.0,0.0,endpoint,2025
LSZC,1,1,0,0,arrivals,0.0,0.0,endpoint,2025
UUBC,1,0,0,2,arrivals,0.0,2.0,endpoint,2025
LFGA,1,1,1,1,arrivals,1.0,1.0,endpoint,2025
EGUB,1,0,0,0,arrivals,0.0,0.0,endpoint,2025
ENLA,1,1,0,0,arrivals,0.0,0.0,endpoint,2025
LHPR,1,1,1,1,arrivals,1.0,1.0,endpoint,2025
EGWC,1,1,1,1,arrivals,1.0,1.0,endpoint,2025
EHFT,1,0,0,0,arrivals,0.0,0.0,endpoint,2025
UGSA,1,0,0,0,arrivals,0.0,0.0,endpoint,2025
EHDV,1,1,0,0,arrivals,0.0,0.0,endpoint,2025
LPEV,1,1,1,1,arrivals,1.0,1.0,endpoint,2025
LFTF,1,1,0,0,arrivals,0.0,0.0,endpoint,2025
ULWC,1,0,0,0,arrivals,0.0,0.0,endpoint,2025
DAAV,1,0,0,0,arrivals,0.0,0.0,endpoint,2025
EDGE,1,1,1,2,arrivals,1.0,2.0,endpoint,2025
LFCI,1,1,1,1,arrivals,1.0,1.0,endpoint,2025
EIWT,1,1,0,0,arrivals,0.0,0.0,endpoint,2025
LRSM,1,0,0,0,arrivals,0.0,0.0,endpoint,2025
EGSC,1,1,1,1,arrivals,1.0,1.0,endpoint,2025
ENDR,1,0,0,0,arrivals,0.0,0.0,endpoint,2025
UBBL,1,0,0,0,arrivals,0.0,0.0,endpoint,2025
LPVR,1,1,1,6,arrivals,1.0,6.0,endpoint,2025
LIQS,1,1,0,0,arrivals,0.0,0.0,endpoint,2025
LKMH,1,1,0,0,arrivals,0.0,0.0,endpoint,2025
EGFE,1,1,1,1,arrivals,1.0,1.0,endpoint,2025
LSTS,1,1,0,0,arrivals,0.0,0.0,endpoint,2025
EDLE,1,1,0,0,arrivals,0.0,0.0,endpoint,2025
EGBP,1,1,0,0,arrivals,0.0,0.0,endpoint,2025
UBBF,1,0,0,0,arrivals,0.0,0.0,endpoint,2025
EHLI,1,1,0,0,arrivals,0.0,0.0,endpoint,2025
LGKZ,1,1,1,2,arrivals,1.0,2.0,endpoint,2025
EPPW,1,0,0,0,arrivals,0.0,0.0,endpoint,2025
EHPK,1,1,0,0,arrivals,0.0,0.0,endpoint,2025
EPWK,1,0,0,0,arrivals,0.0,0.0,endpoint,2025
EHTW,1,1,1,1,arrivals,1.0,1.0,endpoint,2025
EPNT,1,0,0,0,arrivals,0.0,0.0,endpoint,2025
LIMW,1,1,1,1,arrivals,1.0,1.0,endpoint,2025
LYKV,1,0,0,5,arrivals,0.0,5.0,endpoint,2025
ENQM,1,0,0,0,arrivals,0.0,0.0,endpoint,2025
EDFE,1,1,0,0,arrivals,0.0,0.0,endpoint,2025
LFSG,1,0,0,1,arrivals,0.0,1.0,endpoint,2025
EHFD,1,0,0,0,arrivals,0.0,0.0,endpoint,2025
EDXQ,1,1,0,0,arrivals,0.0,0.0,endpoint,2025
EDTF,1,1,0,0,arrivals,0.0,0.0,endpoint,2025
LDRG,1,1,0,0,arrivals,0.0,0.0,endpoint,2025
ENUN,1,0,0,0,arrivals,0.0,0.0,endpoint,2025
LFMH,1,1,1,1,arrivals,1.0,1.0,endpoint,2025
LFPN,1,1,0,0,arrivals,0.0,0.0,endpoint,2025
GMAZ,1,1,0,0,arrivals,0.0,0.0,endpoint,2025
LOLW,1,1,0,0,arrivals,0.0,0.0,endpoint,2025
ENQC,1,1,0,0,arrivals,0.0,0.0,endpoint,2025
ULMM,1,0,0,0,arrivals,0.0,0.0,endpoint,2025
EDBR,1,1,1,1,arrivals,1.0,1.0,endpoint,2025
EHFR,1,0,0,0,arrivals,0.0,0.0,endpoint,2025
LFOP,1,1,1,1,arrivals,1.0,1.0,endpoint,2025
ENSF,1,0,0,0,arrivals,0.0,0.0,endpoint,2025
EDQM,1,1,1,1,arrivals,1.0,1.0,endpoint,2025
DABT,1,1,0,0,arrivals,0.0,0.0,endpoint,2025
EDAQ,1,1,0,0,arrivals,0.0,0.0,endpoint,2025
ENUS,1,0,0,0,arrivals,0.0,0.0,endpoint,2025
ENGA,1,0,0,0,arrivals,0.0,0.0,endpoint,2025
LFLH,1,1,0,0,arrivals,0.0,0.0,endpoint,2025
LFRI,1,1,0,1,arrivals,0.0,1.0,endpoint,2025
LGKA,1,1,0,0,arrivals,0.0,0.0,endpoint,2025
EGBK,1,1,0,0,arrivals,0.0,0.0,endpoint,2025
BIGJ,1,0,0,0,arrivals,0.0,0.0,endpoint,2025
EDTD,1,1,1,1,arrivals,1.0,1.0,endpoint,2025
EHGQ,1,0,0,0,arrivals,0.0,0.0,endpoint,2025
EDMV,1,0,0,0,arrivals,0.0,0.0,endpoint,2025
EGOV,1,1,1,3,arrivals,1.0,3.0,endpoint,2025
LRAR,1,0,0,17,arrivals,0.0,17.0,endpoint,2025
LFBA,1,1,1,1,arrivals,1.0,1.0,endpoint,2025
EIWF,1,1,1,1,arrivals,1.0,1.0,endpoint,2025
LJPZ,1,1,1,2,arrivals,1.0,2.0,endpoint,2025
EHLE,1,1,1,1,arrivals,1.0,1.0,endpoint,2025
ENUK,1,0,0,0,arrivals,0.0,0.0,endpoint,2025
LFLO,1,1,0,0,arrivals,0.0,0.0,endpoint,2025
EFLP,1,0,0,0,arrivals,0.0,0.0,endpoint,2025
OOA,7964,4787,0,0,arrivals,0.0,0.0,nearest,2025
OOA,7892,3238,0,0,departures,0.0,0.0,nearest,2025
LTFM,2282,2253,2231,2256,departures,0.9776511831726555,0.9886064855390009,nearest,2025
LTFM,2258,2003,1746,1793,arrivals,0.7732506643046945,0.7940655447298495,nearest,2025
EHAM,2148,2146,2145,2167,departures,0.9986033519553073,1.0088454376163873,nearest,2025
EHAM,2136,1880,1786,1792,arrivals,0.8361423220973783,0.8389513108614233,nearest,2025
EDDF,2094,2086,2085,2090,departures,0.995702005730659,0.9980897803247374,nearest,2025
EDDF,2091,1770,1675,1682,arrivals,0.8010521281683405,0.8043998087039694,nearest,2025
LFPG,2084,2074,2064,2075,departures,0.9904030710172744,0.9956813819577736,nearest,2025
LFPG,2066,1672,1569,1575,arrivals,0.7594385285575992,0.7623426911907066,nearest,2025
EGLL,2001,1992,1988,2024,departures,0.993503248375812,1.0114942528735633,nearest,2025
EGLL,1986,1478,1315,1351,arrivals,0.662134944612286,0.6802618328298087,nearest,2025
LEMD,1786,1451,1358,1378,arrivals,0.7603583426651735,0.7715565509518477,nearest,2025
LEMD,1773,1761,1760,1762,departures,0.9926677946982515,0.9937958262831359,nearest,2025
LEBL,1597,1509,1461,1465,arrivals,0.9148403256105198,0.9173450219160927,nearest,2025
LEBL,1591,1584,1583,1586,departures,0.9949717159019484,0.9968573224387178,nearest,2025
EDDM,1573,1569,1569,1572,departures,0.9974570883661793,0.9993642720915448,nearest,2025
EDDM,1571,1457,1423,1425,arrivals,0.9057924888605984,0.9070655633354551,nearest,2025
LIRF,1449,1445,1445,1446,departures,0.9972394755003451,0.9979296066252588,nearest,2025
LTAI,1437,1333,1070,1089,arrivals,0.7446068197633959,0.7578288100208769,nearest,2025
LEPA,1436,1420,1413,1416,arrivals,0.983983286908078,0.9860724233983287,nearest,2025
LTAI,1435,1412,1391,1400,departures,0.9693379790940767,0.975609756097561,nearest,2025
LIRF,1433,1262,1209,1211,arrivals,0.8436845778087927,0.8450802512212142,nearest,2025
LEPA,1417,1402,1402,1404,departures,0.9894142554693014,0.9908256880733946,nearest,2025
LGAV,1317,1185,1141,1175,arrivals,0.8663629460895975,0.8921791951404707,nearest,2025
LGAV,1306,1259,1254,1306,departures,0.9601837672281777,1.0,nearest,2025
EGKK,1223,1220,1220,1222,departures,0.9975470155355682,0.9991823385118561,nearest,2025
EGKK,1220,1103,1036,1037,arrivals,0.8491803278688524,0.85,nearest,2025
EIDW,1188,1041,985,986,arrivals,0.8291245791245792,0.82996632996633,nearest,2025
EIDW,1185,1172,1170,1173,departures,0.9873417721518988,0.9898734177215189,nearest,2025
LSZH,1178,1171,1163,1167,departures,0.9872665534804754,0.9906621392190152,nearest,2025
LSZH,1160,1051,1005,1009,arrivals,0.8663793103448276,0.8698275862068966,nearest,2025
LOWW,1156,1151,1147,1156,departures,0.9922145328719724,1.0,nearest,2025
EKCH,1152,1109,1037,1037,arrivals,0.9001736111111112,0.9001736111111112,nearest,2025
LOWW,1145,1081,1036,1038,arrivals,0.9048034934497816,0.9065502183406113,nearest,2025
EKCH,1140,1133,1133,1137,departures,0.993859649122807,0.9973684210526316,nearest,2025
LTFJ,1138,1082,988,1012,arrivals,0.8681898066783831,0.8892794376098418,nearest,2025
LTFJ,1137,1136,1113,1142,departures,0.978891820580475,1.0043975373790677,nearest,2025
LPPT,1010,1009,1009,1009,departures,0.999009900990099,0.999009900990099,nearest,2025
LPPT,1001,848,774,774,arrivals,0.7732267732267732,0.7732267732267732,nearest,2025
LFPO,992,988,986,994,departures,0.9939516129032258,1.002016129032258,nearest,2025
LFPO,991,924,909,910,arrivals,0.917255297679112,0.9182643794147326,nearest,2025
LIMC,973,970,969,974,departures,0.9958890030832477,1.0010277492291881,nearest,2025
LIMC,967,897,830,836,arrivals,0.8583247156153051,0.8645294725956567,nearest,2025
ENGM,940,923,889,907,arrivals,0.9457446808510638,0.9648936170212766,nearest,2025
ENGM,932,927,925,933,departures,0.9924892703862661,1.0010729613733906,nearest,2025
EGCC,926,923,921,921,departures,0.9946004319654428,0.9946004319654428,nearest,2025
EGCC,924,843,776,776,arrivals,0.8398268398268398,0.8398268398268398,nearest,2025
EGSS,888,846,807,814,arrivals,0.9087837837837838,0.9166666666666666,nearest,2025
EGSS,885,883,883,884,departures,0.9977401129943503,0.9988700564971752,nearest,2025
EPWA,880,845,745,756,arrivals,0.8465909090909091,0.8590909090909091,nearest,2025
EPWA,875,875,871,875,departures,0.9954285714285714,1.0,nearest,2025
EBBR,872,870,870,887,departures,0.9977064220183486,1.0172018348623852,nearest,2025
EBBR,871,790,742,748,arrivals,0.851894374282434,0.8587830080367393,nearest,2025
EDDB,870,853,851,874,departures,0.9781609195402299,1.0045977011494254,nearest,2025
LEMG,861,851,833,833,arrivals,0.967479674796748,0.967479674796748,nearest,2025
LEMG,850,848,848,850,departures,0.9976470588235294,1.0,nearest,2025
ESSA,841,806,734,739,arrivals,0.8727705112960761,0.8787158145065398,nearest,2025
EDDB,840,801,782,790,arrivals,0.930952380952381,0.9404761904761905,nearest,2025
ESSA,820,799,792,796,departures,0.9658536585365853,0.9707317073170731,nearest,2025
EDDL,758,754,752,757,departures,0.9920844327176781,0.9986807387862797,nearest,2025
EDDL,751,720,696,700,arrivals,0.9267643142476698,0.9320905459387483,nearest,2025
LFMN,710,686,664,668,arrivals,0.9352112676056338,0.9408450704225352,nearest,2025
LFMN,707,700,693,695,departures,0.9801980198019802,0.983026874115983,nearest,2025
LSGG,680,678,678,691,departures,0.9970588235294118,1.0161764705882352,nearest,2025
LSGG,670,646,629,639,arrivals,0.9388059701492537,0.9537313432835821,nearest,2025
LKPR,667,663,662,666,departures,0.992503748125937,0.9985007496251874,nearest,2025
EFHK,666,638,582,591,arrivals,0.8738738738738738,0.8873873873873874,nearest,2025
EFHK,659,656,655,666,departures,0.9939301972685888,1.0106221547799696,nearest,2025
LKPR,657,638,601,607,arrivals,0.9147640791476408,0.923896499238965,nearest,2025
LEAL,599,598,598,598,departures,0.998330550918197,0.998330550918197,nearest,2025
LEAL,599,597,588,588,arrivals,0.9816360601001669,0.9816360601001669,nearest,2025
EGPH,584,536,515,518,arrivals,0.8818493150684932,0.886986301369863,nearest,2025
LHBP,578,569,567,568,departures,0.9809688581314879,0.9826989619377162,nearest,2025
EGPH,577,574,573,573,departures,0.9930675909878682,0.9930675909878682,nearest,2025
LHBP,577,556,515,516,arrivals,0.8925476603119584,0.8942807625649913,nearest,2025
EGGW,552,530,507,510,arrivals,0.9184782608695652,0.9239130434782609,nearest,2025
EGGW,550,550,550,552,departures,1.0,1.0036363636363637,nearest,2025
EDDH,538,534,531,542,departures,0.9869888475836431,1.0074349442379182,nearest,2025
EDDH,532,520,500,509,arrivals,0.9398496240601504,0.956766917293233,nearest,2025
GCLP,521,240,0,0,arrivals,0.0,0.0,nearest,2025
GCLP,520,154,0,0,departures,0.0,0.0,nearest,2025
LLBG,516,466,419,462,arrivals,0.812015503875969,0.8953488372093024,nearest,2025
EDDK,515,503,502,503,departures,0.974757281553398,0.9766990291262136,nearest,2025
LLBG,513,502,501,542,departures,0.9766081871345029,1.0565302144249513,nearest,2025
LPPR,513,512,508,509,departures,0.9902534113060428,0.9922027290448343,nearest,2025
LPPR,512,472,448,449,arrivals,0.875,0.876953125,nearest,2025
LEIB,509,502,499,500,arrivals,0.9803536345776032,0.9823182711198428,nearest,2025
EDDK,509,481,459,466,arrivals,0.9017681728880157,0.9155206286836935,nearest,2025
LROP,509,500,484,506,arrivals,0.9508840864440079,0.9941060903732809,nearest,2025
LROP,504,495,495,495,departures,0.9821428571428571,0.9821428571428571,nearest,2025
LEIB,495,490,490,490,departures,0.98989898989899,0.98989898989899,nearest,2025
EGBB,474,468,468,468,departures,0.9873417721518988,0.9873417721518988,nearest,2025
EGBB,466,434,401,403,arrivals,0.8605150214592274,0.8648068669527897,nearest,2025
LIML,465,458,457,463,arrivals,0.9827956989247312,0.9956989247311828,nearest,2025
LIME,460,457,443,443,arrivals,0.9630434782608696,0.9630434782608696,nearest,2025
LIML,458,451,451,452,departures,0.9847161572052402,0.9868995633187773,nearest,2025
LIME,453,450,450,450,departures,0.9933774834437086,0.9933774834437086,nearest,2025
LIRN,449,448,375,385,departures,0.8351893095768375,0.8574610244988864,nearest,2025
LIRN,447,425,348,362,arrivals,0.7785234899328859,0.8098434004474273,nearest,2025
LFML,445,439,435,437,arrivals,0.9775280898876404,0.9820224719101124,nearest,2025
LFML,444,444,442,444,departures,0.9954954954954955,1.0,nearest,2025
EDDS,440,423,417,420,departures,0.9477272727272728,0.9545454545454546,nearest,2025
EDDS,433,412,400,405,arrivals,0.9237875288683602,0.9353348729792148,nearest,2025
LGIR,430,419,2,189,arrivals,0.004651162790697674,0.43953488372093025,nearest,2025
LGIR,424,417,17,104,departures,0.04009433962264151,0.24528301886792453,nearest,2025
LIPZ,412,409,408,410,departures,0.9902912621359223,0.9951456310679612,nearest,2025
LFLL,412,399,392,406,arrivals,0.9514563106796117,0.9854368932038835,nearest,2025
LFLL,411,406,406,421,departures,0.9878345498783455,1.024330900243309,nearest,2025
LIPZ,409,384,376,378,arrivals,0.9193154034229829,0.9242053789731052,nearest,2025
LPFR,407,403,398,400,arrivals,0.9778869778869779,0.9828009828009828,nearest,2025
LPFR,405,405,401,401,departures,0.9901234567901235,0.9901234567901235,nearest,2025
LYBE,395,384,365,373,arrivals,0.9240506329113924,0.9443037974683545,nearest,2025
LYBE,394,390,390,394,departures,0.9898477157360406,1.0,nearest,2025
LICC,391,387,367,367,arrivals,0.9386189258312021,0.9386189258312021,nearest,2025
LICC,390,389,384,385,departures,0.9846153846153847,0.9871794871794872,nearest,2025
LTAC,381,291,1,148,departures,0.0026246719160104987,0.3884514435695538,nearest,2025
LIPE,380,378,378,378,departures,0.9947368421052631,0.9947368421052631,nearest,2025
LIPE,376,375,372,374,arrivals,0.9893617021276596,0.9946808510638298,nearest,2025
LTAC,374,274,0,208,arrivals,0.0,0.5561497326203209,nearest,2025
LCLK,368,363,353,358,departures,0.9592391304347826,0.9728260869565217,nearest,2025
LCLK,367,365,350,353,arrivals,0.9536784741144414,0.9618528610354223,nearest,2025
GMMN,360,338,313,744,departures,0.8694444444444445,2.066666666666667,nearest,2025
EPKK,360,359,356,363,departures,0.9888888888888889,1.0083333333333333,nearest,2025
EGGD,360,336,313,313,arrivals,0.8694444444444445,0.8694444444444445,nearest,2025
EGGD,359,358,357,358,departures,0.9944289693593314,0.9972144846796658,nearest,2025
LEVC,357,354,349,351,arrivals,0.9775910364145658,0.9831932773109243,nearest,2025
GMMN,357,312,261,838,arrivals,0.7310924369747899,2.34733893557423,nearest,2025
ENBR,357,348,342,400,arrivals,0.957983193277311,1.1204481792717087,nearest,2025
EPKK,356,353,333,334,arrivals,0.9353932584269663,0.9382022471910112,nearest,2025
LEVC,355,353,348,348,departures,0.9802816901408451,0.9802816901408451,nearest,2025
LFSB,354,351,349,354,departures,0.9858757062146892,1.0,nearest,2025
LFSB,352,345,335,337,arrivals,0.9517045454545454,0.9573863636363636,nearest,2025
ENBR,349,343,343,402,departures,0.9828080229226361,1.151862464183381,nearest,2025
LTBJ,346,342,285,290,departures,0.8236994219653179,0.838150289017341,nearest,2025
LGRP,346,341,317,328,arrivals,0.9161849710982659,0.9479768786127167,nearest,2025
EGPF,346,319,296,299,arrivals,0.8554913294797688,0.8641618497109826,nearest,2025
EGPF,344,326,324,331,departures,0.9418604651162791,0.9622093023255814,nearest,2025
LTBJ,341,331,300,311,arrivals,0.8797653958944281,0.9120234604105572,nearest,2025
LGRP,340,337,326,335,departures,0.9588235294117647,0.9852941176470589,nearest,2025
LMML,326,325,325,327,departures,0.9969325153374233,1.0030674846625767,nearest,2025
LMML,326,326,318,321,arrivals,0.9754601226993865,0.9846625766871165,nearest,2025
LATI,323,311,1,23,arrivals,0.0030959752321981426,0.07120743034055728,nearest,2025
GCTS,323,144,70,97,arrivals,0.21671826625386997,0.30030959752321984,nearest,2025
GCTS,321,153,0,31,departures,0.0,0.09657320872274143,nearest,2025
GCXO,320,124,78,329,arrivals,0.24375,1.028125,nearest,2025
GCXO,319,309,306,372,departures,0.9592476489028213,1.1661442006269593,nearest,2025
LATI,316,307,1,20,departures,0.0031645569620253164,0.06329113924050633,nearest,2025
LICJ,314,311,303,316,arrivals,0.964968152866242,1.0063694267515924,nearest,2025
LICJ,310,309,306,320,departures,0.9870967741935484,1.032258064516129,nearest,2025
EBCI,304,304,304,304,departures,1.0,1.0,nearest,2025
EBCI,303,302,295,296,arrivals,0.9735973597359736,0.976897689768977,nearest,2025
BIKF,297,297,295,399,departures,0.9932659932659933,1.3434343434343434,nearest,2025
BIKF,296,244,88,194,arrivals,0.2972972972972973,0.6554054054054054,nearest,2025
ELLX,294,292,292,292,departures,0.9931972789115646,0.9931972789115646,nearest,2025
ELLX,294,272,258,261,arrivals,0.8775510204081632,0.8877551020408163,nearest,2025
LFBO,293,292,292,294,departures,0.9965870307167235,1.0034129692832765,nearest,2025
LFBO,290,284,283,286,arrivals,0.9758620689655172,0.9862068965517241,nearest,2025
LGTS,281,277,271,274,arrivals,0.9644128113879004,0.9750889679715302,nearest,2025
LTBS,280,280,242,244,arrivals,0.8642857142857143,0.8714285714285714,nearest,2025
LGTS,279,274,272,277,departures,0.974910394265233,0.992831541218638,nearest,2025
GMMX,279,266,66,179,arrivals,0.23655913978494625,0.6415770609318996,nearest,2025
GMMX,278,268,90,115,departures,0.3237410071942446,0.4136690647482014,nearest,2025
EVRA,278,271,226,235,arrivals,0.8129496402877698,0.8453237410071942,nearest,2025
LEZL,276,273,260,260,arrivals,0.9420289855072463,0.9420289855072463,nearest,2025
LEZL,275,275,274,274,departures,0.9963636363636363,0.9963636363636363,nearest,2025
LTBS,273,273,250,255,departures,0.9157509157509157,0.9340659340659341,nearest,2025
EVRA,273,272,270,271,departures,0.989010989010989,0.9926739926739927,nearest,2025
LBSF,272,271,219,228,departures,0.8051470588235294,0.8382352941176471,nearest,2025
GCRR,269,40,0,0,departures,0.0,0.0,nearest,2025
GCRR,269,143,0,0,arrivals,0.0,0.0,nearest,2025
EGNX,267,264,264,266,departures,0.9887640449438202,0.9962546816479401,nearest,2025
LBSF,267,265,117,133,arrivals,0.43820224719101125,0.49812734082397003,nearest,2025
EDDP,261,243,229,232,arrivals,0.8773946360153256,0.8888888888888888,nearest,2025
EPKT,259,254,251,253,departures,0.9691119691119691,0.9768339768339769,nearest,2025
HEGN,258,246,8,21,arrivals,0.031007751937984496,0.08139534883720931,nearest,2025
HEGN,257,246,1,1,departures,0.0038910505836575876,0.0038910505836575876,nearest,2025
UGTB,257,180,167,437,departures,0.6498054474708171,1.7003891050583657,nearest,2025
LFRS,257,251,242,245,arrivals,0.9416342412451362,0.953307392996109,nearest,2025
UGTB,257,153,56,157,arrivals,0.2178988326848249,0.6108949416342413,nearest,2025
EPKT,257,251,237,238,arrivals,0.9221789883268483,0.9260700389105059,nearest,2025
LFRS,256,255,253,254,departures,0.98828125,0.9921875,nearest,2025
EDDP,256,256,255,257,departures,0.99609375,1.00390625,nearest,2025
EGNX,255,224,205,208,arrivals,0.803921568627451,0.8156862745098039,nearest,2025
LIEO,252,249,231,236,arrivals,0.9166666666666666,0.9365079365079365,nearest,2025
EPGD,248,205,30,37,departures,0.12096774193548387,0.14919354838709678,nearest,2025
LGKR,247,244,173,293,arrivals,0.7004048582995951,1.1862348178137652,nearest,2025
EGAA,246,240,225,225,arrivals,0.9146341463414634,0.9146341463414634,nearest,2025
LGKR,244,243,207,222,departures,0.8483606557377049,0.9098360655737705,nearest,2025
HECA,244,239,34,40,departures,0.13934426229508196,0.16393442622950818,nearest,2025
EPGD,244,240,3,22,arrivals,0.012295081967213115,0.09016393442622951,nearest,2025
EGAA,239,239,239,240,departures,1.0,1.00418410041841,nearest,2025
ENZV,236,195,186,201,departures,0.788135593220339,0.8516949152542372,nearest,2025
ENZV,236,188,142,164,arrivals,0.6016949152542372,0.6949152542372882,nearest,2025
LEBB,235,219,37,53,arrivals,0.1574468085106383,0.225531914893617,nearest,2025
LEBB,234,225,206,208,departures,0.8803418803418803,0.8888888888888888,nearest,2025
LTFE,232,225,194,199,arrivals,0.8362068965517241,0.8577586206896551,nearest,2025
HECA,231,212,70,82,arrivals,0.30303030303030304,0.354978354978355,nearest,2025
LFPB,230,227,227,230,departures,0.9869565217391304,1.0,nearest,2025
LIBD,229,216,0,17,arrivals,0.0,0.07423580786026202,nearest,2025
LIBD,228,214,0,43,departures,0.0,0.18859649122807018,nearest,2025
LIEO,228,227,216,219,departures,0.9473684210526315,0.9605263157894737,nearest,2025
LIRP,228,225,219,229,arrivals,0.9605263157894737,1.0043859649122806,nearest,2025
UUWW,227,157,4,5,arrivals,0.01762114537444934,0.022026431718061675,nearest,2025
LEMH,226,222,221,227,arrivals,0.9778761061946902,1.0044247787610618,nearest,2025
LFBD,225,223,222,224,departures,0.9866666666666667,0.9955555555555555,nearest,2025
LFPB,225,215,213,217,arrivals,0.9466666666666667,0.9644444444444444,nearest,2025
LEMH,222,218,218,219,departures,0.9819819819819819,0.9864864864864865,nearest,2025
LTFE,220,217,197,209,departures,0.8954545454545455,0.95,nearest,2025
LIRP,220,219,218,218,departures,0.990909090909091,0.990909090909091,nearest,2025
ENVA,219,214,193,194,arrivals,0.8812785388127854,0.8858447488584474,nearest,2025
LFBD,219,213,211,216,arrivals,0.9634703196347032,0.9863013698630136,nearest,2025
LUKK,217,209,80,80,departures,0.3686635944700461,0.3686635944700461,nearest,2025
ENVA,217,213,199,201,departures,0.9170506912442397,0.9262672811059908,nearest,2025
LUKK,217,210,0,0,arrivals,0.0,0.0,nearest,2025
LDSP,216,212,35,244,departures,0.16203703703703703,1.1296296296296295,nearest,2025
ESGG,216,216,214,215,departures,0.9907407407407407,0.9953703703703703,nearest,2025
UUWW,216,127,5,5,departures,0.023148148148148147,0.023148148148148147,nearest,2025
LDZA,215,211,211,211,departures,0.9813953488372092,0.9813953488372092,nearest,2025
LDSP,215,210,8,276,arrivals,0.037209302325581395,1.283720930232558,nearest,2025
LDZA,215,209,207,209,arrivals,0.9627906976744186,0.9720930232558139,nearest,2025
ESGG,214,213,207,210,arrivals,0.9672897196261683,0.9813084112149533,nearest,2025
UUEE,214,138,1,61,arrivals,0.004672897196261682,0.2850467289719626,nearest,2025
EDDV,213,213,213,217,departures,1.0,1.0187793427230047,nearest,2025
GCFV,212,46,0,0,departures,0.0,0.0,nearest,2025
UUEE,212,144,66,71,departures,0.3113207547169811,0.33490566037735847,nearest,2025
EGNT,211,199,199,199,departures,0.943127962085308,0.943127962085308,nearest,2025
GCFV,211,128,0,0,arrivals,0.0,0.0,nearest,2025
EGNT,211,184,171,173,arrivals,0.8104265402843602,0.8199052132701422,nearest,2025
EDDV,209,203,199,202,arrivals,0.9521531100478469,0.9665071770334929,nearest,2025
EGGP,208,206,204,207,departures,0.9807692307692307,0.9951923076923077,nearest,2025
EGGP,206,189,177,181,arrivals,0.8592233009708737,0.8786407766990292,nearest,2025
LIRQ,202,201,201,202,departures,0.995049504950495,1.0,nearest,2025
EDDN,201,199,197,198,departures,0.9800995024875622,0.9850746268656716,nearest,2025
EDDN,199,195,189,195,arrivals,0.949748743718593,0.9798994974874372,nearest,2025
LGSA,199,199,188,229,arrivals,0.9447236180904522,1.150753768844221,nearest,2025
EGLC,198,198,198,200,departures,1.0,1.0101010101010102,nearest,2025
LIRQ,198,197,188,191,arrivals,0.9494949494949495,0.9646464646464646,nearest,2025
LGSA,196,195,192,259,departures,0.9795918367346939,1.3214285714285714,nearest,2025
LIEE,195,194,143,251,arrivals,0.7333333333333333,1.2871794871794873,nearest,2025
EPWR,194,192,188,191,arrivals,0.9690721649484536,0.9845360824742269,nearest,2025
EPWR,193,193,193,202,departures,1.0,1.0466321243523315,nearest,2025
EGNM,193,178,161,163,arrivals,0.8341968911917098,0.844559585492228,nearest,2025
UDYZ,192,89,0,0,departures,0.0,0.0,nearest,2025
UDYZ,192,90,0,0,arrivals,0.0,0.0,nearest,2025
LIEE,191,190,167,300,departures,0.8743455497382199,1.5706806282722514,nearest,2025
EHEH,191,191,189,189,departures,0.9895287958115183,0.9895287958115183,nearest,2025
EGNM,190,187,186,187,departures,0.9789473684210527,0.9842105263157894,nearest,2025
EHEH,190,185,181,182,arrivals,0.9526315789473684,0.9578947368421052,nearest,2025
EYVI,189,186,136,141,arrivals,0.7195767195767195,0.746031746031746,nearest,2025
EGLC,189,189,189,193,arrivals,1.0,1.0211640211640212,nearest,2025
EYVI,186,184,178,178,departures,0.956989247311828,0.956989247311828,nearest,2025
DAAG,186,185,175,178,departures,0.9408602150537635,0.956989247311828,nearest,2025
DTTA,186,179,8,63,arrivals,0.043010752688172046,0.3387096774193548,nearest,2025
DTTA,185,182,14,46,departures,0.07567567567567568,0.24864864864864866,nearest,2025
DAAG,184,179,150,194,arrivals,0.8152173913043478,1.0543478260869565,nearest,2025
LFOB,181,181,181,181,departures,1.0,1.0,nearest,2025
LFOB,181,179,175,175,arrivals,0.9668508287292817,0.9668508287292817,nearest,2025
LDDU,180,173,0,0,arrivals,0.0,0.0,nearest,2025
LGKO,178,177,175,197,departures,0.9831460674157303,1.1067415730337078,nearest,2025
LDDU,177,173,0,0,departures,0.0,0.0,nearest,2025
LGKO,177,174,172,198,arrivals,0.9717514124293786,1.11864406779661,nearest,2025
EETN,162,153,142,168,arrivals,0.8765432098765432,1.037037037037037,nearest,2025
EPPO,161,157,157,159,departures,0.9751552795031055,0.9875776397515528,nearest,2025
HESH,161,147,2,2,arrivals,0.012422360248447204,0.012422360248447204,nearest,2025
UMKK,160,73,24,87,departures,0.15,0.54375,nearest,2025
EETN,159,151,149,158,departures,0.9371069182389937,0.9937106918238994,nearest,2025
LPMA,159,159,159,264,departures,1.0,1.6603773584905661,nearest,2025
HESH,159,156,0,9,departures,0.0,0.05660377358490566,nearest,2025
UMKK,159,106,13,186,arrivals,0.08176100628930817,1.169811320754717,nearest,2025
LPMA,158,15,9,19,arrivals,0.056962025316455694,0.12025316455696203,nearest,2025
LIMF,157,156,154,155,departures,0.9808917197452229,0.9872611464968153,nearest,2025
LIMF,157,155,153,154,arrivals,0.9745222929936306,0.9808917197452229,nearest,2025
LIRA,156,154,149,149,arrivals,0.9551282051282052,0.9551282051282052,nearest,2025
LIRA,154,152,152,154,departures,0.987012987012987,1.0,nearest,2025
EPPO,154,150,144,189,arrivals,0.935064935064935,1.2272727272727273,nearest,2025
EKBI,154,154,144,144,arrivals,0.935064935064935,0.935064935064935,nearest,2025
LPPD,153,58,57,126,departures,0.37254901960784315,0.8235294117647058,nearest,2025
EKBI,152,151,151,152,departures,0.993421052631579,1.0,nearest,2025
LPPD,151,93,87,118,arrivals,0.5761589403973509,0.7814569536423841,nearest,2025
ULLI,148,92,3,7,arrivals,0.02027027027027027,0.0472972972972973,nearest,2025
OLBA,144,143,138,139,departures,0.9583333333333334,0.9652777777777778,nearest,2025
LIPX,144,144,144,145,departures,1.0,1.0069444444444444,nearest,2025
OLBA,144,142,101,102,arrivals,0.7013888888888888,0.7083333333333334,nearest,2025
ENTC,143,134,18,23,arrivals,0.1258741258741259,0.16083916083916083,nearest,2025
ULLI,142,87,1,1,departures,0.007042253521126761,0.007042253521126761,nearest,2025
LIPX,142,141,135,140,arrivals,0.9507042253521126,0.9859154929577465,nearest,2025
LGSR,139,136,88,415,departures,0.6330935251798561,2.985611510791367,nearest,2025
LGSR,139,136,75,477,arrivals,0.539568345323741,3.431654676258993,nearest,2025
ENTC,138,129,53,56,departures,0.38405797101449274,0.4057971014492754,nearest,2025
LTCG,138,134,89,197,arrivals,0.644927536231884,1.4275362318840579,nearest,2025
EGPD,137,125,125,125,departures,0.9124087591240876,0.9124087591240876,nearest,2025
EGPD,136,123,122,122,arrivals,0.8970588235294118,0.8970588235294118,nearest,2025
ENBO,134,130,130,245,departures,0.9701492537313433,1.828358208955224,nearest,2025
EBLG,134,134,134,136,departures,1.0,1.0149253731343284,nearest,2025
LTDB,133,116,37,81,departures,0.2781954887218045,0.6090225563909775,nearest,2025
LTCG,133,130,130,163,departures,0.9774436090225563,1.2255639097744362,nearest,2025
ENBO,133,129,126,251,arrivals,0.9473684210526315,1.887218045112782,nearest,2025
LRCL,130,125,113,117,departures,0.8692307692307693,0.9,nearest,2025
LIBR,130,129,0,0,departures,0.0,0.0,nearest,2025
LRCL,129,124,17,39,arrivals,0.13178294573643412,0.3023255813953488,nearest,2025
LTDB,129,117,36,137,arrivals,0.27906976744186046,1.062015503875969,nearest,2025
LGZA,126,126,126,130,departures,1.0,1.0317460317460319,nearest,2025
EBLG,126,103,72,77,arrivals,0.5714285714285714,0.6111111111111112,nearest,2025
LGZA,126,126,119,121,arrivals,0.9444444444444444,0.9603174603174603,nearest,2025
LIBR,125,122,0,2,arrivals,0.0,0.016,nearest,2025
EGAC,123,122,121,122,departures,0.983739837398374,0.991869918699187,nearest,2025
EGAC,123,120,120,121,arrivals,0.975609756097561,0.983739837398374,nearest,2025
BKPR,120,108,1,6,departures,0.008333333333333333,0.05,nearest,2025
BKPR,120,108,0,13,arrivals,0.0,0.10833333333333334,nearest,2025
EICK,120,116,111,114,arrivals,0.925,0.95,nearest,2025
EICK,119,119,119,119,departures,1.0,1.0,nearest,2025
LDZD,118,117,69,243,arrivals,0.5847457627118644,2.059322033898305,nearest,2025
OJAI,116,111,55,59,departures,0.47413793103448276,0.5086206896551724,nearest,2025
OJAI,116,103,8,41,arrivals,0.06896551724137931,0.35344827586206895,nearest,2025
LDZD,114,112,101,250,departures,0.8859649122807017,2.192982456140351,nearest,2025
LICA,112,110,36,63,arrivals,0.32142857142857145,0.5625,nearest,2025
EGLF,110,110,110,112,departures,1.0,1.018181818181818,nearest,2025
LICA,108,108,66,82,departures,0.6111111111111112,0.7592592592592593,nearest,2025
EGJJ,108,106,106,107,arrivals,0.9814814814814815,0.9907407407407407,nearest,2025
EGLF,108,104,103,105,arrivals,0.9537037037037037,0.9722222222222222,nearest,2025
LCPH,107,107,104,113,arrivals,0.9719626168224299,1.0560747663551402,nearest,2025
LWSK,106,105,27,88,departures,0.25471698113207547,0.8301886792452831,nearest,2025
OKKK,106,106,106,106,departures,1.0,1.0,nearest,2025
LEST,106,82,81,81,arrivals,0.7641509433962265,0.7641509433962265,nearest,2025
LCPH,105,105,105,106,departures,1.0,1.0095238095238095,nearest,2025
LGMK,105,93,90,157,departures,0.8571428571428571,1.4952380952380953,nearest,2025
LEST,105,97,96,96,departures,0.9142857142857143,0.9142857142857143,nearest,2025
LZIB,105,103,102,102,departures,0.9714285714285714,0.9714285714285714,nearest,2025
LEGE,105,105,94,96,arrivals,0.8952380952380953,0.9142857142857143,nearest,2025
LWSK,105,104,26,86,arrivals,0.24761904761904763,0.819047619047619,nearest,2025
LZIB,105,103,100,101,arrivals,0.9523809523809523,0.9619047619047619,nearest,2025
LEGE,104,104,104,108,departures,1.0,1.0384615384615385,nearest,2025
LGMK,104,91,85,202,arrivals,0.8173076923076923,1.9423076923076923,nearest,2025
EDJA,104,102,100,101,arrivals,0.9615384615384616,0.9711538461538461,nearest,2025
EDJA,102,101,101,101,departures,0.9901960784313726,0.9901960784313726,nearest,2025
OKKK,102,98,12,18,arrivals,0.11764705882352941,0.17647058823529413,nearest,2025
EGJJ,101,98,97,97,departures,0.9603960396039604,0.9603960396039604,nearest,2025
EHRD,100,99,97,99,arrivals,0.97,0.99,nearest,2025
EHRD,99,99,96,97,departures,0.9696969696969697,0.9797979797979798,nearest,2025
LBBG,97,95,92,99,arrivals,0.9484536082474226,1.0206185567010309,nearest,2025
LOWS,96,95,95,99,departures,0.9895833333333334,1.03125,nearest,2025
LOWS,95,93,89,97,arrivals,0.9368421052631579,1.0210526315789474,nearest,2025
DTTJ,94,82,0,30,arrivals,0.0,0.3191489361702128,nearest,2025
LJLJ,94,90,88,90,arrivals,0.9361702127659575,0.9574468085106383,nearest,2025
LBBG,93,92,91,103,departures,0.978494623655914,1.10752688172043,nearest,2025
LQSA,93,92,85,211,departures,0.9139784946236559,2.2688172043010755,nearest,2025
LQSA,93,90,63,149,arrivals,0.6774193548387096,1.6021505376344085,nearest,2025
GMAD,92,76,0,3,departures,0.0,0.03260869565217391,nearest,2025
EGKB,92,92,81,82,departures,0.8804347826086957,0.8913043478260869,nearest,2025
EINN,91,91,91,92,departures,1.0,1.010989010989011,nearest,2025
GMAD,91,85,8,10,arrivals,0.08791208791208792,0.10989010989010989,nearest,2025
EGKB,91,90,81,84,arrivals,0.8901098901098901,0.9230769230769231,nearest,2025
LJLJ,90,87,87,88,departures,0.9666666666666667,0.9777777777777777,nearest,2025
DTTJ,89,77,0,20,departures,0.0,0.2247191011235955,nearest,2025
UUDD,89,41,8,9,departures,0.0898876404494382,0.10112359550561797,nearest,2025
EDDW,88,88,87,90,departures,0.9886363636363636,1.0227272727272727,nearest,2025
GMTT,88,88,88,88,departures,1.0,1.0,nearest,2025
EDLW,87,86,86,86,departures,0.9885057471264368,0.9885057471264368,nearest,2025
EDDW,87,87,86,88,arrivals,0.9885057471264368,1.0114942528735633,nearest,2025
GMTT,87,87,86,87,arrivals,0.9885057471264368,1.0,nearest,2025
EDLW,87,86,82,83,arrivals,0.9425287356321839,0.9540229885057471,nearest,2025
EINN,86,66,66,67,arrivals,0.7674418604651163,0.7790697674418605,nearest,2025
LIMJ,86,86,83,84,arrivals,0.9651162790697675,0.9767441860465116,nearest,2025
EGHI,86,78,78,81,arrivals,0.9069767441860465,0.9418604651162791,nearest,2025
LIPH,85,85,85,85,departures,1.0,1.0,nearest,2025
GCLA,85,79,51,67,departures,0.6,0.788235294117647,nearest,2025
LIPH,85,85,85,86,arrivals,1.0,1.011764705882353,nearest,2025
EDSB,85,78,75,75,arrivals,0.8823529411764706,0.8823529411764706,nearest,2025
LFKB,84,83,83,84,departures,0.9880952380952381,1.0,nearest,2025
LFKB,84,83,82,82,arrivals,0.9761904761904762,0.9761904761904762,nearest,2025
GCLA,84,73,55,67,arrivals,0.6547619047619048,0.7976190476190477,nearest,2025
EGHI,83,75,73,73,departures,0.8795180722891566,0.8795180722891566,nearest,2025
EGJB,83,82,82,83,departures,0.9879518072289156,1.0,nearest,2025
LYTV,83,83,0,3,arrivals,0.0,0.03614457831325301,nearest,2025
LYTV,82,79,0,1,departures,0.0,0.012195121951219513,nearest,2025
EDSB,81,76,76,78,departures,0.9382716049382716,0.9629629629629629,nearest,2025
EGNS,81,76,75,77,arrivals,0.9259259259259259,0.9506172839506173,nearest,2025
DTMB,81,77,1,19,arrivals,0.012345679012345678,0.2345679012345679,nearest,2025
EGNS,80,74,74,75,departures,0.925,0.9375,nearest,2025
LFKJ,80,80,80,80,arrivals,1.0,1.0,nearest,2025
LIMJ,79,79,78,78,departures,0.9873417721518988,0.9873417721518988,nearest,2025
DTMB,79,78,10,24,departures,0.12658227848101267,0.3037974683544304,nearest,2025
LFKJ,78,78,78,79,departures,1.0,1.0128205128205128,nearest,2025
EDFH,77,75,75,75,departures,0.974025974025974,0.974025974025974,nearest,2025
LYPG,77,76,0,96,departures,0.0,1.2467532467532467,nearest,2025
LYPG,77,74,9,110,arrivals,0.11688311688311688,1.4285714285714286,nearest,2025
EKYT,75,74,73,74,departures,0.9733333333333334,0.9866666666666667,nearest,2025
LBWN,75,73,72,129,arrivals,0.96,1.72,nearest,2025
LFMT,75,75,75,75,arrivals,1.0,1.0,nearest,2025
UUDD,75,35,0,0,arrivals,0.0,0.0,nearest,2025
LFMT,74,74,74,74,departures,1.0,1.0,nearest,2025
EDFH,74,70,66,68,arrivals,0.8918918918918919,0.918918918918919,nearest,2025
LTAJ,74,63,0,0,arrivals,0.0,0.0,nearest,2025
EGJB,74,71,68,68,arrivals,0.918918918918919,0.918918918918919,nearest,2025
LTAU,73,73,0,0,arrivals,0.0,0.0,nearest,2025
LTAJ,72,62,0,0,departures,0.0,0.0,nearest,2025
LFMD,72,69,69,71,arrivals,0.9583333333333334,0.9861111111111112,nearest,2025
EGHH,72,63,56,56,arrivals,0.7777777777777778,0.7777777777777778,nearest,2025
ENTO,72,70,68,70,arrivals,0.9444444444444444,0.9722222222222222,nearest,2025
LBWN,71,66,66,79,departures,0.9295774647887324,1.1126760563380282,nearest,2025
LRIA,71,70,45,71,departures,0.6338028169014085,1.0,nearest,2025
EGHH,71,71,70,72,departures,0.9859154929577465,1.0140845070422535,nearest,2025
ENTO,71,68,67,70,departures,0.9436619718309859,0.9859154929577465,nearest,2025
EKYT,71,70,69,70,arrivals,0.971830985915493,0.9859154929577465,nearest,2025
LTAU,70,70,0,0,departures,0.0,0.0,nearest,2025
LEAS,69,69,68,68,departures,0.9855072463768116,0.9855072463768116,nearest,2025
UGSB,69,56,39,141,arrivals,0.5652173913043478,2.0434782608695654,nearest,2025
EDLV,69,69,69,69,arrivals,1.0,1.0,nearest,2025
EDLV,68,68,68,68,departures,1.0,1.0,nearest,2025
LERS,68,68,68,69,arrivals,1.0,1.0147058823529411,nearest,2025
LEAS,68,65,63,63,arrivals,0.9264705882352942,0.9264705882352942,nearest,2025
LRIA,68,66,14,92,arrivals,0.20588235294117646,1.3529411764705883,nearest,2025
UGSB,67,61,58,319,departures,0.8656716417910447,4.7611940298507465,nearest,2025
LERS,67,67,67,67,departures,1.0,1.0,nearest,2025
URSS,67,58,5,6,arrivals,0.07462686567164178,0.08955223880597014,nearest,2025
LFMD,65,60,60,61,departures,0.9230769230769231,0.9384615384615385,nearest,2025
LFKF,65,65,61,70,arrivals,0.9384615384615385,1.0769230769230769,nearest,2025
GMME,64,62,46,71,departures,0.71875,1.109375,nearest,2025
GMME,63,61,30,111,arrivals,0.47619047619047616,1.7619047619047619,nearest,2025
LIEA,62,62,62,62,departures,1.0,1.0,nearest,2025
LGKF,62,62,61,61,departures,0.9838709677419355,0.9838709677419355,nearest,2025
LIEA,62,62,62,64,arrivals,1.0,1.032258064516129,nearest,2025
LIPQ,61,58,58,58,departures,0.9508196721311475,0.9508196721311475,nearest,2025
LFKF,61,61,61,69,departures,1.0,1.1311475409836065,nearest,2025
EDDG,60,60,60,60,departures,1.0,1.0,nearest,2025
EPRZ,60,57,56,75,departures,0.9333333333333333,1.25,nearest,2025
LGKF,60,60,56,66,arrivals,0.9333333333333333,1.1,nearest,2025
DTNH,59,59,0,11,departures,0.0,0.1864406779661017,nearest,2025
LRTR,59,54,33,33,departures,0.559322033898305,0.559322033898305,nearest,2025
LIPQ,59,59,59,61,arrivals,1.0,1.0338983050847457,nearest,2025
LTBA,58,58,58,67,departures,1.0,1.1551724137931034,nearest,2025
DTNH,58,57,0,10,arrivals,0.0,0.1724137931034483,nearest,2025
EPRZ,58,56,52,56,arrivals,0.896551724137931,0.9655172413793104,nearest,2025
LFBZ,57,57,57,60,arrivals,1.0,1.0526315789473684,nearest,2025
LRTR,57,53,18,19,arrivals,0.3157894736842105,0.3333333333333333,nearest,2025
LFQQ,57,57,56,56,arrivals,0.9824561403508771,0.9824561403508771,nearest,2025
LOWG,56,56,53,54,departures,0.9464285714285714,0.9642857142857143,nearest,2025
LFQQ,56,56,56,56,departures,1.0,1.0,nearest,2025
LTCC,56,47,0,0,arrivals,0.0,0.0,nearest,2025
EDDG,56,56,54,54,arrivals,0.9642857142857143,0.9642857142857143,nearest,2025
LFBZ,55,55,55,56,departures,1.0,1.018181818181818,nearest,2025
LTCC,55,46,0,0,departures,0.0,0.0,nearest,2025
LDPL,55,51,49,70,arrivals,0.8909090909090909,1.2727272727272727,nearest,2025
LFTH,55,55,55,76,arrivals,1.0,1.3818181818181818,nearest,2025
EYKA,54,53,51,51,departures,0.9444444444444444,0.9444444444444444,nearest,2025
LOWG,53,53,49,49,arrivals,0.9245283018867925,0.9245283018867925,nearest,2025
LKTB,52,52,49,50,departures,0.9423076923076923,0.9615384615384616,nearest,2025
URSS,52,42,11,12,departures,0.21153846153846154,0.23076923076923078,nearest,2025
GMFF,52,49,46,48,departures,0.8846153846153846,0.9230769230769231,nearest,2025
LTBA,52,51,47,78,arrivals,0.9038461538461539,1.5,nearest,2025
LKTB,52,51,46,47,arrivals,0.8846153846153846,0.9038461538461539,nearest,2025
GMFF,52,50,46,50,arrivals,0.8846153846153846,0.9615384615384616,nearest,2025
LFTH,51,51,51,62,departures,1.0,1.2156862745098038,nearest,2025
EGPE,51,48,48,49,departures,0.9411764705882353,0.9607843137254902,nearest,2025
EHKD,50,49,49,95,departures,0.98,1.9,nearest,2025
LFST,50,48,48,48,arrivals,0.96,0.96,nearest,2025
EYKA,50,50,13,27,arrivals,0.26,0.54,nearest,2025
LDPL,49,47,46,50,departures,0.9387755102040817,1.0204081632653061,nearest,2025
UGKO,49,41,1,36,departures,0.02040816326530612,0.7346938775510204,nearest,2025
LFST,49,47,47,47,departures,0.9591836734693877,0.9591836734693877,nearest,2025
DAOO,49,49,45,51,arrivals,0.9183673469387755,1.0408163265306123,nearest,2025
UGKO,49,42,1,156,arrivals,0.02040816326530612,3.183673469387755,nearest,2025
EGFF,49,43,40,40,arrivals,0.8163265306122449,0.8163265306122449,nearest,2025
EGPE,49,47,47,48,arrivals,0.9591836734693877,0.9795918367346939,nearest,2025
DAOO,48,48,48,52,departures,1.0,1.0833333333333333,nearest,2025
EGFF,48,47,47,48,departures,0.9791666666666666,1.0,nearest,2025
UBBN,48,2,0,0,departures,0.0,0.0,nearest,2025
ENCN,48,48,48,50,departures,1.0,1.0416666666666667,nearest,2025
EHKD,48,47,46,91,arrivals,0.9583333333333334,1.8958333333333333,nearest,2025
ENAL,48,48,1,15,arrivals,0.020833333333333332,0.3125,nearest,2025
UBBN,48,2,0,0,arrivals,0.0,0.0,nearest,2025
ORBI,48,38,0,0,arrivals,0.0,0.0,nearest,2025
LFRB,47,41,41,41,departures,0.8723404255319149,0.8723404255319149,nearest,2025
ENAL,46,46,9,17,departures,0.1956521739130435,0.3695652173913043,nearest,2025
ENKB,46,18,9,11,departures,0.1956521739130435,0.2391304347826087,nearest,2025
LGPZ,46,46,14,49,arrivals,0.30434782608695654,1.065217391304348,nearest,2025
LTFH,45,40,9,27,departures,0.2,0.6,nearest,2025
LGPZ,45,45,29,39,departures,0.6444444444444445,0.8666666666666667,nearest,2025
EDDC,45,45,44,46,departures,0.9777777777777777,1.0222222222222221,nearest,2025
LGPA,45,27,0,0,departures,0.0,0.0,nearest,2025
LTFH,45,43,6,193,arrivals,0.13333333333333333,4.288888888888889,nearest,2025
EDDC,45,45,44,44,arrivals,0.9777777777777777,0.9777777777777777,nearest,2025
LIRI,44,43,34,110,departures,0.7727272727272727,2.5,nearest,2025
GEML,44,44,44,46,departures,1.0,1.0454545454545454,nearest,2025
ORER,44,35,0,0,departures,0.0,0.0,nearest,2025
ESSB,44,39,38,42,departures,0.8636363636363636,0.9545454545454546,nearest,2025
BIRK,44,44,44,59,departures,1.0,1.3409090909090908,nearest,2025
GEML,44,44,44,45,arrivals,1.0,1.0227272727272727,nearest,2025
ORER,44,38,0,0,arrivals,0.0,0.0,nearest,2025
LEJR,44,44,43,43,arrivals,0.9772727272727273,0.9772727272727273,nearest,2025
BIRK,44,43,41,54,arrivals,0.9318181818181818,1.2272727272727273,nearest,2025
ENKB,44,16,7,17,arrivals,0.1590909090909091,0.38636363636363635,nearest,2025
LFRB,44,39,39,39,arrivals,0.8863636363636364,0.8863636363636364,nearest,2025
LKMT,44,40,39,42,arrivals,0.8863636363636364,0.9545454545454546,nearest,2025
LKMT,43,40,40,40,departures,0.9302325581395349,0.9302325581395349,nearest,2025
LIBP,43,43,42,139,arrivals,0.9767441860465116,3.2325581395348837,nearest,2025
LOWI,43,40,38,39,arrivals,0.8837209302325582,0.9069767441860465,nearest,2025
ENCN,43,43,43,65,arrivals,1.0,1.5116279069767442,nearest,2025
EPMO,42,42,42,47,departures,1.0,1.119047619047619,nearest,2025
ENEV,42,41,5,6,departures,0.11904761904761904,0.14285714285714285,nearest,2025
ORBI,42,27,0,0,departures,0.0,0.0,nearest,2025
LIRI,42,41,25,181,arrivals,0.5952380952380952,4.309523809523809,nearest,2025
UMMS,42,30,2,14,arrivals,0.047619047619047616,0.3333333333333333,nearest,2025
ESMS,42,39,36,36,arrivals,0.8571428571428571,0.8571428571428571,nearest,2025
ENEV,42,42,0,15,arrivals,0.0,0.35714285714285715,nearest,2025
LGSM,42,41,39,53,arrivals,0.9285714285714286,1.2619047619047619,nearest,2025
ESMS,41,38,38,40,departures,0.926829268292683,0.975609756097561,nearest,2025
LIBP,41,41,41,117,departures,1.0,2.8536585365853657,nearest,2025
LGSM,41,40,39,60,departures,0.9512195121951219,1.4634146341463414,nearest,2025
LIRZ,41,41,37,38,arrivals,0.9024390243902439,0.926829268292683,nearest,2025
UMMS,40,30,18,18,departures,0.45,0.45,nearest,2025
LEJR,40,40,40,40,departures,1.0,1.0,nearest,2025
LEVX,40,37,37,37,arrivals,0.925,0.925,nearest,2025
UWKD,40,31,0,13,arrivals,0.0,0.325,nearest,2025
LICT,40,36,25,39,arrivals,0.625,0.975,nearest,2025
EPMO,40,39,29,61,arrivals,0.725,1.525,nearest,2025
LEAM,40,39,39,40,arrivals,0.975,1.0,nearest,2025
GMMW,40,40,40,41,arrivals,1.0,1.025,nearest,2025
LGPA,40,32,0,0,arrivals,0.0,0.0,nearest,2025
LEVT,39,39,37,49,departures,0.9487179487179487,1.2564102564102564,nearest,2025
LICT,39,36,22,37,departures,0.5641025641025641,0.9487179487179487,nearest,2025
LIRZ,39,39,35,35,departures,0.8974358974358975,0.8974358974358975,nearest,2025
LEXJ,39,39,39,42,departures,1.0,1.0769230769230769,nearest,2025
GMMW,39,39,37,37,departures,0.9487179487179487,0.9487179487179487,nearest,2025
EGPB,39,29,0,279,arrivals,0.0,7.153846153846154,nearest,2025
LEVT,39,39,39,124,arrivals,1.0,3.1794871794871793,nearest,2025
LEZG,39,39,20,21,arrivals,0.5128205128205128,0.5384615384615384,nearest,2025
EDLP,39,36,34,38,arrivals,0.8717948717948718,0.9743589743589743,nearest,2025
EGPB,38,30,0,62,departures,0.0,1.631578947368421,nearest,2025
UWKD,38,24,10,14,departures,0.2631578947368421,0.3684210526315789,nearest,2025
LEZG,38,38,36,36,departures,0.9473684210526315,0.9473684210526315,nearest,2025
ESPA,38,34,34,34,departures,0.8947368421052632,0.8947368421052632,nearest,2025
LEVX,37,36,36,36,departures,0.972972972972973,0.972972972972973,nearest,2025
LGSK,37,37,32,37,departures,0.8648648648648649,1.0,nearest,2025
LOWL,37,36,36,37,departures,0.972972972972973,1.0,nearest,2025
LEAM,37,36,36,36,departures,0.972972972972973,0.972972972972973,nearest,2025
LIPY,37,37,37,37,departures,1.0,1.0,nearest,2025
LGSK,37,36,35,38,arrivals,0.9459459459459459,1.027027027027027,nearest,2025
ESSB,37,32,31,34,arrivals,0.8378378378378378,0.918918918918919,nearest,2025
LEXJ,37,35,19,22,arrivals,0.5135135135135135,0.5945945945945946,nearest,2025
EGTE,36,34,34,35,departures,0.9444444444444444,0.9722222222222222,nearest,2025
LECO,36,35,35,35,departures,0.9722222222222222,0.9722222222222222,nearest,2025
EGTE,36,31,30,32,arrivals,0.8333333333333334,0.8888888888888888,nearest,2025
LIPY,36,36,36,36,arrivals,1.0,1.0,nearest,2025
LTFO,36,36,23,69,arrivals,0.6388888888888888,1.9166666666666667,nearest,2025
EGMC,35,35,35,35,departures,1.0,1.0,nearest,2025
EDLP,35,32,32,32,departures,0.9142857142857143,0.9142857142857143,nearest,2025
LZKZ,35,35,35,41,departures,1.0,1.1714285714285715,nearest,2025
LTFO,35,35,33,134,departures,0.9428571428571428,3.8285714285714287,nearest,2025
LTFG,35,35,32,37,arrivals,0.9142857142857143,1.0571428571428572,nearest,2025
ESPA,35,31,26,26,arrivals,0.7428571428571429,0.7428571428571429,nearest,2025
LECO,35,34,34,35,arrivals,0.9714285714285714,1.0,nearest,2025
GMFO,34,34,34,35,departures,1.0,1.0294117647058822,nearest,2025
LTFG,34,34,34,41,departures,1.0,1.2058823529411764,nearest,2025
LEGR,34,34,34,35,departures,1.0,1.0294117647058822,nearest,2025
LOWL,34,33,32,37,arrivals,0.9411764705882353,1.088235294117647,nearest,2025
LICR,34,34,16,34,arrivals,0.47058823529411764,1.0,nearest,2025
GMFO,34,34,33,34,arrivals,0.9705882352941176,1.0,nearest,2025
LEGR,34,34,33,33,arrivals,0.9705882352941176,0.9705882352941176,nearest,2025
LGMT,34,34,33,37,arrivals,0.9705882352941176,1.088235294117647,nearest,2025
LZKZ,34,34,33,35,arrivals,0.9705882352941176,1.0294117647058822,nearest,2025
LICR,33,33,28,35,departures,0.8484848484848485,1.0606060606060606,nearest,2025
LTCI,33,24,0,0,departures,0.0,0.0,nearest,2025
LGMT,33,33,31,31,departures,0.9393939393939394,0.9393939393939394,nearest,2025
LOWI,33,32,31,32,departures,0.9393939393939394,0.9696969696969697,nearest,2025
EGMC,33,30,30,35,arrivals,0.9090909090909091,1.0606060606060606,nearest,2025
EKAH,33,32,30,30,arrivals,0.9090909090909091,0.9090909090909091,nearest,2025
EGWU,32,32,0,0,departures,0.0,0.0,nearest,2025
LTCB,32,30,14,255,departures,0.4375,7.96875,nearest,2025
EKAH,32,32,32,33,departures,1.0,1.03125,nearest,2025
LFRN,32,32,32,32,departures,1.0,1.0,nearest,2025
LEMI,32,32,31,31,arrivals,0.96875,0.96875,nearest,2025
LTCI,32,23,0,0,arrivals,0.0,0.0,nearest,2025
LEMI,31,31,31,31,departures,1.0,1.0,nearest,2025
EIKN,31,30,30,30,departures,0.967741935483871,0.967741935483871,nearest,2025
ENHD,31,31,27,41,departures,0.8709677419354839,1.3225806451612903,nearest,2025
EDMO,31,31,27,27,departures,0.8709677419354839,0.8709677419354839,nearest,2025
LFRN,31,31,31,32,arrivals,1.0,1.032258064516129,nearest,2025
LTCE,31,30,0,238,arrivals,0.0,7.67741935483871,nearest,2025
EGPK,30,30,30,31,departures,1.0,1.0333333333333334,nearest,2025
URMM,30,10,2,5,departures,0.06666666666666667,0.16666666666666666,nearest,2025
LGNX,30,18,0,0,departures,0.0,0.0,nearest,2025
LTCB,30,30,22,658,arrivals,0.7333333333333333,21.933333333333334,nearest,2025
LGNX,30,26,0,0,arrivals,0.0,0.0,nearest,2025
EIKN,30,29,29,29,arrivals,0.9666666666666667,0.9666666666666667,nearest,2025
EBAW,29,29,28,29,departures,0.9655172413793104,1.0,nearest,2025
LTCE,29,26,0,347,departures,0.0,11.96551724137931,nearest,2025
EGPA,29,22,0,10,departures,0.0,0.3448275862068966,nearest,2025
LTAZ,29,29,0,1,departures,0.0,0.034482758620689655,nearest,2025
EGPK,29,24,20,21,arrivals,0.6896551724137931,0.7241379310344828,nearest,2025
URMM,29,20,0,4,arrivals,0.0,0.13793103448275862,nearest,2025
ENHD,29,28,24,59,arrivals,0.8275862068965517,2.0344827586206895,nearest,2025
LTAZ,29,29,0,3,arrivals,0.0,0.10344827586206896,nearest,2025
EGHQ,28,27,27,27,departures,0.9642857142857143,0.9642857142857143,nearest,2025
ESNU,28,24,17,17,departures,0.6071428571428571,0.6071428571428571,nearest,2025
EGHQ,28,27,27,27,arrivals,0.9642857142857143,0.9642857142857143,nearest,2025
LTCA,27,21,0,0,departures,0.0,0.0,nearest,2025
ENBN,27,16,5,20,departures,0.18518518518518517,0.7407407407407407,nearest,2025
LICD,27,27,27,30,departures,1.0,1.1111111111111112,nearest,2025
LIPB,27,27,16,16,arrivals,0.5925925925925926,0.5925925925925926,nearest,2025
EGWU,27,26,0,0,arrivals,0.0,0.0,nearest,2025
LTAN,27,26,2,99,arrivals,0.07407407407407407,3.6666666666666665,nearest,2025
LTCA,27,22,0,1,arrivals,0.0,0.037037037037037035,nearest,2025
LICD,27,27,27,28,arrivals,1.0,1.037037037037037,nearest,2025
LFKC,27,27,27,27,arrivals,1.0,1.0,nearest,2025
LTAT,26,21,0,0,departures,0.0,0.0,nearest,2025
LPCS,26,26,23,24,departures,0.8846153846153846,0.9230769230769231,nearest,2025
LIPB,26,26,25,26,departures,0.9615384615384616,1.0,nearest,2025
LTCS,26,20,0,0,departures,0.0,0.0,nearest,2025
LTAN,26,26,5,43,departures,0.19230769230769232,1.6538461538461537,nearest,2025
LRBS,26,26,26,31,departures,1.0,1.1923076923076923,nearest,2025
LFKC,26,26,26,26,departures,1.0,1.0,nearest,2025
LGHI,26,25,25,30,arrivals,0.9615384615384616,1.1538461538461537,nearest,2025
LTCS,26,21,0,0,arrivals,0.0,0.0,nearest,2025
ESNU,26,22,2,2,arrivals,0.07692307692307693,0.07692307692307693,nearest,2025
ENBN,26,16,0,13,arrivals,0.0,0.5,nearest,2025
EGPA,26,20,0,31,arrivals,0.0,1.1923076923076923,nearest,2025
LGKL,25,25,25,30,departures,1.0,1.2,nearest,2025
LGHI,25,24,24,33,departures,0.96,1.32,nearest,2025
LGML,25,22,0,0,departures,0.0,0.0,nearest,2025
LFMP,25,25,25,26,departures,1.0,1.04,nearest,2025
EHBK,25,22,21,22,departures,0.84,0.88,nearest,2025
EFOU,25,25,17,41,departures,0.68,1.64,nearest,2025
EGSH,25,25,25,26,departures,1.0,1.04,nearest,2025
LGKL,25,25,24,32,arrivals,0.96,1.28,nearest,2025
EFOU,25,25,18,43,arrivals,0.72,1.72,nearest,2025
EGSH,25,25,25,28,arrivals,1.0,1.12,nearest,2025
LPCS,25,25,20,22,arrivals,0.8,0.88,nearest,2025
EBAW,25,24,23,26,arrivals,0.92,1.04,nearest,2025
LFRK,24,24,23,24,departures,0.9583333333333334,1.0,nearest,2025
EKVG,24,24,0,0,departures,0.0,0.0,nearest,2025
ENFL,24,18,18,41,departures,0.75,1.7083333333333333,nearest,2025
ENAT,24,20,2,12,departures,0.08333333333333333,0.5,nearest,2025
LICG,24,20,14,65,departures,0.5833333333333334,2.7083333333333335,nearest,2025
LIPR,24,24,24,26,departures,1.0,1.0833333333333333,nearest,2025
LTAT,24,19,0,2,arrivals,0.0,0.08333333333333333,nearest,2025
EKVG,24,24,0,0,arrivals,0.0,0.0,nearest,2025
ENFL,24,18,14,34,arrivals,0.5833333333333334,1.4166666666666667,nearest,2025
ENAT,24,19,0,7,arrivals,0.0,0.2916666666666667,nearest,2025
LESO,24,24,18,56,arrivals,0.75,2.3333333333333335,nearest,2025
EHBK,24,17,15,15,arrivals,0.625,0.625,nearest,2025
LIPR,24,24,23,25,arrivals,0.9583333333333334,1.0416666666666667,nearest,2025
LFMP,24,24,23,31,arrivals,0.9583333333333334,1.2916666666666667,nearest,2025
EDDR,23,17,17,18,departures,0.7391304347826086,0.782608695652174,nearest,2025
ESSV,23,21,21,28,departures,0.9130434782608695,1.2173913043478262,nearest,2025
ENOV,23,23,19,66,departures,0.8260869565217391,2.869565217391304,nearest,2025
ENKR,23,16,0,0,departures,0.0,0.0,nearest,2025
LESO,23,23,19,24,departures,0.8260869565217391,1.0434782608695652,nearest,2025
ENLK,23,20,0,0,departures,0.0,0.0,nearest,2025
LFBT,23,23,23,23,departures,1.0,1.0,nearest,2025
ENKR,23,15,0,0,arrivals,0.0,0.0,nearest,2025
LICG,23,20,15,75,arrivals,0.6521739130434783,3.260869565217391,nearest,2025
EGPO,23,21,18,214,arrivals,0.782608695652174,9.304347826086957,nearest,2025
EDXW,22,21,19,19,departures,0.8636363636363636,0.8636363636363636,nearest,2025
LLER,22,21,8,13,departures,0.36363636363636365,0.5909090909090909,nearest,2025
LSGS,22,22,21,23,departures,0.9545454545454546,1.0454545454545454,nearest,2025
LRSB,22,22,17,31,departures,0.7727272727272727,1.4090909090909092,nearest,2025
LFBP,22,22,22,22,departures,1.0,1.0,nearest,2025
LGKP,22,20,5,52,departures,0.22727272727272727,2.3636363636363638,nearest,2025
EGNV,22,19,19,19,departures,0.8636363636363636,0.8636363636363636,nearest,2025
EGPO,22,18,17,42,departures,0.7727272727272727,1.9090909090909092,nearest,2025
EPSC,22,22,22,30,departures,1.0,1.3636363636363635,nearest,2025
EIKY,22,22,22,22,departures,1.0,1.0,nearest,2025
LRCV,22,21,4,9,departures,0.18181818181818182,0.4090909090909091,nearest,2025
GCHI,22,16,0,0,departures,0.0,0.0,nearest,2025
LFRK,22,21,20,21,arrivals,0.9090909090909091,0.9545454545454546,nearest,2025
EDDR,22,16,16,20,arrivals,0.7272727272727273,0.9090909090909091,nearest,2025
ESSV,22,20,20,57,arrivals,0.9090909090909091,2.590909090909091,nearest,2025
EDXW,22,21,19,19,arrivals,0.8636363636363636,0.8636363636363636,nearest,2025
ENOV,22,22,19,64,arrivals,0.8636363636363636,2.909090909090909,nearest,2025
LRSB,22,22,9,24,arrivals,0.4090909090909091,1.0909090909090908,nearest,2025
LFBP,22,22,22,22,arrivals,1.0,1.0,nearest,2025
LGKP,22,19,5,31,arrivals,0.22727272727272727,1.4090909090909092,nearest,2025
EDMO,22,22,19,19,arrivals,0.8636363636363636,0.8636363636363636,nearest,2025
EPSC,22,22,17,25,arrivals,0.7727272727272727,1.1363636363636365,nearest,2025
ENLK,22,20,0,5,arrivals,0.0,0.22727272727272727,nearest,2025
GCHI,22,17,0,0,arrivals,0.0,0.0,nearest,2025
LFBT,22,22,22,22,arrivals,1.0,1.0,nearest,2025
LLER,22,22,4,12,arrivals,0.18181818181818182,0.5454545454545454,nearest,2025
LDRI,21,19,19,20,departures,0.9047619047619048,0.9523809523809523,nearest,2025
LRSV,21,20,17,28,departures,0.8095238095238095,1.3333333333333333,nearest,2025
BIAR,21,18,16,31,departures,0.7619047619047619,1.4761904761904763,nearest,2025
ENSG,21,21,0,0,departures,0.0,0.0,nearest,2025
LDRI,21,19,19,35,arrivals,0.9047619047619048,1.6666666666666667,nearest,2025
LGML,21,16,0,0,arrivals,0.0,0.0,nearest,2025
EGNV,21,19,19,19,arrivals,0.9047619047619048,0.9047619047619048,nearest,2025
LSZB,21,20,19,22,arrivals,0.9047619047619048,1.0476190476190477,nearest,2025
LRCV,21,20,4,11,arrivals,0.19047619047619047,0.5238095238095238,nearest,2025
LRBS,21,21,19,42,arrivals,0.9047619047619048,2.0,nearest,2025
ENSG,21,21,0,0,arrivals,0.0,0.0,nearest,2025
EIKY,21,19,19,19,arrivals,0.9047619047619048,0.9047619047619048,nearest,2025
LFLC,21,21,21,23,arrivals,1.0,1.0952380952380953,nearest,2025
BIAR,21,18,16,37,arrivals,0.7619047619047619,1.7619047619047619,nearest,2025
DABC,20,20,1,9,departures,0.05,0.45,nearest,2025
LTCR,20,17,0,0,departures,0.0,0.0,nearest,2025
LSZB,20,19,18,20,departures,0.9,1.0,nearest,2025
GMTN,20,20,19,21,arrivals,0.95,1.05,nearest,2025
LSGS,20,20,20,21,arrivals,1.0,1.05,nearest,2025
LTCR,20,17,0,0,arrivals,0.0,0.0,nearest,2025
LRSV,20,20,16,70,arrivals,0.8,3.5,nearest,2025
EGNJ,20,15,15,17,arrivals,0.75,0.85,nearest,2025
HLLM,20,17,10,12,arrivals,0.5,0.6,nearest,2025
DABC,20,20,1,8,arrivals,0.05,0.4,nearest,2025
LTCJ,19,14,0,1,departures,0.0,0.05263157894736842,nearest,2025
GMTN,19,19,19,19,departures,1.0,1.0,nearest,2025
EFTU,19,17,17,19,departures,0.8947368421052632,1.0,nearest,2025
ENVD,19,8,0,0,departures,0.0,0.0,nearest,2025
LRBC,19,19,19,35,departures,1.0,1.8421052631578947,nearest,2025
ENSK,19,18,0,2,departures,0.0,0.10526315789473684,nearest,2025
LSZR,19,19,19,21,departures,1.0,1.105263157894737,nearest,2025
LOWK,19,19,19,19,departures,1.0,1.0,nearest,2025
EGTK,19,19,19,20,departures,1.0,1.0526315789473684,nearest,2025
HLLM,19,18,18,19,departures,0.9473684210526315,1.0,nearest,2025
LTCJ,19,14,0,0,arrivals,0.0,0.0,nearest,2025
LRBC,19,19,17,24,arrivals,0.8947368421052632,1.263157894736842,nearest,2025
ENSK,19,18,0,2,arrivals,0.0,0.10526315789473684,nearest,2025
LFTZ,19,18,0,0,arrivals,0.0,0.0,nearest,2025
LSZR,19,19,18,18,arrivals,0.9473684210526315,0.9473684210526315,nearest,2025
EYPA,18,18,16,20,departures,0.8888888888888888,1.1111111111111112,nearest,2025
EGJA,18,17,17,17,departures,0.9444444444444444,0.9444444444444444,nearest,2025
EBOS,18,16,16,18,departures,0.8888888888888888,1.0,nearest,2025
LFLC,18,18,18,18,departures,1.0,1.0,nearest,2025
LOWK,18,17,17,22,arrivals,0.9444444444444444,1.2222222222222223,nearest,2025
LIPO,18,18,14,15,arrivals,0.7777777777777778,0.8333333333333334,nearest,2025
EGJA,18,18,18,19,arrivals,1.0,1.0555555555555556,nearest,2025
EFTU,18,15,14,14,arrivals,0.7777777777777778,0.7777777777777778,nearest,2025
EFRO,17,17,0,1,departures,0.0,0.058823529411764705,nearest,2025
LPAZ,17,17,17,21,departures,1.0,1.2352941176470589,nearest,2025
EPLL,17,17,17,19,departures,1.0,1.1176470588235294,nearest,2025
LQBK,17,17,17,21,departures,1.0,1.2352941176470589,nearest,2025
ENML,17,16,9,16,departures,0.5294117647058824,0.9411764705882353,nearest,2025
LGAL,17,17,17,17,departures,1.0,1.0,nearest,2025
EBKT,17,17,17,18,departures,1.0,1.0588235294117647,nearest,2025
EFRO,17,16,0,2,arrivals,0.0,0.11764705882352941,nearest,2025
LQBK,17,17,16,23,arrivals,0.9411764705882353,1.3529411764705883,nearest,2025
EBOS,17,15,13,18,arrivals,0.7647058823529411,1.0588235294117647,nearest,2025
EYPA,17,17,9,15,arrivals,0.5294117647058824,0.8823529411764706,nearest,2025
LFLY,16,16,0,0,departures,0.0,0.0,nearest,2025
EKRN,16,16,16,22,departures,1.0,1.375,nearest,2025
LYNI,16,14,4,43,departures,0.25,2.6875,nearest,2025
LFBL,16,11,11,11,departures,0.6875,0.6875,nearest,2025
EPBY,16,16,15,16,departures,0.9375,1.0,nearest,2025
LTCF,16,15,0,1,departures,0.0,0.0625,nearest,2025
EGNJ,16,13,12,13,departures,0.75,0.8125,nearest,2025
EDDE,16,16,16,17,departures,1.0,1.0625,nearest,2025
LXGB,16,15,15,15,departures,0.9375,0.9375,nearest,2025
LEPP,16,16,16,19,departures,1.0,1.1875,nearest,2025
EPLB,16,16,16,22,departures,1.0,1.375,nearest,2025
LFBE,16,16,16,16,departures,1.0,1.0,nearest,2025
EKEB,16,13,13,24,departures,0.8125,1.5,nearest,2025
LECH,16,14,14,16,departures,0.875,1.0,nearest,2025
LFLY,16,16,0,0,arrivals,0.0,0.0,nearest,2025
LYNI,16,16,0,101,arrivals,0.0,6.3125,nearest,2025
LFBL,16,12,10,11,arrivals,0.625,0.6875,nearest,2025
EPLL,16,15,15,51,arrivals,0.9375,3.1875,nearest,2025
LTCF,16,16,0,2,arrivals,0.0,0.125,nearest,2025
ENSH,16,15,0,2,arrivals,0.0,0.125,nearest,2025
LFMK,16,16,16,17,arrivals,1.0,1.0625,nearest,2025
EGTK,16,16,16,17,arrivals,1.0,1.0625,nearest,2025
LGAL,16,16,16,17,arrivals,1.0,1.0625,nearest,2025
EDVE,16,16,16,18,arrivals,1.0,1.125,nearest,2025
EPLB,16,16,15,30,arrivals,0.9375,1.875,nearest,2025
LFBE,16,16,16,16,arrivals,1.0,1.0,nearest,2025
LXGB,16,15,15,15,arrivals,0.9375,0.9375,nearest,2025
UWGG,15,8,0,4,departures,0.0,0.26666666666666666,nearest,2025
HESX,15,15,5,7,departures,0.3333333333333333,0.4666666666666667,nearest,2025
LTCK,15,12,0,0,departures,0.0,0.0,nearest,2025
EDNY,15,13,12,12,departures,0.8,0.8,nearest,2025
ENRA,15,15,7,13,departures,0.4666666666666667,0.8666666666666667,nearest,2025
EGAE,15,5,5,5,departures,0.3333333333333333,0.3333333333333333,nearest,2025
LFMK,15,15,15,15,departures,1.0,1.0,nearest,2025
LFRM,15,15,14,16,arrivals,0.9333333333333333,1.0666666666666667,nearest,2025
EKRN,15,15,15,72,arrivals,1.0,4.8,nearest,2025
ENVD,15,4,0,0,arrivals,0.0,0.0,nearest,2025
LTCK,15,12,0,1,arrivals,0.0,0.06666666666666667,nearest,2025
EPBY,15,15,11,56,arrivals,0.7333333333333333,3.7333333333333334,nearest,2025
EDNY,15,12,11,12,arrivals,0.7333333333333333,0.8,nearest,2025
ENML,15,14,9,32,arrivals,0.6,2.1333333333333333,nearest,2025
LLHA,15,13,13,15,arrivals,0.8666666666666667,1.0,nearest,2025
LGLM,15,15,0,0,arrivals,0.0,0.0,nearest,2025
LECH,15,13,13,13,arrivals,0.8666666666666667,0.8666666666666667,nearest,2025
HESX,15,15,5,24,arrivals,0.3333333333333333,1.6,nearest,2025
EDDE,15,15,14,20,arrivals,0.9333333333333333,1.3333333333333333,nearest,2025
EKEB,15,13,13,25,arrivals,0.8666666666666667,1.6666666666666667,nearest,2025
LFSD,15,15,15,16,arrivals,1.0,1.0666666666666667,nearest,2025
LTAY,14,14,3,16,departures,0.21428571428571427,1.1428571428571428,nearest,2025
ETSI,14,13,13,13,departures,0.9285714285714286,0.9285714285714286,nearest,2025
LLHA,14,14,14,17,departures,1.0,1.2142857142857142,nearest,2025
LROD,14,13,7,14,departures,0.5,1.0,nearest,2025
ENSH,14,14,0,6,departures,0.0,0.42857142857142855,nearest,2025
LTAR,14,14,0,0,departures,0.0,0.0,nearest,2025
EDVE,14,14,14,16,departures,1.0,1.1428571428571428,nearest,2025
LGLM,14,14,0,0,departures,0.0,0.0,nearest,2025
EFKU,14,14,14,14,departures,1.0,1.0,nearest,2025
LFBH,14,14,9,10,arrivals,0.6428571428571429,0.7142857142857143,nearest,2025
LPAZ,14,13,13,28,arrivals,0.9285714285714286,2.0,nearest,2025
LROD,14,12,2,58,arrivals,0.14285714285714285,4.142857142857143,nearest,2025
ENRA,14,14,7,13,arrivals,0.5,0.9285714285714286,nearest,2025
EGAE,14,4,4,4,arrivals,0.2857142857142857,0.2857142857142857,nearest,2025
LTAR,14,14,0,0,arrivals,0.0,0.0,nearest,2025
LEPP,14,14,3,62,arrivals,0.21428571428571427,4.428571428571429,nearest,2025
LFRM,13,13,13,14,departures,1.0,1.0769230769230769,nearest,2025
LFBH,13,13,13,14,departures,1.0,1.0769230769230769,nearest,2025
LTDA,13,10,0,8,departures,0.0,0.6153846153846154,nearest,2025
LPPS,13,6,5,10,departures,0.38461538461538464,0.7692307692307693,nearest,2025
LFRZ,13,13,10,10,departures,0.7692307692307693,0.7692307692307693,nearest,2025
LTCT,13,13,0,0,departures,0.0,0.0,nearest,2025
LIBC,13,13,2,4,departures,0.15384615384615385,0.3076923076923077,nearest,2025
EDMA,13,13,13,13,departures,1.0,1.0,nearest,2025
LGKV,13,13,13,16,departures,1.0,1.2307692307692308,nearest,2025
EFVA,13,13,13,14,departures,1.0,1.0769230769230769,nearest,2025
UWGG,13,9,0,3,arrivals,0.0,0.23076923076923078,nearest,2025
LTAY,13,13,0,137,arrivals,0.0,10.538461538461538,nearest,2025
LGKV,13,13,13,16,arrivals,1.0,1.2307692307692308,nearest,2025
LPPS,13,6,6,240,arrivals,0.46153846153846156,18.46153846153846,nearest,2025
LFRZ,13,13,10,11,arrivals,0.7692307692307693,0.8461538461538461,nearest,2025
EFKU,13,13,13,13,arrivals,1.0,1.0,nearest,2025
LTCT,13,12,0,0,arrivals,0.0,0.0,nearest,2025
LBPD,13,13,4,10,arrivals,0.3076923076923077,0.7692307692307693,nearest,2025
ESNS,12,12,12,12,departures,1.0,1.0,nearest,2025
EDFM,12,11,11,18,departures,0.9166666666666666,1.5,nearest,2025
LFMU,12,12,12,12,departures,1.0,1.0,nearest,2025
ENBL,12,12,0,0,departures,0.0,0.0,nearest,2025
GCGM,12,6,0,0,departures,0.0,0.0,nearest,2025
ENSD,12,12,0,0,departures,0.0,0.0,nearest,2025
LTCP,12,9,0,0,departures,0.0,0.0,nearest,2025
LIRS,12,12,12,13,departures,1.0,1.0833333333333333,nearest,2025
LFTZ,12,11,0,0,departures,0.0,0.0,nearest,2025
LFTW,12,12,12,12,departures,1.0,1.0,nearest,2025
LTFD,12,12,12,12,departures,1.0,1.0,nearest,2025
ENST,12,12,3,9,departures,0.25,0.75,nearest,2025
EKRK,12,12,12,14,departures,1.0,1.1666666666666667,nearest,2025
LTCN,12,9,0,1,departures,0.0,0.08333333333333333,nearest,2025
HLLB,12,5,0,0,departures,0.0,0.0,nearest,2025
LGIO,12,12,10,18,arrivals,0.8333333333333334,1.5,nearest,2025
LTFD,12,12,12,13,arrivals,1.0,1.0833333333333333,nearest,2025
LIBF,12,12,1,192,arrivals,0.08333333333333333,16.0,nearest,2025
ETSI,12,11,11,12,arrivals,0.9166666666666666,1.0,nearest,2025
LGRX,12,12,2,3,arrivals,0.16666666666666666,0.25,nearest,2025
LFMU,12,12,12,12,arrivals,1.0,1.0,nearest,2025
LTCN,12,9,0,2,arrivals,0.0,0.16666666666666666,nearest,2025
HLLB,12,5,0,0,arrivals,0.0,0.0,nearest,2025
LIBC,12,12,0,3,arrivals,0.0,0.25,nearest,2025
EFVA,12,12,12,12,arrivals,1.0,1.0,nearest,2025
LTCD,12,12,0,1,arrivals,0.0,0.08333333333333333,nearest,2025
EKSB,12,12,12,12,arrivals,1.0,1.0,nearest,2025
GCGM,12,6,0,0,arrivals,0.0,0.0,nearest,2025
LRBV,11,10,10,14,departures,0.9090909090909091,1.2727272727272727,nearest,2025
LTCD,11,9,0,0,departures,0.0,0.0,nearest,2025
EGPN,11,11,11,12,departures,1.0,1.0909090909090908,nearest,2025
LTCV,11,6,0,0,departures,0.0,0.0,nearest,2025
LIPO,11,11,11,13,departures,1.0,1.1818181818181819,nearest,2025
LGRX,11,11,4,7,departures,0.36363636363636365,0.6363636363636364,nearest,2025
ENAN,11,10,0,4,departures,0.0,0.36363636363636365,nearest,2025
GMML,11,6,0,0,departures,0.0,0.0,nearest,2025
LFSD,11,11,11,12,departures,1.0,1.0909090909090908,nearest,2025
LFMV,11,11,11,11,arrivals,1.0,1.0,nearest,2025
EGPN,11,11,11,11,arrivals,1.0,1.0,nearest,2025
LTCV,11,7,0,0,arrivals,0.0,0.0,nearest,2025
ESNS,11,10,10,15,arrivals,0.9090909090909091,1.3636363636363635,nearest,2025
EDFM,11,10,10,15,arrivals,0.9090909090909091,1.3636363636363635,nearest,2025
GMML,11,5,0,0,arrivals,0.0,0.0,nearest,2025
LTCP,11,8,0,0,arrivals,0.0,0.0,nearest,2025
LIRS,11,11,9,9,arrivals,0.8181818181818182,0.8181818181818182,nearest,2025
LFTW,11,10,10,10,arrivals,0.9090909090909091,0.9090909090909091,nearest,2025
EDMA,11,11,11,11,arrivals,1.0,1.0,nearest,2025
LTDA,11,11,0,18,arrivals,0.0,1.6363636363636365,nearest,2025
ENST,11,11,3,13,arrivals,0.2727272727272727,1.1818181818181819,nearest,2025
LICB,11,11,11,13,arrivals,1.0,1.1818181818181819,nearest,2025
ENBL,11,11,0,0,arrivals,0.0,0.0,nearest,2025
ENSD,11,11,0,0,arrivals,0.0,0.0,nearest,2025
LGIO,10,10,9,12,departures,0.9,1.2,nearest,2025
LFMV,10,10,9,11,departures,0.9,1.1,nearest,2025
EKSB,10,10,10,10,departures,1.0,1.0,nearest,2025
ESNZ,10,8,8,8,departures,0.8,0.8,nearest,2025
LQMO,10,9,2,128,departures,0.2,12.8,nearest,2025
LGIK,10,9,0,0,departures,0.0,0.0,nearest,2025
LIMP,10,10,10,10,departures,1.0,1.0,nearest,2025
EHGG,10,10,10,10,departures,1.0,1.0,nearest,2025
LIPK,10,9,8,8,departures,0.8,0.8,nearest,2025
DAAE,10,10,9,17,departures,0.9,1.7,nearest,2025
LFCR,10,10,10,10,arrivals,1.0,1.0,nearest,2025
LDSB,10,10,0,131,arrivals,0.0,13.1,nearest,2025
LIPK,10,9,9,10,arrivals,0.9,1.0,nearest,2025
DAAE,10,10,9,37,arrivals,0.9,3.7,nearest,2025
EKOD,10,9,9,9,arrivals,0.9,0.9,nearest,2025
EHGG,10,10,10,11,arrivals,1.0,1.1,nearest,2025
EDTY,9,9,9,9,departures,1.0,1.0,nearest,2025
LFCR,9,9,9,9,departures,1.0,1.0,nearest,2025
LKPD,9,9,9,16,departures,1.0,1.7777777777777777,nearest,2025
ESKN,9,8,7,9,departures,0.7777777777777778,1.0,nearest,2025
LBPD,9,9,5,21,departures,0.5555555555555556,2.3333333333333335,nearest,2025
GMFK,9,4,0,2,departures,0.0,0.2222222222222222,nearest,2025
LTCO,9,9,0,0,departures,0.0,0.0,nearest,2025
LDSB,9,9,0,68,departures,0.0,7.555555555555555,nearest,2025
LTBR,9,9,9,21,departures,1.0,2.3333333333333335,nearest,2025
ENNA,9,9,0,2,departures,0.0,0.2222222222222222,nearest,2025
LICB,9,9,9,9,departures,1.0,1.0,nearest,2025
ESTA,9,9,8,8,departures,0.8888888888888888,0.8888888888888888,nearest,2025
ENMS,9,9,0,6,departures,0.0,0.6666666666666666,nearest,2025
GMMI,9,9,0,0,departures,0.0,0.0,nearest,2025
UUBW,9,3,0,1,arrivals,0.0,0.1111111111111111,nearest,2025
DAON,9,9,3,3,arrivals,0.3333333333333333,0.3333333333333333,nearest,2025
GMMI,9,8,0,9,arrivals,0.0,1.0,nearest,2025
LGIK,9,8,0,0,arrivals,0.0,0.0,nearest,2025
EGNR,9,9,4,4,arrivals,0.4444444444444444,0.4444444444444444,nearest,2025
GMFK,9,6,0,2,arrivals,0.0,0.2222222222222222,nearest,2025
ENMS,9,9,0,6,arrivals,0.0,0.6666666666666666,nearest,2025
LTBR,9,9,7,15,arrivals,0.7777777777777778,1.6666666666666667,nearest,2025
LRBV,9,9,9,24,arrivals,1.0,2.6666666666666665,nearest,2025
ESNZ,9,7,7,7,arrivals,0.7777777777777778,0.7777777777777778,nearest,2025
EKRK,9,9,9,10,arrivals,1.0,1.1111111111111112,nearest,2025
LQMO,9,8,1,144,arrivals,0.1111111111111111,16.0,nearest,2025
ENAN,9,9,0,3,arrivals,0.0,0.3333333333333333,nearest,2025
URML,9,3,0,0,arrivals,0.0,0.0,nearest,2025
ESKN,9,8,6,10,arrivals,0.6666666666666666,1.1111111111111112,nearest,2025
LTCO,9,9,0,0,arrivals,0.0,0.0,nearest,2025
LSMP,8,8,7,8,departures,0.875,1.0,nearest,2025
LFSL,8,8,8,8,departures,1.0,1.0,nearest,2025
EGPI,8,8,6,7,departures,0.75,0.875,nearest,2025
ESMX,8,6,6,11,departures,0.75,1.375,nearest,2025
EFMA,8,2,2,2,departures,0.25,0.25,nearest,2025
EGPR,8,3,0,36,departures,0.0,4.5,nearest,2025
EDHI,8,8,0,0,departures,0.0,0.0,nearest,2025
ENJS,8,0,0,0,departures,0.0,0.0,nearest,2025
LFOT,8,8,8,8,departures,1.0,1.0,nearest,2025
LEBZ,8,7,7,8,departures,0.875,1.0,nearest,2025
EPSY,8,7,7,9,departures,0.875,1.125,nearest,2025
LQTZ,8,8,8,12,departures,1.0,1.5,nearest,2025
LDOS,8,3,3,3,departures,0.375,0.375,nearest,2025
LFRG,8,8,8,10,departures,1.0,1.25,nearest,2025
BIEG,8,8,0,0,departures,0.0,0.0,nearest,2025
DAON,8,8,5,5,departures,0.625,0.625,nearest,2025
EDLN,8,8,5,5,departures,0.625,0.625,nearest,2025
EFTP,8,6,5,5,departures,0.625,0.625,nearest,2025
UBBG,8,4,0,0,departures,0.0,0.0,nearest,2025
LGST,8,6,0,81,departures,0.0,10.125,nearest,2025
LSMP,8,8,7,7,arrivals,0.875,0.875,nearest,2025
LFSL,8,8,8,8,arrivals,1.0,1.0,nearest,2025
LDOS,8,4,4,9,arrivals,0.5,1.125,nearest,2025
EGPI,8,8,1,2,arrivals,0.125,0.25,nearest,2025
ESMX,8,6,4,5,arrivals,0.5,0.625,nearest,2025
EBKT,8,8,8,8,arrivals,1.0,1.0,nearest,2025
EFMA,8,2,2,2,arrivals,0.25,0.25,nearest,2025
BIEG,8,8,0,0,arrivals,0.0,0.0,nearest,2025
LKPD,8,8,8,12,arrivals,1.0,1.5,nearest,2025
ESTA,8,8,4,4,arrivals,0.5,0.5,nearest,2025
LFOT,8,8,8,9,arrivals,1.0,1.125,nearest,2025
LQTZ,8,8,7,10,arrivals,0.875,1.25,nearest,2025
ENNA,8,8,0,5,arrivals,0.0,0.625,nearest,2025
LFLB,8,8,8,8,arrivals,1.0,1.0,nearest,2025
LGST,8,6,0,68,arrivals,0.0,8.5,nearest,2025
EDRY,7,7,0,0,departures,0.0,0.0,nearest,2025
LIBF,7,7,5,201,departures,0.7142857142857143,28.714285714285715,nearest,2025
EDTL,7,7,7,7,departures,1.0,1.0,nearest,2025
OITT,7,7,0,0,departures,0.0,0.0,nearest,2025
ESSL,7,7,6,7,departures,0.8571428571428571,1.0,nearest,2025
ENNM,7,6,0,0,departures,0.0,0.0,nearest,2025
LHDC,7,7,6,10,departures,0.8571428571428571,1.4285714285714286,nearest,2025
EIDL,7,7,7,27,departures,1.0,3.857142857142857,nearest,2025
LTCW,7,7,0,0,departures,0.0,0.0,nearest,2025
BIIS,7,6,0,4,departures,0.0,0.5714285714285714,nearest,2025
EKOD,7,7,7,7,departures,1.0,1.0,nearest,2025
UUBW,7,2,0,0,departures,0.0,0.0,nearest,2025
ESNQ,7,6,6,6,departures,0.8571428571428571,0.8571428571428571,nearest,2025
HEBA,7,7,7,62,departures,1.0,8.857142857142858,nearest,2025
EGPL,7,7,0,9,departures,0.0,1.2857142857142858,nearest,2025
EGPR,7,3,0,154,arrivals,0.0,22.0,nearest,2025
BIIS,7,7,0,1,arrivals,0.0,0.14285714285714285,nearest,2025
DABB,7,7,6,48,arrivals,0.8571428571428571,6.857142857142857,nearest,2025
EDTL,7,7,7,8,arrivals,1.0,1.1428571428571428,nearest,2025
ENJS,7,1,0,0,arrivals,0.0,0.0,nearest,2025
EGPL,7,4,0,136,arrivals,0.0,19.428571428571427,nearest,2025
LEBZ,7,7,7,7,arrivals,1.0,1.0,nearest,2025
ESNQ,7,6,6,6,arrivals,0.8571428571428571,0.8571428571428571,nearest,2025
LTCW,7,4,0,0,arrivals,0.0,0.0,nearest,2025
EDHI,7,7,0,0,arrivals,0.0,0.0,nearest,2025
EIDL,7,7,7,28,arrivals,1.0,4.0,nearest,2025
OITT,7,4,0,0,arrivals,0.0,0.0,nearest,2025
EDTY,7,7,7,8,arrivals,1.0,1.1428571428571428,nearest,2025
LIMP,7,5,5,6,arrivals,0.7142857142857143,0.8571428571428571,nearest,2025
HEAL,6,6,1,26,departures,0.16666666666666666,4.333333333333333,nearest,2025
ENDU,6,6,6,32,departures,1.0,5.333333333333333,nearest,2025
EFKE,6,6,0,2,departures,0.0,0.3333333333333333,nearest,2025
ESOE,6,6,6,6,departures,1.0,1.0,nearest,2025
EFJO,6,6,6,6,departures,1.0,1.0,nearest,2025
URML,6,1,0,0,departures,0.0,0.0,nearest,2025
ENRM,6,6,6,16,departures,1.0,2.6666666666666665,nearest,2025
LTCU,6,4,0,0,departures,0.0,0.0,nearest,2025
EGNR,6,6,4,4,departures,0.6666666666666666,0.6666666666666666,nearest,2025
EDVK,6,4,4,4,departures,0.6666666666666666,0.6666666666666666,nearest,2025
EGPU,6,2,0,2,departures,0.0,0.3333333333333333,nearest,2025
HEMM,6,6,0,3,departures,0.0,0.5,nearest,2025
ESNK,6,0,0,0,departures,0.0,0.0,nearest,2025
EDHL,6,6,6,7,departures,1.0,1.1666666666666667,nearest,2025
ENSO,6,6,6,7,departures,1.0,1.1666666666666667,nearest,2025
LPVZ,6,6,0,0,departures,0.0,0.0,nearest,2025
ESKM,6,6,3,8,departures,0.5,1.3333333333333333,nearest,2025
EHJA,6,6,0,0,departures,0.0,0.0,nearest,2025
ESNL,6,0,0,1,departures,0.0,0.16666666666666666,nearest,2025
LPPM,6,6,6,121,departures,1.0,20.166666666666668,nearest,2025
EFIV,6,6,0,1,departures,0.0,0.16666666666666666,nearest,2025
DABB,6,6,6,26,departures,1.0,4.333333333333333,nearest,2025
EDVK,6,4,4,5,arrivals,0.6666666666666666,0.8333333333333334,nearest,2025
EDRY,6,6,0,0,arrivals,0.0,0.0,nearest,2025
EGPU,6,2,1,40,arrivals,0.16666666666666666,6.666666666666667,nearest,2025
LHDC,6,6,5,13,arrivals,0.8333333333333334,2.1666666666666665,nearest,2025
ESOE,6,6,6,7,arrivals,1.0,1.1666666666666667,nearest,2025
LFLI,6,6,0,0,arrivals,0.0,0.0,nearest,2025
LFEC,6,0,0,0,arrivals,0.0,0.0,nearest,2025
LIMZ,6,6,6,6,arrivals,1.0,1.0,nearest,2025
EFTP,6,5,5,5,arrivals,0.8333333333333334,0.8333333333333334,nearest,2025
ENLE,6,2,0,0,arrivals,0.0,0.0,nearest,2025
EFIV,6,6,0,4,arrivals,0.0,0.6666666666666666,nearest,2025
HEAL,6,6,3,53,arrivals,0.5,8.833333333333334,nearest,2025
ENNM,6,5,0,0,arrivals,0.0,0.0,nearest,2025
ESNK,6,0,0,2,arrivals,0.0,0.3333333333333333,nearest,2025
EDHL,6,6,6,6,arrivals,1.0,1.0,nearest,2025
ENSO,6,6,6,7,arrivals,1.0,1.1666666666666667,nearest,2025
EFJO,6,6,4,4,arrivals,0.6666666666666666,0.6666666666666666,nearest,2025
LWOH,6,6,1,35,arrivals,0.16666666666666666,5.833333333333333,nearest,2025
HEBA,6,6,6,125,arrivals,1.0,20.833333333333332,nearest,2025
ESSL,6,6,6,9,arrivals,1.0,1.5,nearest,2025
LGLE,6,6,0,0,arrivals,0.0,0.0,nearest,2025
ESKM,6,6,3,7,arrivals,0.5,1.1666666666666667,nearest,2025
ESNL,6,0,0,1,arrivals,0.0,0.16666666666666666,nearest,2025
ENRM,6,6,6,21,arrivals,1.0,3.5,nearest,2025
LTCU,6,4,0,0,arrivals,0.0,0.0,nearest,2025
EEKE,5,5,5,23,departures,1.0,4.6,nearest,2025
LTCM,5,5,0,2,departures,0.0,0.4,nearest,2025
LTCL,5,4,0,0,departures,0.0,0.0,nearest,2025
LGKY,5,5,0,0,departures,0.0,0.0,nearest,2025
ENHE,5,0,0,0,departures,0.0,0.0,nearest,2025
ENFB,5,5,0,0,departures,0.0,0.0,nearest,2025
LGKC,5,5,0,0,departures,0.0,0.0,nearest,2025
ENLE,5,2,0,0,departures,0.0,0.0,nearest,2025
LRTM,5,5,5,7,departures,1.0,1.4,nearest,2025
LGLE,5,5,0,0,departures,0.0,0.0,nearest,2025
EGEC,5,0,0,2,departures,0.0,0.4,nearest,2025
ESGT,5,2,2,3,departures,0.4,0.6,nearest,2025
EFKI,5,5,5,8,departures,1.0,1.6,nearest,2025
ORMM,5,5,5,5,departures,1.0,1.0,nearest,2025
ESNG,5,0,0,0,departures,0.0,0.0,nearest,2025
EFJY,5,5,5,5,departures,1.0,1.0,nearest,2025
EETU,5,5,4,4,departures,0.8,0.8,nearest,2025
EFKK,5,5,5,5,departures,1.0,1.0,nearest,2025
EDAH,5,3,3,6,departures,0.6,1.2,nearest,2025
ESNX,5,0,0,0,departures,0.0,0.0,nearest,2025
LFLB,5,5,5,6,departures,1.0,1.2,nearest,2025
LFEC,5,0,0,0,departures,0.0,0.0,nearest,2025
LWOH,5,5,2,38,departures,0.4,7.6,nearest,2025
LTAW,5,5,0,192,departures,0.0,38.4,nearest,2025
LIMZ,5,5,5,5,departures,1.0,1.0,nearest,2025
LFJL,5,4,4,4,departures,0.8,0.8,nearest,2025
ENRS,5,5,0,0,departures,0.0,0.0,nearest,2025
DAAS,5,5,0,2,departures,0.0,0.4,nearest,2025
EEKA,5,0,0,70,departures,0.0,14.0,nearest,2025
LFLI,5,5,0,0,departures,0.0,0.0,nearest,2025
ESDF,5,5,5,6,departures,1.0,1.2,nearest,2025
GMMZ,5,4,0,0,departures,0.0,0.0,nearest,2025
EPSY,5,5,3,10,arrivals,0.6,2.0,nearest,2025
URMG,5,5,0,0,arrivals,0.0,0.0,nearest,2025
ENDU,5,5,5,50,arrivals,1.0,10.0,nearest,2025
LTCM,5,5,0,16,arrivals,0.0,3.2,nearest,2025
LTCL,5,4,0,0,arrivals,0.0,0.0,nearest,2025
LFRG,5,5,5,9,arrivals,1.0,1.8,nearest,2025
EEKA,5,0,0,10,arrivals,0.0,2.0,nearest,2025
ENHE,5,0,0,0,arrivals,0.0,0.0,nearest,2025
LTAW,5,5,0,604,arrivals,0.0,120.8,nearest,2025
EGVN,5,2,2,2,arrivals,0.4,0.4,nearest,2025
LESA,5,5,5,7,arrivals,1.0,1.4,nearest,2025
LRTM,5,5,2,36,arrivals,0.4,7.2,nearest,2025
EDAH,5,3,3,12,arrivals,0.6,2.4,nearest,2025
LSZS,5,5,5,5,arrivals,1.0,1.0,nearest,2025
EFKI,5,5,5,8,arrivals,1.0,1.6,nearest,2025
HEMM,5,5,1,7,arrivals,0.2,1.4,nearest,2025
ORMM,5,5,1,7,arrivals,0.2,1.4,nearest,2025
EEKE,5,5,5,16,arrivals,1.0,3.2,nearest,2025
DAAS,5,5,1,3,arrivals,0.2,0.6,nearest,2025
LPPM,5,5,5,151,arrivals,1.0,30.2,nearest,2025
ESNG,5,0,0,0,arrivals,0.0,0.0,nearest,2025
GMMZ,5,5,0,0,arrivals,0.0,0.0,nearest,2025
UBBG,5,4,0,0,arrivals,0.0,0.0,nearest,2025
LFJL,5,5,5,5,arrivals,1.0,1.0,nearest,2025
ENOA,5,5,0,0,arrivals,0.0,0.0,nearest,2025
LPVZ,5,5,2,3,arrivals,0.4,0.6,nearest,2025
EGEC,5,0,0,7,arrivals,0.0,1.4,nearest,2025
ENRS,5,4,0,0,arrivals,0.0,0.0,nearest,2025
EKDF,5,5,0,0,arrivals,0.0,0.0,nearest,2025
LGKC,5,4,0,0,arrivals,0.0,0.0,nearest,2025
LGSO,4,4,0,0,departures,0.0,0.0,nearest,2025
LFPN,4,4,0,0,departures,0.0,0.0,nearest,2025
LFOZ,4,4,0,0,departures,0.0,0.0,nearest,2025
UWSG,4,2,1,2,departures,0.25,0.5,nearest,2025
EPRA,4,4,4,10,departures,1.0,2.5,nearest,2025
LZTT,4,4,4,10,departures,1.0,2.5,nearest,2025
ESMT,4,4,3,6,departures,0.75,1.5,nearest,2025
URWW,4,1,0,0,departures,0.0,0.0,nearest,2025
ENSR,4,0,0,108,departures,0.0,27.0,nearest,2025
ESOK,4,1,1,3,departures,0.25,0.75,nearest,2025
EDAZ,4,4,0,0,departures,0.0,0.0,nearest,2025
LFRT,4,4,3,3,departures,0.75,0.75,nearest,2025
LFLW,4,0,0,0,departures,0.0,0.0,nearest,2025
LFRD,4,4,4,4,departures,1.0,1.0,nearest,2025
LTFC,4,4,0,19,departures,0.0,4.75,nearest,2025
ENRO,4,4,4,4,departures,1.0,1.0,nearest,2025
LECU,4,3,3,3,departures,0.75,0.75,nearest,2025
ESOH,4,4,0,0,departures,0.0,0.0,nearest,2025
LSZA,4,4,4,4,departures,1.0,1.0,nearest,2025
LSGL,4,3,0,0,departures,0.0,0.0,nearest,2025
LESU,4,4,4,4,departures,1.0,1.0,nearest,2025
LGBL,4,4,4,5,departures,1.0,1.25,nearest,2025
LTAP,4,4,0,0,departures,0.0,0.0,nearest,2025
LJPZ,4,3,2,2,departures,0.5,0.5,nearest,2025
EDQG,4,4,0,0,departures,0.0,0.0,nearest,2025
ESNV,4,0,0,0,departures,0.0,0.0,nearest,2025
ENGC,4,4,0,0,departures,0.0,0.0,nearest,2025
EKDF,4,4,0,0,departures,0.0,0.0,nearest,2025
ESMQ,4,4,4,8,departures,1.0,2.0,nearest,2025
LESA,4,4,4,4,departures,1.0,1.0,nearest,2025
LFRH,4,4,4,4,departures,1.0,1.0,nearest,2025
EPZG,4,4,4,12,departures,1.0,3.0,nearest,2025
LKHK,4,4,0,0,departures,0.0,0.0,nearest,2025
LKCS,4,4,4,5,departures,1.0,1.25,nearest,2025
ESND,4,4,0,0,departures,0.0,0.0,nearest,2025
ESGJ,4,1,1,4,departures,0.25,1.0,nearest,2025
LGKS,4,0,0,0,departures,0.0,0.0,nearest,2025
LFCK,4,4,4,4,departures,1.0,1.0,nearest,2025
ESSP,4,4,4,4,departures,1.0,1.0,nearest,2025
EFKT,4,4,1,6,departures,0.25,1.5,nearest,2025
LEVD,4,4,4,4,departures,1.0,1.0,nearest,2025
ORKK,4,3,0,0,departures,0.0,0.0,nearest,2025
UWSG,4,4,1,1,arrivals,0.25,0.25,nearest,2025
LGPL,4,4,0,0,arrivals,0.0,0.0,nearest,2025
URMO,4,4,0,5,arrivals,0.0,1.25,nearest,2025
ENXO,4,1,0,0,arrivals,0.0,0.0,nearest,2025
LEVD,4,4,4,4,arrivals,1.0,1.0,nearest,2025
EHLL,4,4,0,0,arrivals,0.0,0.0,nearest,2025
LFLX,4,4,3,3,arrivals,0.75,0.75,nearest,2025
LKCS,4,4,4,7,arrivals,1.0,1.75,nearest,2025
ENQG,4,4,0,0,arrivals,0.0,0.0,nearest,2025
ESDF,4,4,4,38,arrivals,1.0,9.5,nearest,2025
LGKY,4,4,0,0,arrivals,0.0,0.0,nearest,2025
ENQS,4,4,0,0,arrivals,0.0,0.0,nearest,2025
ENGC,4,4,0,0,arrivals,0.0,0.0,nearest,2025
EDAZ,4,4,0,0,arrivals,0.0,0.0,nearest,2025
LTAS,4,4,4,540,arrivals,1.0,135.0,nearest,2025
ESGJ,4,1,1,1,arrivals,0.25,0.25,nearest,2025
LFCK,4,4,4,5,arrivals,1.0,1.25,nearest,2025
LGSO,4,4,0,0,arrivals,0.0,0.0,nearest,2025
EDRZ,4,4,0,0,arrivals,0.0,0.0,nearest,2025
LRBM,4,4,0,11,arrivals,0.0,2.75,nearest,2025
LZTT,4,4,4,6,arrivals,1.0,1.5,nearest,2025
ESOH,4,4,0,0,arrivals,0.0,0.0,nearest,2025
ENSR,4,0,0,113,arrivals,0.0,28.25,nearest,2025
ESOK,4,1,1,1,arrivals,0.25,0.25,nearest,2025
EGNO,4,4,4,5,arrivals,1.0,1.25,nearest,2025
LSGL,4,3,0,0,arrivals,0.0,0.0,nearest,2025
EFJY,4,4,4,4,arrivals,1.0,1.0,nearest,2025
LFRH,4,4,4,6,arrivals,1.0,1.5,nearest,2025
LTAP,4,4,0,0,arrivals,0.0,0.0,nearest,2025
LTFC,4,4,1,32,arrivals,0.25,8.0,nearest,2025
ESNX,4,0,0,0,arrivals,0.0,0.0,nearest,2025
EDQG,4,4,0,0,arrivals,0.0,0.0,nearest,2025
ESNV,4,0,0,0,arrivals,0.0,0.0,nearest,2025
ESND,4,4,0,0,arrivals,0.0,0.0,nearest,2025
LSZA,4,4,4,4,arrivals,1.0,1.0,nearest,2025
EETU,4,4,3,8,arrivals,0.75,2.0,nearest,2025
EFKK,4,4,4,4,arrivals,1.0,1.0,nearest,2025
LGKS,4,0,0,0,arrivals,0.0,0.0,nearest,2025
LKHK,4,4,0,0,arrivals,0.0,0.0,nearest,2025
ESSP,4,4,4,5,arrivals,1.0,1.25,nearest,2025
LDLO,4,2,0,0,arrivals,0.0,0.0,nearest,2025
LGBL,4,4,3,4,arrivals,0.75,1.0,nearest,2025
ESGT,4,1,1,1,arrivals,0.25,0.25,nearest,2025
EFKE,4,4,0,1,arrivals,0.0,0.25,nearest,2025
LZPP,4,4,4,4,arrivals,1.0,1.0,nearest,2025
EFKT,4,4,1,5,arrivals,0.25,1.25,nearest,2025
LFLW,4,0,0,0,arrivals,0.0,0.0,nearest,2025
BIBD,3,3,1,1,departures,0.3333333333333333,0.3333333333333333,nearest,2025
ENQO,3,3,0,0,departures,0.0,0.0,nearest,2025
EGLK,3,3,3,3,departures,1.0,1.0,nearest,2025
ENWS,3,0,0,0,departures,0.0,0.0,nearest,2025
LRBM,3,3,0,4,departures,0.0,1.3333333333333333,nearest,2025
EGMD,3,3,2,2,departures,0.6666666666666666,0.6666666666666666,nearest,2025
ETAR,3,3,3,3,departures,1.0,1.0,nearest,2025
ENXO,3,2,0,0,departures,0.0,0.0,nearest,2025
LELN,3,3,3,4,departures,1.0,1.3333333333333333,nearest,2025
LFLS,3,3,3,3,departures,1.0,1.0,nearest,2025
OJAM,3,3,0,7,departures,0.0,2.3333333333333335,nearest,2025
ENOC,3,3,0,0,departures,0.0,0.0,nearest,2025
LTBH,3,3,3,17,departures,1.0,5.666666666666667,nearest,2025
UDSG,3,0,0,16,departures,0.0,5.333333333333333,nearest,2025
ENWY,3,0,0,0,departures,0.0,0.0,nearest,2025
LTAL,3,3,0,0,departures,0.0,0.0,nearest,2025
EGNH,3,3,3,3,departures,1.0,1.0,nearest,2025
LGSY,3,3,0,0,departures,0.0,0.0,nearest,2025
URMG,3,3,0,0,departures,0.0,0.0,nearest,2025
EDGS,3,3,3,3,departures,1.0,1.0,nearest,2025
URMO,3,3,0,6,departures,0.0,2.0,nearest,2025
LPBJ,3,3,2,2,departures,0.6666666666666666,0.6666666666666666,nearest,2025
ENOL,3,1,1,1,departures,0.3333333333333333,0.3333333333333333,nearest,2025
ENSE,3,0,0,0,departures,0.0,0.0,nearest,2025
BIHN,3,3,0,0,departures,0.0,0.0,nearest,2025
GMMB,3,2,0,0,departures,0.0,0.0,nearest,2025
ESOW,3,3,3,4,departures,1.0,1.3333333333333333,nearest,2025
ESNO,3,1,1,7,departures,0.3333333333333333,2.3333333333333335,nearest,2025
LTAS,3,3,3,132,departures,1.0,44.0,nearest,2025
LFHP,3,3,0,0,departures,0.0,0.0,nearest,2025
LFBI,3,3,3,3,departures,1.0,1.0,nearest,2025
EDTM,3,3,3,3,departures,1.0,1.0,nearest,2025
LRCK,3,3,2,9,departures,0.6666666666666666,3.0,nearest,2025
DTTX,3,3,0,37,departures,0.0,12.333333333333334,nearest,2025
EFKS,3,3,0,2,departures,0.0,0.6666666666666666,nearest,2025
ENOA,3,3,0,0,departures,0.0,0.0,nearest,2025
ENSL,3,0,0,0,departures,0.0,0.0,nearest,2025
ENQA,3,3,0,0,departures,0.0,0.0,nearest,2025
LSZS,3,3,3,3,departures,1.0,1.0,nearest,2025
ESNN,3,3,3,3,departures,1.0,1.0,nearest,2025
LDLO,3,1,0,0,departures,0.0,0.0,nearest,2025
EGNO,3,3,3,3,departures,1.0,1.0,nearest,2025
ENWV,3,0,0,0,departures,0.0,0.0,nearest,2025
GMTA,3,3,3,3,departures,1.0,1.0,nearest,2025
EKHA,3,3,0,0,departures,0.0,0.0,nearest,2025
LSZC,3,3,0,0,departures,0.0,0.0,nearest,2025
OSDI,3,3,0,1,departures,0.0,0.3333333333333333,nearest,2025
ESUP,3,0,0,0,departures,0.0,0.0,nearest,2025
LFAT,3,2,2,2,departures,0.6666666666666666,0.6666666666666666,nearest,2025
BIBD,3,3,0,1,arrivals,0.0,0.3333333333333333,nearest,2025
ULAA,3,1,0,3,arrivals,0.0,1.0,nearest,2025
LFLU,3,3,3,4,arrivals,1.0,1.3333333333333333,nearest,2025
ENWS,3,0,0,0,arrivals,0.0,0.0,nearest,2025
LFMQ,3,3,3,3,arrivals,1.0,1.0,nearest,2025
OSDI,3,3,0,3,arrivals,0.0,1.0,nearest,2025
LELN,3,3,3,5,arrivals,1.0,1.6666666666666667,nearest,2025
ESUP,3,0,0,0,arrivals,0.0,0.0,nearest,2025
GMTA,3,3,3,3,arrivals,1.0,1.0,nearest,2025
EDTM,3,3,3,3,arrivals,1.0,1.0,nearest,2025
LECU,3,3,3,3,arrivals,1.0,1.0,nearest,2025
ESMT,3,3,2,7,arrivals,0.6666666666666666,2.3333333333333335,nearest,2025
ENOC,3,3,0,0,arrivals,0.0,0.0,nearest,2025
UDSG,3,0,0,24,arrivals,0.0,8.0,nearest,2025
ENWY,3,0,0,0,arrivals,0.0,0.0,nearest,2025
LFHP,3,3,0,0,arrivals,0.0,0.0,nearest,2025
EGNH,3,3,3,3,arrivals,1.0,1.0,nearest,2025
LFBI,3,3,2,3,arrivals,0.6666666666666666,1.0,nearest,2025
EPRA,3,3,3,7,arrivals,1.0,2.3333333333333335,nearest,2025
LFOH,3,3,0,0,arrivals,0.0,0.0,nearest,2025
OJAM,3,3,1,58,arrivals,0.3333333333333333,19.333333333333332,nearest,2025
DTTX,3,3,0,35,arrivals,0.0,11.666666666666666,nearest,2025
EFKS,3,3,0,1,arrivals,0.0,0.3333333333333333,nearest,2025
GMMB,3,2,0,0,arrivals,0.0,0.0,nearest,2025
ESOW,3,3,3,4,arrivals,1.0,1.3333333333333333,nearest,2025
LTAL,3,3,0,2,arrivals,0.0,0.6666666666666666,nearest,2025
EPZG,3,3,3,5,arrivals,1.0,1.6666666666666667,nearest,2025
LGSY,3,3,0,0,arrivals,0.0,0.0,nearest,2025
LFOZ,3,3,0,0,arrivals,0.0,0.0,nearest,2025
EHJA,3,3,0,0,arrivals,0.0,0.0,nearest,2025
ESUT,3,0,0,0,arrivals,0.0,0.0,nearest,2025
ENFB,3,3,0,0,arrivals,0.0,0.0,nearest,2025
LTBH,3,3,3,21,arrivals,1.0,7.0,nearest,2025
ENSL,3,0,0,0,arrivals,0.0,0.0,nearest,2025
ESNO,3,1,0,20,arrivals,0.0,6.666666666666667,nearest,2025
ENQA,3,3,0,0,arrivals,0.0,0.0,nearest,2025
LFRC,3,3,3,6,arrivals,1.0,2.0,nearest,2025
ENRO,3,3,3,3,arrivals,1.0,1.0,nearest,2025
EKHA,3,3,0,0,arrivals,0.0,0.0,nearest,2025
URWW,3,1,0,0,arrivals,0.0,0.0,nearest,2025
ESMQ,3,3,3,70,arrivals,1.0,23.333333333333332,nearest,2025
BIHN,3,3,0,9,arrivals,0.0,3.0,nearest,2025
EDGS,3,3,3,4,arrivals,1.0,1.3333333333333333,nearest,2025
ENWV,3,0,0,0,arrivals,0.0,0.0,nearest,2025
LFLS,3,3,3,3,arrivals,1.0,1.0,nearest,2025
EHFB,3,3,0,0,arrivals,0.0,0.0,nearest,2025
LFRD,3,3,3,3,arrivals,1.0,1.0,nearest,2025
ENQV,2,0,0,0,departures,0.0,0.0,nearest,2025
EHKJ,2,2,0,0,departures,0.0,0.0,nearest,2025
EGBJ,2,2,2,2,departures,1.0,1.0,nearest,2025
LSGK,2,2,0,0,departures,0.0,0.0,nearest,2025
EGPC,2,0,0,43,departures,0.0,21.5,nearest,2025
LSGC,2,2,2,2,departures,1.0,1.0,nearest,2025
ENQS,2,2,0,0,departures,0.0,0.0,nearest,2025
ENXW,2,1,0,0,departures,0.0,0.0,nearest,2025
LTBY,2,2,1,11,departures,0.5,5.5,nearest,2025
ENWA,2,2,0,0,departures,0.0,0.0,nearest,2025
LEGT,2,2,2,2,departures,1.0,1.0,nearest,2025
LDRG,2,1,0,0,departures,0.0,0.0,nearest,2025
GMMD,2,2,1,49,departures,0.5,24.5,nearest,2025
LFRV,2,2,2,2,departures,1.0,1.0,nearest,2025
LJMB,2,2,1,2,departures,0.5,1.0,nearest,2025
EHPK,2,2,0,0,departures,0.0,0.0,nearest,2025
LFLU,2,2,2,2,departures,1.0,1.0,nearest,2025
LTAG,2,2,0,0,departures,0.0,0.0,nearest,2025
LFRC,2,2,2,2,departures,1.0,1.0,nearest,2025
EGFE,2,2,2,2,departures,1.0,1.0,nearest,2025
ENQC,2,2,0,0,departures,0.0,0.0,nearest,2025
LFOK,2,2,2,2,departures,1.0,1.0,nearest,2025
EGVN,2,2,2,2,departures,1.0,1.0,nearest,2025
EDXQ,2,2,0,0,departures,0.0,0.0,nearest,2025
LFPT,2,2,2,3,departures,1.0,1.5,nearest,2025
OENN,2,2,0,0,departures,0.0,0.0,nearest,2025
ENUA,2,0,0,0,departures,0.0,0.0,nearest,2025
LFQG,2,2,1,1,departures,0.5,0.5,nearest,2025
LFMQ,2,2,2,2,departures,1.0,1.0,nearest,2025
EHLL,2,2,0,0,departures,0.0,0.0,nearest,2025
ENNE,2,0,0,0,departures,0.0,0.0,nearest,2025
ORNI,2,1,0,0,departures,0.0,0.0,nearest,2025
LEAB,2,2,2,2,departures,1.0,1.0,nearest,2025
LFGA,2,1,1,5,departures,0.5,2.5,nearest,2025
EGNL,2,2,2,3,departures,1.0,1.5,nearest,2025
LTBZ,2,2,0,0,departures,0.0,0.0,nearest,2025
BIVO,2,0,0,0,departures,0.0,0.0,nearest,2025
LSTS,2,2,0,0,departures,0.0,0.0,nearest,2025
GMAT,2,2,0,0,departures,0.0,0.0,nearest,2025
BITN,2,0,0,0,departures,0.0,0.0,nearest,2025
LFLX,2,2,2,2,departures,1.0,1.0,nearest,2025
DAUB,2,2,0,0,departures,0.0,0.0,nearest,2025
LKKV,2,2,2,2,departures,1.0,1.0,nearest,2025
LFAC,2,2,2,3,departures,1.0,1.5,nearest,2025
ENQE,2,2,0,0,departures,0.0,0.0,nearest,2025
ENQJ,2,1,0,0,departures,0.0,0.0,nearest,2025
LTBU,2,2,2,4,departures,1.0,2.0,nearest,2025
ESUT,2,0,0,0,departures,0.0,0.0,nearest,2025
EHGQ,2,2,0,0,departures,0.0,0.0,nearest,2025
LFOH,2,2,0,0,departures,0.0,0.0,nearest,2025
LGKJ,2,0,0,0,departures,0.0,0.0,nearest,2025
ENQD,2,2,0,0,departures,0.0,0.0,nearest,2025
LGPL,2,2,0,0,departures,0.0,0.0,nearest,2025
LEDA,2,1,1,1,departures,0.5,0.5,nearest,2025
ETND,2,2,2,2,departures,1.0,1.0,nearest,2025
DAOI,2,2,2,2,departures,1.0,1.0,nearest,2025
LIBG,2,2,0,0,departures,0.0,0.0,nearest,2025
EHFB,2,2,0,0,departures,0.0,0.0,nearest,2025
LRSM,2,2,2,10,departures,1.0,5.0,nearest,2025
ULAA,2,0,0,0,departures,0.0,0.0,nearest,2025
ENGA,2,2,0,0,departures,0.0,0.0,nearest,2025
LZPP,2,2,2,3,departures,1.0,1.5,nearest,2025
ESST,2,2,2,5,departures,1.0,2.5,nearest,2025
EIWF,2,2,1,1,departures,0.5,0.5,nearest,2025
HLMS,2,1,0,0,departures,0.0,0.0,nearest,2025
ENQO,2,2,0,0,arrivals,0.0,0.0,nearest,2025
EGLK,2,2,2,2,arrivals,1.0,1.0,nearest,2025
LTAG,2,2,0,0,arrivals,0.0,0.0,nearest,2025
LTBU,2,2,1,31,arrivals,0.5,15.5,nearest,2025
ENQV,2,0,0,0,arrivals,0.0,0.0,nearest,2025
LSGK,2,2,0,0,arrivals,0.0,0.0,nearest,2025
EDMS,2,2,0,0,arrivals,0.0,0.0,nearest,2025
ENWE,2,1,0,0,arrivals,0.0,0.0,nearest,2025
ORNI,2,2,0,1,arrivals,0.0,0.5,nearest,2025
DAOI,2,2,2,5,arrivals,1.0,2.5,nearest,2025
ENXW,2,1,0,0,arrivals,0.0,0.0,nearest,2025
LEAB,2,2,2,3,arrivals,1.0,1.5,nearest,2025
ENWA,2,2,0,0,arrivals,0.0,0.0,nearest,2025
LKKV,2,2,1,1,arrivals,0.5,0.5,nearest,2025
LEGT,2,2,2,2,arrivals,1.0,1.0,nearest,2025
EBMB,2,2,0,0,arrivals,0.0,0.0,nearest,2025
LJMB,2,2,1,3,arrivals,0.5,1.5,nearest,2025
EGMD,2,2,2,3,arrivals,1.0,1.5,nearest,2025
LSGC,2,2,2,2,arrivals,1.0,1.0,nearest,2025
DAUB,2,2,0,0,arrivals,0.0,0.0,nearest,2025
EHKV,2,2,0,0,arrivals,0.0,0.0,nearest,2025
LFPT,2,2,2,2,arrivals,1.0,1.0,nearest,2025
EHPG,2,2,0,0,arrivals,0.0,0.0,nearest,2025
EKHB,2,2,0,0,arrivals,0.0,0.0,nearest,2025
ESST,2,2,2,5,arrivals,1.0,2.5,nearest,2025
ENQR,2,0,0,0,arrivals,0.0,0.0,nearest,2025
DTTZ,2,2,0,0,arrivals,0.0,0.0,nearest,2025
LFQG,2,2,1,2,arrivals,0.5,1.0,nearest,2025
LTBZ,2,2,0,0,arrivals,0.0,0.0,nearest,2025
LFOK,2,1,1,5,arrivals,0.5,2.5,nearest,2025
ESNN,2,2,2,2,arrivals,1.0,1.0,nearest,2025
ENNE,2,0,0,0,arrivals,0.0,0.0,nearest,2025
LEDA,2,1,1,14,arrivals,0.5,7.0,nearest,2025
ETND,2,2,2,2,arrivals,1.0,1.0,nearest,2025
ENSE,2,0,0,0,arrivals,0.0,0.0,nearest,2025
LFRT,2,2,1,1,arrivals,0.5,0.5,nearest,2025
EDLN,2,2,1,1,arrivals,0.5,0.5,nearest,2025
GMMD,2,2,0,57,arrivals,0.0,28.5,nearest,2025
EGNL,2,2,2,3,arrivals,1.0,1.5,nearest,2025
LFRV,2,2,2,2,arrivals,1.0,1.0,nearest,2025
EHJR,2,2,0,0,arrivals,0.0,0.0,nearest,2025
BIVO,2,0,0,0,arrivals,0.0,0.0,nearest,2025
OJAQ,2,2,0,123,arrivals,0.0,61.5,nearest,2025
GMAT,2,2,0,0,arrivals,0.0,0.0,nearest,2025
BITN,2,0,0,0,arrivals,0.0,0.0,nearest,2025
LFSN,2,2,1,2,arrivals,0.5,1.0,nearest,2025
LFJR,2,2,2,4,arrivals,1.0,2.0,nearest,2025
LRCK,2,2,1,84,arrivals,0.5,42.0,nearest,2025
LOAN,2,2,2,3,arrivals,1.0,1.5,nearest,2025
ENUA,2,0,0,0,arrivals,0.0,0.0,nearest,2025
ENUD,2,0,0,0,arrivals,0.0,0.0,nearest,2025
ENQJ,2,1,0,0,arrivals,0.0,0.0,nearest,2025
HLMS,2,2,0,0,arrivals,0.0,0.0,nearest,2025
EHKJ,2,2,0,0,arrivals,0.0,0.0,nearest,2025
LTBY,2,2,2,5,arrivals,1.0,2.5,nearest,2025
OENN,2,2,0,0,arrivals,0.0,0.0,nearest,2025
LESU,2,2,2,2,arrivals,1.0,1.0,nearest,2025
ENQE,2,2,0,0,arrivals,0.0,0.0,nearest,2025
ORKK,2,1,0,0,arrivals,0.0,0.0,nearest,2025
ENQD,2,2,0,0,arrivals,0.0,0.0,nearest,2025
EGBJ,2,2,2,4,arrivals,1.0,2.0,nearest,2025
EGPC,2,0,0,36,arrivals,0.0,18.0,nearest,2025
EDFZ,2,2,2,2,arrivals,1.0,1.0,nearest,2025
LIBG,2,2,0,0,arrivals,0.0,0.0,nearest,2025
LFAC,2,2,2,2,arrivals,1.0,1.0,nearest,2025
LFAT,2,2,1,2,arrivals,0.5,1.0,nearest,2025
ENRK,1,1,0,0,departures,0.0,0.0,nearest,2025
ULPB,1,0,0,2,departures,0.0,2.0,nearest,2025
EYSA,1,1,1,2,departures,1.0,2.0,nearest,2025
EDMS,1,1,0,0,departures,0.0,0.0,nearest,2025
ENWE,1,1,0,0,departures,0.0,0.0,nearest,2025
ENQG,1,1,0,0,departures,0.0,0.0,nearest,2025
UMII,1,1,0,1,departures,0.0,1.0,nearest,2025
LOIH,1,1,0,0,departures,0.0,0.0,nearest,2025
ENQK,1,1,0,0,departures,0.0,0.0,nearest,2025
LFAQ,1,1,0,0,departures,0.0,0.0,nearest,2025
LFRO,1,1,1,1,departures,1.0,1.0,nearest,2025
LFRI,1,1,1,2,departures,1.0,2.0,nearest,2025
LKKU,1,1,1,1,departures,1.0,1.0,nearest,2025
LFCI,1,1,1,1,departures,1.0,1.0,nearest,2025
EIWT,1,1,0,0,departures,0.0,0.0,nearest,2025
EGHL,1,1,1,1,departures,1.0,1.0,nearest,2025
DTTZ,1,1,0,0,departures,0.0,0.0,nearest,2025
EFLP,1,1,0,0,departures,0.0,0.0,nearest,2025
EBCV,1,1,1,1,departures,1.0,1.0,nearest,2025
ENSF,1,1,0,0,departures,0.0,0.0,nearest,2025
UGSA,1,0,0,0,departures,0.0,0.0,nearest,2025
EDQM,1,1,1,2,departures,1.0,2.0,nearest,2025
URWA,1,0,0,0,departures,0.0,0.0,nearest,2025
EHKV,1,1,0,0,departures,0.0,0.0,nearest,2025
LFLA,1,1,1,1,departures,1.0,1.0,nearest,2025
LFGF,1,1,0,0,departures,0.0,0.0,nearest,2025
ULMM,1,1,0,0,departures,0.0,0.0,nearest,2025
EKGC,1,1,0,0,departures,0.0,0.0,nearest,2025
ENWK,1,0,0,0,departures,0.0,0.0,nearest,2025
USKK,1,0,0,20,departures,0.0,20.0,nearest,2025
UWPS,1,1,0,0,departures,0.0,0.0,nearest,2025
EGEO,1,1,0,0,departures,0.0,0.0,nearest,2025
EHPG,1,1,0,0,departures,0.0,0.0,nearest,2025
EGUB,1,1,1,1,departures,1.0,1.0,nearest,2025
ENLA,1,1,0,0,departures,0.0,0.0,nearest,2025
LFBF,1,1,0,0,departures,0.0,0.0,nearest,2025
LKRO,1,1,0,0,departures,0.0,0.0,nearest,2025
EHTW,1,1,1,1,departures,1.0,1.0,nearest,2025
DABT,1,1,0,0,departures,0.0,0.0,nearest,2025
LGTG,1,1,1,1,departures,1.0,1.0,nearest,2025
LFLH,1,1,0,0,departures,0.0,0.0,nearest,2025
EHKS,1,1,0,0,departures,0.0,0.0,nearest,2025
ESMK,1,1,1,1,departures,1.0,1.0,nearest,2025
EDWF,1,1,0,0,departures,0.0,0.0,nearest,2025
ULWC,1,0,0,0,departures,0.0,0.0,nearest,2025
EHJC,1,1,0,0,departures,0.0,0.0,nearest,2025
ENWI,1,0,0,0,departures,0.0,0.0,nearest,2025
EGSC,1,1,1,1,departures,1.0,1.0,nearest,2025
ENDR,1,0,0,0,departures,0.0,0.0,nearest,2025
LFCH,1,1,1,1,departures,1.0,1.0,nearest,2025
DAUH,1,0,0,0,departures,0.0,0.0,nearest,2025
EDRZ,1,1,0,0,departures,0.0,0.0,nearest,2025
EBSP,1,1,0,0,departures,0.0,0.0,nearest,2025
LKMH,1,1,0,0,departures,0.0,0.0,nearest,2025
EHJR,1,1,0,0,departures,0.0,0.0,nearest,2025
LEBA,1,1,1,1,departures,1.0,1.0,nearest,2025
LFJR,1,1,1,1,departures,1.0,1.0,nearest,2025
EDBC,1,1,0,0,departures,0.0,0.0,nearest,2025
EDFZ,1,1,1,3,departures,1.0,3.0,nearest,2025
ENQM,1,1,0,0,departures,0.0,0.0,nearest,2025
UBBF,1,0,0,0,departures,0.0,0.0,nearest,2025
EKSI,1,1,0,0,departures,0.0,0.0,nearest,2025
LGKA,1,1,0,0,departures,0.0,0.0,nearest,2025
EPCD,1,1,0,0,departures,0.0,0.0,nearest,2025
BIGJ,1,1,0,0,departures,0.0,0.0,nearest,2025
UBBL,1,1,0,0,departures,0.0,0.0,nearest,2025
ENUD,1,0,0,0,departures,0.0,0.0,nearest,2025
EPPW,1,0,0,0,departures,0.0,0.0,nearest,2025
EPBC,1,0,0,0,departures,0.0,0.0,nearest,2025
EPWK,1,0,0,0,departures,0.0,0.0,nearest,2025
ENQL,1,1,0,0,departures,0.0,0.0,nearest,2025
LYKV,1,1,0,36,departures,0.0,36.0,nearest,2025
LIMG,1,1,1,1,departures,1.0,1.0,nearest,2025
EDBM,1,1,0,0,departures,0.0,0.0,nearest,2025
LRAR,1,1,1,10,departures,1.0,10.0,nearest,2025
EDFE,1,1,0,0,departures,0.0,0.0,nearest,2025
LKPM,1,1,0,0,departures,0.0,0.0,nearest,2025
LFSG,1,1,1,1,departures,1.0,1.0,nearest,2025
ENBE,1,0,0,0,departures,0.0,0.0,nearest,2025
DAAV,1,1,1,39,departures,1.0,39.0,nearest,2025
EDTF,1,1,0,0,departures,0.0,0.0,nearest,2025
EKHB,1,1,0,0,departures,0.0,0.0,nearest,2025
ENUN,1,0,0,0,departures,0.0,0.0,nearest,2025
LFMH,1,1,1,4,departures,1.0,4.0,nearest,2025
GMAZ,1,1,0,0,departures,0.0,0.0,nearest,2025
LOLW,1,1,0,0,departures,0.0,0.0,nearest,2025
LKJI,1,1,0,0,departures,0.0,0.0,nearest,2025
EHAK,1,1,0,0,departures,0.0,0.0,nearest,2025
OJAQ,1,1,0,10,departures,0.0,10.0,nearest,2025
ENRY,1,1,1,3,departures,1.0,3.0,nearest,2025
EHFD,1,1,0,0,departures,0.0,0.0,nearest,2025
EHQM,1,1,0,0,departures,0.0,0.0,nearest,2025
DAUG,1,1,0,0,departures,0.0,0.0,nearest,2025
ENQR,1,0,0,0,departures,0.0,0.0,nearest,2025
LFOP,1,1,1,1,departures,1.0,1.0,nearest,2025
ENUE,1,0,0,0,departures,0.0,0.0,nearest,2025
EKTE,1,1,0,0,departures,0.0,0.0,nearest,2025
ENUS,1,0,0,0,departures,0.0,0.0,nearest,2025
LPEV,1,1,1,1,departures,1.0,1.0,nearest,2025
LFBA,1,1,1,1,departures,1.0,1.0,nearest,2025
OIGG,1,0,0,0,departures,0.0,0.0,nearest,2025
LIRJ,1,0,0,0,departures,0.0,0.0,nearest,2025
LCRA,1,1,1,4,departures,1.0,4.0,nearest,2025
UUBI,1,1,0,0,departures,0.0,0.0,nearest,2025
EGBK,1,1,0,0,departures,0.0,0.0,nearest,2025
EHGN,1,1,0,0,departures,0.0,0.0,nearest,2025
LSZG,1,1,1,2,departures,1.0,2.0,nearest,2025
EDTD,1,1,1,1,departures,1.0,1.0,nearest,2025
LFLO,1,1,1,2,departures,1.0,2.0,nearest,2025
LFHS,1,1,0,0,departures,0.0,0.0,nearest,2025
EDMV,1,1,0,0,departures,0.0,0.0,nearest,2025
EDAY,1,1,0,0,departures,0.0,0.0,nearest,2025
EGOV,1,1,1,1,departures,1.0,1.0,nearest,2025
LFLD,1,1,1,1,departures,1.0,1.0,nearest,2025
ENQB,1,1,0,0,departures,0.0,0.0,nearest,2025
UUBC,1,0,0,2,departures,0.0,2.0,nearest,2025
EHLE,1,1,1,1,departures,1.0,1.0,nearest,2025
ENUK,1,0,0,0,departures,0.0,0.0,nearest,2025
EBMB,1,1,0,0,departures,0.0,0.0,nearest,2025
LGKZ,1,1,1,4,departures,1.0,4.0,nearest,2025
LHPR,1,1,1,4,departures,1.0,4.0,nearest,2025
ENRK,1,1,0,0,arrivals,0.0,0.0,nearest,2025
ULPB,1,0,0,11,arrivals,0.0,11.0,nearest,2025
LEBA,1,1,1,1,arrivals,1.0,1.0,nearest,2025
LFLD,1,1,0,1,arrivals,0.0,1.0,nearest,2025
UMII,1,1,0,0,arrivals,0.0,0.0,nearest,2025
OIGG,1,0,0,0,arrivals,0.0,0.0,nearest,2025
LFRO,1,1,1,1,arrivals,1.0,1.0,nearest,2025
EGTF,1,1,0,0,arrivals,0.0,0.0,nearest,2025
USKK,1,0,0,10,arrivals,0.0,10.0,nearest,2025
UWPS,1,1,0,2,arrivals,0.0,2.0,nearest,2025
EKAR,1,1,0,0,arrivals,0.0,0.0,nearest,2025
UUBI,1,1,0,1,arrivals,0.0,1.0,nearest,2025
LKRO,1,1,0,0,arrivals,0.0,0.0,nearest,2025
EHKE,1,1,0,0,arrivals,0.0,0.0,nearest,2025
DAUH,1,0,0,0,arrivals,0.0,0.0,nearest,2025
EBCV,1,1,1,2,arrivals,1.0,2.0,nearest,2025
EHFT,1,1,0,0,arrivals,0.0,0.0,nearest,2025
LIMG,1,1,1,2,arrivals,1.0,2.0,nearest,2025
EDBM,1,1,0,0,arrivals,0.0,0.0,nearest,2025
URWA,1,1,0,0,arrivals,0.0,0.0,nearest,2025
EDBC,1,1,0,0,arrivals,0.0,0.0,nearest,2025
LFLA,1,1,0,0,arrivals,0.0,0.0,nearest,2025
ENQB,1,1,0,0,arrivals,0.0,0.0,nearest,2025
LIRJ,1,0,0,4,arrivals,0.0,4.0,nearest,2025
LFAQ,1,1,0,0,arrivals,0.0,0.0,nearest,2025
ENWK,1,0,0,0,arrivals,0.0,0.0,nearest,2025
LSZC,1,1,0,0,arrivals,0.0,0.0,nearest,2025
UUBC,1,0,0,4,arrivals,0.0,4.0,nearest,2025
LFGA,1,1,1,2,arrivals,1.0,2.0,nearest,2025
EGUB,1,1,1,1,arrivals,1.0,1.0,nearest,2025
ENLA,1,1,0,0,arrivals,0.0,0.0,nearest,2025
LHPR,1,1,1,4,arrivals,1.0,4.0,nearest,2025
EGWC,1,1,1,1,arrivals,1.0,1.0,nearest,2025
UGSA,1,0,0,0,arrivals,0.0,0.0,nearest,2025
EHDV,1,1,0,0,arrivals,0.0,0.0,nearest,2025
LPEV,1,1,1,1,arrivals,1.0,1.0,nearest,2025
UBBF,1,0,0,0,arrivals,0.0,0.0,nearest,2025
LFTF,1,1,0,0,arrivals,0.0,0.0,nearest,2025
ULWC,1,0,0,0,arrivals,0.0,0.0,nearest,2025
DAAV,1,1,1,54,arrivals,1.0,54.0,nearest,2025
EDGE,1,1,1,3,arrivals,1.0,3.0,nearest,2025
LFCI,1,1,1,1,arrivals,1.0,1.0,nearest,2025
EIWT,1,1,0,0,arrivals,0.0,0.0,nearest,2025
LRSM,1,1,0,23,arrivals,0.0,23.0,nearest,2025
EGSC,1,1,1,1,arrivals,1.0,1.0,nearest,2025
ENDR,1,0,0,0,arrivals,0.0,0.0,nearest,2025
UBBL,1,1,0,0,arrivals,0.0,0.0,nearest,2025
LPVR,1,1,1,6,arrivals,1.0,6.0,nearest,2025
LIQS,1,1,0,0,arrivals,0.0,0.0,nearest,2025
LKMH,1,1,0,0,arrivals,0.0,0.0,nearest,2025
EGFE,1,1,1,2,arrivals,1.0,2.0,nearest,2025
LSTS,1,1,0,0,arrivals,0.0,0.0,nearest,2025
EDLE,1,1,0,0,arrivals,0.0,0.0,nearest,2025
EGBP,1,1,0,0,arrivals,0.0,0.0,nearest,2025
EHLI,1,1,0,0,arrivals,0.0,0.0,nearest,2025
LDRG,1,1,0,0,arrivals,0.0,0.0,nearest,2025
LGKZ,1,1,1,13,arrivals,1.0,13.0,nearest,2025
EPPW,1,0,0,26,arrivals,0.0,26.0,nearest,2025
EHPK,1,1,0,0,arrivals,0.0,0.0,nearest,2025
EPWK,1,0,0,0,arrivals,0.0,0.0,nearest,2025
EHTW,1,1,1,1,arrivals,1.0,1.0,nearest,2025
EPNT,1,0,0,0,arrivals,0.0,0.0,nearest,2025
LIMW,1,1,1,2,arrivals,1.0,2.0,nearest,2025
LYKV,1,1,0,73,arrivals,0.0,73.0,nearest,2025
ENQM,1,1,0,0,arrivals,0.0,0.0,nearest,2025
EDFE,1,1,0,0,arrivals,0.0,0.0,nearest,2025
LFSG,1,1,1,3,arrivals,1.0,3.0,nearest,2025
EHFD,1,1,0,0,arrivals,0.0,0.0,nearest,2025
EDXQ,1,1,0,0,arrivals,0.0,0.0,nearest,2025
EDTF,1,1,0,0,arrivals,0.0,0.0,nearest,2025
ENUN,1,0,0,0,arrivals,0.0,0.0,nearest,2025
LFMH,1,1,1,2,arrivals,1.0,2.0,nearest,2025
LFPN,1,1,0,0,arrivals,0.0,0.0,nearest,2025
GMAZ,1,1,0,0,arrivals,0.0,0.0,nearest,2025
LOLW,1,1,0,0,arrivals,0.0,0.0,nearest,2025
ENQC,1,1,0,0,arrivals,0.0,0.0,nearest,2025
EDAQ,1,1,0,0,arrivals,0.0,0.0,nearest,2025
ULMM,1,0,0,0,arrivals,0.0,0.0,nearest,2025
EDBR,1,1,1,1,arrivals,1.0,1.0,nearest,2025
EHFR,1,1,0,0,arrivals,0.0,0.0,nearest,2025
LFOP,1,1,1,1,arrivals,1.0,1.0,nearest,2025
ENSF,1,1,0,0,arrivals,0.0,0.0,nearest,2025
EDQM,1,1,1,1,arrivals,1.0,1.0,nearest,2025
DABT,1,1,0,0,arrivals,0.0,0.0,nearest,2025
ENUS,1,0,0,0,arrivals,0.0,0.0,nearest,2025
ENGA,1,1,0,0,arrivals,0.0,0.0,nearest,2025
LFLH,1,1,0,0,arrivals,0.0,0.0,nearest,2025
LFBA,1,1,1,1,arrivals,1.0,1.0,nearest,2025
LFRI,1,1,0,1,arrivals,0.0,1.0,nearest,2025
LGKA,1,1,0,0,arrivals,0.0,0.0,nearest,2025
EGBK,1,1,0,0,arrivals,0.0,0.0,nearest,2025
BIGJ,1,1,0,0,arrivals,0.0,0.0,nearest,2025
EDTD,1,1,1,2,arrivals,1.0,2.0,nearest,2025
EHGQ,1,1,0,0,arrivals,0.0,0.0,nearest,2025
EDMV,1,1,0,0,arrivals,0.0,0.0,nearest,2025
EGOV,1,1,1,5,arrivals,1.0,5.0,nearest,2025
LRAR,1,1,0,26,arrivals,0.0,26.0,nearest,2025
EIWF,1,1,1,1,arrivals,1.0,1.0,nearest,2025
LJPZ,1,1,1,3,arrivals,1.0,3.0,nearest,2025
EHLE,1,1,1,1,arrivals,1.0,1.0,nearest,2025
ENUK,1,0,0,0,arrivals,0.0,0.0,nearest,2025
LFLO,1,1,0,0,arrivals,0.0,0.0,nearest,2025
EFLP,1,1,0,0,arrivals,0.0,0.0,nearest,2025
OOA,7964,18,0,0,arrivals,0.0,0.0,shipped,2025
OOA,7892,920,628,704,departures,0.07957425240750127,0.08920425747592499,shipped,2025
LTFM,2282,2173,2166,2174,departures,0.9491673970201577,0.9526730937773883,shipped,2025
LTFM,2258,1821,1777,1777,arrivals,0.7869796279893712,0.7869796279893712,shipped,2025
EHAM,2148,2143,2143,2158,departures,0.9976722532588455,1.004655493482309,shipped,2025
EHAM,2136,1876,1875,1877,arrivals,0.8778089887640449,0.8787453183520599,shipped,2025
EDDF,2094,2080,2080,2082,departures,0.9933142311365807,0.994269340974212,shipped,2025
EDDF,2091,1775,1769,1770,arrivals,0.8460066953610712,0.8464849354375896,shipped,2025
LFPG,2084,2065,2061,2071,departures,0.9889635316698656,0.9937619961612284,shipped,2025
LFPG,2066,1715,1713,1715,arrivals,0.8291384317521782,0.8301064859632139,shipped,2025
EGLL,2001,1989,1988,2024,departures,0.993503248375812,1.0114942528735633,shipped,2025
EGLL,1986,1582,1580,1693,arrivals,0.7955689828801611,0.8524672708962739,shipped,2025
LEMD,1786,1536,1534,1540,arrivals,0.858902575587906,0.8622620380739082,shipped,2025
LEMD,1773,1758,1757,1757,departures,0.990975747320925,0.990975747320925,shipped,2025
LEBL,1597,1497,1493,1494,arrivals,0.9348778960551033,0.9355040701314965,shipped,2025
LEBL,1591,1578,1577,1577,departures,0.9912005028284098,0.9912005028284098,shipped,2025
EDDM,1573,1561,1561,1564,departures,0.9923712650985378,0.9942784488239034,shipped,2025
EDDM,1571,1468,1463,1466,arrivals,0.9312539783577339,0.9331635900700191,shipped,2025
LIRF,1449,1442,1442,1442,departures,0.9951690821256038,0.9951690821256038,shipped,2025
LTAI,1437,855,855,858,arrivals,0.5949895615866388,0.5970772442588727,shipped,2025
LEPA,1436,1414,1413,1416,arrivals,0.983983286908078,0.9860724233983287,shipped,2025
LTAI,1435,1229,1228,1234,departures,0.8557491289198607,0.8599303135888502,shipped,2025
LIRF,1433,1256,1255,1256,arrivals,0.875785066294487,0.8764829030006979,shipped,2025
LEPA,1417,1360,1360,1361,departures,0.9597741707833451,0.9604798870853917,shipped,2025
LGAV,1317,694,692,694,arrivals,0.5254365983295368,0.5269552012148823,shipped,2025
LGAV,1306,1238,1238,1248,departures,0.9479326186830015,0.9555895865237366,shipped,2025
EGKK,1223,1213,1213,1215,departures,0.9918233851185609,0.9934587080948487,shipped,2025
EGKK,1220,1103,1103,1103,arrivals,0.9040983606557377,0.9040983606557377,shipped,2025
EIDW,1188,1084,1082,1084,arrivals,0.9107744107744108,0.9124579124579124,shipped,2025
EIDW,1185,1164,1163,1163,departures,0.9814345991561182,0.9814345991561182,shipped,2025
LSZH,1178,1170,1163,1166,departures,0.9872665534804754,0.9898132427843803,shipped,2025
LSZH,1160,1053,1049,1056,arrivals,0.9043103448275862,0.9103448275862069,shipped,2025
LOWW,1156,1137,1136,1144,departures,0.9826989619377162,0.9896193771626297,shipped,2025
EKCH,1152,1046,1045,1045,arrivals,0.9071180555555556,0.9071180555555556,shipped,2025
LOWW,1145,1045,1042,1044,arrivals,0.9100436681222708,0.9117903930131004,shipped,2025
EKCH,1140,1132,1132,1135,departures,0.9929824561403509,0.9956140350877193,shipped,2025
LTFJ,1138,989,985,994,arrivals,0.8655536028119508,0.8734622144112478,shipped,2025
LTFJ,1137,1092,1091,1105,departures,0.9595426561125769,0.9718557607739666,shipped,2025
LPPT,1010,1001,1001,1001,departures,0.9910891089108911,0.9910891089108911,shipped,2025
LPPT,1001,881,881,881,arrivals,0.8801198801198801,0.8801198801198801,shipped,2025
LFPO,992,982,982,989,departures,0.9899193548387096,0.9969758064516129,shipped,2025
LFPO,991,941,941,943,arrivals,0.9495459132189707,0.9515640766902119,shipped,2025
LIMC,973,964,963,964,departures,0.9897225077081192,0.9907502569373073,shipped,2025
LIMC,967,856,851,851,arrivals,0.8800413650465356,0.8800413650465356,shipped,2025
ENGM,940,890,889,895,arrivals,0.9457446808510638,0.9521276595744681,shipped,2025
ENGM,932,919,919,924,departures,0.9860515021459227,0.9914163090128756,shipped,2025
EGCC,926,906,905,905,departures,0.9773218142548596,0.9773218142548596,shipped,2025
EGCC,924,819,818,818,arrivals,0.8852813852813853,0.8852813852813853,shipped,2025
EGSS,888,832,831,833,arrivals,0.9358108108108109,0.9380630630630631,shipped,2025
EGSS,885,880,880,880,departures,0.9943502824858758,0.9943502824858758,shipped,2025
EPWA,880,754,751,751,arrivals,0.8534090909090909,0.8534090909090909,shipped,2025
EPWA,875,869,868,872,departures,0.992,0.9965714285714286,shipped,2025
EBBR,872,866,866,877,departures,0.9931192660550459,1.0057339449541285,shipped,2025
EBBR,871,767,767,775,arrivals,0.8805970149253731,0.8897818599311137,shipped,2025
EDDB,870,852,850,864,departures,0.9770114942528736,0.993103448275862,shipped,2025
LEMG,861,834,834,834,arrivals,0.9686411149825784,0.9686411149825784,shipped,2025
LEMG,850,846,846,848,departures,0.9952941176470588,0.9976470588235294,shipped,2025
ESSA,841,727,721,726,arrivals,0.8573127229488704,0.8632580261593341,shipped,2025
EDDB,840,789,788,796,arrivals,0.9380952380952381,0.9476190476190476,shipped,2025
ESSA,820,771,767,771,departures,0.9353658536585366,0.9402439024390243,shipped,2025
EDDL,758,747,745,750,departures,0.9828496042216359,0.9894459102902374,shipped,2025
EDDL,751,717,715,719,arrivals,0.952063914780293,0.9573901464713716,shipped,2025
LFMN,710,684,677,738,arrivals,0.9535211267605633,1.0394366197183098,shipped,2025
LFMN,707,697,691,692,departures,0.9773691654879774,0.9787835926449788,shipped,2025
LSGG,680,675,675,686,departures,0.9926470588235294,1.0088235294117647,shipped,2025
LSGG,670,637,637,645,arrivals,0.9507462686567164,0.9626865671641791,shipped,2025
LKPR,667,657,656,660,departures,0.9835082458770614,0.9895052473763118,shipped,2025
EFHK,666,573,573,575,arrivals,0.8603603603603603,0.8633633633633634,shipped,2025
EFHK,659,653,653,660,departures,0.9908952959028832,1.0015174506828528,shipped,2025
LKPR,657,606,605,610,arrivals,0.9208523592085236,0.928462709284627,shipped,2025
LEAL,599,597,597,597,departures,0.996661101836394,0.996661101836394,shipped,2025
LEAL,599,588,588,588,arrivals,0.9816360601001669,0.9816360601001669,shipped,2025
EGPH,584,541,541,545,arrivals,0.9263698630136986,0.9332191780821918,shipped,2025
LHBP,578,555,553,554,departures,0.9567474048442907,0.9584775086505191,shipped,2025
EGPH,577,571,570,570,departures,0.9878682842287695,0.9878682842287695,shipped,2025
LHBP,577,518,514,515,arrivals,0.8908145580589255,0.8925476603119584,shipped,2025
EGGW,552,526,523,527,arrivals,0.947463768115942,0.9547101449275363,shipped,2025
EGGW,550,549,549,551,departures,0.9981818181818182,1.0018181818181817,shipped,2025
EDDH,538,531,528,537,departures,0.9814126394052045,0.9981412639405205,shipped,2025
EDDH,532,509,506,515,arrivals,0.9511278195488722,0.9680451127819549,shipped,2025
GCLP,521,0,0,0,arrivals,0.0,0.0,shipped,2025
GCLP,520,23,0,0,departures,0.0,0.0,shipped,2025
LLBG,516,431,429,430,arrivals,0.8313953488372093,0.8333333333333334,shipped,2025
EDDK,515,500,500,501,departures,0.970873786407767,0.9728155339805825,shipped,2025
LLBG,513,500,500,510,departures,0.9746588693957114,0.9941520467836257,shipped,2025
LPPR,513,511,508,508,departures,0.9902534113060428,0.9902534113060428,shipped,2025
LPPR,512,480,479,479,arrivals,0.935546875,0.935546875,shipped,2025
LEIB,509,499,499,500,arrivals,0.9803536345776032,0.9823182711198428,shipped,2025
EDDK,509,474,474,477,arrivals,0.931237721021611,0.93713163064833,shipped,2025
LROP,509,486,485,486,arrivals,0.9528487229862476,0.9548133595284872,shipped,2025
LROP,504,491,491,491,departures,0.9742063492063492,0.9742063492063492,shipped,2025
LEIB,495,484,484,484,departures,0.9777777777777777,0.9777777777777777,shipped,2025
EGBB,474,468,468,468,departures,0.9873417721518988,0.9873417721518988,shipped,2025
EGBB,466,419,418,418,arrivals,0.8969957081545065,0.8969957081545065,shipped,2025
LIML,465,457,457,464,arrivals,0.9827956989247312,0.9978494623655914,shipped,2025
LIME,460,448,444,444,arrivals,0.9652173913043478,0.9652173913043478,shipped,2025
LIML,458,451,451,452,departures,0.9847161572052402,0.9868995633187773,shipped,2025
LIME,453,450,450,450,departures,0.9933774834437086,0.9933774834437086,shipped,2025
LIRN,449,380,334,337,departures,0.7438752783964365,0.7505567928730512,shipped,2025
LIRN,447,1,0,0,arrivals,0.0,0.0,shipped,2025
LFML,445,440,439,443,arrivals,0.9865168539325843,0.9955056179775281,shipped,2025
LFML,444,441,440,440,departures,0.990990990990991,0.990990990990991,shipped,2025
EDDS,440,420,414,417,departures,0.9409090909090909,0.9477272727272728,shipped,2025
EDDS,433,409,408,413,arrivals,0.9422632794457275,0.953810623556582,shipped,2025
LGIR,430,0,0,0,arrivals,0.0,0.0,shipped,2025
LGIR,424,6,0,0,departures,0.0,0.0,shipped,2025
LIPZ,412,408,408,409,departures,0.9902912621359223,0.9927184466019418,shipped,2025
LFLL,412,398,397,411,arrivals,0.9635922330097088,0.9975728155339806,shipped,2025
LFLL,411,402,402,417,departures,0.9781021897810219,1.0145985401459854,shipped,2025
LIPZ,409,386,386,388,arrivals,0.9437652811735942,0.9486552567237164,shipped,2025
LPFR,407,403,402,404,arrivals,0.9877149877149877,0.9926289926289926,shipped,2025
LPFR,405,400,398,398,departures,0.9827160493827161,0.9827160493827161,shipped,2025
LYBE,395,364,364,364,arrivals,0.9215189873417722,0.9215189873417722,shipped,2025
LYBE,394,388,388,389,departures,0.9847715736040609,0.9873096446700508,shipped,2025
LICC,391,344,342,342,arrivals,0.8746803069053708,0.8746803069053708,shipped,2025
LICC,390,352,348,348,departures,0.8923076923076924,0.8923076923076924,shipped,2025
LTAC,381,7,0,0,departures,0.0,0.0,shipped,2025
LIPE,380,376,376,376,departures,0.9894736842105263,0.9894736842105263,shipped,2025
LIPE,376,371,371,372,arrivals,0.9867021276595744,0.9893617021276596,shipped,2025
LTAC,374,0,0,1,arrivals,0.0,0.00267379679144385,shipped,2025
LCLK,368,353,352,354,departures,0.9565217391304348,0.9619565217391305,shipped,2025
LCLK,367,348,347,349,arrivals,0.9455040871934605,0.9509536784741145,shipped,2025
GMMN,360,287,282,355,departures,0.7833333333333333,0.9861111111111112,shipped,2025
EPKK,360,348,346,347,departures,0.9611111111111111,0.9638888888888889,shipped,2025
EGGD,360,334,334,335,arrivals,0.9277777777777778,0.9305555555555556,shipped,2025
EGGD,359,355,354,354,departures,0.9860724233983287,0.9860724233983287,shipped,2025
LEVC,357,348,348,349,arrivals,0.9747899159663865,0.9775910364145658,shipped,2025
GMMN,357,253,253,256,arrivals,0.7086834733893558,0.7170868347338936,shipped,2025
ENBR,357,339,338,357,arrivals,0.9467787114845938,1.0,shipped,2025
EPKK,356,332,329,329,arrivals,0.9241573033707865,0.9241573033707865,shipped,2025
LEVC,355,337,336,336,departures,0.9464788732394366,0.9464788732394366,shipped,2025
LFSB,354,351,349,352,departures,0.9858757062146892,0.9943502824858758,shipped,2025
LFSB,352,340,340,341,arrivals,0.9659090909090909,0.96875,shipped,2025
ENBR,349,343,343,358,departures,0.9828080229226361,1.0257879656160458,shipped,2025
LTBJ,346,274,229,229,departures,0.661849710982659,0.661849710982659,shipped,2025
LGRP,346,315,314,315,arrivals,0.9075144508670521,0.9104046242774566,shipped,2025
EGPF,346,301,300,303,arrivals,0.8670520231213873,0.8757225433526011,shipped,2025
EGPF,344,325,323,327,departures,0.938953488372093,0.9505813953488372,shipped,2025
LTBJ,341,7,7,7,arrivals,0.020527859237536656,0.020527859237536656,shipped,2025
LGRP,340,322,321,327,departures,0.9441176470588235,0.961764705882353,shipped,2025
LMML,326,325,325,326,departures,0.9969325153374233,1.0,shipped,2025
LMML,326,318,317,318,arrivals,0.9723926380368099,0.9754601226993865,shipped,2025
LATI,323,0,0,0,arrivals,0.0,0.0,shipped,2025
GCTS,323,0,0,0,arrivals,0.0,0.0,shipped,2025
GCTS,321,4,0,6,departures,0.0,0.018691588785046728,shipped,2025
GCXO,320,1,1,1,arrivals,0.003125,0.003125,shipped,2025
GCXO,319,305,305,362,departures,0.9561128526645768,1.134796238244514,shipped,2025
LATI,316,6,0,0,departures,0.0,0.0,shipped,2025
LICJ,314,133,133,133,arrivals,0.42356687898089174,0.42356687898089174,shipped,2025
LICJ,310,281,281,282,departures,0.9064516129032258,0.9096774193548387,shipped,2025
EBCI,304,303,303,303,departures,0.9967105263157895,0.9967105263157895,shipped,2025
EBCI,303,296,296,296,arrivals,0.976897689768977,0.976897689768977,shipped,2025
BIKF,297,296,294,322,departures,0.98989898989899,1.0841750841750841,shipped,2025
BIKF,296,90,89,89,arrivals,0.30067567567567566,0.30067567567567566,shipped,2025
ELLX,294,291,291,291,departures,0.9897959183673469,0.9897959183673469,shipped,2025
ELLX,294,271,271,272,arrivals,0.9217687074829932,0.9251700680272109,shipped,2025
LFBO,293,288,288,290,departures,0.9829351535836177,0.9897610921501706,shipped,2025
LFBO,290,288,288,290,arrivals,0.993103448275862,1.0,shipped,2025
LGTS,281,259,259,259,arrivals,0.9217081850533808,0.9217081850533808,shipped,2025
LTBS,280,1,1,1,arrivals,0.0035714285714285713,0.0035714285714285713,shipped,2025
LGTS,279,260,259,259,departures,0.9283154121863799,0.9283154121863799,shipped,2025
GMMX,279,9,8,8,arrivals,0.02867383512544803,0.02867383512544803,shipped,2025
GMMX,278,74,66,67,departures,0.23741007194244604,0.24100719424460432,shipped,2025
EVRA,278,227,226,226,arrivals,0.8129496402877698,0.8129496402877698,shipped,2025
LEZL,276,264,264,265,arrivals,0.9565217391304348,0.9601449275362319,shipped,2025
LEZL,275,275,274,274,departures,0.9963636363636363,0.9963636363636363,shipped,2025
LTBS,273,205,205,205,departures,0.7509157509157509,0.7509157509157509,shipped,2025
EVRA,273,270,269,270,departures,0.9853479853479854,0.989010989010989,shipped,2025
LBSF,272,153,153,153,departures,0.5625,0.5625,shipped,2025
GCRR,269,1,0,0,departures,0.0,0.0,shipped,2025
GCRR,269,0,0,0,arrivals,0.0,0.0,shipped,2025
EGNX,267,263,263,263,departures,0.9850187265917603,0.9850187265917603,shipped,2025
LBSF,267,2,1,1,arrivals,0.003745318352059925,0.003745318352059925,shipped,2025
EDDP,261,236,235,236,arrivals,0.9003831417624522,0.9042145593869731,shipped,2025
EPKT,259,251,249,249,departures,0.9613899613899614,0.9613899613899614,shipped,2025
HEGN,258,0,0,0,arrivals,0.0,0.0,shipped,2025
HEGN,257,0,0,0,departures,0.0,0.0,shipped,2025
UGTB,257,157,151,192,departures,0.5875486381322957,0.7470817120622568,shipped,2025
LFRS,257,251,246,246,arrivals,0.9571984435797666,0.9571984435797666,shipped,2025
UGTB,257,46,45,46,arrivals,0.17509727626459143,0.17898832684824903,shipped,2025
EPKT,257,240,239,239,arrivals,0.9299610894941635,0.9299610894941635,shipped,2025
LFRS,256,247,247,248,departures,0.96484375,0.96875,shipped,2025
EDDP,256,255,255,257,departures,0.99609375,1.00390625,shipped,2025
EGNX,255,231,231,231,arrivals,0.9058823529411765,0.9058823529411765,shipped,2025
LIEO,252,75,74,74,arrivals,0.29365079365079366,0.29365079365079366,shipped,2025
EPGD,248,35,17,17,departures,0.06854838709677419,0.06854838709677419,shipped,2025
LGKR,247,12,11,11,arrivals,0.044534412955465584,0.044534412955465584,shipped,2025
EGAA,246,234,191,192,arrivals,0.7764227642276422,0.7804878048780488,shipped,2025
LGKR,244,203,201,206,departures,0.8237704918032787,0.8442622950819673,shipped,2025
HECA,244,48,30,30,departures,0.12295081967213115,0.12295081967213115,shipped,2025
EPGD,244,6,1,1,arrivals,0.004098360655737705,0.004098360655737705,shipped,2025
EGAA,239,232,232,233,departures,0.9707112970711297,0.9748953974895398,shipped,2025
ENZV,236,151,148,162,departures,0.6271186440677966,0.6864406779661016,shipped,2025
ENZV,236,67,65,67,arrivals,0.2754237288135593,0.2838983050847458,shipped,2025
LEBB,235,0,0,0,arrivals,0.0,0.0,shipped,2025
LEBB,234,180,169,171,departures,0.7222222222222222,0.7307692307692307,shipped,2025
LTFE,232,199,198,202,arrivals,0.853448275862069,0.8706896551724138,shipped,2025
HECA,231,62,52,52,arrivals,0.22510822510822512,0.22510822510822512,shipped,2025
LFPB,230,227,227,230,departures,0.9869565217391304,1.0,shipped,2025
LIBD,229,1,0,0,arrivals,0.0,0.0,shipped,2025
LIBD,228,1,0,0,departures,0.0,0.0,shipped,2025
LIEO,228,182,175,175,departures,0.7675438596491229,0.7675438596491229,shipped,2025
LIRP,228,220,220,226,arrivals,0.9649122807017544,0.9912280701754386,shipped,2025
UUWW,227,5,4,4,arrivals,0.01762114537444934,0.01762114537444934,shipped,2025
LEMH,226,218,218,219,arrivals,0.9646017699115044,0.9690265486725663,shipped,2025
LFBD,225,222,222,224,departures,0.9866666666666667,0.9955555555555555,shipped,2025
LFPB,225,217,217,221,arrivals,0.9644444444444444,0.9822222222222222,shipped,2025
LEMH,222,212,212,212,departures,0.954954954954955,0.954954954954955,shipped,2025
LTFE,220,196,191,193,departures,0.8681818181818182,0.8772727272727273,shipped,2025
LIRP,220,211,211,211,departures,0.9590909090909091,0.9590909090909091,shipped,2025
ENVA,219,208,199,205,arrivals,0.908675799086758,0.9360730593607306,shipped,2025
LFBD,219,215,215,220,arrivals,0.9817351598173516,1.004566210045662,shipped,2025
LUKK,217,7,5,5,departures,0.02304147465437788,0.02304147465437788,shipped,2025
ENVA,217,204,192,194,departures,0.8847926267281107,0.8940092165898618,shipped,2025
LUKK,217,0,0,0,arrivals,0.0,0.0,shipped,2025
LDSP,216,3,0,0,departures,0.0,0.0,shipped,2025
ESGG,216,214,214,214,departures,0.9907407407407407,0.9907407407407407,shipped,2025
UUWW,216,16,5,5,departures,0.023148148148148147,0.023148148148148147,shipped,2025
LDZA,215,210,210,210,departures,0.9767441860465116,0.9767441860465116,shipped,2025
LDSP,215,1,0,0,arrivals,0.0,0.0,shipped,2025
LDZA,215,208,207,207,arrivals,0.9627906976744186,0.9627906976744186,shipped,2025
ESGG,214,207,207,209,arrivals,0.9672897196261683,0.9766355140186916,shipped,2025
UUEE,214,0,0,2,arrivals,0.0,0.009345794392523364,shipped,2025
EDDV,213,212,212,213,departures,0.9953051643192489,1.0,shipped,2025
GCFV,212,0,0,0,departures,0.0,0.0,shipped,2025
UUEE,212,60,59,61,departures,0.2783018867924528,0.28773584905660377,shipped,2025
EGNT,211,197,197,197,departures,0.933649289099526,0.933649289099526,shipped,2025
GCFV,211,2,0,0,arrivals,0.0,0.0,shipped,2025
EGNT,211,178,178,178,arrivals,0.8436018957345972,0.8436018957345972,shipped,2025
EDDV,209,202,202,203,arrivals,0.9665071770334929,0.9712918660287081,shipped,2025
EGGP,208,204,202,204,departures,0.9711538461538461,0.9807692307692307,shipped,2025
EGGP,206,189,189,197,arrivals,0.9174757281553398,0.9563106796116505,shipped,2025
LIRQ,202,196,196,197,departures,0.9702970297029703,0.9752475247524752,shipped,2025
EDDN,201,197,196,197,departures,0.9751243781094527,0.9800995024875622,shipped,2025
EDDN,199,191,191,198,arrivals,0.9597989949748744,0.9949748743718593,shipped,2025
LGSA,199,42,40,40,arrivals,0.20100502512562815,0.20100502512562815,shipped,2025
EGLC,198,197,197,199,departures,0.9949494949494949,1.005050505050505,shipped,2025
LIRQ,198,104,98,98,arrivals,0.494949494949495,0.494949494949495,shipped,2025
LGSA,196,182,182,184,departures,0.9285714285714286,0.9387755102040817,shipped,2025
LIEE,195,2,2,2,arrivals,0.010256410256410256,0.010256410256410256,shipped,2025
EPWR,194,187,187,188,arrivals,0.9639175257731959,0.9690721649484536,shipped,2025
EPWR,193,186,186,187,departures,0.9637305699481865,0.9689119170984456,shipped,2025
EGNM,193,169,169,171,arrivals,0.8756476683937824,0.8860103626943006,shipped,2025
UDYZ,192,2,0,0,departures,0.0,0.0,shipped,2025
UDYZ,192,1,0,0,arrivals,0.0,0.0,shipped,2025
LIEE,191,113,112,112,departures,0.5863874345549738,0.5863874345549738,shipped,2025
EHEH,191,191,189,189,departures,0.9895287958115183,0.9895287958115183,shipped,2025
EGNM,190,178,177,177,departures,0.9315789473684211,0.9315789473684211,shipped,2025
EHEH,190,187,187,189,arrivals,0.9842105263157894,0.9947368421052631,shipped,2025
EYVI,189,130,122,125,arrivals,0.6455026455026455,0.6613756613756614,shipped,2025
EGLC,189,189,167,238,arrivals,0.8835978835978836,1.2592592592592593,shipped,2025
EYVI,186,176,176,176,departures,0.946236559139785,0.946236559139785,shipped,2025
DAAG,186,82,82,83,departures,0.44086021505376344,0.44623655913978494,shipped,2025
DTTA,186,0,0,0,arrivals,0.0,0.0,shipped,2025
DTTA,185,1,1,1,departures,0.005405405405405406,0.005405405405405406,shipped,2025
DAAG,184,103,103,103,arrivals,0.5597826086956522,0.5597826086956522,shipped,2025
LFOB,181,180,180,180,departures,0.994475138121547,0.994475138121547,shipped,2025
LFOB,181,176,176,176,arrivals,0.9723756906077348,0.9723756906077348,shipped,2025
LDDU,180,1,0,0,arrivals,0.0,0.0,shipped,2025
LGKO,178,172,171,178,departures,0.9606741573033708,1.0,shipped,2025
LDDU,177,1,0,0,departures,0.0,0.0,shipped,2025
LGKO,177,167,167,172,arrivals,0.943502824858757,0.9717514124293786,shipped,2025
EETN,162,142,142,142,arrivals,0.8765432098765432,0.8765432098765432,shipped,2025
EPPO,161,154,154,154,departures,0.9565217391304348,0.9565217391304348,shipped,2025
HESH,161,0,0,0,arrivals,0.0,0.0,shipped,2025
UMKK,160,3,1,3,departures,0.00625,0.01875,shipped,2025
EETN,159,148,148,150,departures,0.9308176100628931,0.9433962264150944,shipped,2025
LPMA,159,155,155,156,departures,0.9748427672955975,0.9811320754716981,shipped,2025
HESH,159,1,0,0,departures,0.0,0.0,shipped,2025
UMKK,159,2,2,16,arrivals,0.012578616352201259,0.10062893081761007,shipped,2025
LPMA,158,9,9,11,arrivals,0.056962025316455694,0.06962025316455696,shipped,2025
LIMF,157,156,154,155,departures,0.9808917197452229,0.9872611464968153,shipped,2025
LIMF,157,155,154,156,arrivals,0.9808917197452229,0.9936305732484076,shipped,2025
LIRA,156,149,149,150,arrivals,0.9551282051282052,0.9615384615384616,shipped,2025
LIRA,154,152,152,154,departures,0.987012987012987,1.0,shipped,2025
EPPO,154,145,145,145,arrivals,0.9415584415584416,0.9415584415584416,shipped,2025
EKBI,154,145,144,144,arrivals,0.935064935064935,0.935064935064935,shipped,2025
LPPD,153,56,55,122,departures,0.35947712418300654,0.7973856209150327,shipped,2025
EKBI,152,151,151,152,departures,0.993421052631579,1.0,shipped,2025
LPPD,151,88,87,89,arrivals,0.5761589403973509,0.5894039735099338,shipped,2025
ULLI,148,1,1,1,arrivals,0.006756756756756757,0.006756756756756757,shipped,2025
OLBA,144,125,123,124,departures,0.8541666666666666,0.8611111111111112,shipped,2025
LIPX,144,144,144,144,departures,1.0,1.0,shipped,2025
OLBA,144,36,35,35,arrivals,0.24305555555555555,0.24305555555555555,shipped,2025
ENTC,143,1,0,0,arrivals,0.0,0.0,shipped,2025
ULLI,142,2,0,0,departures,0.0,0.0,shipped,2025
LIPX,142,137,137,142,arrivals,0.9647887323943662,1.0,shipped,2025
LGSR,139,5,3,7,departures,0.02158273381294964,0.050359712230215826,shipped,2025
LGSR,139,1,0,0,arrivals,0.0,0.0,shipped,2025
ENTC,138,82,17,17,departures,0.12318840579710146,0.12318840579710146,shipped,2025
LTCG,138,88,88,88,arrivals,0.6376811594202898,0.6376811594202898,shipped,2025
EGPD,137,125,125,125,departures,0.9124087591240876,0.9124087591240876,shipped,2025
EGPD,136,122,122,122,arrivals,0.8970588235294118,0.8970588235294118,shipped,2025
ENBO,134,129,129,225,departures,0.9626865671641791,1.6791044776119404,shipped,2025
EBLG,134,133,133,134,departures,0.9925373134328358,1.0,shipped,2025
LTDB,133,5,1,1,departures,0.007518796992481203,0.007518796992481203,shipped,2025
LTCG,133,122,122,133,departures,0.9172932330827067,1.0,shipped,2025
ENBO,133,119,116,135,arrivals,0.8721804511278195,1.0150375939849625,shipped,2025
LRCL,130,90,88,89,departures,0.676923076923077,0.6846153846153846,shipped,2025
LIBR,130,1,0,0,departures,0.0,0.0,shipped,2025
LRCL,129,0,0,0,arrivals,0.0,0.0,shipped,2025
LTDB,129,3,0,0,arrivals,0.0,0.0,shipped,2025
LGZA,126,126,126,130,departures,1.0,1.0317460317460319,shipped,2025
EBLG,126,74,74,74,arrivals,0.5873015873015873,0.5873015873015873,shipped,2025
LGZA,126,119,118,122,arrivals,0.9365079365079365,0.9682539682539683,shipped,2025
LIBR,125,0,0,0,arrivals,0.0,0.0,shipped,2025
EGAC,123,122,121,122,departures,0.983739837398374,0.991869918699187,shipped,2025
EGAC,123,120,120,162,arrivals,0.975609756097561,1.3170731707317074,shipped,2025
BKPR,120,0,0,0,departures,0.0,0.0,shipped,2025
BKPR,120,2,0,0,arrivals,0.0,0.0,shipped,2025
EICK,120,115,115,115,arrivals,0.9583333333333334,0.9583333333333334,shipped,2025
EICK,119,118,118,118,departures,0.9915966386554622,0.9915966386554622,shipped,2025
LDZD,118,7,6,6,arrivals,0.05084745762711865,0.05084745762711865,shipped,2025
OJAI,116,55,55,57,departures,0.47413793103448276,0.49137931034482757,shipped,2025
OJAI,116,0,0,2,arrivals,0.0,0.017241379310344827,shipped,2025
LDZD,114,53,49,49,departures,0.4298245614035088,0.4298245614035088,shipped,2025
LICA,112,1,0,0,arrivals,0.0,0.0,shipped,2025
EGLF,110,110,110,112,departures,1.0,1.018181818181818,shipped,2025
LICA,108,2,2,2,departures,0.018518518518518517,0.018518518518518517,shipped,2025
EGJJ,108,106,106,106,arrivals,0.9814814814814815,0.9814814814814815,shipped,2025
EGLF,108,107,17,17,arrivals,0.1574074074074074,0.1574074074074074,shipped,2025
LCPH,107,98,98,98,arrivals,0.9158878504672897,0.9158878504672897,shipped,2025
LWSK,106,12,8,8,departures,0.07547169811320754,0.07547169811320754,shipped,2025
OKKK,106,105,105,105,departures,0.9905660377358491,0.9905660377358491,shipped,2025
LEST,106,95,89,89,arrivals,0.839622641509434,0.839622641509434,shipped,2025
LCPH,105,84,84,84,departures,0.8,0.8,shipped,2025
LGMK,105,91,89,101,departures,0.8476190476190476,0.9619047619047619,shipped,2025
LEST,105,95,95,95,departures,0.9047619047619048,0.9047619047619048,shipped,2025
LZIB,105,101,101,101,departures,0.9619047619047619,0.9619047619047619,shipped,2025
LEGE,105,43,40,40,arrivals,0.38095238095238093,0.38095238095238093,shipped,2025
LWSK,105,0,0,0,arrivals,0.0,0.0,shipped,2025
LZIB,105,101,101,102,arrivals,0.9619047619047619,0.9714285714285714,shipped,2025
LEGE,104,103,103,107,departures,0.9903846153846154,1.0288461538461537,shipped,2025
LGMK,104,73,72,76,arrivals,0.6923076923076923,0.7307692307692307,shipped,2025
EDJA,104,101,101,101,arrivals,0.9711538461538461,0.9711538461538461,shipped,2025
EDJA,102,99,99,99,departures,0.9705882352941176,0.9705882352941176,shipped,2025
OKKK,102,12,12,13,arrivals,0.11764705882352941,0.12745098039215685,shipped,2025
EGJJ,101,98,97,97,departures,0.9603960396039604,0.9603960396039604,shipped,2025
EHRD,100,99,98,99,arrivals,0.98,0.99,shipped,2025
EHRD,99,98,96,97,departures,0.9696969696969697,0.9797979797979798,shipped,2025
LBBG,97,90,90,90,arrivals,0.9278350515463918,0.9278350515463918,shipped,2025
LOWS,96,95,95,98,departures,0.9895833333333334,1.0208333333333333,shipped,2025
LOWS,95,90,89,91,arrivals,0.9368421052631579,0.9578947368421052,shipped,2025
DTTJ,94,0,0,0,arrivals,0.0,0.0,shipped,2025
LJLJ,94,88,88,90,arrivals,0.9361702127659575,0.9574468085106383,shipped,2025
LBBG,93,91,91,93,departures,0.978494623655914,1.0,shipped,2025
LQSA,93,70,68,68,departures,0.7311827956989247,0.7311827956989247,shipped,2025
LQSA,93,0,0,0,arrivals,0.0,0.0,shipped,2025
GMAD,92,6,0,0,departures,0.0,0.0,shipped,2025
EGKB,92,90,81,82,departures,0.8804347826086957,0.8913043478260869,shipped,2025
EINN,91,91,91,92,departures,1.0,1.010989010989011,shipped,2025
GMAD,91,0,0,0,arrivals,0.0,0.0,shipped,2025
EGKB,91,90,0,0,arrivals,0.0,0.0,shipped,2025
LJLJ,90,87,87,88,departures,0.9666666666666667,0.9777777777777777,shipped,2025
DTTJ,89,0,0,0,departures,0.0,0.0,shipped,2025
UUDD,89,11,7,8,departures,0.07865168539325842,0.0898876404494382,shipped,2025
EDDW,88,88,87,90,departures,0.9886363636363636,1.0227272727272727,shipped,2025
GMTT,88,87,87,87,departures,0.9886363636363636,0.9886363636363636,shipped,2025
EDLW,87,82,82,82,departures,0.9425287356321839,0.9425287356321839,shipped,2025
EDDW,87,87,87,90,arrivals,1.0,1.0344827586206897,shipped,2025
GMTT,87,86,86,87,arrivals,0.9885057471264368,1.0,shipped,2025
EDLW,87,82,82,82,arrivals,0.9425287356321839,0.9425287356321839,shipped,2025
EINN,86,80,80,81,arrivals,0.9302325581395349,0.9418604651162791,shipped,2025
LIMJ,86,85,83,83,arrivals,0.9651162790697675,0.9651162790697675,shipped,2025
EGHI,86,78,78,80,arrivals,0.9069767441860465,0.9302325581395349,shipped,2025
LIPH,85,85,85,85,departures,1.0,1.0,shipped,2025
GCLA,85,64,40,41,departures,0.47058823529411764,0.4823529411764706,shipped,2025
LIPH,85,85,85,85,arrivals,1.0,1.0,shipped,2025
EDSB,85,77,77,79,arrivals,0.9058823529411765,0.9294117647058824,shipped,2025
LFKB,84,77,77,77,departures,0.9166666666666666,0.9166666666666666,shipped,2025
LFKB,84,71,71,71,arrivals,0.8452380952380952,0.8452380952380952,shipped,2025
GCLA,84,7,7,7,arrivals,0.08333333333333333,0.08333333333333333,shipped,2025
EGHI,83,71,71,71,departures,0.8554216867469879,0.8554216867469879,shipped,2025
EGJB,83,82,82,83,departures,0.9879518072289156,1.0,shipped,2025
LYTV,83,1,0,0,arrivals,0.0,0.0,shipped,2025
LYTV,82,3,0,0,departures,0.0,0.0,shipped,2025
EDSB,81,76,76,78,departures,0.9382716049382716,0.9629629629629629,shipped,2025
EGNS,81,75,74,74,arrivals,0.9135802469135802,0.9135802469135802,shipped,2025
DTMB,81,0,0,0,arrivals,0.0,0.0,shipped,2025
EGNS,80,71,71,72,departures,0.8875,0.9,shipped,2025
LFKJ,80,79,79,79,arrivals,0.9875,0.9875,shipped,2025
LIMJ,79,78,77,77,departures,0.9746835443037974,0.9746835443037974,shipped,2025
DTMB,79,0,0,0,departures,0.0,0.0,shipped,2025
LFKJ,78,78,78,78,departures,1.0,1.0,shipped,2025
EDFH,77,73,73,73,departures,0.948051948051948,0.948051948051948,shipped,2025
LYPG,77,2,0,0,departures,0.0,0.0,shipped,2025
LYPG,77,0,0,0,arrivals,0.0,0.0,shipped,2025
EKYT,75,73,73,73,departures,0.9733333333333334,0.9733333333333334,shipped,2025
LBWN,75,64,64,64,arrivals,0.8533333333333334,0.8533333333333334,shipped,2025
LFMT,75,74,74,74,arrivals,0.9866666666666667,0.9866666666666667,shipped,2025
UUDD,75,0,0,0,arrivals,0.0,0.0,shipped,2025
LFMT,74,73,73,73,departures,0.9864864864864865,0.9864864864864865,shipped,2025
EDFH,74,68,68,68,arrivals,0.918918918918919,0.918918918918919,shipped,2025
LTAJ,74,0,0,0,arrivals,0.0,0.0,shipped,2025
EGJB,74,70,65,65,arrivals,0.8783783783783784,0.8783783783783784,shipped,2025
LTAU,73,0,0,0,arrivals,0.0,0.0,shipped,2025
LTAJ,72,1,0,0,departures,0.0,0.0,shipped,2025
LFMD,72,69,13,13,arrivals,0.18055555555555555,0.18055555555555555,shipped,2025
EGHH,72,65,64,66,arrivals,0.8888888888888888,0.9166666666666666,shipped,2025
ENTO,72,68,66,67,arrivals,0.9166666666666666,0.9305555555555556,shipped,2025
LBWN,71,61,61,61,departures,0.8591549295774648,0.8591549295774648,shipped,2025
LRIA,71,51,37,38,departures,0.5211267605633803,0.5352112676056338,shipped,2025
EGHH,71,71,70,70,departures,0.9859154929577465,0.9859154929577465,shipped,2025
ENTO,71,65,65,67,departures,0.9154929577464789,0.9436619718309859,shipped,2025
EKYT,71,69,69,69,arrivals,0.971830985915493,0.971830985915493,shipped,2025
LTAU,70,0,0,0,departures,0.0,0.0,shipped,2025
LEAS,69,62,62,62,departures,0.8985507246376812,0.8985507246376812,shipped,2025
UGSB,69,39,39,39,arrivals,0.5652173913043478,0.5652173913043478,shipped,2025
EDLV,69,69,69,69,arrivals,1.0,1.0,shipped,2025
EDLV,68,68,68,68,departures,1.0,1.0,shipped,2025
LERS,68,61,61,62,arrivals,0.8970588235294118,0.9117647058823529,shipped,2025
LEAS,68,2,2,2,arrivals,0.029411764705882353,0.029411764705882353,shipped,2025
LRIA,68,0,0,0,arrivals,0.0,0.0,shipped,2025
UGSB,67,58,58,63,departures,0.8656716417910447,0.9402985074626866,shipped,2025
LERS,67,62,62,62,departures,0.9253731343283582,0.9253731343283582,shipped,2025
URSS,67,0,0,0,arrivals,0.0,0.0,shipped,2025
LFMD,65,60,60,61,departures,0.9230769230769231,0.9384615384615385,shipped,2025
LFKF,65,57,57,57,arrivals,0.8769230769230769,0.8769230769230769,shipped,2025
GMME,64,55,40,46,departures,0.625,0.71875,shipped,2025
GMME,63,24,23,23,arrivals,0.36507936507936506,0.36507936507936506,shipped,2025
LIEA,62,62,62,62,departures,1.0,1.0,shipped,2025
LGKF,62,62,61,61,departures,0.9838709677419355,0.9838709677419355,shipped,2025
LIEA,62,62,62,62,arrivals,1.0,1.0,shipped,2025
LIPQ,61,58,58,58,departures,0.9508196721311475,0.9508196721311475,shipped,2025
LFKF,61,60,60,65,departures,0.9836065573770492,1.0655737704918034,shipped,2025
EDDG,60,60,60,60,departures,1.0,1.0,shipped,2025
EPRZ,60,55,54,54,departures,0.9,0.9,shipped,2025
LGKF,60,56,55,55,arrivals,0.9166666666666666,0.9166666666666666,shipped,2025
DTNH,59,0,0,0,departures,0.0,0.0,shipped,2025
LRTR,59,38,31,31,departures,0.5254237288135594,0.5254237288135594,shipped,2025
LIPQ,59,59,58,58,arrivals,0.9830508474576272,0.9830508474576272,shipped,2025
LTBA,58,58,58,65,departures,1.0,1.1206896551724137,shipped,2025
DTNH,58,0,0,0,arrivals,0.0,0.0,shipped,2025
EPRZ,58,53,52,52,arrivals,0.896551724137931,0.896551724137931,shipped,2025
LFBZ,57,57,57,60,arrivals,1.0,1.0526315789473684,shipped,2025
LRTR,57,1,1,2,arrivals,0.017543859649122806,0.03508771929824561,shipped,2025
LFQQ,57,56,56,56,arrivals,0.9824561403508771,0.9824561403508771,shipped,2025
LOWG,56,56,53,54,departures,0.9464285714285714,0.9642857142857143,shipped,2025
LFQQ,56,56,56,56,departures,1.0,1.0,shipped,2025
LTCC,56,0,0,0,arrivals,0.0,0.0,shipped,2025
EDDG,56,54,54,54,arrivals,0.9642857142857143,0.9642857142857143,shipped,2025
LFBZ,55,51,51,52,departures,0.9272727272727272,0.9454545454545454,shipped,2025
LTCC,55,2,0,0,departures,0.0,0.0,shipped,2025
LDPL,55,49,49,50,arrivals,0.8909090909090909,0.9090909090909091,shipped,2025
LFTH,55,51,50,61,arrivals,0.9090909090909091,1.1090909090909091,shipped,2025
EYKA,54,52,50,50,departures,0.9259259259259259,0.9259259259259259,shipped,2025
LOWG,53,52,51,54,arrivals,0.9622641509433962,1.0188679245283019,shipped,2025
LKTB,52,51,48,48,departures,0.9230769230769231,0.9230769230769231,shipped,2025
URSS,52,1,0,0,departures,0.0,0.0,shipped,2025
GMFF,52,46,45,46,departures,0.8653846153846154,0.8846153846153846,shipped,2025
LTBA,52,47,42,71,arrivals,0.8076923076923077,1.3653846153846154,shipped,2025
LKTB,52,50,47,47,arrivals,0.9038461538461539,0.9038461538461539,shipped,2025
GMFF,52,0,0,0,arrivals,0.0,0.0,shipped,2025
LFTH,51,45,45,56,departures,0.8823529411764706,1.0980392156862746,shipped,2025
EGPE,51,48,48,48,departures,0.9411764705882353,0.9411764705882353,shipped,2025
EHKD,50,49,49,78,departures,0.98,1.56,shipped,2025
LFST,50,48,48,49,arrivals,0.96,0.98,shipped,2025
EYKA,50,16,9,9,arrivals,0.18,0.18,shipped,2025
LDPL,49,44,44,45,departures,0.8979591836734694,0.9183673469387755,shipped,2025
UGKO,49,0,0,2,departures,0.0,0.04081632653061224,shipped,2025
LFST,49,47,47,47,departures,0.9591836734693877,0.9591836734693877,shipped,2025
DAOO,49,27,27,27,arrivals,0.5510204081632653,0.5510204081632653,shipped,2025
UGKO,49,0,0,0,arrivals,0.0,0.0,shipped,2025
EGFF,49,45,44,44,arrivals,0.8979591836734694,0.8979591836734694,shipped,2025
EGPE,49,45,45,45,arrivals,0.9183673469387755,0.9183673469387755,shipped,2025
DAOO,48,37,37,37,departures,0.7708333333333334,0.7708333333333334,shipped,2025
EGFF,48,47,47,48,departures,0.9791666666666666,1.0,shipped,2025
UBBN,48,0,0,0,departures,0.0,0.0,shipped,2025
ENCN,48,48,48,48,departures,1.0,1.0,shipped,2025
EHKD,48,36,36,43,arrivals,0.75,0.8958333333333334,shipped,2025
ENAL,48,1,1,1,arrivals,0.020833333333333332,0.020833333333333332,shipped,2025
UBBN,48,1,0,0,arrivals,0.0,0.0,shipped,2025
ORBI,48,0,0,0,arrivals,0.0,0.0,shipped,2025
LFRB,47,41,41,41,departures,0.8723404255319149,0.8723404255319149,shipped,2025
ENAL,46,9,1,1,departures,0.021739130434782608,0.021739130434782608,shipped,2025
ENKB,46,4,4,4,departures,0.08695652173913043,0.08695652173913043,shipped,2025
LGPZ,46,1,0,0,arrivals,0.0,0.0,shipped,2025
LTFH,45,7,7,8,departures,0.15555555555555556,0.17777777777777778,shipped,2025
LGPZ,45,31,24,26,departures,0.5333333333333333,0.5777777777777777,shipped,2025
EDDC,45,44,44,44,departures,0.9777777777777777,0.9777777777777777,shipped,2025
LGPA,45,8,0,0,departures,0.0,0.0,shipped,2025
LTFH,45,3,3,3,arrivals,0.06666666666666667,0.06666666666666667,shipped,2025
EDDC,45,44,44,44,arrivals,0.9777777777777777,0.9777777777777777,shipped,2025
LIRI,44,29,27,31,departures,0.6136363636363636,0.7045454545454546,shipped,2025
GEML,44,44,44,46,departures,1.0,1.0454545454545454,shipped,2025
ORER,44,1,0,0,departures,0.0,0.0,shipped,2025
ESSB,44,39,38,40,departures,0.8636363636363636,0.9090909090909091,shipped,2025
BIRK,44,44,44,57,departures,1.0,1.2954545454545454,shipped,2025
GEML,44,43,43,44,arrivals,0.9772727272727273,1.0,shipped,2025
ORER,44,0,0,0,arrivals,0.0,0.0,shipped,2025
LEJR,44,43,43,43,arrivals,0.9772727272727273,0.9772727272727273,shipped,2025
BIRK,44,36,36,37,arrivals,0.8181818181818182,0.8409090909090909,shipped,2025
ENKB,44,0,0,0,arrivals,0.0,0.0,shipped,2025
LFRB,44,39,39,39,arrivals,0.8863636363636364,0.8863636363636364,shipped,2025
LKMT,44,39,39,40,arrivals,0.8863636363636364,0.9090909090909091,shipped,2025
LKMT,43,40,40,40,departures,0.9302325581395349,0.9302325581395349,shipped,2025
LIBP,43,42,42,42,arrivals,0.9767441860465116,0.9767441860465116,shipped,2025
LOWI,43,28,27,27,arrivals,0.627906976744186,0.627906976744186,shipped,2025
ENCN,43,10,10,10,arrivals,0.23255813953488372,0.23255813953488372,shipped,2025
EPMO,42,42,42,46,departures,1.0,1.0952380952380953,shipped,2025
ENEV,42,13,0,0,departures,0.0,0.0,shipped,2025
ORBI,42,4,0,0,departures,0.0,0.0,shipped,2025
LIRI,42,10,8,8,arrivals,0.19047619047619047,0.19047619047619047,shipped,2025
UMMS,42,2,2,3,arrivals,0.047619047619047616,0.07142857142857142,shipped,2025
ESMS,42,36,36,36,arrivals,0.8571428571428571,0.8571428571428571,shipped,2025
ENEV,42,9,0,0,arrivals,0.0,0.0,shipped,2025
LGSM,42,18,18,24,arrivals,0.42857142857142855,0.5714285714285714,shipped,2025
ESMS,41,38,38,39,departures,0.926829268292683,0.9512195121951219,shipped,2025
LIBP,41,41,41,43,departures,1.0,1.048780487804878,shipped,2025
LGSM,41,40,39,48,departures,0.9512195121951219,1.170731707317073,shipped,2025
LIRZ,41,41,38,40,arrivals,0.926829268292683,0.975609756097561,shipped,2025
UMMS,40,19,16,16,departures,0.4,0.4,shipped,2025
LEJR,40,40,40,40,departures,1.0,1.0,shipped,2025
LEVX,40,21,21,21,arrivals,0.525,0.525,shipped,2025
UWKD,40,0,0,0,arrivals,0.0,0.0,shipped,2025
LICT,40,5,5,5,arrivals,0.125,0.125,shipped,2025
EPMO,40,29,29,29,arrivals,0.725,0.725,shipped,2025
LEAM,40,37,37,37,arrivals,0.925,0.925,shipped,2025
GMMW,40,34,33,33,arrivals,0.825,0.825,shipped,2025
LGPA,40,0,0,0,arrivals,0.0,0.0,shipped,2025
LEVT,39,38,37,46,departures,0.9487179487179487,1.1794871794871795,shipped,2025
LICT,39,8,8,10,departures,0.20512820512820512,0.2564102564102564,shipped,2025
LIRZ,39,39,35,35,departures,0.8974358974358975,0.8974358974358975,shipped,2025
LEXJ,39,36,36,37,departures,0.9230769230769231,0.9487179487179487,shipped,2025
GMMW,39,39,37,37,departures,0.9487179487179487,0.9487179487179487,shipped,2025
EGPB,39,0,0,0,arrivals,0.0,0.0,shipped,2025
LEVT,39,0,0,0,arrivals,0.0,0.0,shipped,2025
LEZG,39,13,13,13,arrivals,0.3333333333333333,0.3333333333333333,shipped,2025
EDLP,39,35,35,36,arrivals,0.8974358974358975,0.9230769230769231,shipped,2025
EGPB,38,1,0,0,departures,0.0,0.0,shipped,2025
UWKD,38,11,1,1,departures,0.02631578947368421,0.02631578947368421,shipped,2025
LEZG,38,14,14,14,departures,0.3684210526315789,0.3684210526315789,shipped,2025
ESPA,38,16,16,16,departures,0.42105263157894735,0.42105263157894735,shipped,2025
LEVX,37,36,36,36,departures,0.972972972972973,0.972972972972973,shipped,2025
LGSK,37,25,24,24,departures,0.6486486486486487,0.6486486486486487,shipped,2025
LOWL,37,36,36,36,departures,0.972972972972973,0.972972972972973,shipped,2025
LEAM,37,36,36,36,departures,0.972972972972973,0.972972972972973,shipped,2025
LIPY,37,37,37,37,departures,1.0,1.0,shipped,2025
LGSK,37,30,30,30,arrivals,0.8108108108108109,0.8108108108108109,shipped,2025
ESSB,37,32,32,34,arrivals,0.8648648648648649,0.918918918918919,shipped,2025
LEXJ,37,0,0,0,arrivals,0.0,0.0,shipped,2025
EGTE,36,34,34,34,departures,0.9444444444444444,0.9444444444444444,shipped,2025
LECO,36,34,34,34,departures,0.9444444444444444,0.9444444444444444,shipped,2025
EGTE,36,32,32,32,arrivals,0.8888888888888888,0.8888888888888888,shipped,2025
LIPY,36,9,9,9,arrivals,0.25,0.25,shipped,2025
LTFO,36,21,21,21,arrivals,0.5833333333333334,0.5833333333333334,shipped,2025
EGMC,35,35,35,35,departures,1.0,1.0,shipped,2025
EDLP,35,32,32,32,departures,0.9142857142857143,0.9142857142857143,shipped,2025
LZKZ,35,35,35,35,departures,1.0,1.0,shipped,2025
LTFO,35,32,32,32,departures,0.9142857142857143,0.9142857142857143,shipped,2025
LTFG,35,33,32,32,arrivals,0.9142857142857143,0.9142857142857143,shipped,2025
ESPA,35,0,0,0,arrivals,0.0,0.0,shipped,2025
LECO,35,35,35,41,arrivals,1.0,1.1714285714285715,shipped,2025
GMFO,34,32,32,32,departures,0.9411764705882353,0.9411764705882353,shipped,2025
LTFG,34,34,34,34,departures,1.0,1.0,shipped,2025
LEGR,34,32,32,32,departures,0.9411764705882353,0.9411764705882353,shipped,2025
LOWL,34,32,32,33,arrivals,0.9411764705882353,0.9705882352941176,shipped,2025
LICR,34,0,0,0,arrivals,0.0,0.0,shipped,2025
GMFO,34,25,25,25,arrivals,0.7352941176470589,0.7352941176470589,shipped,2025
LEGR,34,1,1,1,arrivals,0.029411764705882353,0.029411764705882353,shipped,2025
LGMT,34,34,34,34,arrivals,1.0,1.0,shipped,2025
LZKZ,34,27,27,27,arrivals,0.7941176470588235,0.7941176470588235,shipped,2025
LICR,33,4,4,8,departures,0.12121212121212122,0.24242424242424243,shipped,2025
LTCI,33,0,0,0,departures,0.0,0.0,shipped,2025
LGMT,33,32,31,31,departures,0.9393939393939394,0.9393939393939394,shipped,2025
LOWI,33,30,29,29,departures,0.8787878787878788,0.8787878787878788,shipped,2025
EGMC,33,33,33,69,arrivals,1.0,2.090909090909091,shipped,2025
EKAH,33,30,30,30,arrivals,0.9090909090909091,0.9090909090909091,shipped,2025
EGWU,32,32,0,0,departures,0.0,0.0,shipped,2025
LTCB,32,12,11,13,departures,0.34375,0.40625,shipped,2025
EKAH,32,32,32,32,departures,1.0,1.0,shipped,2025
LFRN,32,32,32,32,departures,1.0,1.0,shipped,2025
LEMI,32,31,31,31,arrivals,0.96875,0.96875,shipped,2025
LTCI,32,0,0,0,arrivals,0.0,0.0,shipped,2025
LEMI,31,31,31,31,departures,1.0,1.0,shipped,2025
EIKN,31,30,30,30,departures,0.967741935483871,0.967741935483871,shipped,2025
ENHD,31,29,27,31,departures,0.8709677419354839,1.0,shipped,2025
EDMO,31,30,27,27,departures,0.8709677419354839,0.8709677419354839,shipped,2025
LFRN,31,31,31,31,arrivals,1.0,1.0,shipped,2025
LTCE,31,0,0,0,arrivals,0.0,0.0,shipped,2025
EGPK,30,30,30,30,departures,1.0,1.0,shipped,2025
URMM,30,3,2,2,departures,0.06666666666666667,0.06666666666666667,shipped,2025
LGNX,30,9,0,0,departures,0.0,0.0,shipped,2025
LTCB,30,11,11,11,arrivals,0.36666666666666664,0.36666666666666664,shipped,2025
LGNX,30,2,0,0,arrivals,0.0,0.0,shipped,2025
EIKN,30,30,30,30,arrivals,1.0,1.0,shipped,2025
EBAW,29,29,28,29,departures,0.9655172413793104,1.0,shipped,2025
LTCE,29,0,0,0,departures,0.0,0.0,shipped,2025
EGPA,29,11,0,0,departures,0.0,0.0,shipped,2025
LTAZ,29,0,0,0,departures,0.0,0.0,shipped,2025
EGPK,29,25,25,26,arrivals,0.8620689655172413,0.896551724137931,shipped,2025
URMM,29,0,0,0,arrivals,0.0,0.0,shipped,2025
ENHD,29,20,20,21,arrivals,0.6896551724137931,0.7241379310344828,shipped,2025
LTAZ,29,1,0,0,arrivals,0.0,0.0,shipped,2025
EGHQ,28,27,27,27,departures,0.9642857142857143,0.9642857142857143,shipped,2025
ESNU,28,8,8,8,departures,0.2857142857142857,0.2857142857142857,shipped,2025
EGHQ,28,27,27,27,arrivals,0.9642857142857143,0.9642857142857143,shipped,2025
LTCA,27,0,0,0,departures,0.0,0.0,shipped,2025
ENBN,27,10,5,10,departures,0.18518518518518517,0.37037037037037035,shipped,2025
LICD,27,25,25,25,departures,0.9259259259259259,0.9259259259259259,shipped,2025
LIPB,27,17,16,16,arrivals,0.5925925925925926,0.5925925925925926,shipped,2025
EGWU,27,25,0,0,arrivals,0.0,0.0,shipped,2025
LTAN,27,0,0,0,arrivals,0.0,0.0,shipped,2025
LTCA,27,0,0,0,arrivals,0.0,0.0,shipped,2025
LICD,27,8,8,8,arrivals,0.2962962962962963,0.2962962962962963,shipped,2025
LFKC,27,27,27,27,arrivals,1.0,1.0,shipped,2025
LTAT,26,1,0,0,departures,0.0,0.0,shipped,2025
LPCS,26,26,23,24,departures,0.8846153846153846,0.9230769230769231,shipped,2025
LIPB,26,26,25,25,departures,0.9615384615384616,0.9615384615384616,shipped,2025
LTCS,26,0,0,0,departures,0.0,0.0,shipped,2025
LTAN,26,0,0,0,departures,0.0,0.0,shipped,2025
LRBS,26,26,26,27,departures,1.0,1.0384615384615385,shipped,2025
LFKC,26,26,26,26,departures,1.0,1.0,shipped,2025
LGHI,26,3,2,2,arrivals,0.07692307692307693,0.07692307692307693,shipped,2025
LTCS,26,0,0,0,arrivals,0.0,0.0,shipped,2025
ESNU,26,0,0,0,arrivals,0.0,0.0,shipped,2025
ENBN,26,0,0,0,arrivals,0.0,0.0,shipped,2025
EGPA,26,0,0,0,arrivals,0.0,0.0,shipped,2025
LGKL,25,21,21,21,departures,0.84,0.84,shipped,2025
LGHI,25,24,24,26,departures,0.96,1.04,shipped,2025
LGML,25,0,0,0,departures,0.0,0.0,shipped,2025
LFMP,25,24,24,24,departures,0.96,0.96,shipped,2025
EHBK,25,22,21,21,departures,0.84,0.84,shipped,2025
EFOU,25,1,1,2,departures,0.04,0.08,shipped,2025
EGSH,25,25,25,25,departures,1.0,1.0,shipped,2025
LGKL,25,22,22,22,arrivals,0.88,0.88,shipped,2025
EFOU,25,0,0,0,arrivals,0.0,0.0,shipped,2025
EGSH,25,25,25,26,arrivals,1.0,1.04,shipped,2025
LPCS,25,24,21,22,arrivals,0.84,0.88,shipped,2025
EBAW,25,25,24,27,arrivals,0.96,1.08,shipped,2025
LFRK,24,24,23,24,departures,0.9583333333333334,1.0,shipped,2025
EKVG,24,0,0,0,departures,0.0,0.0,shipped,2025
ENFL,24,15,15,19,departures,0.625,0.7916666666666666,shipped,2025
ENAT,24,18,0,0,departures,0.0,0.0,shipped,2025
LICG,24,14,11,11,departures,0.4583333333333333,0.4583333333333333,shipped,2025
LIPR,24,23,23,25,departures,0.9583333333333334,1.0416666666666667,shipped,2025
LTAT,24,0,0,0,arrivals,0.0,0.0,shipped,2025
EKVG,24,0,0,0,arrivals,0.0,0.0,shipped,2025
ENFL,24,0,0,0,arrivals,0.0,0.0,shipped,2025
ENAT,24,0,0,0,arrivals,0.0,0.0,shipped,2025
LESO,24,3,0,0,arrivals,0.0,0.0,shipped,2025
EHBK,24,19,18,19,arrivals,0.75,0.7916666666666666,shipped,2025
LIPR,24,23,23,24,arrivals,0.9583333333333334,1.0,shipped,2025
LFMP,24,20,20,20,arrivals,0.8333333333333334,0.8333333333333334,shipped,2025
EDDR,23,17,17,18,departures,0.7391304347826086,0.782608695652174,shipped,2025
ESSV,23,20,20,21,departures,0.8695652173913043,0.9130434782608695,shipped,2025
ENOV,23,3,3,11,departures,0.13043478260869565,0.4782608695652174,shipped,2025
ENKR,23,6,0,0,departures,0.0,0.0,shipped,2025
LESO,23,19,15,16,departures,0.6521739130434783,0.6956521739130435,shipped,2025
ENLK,23,19,0,0,departures,0.0,0.0,shipped,2025
LFBT,23,23,23,23,departures,1.0,1.0,shipped,2025
ENKR,23,0,0,0,arrivals,0.0,0.0,shipped,2025
LICG,23,3,3,3,arrivals,0.13043478260869565,0.13043478260869565,shipped,2025
EGPO,23,3,0,0,arrivals,0.0,0.0,shipped,2025
EDXW,22,21,19,19,departures,0.8636363636363636,0.8636363636363636,shipped,2025
LLER,22,4,0,0,departures,0.0,0.0,shipped,2025
LSGS,22,21,21,23,departures,0.9545454545454546,1.0454545454545454,shipped,2025
LRSB,22,13,13,13,departures,0.5909090909090909,0.5909090909090909,shipped,2025
LFBP,22,18,18,18,departures,0.8181818181818182,0.8181818181818182,shipped,2025
LGKP,22,3,0,0,departures,0.0,0.0,shipped,2025
EGNV,22,19,19,19,departures,0.8636363636363636,0.8636363636363636,shipped,2025
EGPO,22,2,2,2,departures,0.09090909090909091,0.09090909090909091,shipped,2025
EPSC,22,21,21,21,departures,0.9545454545454546,0.9545454545454546,shipped,2025
EIKY,22,22,22,22,departures,1.0,1.0,shipped,2025
LRCV,22,1,1,1,departures,0.045454545454545456,0.045454545454545456,shipped,2025
GCHI,22,11,0,0,departures,0.0,0.0,shipped,2025
LFRK,22,21,20,20,arrivals,0.9090909090909091,0.9090909090909091,shipped,2025
EDDR,22,16,16,19,arrivals,0.7272727272727273,0.8636363636363636,shipped,2025
ESSV,22,7,7,7,arrivals,0.3181818181818182,0.3181818181818182,shipped,2025
EDXW,22,21,19,19,arrivals,0.8636363636363636,0.8636363636363636,shipped,2025
ENOV,22,0,0,0,arrivals,0.0,0.0,shipped,2025
LLER,22,0,0,0,arrivals,0.0,0.0,shipped,2025
LRSB,22,3,3,3,arrivals,0.13636363636363635,0.13636363636363635,shipped,2025
LFBP,22,22,22,22,arrivals,1.0,1.0,shipped,2025
LGKP,22,0,0,0,arrivals,0.0,0.0,shipped,2025
EDMO,22,22,19,20,arrivals,0.8636363636363636,0.9090909090909091,shipped,2025
EPSC,22,12,11,11,arrivals,0.5,0.5,shipped,2025
ENLK,22,2,0,0,arrivals,0.0,0.0,shipped,2025
GCHI,22,0,0,0,arrivals,0.0,0.0,shipped,2025
LFBT,22,22,22,22,arrivals,1.0,1.0,shipped,2025
LDRI,21,18,18,19,departures,0.8571428571428571,0.9047619047619048,shipped,2025
LRSV,21,11,11,13,departures,0.5238095238095238,0.6190476190476191,shipped,2025
ENSG,21,6,0,0,departures,0.0,0.0,shipped,2025
BIAR,21,0,0,0,departures,0.0,0.0,shipped,2025
LDRI,21,18,18,19,arrivals,0.8571428571428571,0.9047619047619048,shipped,2025
LGML,21,0,0,0,arrivals,0.0,0.0,shipped,2025
EGNV,21,19,19,19,arrivals,0.9047619047619048,0.9047619047619048,shipped,2025
LSZB,21,20,19,23,arrivals,0.9047619047619048,1.0952380952380953,shipped,2025
LRCV,21,0,0,0,arrivals,0.0,0.0,shipped,2025
LRBS,21,20,19,20,arrivals,0.9047619047619048,0.9523809523809523,shipped,2025
BIAR,21,0,0,0,arrivals,0.0,0.0,shipped,2025
ENSG,21,5,0,0,arrivals,0.0,0.0,shipped,2025
EIKY,21,21,21,21,arrivals,1.0,1.0,shipped,2025
LFLC,21,20,20,20,arrivals,0.9523809523809523,0.9523809523809523,shipped,2025
DABC,20,0,0,0,departures,0.0,0.0,shipped,2025
LTCR,20,0,0,0,departures,0.0,0.0,shipped,2025
LSZB,20,19,18,20,departures,0.9,1.0,shipped,2025
GMTN,20,20,19,19,arrivals,0.95,0.95,shipped,2025
LSGS,20,1,0,0,arrivals,0.0,0.0,shipped,2025
LTCR,20,0,0,0,arrivals,0.0,0.0,shipped,2025
LRSV,20,0,0,0,arrivals,0.0,0.0,shipped,2025
EGNJ,20,15,15,15,arrivals,0.75,0.75,shipped,2025
HLLM,20,0,0,0,arrivals,0.0,0.0,shipped,2025
DABC,20,0,0,0,arrivals,0.0,0.0,shipped,2025
LTCJ,19,0,0,0,departures,0.0,0.0,shipped,2025
GMTN,19,18,18,18,departures,0.9473684210526315,0.9473684210526315,shipped,2025
EFTU,19,17,17,17,departures,0.8947368421052632,0.8947368421052632,shipped,2025
ENVD,19,8,0,0,departures,0.0,0.0,shipped,2025
LRBC,19,19,19,30,departures,1.0,1.5789473684210527,shipped,2025
ENSK,19,18,0,0,departures,0.0,0.0,shipped,2025
LSZR,19,19,19,21,departures,1.0,1.105263157894737,shipped,2025
LOWK,19,19,19,19,departures,1.0,1.0,shipped,2025
EGTK,19,19,19,20,departures,1.0,1.0526315789473684,shipped,2025
HLLM,19,2,2,2,departures,0.10526315789473684,0.10526315789473684,shipped,2025
LTCJ,19,0,0,0,arrivals,0.0,0.0,shipped,2025
LRBC,19,3,3,3,arrivals,0.15789473684210525,0.15789473684210525,shipped,2025
ENSK,19,4,0,0,arrivals,0.0,0.0,shipped,2025
LFTZ,19,18,0,0,arrivals,0.0,0.0,shipped,2025
LSZR,19,18,18,18,arrivals,0.9473684210526315,0.9473684210526315,shipped,2025
EYPA,18,17,16,16,departures,0.8888888888888888,0.8888888888888888,shipped,2025
EGJA,18,16,16,16,departures,0.8888888888888888,0.8888888888888888,shipped,2025
EBOS,18,16,16,16,departures,0.8888888888888888,0.8888888888888888,shipped,2025
LFLC,18,18,18,18,departures,1.0,1.0,shipped,2025
LOWK,18,5,5,5,arrivals,0.2777777777777778,0.2777777777777778,shipped,2025
LIPO,18,18,14,15,arrivals,0.7777777777777778,0.8333333333333334,shipped,2025
EGJA,18,18,18,22,arrivals,1.0,1.2222222222222223,shipped,2025
EFTU,18,10,10,10,arrivals,0.5555555555555556,0.5555555555555556,shipped,2025
EFRO,17,0,0,0,departures,0.0,0.0,shipped,2025
LPAZ,17,16,16,16,departures,0.9411764705882353,0.9411764705882353,shipped,2025
EPLL,17,17,17,17,departures,1.0,1.0,shipped,2025
LQBK,17,17,17,17,departures,1.0,1.0,shipped,2025
ENML,17,5,4,4,departures,0.23529411764705882,0.23529411764705882,shipped,2025
LGAL,17,16,16,16,departures,0.9411764705882353,0.9411764705882353,shipped,2025
EBKT,17,17,17,18,departures,1.0,1.0588235294117647,shipped,2025
EFRO,17,0,0,0,arrivals,0.0,0.0,shipped,2025
LQBK,17,7,7,7,arrivals,0.4117647058823529,0.4117647058823529,shipped,2025
EBOS,17,15,15,18,arrivals,0.8823529411764706,1.0588235294117647,shipped,2025
EYPA,17,5,4,4,arrivals,0.23529411764705882,0.23529411764705882,shipped,2025
LFLY,16,16,0,0,departures,0.0,0.0,shipped,2025
EKRN,16,16,16,17,departures,1.0,1.0625,shipped,2025
LYNI,16,1,0,0,departures,0.0,0.0,shipped,2025
LFBL,16,11,11,11,departures,0.6875,0.6875,shipped,2025
EPBY,16,15,15,15,departures,0.9375,0.9375,shipped,2025
LTCF,16,0,0,0,departures,0.0,0.0,shipped,2025
EGNJ,16,12,12,12,departures,0.75,0.75,shipped,2025
EDDE,16,16,16,16,departures,1.0,1.0,shipped,2025
LXGB,16,15,15,15,departures,0.9375,0.9375,shipped,2025
LEPP,16,16,16,18,departures,1.0,1.125,shipped,2025
EPLB,16,15,15,16,departures,0.9375,1.0,shipped,2025
LFBE,16,15,15,15,departures,0.9375,0.9375,shipped,2025
EKEB,16,13,13,15,departures,0.8125,0.9375,shipped,2025
LECH,16,14,14,15,departures,0.875,0.9375,shipped,2025
LFLY,16,16,0,0,arrivals,0.0,0.0,shipped,2025
LYNI,16,0,0,0,arrivals,0.0,0.0,shipped,2025
LFBL,16,0,0,0,arrivals,0.0,0.0,shipped,2025
EPLL,16,15,15,15,arrivals,0.9375,0.9375,shipped,2025
LTCF,16,0,0,0,arrivals,0.0,0.0,shipped,2025
ENSH,16,1,0,0,arrivals,0.0,0.0,shipped,2025
LFMK,16,15,15,15,arrivals,0.9375,0.9375,shipped,2025
EGTK,16,16,15,15,arrivals,0.9375,0.9375,shipped,2025
LGAL,16,16,16,16,arrivals,1.0,1.0,shipped,2025
EDVE,16,16,14,14,arrivals,0.875,0.875,shipped,2025
EPLB,16,15,15,18,arrivals,0.9375,1.125,shipped,2025
LFBE,16,13,13,13,arrivals,0.8125,0.8125,shipped,2025
LXGB,16,15,15,15,arrivals,0.9375,0.9375,shipped,2025
UWGG,15,0,0,0,departures,0.0,0.0,shipped,2025
HESX,15,5,4,5,departures,0.26666666666666666,0.3333333333333333,shipped,2025
LTCK,15,0,0,0,departures,0.0,0.0,shipped,2025
EDNY,15,13,12,12,departures,0.8,0.8,shipped,2025
ENRA,15,9,7,8,departures,0.4666666666666667,0.5333333333333333,shipped,2025
EGAE,15,5,5,5,departures,0.3333333333333333,0.3333333333333333,shipped,2025
LFMK,15,15,15,15,departures,1.0,1.0,shipped,2025
LFRM,15,15,14,16,arrivals,0.9333333333333333,1.0666666666666667,shipped,2025
EKRN,15,11,11,11,arrivals,0.7333333333333333,0.7333333333333333,shipped,2025
ENVD,15,0,0,0,arrivals,0.0,0.0,shipped,2025
LTCK,15,0,0,0,arrivals,0.0,0.0,shipped,2025
EPBY,15,9,9,9,arrivals,0.6,0.6,shipped,2025
EDNY,15,12,12,13,arrivals,0.8,0.8666666666666667,shipped,2025
ENML,15,0,0,0,arrivals,0.0,0.0,shipped,2025
LLHA,15,13,13,13,arrivals,0.8666666666666667,0.8666666666666667,shipped,2025
LGLM,15,0,0,0,arrivals,0.0,0.0,shipped,2025
LECH,15,13,13,13,arrivals,0.8666666666666667,0.8666666666666667,shipped,2025
HESX,15,4,4,14,arrivals,0.26666666666666666,0.9333333333333333,shipped,2025
EDDE,15,15,14,14,arrivals,0.9333333333333333,0.9333333333333333,shipped,2025
EKEB,15,12,12,12,arrivals,0.8,0.8,shipped,2025
LFSD,15,15,14,16,arrivals,0.9333333333333333,1.0666666666666667,shipped,2025
LTAY,14,2,2,2,departures,0.14285714285714285,0.14285714285714285,shipped,2025
ETSI,14,13,13,13,departures,0.9285714285714286,0.9285714285714286,shipped,2025
LROD,14,4,3,3,departures,0.21428571428571427,0.21428571428571427,shipped,2025
ENSH,14,14,0,0,departures,0.0,0.0,shipped,2025
LTAR,14,0,0,0,departures,0.0,0.0,shipped,2025
EDVE,14,14,14,14,departures,1.0,1.0,shipped,2025
LGLM,14,0,0,0,departures,0.0,0.0,shipped,2025
LLHA,14,13,13,13,departures,0.9285714285714286,0.9285714285714286,shipped,2025
EFKU,14,14,14,14,departures,1.0,1.0,shipped,2025
LFBH,14,6,6,6,arrivals,0.42857142857142855,0.42857142857142855,shipped,2025
LPAZ,14,11,11,13,arrivals,0.7857142857142857,0.9285714285714286,shipped,2025
LROD,14,0,0,0,arrivals,0.0,0.0,shipped,2025
ENRA,14,0,0,0,arrivals,0.0,0.0,shipped,2025
EGAE,14,3,2,2,arrivals,0.14285714285714285,0.14285714285714285,shipped,2025
LTAR,14,0,0,0,arrivals,0.0,0.0,shipped,2025
LEPP,14,2,2,2,arrivals,0.14285714285714285,0.14285714285714285,shipped,2025
LFRM,13,13,13,14,departures,1.0,1.0769230769230769,shipped,2025
LFBH,13,13,13,13,departures,1.0,1.0,shipped,2025
LTDA,13,0,0,0,departures,0.0,0.0,shipped,2025
LPPS,13,6,5,5,departures,0.38461538461538464,0.38461538461538464,shipped,2025
LFRZ,13,13,10,10,departures,0.7692307692307693,0.7692307692307693,shipped,2025
LTCT,13,0,0,0,departures,0.0,0.0,shipped,2025
LIBC,13,0,0,0,departures,0.0,0.0,shipped,2025
EDMA,13,13,13,13,departures,1.0,1.0,shipped,2025
LGKV,13,13,13,14,departures,1.0,1.0769230769230769,shipped,2025
EFVA,13,12,12,12,departures,0.9230769230769231,0.9230769230769231,shipped,2025
UWGG,13,0,0,0,arrivals,0.0,0.0,shipped,2025
LTAY,13,0,0,0,arrivals,0.0,0.0,shipped,2025
LGKV,13,13,13,13,arrivals,1.0,1.0,shipped,2025
LPPS,13,6,4,4,arrivals,0.3076923076923077,0.3076923076923077,shipped,2025
LFRZ,13,13,10,10,arrivals,0.7692307692307693,0.7692307692307693,shipped,2025
EFKU,13,13,13,13,arrivals,1.0,1.0,shipped,2025
LTCT,13,0,0,0,arrivals,0.0,0.0,shipped,2025
LBPD,13,1,0,0,arrivals,0.0,0.0,shipped,2025
ESNS,12,12,12,12,departures,1.0,1.0,shipped,2025
EDFM,12,11,11,17,departures,0.9166666666666666,1.4166666666666667,shipped,2025
LFMU,12,12,12,12,departures,1.0,1.0,shipped,2025
ENBL,12,0,0,0,departures,0.0,0.0,shipped,2025
GCGM,12,6,0,0,departures,0.0,0.0,shipped,2025
ENSD,12,1,0,0,departures,0.0,0.0,shipped,2025
LTCP,12,0,0,0,departures,0.0,0.0,shipped,2025
LIRS,12,12,12,13,departures,1.0,1.0833333333333333,shipped,2025
LFTZ,12,11,0,0,departures,0.0,0.0,shipped,2025
LFTW,12,11,11,11,departures,0.9166666666666666,0.9166666666666666,shipped,2025
LTFD,12,11,11,11,departures,0.9166666666666666,0.9166666666666666,shipped,2025
ENST,12,4,3,4,departures,0.25,0.3333333333333333,shipped,2025
EKRK,12,12,12,12,departures,1.0,1.0,shipped,2025
LTCN,12,0,0,0,departures,0.0,0.0,shipped,2025
HLLB,12,0,0,0,departures,0.0,0.0,shipped,2025
LGIO,12,10,10,10,arrivals,0.8333333333333334,0.8333333333333334,shipped,2025
LTFD,12,12,12,12,arrivals,1.0,1.0,shipped,2025
LIBF,12,0,0,0,arrivals,0.0,0.0,shipped,2025
ETSI,12,11,9,9,arrivals,0.75,0.75,shipped,2025
LGRX,12,1,1,1,arrivals,0.08333333333333333,0.08333333333333333,shipped,2025
LFMU,12,11,11,11,arrivals,0.9166666666666666,0.9166666666666666,shipped,2025
LTCN,12,0,0,0,arrivals,0.0,0.0,shipped,2025
HLLB,12,0,0,0,arrivals,0.0,0.0,shipped,2025
LIBC,12,0,0,0,arrivals,0.0,0.0,shipped,2025
EFVA,12,0,0,0,arrivals,0.0,0.0,shipped,2025
LTCD,12,0,0,0,arrivals,0.0,0.0,shipped,2025
EKSB,12,12,12,12,arrivals,1.0,1.0,shipped,2025
GCGM,12,0,0,0,arrivals,0.0,0.0,shipped,2025
LRBV,11,10,10,10,departures,0.9090909090909091,0.9090909090909091,shipped,2025
LTCD,11,0,0,0,departures,0.0,0.0,shipped,2025
EGPN,11,11,11,12,departures,1.0,1.0909090909090908,shipped,2025
LTCV,11,0,0,0,departures,0.0,0.0,shipped,2025
LIPO,11,11,11,13,departures,1.0,1.1818181818181819,shipped,2025
LGRX,11,1,1,1,departures,0.09090909090909091,0.09090909090909091,shipped,2025
ENAN,11,10,0,0,departures,0.0,0.0,shipped,2025
GMML,11,2,0,0,departures,0.0,0.0,shipped,2025
LFSD,11,11,11,12,departures,1.0,1.0909090909090908,shipped,2025
LFMV,11,11,11,11,arrivals,1.0,1.0,shipped,2025
EGPN,11,11,11,11,arrivals,1.0,1.0,shipped,2025
LTCV,11,0,0,0,arrivals,0.0,0.0,shipped,2025
ESNS,11,7,7,7,arrivals,0.6363636363636364,0.6363636363636364,shipped,2025
EDFM,11,10,10,14,arrivals,0.9090909090909091,1.2727272727272727,shipped,2025
GMML,11,0,0,0,arrivals,0.0,0.0,shipped,2025
LTCP,11,0,0,0,arrivals,0.0,0.0,shipped,2025
LIRS,11,4,4,4,arrivals,0.36363636363636365,0.36363636363636365,shipped,2025
LFTW,11,11,11,11,arrivals,1.0,1.0,shipped,2025
EDMA,11,11,10,10,arrivals,0.9090909090909091,0.9090909090909091,shipped,2025
LTDA,11,0,0,0,arrivals,0.0,0.0,shipped,2025
ENST,11,0,0,0,arrivals,0.0,0.0,shipped,2025
LICB,11,11,10,12,arrivals,0.9090909090909091,1.0909090909090908,shipped,2025
ENBL,11,0,0,0,arrivals,0.0,0.0,shipped,2025
ENSD,11,2,0,0,arrivals,0.0,0.0,shipped,2025
LGIO,10,9,9,9,departures,0.9,0.9,shipped,2025
LFMV,10,9,9,10,departures,0.9,1.0,shipped,2025
EKSB,10,10,10,10,departures,1.0,1.0,shipped,2025
ESNZ,10,8,8,8,departures,0.8,0.8,shipped,2025
LQMO,10,0,0,1,departures,0.0,0.1,shipped,2025
LGIK,10,7,0,0,departures,0.0,0.0,shipped,2025
LIMP,10,10,10,10,departures,1.0,1.0,shipped,2025
EHGG,10,10,10,10,departures,1.0,1.0,shipped,2025
LIPK,10,7,7,7,departures,0.7,0.7,shipped,2025
DAAE,10,1,1,1,departures,0.1,0.1,shipped,2025
LFCR,10,10,10,10,arrivals,1.0,1.0,shipped,2025
LDSB,10,1,0,0,arrivals,0.0,0.0,shipped,2025
LIPK,10,8,8,8,arrivals,0.8,0.8,shipped,2025
DAAE,10,3,3,3,arrivals,0.3,0.3,shipped,2025
EKOD,10,10,10,10,arrivals,1.0,1.0,shipped,2025
EHGG,10,10,10,11,arrivals,1.0,1.1,shipped,2025
LFCR,9,9,9,9,departures,1.0,1.0,shipped,2025
LKPD,9,9,9,13,departures,1.0,1.4444444444444444,shipped,2025
ESKN,9,7,7,7,departures,0.7777777777777778,0.7777777777777778,shipped,2025
LBPD,9,4,4,4,departures,0.4444444444444444,0.4444444444444444,shipped,2025
GMFK,9,3,0,0,departures,0.0,0.0,shipped,2025
LTCO,9,0,0,0,departures,0.0,0.0,shipped,2025
LDSB,9,0,0,0,departures,0.0,0.0,shipped,2025
LTBR,9,9,9,10,departures,1.0,1.1111111111111112,shipped,2025
ENNA,9,8,0,0,departures,0.0,0.0,shipped,2025
LICB,9,9,9,9,departures,1.0,1.0,shipped,2025
EDTY,9,9,9,9,departures,1.0,1.0,shipped,2025
ESTA,9,8,7,7,departures,0.7777777777777778,0.7777777777777778,shipped,2025
ENMS,9,3,0,0,departures,0.0,0.0,shipped,2025
GMMI,9,0,0,0,departures,0.0,0.0,shipped,2025
UUBW,9,0,0,0,arrivals,0.0,0.0,shipped,2025
DAON,9,0,0,0,arrivals,0.0,0.0,shipped,2025
GMMI,9,0,0,0,arrivals,0.0,0.0,shipped,2025
LGIK,9,5,0,0,arrivals,0.0,0.0,shipped,2025
EGNR,9,8,1,1,arrivals,0.1111111111111111,0.1111111111111111,shipped,2025
GMFK,9,0,0,0,arrivals,0.0,0.0,shipped,2025
ENMS,9,0,0,0,arrivals,0.0,0.0,shipped,2025
LTBR,9,7,7,9,arrivals,0.7777777777777778,1.0,shipped,2025
LRBV,9,9,9,9,arrivals,1.0,1.0,shipped,2025
ESNZ,9,7,7,7,arrivals,0.7777777777777778,0.7777777777777778,shipped,2025
EKRK,9,9,9,9,arrivals,1.0,1.0,shipped,2025
LQMO,9,0,0,0,arrivals,0.0,0.0,shipped,2025
ENAN,9,4,0,0,arrivals,0.0,0.0,shipped,2025
URML,9,0,0,0,arrivals,0.0,0.0,shipped,2025
ESKN,9,7,6,7,arrivals,0.6666666666666666,0.7777777777777778,shipped,2025
LTCO,9,1,0,0,arrivals,0.0,0.0,shipped,2025
LSMP,8,8,7,8,departures,0.875,1.0,shipped,2025
LFSL,8,8,8,8,departures,1.0,1.0,shipped,2025
EGPI,8,7,5,5,departures,0.625,0.625,shipped,2025
ESMX,8,6,6,6,departures,0.75,0.75,shipped,2025
EFMA,8,2,2,2,departures,0.25,0.25,shipped,2025
EGPR,8,1,0,0,departures,0.0,0.0,shipped,2025
EDHI,8,8,0,0,departures,0.0,0.0,shipped,2025
ENJS,8,0,0,0,departures,0.0,0.0,shipped,2025
LFOT,8,8,8,8,departures,1.0,1.0,shipped,2025
LEBZ,8,7,7,7,departures,0.875,0.875,shipped,2025
EPSY,8,7,7,8,departures,0.875,1.0,shipped,2025
LQTZ,8,6,6,8,departures,0.75,1.0,shipped,2025
LDOS,8,3,3,3,departures,0.375,0.375,shipped,2025
LFRG,8,8,8,10,departures,1.0,1.25,shipped,2025
BIEG,8,0,0,0,departures,0.0,0.0,shipped,2025
DAON,8,2,2,2,departures,0.25,0.25,shipped,2025
EDLN,8,8,5,5,departures,0.625,0.625,shipped,2025
EFTP,8,5,5,5,departures,0.625,0.625,shipped,2025
UBBG,8,0,0,0,departures,0.0,0.0,shipped,2025
LGST,8,2,0,0,departures,0.0,0.0,shipped,2025
LSMP,8,8,6,8,arrivals,0.75,1.0,shipped,2025
LQTZ,8,1,1,1,arrivals,0.125,0.125,shipped,2025
LFSL,8,4,4,4,arrivals,0.5,0.5,shipped,2025
LDOS,8,4,4,4,arrivals,0.5,0.5,shipped,2025
EGPI,8,0,0,0,arrivals,0.0,0.0,shipped,2025
ESMX,8,3,3,3,arrivals,0.375,0.375,shipped,2025
EBKT,8,8,8,8,arrivals,1.0,1.0,shipped,2025
EFMA,8,2,2,2,arrivals,0.25,0.25,shipped,2025
BIEG,8,0,0,0,arrivals,0.0,0.0,shipped,2025
LKPD,8,8,8,12,arrivals,1.0,1.5,shipped,2025
ESTA,8,4,4,4,arrivals,0.5,0.5,shipped,2025
LFOT,8,8,8,8,arrivals,1.0,1.0,shipped,2025
LFLB,8,8,7,7,arrivals,0.875,0.875,shipped,2025
ENNA,8,0,0,0,arrivals,0.0,0.0,shipped,2025
LGST,8,0,0,0,arrivals,0.0,0.0,shipped,2025
EDRY,7,7,0,0,departures,0.0,0.0,shipped,2025
EDTL,7,7,7,7,departures,1.0,1.0,shipped,2025
ESSL,7,7,6,6,departures,0.8571428571428571,0.8571428571428571,shipped,2025
ENNM,7,4,0,0,departures,0.0,0.0,shipped,2025
LIBF,7,0,0,0,departures,0.0,0.0,shipped,2025
LHDC,7,6,6,7,departures,0.8571428571428571,1.0,shipped,2025
EIDL,7,7,7,7,departures,1.0,1.0,shipped,2025
LTCW,7,0,0,0,departures,0.0,0.0,shipped,2025
BIIS,7,6,0,0,departures,0.0,0.0,shipped,2025
EKOD,7,7,7,7,departures,1.0,1.0,shipped,2025
OITT,7,0,0,0,departures,0.0,0.0,shipped,2025
UUBW,7,1,0,0,departures,0.0,0.0,shipped,2025
ESNQ,7,6,6,6,departures,0.8571428571428571,0.8571428571428571,shipped,2025
EGPL,7,0,0,0,departures,0.0,0.0,shipped,2025
HEBA,7,6,6,6,departures,0.8571428571428571,0.8571428571428571,shipped,2025
ESNQ,7,0,0,0,arrivals,0.0,0.0,shipped,2025
EGPR,7,0,0,0,arrivals,0.0,0.0,shipped,2025
BIIS,7,0,0,0,arrivals,0.0,0.0,shipped,2025
DABB,7,0,0,0,arrivals,0.0,0.0,shipped,2025
EDTL,7,7,5,5,arrivals,0.7142857142857143,0.7142857142857143,shipped,2025
ENJS,7,0,0,0,arrivals,0.0,0.0,shipped,2025
EGPL,7,0,0,0,arrivals,0.0,0.0,shipped,2025
LEBZ,7,6,6,6,arrivals,0.8571428571428571,0.8571428571428571,shipped,2025
LTCW,7,0,0,0,arrivals,0.0,0.0,shipped,2025
EDHI,7,7,0,0,arrivals,0.0,0.0,shipped,2025
EIDL,7,7,7,7,arrivals,1.0,1.0,shipped,2025
OITT,7,0,0,0,arrivals,0.0,0.0,shipped,2025
EDTY,7,7,6,6,arrivals,0.8571428571428571,0.8571428571428571,shipped,2025
LIMP,7,5,5,5,arrivals,0.7142857142857143,0.7142857142857143,shipped,2025
HEAL,6,1,1,1,departures,0.16666666666666666,0.16666666666666666,shipped,2025
ENDU,6,2,2,15,departures,0.3333333333333333,2.5,shipped,2025
EFKE,6,1,0,0,departures,0.0,0.0,shipped,2025
ESOE,6,6,6,6,departures,1.0,1.0,shipped,2025
EFJO,6,6,6,6,departures,1.0,1.0,shipped,2025
URML,6,0,0,0,departures,0.0,0.0,shipped,2025
ENRM,6,5,5,11,departures,0.8333333333333334,1.8333333333333333,shipped,2025
LTCU,6,0,0,0,departures,0.0,0.0,shipped,2025
EGNR,6,6,4,4,departures,0.6666666666666666,0.6666666666666666,shipped,2025
EDVK,6,4,4,4,departures,0.6666666666666666,0.6666666666666666,shipped,2025
EGPU,6,1,0,0,departures,0.0,0.0,shipped,2025
HEMM,6,0,0,0,departures,0.0,0.0,shipped,2025
ESNK,6,0,0,0,departures,0.0,0.0,shipped,2025
EDHL,6,6,6,6,departures,1.0,1.0,shipped,2025
ENSO,6,6,6,6,departures,1.0,1.0,shipped,2025
LPVZ,6,6,0,0,departures,0.0,0.0,shipped,2025
ESKM,6,3,0,0,departures,0.0,0.0,shipped,2025
EHJA,6,3,0,0,departures,0.0,0.0,shipped,2025
ESNL,6,0,0,0,departures,0.0,0.0,shipped,2025
LPPM,6,6,6,7,departures,1.0,1.1666666666666667,shipped,2025
EFIV,6,2,0,0,departures,0.0,0.0,shipped,2025
DABB,6,0,0,0,departures,0.0,0.0,shipped,2025
EDVK,6,4,4,4,arrivals,0.6666666666666666,0.6666666666666666,shipped,2025
EDRY,6,5,0,0,arrivals,0.0,0.0,shipped,2025
EGPU,6,0,0,0,arrivals,0.0,0.0,shipped,2025
LHDC,6,0,0,0,arrivals,0.0,0.0,shipped,2025
ESOE,6,6,6,7,arrivals,1.0,1.1666666666666667,shipped,2025
LFLI,6,6,0,0,arrivals,0.0,0.0,shipped,2025
LFEC,6,0,0,0,arrivals,0.0,0.0,shipped,2025
LIMZ,6,6,6,6,arrivals,1.0,1.0,shipped,2025
EFTP,6,5,5,5,arrivals,0.8333333333333334,0.8333333333333334,shipped,2025
ENLE,6,0,0,0,arrivals,0.0,0.0,shipped,2025
EFIV,6,2,0,0,arrivals,0.0,0.0,shipped,2025
HEAL,6,2,2,2,arrivals,0.3333333333333333,0.3333333333333333,shipped,2025
ENNM,6,4,0,0,arrivals,0.0,0.0,shipped,2025
ESNK,6,0,0,1,arrivals,0.0,0.16666666666666666,shipped,2025
EDHL,6,6,6,6,arrivals,1.0,1.0,shipped,2025
ENSO,6,6,6,6,arrivals,1.0,1.0,shipped,2025
EFJO,6,1,1,1,arrivals,0.16666666666666666,0.16666666666666666,shipped,2025
LWOH,6,0,0,0,arrivals,0.0,0.0,shipped,2025
HEBA,6,5,5,5,arrivals,0.8333333333333334,0.8333333333333334,shipped,2025
ESSL,6,6,6,6,arrivals,1.0,1.0,shipped,2025
LGLE,6,1,0,0,arrivals,0.0,0.0,shipped,2025
ESKM,6,5,2,4,arrivals,0.3333333333333333,0.6666666666666666,shipped,2025
ESNL,6,0,0,0,arrivals,0.0,0.0,shipped,2025
ENRM,6,2,2,5,arrivals,0.3333333333333333,0.8333333333333334,shipped,2025
LTCU,6,0,0,0,arrivals,0.0,0.0,shipped,2025
EEKE,5,5,5,5,departures,1.0,1.0,shipped,2025
LTCM,5,1,0,0,departures,0.0,0.0,shipped,2025
LTCL,5,0,0,0,departures,0.0,0.0,shipped,2025
LGKY,5,4,0,0,departures,0.0,0.0,shipped,2025
ENHE,5,0,0,0,departures,0.0,0.0,shipped,2025
ENFB,5,0,0,0,departures,0.0,0.0,shipped,2025
LGKC,5,0,0,0,departures,0.0,0.0,shipped,2025
ENLE,5,2,0,0,departures,0.0,0.0,shipped,2025
LRTM,5,5,5,6,departures,1.0,1.2,shipped,2025
LGLE,5,1,0,0,departures,0.0,0.0,shipped,2025
EGEC,5,0,0,2,departures,0.0,0.4,shipped,2025
ESGT,5,2,2,2,departures,0.4,0.4,shipped,2025
EFKI,5,4,4,4,departures,0.8,0.8,shipped,2025
ORMM,5,5,5,5,departures,1.0,1.0,shipped,2025
ESNG,5,0,0,0,departures,0.0,0.0,shipped,2025
EFJY,5,5,5,5,departures,1.0,1.0,shipped,2025
EETU,5,5,4,4,departures,0.8,0.8,shipped,2025
EFKK,5,5,5,5,departures,1.0,1.0,shipped,2025
EDAH,5,3,3,3,departures,0.6,0.6,shipped,2025
ESNX,5,0,0,0,departures,0.0,0.0,shipped,2025
LFLB,5,5,5,6,departures,1.0,1.2,shipped,2025
LFEC,5,0,0,0,departures,0.0,0.0,shipped,2025
LTAW,5,0,0,0,departures,0.0,0.0,shipped,2025
LFJL,5,4,4,4,departures,0.8,0.8,shipped,2025
ENRS,5,5,0,0,departures,0.0,0.0,shipped,2025
DAAS,5,0,0,0,departures,0.0,0.0,shipped,2025
EEKA,5,0,0,0,departures,0.0,0.0,shipped,2025
LFLI,5,5,0,0,departures,0.0,0.0,shipped,2025
LWOH,5,1,1,1,departures,0.2,0.2,shipped,2025
LIMZ,5,5,5,5,departures,1.0,1.0,shipped,2025
ESDF,5,5,5,5,departures,1.0,1.0,shipped,2025
GMMZ,5,2,0,0,departures,0.0,0.0,shipped,2025
EPSY,5,2,2,2,arrivals,0.4,0.4,shipped,2025
URMG,5,0,0,0,arrivals,0.0,0.0,shipped,2025
ENDU,5,0,0,0,arrivals,0.0,0.0,shipped,2025
LTCM,5,0,0,0,arrivals,0.0,0.0,shipped,2025
LTCL,5,0,0,0,arrivals,0.0,0.0,shipped,2025
LFRG,5,5,5,5,arrivals,1.0,1.0,shipped,2025
EEKA,5,0,0,1,arrivals,0.0,0.2,shipped,2025
ENHE,5,0,0,0,arrivals,0.0,0.0,shipped,2025
LTAW,5,0,0,0,arrivals,0.0,0.0,shipped,2025
EGVN,5,4,4,4,arrivals,0.8,0.8,shipped,2025
LESA,5,0,0,0,arrivals,0.0,0.0,shipped,2025
LRTM,5,0,0,0,arrivals,0.0,0.0,shipped,2025
EDAH,5,3,3,4,arrivals,0.6,0.8,shipped,2025
LSZS,5,0,0,0,arrivals,0.0,0.0,shipped,2025
EFKI,5,0,0,0,arrivals,0.0,0.0,shipped,2025
HEMM,5,0,0,0,arrivals,0.0,0.0,shipped,2025
ORMM,5,1,1,1,arrivals,0.2,0.2,shipped,2025
EEKE,5,5,5,5,arrivals,1.0,1.0,shipped,2025
DAAS,5,0,0,0,arrivals,0.0,0.0,shipped,2025
LPPM,5,5,5,8,arrivals,1.0,1.6,shipped,2025
ESNG,5,0,0,0,arrivals,0.0,0.0,shipped,2025
GMMZ,5,0,0,0,arrivals,0.0,0.0,shipped,2025
UBBG,5,0,0,0,arrivals,0.0,0.0,shipped,2025
LFJL,5,5,5,5,arrivals,1.0,1.0,shipped,2025
ENOA,5,0,0,0,arrivals,0.0,0.0,shipped,2025
LPVZ,5,5,1,1,arrivals,0.2,0.2,shipped,2025
EGEC,5,0,0,0,arrivals,0.0,0.0,shipped,2025
ENRS,5,0,0,0,arrivals,0.0,0.0,shipped,2025
EKDF,5,0,0,0,arrivals,0.0,0.0,shipped,2025
LGKC,5,0,0,0,arrivals,0.0,0.0,shipped,2025
LGSO,4,3,0,0,departures,0.0,0.0,shipped,2025
LFPN,4,4,0,0,departures,0.0,0.0,shipped,2025
LFOZ,4,4,0,0,departures,0.0,0.0,shipped,2025
UWSG,4,1,1,1,departures,0.25,0.25,shipped,2025
EPRA,4,4,4,4,departures,1.0,1.0,shipped,2025
LZTT,4,4,4,4,departures,1.0,1.0,shipped,2025
ESMT,4,3,3,4,departures,0.75,1.0,shipped,2025
URWW,4,0,0,0,departures,0.0,0.0,shipped,2025
ENSR,4,0,0,28,departures,0.0,7.0,shipped,2025
ESOK,4,1,1,1,departures,0.25,0.25,shipped,2025
EDAZ,4,4,0,0,departures,0.0,0.0,shipped,2025
LFRT,4,4,3,3,departures,0.75,0.75,shipped,2025
LFLW,4,0,0,0,departures,0.0,0.0,shipped,2025
LFRD,4,4,4,4,departures,1.0,1.0,shipped,2025
LTFC,4,0,0,1,departures,0.0,0.25,shipped,2025
ENRO,4,4,4,4,departures,1.0,1.0,shipped,2025
LECU,4,3,3,3,departures,0.75,0.75,shipped,2025
ESOH,4,4,0,0,departures,0.0,0.0,shipped,2025
LSZA,4,4,4,4,departures,1.0,1.0,shipped,2025
LSGL,4,3,0,0,departures,0.0,0.0,shipped,2025
LGBL,4,4,4,5,departures,1.0,1.25,shipped,2025
LTAP,4,0,0,0,departures,0.0,0.0,shipped,2025
LJPZ,4,3,2,2,departures,0.5,0.5,shipped,2025
EDQG,4,4,0,0,departures,0.0,0.0,shipped,2025
ESNV,4,0,0,0,departures,0.0,0.0,shipped,2025
ENGC,4,0,0,0,departures,0.0,0.0,shipped,2025
EKDF,4,0,0,0,departures,0.0,0.0,shipped,2025
ESMQ,4,4,4,5,departures,1.0,1.25,shipped,2025
LESA,4,4,4,4,departures,1.0,1.0,shipped,2025
LESU,4,4,4,4,departures,1.0,1.0,shipped,2025
LFRH,4,4,4,4,departures,1.0,1.0,shipped,2025
EPZG,4,3,3,3,departures,0.75,0.75,shipped,2025
LKCS,4,4,4,4,departures,1.0,1.0,shipped,2025
ESND,4,0,0,0,departures,0.0,0.0,shipped,2025
ESGJ,4,1,1,1,departures,0.25,0.25,shipped,2025
LGKS,4,0,0,0,departures,0.0,0.0,shipped,2025
LFCK,4,4,4,4,departures,1.0,1.0,shipped,2025
LKHK,4,4,0,0,departures,0.0,0.0,shipped,2025
ESSP,4,4,4,4,departures,1.0,1.0,shipped,2025
EFKT,4,1,1,1,departures,0.25,0.25,shipped,2025
LEVD,4,3,3,3,departures,0.75,0.75,shipped,2025
ORKK,4,0,0,0,departures,0.0,0.0,shipped,2025
EDRZ,4,4,0,0,arrivals,0.0,0.0,shipped,2025
UWSG,4,1,1,1,arrivals,0.25,0.25,shipped,2025
LGPL,4,1,0,0,arrivals,0.0,0.0,shipped,2025
URMO,4,0,0,0,arrivals,0.0,0.0,shipped,2025
ENXO,4,0,0,0,arrivals,0.0,0.0,shipped,2025
LEVD,4,0,0,0,arrivals,0.0,0.0,shipped,2025
EHLL,4,0,0,0,arrivals,0.0,0.0,shipped,2025
LFLX,4,0,0,0,arrivals,0.0,0.0,shipped,2025
LKCS,4,4,4,5,arrivals,1.0,1.25,shipped,2025
ENQG,4,0,0,0,arrivals,0.0,0.0,shipped,2025
ESDF,4,1,1,1,arrivals,0.25,0.25,shipped,2025
LGKY,4,3,0,0,arrivals,0.0,0.0,shipped,2025
ENQS,4,0,0,0,arrivals,0.0,0.0,shipped,2025
ENSR,4,0,0,0,arrivals,0.0,0.0,shipped,2025
ENGC,4,0,0,0,arrivals,0.0,0.0,shipped,2025
EDAZ,4,4,0,0,arrivals,0.0,0.0,shipped,2025
LTAS,4,0,0,0,arrivals,0.0,0.0,shipped,2025
ESGJ,4,0,0,0,arrivals,0.0,0.0,shipped,2025
LFCK,4,4,4,4,arrivals,1.0,1.0,shipped,2025
LGSO,4,0,0,0,arrivals,0.0,0.0,shipped,2025
LRBM,4,0,0,0,arrivals,0.0,0.0,shipped,2025
LZTT,4,1,1,1,arrivals,0.25,0.25,shipped,2025
ESOH,4,4,0,0,arrivals,0.0,0.0,shipped,2025
ESOK,4,1,1,1,arrivals,0.25,0.25,shipped,2025
EGNO,4,4,4,4,arrivals,1.0,1.0,shipped,2025
LSGL,4,3,0,0,arrivals,0.0,0.0,shipped,2025
EFJY,4,1,1,1,arrivals,0.25,0.25,shipped,2025
LFRH,4,4,4,4,arrivals,1.0,1.0,shipped,2025
LTAP,4,0,0,0,arrivals,0.0,0.0,shipped,2025
LTFC,4,0,0,0,arrivals,0.0,0.0,shipped,2025
ESNX,4,0,0,0,arrivals,0.0,0.0,shipped,2025
EDQG,4,4,0,0,arrivals,0.0,0.0,shipped,2025
ESNV,4,0,0,0,arrivals,0.0,0.0,shipped,2025
ESND,4,2,0,0,arrivals,0.0,0.0,shipped,2025
LSZA,4,4,4,5,arrivals,1.0,1.25,shipped,2025
EETU,4,2,2,2,arrivals,0.5,0.5,shipped,2025
EFKK,4,4,4,4,arrivals,1.0,1.0,shipped,2025
LGKS,4,0,0,0,arrivals,0.0,0.0,shipped,2025
LKHK,4,4,0,0,arrivals,0.0,0.0,shipped,2025
ESSP,4,4,3,3,arrivals,0.75,0.75,shipped,2025
LDLO,4,1,0,0,arrivals,0.0,0.0,shipped,2025
LGBL,4,1,1,1,arrivals,0.25,0.25,shipped,2025
ESGT,4,1,1,1,arrivals,0.25,0.25,shipped,2025
EFKE,4,0,0,0,arrivals,0.0,0.0,shipped,2025
LZPP,4,4,3,3,arrivals,0.75,0.75,shipped,2025
EFKT,4,1,1,1,arrivals,0.25,0.25,shipped,2025
LFLW,4,0,0,0,arrivals,0.0,0.0,shipped,2025
BIBD,3,3,1,1,departures,0.3333333333333333,0.3333333333333333,shipped,2025
ENQO,3,0,0,0,departures,0.0,0.0,shipped,2025
EGLK,3,3,3,3,departures,1.0,1.0,shipped,2025
ENWS,3,0,0,0,departures,0.0,0.0,shipped,2025
LRBM,3,1,0,0,departures,0.0,0.0,shipped,2025
EGMD,3,3,2,2,departures,0.6666666666666666,0.6666666666666666,shipped,2025
ETAR,3,3,3,3,departures,1.0,1.0,shipped,2025
ENXO,3,1,0,0,departures,0.0,0.0,shipped,2025
LELN,3,3,3,3,departures,1.0,1.0,shipped,2025
LFLS,3,3,3,3,departures,1.0,1.0,shipped,2025
OJAM,3,0,0,7,departures,0.0,2.3333333333333335,shipped,2025
ENOC,3,0,0,0,departures,0.0,0.0,shipped,2025
LTBH,3,3,3,3,departures,1.0,1.0,shipped,2025
UDSG,3,0,0,0,departures,0.0,0.0,shipped,2025
ENWY,3,0,0,0,departures,0.0,0.0,shipped,2025
LTAL,3,0,0,0,departures,0.0,0.0,shipped,2025
EGNH,3,3,3,3,departures,1.0,1.0,shipped,2025
LGSY,3,0,0,0,departures,0.0,0.0,shipped,2025
URMG,3,1,0,0,departures,0.0,0.0,shipped,2025
EDGS,3,3,3,3,departures,1.0,1.0,shipped,2025
LPBJ,3,2,2,2,departures,0.6666666666666666,0.6666666666666666,shipped,2025
ENOL,3,1,1,1,departures,0.3333333333333333,0.3333333333333333,shipped,2025
ENSE,3,0,0,0,departures,0.0,0.0,shipped,2025
BIHN,3,0,0,0,departures,0.0,0.0,shipped,2025
GMMB,3,1,0,0,departures,0.0,0.0,shipped,2025
ESOW,3,3,3,3,departures,1.0,1.0,shipped,2025
LTAS,3,0,0,0,departures,0.0,0.0,shipped,2025
LFHP,3,0,0,0,departures,0.0,0.0,shipped,2025
LFBI,3,3,3,3,departures,1.0,1.0,shipped,2025
URMO,3,0,0,0,departures,0.0,0.0,shipped,2025
EDTM,3,3,3,3,departures,1.0,1.0,shipped,2025
DTTX,3,0,0,0,departures,0.0,0.0,shipped,2025
EFKS,3,0,0,0,departures,0.0,0.0,shipped,2025
ENOA,3,0,0,0,departures,0.0,0.0,shipped,2025
ENSL,3,0,0,0,departures,0.0,0.0,shipped,2025
ESNO,3,1,1,1,departures,0.3333333333333333,0.3333333333333333,shipped,2025
ENQA,3,2,0,0,departures,0.0,0.0,shipped,2025
LSZS,3,3,3,3,departures,1.0,1.0,shipped,2025
ESNN,3,3,3,3,departures,1.0,1.0,shipped,2025
LDLO,3,1,0,0,departures,0.0,0.0,shipped,2025
LRCK,3,3,2,2,departures,0.6666666666666666,0.6666666666666666,shipped,2025
EGNO,3,3,3,3,departures,1.0,1.0,shipped,2025
ENWV,3,0,0,0,departures,0.0,0.0,shipped,2025
GMTA,3,3,3,3,departures,1.0,1.0,shipped,2025
EKHA,3,0,0,0,departures,0.0,0.0,shipped,2025
LSZC,3,3,0,0,departures,0.0,0.0,shipped,2025
OSDI,3,0,0,0,departures,0.0,0.0,shipped,2025
ESUP,3,0,0,0,departures,0.0,0.0,shipped,2025
LFAT,3,2,2,2,departures,0.6666666666666666,0.6666666666666666,shipped,2025
BIBD,3,0,0,0,arrivals,0.0,0.0,shipped,2025
ULAA,3,0,0,0,arrivals,0.0,0.0,shipped,2025
LFLU,3,3,3,3,arrivals,1.0,1.0,shipped,2025
ENWS,3,0,0,0,arrivals,0.0,0.0,shipped,2025
LFMQ,3,3,0,0,arrivals,0.0,0.0,shipped,2025
OSDI,3,0,0,0,arrivals,0.0,0.0,shipped,2025
LELN,3,3,3,3,arrivals,1.0,1.0,shipped,2025
ESUP,3,0,0,0,arrivals,0.0,0.0,shipped,2025
GMTA,3,3,3,3,arrivals,1.0,1.0,shipped,2025
EDTM,3,3,3,3,arrivals,1.0,1.0,shipped,2025
LECU,3,3,0,0,arrivals,0.0,0.0,shipped,2025
ESMT,3,3,2,2,arrivals,0.6666666666666666,0.6666666666666666,shipped,2025
ENOC,3,2,0,0,arrivals,0.0,0.0,shipped,2025
UDSG,3,0,0,0,arrivals,0.0,0.0,shipped,2025
ENWY,3,0,0,0,arrivals,0.0,0.0,shipped,2025
LFHP,3,0,0,0,arrivals,0.0,0.0,shipped,2025
EGNH,3,3,3,3,arrivals,1.0,1.0,shipped,2025
LFBI,3,2,2,2,arrivals,0.6666666666666666,0.6666666666666666,shipped,2025
EPRA,3,3,3,3,arrivals,1.0,1.0,shipped,2025
LFOH,3,3,2,2,arrivals,0.6666666666666666,0.6666666666666666,shipped,2025
OJAM,3,0,0,0,arrivals,0.0,0.0,shipped,2025
DTTX,3,0,0,0,arrivals,0.0,0.0,shipped,2025
EFKS,3,0,0,0,arrivals,0.0,0.0,shipped,2025
GMMB,3,0,0,0,arrivals,0.0,0.0,shipped,2025
ESOW,3,3,3,3,arrivals,1.0,1.0,shipped,2025
LTAL,3,0,0,0,arrivals,0.0,0.0,shipped,2025
EPZG,3,3,3,3,arrivals,1.0,1.0,shipped,2025
LGSY,3,0,0,0,arrivals,0.0,0.0,shipped,2025
LFOZ,3,2,0,0,arrivals,0.0,0.0,shipped,2025
EHJA,3,0,0,0,arrivals,0.0,0.0,shipped,2025
ESUT,3,0,0,0,arrivals,0.0,0.0,shipped,2025
ENFB,3,0,0,0,arrivals,0.0,0.0,shipped,2025
ESMQ,3,3,3,3,arrivals,1.0,1.0,shipped,2025
LTBH,3,0,0,0,arrivals,0.0,0.0,shipped,2025
ENSL,3,0,0,0,arrivals,0.0,0.0,shipped,2025
ESNO,3,0,0,0,arrivals,0.0,0.0,shipped,2025
ENQA,3,2,0,0,arrivals,0.0,0.0,shipped,2025
LFRC,3,3,2,2,arrivals,0.6666666666666666,0.6666666666666666,shipped,2025
ENRO,3,0,0,0,arrivals,0.0,0.0,shipped,2025
EKHA,3,0,0,0,arrivals,0.0,0.0,shipped,2025
URWW,3,0,0,0,arrivals,0.0,0.0,shipped,2025
BIHN,3,0,0,0,arrivals,0.0,0.0,shipped,2025
EDGS,3,3,3,3,arrivals,1.0,1.0,shipped,2025
ENWV,3,0,0,0,arrivals,0.0,0.0,shipped,2025
LFLS,3,3,3,4,arrivals,1.0,1.3333333333333333,shipped,2025
EHFB,3,0,0,0,arrivals,0.0,0.0,shipped,2025
LFRD,3,3,3,4,arrivals,1.0,1.3333333333333333,shipped,2025
ENQV,2,0,0,0,departures,0.0,0.0,shipped,2025
EHKJ,2,1,0,0,departures,0.0,0.0,shipped,2025
EGBJ,2,2,2,2,departures,1.0,1.0,shipped,2025
LSGK,2,2,0,0,departures,0.0,0.0,shipped,2025
EGPC,2,0,0,12,departures,0.0,6.0,shipped,2025
LSGC,2,2,2,2,departures,1.0,1.0,shipped,2025
ENQS,2,0,0,0,departures,0.0,0.0,shipped,2025
ENXW,2,1,0,0,departures,0.0,0.0,shipped,2025
LTBY,2,1,1,1,departures,0.5,0.5,shipped,2025
ENWA,2,1,0,0,departures,0.0,0.0,shipped,2025
LEGT,2,2,2,2,departures,1.0,1.0,shipped,2025
LDRG,2,1,0,0,departures,0.0,0.0,shipped,2025
GMMD,2,0,0,0,departures,0.0,0.0,shipped,2025
LFRV,2,2,2,2,departures,1.0,1.0,shipped,2025
LJMB,2,2,1,2,departures,0.5,1.0,shipped,2025
EHPK,2,2,0,0,departures,0.0,0.0,shipped,2025
LFLU,2,2,2,2,departures,1.0,1.0,shipped,2025
LTAG,2,0,0,0,departures,0.0,0.0,shipped,2025
LFRC,2,2,2,2,departures,1.0,1.0,shipped,2025
EGFE,2,2,2,2,departures,1.0,1.0,shipped,2025
ENQC,2,1,0,0,departures,0.0,0.0,shipped,2025
LFOK,2,2,2,2,departures,1.0,1.0,shipped,2025
EGVN,2,2,2,2,departures,1.0,1.0,shipped,2025
EDXQ,2,2,0,0,departures,0.0,0.0,shipped,2025
LFPT,2,2,2,3,departures,1.0,1.5,shipped,2025
OENN,2,0,0,0,departures,0.0,0.0,shipped,2025
ENUA,2,0,0,0,departures,0.0,0.0,shipped,2025
LFQG,2,2,1,1,departures,0.5,0.5,shipped,2025
LFMQ,2,2,2,2,departures,1.0,1.0,shipped,2025
EHLL,2,1,0,0,departures,0.0,0.0,shipped,2025
ENNE,2,0,0,0,departures,0.0,0.0,shipped,2025
ORNI,2,0,0,0,departures,0.0,0.0,shipped,2025
LEAB,2,2,2,2,departures,1.0,1.0,shipped,2025
LFGA,2,1,1,1,departures,0.5,0.5,shipped,2025
EGNL,2,2,2,3,departures,1.0,1.5,shipped,2025
LTBZ,2,2,0,0,departures,0.0,0.0,shipped,2025
BIVO,2,0,0,0,departures,0.0,0.0,shipped,2025
LSTS,2,2,0,0,departures,0.0,0.0,shipped,2025
GMAT,2,1,0,0,departures,0.0,0.0,shipped,2025
BITN,2,0,0,0,departures,0.0,0.0,shipped,2025
LFLX,2,2,2,2,departures,1.0,1.0,shipped,2025
LKKV,2,2,2,2,departures,1.0,1.0,shipped,2025
LFAC,2,2,2,2,departures,1.0,1.0,shipped,2025
ENQJ,2,1,0,0,departures,0.0,0.0,shipped,2025
ESUT,2,0,0,0,departures,0.0,0.0,shipped,2025
EHGQ,2,1,0,0,departures,0.0,0.0,shipped,2025
LFOH,2,2,0,0,departures,0.0,0.0,shipped,2025
DAUB,2,0,0,0,departures,0.0,0.0,shipped,2025
ENQE,2,1,0,0,departures,0.0,0.0,shipped,2025
LTBU,2,2,2,2,departures,1.0,1.0,shipped,2025
LGKJ,2,0,0,0,departures,0.0,0.0,shipped,2025
ENQD,2,0,0,0,departures,0.0,0.0,shipped,2025
LGPL,2,0,0,0,departures,0.0,0.0,shipped,2025
LEDA,2,1,1,1,departures,0.5,0.5,shipped,2025
ETND,2,2,2,2,departures,1.0,1.0,shipped,2025
LIBG,2,0,0,0,departures,0.0,0.0,shipped,2025
EHFB,2,0,0,0,departures,0.0,0.0,shipped,2025
LRSM,2,1,1,1,departures,0.5,0.5,shipped,2025
ULAA,2,0,0,0,departures,0.0,0.0,shipped,2025
ENGA,2,0,0,0,departures,0.0,0.0,shipped,2025
DAOI,2,1,1,1,departures,0.5,0.5,shipped,2025
ESST,2,2,2,5,departures,1.0,2.5,shipped,2025
EIWF,2,2,1,1,departures,0.5,0.5,shipped,2025
HLMS,2,0,0,0,departures,0.0,0.0,shipped,2025
LZPP,2,2,2,2,departures,1.0,1.0,shipped,2025
ENQO,2,0,0,0,arrivals,0.0,0.0,shipped,2025
EGLK,2,2,1,1,arrivals,0.5,0.5,shipped,2025
LTAG,2,0,0,0,arrivals,0.0,0.0,shipped,2025
LTBU,2,1,1,10,arrivals,0.5,5.0,shipped,2025
ENQV,2,0,0,0,arrivals,0.0,0.0,shipped,2025
LSGK,2,2,0,0,arrivals,0.0,0.0,shipped,2025
EDMS,2,1,0,0,arrivals,0.0,0.0,shipped,2025
ENWE,2,0,0,0,arrivals,0.0,0.0,shipped,2025
ORNI,2,0,0,0,arrivals,0.0,0.0,shipped,2025
DAOI,2,1,1,1,arrivals,0.5,0.5,shipped,2025
ENXW,2,0,0,0,arrivals,0.0,0.0,shipped,2025
LEAB,2,2,2,2,arrivals,1.0,1.0,shipped,2025
ENWA,2,1,0,0,arrivals,0.0,0.0,shipped,2025
LKKV,2,1,1,1,arrivals,0.5,0.5,shipped,2025
LEGT,2,2,1,1,arrivals,0.5,0.5,shipped,2025
EBMB,2,2,0,0,arrivals,0.0,0.0,shipped,2025
LJMB,2,1,1,2,arrivals,0.5,1.0,shipped,2025
EGMD,2,2,2,2,arrivals,1.0,1.0,shipped,2025
LSGC,2,2,2,2,arrivals,1.0,1.0,shipped,2025
DAUB,2,0,0,0,arrivals,0.0,0.0,shipped,2025
EHKV,2,1,0,0,arrivals,0.0,0.0,shipped,2025
LFPT,2,2,2,2,arrivals,1.0,1.0,shipped,2025
EHPG,2,2,0,0,arrivals,0.0,0.0,shipped,2025
EKHB,2,0,0,0,arrivals,0.0,0.0,shipped,2025
ESST,2,1,1,4,arrivals,0.5,2.0,shipped,2025
ENQR,2,0,0,0,arrivals,0.0,0.0,shipped,2025
DTTZ,2,0,0,0,arrivals,0.0,0.0,shipped,2025
LFQG,2,0,0,0,arrivals,0.0,0.0,shipped,2025
LTBZ,2,0,0,0,arrivals,0.0,0.0,shipped,2025
LFOK,2,0,0,0,arrivals,0.0,0.0,shipped,2025
ESNN,2,1,1,1,arrivals,0.5,0.5,shipped,2025
ENNE,2,0,0,0,arrivals,0.0,0.0,shipped,2025
LEDA,2,0,0,0,arrivals,0.0,0.0,shipped,2025
ETND,2,2,2,2,arrivals,1.0,1.0,shipped,2025
ENSE,2,0,0,0,arrivals,0.0,0.0,shipped,2025
LFRT,2,2,0,0,arrivals,0.0,0.0,shipped,2025
EDLN,2,2,0,0,arrivals,0.0,0.0,shipped,2025
GMMD,2,0,0,0,arrivals,0.0,0.0,shipped,2025
EGNL,2,2,1,1,arrivals,0.5,0.5,shipped,2025
LFRV,2,2,2,2,arrivals,1.0,1.0,shipped,2025
HLMS,2,1,0,0,arrivals,0.0,0.0,shipped,2025
EHJR,2,0,0,0,arrivals,0.0,0.0,shipped,2025
BIVO,2,0,0,0,arrivals,0.0,0.0,shipped,2025
OJAQ,2,0,0,0,arrivals,0.0,0.0,shipped,2025
GMAT,2,1,0,0,arrivals,0.0,0.0,shipped,2025
BITN,2,0,0,0,arrivals,0.0,0.0,shipped,2025
LFSN,2,2,0,0,arrivals,0.0,0.0,shipped,2025
LFJR,2,2,2,2,arrivals,1.0,1.0,shipped,2025
LRCK,2,0,0,0,arrivals,0.0,0.0,shipped,2025
LOAN,2,2,1,1,arrivals,0.5,0.5,shipped,2025
OENN,2,0,0,0,arrivals,0.0,0.0,shipped,2025
ENUA,2,0,0,0,arrivals,0.0,0.0,shipped,2025
ENQE,2,0,0,0,arrivals,0.0,0.0,shipped,2025
ENUD,2,0,0,0,arrivals,0.0,0.0,shipped,2025
ENQJ,2,0,0,0,arrivals,0.0,0.0,shipped,2025
EHKJ,2,0,0,0,arrivals,0.0,0.0,shipped,2025
LTBY,2,0,0,0,arrivals,0.0,0.0,shipped,2025
LIBG,2,0,0,0,arrivals,0.0,0.0,shipped,2025
LESU,2,0,0,0,arrivals,0.0,0.0,shipped,2025
ORKK,2,0,0,0,arrivals,0.0,0.0,shipped,2025
ENQD,2,0,0,0,arrivals,0.0,0.0,shipped,2025
EGBJ,2,2,2,2,arrivals,1.0,1.0,shipped,2025
EGPC,2,0,0,0,arrivals,0.0,0.0,shipped,2025
EDFZ,2,2,1,1,arrivals,0.5,0.5,shipped,2025
LFAC,2,2,1,1,arrivals,0.5,0.5,shipped,2025
LFAT,2,2,1,1,arrivals,0.5,0.5,shipped,2025
ENRK,1,1,0,0,departures,0.0,0.0,shipped,2025
ULPB,1,0,0,0,departures,0.0,0.0,shipped,2025
EYSA,1,1,1,1,departures,1.0,1.0,shipped,2025
EDMS,1,1,0,0,departures,0.0,0.0,shipped,2025
ENWE,1,0,0,0,departures,0.0,0.0,shipped,2025
ENQG,1,0,0,0,departures,0.0,0.0,shipped,2025
UMII,1,0,0,0,departures,0.0,0.0,shipped,2025
LOIH,1,1,0,0,departures,0.0,0.0,shipped,2025
ENQK,1,0,0,0,departures,0.0,0.0,shipped,2025
LFAQ,1,1,0,0,departures,0.0,0.0,shipped,2025
LFRO,1,1,1,1,departures,1.0,1.0,shipped,2025
LFRI,1,1,1,1,departures,1.0,1.0,shipped,2025
LKKU,1,1,1,1,departures,1.0,1.0,shipped,2025
LFCI,1,1,1,1,departures,1.0,1.0,shipped,2025
EIWT,1,1,0,0,departures,0.0,0.0,shipped,2025
EGHL,1,1,1,1,departures,1.0,1.0,shipped,2025
DTTZ,1,0,0,0,departures,0.0,0.0,shipped,2025
EFLP,1,0,0,0,departures,0.0,0.0,shipped,2025
EBCV,1,1,1,1,departures,1.0,1.0,shipped,2025
ENSF,1,0,0,0,departures,0.0,0.0,shipped,2025
UGSA,1,0,0,0,departures,0.0,0.0,shipped,2025
EDQM,1,1,1,1,departures,1.0,1.0,shipped,2025
URWA,1,0,0,0,departures,0.0,0.0,shipped,2025
EHKV,1,1,0,0,departures,0.0,0.0,shipped,2025
LFLA,1,1,1,1,departures,1.0,1.0,shipped,2025
LFGF,1,1,0,0,departures,0.0,0.0,shipped,2025
ULMM,1,0,0,0,departures,0.0,0.0,shipped,2025
EKGC,1,1,0,0,departures,0.0,0.0,shipped,2025
ENWK,1,0,0,0,departures,0.0,0.0,shipped,2025
USKK,1,0,0,0,departures,0.0,0.0,shipped,2025
UWPS,1,0,0,0,departures,0.0,0.0,shipped,2025
EGEO,1,1,0,0,departures,0.0,0.0,shipped,2025
EHPG,1,1,0,0,departures,0.0,0.0,shipped,2025
EGUB,1,1,1,1,departures,1.0,1.0,shipped,2025
ENLA,1,1,0,0,departures,0.0,0.0,shipped,2025
LFBF,1,1,0,0,departures,0.0,0.0,shipped,2025
EHTW,1,1,1,1,departures,1.0,1.0,shipped,2025
DABT,1,0,0,0,departures,0.0,0.0,shipped,2025
LGTG,1,1,1,1,departures,1.0,1.0,shipped,2025
LFLH,1,1,0,0,departures,0.0,0.0,shipped,2025
EHKS,1,1,0,0,departures,0.0,0.0,shipped,2025
ESMK,1,1,1,1,departures,1.0,1.0,shipped,2025
EDWF,1,1,0,0,departures,0.0,0.0,shipped,2025
ULWC,1,0,0,0,departures,0.0,0.0,shipped,2025
EHJC,1,1,0,0,departures,0.0,0.0,shipped,2025
ENWI,1,0,0,0,departures,0.0,0.0,shipped,2025
LKRO,1,1,0,0,departures,0.0,0.0,shipped,2025
EGSC,1,1,1,1,departures,1.0,1.0,shipped,2025
ENDR,1,0,0,0,departures,0.0,0.0,shipped,2025
LFCH,1,1,1,1,departures,1.0,1.0,shipped,2025
DAUH,1,0,0,0,departures,0.0,0.0,shipped,2025
EDRZ,1,1,0,0,departures,0.0,0.0,shipped,2025
EBSP,1,1,0,0,departures,0.0,0.0,shipped,2025
LKMH,1,1,0,0,departures,0.0,0.0,shipped,2025
EHJR,1,1,0,0,departures,0.0,0.0,shipped,2025
LEBA,1,1,1,1,departures,1.0,1.0,shipped,2025
LFJR,1,1,1,1,departures,1.0,1.0,shipped,2025
EDFZ,1,1,1,2,departures,1.0,2.0,shipped,2025
UBBF,1,0,0,0,departures,0.0,0.0,shipped,2025
LGKA,1,1,0,0,departures,0.0,0.0,shipped,2025
EPCD,1,1,0,0,departures,0.0,0.0,shipped,2025
BIGJ,1,1,0,0,departures,0.0,0.0,shipped,2025
UBBL,1,0,0,0,departures,0.0,0.0,shipped,2025
ENUD,1,0,0,0,departures,0.0,0.0,shipped,2025
EPPW,1,0,0,0,departures,0.0,0.0,shipped,2025
EPBC,1,0,0,0,departures,0.0,0.0,shipped,2025
EPWK,1,0,0,0,departures,0.0,0.0,shipped,2025
ENQL,1,0,0,0,departures,0.0,0.0,shipped,2025
LYKV,1,0,0,4,departures,0.0,4.0,shipped,2025
LIMG,1,1,1,1,departures,1.0,1.0,shipped,2025
LRAR,1,1,1,6,departures,1.0,6.0,shipped,2025
EDBC,1,1,0,0,departures,0.0,0.0,shipped,2025
ENQM,1,0,0,0,departures,0.0,0.0,shipped,2025
EDFE,1,1,0,0,departures,0.0,0.0,shipped,2025
LKPM,1,1,0,0,departures,0.0,0.0,shipped,2025
LFSG,1,1,1,1,departures,1.0,1.0,shipped,2025
ENBE,1,0,0,0,departures,0.0,0.0,shipped,2025
DAAV,1,0,0,0,departures,0.0,0.0,shipped,2025
EKSI,1,0,0,0,departures,0.0,0.0,shipped,2025
EDTF,1,1,0,0,departures,0.0,0.0,shipped,2025
EKHB,1,0,0,0,departures,0.0,0.0,shipped,2025
ENUN,1,0,0,0,departures,0.0,0.0,shipped,2025
LFMH,1,1,1,1,departures,1.0,1.0,shipped,2025
GMAZ,1,1,0,0,departures,0.0,0.0,shipped,2025
LOLW,1,1,0,0,departures,0.0,0.0,shipped,2025
LKJI,1,1,0,0,departures,0.0,0.0,shipped,2025
EHAK,1,0,0,0,departures,0.0,0.0,shipped,2025
EDBM,1,1,0,0,departures,0.0,0.0,shipped,2025
OJAQ,1,0,0,0,departures,0.0,0.0,shipped,2025
ENRY,1,1,1,2,departures,1.0,2.0,shipped,2025
EHFD,1,0,0,0,departures,0.0,0.0,shipped,2025
DAUG,1,0,0,0,departures,0.0,0.0,shipped,2025
ENQR,1,0,0,0,departures,0.0,0.0,shipped,2025
LFOP,1,0,0,0,departures,0.0,0.0,shipped,2025
ENUE,1,0,0,0,departures,0.0,0.0,shipped,2025
EKTE,1,1,0,0,departures,0.0,0.0,shipped,2025
ENUS,1,0,0,0,departures,0.0,0.0,shipped,2025
LPEV,1,1,1,1,departures,1.0,1.0,shipped,2025
OIGG,1,0,0,0,departures,0.0,0.0,shipped,2025
LIRJ,1,0,0,0,departures,0.0,0.0,shipped,2025
EHQM,1,1,0,0,departures,0.0,0.0,shipped,2025
UUBI,1,0,0,0,departures,0.0,0.0,shipped,2025
EGBK,1,1,0,0,departures,0.0,0.0,shipped,2025
EHGN,1,0,0,0,departures,0.0,0.0,shipped,2025
LSZG,1,1,1,2,departures,1.0,2.0,shipped,2025
EDTD,1,1,1,1,departures,1.0,1.0,shipped,2025
LFHS,1,1,0,0,departures,0.0,0.0,shipped,2025
EDMV,1,0,0,0,departures,0.0,0.0,shipped,2025
EDAY,1,1,0,0,departures,0.0,0.0,shipped,2025
EGOV,1,1,1,1,departures,1.0,1.0,shipped,2025
LFLD,1,1,1,1,departures,1.0,1.0,shipped,2025
LFBA,1,1,1,1,departures,1.0,1.0,shipped,2025
ENQB,1,1,0,0,departures,0.0,0.0,shipped,2025
LCRA,1,1,1,2,departures,1.0,2.0,shipped,2025
UUBC,1,0,0,0,departures,0.0,0.0,shipped,2025
EHLE,1,1,1,1,departures,1.0,1.0,shipped,2025
ENUK,1,0,0,0,departures,0.0,0.0,shipped,2025
EBMB,1,1,0,0,departures,0.0,0.0,shipped,2025
LGKZ,1,1,1,2,departures,1.0,2.0,shipped,2025
LHPR,1,1,1,1,departures,1.0,1.0,shipped,2025
LFLO,1,1,1,1,departures,1.0,1.0,shipped,2025
ENRK,1,1,0,0,arrivals,0.0,0.0,shipped,2025
ULPB,1,0,0,0,arrivals,0.0,0.0,shipped,2025
LEBA,1,1,1,1,arrivals,1.0,1.0,shipped,2025
LFLD,1,0,0,0,arrivals,0.0,0.0,shipped,2025
UMII,1,0,0,0,arrivals,0.0,0.0,shipped,2025
OIGG,1,0,0,0,arrivals,0.0,0.0,shipped,2025
LFRO,1,1,1,1,arrivals,1.0,1.0,shipped,2025
EGTF,1,1,0,0,arrivals,0.0,0.0,shipped,2025
USKK,1,0,0,0,arrivals,0.0,0.0,shipped,2025
UWPS,1,0,0,0,arrivals,0.0,0.0,shipped,2025
EKAR,1,0,0,0,arrivals,0.0,0.0,shipped,2025
UUBI,1,0,0,0,arrivals,0.0,0.0,shipped,2025
LKRO,1,1,0,0,arrivals,0.0,0.0,shipped,2025
EHKE,1,0,0,0,arrivals,0.0,0.0,shipped,2025
DAUH,1,0,0,0,arrivals,0.0,0.0,shipped,2025
EBCV,1,1,1,1,arrivals,1.0,1.0,shipped,2025
EHFT,1,0,0,0,arrivals,0.0,0.0,shipped,2025
LIMG,1,1,1,1,arrivals,1.0,1.0,shipped,2025
EDBM,1,1,0,0,arrivals,0.0,0.0,shipped,2025
URWA,1,0,0,0,arrivals,0.0,0.0,shipped,2025
EDBC,1,1,0,0,arrivals,0.0,0.0,shipped,2025
LFLA,1,0,0,0,arrivals,0.0,0.0,shipped,2025
ENQB,1,0,0,0,arrivals,0.0,0.0,shipped,2025
LIRJ,1,0,0,0,arrivals,0.0,0.0,shipped,2025
LFAQ,1,1,0,0,arrivals,0.0,0.0,shipped,2025
ENWK,1,0,0,0,arrivals,0.0,0.0,shipped,2025
LSZC,1,1,0,0,arrivals,0.0,0.0,shipped,2025
UUBC,1,0,0,0,arrivals,0.0,0.0,shipped,2025
LFGA,1,1,1,1,arrivals,1.0,1.0,shipped,2025
EGUB,1,1,1,1,arrivals,1.0,1.0,shipped,2025
ENLA,1,0,0,0,arrivals,0.0,0.0,shipped,2025
LHPR,1,1,1,1,arrivals,1.0,1.0,shipped,2025
EGWC,1,1,1,1,arrivals,1.0,1.0,shipped,2025
UGSA,1,0,0,0,arrivals,0.0,0.0,shipped,2025
EHDV,1,0,0,0,arrivals,0.0,0.0,shipped,2025
LPEV,1,1,1,1,arrivals,1.0,1.0,shipped,2025
UBBF,1,0,0,0,arrivals,0.0,0.0,shipped,2025
LFTF,1,1,0,0,arrivals,0.0,0.0,shipped,2025
ULWC,1,0,0,0,arrivals,0.0,0.0,shipped,2025
DAAV,1,0,0,0,arrivals,0.0,0.0,shipped,2025
EDGE,1,1,0,0,arrivals,0.0,0.0,shipped,2025
LFCI,1,1,1,1,arrivals,1.0,1.0,shipped,2025
EIWT,1,1,0,0,arrivals,0.0,0.0,shipped,2025
LRSM,1,0,0,0,arrivals,0.0,0.0,shipped,2025
EGSC,1,1,1,1,arrivals,1.0,1.0,shipped,2025
ENDR,1,0,0,0,arrivals,0.0,0.0,shipped,2025
UBBL,1,0,0,0,arrivals,0.0,0.0,shipped,2025
LPVR,1,1,1,4,arrivals,1.0,4.0,shipped,2025
LIQS,1,0,0,0,arrivals,0.0,0.0,shipped,2025
LKMH,1,1,0,0,arrivals,0.0,0.0,shipped,2025
EGFE,1,1,1,1,arrivals,1.0,1.0,shipped,2025
LIMW,1,0,0,0,arrivals,0.0,0.0,shipped,2025
LSTS,1,1,0,0,arrivals,0.0,0.0,shipped,2025
EDLE,1,1,0,0,arrivals,0.0,0.0,shipped,2025
EGBP,1,1,0,0,arrivals,0.0,0.0,shipped,2025
ENQM,1,0,0,0,arrivals,0.0,0.0,shipped,2025
EHLI,1,0,0,0,arrivals,0.0,0.0,shipped,2025
LDRG,1,1,0,0,arrivals,0.0,0.0,shipped,2025
LGKZ,1,0,0,0,arrivals,0.0,0.0,shipped,2025
EPPW,1,0,0,0,arrivals,0.0,0.0,shipped,2025
EHPK,1,0,0,0,arrivals,0.0,0.0,shipped,2025
EPWK,1,0,0,0,arrivals,0.0,0.0,shipped,2025
EHTW,1,1,1,1,arrivals,1.0,1.0,shipped,2025
EPNT,1,0,0,0,arrivals,0.0,0.0,shipped,2025
LYKV,1,0,0,0,arrivals,0.0,0.0,shipped,2025
EDFE,1,1,0,3,arrivals,0.0,3.0,shipped,2025
LFSG,1,0,0,1,arrivals,0.0,1.0,shipped,2025
EHFD,1,0,0,0,arrivals,0.0,0.0,shipped,2025
EDBR,1,1,1,1,arrivals,1.0,1.0,shipped,2025
EDXQ,1,1,0,0,arrivals,0.0,0.0,shipped,2025
EDTF,1,1,0,0,arrivals,0.0,0.0,shipped,2025
ENUN,1,0,0,0,arrivals,0.0,0.0,shipped,2025
LFMH,1,1,1,1,arrivals,1.0,1.0,shipped,2025
LFPN,1,1,0,0,arrivals,0.0,0.0,shipped,2025
GMAZ,1,0,0,0,arrivals,0.0,0.0,shipped,2025
LFOP,1,1,1,1,arrivals,1.0,1.0,shipped,2025
LOLW,1,1,0,0,arrivals,0.0,0.0,shipped,2025
ENQC,1,1,0,0,arrivals,0.0,0.0,shipped,2025
EDAQ,1,1,0,0,arrivals,0.0,0.0,shipped,2025
ULMM,1,0,0,0,arrivals,0.0,0.0,shipped,2025
EHFR,1,0,0,0,arrivals,0.0,0.0,shipped,2025
ENSF,1,0,0,0,arrivals,0.0,0.0,shipped,2025
EDQM,1,1,1,1,arrivals,1.0,1.0,shipped,2025
DABT,1,0,0,0,arrivals,0.0,0.0,shipped,2025
EHGQ,1,0,0,0,arrivals,0.0,0.0,shipped,2025
EDMV,1,0,0,0,arrivals,0.0,0.0,shipped,2025
EGOV,1,1,0,0,arrivals,0.0,0.0,shipped,2025
ENUS,1,0,0,0,arrivals,0.0,0.0,shipped,2025
ENGA,1,0,0,0,arrivals,0.0,0.0,shipped,2025
LRAR,1,0,0,1,arrivals,0.0,1.0,shipped,2025
LFLH,1,1,0,0,arrivals,0.0,0.0,shipped,2025
LFBA,1,1,1,1,arrivals,1.0,1.0,shipped,2025
LFRI,1,0,0,0,arrivals,0.0,0.0,shipped,2025
LGKA,1,0,0,0,arrivals,0.0,0.0,shipped,2025
EGBK,1,1,0,0,arrivals,0.0,0.0,shipped,2025
EIWF,1,1,1,1,arrivals,1.0,1.0,shipped,2025
BIGJ,1,0,0,0,arrivals,0.0,0.0,shipped,2025
LJPZ,1,1,1,2,arrivals,1.0,2.0,shipped,2025
EHLE,1,1,1,1,arrivals,1.0,1.0,shipped,2025
ENUK,1,0,0,0,arrivals,0.0,0.0,shipped,2025
EDTD,1,1,1,1,arrivals,1.0,1.0,shipped,2025
LFLO,1,1,0,0,arrivals,0.0,0.0,shipped,2025
EFLP,1,0,0,0,arrivals,0.0,0.0,shipped,2025
OOA,7964,17,0,0,arrivals,0.0,0.0,reject_radius20,2025
OOA,7892,921,628,704,departures,0.07957425240750127,0.08920425747592499,reject_radius20,2025
LTFM,2282,2173,2166,2174,departures,0.9491673970201577,0.9526730937773883,reject_radius20,2025
LTFM,2258,1820,1773,1773,arrivals,0.7852081488042516,0.7852081488042516,reject_radius20,2025
EHAM,2148,2143,2143,2158,departures,0.9976722532588455,1.004655493482309,reject_radius20,2025
EHAM,2136,1876,1875,1877,arrivals,0.8778089887640449,0.8787453183520599,reject_radius20,2025
EDDF,2094,2080,2080,2082,departures,0.9933142311365807,0.994269340974212,reject_radius20,2025
EDDF,2091,1774,1770,1771,arrivals,0.8464849354375896,0.846963175514108,reject_radius20,2025
LFPG,2084,2065,2061,2071,departures,0.9889635316698656,0.9937619961612284,reject_radius20,2025
LFPG,2066,1715,1714,1716,arrivals,0.829622458857696,0.8305905130687319,reject_radius20,2025
EGLL,2001,1989,1988,2024,departures,0.993503248375812,1.0114942528735633,reject_radius20,2025
EGLL,1986,1582,1580,1693,arrivals,0.7955689828801611,0.8524672708962739,reject_radius20,2025
LEMD,1786,1536,1534,1540,arrivals,0.858902575587906,0.8622620380739082,reject_radius20,2025
LEMD,1773,1758,1757,1757,departures,0.990975747320925,0.990975747320925,reject_radius20,2025
LEBL,1597,1497,1494,1495,arrivals,0.9355040701314965,0.9361302442078898,reject_radius20,2025
LEBL,1591,1578,1577,1577,departures,0.9912005028284098,0.9912005028284098,reject_radius20,2025
EDDM,1573,1561,1561,1564,departures,0.9923712650985378,0.9942784488239034,reject_radius20,2025
EDDM,1571,1468,1463,1465,arrivals,0.9312539783577339,0.9325270528325907,reject_radius20,2025
LIRF,1449,1442,1442,1442,departures,0.9951690821256038,0.9951690821256038,reject_radius20,2025
LTAI,1437,851,851,854,arrivals,0.592205984690327,0.5942936673625608,reject_radius20,2025
LEPA,1436,1413,1412,1415,arrivals,0.9832869080779945,0.9853760445682451,reject_radius20,2025
LTAI,1435,1229,1228,1234,departures,0.8557491289198607,0.8599303135888502,reject_radius20,2025
LIRF,1433,1256,1255,1256,arrivals,0.875785066294487,0.8764829030006979,reject_radius20,2025
LEPA,1417,1360,1360,1361,departures,0.9597741707833451,0.9604798870853917,reject_radius20,2025
LGAV,1317,510,504,506,arrivals,0.3826879271070615,0.384206529992407,reject_radius20,2025
LGAV,1306,1238,1238,1249,departures,0.9479326186830015,0.9563552833078101,reject_radius20,2025
EGKK,1223,1213,1213,1215,departures,0.9918233851185609,0.9934587080948487,reject_radius20,2025
EGKK,1220,1103,1103,1103,arrivals,0.9040983606557377,0.9040983606557377,reject_radius20,2025
EIDW,1188,1084,1082,1084,arrivals,0.9107744107744108,0.9124579124579124,reject_radius20,2025
EIDW,1185,1164,1163,1163,departures,0.9814345991561182,0.9814345991561182,reject_radius20,2025
LSZH,1178,1170,1163,1166,departures,0.9872665534804754,0.9898132427843803,reject_radius20,2025
LSZH,1160,1053,1049,1056,arrivals,0.9043103448275862,0.9103448275862069,reject_radius20,2025
LOWW,1156,1137,1136,1144,departures,0.9826989619377162,0.9896193771626297,reject_radius20,2025
EKCH,1152,1045,1045,1045,arrivals,0.9071180555555556,0.9071180555555556,reject_radius20,2025
LOWW,1145,1045,1042,1044,arrivals,0.9100436681222708,0.9117903930131004,reject_radius20,2025
EKCH,1140,1132,1132,1135,departures,0.9929824561403509,0.9956140350877193,reject_radius20,2025
LTFJ,1138,989,984,991,arrivals,0.8646748681898067,0.8708260105448155,reject_radius20,2025
LTFJ,1137,1092,1091,1105,departures,0.9595426561125769,0.9718557607739666,reject_radius20,2025
LPPT,1010,1001,1001,1001,departures,0.9910891089108911,0.9910891089108911,reject_radius20,2025
LPPT,1001,881,881,881,arrivals,0.8801198801198801,0.8801198801198801,reject_radius20,2025
LFPO,992,982,982,989,departures,0.9899193548387096,0.9969758064516129,reject_radius20,2025
LFPO,991,941,941,942,arrivals,0.9495459132189707,0.9505549949545913,reject_radius20,2025
LIMC,973,964,963,964,departures,0.9897225077081192,0.9907502569373073,reject_radius20,2025
LIMC,967,856,852,852,arrivals,0.8810754912099276,0.8810754912099276,reject_radius20,2025
ENGM,940,889,889,895,arrivals,0.9457446808510638,0.9521276595744681,reject_radius20,2025
ENGM,932,919,919,924,departures,0.9860515021459227,0.9914163090128756,reject_radius20,2025
EGCC,926,906,905,905,departures,0.9773218142548596,0.9773218142548596,reject_radius20,2025
EGCC,924,819,818,818,arrivals,0.8852813852813853,0.8852813852813853,reject_radius20,2025
EGSS,888,832,831,832,arrivals,0.9358108108108109,0.9369369369369369,reject_radius20,2025
EGSS,885,880,880,880,departures,0.9943502824858758,0.9943502824858758,reject_radius20,2025
EPWA,880,752,751,751,arrivals,0.8534090909090909,0.8534090909090909,reject_radius20,2025
EPWA,875,869,868,872,departures,0.992,0.9965714285714286,reject_radius20,2025
EBBR,872,866,866,877,departures,0.9931192660550459,1.0057339449541285,reject_radius20,2025
EBBR,871,767,767,775,arrivals,0.8805970149253731,0.8897818599311137,reject_radius20,2025
EDDB,870,852,850,864,departures,0.9770114942528736,0.993103448275862,reject_radius20,2025
LEMG,861,834,834,834,arrivals,0.9686411149825784,0.9686411149825784,reject_radius20,2025
LEMG,850,846,846,848,departures,0.9952941176470588,0.9976470588235294,reject_radius20,2025
ESSA,841,726,721,726,arrivals,0.8573127229488704,0.8632580261593341,reject_radius20,2025
EDDB,840,789,788,796,arrivals,0.9380952380952381,0.9476190476190476,reject_radius20,2025
ESSA,820,771,767,771,departures,0.9353658536585366,0.9402439024390243,reject_radius20,2025
EDDL,758,747,745,750,departures,0.9828496042216359,0.9894459102902374,reject_radius20,2025
EDDL,751,717,715,720,arrivals,0.952063914780293,0.9587217043941412,reject_radius20,2025
LFMN,710,684,677,738,arrivals,0.9535211267605633,1.0394366197183098,reject_radius20,2025
LFMN,707,697,691,692,departures,0.9773691654879774,0.9787835926449788,reject_radius20,2025
LSGG,680,675,675,686,departures,0.9926470588235294,1.0088235294117647,reject_radius20,2025
LSGG,670,637,637,645,arrivals,0.9507462686567164,0.9626865671641791,reject_radius20,2025
LKPR,667,657,656,660,departures,0.9835082458770614,0.9895052473763118,reject_radius20,2025
EFHK,666,572,572,574,arrivals,0.8588588588588588,0.8618618618618619,reject_radius20,2025
EFHK,659,653,653,660,departures,0.9908952959028832,1.0015174506828528,reject_radius20,2025
LKPR,657,605,605,609,arrivals,0.9208523592085236,0.9269406392694064,reject_radius20,2025
LEAL,599,597,597,597,departures,0.996661101836394,0.996661101836394,reject_radius20,2025
LEAL,599,588,588,588,arrivals,0.9816360601001669,0.9816360601001669,reject_radius20,2025
EGPH,584,541,541,545,arrivals,0.9263698630136986,0.9332191780821918,reject_radius20,2025
LHBP,578,555,553,554,departures,0.9567474048442907,0.9584775086505191,reject_radius20,2025
EGPH,577,571,570,570,departures,0.9878682842287695,0.9878682842287695,reject_radius20,2025
LHBP,577,517,514,515,arrivals,0.8908145580589255,0.8925476603119584,reject_radius20,2025
EGGW,552,526,523,525,arrivals,0.947463768115942,0.9510869565217391,reject_radius20,2025
EGGW,550,549,549,551,departures,0.9981818181818182,1.0018181818181817,reject_radius20,2025
EDDH,538,531,528,537,departures,0.9814126394052045,0.9981412639405205,reject_radius20,2025
EDDH,532,509,506,515,arrivals,0.9511278195488722,0.9680451127819549,reject_radius20,2025
GCLP,521,0,0,0,arrivals,0.0,0.0,reject_radius20,2025
GCLP,520,23,0,0,departures,0.0,0.0,reject_radius20,2025
LLBG,516,431,429,430,arrivals,0.8313953488372093,0.8333333333333334,reject_radius20,2025
EDDK,515,500,500,501,departures,0.970873786407767,0.9728155339805825,reject_radius20,2025
LLBG,513,500,500,510,departures,0.9746588693957114,0.9941520467836257,reject_radius20,2025
LPPR,513,511,508,508,departures,0.9902534113060428,0.9902534113060428,reject_radius20,2025
LPPR,512,480,479,479,arrivals,0.935546875,0.935546875,reject_radius20,2025
LEIB,509,498,498,499,arrivals,0.9783889980353635,0.9803536345776032,reject_radius20,2025
EDDK,509,474,474,477,arrivals,0.931237721021611,0.93713163064833,reject_radius20,2025
LROP,509,486,485,486,arrivals,0.9528487229862476,0.9548133595284872,reject_radius20,2025
LROP,504,491,491,491,departures,0.9742063492063492,0.9742063492063492,reject_radius20,2025
LEIB,495,484,484,484,departures,0.9777777777777777,0.9777777777777777,reject_radius20,2025
EGBB,474,468,468,468,departures,0.9873417721518988,0.9873417721518988,reject_radius20,2025
EGBB,466,419,418,418,arrivals,0.8969957081545065,0.8969957081545065,reject_radius20,2025
LIML,465,457,457,463,arrivals,0.9827956989247312,0.9956989247311828,reject_radius20,2025
LIME,460,447,444,444,arrivals,0.9652173913043478,0.9652173913043478,reject_radius20,2025
LIML,458,451,451,452,departures,0.9847161572052402,0.9868995633187773,reject_radius20,2025
LIME,453,450,450,450,departures,0.9933774834437086,0.9933774834437086,reject_radius20,2025
LIRN,449,380,334,337,departures,0.7438752783964365,0.7505567928730512,reject_radius20,2025
LIRN,447,1,0,0,arrivals,0.0,0.0,reject_radius20,2025
LFML,445,440,439,443,arrivals,0.9865168539325843,0.9955056179775281,reject_radius20,2025
LFML,444,441,440,440,departures,0.990990990990991,0.990990990990991,reject_radius20,2025
EDDS,440,420,414,417,departures,0.9409090909090909,0.9477272727272728,reject_radius20,2025
EDDS,433,409,408,413,arrivals,0.9422632794457275,0.953810623556582,reject_radius20,2025
LGIR,430,0,0,0,arrivals,0.0,0.0,reject_radius20,2025
LGIR,424,6,0,0,departures,0.0,0.0,reject_radius20,2025
LIPZ,412,408,408,409,departures,0.9902912621359223,0.9927184466019418,reject_radius20,2025
LFLL,412,398,397,411,arrivals,0.9635922330097088,0.9975728155339806,reject_radius20,2025
LFLL,411,402,402,417,departures,0.9781021897810219,1.0145985401459854,reject_radius20,2025
LIPZ,409,386,386,387,arrivals,0.9437652811735942,0.9462102689486552,reject_radius20,2025
LPFR,407,403,402,404,arrivals,0.9877149877149877,0.9926289926289926,reject_radius20,2025
LPFR,405,400,398,398,departures,0.9827160493827161,0.9827160493827161,reject_radius20,2025
LYBE,395,364,364,364,arrivals,0.9215189873417722,0.9215189873417722,reject_radius20,2025
LYBE,394,388,388,389,departures,0.9847715736040609,0.9873096446700508,reject_radius20,2025
LICC,391,330,308,308,arrivals,0.7877237851662404,0.7877237851662404,reject_radius20,2025
LICC,390,352,348,348,departures,0.8923076923076924,0.8923076923076924,reject_radius20,2025
LTAC,381,7,0,0,departures,0.0,0.0,reject_radius20,2025
LIPE,380,376,376,376,departures,0.9894736842105263,0.9894736842105263,reject_radius20,2025
LIPE,376,371,371,372,arrivals,0.9867021276595744,0.9893617021276596,reject_radius20,2025
LTAC,374,0,0,0,arrivals,0.0,0.0,reject_radius20,2025
LCLK,368,353,352,354,departures,0.9565217391304348,0.9619565217391305,reject_radius20,2025
LCLK,367,348,347,349,arrivals,0.9455040871934605,0.9509536784741145,reject_radius20,2025
GMMN,360,287,282,355,departures,0.7833333333333333,0.9861111111111112,reject_radius20,2025
EPKK,360,348,346,347,departures,0.9611111111111111,0.9638888888888889,reject_radius20,2025
EGGD,360,334,334,335,arrivals,0.9277777777777778,0.9305555555555556,reject_radius20,2025
EGGD,359,355,354,354,departures,0.9860724233983287,0.9860724233983287,reject_radius20,2025
LEVC,357,348,348,349,arrivals,0.9747899159663865,0.9775910364145658,reject_radius20,2025
GMMN,357,253,253,256,arrivals,0.7086834733893558,0.7170868347338936,reject_radius20,2025
ENBR,357,341,340,359,arrivals,0.9523809523809523,1.0056022408963585,reject_radius20,2025
EPKK,356,331,329,329,arrivals,0.9241573033707865,0.9241573033707865,reject_radius20,2025
LEVC,355,337,336,336,departures,0.9464788732394366,0.9464788732394366,reject_radius20,2025
LFSB,354,351,349,352,departures,0.9858757062146892,0.9943502824858758,reject_radius20,2025
LFSB,352,340,340,341,arrivals,0.9659090909090909,0.96875,reject_radius20,2025
ENBR,349,343,343,358,departures,0.9828080229226361,1.0257879656160458,reject_radius20,2025
LTBJ,346,274,229,229,departures,0.661849710982659,0.661849710982659,reject_radius20,2025
LGRP,346,315,314,315,arrivals,0.9075144508670521,0.9104046242774566,reject_radius20,2025
EGPF,346,301,300,303,arrivals,0.8670520231213873,0.8757225433526011,reject_radius20,2025
EGPF,344,325,323,327,departures,0.938953488372093,0.9505813953488372,reject_radius20,2025
LTBJ,341,7,7,7,arrivals,0.020527859237536656,0.020527859237536656,reject_radius20,2025
LGRP,340,322,321,327,departures,0.9441176470588235,0.961764705882353,reject_radius20,2025
LMML,326,325,325,326,departures,0.9969325153374233,1.0,reject_radius20,2025
LMML,326,318,317,318,arrivals,0.9723926380368099,0.9754601226993865,reject_radius20,2025
LATI,323,0,0,0,arrivals,0.0,0.0,reject_radius20,2025
GCTS,323,0,0,0,arrivals,0.0,0.0,reject_radius20,2025
GCTS,321,4,0,6,departures,0.0,0.018691588785046728,reject_radius20,2025
GCXO,320,1,1,1,arrivals,0.003125,0.003125,reject_radius20,2025
GCXO,319,305,305,362,departures,0.9561128526645768,1.134796238244514,reject_radius20,2025
LATI,316,6,0,0,departures,0.0,0.0,reject_radius20,2025
LICJ,314,133,133,133,arrivals,0.42356687898089174,0.42356687898089174,reject_radius20,2025
LICJ,310,281,281,282,departures,0.9064516129032258,0.9096774193548387,reject_radius20,2025
EBCI,304,303,303,303,departures,0.9967105263157895,0.9967105263157895,reject_radius20,2025
EBCI,303,296,296,296,arrivals,0.976897689768977,0.976897689768977,reject_radius20,2025
BIKF,297,296,294,322,departures,0.98989898989899,1.0841750841750841,reject_radius20,2025
BIKF,296,90,90,91,arrivals,0.30405405405405406,0.30743243243243246,reject_radius20,2025
ELLX,294,291,291,291,departures,0.9897959183673469,0.9897959183673469,reject_radius20,2025
ELLX,294,271,271,272,arrivals,0.9217687074829932,0.9251700680272109,reject_radius20,2025
LFBO,293,288,288,290,departures,0.9829351535836177,0.9897610921501706,reject_radius20,2025
LFBO,290,288,288,290,arrivals,0.993103448275862,1.0,reject_radius20,2025
LGTS,281,255,255,255,arrivals,0.9074733096085409,0.9074733096085409,reject_radius20,2025
LTBS,280,1,1,1,arrivals,0.0035714285714285713,0.0035714285714285713,reject_radius20,2025
LGTS,279,260,259,259,departures,0.9283154121863799,0.9283154121863799,reject_radius20,2025
GMMX,279,9,8,8,arrivals,0.02867383512544803,0.02867383512544803,reject_radius20,2025
GMMX,278,74,66,67,departures,0.23741007194244604,0.24100719424460432,reject_radius20,2025
EVRA,278,226,226,226,arrivals,0.8129496402877698,0.8129496402877698,reject_radius20,2025
LEZL,276,264,264,265,arrivals,0.9565217391304348,0.9601449275362319,reject_radius20,2025
LEZL,275,275,274,274,departures,0.9963636363636363,0.9963636363636363,reject_radius20,2025
LTBS,273,205,205,205,departures,0.7509157509157509,0.7509157509157509,reject_radius20,2025
EVRA,273,270,269,270,departures,0.9853479853479854,0.989010989010989,reject_radius20,2025
LBSF,272,153,153,153,departures,0.5625,0.5625,reject_radius20,2025
GCRR,269,1,0,0,departures,0.0,0.0,reject_radius20,2025
GCRR,269,0,0,0,arrivals,0.0,0.0,reject_radius20,2025
EGNX,267,263,263,263,departures,0.9850187265917603,0.9850187265917603,reject_radius20,2025
LBSF,267,2,1,1,arrivals,0.003745318352059925,0.003745318352059925,reject_radius20,2025
EDDP,261,235,235,236,arrivals,0.9003831417624522,0.9042145593869731,reject_radius20,2025
EPKT,259,251,249,249,departures,0.9613899613899614,0.9613899613899614,reject_radius20,2025
HEGN,258,0,0,0,arrivals,0.0,0.0,reject_radius20,2025
HEGN,257,0,0,0,departures,0.0,0.0,reject_radius20,2025
UGTB,257,157,151,192,departures,0.5875486381322957,0.7470817120622568,reject_radius20,2025
LFRS,257,251,246,246,arrivals,0.9571984435797666,0.9571984435797666,reject_radius20,2025
UGTB,257,46,45,46,arrivals,0.17509727626459143,0.17898832684824903,reject_radius20,2025
EPKT,257,240,239,239,arrivals,0.9299610894941635,0.9299610894941635,reject_radius20,2025
LFRS,256,247,247,248,departures,0.96484375,0.96875,reject_radius20,2025
EDDP,256,255,255,257,departures,0.99609375,1.00390625,reject_radius20,2025
EGNX,255,231,231,231,arrivals,0.9058823529411765,0.9058823529411765,reject_radius20,2025
LIEO,252,74,73,73,arrivals,0.2896825396825397,0.2896825396825397,reject_radius20,2025
EPGD,248,35,17,17,departures,0.06854838709677419,0.06854838709677419,reject_radius20,2025
LGKR,247,12,11,11,arrivals,0.044534412955465584,0.044534412955465584,reject_radius20,2025
EGAA,246,234,191,191,arrivals,0.7764227642276422,0.7764227642276422,reject_radius20,2025
LGKR,244,203,201,206,departures,0.8237704918032787,0.8442622950819673,reject_radius20,2025
HECA,244,48,30,30,departures,0.12295081967213115,0.12295081967213115,reject_radius20,2025
EPGD,244,5,1,1,arrivals,0.004098360655737705,0.004098360655737705,reject_radius20,2025
EGAA,239,232,232,233,departures,0.9707112970711297,0.9748953974895398,reject_radius20,2025
ENZV,236,151,148,162,departures,0.6271186440677966,0.6864406779661016,reject_radius20,2025
ENZV,236,67,65,67,arrivals,0.2754237288135593,0.2838983050847458,reject_radius20,2025
LEBB,235,0,0,0,arrivals,0.0,0.0,reject_radius20,2025
LEBB,234,180,169,171,departures,0.7222222222222222,0.7307692307692307,reject_radius20,2025
LTFE,232,198,198,203,arrivals,0.853448275862069,0.875,reject_radius20,2025
HECA,231,62,51,51,arrivals,0.22077922077922077,0.22077922077922077,reject_radius20,2025
LFPB,230,227,227,230,departures,0.9869565217391304,1.0,reject_radius20,2025
LIBD,229,1,0,0,arrivals,0.0,0.0,reject_radius20,2025
LIBD,228,1,0,0,departures,0.0,0.0,reject_radius20,2025
LIEO,228,182,175,175,departures,0.7675438596491229,0.7675438596491229,reject_radius20,2025
LIRP,228,218,218,224,arrivals,0.956140350877193,0.9824561403508771,reject_radius20,2025
UUWW,227,5,4,4,arrivals,0.01762114537444934,0.01762114537444934,reject_radius20,2025
LEMH,226,218,218,219,arrivals,0.9646017699115044,0.9690265486725663,reject_radius20,2025
LFBD,225,222,222,224,departures,0.9866666666666667,0.9955555555555555,reject_radius20,2025
LFPB,225,217,217,221,arrivals,0.9644444444444444,0.9822222222222222,reject_radius20,2025
LEMH,222,212,212,212,departures,0.954954954954955,0.954954954954955,reject_radius20,2025
LTFE,220,196,191,193,departures,0.8681818181818182,0.8772727272727273,reject_radius20,2025
LIRP,220,211,211,211,departures,0.9590909090909091,0.9590909090909091,reject_radius20,2025
ENVA,219,208,199,205,arrivals,0.908675799086758,0.9360730593607306,reject_radius20,2025
LFBD,219,215,215,220,arrivals,0.9817351598173516,1.004566210045662,reject_radius20,2025
LUKK,217,7,5,5,departures,0.02304147465437788,0.02304147465437788,reject_radius20,2025
ENVA,217,204,192,194,departures,0.8847926267281107,0.8940092165898618,reject_radius20,2025
LUKK,217,0,0,0,arrivals,0.0,0.0,reject_radius20,2025
LDSP,216,3,0,0,departures,0.0,0.0,reject_radius20,2025
ESGG,216,214,214,214,departures,0.9907407407407407,0.9907407407407407,reject_radius20,2025
UUWW,216,16,5,5,departures,0.023148148148148147,0.023148148148148147,reject_radius20,2025
LDZA,215,210,210,210,departures,0.9767441860465116,0.9767441860465116,reject_radius20,2025
LDSP,215,1,0,0,arrivals,0.0,0.0,reject_radius20,2025
LDZA,215,208,207,207,arrivals,0.9627906976744186,0.9627906976744186,reject_radius20,2025
ESGG,214,207,207,210,arrivals,0.9672897196261683,0.9813084112149533,reject_radius20,2025
UUEE,214,0,0,2,arrivals,0.0,0.009345794392523364,reject_radius20,2025
EDDV,213,212,212,213,departures,0.9953051643192489,1.0,reject_radius20,2025
GCFV,212,0,0,0,departures,0.0,0.0,reject_radius20,2025
UUEE,212,60,59,61,departures,0.2783018867924528,0.28773584905660377,reject_radius20,2025
EGNT,211,197,197,197,departures,0.933649289099526,0.933649289099526,reject_radius20,2025
GCFV,211,2,0,0,arrivals,0.0,0.0,reject_radius20,2025
EGNT,211,178,178,178,arrivals,0.8436018957345972,0.8436018957345972,reject_radius20,2025
EDDV,209,202,202,203,arrivals,0.9665071770334929,0.9712918660287081,reject_radius20,2025
EGGP,208,204,202,204,departures,0.9711538461538461,0.9807692307692307,reject_radius20,2025
EGGP,206,189,189,197,arrivals,0.9174757281553398,0.9563106796116505,reject_radius20,2025
LIRQ,202,196,196,197,departures,0.9702970297029703,0.9752475247524752,reject_radius20,2025
EDDN,201,197,196,197,departures,0.9751243781094527,0.9800995024875622,reject_radius20,2025
EDDN,199,191,191,196,arrivals,0.9597989949748744,0.9849246231155779,reject_radius20,2025
LGSA,199,42,40,40,arrivals,0.20100502512562815,0.20100502512562815,reject_radius20,2025
EGLC,198,197,197,199,departures,0.9949494949494949,1.005050505050505,reject_radius20,2025
LIRQ,198,104,98,98,arrivals,0.494949494949495,0.494949494949495,reject_radius20,2025
LGSA,196,182,182,184,departures,0.9285714285714286,0.9387755102040817,reject_radius20,2025
LIEE,195,2,2,2,arrivals,0.010256410256410256,0.010256410256410256,reject_radius20,2025
EPWR,194,187,187,188,arrivals,0.9639175257731959,0.9690721649484536,reject_radius20,2025
EPWR,193,186,186,187,departures,0.9637305699481865,0.9689119170984456,reject_radius20,2025
EGNM,193,169,169,171,arrivals,0.8756476683937824,0.8860103626943006,reject_radius20,2025
UDYZ,192,2,0,0,departures,0.0,0.0,reject_radius20,2025
UDYZ,192,1,0,0,arrivals,0.0,0.0,reject_radius20,2025
LIEE,191,113,112,112,departures,0.5863874345549738,0.5863874345549738,reject_radius20,2025
EHEH,191,191,189,189,departures,0.9895287958115183,0.9895287958115183,reject_radius20,2025
EGNM,190,178,177,177,departures,0.9315789473684211,0.9315789473684211,reject_radius20,2025
EHEH,190,187,187,189,arrivals,0.9842105263157894,0.9947368421052631,reject_radius20,2025
EYVI,189,128,121,124,arrivals,0.6402116402116402,0.656084656084656,reject_radius20,2025
EGLC,189,189,167,242,arrivals,0.8835978835978836,1.2804232804232805,reject_radius20,2025
EYVI,186,176,176,176,departures,0.946236559139785,0.946236559139785,reject_radius20,2025
DAAG,186,82,82,83,departures,0.44086021505376344,0.44623655913978494,reject_radius20,2025
DTTA,186,0,0,0,arrivals,0.0,0.0,reject_radius20,2025
DTTA,185,1,1,1,departures,0.005405405405405406,0.005405405405405406,reject_radius20,2025
DAAG,184,103,101,101,arrivals,0.5489130434782609,0.5489130434782609,reject_radius20,2025
LFOB,181,180,180,180,departures,0.994475138121547,0.994475138121547,reject_radius20,2025
LFOB,181,176,176,176,arrivals,0.9723756906077348,0.9723756906077348,reject_radius20,2025
LDDU,180,1,0,0,arrivals,0.0,0.0,reject_radius20,2025
LGKO,178,172,171,178,departures,0.9606741573033708,1.0,reject_radius20,2025
LDDU,177,1,0,0,departures,0.0,0.0,reject_radius20,2025
LGKO,177,166,166,168,arrivals,0.9378531073446328,0.9491525423728814,reject_radius20,2025
EETN,162,142,142,142,arrivals,0.8765432098765432,0.8765432098765432,reject_radius20,2025
EPPO,161,154,154,154,departures,0.9565217391304348,0.9565217391304348,reject_radius20,2025
HESH,161,0,0,0,arrivals,0.0,0.0,reject_radius20,2025
UMKK,160,3,1,3,departures,0.00625,0.01875,reject_radius20,2025
EETN,159,148,148,150,departures,0.9308176100628931,0.9433962264150944,reject_radius20,2025
LPMA,159,155,155,156,departures,0.9748427672955975,0.9811320754716981,reject_radius20,2025
HESH,159,1,0,0,departures,0.0,0.0,reject_radius20,2025
UMKK,159,0,0,5,arrivals,0.0,0.031446540880503145,reject_radius20,2025
LPMA,158,9,9,9,arrivals,0.056962025316455694,0.056962025316455694,reject_radius20,2025
LIMF,157,156,154,155,departures,0.9808917197452229,0.9872611464968153,reject_radius20,2025
LIMF,157,155,154,156,arrivals,0.9808917197452229,0.9936305732484076,reject_radius20,2025
LIRA,156,149,149,150,arrivals,0.9551282051282052,0.9615384615384616,reject_radius20,2025
LIRA,154,152,152,154,departures,0.987012987012987,1.0,reject_radius20,2025
EPPO,154,145,145,145,arrivals,0.9415584415584416,0.9415584415584416,reject_radius20,2025
EKBI,154,145,144,144,arrivals,0.935064935064935,0.935064935064935,reject_radius20,2025
LPPD,153,56,55,122,departures,0.35947712418300654,0.7973856209150327,reject_radius20,2025
EKBI,152,151,151,152,departures,0.993421052631579,1.0,reject_radius20,2025
LPPD,151,88,87,89,arrivals,0.5761589403973509,0.5894039735099338,reject_radius20,2025
ULLI,148,1,0,0,arrivals,0.0,0.0,reject_radius20,2025
OLBA,144,125,123,124,departures,0.8541666666666666,0.8611111111111112,reject_radius20,2025
LIPX,144,144,144,144,departures,1.0,1.0,reject_radius20,2025
OLBA,144,34,30,30,arrivals,0.20833333333333334,0.20833333333333334,reject_radius20,2025
ENTC,143,1,0,0,arrivals,0.0,0.0,reject_radius20,2025
ULLI,142,2,0,0,departures,0.0,0.0,reject_radius20,2025
LIPX,142,137,137,142,arrivals,0.9647887323943662,1.0,reject_radius20,2025
LGSR,139,5,3,7,departures,0.02158273381294964,0.050359712230215826,reject_radius20,2025
LGSR,139,1,0,0,arrivals,0.0,0.0,reject_radius20,2025
ENTC,138,82,17,17,departures,0.12318840579710146,0.12318840579710146,reject_radius20,2025
LTCG,138,88,88,89,arrivals,0.6376811594202898,0.644927536231884,reject_radius20,2025
EGPD,137,125,125,125,departures,0.9124087591240876,0.9124087591240876,reject_radius20,2025
EGPD,136,122,122,122,arrivals,0.8970588235294118,0.8970588235294118,reject_radius20,2025
ENBO,134,129,129,225,departures,0.9626865671641791,1.6791044776119404,reject_radius20,2025
EBLG,134,133,133,134,departures,0.9925373134328358,1.0,reject_radius20,2025
LTDB,133,5,1,1,departures,0.007518796992481203,0.007518796992481203,reject_radius20,2025
LTCG,133,122,122,133,departures,0.9172932330827067,1.0,reject_radius20,2025
ENBO,133,119,116,135,arrivals,0.8721804511278195,1.0150375939849625,reject_radius20,2025
LRCL,130,90,88,89,departures,0.676923076923077,0.6846153846153846,reject_radius20,2025
LIBR,130,1,0,0,departures,0.0,0.0,reject_radius20,2025
LRCL,129,0,0,0,arrivals,0.0,0.0,reject_radius20,2025
LTDB,129,3,0,0,arrivals,0.0,0.0,reject_radius20,2025
LGZA,126,126,126,130,departures,1.0,1.0317460317460319,reject_radius20,2025
EBLG,126,74,74,74,arrivals,0.5873015873015873,0.5873015873015873,reject_radius20,2025
LGZA,126,119,119,120,arrivals,0.9444444444444444,0.9523809523809523,reject_radius20,2025
LIBR,125,0,0,0,arrivals,0.0,0.0,reject_radius20,2025
EGAC,123,122,121,122,departures,0.983739837398374,0.991869918699187,reject_radius20,2025
EGAC,123,120,120,162,arrivals,0.975609756097561,1.3170731707317074,reject_radius20,2025
BKPR,120,0,0,0,departures,0.0,0.0,reject_radius20,2025
BKPR,120,2,0,0,arrivals,0.0,0.0,reject_radius20,2025
EICK,120,115,115,115,arrivals,0.9583333333333334,0.9583333333333334,reject_radius20,2025
EICK,119,118,118,118,departures,0.9915966386554622,0.9915966386554622,reject_radius20,2025
LDZD,118,7,6,6,arrivals,0.05084745762711865,0.05084745762711865,reject_radius20,2025
OJAI,116,55,55,57,departures,0.47413793103448276,0.49137931034482757,reject_radius20,2025
OJAI,116,0,0,2,arrivals,0.0,0.017241379310344827,reject_radius20,2025
LDZD,114,53,49,49,departures,0.4298245614035088,0.4298245614035088,reject_radius20,2025
LICA,112,1,0,0,arrivals,0.0,0.0,reject_radius20,2025
EGLF,110,110,110,112,departures,1.0,1.018181818181818,reject_radius20,2025
LICA,108,2,2,2,departures,0.018518518518518517,0.018518518518518517,reject_radius20,2025
EGJJ,108,106,106,106,arrivals,0.9814814814814815,0.9814814814814815,reject_radius20,2025
EGLF,108,107,17,17,arrivals,0.1574074074074074,0.1574074074074074,reject_radius20,2025
LCPH,107,98,98,98,arrivals,0.9158878504672897,0.9158878504672897,reject_radius20,2025
LWSK,106,12,8,8,departures,0.07547169811320754,0.07547169811320754,reject_radius20,2025
OKKK,106,105,105,105,departures,0.9905660377358491,0.9905660377358491,reject_radius20,2025
LEST,106,95,89,89,arrivals,0.839622641509434,0.839622641509434,reject_radius20,2025
LCPH,105,84,84,84,departures,0.8,0.8,reject_radius20,2025
LGMK,105,91,89,101,departures,0.8476190476190476,0.9619047619047619,reject_radius20,2025
LEST,105,95,95,95,departures,0.9047619047619048,0.9047619047619048,reject_radius20,2025
LZIB,105,101,101,101,departures,0.9619047619047619,0.9619047619047619,reject_radius20,2025
LEGE,105,42,39,39,arrivals,0.37142857142857144,0.37142857142857144,reject_radius20,2025
LWSK,105,0,0,0,arrivals,0.0,0.0,reject_radius20,2025
LZIB,105,101,101,102,arrivals,0.9619047619047619,0.9714285714285714,reject_radius20,2025
LEGE,104,103,103,107,departures,0.9903846153846154,1.0288461538461537,reject_radius20,2025
LGMK,104,73,72,75,arrivals,0.6923076923076923,0.7211538461538461,reject_radius20,2025
EDJA,104,101,101,101,arrivals,0.9711538461538461,0.9711538461538461,reject_radius20,2025
EDJA,102,99,99,99,departures,0.9705882352941176,0.9705882352941176,reject_radius20,2025
OKKK,102,12,12,13,arrivals,0.11764705882352941,0.12745098039215685,reject_radius20,2025
EGJJ,101,98,97,97,departures,0.9603960396039604,0.9603960396039604,reject_radius20,2025
EHRD,100,99,98,99,arrivals,0.98,0.99,reject_radius20,2025
EHRD,99,98,96,97,departures,0.9696969696969697,0.9797979797979798,reject_radius20,2025
LBBG,97,90,90,90,arrivals,0.9278350515463918,0.9278350515463918,reject_radius20,2025
LOWS,96,95,95,98,departures,0.9895833333333334,1.0208333333333333,reject_radius20,2025
LOWS,95,90,89,91,arrivals,0.9368421052631579,0.9578947368421052,reject_radius20,2025
DTTJ,94,0,0,0,arrivals,0.0,0.0,reject_radius20,2025
LJLJ,94,88,88,90,arrivals,0.9361702127659575,0.9574468085106383,reject_radius20,2025
LBBG,93,91,91,93,departures,0.978494623655914,1.0,reject_radius20,2025
LQSA,93,70,68,68,departures,0.7311827956989247,0.7311827956989247,reject_radius20,2025
LQSA,93,0,0,0,arrivals,0.0,0.0,reject_radius20,2025
GMAD,92,6,0,0,departures,0.0,0.0,reject_radius20,2025
EGKB,92,90,81,82,departures,0.8804347826086957,0.8913043478260869,reject_radius20,2025
EINN,91,91,91,92,departures,1.0,1.010989010989011,reject_radius20,2025
GMAD,91,0,0,0,arrivals,0.0,0.0,reject_radius20,2025
EGKB,91,90,0,0,arrivals,0.0,0.0,reject_radius20,2025
LJLJ,90,87,87,88,departures,0.9666666666666667,0.9777777777777777,reject_radius20,2025
DTTJ,89,0,0,0,departures,0.0,0.0,reject_radius20,2025
UUDD,89,11,7,8,departures,0.07865168539325842,0.0898876404494382,reject_radius20,2025
EDDW,88,88,87,90,departures,0.9886363636363636,1.0227272727272727,reject_radius20,2025
GMTT,88,87,87,87,departures,0.9886363636363636,0.9886363636363636,reject_radius20,2025
EDLW,87,82,82,82,departures,0.9425287356321839,0.9425287356321839,reject_radius20,2025
EDDW,87,87,87,89,arrivals,1.0,1.0229885057471264,reject_radius20,2025
GMTT,87,86,86,87,arrivals,0.9885057471264368,1.0,reject_radius20,2025
EDLW,87,82,82,82,arrivals,0.9425287356321839,0.9425287356321839,reject_radius20,2025
EINN,86,80,80,80,arrivals,0.9302325581395349,0.9302325581395349,reject_radius20,2025
LIMJ,86,85,84,84,arrivals,0.9767441860465116,0.9767441860465116,reject_radius20,2025
EGHI,86,78,78,79,arrivals,0.9069767441860465,0.9186046511627907,reject_radius20,2025
LIPH,85,85,85,85,departures,1.0,1.0,reject_radius20,2025
GCLA,85,64,40,41,departures,0.47058823529411764,0.4823529411764706,reject_radius20,2025
LIPH,85,85,85,85,arrivals,1.0,1.0,reject_radius20,2025
EDSB,85,77,77,79,arrivals,0.9058823529411765,0.9294117647058824,reject_radius20,2025
LFKB,84,77,77,77,departures,0.9166666666666666,0.9166666666666666,reject_radius20,2025
LFKB,84,68,68,68,arrivals,0.8095238095238095,0.8095238095238095,reject_radius20,2025
GCLA,84,7,7,7,arrivals,0.08333333333333333,0.08333333333333333,reject_radius20,2025
EGHI,83,71,71,71,departures,0.8554216867469879,0.8554216867469879,reject_radius20,2025
EGJB,83,82,82,83,departures,0.9879518072289156,1.0,reject_radius20,2025
LYTV,83,1,0,0,arrivals,0.0,0.0,reject_radius20,2025
LYTV,82,3,0,0,departures,0.0,0.0,reject_radius20,2025
EDSB,81,76,76,78,departures,0.9382716049382716,0.9629629629629629,reject_radius20,2025
EGNS,81,75,74,74,arrivals,0.9135802469135802,0.9135802469135802,reject_radius20,2025
DTMB,81,0,0,0,arrivals,0.0,0.0,reject_radius20,2025
EGNS,80,71,71,72,departures,0.8875,0.9,reject_radius20,2025
LFKJ,80,79,79,79,arrivals,0.9875,0.9875,reject_radius20,2025
LIMJ,79,78,77,77,departures,0.9746835443037974,0.9746835443037974,reject_radius20,2025
DTMB,79,0,0,0,departures,0.0,0.0,reject_radius20,2025
LFKJ,78,78,78,78,departures,1.0,1.0,reject_radius20,2025
EDFH,77,73,73,73,departures,0.948051948051948,0.948051948051948,reject_radius20,2025
LYPG,77,2,0,0,departures,0.0,0.0,reject_radius20,2025
LYPG,77,0,0,0,arrivals,0.0,0.0,reject_radius20,2025
EKYT,75,73,73,73,departures,0.9733333333333334,0.9733333333333334,reject_radius20,2025
LBWN,75,48,48,48,arrivals,0.64,0.64,reject_radius20,2025
LFMT,75,74,74,74,arrivals,0.9866666666666667,0.9866666666666667,reject_radius20,2025
UUDD,75,0,0,0,arrivals,0.0,0.0,reject_radius20,2025
LFMT,74,73,73,73,departures,0.9864864864864865,0.9864864864864865,reject_radius20,2025
EDFH,74,68,68,68,arrivals,0.918918918918919,0.918918918918919,reject_radius20,2025
LTAJ,74,0,0,0,arrivals,0.0,0.0,reject_radius20,2025
EGJB,74,70,65,65,arrivals,0.8783783783783784,0.8783783783783784,reject_radius20,2025
LTAU,73,0,0,0,arrivals,0.0,0.0,reject_radius20,2025
LTAJ,72,1,0,0,departures,0.0,0.0,reject_radius20,2025
LFMD,72,68,13,13,arrivals,0.18055555555555555,0.18055555555555555,reject_radius20,2025
EGHH,72,64,64,66,arrivals,0.8888888888888888,0.9166666666666666,reject_radius20,2025
ENTO,72,66,64,64,arrivals,0.8888888888888888,0.8888888888888888,reject_radius20,2025
LBWN,71,61,61,61,departures,0.8591549295774648,0.8591549295774648,reject_radius20,2025
LRIA,71,51,37,38,departures,0.5211267605633803,0.5352112676056338,reject_radius20,2025
EGHH,71,71,70,70,departures,0.9859154929577465,0.9859154929577465,reject_radius20,2025
ENTO,71,65,65,67,departures,0.9154929577464789,0.9436619718309859,reject_radius20,2025
EKYT,71,69,69,69,arrivals,0.971830985915493,0.971830985915493,reject_radius20,2025
LTAU,70,0,0,0,departures,0.0,0.0,reject_radius20,2025
LEAS,69,62,62,62,departures,0.8985507246376812,0.8985507246376812,reject_radius20,2025
UGSB,69,39,39,39,arrivals,0.5652173913043478,0.5652173913043478,reject_radius20,2025
EDLV,69,69,69,69,arrivals,1.0,1.0,reject_radius20,2025
EDLV,68,68,68,68,departures,1.0,1.0,reject_radius20,2025
LERS,68,61,61,61,arrivals,0.8970588235294118,0.8970588235294118,reject_radius20,2025
LEAS,68,2,2,2,arrivals,0.029411764705882353,0.029411764705882353,reject_radius20,2025
LRIA,68,0,0,0,arrivals,0.0,0.0,reject_radius20,2025
UGSB,67,58,58,63,departures,0.8656716417910447,0.9402985074626866,reject_radius20,2025
LERS,67,62,62,62,departures,0.9253731343283582,0.9253731343283582,reject_radius20,2025
URSS,67,0,0,0,arrivals,0.0,0.0,reject_radius20,2025
LFMD,65,60,60,61,departures,0.9230769230769231,0.9384615384615385,reject_radius20,2025
LFKF,65,57,57,57,arrivals,0.8769230769230769,0.8769230769230769,reject_radius20,2025
GMME,64,55,40,46,departures,0.625,0.71875,reject_radius20,2025
GMME,63,24,22,22,arrivals,0.3492063492063492,0.3492063492063492,reject_radius20,2025
LIEA,62,62,62,62,departures,1.0,1.0,reject_radius20,2025
LGKF,62,62,61,61,departures,0.9838709677419355,0.9838709677419355,reject_radius20,2025
LIEA,62,62,62,62,arrivals,1.0,1.0,reject_radius20,2025
LIPQ,61,58,58,58,departures,0.9508196721311475,0.9508196721311475,reject_radius20,2025
LFKF,61,60,60,65,departures,0.9836065573770492,1.0655737704918034,reject_radius20,2025
EDDG,60,60,60,60,departures,1.0,1.0,reject_radius20,2025
EPRZ,60,55,54,54,departures,0.9,0.9,reject_radius20,2025
LGKF,60,56,56,58,arrivals,0.9333333333333333,0.9666666666666667,reject_radius20,2025
DTNH,59,0,0,0,departures,0.0,0.0,reject_radius20,2025
LRTR,59,38,31,31,departures,0.5254237288135594,0.5254237288135594,reject_radius20,2025
LIPQ,59,59,58,58,arrivals,0.9830508474576272,0.9830508474576272,reject_radius20,2025
LTBA,58,58,58,65,departures,1.0,1.1206896551724137,reject_radius20,2025
DTNH,58,0,0,0,arrivals,0.0,0.0,reject_radius20,2025
EPRZ,58,53,52,52,arrivals,0.896551724137931,0.896551724137931,reject_radius20,2025
LFBZ,57,57,57,60,arrivals,1.0,1.0526315789473684,reject_radius20,2025
LRTR,57,0,0,1,arrivals,0.0,0.017543859649122806,reject_radius20,2025
LFQQ,57,56,56,56,arrivals,0.9824561403508771,0.9824561403508771,reject_radius20,2025
LOWG,56,56,53,54,departures,0.9464285714285714,0.9642857142857143,reject_radius20,2025
LFQQ,56,56,56,56,departures,1.0,1.0,reject_radius20,2025
LTCC,56,0,0,0,arrivals,0.0,0.0,reject_radius20,2025
EDDG,56,54,54,54,arrivals,0.9642857142857143,0.9642857142857143,reject_radius20,2025
LFBZ,55,51,51,52,departures,0.9272727272727272,0.9454545454545454,reject_radius20,2025
LTCC,55,2,0,0,departures,0.0,0.0,reject_radius20,2025
LDPL,55,49,49,50,arrivals,0.8909090909090909,0.9090909090909091,reject_radius20,2025
LFTH,55,50,49,60,arrivals,0.8909090909090909,1.0909090909090908,reject_radius20,2025
EYKA,54,52,50,50,departures,0.9259259259259259,0.9259259259259259,reject_radius20,2025
LOWG,53,52,51,54,arrivals,0.9622641509433962,1.0188679245283019,reject_radius20,2025
LKTB,52,51,48,48,departures,0.9230769230769231,0.9230769230769231,reject_radius20,2025
URSS,52,1,0,0,departures,0.0,0.0,reject_radius20,2025
GMFF,52,46,45,46,departures,0.8653846153846154,0.8846153846153846,reject_radius20,2025
LTBA,52,47,42,76,arrivals,0.8076923076923077,1.4615384615384615,reject_radius20,2025
LKTB,52,50,47,47,arrivals,0.9038461538461539,0.9038461538461539,reject_radius20,2025
GMFF,52,0,0,0,arrivals,0.0,0.0,reject_radius20,2025
LFTH,51,45,45,56,departures,0.8823529411764706,1.0980392156862746,reject_radius20,2025
EGPE,51,48,48,48,departures,0.9411764705882353,0.9411764705882353,reject_radius20,2025
EHKD,50,49,49,78,departures,0.98,1.56,reject_radius20,2025
LFST,50,48,48,49,arrivals,0.96,0.98,reject_radius20,2025
EYKA,50,16,9,9,arrivals,0.18,0.18,reject_radius20,2025
LDPL,49,44,44,45,departures,0.8979591836734694,0.9183673469387755,reject_radius20,2025
UGKO,49,0,0,2,departures,0.0,0.04081632653061224,reject_radius20,2025
LFST,49,47,47,47,departures,0.9591836734693877,0.9591836734693877,reject_radius20,2025
DAOO,49,25,24,24,arrivals,0.4897959183673469,0.4897959183673469,reject_radius20,2025
UGKO,49,0,0,0,arrivals,0.0,0.0,reject_radius20,2025
EGFF,49,45,44,44,arrivals,0.8979591836734694,0.8979591836734694,reject_radius20,2025
EGPE,49,45,45,45,arrivals,0.9183673469387755,0.9183673469387755,reject_radius20,2025
DAOO,48,37,37,37,departures,0.7708333333333334,0.7708333333333334,reject_radius20,2025
EGFF,48,47,47,48,departures,0.9791666666666666,1.0,reject_radius20,2025
UBBN,48,0,0,0,departures,0.0,0.0,reject_radius20,2025
ENCN,48,48,48,48,departures,1.0,1.0,reject_radius20,2025
EHKD,48,36,36,43,arrivals,0.75,0.8958333333333334,reject_radius20,2025
ENAL,48,1,1,1,arrivals,0.020833333333333332,0.020833333333333332,reject_radius20,2025
UBBN,48,1,0,0,arrivals,0.0,0.0,reject_radius20,2025
ORBI,48,0,0,0,arrivals,0.0,0.0,reject_radius20,2025
LFRB,47,41,41,41,departures,0.8723404255319149,0.8723404255319149,reject_radius20,2025
ENAL,46,9,1,1,departures,0.021739130434782608,0.021739130434782608,reject_radius20,2025
ENKB,46,4,4,4,departures,0.08695652173913043,0.08695652173913043,reject_radius20,2025
LGPZ,46,1,0,0,arrivals,0.0,0.0,reject_radius20,2025
LTFH,45,7,7,8,departures,0.15555555555555556,0.17777777777777778,reject_radius20,2025
LGPZ,45,31,24,26,departures,0.5333333333333333,0.5777777777777777,reject_radius20,2025
EDDC,45,44,44,44,departures,0.9777777777777777,0.9777777777777777,reject_radius20,2025
LGPA,45,8,0,0,departures,0.0,0.0,reject_radius20,2025
LTFH,45,3,3,3,arrivals,0.06666666666666667,0.06666666666666667,reject_radius20,2025
EDDC,45,44,44,44,arrivals,0.9777777777777777,0.9777777777777777,reject_radius20,2025
LIRI,44,29,27,31,departures,0.6136363636363636,0.7045454545454546,reject_radius20,2025
GEML,44,44,44,46,departures,1.0,1.0454545454545454,reject_radius20,2025
ORER,44,1,0,0,departures,0.0,0.0,reject_radius20,2025
ESSB,44,39,38,40,departures,0.8636363636363636,0.9090909090909091,reject_radius20,2025
BIRK,44,44,44,57,departures,1.0,1.2954545454545454,reject_radius20,2025
GEML,44,43,43,44,arrivals,0.9772727272727273,1.0,reject_radius20,2025
ORER,44,0,0,0,arrivals,0.0,0.0,reject_radius20,2025
LEJR,44,43,43,43,arrivals,0.9772727272727273,0.9772727272727273,reject_radius20,2025
BIRK,44,36,35,35,arrivals,0.7954545454545454,0.7954545454545454,reject_radius20,2025
ENKB,44,0,0,0,arrivals,0.0,0.0,reject_radius20,2025
LFRB,44,39,39,39,arrivals,0.8863636363636364,0.8863636363636364,reject_radius20,2025
LKMT,44,39,39,40,arrivals,0.8863636363636364,0.9090909090909091,reject_radius20,2025
LKMT,43,40,40,40,departures,0.9302325581395349,0.9302325581395349,reject_radius20,2025
LIBP,43,42,42,42,arrivals,0.9767441860465116,0.9767441860465116,reject_radius20,2025
LOWI,43,28,27,27,arrivals,0.627906976744186,0.627906976744186,reject_radius20,2025
ENCN,43,10,10,10,arrivals,0.23255813953488372,0.23255813953488372,reject_radius20,2025
EPMO,42,42,42,46,departures,1.0,1.0952380952380953,reject_radius20,2025
ENEV,42,13,0,0,departures,0.0,0.0,reject_radius20,2025
ORBI,42,4,0,0,departures,0.0,0.0,reject_radius20,2025
LIRI,42,3,1,1,arrivals,0.023809523809523808,0.023809523809523808,reject_radius20,2025
UMMS,42,2,2,2,arrivals,0.047619047619047616,0.047619047619047616,reject_radius20,2025
ESMS,42,36,36,36,arrivals,0.8571428571428571,0.8571428571428571,reject_radius20,2025
ENEV,42,9,0,0,arrivals,0.0,0.0,reject_radius20,2025
LGSM,42,18,18,19,arrivals,0.42857142857142855,0.4523809523809524,reject_radius20,2025
ESMS,41,38,38,39,departures,0.926829268292683,0.9512195121951219,reject_radius20,2025
LIBP,41,41,41,43,departures,1.0,1.048780487804878,reject_radius20,2025
LGSM,41,40,39,48,departures,0.9512195121951219,1.170731707317073,reject_radius20,2025
LIRZ,41,41,39,41,arrivals,0.9512195121951219,1.0,reject_radius20,2025
UMMS,40,19,16,16,departures,0.4,0.4,reject_radius20,2025
LEJR,40,40,40,40,departures,1.0,1.0,reject_radius20,2025
LEVX,40,19,19,19,arrivals,0.475,0.475,reject_radius20,2025
UWKD,40,0,0,0,arrivals,0.0,0.0,reject_radius20,2025
LICT,40,5,5,5,arrivals,0.125,0.125,reject_radius20,2025
EPMO,40,29,29,29,arrivals,0.725,0.725,reject_radius20,2025
LEAM,40,37,37,37,arrivals,0.925,0.925,reject_radius20,2025
GMMW,40,34,33,33,arrivals,0.825,0.825,reject_radius20,2025
LGPA,40,0,0,0,arrivals,0.0,0.0,reject_radius20,2025
LEVT,39,38,37,46,departures,0.9487179487179487,1.1794871794871795,reject_radius20,2025
LICT,39,8,8,10,departures,0.20512820512820512,0.2564102564102564,reject_radius20,2025
LIRZ,39,39,35,35,departures,0.8974358974358975,0.8974358974358975,reject_radius20,2025
LEXJ,39,36,36,37,departures,0.9230769230769231,0.9487179487179487,reject_radius20,2025
GMMW,39,39,37,37,departures,0.9487179487179487,0.9487179487179487,reject_radius20,2025
EGPB,39,0,0,0,arrivals,0.0,0.0,reject_radius20,2025
LEVT,39,0,0,0,arrivals,0.0,0.0,reject_radius20,2025
LEZG,39,13,13,13,arrivals,0.3333333333333333,0.3333333333333333,reject_radius20,2025
EDLP,39,35,35,36,arrivals,0.8974358974358975,0.9230769230769231,reject_radius20,2025
EGPB,38,1,0,0,departures,0.0,0.0,reject_radius20,2025
UWKD,38,11,1,1,departures,0.02631578947368421,0.02631578947368421,reject_radius20,2025
LEZG,38,14,14,14,departures,0.3684210526315789,0.3684210526315789,reject_radius20,2025
ESPA,38,16,16,16,departures,0.42105263157894735,0.42105263157894735,reject_radius20,2025
LEVX,37,36,36,36,departures,0.972972972972973,0.972972972972973,reject_radius20,2025
LGSK,37,25,24,24,departures,0.6486486486486487,0.6486486486486487,reject_radius20,2025
LOWL,37,36,36,36,departures,0.972972972972973,0.972972972972973,reject_radius20,2025
LEAM,37,36,36,36,departures,0.972972972972973,0.972972972972973,reject_radius20,2025
LIPY,37,37,37,37,departures,1.0,1.0,reject_radius20,2025
LGSK,37,30,30,30,arrivals,0.8108108108108109,0.8108108108108109,reject_radius20,2025
ESSB,37,32,32,34,arrivals,0.8648648648648649,0.918918918918919,reject_radius20,2025
LEXJ,37,0,0,0,arrivals,0.0,0.0,reject_radius20,2025
EGTE,36,34,34,34,departures,0.9444444444444444,0.9444444444444444,reject_radius20,2025
LECO,36,34,34,34,departures,0.9444444444444444,0.9444444444444444,reject_radius20,2025
EGTE,36,32,32,32,arrivals,0.8888888888888888,0.8888888888888888,reject_radius20,2025
LIPY,36,9,9,9,arrivals,0.25,0.25,reject_radius20,2025
LTFO,36,20,19,19,arrivals,0.5277777777777778,0.5277777777777778,reject_radius20,2025
EGMC,35,35,35,35,departures,1.0,1.0,reject_radius20,2025
EDLP,35,32,32,32,departures,0.9142857142857143,0.9142857142857143,reject_radius20,2025
LZKZ,35,35,35,35,departures,1.0,1.0,reject_radius20,2025
LTFO,35,32,32,32,departures,0.9142857142857143,0.9142857142857143,reject_radius20,2025
LTFG,35,33,32,32,arrivals,0.9142857142857143,0.9142857142857143,reject_radius20,2025
ESPA,35,0,0,0,arrivals,0.0,0.0,reject_radius20,2025
LECO,35,35,35,41,arrivals,1.0,1.1714285714285715,reject_radius20,2025
GMFO,34,32,32,32,departures,0.9411764705882353,0.9411764705882353,reject_radius20,2025
LTFG,34,34,34,34,departures,1.0,1.0,reject_radius20,2025
LEGR,34,32,32,32,departures,0.9411764705882353,0.9411764705882353,reject_radius20,2025
LOWL,34,32,32,33,arrivals,0.9411764705882353,0.9705882352941176,reject_radius20,2025
LICR,34,0,0,0,arrivals,0.0,0.0,reject_radius20,2025
GMFO,34,25,25,25,arrivals,0.7352941176470589,0.7352941176470589,reject_radius20,2025
LEGR,34,1,1,1,arrivals,0.029411764705882353,0.029411764705882353,reject_radius20,2025
LGMT,34,34,34,34,arrivals,1.0,1.0,reject_radius20,2025
LZKZ,34,27,27,27,arrivals,0.7941176470588235,0.7941176470588235,reject_radius20,2025
LICR,33,4,4,8,departures,0.12121212121212122,0.24242424242424243,reject_radius20,2025
LTCI,33,0,0,0,departures,0.0,0.0,reject_radius20,2025
LGMT,33,32,31,31,departures,0.9393939393939394,0.9393939393939394,reject_radius20,2025
LOWI,33,30,29,29,departures,0.8787878787878788,0.8787878787878788,reject_radius20,2025
EGMC,33,33,33,69,arrivals,1.0,2.090909090909091,reject_radius20,2025
EKAH,33,30,30,30,arrivals,0.9090909090909091,0.9090909090909091,reject_radius20,2025
EGWU,32,32,0,0,departures,0.0,0.0,reject_radius20,2025
LTCB,32,12,11,13,departures,0.34375,0.40625,reject_radius20,2025
EKAH,32,32,32,32,departures,1.0,1.0,reject_radius20,2025
LFRN,32,32,32,32,departures,1.0,1.0,reject_radius20,2025
LEMI,32,31,31,31,arrivals,0.96875,0.96875,reject_radius20,2025
LTCI,32,0,0,0,arrivals,0.0,0.0,reject_radius20,2025
LEMI,31,31,31,31,departures,1.0,1.0,reject_radius20,2025
EIKN,31,30,30,30,departures,0.967741935483871,0.967741935483871,reject_radius20,2025
ENHD,31,29,27,31,departures,0.8709677419354839,1.0,reject_radius20,2025
EDMO,31,30,27,27,departures,0.8709677419354839,0.8709677419354839,reject_radius20,2025
LFRN,31,31,31,31,arrivals,1.0,1.0,reject_radius20,2025
LTCE,31,0,0,0,arrivals,0.0,0.0,reject_radius20,2025
EGPK,30,30,30,30,departures,1.0,1.0,reject_radius20,2025
URMM,30,3,2,2,departures,0.06666666666666667,0.06666666666666667,reject_radius20,2025
LGNX,30,9,0,0,departures,0.0,0.0,reject_radius20,2025
LTCB,30,11,11,11,arrivals,0.36666666666666664,0.36666666666666664,reject_radius20,2025
LGNX,30,1,0,0,arrivals,0.0,0.0,reject_radius20,2025
EIKN,30,30,30,30,arrivals,1.0,1.0,reject_radius20,2025
EBAW,29,29,28,29,departures,0.9655172413793104,1.0,reject_radius20,2025
LTCE,29,0,0,0,departures,0.0,0.0,reject_radius20,2025
EGPA,29,11,0,0,departures,0.0,0.0,reject_radius20,2025
LTAZ,29,0,0,0,departures,0.0,0.0,reject_radius20,2025
EGPK,29,25,25,26,arrivals,0.8620689655172413,0.896551724137931,reject_radius20,2025
URMM,29,0,0,0,arrivals,0.0,0.0,reject_radius20,2025
ENHD,29,20,19,19,arrivals,0.6551724137931034,0.6551724137931034,reject_radius20,2025
LTAZ,29,1,0,0,arrivals,0.0,0.0,reject_radius20,2025
EGHQ,28,27,27,27,departures,0.9642857142857143,0.9642857142857143,reject_radius20,2025
ESNU,28,8,8,8,departures,0.2857142857142857,0.2857142857142857,reject_radius20,2025
EGHQ,28,27,27,27,arrivals,0.9642857142857143,0.9642857142857143,reject_radius20,2025
LTCA,27,0,0,0,departures,0.0,0.0,reject_radius20,2025
ENBN,27,10,5,10,departures,0.18518518518518517,0.37037037037037035,reject_radius20,2025
LICD,27,25,25,25,departures,0.9259259259259259,0.9259259259259259,reject_radius20,2025
LIPB,27,17,16,16,arrivals,0.5925925925925926,0.5925925925925926,reject_radius20,2025
EGWU,27,25,0,0,arrivals,0.0,0.0,reject_radius20,2025
LTAN,27,0,0,0,arrivals,0.0,0.0,reject_radius20,2025
LTCA,27,0,0,0,arrivals,0.0,0.0,reject_radius20,2025
LICD,27,8,8,8,arrivals,0.2962962962962963,0.2962962962962963,reject_radius20,2025
LFKC,27,27,27,27,arrivals,1.0,1.0,reject_radius20,2025
LTAT,26,1,0,0,departures,0.0,0.0,reject_radius20,2025
LPCS,26,26,23,24,departures,0.8846153846153846,0.9230769230769231,reject_radius20,2025
LIPB,26,26,25,25,departures,0.9615384615384616,0.9615384615384616,reject_radius20,2025
LTCS,26,0,0,0,departures,0.0,0.0,reject_radius20,2025
LTAN,26,0,0,0,departures,0.0,0.0,reject_radius20,2025
LRBS,26,26,26,27,departures,1.0,1.0384615384615385,reject_radius20,2025
LFKC,26,26,26,26,departures,1.0,1.0,reject_radius20,2025
LGHI,26,3,2,2,arrivals,0.07692307692307693,0.07692307692307693,reject_radius20,2025
LTCS,26,0,0,0,arrivals,0.0,0.0,reject_radius20,2025
ESNU,26,0,0,0,arrivals,0.0,0.0,reject_radius20,2025
ENBN,26,0,0,0,arrivals,0.0,0.0,reject_radius20,2025
EGPA,26,0,0,0,arrivals,0.0,0.0,reject_radius20,2025
LGKL,25,21,21,21,departures,0.84,0.84,reject_radius20,2025
LGHI,25,24,24,26,departures,0.96,1.04,reject_radius20,2025
LGML,25,0,0,0,departures,0.0,0.0,reject_radius20,2025
LFMP,25,24,24,24,departures,0.96,0.96,reject_radius20,2025
EHBK,25,22,21,21,departures,0.84,0.84,reject_radius20,2025
EFOU,25,1,1,2,departures,0.04,0.08,reject_radius20,2025
EGSH,25,25,25,25,departures,1.0,1.0,reject_radius20,2025
LGKL,25,22,22,22,arrivals,0.88,0.88,reject_radius20,2025
EFOU,25,0,0,0,arrivals,0.0,0.0,reject_radius20,2025
EGSH,25,25,25,25,arrivals,1.0,1.0,reject_radius20,2025
LPCS,25,24,21,22,arrivals,0.84,0.88,reject_radius20,2025
EBAW,25,25,24,27,arrivals,0.96,1.08,reject_radius20,2025
LFRK,24,24,23,24,departures,0.9583333333333334,1.0,reject_radius20,2025
EKVG,24,0,0,0,departures,0.0,0.0,reject_radius20,2025
ENFL,24,15,15,19,departures,0.625,0.7916666666666666,reject_radius20,2025
ENAT,24,18,0,0,departures,0.0,0.0,reject_radius20,2025
LICG,24,14,11,11,departures,0.4583333333333333,0.4583333333333333,reject_radius20,2025
LIPR,24,23,23,25,departures,0.9583333333333334,1.0416666666666667,reject_radius20,2025
LTAT,24,0,0,0,arrivals,0.0,0.0,reject_radius20,2025
EKVG,24,0,0,0,arrivals,0.0,0.0,reject_radius20,2025
ENFL,24,0,0,0,arrivals,0.0,0.0,reject_radius20,2025
ENAT,24,0,0,0,arrivals,0.0,0.0,reject_radius20,2025
LESO,24,3,0,0,arrivals,0.0,0.0,reject_radius20,2025
EHBK,24,19,18,18,arrivals,0.75,0.75,reject_radius20,2025
LIPR,24,23,23,24,arrivals,0.9583333333333334,1.0,reject_radius20,2025
LFMP,24,20,20,20,arrivals,0.8333333333333334,0.8333333333333334,reject_radius20,2025
EDDR,23,17,17,18,departures,0.7391304347826086,0.782608695652174,reject_radius20,2025
ESSV,23,20,20,21,departures,0.8695652173913043,0.9130434782608695,reject_radius20,2025
ENOV,23,3,3,11,departures,0.13043478260869565,0.4782608695652174,reject_radius20,2025
ENKR,23,6,0,0,departures,0.0,0.0,reject_radius20,2025
LESO,23,19,15,16,departures,0.6521739130434783,0.6956521739130435,reject_radius20,2025
ENLK,23,19,0,0,departures,0.0,0.0,reject_radius20,2025
LFBT,23,23,23,23,departures,1.0,1.0,reject_radius20,2025
ENKR,23,0,0,0,arrivals,0.0,0.0,reject_radius20,2025
LICG,23,3,3,3,arrivals,0.13043478260869565,0.13043478260869565,reject_radius20,2025
EGPO,23,3,0,0,arrivals,0.0,0.0,reject_radius20,2025
EDXW,22,21,19,19,departures,0.8636363636363636,0.8636363636363636,reject_radius20,2025
LLER,22,4,0,0,departures,0.0,0.0,reject_radius20,2025
LSGS,22,21,21,23,departures,0.9545454545454546,1.0454545454545454,reject_radius20,2025
LRSB,22,13,13,13,departures,0.5909090909090909,0.5909090909090909,reject_radius20,2025
LFBP,22,18,18,18,departures,0.8181818181818182,0.8181818181818182,reject_radius20,2025
LGKP,22,3,0,0,departures,0.0,0.0,reject_radius20,2025
EGNV,22,19,19,19,departures,0.8636363636363636,0.8636363636363636,reject_radius20,2025
EGPO,22,2,2,2,departures,0.09090909090909091,0.09090909090909091,reject_radius20,2025
EPSC,22,21,21,21,departures,0.9545454545454546,0.9545454545454546,reject_radius20,2025
EIKY,22,22,22,22,departures,1.0,1.0,reject_radius20,2025
LRCV,22,1,1,1,departures,0.045454545454545456,0.045454545454545456,reject_radius20,2025
GCHI,22,11,0,0,departures,0.0,0.0,reject_radius20,2025
LFRK,22,21,20,20,arrivals,0.9090909090909091,0.9090909090909091,reject_radius20,2025
EDDR,22,16,16,18,arrivals,0.7272727272727273,0.8181818181818182,reject_radius20,2025
ESSV,22,5,5,5,arrivals,0.22727272727272727,0.22727272727272727,reject_radius20,2025
EDXW,22,21,19,19,arrivals,0.8636363636363636,0.8636363636363636,reject_radius20,2025
ENOV,22,0,0,0,arrivals,0.0,0.0,reject_radius20,2025
LLER,22,0,0,0,arrivals,0.0,0.0,reject_radius20,2025
LRSB,22,3,3,3,arrivals,0.13636363636363635,0.13636363636363635,reject_radius20,2025
LFBP,22,22,22,22,arrivals,1.0,1.0,reject_radius20,2025
LGKP,22,0,0,0,arrivals,0.0,0.0,reject_radius20,2025
EDMO,22,22,19,20,arrivals,0.8636363636363636,0.9090909090909091,reject_radius20,2025
EPSC,22,12,11,11,arrivals,0.5,0.5,reject_radius20,2025
ENLK,22,2,0,0,arrivals,0.0,0.0,reject_radius20,2025
GCHI,22,0,0,0,arrivals,0.0,0.0,reject_radius20,2025
LFBT,22,22,22,22,arrivals,1.0,1.0,reject_radius20,2025
LDRI,21,18,18,19,departures,0.8571428571428571,0.9047619047619048,reject_radius20,2025
LRSV,21,11,11,13,departures,0.5238095238095238,0.6190476190476191,reject_radius20,2025
ENSG,21,6,0,0,departures,0.0,0.0,reject_radius20,2025
BIAR,21,0,0,0,departures,0.0,0.0,reject_radius20,2025
LDRI,21,18,18,19,arrivals,0.8571428571428571,0.9047619047619048,reject_radius20,2025
LGML,21,0,0,0,arrivals,0.0,0.0,reject_radius20,2025
EGNV,21,19,19,19,arrivals,0.9047619047619048,0.9047619047619048,reject_radius20,2025
LSZB,21,20,19,20,arrivals,0.9047619047619048,0.9523809523809523,reject_radius20,2025
LRCV,21,0,0,0,arrivals,0.0,0.0,reject_radius20,2025
LRBS,21,20,19,20,arrivals,0.9047619047619048,0.9523809523809523,reject_radius20,2025
BIAR,21,0,0,0,arrivals,0.0,0.0,reject_radius20,2025
ENSG,21,5,0,0,arrivals,0.0,0.0,reject_radius20,2025
EIKY,21,21,21,21,arrivals,1.0,1.0,reject_radius20,2025
LFLC,21,20,20,20,arrivals,0.9523809523809523,0.9523809523809523,reject_radius20,2025
DABC,20,0,0,0,departures,0.0,0.0,reject_radius20,2025
LTCR,20,0,0,0,departures,0.0,0.0,reject_radius20,2025
LSZB,20,19,18,20,departures,0.9,1.0,reject_radius20,2025
GMTN,20,20,19,19,arrivals,0.95,0.95,reject_radius20,2025
LSGS,20,1,0,2,arrivals,0.0,0.1,reject_radius20,2025
LTCR,20,0,0,0,arrivals,0.0,0.0,reject_radius20,2025
LRSV,20,0,0,0,arrivals,0.0,0.0,reject_radius20,2025
EGNJ,20,15,15,15,arrivals,0.75,0.75,reject_radius20,2025
HLLM,20,0,0,0,arrivals,0.0,0.0,reject_radius20,2025
DABC,20,0,0,0,arrivals,0.0,0.0,reject_radius20,2025
LTCJ,19,0,0,0,departures,0.0,0.0,reject_radius20,2025
GMTN,19,18,18,18,departures,0.9473684210526315,0.9473684210526315,reject_radius20,2025
EFTU,19,17,17,17,departures,0.8947368421052632,0.8947368421052632,reject_radius20,2025
ENVD,19,8,0,0,departures,0.0,0.0,reject_radius20,2025
LRBC,19,19,19,30,departures,1.0,1.5789473684210527,reject_radius20,2025
ENSK,19,18,0,0,departures,0.0,0.0,reject_radius20,2025
LSZR,19,19,19,21,departures,1.0,1.105263157894737,reject_radius20,2025
LOWK,19,19,19,19,departures,1.0,1.0,reject_radius20,2025
EGTK,19,19,19,20,departures,1.0,1.0526315789473684,reject_radius20,2025
HLLM,19,2,2,2,departures,0.10526315789473684,0.10526315789473684,reject_radius20,2025
LTCJ,19,0,0,0,arrivals,0.0,0.0,reject_radius20,2025
LRBC,19,3,3,3,arrivals,0.15789473684210525,0.15789473684210525,reject_radius20,2025
ENSK,19,4,0,0,arrivals,0.0,0.0,reject_radius20,2025
LFTZ,19,18,0,0,arrivals,0.0,0.0,reject_radius20,2025
LSZR,19,18,18,18,arrivals,0.9473684210526315,0.9473684210526315,reject_radius20,2025
EYPA,18,17,16,16,departures,0.8888888888888888,0.8888888888888888,reject_radius20,2025
EGJA,18,16,16,16,departures,0.8888888888888888,0.8888888888888888,reject_radius20,2025
EBOS,18,16,16,16,departures,0.8888888888888888,0.8888888888888888,reject_radius20,2025
LFLC,18,18,18,18,departures,1.0,1.0,reject_radius20,2025
LOWK,18,5,5,5,arrivals,0.2777777777777778,0.2777777777777778,reject_radius20,2025
LIPO,18,18,14,15,arrivals,0.7777777777777778,0.8333333333333334,reject_radius20,2025
EGJA,18,18,18,22,arrivals,1.0,1.2222222222222223,reject_radius20,2025
EFTU,18,10,10,10,arrivals,0.5555555555555556,0.5555555555555556,reject_radius20,2025
EFRO,17,0,0,0,departures,0.0,0.0,reject_radius20,2025
LPAZ,17,16,16,16,departures,0.9411764705882353,0.9411764705882353,reject_radius20,2025
EPLL,17,17,17,17,departures,1.0,1.0,reject_radius20,2025
LQBK,17,17,17,17,departures,1.0,1.0,reject_radius20,2025
ENML,17,5,4,4,departures,0.23529411764705882,0.23529411764705882,reject_radius20,2025
LGAL,17,16,16,16,departures,0.9411764705882353,0.9411764705882353,reject_radius20,2025
EBKT,17,17,17,18,departures,1.0,1.0588235294117647,reject_radius20,2025
EFRO,17,0,0,0,arrivals,0.0,0.0,reject_radius20,2025
LQBK,17,7,7,7,arrivals,0.4117647058823529,0.4117647058823529,reject_radius20,2025
EBOS,17,15,15,18,arrivals,0.8823529411764706,1.0588235294117647,reject_radius20,2025
EYPA,17,4,3,3,arrivals,0.17647058823529413,0.17647058823529413,reject_radius20,2025
LFLY,16,16,0,0,departures,0.0,0.0,reject_radius20,2025
EKRN,16,16,16,17,departures,1.0,1.0625,reject_radius20,2025
LYNI,16,1,0,0,departures,0.0,0.0,reject_radius20,2025
LFBL,16,11,11,11,departures,0.6875,0.6875,reject_radius20,2025
EPBY,16,15,15,15,departures,0.9375,0.9375,reject_radius20,2025
LTCF,16,0,0,0,departures,0.0,0.0,reject_radius20,2025
EGNJ,16,12,12,12,departures,0.75,0.75,reject_radius20,2025
EDDE,16,16,16,16,departures,1.0,1.0,reject_radius20,2025
LXGB,16,15,15,15,departures,0.9375,0.9375,reject_radius20,2025
LEPP,16,16,16,18,departures,1.0,1.125,reject_radius20,2025
EPLB,16,15,15,16,departures,0.9375,1.0,reject_radius20,2025
LFBE,16,15,15,15,departures,0.9375,0.9375,reject_radius20,2025
EKEB,16,13,13,15,departures,0.8125,0.9375,reject_radius20,2025
LECH,16,14,14,15,departures,0.875,0.9375,reject_radius20,2025
LFLY,16,16,0,0,arrivals,0.0,0.0,reject_radius20,2025
LYNI,16,0,0,0,arrivals,0.0,0.0,reject_radius20,2025
LFBL,16,0,0,0,arrivals,0.0,0.0,reject_radius20,2025
EPLL,16,15,15,15,arrivals,0.9375,0.9375,reject_radius20,2025
LTCF,16,0,0,0,arrivals,0.0,0.0,reject_radius20,2025
ENSH,16,1,0,0,arrivals,0.0,0.0,reject_radius20,2025
LFMK,16,15,15,15,arrivals,0.9375,0.9375,reject_radius20,2025
EGTK,16,16,15,15,arrivals,0.9375,0.9375,reject_radius20,2025
LGAL,16,16,16,16,arrivals,1.0,1.0,reject_radius20,2025
EDVE,16,16,14,14,arrivals,0.875,0.875,reject_radius20,2025
EPLB,16,15,15,16,arrivals,0.9375,1.0,reject_radius20,2025
LFBE,16,13,13,13,arrivals,0.8125,0.8125,reject_radius20,2025
LXGB,16,15,15,15,arrivals,0.9375,0.9375,reject_radius20,2025
UWGG,15,0,0,0,departures,0.0,0.0,reject_radius20,2025
HESX,15,5,4,5,departures,0.26666666666666666,0.3333333333333333,reject_radius20,2025
LTCK,15,0,0,0,departures,0.0,0.0,reject_radius20,2025
EDNY,15,13,12,12,departures,0.8,0.8,reject_radius20,2025
ENRA,15,9,7,8,departures,0.4666666666666667,0.5333333333333333,reject_radius20,2025
EGAE,15,5,5,5,departures,0.3333333333333333,0.3333333333333333,reject_radius20,2025
LFMK,15,15,15,15,departures,1.0,1.0,reject_radius20,2025
LFRM,15,15,14,16,arrivals,0.9333333333333333,1.0666666666666667,reject_radius20,2025
EKRN,15,9,9,9,arrivals,0.6,0.6,reject_radius20,2025
ENVD,15,0,0,0,arrivals,0.0,0.0,reject_radius20,2025
LTCK,15,0,0,0,arrivals,0.0,0.0,reject_radius20,2025
EPBY,15,9,9,9,arrivals,0.6,0.6,reject_radius20,2025
EDNY,15,12,12,13,arrivals,0.8,0.8666666666666667,reject_radius20,2025
ENML,15,0,0,0,arrivals,0.0,0.0,reject_radius20,2025
LLHA,15,13,13,13,arrivals,0.8666666666666667,0.8666666666666667,reject_radius20,2025
LGLM,15,0,0,0,arrivals,0.0,0.0,reject_radius20,2025
LECH,15,13,13,13,arrivals,0.8666666666666667,0.8666666666666667,reject_radius20,2025
HESX,15,4,4,15,arrivals,0.26666666666666666,1.0,reject_radius20,2025
EDDE,15,15,14,14,arrivals,0.9333333333333333,0.9333333333333333,reject_radius20,2025
EKEB,15,12,12,12,arrivals,0.8,0.8,reject_radius20,2025
LFSD,15,15,14,15,arrivals,0.9333333333333333,1.0,reject_radius20,2025
LTAY,14,2,2,2,departures,0.14285714285714285,0.14285714285714285,reject_radius20,2025
ETSI,14,13,13,13,departures,0.9285714285714286,0.9285714285714286,reject_radius20,2025
LROD,14,4,3,3,departures,0.21428571428571427,0.21428571428571427,reject_radius20,2025
ENSH,14,14,0,0,departures,0.0,0.0,reject_radius20,2025
LTAR,14,0,0,0,departures,0.0,0.0,reject_radius20,2025
EDVE,14,14,14,14,departures,1.0,1.0,reject_radius20,2025
LGLM,14,0,0,0,departures,0.0,0.0,reject_radius20,2025
LLHA,14,13,13,13,departures,0.9285714285714286,0.9285714285714286,reject_radius20,2025
EFKU,14,14,14,14,departures,1.0,1.0,reject_radius20,2025
LFBH,14,6,6,6,arrivals,0.42857142857142855,0.42857142857142855,reject_radius20,2025
LPAZ,14,11,11,13,arrivals,0.7857142857142857,0.9285714285714286,reject_radius20,2025
LROD,14,0,0,0,arrivals,0.0,0.0,reject_radius20,2025
ENRA,14,0,0,0,arrivals,0.0,0.0,reject_radius20,2025
EGAE,14,2,2,2,arrivals,0.14285714285714285,0.14285714285714285,reject_radius20,2025
LTAR,14,0,0,0,arrivals,0.0,0.0,reject_radius20,2025
LEPP,14,2,2,2,arrivals,0.14285714285714285,0.14285714285714285,reject_radius20,2025
LFRM,13,13,13,14,departures,1.0,1.0769230769230769,reject_radius20,2025
LFBH,13,13,13,13,departures,1.0,1.0,reject_radius20,2025
LTDA,13,0,0,0,departures,0.0,0.0,reject_radius20,2025
LPPS,13,6,5,5,departures,0.38461538461538464,0.38461538461538464,reject_radius20,2025
LFRZ,13,13,10,10,departures,0.7692307692307693,0.7692307692307693,reject_radius20,2025
LTCT,13,0,0,0,departures,0.0,0.0,reject_radius20,2025
LIBC,13,0,0,0,departures,0.0,0.0,reject_radius20,2025
EDMA,13,13,13,13,departures,1.0,1.0,reject_radius20,2025
LGKV,13,13,13,14,departures,1.0,1.0769230769230769,reject_radius20,2025
EFVA,13,12,12,12,departures,0.9230769230769231,0.9230769230769231,reject_radius20,2025
UWGG,13,0,0,0,arrivals,0.0,0.0,reject_radius20,2025
LTAY,13,0,0,0,arrivals,0.0,0.0,reject_radius20,2025
LGKV,13,13,13,13,arrivals,1.0,1.0,reject_radius20,2025
LPPS,13,6,6,6,arrivals,0.46153846153846156,0.46153846153846156,reject_radius20,2025
LFRZ,13,13,10,10,arrivals,0.7692307692307693,0.7692307692307693,reject_radius20,2025
EFKU,13,13,13,13,arrivals,1.0,1.0,reject_radius20,2025
LTCT,13,0,0,0,arrivals,0.0,0.0,reject_radius20,2025
LBPD,13,1,0,0,arrivals,0.0,0.0,reject_radius20,2025
ESNS,12,12,12,12,departures,1.0,1.0,reject_radius20,2025
EDFM,12,11,11,17,departures,0.9166666666666666,1.4166666666666667,reject_radius20,2025
LFMU,12,12,12,12,departures,1.0,1.0,reject_radius20,2025
ENBL,12,0,0,0,departures,0.0,0.0,reject_radius20,2025
GCGM,12,6,0,0,departures,0.0,0.0,reject_radius20,2025
ENSD,12,1,0,0,departures,0.0,0.0,reject_radius20,2025
LTCP,12,0,0,0,departures,0.0,0.0,reject_radius20,2025
LIRS,12,12,12,13,departures,1.0,1.0833333333333333,reject_radius20,2025
LFTZ,12,11,0,0,departures,0.0,0.0,reject_radius20,2025
LFTW,12,11,11,11,departures,0.9166666666666666,0.9166666666666666,reject_radius20,2025
LTFD,12,11,11,11,departures,0.9166666666666666,0.9166666666666666,reject_radius20,2025
ENST,12,4,3,4,departures,0.25,0.3333333333333333,reject_radius20,2025
EKRK,12,12,12,12,departures,1.0,1.0,reject_radius20,2025
LTCN,12,0,0,0,departures,0.0,0.0,reject_radius20,2025
HLLB,12,0,0,0,departures,0.0,0.0,reject_radius20,2025
LGIO,12,10,10,10,arrivals,0.8333333333333334,0.8333333333333334,reject_radius20,2025
LTFD,12,12,12,12,arrivals,1.0,1.0,reject_radius20,2025
LIBF,12,0,0,0,arrivals,0.0,0.0,reject_radius20,2025
ETSI,12,11,9,9,arrivals,0.75,0.75,reject_radius20,2025
LGRX,12,1,1,1,arrivals,0.08333333333333333,0.08333333333333333,reject_radius20,2025
LFMU,12,11,11,11,arrivals,0.9166666666666666,0.9166666666666666,reject_radius20,2025
LTCN,12,0,0,0,arrivals,0.0,0.0,reject_radius20,2025
HLLB,12,0,0,0,arrivals,0.0,0.0,reject_radius20,2025
LIBC,12,0,0,0,arrivals,0.0,0.0,reject_radius20,2025
EFVA,12,0,0,0,arrivals,0.0,0.0,reject_radius20,2025
LTCD,12,0,0,0,arrivals,0.0,0.0,reject_radius20,2025
EKSB,12,12,12,12,arrivals,1.0,1.0,reject_radius20,2025
GCGM,12,0,0,0,arrivals,0.0,0.0,reject_radius20,2025
LRBV,11,10,10,10,departures,0.9090909090909091,0.9090909090909091,reject_radius20,2025
LTCD,11,0,0,0,departures,0.0,0.0,reject_radius20,2025
EGPN,11,11,11,12,departures,1.0,1.0909090909090908,reject_radius20,2025
LTCV,11,0,0,0,departures,0.0,0.0,reject_radius20,2025
LIPO,11,11,11,13,departures,1.0,1.1818181818181819,reject_radius20,2025
LGRX,11,1,1,1,departures,0.09090909090909091,0.09090909090909091,reject_radius20,2025
ENAN,11,10,0,0,departures,0.0,0.0,reject_radius20,2025
GMML,11,2,0,0,departures,0.0,0.0,reject_radius20,2025
LFSD,11,11,11,12,departures,1.0,1.0909090909090908,reject_radius20,2025
LFMV,11,11,11,11,arrivals,1.0,1.0,reject_radius20,2025
EGPN,11,11,11,11,arrivals,1.0,1.0,reject_radius20,2025
LTCV,11,0,0,0,arrivals,0.0,0.0,reject_radius20,2025
ESNS,11,7,7,7,arrivals,0.6363636363636364,0.6363636363636364,reject_radius20,2025
EDFM,11,10,10,14,arrivals,0.9090909090909091,1.2727272727272727,reject_radius20,2025
GMML,11,0,0,0,arrivals,0.0,0.0,reject_radius20,2025
LTCP,11,0,0,0,arrivals,0.0,0.0,reject_radius20,2025
LIRS,11,4,4,4,arrivals,0.36363636363636365,0.36363636363636365,reject_radius20,2025
LFTW,11,11,11,11,arrivals,1.0,1.0,reject_radius20,2025
EDMA,11,11,11,11,arrivals,1.0,1.0,reject_radius20,2025
LTDA,11,0,0,0,arrivals,0.0,0.0,reject_radius20,2025
ENST,11,0,0,0,arrivals,0.0,0.0,reject_radius20,2025
LICB,11,11,10,12,arrivals,0.9090909090909091,1.0909090909090908,reject_radius20,2025
ENBL,11,0,0,0,arrivals,0.0,0.0,reject_radius20,2025
ENSD,11,2,0,0,arrivals,0.0,0.0,reject_radius20,2025
LGIO,10,9,9,9,departures,0.9,0.9,reject_radius20,2025
LFMV,10,9,9,10,departures,0.9,1.0,reject_radius20,2025
EKSB,10,10,10,10,departures,1.0,1.0,reject_radius20,2025
ESNZ,10,8,8,8,departures,0.8,0.8,reject_radius20,2025
LQMO,10,0,0,1,departures,0.0,0.1,reject_radius20,2025
LGIK,10,7,0,0,departures,0.0,0.0,reject_radius20,2025
LIMP,10,10,10,10,departures,1.0,1.0,reject_radius20,2025
EHGG,10,10,10,10,departures,1.0,1.0,reject_radius20,2025
LIPK,10,7,7,7,departures,0.7,0.7,reject_radius20,2025
DAAE,10,1,1,1,departures,0.1,0.1,reject_radius20,2025
LFCR,10,10,10,10,arrivals,1.0,1.0,reject_radius20,2025
LDSB,10,1,0,0,arrivals,0.0,0.0,reject_radius20,2025
LIPK,10,8,8,8,arrivals,0.8,0.8,reject_radius20,2025
DAAE,10,3,3,3,arrivals,0.3,0.3,reject_radius20,2025
EKOD,10,10,10,10,arrivals,1.0,1.0,reject_radius20,2025
EHGG,10,10,10,11,arrivals,1.0,1.1,reject_radius20,2025
LFCR,9,9,9,9,departures,1.0,1.0,reject_radius20,2025
LKPD,9,9,9,13,departures,1.0,1.4444444444444444,reject_radius20,2025
ESKN,9,7,7,7,departures,0.7777777777777778,0.7777777777777778,reject_radius20,2025
LBPD,9,4,4,4,departures,0.4444444444444444,0.4444444444444444,reject_radius20,2025
GMFK,9,3,0,0,departures,0.0,0.0,reject_radius20,2025
LTCO,9,0,0,0,departures,0.0,0.0,reject_radius20,2025
LDSB,9,0,0,0,departures,0.0,0.0,reject_radius20,2025
LTBR,9,9,9,10,departures,1.0,1.1111111111111112,reject_radius20,2025
ENNA,9,8,0,0,departures,0.0,0.0,reject_radius20,2025
LICB,9,9,9,9,departures,1.0,1.0,reject_radius20,2025
EDTY,9,9,9,9,departures,1.0,1.0,reject_radius20,2025
ESTA,9,8,7,7,departures,0.7777777777777778,0.7777777777777778,reject_radius20,2025
ENMS,9,3,0,0,departures,0.0,0.0,reject_radius20,2025
GMMI,9,0,0,0,departures,0.0,0.0,reject_radius20,2025
UUBW,9,0,0,0,arrivals,0.0,0.0,reject_radius20,2025
DAON,9,0,0,0,arrivals,0.0,0.0,reject_radius20,2025
GMMI,9,0,0,0,arrivals,0.0,0.0,reject_radius20,2025
LGIK,9,0,0,0,arrivals,0.0,0.0,reject_radius20,2025
EGNR,9,8,1,1,arrivals,0.1111111111111111,0.1111111111111111,reject_radius20,2025
GMFK,9,0,0,0,arrivals,0.0,0.0,reject_radius20,2025
ENMS,9,0,0,0,arrivals,0.0,0.0,reject_radius20,2025
LTBR,9,7,7,9,arrivals,0.7777777777777778,1.0,reject_radius20,2025
LRBV,9,9,9,9,arrivals,1.0,1.0,reject_radius20,2025
ESNZ,9,7,7,7,arrivals,0.7777777777777778,0.7777777777777778,reject_radius20,2025
EKRK,9,9,9,9,arrivals,1.0,1.0,reject_radius20,2025
LQMO,9,0,0,0,arrivals,0.0,0.0,reject_radius20,2025
ENAN,9,4,0,0,arrivals,0.0,0.0,reject_radius20,2025
URML,9,0,0,0,arrivals,0.0,0.0,reject_radius20,2025
ESKN,9,6,6,7,arrivals,0.6666666666666666,0.7777777777777778,reject_radius20,2025
LTCO,9,1,0,0,arrivals,0.0,0.0,reject_radius20,2025
LSMP,8,8,7,8,departures,0.875,1.0,reject_radius20,2025
LFSL,8,8,8,8,departures,1.0,1.0,reject_radius20,2025
EGPI,8,7,5,5,departures,0.625,0.625,reject_radius20,2025
ESMX,8,6,6,6,departures,0.75,0.75,reject_radius20,2025
EFMA,8,2,2,2,departures,0.25,0.25,reject_radius20,2025
EGPR,8,1,0,0,departures,0.0,0.0,reject_radius20,2025
EDHI,8,8,0,0,departures,0.0,0.0,reject_radius20,2025
ENJS,8,0,0,0,departures,0.0,0.0,reject_radius20,2025
LFOT,8,8,8,8,departures,1.0,1.0,reject_radius20,2025
LEBZ,8,7,7,7,departures,0.875,0.875,reject_radius20,2025
EPSY,8,7,7,8,departures,0.875,1.0,reject_radius20,2025
LQTZ,8,6,6,8,departures,0.75,1.0,reject_radius20,2025
LDOS,8,3,3,3,departures,0.375,0.375,reject_radius20,2025
LFRG,8,8,8,10,departures,1.0,1.25,reject_radius20,2025
BIEG,8,0,0,0,departures,0.0,0.0,reject_radius20,2025
DAON,8,2,2,2,departures,0.25,0.25,reject_radius20,2025
EDLN,8,8,5,5,departures,0.625,0.625,reject_radius20,2025
EFTP,8,5,5,5,departures,0.625,0.625,reject_radius20,2025
UBBG,8,0,0,0,departures,0.0,0.0,reject_radius20,2025
LGST,8,2,0,0,departures,0.0,0.0,reject_radius20,2025
LSMP,8,8,6,9,arrivals,0.75,1.125,reject_radius20,2025
LQTZ,8,1,1,1,arrivals,0.125,0.125,reject_radius20,2025
LFSL,8,4,4,4,arrivals,0.5,0.5,reject_radius20,2025
LDOS,8,4,4,4,arrivals,0.5,0.5,reject_radius20,2025
EGPI,8,0,0,0,arrivals,0.0,0.0,reject_radius20,2025
ESMX,8,3,3,3,arrivals,0.375,0.375,reject_radius20,2025
EBKT,8,8,8,8,arrivals,1.0,1.0,reject_radius20,2025
EFMA,8,2,2,2,arrivals,0.25,0.25,reject_radius20,2025
BIEG,8,0,0,0,arrivals,0.0,0.0,reject_radius20,2025
LKPD,8,8,8,12,arrivals,1.0,1.5,reject_radius20,2025
ESTA,8,4,4,4,arrivals,0.5,0.5,reject_radius20,2025
LFOT,8,8,8,8,arrivals,1.0,1.0,reject_radius20,2025
LFLB,8,8,7,7,arrivals,0.875,0.875,reject_radius20,2025
ENNA,8,0,0,0,arrivals,0.0,0.0,reject_radius20,2025
LGST,8,0,0,0,arrivals,0.0,0.0,reject_radius20,2025
EDRY,7,7,0,0,departures,0.0,0.0,reject_radius20,2025
EDTL,7,7,7,7,departures,1.0,1.0,reject_radius20,2025
ESSL,7,7,6,6,departures,0.8571428571428571,0.8571428571428571,reject_radius20,2025
ENNM,7,4,0,0,departures,0.0,0.0,reject_radius20,2025
LIBF,7,0,0,0,departures,0.0,0.0,reject_radius20,2025
LHDC,7,6,6,7,departures,0.8571428571428571,1.0,reject_radius20,2025
EIDL,7,7,7,7,departures,1.0,1.0,reject_radius20,2025
LTCW,7,0,0,0,departures,0.0,0.0,reject_radius20,2025
BIIS,7,6,0,0,departures,0.0,0.0,reject_radius20,2025
EKOD,7,7,7,7,departures,1.0,1.0,reject_radius20,2025
OITT,7,0,0,0,departures,0.0,0.0,reject_radius20,2025
UUBW,7,1,0,0,departures,0.0,0.0,reject_radius20,2025
ESNQ,7,6,6,6,departures,0.8571428571428571,0.8571428571428571,reject_radius20,2025
EGPL,7,0,0,0,departures,0.0,0.0,reject_radius20,2025
HEBA,7,6,6,6,departures,0.8571428571428571,0.8571428571428571,reject_radius20,2025
ESNQ,7,0,0,0,arrivals,0.0,0.0,reject_radius20,2025
EGPR,7,0,0,0,arrivals,0.0,0.0,reject_radius20,2025
BIIS,7,0,0,0,arrivals,0.0,0.0,reject_radius20,2025
DABB,7,0,0,0,arrivals,0.0,0.0,reject_radius20,2025
EDTL,7,7,5,5,arrivals,0.7142857142857143,0.7142857142857143,reject_radius20,2025
ENJS,7,0,0,0,arrivals,0.0,0.0,reject_radius20,2025
EGPL,7,0,0,0,arrivals,0.0,0.0,reject_radius20,2025
LEBZ,7,6,6,6,arrivals,0.8571428571428571,0.8571428571428571,reject_radius20,2025
LTCW,7,0,0,0,arrivals,0.0,0.0,reject_radius20,2025
EDHI,7,7,0,0,arrivals,0.0,0.0,reject_radius20,2025
EIDL,7,7,7,7,arrivals,1.0,1.0,reject_radius20,2025
OITT,7,0,0,0,arrivals,0.0,0.0,reject_radius20,2025
EDTY,7,7,6,6,arrivals,0.8571428571428571,0.8571428571428571,reject_radius20,2025
LIMP,7,5,5,5,arrivals,0.7142857142857143,0.7142857142857143,reject_radius20,2025
HEAL,6,1,1,1,departures,0.16666666666666666,0.16666666666666666,reject_radius20,2025
ENDU,6,2,2,15,departures,0.3333333333333333,2.5,reject_radius20,2025
EFKE,6,1,0,0,departures,0.0,0.0,reject_radius20,2025
ESOE,6,6,6,6,departures,1.0,1.0,reject_radius20,2025
EFJO,6,6,6,6,departures,1.0,1.0,reject_radius20,2025
URML,6,0,0,0,departures,0.0,0.0,reject_radius20,2025
ENRM,6,5,5,11,departures,0.8333333333333334,1.8333333333333333,reject_radius20,2025
LTCU,6,0,0,0,departures,0.0,0.0,reject_radius20,2025
EGNR,6,6,4,4,departures,0.6666666666666666,0.6666666666666666,reject_radius20,2025
EDVK,6,4,4,4,departures,0.6666666666666666,0.6666666666666666,reject_radius20,2025
EGPU,6,1,0,0,departures,0.0,0.0,reject_radius20,2025
HEMM,6,0,0,0,departures,0.0,0.0,reject_radius20,2025
ESNK,6,0,0,0,departures,0.0,0.0,reject_radius20,2025
EDHL,6,6,6,6,departures,1.0,1.0,reject_radius20,2025
ENSO,6,6,6,6,departures,1.0,1.0,reject_radius20,2025
LPVZ,6,6,0,0,departures,0.0,0.0,reject_radius20,2025
ESKM,6,3,0,0,departures,0.0,0.0,reject_radius20,2025
EHJA,6,3,0,0,departures,0.0,0.0,reject_radius20,2025
ESNL,6,0,0,0,departures,0.0,0.0,reject_radius20,2025
LPPM,6,6,6,7,departures,1.0,1.1666666666666667,reject_radius20,2025
EFIV,6,2,0,0,departures,0.0,0.0,reject_radius20,2025
DABB,6,0,0,0,departures,0.0,0.0,reject_radius20,2025
EDVK,6,4,4,4,arrivals,0.6666666666666666,0.6666666666666666,reject_radius20,2025
EDRY,6,5,0,0,arrivals,0.0,0.0,reject_radius20,2025
EGPU,6,0,0,0,arrivals,0.0,0.0,reject_radius20,2025
LHDC,6,0,0,0,arrivals,0.0,0.0,reject_radius20,2025
ESOE,6,6,6,6,arrivals,1.0,1.0,reject_radius20,2025
LFLI,6,6,0,0,arrivals,0.0,0.0,reject_radius20,2025
LFEC,6,0,0,0,arrivals,0.0,0.0,reject_radius20,2025
LIMZ,6,6,6,6,arrivals,1.0,1.0,reject_radius20,2025
EFTP,6,5,5,5,arrivals,0.8333333333333334,0.8333333333333334,reject_radius20,2025
ENLE,6,0,0,0,arrivals,0.0,0.0,reject_radius20,2025
EFIV,6,2,0,0,arrivals,0.0,0.0,reject_radius20,2025
HEAL,6,2,2,2,arrivals,0.3333333333333333,0.3333333333333333,reject_radius20,2025
ENNM,6,1,0,0,arrivals,0.0,0.0,reject_radius20,2025
ESNK,6,0,0,0,arrivals,0.0,0.0,reject_radius20,2025
EDHL,6,6,6,6,arrivals,1.0,1.0,reject_radius20,2025
ENSO,6,6,6,8,arrivals,1.0,1.3333333333333333,reject_radius20,2025
EFJO,6,1,1,1,arrivals,0.16666666666666666,0.16666666666666666,reject_radius20,2025
LWOH,6,0,0,0,arrivals,0.0,0.0,reject_radius20,2025
HEBA,6,5,5,5,arrivals,0.8333333333333334,0.8333333333333334,reject_radius20,2025
ESSL,6,6,6,6,arrivals,1.0,1.0,reject_radius20,2025
LGLE,6,0,0,0,arrivals,0.0,0.0,reject_radius20,2025
ESKM,6,5,2,4,arrivals,0.3333333333333333,0.6666666666666666,reject_radius20,2025
ESNL,6,0,0,0,arrivals,0.0,0.0,reject_radius20,2025
ENRM,6,1,1,1,arrivals,0.16666666666666666,0.16666666666666666,reject_radius20,2025
LTCU,6,0,0,0,arrivals,0.0,0.0,reject_radius20,2025
EEKE,5,5,5,5,departures,1.0,1.0,reject_radius20,2025
LTCM,5,1,0,0,departures,0.0,0.0,reject_radius20,2025
LTCL,5,0,0,0,departures,0.0,0.0,reject_radius20,2025
LGKY,5,4,0,0,departures,0.0,0.0,reject_radius20,2025
ENHE,5,0,0,0,departures,0.0,0.0,reject_radius20,2025
ENFB,5,0,0,0,departures,0.0,0.0,reject_radius20,2025
LGKC,5,0,0,0,departures,0.0,0.0,reject_radius20,2025
ENLE,5,2,0,0,departures,0.0,0.0,reject_radius20,2025
LRTM,5,5,5,6,departures,1.0,1.2,reject_radius20,2025
LGLE,5,1,0,0,departures,0.0,0.0,reject_radius20,2025
EGEC,5,0,0,2,departures,0.0,0.4,reject_radius20,2025
ESGT,5,2,2,2,departures,0.4,0.4,reject_radius20,2025
EFKI,5,4,4,4,departures,0.8,0.8,reject_radius20,2025
ORMM,5,5,5,5,departures,1.0,1.0,reject_radius20,2025
ESNG,5,0,0,0,departures,0.0,0.0,reject_radius20,2025
EFJY,5,5,5,5,departures,1.0,1.0,reject_radius20,2025
EETU,5,5,4,4,departures,0.8,0.8,reject_radius20,2025
EFKK,5,5,5,5,departures,1.0,1.0,reject_radius20,2025
EDAH,5,3,3,3,departures,0.6,0.6,reject_radius20,2025
ESNX,5,0,0,0,departures,0.0,0.0,reject_radius20,2025
LFLB,5,5,5,6,departures,1.0,1.2,reject_radius20,2025
LFEC,5,0,0,0,departures,0.0,0.0,reject_radius20,2025
LTAW,5,0,0,0,departures,0.0,0.0,reject_radius20,2025
LFJL,5,4,4,4,departures,0.8,0.8,reject_radius20,2025
ENRS,5,5,0,0,departures,0.0,0.0,reject_radius20,2025
DAAS,5,0,0,0,departures,0.0,0.0,reject_radius20,2025
EEKA,5,0,0,0,departures,0.0,0.0,reject_radius20,2025
LFLI,5,5,0,0,departures,0.0,0.0,reject_radius20,2025
LWOH,5,1,1,1,departures,0.2,0.2,reject_radius20,2025
LIMZ,5,5,5,5,departures,1.0,1.0,reject_radius20,2025
ESDF,5,5,5,5,departures,1.0,1.0,reject_radius20,2025
GMMZ,5,2,0,0,departures,0.0,0.0,reject_radius20,2025
EPSY,5,2,2,2,arrivals,0.4,0.4,reject_radius20,2025
URMG,5,0,0,0,arrivals,0.0,0.0,reject_radius20,2025
ENDU,5,0,0,0,arrivals,0.0,0.0,reject_radius20,2025
LTCM,5,0,0,0,arrivals,0.0,0.0,reject_radius20,2025
LTCL,5,0,0,0,arrivals,0.0,0.0,reject_radius20,2025
LFRG,5,5,5,5,arrivals,1.0,1.0,reject_radius20,2025
EEKA,5,0,0,1,arrivals,0.0,0.2,reject_radius20,2025
ENHE,5,0,0,0,arrivals,0.0,0.0,reject_radius20,2025
LTAW,5,0,0,0,arrivals,0.0,0.0,reject_radius20,2025
EGVN,5,4,4,4,arrivals,0.8,0.8,reject_radius20,2025
LESA,5,0,0,0,arrivals,0.0,0.0,reject_radius20,2025
LRTM,5,0,0,0,arrivals,0.0,0.0,reject_radius20,2025
EDAH,5,3,3,4,arrivals,0.6,0.8,reject_radius20,2025
LSZS,5,0,0,0,arrivals,0.0,0.0,reject_radius20,2025
EFKI,5,0,0,0,arrivals,0.0,0.0,reject_radius20,2025
HEMM,5,0,0,0,arrivals,0.0,0.0,reject_radius20,2025
ORMM,5,1,1,1,arrivals,0.2,0.2,reject_radius20,2025
EEKE,5,4,4,4,arrivals,0.8,0.8,reject_radius20,2025
DAAS,5,0,0,0,arrivals,0.0,0.0,reject_radius20,2025
LPPM,5,5,5,8,arrivals,1.0,1.6,reject_radius20,2025
ESNG,5,0,0,0,arrivals,0.0,0.0,reject_radius20,2025
GMMZ,5,0,0,0,arrivals,0.0,0.0,reject_radius20,2025
UBBG,5,0,0,0,arrivals,0.0,0.0,reject_radius20,2025
LFJL,5,5,5,5,arrivals,1.0,1.0,reject_radius20,2025
ENOA,5,0,0,0,arrivals,0.0,0.0,reject_radius20,2025
LPVZ,5,5,1,1,arrivals,0.2,0.2,reject_radius20,2025
EGEC,5,0,0,0,arrivals,0.0,0.0,reject_radius20,2025
ENRS,5,0,0,0,arrivals,0.0,0.0,reject_radius20,2025
EKDF,5,0,0,0,arrivals,0.0,0.0,reject_radius20,2025
LGKC,5,0,0,0,arrivals,0.0,0.0,reject_radius20,2025
LGSO,4,3,0,0,departures,0.0,0.0,reject_radius20,2025
LFPN,4,4,0,0,departures,0.0,0.0,reject_radius20,2025
LFOZ,4,4,0,0,departures,0.0,0.0,reject_radius20,2025
UWSG,4,1,1,1,departures,0.25,0.25,reject_radius20,2025
EPRA,4,4,4,4,departures,1.0,1.0,reject_radius20,2025
LZTT,4,4,4,4,departures,1.0,1.0,reject_radius20,2025
ESMT,4,3,3,4,departures,0.75,1.0,reject_radius20,2025
URWW,4,0,0,0,departures,0.0,0.0,reject_radius20,2025
ENSR,4,0,0,28,departures,0.0,7.0,reject_radius20,2025
ESOK,4,1,1,1,departures,0.25,0.25,reject_radius20,2025
EDAZ,4,4,0,0,departures,0.0,0.0,reject_radius20,2025
LFRT,4,4,3,3,departures,0.75,0.75,reject_radius20,2025
LFLW,4,0,0,0,departures,0.0,0.0,reject_radius20,2025
LFRD,4,4,4,4,departures,1.0,1.0,reject_radius20,2025
LTFC,4,0,0,1,departures,0.0,0.25,reject_radius20,2025
ENRO,4,4,4,4,departures,1.0,1.0,reject_radius20,2025
LECU,4,3,3,3,departures,0.75,0.75,reject_radius20,2025
ESOH,4,4,0,0,departures,0.0,0.0,reject_radius20,2025
LSZA,4,4,4,4,departures,1.0,1.0,reject_radius20,2025
LSGL,4,3,0,0,departures,0.0,0.0,reject_radius20,2025
LGBL,4,4,4,5,departures,1.0,1.25,reject_radius20,2025
LTAP,4,0,0,0,departures,0.0,0.0,reject_radius20,2025
LJPZ,4,3,2,2,departures,0.5,0.5,reject_radius20,2025
EDQG,4,4,0,0,departures,0.0,0.0,reject_radius20,2025
ESNV,4,0,0,0,departures,0.0,0.0,reject_radius20,2025
ENGC,4,0,0,0,departures,0.0,0.0,reject_radius20,2025
EKDF,4,0,0,0,departures,0.0,0.0,reject_radius20,2025
ESMQ,4,4,4,5,departures,1.0,1.25,reject_radius20,2025
LESA,4,4,4,4,departures,1.0,1.0,reject_radius20,2025
LESU,4,4,4,4,departures,1.0,1.0,reject_radius20,2025
LFRH,4,4,4,4,departures,1.0,1.0,reject_radius20,2025
EPZG,4,3,3,3,departures,0.75,0.75,reject_radius20,2025
LKCS,4,4,4,4,departures,1.0,1.0,reject_radius20,2025
ESND,4,0,0,0,departures,0.0,0.0,reject_radius20,2025
ESGJ,4,1,1,1,departures,0.25,0.25,reject_radius20,2025
LGKS,4,0,0,0,departures,0.0,0.0,reject_radius20,2025
LFCK,4,4,4,4,departures,1.0,1.0,reject_radius20,2025
LKHK,4,4,0,0,departures,0.0,0.0,reject_radius20,2025
ESSP,4,4,4,4,departures,1.0,1.0,reject_radius20,2025
EFKT,4,1,1,1,departures,0.25,0.25,reject_radius20,2025
LEVD,4,3,3,3,departures,0.75,0.75,reject_radius20,2025
ORKK,4,0,0,0,departures,0.0,0.0,reject_radius20,2025
EDRZ,4,4,0,0,arrivals,0.0,0.0,reject_radius20,2025
UWSG,4,1,1,1,arrivals,0.25,0.25,reject_radius20,2025
LGPL,4,0,0,0,arrivals,0.0,0.0,reject_radius20,2025
URMO,4,0,0,0,arrivals,0.0,0.0,reject_radius20,2025
ENXO,4,0,0,0,arrivals,0.0,0.0,reject_radius20,2025
LEVD,4,0,0,0,arrivals,0.0,0.0,reject_radius20,2025
EHLL,4,0,0,0,arrivals,0.0,0.0,reject_radius20,2025
LFLX,4,0,0,0,arrivals,0.0,0.0,reject_radius20,2025
LKCS,4,4,4,4,arrivals,1.0,1.0,reject_radius20,2025
ENQG,4,0,0,0,arrivals,0.0,0.0,reject_radius20,2025
ESDF,4,1,1,1,arrivals,0.25,0.25,reject_radius20,2025
LGKY,4,2,0,0,arrivals,0.0,0.0,reject_radius20,2025
ENQS,4,0,0,0,arrivals,0.0,0.0,reject_radius20,2025
ENSR,4,0,0,0,arrivals,0.0,0.0,reject_radius20,2025
ENGC,4,0,0,0,arrivals,0.0,0.0,reject_radius20,2025
EDAZ,4,4,0,0,arrivals,0.0,0.0,reject_radius20,2025
LTAS,4,0,0,0,arrivals,0.0,0.0,reject_radius20,2025
ESGJ,4,0,0,0,arrivals,0.0,0.0,reject_radius20,2025
LFCK,4,4,4,4,arrivals,1.0,1.0,reject_radius20,2025
LGSO,4,0,0,0,arrivals,0.0,0.0,reject_radius20,2025
LRBM,4,0,0,0,arrivals,0.0,0.0,reject_radius20,2025
LZTT,4,1,1,1,arrivals,0.25,0.25,reject_radius20,2025
ESOH,4,3,0,0,arrivals,0.0,0.0,reject_radius20,2025
ESOK,4,1,1,1,arrivals,0.25,0.25,reject_radius20,2025
EGNO,4,4,4,4,arrivals,1.0,1.0,reject_radius20,2025
LSGL,4,3,0,0,arrivals,0.0,0.0,reject_radius20,2025
EFJY,4,1,1,1,arrivals,0.25,0.25,reject_radius20,2025
LFRH,4,4,4,4,arrivals,1.0,1.0,reject_radius20,2025
LTAP,4,0,0,0,arrivals,0.0,0.0,reject_radius20,2025
LTFC,4,0,0,0,arrivals,0.0,0.0,reject_radius20,2025
ESNX,4,0,0,0,arrivals,0.0,0.0,reject_radius20,2025
EDQG,4,4,0,0,arrivals,0.0,0.0,reject_radius20,2025
ESNV,4,0,0,0,arrivals,0.0,0.0,reject_radius20,2025
ESND,4,2,0,0,arrivals,0.0,0.0,reject_radius20,2025
LSZA,4,4,4,5,arrivals,1.0,1.25,reject_radius20,2025
EETU,4,2,2,2,arrivals,0.5,0.5,reject_radius20,2025
EFKK,4,4,4,4,arrivals,1.0,1.0,reject_radius20,2025
LGKS,4,0,0,0,arrivals,0.0,0.0,reject_radius20,2025
LKHK,4,4,0,0,arrivals,0.0,0.0,reject_radius20,2025
ESSP,4,4,3,3,arrivals,0.75,0.75,reject_radius20,2025
LDLO,4,1,0,0,arrivals,0.0,0.0,reject_radius20,2025
LGBL,4,1,1,1,arrivals,0.25,0.25,reject_radius20,2025
ESGT,4,1,0,0,arrivals,0.0,0.0,reject_radius20,2025
EFKE,4,0,0,0,arrivals,0.0,0.0,reject_radius20,2025
LZPP,4,4,3,3,arrivals,0.75,0.75,reject_radius20,2025
EFKT,4,1,1,1,arrivals,0.25,0.25,reject_radius20,2025
LFLW,4,0,0,0,arrivals,0.0,0.0,reject_radius20,2025
BIBD,3,3,1,1,departures,0.3333333333333333,0.3333333333333333,reject_radius20,2025
ENQO,3,0,0,0,departures,0.0,0.0,reject_radius20,2025
EGLK,3,3,3,3,departures,1.0,1.0,reject_radius20,2025
ENWS,3,0,0,0,departures,0.0,0.0,reject_radius20,2025
LRBM,3,1,0,0,departures,0.0,0.0,reject_radius20,2025
EGMD,3,3,2,2,departures,0.6666666666666666,0.6666666666666666,reject_radius20,2025
ETAR,3,3,3,3,departures,1.0,1.0,reject_radius20,2025
ENXO,3,1,0,0,departures,0.0,0.0,reject_radius20,2025
LELN,3,3,3,3,departures,1.0,1.0,reject_radius20,2025
LFLS,3,3,3,3,departures,1.0,1.0,reject_radius20,2025
OJAM,3,0,0,7,departures,0.0,2.3333333333333335,reject_radius20,2025
ENOC,3,0,0,0,departures,0.0,0.0,reject_radius20,2025
LTBH,3,3,3,3,departures,1.0,1.0,reject_radius20,2025
UDSG,3,0,0,0,departures,0.0,0.0,reject_radius20,2025
ENWY,3,0,0,0,departures,0.0,0.0,reject_radius20,2025
LTAL,3,0,0,0,departures,0.0,0.0,reject_radius20,2025
EGNH,3,3,3,3,departures,1.0,1.0,reject_radius20,2025
LGSY,3,0,0,0,departures,0.0,0.0,reject_radius20,2025
URMG,3,1,0,0,departures,0.0,0.0,reject_radius20,2025
EDGS,3,3,3,3,departures,1.0,1.0,reject_radius20,2025
LPBJ,3,2,2,2,departures,0.6666666666666666,0.6666666666666666,reject_radius20,2025
ENOL,3,1,1,1,departures,0.3333333333333333,0.3333333333333333,reject_radius20,2025
ENSE,3,0,0,0,departures,0.0,0.0,reject_radius20,2025
BIHN,3,0,0,0,departures,0.0,0.0,reject_radius20,2025
GMMB,3,1,0,0,departures,0.0,0.0,reject_radius20,2025
ESOW,3,3,3,3,departures,1.0,1.0,reject_radius20,2025
LTAS,3,0,0,0,departures,0.0,0.0,reject_radius20,2025
LFHP,3,0,0,0,departures,0.0,0.0,reject_radius20,2025
LFBI,3,3,3,3,departures,1.0,1.0,reject_radius20,2025
URMO,3,0,0,0,departures,0.0,0.0,reject_radius20,2025
EDTM,3,3,3,3,departures,1.0,1.0,reject_radius20,2025
DTTX,3,0,0,0,departures,0.0,0.0,reject_radius20,2025
EFKS,3,0,0,0,departures,0.0,0.0,reject_radius20,2025
ENOA,3,0,0,0,departures,0.0,0.0,reject_radius20,2025
ENSL,3,0,0,0,departures,0.0,0.0,reject_radius20,2025
ESNO,3,1,1,1,departures,0.3333333333333333,0.3333333333333333,reject_radius20,2025
ENQA,3,2,0,0,departures,0.0,0.0,reject_radius20,2025
LSZS,3,3,3,3,departures,1.0,1.0,reject_radius20,2025
ESNN,3,3,3,3,departures,1.0,1.0,reject_radius20,2025
LDLO,3,1,0,0,departures,0.0,0.0,reject_radius20,2025
LRCK,3,3,2,2,departures,0.6666666666666666,0.6666666666666666,reject_radius20,2025
EGNO,3,3,3,3,departures,1.0,1.0,reject_radius20,2025
ENWV,3,0,0,0,departures,0.0,0.0,reject_radius20,2025
GMTA,3,3,3,3,departures,1.0,1.0,reject_radius20,2025
EKHA,3,0,0,0,departures,0.0,0.0,reject_radius20,2025
LSZC,3,3,0,0,departures,0.0,0.0,reject_radius20,2025
OSDI,3,0,0,0,departures,0.0,0.0,reject_radius20,2025
ESUP,3,0,0,0,departures,0.0,0.0,reject_radius20,2025
LFAT,3,2,2,2,departures,0.6666666666666666,0.6666666666666666,reject_radius20,2025
BIBD,3,0,0,0,arrivals,0.0,0.0,reject_radius20,2025
ULAA,3,0,0,0,arrivals,0.0,0.0,reject_radius20,2025
LFLU,3,3,3,3,arrivals,1.0,1.0,reject_radius20,2025
ENWS,3,0,0,0,arrivals,0.0,0.0,reject_radius20,2025
LFMQ,3,3,0,0,arrivals,0.0,0.0,reject_radius20,2025
OSDI,3,0,0,0,arrivals,0.0,0.0,reject_radius20,2025
LELN,3,3,3,3,arrivals,1.0,1.0,reject_radius20,2025
ESUP,3,0,0,0,arrivals,0.0,0.0,reject_radius20,2025
GMTA,3,3,3,3,arrivals,1.0,1.0,reject_radius20,2025
EDTM,3,3,3,3,arrivals,1.0,1.0,reject_radius20,2025
LECU,3,3,0,0,arrivals,0.0,0.0,reject_radius20,2025
ESMT,3,2,1,1,arrivals,0.3333333333333333,0.3333333333333333,reject_radius20,2025
ENOC,3,2,0,0,arrivals,0.0,0.0,reject_radius20,2025
UDSG,3,0,0,0,arrivals,0.0,0.0,reject_radius20,2025
ENWY,3,0,0,0,arrivals,0.0,0.0,reject_radius20,2025
LFHP,3,0,0,0,arrivals,0.0,0.0,reject_radius20,2025
EGNH,3,3,3,3,arrivals,1.0,1.0,reject_radius20,2025
LFBI,3,2,2,2,arrivals,0.6666666666666666,0.6666666666666666,reject_radius20,2025
EPRA,3,3,3,3,arrivals,1.0,1.0,reject_radius20,2025
LFOH,3,3,2,2,arrivals,0.6666666666666666,0.6666666666666666,reject_radius20,2025
OJAM,3,0,0,0,arrivals,0.0,0.0,reject_radius20,2025
DTTX,3,0,0,0,arrivals,0.0,0.0,reject_radius20,2025
EFKS,3,0,0,0,arrivals,0.0,0.0,reject_radius20,2025
GMMB,3,0,0,0,arrivals,0.0,0.0,reject_radius20,2025
ESOW,3,3,3,3,arrivals,1.0,1.0,reject_radius20,2025
LTAL,3,0,0,0,arrivals,0.0,0.0,reject_radius20,2025
EPZG,3,3,3,3,arrivals,1.0,1.0,reject_radius20,2025
LGSY,3,0,0,0,arrivals,0.0,0.0,reject_radius20,2025
LFOZ,3,0,0,0,arrivals,0.0,0.0,reject_radius20,2025
EHJA,3,0,0,0,arrivals,0.0,0.0,reject_radius20,2025
ESUT,3,0,0,0,arrivals,0.0,0.0,reject_radius20,2025
ENFB,3,0,0,0,arrivals,0.0,0.0,reject_radius20,2025
ESMQ,3,3,3,3,arrivals,1.0,1.0,reject_radius20,2025
LTBH,3,0,0,0,arrivals,0.0,0.0,reject_radius20,2025
ENSL,3,0,0,0,arrivals,0.0,0.0,reject_radius20,2025
ESNO,3,0,0,0,arrivals,0.0,0.0,reject_radius20,2025
ENQA,3,3,0,0,arrivals,0.0,0.0,reject_radius20,2025
LFRC,3,3,2,2,arrivals,0.6666666666666666,0.6666666666666666,reject_radius20,2025
ENRO,3,0,0,0,arrivals,0.0,0.0,reject_radius20,2025
EKHA,3,0,0,0,arrivals,0.0,0.0,reject_radius20,2025
URWW,3,0,0,0,arrivals,0.0,0.0,reject_radius20,2025
BIHN,3,0,0,0,arrivals,0.0,0.0,reject_radius20,2025
EDGS,3,3,3,3,arrivals,1.0,1.0,reject_radius20,2025
ENWV,3,0,0,0,arrivals,0.0,0.0,reject_radius20,2025
LFLS,3,3,3,4,arrivals,1.0,1.3333333333333333,reject_radius20,2025
EHFB,3,0,0,0,arrivals,0.0,0.0,reject_radius20,2025
LFRD,3,3,3,4,arrivals,1.0,1.3333333333333333,reject_radius20,2025
ENQV,2,0,0,0,departures,0.0,0.0,reject_radius20,2025
EHKJ,2,1,0,0,departures,0.0,0.0,reject_radius20,2025
EGBJ,2,2,2,2,departures,1.0,1.0,reject_radius20,2025
LSGK,2,2,0,0,departures,0.0,0.0,reject_radius20,2025
EGPC,2,0,0,12,departures,0.0,6.0,reject_radius20,2025
LSGC,2,2,2,2,departures,1.0,1.0,reject_radius20,2025
ENQS,2,0,0,0,departures,0.0,0.0,reject_radius20,2025
ENXW,2,1,0,0,departures,0.0,0.0,reject_radius20,2025
LTBY,2,1,1,1,departures,0.5,0.5,reject_radius20,2025
ENWA,2,1,0,0,departures,0.0,0.0,reject_radius20,2025
LEGT,2,2,2,2,departures,1.0,1.0,reject_radius20,2025
LDRG,2,1,0,0,departures,0.0,0.0,reject_radius20,2025
GMMD,2,0,0,0,departures,0.0,0.0,reject_radius20,2025
LFRV,2,2,2,2,departures,1.0,1.0,reject_radius20,2025
LJMB,2,2,1,2,departures,0.5,1.0,reject_radius20,2025
EHPK,2,2,0,0,departures,0.0,0.0,reject_radius20,2025
LFLU,2,2,2,2,departures,1.0,1.0,reject_radius20,2025
LTAG,2,0,0,0,departures,0.0,0.0,reject_radius20,2025
LFRC,2,2,2,2,departures,1.0,1.0,reject_radius20,2025
EGFE,2,2,2,2,departures,1.0,1.0,reject_radius20,2025
ENQC,2,1,0,0,departures,0.0,0.0,reject_radius20,2025
LFOK,2,2,2,2,departures,1.0,1.0,reject_radius20,2025
EGVN,2,2,2,2,departures,1.0,1.0,reject_radius20,2025
EDXQ,2,2,0,0,departures,0.0,0.0,reject_radius20,2025
LFPT,2,2,2,3,departures,1.0,1.5,reject_radius20,2025
OENN,2,0,0,0,departures,0.0,0.0,reject_radius20,2025
ENUA,2,0,0,0,departures,0.0,0.0,reject_radius20,2025
LFQG,2,2,1,1,departures,0.5,0.5,reject_radius20,2025
LFMQ,2,2,2,2,departures,1.0,1.0,reject_radius20,2025
EHLL,2,1,0,0,departures,0.0,0.0,reject_radius20,2025
ENNE,2,0,0,0,departures,0.0,0.0,reject_radius20,2025
ORNI,2,0,0,0,departures,0.0,0.0,reject_radius20,2025
LEAB,2,2,2,2,departures,1.0,1.0,reject_radius20,2025
LFGA,2,1,1,1,departures,0.5,0.5,reject_radius20,2025
EGNL,2,2,2,3,departures,1.0,1.5,reject_radius20,2025
LTBZ,2,2,0,0,departures,0.0,0.0,reject_radius20,2025
BIVO,2,0,0,0,departures,0.0,0.0,reject_radius20,2025
LSTS,2,2,0,0,departures,0.0,0.0,reject_radius20,2025
GMAT,2,1,0,0,departures,0.0,0.0,reject_radius20,2025
BITN,2,0,0,0,departures,0.0,0.0,reject_radius20,2025
LFLX,2,2,2,2,departures,1.0,1.0,reject_radius20,2025
LKKV,2,2,2,2,departures,1.0,1.0,reject_radius20,2025
LFAC,2,2,2,2,departures,1.0,1.0,reject_radius20,2025
ENQJ,2,1,0,0,departures,0.0,0.0,reject_radius20,2025
ESUT,2,0,0,0,departures,0.0,0.0,reject_radius20,2025
EHGQ,2,1,0,0,departures,0.0,0.0,reject_radius20,2025
LFOH,2,2,0,0,departures,0.0,0.0,reject_radius20,2025
DAUB,2,0,0,0,departures,0.0,0.0,reject_radius20,2025
ENQE,2,1,0,0,departures,0.0,0.0,reject_radius20,2025
LTBU,2,2,2,2,departures,1.0,1.0,reject_radius20,2025
LGKJ,2,0,0,0,departures,0.0,0.0,reject_radius20,2025
ENQD,2,0,0,0,departures,0.0,0.0,reject_radius20,2025
LGPL,2,0,0,0,departures,0.0,0.0,reject_radius20,2025
LEDA,2,1,1,1,departures,0.5,0.5,reject_radius20,2025
ETND,2,2,2,2,departures,1.0,1.0,reject_radius20,2025
LIBG,2,0,0,0,departures,0.0,0.0,reject_radius20,2025
EHFB,2,0,0,0,departures,0.0,0.0,reject_radius20,2025
LRSM,2,1,1,1,departures,0.5,0.5,reject_radius20,2025
ULAA,2,0,0,0,departures,0.0,0.0,reject_radius20,2025
ENGA,2,0,0,0,departures,0.0,0.0,reject_radius20,2025
DAOI,2,1,1,1,departures,0.5,0.5,reject_radius20,2025
ESST,2,2,2,5,departures,1.0,2.5,reject_radius20,2025
EIWF,2,2,1,1,departures,0.5,0.5,reject_radius20,2025
HLMS,2,0,0,0,departures,0.0,0.0,reject_radius20,2025
LZPP,2,2,2,2,departures,1.0,1.0,reject_radius20,2025
ENQO,2,0,0,0,arrivals,0.0,0.0,reject_radius20,2025
EGLK,2,2,1,1,arrivals,0.5,0.5,reject_radius20,2025
LTAG,2,0,0,0,arrivals,0.0,0.0,reject_radius20,2025
LTBU,2,1,1,10,arrivals,0.5,5.0,reject_radius20,2025
ENQV,2,0,0,0,arrivals,0.0,0.0,reject_radius20,2025
LSGK,2,2,0,0,arrivals,0.0,0.0,reject_radius20,2025
EDMS,2,0,0,0,arrivals,0.0,0.0,reject_radius20,2025
ENWE,2,0,0,0,arrivals,0.0,0.0,reject_radius20,2025
ORNI,2,0,0,0,arrivals,0.0,0.0,reject_radius20,2025
DAOI,2,1,1,1,arrivals,0.5,0.5,reject_radius20,2025
ENXW,2,0,0,0,arrivals,0.0,0.0,reject_radius20,2025
LEAB,2,2,2,2,arrivals,1.0,1.0,reject_radius20,2025
ENWA,2,1,0,0,arrivals,0.0,0.0,reject_radius20,2025
LKKV,2,1,1,1,arrivals,0.5,0.5,reject_radius20,2025
LEGT,2,2,1,1,arrivals,0.5,0.5,reject_radius20,2025
EBMB,2,2,0,0,arrivals,0.0,0.0,reject_radius20,2025
LJMB,2,1,1,2,arrivals,0.5,1.0,reject_radius20,2025
EGMD,2,2,2,2,arrivals,1.0,1.0,reject_radius20,2025
LSGC,2,2,2,2,arrivals,1.0,1.0,reject_radius20,2025
DAUB,2,0,0,0,arrivals,0.0,0.0,reject_radius20,2025
EHKV,2,1,0,0,arrivals,0.0,0.0,reject_radius20,2025
LFPT,2,2,2,2,arrivals,1.0,1.0,reject_radius20,2025
EHPG,2,2,0,0,arrivals,0.0,0.0,reject_radius20,2025
EKHB,2,0,0,0,arrivals,0.0,0.0,reject_radius20,2025
ESST,2,0,0,2,arrivals,0.0,1.0,reject_radius20,2025
ENQR,2,0,0,0,arrivals,0.0,0.0,reject_radius20,2025
DTTZ,2,0,0,0,arrivals,0.0,0.0,reject_radius20,2025
LFQG,2,0,0,0,arrivals,0.0,0.0,reject_radius20,2025
LTBZ,2,0,0,0,arrivals,0.0,0.0,reject_radius20,2025
LFOK,2,0,0,0,arrivals,0.0,0.0,reject_radius20,2025
ESNN,2,1,1,1,arrivals,0.5,0.5,reject_radius20,2025
ENNE,2,0,0,0,arrivals,0.0,0.0,reject_radius20,2025
LEDA,2,0,0,0,arrivals,0.0,0.0,reject_radius20,2025
ETND,2,2,2,2,arrivals,1.0,1.0,reject_radius20,2025
ENSE,2,0,0,0,arrivals,0.0,0.0,reject_radius20,2025
LFRT,2,2,0,0,arrivals,0.0,0.0,reject_radius20,2025
EDLN,2,2,0,0,arrivals,0.0,0.0,reject_radius20,2025
GMMD,2,0,0,0,arrivals,0.0,0.0,reject_radius20,2025
EGNL,2,2,1,1,arrivals,0.5,0.5,reject_radius20,2025
LFRV,2,2,2,2,arrivals,1.0,1.0,reject_radius20,2025
HLMS,2,1,0,0,arrivals,0.0,0.0,reject_radius20,2025
EHJR,2,0,0,0,arrivals,0.0,0.0,reject_radius20,2025
BIVO,2,0,0,0,arrivals,0.0,0.0,reject_radius20,2025
OJAQ,2,0,0,0,arrivals,0.0,0.0,reject_radius20,2025
GMAT,2,1,0,0,arrivals,0.0,0.0,reject_radius20,2025
BITN,2,0,0,0,arrivals,0.0,0.0,reject_radius20,2025
LFSN,2,2,0,0,arrivals,0.0,0.0,reject_radius20,2025
LFJR,2,2,2,2,arrivals,1.0,1.0,reject_radius20,2025
LRCK,2,0,0,0,arrivals,0.0,0.0,reject_radius20,2025
LOAN,2,2,1,1,arrivals,0.5,0.5,reject_radius20,2025
OENN,2,0,0,0,arrivals,0.0,0.0,reject_radius20,2025
ENUA,2,0,0,0,arrivals,0.0,0.0,reject_radius20,2025
ENQE,2,0,0,0,arrivals,0.0,0.0,reject_radius20,2025
ENUD,2,0,0,0,arrivals,0.0,0.0,reject_radius20,2025
ENQJ,2,0,0,0,arrivals,0.0,0.0,reject_radius20,2025
EHKJ,2,0,0,0,arrivals,0.0,0.0,reject_radius20,2025
LTBY,2,0,0,0,arrivals,0.0,0.0,reject_radius20,2025
LIBG,2,0,0,0,arrivals,0.0,0.0,reject_radius20,2025
LESU,2,0,0,0,arrivals,0.0,0.0,reject_radius20,2025
ORKK,2,0,0,0,arrivals,0.0,0.0,reject_radius20,2025
ENQD,2,0,0,0,arrivals,0.0,0.0,reject_radius20,2025
EGBJ,2,2,2,2,arrivals,1.0,1.0,reject_radius20,2025
EGPC,2,0,0,0,arrivals,0.0,0.0,reject_radius20,2025
EDFZ,2,2,1,1,arrivals,0.5,0.5,reject_radius20,2025
LFAC,2,2,1,1,arrivals,0.5,0.5,reject_radius20,2025
LFAT,2,2,1,1,arrivals,0.5,0.5,reject_radius20,2025
ENRK,1,1,0,0,departures,0.0,0.0,reject_radius20,2025
ULPB,1,0,0,0,departures,0.0,0.0,reject_radius20,2025
EYSA,1,1,1,1,departures,1.0,1.0,reject_radius20,2025
EDMS,1,1,0,0,departures,0.0,0.0,reject_radius20,2025
ENWE,1,0,0,0,departures,0.0,0.0,reject_radius20,2025
ENQG,1,0,0,0,departures,0.0,0.0,reject_radius20,2025
UMII,1,0,0,0,departures,0.0,0.0,reject_radius20,2025
LOIH,1,1,0,0,departures,0.0,0.0,reject_radius20,2025
ENQK,1,0,0,0,departures,0.0,0.0,reject_radius20,2025
LFAQ,1,1,0,0,departures,0.0,0.0,reject_radius20,2025
LFRO,1,1,1,1,departures,1.0,1.0,reject_radius20,2025
LFRI,1,1,1,1,departures,1.0,1.0,reject_radius20,2025
LKKU,1,1,1,1,departures,1.0,1.0,reject_radius20,2025
LFCI,1,1,1,1,departures,1.0,1.0,reject_radius20,2025
EIWT,1,1,0,0,departures,0.0,0.0,reject_radius20,2025
EGHL,1,1,1,1,departures,1.0,1.0,reject_radius20,2025
DTTZ,1,0,0,0,departures,0.0,0.0,reject_radius20,2025
EFLP,1,0,0,0,departures,0.0,0.0,reject_radius20,2025
EBCV,1,1,1,1,departures,1.0,1.0,reject_radius20,2025
ENSF,1,0,0,0,departures,0.0,0.0,reject_radius20,2025
UGSA,1,0,0,0,departures,0.0,0.0,reject_radius20,2025
EDQM,1,1,1,1,departures,1.0,1.0,reject_radius20,2025
URWA,1,0,0,0,departures,0.0,0.0,reject_radius20,2025
EHKV,1,1,0,0,departures,0.0,0.0,reject_radius20,2025
LFLA,1,1,1,1,departures,1.0,1.0,reject_radius20,2025
LFGF,1,1,0,0,departures,0.0,0.0,reject_radius20,2025
ULMM,1,0,0,0,departures,0.0,0.0,reject_radius20,2025
EKGC,1,1,0,0,departures,0.0,0.0,reject_radius20,2025
ENWK,1,0,0,0,departures,0.0,0.0,reject_radius20,2025
USKK,1,0,0,0,departures,0.0,0.0,reject_radius20,2025
UWPS,1,0,0,0,departures,0.0,0.0,reject_radius20,2025
EGEO,1,1,0,0,departures,0.0,0.0,reject_radius20,2025
EHPG,1,1,0,0,departures,0.0,0.0,reject_radius20,2025
EGUB,1,1,1,1,departures,1.0,1.0,reject_radius20,2025
ENLA,1,1,0,0,departures,0.0,0.0,reject_radius20,2025
LFBF,1,1,0,0,departures,0.0,0.0,reject_radius20,2025
EHTW,1,1,1,1,departures,1.0,1.0,reject_radius20,2025
DABT,1,0,0,0,departures,0.0,0.0,reject_radius20,2025
LGTG,1,1,1,1,departures,1.0,1.0,reject_radius20,2025
LFLH,1,1,0,0,departures,0.0,0.0,reject_radius20,2025
EHKS,1,1,0,0,departures,0.0,0.0,reject_radius20,2025
ESMK,1,1,1,1,departures,1.0,1.0,reject_radius20,2025
EDWF,1,1,0,0,departures,0.0,0.0,reject_radius20,2025
ULWC,1,0,0,0,departures,0.0,0.0,reject_radius20,2025
EHJC,1,1,0,0,departures,0.0,0.0,reject_radius20,2025
ENWI,1,0,0,0,departures,0.0,0.0,reject_radius20,2025
LKRO,1,1,0,0,departures,0.0,0.0,reject_radius20,2025
EGSC,1,1,1,1,departures,1.0,1.0,reject_radius20,2025
ENDR,1,0,0,0,departures,0.0,0.0,reject_radius20,2025
LFCH,1,1,1,1,departures,1.0,1.0,reject_radius20,2025
DAUH,1,0,0,0,departures,0.0,0.0,reject_radius20,2025
EDRZ,1,1,0,0,departures,0.0,0.0,reject_radius20,2025
EBSP,1,1,0,0,departures,0.0,0.0,reject_radius20,2025
LKMH,1,1,0,0,departures,0.0,0.0,reject_radius20,2025
EHJR,1,1,0,0,departures,0.0,0.0,reject_radius20,2025
LEBA,1,1,1,1,departures,1.0,1.0,reject_radius20,2025
LFJR,1,1,1,1,departures,1.0,1.0,reject_radius20,2025
EDFZ,1,1,1,2,departures,1.0,2.0,reject_radius20,2025
UBBF,1,0,0,0,departures,0.0,0.0,reject_radius20,2025
LGKA,1,1,0,0,departures,0.0,0.0,reject_radius20,2025
EPCD,1,1,0,0,departures,0.0,0.0,reject_radius20,2025
BIGJ,1,1,0,0,departures,0.0,0.0,reject_radius20,2025
UBBL,1,0,0,0,departures,0.0,0.0,reject_radius20,2025
ENUD,1,0,0,0,departures,0.0,0.0,reject_radius20,2025
EPPW,1,0,0,0,departures,0.0,0.0,reject_radius20,2025
EPBC,1,0,0,0,departures,0.0,0.0,reject_radius20,2025
EPWK,1,0,0,0,departures,0.0,0.0,reject_radius20,2025
ENQL,1,0,0,0,departures,0.0,0.0,reject_radius20,2025
LYKV,1,0,0,4,departures,0.0,4.0,reject_radius20,2025
LIMG,1,1,1,1,departures,1.0,1.0,reject_radius20,2025
LRAR,1,1,1,6,departures,1.0,6.0,reject_radius20,2025
EDBC,1,1,0,0,departures,0.0,0.0,reject_radius20,2025
ENQM,1,0,0,0,departures,0.0,0.0,reject_radius20,2025
EDFE,1,1,0,0,departures,0.0,0.0,reject_radius20,2025
LKPM,1,1,0,0,departures,0.0,0.0,reject_radius20,2025
LFSG,1,1,1,1,departures,1.0,1.0,reject_radius20,2025
ENBE,1,0,0,0,departures,0.0,0.0,reject_radius20,2025
DAAV,1,0,0,0,departures,0.0,0.0,reject_radius20,2025
EKSI,1,0,0,0,departures,0.0,0.0,reject_radius20,2025
EDTF,1,1,0,0,departures,0.0,0.0,reject_radius20,2025
EKHB,1,0,0,0,departures,0.0,0.0,reject_radius20,2025
ENUN,1,0,0,0,departures,0.0,0.0,reject_radius20,2025
LFMH,1,1,1,1,departures,1.0,1.0,reject_radius20,2025
GMAZ,1,1,0,0,departures,0.0,0.0,reject_radius20,2025
LOLW,1,1,0,0,departures,0.0,0.0,reject_radius20,2025
LKJI,1,1,0,0,departures,0.0,0.0,reject_radius20,2025
EHAK,1,0,0,0,departures,0.0,0.0,reject_radius20,2025
EDBM,1,1,0,0,departures,0.0,0.0,reject_radius20,2025
OJAQ,1,0,0,0,departures,0.0,0.0,reject_radius20,2025
ENRY,1,1,1,2,departures,1.0,2.0,reject_radius20,2025
EHFD,1,0,0,0,departures,0.0,0.0,reject_radius20,2025
DAUG,1,0,0,0,departures,0.0,0.0,reject_radius20,2025
ENQR,1,0,0,0,departures,0.0,0.0,reject_radius20,2025
LFOP,1,0,0,0,departures,0.0,0.0,reject_radius20,2025
ENUE,1,0,0,0,departures,0.0,0.0,reject_radius20,2025
EKTE,1,1,0,0,departures,0.0,0.0,reject_radius20,2025
ENUS,1,0,0,0,departures,0.0,0.0,reject_radius20,2025
LPEV,1,1,1,1,departures,1.0,1.0,reject_radius20,2025
OIGG,1,0,0,0,departures,0.0,0.0,reject_radius20,2025
LIRJ,1,0,0,0,departures,0.0,0.0,reject_radius20,2025
EHQM,1,1,0,0,departures,0.0,0.0,reject_radius20,2025
UUBI,1,0,0,0,departures,0.0,0.0,reject_radius20,2025
EGBK,1,1,0,0,departures,0.0,0.0,reject_radius20,2025
EHGN,1,0,0,0,departures,0.0,0.0,reject_radius20,2025
LSZG,1,1,1,2,departures,1.0,2.0,reject_radius20,2025
EDTD,1,1,1,1,departures,1.0,1.0,reject_radius20,2025
LFHS,1,1,0,0,departures,0.0,0.0,reject_radius20,2025
EDMV,1,0,0,0,departures,0.0,0.0,reject_radius20,2025
EDAY,1,1,0,0,departures,0.0,0.0,reject_radius20,2025
EGOV,1,1,1,1,departures,1.0,1.0,reject_radius20,2025
LFLD,1,1,1,1,departures,1.0,1.0,reject_radius20,2025
LFBA,1,1,1,1,departures,1.0,1.0,reject_radius20,2025
ENQB,1,1,0,0,departures,0.0,0.0,reject_radius20,2025
LCRA,1,1,1,2,departures,1.0,2.0,reject_radius20,2025
UUBC,1,0,0,0,departures,0.0,0.0,reject_radius20,2025
EHLE,1,1,1,1,departures,1.0,1.0,reject_radius20,2025
ENUK,1,0,0,0,departures,0.0,0.0,reject_radius20,2025
EBMB,1,1,0,0,departures,0.0,0.0,reject_radius20,2025
LGKZ,1,1,1,2,departures,1.0,2.0,reject_radius20,2025
LHPR,1,1,1,1,departures,1.0,1.0,reject_radius20,2025
LFLO,1,1,1,1,departures,1.0,1.0,reject_radius20,2025
ENRK,1,1,0,0,arrivals,0.0,0.0,reject_radius20,2025
ULPB,1,0,0,0,arrivals,0.0,0.0,reject_radius20,2025
LEBA,1,1,1,1,arrivals,1.0,1.0,reject_radius20,2025
LFLD,1,0,0,0,arrivals,0.0,0.0,reject_radius20,2025
UMII,1,0,0,0,arrivals,0.0,0.0,reject_radius20,2025
OIGG,1,0,0,0,arrivals,0.0,0.0,reject_radius20,2025
LFRO,1,1,1,1,arrivals,1.0,1.0,reject_radius20,2025
EGTF,1,1,0,0,arrivals,0.0,0.0,reject_radius20,2025
USKK,1,0,0,0,arrivals,0.0,0.0,reject_radius20,2025
UWPS,1,0,0,0,arrivals,0.0,0.0,reject_radius20,2025
EKAR,1,0,0,0,arrivals,0.0,0.0,reject_radius20,2025
UUBI,1,0,0,0,arrivals,0.0,0.0,reject_radius20,2025
LKRO,1,1,0,0,arrivals,0.0,0.0,reject_radius20,2025
EHKE,1,0,0,0,arrivals,0.0,0.0,reject_radius20,2025
DAUH,1,0,0,0,arrivals,0.0,0.0,reject_radius20,2025
EBCV,1,1,1,1,arrivals,1.0,1.0,reject_radius20,2025
EHFT,1,0,0,0,arrivals,0.0,0.0,reject_radius20,2025
LIMG,1,1,1,1,arrivals,1.0,1.0,reject_radius20,2025
EDBM,1,1,0,0,arrivals,0.0,0.0,reject_radius20,2025
URWA,1,0,0,0,arrivals,0.0,0.0,reject_radius20,2025
EDBC,1,1,0,0,arrivals,0.0,0.0,reject_radius20,2025
LFLA,1,0,0,0,arrivals,0.0,0.0,reject_radius20,2025
ENQB,1,0,0,0,arrivals,0.0,0.0,reject_radius20,2025
LIRJ,1,0,0,0,arrivals,0.0,0.0,reject_radius20,2025
LFAQ,1,1,0,0,arrivals,0.0,0.0,reject_radius20,2025
ENWK,1,0,0,0,arrivals,0.0,0.0,reject_radius20,2025
LSZC,1,1,0,0,arrivals,0.0,0.0,reject_radius20,2025
UUBC,1,0,0,0,arrivals,0.0,0.0,reject_radius20,2025
LFGA,1,1,1,1,arrivals,1.0,1.0,reject_radius20,2025
EGUB,1,1,1,1,arrivals,1.0,1.0,reject_radius20,2025
ENLA,1,0,0,0,arrivals,0.0,0.0,reject_radius20,2025
LHPR,1,1,1,1,arrivals,1.0,1.0,reject_radius20,2025
EGWC,1,1,1,1,arrivals,1.0,1.0,reject_radius20,2025
UGSA,1,0,0,0,arrivals,0.0,0.0,reject_radius20,2025
EHDV,1,0,0,0,arrivals,0.0,0.0,reject_radius20,2025
LPEV,1,1,1,1,arrivals,1.0,1.0,reject_radius20,2025
UBBF,1,0,0,0,arrivals,0.0,0.0,reject_radius20,2025
LFTF,1,1,0,0,arrivals,0.0,0.0,reject_radius20,2025
ULWC,1,0,0,0,arrivals,0.0,0.0,reject_radius20,2025
DAAV,1,0,0,0,arrivals,0.0,0.0,reject_radius20,2025
EDGE,1,1,0,0,arrivals,0.0,0.0,reject_radius20,2025
LFCI,1,1,1,1,arrivals,1.0,1.0,reject_radius20,2025
EIWT,1,1,0,0,arrivals,0.0,0.0,reject_radius20,2025
LRSM,1,0,0,0,arrivals,0.0,0.0,reject_radius20,2025
EGSC,1,1,1,1,arrivals,1.0,1.0,reject_radius20,2025
ENDR,1,0,0,0,arrivals,0.0,0.0,reject_radius20,2025
UBBL,1,0,0,0,arrivals,0.0,0.0,reject_radius20,2025
LPVR,1,1,1,4,arrivals,1.0,4.0,reject_radius20,2025
LIQS,1,0,0,0,arrivals,0.0,0.0,reject_radius20,2025
LKMH,1,1,0,0,arrivals,0.0,0.0,reject_radius20,2025
EGFE,1,1,1,1,arrivals,1.0,1.0,reject_radius20,2025
LIMW,1,0,0,0,arrivals,0.0,0.0,reject_radius20,2025
LSTS,1,1,0,0,arrivals,0.0,0.0,reject_radius20,2025
EDLE,1,1,0,0,arrivals,0.0,0.0,reject_radius20,2025
EGBP,1,1,0,0,arrivals,0.0,0.0,reject_radius20,2025
ENQM,1,0,0,0,arrivals,0.0,0.0,reject_radius20,2025
EHLI,1,0,0,0,arrivals,0.0,0.0,reject_radius20,2025
LDRG,1,1,0,0,arrivals,0.0,0.0,reject_radius20,2025
LGKZ,1,0,0,0,arrivals,0.0,0.0,reject_radius20,2025
EPPW,1,0,0,0,arrivals,0.0,0.0,reject_radius20,2025
EHPK,1,0,0,0,arrivals,0.0,0.0,reject_radius20,2025
EPWK,1,0,0,0,arrivals,0.0,0.0,reject_radius20,2025
EHTW,1,1,1,1,arrivals,1.0,1.0,reject_radius20,2025
EPNT,1,0,0,0,arrivals,0.0,0.0,reject_radius20,2025
LYKV,1,0,0,0,arrivals,0.0,0.0,reject_radius20,2025
EDFE,1,1,0,2,arrivals,0.0,2.0,reject_radius20,2025
LFSG,1,0,0,1,arrivals,0.0,1.0,reject_radius20,2025
EHFD,1,0,0,0,arrivals,0.0,0.0,reject_radius20,2025
EDBR,1,1,1,1,arrivals,1.0,1.0,reject_radius20,2025
EDXQ,1,0,0,0,arrivals,0.0,0.0,reject_radius20,2025
EDTF,1,1,0,0,arrivals,0.0,0.0,reject_radius20,2025
ENUN,1,0,0,0,arrivals,0.0,0.0,reject_radius20,2025
LFMH,1,1,1,1,arrivals,1.0,1.0,reject_radius20,2025
LFPN,1,1,0,0,arrivals,0.0,0.0,reject_radius20,2025
GMAZ,1,0,0,0,arrivals,0.0,0.0,reject_radius20,2025
LFOP,1,1,1,1,arrivals,1.0,1.0,reject_radius20,2025
LOLW,1,1,0,0,arrivals,0.0,0.0,reject_radius20,2025
ENQC,1,1,0,0,arrivals,0.0,0.0,reject_radius20,2025
EDAQ,1,1,0,0,arrivals,0.0,0.0,reject_radius20,2025
ULMM,1,0,0,0,arrivals,0.0,0.0,reject_radius20,2025
EHFR,1,0,0,0,arrivals,0.0,0.0,reject_radius20,2025
ENSF,1,0,0,0,arrivals,0.0,0.0,reject_radius20,2025
EDQM,1,1,1,1,arrivals,1.0,1.0,reject_radius20,2025
DABT,1,0,0,0,arrivals,0.0,0.0,reject_radius20,2025
EHGQ,1,0,0,0,arrivals,0.0,0.0,reject_radius20,2025
EDMV,1,0,0,0,arrivals,0.0,0.0,reject_radius20,2025
EGOV,1,1,0,0,arrivals,0.0,0.0,reject_radius20,2025
ENUS,1,0,0,0,arrivals,0.0,0.0,reject_radius20,2025
ENGA,1,0,0,0,arrivals,0.0,0.0,reject_radius20,2025
LRAR,1,0,0,0,arrivals,0.0,0.0,reject_radius20,2025
LFLH,1,1,0,0,arrivals,0.0,0.0,reject_radius20,2025
LFBA,1,1,1,1,arrivals,1.0,1.0,reject_radius20,2025
LFRI,1,0,0,0,arrivals,0.0,0.0,reject_radius20,2025
LGKA,1,0,0,0,arrivals,0.0,0.0,reject_radius20,2025
EGBK,1,1,0,0,arrivals,0.0,0.0,reject_radius20,2025
EIWF,1,1,1,1,arrivals,1.0,1.0,reject_radius20,2025
BIGJ,1,0,0,0,arrivals,0.0,0.0,reject_radius20,2025
LJPZ,1,1,1,2,arrivals,1.0,2.0,reject_radius20,2025
EHLE,1,1,1,1,arrivals,1.0,1.0,reject_radius20,2025
ENUK,1,0,0,0,arrivals,0.0,0.0,reject_radius20,2025
EDTD,1,1,1,1,arrivals,1.0,1.0,reject_radius20,2025
LFLO,1,1,0,0,arrivals,0.0,0.0,reject_radius20,2025
EFLP,1,0,0,0,arrivals,0.0,0.0,reject_radius20,2025
OOA,7964,231,213,423,arrivals,0.026745354093420392,0.05311401305876444,reject_trend_ooa,2025
OOA,7892,904,628,704,departures,0.07957425240750127,0.08920425747592499,reject_trend_ooa,2025
LTFM,2282,2173,2166,2174,departures,0.9491673970201577,0.9526730937773883,reject_trend_ooa,2025
LTFM,2258,1781,1732,1732,arrivals,0.7670504871567759,0.7670504871567759,reject_trend_ooa,2025
EHAM,2148,2143,2143,2158,departures,0.9976722532588455,1.004655493482309,reject_trend_ooa,2025
EHAM,2136,1871,1866,1868,arrivals,0.8735955056179775,0.8745318352059925,reject_trend_ooa,2025
EDDF,2094,2080,2080,2082,departures,0.9933142311365807,0.994269340974212,reject_trend_ooa,2025
EDDF,2091,1758,1749,1750,arrivals,0.836441893830703,0.8369201339072214,reject_trend_ooa,2025
LFPG,2084,2065,2061,2071,departures,0.9889635316698656,0.9937619961612284,reject_trend_ooa,2025
LFPG,2066,1705,1690,1692,arrivals,0.8180058083252663,0.818973862536302,reject_trend_ooa,2025
EGLL,2001,1989,1988,2024,departures,0.993503248375812,1.0114942528735633,reject_trend_ooa,2025
EGLL,1986,1546,1545,1658,arrivals,0.7779456193353474,0.8348439073514602,reject_trend_ooa,2025
LEMD,1786,1544,1531,1537,arrivals,0.8572228443449048,0.8605823068309071,reject_trend_ooa,2025
LEMD,1773,1758,1757,1757,departures,0.990975747320925,0.990975747320925,reject_trend_ooa,2025
LEBL,1597,1498,1488,1489,arrivals,0.9317470256731372,0.9323731997495304,reject_trend_ooa,2025
LEBL,1591,1578,1577,1577,departures,0.9912005028284098,0.9912005028284098,reject_trend_ooa,2025
EDDM,1573,1561,1561,1564,departures,0.9923712650985378,0.9942784488239034,reject_trend_ooa,2025
EDDM,1571,1463,1456,1459,arrivals,0.9267982176957352,0.9287078294080203,reject_trend_ooa,2025
LIRF,1449,1442,1442,1442,departures,0.9951690821256038,0.9951690821256038,reject_trend_ooa,2025
LTAI,1437,860,853,856,arrivals,0.5935977731384829,0.5956854558107167,reject_trend_ooa,2025
LEPA,1436,1414,1413,1416,arrivals,0.983983286908078,0.9860724233983287,reject_trend_ooa,2025
LTAI,1435,1229,1228,1234,departures,0.8557491289198607,0.8599303135888502,reject_trend_ooa,2025
LIRF,1433,1254,1249,1250,arrivals,0.8715980460572226,0.8722958827634334,reject_trend_ooa,2025
LEPA,1417,1360,1360,1361,departures,0.9597741707833451,0.9604798870853917,reject_trend_ooa,2025
LGAV,1317,699,691,693,arrivals,0.524677296886864,0.5261958997722096,reject_trend_ooa,2025
LGAV,1306,1238,1238,1248,departures,0.9479326186830015,0.9555895865237366,reject_trend_ooa,2025
EGKK,1223,1213,1213,1215,departures,0.9918233851185609,0.9934587080948487,reject_trend_ooa,2025
EGKK,1220,1103,1103,1103,arrivals,0.9040983606557377,0.9040983606557377,reject_trend_ooa,2025
EIDW,1188,1085,1082,1084,arrivals,0.9107744107744108,0.9124579124579124,reject_trend_ooa,2025
EIDW,1185,1164,1163,1163,departures,0.9814345991561182,0.9814345991561182,reject_trend_ooa,2025
LSZH,1178,1170,1163,1166,departures,0.9872665534804754,0.9898132427843803,reject_trend_ooa,2025
LSZH,1160,1050,1044,1051,arrivals,0.9,0.9060344827586206,reject_trend_ooa,2025
LOWW,1156,1137,1136,1144,departures,0.9826989619377162,0.9896193771626297,reject_trend_ooa,2025
EKCH,1152,1040,1039,1039,arrivals,0.9019097222222222,0.9019097222222222,reject_trend_ooa,2025
LOWW,1145,1043,1038,1040,arrivals,0.9065502183406113,0.9082969432314411,reject_trend_ooa,2025
EKCH,1140,1132,1132,1135,departures,0.9929824561403509,0.9956140350877193,reject_trend_ooa,2025
LTFJ,1138,966,961,970,arrivals,0.844463971880492,0.8523725834797891,reject_trend_ooa,2025
LTFJ,1137,1092,1091,1105,departures,0.9595426561125769,0.9718557607739666,reject_trend_ooa,2025
LPPT,1010,1001,1001,1001,departures,0.9910891089108911,0.9910891089108911,reject_trend_ooa,2025
LPPT,1001,883,880,880,arrivals,0.8791208791208791,0.8791208791208791,reject_trend_ooa,2025
LFPO,992,982,982,989,departures,0.9899193548387096,0.9969758064516129,reject_trend_ooa,2025
LFPO,991,942,941,943,arrivals,0.9495459132189707,0.9515640766902119,reject_trend_ooa,2025
LIMC,973,964,963,964,departures,0.9897225077081192,0.9907502569373073,reject_trend_ooa,2025
LIMC,967,845,836,836,arrivals,0.8645294725956567,0.8645294725956567,reject_trend_ooa,2025
ENGM,940,889,888,894,arrivals,0.9446808510638298,0.951063829787234,reject_trend_ooa,2025
ENGM,932,919,919,924,departures,0.9860515021459227,0.9914163090128756,reject_trend_ooa,2025
EGCC,926,906,905,905,departures,0.9773218142548596,0.9773218142548596,reject_trend_ooa,2025
EGCC,924,816,813,813,arrivals,0.8798701298701299,0.8798701298701299,reject_trend_ooa,2025
EGSS,888,831,830,832,arrivals,0.9346846846846847,0.9369369369369369,reject_trend_ooa,2025
EGSS,885,880,880,880,departures,0.9943502824858758,0.9943502824858758,reject_trend_ooa,2025
EPWA,880,751,748,748,arrivals,0.85,0.85,reject_trend_ooa,2025
EPWA,875,869,868,872,departures,0.992,0.9965714285714286,reject_trend_ooa,2025
EBBR,872,866,866,877,departures,0.9931192660550459,1.0057339449541285,reject_trend_ooa,2025
EBBR,871,765,764,772,arrivals,0.8771526980482205,0.886337543053961,reject_trend_ooa,2025
EDDB,870,852,850,864,departures,0.9770114942528736,0.993103448275862,reject_trend_ooa,2025
LEMG,861,835,834,834,arrivals,0.9686411149825784,0.9686411149825784,reject_trend_ooa,2025
LEMG,850,846,846,848,departures,0.9952941176470588,0.9976470588235294,reject_trend_ooa,2025
ESSA,841,727,721,726,arrivals,0.8573127229488704,0.8632580261593341,reject_trend_ooa,2025
EDDB,840,788,787,795,arrivals,0.9369047619047619,0.9464285714285714,reject_trend_ooa,2025
ESSA,820,771,767,771,departures,0.9353658536585366,0.9402439024390243,reject_trend_ooa,2025
EDDL,758,747,745,750,departures,0.9828496042216359,0.9894459102902374,reject_trend_ooa,2025
EDDL,751,712,710,714,arrivals,0.9454061251664447,0.9507323568575233,reject_trend_ooa,2025
LFMN,710,681,674,735,arrivals,0.9492957746478873,1.0352112676056338,reject_trend_ooa,2025
LFMN,707,697,691,692,departures,0.9773691654879774,0.9787835926449788,reject_trend_ooa,2025
LSGG,680,675,675,686,departures,0.9926470588235294,1.0088235294117647,reject_trend_ooa,2025
LSGG,670,633,633,641,arrivals,0.9447761194029851,0.9567164179104478,reject_trend_ooa,2025
LKPR,667,657,656,660,departures,0.9835082458770614,0.9895052473763118,reject_trend_ooa,2025
EFHK,666,573,573,575,arrivals,0.8603603603603603,0.8633633633633634,reject_trend_ooa,2025
EFHK,659,653,653,660,departures,0.9908952959028832,1.0015174506828528,reject_trend_ooa,2025
LKPR,657,600,599,604,arrivals,0.9117199391171994,0.9193302891933028,reject_trend_ooa,2025
LEAL,599,597,597,597,departures,0.996661101836394,0.996661101836394,reject_trend_ooa,2025
LEAL,599,588,588,588,arrivals,0.9816360601001669,0.9816360601001669,reject_trend_ooa,2025
EGPH,584,538,538,542,arrivals,0.9212328767123288,0.928082191780822,reject_trend_ooa,2025
LHBP,578,555,553,554,departures,0.9567474048442907,0.9584775086505191,reject_trend_ooa,2025
EGPH,577,571,570,570,departures,0.9878682842287695,0.9878682842287695,reject_trend_ooa,2025
LHBP,577,513,509,510,arrivals,0.8821490467937608,0.8838821490467937,reject_trend_ooa,2025
EGGW,552,525,522,526,arrivals,0.9456521739130435,0.9528985507246377,reject_trend_ooa,2025
EGGW,550,549,549,551,departures,0.9981818181818182,1.0018181818181817,reject_trend_ooa,2025
EDDH,538,531,528,537,departures,0.9814126394052045,0.9981412639405205,reject_trend_ooa,2025
EDDH,532,509,506,515,arrivals,0.9511278195488722,0.9680451127819549,reject_trend_ooa,2025
GCLP,521,0,0,0,arrivals,0.0,0.0,reject_trend_ooa,2025
GCLP,520,23,0,0,departures,0.0,0.0,reject_trend_ooa,2025
LLBG,516,414,412,413,arrivals,0.7984496124031008,0.8003875968992248,reject_trend_ooa,2025
EDDK,515,500,500,501,departures,0.970873786407767,0.9728155339805825,reject_trend_ooa,2025
LLBG,513,500,500,502,departures,0.9746588693957114,0.9785575048732943,reject_trend_ooa,2025
LPPR,513,511,508,508,departures,0.9902534113060428,0.9902534113060428,reject_trend_ooa,2025
LPPR,512,480,479,479,arrivals,0.935546875,0.935546875,reject_trend_ooa,2025
LEIB,509,498,498,499,arrivals,0.9783889980353635,0.9803536345776032,reject_trend_ooa,2025
EDDK,509,476,474,477,arrivals,0.931237721021611,0.93713163064833,reject_trend_ooa,2025
LROP,509,483,482,483,arrivals,0.9469548133595285,0.9489194499017681,reject_trend_ooa,2025
LROP,504,491,491,491,departures,0.9742063492063492,0.9742063492063492,reject_trend_ooa,2025
LEIB,495,484,484,484,departures,0.9777777777777777,0.9777777777777777,reject_trend_ooa,2025
EGBB,474,468,468,468,departures,0.9873417721518988,0.9873417721518988,reject_trend_ooa,2025
EGBB,466,419,418,418,arrivals,0.8969957081545065,0.8969957081545065,reject_trend_ooa,2025
LIML,465,458,457,464,arrivals,0.9827956989247312,0.9978494623655914,reject_trend_ooa,2025
LIME,460,448,444,444,arrivals,0.9652173913043478,0.9652173913043478,reject_trend_ooa,2025
LIML,458,451,451,452,departures,0.9847161572052402,0.9868995633187773,reject_trend_ooa,2025
LIME,453,450,450,450,departures,0.9933774834437086,0.9933774834437086,reject_trend_ooa,2025
LIRN,449,380,334,337,departures,0.7438752783964365,0.7505567928730512,reject_trend_ooa,2025
LIRN,447,2,0,0,arrivals,0.0,0.0,reject_trend_ooa,2025
LFML,445,440,439,443,arrivals,0.9865168539325843,0.9955056179775281,reject_trend_ooa,2025
LFML,444,441,440,440,departures,0.990990990990991,0.990990990990991,reject_trend_ooa,2025
EDDS,440,420,414,417,departures,0.9409090909090909,0.9477272727272728,reject_trend_ooa,2025
EDDS,433,409,408,413,arrivals,0.9422632794457275,0.953810623556582,reject_trend_ooa,2025
LGIR,430,0,0,0,arrivals,0.0,0.0,reject_trend_ooa,2025
LGIR,424,6,0,0,departures,0.0,0.0,reject_trend_ooa,2025
LIPZ,412,408,408,409,departures,0.9902912621359223,0.9927184466019418,reject_trend_ooa,2025
LFLL,412,397,396,410,arrivals,0.9611650485436893,0.9951456310679612,reject_trend_ooa,2025
LFLL,411,402,402,417,departures,0.9781021897810219,1.0145985401459854,reject_trend_ooa,2025
LIPZ,409,383,383,385,arrivals,0.9364303178484108,0.941320293398533,reject_trend_ooa,2025
LPFR,407,403,402,404,arrivals,0.9877149877149877,0.9926289926289926,reject_trend_ooa,2025
LPFR,405,400,398,398,departures,0.9827160493827161,0.9827160493827161,reject_trend_ooa,2025
LYBE,395,361,360,360,arrivals,0.9113924050632911,0.9113924050632911,reject_trend_ooa,2025
LYBE,394,388,388,389,departures,0.9847715736040609,0.9873096446700508,reject_trend_ooa,2025
LICC,391,344,342,342,arrivals,0.8746803069053708,0.8746803069053708,reject_trend_ooa,2025
LICC,390,352,348,348,departures,0.8923076923076924,0.8923076923076924,reject_trend_ooa,2025
LTAC,381,7,0,0,departures,0.0,0.0,reject_trend_ooa,2025
LIPE,380,376,376,376,departures,0.9894736842105263,0.9894736842105263,reject_trend_ooa,2025
LIPE,376,369,369,370,arrivals,0.9813829787234043,0.9840425531914894,reject_trend_ooa,2025
LTAC,374,0,0,1,arrivals,0.0,0.00267379679144385,reject_trend_ooa,2025
LCLK,368,353,352,354,departures,0.9565217391304348,0.9619565217391305,reject_trend_ooa,2025
LCLK,367,345,342,344,arrivals,0.9318801089918256,0.9373297002724795,reject_trend_ooa,2025
GMMN,360,287,282,355,departures,0.7833333333333333,0.9861111111111112,reject_trend_ooa,2025
EPKK,360,348,346,347,departures,0.9611111111111111,0.9638888888888889,reject_trend_ooa,2025
EGGD,360,334,334,335,arrivals,0.9277777777777778,0.9305555555555556,reject_trend_ooa,2025
EGGD,359,355,354,354,departures,0.9860724233983287,0.9860724233983287,reject_trend_ooa,2025
LEVC,357,348,348,349,arrivals,0.9747899159663865,0.9775910364145658,reject_trend_ooa,2025
GMMN,357,258,253,256,arrivals,0.7086834733893558,0.7170868347338936,reject_trend_ooa,2025
ENBR,357,339,338,357,arrivals,0.9467787114845938,1.0,reject_trend_ooa,2025
EPKK,356,332,329,329,arrivals,0.9241573033707865,0.9241573033707865,reject_trend_ooa,2025
LEVC,355,337,336,336,departures,0.9464788732394366,0.9464788732394366,reject_trend_ooa,2025
LFSB,354,351,349,352,departures,0.9858757062146892,0.9943502824858758,reject_trend_ooa,2025
LFSB,352,340,340,341,arrivals,0.9659090909090909,0.96875,reject_trend_ooa,2025
ENBR,349,343,343,358,departures,0.9828080229226361,1.0257879656160458,reject_trend_ooa,2025
LTBJ,346,274,229,229,departures,0.661849710982659,0.661849710982659,reject_trend_ooa,2025
LGRP,346,315,314,315,arrivals,0.9075144508670521,0.9104046242774566,reject_trend_ooa,2025
EGPF,346,301,300,303,arrivals,0.8670520231213873,0.8757225433526011,reject_trend_ooa,2025
EGPF,344,325,323,327,departures,0.938953488372093,0.9505813953488372,reject_trend_ooa,2025
LTBJ,341,7,7,7,arrivals,0.020527859237536656,0.020527859237536656,reject_trend_ooa,2025
LGRP,340,322,321,327,departures,0.9441176470588235,0.961764705882353,reject_trend_ooa,2025
LMML,326,325,325,326,departures,0.9969325153374233,1.0,reject_trend_ooa,2025
LMML,326,318,317,318,arrivals,0.9723926380368099,0.9754601226993865,reject_trend_ooa,2025
LATI,323,0,0,0,arrivals,0.0,0.0,reject_trend_ooa,2025
GCTS,323,0,0,0,arrivals,0.0,0.0,reject_trend_ooa,2025
GCTS,321,4,0,6,departures,0.0,0.018691588785046728,reject_trend_ooa,2025
GCXO,320,1,1,1,arrivals,0.003125,0.003125,reject_trend_ooa,2025
GCXO,319,305,305,362,departures,0.9561128526645768,1.134796238244514,reject_trend_ooa,2025
LATI,316,6,0,0,departures,0.0,0.0,reject_trend_ooa,2025
LICJ,314,133,133,133,arrivals,0.42356687898089174,0.42356687898089174,reject_trend_ooa,2025
LICJ,310,281,281,282,departures,0.9064516129032258,0.9096774193548387,reject_trend_ooa,2025
EBCI,304,303,303,303,departures,0.9967105263157895,0.9967105263157895,reject_trend_ooa,2025
EBCI,303,296,296,296,arrivals,0.976897689768977,0.976897689768977,reject_trend_ooa,2025
BIKF,297,296,294,322,departures,0.98989898989899,1.0841750841750841,reject_trend_ooa,2025
BIKF,296,90,89,89,arrivals,0.30067567567567566,0.30067567567567566,reject_trend_ooa,2025
ELLX,294,291,291,291,departures,0.9897959183673469,0.9897959183673469,reject_trend_ooa,2025
ELLX,294,269,269,270,arrivals,0.9149659863945578,0.9183673469387755,reject_trend_ooa,2025
LFBO,293,288,288,290,departures,0.9829351535836177,0.9897610921501706,reject_trend_ooa,2025
LFBO,290,288,288,290,arrivals,0.993103448275862,1.0,reject_trend_ooa,2025
LGTS,281,259,259,259,arrivals,0.9217081850533808,0.9217081850533808,reject_trend_ooa,2025
LTBS,280,1,1,1,arrivals,0.0035714285714285713,0.0035714285714285713,reject_trend_ooa,2025
LGTS,279,260,259,259,departures,0.9283154121863799,0.9283154121863799,reject_trend_ooa,2025
GMMX,279,9,8,8,arrivals,0.02867383512544803,0.02867383512544803,reject_trend_ooa,2025
GMMX,278,74,66,67,departures,0.23741007194244604,0.24100719424460432,reject_trend_ooa,2025
EVRA,278,226,225,225,arrivals,0.8093525179856115,0.8093525179856115,reject_trend_ooa,2025
LEZL,276,264,264,265,arrivals,0.9565217391304348,0.9601449275362319,reject_trend_ooa,2025
LEZL,275,275,274,274,departures,0.9963636363636363,0.9963636363636363,reject_trend_ooa,2025
LTBS,273,205,205,205,departures,0.7509157509157509,0.7509157509157509,reject_trend_ooa,2025
EVRA,273,270,269,270,departures,0.9853479853479854,0.989010989010989,reject_trend_ooa,2025
LBSF,272,153,153,153,departures,0.5625,0.5625,reject_trend_ooa,2025
GCRR,269,1,0,0,departures,0.0,0.0,reject_trend_ooa,2025
GCRR,269,0,0,0,arrivals,0.0,0.0,reject_trend_ooa,2025
EGNX,267,263,263,263,departures,0.9850187265917603,0.9850187265917603,reject_trend_ooa,2025
LBSF,267,2,1,1,arrivals,0.003745318352059925,0.003745318352059925,reject_trend_ooa,2025
EDDP,261,235,234,235,arrivals,0.896551724137931,0.9003831417624522,reject_trend_ooa,2025
EPKT,259,251,249,249,departures,0.9613899613899614,0.9613899613899614,reject_trend_ooa,2025
HEGN,258,0,0,0,arrivals,0.0,0.0,reject_trend_ooa,2025
HEGN,257,0,0,0,departures,0.0,0.0,reject_trend_ooa,2025
UGTB,257,157,151,192,departures,0.5875486381322957,0.7470817120622568,reject_trend_ooa,2025
LFRS,257,251,246,246,arrivals,0.9571984435797666,0.9571984435797666,reject_trend_ooa,2025
UGTB,257,54,45,46,arrivals,0.17509727626459143,0.17898832684824903,reject_trend_ooa,2025
EPKT,257,240,239,239,arrivals,0.9299610894941635,0.9299610894941635,reject_trend_ooa,2025
LFRS,256,247,247,248,departures,0.96484375,0.96875,reject_trend_ooa,2025
EDDP,256,255,255,257,departures,0.99609375,1.00390625,reject_trend_ooa,2025
EGNX,255,229,229,229,arrivals,0.8980392156862745,0.8980392156862745,reject_trend_ooa,2025
LIEO,252,76,74,74,arrivals,0.29365079365079366,0.29365079365079366,reject_trend_ooa,2025
EPGD,248,35,17,17,departures,0.06854838709677419,0.06854838709677419,reject_trend_ooa,2025
LGKR,247,12,11,11,arrivals,0.044534412955465584,0.044534412955465584,reject_trend_ooa,2025
EGAA,246,234,191,192,arrivals,0.7764227642276422,0.7804878048780488,reject_trend_ooa,2025
LGKR,244,203,201,206,departures,0.8237704918032787,0.8442622950819673,reject_trend_ooa,2025
HECA,244,48,30,30,departures,0.12295081967213115,0.12295081967213115,reject_trend_ooa,2025
EPGD,244,6,1,1,arrivals,0.004098360655737705,0.004098360655737705,reject_trend_ooa,2025
EGAA,239,232,232,233,departures,0.9707112970711297,0.9748953974895398,reject_trend_ooa,2025
ENZV,236,151,148,162,departures,0.6271186440677966,0.6864406779661016,reject_trend_ooa,2025
ENZV,236,67,65,67,arrivals,0.2754237288135593,0.2838983050847458,reject_trend_ooa,2025
LEBB,235,0,0,0,arrivals,0.0,0.0,reject_trend_ooa,2025
LEBB,234,180,169,171,departures,0.7222222222222222,0.7307692307692307,reject_trend_ooa,2025
LTFE,232,199,196,200,arrivals,0.8448275862068966,0.8620689655172413,reject_trend_ooa,2025
HECA,231,62,52,52,arrivals,0.22510822510822512,0.22510822510822512,reject_trend_ooa,2025
LFPB,230,227,227,230,departures,0.9869565217391304,1.0,reject_trend_ooa,2025
LIBD,229,1,0,0,arrivals,0.0,0.0,reject_trend_ooa,2025
LIBD,228,1,0,0,departures,0.0,0.0,reject_trend_ooa,2025
LIEO,228,182,175,175,departures,0.7675438596491229,0.7675438596491229,reject_trend_ooa,2025
LIRP,228,222,220,226,arrivals,0.9649122807017544,0.9912280701754386,reject_trend_ooa,2025
UUWW,227,5,4,4,arrivals,0.01762114537444934,0.01762114537444934,reject_trend_ooa,2025
LEMH,226,218,218,219,arrivals,0.9646017699115044,0.9690265486725663,reject_trend_ooa,2025
LFBD,225,222,222,224,departures,0.9866666666666667,0.9955555555555555,reject_trend_ooa,2025
LFPB,225,217,217,221,arrivals,0.9644444444444444,0.9822222222222222,reject_trend_ooa,2025
LEMH,222,212,212,212,departures,0.954954954954955,0.954954954954955,reject_trend_ooa,2025
LTFE,220,196,191,193,departures,0.8681818181818182,0.8772727272727273,reject_trend_ooa,2025
LIRP,220,211,211,211,departures,0.9590909090909091,0.9590909090909091,reject_trend_ooa,2025
ENVA,219,208,199,205,arrivals,0.908675799086758,0.9360730593607306,reject_trend_ooa,2025
LFBD,219,215,215,220,arrivals,0.9817351598173516,1.004566210045662,reject_trend_ooa,2025
LUKK,217,7,5,5,departures,0.02304147465437788,0.02304147465437788,reject_trend_ooa,2025
ENVA,217,204,192,194,departures,0.8847926267281107,0.8940092165898618,reject_trend_ooa,2025
LUKK,217,0,0,0,arrivals,0.0,0.0,reject_trend_ooa,2025
LDSP,216,3,0,0,departures,0.0,0.0,reject_trend_ooa,2025
ESGG,216,214,214,214,departures,0.9907407407407407,0.9907407407407407,reject_trend_ooa,2025
UUWW,216,16,5,5,departures,0.023148148148148147,0.023148148148148147,reject_trend_ooa,2025
LDZA,215,210,210,210,departures,0.9767441860465116,0.9767441860465116,reject_trend_ooa,2025
LDSP,215,1,0,0,arrivals,0.0,0.0,reject_trend_ooa,2025
LDZA,215,206,205,205,arrivals,0.9534883720930233,0.9534883720930233,reject_trend_ooa,2025
ESGG,214,207,207,209,arrivals,0.9672897196261683,0.9766355140186916,reject_trend_ooa,2025
UUEE,214,1,0,2,arrivals,0.0,0.009345794392523364,reject_trend_ooa,2025
EDDV,213,212,212,213,departures,0.9953051643192489,1.0,reject_trend_ooa,2025
GCFV,212,0,0,0,departures,0.0,0.0,reject_trend_ooa,2025
UUEE,212,60,59,61,departures,0.2783018867924528,0.28773584905660377,reject_trend_ooa,2025
EGNT,211,197,197,197,departures,0.933649289099526,0.933649289099526,reject_trend_ooa,2025
GCFV,211,2,0,0,arrivals,0.0,0.0,reject_trend_ooa,2025
EGNT,211,178,178,178,arrivals,0.8436018957345972,0.8436018957345972,reject_trend_ooa,2025
EDDV,209,202,202,203,arrivals,0.9665071770334929,0.9712918660287081,reject_trend_ooa,2025
EGGP,208,204,202,204,departures,0.9711538461538461,0.9807692307692307,reject_trend_ooa,2025
EGGP,206,189,189,197,arrivals,0.9174757281553398,0.9563106796116505,reject_trend_ooa,2025
LIRQ,202,196,196,197,departures,0.9702970297029703,0.9752475247524752,reject_trend_ooa,2025
EDDN,201,197,196,197,departures,0.9751243781094527,0.9800995024875622,reject_trend_ooa,2025
EDDN,199,191,191,198,arrivals,0.9597989949748744,0.9949748743718593,reject_trend_ooa,2025
LGSA,199,42,40,40,arrivals,0.20100502512562815,0.20100502512562815,reject_trend_ooa,2025
EGLC,198,197,197,199,departures,0.9949494949494949,1.005050505050505,reject_trend_ooa,2025
LIRQ,198,104,98,98,arrivals,0.494949494949495,0.494949494949495,reject_trend_ooa,2025
LGSA,196,182,182,184,departures,0.9285714285714286,0.9387755102040817,reject_trend_ooa,2025
LIEE,195,2,2,2,arrivals,0.010256410256410256,0.010256410256410256,reject_trend_ooa,2025
EPWR,194,187,187,188,arrivals,0.9639175257731959,0.9690721649484536,reject_trend_ooa,2025
EPWR,193,186,186,187,departures,0.9637305699481865,0.9689119170984456,reject_trend_ooa,2025
EGNM,193,169,169,171,arrivals,0.8756476683937824,0.8860103626943006,reject_trend_ooa,2025
UDYZ,192,2,0,0,departures,0.0,0.0,reject_trend_ooa,2025
UDYZ,192,1,0,0,arrivals,0.0,0.0,reject_trend_ooa,2025
LIEE,191,113,112,112,departures,0.5863874345549738,0.5863874345549738,reject_trend_ooa,2025
EHEH,191,191,189,189,departures,0.9895287958115183,0.9895287958115183,reject_trend_ooa,2025
EGNM,190,178,177,177,departures,0.9315789473684211,0.9315789473684211,reject_trend_ooa,2025
EHEH,190,187,187,189,arrivals,0.9842105263157894,0.9947368421052631,reject_trend_ooa,2025
EYVI,189,130,122,125,arrivals,0.6455026455026455,0.6613756613756614,reject_trend_ooa,2025
EGLC,189,189,167,238,arrivals,0.8835978835978836,1.2592592592592593,reject_trend_ooa,2025
EYVI,186,176,176,176,departures,0.946236559139785,0.946236559139785,reject_trend_ooa,2025
DAAG,186,82,82,83,departures,0.44086021505376344,0.44623655913978494,reject_trend_ooa,2025
DTTA,186,5,0,0,arrivals,0.0,0.0,reject_trend_ooa,2025
DTTA,185,1,1,1,departures,0.005405405405405406,0.005405405405405406,reject_trend_ooa,2025
DAAG,184,106,103,103,arrivals,0.5597826086956522,0.5597826086956522,reject_trend_ooa,2025
LFOB,181,180,180,180,departures,0.994475138121547,0.994475138121547,reject_trend_ooa,2025
LFOB,181,176,176,176,arrivals,0.9723756906077348,0.9723756906077348,reject_trend_ooa,2025
LDDU,180,1,0,0,arrivals,0.0,0.0,reject_trend_ooa,2025
LGKO,178,172,171,178,departures,0.9606741573033708,1.0,reject_trend_ooa,2025
LDDU,177,1,0,0,departures,0.0,0.0,reject_trend_ooa,2025
LGKO,177,167,167,172,arrivals,0.943502824858757,0.9717514124293786,reject_trend_ooa,2025
EETN,162,142,142,142,arrivals,0.8765432098765432,0.8765432098765432,reject_trend_ooa,2025
EPPO,161,154,154,154,departures,0.9565217391304348,0.9565217391304348,reject_trend_ooa,2025
HESH,161,0,0,0,arrivals,0.0,0.0,reject_trend_ooa,2025
UMKK,160,3,1,3,departures,0.00625,0.01875,reject_trend_ooa,2025
EETN,159,148,148,150,departures,0.9308176100628931,0.9433962264150944,reject_trend_ooa,2025
LPMA,159,155,155,156,departures,0.9748427672955975,0.9811320754716981,reject_trend_ooa,2025
HESH,159,1,0,0,departures,0.0,0.0,reject_trend_ooa,2025
UMKK,159,3,2,16,arrivals,0.012578616352201259,0.10062893081761007,reject_trend_ooa,2025
LPMA,158,9,9,11,arrivals,0.056962025316455694,0.06962025316455696,reject_trend_ooa,2025
LIMF,157,156,154,155,departures,0.9808917197452229,0.9872611464968153,reject_trend_ooa,2025
LIMF,157,155,154,156,arrivals,0.9808917197452229,0.9936305732484076,reject_trend_ooa,2025
LIRA,156,149,149,150,arrivals,0.9551282051282052,0.9615384615384616,reject_trend_ooa,2025
LIRA,154,152,152,154,departures,0.987012987012987,1.0,reject_trend_ooa,2025
EPPO,154,145,145,145,arrivals,0.9415584415584416,0.9415584415584416,reject_trend_ooa,2025
EKBI,154,145,144,144,arrivals,0.935064935064935,0.935064935064935,reject_trend_ooa,2025
LPPD,153,56,55,122,departures,0.35947712418300654,0.7973856209150327,reject_trend_ooa,2025
EKBI,152,151,151,152,departures,0.993421052631579,1.0,reject_trend_ooa,2025
LPPD,151,88,87,89,arrivals,0.5761589403973509,0.5894039735099338,reject_trend_ooa,2025
ULLI,148,1,1,1,arrivals,0.006756756756756757,0.006756756756756757,reject_trend_ooa,2025
OLBA,144,125,123,124,departures,0.8541666666666666,0.8611111111111112,reject_trend_ooa,2025
LIPX,144,144,144,144,departures,1.0,1.0,reject_trend_ooa,2025
OLBA,144,37,35,35,arrivals,0.24305555555555555,0.24305555555555555,reject_trend_ooa,2025
ENTC,143,45,0,0,arrivals,0.0,0.0,reject_trend_ooa,2025
ULLI,142,2,0,0,departures,0.0,0.0,reject_trend_ooa,2025
LIPX,142,137,137,142,arrivals,0.9647887323943662,1.0,reject_trend_ooa,2025
LGSR,139,5,3,7,departures,0.02158273381294964,0.050359712230215826,reject_trend_ooa,2025
LGSR,139,1,0,0,arrivals,0.0,0.0,reject_trend_ooa,2025
ENTC,138,82,17,17,departures,0.12318840579710146,0.12318840579710146,reject_trend_ooa,2025
LTCG,138,87,86,86,arrivals,0.6231884057971014,0.6231884057971014,reject_trend_ooa,2025
EGPD,137,125,125,125,departures,0.9124087591240876,0.9124087591240876,reject_trend_ooa,2025
EGPD,136,122,122,122,arrivals,0.8970588235294118,0.8970588235294118,reject_trend_ooa,2025
ENBO,134,129,129,225,departures,0.9626865671641791,1.6791044776119404,reject_trend_ooa,2025
EBLG,134,133,133,134,departures,0.9925373134328358,1.0,reject_trend_ooa,2025
LTDB,133,5,1,1,departures,0.007518796992481203,0.007518796992481203,reject_trend_ooa,2025
LTCG,133,122,122,131,departures,0.9172932330827067,0.9849624060150376,reject_trend_ooa,2025
ENBO,133,119,116,135,arrivals,0.8721804511278195,1.0150375939849625,reject_trend_ooa,2025
LRCL,130,90,88,89,departures,0.676923076923077,0.6846153846153846,reject_trend_ooa,2025
LIBR,130,1,0,0,departures,0.0,0.0,reject_trend_ooa,2025
LRCL,129,0,0,0,arrivals,0.0,0.0,reject_trend_ooa,2025
LTDB,129,3,0,0,arrivals,0.0,0.0,reject_trend_ooa,2025
LGZA,126,126,126,130,departures,1.0,1.0317460317460319,reject_trend_ooa,2025
EBLG,126,71,71,71,arrivals,0.5634920634920635,0.5634920634920635,reject_trend_ooa,2025
LGZA,126,119,118,121,arrivals,0.9365079365079365,0.9603174603174603,reject_trend_ooa,2025
LIBR,125,0,0,0,arrivals,0.0,0.0,reject_trend_ooa,2025
EGAC,123,122,121,122,departures,0.983739837398374,0.991869918699187,reject_trend_ooa,2025
EGAC,123,120,120,162,arrivals,0.975609756097561,1.3170731707317074,reject_trend_ooa,2025
BKPR,120,0,0,0,departures,0.0,0.0,reject_trend_ooa,2025
BKPR,120,2,0,0,arrivals,0.0,0.0,reject_trend_ooa,2025
EICK,120,115,115,115,arrivals,0.9583333333333334,0.9583333333333334,reject_trend_ooa,2025
EICK,119,118,118,118,departures,0.9915966386554622,0.9915966386554622,reject_trend_ooa,2025
LDZD,118,7,6,6,arrivals,0.05084745762711865,0.05084745762711865,reject_trend_ooa,2025
OJAI,116,55,55,56,departures,0.47413793103448276,0.4827586206896552,reject_trend_ooa,2025
OJAI,116,0,0,2,arrivals,0.0,0.017241379310344827,reject_trend_ooa,2025
LDZD,114,53,49,49,departures,0.4298245614035088,0.4298245614035088,reject_trend_ooa,2025
LICA,112,1,0,0,arrivals,0.0,0.0,reject_trend_ooa,2025
EGLF,110,110,110,112,departures,1.0,1.018181818181818,reject_trend_ooa,2025
LICA,108,2,2,2,departures,0.018518518518518517,0.018518518518518517,reject_trend_ooa,2025
EGJJ,108,106,106,106,arrivals,0.9814814814814815,0.9814814814814815,reject_trend_ooa,2025
EGLF,108,107,17,17,arrivals,0.1574074074074074,0.1574074074074074,reject_trend_ooa,2025
LCPH,107,98,98,98,arrivals,0.9158878504672897,0.9158878504672897,reject_trend_ooa,2025
LWSK,106,12,8,8,departures,0.07547169811320754,0.07547169811320754,reject_trend_ooa,2025
OKKK,106,105,105,105,departures,0.9905660377358491,0.9905660377358491,reject_trend_ooa,2025
LEST,106,95,89,89,arrivals,0.839622641509434,0.839622641509434,reject_trend_ooa,2025
LCPH,105,84,84,84,departures,0.8,0.8,reject_trend_ooa,2025
LGMK,105,91,89,101,departures,0.8476190476190476,0.9619047619047619,reject_trend_ooa,2025
LEST,105,95,95,95,departures,0.9047619047619048,0.9047619047619048,reject_trend_ooa,2025
LZIB,105,101,101,101,departures,0.9619047619047619,0.9619047619047619,reject_trend_ooa,2025
LEGE,105,43,40,40,arrivals,0.38095238095238093,0.38095238095238093,reject_trend_ooa,2025
LWSK,105,0,0,0,arrivals,0.0,0.0,reject_trend_ooa,2025
LZIB,105,101,101,102,arrivals,0.9619047619047619,0.9714285714285714,reject_trend_ooa,2025
LEGE,104,103,103,107,departures,0.9903846153846154,1.0288461538461537,reject_trend_ooa,2025
LGMK,104,71,71,75,arrivals,0.6826923076923077,0.7211538461538461,reject_trend_ooa,2025
EDJA,104,101,101,101,arrivals,0.9711538461538461,0.9711538461538461,reject_trend_ooa,2025
EDJA,102,99,99,99,departures,0.9705882352941176,0.9705882352941176,reject_trend_ooa,2025
OKKK,102,12,12,13,arrivals,0.11764705882352941,0.12745098039215685,reject_trend_ooa,2025
EGJJ,101,98,97,97,departures,0.9603960396039604,0.9603960396039604,reject_trend_ooa,2025
EHRD,100,99,98,99,arrivals,0.98,0.99,reject_trend_ooa,2025
EHRD,99,98,96,97,departures,0.9696969696969697,0.9797979797979798,reject_trend_ooa,2025
LBBG,97,90,90,90,arrivals,0.9278350515463918,0.9278350515463918,reject_trend_ooa,2025
LOWS,96,95,95,98,departures,0.9895833333333334,1.0208333333333333,reject_trend_ooa,2025
LOWS,95,90,89,91,arrivals,0.9368421052631579,0.9578947368421052,reject_trend_ooa,2025
DTTJ,94,0,0,0,arrivals,0.0,0.0,reject_trend_ooa,2025
LJLJ,94,88,88,90,arrivals,0.9361702127659575,0.9574468085106383,reject_trend_ooa,2025
LBBG,93,91,91,93,departures,0.978494623655914,1.0,reject_trend_ooa,2025
LQSA,93,70,68,68,departures,0.7311827956989247,0.7311827956989247,reject_trend_ooa,2025
LQSA,93,0,0,0,arrivals,0.0,0.0,reject_trend_ooa,2025
GMAD,92,6,0,0,departures,0.0,0.0,reject_trend_ooa,2025
EGKB,92,90,81,82,departures,0.8804347826086957,0.8913043478260869,reject_trend_ooa,2025
EINN,91,91,91,92,departures,1.0,1.010989010989011,reject_trend_ooa,2025
GMAD,91,0,0,0,arrivals,0.0,0.0,reject_trend_ooa,2025
EGKB,91,90,0,0,arrivals,0.0,0.0,reject_trend_ooa,2025
LJLJ,90,87,87,88,departures,0.9666666666666667,0.9777777777777777,reject_trend_ooa,2025
DTTJ,89,0,0,0,departures,0.0,0.0,reject_trend_ooa,2025
UUDD,89,11,7,8,departures,0.07865168539325842,0.0898876404494382,reject_trend_ooa,2025
EDDW,88,88,87,90,departures,0.9886363636363636,1.0227272727272727,reject_trend_ooa,2025
GMTT,88,87,87,87,departures,0.9886363636363636,0.9886363636363636,reject_trend_ooa,2025
EDLW,87,82,82,82,departures,0.9425287356321839,0.9425287356321839,reject_trend_ooa,2025
EDDW,87,87,87,90,arrivals,1.0,1.0344827586206897,reject_trend_ooa,2025
GMTT,87,86,86,87,arrivals,0.9885057471264368,1.0,reject_trend_ooa,2025
EDLW,87,82,82,82,arrivals,0.9425287356321839,0.9425287356321839,reject_trend_ooa,2025
EINN,86,80,80,81,arrivals,0.9302325581395349,0.9418604651162791,reject_trend_ooa,2025
LIMJ,86,85,83,83,arrivals,0.9651162790697675,0.9651162790697675,reject_trend_ooa,2025
EGHI,86,78,78,80,arrivals,0.9069767441860465,0.9302325581395349,reject_trend_ooa,2025
LIPH,85,85,85,85,departures,1.0,1.0,reject_trend_ooa,2025
GCLA,85,64,40,41,departures,0.47058823529411764,0.4823529411764706,reject_trend_ooa,2025
LIPH,85,85,85,85,arrivals,1.0,1.0,reject_trend_ooa,2025
EDSB,85,77,77,79,arrivals,0.9058823529411765,0.9294117647058824,reject_trend_ooa,2025
LFKB,84,77,77,77,departures,0.9166666666666666,0.9166666666666666,reject_trend_ooa,2025
LFKB,84,71,71,71,arrivals,0.8452380952380952,0.8452380952380952,reject_trend_ooa,2025
GCLA,84,7,7,7,arrivals,0.08333333333333333,0.08333333333333333,reject_trend_ooa,2025
EGHI,83,71,71,71,departures,0.8554216867469879,0.8554216867469879,reject_trend_ooa,2025
EGJB,83,82,82,83,departures,0.9879518072289156,1.0,reject_trend_ooa,2025
LYTV,83,2,0,0,arrivals,0.0,0.0,reject_trend_ooa,2025
LYTV,82,3,0,0,departures,0.0,0.0,reject_trend_ooa,2025
EDSB,81,76,76,78,departures,0.9382716049382716,0.9629629629629629,reject_trend_ooa,2025
EGNS,81,75,74,74,arrivals,0.9135802469135802,0.9135802469135802,reject_trend_ooa,2025
DTMB,81,0,0,0,arrivals,0.0,0.0,reject_trend_ooa,2025
EGNS,80,71,71,72,departures,0.8875,0.9,reject_trend_ooa,2025
LFKJ,80,79,79,79,arrivals,0.9875,0.9875,reject_trend_ooa,2025
LIMJ,79,78,77,77,departures,0.9746835443037974,0.9746835443037974,reject_trend_ooa,2025
DTMB,79,0,0,0,departures,0.0,0.0,reject_trend_ooa,2025
LFKJ,78,78,78,78,departures,1.0,1.0,reject_trend_ooa,2025
EDFH,77,73,73,73,departures,0.948051948051948,0.948051948051948,reject_trend_ooa,2025
LYPG,77,2,0,0,departures,0.0,0.0,reject_trend_ooa,2025
LYPG,77,0,0,0,arrivals,0.0,0.0,reject_trend_ooa,2025
EKYT,75,73,73,73,departures,0.9733333333333334,0.9733333333333334,reject_trend_ooa,2025
LBWN,75,64,64,64,arrivals,0.8533333333333334,0.8533333333333334,reject_trend_ooa,2025
LFMT,75,74,74,74,arrivals,0.9866666666666667,0.9866666666666667,reject_trend_ooa,2025
UUDD,75,5,0,0,arrivals,0.0,0.0,reject_trend_ooa,2025
LFMT,74,73,73,73,departures,0.9864864864864865,0.9864864864864865,reject_trend_ooa,2025
EDFH,74,68,68,68,arrivals,0.918918918918919,0.918918918918919,reject_trend_ooa,2025
LTAJ,74,0,0,0,arrivals,0.0,0.0,reject_trend_ooa,2025
EGJB,74,70,65,65,arrivals,0.8783783783783784,0.8783783783783784,reject_trend_ooa,2025
LTAU,73,0,0,0,arrivals,0.0,0.0,reject_trend_ooa,2025
LTAJ,72,1,0,0,departures,0.0,0.0,reject_trend_ooa,2025
LFMD,72,69,13,13,arrivals,0.18055555555555555,0.18055555555555555,reject_trend_ooa,2025
EGHH,72,65,64,66,arrivals,0.8888888888888888,0.9166666666666666,reject_trend_ooa,2025
ENTO,72,68,66,67,arrivals,0.9166666666666666,0.9305555555555556,reject_trend_ooa,2025
LBWN,71,61,61,61,departures,0.8591549295774648,0.8591549295774648,reject_trend_ooa,2025
LRIA,71,51,37,38,departures,0.5211267605633803,0.5352112676056338,reject_trend_ooa,2025
EGHH,71,71,70,70,departures,0.9859154929577465,0.9859154929577465,reject_trend_ooa,2025
ENTO,71,65,65,67,departures,0.9154929577464789,0.9436619718309859,reject_trend_ooa,2025
EKYT,71,69,69,69,arrivals,0.971830985915493,0.971830985915493,reject_trend_ooa,2025
LTAU,70,0,0,0,departures,0.0,0.0,reject_trend_ooa,2025
LEAS,69,62,62,62,departures,0.8985507246376812,0.8985507246376812,reject_trend_ooa,2025
UGSB,69,39,39,39,arrivals,0.5652173913043478,0.5652173913043478,reject_trend_ooa,2025
EDLV,69,69,69,69,arrivals,1.0,1.0,reject_trend_ooa,2025
EDLV,68,68,68,68,departures,1.0,1.0,reject_trend_ooa,2025
LERS,68,61,61,62,arrivals,0.8970588235294118,0.9117647058823529,reject_trend_ooa,2025
LEAS,68,2,2,2,arrivals,0.029411764705882353,0.029411764705882353,reject_trend_ooa,2025
LRIA,68,0,0,0,arrivals,0.0,0.0,reject_trend_ooa,2025
UGSB,67,58,58,63,departures,0.8656716417910447,0.9402985074626866,reject_trend_ooa,2025
LERS,67,62,62,62,departures,0.9253731343283582,0.9253731343283582,reject_trend_ooa,2025
URSS,67,0,0,0,arrivals,0.0,0.0,reject_trend_ooa,2025
LFMD,65,60,60,61,departures,0.9230769230769231,0.9384615384615385,reject_trend_ooa,2025
LFKF,65,57,57,57,arrivals,0.8769230769230769,0.8769230769230769,reject_trend_ooa,2025
GMME,64,55,40,46,departures,0.625,0.71875,reject_trend_ooa,2025
GMME,63,24,23,23,arrivals,0.36507936507936506,0.36507936507936506,reject_trend_ooa,2025
LIEA,62,62,62,62,departures,1.0,1.0,reject_trend_ooa,2025
LGKF,62,62,61,61,departures,0.9838709677419355,0.9838709677419355,reject_trend_ooa,2025
LIEA,62,62,62,62,arrivals,1.0,1.0,reject_trend_ooa,2025
LIPQ,61,58,58,58,departures,0.9508196721311475,0.9508196721311475,reject_trend_ooa,2025
LFKF,61,60,60,65,departures,0.9836065573770492,1.0655737704918034,reject_trend_ooa,2025
EDDG,60,60,60,60,departures,1.0,1.0,reject_trend_ooa,2025
EPRZ,60,55,54,54,departures,0.9,0.9,reject_trend_ooa,2025
LGKF,60,56,55,55,arrivals,0.9166666666666666,0.9166666666666666,reject_trend_ooa,2025
DTNH,59,0,0,0,departures,0.0,0.0,reject_trend_ooa,2025
LRTR,59,38,31,31,departures,0.5254237288135594,0.5254237288135594,reject_trend_ooa,2025
LIPQ,59,59,58,58,arrivals,0.9830508474576272,0.9830508474576272,reject_trend_ooa,2025
LTBA,58,58,58,65,departures,1.0,1.1206896551724137,reject_trend_ooa,2025
DTNH,58,0,0,0,arrivals,0.0,0.0,reject_trend_ooa,2025
EPRZ,58,53,52,52,arrivals,0.896551724137931,0.896551724137931,reject_trend_ooa,2025
LFBZ,57,57,57,60,arrivals,1.0,1.0526315789473684,reject_trend_ooa,2025
LRTR,57,1,1,2,arrivals,0.017543859649122806,0.03508771929824561,reject_trend_ooa,2025
LFQQ,57,56,56,56,arrivals,0.9824561403508771,0.9824561403508771,reject_trend_ooa,2025
LOWG,56,56,53,54,departures,0.9464285714285714,0.9642857142857143,reject_trend_ooa,2025
LFQQ,56,56,56,56,departures,1.0,1.0,reject_trend_ooa,2025
LTCC,56,0,0,0,arrivals,0.0,0.0,reject_trend_ooa,2025
EDDG,56,54,54,54,arrivals,0.9642857142857143,0.9642857142857143,reject_trend_ooa,2025
LFBZ,55,51,51,52,departures,0.9272727272727272,0.9454545454545454,reject_trend_ooa,2025
LTCC,55,2,0,0,departures,0.0,0.0,reject_trend_ooa,2025
LDPL,55,49,49,50,arrivals,0.8909090909090909,0.9090909090909091,reject_trend_ooa,2025
LFTH,55,51,50,61,arrivals,0.9090909090909091,1.1090909090909091,reject_trend_ooa,2025
EYKA,54,52,50,50,departures,0.9259259259259259,0.9259259259259259,reject_trend_ooa,2025
LOWG,53,52,51,54,arrivals,0.9622641509433962,1.0188679245283019,reject_trend_ooa,2025
LKTB,52,51,48,48,departures,0.9230769230769231,0.9230769230769231,reject_trend_ooa,2025
URSS,52,1,0,0,departures,0.0,0.0,reject_trend_ooa,2025
GMFF,52,46,45,46,departures,0.8653846153846154,0.8846153846153846,reject_trend_ooa,2025
LTBA,52,47,42,71,arrivals,0.8076923076923077,1.3653846153846154,reject_trend_ooa,2025
LKTB,52,50,47,47,arrivals,0.9038461538461539,0.9038461538461539,reject_trend_ooa,2025
GMFF,52,0,0,0,arrivals,0.0,0.0,reject_trend_ooa,2025
LFTH,51,45,45,56,departures,0.8823529411764706,1.0980392156862746,reject_trend_ooa,2025
EGPE,51,48,48,48,departures,0.9411764705882353,0.9411764705882353,reject_trend_ooa,2025
EHKD,50,49,49,78,departures,0.98,1.56,reject_trend_ooa,2025
LFST,50,48,48,49,arrivals,0.96,0.98,reject_trend_ooa,2025
EYKA,50,16,9,9,arrivals,0.18,0.18,reject_trend_ooa,2025
LDPL,49,44,44,45,departures,0.8979591836734694,0.9183673469387755,reject_trend_ooa,2025
UGKO,49,0,0,2,departures,0.0,0.04081632653061224,reject_trend_ooa,2025
LFST,49,47,47,47,departures,0.9591836734693877,0.9591836734693877,reject_trend_ooa,2025
DAOO,49,27,27,27,arrivals,0.5510204081632653,0.5510204081632653,reject_trend_ooa,2025
UGKO,49,0,0,0,arrivals,0.0,0.0,reject_trend_ooa,2025
EGFF,49,45,44,44,arrivals,0.8979591836734694,0.8979591836734694,reject_trend_ooa,2025
EGPE,49,45,45,45,arrivals,0.9183673469387755,0.9183673469387755,reject_trend_ooa,2025
DAOO,48,37,37,37,departures,0.7708333333333334,0.7708333333333334,reject_trend_ooa,2025
EGFF,48,47,47,48,departures,0.9791666666666666,1.0,reject_trend_ooa,2025
UBBN,48,0,0,0,departures,0.0,0.0,reject_trend_ooa,2025
ENCN,48,48,48,48,departures,1.0,1.0,reject_trend_ooa,2025
EHKD,48,36,36,43,arrivals,0.75,0.8958333333333334,reject_trend_ooa,2025
ENAL,48,1,1,1,arrivals,0.020833333333333332,0.020833333333333332,reject_trend_ooa,2025
UBBN,48,1,0,0,arrivals,0.0,0.0,reject_trend_ooa,2025
ORBI,48,0,0,0,arrivals,0.0,0.0,reject_trend_ooa,2025
LFRB,47,41,41,41,departures,0.8723404255319149,0.8723404255319149,reject_trend_ooa,2025
ENAL,46,9,1,1,departures,0.021739130434782608,0.021739130434782608,reject_trend_ooa,2025
ENKB,46,4,4,4,departures,0.08695652173913043,0.08695652173913043,reject_trend_ooa,2025
LGPZ,46,1,0,0,arrivals,0.0,0.0,reject_trend_ooa,2025
LTFH,45,7,7,8,departures,0.15555555555555556,0.17777777777777778,reject_trend_ooa,2025
LGPZ,45,31,24,26,departures,0.5333333333333333,0.5777777777777777,reject_trend_ooa,2025
EDDC,45,44,44,44,departures,0.9777777777777777,0.9777777777777777,reject_trend_ooa,2025
LGPA,45,8,0,0,departures,0.0,0.0,reject_trend_ooa,2025
LTFH,45,3,3,3,arrivals,0.06666666666666667,0.06666666666666667,reject_trend_ooa,2025
EDDC,45,44,44,44,arrivals,0.9777777777777777,0.9777777777777777,reject_trend_ooa,2025
LIRI,44,29,27,31,departures,0.6136363636363636,0.7045454545454546,reject_trend_ooa,2025
GEML,44,44,44,46,departures,1.0,1.0454545454545454,reject_trend_ooa,2025
ORER,44,1,0,0,departures,0.0,0.0,reject_trend_ooa,2025
ESSB,44,39,38,40,departures,0.8636363636363636,0.9090909090909091,reject_trend_ooa,2025
BIRK,44,44,44,57,departures,1.0,1.2954545454545454,reject_trend_ooa,2025
GEML,44,43,43,44,arrivals,0.9772727272727273,1.0,reject_trend_ooa,2025
ORER,44,0,0,0,arrivals,0.0,0.0,reject_trend_ooa,2025
LEJR,44,43,43,43,arrivals,0.9772727272727273,0.9772727272727273,reject_trend_ooa,2025
BIRK,44,36,36,37,arrivals,0.8181818181818182,0.8409090909090909,reject_trend_ooa,2025
ENKB,44,0,0,0,arrivals,0.0,0.0,reject_trend_ooa,2025
LFRB,44,39,39,39,arrivals,0.8863636363636364,0.8863636363636364,reject_trend_ooa,2025
LKMT,44,39,39,40,arrivals,0.8863636363636364,0.9090909090909091,reject_trend_ooa,2025
LKMT,43,40,40,40,departures,0.9302325581395349,0.9302325581395349,reject_trend_ooa,2025
LIBP,43,42,42,42,arrivals,0.9767441860465116,0.9767441860465116,reject_trend_ooa,2025
LOWI,43,28,27,27,arrivals,0.627906976744186,0.627906976744186,reject_trend_ooa,2025
ENCN,43,10,10,10,arrivals,0.23255813953488372,0.23255813953488372,reject_trend_ooa,2025
EPMO,42,42,42,46,departures,1.0,1.0952380952380953,reject_trend_ooa,2025
ENEV,42,13,0,0,departures,0.0,0.0,reject_trend_ooa,2025
ORBI,42,4,0,0,departures,0.0,0.0,reject_trend_ooa,2025
LIRI,42,10,8,8,arrivals,0.19047619047619047,0.19047619047619047,reject_trend_ooa,2025
UMMS,42,2,2,3,arrivals,0.047619047619047616,0.07142857142857142,reject_trend_ooa,2025
ESMS,42,36,36,36,arrivals,0.8571428571428571,0.8571428571428571,reject_trend_ooa,2025
ENEV,42,9,0,0,arrivals,0.0,0.0,reject_trend_ooa,2025
LGSM,42,18,18,24,arrivals,0.42857142857142855,0.5714285714285714,reject_trend_ooa,2025
ESMS,41,38,38,39,departures,0.926829268292683,0.9512195121951219,reject_trend_ooa,2025
LIBP,41,41,41,43,departures,1.0,1.048780487804878,reject_trend_ooa,2025
LGSM,41,40,39,48,departures,0.9512195121951219,1.170731707317073,reject_trend_ooa,2025
LIRZ,41,41,38,40,arrivals,0.926829268292683,0.975609756097561,reject_trend_ooa,2025
UMMS,40,19,16,16,departures,0.4,0.4,reject_trend_ooa,2025
LEJR,40,40,40,40,departures,1.0,1.0,reject_trend_ooa,2025
LEVX,40,21,21,21,arrivals,0.525,0.525,reject_trend_ooa,2025
UWKD,40,0,0,0,arrivals,0.0,0.0,reject_trend_ooa,2025
LICT,40,5,5,5,arrivals,0.125,0.125,reject_trend_ooa,2025
EPMO,40,29,29,29,arrivals,0.725,0.725,reject_trend_ooa,2025
LEAM,40,37,37,37,arrivals,0.925,0.925,reject_trend_ooa,2025
GMMW,40,34,33,33,arrivals,0.825,0.825,reject_trend_ooa,2025
LGPA,40,0,0,0,arrivals,0.0,0.0,reject_trend_ooa,2025
LEVT,39,38,37,46,departures,0.9487179487179487,1.1794871794871795,reject_trend_ooa,2025
LICT,39,8,8,10,departures,0.20512820512820512,0.2564102564102564,reject_trend_ooa,2025
LIRZ,39,39,35,35,departures,0.8974358974358975,0.8974358974358975,reject_trend_ooa,2025
LEXJ,39,36,36,37,departures,0.9230769230769231,0.9487179487179487,reject_trend_ooa,2025
GMMW,39,39,37,37,departures,0.9487179487179487,0.9487179487179487,reject_trend_ooa,2025
EGPB,39,0,0,0,arrivals,0.0,0.0,reject_trend_ooa,2025
LEVT,39,0,0,0,arrivals,0.0,0.0,reject_trend_ooa,2025
LEZG,39,11,11,11,arrivals,0.28205128205128205,0.28205128205128205,reject_trend_ooa,2025
EDLP,39,35,35,36,arrivals,0.8974358974358975,0.9230769230769231,reject_trend_ooa,2025
EGPB,38,1,0,0,departures,0.0,0.0,reject_trend_ooa,2025
UWKD,38,11,1,1,departures,0.02631578947368421,0.02631578947368421,reject_trend_ooa,2025
LEZG,38,14,14,14,departures,0.3684210526315789,0.3684210526315789,reject_trend_ooa,2025
ESPA,38,16,16,16,departures,0.42105263157894735,0.42105263157894735,reject_trend_ooa,2025
LEVX,37,36,36,36,departures,0.972972972972973,0.972972972972973,reject_trend_ooa,2025
LGSK,37,25,24,24,departures,0.6486486486486487,0.6486486486486487,reject_trend_ooa,2025
LOWL,37,36,36,36,departures,0.972972972972973,0.972972972972973,reject_trend_ooa,2025
LEAM,37,36,36,36,departures,0.972972972972973,0.972972972972973,reject_trend_ooa,2025
LIPY,37,37,37,37,departures,1.0,1.0,reject_trend_ooa,2025
LGSK,37,30,30,30,arrivals,0.8108108108108109,0.8108108108108109,reject_trend_ooa,2025
ESSB,37,32,32,34,arrivals,0.8648648648648649,0.918918918918919,reject_trend_ooa,2025
LEXJ,37,0,0,0,arrivals,0.0,0.0,reject_trend_ooa,2025
EGTE,36,34,34,34,departures,0.9444444444444444,0.9444444444444444,reject_trend_ooa,2025
LECO,36,34,34,34,departures,0.9444444444444444,0.9444444444444444,reject_trend_ooa,2025
EGTE,36,32,32,32,arrivals,0.8888888888888888,0.8888888888888888,reject_trend_ooa,2025
LIPY,36,9,9,9,arrivals,0.25,0.25,reject_trend_ooa,2025
LTFO,36,21,21,21,arrivals,0.5833333333333334,0.5833333333333334,reject_trend_ooa,2025
EGMC,35,35,35,35,departures,1.0,1.0,reject_trend_ooa,2025
EDLP,35,32,32,32,departures,0.9142857142857143,0.9142857142857143,reject_trend_ooa,2025
LZKZ,35,35,35,35,departures,1.0,1.0,reject_trend_ooa,2025
LTFO,35,32,32,32,departures,0.9142857142857143,0.9142857142857143,reject_trend_ooa,2025
LTFG,35,33,32,32,arrivals,0.9142857142857143,0.9142857142857143,reject_trend_ooa,2025
ESPA,35,0,0,0,arrivals,0.0,0.0,reject_trend_ooa,2025
LECO,35,35,35,41,arrivals,1.0,1.1714285714285715,reject_trend_ooa,2025
GMFO,34,32,32,32,departures,0.9411764705882353,0.9411764705882353,reject_trend_ooa,2025
LTFG,34,34,34,34,departures,1.0,1.0,reject_trend_ooa,2025
LEGR,34,32,32,32,departures,0.9411764705882353,0.9411764705882353,reject_trend_ooa,2025
LOWL,34,32,32,33,arrivals,0.9411764705882353,0.9705882352941176,reject_trend_ooa,2025
LICR,34,0,0,0,arrivals,0.0,0.0,reject_trend_ooa,2025
GMFO,34,25,25,25,arrivals,0.7352941176470589,0.7352941176470589,reject_trend_ooa,2025
LEGR,34,1,1,1,arrivals,0.029411764705882353,0.029411764705882353,reject_trend_ooa,2025
LGMT,34,34,34,34,arrivals,1.0,1.0,reject_trend_ooa,2025
LZKZ,34,27,27,27,arrivals,0.7941176470588235,0.7941176470588235,reject_trend_ooa,2025
LICR,33,4,4,8,departures,0.12121212121212122,0.24242424242424243,reject_trend_ooa,2025
LTCI,33,0,0,0,departures,0.0,0.0,reject_trend_ooa,2025
LGMT,33,32,31,31,departures,0.9393939393939394,0.9393939393939394,reject_trend_ooa,2025
LOWI,33,30,29,29,departures,0.8787878787878788,0.8787878787878788,reject_trend_ooa,2025
EGMC,33,33,33,67,arrivals,1.0,2.0303030303030303,reject_trend_ooa,2025
EKAH,33,30,30,30,arrivals,0.9090909090909091,0.9090909090909091,reject_trend_ooa,2025
EGWU,32,32,0,0,departures,0.0,0.0,reject_trend_ooa,2025
LTCB,32,12,11,13,departures,0.34375,0.40625,reject_trend_ooa,2025
EKAH,32,32,32,32,departures,1.0,1.0,reject_trend_ooa,2025
LFRN,32,32,32,32,departures,1.0,1.0,reject_trend_ooa,2025
LEMI,32,31,31,31,arrivals,0.96875,0.96875,reject_trend_ooa,2025
LTCI,32,0,0,0,arrivals,0.0,0.0,reject_trend_ooa,2025
LEMI,31,31,31,31,departures,1.0,1.0,reject_trend_ooa,2025
EIKN,31,30,30,30,departures,0.967741935483871,0.967741935483871,reject_trend_ooa,2025
ENHD,31,29,27,31,departures,0.8709677419354839,1.0,reject_trend_ooa,2025
EDMO,31,30,27,27,departures,0.8709677419354839,0.8709677419354839,reject_trend_ooa,2025
LFRN,31,31,31,31,arrivals,1.0,1.0,reject_trend_ooa,2025
LTCE,31,0,0,0,arrivals,0.0,0.0,reject_trend_ooa,2025
EGPK,30,30,30,30,departures,1.0,1.0,reject_trend_ooa,2025
URMM,30,3,2,2,departures,0.06666666666666667,0.06666666666666667,reject_trend_ooa,2025
LGNX,30,9,0,0,departures,0.0,0.0,reject_trend_ooa,2025
LTCB,30,11,11,11,arrivals,0.36666666666666664,0.36666666666666664,reject_trend_ooa,2025
LGNX,30,2,0,0,arrivals,0.0,0.0,reject_trend_ooa,2025
EIKN,30,30,30,30,arrivals,1.0,1.0,reject_trend_ooa,2025
EBAW,29,29,28,29,departures,0.9655172413793104,1.0,reject_trend_ooa,2025
LTCE,29,0,0,0,departures,0.0,0.0,reject_trend_ooa,2025
EGPA,29,11,0,0,departures,0.0,0.0,reject_trend_ooa,2025
LTAZ,29,0,0,0,departures,0.0,0.0,reject_trend_ooa,2025
EGPK,29,25,25,26,arrivals,0.8620689655172413,0.896551724137931,reject_trend_ooa,2025
URMM,29,0,0,0,arrivals,0.0,0.0,reject_trend_ooa,2025
ENHD,29,20,20,21,arrivals,0.6896551724137931,0.7241379310344828,reject_trend_ooa,2025
LTAZ,29,1,0,0,arrivals,0.0,0.0,reject_trend_ooa,2025
EGHQ,28,27,27,27,departures,0.9642857142857143,0.9642857142857143,reject_trend_ooa,2025
ESNU,28,8,8,8,departures,0.2857142857142857,0.2857142857142857,reject_trend_ooa,2025
EGHQ,28,27,27,27,arrivals,0.9642857142857143,0.9642857142857143,reject_trend_ooa,2025
LTCA,27,0,0,0,departures,0.0,0.0,reject_trend_ooa,2025
ENBN,27,10,5,10,departures,0.18518518518518517,0.37037037037037035,reject_trend_ooa,2025
LICD,27,25,25,25,departures,0.9259259259259259,0.9259259259259259,reject_trend_ooa,2025
LIPB,27,17,16,16,arrivals,0.5925925925925926,0.5925925925925926,reject_trend_ooa,2025
EGWU,27,25,0,0,arrivals,0.0,0.0,reject_trend_ooa,2025
LTAN,27,0,0,0,arrivals,0.0,0.0,reject_trend_ooa,2025
LTCA,27,0,0,0,arrivals,0.0,0.0,reject_trend_ooa,2025
LICD,27,8,8,8,arrivals,0.2962962962962963,0.2962962962962963,reject_trend_ooa,2025
LFKC,27,27,27,27,arrivals,1.0,1.0,reject_trend_ooa,2025
LTAT,26,1,0,0,departures,0.0,0.0,reject_trend_ooa,2025
LPCS,26,26,23,24,departures,0.8846153846153846,0.9230769230769231,reject_trend_ooa,2025
LIPB,26,26,25,25,departures,0.9615384615384616,0.9615384615384616,reject_trend_ooa,2025
LTCS,26,0,0,0,departures,0.0,0.0,reject_trend_ooa,2025
LTAN,26,0,0,0,departures,0.0,0.0,reject_trend_ooa,2025
LRBS,26,26,26,27,departures,1.0,1.0384615384615385,reject_trend_ooa,2025
LFKC,26,26,26,26,departures,1.0,1.0,reject_trend_ooa,2025
LGHI,26,3,2,2,arrivals,0.07692307692307693,0.07692307692307693,reject_trend_ooa,2025
LTCS,26,0,0,0,arrivals,0.0,0.0,reject_trend_ooa,2025
ESNU,26,0,0,0,arrivals,0.0,0.0,reject_trend_ooa,2025
ENBN,26,0,0,0,arrivals,0.0,0.0,reject_trend_ooa,2025
EGPA,26,0,0,0,arrivals,0.0,0.0,reject_trend_ooa,2025
LGKL,25,21,21,21,departures,0.84,0.84,reject_trend_ooa,2025
LGHI,25,24,24,26,departures,0.96,1.04,reject_trend_ooa,2025
LGML,25,0,0,0,departures,0.0,0.0,reject_trend_ooa,2025
LFMP,25,24,24,24,departures,0.96,0.96,reject_trend_ooa,2025
EHBK,25,22,21,21,departures,0.84,0.84,reject_trend_ooa,2025
EFOU,25,1,1,2,departures,0.04,0.08,reject_trend_ooa,2025
EGSH,25,25,25,25,departures,1.0,1.0,reject_trend_ooa,2025
LGKL,25,22,22,22,arrivals,0.88,0.88,reject_trend_ooa,2025
EFOU,25,0,0,0,arrivals,0.0,0.0,reject_trend_ooa,2025
EGSH,25,25,25,26,arrivals,1.0,1.04,reject_trend_ooa,2025
LPCS,25,24,21,22,arrivals,0.84,0.88,reject_trend_ooa,2025
EBAW,25,25,24,27,arrivals,0.96,1.08,reject_trend_ooa,2025
LFRK,24,24,23,24,departures,0.9583333333333334,1.0,reject_trend_ooa,2025
EKVG,24,0,0,0,departures,0.0,0.0,reject_trend_ooa,2025
ENFL,24,15,15,19,departures,0.625,0.7916666666666666,reject_trend_ooa,2025
ENAT,24,18,0,0,departures,0.0,0.0,reject_trend_ooa,2025
LICG,24,14,11,11,departures,0.4583333333333333,0.4583333333333333,reject_trend_ooa,2025
LIPR,24,23,23,25,departures,0.9583333333333334,1.0416666666666667,reject_trend_ooa,2025
LTAT,24,0,0,0,arrivals,0.0,0.0,reject_trend_ooa,2025
EKVG,24,0,0,0,arrivals,0.0,0.0,reject_trend_ooa,2025
ENFL,24,0,0,0,arrivals,0.0,0.0,reject_trend_ooa,2025
ENAT,24,19,0,0,arrivals,0.0,0.0,reject_trend_ooa,2025
LESO,24,3,0,0,arrivals,0.0,0.0,reject_trend_ooa,2025
EHBK,24,19,18,19,arrivals,0.75,0.7916666666666666,reject_trend_ooa,2025
LIPR,24,23,23,24,arrivals,0.9583333333333334,1.0,reject_trend_ooa,2025
LFMP,24,20,20,20,arrivals,0.8333333333333334,0.8333333333333334,reject_trend_ooa,2025
EDDR,23,17,17,18,departures,0.7391304347826086,0.782608695652174,reject_trend_ooa,2025
ESSV,23,20,20,21,departures,0.8695652173913043,0.9130434782608695,reject_trend_ooa,2025
ENOV,23,3,3,11,departures,0.13043478260869565,0.4782608695652174,reject_trend_ooa,2025
ENKR,23,6,0,0,departures,0.0,0.0,reject_trend_ooa,2025
LESO,23,19,15,16,departures,0.6521739130434783,0.6956521739130435,reject_trend_ooa,2025
ENLK,23,19,0,0,departures,0.0,0.0,reject_trend_ooa,2025
LFBT,23,23,23,23,departures,1.0,1.0,reject_trend_ooa,2025
ENKR,23,7,0,0,arrivals,0.0,0.0,reject_trend_ooa,2025
LICG,23,3,3,3,arrivals,0.13043478260869565,0.13043478260869565,reject_trend_ooa,2025
EGPO,23,3,0,0,arrivals,0.0,0.0,reject_trend_ooa,2025
EDXW,22,21,19,19,departures,0.8636363636363636,0.8636363636363636,reject_trend_ooa,2025
LLER,22,4,0,0,departures,0.0,0.0,reject_trend_ooa,2025
LSGS,22,21,21,23,departures,0.9545454545454546,1.0454545454545454,reject_trend_ooa,2025
LRSB,22,13,13,13,departures,0.5909090909090909,0.5909090909090909,reject_trend_ooa,2025
LFBP,22,18,18,18,departures,0.8181818181818182,0.8181818181818182,reject_trend_ooa,2025
LGKP,22,3,0,0,departures,0.0,0.0,reject_trend_ooa,2025
EGNV,22,19,19,19,departures,0.8636363636363636,0.8636363636363636,reject_trend_ooa,2025
EGPO,22,2,2,2,departures,0.09090909090909091,0.09090909090909091,reject_trend_ooa,2025
EPSC,22,21,21,21,departures,0.9545454545454546,0.9545454545454546,reject_trend_ooa,2025
EIKY,22,22,22,22,departures,1.0,1.0,reject_trend_ooa,2025
LRCV,22,1,1,1,departures,0.045454545454545456,0.045454545454545456,reject_trend_ooa,2025
GCHI,22,11,0,0,departures,0.0,0.0,reject_trend_ooa,2025
LFRK,22,21,20,20,arrivals,0.9090909090909091,0.9090909090909091,reject_trend_ooa,2025
EDDR,22,16,16,19,arrivals,0.7272727272727273,0.8636363636363636,reject_trend_ooa,2025
ESSV,22,7,7,7,arrivals,0.3181818181818182,0.3181818181818182,reject_trend_ooa,2025
EDXW,22,21,19,19,arrivals,0.8636363636363636,0.8636363636363636,reject_trend_ooa,2025
ENOV,22,0,0,0,arrivals,0.0,0.0,reject_trend_ooa,2025
LLER,22,0,0,0,arrivals,0.0,0.0,reject_trend_ooa,2025
LRSB,22,3,3,3,arrivals,0.13636363636363635,0.13636363636363635,reject_trend_ooa,2025
LFBP,22,22,22,22,arrivals,1.0,1.0,reject_trend_ooa,2025
LGKP,22,0,0,0,arrivals,0.0,0.0,reject_trend_ooa,2025
EDMO,22,22,19,20,arrivals,0.8636363636363636,0.9090909090909091,reject_trend_ooa,2025
EPSC,22,12,11,11,arrivals,0.5,0.5,reject_trend_ooa,2025
ENLK,22,2,0,0,arrivals,0.0,0.0,reject_trend_ooa,2025
GCHI,22,0,0,0,arrivals,0.0,0.0,reject_trend_ooa,2025
LFBT,22,22,22,22,arrivals,1.0,1.0,reject_trend_ooa,2025
LDRI,21,18,18,19,departures,0.8571428571428571,0.9047619047619048,reject_trend_ooa,2025
LRSV,21,11,11,13,departures,0.5238095238095238,0.6190476190476191,reject_trend_ooa,2025
ENSG,21,6,0,0,departures,0.0,0.0,reject_trend_ooa,2025
BIAR,21,0,0,0,departures,0.0,0.0,reject_trend_ooa,2025
LDRI,21,18,18,19,arrivals,0.8571428571428571,0.9047619047619048,reject_trend_ooa,2025
LGML,21,0,0,0,arrivals,0.0,0.0,reject_trend_ooa,2025
EGNV,21,19,19,19,arrivals,0.9047619047619048,0.9047619047619048,reject_trend_ooa,2025
LSZB,21,20,19,23,arrivals,0.9047619047619048,1.0952380952380953,reject_trend_ooa,2025
LRCV,21,0,0,0,arrivals,0.0,0.0,reject_trend_ooa,2025
LRBS,21,20,19,20,arrivals,0.9047619047619048,0.9523809523809523,reject_trend_ooa,2025
BIAR,21,0,0,0,arrivals,0.0,0.0,reject_trend_ooa,2025
ENSG,21,5,0,0,arrivals,0.0,0.0,reject_trend_ooa,2025
EIKY,21,21,21,21,arrivals,1.0,1.0,reject_trend_ooa,2025
LFLC,21,20,20,20,arrivals,0.9523809523809523,0.9523809523809523,reject_trend_ooa,2025
DABC,20,0,0,0,departures,0.0,0.0,reject_trend_ooa,2025
LTCR,20,0,0,0,departures,0.0,0.0,reject_trend_ooa,2025
LSZB,20,19,18,20,departures,0.9,1.0,reject_trend_ooa,2025
GMTN,20,20,19,19,arrivals,0.95,0.95,reject_trend_ooa,2025
LSGS,20,1,0,0,arrivals,0.0,0.0,reject_trend_ooa,2025
LTCR,20,0,0,0,arrivals,0.0,0.0,reject_trend_ooa,2025
LRSV,20,0,0,0,arrivals,0.0,0.0,reject_trend_ooa,2025
EGNJ,20,15,15,15,arrivals,0.75,0.75,reject_trend_ooa,2025
HLLM,20,0,0,0,arrivals,0.0,0.0,reject_trend_ooa,2025
DABC,20,0,0,0,arrivals,0.0,0.0,reject_trend_ooa,2025
LTCJ,19,0,0,0,departures,0.0,0.0,reject_trend_ooa,2025
GMTN,19,18,18,18,departures,0.9473684210526315,0.9473684210526315,reject_trend_ooa,2025
EFTU,19,17,17,17,departures,0.8947368421052632,0.8947368421052632,reject_trend_ooa,2025
ENVD,19,8,0,0,departures,0.0,0.0,reject_trend_ooa,2025
LRBC,19,19,19,30,departures,1.0,1.5789473684210527,reject_trend_ooa,2025
ENSK,19,18,0,0,departures,0.0,0.0,reject_trend_ooa,2025
LSZR,19,19,19,21,departures,1.0,1.105263157894737,reject_trend_ooa,2025
LOWK,19,19,19,19,departures,1.0,1.0,reject_trend_ooa,2025
EGTK,19,19,19,20,departures,1.0,1.0526315789473684,reject_trend_ooa,2025
HLLM,19,2,2,2,departures,0.10526315789473684,0.10526315789473684,reject_trend_ooa,2025
LTCJ,19,0,0,0,arrivals,0.0,0.0,reject_trend_ooa,2025
LRBC,19,3,3,3,arrivals,0.15789473684210525,0.15789473684210525,reject_trend_ooa,2025
ENSK,19,4,0,0,arrivals,0.0,0.0,reject_trend_ooa,2025
LFTZ,19,18,0,0,arrivals,0.0,0.0,reject_trend_ooa,2025
LSZR,19,18,18,18,arrivals,0.9473684210526315,0.9473684210526315,reject_trend_ooa,2025
EYPA,18,17,16,16,departures,0.8888888888888888,0.8888888888888888,reject_trend_ooa,2025
EGJA,18,16,16,16,departures,0.8888888888888888,0.8888888888888888,reject_trend_ooa,2025
EBOS,18,16,16,16,departures,0.8888888888888888,0.8888888888888888,reject_trend_ooa,2025
LFLC,18,18,18,18,departures,1.0,1.0,reject_trend_ooa,2025
LOWK,18,5,5,5,arrivals,0.2777777777777778,0.2777777777777778,reject_trend_ooa,2025
LIPO,18,18,14,15,arrivals,0.7777777777777778,0.8333333333333334,reject_trend_ooa,2025
EGJA,18,18,18,22,arrivals,1.0,1.2222222222222223,reject_trend_ooa,2025
EFTU,18,10,10,10,arrivals,0.5555555555555556,0.5555555555555556,reject_trend_ooa,2025
EFRO,17,0,0,0,departures,0.0,0.0,reject_trend_ooa,2025
LPAZ,17,16,16,16,departures,0.9411764705882353,0.9411764705882353,reject_trend_ooa,2025
EPLL,17,17,17,17,departures,1.0,1.0,reject_trend_ooa,2025
LQBK,17,17,17,17,departures,1.0,1.0,reject_trend_ooa,2025
ENML,17,5,4,4,departures,0.23529411764705882,0.23529411764705882,reject_trend_ooa,2025
LGAL,17,16,16,16,departures,0.9411764705882353,0.9411764705882353,reject_trend_ooa,2025
EBKT,17,17,17,18,departures,1.0,1.0588235294117647,reject_trend_ooa,2025
EFRO,17,0,0,0,arrivals,0.0,0.0,reject_trend_ooa,2025
LQBK,17,7,7,7,arrivals,0.4117647058823529,0.4117647058823529,reject_trend_ooa,2025
EBOS,17,16,15,18,arrivals,0.8823529411764706,1.0588235294117647,reject_trend_ooa,2025
EYPA,17,5,4,4,arrivals,0.23529411764705882,0.23529411764705882,reject_trend_ooa,2025
LFLY,16,16,0,0,departures,0.0,0.0,reject_trend_ooa,2025
EKRN,16,16,16,17,departures,1.0,1.0625,reject_trend_ooa,2025
LYNI,16,1,0,0,departures,0.0,0.0,reject_trend_ooa,2025
LFBL,16,11,11,11,departures,0.6875,0.6875,reject_trend_ooa,2025
EPBY,16,15,15,15,departures,0.9375,0.9375,reject_trend_ooa,2025
LTCF,16,0,0,0,departures,0.0,0.0,reject_trend_ooa,2025
EGNJ,16,12,12,12,departures,0.75,0.75,reject_trend_ooa,2025
EDDE,16,16,16,16,departures,1.0,1.0,reject_trend_ooa,2025
LXGB,16,15,15,15,departures,0.9375,0.9375,reject_trend_ooa,2025
LEPP,16,16,16,18,departures,1.0,1.125,reject_trend_ooa,2025
EPLB,16,15,15,16,departures,0.9375,1.0,reject_trend_ooa,2025
LFBE,16,15,15,15,departures,0.9375,0.9375,reject_trend_ooa,2025
EKEB,16,13,13,15,departures,0.8125,0.9375,reject_trend_ooa,2025
LECH,16,14,14,15,departures,0.875,0.9375,reject_trend_ooa,2025
LFLY,16,16,0,0,arrivals,0.0,0.0,reject_trend_ooa,2025
LYNI,16,0,0,0,arrivals,0.0,0.0,reject_trend_ooa,2025
LFBL,16,0,0,0,arrivals,0.0,0.0,reject_trend_ooa,2025
EPLL,16,15,15,15,arrivals,0.9375,0.9375,reject_trend_ooa,2025
LTCF,16,0,0,0,arrivals,0.0,0.0,reject_trend_ooa,2025
ENSH,16,1,0,0,arrivals,0.0,0.0,reject_trend_ooa,2025
LFMK,16,15,15,15,arrivals,0.9375,0.9375,reject_trend_ooa,2025
EGTK,16,16,15,15,arrivals,0.9375,0.9375,reject_trend_ooa,2025
LGAL,16,16,16,16,arrivals,1.0,1.0,reject_trend_ooa,2025
EDVE,16,16,14,14,arrivals,0.875,0.875,reject_trend_ooa,2025
EPLB,16,15,15,18,arrivals,0.9375,1.125,reject_trend_ooa,2025
LFBE,16,13,13,13,arrivals,0.8125,0.8125,reject_trend_ooa,2025
LXGB,16,15,15,15,arrivals,0.9375,0.9375,reject_trend_ooa,2025
UWGG,15,0,0,0,departures,0.0,0.0,reject_trend_ooa,2025
HESX,15,5,4,5,departures,0.26666666666666666,0.3333333333333333,reject_trend_ooa,2025
LTCK,15,0,0,0,departures,0.0,0.0,reject_trend_ooa,2025
EDNY,15,13,12,12,departures,0.8,0.8,reject_trend_ooa,2025
ENRA,15,9,7,8,departures,0.4666666666666667,0.5333333333333333,reject_trend_ooa,2025
EGAE,15,5,5,5,departures,0.3333333333333333,0.3333333333333333,reject_trend_ooa,2025
LFMK,15,15,15,15,departures,1.0,1.0,reject_trend_ooa,2025
LFRM,15,15,14,16,arrivals,0.9333333333333333,1.0666666666666667,reject_trend_ooa,2025
EKRN,15,11,11,11,arrivals,0.7333333333333333,0.7333333333333333,reject_trend_ooa,2025
ENVD,15,4,0,0,arrivals,0.0,0.0,reject_trend_ooa,2025
LTCK,15,0,0,0,arrivals,0.0,0.0,reject_trend_ooa,2025
EPBY,15,9,9,9,arrivals,0.6,0.6,reject_trend_ooa,2025
EDNY,15,12,12,13,arrivals,0.8,0.8666666666666667,reject_trend_ooa,2025
ENML,15,0,0,0,arrivals,0.0,0.0,reject_trend_ooa,2025
LLHA,15,13,13,13,arrivals,0.8666666666666667,0.8666666666666667,reject_trend_ooa,2025
LGLM,15,0,0,0,arrivals,0.0,0.0,reject_trend_ooa,2025
LECH,15,13,13,13,arrivals,0.8666666666666667,0.8666666666666667,reject_trend_ooa,2025
HESX,15,4,4,14,arrivals,0.26666666666666666,0.9333333333333333,reject_trend_ooa,2025
EDDE,15,15,14,14,arrivals,0.9333333333333333,0.9333333333333333,reject_trend_ooa,2025
EKEB,15,12,12,12,arrivals,0.8,0.8,reject_trend_ooa,2025
LFSD,15,15,14,16,arrivals,0.9333333333333333,1.0666666666666667,reject_trend_ooa,2025
LTAY,14,2,2,2,departures,0.14285714285714285,0.14285714285714285,reject_trend_ooa,2025
ETSI,14,13,13,13,departures,0.9285714285714286,0.9285714285714286,reject_trend_ooa,2025
LROD,14,4,3,3,departures,0.21428571428571427,0.21428571428571427,reject_trend_ooa,2025
ENSH,14,14,0,0,departures,0.0,0.0,reject_trend_ooa,2025
LTAR,14,0,0,0,departures,0.0,0.0,reject_trend_ooa,2025
EDVE,14,14,14,14,departures,1.0,1.0,reject_trend_ooa,2025
LGLM,14,0,0,0,departures,0.0,0.0,reject_trend_ooa,2025
LLHA,14,13,13,13,departures,0.9285714285714286,0.9285714285714286,reject_trend_ooa,2025
EFKU,14,14,14,14,departures,1.0,1.0,reject_trend_ooa,2025
LFBH,14,6,6,6,arrivals,0.42857142857142855,0.42857142857142855,reject_trend_ooa,2025
LPAZ,14,13,11,13,arrivals,0.7857142857142857,0.9285714285714286,reject_trend_ooa,2025
LROD,14,0,0,0,arrivals,0.0,0.0,reject_trend_ooa,2025
ENRA,14,0,0,0,arrivals,0.0,0.0,reject_trend_ooa,2025
EGAE,14,3,2,2,arrivals,0.14285714285714285,0.14285714285714285,reject_trend_ooa,2025
LTAR,14,0,0,0,arrivals,0.0,0.0,reject_trend_ooa,2025
LEPP,14,2,2,2,arrivals,0.14285714285714285,0.14285714285714285,reject_trend_ooa,2025
LFRM,13,13,13,14,departures,1.0,1.0769230769230769,reject_trend_ooa,2025
LFBH,13,13,13,13,departures,1.0,1.0,reject_trend_ooa,2025
LTDA,13,0,0,0,departures,0.0,0.0,reject_trend_ooa,2025
LPPS,13,6,5,5,departures,0.38461538461538464,0.38461538461538464,reject_trend_ooa,2025
LFRZ,13,13,10,10,departures,0.7692307692307693,0.7692307692307693,reject_trend_ooa,2025
LTCT,13,0,0,0,departures,0.0,0.0,reject_trend_ooa,2025
LIBC,13,0,0,0,departures,0.0,0.0,reject_trend_ooa,2025
EDMA,13,13,13,13,departures,1.0,1.0,reject_trend_ooa,2025
LGKV,13,13,13,14,departures,1.0,1.0769230769230769,reject_trend_ooa,2025
EFVA,13,12,12,12,departures,0.9230769230769231,0.9230769230769231,reject_trend_ooa,2025
UWGG,13,0,0,0,arrivals,0.0,0.0,reject_trend_ooa,2025
LTAY,13,0,0,0,arrivals,0.0,0.0,reject_trend_ooa,2025
LGKV,13,13,13,13,arrivals,1.0,1.0,reject_trend_ooa,2025
LPPS,13,6,4,4,arrivals,0.3076923076923077,0.3076923076923077,reject_trend_ooa,2025
LFRZ,13,13,10,10,arrivals,0.7692307692307693,0.7692307692307693,reject_trend_ooa,2025
EFKU,13,13,13,13,arrivals,1.0,1.0,reject_trend_ooa,2025
LTCT,13,0,0,0,arrivals,0.0,0.0,reject_trend_ooa,2025
LBPD,13,1,0,0,arrivals,0.0,0.0,reject_trend_ooa,2025
ESNS,12,12,12,12,departures,1.0,1.0,reject_trend_ooa,2025
EDFM,12,11,11,17,departures,0.9166666666666666,1.4166666666666667,reject_trend_ooa,2025
LFMU,12,12,12,12,departures,1.0,1.0,reject_trend_ooa,2025
ENBL,12,0,0,0,departures,0.0,0.0,reject_trend_ooa,2025
GCGM,12,6,0,0,departures,0.0,0.0,reject_trend_ooa,2025
ENSD,12,1,0,0,departures,0.0,0.0,reject_trend_ooa,2025
LTCP,12,0,0,0,departures,0.0,0.0,reject_trend_ooa,2025
LIRS,12,12,12,13,departures,1.0,1.0833333333333333,reject_trend_ooa,2025
LFTZ,12,11,0,0,departures,0.0,0.0,reject_trend_ooa,2025
LFTW,12,11,11,11,departures,0.9166666666666666,0.9166666666666666,reject_trend_ooa,2025
LTFD,12,11,11,11,departures,0.9166666666666666,0.9166666666666666,reject_trend_ooa,2025
ENST,12,4,3,4,departures,0.25,0.3333333333333333,reject_trend_ooa,2025
EKRK,12,12,12,12,departures,1.0,1.0,reject_trend_ooa,2025
LTCN,12,0,0,0,departures,0.0,0.0,reject_trend_ooa,2025
HLLB,12,0,0,0,departures,0.0,0.0,reject_trend_ooa,2025
LGIO,12,10,10,10,arrivals,0.8333333333333334,0.8333333333333334,reject_trend_ooa,2025
LTFD,12,12,12,12,arrivals,1.0,1.0,reject_trend_ooa,2025
LIBF,12,0,0,0,arrivals,0.0,0.0,reject_trend_ooa,2025
ETSI,12,11,9,9,arrivals,0.75,0.75,reject_trend_ooa,2025
LGRX,12,1,1,1,arrivals,0.08333333333333333,0.08333333333333333,reject_trend_ooa,2025
LFMU,12,11,11,11,arrivals,0.9166666666666666,0.9166666666666666,reject_trend_ooa,2025
LTCN,12,0,0,0,arrivals,0.0,0.0,reject_trend_ooa,2025
HLLB,12,0,0,0,arrivals,0.0,0.0,reject_trend_ooa,2025
LIBC,12,0,0,0,arrivals,0.0,0.0,reject_trend_ooa,2025
EFVA,12,0,0,0,arrivals,0.0,0.0,reject_trend_ooa,2025
LTCD,12,0,0,0,arrivals,0.0,0.0,reject_trend_ooa,2025
EKSB,12,12,12,12,arrivals,1.0,1.0,reject_trend_ooa,2025
GCGM,12,0,0,0,arrivals,0.0,0.0,reject_trend_ooa,2025
LRBV,11,10,10,10,departures,0.9090909090909091,0.9090909090909091,reject_trend_ooa,2025
LTCD,11,0,0,0,departures,0.0,0.0,reject_trend_ooa,2025
EGPN,11,11,11,12,departures,1.0,1.0909090909090908,reject_trend_ooa,2025
LTCV,11,0,0,0,departures,0.0,0.0,reject_trend_ooa,2025
LIPO,11,11,11,13,departures,1.0,1.1818181818181819,reject_trend_ooa,2025
LGRX,11,1,1,1,departures,0.09090909090909091,0.09090909090909091,reject_trend_ooa,2025
ENAN,11,10,0,0,departures,0.0,0.0,reject_trend_ooa,2025
GMML,11,2,0,0,departures,0.0,0.0,reject_trend_ooa,2025
LFSD,11,11,11,12,departures,1.0,1.0909090909090908,reject_trend_ooa,2025
LFMV,11,11,11,11,arrivals,1.0,1.0,reject_trend_ooa,2025
EGPN,11,11,11,11,arrivals,1.0,1.0,reject_trend_ooa,2025
LTCV,11,0,0,0,arrivals,0.0,0.0,reject_trend_ooa,2025
ESNS,11,7,7,7,arrivals,0.6363636363636364,0.6363636363636364,reject_trend_ooa,2025
EDFM,11,10,10,14,arrivals,0.9090909090909091,1.2727272727272727,reject_trend_ooa,2025
GMML,11,0,0,0,arrivals,0.0,0.0,reject_trend_ooa,2025
LTCP,11,0,0,0,arrivals,0.0,0.0,reject_trend_ooa,2025
LIRS,11,4,4,4,arrivals,0.36363636363636365,0.36363636363636365,reject_trend_ooa,2025
LFTW,11,11,11,11,arrivals,1.0,1.0,reject_trend_ooa,2025
EDMA,11,11,10,10,arrivals,0.9090909090909091,0.9090909090909091,reject_trend_ooa,2025
LTDA,11,0,0,0,arrivals,0.0,0.0,reject_trend_ooa,2025
ENST,11,0,0,0,arrivals,0.0,0.0,reject_trend_ooa,2025
LICB,11,11,10,12,arrivals,0.9090909090909091,1.0909090909090908,reject_trend_ooa,2025
ENBL,11,0,0,0,arrivals,0.0,0.0,reject_trend_ooa,2025
ENSD,11,2,0,0,arrivals,0.0,0.0,reject_trend_ooa,2025
LGIO,10,9,9,9,departures,0.9,0.9,reject_trend_ooa,2025
LFMV,10,9,9,10,departures,0.9,1.0,reject_trend_ooa,2025
EKSB,10,10,10,10,departures,1.0,1.0,reject_trend_ooa,2025
ESNZ,10,8,8,8,departures,0.8,0.8,reject_trend_ooa,2025
LQMO,10,0,0,1,departures,0.0,0.1,reject_trend_ooa,2025
LGIK,10,7,0,0,departures,0.0,0.0,reject_trend_ooa,2025
LIMP,10,10,10,10,departures,1.0,1.0,reject_trend_ooa,2025
EHGG,10,10,10,10,departures,1.0,1.0,reject_trend_ooa,2025
LIPK,10,7,7,7,departures,0.7,0.7,reject_trend_ooa,2025
DAAE,10,1,1,1,departures,0.1,0.1,reject_trend_ooa,2025
LFCR,10,10,10,10,arrivals,1.0,1.0,reject_trend_ooa,2025
LDSB,10,1,0,0,arrivals,0.0,0.0,reject_trend_ooa,2025
LIPK,10,8,8,8,arrivals,0.8,0.8,reject_trend_ooa,2025
DAAE,10,3,3,3,arrivals,0.3,0.3,reject_trend_ooa,2025
EKOD,10,10,10,10,arrivals,1.0,1.0,reject_trend_ooa,2025
EHGG,10,10,10,11,arrivals,1.0,1.1,reject_trend_ooa,2025
LFCR,9,9,9,9,departures,1.0,1.0,reject_trend_ooa,2025
LKPD,9,9,9,13,departures,1.0,1.4444444444444444,reject_trend_ooa,2025
ESKN,9,7,7,7,departures,0.7777777777777778,0.7777777777777778,reject_trend_ooa,2025
LBPD,9,4,4,4,departures,0.4444444444444444,0.4444444444444444,reject_trend_ooa,2025
GMFK,9,3,0,0,departures,0.0,0.0,reject_trend_ooa,2025
LTCO,9,0,0,0,departures,0.0,0.0,reject_trend_ooa,2025
LDSB,9,0,0,0,departures,0.0,0.0,reject_trend_ooa,2025
LTBR,9,9,9,10,departures,1.0,1.1111111111111112,reject_trend_ooa,2025
ENNA,9,8,0,0,departures,0.0,0.0,reject_trend_ooa,2025
LICB,9,9,9,9,departures,1.0,1.0,reject_trend_ooa,2025
EDTY,9,9,9,9,departures,1.0,1.0,reject_trend_ooa,2025
ESTA,9,8,7,7,departures,0.7777777777777778,0.7777777777777778,reject_trend_ooa,2025
ENMS,9,3,0,0,departures,0.0,0.0,reject_trend_ooa,2025
GMMI,9,0,0,0,departures,0.0,0.0,reject_trend_ooa,2025
UUBW,9,0,0,0,arrivals,0.0,0.0,reject_trend_ooa,2025
DAON,9,0,0,0,arrivals,0.0,0.0,reject_trend_ooa,2025
GMMI,9,0,0,0,arrivals,0.0,0.0,reject_trend_ooa,2025
LGIK,9,5,0,0,arrivals,0.0,0.0,reject_trend_ooa,2025
EGNR,9,8,1,1,arrivals,0.1111111111111111,0.1111111111111111,reject_trend_ooa,2025
GMFK,9,0,0,0,arrivals,0.0,0.0,reject_trend_ooa,2025
ENMS,9,0,0,0,arrivals,0.0,0.0,reject_trend_ooa,2025
LTBR,9,7,7,9,arrivals,0.7777777777777778,1.0,reject_trend_ooa,2025
LRBV,9,9,9,9,arrivals,1.0,1.0,reject_trend_ooa,2025
ESNZ,9,7,7,7,arrivals,0.7777777777777778,0.7777777777777778,reject_trend_ooa,2025
EKRK,9,9,9,9,arrivals,1.0,1.0,reject_trend_ooa,2025
LQMO,9,0,0,0,arrivals,0.0,0.0,reject_trend_ooa,2025
ENAN,9,4,0,0,arrivals,0.0,0.0,reject_trend_ooa,2025
URML,9,0,0,0,arrivals,0.0,0.0,reject_trend_ooa,2025
ESKN,9,7,6,7,arrivals,0.6666666666666666,0.7777777777777778,reject_trend_ooa,2025
LTCO,9,1,0,0,arrivals,0.0,0.0,reject_trend_ooa,2025
LSMP,8,8,7,8,departures,0.875,1.0,reject_trend_ooa,2025
LFSL,8,8,8,8,departures,1.0,1.0,reject_trend_ooa,2025
EGPI,8,7,5,5,departures,0.625,0.625,reject_trend_ooa,2025
ESMX,8,6,6,6,departures,0.75,0.75,reject_trend_ooa,2025
EFMA,8,2,2,2,departures,0.25,0.25,reject_trend_ooa,2025
EGPR,8,1,0,0,departures,0.0,0.0,reject_trend_ooa,2025
EDHI,8,8,0,0,departures,0.0,0.0,reject_trend_ooa,2025
ENJS,8,0,0,0,departures,0.0,0.0,reject_trend_ooa,2025
LFOT,8,8,8,8,departures,1.0,1.0,reject_trend_ooa,2025
LEBZ,8,7,7,7,departures,0.875,0.875,reject_trend_ooa,2025
EPSY,8,7,7,8,departures,0.875,1.0,reject_trend_ooa,2025
LQTZ,8,6,6,8,departures,0.75,1.0,reject_trend_ooa,2025
LDOS,8,3,3,3,departures,0.375,0.375,reject_trend_ooa,2025
LFRG,8,8,8,10,departures,1.0,1.25,reject_trend_ooa,2025
BIEG,8,0,0,0,departures,0.0,0.0,reject_trend_ooa,2025
DAON,8,2,2,2,departures,0.25,0.25,reject_trend_ooa,2025
EDLN,8,8,5,5,departures,0.625,0.625,reject_trend_ooa,2025
EFTP,8,5,5,5,departures,0.625,0.625,reject_trend_ooa,2025
UBBG,8,0,0,0,departures,0.0,0.0,reject_trend_ooa,2025
LGST,8,2,0,0,departures,0.0,0.0,reject_trend_ooa,2025
LSMP,8,8,6,8,arrivals,0.75,1.0,reject_trend_ooa,2025
LQTZ,8,1,1,1,arrivals,0.125,0.125,reject_trend_ooa,2025
LFSL,8,4,4,4,arrivals,0.5,0.5,reject_trend_ooa,2025
LDOS,8,4,4,4,arrivals,0.5,0.5,reject_trend_ooa,2025
EGPI,8,0,0,0,arrivals,0.0,0.0,reject_trend_ooa,2025
ESMX,8,3,3,3,arrivals,0.375,0.375,reject_trend_ooa,2025
EBKT,8,8,8,8,arrivals,1.0,1.0,reject_trend_ooa,2025
EFMA,8,2,2,2,arrivals,0.25,0.25,reject_trend_ooa,2025
BIEG,8,0,0,0,arrivals,0.0,0.0,reject_trend_ooa,2025
LKPD,8,8,8,12,arrivals,1.0,1.5,reject_trend_ooa,2025
ESTA,8,4,4,4,arrivals,0.5,0.5,reject_trend_ooa,2025
LFOT,8,8,8,8,arrivals,1.0,1.0,reject_trend_ooa,2025
LFLB,8,8,7,7,arrivals,0.875,0.875,reject_trend_ooa,2025
ENNA,8,7,0,0,arrivals,0.0,0.0,reject_trend_ooa,2025
LGST,8,0,0,0,arrivals,0.0,0.0,reject_trend_ooa,2025
EDRY,7,7,0,0,departures,0.0,0.0,reject_trend_ooa,2025
EDTL,7,7,7,7,departures,1.0,1.0,reject_trend_ooa,2025
ESSL,7,7,6,6,departures,0.8571428571428571,0.8571428571428571,reject_trend_ooa,2025
ENNM,7,4,0,0,departures,0.0,0.0,reject_trend_ooa,2025
LIBF,7,0,0,0,departures,0.0,0.0,reject_trend_ooa,2025
LHDC,7,6,6,7,departures,0.8571428571428571,1.0,reject_trend_ooa,2025
EIDL,7,7,7,7,departures,1.0,1.0,reject_trend_ooa,2025
LTCW,7,0,0,0,departures,0.0,0.0,reject_trend_ooa,2025
BIIS,7,6,0,0,departures,0.0,0.0,reject_trend_ooa,2025
EKOD,7,7,7,7,departures,1.0,1.0,reject_trend_ooa,2025
OITT,7,0,0,0,departures,0.0,0.0,reject_trend_ooa,2025
UUBW,7,1,0,0,departures,0.0,0.0,reject_trend_ooa,2025
ESNQ,7,6,6,6,departures,0.8571428571428571,0.8571428571428571,reject_trend_ooa,2025
EGPL,7,0,0,0,departures,0.0,0.0,reject_trend_ooa,2025
HEBA,7,6,6,6,departures,0.8571428571428571,0.8571428571428571,reject_trend_ooa,2025
ESNQ,7,0,0,0,arrivals,0.0,0.0,reject_trend_ooa,2025
EGPR,7,0,0,0,arrivals,0.0,0.0,reject_trend_ooa,2025
BIIS,7,0,0,0,arrivals,0.0,0.0,reject_trend_ooa,2025
DABB,7,1,0,0,arrivals,0.0,0.0,reject_trend_ooa,2025
EDTL,7,7,5,5,arrivals,0.7142857142857143,0.7142857142857143,reject_trend_ooa,2025
ENJS,7,0,0,0,arrivals,0.0,0.0,reject_trend_ooa,2025
EGPL,7,0,0,0,arrivals,0.0,0.0,reject_trend_ooa,2025
LEBZ,7,6,6,6,arrivals,0.8571428571428571,0.8571428571428571,reject_trend_ooa,2025
LTCW,7,0,0,0,arrivals,0.0,0.0,reject_trend_ooa,2025
EDHI,7,7,0,0,arrivals,0.0,0.0,reject_trend_ooa,2025
EIDL,7,7,7,7,arrivals,1.0,1.0,reject_trend_ooa,2025
OITT,7,0,0,0,arrivals,0.0,0.0,reject_trend_ooa,2025
EDTY,7,7,6,6,arrivals,0.8571428571428571,0.8571428571428571,reject_trend_ooa,2025
LIMP,7,5,5,5,arrivals,0.7142857142857143,0.7142857142857143,reject_trend_ooa,2025
HEAL,6,1,1,1,departures,0.16666666666666666,0.16666666666666666,reject_trend_ooa,2025
ENDU,6,2,2,15,departures,0.3333333333333333,2.5,reject_trend_ooa,2025
EFKE,6,1,0,0,departures,0.0,0.0,reject_trend_ooa,2025
ESOE,6,6,6,6,departures,1.0,1.0,reject_trend_ooa,2025
EFJO,6,6,6,6,departures,1.0,1.0,reject_trend_ooa,2025
URML,6,0,0,0,departures,0.0,0.0,reject_trend_ooa,2025
ENRM,6,5,5,11,departures,0.8333333333333334,1.8333333333333333,reject_trend_ooa,2025
LTCU,6,0,0,0,departures,0.0,0.0,reject_trend_ooa,2025
EGNR,6,6,4,4,departures,0.6666666666666666,0.6666666666666666,reject_trend_ooa,2025
EDVK,6,4,4,4,departures,0.6666666666666666,0.6666666666666666,reject_trend_ooa,2025
EGPU,6,1,0,0,departures,0.0,0.0,reject_trend_ooa,2025
HEMM,6,0,0,0,departures,0.0,0.0,reject_trend_ooa,2025
ESNK,6,0,0,0,departures,0.0,0.0,reject_trend_ooa,2025
EDHL,6,6,6,6,departures,1.0,1.0,reject_trend_ooa,2025
ENSO,6,6,6,6,departures,1.0,1.0,reject_trend_ooa,2025
LPVZ,6,6,0,0,departures,0.0,0.0,reject_trend_ooa,2025
ESKM,6,3,0,0,departures,0.0,0.0,reject_trend_ooa,2025
EHJA,6,3,0,0,departures,0.0,0.0,reject_trend_ooa,2025
ESNL,6,0,0,0,departures,0.0,0.0,reject_trend_ooa,2025
LPPM,6,6,6,7,departures,1.0,1.1666666666666667,reject_trend_ooa,2025
EFIV,6,2,0,0,departures,0.0,0.0,reject_trend_ooa,2025
DABB,6,0,0,0,departures,0.0,0.0,reject_trend_ooa,2025
EDVK,6,4,4,4,arrivals,0.6666666666666666,0.6666666666666666,reject_trend_ooa,2025
EDRY,6,5,0,0,arrivals,0.0,0.0,reject_trend_ooa,2025
EGPU,6,0,0,0,arrivals,0.0,0.0,reject_trend_ooa,2025
LHDC,6,0,0,0,arrivals,0.0,0.0,reject_trend_ooa,2025
ESOE,6,6,6,7,arrivals,1.0,1.1666666666666667,reject_trend_ooa,2025
LFLI,6,6,0,0,arrivals,0.0,0.0,reject_trend_ooa,2025
LFEC,6,0,0,0,arrivals,0.0,0.0,reject_trend_ooa,2025
LIMZ,6,6,6,6,arrivals,1.0,1.0,reject_trend_ooa,2025
EFTP,6,5,5,5,arrivals,0.8333333333333334,0.8333333333333334,reject_trend_ooa,2025
ENLE,6,0,0,0,arrivals,0.0,0.0,reject_trend_ooa,2025
EFIV,6,2,0,0,arrivals,0.0,0.0,reject_trend_ooa,2025
HEAL,6,2,2,2,arrivals,0.3333333333333333,0.3333333333333333,reject_trend_ooa,2025
ENNM,6,4,0,0,arrivals,0.0,0.0,reject_trend_ooa,2025
ESNK,6,0,0,1,arrivals,0.0,0.16666666666666666,reject_trend_ooa,2025
EDHL,6,6,6,6,arrivals,1.0,1.0,reject_trend_ooa,2025
ENSO,6,6,6,6,arrivals,1.0,1.0,reject_trend_ooa,2025
EFJO,6,1,1,1,arrivals,0.16666666666666666,0.16666666666666666,reject_trend_ooa,2025
LWOH,6,0,0,0,arrivals,0.0,0.0,reject_trend_ooa,2025
HEBA,6,5,5,5,arrivals,0.8333333333333334,0.8333333333333334,reject_trend_ooa,2025
ESSL,6,6,6,6,arrivals,1.0,1.0,reject_trend_ooa,2025
LGLE,6,1,0,0,arrivals,0.0,0.0,reject_trend_ooa,2025
ESKM,6,5,2,4,arrivals,0.3333333333333333,0.6666666666666666,reject_trend_ooa,2025
ESNL,6,0,0,0,arrivals,0.0,0.0,reject_trend_ooa,2025
ENRM,6,2,2,5,arrivals,0.3333333333333333,0.8333333333333334,reject_trend_ooa,2025
LTCU,6,0,0,0,arrivals,0.0,0.0,reject_trend_ooa,2025
EEKE,5,5,5,5,departures,1.0,1.0,reject_trend_ooa,2025
LTCM,5,1,0,0,departures,0.0,0.0,reject_trend_ooa,2025
LTCL,5,0,0,0,departures,0.0,0.0,reject_trend_ooa,2025
LGKY,5,4,0,0,departures,0.0,0.0,reject_trend_ooa,2025
ENHE,5,0,0,0,departures,0.0,0.0,reject_trend_ooa,2025
ENFB,5,0,0,0,departures,0.0,0.0,reject_trend_ooa,2025
LGKC,5,0,0,0,departures,0.0,0.0,reject_trend_ooa,2025
ENLE,5,2,0,0,departures,0.0,0.0,reject_trend_ooa,2025
LRTM,5,5,5,6,departures,1.0,1.2,reject_trend_ooa,2025
LGLE,5,1,0,0,departures,0.0,0.0,reject_trend_ooa,2025
EGEC,5,0,0,2,departures,0.0,0.4,reject_trend_ooa,2025
ESGT,5,2,2,2,departures,0.4,0.4,reject_trend_ooa,2025
EFKI,5,4,4,4,departures,0.8,0.8,reject_trend_ooa,2025
ORMM,5,5,5,5,departures,1.0,1.0,reject_trend_ooa,2025
ESNG,5,0,0,0,departures,0.0,0.0,reject_trend_ooa,2025
EFJY,5,5,5,5,departures,1.0,1.0,reject_trend_ooa,2025
EETU,5,5,4,4,departures,0.8,0.8,reject_trend_ooa,2025
EFKK,5,5,5,5,departures,1.0,1.0,reject_trend_ooa,2025
EDAH,5,3,3,3,departures,0.6,0.6,reject_trend_ooa,2025
ESNX,5,0,0,0,departures,0.0,0.0,reject_trend_ooa,2025
LFLB,5,5,5,6,departures,1.0,1.2,reject_trend_ooa,2025
LFEC,5,0,0,0,departures,0.0,0.0,reject_trend_ooa,2025
LTAW,5,0,0,0,departures,0.0,0.0,reject_trend_ooa,2025
LFJL,5,4,4,4,departures,0.8,0.8,reject_trend_ooa,2025
ENRS,5,5,0,0,departures,0.0,0.0,reject_trend_ooa,2025
DAAS,5,0,0,0,departures,0.0,0.0,reject_trend_ooa,2025
EEKA,5,0,0,0,departures,0.0,0.0,reject_trend_ooa,2025
LFLI,5,5,0,0,departures,0.0,0.0,reject_trend_ooa,2025
LWOH,5,1,1,1,departures,0.2,0.2,reject_trend_ooa,2025
LIMZ,5,5,5,5,departures,1.0,1.0,reject_trend_ooa,2025
ESDF,5,5,5,5,departures,1.0,1.0,reject_trend_ooa,2025
GMMZ,5,2,0,0,departures,0.0,0.0,reject_trend_ooa,2025
EPSY,5,2,2,2,arrivals,0.4,0.4,reject_trend_ooa,2025
URMG,5,0,0,0,arrivals,0.0,0.0,reject_trend_ooa,2025
ENDU,5,0,0,0,arrivals,0.0,0.0,reject_trend_ooa,2025
LTCM,5,0,0,0,arrivals,0.0,0.0,reject_trend_ooa,2025
LTCL,5,0,0,0,arrivals,0.0,0.0,reject_trend_ooa,2025
LFRG,5,5,5,5,arrivals,1.0,1.0,reject_trend_ooa,2025
EEKA,5,0,0,1,arrivals,0.0,0.2,reject_trend_ooa,2025
ENHE,5,0,0,0,arrivals,0.0,0.0,reject_trend_ooa,2025
LTAW,5,0,0,0,arrivals,0.0,0.0,reject_trend_ooa,2025
EGVN,5,4,4,4,arrivals,0.8,0.8,reject_trend_ooa,2025
LESA,5,0,0,0,arrivals,0.0,0.0,reject_trend_ooa,2025
LRTM,5,0,0,0,arrivals,0.0,0.0,reject_trend_ooa,2025
EDAH,5,3,3,4,arrivals,0.6,0.8,reject_trend_ooa,2025
LSZS,5,0,0,0,arrivals,0.0,0.0,reject_trend_ooa,2025
EFKI,5,0,0,0,arrivals,0.0,0.0,reject_trend_ooa,2025
HEMM,5,0,0,0,arrivals,0.0,0.0,reject_trend_ooa,2025
ORMM,5,1,1,1,arrivals,0.2,0.2,reject_trend_ooa,2025
EEKE,5,5,5,5,arrivals,1.0,1.0,reject_trend_ooa,2025
DAAS,5,0,0,0,arrivals,0.0,0.0,reject_trend_ooa,2025
LPPM,5,5,5,8,arrivals,1.0,1.6,reject_trend_ooa,2025
ESNG,5,0,0,0,arrivals,0.0,0.0,reject_trend_ooa,2025
GMMZ,5,0,0,0,arrivals,0.0,0.0,reject_trend_ooa,2025
UBBG,5,0,0,0,arrivals,0.0,0.0,reject_trend_ooa,2025
LFJL,5,5,5,5,arrivals,1.0,1.0,reject_trend_ooa,2025
ENOA,5,0,0,0,arrivals,0.0,0.0,reject_trend_ooa,2025
LPVZ,5,5,1,1,arrivals,0.2,0.2,reject_trend_ooa,2025
EGEC,5,0,0,0,arrivals,0.0,0.0,reject_trend_ooa,2025
ENRS,5,0,0,0,arrivals,0.0,0.0,reject_trend_ooa,2025
EKDF,5,0,0,0,arrivals,0.0,0.0,reject_trend_ooa,2025
LGKC,5,0,0,0,arrivals,0.0,0.0,reject_trend_ooa,2025
LGSO,4,3,0,0,departures,0.0,0.0,reject_trend_ooa,2025
LFPN,4,4,0,0,departures,0.0,0.0,reject_trend_ooa,2025
LFOZ,4,4,0,0,departures,0.0,0.0,reject_trend_ooa,2025
UWSG,4,1,1,1,departures,0.25,0.25,reject_trend_ooa,2025
EPRA,4,4,4,4,departures,1.0,1.0,reject_trend_ooa,2025
LZTT,4,4,4,4,departures,1.0,1.0,reject_trend_ooa,2025
ESMT,4,3,3,4,departures,0.75,1.0,reject_trend_ooa,2025
URWW,4,0,0,0,departures,0.0,0.0,reject_trend_ooa,2025
ENSR,4,0,0,28,departures,0.0,7.0,reject_trend_ooa,2025
ESOK,4,1,1,1,departures,0.25,0.25,reject_trend_ooa,2025
EDAZ,4,4,0,0,departures,0.0,0.0,reject_trend_ooa,2025
LFRT,4,4,3,3,departures,0.75,0.75,reject_trend_ooa,2025
LFLW,4,0,0,0,departures,0.0,0.0,reject_trend_ooa,2025
LFRD,4,4,4,4,departures,1.0,1.0,reject_trend_ooa,2025
LTFC,4,0,0,1,departures,0.0,0.25,reject_trend_ooa,2025
ENRO,4,4,4,4,departures,1.0,1.0,reject_trend_ooa,2025
LECU,4,3,3,3,departures,0.75,0.75,reject_trend_ooa,2025
ESOH,4,4,0,0,departures,0.0,0.0,reject_trend_ooa,2025
LSZA,4,4,4,4,departures,1.0,1.0,reject_trend_ooa,2025
LSGL,4,3,0,0,departures,0.0,0.0,reject_trend_ooa,2025
LGBL,4,4,4,5,departures,1.0,1.25,reject_trend_ooa,2025
LTAP,4,0,0,0,departures,0.0,0.0,reject_trend_ooa,2025
LJPZ,4,3,2,2,departures,0.5,0.5,reject_trend_ooa,2025
EDQG,4,4,0,0,departures,0.0,0.0,reject_trend_ooa,2025
ESNV,4,0,0,0,departures,0.0,0.0,reject_trend_ooa,2025
ENGC,4,0,0,0,departures,0.0,0.0,reject_trend_ooa,2025
EKDF,4,0,0,0,departures,0.0,0.0,reject_trend_ooa,2025
ESMQ,4,4,4,5,departures,1.0,1.25,reject_trend_ooa,2025
LESA,4,4,4,4,departures,1.0,1.0,reject_trend_ooa,2025
LESU,4,4,4,4,departures,1.0,1.0,reject_trend_ooa,2025
LFRH,4,4,4,4,departures,1.0,1.0,reject_trend_ooa,2025
EPZG,4,3,3,3,departures,0.75,0.75,reject_trend_ooa,2025
LKCS,4,4,4,4,departures,1.0,1.0,reject_trend_ooa,2025
ESND,4,0,0,0,departures,0.0,0.0,reject_trend_ooa,2025
ESGJ,4,1,1,1,departures,0.25,0.25,reject_trend_ooa,2025
LGKS,4,0,0,0,departures,0.0,0.0,reject_trend_ooa,2025
LFCK,4,4,4,4,departures,1.0,1.0,reject_trend_ooa,2025
LKHK,4,4,0,0,departures,0.0,0.0,reject_trend_ooa,2025
ESSP,4,4,4,4,departures,1.0,1.0,reject_trend_ooa,2025
EFKT,4,1,1,1,departures,0.25,0.25,reject_trend_ooa,2025
LEVD,4,3,3,3,departures,0.75,0.75,reject_trend_ooa,2025
ORKK,4,0,0,0,departures,0.0,0.0,reject_trend_ooa,2025
EDRZ,4,4,0,0,arrivals,0.0,0.0,reject_trend_ooa,2025
UWSG,4,1,1,1,arrivals,0.25,0.25,reject_trend_ooa,2025
LGPL,4,1,0,0,arrivals,0.0,0.0,reject_trend_ooa,2025
URMO,4,0,0,0,arrivals,0.0,0.0,reject_trend_ooa,2025
ENXO,4,0,0,0,arrivals,0.0,0.0,reject_trend_ooa,2025
LEVD,4,0,0,0,arrivals,0.0,0.0,reject_trend_ooa,2025
EHLL,4,0,0,0,arrivals,0.0,0.0,reject_trend_ooa,2025
LFLX,4,0,0,0,arrivals,0.0,0.0,reject_trend_ooa,2025
LKCS,4,4,4,5,arrivals,1.0,1.25,reject_trend_ooa,2025
ENQG,4,0,0,0,arrivals,0.0,0.0,reject_trend_ooa,2025
ESDF,4,1,1,1,arrivals,0.25,0.25,reject_trend_ooa,2025
LGKY,4,3,0,0,arrivals,0.0,0.0,reject_trend_ooa,2025
ENQS,4,0,0,0,arrivals,0.0,0.0,reject_trend_ooa,2025
ENSR,4,0,0,0,arrivals,0.0,0.0,reject_trend_ooa,2025
ENGC,4,0,0,0,arrivals,0.0,0.0,reject_trend_ooa,2025
EDAZ,4,4,0,0,arrivals,0.0,0.0,reject_trend_ooa,2025
LTAS,4,0,0,0,arrivals,0.0,0.0,reject_trend_ooa,2025
ESGJ,4,0,0,0,arrivals,0.0,0.0,reject_trend_ooa,2025
LFCK,4,4,4,4,arrivals,1.0,1.0,reject_trend_ooa,2025
LGSO,4,0,0,0,arrivals,0.0,0.0,reject_trend_ooa,2025
LRBM,4,0,0,0,arrivals,0.0,0.0,reject_trend_ooa,2025
LZTT,4,1,1,1,arrivals,0.25,0.25,reject_trend_ooa,2025
ESOH,4,4,0,0,arrivals,0.0,0.0,reject_trend_ooa,2025
ESOK,4,1,1,1,arrivals,0.25,0.25,reject_trend_ooa,2025
EGNO,4,4,4,4,arrivals,1.0,1.0,reject_trend_ooa,2025
LSGL,4,3,0,0,arrivals,0.0,0.0,reject_trend_ooa,2025
EFJY,4,1,1,1,arrivals,0.25,0.25,reject_trend_ooa,2025
LFRH,4,4,4,4,arrivals,1.0,1.0,reject_trend_ooa,2025
LTAP,4,0,0,0,arrivals,0.0,0.0,reject_trend_ooa,2025
LTFC,4,0,0,0,arrivals,0.0,0.0,reject_trend_ooa,2025
ESNX,4,0,0,0,arrivals,0.0,0.0,reject_trend_ooa,2025
EDQG,4,4,0,0,arrivals,0.0,0.0,reject_trend_ooa,2025
ESNV,4,0,0,0,arrivals,0.0,0.0,reject_trend_ooa,2025
ESND,4,2,0,0,arrivals,0.0,0.0,reject_trend_ooa,2025
LSZA,4,4,4,5,arrivals,1.0,1.25,reject_trend_ooa,2025
EETU,4,2,2,2,arrivals,0.5,0.5,reject_trend_ooa,2025
EFKK,4,4,4,4,arrivals,1.0,1.0,reject_trend_ooa,2025
LGKS,4,0,0,0,arrivals,0.0,0.0,reject_trend_ooa,2025
LKHK,4,4,0,0,arrivals,0.0,0.0,reject_trend_ooa,2025
ESSP,4,4,3,3,arrivals,0.75,0.75,reject_trend_ooa,2025
LDLO,4,1,0,0,arrivals,0.0,0.0,reject_trend_ooa,2025
LGBL,4,1,1,1,arrivals,0.25,0.25,reject_trend_ooa,2025
ESGT,4,1,1,1,arrivals,0.25,0.25,reject_trend_ooa,2025
EFKE,4,0,0,0,arrivals,0.0,0.0,reject_trend_ooa,2025
LZPP,4,4,3,3,arrivals,0.75,0.75,reject_trend_ooa,2025
EFKT,4,1,1,1,arrivals,0.25,0.25,reject_trend_ooa,2025
LFLW,4,0,0,0,arrivals,0.0,0.0,reject_trend_ooa,2025
BIBD,3,3,1,1,departures,0.3333333333333333,0.3333333333333333,reject_trend_ooa,2025
ENQO,3,0,0,0,departures,0.0,0.0,reject_trend_ooa,2025
EGLK,3,3,3,3,departures,1.0,1.0,reject_trend_ooa,2025
ENWS,3,0,0,0,departures,0.0,0.0,reject_trend_ooa,2025
LRBM,3,1,0,0,departures,0.0,0.0,reject_trend_ooa,2025
EGMD,3,3,2,2,departures,0.6666666666666666,0.6666666666666666,reject_trend_ooa,2025
ETAR,3,3,3,3,departures,1.0,1.0,reject_trend_ooa,2025
ENXO,3,1,0,0,departures,0.0,0.0,reject_trend_ooa,2025
LELN,3,3,3,3,departures,1.0,1.0,reject_trend_ooa,2025
LFLS,3,3,3,3,departures,1.0,1.0,reject_trend_ooa,2025
OJAM,3,0,0,2,departures,0.0,0.6666666666666666,reject_trend_ooa,2025
ENOC,3,0,0,0,departures,0.0,0.0,reject_trend_ooa,2025
LTBH,3,3,3,3,departures,1.0,1.0,reject_trend_ooa,2025
UDSG,3,0,0,0,departures,0.0,0.0,reject_trend_ooa,2025
ENWY,3,0,0,0,departures,0.0,0.0,reject_trend_ooa,2025
LTAL,3,0,0,0,departures,0.0,0.0,reject_trend_ooa,2025
EGNH,3,3,3,3,departures,1.0,1.0,reject_trend_ooa,2025
LGSY,3,0,0,0,departures,0.0,0.0,reject_trend_ooa,2025
URMG,3,1,0,0,departures,0.0,0.0,reject_trend_ooa,2025
EDGS,3,3,3,3,departures,1.0,1.0,reject_trend_ooa,2025
LPBJ,3,2,2,2,departures,0.6666666666666666,0.6666666666666666,reject_trend_ooa,2025
ENOL,3,1,1,1,departures,0.3333333333333333,0.3333333333333333,reject_trend_ooa,2025
ENSE,3,0,0,0,departures,0.0,0.0,reject_trend_ooa,2025
BIHN,3,0,0,0,departures,0.0,0.0,reject_trend_ooa,2025
GMMB,3,1,0,0,departures,0.0,0.0,reject_trend_ooa,2025
ESOW,3,3,3,3,departures,1.0,1.0,reject_trend_ooa,2025
LTAS,3,0,0,0,departures,0.0,0.0,reject_trend_ooa,2025
LFHP,3,0,0,0,departures,0.0,0.0,reject_trend_ooa,2025
LFBI,3,3,3,3,departures,1.0,1.0,reject_trend_ooa,2025
URMO,3,0,0,0,departures,0.0,0.0,reject_trend_ooa,2025
EDTM,3,3,3,3,departures,1.0,1.0,reject_trend_ooa,2025
DTTX,3,0,0,0,departures,0.0,0.0,reject_trend_ooa,2025
EFKS,3,0,0,0,departures,0.0,0.0,reject_trend_ooa,2025
ENOA,3,0,0,0,departures,0.0,0.0,reject_trend_ooa,2025
ENSL,3,0,0,0,departures,0.0,0.0,reject_trend_ooa,2025
ESNO,3,1,1,1,departures,0.3333333333333333,0.3333333333333333,reject_trend_ooa,2025
ENQA,3,2,0,0,departures,0.0,0.0,reject_trend_ooa,2025
LSZS,3,3,3,3,departures,1.0,1.0,reject_trend_ooa,2025
ESNN,3,3,3,3,departures,1.0,1.0,reject_trend_ooa,2025
LDLO,3,1,0,0,departures,0.0,0.0,reject_trend_ooa,2025
LRCK,3,3,2,2,departures,0.6666666666666666,0.6666666666666666,reject_trend_ooa,2025
EGNO,3,3,3,3,departures,1.0,1.0,reject_trend_ooa,2025
ENWV,3,0,0,0,departures,0.0,0.0,reject_trend_ooa,2025
GMTA,3,3,3,3,departures,1.0,1.0,reject_trend_ooa,2025
EKHA,3,0,0,0,departures,0.0,0.0,reject_trend_ooa,2025
LSZC,3,3,0,0,departures,0.0,0.0,reject_trend_ooa,2025
OSDI,3,0,0,0,departures,0.0,0.0,reject_trend_ooa,2025
ESUP,3,0,0,0,departures,0.0,0.0,reject_trend_ooa,2025
LFAT,3,2,2,2,departures,0.6666666666666666,0.6666666666666666,reject_trend_ooa,2025
BIBD,3,0,0,0,arrivals,0.0,0.0,reject_trend_ooa,2025
ULAA,3,0,0,0,arrivals,0.0,0.0,reject_trend_ooa,2025
LFLU,3,3,3,3,arrivals,1.0,1.0,reject_trend_ooa,2025
ENWS,3,0,0,0,arrivals,0.0,0.0,reject_trend_ooa,2025
LFMQ,3,3,0,0,arrivals,0.0,0.0,reject_trend_ooa,2025
OSDI,3,0,0,0,arrivals,0.0,0.0,reject_trend_ooa,2025
LELN,3,3,3,3,arrivals,1.0,1.0,reject_trend_ooa,2025
ESUP,3,0,0,0,arrivals,0.0,0.0,reject_trend_ooa,2025
GMTA,3,3,3,3,arrivals,1.0,1.0,reject_trend_ooa,2025
EDTM,3,3,3,3,arrivals,1.0,1.0,reject_trend_ooa,2025
LECU,3,3,0,0,arrivals,0.0,0.0,reject_trend_ooa,2025
ESMT,3,3,2,2,arrivals,0.6666666666666666,0.6666666666666666,reject_trend_ooa,2025
ENOC,3,2,0,0,arrivals,0.0,0.0,reject_trend_ooa,2025
UDSG,3,0,0,0,arrivals,0.0,0.0,reject_trend_ooa,2025
ENWY,3,0,0,0,arrivals,0.0,0.0,reject_trend_ooa,2025
LFHP,3,0,0,0,arrivals,0.0,0.0,reject_trend_ooa,2025
EGNH,3,3,3,3,arrivals,1.0,1.0,reject_trend_ooa,2025
LFBI,3,2,2,2,arrivals,0.6666666666666666,0.6666666666666666,reject_trend_ooa,2025
EPRA,3,3,3,3,arrivals,1.0,1.0,reject_trend_ooa,2025
LFOH,3,3,2,2,arrivals,0.6666666666666666,0.6666666666666666,reject_trend_ooa,2025
OJAM,3,0,0,0,arrivals,0.0,0.0,reject_trend_ooa,2025
DTTX,3,0,0,0,arrivals,0.0,0.0,reject_trend_ooa,2025
EFKS,3,0,0,0,arrivals,0.0,0.0,reject_trend_ooa,2025
GMMB,3,0,0,0,arrivals,0.0,0.0,reject_trend_ooa,2025
ESOW,3,3,3,3,arrivals,1.0,1.0,reject_trend_ooa,2025
LTAL,3,0,0,0,arrivals,0.0,0.0,reject_trend_ooa,2025
EPZG,3,3,3,3,arrivals,1.0,1.0,reject_trend_ooa,2025
LGSY,3,0,0,0,arrivals,0.0,0.0,reject_trend_ooa,2025
LFOZ,3,2,0,0,arrivals,0.0,0.0,reject_trend_ooa,2025
EHJA,3,0,0,0,arrivals,0.0,0.0,reject_trend_ooa,2025
ESUT,3,0,0,0,arrivals,0.0,0.0,reject_trend_ooa,2025
ENFB,3,0,0,0,arrivals,0.0,0.0,reject_trend_ooa,2025
ESMQ,3,3,3,3,arrivals,1.0,1.0,reject_trend_ooa,2025
LTBH,3,0,0,0,arrivals,0.0,0.0,reject_trend_ooa,2025
ENSL,3,0,0,0,arrivals,0.0,0.0,reject_trend_ooa,2025
ESNO,3,0,0,0,arrivals,0.0,0.0,reject_trend_ooa,2025
ENQA,3,2,0,0,arrivals,0.0,0.0,reject_trend_ooa,2025
LFRC,3,3,2,2,arrivals,0.6666666666666666,0.6666666666666666,reject_trend_ooa,2025
ENRO,3,0,0,0,arrivals,0.0,0.0,reject_trend_ooa,2025
EKHA,3,0,0,0,arrivals,0.0,0.0,reject_trend_ooa,2025
URWW,3,0,0,0,arrivals,0.0,0.0,reject_trend_ooa,2025
BIHN,3,0,0,0,arrivals,0.0,0.0,reject_trend_ooa,2025
EDGS,3,3,3,3,arrivals,1.0,1.0,reject_trend_ooa,2025
ENWV,3,0,0,0,arrivals,0.0,0.0,reject_trend_ooa,2025
LFLS,3,3,3,4,arrivals,1.0,1.3333333333333333,reject_trend_ooa,2025
EHFB,3,0,0,0,arrivals,0.0,0.0,reject_trend_ooa,2025
LFRD,3,3,3,4,arrivals,1.0,1.3333333333333333,reject_trend_ooa,2025
ENQV,2,0,0,0,departures,0.0,0.0,reject_trend_ooa,2025
EHKJ,2,1,0,0,departures,0.0,0.0,reject_trend_ooa,2025
EGBJ,2,2,2,2,departures,1.0,1.0,reject_trend_ooa,2025
LSGK,2,2,0,0,departures,0.0,0.0,reject_trend_ooa,2025
EGPC,2,0,0,12,departures,0.0,6.0,reject_trend_ooa,2025
LSGC,2,2,2,2,departures,1.0,1.0,reject_trend_ooa,2025
ENQS,2,0,0,0,departures,0.0,0.0,reject_trend_ooa,2025
ENXW,2,1,0,0,departures,0.0,0.0,reject_trend_ooa,2025
LTBY,2,1,1,1,departures,0.5,0.5,reject_trend_ooa,2025
ENWA,2,1,0,0,departures,0.0,0.0,reject_trend_ooa,2025
LEGT,2,2,2,2,departures,1.0,1.0,reject_trend_ooa,2025
LDRG,2,1,0,0,departures,0.0,0.0,reject_trend_ooa,2025
GMMD,2,0,0,0,departures,0.0,0.0,reject_trend_ooa,2025
LFRV,2,2,2,2,departures,1.0,1.0,reject_trend_ooa,2025
LJMB,2,2,1,2,departures,0.5,1.0,reject_trend_ooa,2025
EHPK,2,2,0,0,departures,0.0,0.0,reject_trend_ooa,2025
LFLU,2,2,2,2,departures,1.0,1.0,reject_trend_ooa,2025
LTAG,2,0,0,0,departures,0.0,0.0,reject_trend_ooa,2025
LFRC,2,2,2,2,departures,1.0,1.0,reject_trend_ooa,2025
EGFE,2,2,2,2,departures,1.0,1.0,reject_trend_ooa,2025
ENQC,2,1,0,0,departures,0.0,0.0,reject_trend_ooa,2025
LFOK,2,2,2,2,departures,1.0,1.0,reject_trend_ooa,2025
EGVN,2,2,2,2,departures,1.0,1.0,reject_trend_ooa,2025
EDXQ,2,2,0,0,departures,0.0,0.0,reject_trend_ooa,2025
LFPT,2,2,2,3,departures,1.0,1.5,reject_trend_ooa,2025
OENN,2,0,0,0,departures,0.0,0.0,reject_trend_ooa,2025
ENUA,2,0,0,0,departures,0.0,0.0,reject_trend_ooa,2025
LFQG,2,2,1,1,departures,0.5,0.5,reject_trend_ooa,2025
LFMQ,2,2,2,2,departures,1.0,1.0,reject_trend_ooa,2025
EHLL,2,1,0,0,departures,0.0,0.0,reject_trend_ooa,2025
ENNE,2,0,0,0,departures,0.0,0.0,reject_trend_ooa,2025
ORNI,2,0,0,0,departures,0.0,0.0,reject_trend_ooa,2025
LEAB,2,2,2,2,departures,1.0,1.0,reject_trend_ooa,2025
LFGA,2,1,1,1,departures,0.5,0.5,reject_trend_ooa,2025
EGNL,2,2,2,3,departures,1.0,1.5,reject_trend_ooa,2025
LTBZ,2,2,0,0,departures,0.0,0.0,reject_trend_ooa,2025
BIVO,2,0,0,0,departures,0.0,0.0,reject_trend_ooa,2025
LSTS,2,2,0,0,departures,0.0,0.0,reject_trend_ooa,2025
GMAT,2,1,0,0,departures,0.0,0.0,reject_trend_ooa,2025
BITN,2,0,0,0,departures,0.0,0.0,reject_trend_ooa,2025
LFLX,2,2,2,2,departures,1.0,1.0,reject_trend_ooa,2025
LKKV,2,2,2,2,departures,1.0,1.0,reject_trend_ooa,2025
LFAC,2,2,2,2,departures,1.0,1.0,reject_trend_ooa,2025
ENQJ,2,1,0,0,departures,0.0,0.0,reject_trend_ooa,2025
ESUT,2,0,0,0,departures,0.0,0.0,reject_trend_ooa,2025
EHGQ,2,1,0,0,departures,0.0,0.0,reject_trend_ooa,2025
LFOH,2,2,0,0,departures,0.0,0.0,reject_trend_ooa,2025
DAUB,2,0,0,0,departures,0.0,0.0,reject_trend_ooa,2025
ENQE,2,1,0,0,departures,0.0,0.0,reject_trend_ooa,2025
LTBU,2,2,2,2,departures,1.0,1.0,reject_trend_ooa,2025
LGKJ,2,0,0,0,departures,0.0,0.0,reject_trend_ooa,2025
ENQD,2,0,0,0,departures,0.0,0.0,reject_trend_ooa,2025
LGPL,2,0,0,0,departures,0.0,0.0,reject_trend_ooa,2025
LEDA,2,1,1,1,departures,0.5,0.5,reject_trend_ooa,2025
ETND,2,2,2,2,departures,1.0,1.0,reject_trend_ooa,2025
LIBG,2,0,0,0,departures,0.0,0.0,reject_trend_ooa,2025
EHFB,2,0,0,0,departures,0.0,0.0,reject_trend_ooa,2025
LRSM,2,1,1,1,departures,0.5,0.5,reject_trend_ooa,2025
ULAA,2,0,0,0,departures,0.0,0.0,reject_trend_ooa,2025
ENGA,2,0,0,0,departures,0.0,0.0,reject_trend_ooa,2025
DAOI,2,1,1,1,departures,0.5,0.5,reject_trend_ooa,2025
ESST,2,2,2,5,departures,1.0,2.5,reject_trend_ooa,2025
EIWF,2,2,1,1,departures,0.5,0.5,reject_trend_ooa,2025
HLMS,2,0,0,0,departures,0.0,0.0,reject_trend_ooa,2025
LZPP,2,2,2,2,departures,1.0,1.0,reject_trend_ooa,2025
ENQO,2,0,0,0,arrivals,0.0,0.0,reject_trend_ooa,2025
EGLK,2,2,1,1,arrivals,0.5,0.5,reject_trend_ooa,2025
LTAG,2,0,0,0,arrivals,0.0,0.0,reject_trend_ooa,2025
LTBU,2,1,1,10,arrivals,0.5,5.0,reject_trend_ooa,2025
ENQV,2,0,0,0,arrivals,0.0,0.0,reject_trend_ooa,2025
LSGK,2,2,0,0,arrivals,0.0,0.0,reject_trend_ooa,2025
EDMS,2,1,0,0,arrivals,0.0,0.0,reject_trend_ooa,2025
ENWE,2,0,0,0,arrivals,0.0,0.0,reject_trend_ooa,2025
ORNI,2,0,0,0,arrivals,0.0,0.0,reject_trend_ooa,2025
DAOI,2,1,1,1,arrivals,0.5,0.5,reject_trend_ooa,2025
ENXW,2,0,0,0,arrivals,0.0,0.0,reject_trend_ooa,2025
LEAB,2,2,2,2,arrivals,1.0,1.0,reject_trend_ooa,2025
ENWA,2,1,0,0,arrivals,0.0,0.0,reject_trend_ooa,2025
LKKV,2,1,1,1,arrivals,0.5,0.5,reject_trend_ooa,2025
LEGT,2,2,1,1,arrivals,0.5,0.5,reject_trend_ooa,2025
EBMB,2,2,0,0,arrivals,0.0,0.0,reject_trend_ooa,2025
LJMB,2,1,1,2,arrivals,0.5,1.0,reject_trend_ooa,2025
EGMD,2,2,2,2,arrivals,1.0,1.0,reject_trend_ooa,2025
LSGC,2,2,2,2,arrivals,1.0,1.0,reject_trend_ooa,2025
DAUB,2,0,0,0,arrivals,0.0,0.0,reject_trend_ooa,2025
EHKV,2,1,0,0,arrivals,0.0,0.0,reject_trend_ooa,2025
LFPT,2,2,2,2,arrivals,1.0,1.0,reject_trend_ooa,2025
EHPG,2,2,0,0,arrivals,0.0,0.0,reject_trend_ooa,2025
EKHB,2,0,0,0,arrivals,0.0,0.0,reject_trend_ooa,2025
ESST,2,1,1,4,arrivals,0.5,2.0,reject_trend_ooa,2025
ENQR,2,0,0,0,arrivals,0.0,0.0,reject_trend_ooa,2025
DTTZ,2,0,0,0,arrivals,0.0,0.0,reject_trend_ooa,2025
LFQG,2,0,0,0,arrivals,0.0,0.0,reject_trend_ooa,2025
LTBZ,2,0,0,0,arrivals,0.0,0.0,reject_trend_ooa,2025
LFOK,2,0,0,0,arrivals,0.0,0.0,reject_trend_ooa,2025
ESNN,2,1,1,1,arrivals,0.5,0.5,reject_trend_ooa,2025
ENNE,2,0,0,0,arrivals,0.0,0.0,reject_trend_ooa,2025
LEDA,2,0,0,0,arrivals,0.0,0.0,reject_trend_ooa,2025
ETND,2,2,2,2,arrivals,1.0,1.0,reject_trend_ooa,2025
ENSE,2,0,0,0,arrivals,0.0,0.0,reject_trend_ooa,2025
LFRT,2,2,0,0,arrivals,0.0,0.0,reject_trend_ooa,2025
EDLN,2,2,0,0,arrivals,0.0,0.0,reject_trend_ooa,2025
GMMD,2,0,0,0,arrivals,0.0,0.0,reject_trend_ooa,2025
EGNL,2,2,1,1,arrivals,0.5,0.5,reject_trend_ooa,2025
LFRV,2,2,2,2,arrivals,1.0,1.0,reject_trend_ooa,2025
HLMS,2,1,0,0,arrivals,0.0,0.0,reject_trend_ooa,2025
EHJR,2,0,0,0,arrivals,0.0,0.0,reject_trend_ooa,2025
BIVO,2,0,0,0,arrivals,0.0,0.0,reject_trend_ooa,2025
OJAQ,2,0,0,0,arrivals,0.0,0.0,reject_trend_ooa,2025
GMAT,2,1,0,0,arrivals,0.0,0.0,reject_trend_ooa,2025
BITN,2,0,0,0,arrivals,0.0,0.0,reject_trend_ooa,2025
LFSN,2,2,0,0,arrivals,0.0,0.0,reject_trend_ooa,2025
LFJR,2,2,2,2,arrivals,1.0,1.0,reject_trend_ooa,2025
LRCK,2,0,0,0,arrivals,0.0,0.0,reject_trend_ooa,2025
LOAN,2,2,1,1,arrivals,0.5,0.5,reject_trend_ooa,2025
OENN,2,0,0,0,arrivals,0.0,0.0,reject_trend_ooa,2025
ENUA,2,0,0,0,arrivals,0.0,0.0,reject_trend_ooa,2025
ENQE,2,0,0,0,arrivals,0.0,0.0,reject_trend_ooa,2025
ENUD,2,0,0,0,arrivals,0.0,0.0,reject_trend_ooa,2025
ENQJ,2,0,0,0,arrivals,0.0,0.0,reject_trend_ooa,2025
EHKJ,2,0,0,0,arrivals,0.0,0.0,reject_trend_ooa,2025
LTBY,2,0,0,0,arrivals,0.0,0.0,reject_trend_ooa,2025
LIBG,2,0,0,0,arrivals,0.0,0.0,reject_trend_ooa,2025
LESU,2,0,0,0,arrivals,0.0,0.0,reject_trend_ooa,2025
ORKK,2,0,0,0,arrivals,0.0,0.0,reject_trend_ooa,2025
ENQD,2,0,0,0,arrivals,0.0,0.0,reject_trend_ooa,2025
EGBJ,2,2,2,2,arrivals,1.0,1.0,reject_trend_ooa,2025
EGPC,2,0,0,0,arrivals,0.0,0.0,reject_trend_ooa,2025
EDFZ,2,2,1,1,arrivals,0.5,0.5,reject_trend_ooa,2025
LFAC,2,2,1,1,arrivals,0.5,0.5,reject_trend_ooa,2025
LFAT,2,2,1,1,arrivals,0.5,0.5,reject_trend_ooa,2025
ENRK,1,1,0,0,departures,0.0,0.0,reject_trend_ooa,2025
ULPB,1,0,0,0,departures,0.0,0.0,reject_trend_ooa,2025
EYSA,1,1,1,1,departures,1.0,1.0,reject_trend_ooa,2025
EDMS,1,1,0,0,departures,0.0,0.0,reject_trend_ooa,2025
ENWE,1,0,0,0,departures,0.0,0.0,reject_trend_ooa,2025
ENQG,1,0,0,0,departures,0.0,0.0,reject_trend_ooa,2025
UMII,1,0,0,0,departures,0.0,0.0,reject_trend_ooa,2025
LOIH,1,1,0,0,departures,0.0,0.0,reject_trend_ooa,2025
ENQK,1,0,0,0,departures,0.0,0.0,reject_trend_ooa,2025
LFAQ,1,1,0,0,departures,0.0,0.0,reject_trend_ooa,2025
LFRO,1,1,1,1,departures,1.0,1.0,reject_trend_ooa,2025
LFRI,1,1,1,1,departures,1.0,1.0,reject_trend_ooa,2025
LKKU,1,1,1,1,departures,1.0,1.0,reject_trend_ooa,2025
LFCI,1,1,1,1,departures,1.0,1.0,reject_trend_ooa,2025
EIWT,1,1,0,0,departures,0.0,0.0,reject_trend_ooa,2025
EGHL,1,1,1,1,departures,1.0,1.0,reject_trend_ooa,2025
DTTZ,1,0,0,0,departures,0.0,0.0,reject_trend_ooa,2025
EFLP,1,0,0,0,departures,0.0,0.0,reject_trend_ooa,2025
EBCV,1,1,1,1,departures,1.0,1.0,reject_trend_ooa,2025
ENSF,1,0,0,0,departures,0.0,0.0,reject_trend_ooa,2025
UGSA,1,0,0,0,departures,0.0,0.0,reject_trend_ooa,2025
EDQM,1,1,1,1,departures,1.0,1.0,reject_trend_ooa,2025
URWA,1,0,0,0,departures,0.0,0.0,reject_trend_ooa,2025
EHKV,1,1,0,0,departures,0.0,0.0,reject_trend_ooa,2025
LFLA,1,1,1,1,departures,1.0,1.0,reject_trend_ooa,2025
LFGF,1,1,0,0,departures,0.0,0.0,reject_trend_ooa,2025
ULMM,1,0,0,0,departures,0.0,0.0,reject_trend_ooa,2025
EKGC,1,1,0,0,departures,0.0,0.0,reject_trend_ooa,2025
ENWK,1,0,0,0,departures,0.0,0.0,reject_trend_ooa,2025
USKK,1,0,0,0,departures,0.0,0.0,reject_trend_ooa,2025
UWPS,1,0,0,0,departures,0.0,0.0,reject_trend_ooa,2025
EGEO,1,1,0,0,departures,0.0,0.0,reject_trend_ooa,2025
EHPG,1,1,0,0,departures,0.0,0.0,reject_trend_ooa,2025
EGUB,1,1,1,1,departures,1.0,1.0,reject_trend_ooa,2025
ENLA,1,1,0,0,departures,0.0,0.0,reject_trend_ooa,2025
LFBF,1,1,0,0,departures,0.0,0.0,reject_trend_ooa,2025
EHTW,1,1,1,1,departures,1.0,1.0,reject_trend_ooa,2025
DABT,1,0,0,0,departures,0.0,0.0,reject_trend_ooa,2025
LGTG,1,1,1,1,departures,1.0,1.0,reject_trend_ooa,2025
LFLH,1,1,0,0,departures,0.0,0.0,reject_trend_ooa,2025
EHKS,1,1,0,0,departures,0.0,0.0,reject_trend_ooa,2025
ESMK,1,1,1,1,departures,1.0,1.0,reject_trend_ooa,2025
EDWF,1,1,0,0,departures,0.0,0.0,reject_trend_ooa,2025
ULWC,1,0,0,0,departures,0.0,0.0,reject_trend_ooa,2025
EHJC,1,1,0,0,departures,0.0,0.0,reject_trend_ooa,2025
ENWI,1,0,0,0,departures,0.0,0.0,reject_trend_ooa,2025
LKRO,1,1,0,0,departures,0.0,0.0,reject_trend_ooa,2025
EGSC,1,1,1,1,departures,1.0,1.0,reject_trend_ooa,2025
ENDR,1,0,0,0,departures,0.0,0.0,reject_trend_ooa,2025
LFCH,1,1,1,1,departures,1.0,1.0,reject_trend_ooa,2025
DAUH,1,0,0,0,departures,0.0,0.0,reject_trend_ooa,2025
EDRZ,1,1,0,0,departures,0.0,0.0,reject_trend_ooa,2025
EBSP,1,1,0,0,departures,0.0,0.0,reject_trend_ooa,2025
LKMH,1,1,0,0,departures,0.0,0.0,reject_trend_ooa,2025
EHJR,1,1,0,0,departures,0.0,0.0,reject_trend_ooa,2025
LEBA,1,1,1,1,departures,1.0,1.0,reject_trend_ooa,2025
LFJR,1,1,1,1,departures,1.0,1.0,reject_trend_ooa,2025
EDFZ,1,1,1,2,departures,1.0,2.0,reject_trend_ooa,2025
UBBF,1,0,0,0,departures,0.0,0.0,reject_trend_ooa,2025
LGKA,1,1,0,0,departures,0.0,0.0,reject_trend_ooa,2025
EPCD,1,1,0,0,departures,0.0,0.0,reject_trend_ooa,2025
BIGJ,1,1,0,0,departures,0.0,0.0,reject_trend_ooa,2025
UBBL,1,0,0,0,departures,0.0,0.0,reject_trend_ooa,2025
ENUD,1,0,0,0,departures,0.0,0.0,reject_trend_ooa,2025
EPPW,1,0,0,0,departures,0.0,0.0,reject_trend_ooa,2025
EPBC,1,0,0,0,departures,0.0,0.0,reject_trend_ooa,2025
EPWK,1,0,0,0,departures,0.0,0.0,reject_trend_ooa,2025
ENQL,1,0,0,0,departures,0.0,0.0,reject_trend_ooa,2025
LYKV,1,0,0,4,departures,0.0,4.0,reject_trend_ooa,2025
LIMG,1,1,1,1,departures,1.0,1.0,reject_trend_ooa,2025
LRAR,1,1,1,6,departures,1.0,6.0,reject_trend_ooa,2025
EDBC,1,1,0,0,departures,0.0,0.0,reject_trend_ooa,2025
ENQM,1,0,0,0,departures,0.0,0.0,reject_trend_ooa,2025
EDFE,1,1,0,0,departures,0.0,0.0,reject_trend_ooa,2025
LKPM,1,1,0,0,departures,0.0,0.0,reject_trend_ooa,2025
LFSG,1,1,1,1,departures,1.0,1.0,reject_trend_ooa,2025
ENBE,1,0,0,0,departures,0.0,0.0,reject_trend_ooa,2025
DAAV,1,0,0,0,departures,0.0,0.0,reject_trend_ooa,2025
EKSI,1,0,0,0,departures,0.0,0.0,reject_trend_ooa,2025
EDTF,1,1,0,0,departures,0.0,0.0,reject_trend_ooa,2025
EKHB,1,0,0,0,departures,0.0,0.0,reject_trend_ooa,2025
ENUN,1,0,0,0,departures,0.0,0.0,reject_trend_ooa,2025
LFMH,1,1,1,1,departures,1.0,1.0,reject_trend_ooa,2025
GMAZ,1,1,0,0,departures,0.0,0.0,reject_trend_ooa,2025
LOLW,1,1,0,0,departures,0.0,0.0,reject_trend_ooa,2025
LKJI,1,1,0,0,departures,0.0,0.0,reject_trend_ooa,2025
EHAK,1,0,0,0,departures,0.0,0.0,reject_trend_ooa,2025
EDBM,1,1,0,0,departures,0.0,0.0,reject_trend_ooa,2025
OJAQ,1,0,0,0,departures,0.0,0.0,reject_trend_ooa,2025
ENRY,1,1,1,2,departures,1.0,2.0,reject_trend_ooa,2025
EHFD,1,0,0,0,departures,0.0,0.0,reject_trend_ooa,2025
DAUG,1,0,0,0,departures,0.0,0.0,reject_trend_ooa,2025
ENQR,1,0,0,0,departures,0.0,0.0,reject_trend_ooa,2025
LFOP,1,0,0,0,departures,0.0,0.0,reject_trend_ooa,2025
ENUE,1,0,0,0,departures,0.0,0.0,reject_trend_ooa,2025
EKTE,1,1,0,0,departures,0.0,0.0,reject_trend_ooa,2025
ENUS,1,0,0,0,departures,0.0,0.0,reject_trend_ooa,2025
LPEV,1,1,1,1,departures,1.0,1.0,reject_trend_ooa,2025
OIGG,1,0,0,0,departures,0.0,0.0,reject_trend_ooa,2025
LIRJ,1,0,0,0,departures,0.0,0.0,reject_trend_ooa,2025
EHQM,1,1,0,0,departures,0.0,0.0,reject_trend_ooa,2025
UUBI,1,0,0,0,departures,0.0,0.0,reject_trend_ooa,2025
EGBK,1,1,0,0,departures,0.0,0.0,reject_trend_ooa,2025
EHGN,1,0,0,0,departures,0.0,0.0,reject_trend_ooa,2025
LSZG,1,1,1,2,departures,1.0,2.0,reject_trend_ooa,2025
EDTD,1,1,1,1,departures,1.0,1.0,reject_trend_ooa,2025
LFHS,1,1,0,0,departures,0.0,0.0,reject_trend_ooa,2025
EDMV,1,0,0,0,departures,0.0,0.0,reject_trend_ooa,2025
EDAY,1,1,0,0,departures,0.0,0.0,reject_trend_ooa,2025
EGOV,1,1,1,1,departures,1.0,1.0,reject_trend_ooa,2025
LFLD,1,1,1,1,departures,1.0,1.0,reject_trend_ooa,2025
LFBA,1,1,1,1,departures,1.0,1.0,reject_trend_ooa,2025
ENQB,1,1,0,0,departures,0.0,0.0,reject_trend_ooa,2025
LCRA,1,1,1,2,departures,1.0,2.0,reject_trend_ooa,2025
UUBC,1,0,0,0,departures,0.0,0.0,reject_trend_ooa,2025
EHLE,1,1,1,1,departures,1.0,1.0,reject_trend_ooa,2025
ENUK,1,0,0,0,departures,0.0,0.0,reject_trend_ooa,2025
EBMB,1,1,0,0,departures,0.0,0.0,reject_trend_ooa,2025
LGKZ,1,1,1,2,departures,1.0,2.0,reject_trend_ooa,2025
LHPR,1,1,1,1,departures,1.0,1.0,reject_trend_ooa,2025
LFLO,1,1,1,1,departures,1.0,1.0,reject_trend_ooa,2025
ENRK,1,1,0,0,arrivals,0.0,0.0,reject_trend_ooa,2025
ULPB,1,0,0,0,arrivals,0.0,0.0,reject_trend_ooa,2025
LEBA,1,1,1,1,arrivals,1.0,1.0,reject_trend_ooa,2025
LFLD,1,0,0,0,arrivals,0.0,0.0,reject_trend_ooa,2025
UMII,1,0,0,0,arrivals,0.0,0.0,reject_trend_ooa,2025
OIGG,1,0,0,0,arrivals,0.0,0.0,reject_trend_ooa,2025
LFRO,1,1,1,1,arrivals,1.0,1.0,reject_trend_ooa,2025
EGTF,1,1,0,0,arrivals,0.0,0.0,reject_trend_ooa,2025
USKK,1,0,0,0,arrivals,0.0,0.0,reject_trend_ooa,2025
UWPS,1,0,0,0,arrivals,0.0,0.0,reject_trend_ooa,2025
EKAR,1,0,0,0,arrivals,0.0,0.0,reject_trend_ooa,2025
UUBI,1,0,0,0,arrivals,0.0,0.0,reject_trend_ooa,2025
LKRO,1,1,0,0,arrivals,0.0,0.0,reject_trend_ooa,2025
EHKE,1,0,0,0,arrivals,0.0,0.0,reject_trend_ooa,2025
DAUH,1,0,0,0,arrivals,0.0,0.0,reject_trend_ooa,2025
EBCV,1,1,1,1,arrivals,1.0,1.0,reject_trend_ooa,2025
EHFT,1,0,0,0,arrivals,0.0,0.0,reject_trend_ooa,2025
LIMG,1,1,1,1,arrivals,1.0,1.0,reject_trend_ooa,2025
EDBM,1,1,0,0,arrivals,0.0,0.0,reject_trend_ooa,2025
URWA,1,0,0,0,arrivals,0.0,0.0,reject_trend_ooa,2025
EDBC,1,1,0,0,arrivals,0.0,0.0,reject_trend_ooa,2025
LFLA,1,0,0,0,arrivals,0.0,0.0,reject_trend_ooa,2025
ENQB,1,0,0,0,arrivals,0.0,0.0,reject_trend_ooa,2025
LIRJ,1,0,0,0,arrivals,0.0,0.0,reject_trend_ooa,2025
LFAQ,1,1,0,0,arrivals,0.0,0.0,reject_trend_ooa,2025
ENWK,1,0,0,0,arrivals,0.0,0.0,reject_trend_ooa,2025
LSZC,1,1,0,0,arrivals,0.0,0.0,reject_trend_ooa,2025
UUBC,1,0,0,0,arrivals,0.0,0.0,reject_trend_ooa,2025
LFGA,1,1,1,1,arrivals,1.0,1.0,reject_trend_ooa,2025
EGUB,1,1,1,1,arrivals,1.0,1.0,reject_trend_ooa,2025
ENLA,1,0,0,0,arrivals,0.0,0.0,reject_trend_ooa,2025
LHPR,1,1,1,1,arrivals,1.0,1.0,reject_trend_ooa,2025
EGWC,1,1,1,1,arrivals,1.0,1.0,reject_trend_ooa,2025
UGSA,1,0,0,0,arrivals,0.0,0.0,reject_trend_ooa,2025
EHDV,1,0,0,0,arrivals,0.0,0.0,reject_trend_ooa,2025
LPEV,1,1,1,1,arrivals,1.0,1.0,reject_trend_ooa,2025
UBBF,1,0,0,0,arrivals,0.0,0.0,reject_trend_ooa,2025
LFTF,1,1,0,0,arrivals,0.0,0.0,reject_trend_ooa,2025
ULWC,1,0,0,0,arrivals,0.0,0.0,reject_trend_ooa,2025
DAAV,1,0,0,0,arrivals,0.0,0.0,reject_trend_ooa,2025
EDGE,1,1,0,0,arrivals,0.0,0.0,reject_trend_ooa,2025
LFCI,1,1,1,1,arrivals,1.0,1.0,reject_trend_ooa,2025
EIWT,1,1,0,0,arrivals,0.0,0.0,reject_trend_ooa,2025
LRSM,1,0,0,0,arrivals,0.0,0.0,reject_trend_ooa,2025
EGSC,1,1,1,1,arrivals,1.0,1.0,reject_trend_ooa,2025
ENDR,1,0,0,0,arrivals,0.0,0.0,reject_trend_ooa,2025
UBBL,1,0,0,0,arrivals,0.0,0.0,reject_trend_ooa,2025
LPVR,1,1,1,4,arrivals,1.0,4.0,reject_trend_ooa,2025
LIQS,1,0,0,0,arrivals,0.0,0.0,reject_trend_ooa,2025
LKMH,1,1,0,0,arrivals,0.0,0.0,reject_trend_ooa,2025
EGFE,1,1,1,1,arrivals,1.0,1.0,reject_trend_ooa,2025
LIMW,1,0,0,0,arrivals,0.0,0.0,reject_trend_ooa,2025
LSTS,1,1,0,0,arrivals,0.0,0.0,reject_trend_ooa,2025
EDLE,1,1,0,0,arrivals,0.0,0.0,reject_trend_ooa,2025
EGBP,1,1,0,0,arrivals,0.0,0.0,reject_trend_ooa,2025
ENQM,1,0,0,0,arrivals,0.0,0.0,reject_trend_ooa,2025
EHLI,1,0,0,0,arrivals,0.0,0.0,reject_trend_ooa,2025
LDRG,1,1,0,0,arrivals,0.0,0.0,reject_trend_ooa,2025
LGKZ,1,0,0,0,arrivals,0.0,0.0,reject_trend_ooa,2025
EPPW,1,0,0,0,arrivals,0.0,0.0,reject_trend_ooa,2025
EHPK,1,0,0,0,arrivals,0.0,0.0,reject_trend_ooa,2025
EPWK,1,0,0,0,arrivals,0.0,0.0,reject_trend_ooa,2025
EHTW,1,1,1,1,arrivals,1.0,1.0,reject_trend_ooa,2025
EPNT,1,0,0,0,arrivals,0.0,0.0,reject_trend_ooa,2025
LYKV,1,0,0,0,arrivals,0.0,0.0,reject_trend_ooa,2025
EDFE,1,1,0,3,arrivals,0.0,3.0,reject_trend_ooa,2025
LFSG,1,0,0,1,arrivals,0.0,1.0,reject_trend_ooa,2025
EHFD,1,0,0,0,arrivals,0.0,0.0,reject_trend_ooa,2025
EDBR,1,1,1,1,arrivals,1.0,1.0,reject_trend_ooa,2025
EDXQ,1,1,0,0,arrivals,0.0,0.0,reject_trend_ooa,2025
EDTF,1,1,0,0,arrivals,0.0,0.0,reject_trend_ooa,2025
ENUN,1,0,0,0,arrivals,0.0,0.0,reject_trend_ooa,2025
LFMH,1,1,1,1,arrivals,1.0,1.0,reject_trend_ooa,2025
LFPN,1,1,0,0,arrivals,0.0,0.0,reject_trend_ooa,2025
GMAZ,1,0,0,0,arrivals,0.0,0.0,reject_trend_ooa,2025
LFOP,1,1,1,1,arrivals,1.0,1.0,reject_trend_ooa,2025
LOLW,1,1,0,0,arrivals,0.0,0.0,reject_trend_ooa,2025
ENQC,1,1,0,0,arrivals,0.0,0.0,reject_trend_ooa,2025
EDAQ,1,1,0,0,arrivals,0.0,0.0,reject_trend_ooa,2025
ULMM,1,0,0,0,arrivals,0.0,0.0,reject_trend_ooa,2025
EHFR,1,0,0,0,arrivals,0.0,0.0,reject_trend_ooa,2025
ENSF,1,0,0,0,arrivals,0.0,0.0,reject_trend_ooa,2025
EDQM,1,1,1,1,arrivals,1.0,1.0,reject_trend_ooa,2025
DABT,1,0,0,0,arrivals,0.0,0.0,reject_trend_ooa,2025
ENUS,1,0,0,0,arrivals,0.0,0.0,reject_trend_ooa,2025
ENGA,1,0,0,0,arrivals,0.0,0.0,reject_trend_ooa,2025
LFLH,1,1,0,0,arrivals,0.0,0.0,reject_trend_ooa,2025
LFBA,1,1,1,1,arrivals,1.0,1.0,reject_trend_ooa,2025
LFRI,1,0,0,0,arrivals,0.0,0.0,reject_trend_ooa,2025
LGKA,1,0,0,0,arrivals,0.0,0.0,reject_trend_ooa,2025
EGBK,1,1,0,0,arrivals,0.0,0.0,reject_trend_ooa,2025
BIGJ,1,0,0,0,arrivals,0.0,0.0,reject_trend_ooa,2025
EDTD,1,1,1,1,arrivals,1.0,1.0,reject_trend_ooa,2025
LFLO,1,1,0,0,arrivals,0.0,0.0,reject_trend_ooa,2025
EHGQ,1,0,0,0,arrivals,0.0,0.0,reject_trend_ooa,2025
EDMV,1,0,0,0,arrivals,0.0,0.0,reject_trend_ooa,2025
EGOV,1,1,0,0,arrivals,0.0,0.0,reject_trend_ooa,2025
LRAR,1,0,0,1,arrivals,0.0,1.0,reject_trend_ooa,2025
EIWF,1,1,1,1,arrivals,1.0,1.0,reject_trend_ooa,2025
LJPZ,1,1,1,2,arrivals,1.0,2.0,reject_trend_ooa,2025
EHLE,1,1,1,1,arrivals,1.0,1.0,reject_trend_ooa,2025
ENUK,1,0,0,0,arrivals,0.0,0.0,reject_trend_ooa,2025
EFLP,1,0,0,0,arrivals,0.0,0.0,reject_trend_ooa,2025
OOA,7964,22,0,0,arrivals,0.0,0.0,reject_margin0,2025
OOA,7892,920,628,704,departures,0.07957425240750127,0.08920425747592499,reject_margin0,2025
LTFM,2282,2173,2166,2174,departures,0.9491673970201577,0.9526730937773883,reject_margin0,2025
LTFM,2258,1822,1777,1777,arrivals,0.7869796279893712,0.7869796279893712,reject_margin0,2025
EHAM,2148,2143,2143,2158,departures,0.9976722532588455,1.004655493482309,reject_margin0,2025
EHAM,2136,1876,1875,1877,arrivals,0.8778089887640449,0.8787453183520599,reject_margin0,2025
EDDF,2094,2080,2080,2082,departures,0.9933142311365807,0.994269340974212,reject_margin0,2025
EDDF,2091,1775,1770,1771,arrivals,0.8464849354375896,0.846963175514108,reject_margin0,2025
LFPG,2084,2065,2061,2071,departures,0.9889635316698656,0.9937619961612284,reject_margin0,2025
LFPG,2066,1715,1713,1715,arrivals,0.8291384317521782,0.8301064859632139,reject_margin0,2025
EGLL,2001,1989,1988,2024,departures,0.993503248375812,1.0114942528735633,reject_margin0,2025
EGLL,1986,1582,1580,1693,arrivals,0.7955689828801611,0.8524672708962739,reject_margin0,2025
LEMD,1786,1536,1534,1540,arrivals,0.858902575587906,0.8622620380739082,reject_margin0,2025
LEMD,1773,1758,1757,1757,departures,0.990975747320925,0.990975747320925,reject_margin0,2025
LEBL,1597,1497,1494,1495,arrivals,0.9355040701314965,0.9361302442078898,reject_margin0,2025
LEBL,1591,1578,1577,1577,departures,0.9912005028284098,0.9912005028284098,reject_margin0,2025
EDDM,1573,1561,1561,1564,departures,0.9923712650985378,0.9942784488239034,reject_margin0,2025
EDDM,1571,1468,1467,1470,arrivals,0.9338001273074474,0.9357097390197326,reject_margin0,2025
LIRF,1449,1442,1442,1442,departures,0.9951690821256038,0.9951690821256038,reject_margin0,2025
LTAI,1437,929,929,932,arrivals,0.6464857341684064,0.6485734168406402,reject_margin0,2025
LEPA,1436,1415,1414,1417,arrivals,0.9846796657381616,0.9867688022284122,reject_margin0,2025
LTAI,1435,1229,1228,1234,departures,0.8557491289198607,0.8599303135888502,reject_margin0,2025
LIRF,1433,1256,1255,1256,arrivals,0.875785066294487,0.8764829030006979,reject_margin0,2025
LEPA,1417,1360,1360,1361,departures,0.9597741707833451,0.9604798870853917,reject_margin0,2025
LGAV,1317,750,747,749,arrivals,0.5671981776765376,0.568716780561883,reject_margin0,2025
LGAV,1306,1238,1238,1248,departures,0.9479326186830015,0.9555895865237366,reject_margin0,2025
EGKK,1223,1213,1213,1215,departures,0.9918233851185609,0.9934587080948487,reject_margin0,2025
EGKK,1220,1103,1103,1103,arrivals,0.9040983606557377,0.9040983606557377,reject_margin0,2025
EIDW,1188,1084,1082,1084,arrivals,0.9107744107744108,0.9124579124579124,reject_margin0,2025
EIDW,1185,1164,1163,1163,departures,0.9814345991561182,0.9814345991561182,reject_margin0,2025
LSZH,1178,1170,1163,1166,departures,0.9872665534804754,0.9898132427843803,reject_margin0,2025
LSZH,1160,1053,1049,1056,arrivals,0.9043103448275862,0.9103448275862069,reject_margin0,2025
LOWW,1156,1137,1136,1144,departures,0.9826989619377162,0.9896193771626297,reject_margin0,2025
EKCH,1152,1048,1046,1046,arrivals,0.9079861111111112,0.9079861111111112,reject_margin0,2025
LOWW,1145,1045,1042,1044,arrivals,0.9100436681222708,0.9117903930131004,reject_margin0,2025
EKCH,1140,1132,1132,1135,departures,0.9929824561403509,0.9956140350877193,reject_margin0,2025
LTFJ,1138,991,985,994,arrivals,0.8655536028119508,0.8734622144112478,reject_margin0,2025
LTFJ,1137,1092,1091,1105,departures,0.9595426561125769,0.9718557607739666,reject_margin0,2025
LPPT,1010,1001,1001,1001,departures,0.9910891089108911,0.9910891089108911,reject_margin0,2025
LPPT,1001,881,881,881,arrivals,0.8801198801198801,0.8801198801198801,reject_margin0,2025
LFPO,992,982,982,989,departures,0.9899193548387096,0.9969758064516129,reject_margin0,2025
LFPO,991,941,941,943,arrivals,0.9495459132189707,0.9515640766902119,reject_margin0,2025
LIMC,973,964,963,964,departures,0.9897225077081192,0.9907502569373073,reject_margin0,2025
LIMC,967,856,852,852,arrivals,0.8810754912099276,0.8810754912099276,reject_margin0,2025
ENGM,940,890,889,895,arrivals,0.9457446808510638,0.9521276595744681,reject_margin0,2025
ENGM,932,919,919,924,departures,0.9860515021459227,0.9914163090128756,reject_margin0,2025
EGCC,926,906,905,905,departures,0.9773218142548596,0.9773218142548596,reject_margin0,2025
EGCC,924,819,818,818,arrivals,0.8852813852813853,0.8852813852813853,reject_margin0,2025
EGSS,888,832,831,833,arrivals,0.9358108108108109,0.9380630630630631,reject_margin0,2025
EGSS,885,880,880,880,departures,0.9943502824858758,0.9943502824858758,reject_margin0,2025
EPWA,880,754,751,751,arrivals,0.8534090909090909,0.8534090909090909,reject_margin0,2025
EPWA,875,869,868,872,departures,0.992,0.9965714285714286,reject_margin0,2025
EBBR,872,866,866,877,departures,0.9931192660550459,1.0057339449541285,reject_margin0,2025
EBBR,871,767,767,775,arrivals,0.8805970149253731,0.8897818599311137,reject_margin0,2025
EDDB,870,852,850,864,departures,0.9770114942528736,0.993103448275862,reject_margin0,2025
LEMG,861,834,834,834,arrivals,0.9686411149825784,0.9686411149825784,reject_margin0,2025
LEMG,850,846,846,848,departures,0.9952941176470588,0.9976470588235294,reject_margin0,2025
ESSA,841,728,721,726,arrivals,0.8573127229488704,0.8632580261593341,reject_margin0,2025
EDDB,840,789,788,796,arrivals,0.9380952380952381,0.9476190476190476,reject_margin0,2025
ESSA,820,771,767,771,departures,0.9353658536585366,0.9402439024390243,reject_margin0,2025
EDDL,758,747,745,750,departures,0.9828496042216359,0.9894459102902374,reject_margin0,2025
EDDL,751,717,715,719,arrivals,0.952063914780293,0.9573901464713716,reject_margin0,2025
LFMN,710,684,677,738,arrivals,0.9535211267605633,1.0394366197183098,reject_margin0,2025
LFMN,707,697,691,692,departures,0.9773691654879774,0.9787835926449788,reject_margin0,2025
LSGG,680,675,675,686,departures,0.9926470588235294,1.0088235294117647,reject_margin0,2025
LSGG,670,637,637,645,arrivals,0.9507462686567164,0.9626865671641791,reject_margin0,2025
LKPR,667,657,656,660,departures,0.9835082458770614,0.9895052473763118,reject_margin0,2025
EFHK,666,576,576,578,arrivals,0.8648648648648649,0.8678678678678678,reject_margin0,2025
EFHK,659,653,653,660,departures,0.9908952959028832,1.0015174506828528,reject_margin0,2025
LKPR,657,606,605,610,arrivals,0.9208523592085236,0.928462709284627,reject_margin0,2025
LEAL,599,597,597,597,departures,0.996661101836394,0.996661101836394,reject_margin0,2025
LEAL,599,588,588,588,arrivals,0.9816360601001669,0.9816360601001669,reject_margin0,2025
EGPH,584,541,541,545,arrivals,0.9263698630136986,0.9332191780821918,reject_margin0,2025
LHBP,578,555,553,554,departures,0.9567474048442907,0.9584775086505191,reject_margin0,2025
EGPH,577,571,570,570,departures,0.9878682842287695,0.9878682842287695,reject_margin0,2025
LHBP,577,518,514,515,arrivals,0.8908145580589255,0.8925476603119584,reject_margin0,2025
EGGW,552,526,523,527,arrivals,0.947463768115942,0.9547101449275363,reject_margin0,2025
EGGW,550,549,549,551,departures,0.9981818181818182,1.0018181818181817,reject_margin0,2025
EDDH,538,531,528,537,departures,0.9814126394052045,0.9981412639405205,reject_margin0,2025
EDDH,532,509,506,515,arrivals,0.9511278195488722,0.9680451127819549,reject_margin0,2025
GCLP,521,1,0,0,arrivals,0.0,0.0,reject_margin0,2025
GCLP,520,23,0,0,departures,0.0,0.0,reject_margin0,2025
LLBG,516,433,430,431,arrivals,0.8333333333333334,0.8352713178294574,reject_margin0,2025
EDDK,515,500,500,501,departures,0.970873786407767,0.9728155339805825,reject_margin0,2025
LLBG,513,500,500,510,departures,0.9746588693957114,0.9941520467836257,reject_margin0,2025
LPPR,513,511,508,508,departures,0.9902534113060428,0.9902534113060428,reject_margin0,2025
LPPR,512,480,479,479,arrivals,0.935546875,0.935546875,reject_margin0,2025
LEIB,509,499,499,500,arrivals,0.9803536345776032,0.9823182711198428,reject_margin0,2025
EDDK,509,474,474,477,arrivals,0.931237721021611,0.93713163064833,reject_margin0,2025
LROP,509,486,485,486,arrivals,0.9528487229862476,0.9548133595284872,reject_margin0,2025
LROP,504,491,491,491,departures,0.9742063492063492,0.9742063492063492,reject_margin0,2025
LEIB,495,484,484,484,departures,0.9777777777777777,0.9777777777777777,reject_margin0,2025
EGBB,474,468,468,468,departures,0.9873417721518988,0.9873417721518988,reject_margin0,2025
EGBB,466,419,418,418,arrivals,0.8969957081545065,0.8969957081545065,reject_margin0,2025
LIML,465,457,457,463,arrivals,0.9827956989247312,0.9956989247311828,reject_margin0,2025
LIME,460,448,444,444,arrivals,0.9652173913043478,0.9652173913043478,reject_margin0,2025
LIML,458,451,451,452,departures,0.9847161572052402,0.9868995633187773,reject_margin0,2025
LIME,453,450,450,450,departures,0.9933774834437086,0.9933774834437086,reject_margin0,2025
LIRN,449,380,334,337,departures,0.7438752783964365,0.7505567928730512,reject_margin0,2025
LIRN,447,1,0,0,arrivals,0.0,0.0,reject_margin0,2025
LFML,445,440,439,443,arrivals,0.9865168539325843,0.9955056179775281,reject_margin0,2025
LFML,444,441,440,440,departures,0.990990990990991,0.990990990990991,reject_margin0,2025
EDDS,440,420,414,417,departures,0.9409090909090909,0.9477272727272728,reject_margin0,2025
EDDS,433,409,408,413,arrivals,0.9422632794457275,0.953810623556582,reject_margin0,2025
LGIR,430,0,0,0,arrivals,0.0,0.0,reject_margin0,2025
LGIR,424,6,0,0,departures,0.0,0.0,reject_margin0,2025
LIPZ,412,408,408,409,departures,0.9902912621359223,0.9927184466019418,reject_margin0,2025
LFLL,412,398,397,411,arrivals,0.9635922330097088,0.9975728155339806,reject_margin0,2025
LFLL,411,402,402,417,departures,0.9781021897810219,1.0145985401459854,reject_margin0,2025
LIPZ,409,386,386,388,arrivals,0.9437652811735942,0.9486552567237164,reject_margin0,2025
LPFR,407,403,402,404,arrivals,0.9877149877149877,0.9926289926289926,reject_margin0,2025
LPFR,405,400,398,398,departures,0.9827160493827161,0.9827160493827161,reject_margin0,2025
LYBE,395,364,364,364,arrivals,0.9215189873417722,0.9215189873417722,reject_margin0,2025
LYBE,394,388,388,389,departures,0.9847715736040609,0.9873096446700508,reject_margin0,2025
LICC,391,354,352,352,arrivals,0.9002557544757033,0.9002557544757033,reject_margin0,2025
LICC,390,352,348,348,departures,0.8923076923076924,0.8923076923076924,reject_margin0,2025
LTAC,381,7,0,0,departures,0.0,0.0,reject_margin0,2025
LIPE,380,376,376,376,departures,0.9894736842105263,0.9894736842105263,reject_margin0,2025
LIPE,376,371,371,372,arrivals,0.9867021276595744,0.9893617021276596,reject_margin0,2025
LTAC,374,0,0,1,arrivals,0.0,0.00267379679144385,reject_margin0,2025
LCLK,368,353,352,354,departures,0.9565217391304348,0.9619565217391305,reject_margin0,2025
LCLK,367,349,348,350,arrivals,0.9482288828337875,0.9536784741144414,reject_margin0,2025
GMMN,360,287,282,355,departures,0.7833333333333333,0.9861111111111112,reject_margin0,2025
EPKK,360,348,346,347,departures,0.9611111111111111,0.9638888888888889,reject_margin0,2025
EGGD,360,334,334,335,arrivals,0.9277777777777778,0.9305555555555556,reject_margin0,2025
EGGD,359,355,354,354,departures,0.9860724233983287,0.9860724233983287,reject_margin0,2025
LEVC,357,348,348,349,arrivals,0.9747899159663865,0.9775910364145658,reject_margin0,2025
GMMN,357,258,258,261,arrivals,0.7226890756302521,0.7310924369747899,reject_margin0,2025
ENBR,357,340,339,358,arrivals,0.9495798319327731,1.0028011204481793,reject_margin0,2025
EPKK,356,334,332,332,arrivals,0.9325842696629213,0.9325842696629213,reject_margin0,2025
LEVC,355,337,336,336,departures,0.9464788732394366,0.9464788732394366,reject_margin0,2025
LFSB,354,351,349,352,departures,0.9858757062146892,0.9943502824858758,reject_margin0,2025
LFSB,352,340,339,340,arrivals,0.9630681818181818,0.9659090909090909,reject_margin0,2025
ENBR,349,343,343,358,departures,0.9828080229226361,1.0257879656160458,reject_margin0,2025
LTBJ,346,274,229,229,departures,0.661849710982659,0.661849710982659,reject_margin0,2025
LGRP,346,316,315,316,arrivals,0.9104046242774566,0.9132947976878613,reject_margin0,2025
EGPF,346,301,300,303,arrivals,0.8670520231213873,0.8757225433526011,reject_margin0,2025
EGPF,344,325,323,327,departures,0.938953488372093,0.9505813953488372,reject_margin0,2025
LTBJ,341,13,13,13,arrivals,0.03812316715542522,0.03812316715542522,reject_margin0,2025
LGRP,340,322,321,327,departures,0.9441176470588235,0.961764705882353,reject_margin0,2025
LMML,326,325,325,326,departures,0.9969325153374233,1.0,reject_margin0,2025
LMML,326,318,317,318,arrivals,0.9723926380368099,0.9754601226993865,reject_margin0,2025
LATI,323,0,0,0,arrivals,0.0,0.0,reject_margin0,2025
GCTS,323,0,0,0,arrivals,0.0,0.0,reject_margin0,2025
GCTS,321,4,0,6,departures,0.0,0.018691588785046728,reject_margin0,2025
GCXO,320,2,2,2,arrivals,0.00625,0.00625,reject_margin0,2025
GCXO,319,305,305,362,departures,0.9561128526645768,1.134796238244514,reject_margin0,2025
LATI,316,6,0,0,departures,0.0,0.0,reject_margin0,2025
LICJ,314,156,154,154,arrivals,0.49044585987261147,0.49044585987261147,reject_margin0,2025
LICJ,310,281,281,282,departures,0.9064516129032258,0.9096774193548387,reject_margin0,2025
EBCI,304,303,303,303,departures,0.9967105263157895,0.9967105263157895,reject_margin0,2025
EBCI,303,296,296,296,arrivals,0.976897689768977,0.976897689768977,reject_margin0,2025
BIKF,297,296,294,322,departures,0.98989898989899,1.0841750841750841,reject_margin0,2025
BIKF,296,90,89,89,arrivals,0.30067567567567566,0.30067567567567566,reject_margin0,2025
ELLX,294,291,291,291,departures,0.9897959183673469,0.9897959183673469,reject_margin0,2025
ELLX,294,271,271,272,arrivals,0.9217687074829932,0.9251700680272109,reject_margin0,2025
LFBO,293,288,288,290,departures,0.9829351535836177,0.9897610921501706,reject_margin0,2025
LFBO,290,288,288,290,arrivals,0.993103448275862,1.0,reject_margin0,2025
LGTS,281,263,263,263,arrivals,0.9359430604982206,0.9359430604982206,reject_margin0,2025
LTBS,280,8,8,8,arrivals,0.02857142857142857,0.02857142857142857,reject_margin0,2025
LGTS,279,260,259,259,departures,0.9283154121863799,0.9283154121863799,reject_margin0,2025
GMMX,279,13,12,12,arrivals,0.043010752688172046,0.043010752688172046,reject_margin0,2025
GMMX,278,74,66,67,departures,0.23741007194244604,0.24100719424460432,reject_margin0,2025
EVRA,278,227,226,226,arrivals,0.8129496402877698,0.8129496402877698,reject_margin0,2025
LEZL,276,264,264,265,arrivals,0.9565217391304348,0.9601449275362319,reject_margin0,2025
LEZL,275,275,274,274,departures,0.9963636363636363,0.9963636363636363,reject_margin0,2025
LTBS,273,205,205,205,departures,0.7509157509157509,0.7509157509157509,reject_margin0,2025
EVRA,273,270,269,270,departures,0.9853479853479854,0.989010989010989,reject_margin0,2025
LBSF,272,153,153,153,departures,0.5625,0.5625,reject_margin0,2025
GCRR,269,1,0,0,departures,0.0,0.0,reject_margin0,2025
GCRR,269,0,0,0,arrivals,0.0,0.0,reject_margin0,2025
EGNX,267,263,263,263,departures,0.9850187265917603,0.9850187265917603,reject_margin0,2025
LBSF,267,2,1,1,arrivals,0.003745318352059925,0.003745318352059925,reject_margin0,2025
EDDP,261,236,235,236,arrivals,0.9003831417624522,0.9042145593869731,reject_margin0,2025
EPKT,259,251,249,249,departures,0.9613899613899614,0.9613899613899614,reject_margin0,2025
HEGN,258,0,0,0,arrivals,0.0,0.0,reject_margin0,2025
HEGN,257,0,0,0,departures,0.0,0.0,reject_margin0,2025
UGTB,257,157,151,192,departures,0.5875486381322957,0.7470817120622568,reject_margin0,2025
LFRS,257,251,246,246,arrivals,0.9571984435797666,0.9571984435797666,reject_margin0,2025
UGTB,257,47,46,47,arrivals,0.17898832684824903,0.1828793774319066,reject_margin0,2025
EPKT,257,240,239,239,arrivals,0.9299610894941635,0.9299610894941635,reject_margin0,2025
LFRS,256,247,247,248,departures,0.96484375,0.96875,reject_margin0,2025
EDDP,256,255,255,257,departures,0.99609375,1.00390625,reject_margin0,2025
EGNX,255,231,231,231,arrivals,0.9058823529411765,0.9058823529411765,reject_margin0,2025
LIEO,252,104,103,104,arrivals,0.4087301587301587,0.4126984126984127,reject_margin0,2025
EPGD,248,35,17,17,departures,0.06854838709677419,0.06854838709677419,reject_margin0,2025
LGKR,247,28,27,27,arrivals,0.10931174089068826,0.10931174089068826,reject_margin0,2025
EGAA,246,234,191,192,arrivals,0.7764227642276422,0.7804878048780488,reject_margin0,2025
LGKR,244,203,201,206,departures,0.8237704918032787,0.8442622950819673,reject_margin0,2025
HECA,244,48,30,30,departures,0.12295081967213115,0.12295081967213115,reject_margin0,2025
EPGD,244,11,1,2,arrivals,0.004098360655737705,0.00819672131147541,reject_margin0,2025
EGAA,239,232,232,233,departures,0.9707112970711297,0.9748953974895398,reject_margin0,2025
ENZV,236,151,148,162,departures,0.6271186440677966,0.6864406779661016,reject_margin0,2025
ENZV,236,71,67,72,arrivals,0.2838983050847458,0.3050847457627119,reject_margin0,2025
LEBB,235,0,0,0,arrivals,0.0,0.0,reject_margin0,2025
LEBB,234,180,169,171,departures,0.7222222222222222,0.7307692307692307,reject_margin0,2025
LTFE,232,199,198,202,arrivals,0.853448275862069,0.8706896551724138,reject_margin0,2025
HECA,231,73,59,59,arrivals,0.2554112554112554,0.2554112554112554,reject_margin0,2025
LFPB,230,227,227,230,departures,0.9869565217391304,1.0,reject_margin0,2025
LIBD,229,1,0,0,arrivals,0.0,0.0,reject_margin0,2025
LIBD,228,1,0,0,departures,0.0,0.0,reject_margin0,2025
LIEO,228,182,175,175,departures,0.7675438596491229,0.7675438596491229,reject_margin0,2025
LIRP,228,220,220,226,arrivals,0.9649122807017544,0.9912280701754386,reject_margin0,2025
UUWW,227,5,4,4,arrivals,0.01762114537444934,0.01762114537444934,reject_margin0,2025
LEMH,226,220,220,221,arrivals,0.9734513274336283,0.9778761061946902,reject_margin0,2025
LFBD,225,222,222,224,departures,0.9866666666666667,0.9955555555555555,reject_margin0,2025
LFPB,225,217,217,221,arrivals,0.9644444444444444,0.9822222222222222,reject_margin0,2025
LEMH,222,212,212,212,departures,0.954954954954955,0.954954954954955,reject_margin0,2025
LTFE,220,196,191,193,departures,0.8681818181818182,0.8772727272727273,reject_margin0,2025
LIRP,220,211,211,211,departures,0.9590909090909091,0.9590909090909091,reject_margin0,2025
ENVA,219,208,199,205,arrivals,0.908675799086758,0.9360730593607306,reject_margin0,2025
LFBD,219,215,215,220,arrivals,0.9817351598173516,1.004566210045662,reject_margin0,2025
LUKK,217,7,5,5,departures,0.02304147465437788,0.02304147465437788,reject_margin0,2025
ENVA,217,204,192,194,departures,0.8847926267281107,0.8940092165898618,reject_margin0,2025
LUKK,217,0,0,0,arrivals,0.0,0.0,reject_margin0,2025
LDSP,216,3,0,0,departures,0.0,0.0,reject_margin0,2025
ESGG,216,214,214,214,departures,0.9907407407407407,0.9907407407407407,reject_margin0,2025
UUWW,216,16,5,5,departures,0.023148148148148147,0.023148148148148147,reject_margin0,2025
LDZA,215,210,210,210,departures,0.9767441860465116,0.9767441860465116,reject_margin0,2025
LDSP,215,1,0,0,arrivals,0.0,0.0,reject_margin0,2025
LDZA,215,208,207,207,arrivals,0.9627906976744186,0.9627906976744186,reject_margin0,2025
ESGG,214,207,207,209,arrivals,0.9672897196261683,0.9766355140186916,reject_margin0,2025
UUEE,214,1,1,3,arrivals,0.004672897196261682,0.014018691588785047,reject_margin0,2025
EDDV,213,212,212,213,departures,0.9953051643192489,1.0,reject_margin0,2025
GCFV,212,0,0,0,departures,0.0,0.0,reject_margin0,2025
UUEE,212,60,59,61,departures,0.2783018867924528,0.28773584905660377,reject_margin0,2025
EGNT,211,197,197,197,departures,0.933649289099526,0.933649289099526,reject_margin0,2025
GCFV,211,2,0,0,arrivals,0.0,0.0,reject_margin0,2025
EGNT,211,178,178,178,arrivals,0.8436018957345972,0.8436018957345972,reject_margin0,2025
EDDV,209,202,202,203,arrivals,0.9665071770334929,0.9712918660287081,reject_margin0,2025
EGGP,208,204,202,204,departures,0.9711538461538461,0.9807692307692307,reject_margin0,2025
EGGP,206,189,189,197,arrivals,0.9174757281553398,0.9563106796116505,reject_margin0,2025
LIRQ,202,196,196,197,departures,0.9702970297029703,0.9752475247524752,reject_margin0,2025
EDDN,201,197,196,197,departures,0.9751243781094527,0.9800995024875622,reject_margin0,2025
EDDN,199,191,191,198,arrivals,0.9597989949748744,0.9949748743718593,reject_margin0,2025
LGSA,199,62,60,60,arrivals,0.3015075376884422,0.3015075376884422,reject_margin0,2025
EGLC,198,197,197,199,departures,0.9949494949494949,1.005050505050505,reject_margin0,2025
LIRQ,198,123,117,117,arrivals,0.5909090909090909,0.5909090909090909,reject_margin0,2025
LGSA,196,182,182,184,departures,0.9285714285714286,0.9387755102040817,reject_margin0,2025
LIEE,195,3,3,3,arrivals,0.015384615384615385,0.015384615384615385,reject_margin0,2025
EPWR,194,187,187,188,arrivals,0.9639175257731959,0.9690721649484536,reject_margin0,2025
EPWR,193,186,186,187,departures,0.9637305699481865,0.9689119170984456,reject_margin0,2025
EGNM,193,169,169,171,arrivals,0.8756476683937824,0.8860103626943006,reject_margin0,2025
UDYZ,192,2,0,0,departures,0.0,0.0,reject_margin0,2025
UDYZ,192,1,0,0,arrivals,0.0,0.0,reject_margin0,2025
LIEE,191,113,112,112,departures,0.5863874345549738,0.5863874345549738,reject_margin0,2025
EHEH,191,191,189,189,departures,0.9895287958115183,0.9895287958115183,reject_margin0,2025
EGNM,190,178,177,177,departures,0.9315789473684211,0.9315789473684211,reject_margin0,2025
EHEH,190,187,187,189,arrivals,0.9842105263157894,0.9947368421052631,reject_margin0,2025
EYVI,189,137,127,130,arrivals,0.671957671957672,0.6878306878306878,reject_margin0,2025
EGLC,189,189,167,238,arrivals,0.8835978835978836,1.2592592592592593,reject_margin0,2025
EYVI,186,176,176,176,departures,0.946236559139785,0.946236559139785,reject_margin0,2025
DAAG,186,82,82,83,departures,0.44086021505376344,0.44623655913978494,reject_margin0,2025
DTTA,186,0,0,0,arrivals,0.0,0.0,reject_margin0,2025
DTTA,185,1,1,1,departures,0.005405405405405406,0.005405405405405406,reject_margin0,2025
DAAG,184,117,116,116,arrivals,0.6304347826086957,0.6304347826086957,reject_margin0,2025
LFOB,181,180,180,180,departures,0.994475138121547,0.994475138121547,reject_margin0,2025
LFOB,181,176,176,176,arrivals,0.9723756906077348,0.9723756906077348,reject_margin0,2025
LDDU,180,1,0,0,arrivals,0.0,0.0,reject_margin0,2025
LGKO,178,172,171,178,departures,0.9606741573033708,1.0,reject_margin0,2025
LDDU,177,1,0,0,departures,0.0,0.0,reject_margin0,2025
LGKO,177,167,167,172,arrivals,0.943502824858757,0.9717514124293786,reject_margin0,2025
EETN,162,143,142,142,arrivals,0.8765432098765432,0.8765432098765432,reject_margin0,2025
EPPO,161,154,154,154,departures,0.9565217391304348,0.9565217391304348,reject_margin0,2025
HESH,161,0,0,0,arrivals,0.0,0.0,reject_margin0,2025
UMKK,160,3,1,3,departures,0.00625,0.01875,reject_margin0,2025
EETN,159,148,148,150,departures,0.9308176100628931,0.9433962264150944,reject_margin0,2025
LPMA,159,155,155,156,departures,0.9748427672955975,0.9811320754716981,reject_margin0,2025
HESH,159,1,0,0,departures,0.0,0.0,reject_margin0,2025
UMKK,159,2,2,26,arrivals,0.012578616352201259,0.16352201257861634,reject_margin0,2025
LPMA,158,9,9,11,arrivals,0.056962025316455694,0.06962025316455696,reject_margin0,2025
LIMF,157,156,154,155,departures,0.9808917197452229,0.9872611464968153,reject_margin0,2025
LIMF,157,155,154,156,arrivals,0.9808917197452229,0.9936305732484076,reject_margin0,2025
LIRA,156,149,148,149,arrivals,0.9487179487179487,0.9551282051282052,reject_margin0,2025
LIRA,154,152,152,154,departures,0.987012987012987,1.0,reject_margin0,2025
EPPO,154,145,145,145,arrivals,0.9415584415584416,0.9415584415584416,reject_margin0,2025
EKBI,154,145,144,144,arrivals,0.935064935064935,0.935064935064935,reject_margin0,2025
LPPD,153,56,55,122,departures,0.35947712418300654,0.7973856209150327,reject_margin0,2025
EKBI,152,151,151,152,departures,0.993421052631579,1.0,reject_margin0,2025
LPPD,151,88,87,89,arrivals,0.5761589403973509,0.5894039735099338,reject_margin0,2025
ULLI,148,1,1,1,arrivals,0.006756756756756757,0.006756756756756757,reject_margin0,2025
OLBA,144,125,123,124,departures,0.8541666666666666,0.8611111111111112,reject_margin0,2025
LIPX,144,144,144,144,departures,1.0,1.0,reject_margin0,2025
OLBA,144,40,39,39,arrivals,0.2708333333333333,0.2708333333333333,reject_margin0,2025
ENTC,143,1,0,0,arrivals,0.0,0.0,reject_margin0,2025
ULLI,142,2,0,0,departures,0.0,0.0,reject_margin0,2025
LIPX,142,137,137,142,arrivals,0.9647887323943662,1.0,reject_margin0,2025
LGSR,139,5,3,7,departures,0.02158273381294964,0.050359712230215826,reject_margin0,2025
LGSR,139,1,0,0,arrivals,0.0,0.0,reject_margin0,2025
ENTC,138,82,17,17,departures,0.12318840579710146,0.12318840579710146,reject_margin0,2025
LTCG,138,89,89,89,arrivals,0.644927536231884,0.644927536231884,reject_margin0,2025
EGPD,137,125,125,125,departures,0.9124087591240876,0.9124087591240876,reject_margin0,2025
EGPD,136,122,122,122,arrivals,0.8970588235294118,0.8970588235294118,reject_margin0,2025
ENBO,134,129,129,225,departures,0.9626865671641791,1.6791044776119404,reject_margin0,2025
EBLG,134,133,133,134,departures,0.9925373134328358,1.0,reject_margin0,2025
LTDB,133,5,1,1,departures,0.007518796992481203,0.007518796992481203,reject_margin0,2025
LTCG,133,122,122,133,departures,0.9172932330827067,1.0,reject_margin0,2025
ENBO,133,119,116,135,arrivals,0.8721804511278195,1.0150375939849625,reject_margin0,2025
LRCL,130,90,88,89,departures,0.676923076923077,0.6846153846153846,reject_margin0,2025
LIBR,130,1,0,0,departures,0.0,0.0,reject_margin0,2025
LRCL,129,0,0,0,arrivals,0.0,0.0,reject_margin0,2025
LTDB,129,3,0,0,arrivals,0.0,0.0,reject_margin0,2025
LGZA,126,126,126,130,departures,1.0,1.0317460317460319,reject_margin0,2025
EBLG,126,74,74,74,arrivals,0.5873015873015873,0.5873015873015873,reject_margin0,2025
LGZA,126,119,119,123,arrivals,0.9444444444444444,0.9761904761904762,reject_margin0,2025
LIBR,125,0,0,0,arrivals,0.0,0.0,reject_margin0,2025
EGAC,123,122,121,122,departures,0.983739837398374,0.991869918699187,reject_margin0,2025
EGAC,123,120,120,162,arrivals,0.975609756097561,1.3170731707317074,reject_margin0,2025
BKPR,120,0,0,0,departures,0.0,0.0,reject_margin0,2025
BKPR,120,2,0,0,arrivals,0.0,0.0,reject_margin0,2025
EICK,120,115,115,115,arrivals,0.9583333333333334,0.9583333333333334,reject_margin0,2025
EICK,119,118,118,118,departures,0.9915966386554622,0.9915966386554622,reject_margin0,2025
LDZD,118,13,12,12,arrivals,0.1016949152542373,0.1016949152542373,reject_margin0,2025
OJAI,116,55,55,57,departures,0.47413793103448276,0.49137931034482757,reject_margin0,2025
OJAI,116,0,0,3,arrivals,0.0,0.02586206896551724,reject_margin0,2025
LDZD,114,53,49,49,departures,0.4298245614035088,0.4298245614035088,reject_margin0,2025
LICA,112,1,0,0,arrivals,0.0,0.0,reject_margin0,2025
EGLF,110,110,110,112,departures,1.0,1.018181818181818,reject_margin0,2025
LICA,108,2,2,2,departures,0.018518518518518517,0.018518518518518517,reject_margin0,2025
EGJJ,108,106,106,106,arrivals,0.9814814814814815,0.9814814814814815,reject_margin0,2025
EGLF,108,107,17,17,arrivals,0.1574074074074074,0.1574074074074074,reject_margin0,2025
LCPH,107,99,99,99,arrivals,0.9252336448598131,0.9252336448598131,reject_margin0,2025
LWSK,106,12,8,8,departures,0.07547169811320754,0.07547169811320754,reject_margin0,2025
OKKK,106,105,105,105,departures,0.9905660377358491,0.9905660377358491,reject_margin0,2025
LEST,106,96,90,90,arrivals,0.8490566037735849,0.8490566037735849,reject_margin0,2025
LCPH,105,84,84,84,departures,0.8,0.8,reject_margin0,2025
LGMK,105,91,89,101,departures,0.8476190476190476,0.9619047619047619,reject_margin0,2025
LEST,105,95,95,95,departures,0.9047619047619048,0.9047619047619048,reject_margin0,2025
LZIB,105,101,101,101,departures,0.9619047619047619,0.9619047619047619,reject_margin0,2025
LEGE,105,52,49,49,arrivals,0.4666666666666667,0.4666666666666667,reject_margin0,2025
LWSK,105,0,0,0,arrivals,0.0,0.0,reject_margin0,2025
LZIB,105,101,101,102,arrivals,0.9619047619047619,0.9714285714285714,reject_margin0,2025
LEGE,104,103,103,107,departures,0.9903846153846154,1.0288461538461537,reject_margin0,2025
LGMK,104,78,77,88,arrivals,0.7403846153846154,0.8461538461538461,reject_margin0,2025
EDJA,104,101,101,101,arrivals,0.9711538461538461,0.9711538461538461,reject_margin0,2025
EDJA,102,99,99,99,departures,0.9705882352941176,0.9705882352941176,reject_margin0,2025
OKKK,102,12,12,13,arrivals,0.11764705882352941,0.12745098039215685,reject_margin0,2025
EGJJ,101,98,97,97,departures,0.9603960396039604,0.9603960396039604,reject_margin0,2025
EHRD,100,99,98,99,arrivals,0.98,0.99,reject_margin0,2025
EHRD,99,98,96,97,departures,0.9696969696969697,0.9797979797979798,reject_margin0,2025
LBBG,97,92,92,93,arrivals,0.9484536082474226,0.9587628865979382,reject_margin0,2025
LOWS,96,95,95,98,departures,0.9895833333333334,1.0208333333333333,reject_margin0,2025
LOWS,95,90,89,91,arrivals,0.9368421052631579,0.9578947368421052,reject_margin0,2025
DTTJ,94,0,0,0,arrivals,0.0,0.0,reject_margin0,2025
LJLJ,94,88,88,90,arrivals,0.9361702127659575,0.9574468085106383,reject_margin0,2025
LBBG,93,91,91,93,departures,0.978494623655914,1.0,reject_margin0,2025
LQSA,93,70,68,68,departures,0.7311827956989247,0.7311827956989247,reject_margin0,2025
LQSA,93,0,0,0,arrivals,0.0,0.0,reject_margin0,2025
GMAD,92,6,0,0,departures,0.0,0.0,reject_margin0,2025
EGKB,92,90,81,82,departures,0.8804347826086957,0.8913043478260869,reject_margin0,2025
EINN,91,91,91,92,departures,1.0,1.010989010989011,reject_margin0,2025
GMAD,91,0,0,0,arrivals,0.0,0.0,reject_margin0,2025
EGKB,91,90,0,0,arrivals,0.0,0.0,reject_margin0,2025
LJLJ,90,87,87,88,departures,0.9666666666666667,0.9777777777777777,reject_margin0,2025
DTTJ,89,0,0,0,departures,0.0,0.0,reject_margin0,2025
UUDD,89,11,7,8,departures,0.07865168539325842,0.0898876404494382,reject_margin0,2025
EDDW,88,88,87,90,departures,0.9886363636363636,1.0227272727272727,reject_margin0,2025
GMTT,88,87,87,87,departures,0.9886363636363636,0.9886363636363636,reject_margin0,2025
EDLW,87,82,82,82,departures,0.9425287356321839,0.9425287356321839,reject_margin0,2025
EDDW,87,87,87,90,arrivals,1.0,1.0344827586206897,reject_margin0,2025
GMTT,87,86,86,87,arrivals,0.9885057471264368,1.0,reject_margin0,2025
EDLW,87,82,82,82,arrivals,0.9425287356321839,0.9425287356321839,reject_margin0,2025
EINN,86,80,80,81,arrivals,0.9302325581395349,0.9418604651162791,reject_margin0,2025
LIMJ,86,85,83,83,arrivals,0.9651162790697675,0.9651162790697675,reject_margin0,2025
EGHI,86,78,78,80,arrivals,0.9069767441860465,0.9302325581395349,reject_margin0,2025
LIPH,85,85,85,85,departures,1.0,1.0,reject_margin0,2025
GCLA,85,64,40,41,departures,0.47058823529411764,0.4823529411764706,reject_margin0,2025
LIPH,85,85,85,85,arrivals,1.0,1.0,reject_margin0,2025
EDSB,85,77,77,79,arrivals,0.9058823529411765,0.9294117647058824,reject_margin0,2025
LFKB,84,77,77,77,departures,0.9166666666666666,0.9166666666666666,reject_margin0,2025
LFKB,84,74,74,74,arrivals,0.8809523809523809,0.8809523809523809,reject_margin0,2025
GCLA,84,12,12,13,arrivals,0.14285714285714285,0.15476190476190477,reject_margin0,2025
EGHI,83,71,71,71,departures,0.8554216867469879,0.8554216867469879,reject_margin0,2025
EGJB,83,82,82,83,departures,0.9879518072289156,1.0,reject_margin0,2025
LYTV,83,1,0,0,arrivals,0.0,0.0,reject_margin0,2025
LYTV,82,3,0,0,departures,0.0,0.0,reject_margin0,2025
EDSB,81,76,76,78,departures,0.9382716049382716,0.9629629629629629,reject_margin0,2025
EGNS,81,75,74,74,arrivals,0.9135802469135802,0.9135802469135802,reject_margin0,2025
DTMB,81,0,0,0,arrivals,0.0,0.0,reject_margin0,2025
EGNS,80,71,71,72,departures,0.8875,0.9,reject_margin0,2025
LFKJ,80,79,79,79,arrivals,0.9875,0.9875,reject_margin0,2025
LIMJ,79,78,77,77,departures,0.9746835443037974,0.9746835443037974,reject_margin0,2025
DTMB,79,0,0,0,departures,0.0,0.0,reject_margin0,2025
LFKJ,78,78,78,78,departures,1.0,1.0,reject_margin0,2025
EDFH,77,73,73,73,departures,0.948051948051948,0.948051948051948,reject_margin0,2025
LYPG,77,2,0,0,departures,0.0,0.0,reject_margin0,2025
LYPG,77,0,0,0,arrivals,0.0,0.0,reject_margin0,2025
EKYT,75,73,73,73,departures,0.9733333333333334,0.9733333333333334,reject_margin0,2025
LBWN,75,66,65,66,arrivals,0.8666666666666667,0.88,reject_margin0,2025
LFMT,75,75,75,75,arrivals,1.0,1.0,reject_margin0,2025
UUDD,75,0,0,0,arrivals,0.0,0.0,reject_margin0,2025
LFMT,74,73,73,73,departures,0.9864864864864865,0.9864864864864865,reject_margin0,2025
EDFH,74,68,68,68,arrivals,0.918918918918919,0.918918918918919,reject_margin0,2025
LTAJ,74,0,0,0,arrivals,0.0,0.0,reject_margin0,2025
EGJB,74,70,65,65,arrivals,0.8783783783783784,0.8783783783783784,reject_margin0,2025
LTAU,73,0,0,0,arrivals,0.0,0.0,reject_margin0,2025
LTAJ,72,1,0,0,departures,0.0,0.0,reject_margin0,2025
LFMD,72,69,13,13,arrivals,0.18055555555555555,0.18055555555555555,reject_margin0,2025
EGHH,72,65,64,66,arrivals,0.8888888888888888,0.9166666666666666,reject_margin0,2025
ENTO,72,69,67,68,arrivals,0.9305555555555556,0.9444444444444444,reject_margin0,2025
LBWN,71,61,61,61,departures,0.8591549295774648,0.8591549295774648,reject_margin0,2025
LRIA,71,51,37,38,departures,0.5211267605633803,0.5352112676056338,reject_margin0,2025
EGHH,71,71,70,70,departures,0.9859154929577465,0.9859154929577465,reject_margin0,2025
ENTO,71,65,65,67,departures,0.9154929577464789,0.9436619718309859,reject_margin0,2025
EKYT,71,69,69,69,arrivals,0.971830985915493,0.971830985915493,reject_margin0,2025
LTAU,70,0,0,0,departures,0.0,0.0,reject_margin0,2025
LEAS,69,62,62,62,departures,0.8985507246376812,0.8985507246376812,reject_margin0,2025
UGSB,69,39,39,39,arrivals,0.5652173913043478,0.5652173913043478,reject_margin0,2025
EDLV,69,69,69,69,arrivals,1.0,1.0,reject_margin0,2025
EDLV,68,68,68,68,departures,1.0,1.0,reject_margin0,2025
LERS,68,61,61,61,arrivals,0.8970588235294118,0.8970588235294118,reject_margin0,2025
LEAS,68,5,5,5,arrivals,0.07352941176470588,0.07352941176470588,reject_margin0,2025
LRIA,68,0,0,0,arrivals,0.0,0.0,reject_margin0,2025
UGSB,67,58,58,63,departures,0.8656716417910447,0.9402985074626866,reject_margin0,2025
LERS,67,62,62,62,departures,0.9253731343283582,0.9253731343283582,reject_margin0,2025
URSS,67,0,0,0,arrivals,0.0,0.0,reject_margin0,2025
LFMD,65,60,60,61,departures,0.9230769230769231,0.9384615384615385,reject_margin0,2025
LFKF,65,57,57,57,arrivals,0.8769230769230769,0.8769230769230769,reject_margin0,2025
GMME,64,55,40,46,departures,0.625,0.71875,reject_margin0,2025
GMME,63,27,26,26,arrivals,0.4126984126984127,0.4126984126984127,reject_margin0,2025
LIEA,62,62,62,62,departures,1.0,1.0,reject_margin0,2025
LGKF,62,62,61,61,departures,0.9838709677419355,0.9838709677419355,reject_margin0,2025
LIEA,62,62,62,62,arrivals,1.0,1.0,reject_margin0,2025
LIPQ,61,58,58,58,departures,0.9508196721311475,0.9508196721311475,reject_margin0,2025
LFKF,61,60,60,65,departures,0.9836065573770492,1.0655737704918034,reject_margin0,2025
EDDG,60,60,60,60,departures,1.0,1.0,reject_margin0,2025
EPRZ,60,55,54,54,departures,0.9,0.9,reject_margin0,2025
LGKF,60,56,55,55,arrivals,0.9166666666666666,0.9166666666666666,reject_margin0,2025
DTNH,59,0,0,0,departures,0.0,0.0,reject_margin0,2025
LRTR,59,38,31,31,departures,0.5254237288135594,0.5254237288135594,reject_margin0,2025
LIPQ,59,59,58,58,arrivals,0.9830508474576272,0.9830508474576272,reject_margin0,2025
LTBA,58,58,58,65,departures,1.0,1.1206896551724137,reject_margin0,2025
DTNH,58,0,0,0,arrivals,0.0,0.0,reject_margin0,2025
EPRZ,58,53,52,52,arrivals,0.896551724137931,0.896551724137931,reject_margin0,2025
LFBZ,57,57,57,60,arrivals,1.0,1.0526315789473684,reject_margin0,2025
LRTR,57,3,3,4,arrivals,0.05263157894736842,0.07017543859649122,reject_margin0,2025
LFQQ,57,56,56,56,arrivals,0.9824561403508771,0.9824561403508771,reject_margin0,2025
LOWG,56,56,53,54,departures,0.9464285714285714,0.9642857142857143,reject_margin0,2025
LFQQ,56,56,56,56,departures,1.0,1.0,reject_margin0,2025
LTCC,56,0,0,0,arrivals,0.0,0.0,reject_margin0,2025
EDDG,56,54,54,54,arrivals,0.9642857142857143,0.9642857142857143,reject_margin0,2025
LFBZ,55,51,51,52,departures,0.9272727272727272,0.9454545454545454,reject_margin0,2025
LTCC,55,2,0,0,departures,0.0,0.0,reject_margin0,2025
LDPL,55,49,49,50,arrivals,0.8909090909090909,0.9090909090909091,reject_margin0,2025
LFTH,55,53,52,63,arrivals,0.9454545454545454,1.1454545454545455,reject_margin0,2025
EYKA,54,52,50,50,departures,0.9259259259259259,0.9259259259259259,reject_margin0,2025
LOWG,53,52,51,54,arrivals,0.9622641509433962,1.0188679245283019,reject_margin0,2025
LKTB,52,51,48,48,departures,0.9230769230769231,0.9230769230769231,reject_margin0,2025
URSS,52,1,0,0,departures,0.0,0.0,reject_margin0,2025
GMFF,52,46,45,46,departures,0.8653846153846154,0.8846153846153846,reject_margin0,2025
LTBA,52,47,42,72,arrivals,0.8076923076923077,1.3846153846153846,reject_margin0,2025
LKTB,52,50,47,47,arrivals,0.9038461538461539,0.9038461538461539,reject_margin0,2025
GMFF,52,0,0,0,arrivals,0.0,0.0,reject_margin0,2025
LFTH,51,45,45,56,departures,0.8823529411764706,1.0980392156862746,reject_margin0,2025
EGPE,51,48,48,48,departures,0.9411764705882353,0.9411764705882353,reject_margin0,2025
EHKD,50,49,49,78,departures,0.98,1.56,reject_margin0,2025
LFST,50,48,48,49,arrivals,0.96,0.98,reject_margin0,2025
EYKA,50,19,11,11,arrivals,0.22,0.22,reject_margin0,2025
LDPL,49,44,44,45,departures,0.8979591836734694,0.9183673469387755,reject_margin0,2025
UGKO,49,0,0,2,departures,0.0,0.04081632653061224,reject_margin0,2025
LFST,49,47,47,47,departures,0.9591836734693877,0.9591836734693877,reject_margin0,2025
DAOO,49,35,35,35,arrivals,0.7142857142857143,0.7142857142857143,reject_margin0,2025
UGKO,49,0,0,0,arrivals,0.0,0.0,reject_margin0,2025
EGFF,49,45,44,44,arrivals,0.8979591836734694,0.8979591836734694,reject_margin0,2025
EGPE,49,45,45,45,arrivals,0.9183673469387755,0.9183673469387755,reject_margin0,2025
DAOO,48,37,37,37,departures,0.7708333333333334,0.7708333333333334,reject_margin0,2025
EGFF,48,47,47,48,departures,0.9791666666666666,1.0,reject_margin0,2025
UBBN,48,0,0,0,departures,0.0,0.0,reject_margin0,2025
ENCN,48,48,48,48,departures,1.0,1.0,reject_margin0,2025
EHKD,48,36,36,43,arrivals,0.75,0.8958333333333334,reject_margin0,2025
ENAL,48,1,1,1,arrivals,0.020833333333333332,0.020833333333333332,reject_margin0,2025
UBBN,48,1,0,0,arrivals,0.0,0.0,reject_margin0,2025
ORBI,48,0,0,0,arrivals,0.0,0.0,reject_margin0,2025
LFRB,47,41,41,41,departures,0.8723404255319149,0.8723404255319149,reject_margin0,2025
ENAL,46,9,1,1,departures,0.021739130434782608,0.021739130434782608,reject_margin0,2025
ENKB,46,4,4,4,departures,0.08695652173913043,0.08695652173913043,reject_margin0,2025
LGPZ,46,1,0,0,arrivals,0.0,0.0,reject_margin0,2025
LTFH,45,7,7,8,departures,0.15555555555555556,0.17777777777777778,reject_margin0,2025
LGPZ,45,31,24,26,departures,0.5333333333333333,0.5777777777777777,reject_margin0,2025
EDDC,45,44,44,44,departures,0.9777777777777777,0.9777777777777777,reject_margin0,2025
LGPA,45,8,0,0,departures,0.0,0.0,reject_margin0,2025
LTFH,45,4,4,4,arrivals,0.08888888888888889,0.08888888888888889,reject_margin0,2025
EDDC,45,44,44,44,arrivals,0.9777777777777777,0.9777777777777777,reject_margin0,2025
LIRI,44,29,27,31,departures,0.6136363636363636,0.7045454545454546,reject_margin0,2025
GEML,44,44,44,46,departures,1.0,1.0454545454545454,reject_margin0,2025
ORER,44,1,0,0,departures,0.0,0.0,reject_margin0,2025
ESSB,44,39,38,40,departures,0.8636363636363636,0.9090909090909091,reject_margin0,2025
BIRK,44,44,44,57,departures,1.0,1.2954545454545454,reject_margin0,2025
GEML,44,43,43,44,arrivals,0.9772727272727273,1.0,reject_margin0,2025
ORER,44,0,0,0,arrivals,0.0,0.0,reject_margin0,2025
LEJR,44,43,43,43,arrivals,0.9772727272727273,0.9772727272727273,reject_margin0,2025
BIRK,44,37,37,38,arrivals,0.8409090909090909,0.8636363636363636,reject_margin0,2025
ENKB,44,0,0,0,arrivals,0.0,0.0,reject_margin0,2025
LFRB,44,39,39,39,arrivals,0.8863636363636364,0.8863636363636364,reject_margin0,2025
LKMT,44,39,39,40,arrivals,0.8863636363636364,0.9090909090909091,reject_margin0,2025
LKMT,43,40,40,40,departures,0.9302325581395349,0.9302325581395349,reject_margin0,2025
LIBP,43,42,42,42,arrivals,0.9767441860465116,0.9767441860465116,reject_margin0,2025
LOWI,43,31,30,30,arrivals,0.6976744186046512,0.6976744186046512,reject_margin0,2025
ENCN,43,12,12,12,arrivals,0.27906976744186046,0.27906976744186046,reject_margin0,2025
EPMO,42,42,42,46,departures,1.0,1.0952380952380953,reject_margin0,2025
ENEV,42,13,0,0,departures,0.0,0.0,reject_margin0,2025
ORBI,42,4,0,0,departures,0.0,0.0,reject_margin0,2025
LIRI,42,15,13,13,arrivals,0.30952380952380953,0.30952380952380953,reject_margin0,2025
UMMS,42,2,2,2,arrivals,0.047619047619047616,0.047619047619047616,reject_margin0,2025
ESMS,42,36,36,36,arrivals,0.8571428571428571,0.8571428571428571,reject_margin0,2025
ENEV,42,9,0,0,arrivals,0.0,0.0,reject_margin0,2025
LGSM,42,23,23,30,arrivals,0.5476190476190477,0.7142857142857143,reject_margin0,2025
ESMS,41,38,38,39,departures,0.926829268292683,0.9512195121951219,reject_margin0,2025
LIBP,41,41,41,43,departures,1.0,1.048780487804878,reject_margin0,2025
LGSM,41,40,39,48,departures,0.9512195121951219,1.170731707317073,reject_margin0,2025
LIRZ,41,41,39,41,arrivals,0.9512195121951219,1.0,reject_margin0,2025
UMMS,40,19,16,16,departures,0.4,0.4,reject_margin0,2025
LEJR,40,40,40,40,departures,1.0,1.0,reject_margin0,2025
LEVX,40,23,23,23,arrivals,0.575,0.575,reject_margin0,2025
UWKD,40,0,0,0,arrivals,0.0,0.0,reject_margin0,2025
LICT,40,6,6,6,arrivals,0.15,0.15,reject_margin0,2025
EPMO,40,29,29,29,arrivals,0.725,0.725,reject_margin0,2025
LEAM,40,39,39,39,arrivals,0.975,0.975,reject_margin0,2025
GMMW,40,37,36,36,arrivals,0.9,0.9,reject_margin0,2025
LGPA,40,4,0,0,arrivals,0.0,0.0,reject_margin0,2025
LEVT,39,38,37,46,departures,0.9487179487179487,1.1794871794871795,reject_margin0,2025
LICT,39,8,8,10,departures,0.20512820512820512,0.2564102564102564,reject_margin0,2025
LIRZ,39,39,35,35,departures,0.8974358974358975,0.8974358974358975,reject_margin0,2025
LEXJ,39,36,36,37,departures,0.9230769230769231,0.9487179487179487,reject_margin0,2025
GMMW,39,39,37,37,departures,0.9487179487179487,0.9487179487179487,reject_margin0,2025
EGPB,39,0,0,0,arrivals,0.0,0.0,reject_margin0,2025
LEVT,39,1,1,1,arrivals,0.02564102564102564,0.02564102564102564,reject_margin0,2025
LEZG,39,13,13,13,arrivals,0.3333333333333333,0.3333333333333333,reject_margin0,2025
EDLP,39,35,35,36,arrivals,0.8974358974358975,0.9230769230769231,reject_margin0,2025
EGPB,38,1,0,0,departures,0.0,0.0,reject_margin0,2025
UWKD,38,11,1,1,departures,0.02631578947368421,0.02631578947368421,reject_margin0,2025
LEZG,38,14,14,14,departures,0.3684210526315789,0.3684210526315789,reject_margin0,2025
ESPA,38,16,16,16,departures,0.42105263157894735,0.42105263157894735,reject_margin0,2025
LEVX,37,36,36,36,departures,0.972972972972973,0.972972972972973,reject_margin0,2025
LGSK,37,25,24,24,departures,0.6486486486486487,0.6486486486486487,reject_margin0,2025
LOWL,37,36,36,36,departures,0.972972972972973,0.972972972972973,reject_margin0,2025
LEAM,37,36,36,36,departures,0.972972972972973,0.972972972972973,reject_margin0,2025
LIPY,37,37,37,37,departures,1.0,1.0,reject_margin0,2025
LGSK,37,31,31,31,arrivals,0.8378378378378378,0.8378378378378378,reject_margin0,2025
ESSB,37,32,32,34,arrivals,0.8648648648648649,0.918918918918919,reject_margin0,2025
LEXJ,37,0,0,0,arrivals,0.0,0.0,reject_margin0,2025
EGTE,36,34,34,34,departures,0.9444444444444444,0.9444444444444444,reject_margin0,2025
LECO,36,34,34,34,departures,0.9444444444444444,0.9444444444444444,reject_margin0,2025
EGTE,36,32,32,32,arrivals,0.8888888888888888,0.8888888888888888,reject_margin0,2025
LIPY,36,15,15,15,arrivals,0.4166666666666667,0.4166666666666667,reject_margin0,2025
LTFO,36,22,22,22,arrivals,0.6111111111111112,0.6111111111111112,reject_margin0,2025
EGMC,35,35,35,35,departures,1.0,1.0,reject_margin0,2025
EDLP,35,32,32,32,departures,0.9142857142857143,0.9142857142857143,reject_margin0,2025
LZKZ,35,35,35,35,departures,1.0,1.0,reject_margin0,2025
LTFO,35,32,32,32,departures,0.9142857142857143,0.9142857142857143,reject_margin0,2025
LTFG,35,33,32,32,arrivals,0.9142857142857143,0.9142857142857143,reject_margin0,2025
ESPA,35,0,0,0,arrivals,0.0,0.0,reject_margin0,2025
LECO,35,35,35,41,arrivals,1.0,1.1714285714285715,reject_margin0,2025
GMFO,34,32,32,32,departures,0.9411764705882353,0.9411764705882353,reject_margin0,2025
LTFG,34,34,34,34,departures,1.0,1.0,reject_margin0,2025
LEGR,34,32,32,32,departures,0.9411764705882353,0.9411764705882353,reject_margin0,2025
LOWL,34,32,32,33,arrivals,0.9411764705882353,0.9705882352941176,reject_margin0,2025
LICR,34,0,0,0,arrivals,0.0,0.0,reject_margin0,2025
GMFO,34,27,27,27,arrivals,0.7941176470588235,0.7941176470588235,reject_margin0,2025
LEGR,34,1,1,1,arrivals,0.029411764705882353,0.029411764705882353,reject_margin0,2025
LGMT,34,34,34,34,arrivals,1.0,1.0,reject_margin0,2025
LZKZ,34,27,27,27,arrivals,0.7941176470588235,0.7941176470588235,reject_margin0,2025
LICR,33,4,4,8,departures,0.12121212121212122,0.24242424242424243,reject_margin0,2025
LTCI,33,0,0,0,departures,0.0,0.0,reject_margin0,2025
LGMT,33,32,31,31,departures,0.9393939393939394,0.9393939393939394,reject_margin0,2025
LOWI,33,30,29,29,departures,0.8787878787878788,0.8787878787878788,reject_margin0,2025
EGMC,33,33,33,69,arrivals,1.0,2.090909090909091,reject_margin0,2025
EKAH,33,30,30,30,arrivals,0.9090909090909091,0.9090909090909091,reject_margin0,2025
EGWU,32,32,0,0,departures,0.0,0.0,reject_margin0,2025
LTCB,32,12,11,13,departures,0.34375,0.40625,reject_margin0,2025
EKAH,32,32,32,32,departures,1.0,1.0,reject_margin0,2025
LFRN,32,32,32,32,departures,1.0,1.0,reject_margin0,2025
LEMI,32,31,31,31,arrivals,0.96875,0.96875,reject_margin0,2025
LTCI,32,0,0,0,arrivals,0.0,0.0,reject_margin0,2025
LEMI,31,31,31,31,departures,1.0,1.0,reject_margin0,2025
EIKN,31,30,30,30,departures,0.967741935483871,0.967741935483871,reject_margin0,2025
ENHD,31,29,27,31,departures,0.8709677419354839,1.0,reject_margin0,2025
EDMO,31,30,27,27,departures,0.8709677419354839,0.8709677419354839,reject_margin0,2025
LFRN,31,31,31,31,arrivals,1.0,1.0,reject_margin0,2025
LTCE,31,0,0,0,arrivals,0.0,0.0,reject_margin0,2025
EGPK,30,30,30,30,departures,1.0,1.0,reject_margin0,2025
URMM,30,3,2,2,departures,0.06666666666666667,0.06666666666666667,reject_margin0,2025
LGNX,30,9,0,0,departures,0.0,0.0,reject_margin0,2025
LTCB,30,12,12,12,arrivals,0.4,0.4,reject_margin0,2025
LGNX,30,2,0,0,arrivals,0.0,0.0,reject_margin0,2025
EIKN,30,30,30,30,arrivals,1.0,1.0,reject_margin0,2025
EBAW,29,29,28,29,departures,0.9655172413793104,1.0,reject_margin0,2025
LTCE,29,0,0,0,departures,0.0,0.0,reject_margin0,2025
EGPA,29,11,0,0,departures,0.0,0.0,reject_margin0,2025
LTAZ,29,0,0,0,departures,0.0,0.0,reject_margin0,2025
EGPK,29,25,25,26,arrivals,0.8620689655172413,0.896551724137931,reject_margin0,2025
URMM,29,0,0,0,arrivals,0.0,0.0,reject_margin0,2025
ENHD,29,23,23,27,arrivals,0.7931034482758621,0.9310344827586207,reject_margin0,2025
LTAZ,29,1,0,0,arrivals,0.0,0.0,reject_margin0,2025
EGHQ,28,27,27,27,departures,0.9642857142857143,0.9642857142857143,reject_margin0,2025
ESNU,28,8,8,8,departures,0.2857142857142857,0.2857142857142857,reject_margin0,2025
EGHQ,28,27,27,27,arrivals,0.9642857142857143,0.9642857142857143,reject_margin0,2025
LTCA,27,0,0,0,departures,0.0,0.0,reject_margin0,2025
ENBN,27,10,5,10,departures,0.18518518518518517,0.37037037037037035,reject_margin0,2025
LICD,27,25,25,25,departures,0.9259259259259259,0.9259259259259259,reject_margin0,2025
LIPB,27,17,16,16,arrivals,0.5925925925925926,0.5925925925925926,reject_margin0,2025
EGWU,27,25,0,0,arrivals,0.0,0.0,reject_margin0,2025
LTAN,27,0,0,0,arrivals,0.0,0.0,reject_margin0,2025
LTCA,27,0,0,0,arrivals,0.0,0.0,reject_margin0,2025
LICD,27,11,11,11,arrivals,0.4074074074074074,0.4074074074074074,reject_margin0,2025
LFKC,27,27,27,27,arrivals,1.0,1.0,reject_margin0,2025
LTAT,26,1,0,0,departures,0.0,0.0,reject_margin0,2025
LPCS,26,26,23,24,departures,0.8846153846153846,0.9230769230769231,reject_margin0,2025
LIPB,26,26,25,25,departures,0.9615384615384616,0.9615384615384616,reject_margin0,2025
LTCS,26,0,0,0,departures,0.0,0.0,reject_margin0,2025
LTAN,26,0,0,0,departures,0.0,0.0,reject_margin0,2025
LRBS,26,26,26,27,departures,1.0,1.0384615384615385,reject_margin0,2025
LFKC,26,26,26,26,departures,1.0,1.0,reject_margin0,2025
LGHI,26,5,4,4,arrivals,0.15384615384615385,0.15384615384615385,reject_margin0,2025
LTCS,26,0,0,0,arrivals,0.0,0.0,reject_margin0,2025
ESNU,26,0,0,0,arrivals,0.0,0.0,reject_margin0,2025
ENBN,26,0,0,0,arrivals,0.0,0.0,reject_margin0,2025
EGPA,26,0,0,0,arrivals,0.0,0.0,reject_margin0,2025
LGKL,25,21,21,21,departures,0.84,0.84,reject_margin0,2025
LGHI,25,24,24,26,departures,0.96,1.04,reject_margin0,2025
LGML,25,0,0,0,departures,0.0,0.0,reject_margin0,2025
LFMP,25,24,24,24,departures,0.96,0.96,reject_margin0,2025
EHBK,25,22,21,21,departures,0.84,0.84,reject_margin0,2025
EFOU,25,1,1,2,departures,0.04,0.08,reject_margin0,2025
EGSH,25,25,25,25,departures,1.0,1.0,reject_margin0,2025
LGKL,25,22,22,22,arrivals,0.88,0.88,reject_margin0,2025
EFOU,25,0,0,0,arrivals,0.0,0.0,reject_margin0,2025
EGSH,25,25,25,26,arrivals,1.0,1.04,reject_margin0,2025
LPCS,25,24,21,22,arrivals,0.84,0.88,reject_margin0,2025
EBAW,25,25,24,27,arrivals,0.96,1.08,reject_margin0,2025
LFRK,24,24,23,24,departures,0.9583333333333334,1.0,reject_margin0,2025
EKVG,24,0,0,0,departures,0.0,0.0,reject_margin0,2025
ENFL,24,15,15,19,departures,0.625,0.7916666666666666,reject_margin0,2025
ENAT,24,18,0,0,departures,0.0,0.0,reject_margin0,2025
LICG,24,14,11,11,departures,0.4583333333333333,0.4583333333333333,reject_margin0,2025
LIPR,24,23,23,25,departures,0.9583333333333334,1.0416666666666667,reject_margin0,2025
LTAT,24,0,0,0,arrivals,0.0,0.0,reject_margin0,2025
EKVG,24,0,0,0,arrivals,0.0,0.0,reject_margin0,2025
ENFL,24,0,0,0,arrivals,0.0,0.0,reject_margin0,2025
ENAT,24,0,0,0,arrivals,0.0,0.0,reject_margin0,2025
LESO,24,3,0,0,arrivals,0.0,0.0,reject_margin0,2025
EHBK,24,19,18,19,arrivals,0.75,0.7916666666666666,reject_margin0,2025
LIPR,24,23,23,24,arrivals,0.9583333333333334,1.0,reject_margin0,2025
LFMP,24,22,21,21,arrivals,0.875,0.875,reject_margin0,2025
EDDR,23,17,17,18,departures,0.7391304347826086,0.782608695652174,reject_margin0,2025
ESSV,23,20,20,21,departures,0.8695652173913043,0.9130434782608695,reject_margin0,2025
ENOV,23,3,3,11,departures,0.13043478260869565,0.4782608695652174,reject_margin0,2025
ENKR,23,6,0,0,departures,0.0,0.0,reject_margin0,2025
LESO,23,19,15,16,departures,0.6521739130434783,0.6956521739130435,reject_margin0,2025
ENLK,23,19,0,0,departures,0.0,0.0,reject_margin0,2025
LFBT,23,23,23,23,departures,1.0,1.0,reject_margin0,2025
ENKR,23,0,0,0,arrivals,0.0,0.0,reject_margin0,2025
LICG,23,3,3,3,arrivals,0.13043478260869565,0.13043478260869565,reject_margin0,2025
EGPO,23,3,0,0,arrivals,0.0,0.0,reject_margin0,2025
EDXW,22,21,19,19,departures,0.8636363636363636,0.8636363636363636,reject_margin0,2025
LLER,22,4,0,0,departures,0.0,0.0,reject_margin0,2025
LSGS,22,21,21,23,departures,0.9545454545454546,1.0454545454545454,reject_margin0,2025
LRSB,22,13,13,13,departures,0.5909090909090909,0.5909090909090909,reject_margin0,2025
LFBP,22,18,18,18,departures,0.8181818181818182,0.8181818181818182,reject_margin0,2025
LGKP,22,3,0,0,departures,0.0,0.0,reject_margin0,2025
EGNV,22,19,19,19,departures,0.8636363636363636,0.8636363636363636,reject_margin0,2025
EGPO,22,2,2,2,departures,0.09090909090909091,0.09090909090909091,reject_margin0,2025
EPSC,22,21,21,21,departures,0.9545454545454546,0.9545454545454546,reject_margin0,2025
EIKY,22,22,22,22,departures,1.0,1.0,reject_margin0,2025
LRCV,22,1,1,1,departures,0.045454545454545456,0.045454545454545456,reject_margin0,2025
GCHI,22,11,0,0,departures,0.0,0.0,reject_margin0,2025
LFRK,22,21,20,20,arrivals,0.9090909090909091,0.9090909090909091,reject_margin0,2025
EDDR,22,16,16,19,arrivals,0.7272727272727273,0.8636363636363636,reject_margin0,2025
ESSV,22,11,11,11,arrivals,0.5,0.5,reject_margin0,2025
EDXW,22,21,19,19,arrivals,0.8636363636363636,0.8636363636363636,reject_margin0,2025
ENOV,22,0,0,0,arrivals,0.0,0.0,reject_margin0,2025
LLER,22,0,0,0,arrivals,0.0,0.0,reject_margin0,2025
LRSB,22,3,3,3,arrivals,0.13636363636363635,0.13636363636363635,reject_margin0,2025
LFBP,22,22,22,22,arrivals,1.0,1.0,reject_margin0,2025
LGKP,22,0,0,0,arrivals,0.0,0.0,reject_margin0,2025
EDMO,22,22,19,20,arrivals,0.8636363636363636,0.9090909090909091,reject_margin0,2025
EPSC,22,12,11,11,arrivals,0.5,0.5,reject_margin0,2025
ENLK,22,2,0,0,arrivals,0.0,0.0,reject_margin0,2025
GCHI,22,0,0,0,arrivals,0.0,0.0,reject_margin0,2025
LFBT,22,22,22,22,arrivals,1.0,1.0,reject_margin0,2025
LDRI,21,18,18,19,departures,0.8571428571428571,0.9047619047619048,reject_margin0,2025
LRSV,21,11,11,13,departures,0.5238095238095238,0.6190476190476191,reject_margin0,2025
ENSG,21,6,0,0,departures,0.0,0.0,reject_margin0,2025
BIAR,21,0,0,0,departures,0.0,0.0,reject_margin0,2025
LDRI,21,18,18,19,arrivals,0.8571428571428571,0.9047619047619048,reject_margin0,2025
LGML,21,0,0,0,arrivals,0.0,0.0,reject_margin0,2025
EGNV,21,19,19,19,arrivals,0.9047619047619048,0.9047619047619048,reject_margin0,2025
LSZB,21,20,19,23,arrivals,0.9047619047619048,1.0952380952380953,reject_margin0,2025
LRCV,21,0,0,0,arrivals,0.0,0.0,reject_margin0,2025
LRBS,21,20,19,20,arrivals,0.9047619047619048,0.9523809523809523,reject_margin0,2025
BIAR,21,0,0,0,arrivals,0.0,0.0,reject_margin0,2025
ENSG,21,5,0,0,arrivals,0.0,0.0,reject_margin0,2025
EIKY,21,21,21,21,arrivals,1.0,1.0,reject_margin0,2025
LFLC,21,20,20,20,arrivals,0.9523809523809523,0.9523809523809523,reject_margin0,2025
DABC,20,0,0,0,departures,0.0,0.0,reject_margin0,2025
LTCR,20,0,0,0,departures,0.0,0.0,reject_margin0,2025
LSZB,20,19,18,20,departures,0.9,1.0,reject_margin0,2025
GMTN,20,20,19,19,arrivals,0.95,0.95,reject_margin0,2025
LSGS,20,1,0,0,arrivals,0.0,0.0,reject_margin0,2025
LTCR,20,0,0,0,arrivals,0.0,0.0,reject_margin0,2025
LRSV,20,0,0,0,arrivals,0.0,0.0,reject_margin0,2025
EGNJ,20,15,15,15,arrivals,0.75,0.75,reject_margin0,2025
HLLM,20,1,1,1,arrivals,0.05,0.05,reject_margin0,2025
DABC,20,0,0,0,arrivals,0.0,0.0,reject_margin0,2025
LTCJ,19,0,0,0,departures,0.0,0.0,reject_margin0,2025
GMTN,19,18,18,18,departures,0.9473684210526315,0.9473684210526315,reject_margin0,2025
EFTU,19,17,17,17,departures,0.8947368421052632,0.8947368421052632,reject_margin0,2025
ENVD,19,8,0,0,departures,0.0,0.0,reject_margin0,2025
LRBC,19,19,19,30,departures,1.0,1.5789473684210527,reject_margin0,2025
ENSK,19,18,0,0,departures,0.0,0.0,reject_margin0,2025
LSZR,19,19,19,21,departures,1.0,1.105263157894737,reject_margin0,2025
LOWK,19,19,19,19,departures,1.0,1.0,reject_margin0,2025
EGTK,19,19,19,20,departures,1.0,1.0526315789473684,reject_margin0,2025
HLLM,19,2,2,2,departures,0.10526315789473684,0.10526315789473684,reject_margin0,2025
LTCJ,19,0,0,0,arrivals,0.0,0.0,reject_margin0,2025
LRBC,19,3,3,3,arrivals,0.15789473684210525,0.15789473684210525,reject_margin0,2025
ENSK,19,4,0,0,arrivals,0.0,0.0,reject_margin0,2025
LFTZ,19,18,0,0,arrivals,0.0,0.0,reject_margin0,2025
LSZR,19,18,18,18,arrivals,0.9473684210526315,0.9473684210526315,reject_margin0,2025
EYPA,18,17,16,16,departures,0.8888888888888888,0.8888888888888888,reject_margin0,2025
EGJA,18,16,16,16,departures,0.8888888888888888,0.8888888888888888,reject_margin0,2025
EBOS,18,16,16,16,departures,0.8888888888888888,0.8888888888888888,reject_margin0,2025
LFLC,18,18,18,18,departures,1.0,1.0,reject_margin0,2025
LOWK,18,9,9,9,arrivals,0.5,0.5,reject_margin0,2025
LIPO,18,18,14,15,arrivals,0.7777777777777778,0.8333333333333334,reject_margin0,2025
EGJA,18,18,18,22,arrivals,1.0,1.2222222222222223,reject_margin0,2025
EFTU,18,10,10,10,arrivals,0.5555555555555556,0.5555555555555556,reject_margin0,2025
EFRO,17,0,0,0,departures,0.0,0.0,reject_margin0,2025
LPAZ,17,16,16,16,departures,0.9411764705882353,0.9411764705882353,reject_margin0,2025
EPLL,17,17,17,17,departures,1.0,1.0,reject_margin0,2025
LQBK,17,17,17,17,departures,1.0,1.0,reject_margin0,2025
ENML,17,5,4,4,departures,0.23529411764705882,0.23529411764705882,reject_margin0,2025
LGAL,17,16,16,16,departures,0.9411764705882353,0.9411764705882353,reject_margin0,2025
EBKT,17,17,17,18,departures,1.0,1.0588235294117647,reject_margin0,2025
EFRO,17,0,0,0,arrivals,0.0,0.0,reject_margin0,2025
LQBK,17,8,8,8,arrivals,0.47058823529411764,0.47058823529411764,reject_margin0,2025
EBOS,17,15,15,18,arrivals,0.8823529411764706,1.0588235294117647,reject_margin0,2025
EYPA,17,6,4,4,arrivals,0.23529411764705882,0.23529411764705882,reject_margin0,2025
LFLY,16,16,0,0,departures,0.0,0.0,reject_margin0,2025
EKRN,16,16,16,17,departures,1.0,1.0625,reject_margin0,2025
LYNI,16,1,0,0,departures,0.0,0.0,reject_margin0,2025
LFBL,16,11,11,11,departures,0.6875,0.6875,reject_margin0,2025
EPBY,16,15,15,15,departures,0.9375,0.9375,reject_margin0,2025
LTCF,16,0,0,0,departures,0.0,0.0,reject_margin0,2025
EGNJ,16,12,12,12,departures,0.75,0.75,reject_margin0,2025
EDDE,16,16,16,16,departures,1.0,1.0,reject_margin0,2025
LXGB,16,15,15,15,departures,0.9375,0.9375,reject_margin0,2025
LEPP,16,16,16,18,departures,1.0,1.125,reject_margin0,2025
EPLB,16,15,15,16,departures,0.9375,1.0,reject_margin0,2025
LFBE,16,15,15,15,departures,0.9375,0.9375,reject_margin0,2025
EKEB,16,13,13,15,departures,0.8125,0.9375,reject_margin0,2025
LECH,16,14,14,15,departures,0.875,0.9375,reject_margin0,2025
LFLY,16,16,0,0,arrivals,0.0,0.0,reject_margin0,2025
LYNI,16,0,0,0,arrivals,0.0,0.0,reject_margin0,2025
LFBL,16,0,0,0,arrivals,0.0,0.0,reject_margin0,2025
EPLL,16,15,15,15,arrivals,0.9375,0.9375,reject_margin0,2025
LTCF,16,0,0,0,arrivals,0.0,0.0,reject_margin0,2025
ENSH,16,1,0,0,arrivals,0.0,0.0,reject_margin0,2025
LFMK,16,16,16,17,arrivals,1.0,1.0625,reject_margin0,2025
EGTK,16,16,15,15,arrivals,0.9375,0.9375,reject_margin0,2025
LGAL,16,16,16,16,arrivals,1.0,1.0,reject_margin0,2025
EDVE,16,16,14,14,arrivals,0.875,0.875,reject_margin0,2025
EPLB,16,15,15,18,arrivals,0.9375,1.125,reject_margin0,2025
LFBE,16,16,16,16,arrivals,1.0,1.0,reject_margin0,2025
LXGB,16,15,15,15,arrivals,0.9375,0.9375,reject_margin0,2025
UWGG,15,0,0,0,departures,0.0,0.0,reject_margin0,2025
HESX,15,5,4,5,departures,0.26666666666666666,0.3333333333333333,reject_margin0,2025
LTCK,15,0,0,0,departures,0.0,0.0,reject_margin0,2025
EDNY,15,13,12,12,departures,0.8,0.8,reject_margin0,2025
ENRA,15,9,7,8,departures,0.4666666666666667,0.5333333333333333,reject_margin0,2025
EGAE,15,5,5,5,departures,0.3333333333333333,0.3333333333333333,reject_margin0,2025
LFMK,15,15,15,15,departures,1.0,1.0,reject_margin0,2025
LFRM,15,15,14,16,arrivals,0.9333333333333333,1.0666666666666667,reject_margin0,2025
EKRN,15,14,14,14,arrivals,0.9333333333333333,0.9333333333333333,reject_margin0,2025
ENVD,15,0,0,0,arrivals,0.0,0.0,reject_margin0,2025
LTCK,15,0,0,0,arrivals,0.0,0.0,reject_margin0,2025
EPBY,15,9,9,9,arrivals,0.6,0.6,reject_margin0,2025
EDNY,15,12,12,13,arrivals,0.8,0.8666666666666667,reject_margin0,2025
ENML,15,0,0,0,arrivals,0.0,0.0,reject_margin0,2025
LLHA,15,13,13,13,arrivals,0.8666666666666667,0.8666666666666667,reject_margin0,2025
LGLM,15,0,0,0,arrivals,0.0,0.0,reject_margin0,2025
LECH,15,13,13,13,arrivals,0.8666666666666667,0.8666666666666667,reject_margin0,2025
HESX,15,4,4,17,arrivals,0.26666666666666666,1.1333333333333333,reject_margin0,2025
EDDE,15,15,14,14,arrivals,0.9333333333333333,0.9333333333333333,reject_margin0,2025
EKEB,15,12,12,12,arrivals,0.8,0.8,reject_margin0,2025
LFSD,15,15,14,16,arrivals,0.9333333333333333,1.0666666666666667,reject_margin0,2025
LTAY,14,2,2,2,departures,0.14285714285714285,0.14285714285714285,reject_margin0,2025
ETSI,14,13,13,13,departures,0.9285714285714286,0.9285714285714286,reject_margin0,2025
LROD,14,4,3,3,departures,0.21428571428571427,0.21428571428571427,reject_margin0,2025
ENSH,14,14,0,0,departures,0.0,0.0,reject_margin0,2025
LTAR,14,0,0,0,departures,0.0,0.0,reject_margin0,2025
EDVE,14,14,14,14,departures,1.0,1.0,reject_margin0,2025
LGLM,14,0,0,0,departures,0.0,0.0,reject_margin0,2025
LLHA,14,13,13,13,departures,0.9285714285714286,0.9285714285714286,reject_margin0,2025
EFKU,14,14,14,14,departures,1.0,1.0,reject_margin0,2025
LFBH,14,10,9,9,arrivals,0.6428571428571429,0.6428571428571429,reject_margin0,2025
LPAZ,14,12,12,14,arrivals,0.8571428571428571,1.0,reject_margin0,2025
LROD,14,0,0,0,arrivals,0.0,0.0,reject_margin0,2025
ENRA,14,0,0,0,arrivals,0.0,0.0,reject_margin0,2025
EGAE,14,4,3,3,arrivals,0.21428571428571427,0.21428571428571427,reject_margin0,2025
LTAR,14,0,0,0,arrivals,0.0,0.0,reject_margin0,2025
LEPP,14,2,2,2,arrivals,0.14285714285714285,0.14285714285714285,reject_margin0,2025
LFRM,13,13,13,14,departures,1.0,1.0769230769230769,reject_margin0,2025
LFBH,13,13,13,13,departures,1.0,1.0,reject_margin0,2025
LTDA,13,0,0,0,departures,0.0,0.0,reject_margin0,2025
LPPS,13,6,5,5,departures,0.38461538461538464,0.38461538461538464,reject_margin0,2025
LFRZ,13,13,10,10,departures,0.7692307692307693,0.7692307692307693,reject_margin0,2025
LTCT,13,0,0,0,departures,0.0,0.0,reject_margin0,2025
LIBC,13,0,0,0,departures,0.0,0.0,reject_margin0,2025
EDMA,13,13,13,13,departures,1.0,1.0,reject_margin0,2025
LGKV,13,13,13,14,departures,1.0,1.0769230769230769,reject_margin0,2025
EFVA,13,12,12,12,departures,0.9230769230769231,0.9230769230769231,reject_margin0,2025
UWGG,13,0,0,0,arrivals,0.0,0.0,reject_margin0,2025
LTAY,13,0,0,0,arrivals,0.0,0.0,reject_margin0,2025
LGKV,13,13,13,13,arrivals,1.0,1.0,reject_margin0,2025
LPPS,13,6,4,4,arrivals,0.3076923076923077,0.3076923076923077,reject_margin0,2025
LFRZ,13,13,10,10,arrivals,0.7692307692307693,0.7692307692307693,reject_margin0,2025
EFKU,13,13,13,13,arrivals,1.0,1.0,reject_margin0,2025
LTCT,13,0,0,0,arrivals,0.0,0.0,reject_margin0,2025
LBPD,13,1,0,0,arrivals,0.0,0.0,reject_margin0,2025
ESNS,12,12,12,12,departures,1.0,1.0,reject_margin0,2025
EDFM,12,11,11,17,departures,0.9166666666666666,1.4166666666666667,reject_margin0,2025
LFMU,12,12,12,12,departures,1.0,1.0,reject_margin0,2025
ENBL,12,0,0,0,departures,0.0,0.0,reject_margin0,2025
GCGM,12,6,0,0,departures,0.0,0.0,reject_margin0,2025
ENSD,12,1,0,0,departures,0.0,0.0,reject_margin0,2025
LTCP,12,0,0,0,departures,0.0,0.0,reject_margin0,2025
LIRS,12,12,12,13,departures,1.0,1.0833333333333333,reject_margin0,2025
LFTZ,12,11,0,0,departures,0.0,0.0,reject_margin0,2025
LFTW,12,11,11,11,departures,0.9166666666666666,0.9166666666666666,reject_margin0,2025
LTFD,12,11,11,11,departures,0.9166666666666666,0.9166666666666666,reject_margin0,2025
ENST,12,4,3,4,departures,0.25,0.3333333333333333,reject_margin0,2025
EKRK,12,12,12,12,departures,1.0,1.0,reject_margin0,2025
LTCN,12,0,0,0,departures,0.0,0.0,reject_margin0,2025
HLLB,12,0,0,0,departures,0.0,0.0,reject_margin0,2025
LGIO,12,10,10,10,arrivals,0.8333333333333334,0.8333333333333334,reject_margin0,2025
LTFD,12,12,12,12,arrivals,1.0,1.0,reject_margin0,2025
LIBF,12,0,0,0,arrivals,0.0,0.0,reject_margin0,2025
ETSI,12,11,9,9,arrivals,0.75,0.75,reject_margin0,2025
LGRX,12,1,1,1,arrivals,0.08333333333333333,0.08333333333333333,reject_margin0,2025
LFMU,12,11,11,11,arrivals,0.9166666666666666,0.9166666666666666,reject_margin0,2025
LTCN,12,0,0,0,arrivals,0.0,0.0,reject_margin0,2025
HLLB,12,0,0,0,arrivals,0.0,0.0,reject_margin0,2025
LIBC,12,0,0,0,arrivals,0.0,0.0,reject_margin0,2025
EFVA,12,0,0,0,arrivals,0.0,0.0,reject_margin0,2025
LTCD,12,0,0,0,arrivals,0.0,0.0,reject_margin0,2025
EKSB,12,12,12,12,arrivals,1.0,1.0,reject_margin0,2025
GCGM,12,0,0,0,arrivals,0.0,0.0,reject_margin0,2025
LRBV,11,10,10,10,departures,0.9090909090909091,0.9090909090909091,reject_margin0,2025
LTCD,11,0,0,0,departures,0.0,0.0,reject_margin0,2025
EGPN,11,11,11,12,departures,1.0,1.0909090909090908,reject_margin0,2025
LTCV,11,0,0,0,departures,0.0,0.0,reject_margin0,2025
LIPO,11,11,11,13,departures,1.0,1.1818181818181819,reject_margin0,2025
LGRX,11,1,1,1,departures,0.09090909090909091,0.09090909090909091,reject_margin0,2025
ENAN,11,10,0,0,departures,0.0,0.0,reject_margin0,2025
GMML,11,2,0,0,departures,0.0,0.0,reject_margin0,2025
LFSD,11,11,11,12,departures,1.0,1.0909090909090908,reject_margin0,2025
LFMV,11,11,11,11,arrivals,1.0,1.0,reject_margin0,2025
EGPN,11,11,11,11,arrivals,1.0,1.0,reject_margin0,2025
LTCV,11,0,0,0,arrivals,0.0,0.0,reject_margin0,2025
ESNS,11,8,8,8,arrivals,0.7272727272727273,0.7272727272727273,reject_margin0,2025
EDFM,11,10,10,14,arrivals,0.9090909090909091,1.2727272727272727,reject_margin0,2025
GMML,11,0,0,0,arrivals,0.0,0.0,reject_margin0,2025
LTCP,11,0,0,0,arrivals,0.0,0.0,reject_margin0,2025
LIRS,11,5,5,5,arrivals,0.45454545454545453,0.45454545454545453,reject_margin0,2025
LFTW,11,11,11,11,arrivals,1.0,1.0,reject_margin0,2025
EDMA,11,11,10,10,arrivals,0.9090909090909091,0.9090909090909091,reject_margin0,2025
LTDA,11,0,0,0,arrivals,0.0,0.0,reject_margin0,2025
ENST,11,0,0,0,arrivals,0.0,0.0,reject_margin0,2025
LICB,11,11,10,12,arrivals,0.9090909090909091,1.0909090909090908,reject_margin0,2025
ENBL,11,0,0,0,arrivals,0.0,0.0,reject_margin0,2025
ENSD,11,2,0,0,arrivals,0.0,0.0,reject_margin0,2025
LGIO,10,9,9,9,departures,0.9,0.9,reject_margin0,2025
LFMV,10,9,9,10,departures,0.9,1.0,reject_margin0,2025
EKSB,10,10,10,10,departures,1.0,1.0,reject_margin0,2025
ESNZ,10,8,8,8,departures,0.8,0.8,reject_margin0,2025
LQMO,10,0,0,1,departures,0.0,0.1,reject_margin0,2025
LGIK,10,7,0,0,departures,0.0,0.0,reject_margin0,2025
LIMP,10,10,10,10,departures,1.0,1.0,reject_margin0,2025
EHGG,10,10,10,10,departures,1.0,1.0,reject_margin0,2025
LIPK,10,7,7,7,departures,0.7,0.7,reject_margin0,2025
DAAE,10,1,1,1,departures,0.1,0.1,reject_margin0,2025
LFCR,10,10,10,10,arrivals,1.0,1.0,reject_margin0,2025
LDSB,10,1,0,0,arrivals,0.0,0.0,reject_margin0,2025
LIPK,10,8,8,8,arrivals,0.8,0.8,reject_margin0,2025
DAAE,10,3,3,3,arrivals,0.3,0.3,reject_margin0,2025
EKOD,10,10,10,10,arrivals,1.0,1.0,reject_margin0,2025
EHGG,10,10,10,11,arrivals,1.0,1.1,reject_margin0,2025
LFCR,9,9,9,9,departures,1.0,1.0,reject_margin0,2025
LKPD,9,9,9,13,departures,1.0,1.4444444444444444,reject_margin0,2025
ESKN,9,7,7,7,departures,0.7777777777777778,0.7777777777777778,reject_margin0,2025
LBPD,9,4,4,4,departures,0.4444444444444444,0.4444444444444444,reject_margin0,2025
GMFK,9,3,0,0,departures,0.0,0.0,reject_margin0,2025
LTCO,9,0,0,0,departures,0.0,0.0,reject_margin0,2025
LDSB,9,0,0,0,departures,0.0,0.0,reject_margin0,2025
LTBR,9,9,9,10,departures,1.0,1.1111111111111112,reject_margin0,2025
ENNA,9,8,0,0,departures,0.0,0.0,reject_margin0,2025
LICB,9,9,9,9,departures,1.0,1.0,reject_margin0,2025
EDTY,9,9,9,9,departures,1.0,1.0,reject_margin0,2025
ESTA,9,8,7,7,departures,0.7777777777777778,0.7777777777777778,reject_margin0,2025
ENMS,9,3,0,0,departures,0.0,0.0,reject_margin0,2025
GMMI,9,0,0,0,departures,0.0,0.0,reject_margin0,2025
UUBW,9,0,0,0,arrivals,0.0,0.0,reject_margin0,2025
DAON,9,0,0,0,arrivals,0.0,0.0,reject_margin0,2025
GMMI,9,0,0,0,arrivals,0.0,0.0,reject_margin0,2025
LGIK,9,6,0,0,arrivals,0.0,0.0,reject_margin0,2025
EGNR,9,8,1,1,arrivals,0.1111111111111111,0.1111111111111111,reject_margin0,2025
GMFK,9,0,0,0,arrivals,0.0,0.0,reject_margin0,2025
ENMS,9,0,0,0,arrivals,0.0,0.0,reject_margin0,2025
LTBR,9,7,7,9,arrivals,0.7777777777777778,1.0,reject_margin0,2025
LRBV,9,9,9,9,arrivals,1.0,1.0,reject_margin0,2025
ESNZ,9,7,7,7,arrivals,0.7777777777777778,0.7777777777777778,reject_margin0,2025
EKRK,9,9,9,9,arrivals,1.0,1.0,reject_margin0,2025
LQMO,9,0,0,0,arrivals,0.0,0.0,reject_margin0,2025
ENAN,9,4,0,0,arrivals,0.0,0.0,reject_margin0,2025
URML,9,0,0,0,arrivals,0.0,0.0,reject_margin0,2025
ESKN,9,7,6,7,arrivals,0.6666666666666666,0.7777777777777778,reject_margin0,2025
LTCO,9,1,0,0,arrivals,0.0,0.0,reject_margin0,2025
LSMP,8,8,7,8,departures,0.875,1.0,reject_margin0,2025
LFSL,8,8,8,8,departures,1.0,1.0,reject_margin0,2025
EGPI,8,7,5,5,departures,0.625,0.625,reject_margin0,2025
ESMX,8,6,6,6,departures,0.75,0.75,reject_margin0,2025
EFMA,8,2,2,2,departures,0.25,0.25,reject_margin0,2025
EGPR,8,1,0,0,departures,0.0,0.0,reject_margin0,2025
EDHI,8,8,0,0,departures,0.0,0.0,reject_margin0,2025
ENJS,8,0,0,0,departures,0.0,0.0,reject_margin0,2025
LFOT,8,8,8,8,departures,1.0,1.0,reject_margin0,2025
LEBZ,8,7,7,7,departures,0.875,0.875,reject_margin0,2025
EPSY,8,7,7,8,departures,0.875,1.0,reject_margin0,2025
LQTZ,8,6,6,8,departures,0.75,1.0,reject_margin0,2025
LDOS,8,3,3,3,departures,0.375,0.375,reject_margin0,2025
LFRG,8,8,8,10,departures,1.0,1.25,reject_margin0,2025
BIEG,8,0,0,0,departures,0.0,0.0,reject_margin0,2025
DAON,8,2,2,2,departures,0.25,0.25,reject_margin0,2025
EDLN,8,8,5,5,departures,0.625,0.625,reject_margin0,2025
EFTP,8,5,5,5,departures,0.625,0.625,reject_margin0,2025
UBBG,8,0,0,0,departures,0.0,0.0,reject_margin0,2025
LGST,8,2,0,0,departures,0.0,0.0,reject_margin0,2025
LSMP,8,8,6,8,arrivals,0.75,1.0,reject_margin0,2025
LQTZ,8,1,1,1,arrivals,0.125,0.125,reject_margin0,2025
LFSL,8,4,4,4,arrivals,0.5,0.5,reject_margin0,2025
LDOS,8,4,4,4,arrivals,0.5,0.5,reject_margin0,2025
EGPI,8,1,1,1,arrivals,0.125,0.125,reject_margin0,2025
ESMX,8,4,4,4,arrivals,0.5,0.5,reject_margin0,2025
EBKT,8,8,8,8,arrivals,1.0,1.0,reject_margin0,2025
EFMA,8,2,2,2,arrivals,0.25,0.25,reject_margin0,2025
BIEG,8,0,0,0,arrivals,0.0,0.0,reject_margin0,2025
LKPD,8,8,8,12,arrivals,1.0,1.5,reject_margin0,2025
ESTA,8,5,4,4,arrivals,0.5,0.5,reject_margin0,2025
LFOT,8,8,8,8,arrivals,1.0,1.0,reject_margin0,2025
LFLB,8,8,7,7,arrivals,0.875,0.875,reject_margin0,2025
ENNA,8,0,0,0,arrivals,0.0,0.0,reject_margin0,2025
LGST,8,0,0,0,arrivals,0.0,0.0,reject_margin0,2025
EDRY,7,7,0,0,departures,0.0,0.0,reject_margin0,2025
EDTL,7,7,7,7,departures,1.0,1.0,reject_margin0,2025
ESSL,7,7,6,6,departures,0.8571428571428571,0.8571428571428571,reject_margin0,2025
ENNM,7,4,0,0,departures,0.0,0.0,reject_margin0,2025
LIBF,7,0,0,0,departures,0.0,0.0,reject_margin0,2025
LHDC,7,6,6,7,departures,0.8571428571428571,1.0,reject_margin0,2025
EIDL,7,7,7,7,departures,1.0,1.0,reject_margin0,2025
LTCW,7,0,0,0,departures,0.0,0.0,reject_margin0,2025
BIIS,7,6,0,0,departures,0.0,0.0,reject_margin0,2025
EKOD,7,7,7,7,departures,1.0,1.0,reject_margin0,2025
OITT,7,0,0,0,departures,0.0,0.0,reject_margin0,2025
UUBW,7,1,0,0,departures,0.0,0.0,reject_margin0,2025
ESNQ,7,6,6,6,departures,0.8571428571428571,0.8571428571428571,reject_margin0,2025
EGPL,7,0,0,0,departures,0.0,0.0,reject_margin0,2025
HEBA,7,6,6,6,departures,0.8571428571428571,0.8571428571428571,reject_margin0,2025
ESNQ,7,2,2,2,arrivals,0.2857142857142857,0.2857142857142857,reject_margin0,2025
EGPR,7,0,0,0,arrivals,0.0,0.0,reject_margin0,2025
BIIS,7,0,0,0,arrivals,0.0,0.0,reject_margin0,2025
DABB,7,0,0,0,arrivals,0.0,0.0,reject_margin0,2025
EDTL,7,7,5,5,arrivals,0.7142857142857143,0.7142857142857143,reject_margin0,2025
ENJS,7,0,0,0,arrivals,0.0,0.0,reject_margin0,2025
EGPL,7,0,0,0,arrivals,0.0,0.0,reject_margin0,2025
LEBZ,7,7,7,7,arrivals,1.0,1.0,reject_margin0,2025
LTCW,7,0,0,0,arrivals,0.0,0.0,reject_margin0,2025
EDHI,7,7,0,0,arrivals,0.0,0.0,reject_margin0,2025
EIDL,7,7,7,7,arrivals,1.0,1.0,reject_margin0,2025
OITT,7,0,0,0,arrivals,0.0,0.0,reject_margin0,2025
EDTY,7,7,6,6,arrivals,0.8571428571428571,0.8571428571428571,reject_margin0,2025
LIMP,7,5,5,5,arrivals,0.7142857142857143,0.7142857142857143,reject_margin0,2025
HEAL,6,1,1,1,departures,0.16666666666666666,0.16666666666666666,reject_margin0,2025
ENDU,6,2,2,15,departures,0.3333333333333333,2.5,reject_margin0,2025
EFKE,6,1,0,0,departures,0.0,0.0,reject_margin0,2025
ESOE,6,6,6,6,departures,1.0,1.0,reject_margin0,2025
EFJO,6,6,6,6,departures,1.0,1.0,reject_margin0,2025
URML,6,0,0,0,departures,0.0,0.0,reject_margin0,2025
ENRM,6,5,5,11,departures,0.8333333333333334,1.8333333333333333,reject_margin0,2025
LTCU,6,0,0,0,departures,0.0,0.0,reject_margin0,2025
EGNR,6,6,4,4,departures,0.6666666666666666,0.6666666666666666,reject_margin0,2025
EDVK,6,4,4,4,departures,0.6666666666666666,0.6666666666666666,reject_margin0,2025
EGPU,6,1,0,0,departures,0.0,0.0,reject_margin0,2025
HEMM,6,0,0,0,departures,0.0,0.0,reject_margin0,2025
ESNK,6,0,0,0,departures,0.0,0.0,reject_margin0,2025
EDHL,6,6,6,6,departures,1.0,1.0,reject_margin0,2025
ENSO,6,6,6,6,departures,1.0,1.0,reject_margin0,2025
LPVZ,6,6,0,0,departures,0.0,0.0,reject_margin0,2025
ESKM,6,3,0,0,departures,0.0,0.0,reject_margin0,2025
EHJA,6,3,0,0,departures,0.0,0.0,reject_margin0,2025
ESNL,6,0,0,0,departures,0.0,0.0,reject_margin0,2025
LPPM,6,6,6,7,departures,1.0,1.1666666666666667,reject_margin0,2025
EFIV,6,2,0,0,departures,0.0,0.0,reject_margin0,2025
DABB,6,0,0,0,departures,0.0,0.0,reject_margin0,2025
EDVK,6,4,4,4,arrivals,0.6666666666666666,0.6666666666666666,reject_margin0,2025
EDRY,6,5,0,0,arrivals,0.0,0.0,reject_margin0,2025
EGPU,6,0,0,0,arrivals,0.0,0.0,reject_margin0,2025
LHDC,6,0,0,0,arrivals,0.0,0.0,reject_margin0,2025
ESOE,6,6,6,7,arrivals,1.0,1.1666666666666667,reject_margin0,2025
LFLI,6,6,0,0,arrivals,0.0,0.0,reject_margin0,2025
LFEC,6,0,0,0,arrivals,0.0,0.0,reject_margin0,2025
LIMZ,6,6,6,6,arrivals,1.0,1.0,reject_margin0,2025
EFTP,6,5,5,5,arrivals,0.8333333333333334,0.8333333333333334,reject_margin0,2025
ENLE,6,0,0,0,arrivals,0.0,0.0,reject_margin0,2025
EFIV,6,2,0,0,arrivals,0.0,0.0,reject_margin0,2025
HEAL,6,2,2,2,arrivals,0.3333333333333333,0.3333333333333333,reject_margin0,2025
ENNM,6,4,0,0,arrivals,0.0,0.0,reject_margin0,2025
ESNK,6,0,0,1,arrivals,0.0,0.16666666666666666,reject_margin0,2025
EDHL,6,6,6,6,arrivals,1.0,1.0,reject_margin0,2025
ENSO,6,6,6,6,arrivals,1.0,1.0,reject_margin0,2025
EFJO,6,2,2,2,arrivals,0.3333333333333333,0.3333333333333333,reject_margin0,2025
LWOH,6,0,0,0,arrivals,0.0,0.0,reject_margin0,2025
HEBA,6,5,5,5,arrivals,0.8333333333333334,0.8333333333333334,reject_margin0,2025
ESSL,6,6,6,6,arrivals,1.0,1.0,reject_margin0,2025
LGLE,6,1,0,0,arrivals,0.0,0.0,reject_margin0,2025
ESKM,6,6,3,6,arrivals,0.5,1.0,reject_margin0,2025
ESNL,6,0,0,0,arrivals,0.0,0.0,reject_margin0,2025
ENRM,6,3,3,6,arrivals,0.5,1.0,reject_margin0,2025
LTCU,6,0,0,0,arrivals,0.0,0.0,reject_margin0,2025
EEKE,5,5,5,5,departures,1.0,1.0,reject_margin0,2025
LTCM,5,1,0,0,departures,0.0,0.0,reject_margin0,2025
LTCL,5,0,0,0,departures,0.0,0.0,reject_margin0,2025
LGKY,5,4,0,0,departures,0.0,0.0,reject_margin0,2025
ENHE,5,0,0,0,departures,0.0,0.0,reject_margin0,2025
ENFB,5,0,0,0,departures,0.0,0.0,reject_margin0,2025
LGKC,5,0,0,0,departures,0.0,0.0,reject_margin0,2025
ENLE,5,2,0,0,departures,0.0,0.0,reject_margin0,2025
LRTM,5,5,5,6,departures,1.0,1.2,reject_margin0,2025
LGLE,5,1,0,0,departures,0.0,0.0,reject_margin0,2025
EGEC,5,0,0,2,departures,0.0,0.4,reject_margin0,2025
ESGT,5,2,2,2,departures,0.4,0.4,reject_margin0,2025
EFKI,5,4,4,4,departures,0.8,0.8,reject_margin0,2025
ORMM,5,5,5,5,departures,1.0,1.0,reject_margin0,2025
ESNG,5,0,0,0,departures,0.0,0.0,reject_margin0,2025
EFJY,5,5,5,5,departures,1.0,1.0,reject_margin0,2025
EETU,5,5,4,4,departures,0.8,0.8,reject_margin0,2025
EFKK,5,5,5,5,departures,1.0,1.0,reject_margin0,2025
EDAH,5,3,3,3,departures,0.6,0.6,reject_margin0,2025
ESNX,5,0,0,0,departures,0.0,0.0,reject_margin0,2025
LFLB,5,5,5,6,departures,1.0,1.2,reject_margin0,2025
LFEC,5,0,0,0,departures,0.0,0.0,reject_margin0,2025
LTAW,5,0,0,0,departures,0.0,0.0,reject_margin0,2025
LFJL,5,4,4,4,departures,0.8,0.8,reject_margin0,2025
ENRS,5,5,0,0,departures,0.0,0.0,reject_margin0,2025
DAAS,5,0,0,0,departures,0.0,0.0,reject_margin0,2025
EEKA,5,0,0,0,departures,0.0,0.0,reject_margin0,2025
LFLI,5,5,0,0,departures,0.0,0.0,reject_margin0,2025
LWOH,5,1,1,1,departures,0.2,0.2,reject_margin0,2025
LIMZ,5,5,5,5,departures,1.0,1.0,reject_margin0,2025
ESDF,5,5,5,5,departures,1.0,1.0,reject_margin0,2025
GMMZ,5,2,0,0,departures,0.0,0.0,reject_margin0,2025
EPSY,5,2,2,2,arrivals,0.4,0.4,reject_margin0,2025
URMG,5,0,0,0,arrivals,0.0,0.0,reject_margin0,2025
ENDU,5,0,0,0,arrivals,0.0,0.0,reject_margin0,2025
LTCM,5,0,0,0,arrivals,0.0,0.0,reject_margin0,2025
LTCL,5,0,0,0,arrivals,0.0,0.0,reject_margin0,2025
LFRG,5,5,5,5,arrivals,1.0,1.0,reject_margin0,2025
EEKA,5,0,0,1,arrivals,0.0,0.2,reject_margin0,2025
ENHE,5,0,0,0,arrivals,0.0,0.0,reject_margin0,2025
LTAW,5,0,0,0,arrivals,0.0,0.0,reject_margin0,2025
EGVN,5,4,4,4,arrivals,0.8,0.8,reject_margin0,2025
LESA,5,0,0,0,arrivals,0.0,0.0,reject_margin0,2025
LRTM,5,0,0,0,arrivals,0.0,0.0,reject_margin0,2025
EDAH,5,3,3,4,arrivals,0.6,0.8,reject_margin0,2025
LSZS,5,0,0,0,arrivals,0.0,0.0,reject_margin0,2025
EFKI,5,0,0,0,arrivals,0.0,0.0,reject_margin0,2025
HEMM,5,0,0,0,arrivals,0.0,0.0,reject_margin0,2025
ORMM,5,1,1,1,arrivals,0.2,0.2,reject_margin0,2025
EEKE,5,5,5,5,arrivals,1.0,1.0,reject_margin0,2025
DAAS,5,0,0,0,arrivals,0.0,0.0,reject_margin0,2025
LPPM,5,5,5,8,arrivals,1.0,1.6,reject_margin0,2025
ESNG,5,0,0,0,arrivals,0.0,0.0,reject_margin0,2025
GMMZ,5,0,0,0,arrivals,0.0,0.0,reject_margin0,2025
UBBG,5,0,0,0,arrivals,0.0,0.0,reject_margin0,2025
LFJL,5,5,5,5,arrivals,1.0,1.0,reject_margin0,2025
ENOA,5,0,0,0,arrivals,0.0,0.0,reject_margin0,2025
LPVZ,5,5,1,1,arrivals,0.2,0.2,reject_margin0,2025
EGEC,5,0,0,0,arrivals,0.0,0.0,reject_margin0,2025
ENRS,5,0,0,0,arrivals,0.0,0.0,reject_margin0,2025
EKDF,5,0,0,0,arrivals,0.0,0.0,reject_margin0,2025
LGKC,5,0,0,0,arrivals,0.0,0.0,reject_margin0,2025
LGSO,4,3,0,0,departures,0.0,0.0,reject_margin0,2025
LFPN,4,4,0,0,departures,0.0,0.0,reject_margin0,2025
LFOZ,4,4,0,0,departures,0.0,0.0,reject_margin0,2025
UWSG,4,1,1,1,departures,0.25,0.25,reject_margin0,2025
EPRA,4,4,4,4,departures,1.0,1.0,reject_margin0,2025
LZTT,4,4,4,4,departures,1.0,1.0,reject_margin0,2025
ESMT,4,3,3,4,departures,0.75,1.0,reject_margin0,2025
URWW,4,0,0,0,departures,0.0,0.0,reject_margin0,2025
ENSR,4,0,0,28,departures,0.0,7.0,reject_margin0,2025
ESOK,4,1,1,1,departures,0.25,0.25,reject_margin0,2025
EDAZ,4,4,0,0,departures,0.0,0.0,reject_margin0,2025
LFRT,4,4,3,3,departures,0.75,0.75,reject_margin0,2025
LFLW,4,0,0,0,departures,0.0,0.0,reject_margin0,2025
LFRD,4,4,4,4,departures,1.0,1.0,reject_margin0,2025
LTFC,4,0,0,1,departures,0.0,0.25,reject_margin0,2025
ENRO,4,4,4,4,departures,1.0,1.0,reject_margin0,2025
LECU,4,3,3,3,departures,0.75,0.75,reject_margin0,2025
ESOH,4,4,0,0,departures,0.0,0.0,reject_margin0,2025
LSZA,4,4,4,4,departures,1.0,1.0,reject_margin0,2025
LSGL,4,3,0,0,departures,0.0,0.0,reject_margin0,2025
LGBL,4,4,4,5,departures,1.0,1.25,reject_margin0,2025
LTAP,4,0,0,0,departures,0.0,0.0,reject_margin0,2025
LJPZ,4,3,2,2,departures,0.5,0.5,reject_margin0,2025
EDQG,4,4,0,0,departures,0.0,0.0,reject_margin0,2025
ESNV,4,0,0,0,departures,0.0,0.0,reject_margin0,2025
ENGC,4,0,0,0,departures,0.0,0.0,reject_margin0,2025
EKDF,4,0,0,0,departures,0.0,0.0,reject_margin0,2025
ESMQ,4,4,4,5,departures,1.0,1.25,reject_margin0,2025
LESA,4,4,4,4,departures,1.0,1.0,reject_margin0,2025
LESU,4,4,4,4,departures,1.0,1.0,reject_margin0,2025
LFRH,4,4,4,4,departures,1.0,1.0,reject_margin0,2025
EPZG,4,3,3,3,departures,0.75,0.75,reject_margin0,2025
LKCS,4,4,4,4,departures,1.0,1.0,reject_margin0,2025
ESND,4,0,0,0,departures,0.0,0.0,reject_margin0,2025
ESGJ,4,1,1,1,departures,0.25,0.25,reject_margin0,2025
LGKS,4,0,0,0,departures,0.0,0.0,reject_margin0,2025
LFCK,4,4,4,4,departures,1.0,1.0,reject_margin0,2025
LKHK,4,4,0,0,departures,0.0,0.0,reject_margin0,2025
ESSP,4,4,4,4,departures,1.0,1.0,reject_margin0,2025
EFKT,4,1,1,1,departures,0.25,0.25,reject_margin0,2025
LEVD,4,3,3,3,departures,0.75,0.75,reject_margin0,2025
ORKK,4,0,0,0,departures,0.0,0.0,reject_margin0,2025
EDRZ,4,4,0,0,arrivals,0.0,0.0,reject_margin0,2025
UWSG,4,1,1,1,arrivals,0.25,0.25,reject_margin0,2025
LGPL,4,1,0,0,arrivals,0.0,0.0,reject_margin0,2025
URMO,4,0,0,0,arrivals,0.0,0.0,reject_margin0,2025
ENXO,4,0,0,0,arrivals,0.0,0.0,reject_margin0,2025
LEVD,4,0,0,0,arrivals,0.0,0.0,reject_margin0,2025
EHLL,4,0,0,0,arrivals,0.0,0.0,reject_margin0,2025
LFLX,4,0,0,0,arrivals,0.0,0.0,reject_margin0,2025
LKCS,4,4,4,5,arrivals,1.0,1.25,reject_margin0,2025
ENQG,4,0,0,0,arrivals,0.0,0.0,reject_margin0,2025
ESDF,4,2,2,2,arrivals,0.5,0.5,reject_margin0,2025
LGKY,4,3,0,0,arrivals,0.0,0.0,reject_margin0,2025
ENQS,4,0,0,0,arrivals,0.0,0.0,reject_margin0,2025
ENSR,4,0,0,0,arrivals,0.0,0.0,reject_margin0,2025
ENGC,4,0,0,0,arrivals,0.0,0.0,reject_margin0,2025
EDAZ,4,4,0,0,arrivals,0.0,0.0,reject_margin0,2025
LTAS,4,0,0,0,arrivals,0.0,0.0,reject_margin0,2025
ESGJ,4,0,0,0,arrivals,0.0,0.0,reject_margin0,2025
LFCK,4,4,4,4,arrivals,1.0,1.0,reject_margin0,2025
LGSO,4,2,0,0,arrivals,0.0,0.0,reject_margin0,2025
LRBM,4,0,0,0,arrivals,0.0,0.0,reject_margin0,2025
LZTT,4,1,1,1,arrivals,0.25,0.25,reject_margin0,2025
ESOH,4,4,0,0,arrivals,0.0,0.0,reject_margin0,2025
ESOK,4,1,1,1,arrivals,0.25,0.25,reject_margin0,2025
EGNO,4,4,4,4,arrivals,1.0,1.0,reject_margin0,2025
LSGL,4,3,0,0,arrivals,0.0,0.0,reject_margin0,2025
EFJY,4,2,2,2,arrivals,0.5,0.5,reject_margin0,2025
LFRH,4,4,4,4,arrivals,1.0,1.0,reject_margin0,2025
LTAP,4,0,0,0,arrivals,0.0,0.0,reject_margin0,2025
LTFC,4,0,0,0,arrivals,0.0,0.0,reject_margin0,2025
ESNX,4,0,0,0,arrivals,0.0,0.0,reject_margin0,2025
EDQG,4,4,0,0,arrivals,0.0,0.0,reject_margin0,2025
ESNV,4,0,0,0,arrivals,0.0,0.0,reject_margin0,2025
ESND,4,3,0,0,arrivals,0.0,0.0,reject_margin0,2025
LSZA,4,4,4,5,arrivals,1.0,1.25,reject_margin0,2025
EETU,4,2,2,3,arrivals,0.5,0.75,reject_margin0,2025
EFKK,4,4,4,4,arrivals,1.0,1.0,reject_margin0,2025
LGKS,4,0,0,0,arrivals,0.0,0.0,reject_margin0,2025
LKHK,4,4,0,0,arrivals,0.0,0.0,reject_margin0,2025
ESSP,4,4,3,3,arrivals,0.75,0.75,reject_margin0,2025
LDLO,4,1,0,0,arrivals,0.0,0.0,reject_margin0,2025
LGBL,4,2,2,2,arrivals,0.5,0.5,reject_margin0,2025
ESGT,4,1,1,1,arrivals,0.25,0.25,reject_margin0,2025
EFKE,4,0,0,0,arrivals,0.0,0.0,reject_margin0,2025
LZPP,4,4,3,3,arrivals,0.75,0.75,reject_margin0,2025
EFKT,4,1,1,1,arrivals,0.25,0.25,reject_margin0,2025
LFLW,4,0,0,0,arrivals,0.0,0.0,reject_margin0,2025
BIBD,3,3,1,1,departures,0.3333333333333333,0.3333333333333333,reject_margin0,2025
ENQO,3,0,0,0,departures,0.0,0.0,reject_margin0,2025
EGLK,3,3,3,3,departures,1.0,1.0,reject_margin0,2025
ENWS,3,0,0,0,departures,0.0,0.0,reject_margin0,2025
LRBM,3,1,0,0,departures,0.0,0.0,reject_margin0,2025
EGMD,3,3,2,2,departures,0.6666666666666666,0.6666666666666666,reject_margin0,2025
ETAR,3,3,3,3,departures,1.0,1.0,reject_margin0,2025
ENXO,3,1,0,0,departures,0.0,0.0,reject_margin0,2025
LELN,3,3,3,3,departures,1.0,1.0,reject_margin0,2025
LFLS,3,3,3,3,departures,1.0,1.0,reject_margin0,2025
OJAM,3,0,0,7,departures,0.0,2.3333333333333335,reject_margin0,2025
ENOC,3,0,0,0,departures,0.0,0.0,reject_margin0,2025
LTBH,3,3,3,3,departures,1.0,1.0,reject_margin0,2025
UDSG,3,0,0,0,departures,0.0,0.0,reject_margin0,2025
ENWY,3,0,0,0,departures,0.0,0.0,reject_margin0,2025
LTAL,3,0,0,0,departures,0.0,0.0,reject_margin0,2025
EGNH,3,3,3,3,departures,1.0,1.0,reject_margin0,2025
LGSY,3,0,0,0,departures,0.0,0.0,reject_margin0,2025
URMG,3,1,0,0,departures,0.0,0.0,reject_margin0,2025
EDGS,3,3,3,3,departures,1.0,1.0,reject_margin0,2025
LPBJ,3,2,2,2,departures,0.6666666666666666,0.6666666666666666,reject_margin0,2025
ENOL,3,1,1,1,departures,0.3333333333333333,0.3333333333333333,reject_margin0,2025
ENSE,3,0,0,0,departures,0.0,0.0,reject_margin0,2025
BIHN,3,0,0,0,departures,0.0,0.0,reject_margin0,2025
GMMB,3,1,0,0,departures,0.0,0.0,reject_margin0,2025
ESOW,3,3,3,3,departures,1.0,1.0,reject_margin0,2025
LTAS,3,0,0,0,departures,0.0,0.0,reject_margin0,2025
LFHP,3,0,0,0,departures,0.0,0.0,reject_margin0,2025
LFBI,3,3,3,3,departures,1.0,1.0,reject_margin0,2025
URMO,3,0,0,0,departures,0.0,0.0,reject_margin0,2025
EDTM,3,3,3,3,departures,1.0,1.0,reject_margin0,2025
DTTX,3,0,0,0,departures,0.0,0.0,reject_margin0,2025
EFKS,3,0,0,0,departures,0.0,0.0,reject_margin0,2025
ENOA,3,0,0,0,departures,0.0,0.0,reject_margin0,2025
ENSL,3,0,0,0,departures,0.0,0.0,reject_margin0,2025
ESNO,3,1,1,1,departures,0.3333333333333333,0.3333333333333333,reject_margin0,2025
ENQA,3,2,0,0,departures,0.0,0.0,reject_margin0,2025
LSZS,3,3,3,3,departures,1.0,1.0,reject_margin0,2025
ESNN,3,3,3,3,departures,1.0,1.0,reject_margin0,2025
LDLO,3,1,0,0,departures,0.0,0.0,reject_margin0,2025
LRCK,3,3,2,2,departures,0.6666666666666666,0.6666666666666666,reject_margin0,2025
EGNO,3,3,3,3,departures,1.0,1.0,reject_margin0,2025
ENWV,3,0,0,0,departures,0.0,0.0,reject_margin0,2025
GMTA,3,3,3,3,departures,1.0,1.0,reject_margin0,2025
EKHA,3,0,0,0,departures,0.0,0.0,reject_margin0,2025
LSZC,3,3,0,0,departures,0.0,0.0,reject_margin0,2025
OSDI,3,0,0,0,departures,0.0,0.0,reject_margin0,2025
ESUP,3,0,0,0,departures,0.0,0.0,reject_margin0,2025
LFAT,3,2,2,2,departures,0.6666666666666666,0.6666666666666666,reject_margin0,2025
BIBD,3,0,0,0,arrivals,0.0,0.0,reject_margin0,2025
ULAA,3,0,0,0,arrivals,0.0,0.0,reject_margin0,2025
LFLU,3,3,3,3,arrivals,1.0,1.0,reject_margin0,2025
ENWS,3,0,0,0,arrivals,0.0,0.0,reject_margin0,2025
LFMQ,3,3,0,0,arrivals,0.0,0.0,reject_margin0,2025
OSDI,3,0,0,0,arrivals,0.0,0.0,reject_margin0,2025
LELN,3,3,3,3,arrivals,1.0,1.0,reject_margin0,2025
ESUP,3,0,0,0,arrivals,0.0,0.0,reject_margin0,2025
GMTA,3,3,3,3,arrivals,1.0,1.0,reject_margin0,2025
EDTM,3,3,3,3,arrivals,1.0,1.0,reject_margin0,2025
LECU,3,3,0,0,arrivals,0.0,0.0,reject_margin0,2025
ESMT,3,3,2,3,arrivals,0.6666666666666666,1.0,reject_margin0,2025
ENOC,3,2,0,0,arrivals,0.0,0.0,reject_margin0,2025
UDSG,3,0,0,0,arrivals,0.0,0.0,reject_margin0,2025
ENWY,3,0,0,0,arrivals,0.0,0.0,reject_margin0,2025
LFHP,3,0,0,0,arrivals,0.0,0.0,reject_margin0,2025
EGNH,3,3,3,3,arrivals,1.0,1.0,reject_margin0,2025
LFBI,3,2,2,2,arrivals,0.6666666666666666,0.6666666666666666,reject_margin0,2025
EPRA,3,3,3,3,arrivals,1.0,1.0,reject_margin0,2025
LFOH,3,3,2,2,arrivals,0.6666666666666666,0.6666666666666666,reject_margin0,2025
OJAM,3,0,0,0,arrivals,0.0,0.0,reject_margin0,2025
DTTX,3,0,0,0,arrivals,0.0,0.0,reject_margin0,2025
EFKS,3,0,0,0,arrivals,0.0,0.0,reject_margin0,2025
GMMB,3,0,0,0,arrivals,0.0,0.0,reject_margin0,2025
ESOW,3,3,3,3,arrivals,1.0,1.0,reject_margin0,2025
LTAL,3,0,0,0,arrivals,0.0,0.0,reject_margin0,2025
EPZG,3,3,3,3,arrivals,1.0,1.0,reject_margin0,2025
LGSY,3,0,0,0,arrivals,0.0,0.0,reject_margin0,2025
LFOZ,3,2,0,0,arrivals,0.0,0.0,reject_margin0,2025
EHJA,3,0,0,0,arrivals,0.0,0.0,reject_margin0,2025
ESUT,3,0,0,0,arrivals,0.0,0.0,reject_margin0,2025
ENFB,3,0,0,0,arrivals,0.0,0.0,reject_margin0,2025
ESMQ,3,3,3,3,arrivals,1.0,1.0,reject_margin0,2025
LTBH,3,2,2,2,arrivals,0.6666666666666666,0.6666666666666666,reject_margin0,2025
ENSL,3,0,0,0,arrivals,0.0,0.0,reject_margin0,2025
ESNO,3,0,0,0,arrivals,0.0,0.0,reject_margin0,2025
ENQA,3,2,0,0,arrivals,0.0,0.0,reject_margin0,2025
LFRC,3,3,2,2,arrivals,0.6666666666666666,0.6666666666666666,reject_margin0,2025
ENRO,3,0,0,0,arrivals,0.0,0.0,reject_margin0,2025
EKHA,3,0,0,0,arrivals,0.0,0.0,reject_margin0,2025
URWW,3,0,0,0,arrivals,0.0,0.0,reject_margin0,2025
BIHN,3,0,0,0,arrivals,0.0,0.0,reject_margin0,2025
EDGS,3,3,3,3,arrivals,1.0,1.0,reject_margin0,2025
ENWV,3,0,0,0,arrivals,0.0,0.0,reject_margin0,2025
LFLS,3,3,3,4,arrivals,1.0,1.3333333333333333,reject_margin0,2025
EHFB,3,0,0,0,arrivals,0.0,0.0,reject_margin0,2025
LFRD,3,3,3,4,arrivals,1.0,1.3333333333333333,reject_margin0,2025
ENQV,2,0,0,0,departures,0.0,0.0,reject_margin0,2025
EHKJ,2,1,0,0,departures,0.0,0.0,reject_margin0,2025
EGBJ,2,2,2,2,departures,1.0,1.0,reject_margin0,2025
LSGK,2,2,0,0,departures,0.0,0.0,reject_margin0,2025
EGPC,2,0,0,12,departures,0.0,6.0,reject_margin0,2025
LSGC,2,2,2,2,departures,1.0,1.0,reject_margin0,2025
ENQS,2,0,0,0,departures,0.0,0.0,reject_margin0,2025
ENXW,2,1,0,0,departures,0.0,0.0,reject_margin0,2025
LTBY,2,1,1,1,departures,0.5,0.5,reject_margin0,2025
ENWA,2,1,0,0,departures,0.0,0.0,reject_margin0,2025
LEGT,2,2,2,2,departures,1.0,1.0,reject_margin0,2025
LDRG,2,1,0,0,departures,0.0,0.0,reject_margin0,2025
GMMD,2,0,0,0,departures,0.0,0.0,reject_margin0,2025
LFRV,2,2,2,2,departures,1.0,1.0,reject_margin0,2025
LJMB,2,2,1,2,departures,0.5,1.0,reject_margin0,2025
EHPK,2,2,0,0,departures,0.0,0.0,reject_margin0,2025
LFLU,2,2,2,2,departures,1.0,1.0,reject_margin0,2025
LTAG,2,0,0,0,departures,0.0,0.0,reject_margin0,2025
LFRC,2,2,2,2,departures,1.0,1.0,reject_margin0,2025
EGFE,2,2,2,2,departures,1.0,1.0,reject_margin0,2025
ENQC,2,1,0,0,departures,0.0,0.0,reject_margin0,2025
LFOK,2,2,2,2,departures,1.0,1.0,reject_margin0,2025
EGVN,2,2,2,2,departures,1.0,1.0,reject_margin0,2025
EDXQ,2,2,0,0,departures,0.0,0.0,reject_margin0,2025
LFPT,2,2,2,3,departures,1.0,1.5,reject_margin0,2025
OENN,2,0,0,0,departures,0.0,0.0,reject_margin0,2025
ENUA,2,0,0,0,departures,0.0,0.0,reject_margin0,2025
LFQG,2,2,1,1,departures,0.5,0.5,reject_margin0,2025
LFMQ,2,2,2,2,departures,1.0,1.0,reject_margin0,2025
EHLL,2,1,0,0,departures,0.0,0.0,reject_margin0,2025
ENNE,2,0,0,0,departures,0.0,0.0,reject_margin0,2025
ORNI,2,0,0,0,departures,0.0,0.0,reject_margin0,2025
LEAB,2,2,2,2,departures,1.0,1.0,reject_margin0,2025
LFGA,2,1,1,1,departures,0.5,0.5,reject_margin0,2025
EGNL,2,2,2,3,departures,1.0,1.5,reject_margin0,2025
LTBZ,2,2,0,0,departures,0.0,0.0,reject_margin0,2025
BIVO,2,0,0,0,departures,0.0,0.0,reject_margin0,2025
LSTS,2,2,0,0,departures,0.0,0.0,reject_margin0,2025
GMAT,2,1,0,0,departures,0.0,0.0,reject_margin0,2025
BITN,2,0,0,0,departures,0.0,0.0,reject_margin0,2025
LFLX,2,2,2,2,departures,1.0,1.0,reject_margin0,2025
LKKV,2,2,2,2,departures,1.0,1.0,reject_margin0,2025
LFAC,2,2,2,2,departures,1.0,1.0,reject_margin0,2025
ENQJ,2,1,0,0,departures,0.0,0.0,reject_margin0,2025
ESUT,2,0,0,0,departures,0.0,0.0,reject_margin0,2025
EHGQ,2,1,0,0,departures,0.0,0.0,reject_margin0,2025
LFOH,2,2,0,0,departures,0.0,0.0,reject_margin0,2025
DAUB,2,0,0,0,departures,0.0,0.0,reject_margin0,2025
ENQE,2,1,0,0,departures,0.0,0.0,reject_margin0,2025
LTBU,2,2,2,2,departures,1.0,1.0,reject_margin0,2025
LGKJ,2,0,0,0,departures,0.0,0.0,reject_margin0,2025
ENQD,2,0,0,0,departures,0.0,0.0,reject_margin0,2025
LGPL,2,0,0,0,departures,0.0,0.0,reject_margin0,2025
LEDA,2,1,1,1,departures,0.5,0.5,reject_margin0,2025
ETND,2,2,2,2,departures,1.0,1.0,reject_margin0,2025
LIBG,2,0,0,0,departures,0.0,0.0,reject_margin0,2025
EHFB,2,0,0,0,departures,0.0,0.0,reject_margin0,2025
LRSM,2,1,1,1,departures,0.5,0.5,reject_margin0,2025
ULAA,2,0,0,0,departures,0.0,0.0,reject_margin0,2025
ENGA,2,0,0,0,departures,0.0,0.0,reject_margin0,2025
DAOI,2,1,1,1,departures,0.5,0.5,reject_margin0,2025
ESST,2,2,2,5,departures,1.0,2.5,reject_margin0,2025
EIWF,2,2,1,1,departures,0.5,0.5,reject_margin0,2025
HLMS,2,0,0,0,departures,0.0,0.0,reject_margin0,2025
LZPP,2,2,2,2,departures,1.0,1.0,reject_margin0,2025
ENQO,2,0,0,0,arrivals,0.0,0.0,reject_margin0,2025
EGLK,2,2,1,1,arrivals,0.5,0.5,reject_margin0,2025
LTAG,2,0,0,0,arrivals,0.0,0.0,reject_margin0,2025
LTBU,2,1,1,10,arrivals,0.5,5.0,reject_margin0,2025
ENQV,2,0,0,0,arrivals,0.0,0.0,reject_margin0,2025
LSGK,2,2,0,0,arrivals,0.0,0.0,reject_margin0,2025
EDMS,2,1,0,0,arrivals,0.0,0.0,reject_margin0,2025
ENWE,2,0,0,0,arrivals,0.0,0.0,reject_margin0,2025
ORNI,2,0,0,0,arrivals,0.0,0.0,reject_margin0,2025
DAOI,2,1,1,1,arrivals,0.5,0.5,reject_margin0,2025
ENXW,2,0,0,0,arrivals,0.0,0.0,reject_margin0,2025
LEAB,2,2,2,2,arrivals,1.0,1.0,reject_margin0,2025
ENWA,2,1,0,0,arrivals,0.0,0.0,reject_margin0,2025
LKKV,2,1,1,1,arrivals,0.5,0.5,reject_margin0,2025
LEGT,2,2,1,1,arrivals,0.5,0.5,reject_margin0,2025
EBMB,2,2,0,0,arrivals,0.0,0.0,reject_margin0,2025
LJMB,2,1,1,2,arrivals,0.5,1.0,reject_margin0,2025
EGMD,2,2,2,2,arrivals,1.0,1.0,reject_margin0,2025
LSGC,2,2,2,2,arrivals,1.0,1.0,reject_margin0,2025
DAUB,2,0,0,0,arrivals,0.0,0.0,reject_margin0,2025
EHKV,2,1,0,0,arrivals,0.0,0.0,reject_margin0,2025
LFPT,2,2,2,2,arrivals,1.0,1.0,reject_margin0,2025
EHPG,2,2,0,0,arrivals,0.0,0.0,reject_margin0,2025
EKHB,2,0,0,0,arrivals,0.0,0.0,reject_margin0,2025
ESST,2,1,1,4,arrivals,0.5,2.0,reject_margin0,2025
ENQR,2,0,0,0,arrivals,0.0,0.0,reject_margin0,2025
DTTZ,2,0,0,0,arrivals,0.0,0.0,reject_margin0,2025
LFQG,2,0,0,0,arrivals,0.0,0.0,reject_margin0,2025
LTBZ,2,0,0,0,arrivals,0.0,0.0,reject_margin0,2025
LFOK,2,0,0,0,arrivals,0.0,0.0,reject_margin0,2025
ESNN,2,1,1,1,arrivals,0.5,0.5,reject_margin0,2025
ENNE,2,0,0,0,arrivals,0.0,0.0,reject_margin0,2025
LEDA,2,0,0,0,arrivals,0.0,0.0,reject_margin0,2025
ETND,2,2,2,2,arrivals,1.0,1.0,reject_margin0,2025
ENSE,2,0,0,0,arrivals,0.0,0.0,reject_margin0,2025
LFRT,2,2,0,0,arrivals,0.0,0.0,reject_margin0,2025
EDLN,2,2,0,0,arrivals,0.0,0.0,reject_margin0,2025
GMMD,2,0,0,0,arrivals,0.0,0.0,reject_margin0,2025
EGNL,2,2,1,1,arrivals,0.5,0.5,reject_margin0,2025
LFRV,2,2,2,2,arrivals,1.0,1.0,reject_margin0,2025
HLMS,2,1,0,0,arrivals,0.0,0.0,reject_margin0,2025
EHJR,2,0,0,0,arrivals,0.0,0.0,reject_margin0,2025
BIVO,2,0,0,0,arrivals,0.0,0.0,reject_margin0,2025
OJAQ,2,0,0,0,arrivals,0.0,0.0,reject_margin0,2025
GMAT,2,1,0,0,arrivals,0.0,0.0,reject_margin0,2025
BITN,2,0,0,0,arrivals,0.0,0.0,reject_margin0,2025
LFSN,2,2,0,0,arrivals,0.0,0.0,reject_margin0,2025
LFJR,2,2,2,2,arrivals,1.0,1.0,reject_margin0,2025
LRCK,2,0,0,0,arrivals,0.0,0.0,reject_margin0,2025
LOAN,2,2,1,1,arrivals,0.5,0.5,reject_margin0,2025
OENN,2,0,0,0,arrivals,0.0,0.0,reject_margin0,2025
ENUA,2,0,0,0,arrivals,0.0,0.0,reject_margin0,2025
ENQE,2,0,0,0,arrivals,0.0,0.0,reject_margin0,2025
ENUD,2,0,0,0,arrivals,0.0,0.0,reject_margin0,2025
ENQJ,2,0,0,0,arrivals,0.0,0.0,reject_margin0,2025
EHKJ,2,0,0,0,arrivals,0.0,0.0,reject_margin0,2025
LTBY,2,0,0,0,arrivals,0.0,0.0,reject_margin0,2025
LIBG,2,0,0,0,arrivals,0.0,0.0,reject_margin0,2025
LESU,2,0,0,0,arrivals,0.0,0.0,reject_margin0,2025
ORKK,2,0,0,0,arrivals,0.0,0.0,reject_margin0,2025
ENQD,2,0,0,0,arrivals,0.0,0.0,reject_margin0,2025
EGBJ,2,2,2,2,arrivals,1.0,1.0,reject_margin0,2025
EGPC,2,0,0,0,arrivals,0.0,0.0,reject_margin0,2025
EDFZ,2,2,1,1,arrivals,0.5,0.5,reject_margin0,2025
LFAC,2,2,1,1,arrivals,0.5,0.5,reject_margin0,2025
LFAT,2,2,1,1,arrivals,0.5,0.5,reject_margin0,2025
ENRK,1,1,0,0,departures,0.0,0.0,reject_margin0,2025
ULPB,1,0,0,0,departures,0.0,0.0,reject_margin0,2025
EYSA,1,1,1,1,departures,1.0,1.0,reject_margin0,2025
EDMS,1,1,0,0,departures,0.0,0.0,reject_margin0,2025
ENWE,1,0,0,0,departures,0.0,0.0,reject_margin0,2025
ENQG,1,0,0,0,departures,0.0,0.0,reject_margin0,2025
UMII,1,0,0,0,departures,0.0,0.0,reject_margin0,2025
LOIH,1,1,0,0,departures,0.0,0.0,reject_margin0,2025
ENQK,1,0,0,0,departures,0.0,0.0,reject_margin0,2025
LFAQ,1,1,0,0,departures,0.0,0.0,reject_margin0,2025
LFRO,1,1,1,1,departures,1.0,1.0,reject_margin0,2025
LFRI,1,1,1,1,departures,1.0,1.0,reject_margin0,2025
LKKU,1,1,1,1,departures,1.0,1.0,reject_margin0,2025
LFCI,1,1,1,1,departures,1.0,1.0,reject_margin0,2025
EIWT,1,1,0,0,departures,0.0,0.0,reject_margin0,2025
EGHL,1,1,1,1,departures,1.0,1.0,reject_margin0,2025
DTTZ,1,0,0,0,departures,0.0,0.0,reject_margin0,2025
EFLP,1,0,0,0,departures,0.0,0.0,reject_margin0,2025
EBCV,1,1,1,1,departures,1.0,1.0,reject_margin0,2025
ENSF,1,0,0,0,departures,0.0,0.0,reject_margin0,2025
UGSA,1,0,0,0,departures,0.0,0.0,reject_margin0,2025
EDQM,1,1,1,1,departures,1.0,1.0,reject_margin0,2025
URWA,1,0,0,0,departures,0.0,0.0,reject_margin0,2025
EHKV,1,1,0,0,departures,0.0,0.0,reject_margin0,2025
LFLA,1,1,1,1,departures,1.0,1.0,reject_margin0,2025
LFGF,1,1,0,0,departures,0.0,0.0,reject_margin0,2025
ULMM,1,0,0,0,departures,0.0,0.0,reject_margin0,2025
EKGC,1,1,0,0,departures,0.0,0.0,reject_margin0,2025
ENWK,1,0,0,0,departures,0.0,0.0,reject_margin0,2025
USKK,1,0,0,0,departures,0.0,0.0,reject_margin0,2025
UWPS,1,0,0,0,departures,0.0,0.0,reject_margin0,2025
EGEO,1,1,0,0,departures,0.0,0.0,reject_margin0,2025
EHPG,1,1,0,0,departures,0.0,0.0,reject_margin0,2025
EGUB,1,1,1,1,departures,1.0,1.0,reject_margin0,2025
ENLA,1,1,0,0,departures,0.0,0.0,reject_margin0,2025
LFBF,1,1,0,0,departures,0.0,0.0,reject_margin0,2025
EHTW,1,1,1,1,departures,1.0,1.0,reject_margin0,2025
DABT,1,0,0,0,departures,0.0,0.0,reject_margin0,2025
LGTG,1,1,1,1,departures,1.0,1.0,reject_margin0,2025
LFLH,1,1,0,0,departures,0.0,0.0,reject_margin0,2025
EHKS,1,1,0,0,departures,0.0,0.0,reject_margin0,2025
ESMK,1,1,1,1,departures,1.0,1.0,reject_margin0,2025
EDWF,1,1,0,0,departures,0.0,0.0,reject_margin0,2025
ULWC,1,0,0,0,departures,0.0,0.0,reject_margin0,2025
EHJC,1,1,0,0,departures,0.0,0.0,reject_margin0,2025
ENWI,1,0,0,0,departures,0.0,0.0,reject_margin0,2025
LKRO,1,1,0,0,departures,0.0,0.0,reject_margin0,2025
EGSC,1,1,1,1,departures,1.0,1.0,reject_margin0,2025
ENDR,1,0,0,0,departures,0.0,0.0,reject_margin0,2025
LFCH,1,1,1,1,departures,1.0,1.0,reject_margin0,2025
DAUH,1,0,0,0,departures,0.0,0.0,reject_margin0,2025
EDRZ,1,1,0,0,departures,0.0,0.0,reject_margin0,2025
EBSP,1,1,0,0,departures,0.0,0.0,reject_margin0,2025
LKMH,1,1,0,0,departures,0.0,0.0,reject_margin0,2025
EHJR,1,1,0,0,departures,0.0,0.0,reject_margin0,2025
LEBA,1,1,1,1,departures,1.0,1.0,reject_margin0,2025
LFJR,1,1,1,1,departures,1.0,1.0,reject_margin0,2025
EDFZ,1,1,1,2,departures,1.0,2.0,reject_margin0,2025
UBBF,1,0,0,0,departures,0.0,0.0,reject_margin0,2025
LGKA,1,1,0,0,departures,0.0,0.0,reject_margin0,2025
EPCD,1,1,0,0,departures,0.0,0.0,reject_margin0,2025
BIGJ,1,1,0,0,departures,0.0,0.0,reject_margin0,2025
UBBL,1,0,0,0,departures,0.0,0.0,reject_margin0,2025
ENUD,1,0,0,0,departures,0.0,0.0,reject_margin0,2025
EPPW,1,0,0,0,departures,0.0,0.0,reject_margin0,2025
EPBC,1,0,0,0,departures,0.0,0.0,reject_margin0,2025
EPWK,1,0,0,0,departures,0.0,0.0,reject_margin0,2025
ENQL,1,0,0,0,departures,0.0,0.0,reject_margin0,2025
LYKV,1,0,0,4,departures,0.0,4.0,reject_margin0,2025
LIMG,1,1,1,1,departures,1.0,1.0,reject_margin0,2025
LRAR,1,1,1,6,departures,1.0,6.0,reject_margin0,2025
EDBC,1,1,0,0,departures,0.0,0.0,reject_margin0,2025
ENQM,1,0,0,0,departures,0.0,0.0,reject_margin0,2025
EDFE,1,1,0,0,departures,0.0,0.0,reject_margin0,2025
LKPM,1,1,0,0,departures,0.0,0.0,reject_margin0,2025
LFSG,1,1,1,1,departures,1.0,1.0,reject_margin0,2025
ENBE,1,0,0,0,departures,0.0,0.0,reject_margin0,2025
DAAV,1,0,0,0,departures,0.0,0.0,reject_margin0,2025
EKSI,1,0,0,0,departures,0.0,0.0,reject_margin0,2025
EDTF,1,1,0,0,departures,0.0,0.0,reject_margin0,2025
EKHB,1,0,0,0,departures,0.0,0.0,reject_margin0,2025
ENUN,1,0,0,0,departures,0.0,0.0,reject_margin0,2025
LFMH,1,1,1,1,departures,1.0,1.0,reject_margin0,2025
GMAZ,1,1,0,0,departures,0.0,0.0,reject_margin0,2025
LOLW,1,1,0,0,departures,0.0,0.0,reject_margin0,2025
LKJI,1,1,0,0,departures,0.0,0.0,reject_margin0,2025
EHAK,1,0,0,0,departures,0.0,0.0,reject_margin0,2025
EDBM,1,1,0,0,departures,0.0,0.0,reject_margin0,2025
OJAQ,1,0,0,0,departures,0.0,0.0,reject_margin0,2025
ENRY,1,1,1,2,departures,1.0,2.0,reject_margin0,2025
EHFD,1,0,0,0,departures,0.0,0.0,reject_margin0,2025
DAUG,1,0,0,0,departures,0.0,0.0,reject_margin0,2025
ENQR,1,0,0,0,departures,0.0,0.0,reject_margin0,2025
LFOP,1,0,0,0,departures,0.0,0.0,reject_margin0,2025
ENUE,1,0,0,0,departures,0.0,0.0,reject_margin0,2025
EKTE,1,1,0,0,departures,0.0,0.0,reject_margin0,2025
ENUS,1,0,0,0,departures,0.0,0.0,reject_margin0,2025
LPEV,1,1,1,1,departures,1.0,1.0,reject_margin0,2025
OIGG,1,0,0,0,departures,0.0,0.0,reject_margin0,2025
LIRJ,1,0,0,0,departures,0.0,0.0,reject_margin0,2025
EHQM,1,1,0,0,departures,0.0,0.0,reject_margin0,2025
UUBI,1,0,0,0,departures,0.0,0.0,reject_margin0,2025
EGBK,1,1,0,0,departures,0.0,0.0,reject_margin0,2025
EHGN,1,0,0,0,departures,0.0,0.0,reject_margin0,2025
LSZG,1,1,1,2,departures,1.0,2.0,reject_margin0,2025
EDTD,1,1,1,1,departures,1.0,1.0,reject_margin0,2025
LFHS,1,1,0,0,departures,0.0,0.0,reject_margin0,2025
EDMV,1,0,0,0,departures,0.0,0.0,reject_margin0,2025
EDAY,1,1,0,0,departures,0.0,0.0,reject_margin0,2025
EGOV,1,1,1,1,departures,1.0,1.0,reject_margin0,2025
LFLD,1,1,1,1,departures,1.0,1.0,reject_margin0,2025
LFBA,1,1,1,1,departures,1.0,1.0,reject_margin0,2025
ENQB,1,1,0,0,departures,0.0,0.0,reject_margin0,2025
LCRA,1,1,1,2,departures,1.0,2.0,reject_margin0,2025
UUBC,1,0,0,0,departures,0.0,0.0,reject_margin0,2025
EHLE,1,1,1,1,departures,1.0,1.0,reject_margin0,2025
ENUK,1,0,0,0,departures,0.0,0.0,reject_margin0,2025
EBMB,1,1,0,0,departures,0.0,0.0,reject_margin0,2025
LGKZ,1,1,1,2,departures,1.0,2.0,reject_margin0,2025
LHPR,1,1,1,1,departures,1.0,1.0,reject_margin0,2025
LFLO,1,1,1,1,departures,1.0,1.0,reject_margin0,2025
ENRK,1,1,0,0,arrivals,0.0,0.0,reject_margin0,2025
ULPB,1,0,0,0,arrivals,0.0,0.0,reject_margin0,2025
LEBA,1,1,1,1,arrivals,1.0,1.0,reject_margin0,2025
LFLD,1,0,0,0,arrivals,0.0,0.0,reject_margin0,2025
UMII,1,0,0,0,arrivals,0.0,0.0,reject_margin0,2025
OIGG,1,0,0,0,arrivals,0.0,0.0,reject_margin0,2025
LFRO,1,1,1,1,arrivals,1.0,1.0,reject_margin0,2025
EGTF,1,1,0,0,arrivals,0.0,0.0,reject_margin0,2025
USKK,1,0,0,0,arrivals,0.0,0.0,reject_margin0,2025
UWPS,1,0,0,0,arrivals,0.0,0.0,reject_margin0,2025
EKAR,1,0,0,0,arrivals,0.0,0.0,reject_margin0,2025
UUBI,1,0,0,0,arrivals,0.0,0.0,reject_margin0,2025
LKRO,1,1,0,0,arrivals,0.0,0.0,reject_margin0,2025
EHKE,1,0,0,0,arrivals,0.0,0.0,reject_margin0,2025
DAUH,1,0,0,0,arrivals,0.0,0.0,reject_margin0,2025
EBCV,1,1,1,1,arrivals,1.0,1.0,reject_margin0,2025
EHFT,1,0,0,0,arrivals,0.0,0.0,reject_margin0,2025
LIMG,1,1,1,1,arrivals,1.0,1.0,reject_margin0,2025
EDBM,1,1,0,0,arrivals,0.0,0.0,reject_margin0,2025
URWA,1,0,0,0,arrivals,0.0,0.0,reject_margin0,2025
EDBC,1,1,0,0,arrivals,0.0,0.0,reject_margin0,2025
LFLA,1,0,0,0,arrivals,0.0,0.0,reject_margin0,2025
ENQB,1,0,0,0,arrivals,0.0,0.0,reject_margin0,2025
LIRJ,1,0,0,0,arrivals,0.0,0.0,reject_margin0,2025
LFAQ,1,1,0,0,arrivals,0.0,0.0,reject_margin0,2025
ENWK,1,0,0,0,arrivals,0.0,0.0,reject_margin0,2025
LSZC,1,1,0,0,arrivals,0.0,0.0,reject_margin0,2025
UUBC,1,0,0,0,arrivals,0.0,0.0,reject_margin0,2025
LFGA,1,1,1,2,arrivals,1.0,2.0,reject_margin0,2025
EGUB,1,1,1,1,arrivals,1.0,1.0,reject_margin0,2025
ENLA,1,0,0,0,arrivals,0.0,0.0,reject_margin0,2025
LHPR,1,1,1,1,arrivals,1.0,1.0,reject_margin0,2025
EGWC,1,1,1,1,arrivals,1.0,1.0,reject_margin0,2025
UGSA,1,0,0,0,arrivals,0.0,0.0,reject_margin0,2025
EHDV,1,0,0,0,arrivals,0.0,0.0,reject_margin0,2025
LPEV,1,1,1,1,arrivals,1.0,1.0,reject_margin0,2025
UBBF,1,0,0,0,arrivals,0.0,0.0,reject_margin0,2025
LFTF,1,1,0,0,arrivals,0.0,0.0,reject_margin0,2025
ULWC,1,0,0,0,arrivals,0.0,0.0,reject_margin0,2025
DAAV,1,0,0,0,arrivals,0.0,0.0,reject_margin0,2025
EDGE,1,1,0,0,arrivals,0.0,0.0,reject_margin0,2025
LFCI,1,1,1,1,arrivals,1.0,1.0,reject_margin0,2025
EIWT,1,1,0,0,arrivals,0.0,0.0,reject_margin0,2025
LRSM,1,0,0,0,arrivals,0.0,0.0,reject_margin0,2025
EGSC,1,1,1,1,arrivals,1.0,1.0,reject_margin0,2025
ENDR,1,0,0,0,arrivals,0.0,0.0,reject_margin0,2025
UBBL,1,0,0,0,arrivals,0.0,0.0,reject_margin0,2025
LPVR,1,1,1,4,arrivals,1.0,4.0,reject_margin0,2025
LIQS,1,0,0,0,arrivals,0.0,0.0,reject_margin0,2025
LKMH,1,1,0,0,arrivals,0.0,0.0,reject_margin0,2025
EGFE,1,1,1,1,arrivals,1.0,1.0,reject_margin0,2025
LIMW,1,0,0,0,arrivals,0.0,0.0,reject_margin0,2025
LSTS,1,1,0,0,arrivals,0.0,0.0,reject_margin0,2025
EDLE,1,1,0,0,arrivals,0.0,0.0,reject_margin0,2025
EGBP,1,1,0,0,arrivals,0.0,0.0,reject_margin0,2025
ENQM,1,0,0,0,arrivals,0.0,0.0,reject_margin0,2025
EHLI,1,0,0,0,arrivals,0.0,0.0,reject_margin0,2025
LDRG,1,1,0,0,arrivals,0.0,0.0,reject_margin0,2025
LGKZ,1,0,0,0,arrivals,0.0,0.0,reject_margin0,2025
EPPW,1,0,0,0,arrivals,0.0,0.0,reject_margin0,2025
EHPK,1,0,0,0,arrivals,0.0,0.0,reject_margin0,2025
EPWK,1,0,0,0,arrivals,0.0,0.0,reject_margin0,2025
EHTW,1,1,1,1,arrivals,1.0,1.0,reject_margin0,2025
EPNT,1,0,0,0,arrivals,0.0,0.0,reject_margin0,2025
LYKV,1,0,0,0,arrivals,0.0,0.0,reject_margin0,2025
EDFE,1,1,0,2,arrivals,0.0,2.0,reject_margin0,2025
LFSG,1,0,0,1,arrivals,0.0,1.0,reject_margin0,2025
EHFD,1,0,0,0,arrivals,0.0,0.0,reject_margin0,2025
EDBR,1,1,1,1,arrivals,1.0,1.0,reject_margin0,2025
EDXQ,1,1,0,0,arrivals,0.0,0.0,reject_margin0,2025
EDTF,1,1,0,0,arrivals,0.0,0.0,reject_margin0,2025
ENUN,1,0,0,0,arrivals,0.0,0.0,reject_margin0,2025
LFMH,1,1,1,1,arrivals,1.0,1.0,reject_margin0,2025
LFPN,1,1,0,0,arrivals,0.0,0.0,reject_margin0,2025
GMAZ,1,0,0,0,arrivals,0.0,0.0,reject_margin0,2025
LFOP,1,1,1,1,arrivals,1.0,1.0,reject_margin0,2025
LOLW,1,1,0,0,arrivals,0.0,0.0,reject_margin0,2025
ENQC,1,1,0,0,arrivals,0.0,0.0,reject_margin0,2025
EDAQ,1,1,0,0,arrivals,0.0,0.0,reject_margin0,2025
ULMM,1,0,0,0,arrivals,0.0,0.0,reject_margin0,2025
EHFR,1,0,0,0,arrivals,0.0,0.0,reject_margin0,2025
ENSF,1,0,0,0,arrivals,0.0,0.0,reject_margin0,2025
EDQM,1,1,1,1,arrivals,1.0,1.0,reject_margin0,2025
DABT,1,0,0,0,arrivals,0.0,0.0,reject_margin0,2025
ENUS,1,0,0,0,arrivals,0.0,0.0,reject_margin0,2025
ENGA,1,0,0,0,arrivals,0.0,0.0,reject_margin0,2025
LFLH,1,1,0,0,arrivals,0.0,0.0,reject_margin0,2025
LFBA,1,1,1,1,arrivals,1.0,1.0,reject_margin0,2025
LFRI,1,0,0,0,arrivals,0.0,0.0,reject_margin0,2025
LGKA,1,0,0,0,arrivals,0.0,0.0,reject_margin0,2025
EGBK,1,1,0,0,arrivals,0.0,0.0,reject_margin0,2025
BIGJ,1,0,0,0,arrivals,0.0,0.0,reject_margin0,2025
EDTD,1,1,1,2,arrivals,1.0,2.0,reject_margin0,2025
LFLO,1,1,0,0,arrivals,0.0,0.0,reject_margin0,2025
EHGQ,1,0,0,0,arrivals,0.0,0.0,reject_margin0,2025
EDMV,1,0,0,0,arrivals,0.0,0.0,reject_margin0,2025
EGOV,1,1,0,0,arrivals,0.0,0.0,reject_margin0,2025
LRAR,1,0,0,1,arrivals,0.0,1.0,reject_margin0,2025
EIWF,1,1,1,1,arrivals,1.0,1.0,reject_margin0,2025
LJPZ,1,1,1,2,arrivals,1.0,2.0,reject_margin0,2025
EHLE,1,1,1,1,arrivals,1.0,1.0,reject_margin0,2025
ENUK,1,0,0,0,arrivals,0.0,0.0,reject_margin0,2025
EFLP,1,0,0,0,arrivals,0.0,0.0,reject_margin0,2025
