adep_accuracy,adep_correct,adep_coverage,adep_gt_ooa_share,adep_inarea_accuracy,adep_inarea_coverage,adep_ooa_precision,adep_ooa_recall,adep_overall,adep_pred_ooa_share,adep_score,adep_wrong,ades_accuracy,ades_correct,ades_coverage,ades_gt_ooa_share,ades_inarea_accuracy,ades_inarea_coverage,ades_ooa_precision,ades_ooa_recall,ades_overall,ades_pred_ooa_share,ades_score,ades_wrong,fl_cap,k,legacy,margin,n_ground_truth,penalty_nm,radius_nm,stage,stage2_role
0.9840103950479147,54525,0.5971077274539597,0.07942973523421588,0.9844190077273055,0.6483588518986749,0.0,0.0,0.5875602107781334,0.0,52753.0,886,0.9537238020538825,52286,0.5907714522785806,0.07982844642722443,0.9546989975715303,0.6413673572156317,0.0,0.0,0.5634327956120216,0.0,47212.0,2537,40,2.0,True,4,92799,0.0,30.0,0,
0.9879258793730599,51875,0.5658358387482624,0.07942973523421588,0.9883399698973079,0.6144004307721121,0.0,0.0,0.55900386857617,0.0,50607.0,634,0.9727292206400842,49937,0.5532063923102619,0.07982844642722443,0.9740763859087894,0.6003677202515487,0.0,0.0,0.5381200228450738,0.0,47137.0,1400,25,2.0,,0,92799,10.0,5.0,1,
0.9866547535311674,51901,0.5668487806980679,0.07942973523421588,0.9871426669456226,0.615453949524746,0.0,0.0,0.5592840440090949,0.0,50497.0,702,0.9725172121097803,51558,0.5712884837121089,0.07982844642722443,0.9738581844282422,0.6199950814488646,0.0,0.0,0.5555878834901238,0.0,48644.0,1457,25,2.0,,0,92799,10.0,10.0,1,
0.9862795028695223,51900,0.5670535242836668,0.07942973523421588,0.9867670545288615,0.6156763590391909,0.0,0.0,0.5592732680309055,0.0,50456.0,722,0.971868935240141,51580,0.5719134904470954,0.07982844642722443,0.9732075471698113,0.6206743099389865,0.0,0.0,0.555824955010291,0.0,48594.0,1493,25,2.0,,0,92799,10.0,15.0,1,
0.9859987081576048,51901,0.5672259399346976,0.07942973523421588,0.9864859727818749,0.6158636512618814,0.0,0.0,0.5592840440090949,0.0,50427.0,737,0.9717627999849301,51587,0.5720535781635578,0.07982844642722443,0.9731009375058948,0.6208265508074622,0.0,0.0,0.555900386857617,0.0,48589.0,1499,25,2.0,,0,92799,10.0,20.0,1,
0.9848760863789897,51901,0.5678724986260628,0.07942973523421588,0.9853622417982989,0.6165659970969706,0.0,0.0,0.5592840440090949,0.0,50307.0,797,0.9714533197755433,51590,0.5722690977273462,0.07982844642722443,0.972790526653216,0.6210607675281938,0.0,0.0,0.5559327147921853,0.0,48558.0,1516,25,2.0,,0,92799,10.0,30.0,1,
0.9842410680421755,51901,0.5682388818845031,0.07942973523421588,0.9847265965924183,0.6169639930701878,0.0,0.0,0.5592840440090949,0.0,50239.0,831,0.9711451588616172,51595,0.5725061692475134,0.07982844642722443,0.9724813872396569,0.6213184059209987,0.0,0.0,0.5559865946831324,0.0,48529.0,1533,25,2.0,,0,92799,10.0,40.0,1,
0.9820992676973149,51901,0.5694781193762863,0.07942973523421588,0.9825826849169838,0.6183101559207754,0.0,0.0,0.5592840440090949,0.0,50009.0,946,0.9707802592711058,51596,0.5727324647894912,0.07982844642722443,0.972115457080413,0.621564333477767,0.0,0.0,0.5559973706613218,0.0,48490.0,1553,25,2.0,,0,92799,10.0,60.0,1,
0.9777882441597588,51901,0.5719889222944213,0.07942973523421588,0.9785625400656134,0.6208503066910147,0.0,0.0,0.5592840440090949,0.0,49543.0,1179,0.968684877499296,51597,0.573982478259464,0.07982844642722443,0.9705981941309255,0.6225480437048401,0.0,0.0,0.5560081466395111,0.0,48261.0,1668,25,2.0,,0,92799,10.0,80.0,1,
0.9887868089545053,49293,0.5372040646989731,0.07942973523421588,0.989143957940362,0.5833450390972514,0.0,0.0,0.5311802928910871,0.0,48175.0,559,0.976079838440876,49783,0.5496072155949956,0.07982844642722443,0.9772102701005025,0.5965968310477685,0.0,0.0,0.5364605222039031,0.0,47343.0,1220,25,2.0,,2,92799,10.0,5.0,1,
0.9876911974019205,49269,0.5375381200228451,0.07942973523421588,0.9880675437189155,0.583696212014796,0.0,0.0,0.5309216694145411,0.0,48041.0,614,0.9754906653901388,50945,0.562775460942467,0.07982844642722443,0.9766126713313524,0.6108957618484384,0.0,0.0,0.5489822088600093,0.0,48385.0,1280,25,2.0,,2,92799,10.0,10.0,1,
0.9872753141093722,49268,0.5377536395866335,0.07942973523421588,0.9876513511346323,0.5839303272931592,0.0,0.0,0.5309108934363517,0.0,47998.0,635,0.9748603351955307,50954,0.5632388280046121,0.07982844642722443,0.9759806926141588,0.6113993277980115,0.0,0.0,0.5490791926637141,0.0,48326.0,1314,25,2.0,,2,92799,10.0,15.0,1,
0.9870184506280425,49269,0.5379045032812854,0.07942973523421588,0.9873942843400537,0.5840942079880133,0.0,0.0,0.5309216694145411,0.0,47973.0,648,0.9747518218855798,50961,0.5633789157210746,0.07982844642722443,0.9758717757224106,0.6115515686664871,0.0,0.0,0.54915462451104,0.0,48321.0,1320,25,2.0,,2,92799,10.0,20.0,1,
0.9858137580535435,49269,0.53856183795084,0.07942973523421588,0.9861886747132649,0.5848082595870207,0.0,0.0,0.5309216694145411,0.0,47851.0,709,0.9744732112126658,50963,0.5635621073502948,0.07982844642722443,0.9755924805697003,0.611750652879109,0.0,0.0,0.5491761764674188,0.0,48293.0,1335,25,2.0,,2,92799,10.0,30.0,1,
0.9852617685877695,49269,0.5388635653401438,0.07942973523421588,0.9856362654290115,0.5851360209767289,0.0,0.0,0.5309216694145411,0.0,47795.0,737,0.9741776410099582,50968,0.5637884028922725,0.07982844642722443,0.975296121242274,0.6119965804358773,0.0,0.0,0.549230056358366,0.0,48266.0,1351,25,2.0,,2,92799,10.0,40.0,1,
0.983275789809807,49269,0.5399519391372752,0.07942973523421588,0.9836487781504551,0.5863183031324625,0.0,0.0,0.5309216694145411,0.0,47593.0,838,0.9737314687452239,50969,0.5640578023470081,0.07982844642722443,0.9748489021497972,0.612289351336792,0.0,0.0,0.5492408323365553,0.0,48219.0,1375,25,2.0,,2,92799,10.0,60.0,1,
0.9794445659304614,49269,0.5420640308624015,0.07942973523421588,0.9799900546991547,0.5885072809851571,0.0,0.0,0.5309216694145411,0.0,47201.0,1034,0.9724495831186919,50969,0.564801344842078,0.07982844642722443,0.9737872795705088,0.6129568689908773,0.0,0.0,0.5492408323365553,0.0,48081.0,1444,25,2.0,,2,92799,10.0,80.0,1,
0.9898101376066887,45460,0.4949191262836884,0.07942973523421588,0.9901766461196663,0.5374233272463361,0.0,0.0,0.48987596849103976,0.0,44524.0,468,0.977673534825723,49395,0.5444347460640739,0.07982844642722443,0.9787777909879919,0.590999051422281,0.0,0.0,0.532279442666408,0.0,47139.0,1128,25,2.0,,4,92799,10.0,5.0,1,
0.9886393314181249,45426,0.4951346458474768,0.07942973523421588,0.9890267798824298,0.537645736760781,0.0,0.0,0.48950958523259946,0.0,44382.0,522,0.976904997766253,50294,0.5547796851259174,0.07982844642722443,0.9779877882783028,0.6022414540174023,0.0,0.0,0.5419670470586968,0.0,47916.0,1189,25,2.0,,4,92799,10.0,10.0,1,
0.9881659379146817,45425,0.49536094138945463,0.07942973523421588,0.9885530238732563,0.5378915578030622,0.0,0.0,0.4894988092544101,0.0,44337.0,544,0.9762214414659238,50292,0.5551460683843575,0.07982844642722443,0.9773027594247959,0.6026396224426461,0.0,0.0,0.5419454951023179,0.0,47842.0,1225,25,2.0,,4,92799,10.0,15.0,1,
0.9879727701776898,45426,0.49546870117134884,0.07942973523421588,0.988359696264224,0.5380086154422438,0.0,0.0,0.48950958523259946,0.0,44320.0,553,0.9761299462438627,50299,0.5552753801226307,0.07982844642722443,0.977210910786447,0.6027801524750852,0.0,0.0,0.5420209269496439,0.0,47839.0,1230,25,2.0,,4,92799,10.0,20.0,1,
0.9865780557727392,45426,0.4961691397536611,0.07942973523421588,0.9869638899752314,0.5387694900969238,0.0,0.0,0.48950958523259946,0.0,44190.0,618,0.975846816435805,50301,0.5554585717518508,0.07982844642722443,0.9769271106449922,0.6029792366877071,0.0,0.0,0.5420424789060226,0.0,47811.0,1245,25,2.0,,4,92799,10.0,30.0,1,
0.9861282969716705,45426,0.49639543529563895,0.07942973523421588,0.9865137793993094,0.539015311139205,0.0,0.0,0.48950958523259946,0.0,44148.0,639,0.9756026608226829,50305,0.555641763381071,0.07982844642722443,0.9766823282724343,0.6031783209003291,0.0,0.0,0.5420855828187804,0.0,47789.0,1258,25,2.0,,4,92799,10.0,40.0,1,
0.9845040202856462,45426,0.49721440963803487,0.07942973523421588,0.9848882336361469,0.5399049491969846,0.0,0.0,0.48950958523259946,0.0,43996.0,715,0.9751870662582871,50306,0.5558896108794276,0.07982844642722443,0.9762657920782472,0.6034476701291706,0.0,0.0,0.5420963587969698,0.0,47746.0,1280,25,2.0,,4,92799,10.0,60.0,1,
0.9798321865360972,45426,0.49958512483970735,0.07942973523421588,0.9803185290690146,0.5424216884393875,0.0,0.0,0.48950958523259946,0.0,43556.0,935,0.9744126135549228,50306,0.5563314259851938,0.07982844642722443,0.9755274588892336,0.6039043927345973,0.0,0.0,0.5420963587969698,0.0,47664.0,1321,25,2.0,,4,92799,10.0,80.0,1,
0.9926761511911777,35376,0.3840235347363657,0.07942973523421588,0.992982653118509,0.4170295453481294,0.0,0.0,0.381211004428927,0.0,34854.0,261,0.9793162185180679,48294,0.531406588433065,0.07982844642722443,0.9803698666287732,0.5768874939981965,0.0,0.0,0.5204150906798565,0.0,46254.0,1020,25,2.0,,8,92799,10.0,5.0,1,
0.9912216737715952,35343,0.38422827832196466,0.07942973523421588,0.9915553809897879,0.4172402490986562,0.0,0.0,0.38085539714867617,0.0,34717.0,313,0.9780237407763875,48776,0.5374195842627615,0.07982844642722443,0.9790642124490656,0.5834221405066108,0.0,0.0,0.525609112167157,0.0,46584.0,1096,25,2.0,,8,92799,10.0,10.0,1,
0.9908323754520733,35342,0.3843683660384271,0.07942973523421588,0.9911658299913061,0.41739242402959215,0.0,0.0,0.38084462117048673,0.0,34688.0,327,0.9773351235446184,48770,0.5377320876302546,0.07982844642722443,0.9783742577435404,0.5837617547516717,0.0,0.0,0.5255444562980205,0.0,46508.0,1131,25,2.0,,8,92799,10.0,15.0,1,
0.9906104602275912,35343,0.38446534984213193,0.07942973523421588,0.9909437559580553,0.41749777590485554,0.0,0.0,0.38085539714867617,0.0,34673.0,335,0.9772199070363841,48775,0.5378506233903383,0.07982844642722443,0.9782586895044024,0.5838905739480742,0.0,0.0,0.5255983361889676,0.0,46501.0,1137,25,2.0,,8,92799,10.0,20.0,1,
0.989058039961941,35343,0.38506880462073945,0.07942973523421588,0.9893902916969934,0.41815329868427215,0.0,0.0,0.38085539714867617,0.0,34561.0,391,0.9769468033968915,48777,0.538023039041369,0.07982844642722443,0.9779849624060151,0.5840779473246595,0.0,0.0,0.5256198881453464,0.0,46475.0,1151,25,2.0,,8,92799,10.0,30.0,1,
0.9885600805549339,35343,0.38526277222814903,0.07942973523421588,0.9888919977616116,0.4183640024347989,0.0,0.0,0.38085539714867617,0.0,34525.0,409,0.9767334761628256,48781,0.5381846787142103,0.07982844642722443,0.9777710964121067,0.5842536098652082,0.0,0.0,0.5256629920581041,0.0,46457.0,1162,25,2.0,,8,92799,10.0,40.0,1,
0.9870692062782774,35343,0.3858446750503777,0.07942973523421588,0.98740012292563,0.4189961136863792,0.0,0.0,0.38085539714867617,0.0,34417.0,463,0.9763815776305518,48781,0.5383786463216198,0.07982844642722443,0.9774184499479042,0.5844644049138668,0.0,0.0,0.5256629920581041,0.0,46421.0,1180,25,2.0,,8,92799,10.0,60.0,1,
0.9834163443612788,35343,0.3872778801495706,0.07942973523421588,0.9837721984078384,0.4205412745235754,0.0,0.0,0.38085539714867617,0.0,34151.0,596,0.9756785407124428,48781,0.538766581536439,0.07982844642722443,0.9767334761628256,0.5848742841751473,0.0,0.0,0.5256629920581041,0.0,46349.0,1216,25,2.0,,8,92799,10.0,80.0,1,
0.9924911660777385,6741,0.07319044386254162,0.07942973523421588,0.9930760164997053,0.07945872547642459,0.0,0.0,0.0726408689748812,0.0,6639.0,51,0.9799044125819718,44081,0.4847573788510652,0.07982844642722443,0.9807983268066928,0.5263318148282606,0.0,0.0,0.4750158945678294,0.0,42273.0,904,25,2.0,,16,92799,10.0,5.0,1,
0.9892662843699456,6728,0.07328742766624641,0.07942973523421588,0.9899941141848146,0.07955237158776982,0.0,0.0,0.07250078125841873,0.0,6582.0,73,0.9779162324560431,44105,0.48600739232103796,0.07982844642722443,0.9788060363959166,0.5276902718085044,0.0,0.0,0.4752745180443755,0.0,42113.0,996,25,2.0,,16,92799,10.0,10.0,1,
0.9888284580332206,6727,0.07330897962262524,0.07942973523421588,0.989555751691674,0.07957578311560612,0.0,0.0,0.07249000528022931,0.0,6575.0,76,0.9770868881157622,44093,0.48628756775396287,0.07982844642722443,0.9779754247438229,0.5279947535454557,0.0,0.0,0.47514520630610246,0.0,42025.0,1034,25,2.0,,16,92799,10.0,15.0,1,
0.9883925947693212,6727,0.07334130755719351,0.07942973523421588,0.9891192471695339,0.07961090040736059,0.0,0.0,0.07249000528022931,0.0,6569.0,79,0.9769590358242684,44097,0.48639532753585707,0.07982844642722443,0.9778472591804152,0.5281118619058215,0.0,0.0,0.4751883102188601,0.0,42017.0,1040,25,2.0,,16,92799,10.0,20.0,1,
0.9856410256410256,6727,0.07354605114279249,0.07942973523421588,0.9863636363636363,0.0798333099218055,0.0,0.0,0.07249000528022931,0.0,6531.0,98,0.9765706313528356,44099,0.48661084709964547,0.07982844642722443,0.9774581079882968,0.5283460786265531,0.0,0.0,0.475209862175239,0.0,41983.0,1058,25,2.0,,16,92799,10.0,30.0,1,
0.9852079671939075,6727,0.07357837907736074,0.07942973523421588,0.9859299428403928,0.07986842721355995,0.0,0.0,0.07249000528022931,0.0,6525.0,101,0.9763565119213655,44103,0.48676171079429736,0.07982844642722443,0.9772435187236871,0.5285100303310654,0.0,0.0,0.47525296608799666,0.0,41967.0,1068,25,2.0,,16,92799,10.0,40.0,1,
0.9817571511967309,6727,0.07383700255390684,0.07942973523421588,0.9824740762377684,0.08014936554759564,0.0,0.0,0.07249000528022931,0.0,6477.0,125,0.9760107995662469,44103,0.4869341264453281,0.07982844642722443,0.9768971780445665,0.5286974037076507,0.0,0.0,0.47525296608799666,0.0,41935.0,1084,25,2.0,,16,92799,10.0,60.0,1,
0.9740805097017087,6727,0.07441890537613552,0.07942973523421588,0.974786262860455,0.08078147679917591,0.0,0.0,0.07249000528022931,0.0,6369.0,179,0.9720954837003241,44103,0.48889535447580257,0.07982844642722443,0.9730176940387416,0.5308053541942359,0.0,0.0,0.47525296608799666,0.0,41571.0,1266,25,2.0,,16,92799,10.0,80.0,1,
0.986772721623493,55578,0.6069354195627108,0.07942973523421588,0.9871933782127569,0.6590228028281125,0.0,0.0,0.5989073158115928,0.0,54088.0,745,0.9711978883627047,50040,0.5552215002316835,0.07982844642722443,0.9723112795103468,0.6026981766228291,0.0,0.0,0.5392299485985841,0.0,47072.0,1484,40,2.0,,0,92799,10.0,5.0,1,
0.9858054747853616,57296,0.6263106283472882,0.07942973523421588,0.9862806190074536,0.6800229432972795,0.0,0.0,0.6174204463410166,0.0,55646.0,825,0.9708805772345752,52746,0.5854373430748177,0.07982844642722443,0.9719360961138035,0.6355353608694124,0.0,0.0,0.5683897455791549,0.0,49582.0,1582,40,2.0,,0,92799,10.0,10.0,1,
0.985244040862656,57288,0.6265800278020237,0.07942973523421588,0.9857356711461362,0.6803038816313153,0.0,0.0,0.6173342385155013,0.0,55572.0,858,0.9714188863713404,54449,0.6040043534951886,0.07982844642722443,0.9724424917845407,0.6557131313604478,0.0,0.0,0.5867412364357375,0.0,51245.0,1602,40,2.0,,0,92799,10.0,15.0,1,
0.9849565890140118,57290,0.6267847713876227,0.07942973523421588,0.9854479152332462,0.6805262911457601,0.0,0.0,0.61735579047188,0.0,55540.0,875,0.971605639805377,54715,0.606838435759006,0.07982844642722443,0.9726246555861702,0.6587930812380696,0.0,0.0,0.5896076466341232,0.0,51517.0,1599,40,2.0,,0,92799,10.0,20.0,1,
0.9836206304512053,57290,0.627636073664587,0.07942973523421588,0.9841106244095165,0.6814510464952943,0.0,0.0,0.61735579047188,0.0,55382.0,954,0.9712436840705612,54783,0.6078190497742433,0.07982844642722443,0.9722606751144713,0.6598587673173988,0.0,0.0,0.5903404131510038,0.0,51539.0,1622,40,2.0,,0,92799,10.0,30.0,1,
0.98297930750489,57290,0.6280455608357849,0.07942973523421588,0.9834686625581515,0.6818958655241841,0.0,0.0,0.61735579047188,0.0,55306.0,992,0.9709186928475225,54787,0.6080668972725999,0.07982844642722443,0.9719349287729071,0.6601281165462403,0.0,0.0,0.5903835170637615,0.0,51505.0,1641,40,2.0,,0,92799,10.0,40.0,1,
0.9809595561795829,57290,0.6293386782185153,0.07942973523421588,0.9814469018210474,0.6833005571943626,0.0,0.0,0.61735579047188,0.0,55066.0,1112,0.9699909707345573,54788,0.608659576073018,0.07982844642722443,0.9710052459946122,0.6607722125282524,0.0,0.0,0.5903942930419509,0.0,51398.0,1695,40,2.0,,0,92799,10.0,60.0,1,
0.9744523064362498,57290,0.6335413097123891,0.07942973523421588,0.9758631849694245,0.6872102823430257,0.0,0.0,0.61735579047188,0.0,54286.0,1502,0.9680206364070036,54789,0.6099095895429908,0.07982844642722443,0.9694765898715363,0.661826187771545,0.0,0.0,0.5904050690201403,0.0,51169.0,1810,40,2.0,,0,92799,10.0,80.0,1,
0.9879184495343569,54950,0.5993814588519273,0.07942973523421588,0.9882915774896135,0.6508521796132416,0.0,0.0,0.592140001508637,0.0,53606.0,672,0.9728026146842536,50004,0.5539068308925743,0.07982844642722443,0.9738825591586328,0.601292876298439,0.0,0.0,0.5388420133837649,0.0,47208.0,1398,40,2.0,,2,92799,10.0,5.0,1,
0.9867628938567153,56058,0.6121833209409584,0.07942973523421588,0.9871973232367702,0.6647118040923351,0.0,0.0,0.6040797853425145,0.0,54554.0,752,0.9726916392412085,52609,0.582829556352978,0.07982844642722443,0.9737178182087397,0.6327247602206322,0.0,0.0,0.5669134365672044,0.0,49655.0,1477,40,2.0,,2,92799,10.0,10.0,1,
0.9862227930955607,56050,0.6124311684393151,0.07942973523421588,0.986656808900155,0.6649810366624526,0.0,0.0,0.6039935775169991,0.0,54484.0,783,0.9728891213766482,53936,0.5974094548432634,0.07982844642722443,0.9738904337149255,0.6485695213781312,0.0,0.0,0.5812131596245649,0.0,50930.0,1503,40,2.0,,2,92799,10.0,15.0,1,
0.9859454705364996,56051,0.6126143600685352,0.07942973523421588,0.9863792344918609,0.6651800346490612,0.0,0.0,0.6040043534951886,0.0,54453.0,799,0.9730215504071031,54136,0.5995430985247686,0.07982844642722443,0.9740194314501619,0.650888266913375,0.0,0.0,0.5833683552624489,0.0,51134.0,1501,40,2.0,,2,92799,10.0,20.0,1,
0.9846291676913889,56051,0.6134333344109312,0.07942973523421588,0.9850617739582784,0.6660696727068408,0.0,0.0,0.6040043534951886,0.0,54301.0,875,0.9726998599992821,54193,0.6003728488453539,0.07982844642722443,0.9736960310473076,0.651790001288192,0.0,0.0,0.5839825860192459,0.0,51151.0,1521,40,2.0,,2,92799,10.0,30.0,1,
0.9840759858141086,56051,0.6137781657129926,0.07942973523421588,0.9845081060193561,0.6664442571522218,0.0,0.0,0.6040043534951886,0.0,54237.0,907,0.9723876847997703,54197,0.6006099203655212,0.07982844642722443,0.9733831426570161,0.6520476396809968,0.0,0.0,0.5840256899320035,0.0,51119.0,1539,40,2.0,,2,92799,10.0,40.0,1,
0.9820070780335681,56051,0.615071283095723,0.07942973523421588,0.9824373827844285,0.6678489488224002,0.0,0.0,0.6040043534951886,0.0,53997.0,1027,0.9715166615878251,54198,0.6011594952531816,0.07982844642722443,0.9725103176027274,0.6526448923188627,0.0,0.0,0.584036465910193,0.0,51020.0,1589,40,2.0,,2,92799,10.0,60.0,1,
0.977162183365004,56051,0.618120884923329,0.07942973523421588,0.9780488230469909,0.6708456243854474,0.0,0.0,0.6040043534951886,0.0,53431.0,1310,0.9703865504091096,54199,0.6018707098136833,0.07982844642722443,0.9715520022944825,0.6533006991369114,0.0,0.0,0.5840472418883824,0.0,50891.0,1654,40,2.0,,2,92799,10.0,80.0,1,
0.9886893976829737,54021,0.5887886722917273,0.07942973523421588,0.9890514289899119,0.639357119445615,0.0,0.0,0.5821291177706657,0.0,52785.0,618,0.9736919086530024,49928,0.5525598336188967,0.07982844642722443,0.9747564475508093,0.5998407326299025,0.0,0.0,0.538023039041369,0.0,47230.0,1349,40,2.0,,4,92799,10.0,5.0,1,
0.9874866638939621,54609,0.5959223698531234,0.07942973523421588,0.9878975360903072,0.6470712178676781,0.0,0.0,0.5884653929460447,0.0,53225.0,692,0.973609872137972,52388,0.5798338344163192,0.07982844642722443,0.9746242000297664,0.6294808586384982,0.0,0.0,0.5645319453873425,0.0,49548.0,1420,40,2.0,,4,92799,10.0,10.0,1,
0.9869672101514768,54601,0.5961486653951013,0.07942973523421588,0.9873777102660084,0.6473170389099593,0.0,0.0,0.5883791851205293,0.0,53159.0,721,0.9736928822495606,53187,0.5886270326188859,0.07982844642722443,0.9746921272540683,0.6390369008443513,0.0,0.0,0.5731419519606892,0.0,50313.0,1437,40,2.0,,4,92799,10.0,15.0,1,
0.9866642573183954,54602,0.5963426330025108,0.07942973523421588,0.9870744978939566,0.6475277426604861,0.0,0.0,0.5883899610987188,0.0,53126.0,738,0.9736697951283643,53324,0.5901572215217836,0.07982844642722443,0.9746664229574118,0.6406998395615463,0.0,0.0,0.5746182609726398,0.0,50440.0,1442,40,2.0,,4,92799,10.0,20.0,1,
0.985400010828175,54602,0.5971077274539597,0.07942973523421588,0.9858092005488553,0.6483588518986749,0.0,0.0,0.5883899610987188,0.0,52984.0,809,0.9733688415446072,53363,0.5907714522785806,0.07982844642722443,0.9743641243814706,0.6413673572156317,0.0,0.0,0.5750385241220272,0.0,50443.0,1460,40,2.0,,4,92799,10.0,30.0,1,
0.9848312681492705,54602,0.5974525587560211,0.07942973523421588,0.9852399855647781,0.6487334363440558,0.0,0.0,0.5883899610987188,0.0,52920.0,841,0.9731218088986141,53366,0.5909546439078007,0.07982844642722443,0.9741165303738317,0.6415664414282536,0.0,0.0,0.5750708520565955,0.0,50418.0,1474,40,2.0,,4,92799,10.0,40.0,1,
0.982739691510232,54602,0.5987241241823726,0.07942973523421588,0.9831466743490943,0.6501147164863978,0.0,0.0,0.5883899610987188,0.0,52684.0,959,0.9722713111916778,53367,0.5914826668390823,0.07982844642722443,0.9732642751627669,0.6421402723940463,0.0,0.0,0.5750816280347849,0.0,50323.0,1522,40,2.0,,4,92799,10.0,60.0,1,
0.9785480026523773,54602,0.6012888069914546,0.07942973523421588,0.9792499865492567,0.6527016903123097,0.0,0.0,0.5883899610987188,0.0,52208.0,1197,0.971475379994539,53368,0.5919783618357957,0.07982844642722443,0.9725021411520309,0.642655549179656,0.0,0.0,0.5750924040129742,0.0,50234.0,1567,40,2.0,,4,92799,10.0,80.0,1,
0.9894312253960866,51022,0.5556848672938286,0.07942973523421588,0.9897959183673469,0.6034087184529663,0.0,0.0,0.5498119591805947,0.0,49932.0,545,0.9756662349385768,49718,0.5491222965764717,0.07982844642722443,0.9767396173038387,0.596104975934232,0.0,0.0,0.5357600836215908,0.0,47238.0,1240,40,2.0,,8,92799,10.0,5.0,1,
0.9880239520958084,51150,0.5578723908662809,0.07942973523421588,0.9884439978356652,0.6057498712365968,0.0,0.0,0.5511912843888404,0.0,49910.0,620,0.9754355629898321,51900,0.5733574715244776,0.07982844642722443,0.9764632838516679,0.6224426461805108,0.0,0.0,0.5592732680309055,0.0,49286.0,1307,40,2.0,,8,92799,10.0,10.0,1,
0.9874879320332111,51142,0.5580879104300693,0.07942973523421588,0.9879075876989646,0.60598398651496,0.0,0.0,0.5511050765633251,0.0,49846.0,648,0.9752730809516684,52142,0.5761268979191586,0.07982844642722443,0.9762956860395446,0.6254523310419131,0.0,0.0,0.5618810547527452,0.0,49498.0,1322,40,2.0,,8,92799,10.0,15.0,1,
0.9872213106842969,51143,0.5582495501029106,0.07942973523421588,0.9876407315142035,0.6061595729737322,0.0,0.0,0.5511158525415144,0.0,49819.0,662,0.9751200104600557,52205,0.5769135443269863,0.07982844642722443,0.9761410594416708,0.6263072220725837,0.0,0.0,0.5625599413786786,0.0,49541.0,1332,40,2.0,,8,92799,10.0,20.0,1,
0.9857181404671961,51143,0.5591008523798748,0.07942973523421588,0.9861362847556978,0.6070843283232664,0.0,0.0,0.5511158525415144,0.0,49661.0,741,0.9748021502165148,52226,0.5773338074763736,0.07982844642722443,0.9758221225710015,0.6267639446780106,0.0,0.0,0.5627862369206564,0.0,49526.0,1350,40,2.0,,8,92799,10.0,30.0,1,
0.9852623873006088,51143,0.5593594758564209,0.07942973523421588,0.9856801449331226,0.6073652666573021,0.0,0.0,0.5511158525415144,0.0,49613.0,765,0.9745852848426042,52229,0.577495447149215,0.07982844642722443,0.9756047445596339,0.6269396072185593,0.0,0.0,0.5628185648552247,0.0,49505.0,1362,40,2.0,,8,92799,10.0,40.0,1,
0.9831410995770857,51143,0.5605663854136359,0.07942973523421588,0.9835570598869188,0.6086763122161353,0.0,0.0,0.5511158525415144,0.0,49389.0,877,0.9739315283061087,52230,0.5778941583422235,0.07982844642722443,0.9749496005375943,0.6273729081519129,0.0,0.0,0.5628293408334142,0.0,49434.0,1398,40,2.0,,8,92799,10.0,60.0,1,
0.9793757181156645,51143,0.5627215810515199,0.07942973523421588,0.9799574623004847,0.6109121131245026,0.0,0.0,0.5511158525415144,0.0,48989.0,1077,0.97326003913165,52230,0.5782928695352321,0.07982844642722443,0.9742767072693018,0.6278062090852666,0.0,0.0,0.5628293408334142,0.0,49360.0,1435,40,2.0,,8,92799,10.0,80.0,1,
0.9928376717088032,37150,0.403215551891723,0.07942973523421588,0.9931561781532374,0.4378658051224423,0.0,0.0,0.40032758973695837,0.0,36614.0,268,0.9773858342954971,49098,0.5413204883673316,0.07982844642722443,0.9783986289904747,0.587673173987891,0.0,0.0,0.5290789771441503,0.0,46826.0,1136,40,2.0,,16,92799,10.0,5.0,1,
0.9910840607565201,37127,0.40367891895386804,0.07942973523421588,0.9914281136509293,0.4383574472070047,0.0,0.0,0.4000797422386017,0.0,36459.0,334,0.9770110508958362,50659,0.5587452450996239,0.07982844642722443,0.9779918531245777,0.6066095958590484,0.0,0.0,0.5459002790978351,0.0,48275.0,1192,40,2.0,,16,92799,10.0,10.0,1,
0.9902889309820452,37119,0.40391599047403526,0.07942973523421588,0.9906325060048038,0.4386149740132041,0.0,0.0,0.3999935344130863,0.0,36391.0,364,0.9766545958856615,50704,0.5594456836819363,0.07982844642722443,0.9776338115070183,0.6073708002014264,0.0,0.0,0.546385198116359,0.0,48280.0,1212,40,2.0,,16,92799,10.0,15.0,1,
0.9899458623356535,37120,0.40406685416868715,0.07942973523421588,0.9902891900544232,0.4387788547080583,0.0,0.0,0.40000431039127576,0.0,36366.0,377,0.9765113592606854,50720,0.5597043071584823,0.07982844642722443,0.9774899784150478,0.6076518602663045,0.0,0.0,0.5465576137673898,0.0,48280.0,1220,40,2.0,,16,92799,10.0,20.0,1,
0.9882854100106496,37120,0.4047457407946206,0.07942973523421588,0.98862758675793,0.4395163178349019,0.0,0.0,0.40000431039127576,0.0,36240.0,440,0.9763077870587783,50727,0.5598982747658918,0.07982844642722443,0.9772858629060224,0.607862655314963,0.0,0.0,0.5466330456147157,0.0,48265.0,1231,40,2.0,,16,92799,10.0,30.0,1,
0.9876806002713993,37120,0.40499358829297727,0.07942973523421588,0.9880223582645727,0.43978555040501943,0.0,0.0,0.40000431039127576,0.0,36194.0,463,0.9759522893420547,50730,0.5601353462860591,0.07982844642722443,0.9769295948236019,0.6081202937077678,0.0,0.0,0.5466653735492839,0.0,48230.0,1250,40,2.0,,16,92799,10.0,40.0,1,
0.9861587099173773,37120,0.40561859502796366,0.07942973523421588,0.9864994153290103,0.44046448471227234,0.0,0.0,0.40000431039127576,0.0,36078.0,521,0.9755961538461538,50731,0.5603508658498475,0.07982844642722443,0.9765727265727265,0.6083545104284995,0.0,0.0,0.5466761495274733,0.0,48193.0,1269,40,2.0,,16,92799,10.0,60.0,1,
0.9815950920245399,37120,0.4075043912111122,0.07942973523421588,0.9819586265276969,0.442501287634031,0.0,0.0,0.40000431039127576,0.0,35728.0,696,0.974958680862513,50731,0.5607172491082878,0.07982844642722443,0.975971527510581,0.6087292571816701,0.0,0.0,0.5466761495274733,0.0,48125.0,1303,40,2.0,,16,92799,10.0,80.0,1,
0.9859026351363214,56158,0.6138104936475609,0.07942973523421588,0.9863182113564115,0.6664910802078944,0.0,0.0,0.6051573831614565,0.0,54552.0,803,0.9683003814798319,50004,0.5564822896798457,0.07982844642722443,0.9693515556847921,0.6041034769472192,0.0,0.0,0.5388420133837649,0.0,46730.0,1637,50,2.0,,0,92799,10.0,5.0,1,
0.9851025765353041,58918,0.6445004795310294,0.07942973523421588,0.9855804616928738,0.6997705670272042,0.0,0.0,0.6348990829642561,0.0,57136.0,891,0.9667764964305327,52815,0.5886916884880224,0.07982844642722443,0.9678040020523345,0.6390837441884977,0.0,0.0,0.5691332880742249,0.0,49185.0,1815,50,2.0,,0,92799,10.0,10.0,1,
0.984500784981795,58946,0.6452009181133418,0.07942973523421588,0.9849778594702983,0.7005314416818842,0.0,0.0,0.6352008103535598,0.0,57090.0,928,0.968086977938848,55028,0.6125281522430198,0.07982844642722443,0.969075795998873,0.6649881135014228,0.0,0.0,0.5929805278074117,0.0,51400.0,1814,50,2.0,,0,92799,10.0,15.0,1,
0.984188997412138,58948,0.6454272136553195,0.07942973523421588,0.9846657535161861,0.7007772627241654,0.0,0.0,0.6352223623099387,0.0,57054.0,947,0.969436950657036,55699,0.6191338268731345,0.07982844642722443,0.9704165722947192,0.6721668559918492,0.0,0.0,0.6002112091725126,0.0,52187.0,1756,50,2.0,,0,92799,10.0,20.0,1,
0.9827942647549183,58948,0.6463431718014203,0.07942973523421588,0.9832696702306883,0.7017722526572084,0.0,0.0,0.6352223623099387,0.0,56884.0,1032,0.9692574600971547,55868,0.6211273828381771,0.07982844642722443,0.9702337536035567,0.6743333606586174,0.0,0.0,0.6020323494865246,0.0,52324.0,1772,50,2.0,,0,92799,10.0,30.0,1,
0.9821556507106083,58948,0.6467634349508077,0.07942973523421588,0.9826304384064011,0.7022287774500164,0.0,0.0,0.6352223623099387,0.0,56806.0,1071,0.9688898137550723,55872,0.6214075582711021,0.07982844642722443,0.9698652964865991,0.6746378423955686,0.0,0.0,0.6020754533992824,0.0,52284.0,1794,50,2.0,,0,92799,10.0,40.0,1,
0.9800329182530051,58948,0.6481643121154322,0.07942973523421588,0.9805056553559548,0.7037505267593763,0.0,0.0,0.6352223623099387,0.0,56546.0,1201,0.967749198926128,55873,0.6221511007661721,0.07982844642722443,0.9687223676682213,0.675445890082093,0.0,0.0,0.6020862293774717,0.0,52149.0,1862,50,2.0,,0,92799,10.0,60.0,1,
0.9737515899367329,58948,0.6523453916529273,0.07942973523421588,0.975120756964203,0.7076368403802032,0.0,0.0,0.6352223623099387,0.0,55770.0,1589,0.9658760890609874,55874,0.6233687863015765,0.07982844642722443,0.9673141511720509,0.6764413111452027,0.0,0.0,0.6020970053556611,0.0,51926.0,1974,50,2.0,,0,92799,10.0,80.0,1,
0.9870769556697209,55911,0.6103837325833252,0.07942973523421588,0.9874779229954079,0.6627803530458398,0.0,0.0,0.6024957165486697,0.0,54447.0,732,0.9693742969083362,49979,0.5555878834901238,0.07982844642722443,0.9704094907092791,0.6031431883922194,0.0,0.0,0.5385726139290294,0.0,46821.0,1579,50,2.0,,2,92799,10.0,5.0,1,
0.9862061953500982,58198,0.6359120249140616,0.07942973523421588,0.9866576248198694,0.6904644847122723,0.0,0.0,0.6271403786678735,0.0,56570.0,814,0.9683116692369832,52742,0.5869459800213365,0.07982844642722443,0.9693082408292288,0.637210010422644,0.0,0.0,0.5683466416663973,0.0,49290.0,1726,50,2.0,,2,92799,10.0,10.0,1,
0.9857239627434378,58207,0.6363215120852596,0.07942973523421588,0.9861748809786015,0.6909093037411621,0.0,0.0,0.6272373624715784,0.0,56521.0,843,0.9695817490494296,54825,0.6093276867207621,0.07982844642722443,0.9705429375630654,0.6615334168706304,0.0,0.0,0.5907930042349594,0.0,51385.0,1720,50,2.0,,2,92799,10.0,15.0,1,
0.9854571926794996,58208,0.6365047037144796,0.07942973523421588,0.9859078590785908,0.6911083017277707,0.0,0.0,0.6272481384497678,0.0,56490.0,859,0.9705449448046259,55389,0.6149850752702076,0.07982844642722443,0.9714982285052794,0.6676816057898374,0.0,0.0,0.5968706559337924,0.0,52027.0,1681,50,2.0,,2,92799,10.0,20.0,1,
0.9840577505029501,58208,0.637409885882391,0.07942973523421588,0.9845071375414384,0.6920915858968957,0.0,0.0,0.6272481384497678,0.0,56322.0,943,0.9703132917474795,55532,0.6167200077587043,0.07982844642722443,0.9712636641888938,0.6695670503917275,0.0,0.0,0.5984116208148794,0.0,52134.0,1699,50,2.0,,2,92799,10.0,30.0,1,
0.9833595188620277,58208,0.6378624769663466,0.07942973523421588,0.9838082682621776,0.6925832279814581,0.0,0.0,0.6272481384497678,0.0,56238.0,985,0.9699933629091417,55536,0.616967855257061,0.07982844642722443,0.9709430399664324,0.669836399620569,0.0,0.0,0.5984547247276372,0.0,52100.0,1718,50,2.0,,2,92799,10.0,40.0,1,
0.981188052053132,58208,0.6392741301091607,0.07942973523421588,0.9816348213231698,0.6941166830547362,0.0,0.0,0.6272481384497678,0.0,55976.0,1116,0.9689108323592526,55537,0.6176682938393733,0.07982844642722443,0.9698583727712484,0.6705976039629469,0.0,0.0,0.5984655007058266,0.0,51973.0,1782,50,2.0,,2,92799,10.0,60.0,1,
0.976103835124847,58208,0.6426039073696915,0.07942973523421588,0.9770541334452371,0.6973708854239827,0.0,0.0,0.6272481384497678,0.0,55358.0,1425,0.9679488296704254,55538,0.6182933005743596,0.07982844642722443,0.9690297140264862,0.6711831457647761,0.0,0.0,0.598476276684016,0.0,51860.0,1839,50,2.0,,2,92799,10.0,80.0,1,
0.9879249853069512,55471,0.6050603993577517,0.07942973523421588,0.9883122204999376,0.6570094114341902,0.0,0.0,0.5977542861453249,0.0,54115.0,678,0.9701721658699624,49927,0.5545533895839395,0.07982844642722443,0.9712101464781061,0.6020189481327072,0.0,0.0,0.5380122630631795,0.0,46857.0,1535,50,2.0,,4,92799,10.0,5.0,1,
0.9868935466648295,57302,0.6256856216123019,0.07942973523421588,0.9873356651791099,0.679367420517863,0.0,0.0,0.6174851022101532,0.0,55780.0,761,0.9696958532137133,52638,0.5849524240562937,0.07982844642722443,0.970679353839345,0.6350552165919124,0.0,0.0,0.5672259399346976,0.0,49348.0,1645,50,2.0,,4,92799,10.0,10.0,1,
0.9864515906899876,57301,0.6259550210670374,0.07942973523421588,0.986893320932796,0.6796600646158169,0.0,0.0,0.6174743262319637,0.0,55727.0,787,0.9707718855069112,54570,0.6057500619618746,0.07982844642722443,0.9717226396951458,0.6576571301425209,0.0,0.0,0.5880451297966572,0.0,51284.0,1643,50,2.0,,4,92799,10.0,15.0,1,
0.9861971637064574,57302,0.626127436718068,0.07942973523421588,0.986638658356004,0.6798473568385073,0.0,0.0,0.6174851022101532,0.0,55698.0,802,0.9713614774793863,55015,0.6103190767141887,0.07982844642722443,0.9723056802516702,0.6626225246220327,0.0,0.0,0.5928404400909493,0.0,51771.0,1622,50,2.0,,4,92799,10.0,20.0,1,
0.9847058014847402,57302,0.627075722798737,0.07942973523421588,0.9851459615582987,0.6808774640633047,0.0,0.0,0.6174851022101532,0.0,55522.0,890,0.9710642644546591,55138,0.6118708175734653,0.07982844642722443,0.9720057821810105,0.6643088850113009,0.0,0.0,0.5941658854082479,0.0,51852.0,1643,50,2.0,,4,92799,10.0,30.0,1,
0.9839956039427139,57302,0.6275283138826927,0.07942973523421588,0.9844351291918637,0.6813691061478672,0.0,0.0,0.6174851022101532,0.0,55438.0,932,0.9707580718988768,55141,0.612097113115443,0.07982844642722443,0.9716989444375914,0.6645548125680693,0.0,0.0,0.5941982133428162,0.0,51819.0,1661,50,2.0,,4,92799,10.0,40.0,1,
0.9816020282307798,57302,0.6290585027855904,0.07942973523421588,0.9820394173093402,0.683031324624245,0.0,0.0,0.6174851022101532,0.0,55154.0,1074,0.9697342736049804,55142,0.6127544477849977,0.07982844642722443,0.9706731446275173,0.6652691735663009,0.0,0.0,0.5942089893210056,0.0,51700.0,1721,50,2.0,,4,92799,10.0,60.0,1,
0.9771828103683492,57302,0.6319033610275973,0.07942973523421588,0.9780000341349354,0.6858524137285199,0.0,0.0,0.6174851022101532,0.0,54626.0,1338,0.9690866592854256,55142,0.6131639349561957,0.07982844642722443,0.9700754710342523,0.6656790528275813,0.0,0.0,0.5942089893210056,0.0,51624.0,1759,50,2.0,,4,92799,10.0,80.0,1,
0.9887185104052574,54162,0.5903080852164355,0.07942973523421588,0.9890976825727278,0.6409959263941565,0.0,0.0,0.5836485306953739,0.0,52926.0,618,0.97172979304959,49772,0.5519456028620998,0.07982844642722443,0.9727743574709274,0.5991849258118537,0.0,0.0,0.5363419864438195,0.0,46876.0,1448,50,2.0,,8,92799,10.0,5.0,1,
0.987401744373856,55020,0.6004590566708693,0.07942973523421588,0.9878449467655349,0.6519759329493843,0.0,0.0,0.5928943199818963,0.0,53616.0,702,0.9715367905085501,52326,0.5803834093039796,0.07982844642722443,0.9725299234257676,0.6300898221124006,0.0,0.0,0.5638638347395984,0.0,49260.0,1533,50,2.0,,8,92799,10.0,10.0,1,
0.986904420206659,55014,0.6006961281910366,0.07942973523421588,0.9873472244656222,0.6522334597555837,0.0,0.0,0.5928296641127598,0.0,53554.0,730,0.972281834412364,53914,0.5975387665815365,0.07982844642722443,0.973247165860351,0.6487334730826434,0.0,0.0,0.5809760881043977,0.0,50840.0,1537,50,2.0,,8,92799,10.0,15.0,1,
0.9866214737899248,55015,0.6008793198202567,0.07942973523421588,0.9870640160757859,0.6524324577421923,0.0,0.0,0.5928404400909493,0.0,53523.0,746,0.9725562695193308,54185,0.6003728488453539,0.07982844642722443,0.9735173107673512,0.6518134229602651,0.0,0.0,0.5838963781937305,0.0,51127.0,1529,50,2.0,,8,92799,10.0,20.0,1,
0.9851374339690214,55015,0.601784501988168,0.07942973523421588,0.9855786456467216,0.6534157419113171,0.0,0.0,0.5928404400909493,0.0,53355.0,830,0.9722137623389885,54268,0.6015043265552431,0.07982844642722443,0.9731726561939602,0.6530430607441066,0.0,0.0,0.5847907843834524,0.0,51166.0,1551,50,2.0,,8,92799,10.0,30.0,1,
0.9844147013563326,55015,0.6022263170939341,0.07942973523421588,0.9848552657489125,0.6538956782319614,0.0,0.0,0.5928404400909493,0.0,53273.0,871,0.9719192678951987,54271,0.6017198461190315,0.07982844642722443,0.9728775276064822,0.6532772774648382,0.0,0.0,0.5848231123180206,0.0,51135.0,1568,50,2.0,,8,92799,10.0,40.0,1,
0.9820424483675765,55015,0.6036810741495059,0.07942973523421588,0.9824808914922495,0.6554759563609122,0.0,0.0,0.5928404400909493,0.0,53003.0,1006,0.9710329033296953,54272,0.6022801969848813,0.07982844642722443,0.9719893975213124,0.6538862409387406,0.0,0.0,0.5848338882962101,0.0,51034.0,1619,50,2.0,,8,92799,10.0,60.0,1,
0.9782879294402163,55015,0.6059979094602312,0.07942973523421588,0.9790016905418631,0.6578054033806247,0.0,0.0,0.5928404400909493,0.0,52573.0,1221,0.9703384527364074,54272,0.6027112361124581,0.07982844642722443,0.97131096196868,0.6543429635441674,0.0,0.0,0.5848338882962101,0.0,50954.0,1659,50,2.0,,8,92799,10.0,80.0,1,
0.9907150457988191,47482,0.5164603066843393,0.07942973523421588,0.9910458976018034,0.5608348550826427,0.0,0.0,0.5116649963900473,0.0,46592.0,445,0.9738775831839405,49435,0.546999428873156,0.07982844642722443,0.974914706056363,0.593821362907098,0.0,0.0,0.5327104817939848,0.0,46783.0,1326,50,2.0,,16,92799,10.0,5.0,1,
0.9891706505923924,47589,0.5184323106930031,0.07942973523421588,0.9895408799800383,0.5629535983518285,0.0,0.0,0.5128180260563152,0.0,46547.0,521,0.9740115126922714,51608,0.5709652043664264,0.07982844642722443,0.975005195443124,0.6198662622524622,0.0,0.0,0.5561266823995948,0.0,48854.0,1377,50,2.0,,16,92799,10.0,10.0,1,
0.9885938668661182,47583,0.5186693822131704,0.07942973523421588,0.9889637111859334,0.5632111251580278,0.0,0.0,0.5127533701871787,0.0,46485.0,549,0.9740579223974057,52266,0.5782174376879061,0.07982844642722443,0.975039176180882,0.6277476549050837,0.0,0.0,0.5632172760482332,0.0,49482.0,1392,50,2.0,,16,92799,10.0,15.0,1,
0.9882861178034394,47584,0.5188417978642011,0.07942973523421588,0.988655724080615,0.5633984173807183,0.0,0.0,0.5127641461653681,0.0,46456.0,564,0.9740870956340569,52364,0.5792842595286587,0.07982844642722443,0.9750665698378117,0.6289070276727056,0.0,0.0,0.5642733219107965,0.0,49578.0,1393,50,2.0,,16,92799,10.0,20.0,1,
0.9868104520945665,47584,0.5196176682938394,0.07942973523421588,0.9871789552300735,0.5642412323828253,0.0,0.0,0.5127641461653681,0.0,46312.0,636,0.9737257743835591,52403,0.5799308182200239,0.07982844642722443,0.9747037925710991,0.6296096778349006,0.0,0.0,0.5646935850601839,0.0,49575.0,1414,50,2.0,,16,92799,10.0,30.0,1,
0.9860538367490727,47584,0.5200163794868479,0.07942973523421588,0.9864217749124152,0.564674345647797,0.0,0.0,0.5127641461653681,0.0,46238.0,673,0.9733655274888559,52406,0.5801786657183806,0.07982844642722443,0.9743427657754806,0.6298790270637421,0.0,0.0,0.564725912994752,0.0,49538.0,1434,50,2.0,,16,92799,10.0,40.0,1,
0.9839740275853512,47584,0.5211155292621688,0.07942973523421588,0.9843404149686601,0.5658683335674486,0.0,0.0,0.5127641461653681,0.0,46034.0,775,0.9726253665417023,52407,0.5806312568023362,0.07982844642722443,0.9736010997993609,0.6303708821772787,0.0,0.0,0.5647366889729415,0.0,49457.0,1475,50,2.0,,16,92799,10.0,60.0,1,
0.9803250994046024,47584,0.5230552053362644,0.07942973523421588,0.9807696271410021,0.5679285480170436,0.0,0.0,0.5127641461653681,0.0,45674.0,955,0.9719038611327473,52407,0.581062295929913,0.07982844642722443,0.9728781465805302,0.6308393156187421,0.0,0.0,0.5647366889729415,0.0,49377.0,1515,50,2.0,,16,92799,10.0,80.0,1,
0.9849760983382654,56251,0.615405338419595,0.07942973523421588,0.9854074696937846,0.6682118275038629,0.0,0.0,0.6061595491330726,0.0,54535.0,858,0.9655139122207419,50003,0.5580771344518799,0.07982844642722443,0.9665403796342831,0.6058483915166704,0.0,0.0,0.5388312374055755,0.0,46431.0,1786,60,2.0,,0,92799,10.0,5.0,1,
0.984287058279829,59635,0.6528841905623983,0.07942973523421588,0.984774675099493,0.7088659455916093,0.0,0.0,0.6426254593260703,0.0,57731.0,952,0.9638100436681223,52971,0.5922477612905311,0.07982844642722443,0.964793093399388,0.6429717417526437,0.0,0.0,0.5708143406717745,0.0,48993.0,1989,60,2.0,,0,92799,10.0,10.0,1,
0.9837473268629708,59802,0.6550717141348505,0.07942973523421588,0.9842330480579329,0.7112422156669944,0.0,0.0,0.6444250476837035,0.0,57826.0,988,0.9645871111731065,55321,0.6180239011196241,0.07982844642722443,0.965546731826512,0.6709723507161176,0.0,0.0,0.5961378894169118,0.0,51259.0,2031,60,2.0,,0,92799,10.0,15.0,1,
0.9834413128555924,59807,0.6553303376113967,0.07942973523421588,0.9839428787654443,0.711511448237112,0.0,0.0,0.6444789275746506,0.0,57793.0,1007,0.9670959986261377,56314,0.6274852099699351,0.07982844642722443,0.9680435941072318,0.681254464756239,0.0,0.0,0.606838435759006,0.0,52482.0,1916,60,2.0,,0,92799,10.0,20.0,1,
0.981972219485765,59808,0.6563217276048233,0.07942973523421588,0.9824722792607803,0.712588378517582,0.0,0.0,0.64448970355284,0.0,57612.0,1098,0.9671091974644181,56602,0.6306856754921928,0.07982844642722443,0.9680519924747734,0.6847325830591046,0.0,0.0,0.609941917477559,0.0,52752.0,1925,60,2.0,,0,92799,10.0,30.0,1,
0.9811345516585189,59808,0.6568820784706731,0.07942973523421588,0.9816337584322221,0.713197078241326,0.0,0.0,0.64448970355284,0.0,57508.0,1150,0.966748642278922,56607,0.6309766269033071,0.07982844642722443,0.9676906508026053,0.6850487756320923,0.0,0.0,0.6099957973685062,0.0,52713.0,1947,60,2.0,,0,92799,10.0,40.0,1,
0.9790145686691766,59808,0.6583045075916766,0.07942973523421588,0.9795276622228045,0.7147305333146041,0.0,0.0,0.64448970355284,0.0,57244.0,1282,0.9657101914087823,56608,0.6316662895074301,0.07982844642722443,0.9666501596625741,0.6857982691384338,0.0,0.0,0.6100065733466955,0.0,52588.0,2010,60,2.0,,0,92799,10.0,60.0,1,
0.9729307652264445,59808,0.6624209312600351,0.07942973523421588,0.9742779415837229,0.7185817296436765,0.0,0.0,0.64448970355284,0.0,56480.0,1664,0.9638521394153002,56608,0.6328839750428346,0.07982844642722443,0.9653972747582584,0.6866882926772142,0.0,0.0,0.6100065733466955,0.0,52362.0,2123,60,2.0,,0,92799,10.0,80.0,1,
0.9860120198221629,56110,0.6132178148471428,0.07942973523421588,0.9864280440209556,0.665847263192396,0.0,0.0,0.6046401362083643,0.0,54518.0,796,0.9663901297596256,49973,0.557236608153105,0.07982844642722443,0.9674190800681431,0.6049349463058168,0.0,0.0,0.5385079580598929,0.0,46497.0,1738,60,2.0,,2,92799,10.0,5.0,1,
0.9852857857023829,59127,0.6466664511471029,0.07942973523421588,0.9857457237171151,0.7021351313386711,0.0,0.0,0.6371512624058449,0.0,57361.0,883,0.9648155920944578,52869,0.5904912768456556,0.07982844642722443,0.9657849548792518,0.641074586314717,0.0,0.0,0.5697151908964536,0.0,49013.0,1928,60,2.0,,2,92799,10.0,10.0,1,
0.984783982439219,59219,0.648002672442591,0.07942973523421588,0.985242737829834,0.7035866460645221,0.0,0.0,0.6381426523992716,0.0,57389.0,915,0.9657190928528865,55102,0.6148557635319346,0.07982844642722443,0.9666508780239637,0.6675527865934349,0.0,0.0,0.5937779501934288,0.0,51190.0,1956,60,2.0,,2,92799,10.0,15.0,1,
0.9845064334873824,59222,0.6482181920063794,0.07942973523421588,0.9849649070285733,0.7038207613428852,0.0,0.0,0.6381749803338398,0.0,57358.0,932,0.96809264540662,56009,0.6234442181489025,0.07982844642722443,0.9690138408304498,0.6768863229145928,0.0,0.0,0.6035517624112329,0.0,52317.0,1846,60,2.0,,2,92799,10.0,20.0,1,
0.9830519728433179,59222,0.6491772540652377,0.07942973523421588,0.9835090924188326,0.7048625743316009,0.0,0.0,0.6381749803338398,0.0,57180.0,1021,0.9679939429397392,56254,0.6262351964999623,0.07982844642722443,0.9689109354277545,0.6799194294480683,0.0,0.0,0.6061918770676408,0.0,52534.0,1860,60,2.0,,2,92799,10.0,30.0,1,
0.9821878731590818,59222,0.649748380909277,0.07942973523421588,0.9826441892878476,0.705482979819263,0.0,0.0,0.6381749803338398,0.0,57074.0,1074,0.9676797908388806,56258,0.626483043998319,0.07982844642722443,0.9685961227230467,0.6801887786769097,0.0,0.0,0.6062349809803985,0.0,52500.0,1879,60,2.0,,2,92799,10.0,40.0,1,
0.9799612794334221,59222,0.6512246899212276,0.07942973523421588,0.9804479909938248,0.7070632579482137,0.0,0.0,0.6381749803338398,0.0,56800.0,1211,0.9665996598113499,56259,0.6271942585588207,0.07982844642722443,0.9675139299717961,0.6809616938553243,0.0,0.0,0.606245756958588,0.0,52371.0,1944,60,2.0,,2,92799,10.0,60.0,1,
0.975024284232536,59222,0.6545221392471902,0.07942973523421588,0.9759883979630515,0.710294048789624,0.0,0.0,0.6381749803338398,0.0,56188.0,1517,0.9656042428299264,56259,0.6278408172501859,0.07982844642722443,0.9666660939191395,0.6815589464931902,0.0,0.0,0.606245756958588,0.0,52251.0,2004,60,2.0,,2,92799,10.0,80.0,1,
0.9866570183024762,55903,0.610556148234356,0.07942973523421588,0.9870751302198287,0.6629559395046121,0.0,0.0,0.6024095087231544,0.0,54391.0,756,0.9671638899651298,49925,0.5562559941378679,0.07982844642722443,0.9681954814312034,0.6038692602264876,0.0,0.0,0.5379907111068007,0.0,46535.0,1695,60,2.0,,4,92799,10.0,5.0,1,
0.9858263475069858,58564,0.6401577603206932,0.07942973523421588,0.9862912189699888,0.6950648499321066,0.0,0.0,0.6310843866852014,0.0,56880.0,842,0.9658789287740943,52765,0.5886809125098331,0.07982844642722443,0.9668523472715945,0.6391071658605708,0.0,0.0,0.568594489164754,0.0,49037.0,1864,60,2.0,,4,92799,10.0,10.0,1,
0.9853410886595165,58614,0.6410198385758468,0.07942973523421588,0.9858051061253321,0.6960013110455588,0.0,0.0,0.6316231855946723,0.0,56870.0,872,0.9669842052437886,54916,0.6119785773553594,0.07982844642722443,0.9679216018048505,0.6644259933716669,0.0,0.0,0.5917736182501967,0.0,51166.0,1875,60,2.0,,4,92799,10.0,15.0,1,
0.9850435250226868,58616,0.6412353581396352,0.07942973523421588,0.9855072463768116,0.6962354263239219,0.0,0.0,0.6316447375510512,0.0,56836.0,890,0.9690060005217845,55713,0.6195648660007113,0.07982844642722443,0.969933844011142,0.6726704219414223,0.0,0.0,0.6003620728671645,0.0,52149.0,1782,60,2.0,,4,92799,10.0,20.0,1,
0.9836054570167637,58616,0.6421728682421147,0.07942973523421588,0.984067825065055,0.6972538277848013,0.0,0.0,0.6316447375510512,0.0,56662.0,977,0.9688187503248047,55927,0.6220648929406567,0.07982844642722443,0.9697426827576641,0.67538733590191,0.0,0.0,0.6026681321997004,0.0,52327.0,1800,60,2.0,,4,92799,10.0,30.0,1,
0.9827479252242435,58616,0.6427332191079645,0.07942973523421588,0.9832094872267977,0.6978625275085452,0.0,0.0,0.6316447375510512,0.0,56558.0,1029,0.9685519343331139,55930,0.6222696365262557,0.07982844642722443,0.9694753081069838,0.6756098417866051,0.0,0.0,0.6027004601342687,0.0,52298.0,1816,60,2.0,,4,92799,10.0,40.0,1,
0.9802662385443842,58616,0.644360391814567,0.07942973523421588,0.9807418809711045,0.6996183920962682,0.0,0.0,0.6316447375510512,0.0,56256.0,1180,0.9674467680279522,55931,0.6229916270649468,0.07982844642722443,0.9683680182831815,0.6763944678010563,0.0,0.0,0.6027112361124581,0.0,52167.0,1882,60,2.0,,4,92799,10.0,60.0,1,
0.9758436412672515,58616,0.6472806819038999,0.07942973523421588,0.976672887230072,0.7025331273118883,0.0,0.0,0.6316447375510512,0.0,55714.0,1451,0.9667444473252096,55931,0.6234442181489025,0.07982844642722443,0.9677145872623146,0.6768511904064831,0.0,0.0,0.6027112361124581,0.0,52083.0,1924,60,2.0,,4,92799,10.0,80.0,1,
0.9880328426023648,55234,0.6024095087231544,0.07942973523421588,0.9884218249494462,0.6541297935103245,0.0,0.0,0.5952003793144323,0.0,53896.0,669,0.968825966045001,49818,0.5541115744781733,0.07982844642722443,0.969863333722696,0.6015388038552072,0.0,0.0,0.5368376814405328,0.0,46612.0,1603,60,2.0,,8,92799,10.0,5.0,1,
0.9869943694082697,57145,0.6239075852110475,0.07942973523421588,0.9874377937517279,0.6774359694713677,0.0,0.0,0.6157932736344142,0.0,55639.0,753,0.9679148324830089,52551,0.5850601838381879,0.07982844642722443,0.9688963457354622,0.6351723249522784,0.0,0.0,0.566288429832218,0.0,49067.0,1742,60,2.0,,8,92799,10.0,10.0,1,
0.9865193751618193,57154,0.6243062964040561,0.07942973523421588,0.9869623029235525,0.6778690827363394,0.0,0.0,0.615890257438119,0.0,55592.0,781,0.9691933018096491,54521,0.6061918770676408,0.07982844642722443,0.9701418174700618,0.6581372744200208,0.0,0.0,0.5875171068653757,0.0,51055.0,1733,60,2.0,,8,92799,10.0,15.0,1,
0.9862129656790848,57154,0.6245002640114656,0.07942973523421588,0.9866556182781777,0.6780797864868662,0.0,0.0,0.615890257438119,0.0,55556.0,799,0.9704499427665757,55107,0.6119139214862229,0.07982844642722443,0.971390798519302,0.6643557283554473,0.0,0.0,0.5938318300843759,0.0,51751.0,1678,60,2.0,,8,92799,10.0,20.0,1,
0.9846668044931431,57154,0.6254808780267028,0.07942973523421588,0.9851080699093385,0.6791450110034181,0.0,0.0,0.615890257438119,0.0,55374.0,890,0.9702129153428938,55274,0.613918253429455,0.07982844642722443,0.9711504673554009,0.666533943858252,0.0,0.0,0.5956314184420091,0.0,51880.0,1697,60,2.0,,8,92799,10.0,30.0,1,
0.9838531983749914,57154,0.625998124979795,0.07942973523421588,0.9842937347156684,0.6797068876714895,0.0,0.0,0.615890257438119,0.0,55278.0,938,0.9699250758891755,55277,0.6141337729932435,0.07982844642722443,0.9708620205142616,0.6667681605789837,0.0,0.0,0.5956637463765774,0.0,51849.0,1714,60,2.0,,8,92799,10.0,40.0,1,
0.9811340188488147,57154,0.6277330574682917,0.07942973523421588,0.9815721228983117,0.6815915156623121,0.0,0.0,0.615890257438119,0.0,54956.0,1099,0.9688376332024677,55278,0.6148342115755557,0.07982844642722443,0.9697724601322784,0.6675293649213617,0.0,0.0,0.5956745223547667,0.0,51722.0,1778,60,2.0,,8,92799,10.0,60.0,1,
0.9773088695473744,57154,0.6301899804954795,0.07942973523421588,0.9780279954823916,0.6840614318490424,0.0,0.0,0.615890257438119,0.0,54500.0,1327,0.9681249781078146,55278,0.6152868026595114,0.07982844642722443,0.9690754181129694,0.6680095091988617,0.0,0.0,0.5956745223547667,0.0,51638.0,1820,60,2.0,,8,92799,10.0,80.0,1,
0.9893219434063001,51884,0.5651354001659501,0.07942973523421588,0.9897182534383763,0.6136512618813503,0.0,0.0,0.5591008523798748,0.0,50764.0,560,0.9710888684308464,49577,0.5501460145044667,0.07982844642722443,0.9721171003353007,0.5972409270297807,0.0,0.0,0.5342406706968825,0.0,46625.0,1476,60,2.0,,16,92799,10.0,5.0,1,
0.9878596782720338,52321,0.5707389088244486,0.07942973523421588,0.9883261867432328,0.6196914360631175,0.0,0.0,0.5638099548486514,0.0,51035.0,643,0.9705427223744802,52057,0.5779911421459283,0.07982844642722443,0.971520818169942,0.6275017273483154,0.0,0.0,0.5609650966066445,0.0,48897.0,1580,60,2.0,,16,92799,10.0,10.0,1,
0.9873372334402718,52319,0.5710190842573735,0.07942973523421588,0.9878032663079392,0.6199957859249895,0.0,0.0,0.5637884028922725,0.0,50977.0,671,0.9717985872124615,53653,0.5949417558378862,0.07982844642722443,0.9727500181303937,0.645922872433863,0.0,0.0,0.578163557796959,0.0,50539.0,1557,60,2.0,,16,92799,10.0,15.0,1,
0.9870205821872583,52319,0.5712022758865936,0.07942973523421588,0.9874863161073573,0.6201947839115981,0.0,0.0,0.5637884028922725,0.0,50943.0,688,0.9724605291615601,53956,0.5978943738617873,0.07982844642722443,0.9734079018581995,0.6491316415078873,0.0,0.0,0.5814286791883533,0.0,50900.0,1528,60,2.0,,16,92799,10.0,20.0,1,
0.9854032470712322,52319,0.5721397859890731,0.07942973523421588,0.9858674555767021,0.6212131853724774,0.0,0.0,0.5637884028922725,0.0,50769.0,775,0.9721567710487976,54049,0.5991120593971918,0.07982844642722443,0.9731019210341537,0.6504549659800213,0.0,0.0,0.5824308451599693,0.0,50953.0,1548,60,2.0,,16,92799,10.0,30.0,1,
0.9844761402980581,52319,0.5726785848985442,0.07942973523421588,0.9849394755172349,0.621798473568385,0.0,0.0,0.5637884028922725,0.0,50669.0,825,0.9718960712038119,54052,0.5993060270046013,0.07982844642722443,0.9728406616151617,0.6506657610286798,0.0,0.0,0.5824631730945377,0.0,50926.0,1563,60,2.0,,16,92799,10.0,40.0,1,
0.982387291811405,52319,0.5738962704339486,0.07942973523421588,0.9828486624586715,0.6231212248911364,0.0,0.0,0.5637884028922725,0.0,50443.0,938,0.9709189538726829,54053,0.5999202577613983,0.07982844642722443,0.9718616275306555,0.6513332786827651,0.0,0.0,0.5824739490727271,0.0,50815.0,1619,60,2.0,,16,92799,10.0,60.0,1,
0.9787301706076025,52319,0.5760406900936432,0.07942973523421588,0.9793897416697867,0.6253219085077493,0.0,0.0,0.5637884028922725,0.0,50045.0,1137,0.9701522004451145,54053,0.6003944008017328,0.07982844642722443,0.9710933850741978,0.6518485554683748,0.0,0.0,0.5824739490727271,0.0,50727.0,1663,60,2.0,,16,92799,10.0,80.0,1,
0.9838047485106308,56312,0.6168062155842197,0.07942973523421588,0.9842346278882791,0.6697335768132229,0.0,0.0,0.6068168838026272,0.0,54458.0,927,0.960545234945649,50103,0.5620857983383442,0.07982844642722443,0.9615591294668561,0.6102048225222798,0.0,0.0,0.5399088352245175,0.0,45987.0,2058,75,2.0,,0,92799,10.0,5.0,1,
0.9830848203373258,60327,0.6612679015937671,0.07942973523421588,0.9835496282770314,0.7179847356838507,0.0,0.0,0.6500824362331491,0.0,58251.0,1038,0.959293850888085,53307,0.598810332007888,0.07982844642722443,0.9602615603552321,0.6501036408989238,0.0,0.0,0.5744350693434197,0.0,48783.0,2262,75,2.0,,0,92799,10.0,10.0,1,
0.9826123491104181,60807,0.6668498582958868,0.07942973523421588,0.9830730429721602,0.7240483213934541,0.0,0.0,0.6552549057640707,0.0,58655.0,1076,0.9595204464808627,55704,0.6255886378085971,0.07982844642722443,0.9605297191040298,0.6791465142696537,0.0,0.0,0.6002650890634598,0.0,51004.0,2350,75,2.0,,0,92799,10.0,15.0,1,
0.9822097378277154,60842,0.6675071929654415,0.07942973523421588,0.9826697892271663,0.7247623729924615,0.0,0.0,0.6556320650007005,0.0,58638.0,1102,0.9623234439413395,56958,0.6378085970753995,0.07982844642722443,0.9633162514587245,0.6924266023351408,0.0,0.0,0.6137781657129926,0.0,52498.0,2230,75,2.0,,0,92799,10.0,20.0,1,
0.9807382333978079,60845,0.6685416868716257,0.07942973523421588,0.9811968844237313,0.7258861263286042,0.0,0.0,0.6556643929352687,0.0,58455.0,1195,0.9624706671136439,57421,0.6428948587808059,0.07982844642722443,0.9634557626805819,0.6979541169444087,0.0,0.0,0.6187674436146942,0.0,52943.0,2239,75,2.0,,0,92799,10.0,30.0,1,
0.9797117784397391,60845,0.6692421254539381,0.07942973523421588,0.9801694696823249,0.7266470009832842,0.0,0.0,0.6556643929352687,0.0,58325.0,1260,0.9621073791774856,57433,0.6432720180174355,0.07982844642722443,0.9630915249689774,0.6983639962056891,0.0,0.0,0.6188967553529672,0.0,52909.0,2262,75,2.0,,0,92799,10.0,40.0,1,
0.9773983165199511,60845,0.6708261942477829,0.07942973523421588,0.9779167135440943,0.72832092522358,0.0,0.0,0.6556643929352687,0.0,58031.0,1407,0.9610943775100401,57435,0.6439724565997479,0.07982844642722443,0.9620764166903968,0.6991252005480671,0.0,0.0,0.618918307309346,0.0,52785.0,2325,75,2.0,,0,92799,10.0,60.0,1,
0.9712051077414205,60846,0.6751150335671721,0.07942973523421588,0.9725867553268011,0.7323242964835885,0.0,0.0,0.6556751689134581,0.0,57238.0,1804,0.9592644553562482,57435,0.6452009181133418,0.07982844642722443,0.9607246207115735,0.7001089107751403,0.0,0.0,0.618918307309346,0.0,52557.0,2439,75,2.0,,0,92799,10.0,80.0,1,
0.9847409821131374,56210,0.6151036110302913,0.07942973523421588,0.9851551956815114,0.6678957718780728,0.0,0.0,0.6057177340273063,0.0,54468.0,871,0.9613523787582076,50073,0.5612775999741376,0.07982844642722443,0.9623685879571794,0.6093265098195361,0.0,0.0,0.5395855558788349,0.0,46047.0,2013,75,2.0,,2,92799,10.0,5.0,1,
0.9840362633031139,59916,0.6561277599974138,0.07942973523421588,0.9844889911271771,0.7124127920588098,0.0,0.0,0.6456535091972974,0.0,57972.0,972,0.9601884102434535,53205,0.5971077274539597,0.07982844642722443,0.961159786830458,0.6482533288051434,0.0,0.0,0.5733359195680988,0.0,48793.0,2206,75,2.0,,2,92799,10.0,10.0,1,
0.9835613307649613,60251,0.6601148719274992,0.07942973523421588,0.9840111056671567,0.7167439247085264,0.0,0.0,0.6492634618907531,0.0,58237.0,1007,0.9607208952384246,55546,0.6230347309777045,0.07982844642722443,0.9616856247511211,0.6764061786370928,0.0,0.0,0.5985624845095313,0.0,51004.0,2271,75,2.0,,2,92799,10.0,15.0,1,
0.9831821740832573,60273,0.6606105669242125,0.07942973523421588,0.9836314380834258,0.7172823898487616,0.0,0.0,0.6495005334109204,0.0,58211.0,1031,0.9635097256434214,56717,0.6343279561202169,0.07982844642722443,0.9644600132637271,0.6886791348034336,0.0,0.0,0.6111811549693423,0.0,52421.0,2148,75,2.0,,2,92799,10.0,20.0,1,
0.9816938110749186,60276,0.6616450608303969,0.07942973523421588,0.9821416932803233,0.7184061431849043,0.0,0.0,0.6495328613454886,0.0,58028.0,1124,0.9636409650750801,57115,0.638692227286932,0.07982844642722443,0.9645848814429507,0.6934220233982504,0.0,0.0,0.6154699942887316,0.0,52805.0,2155,75,2.0,,2,92799,10.0,30.0,1,
0.9806875681304199,60276,0.6623239474563304,0.07942973523421588,0.9811345324326524,0.7191436063117479,0.0,0.0,0.6495328613454886,0.0,57902.0,1187,0.9633364813815435,57122,0.6389724027198569,0.07982844642722443,0.9642796853371147,0.6937265051352016,0.0,0.0,0.6155454261360574,0.0,52774.0,2174,75,2.0,,2,92799,10.0,40.0,1,
0.9783000340837161,60276,0.6639403441847433,0.07942973523421588,0.9788083986944025,0.7208526478437983,0.0,0.0,0.6495328613454886,0.0,57602.0,1337,0.962282268117651,57123,0.6396836172803586,0.07982844642722443,0.9632233913395386,0.6944994203136162,0.0,0.0,0.6155562021142469,0.0,52645.0,2239,75,2.0,,2,92799,10.0,60.0,1,
0.9732138532332284,60276,0.6674102091617367,0.07942973523421588,0.9741575757575758,0.7242941424357353,0.0,0.0,0.6495328613454886,0.0,56958.0,1659,0.9611003617397157,57123,0.6404702636881863,0.07982844642722443,0.9621688086375044,0.6952606246559941,0.0,0.0,0.6155562021142469,0.0,52499.0,2312,75,2.0,,2,92799,10.0,80.0,1,
0.9855375531578392,56083,0.6132178148471428,0.07942973523421588,0.9859533771667663,0.665847263192396,0.0,0.0,0.60434918479725,0.0,54437.0,823,0.9620939669596323,50026,0.5603185379152793,0.07982844642722443,0.9631127026298564,0.60828424541228,0.0,0.0,0.5390790849039322,0.0,46084.0,1971,75,2.0,,4,92799,10.0,5.0,1,
0.9848600172082864,59521,0.6512570178557958,0.07942973523421588,0.9853002036120445,0.7071334925317226,0.0,0.0,0.6413969978124764,0.0,57691.0,915,0.9609710179033689,53085,0.5952758111617582,0.07982844642722443,0.9619461810274531,0.646262486678924,0.0,0.0,0.5720428021853684,0.0,48773.0,2156,75,2.0,,4,92799,10.0,10.0,1,
0.9843343326854018,59755,0.6541665319669393,0.07942973523421588,0.9847723265050512,0.710294048789624,0.0,0.0,0.6439185767088007,0.0,57853.0,951,0.9617977137695007,55363,0.6202868565394024,0.07982844642722443,0.9627343233749521,0.673443337119837,0.0,0.0,0.5965904805008675,0.0,50965.0,2199,75,2.0,,4,92799,10.0,15.0,1,
0.9839654945344396,59770,0.6545760191381372,0.07942973523421588,0.9844030502165786,0.7107388678185138,0.0,0.0,0.644080216381642,0.0,57822.0,974,0.9643747651740274,56468,0.6309766269033071,0.07982844642722443,0.9652979589045779,0.685060486468129,0.0,0.0,0.6084979364001767,0.0,52296.0,2086,75,2.0,,4,92799,10.0,20.0,1,
0.9824134643831564,59772,0.6556320650007005,0.07942973523421588,0.9828496259146592,0.7118860326824928,0.0,0.0,0.6441017683380209,0.0,57632.0,1070,0.9644196981785466,56813,0.6348020991605513,0.07982844642722443,0.9653373659796441,0.6892178332611165,0.0,0.0,0.6122156488755267,0.0,52621.0,2096,75,2.0,,4,92799,10.0,30.0,1,
0.9813972580247927,59772,0.6563109516266339,0.07942973523421588,0.9818325174940044,0.7126234958093365,0.0,0.0,0.6441017683380209,0.0,57506.0,1133,0.9641111789859499,56817,0.635049946658908,0.07982844642722443,0.9650281948501936,0.689487182489958,0.0,0.0,0.6122587527882843,0.0,52587.0,2115,75,2.0,,4,92799,10.0,40.0,1,
0.9787617285365734,59772,0.6580782120496989,0.07942973523421588,0.979258822372948,0.7144964180362411,0.0,0.0,0.6441017683380209,0.0,57178.0,1297,0.9630006271080152,56818,0.6357934891539779,0.07982844642722443,0.9639155144626347,0.6902952301764823,0.0,0.0,0.6122695287664738,0.0,52452.0,2183,75,2.0,,4,92799,10.0,60.0,1,
0.9743422554037753,59772,0.6610631580081682,0.07942973523421588,0.9751688582895552,0.7174930935992883,0.0,0.0,0.6441017683380209,0.0,56624.0,1574,0.9621200575734484,56818,0.6363753919762066,0.07982844642722443,0.963082242863923,0.6908924828143481,0.0,0.0,0.6122695287664738,0.0,52344.0,2237,75,2.0,,4,92799,10.0,80.0,1,
0.9866477775810165,55716,0.6085194883565556,0.07942973523421588,0.9870672855472487,0.6607435501240811,0.0,0.0,0.6003944008017328,0.0,54208.0,754,0.9637423739284887,49918,0.5581525662992058,0.07982844642722443,0.9647668193502251,0.6059303673689265,0.0,0.0,0.5379152792594748,0.0,46162.0,1878,75,2.0,,8,92799,10.0,5.0,1,
0.9858797424733985,58649,0.641052166510415,0.07942973523421588,0.9863274023746258,0.6960481341012315,0.0,0.0,0.6320003448313021,0.0,56969.0,840,0.9627349555587935,52858,0.5916443065119236,0.07982844642722443,0.9637003409360244,0.6423276457706316,0.0,0.0,0.56959665513637,0.0,48766.0,2046,75,2.0,,8,92799,10.0,10.0,1,
0.9853274084011068,58760,0.6426254593260703,0.07942973523421588,0.985773721648101,0.6977571756332819,0.0,0.0,0.6331964784103277,0.0,57010.0,875,0.9638682997774624,55007,0.6149742992920182,0.07982844642722443,0.9647981197600589,0.6676816057898374,0.0,0.0,0.5927542322654339,0.0,50883.0,2062,75,2.0,,8,92799,10.0,15.0,1,
0.9849668163839914,58771,0.6429810666063211,0.07942973523421588,0.9854127194379705,0.6981434658425809,0.0,0.0,0.6333150141704114,0.0,56977.0,897,0.9659963752481229,55965,0.6243062964040561,0.07982844642722443,0.9669143054595716,0.6778231897975197,0.0,0.0,0.6030776193708984,0.0,52025.0,1970,75,2.0,,8,92799,10.0,20.0,1,
0.9833852022889268,58773,0.6440371124688844,0.07942973523421588,0.9838296590167227,0.69929063070656,0.0,0.0,0.6333365661267901,0.0,56787.0,993,0.9660230864367184,56238,0.6273343462752832,0.07982844642722443,0.9669366070046939,0.6811139347237999,0.0,0.0,0.6060194614166101,0.0,52282.0,1978,75,2.0,,8,92799,10.0,30.0,1,
0.9821691176470588,58773,0.6448345348549015,0.07942973523421588,0.9826124755487937,0.7001568572365032,0.0,0.0,0.6333365661267901,0.0,56639.0,1067,0.9657262565035973,56241,0.627560641817261,0.07982844642722443,0.9666391667526039,0.6813598622805682,0.0,0.0,0.6060517893511783,0.0,52249.0,1996,75,2.0,,8,92799,10.0,40.0,1,
0.9793867688718547,58773,0.6466664511471029,0.07942973523421588,0.9798766255418473,0.7021117198108349,0.0,0.0,0.6333365661267901,0.0,56299.0,1237,0.9646005556889514,56242,0.6283041843123309,0.07982844642722443,0.9655113216940482,0.6821679099670925,0.0,0.0,0.6060625653293678,0.0,52114.0,2064,75,2.0,,8,92799,10.0,60.0,1,
0.9754207189564178,58773,0.6492957898253214,0.07942973523421588,0.9761983855429691,0.7047572224563375,0.0,0.0,0.6333365661267901,0.0,55811.0,1481,0.9638896981953419,56242,0.628767551374476,0.07982844642722443,0.9648156725507351,0.6826597650806291,0.0,0.0,0.6060625653293678,0.0,52028.0,2107,75,2.0,,8,92799,10.0,80.0,1,
0.9879375806129308,54383,0.5931852713930107,0.07942973523421588,0.9883505379470776,0.6440979538324672,0.0,0.0,0.5860300218752357,0.0,53055.0,664,0.9660562230257786,49692,0.5542947661073934,0.07982844642722443,0.9670714619336759,0.6017495989038657,0.0,0.0,0.5354799081886659,0.0,46200.0,1746,75,2.0,,16,92799,10.0,5.0,1,
0.9868390875571159,55937,0.610814771710902,0.07942973523421588,0.9872919498032017,0.6632134663108115,0.0,0.0,0.6027758919815946,0.0,54445.0,746,0.9650541596050402,52387,0.5849632000344831,0.07982844642722443,0.966015120781855,0.6350786382639857,0.0,0.0,0.5645211694091531,0.0,48593.0,1897,75,2.0,,16,92799,10.0,10.0,1,
0.986270708494889,55961,0.611429002467699,0.07942973523421588,0.9867228550269774,0.6638806948541461,0.0,0.0,0.6030345154581407,0.0,54403.0,779,0.9664716031376176,54336,0.6058362697873899,0.07982844642722443,0.9674007869389499,0.6577625276668502,0.0,0.0,0.5855235509003329,0.0,50566.0,1885,75,2.0,,16,92799,10.0,15.0,1,
0.9859410510738007,55963,0.6116552980096768,0.07942973523421588,0.9863928791751123,0.6641265158964273,0.0,0.0,0.6030560674145196,0.0,54367.0,798,0.968181338214072,55014,0.6123126326792314,0.07982844642722443,0.9691023111612176,0.6648007401248375,0.0,0.0,0.5928296641127598,0.0,51398.0,1808,75,2.0,,16,92799,10.0,20.0,1,
0.9843288307302659,55965,0.6126790159376717,0.07942973523421588,0.9847791659334858,0.665238563468652,0.0,0.0,0.6030776193708984,0.0,54183.0,891,0.9680587956710108,55190,0.6143492925570319,0.07982844642722443,0.9689765963797251,0.667014088135752,0.0,0.0,0.5947262362740978,0.0,51548.0,1821,75,2.0,,16,92799,10.0,30.0,1,
0.9829284999209653,55965,0.6135518701710148,0.07942973523421588,0.983377554427088,0.6661867303460224,0.0,0.0,0.6030776193708984,0.0,54021.0,972,0.9676865082843867,55192,0.6146079160335779,0.07982844642722443,0.968603569610923,0.6672951482006301,0.0,0.0,0.5947477882304766,0.0,51506.0,1843,75,2.0,,16,92799,10.0,40.0,1,
0.9804316597175993,55965,0.6151143870084806,0.07942973523421588,0.9809128194342203,0.6678606545863183,0.0,0.0,0.6030776193708984,0.0,53731.0,1117,0.966500893076034,55193,0.6153730104850268,0.07982844642722443,0.9674156909486082,0.6681266175592275,0.0,0.0,0.594758564208666,0.0,51367.0,1913,75,2.0,,16,92799,10.0,60.0,1,
0.9768550034036759,55965,0.6173665664500695,0.07942973523421588,0.9775204359673024,0.6701783958421127,0.0,0.0,0.6030776193708984,0.0,53313.0,1326,0.9656553992581706,55193,0.6159118093944977,0.07982844642722443,0.9665685965465308,0.6687121593610568,0.0,0.0,0.594758564208666,0.0,51267.0,1963,75,2.0,,16,92799,10.0,80.0,1,
0.9811448984926374,56303,0.618379508399875,0.07942973523421588,0.9815896371973012,0.671430912581355,0.0,0.0,0.6067198999989224,0.0,54139.0,1082,0.9391406754549253,49442,0.5673121477602129,0.07982844642722443,0.940122834705558,0.6158845780000234,0.0,0.0,0.5327859136413108,0.0,43034.0,3204,100,2.0,,0,92799,10.0,5.0,1,
0.9798618824552083,60870,0.6694145411049688,0.07942973523421588,0.9803195258648457,0.7268342932059746,0.0,0.0,0.6559337923900042,0.0,58368.0,1251,0.9391805604824406,52951,0.6075496503195078,0.07982844642722443,0.9401143384702791,0.6596011289245939,0.0,0.0,0.5705988211079861,0.0,46093.0,3429,100,2.0,,0,92799,10.0,10.0,1,
0.9798497429814156,61951,0.6813112210260887,0.07942973523421588,0.980299386037091,0.7397574565716158,0.0,0.0,0.6675826248127674,0.0,59403.0,1274,0.9404800271393435,55446,0.6352977941572646,0.07982844642722443,0.9413742168797433,0.6897565317187994,0.0,0.0,0.5974848866905893,0.0,48428.0,3509,100,2.0,,0,92799,10.0,15.0,1,
0.9795266421175212,62245,0.6847703100248925,0.07942973523421588,0.9799738652644174,0.7435150067893431,0.0,0.0,0.670750762400457,0.0,59643.0,1301,0.9425834937919129,56785,0.6491880300434272,0.07982844642722443,0.9434604904632152,0.704851799369957,0.0,0.0,0.6119139214862229,0.0,49867.0,3459,100,2.0,,0,92799,10.0,20.0,1,
0.9778178963893249,62287,0.6864298106660632,0.07942973523421588,0.9782632595687204,0.7453176944327387,0.0,0.0,0.6712033534844125,0.0,59461.0,1413,0.9432451424182504,57720,0.6594144333451869,0.07982844642722443,0.9441091319495559,0.7159653827686758,0.0,0.0,0.6219894610933308,0.0,50774.0,3473,100,2.0,,0,92799,10.0,30.0,1,
0.976514854589637,62287,0.6873457688121639,0.07942973523421588,0.9769590313068574,0.7463126843657817,0.0,0.0,0.6712033534844125,0.0,59291.0,1498,0.9428948913681738,57807,0.6606536708369702,0.07982844642722443,0.9437569385489454,0.7173121289128831,0.0,0.0,0.6229269711958103,0.0,50805.0,3501,100,2.0,,0,92799,10.0,40.0,1,
0.9734929590672522,62287,0.6894794124936691,0.07942973523421588,0.9740562349482376,0.7485367795102308,0.0,0.0,0.6712033534844125,0.0,58895.0,1696,0.9416239107419171,57811,0.6615911809394498,0.07982844642722443,0.9424835748871028,0.7183309716480659,0.0,0.0,0.6229700751085679,0.0,50643.0,3584,100,2.0,,0,92799,10.0,60.0,1,
0.9672795602074727,62287,0.6939083395295208,0.07942973523421588,0.9686936236391913,0.7526806199372571,0.0,0.0,0.6712033534844125,0.0,58073.0,2107,0.9389800227383466,57813,0.6634769771225983,0.07982844642722443,0.9405687697263527,0.7198182478247122,0.0,0.0,0.6229916270649468,0.0,50299.0,3757,100,2.0,,0,92799,10.0,80.0,1,
0.9819461177168998,56239,0.61717259884266,0.07942973523421588,0.9823749301285635,0.6701315727864401,0.0,0.0,0.6060302373947996,0.0,54171.0,1034,0.9399494190800357,49431,0.566697917003416,0.07982844642722443,0.9409334906917425,0.6152170603459381,0.0,0.0,0.5326673778812272,0.0,43115.0,3158,100,2.0,,2,92799,10.0,5.0,1,
0.9807987587076337,60683,0.6667205465576138,0.07942973523421588,0.9812428245718998,0.7239195579903545,0.0,0.0,0.6539186844685826,0.0,58307.0,1188,0.9400437403317864,52869,0.6060517893511783,0.07982844642722443,0.940980688795942,0.6579733227155087,0.0,0.0,0.5697151908964536,0.0,46125.0,3372,100,2.0,,2,92799,10.0,10.0,1,
0.980648960040739,61623,0.6771516934449725,0.07942973523421588,0.9810861154893251,0.7352507374631269,0.0,0.0,0.6640481039666376,0.0,59191.0,1216,0.9414497983081715,55313,0.6331210465630017,0.07982844642722443,0.942347990527625,0.6873909428394093,0.0,0.0,0.5960516815913964,0.0,48433.0,3440,100,2.0,,2,92799,10.0,15.0,1,
0.9802656606644686,61843,0.679834912014138,0.07942973523421588,0.9807009197589597,0.738165472678747,0.0,0.0,0.66641881916831,0.0,59353.0,1245,0.943738535934634,56596,0.6462354120195261,0.07982844642722443,0.944620622892813,0.7016430302959328,0.0,0.0,0.6098772616084225,0.0,49848.0,3374,100,2.0,,2,92799,10.0,20.0,1,
0.9785390077651784,61874,0.6813758768952252,0.07942973523421588,0.9789725171273516,0.739839396919043,0.0,0.0,0.666752874492182,0.0,59160.0,1357,0.9443356643356643,57392,0.6549100744620093,0.07982844642722443,0.9452066074869481,0.7110702533053834,0.0,0.0,0.6184549402472009,0.0,50626.0,3383,100,2.0,,2,92799,10.0,30.0,1,
0.9772407802258548,61874,0.6822810590631364,0.07942973523421588,0.9776731398233445,0.7408226810881678,0.0,0.0,0.666752874492182,0.0,58992.0,1441,0.9439525600801616,57465,0.6560092242373301,0.07982844642722443,0.9448216898768518,0.7122647585811152,0.0,0.0,0.6192415866550286,0.0,50641.0,3412,100,2.0,,2,92799,10.0,40.0,1,
0.9741789211827314,61874,0.6844254787228311,0.07942973523421588,0.9747314030057658,0.7430584819965351,0.0,0.0,0.666752874492182,0.0,58594.0,1640,0.9426546814513483,57468,0.6569467343398097,0.07982844642722443,0.9435213765022658,0.713283601316298,0.0,0.0,0.6192739145895969,0.0,50476.0,3496,100,2.0,,2,92799,10.0,60.0,1,
0.9691587174788152,61874,0.6879707755471502,0.07942973523421588,0.9700703949328191,0.7466287399915719,0.0,0.0,0.666752874492182,0.0,57936.0,1969,0.9409116212056714,57469,0.6581751958534036,0.07982844642722443,0.9420066549740194,0.7144429740839199,0.0,0.0,0.6192846905677863,0.0,50251.0,3609,100,2.0,,2,92799,10.0,80.0,1,
0.9828995501724047,56156,0.6156639618961411,0.07942973523421588,0.9833298311970302,0.6684927658378986,0.0,0.0,0.6051358312050776,0.0,54202.0,977,0.940844963158997,49416,0.5659867024429143,0.07982844642722443,0.9418312114050469,0.6144441451675235,0.0,0.0,0.5325057382083859,0.0,43202.0,3107,100,2.0,,4,92799,10.0,5.0,1,
0.9817411627227578,60489,0.6639511201629328,0.07942973523421588,0.9821875101484103,0.720911176663389,0.0,0.0,0.6518281446998351,0.0,58239.0,1125,0.9410138906224925,52773,0.6043276328408711,0.07982844642722443,0.941954484605087,0.6560995889496551,0.0,0.0,0.5686806969902692,0.0,46157.0,3308,100,2.0,,4,92799,10.0,10.0,1,
0.9813417895866365,61274,0.6728413021692045,0.07942973523421588,0.9817820576500937,0.7305684318958655,0.0,0.0,0.66028728757853,0.0,58944.0,1165,0.9423671489332627,55169,0.6308580911432236,0.07982844642722443,0.9432694444919384,0.6849316672717265,0.0,0.0,0.59449994073212,0.0,48421.0,3374,100,2.0,,4,92799,10.0,15.0,1,
0.9809497956055186,61431,0.6748348581342472,0.07942973523421588,0.9813885871301681,0.7327339982207239,0.0,0.0,0.6619791161542689,0.0,59045.0,1193,0.9447114981994807,56404,0.6433797777993298,0.07982844642722443,0.9455984174085065,0.6985396587462379,0.0,0.0,0.6078082737960538,0.0,49802.0,3301,100,2.0,,4,92799,10.0,20.0,1,
0.9792224346717655,61456,0.6763003911680083,0.07942973523421588,0.9796595039214436,0.7343259821135927,0.0,0.0,0.6622485156090044,0.0,58848.0,1304,0.9452805510025001,57094,0.6508583066627873,0.07982844642722443,0.9461577979218799,0.7066669789556277,0.0,0.0,0.6152436987467538,0.0,50484.0,3305,100,2.0,,4,92799,10.0,30.0,1,
0.9779291249622074,61456,0.6771947973577301,0.07942973523421588,0.9783650401974051,0.7352975605187995,0.0,0.0,0.6622485156090044,0.0,58682.0,1387,0.9449579206693011,57152,0.6517419368743198,0.07982844642722443,0.9458336781133637,0.7076272675106275,0.0,0.0,0.6158687054817401,0.0,50494.0,3329,100,2.0,,4,92799,10.0,40.0,1,
0.9747184773988897,61456,0.6794254248429401,0.07942973523421588,0.9752598587637864,0.7376387133024301,0.0,0.0,0.6622485156090044,0.0,58268.0,1594,0.9436968546190043,57155,0.652647119042231,0.07982844642722443,0.9445702292220992,0.7086109777377007,0.0,0.0,0.6159010334163084,0.0,50335.0,3410,100,2.0,,4,92799,10.0,60.0,1,
0.9698576523687782,61456,0.6828306339507969,0.07942973523421588,0.970669530744081,0.7411270309500398,0.0,0.0,0.6622485156090044,0.0,57636.0,1910,0.9424684640118723,57156,0.6535091972973847,0.07982844642722443,0.9433862608523421,0.7095127121125178,0.0,0.0,0.6159118093944977,0.0,50178.0,3489,100,2.0,,4,92799,10.0,80.0,1,
0.9842947590573338,55967,0.6127221198504295,0.07942973523421588,0.9847103948201844,0.6653087980521609,0.0,0.0,0.6030991713272772,0.0,54181.0,893,0.942349189374988,49348,0.5643056498453647,0.07982844642722443,0.9433399602385686,0.6126172547458163,0.0,0.0,0.5317729716915053,0.0,43310.0,3019,100,2.0,,8,92799,10.0,5.0,1,
0.9830614085430843,59952,0.6571730298817875,0.07942973523421588,0.9834968338856261,0.7135599569227887,0.0,0.0,0.6460414444121165,0.0,57886.0,1033,0.9424335323329569,52568,0.6010732874276662,0.07982844642722443,0.9433806507187338,0.6525629164666066,0.0,0.0,0.5664716214614381,0.0,46146.0,3211,100,2.0,,8,92799,10.0,10.0,1,
0.9824849302159325,60469,0.6632291296242416,0.07942973523421588,0.9829161248374513,0.7201385962447909,0.0,0.0,0.6516126251360467,0.0,58313.0,1078,0.9441901287258209,54865,0.6261705406308258,0.07982844642722443,0.9451009439812582,0.6798374535958122,0.0,0.0,0.5912240433625362,0.0,48379.0,3243,100,2.0,,8,92799,10.0,15.0,1,
0.9820449605864988,60547,0.6643821592905096,0.07942973523421588,0.9824752137861652,0.7213911129840334,0.0,0.0,0.6524531514348215,0.0,58333.0,1107,0.9467757752003517,55998,0.6373560059914438,0.07982844642722443,0.9476730411237096,0.691993301401787,0.0,0.0,0.6034332266511493,0.0,49702.0,3148,100,2.0,,8,92799,10.0,20.0,1,
0.980317891942637,60566,0.6657614844987554,0.07942973523421588,0.9807464982592503,0.722889450765557,0.0,0.0,0.6526578950204205,0.0,58134.0,1216,0.9470765622382309,56531,0.6432181381264884,0.07982844642722443,0.9479659254787537,0.6983639962056891,0.0,0.0,0.6091768230261102,0.0,50213.0,3159,100,2.0,,8,92799,10.0,30.0,1,
0.9788444444444444,60566,0.6667636504703714,0.07942973523421588,0.9792717630319493,0.7239780868099452,0.0,0.0,0.6526578950204205,0.0,57948.0,1309,0.9466372066552844,56554,0.6437784889923382,0.07982844642722443,0.9475253828368462,0.6989729596795915,0.0,0.0,0.6094246705244668,0.0,50178.0,3188,100,2.0,,8,92799,10.0,40.0,1,
0.9754078559579985,60566,0.669112813715665,0.07942973523421588,0.9759422485054545,0.7264480029966756,0.0,0.0,0.6526578950204205,0.0,57512.0,1527,0.945389810109655,56557,0.6446621192038707,0.07982844642722443,0.9462755989827333,0.6999332482345915,0.0,0.0,0.6094569984590351,0.0,50023.0,3267,100,2.0,,8,92799,10.0,60.0,1,
0.9709668627859628,60566,0.6721731915214604,0.07942973523421588,0.9717146111761781,0.7296085592545769,0.0,0.0,0.6526578950204205,0.0,56944.0,1811,0.9442543032205286,56558,0.6454487656116984,0.07982844642722443,0.945153743315508,0.7007764284292256,0.0,0.0,0.6094677744372246,0.0,49880.0,3339,100,2.0,,8,92799,10.0,80.0,1,
0.9858859126101273,55392,0.6054483345725709,0.07942973523421588,0.9863072238742188,0.6574074074074074,0.0,0.0,0.5969029838683606,0.0,53806.0,793,0.9448380469635006,49210,0.5612452720395694,0.07982844642722443,0.9458368570769585,0.6092913773114262,0.0,0.0,0.5302858867013653,0.0,43464.0,2873,100,2.0,,16,92799,10.0,5.0,1,
0.9847809948032665,58366,0.6386706753305531,0.07942973523421588,0.9852298239395013,0.6934611602753196,0.0,0.0,0.6289507430036961,0.0,56562.0,902,0.9448214705829125,52208,0.595448226812789,0.07982844642722443,0.9457628346799029,0.646461570891546,0.0,0.0,0.5625922693132469,0.0,46110.0,3049,100,2.0,,16,92799,10.0,10.0,1,
0.9841360535072093,58562,0.6412353581396352,0.07942973523421588,0.9845827939272684,0.6962471320878401,0.0,0.0,0.6310628347288225,0.0,56674.0,944,0.9470669150807055,54391,0.6188752033965883,0.07982844642722443,0.9479747629670943,0.671920928435081,0.0,0.0,0.5861162297007511,0.0,48311.0,3040,100,2.0,,16,92799,10.0,15.0,1,
0.9836803223640027,58588,0.6418172609618639,0.07942973523421588,0.9841264508759847,0.6968792433394203,0.0,0.0,0.6313430101617474,0.0,56644.0,972,0.9497770154373928,55372,0.6282395284431944,0.07982844642722443,0.9506738775860589,0.682097644950873,0.0,0.0,0.5966874643045722,0.0,49516.0,2928,100,2.0,,16,92799,10.0,20.0,1,
0.9818041686214061,58598,0.6431534822573519,0.07942973523421588,0.9822485207100592,0.6983307580652713,0.0,0.0,0.6314507699436417,0.0,56426.0,1086,0.9498023446019629,55742,0.6324206079806894,0.07982844642722443,0.9506932955843979,0.6866414493330679,0.0,0.0,0.6006745762346577,0.0,49850.0,2946,100,2.0,,16,92799,10.0,30.0,1,
0.980112733537391,58598,0.6442634080108622,0.07942973523421588,0.9805555555555555,0.6995364517488412,0.0,0.0,0.6314507699436417,0.0,56220.0,1189,0.9493563108780055,55750,0.6328085431955086,0.07982844642722443,0.9502462970222775,0.6870630394303849,0.0,0.0,0.6007607840601731,0.0,49802.0,2974,100,2.0,,16,92799,10.0,40.0,1,
0.9769264112567103,58598,0.6463647237577991,0.07942973523421588,0.9774478732276898,0.7017605468932903,0.0,0.0,0.6314507699436417,0.0,55830.0,1384,0.9480011562856026,55751,0.6337245013416093,0.07982844642722443,0.9488885863090173,0.6880584604934946,0.0,0.0,0.6007715600383625,0.0,49635.0,3058,100,2.0,,16,92799,10.0,60.0,1,
0.9728877156281649,58598,0.6490479423269647,0.07942973523421588,0.973615126441365,0.7045231071779744,0.0,0.0,0.6314507699436417,0.0,55332.0,1633,0.9468258551000306,55751,0.634511147749437,0.07982844642722443,0.9477110850459823,0.6889133515241653,0.0,0.0,0.6007715600383625,0.0,49489.0,3131,100,2.0,,16,92799,10.0,80.0,1,
0.976151215871418,56239,0.6208364314270628,0.07942973523421588,0.9765919391529339,0.674099826754694,0.0,0.0,0.6060302373947996,0.0,53491.0,1374,0.9241695433195631,48993,0.5712669317557302,0.07982844642722443,0.9251293477850372,0.62018245482545,0.0,0.0,0.5279474994342611,0.0,40953.0,4020,125,2.0,,0,92799,10.0,5.0,1,
0.9732975168289602,60871,0.6739404519445252,0.07942973523421588,0.9737490401842847,0.731750714051599,0.0,0.0,0.6559445683681936,0.0,57531.0,1670,0.9246134926212227,52629,0.6133686785417947,0.07982844642722443,0.9255240574001126,0.6659249803843497,0.0,0.0,0.5671289561309928,0.0,44047.0,4291,125,2.0,,0,92799,10.0,10.0,1,
0.9733445829817818,62296,0.6896841560792681,0.07942973523421588,0.973785815891079,0.748852835136021,0.0,0.0,0.6713003372881173,0.0,58884.0,1706,0.9252757938503839,55189,0.642743995086154,0.07982844642722443,0.926160868616691,0.6978370085840429,0.0,0.0,0.5947154602959084,0.0,46275.0,4457,125,2.0,,0,92799,10.0,15.0,1,
0.9734370890638778,62922,0.6965484541859287,0.07942973523421588,0.9738740133106331,0.7563094067518846,0.0,0.0,0.6780460996346943,0.0,59488.0,1717,0.9250981033355135,56579,0.659058826064936,0.07982844642722443,0.9259610821072615,0.715567214343432,0.0,0.0,0.6096940699792024,0.0,47417.0,4581,125,2.0,,0,92799,10.0,20.0,1,
0.9721363181783214,63184,0.7003847024213623,0.07942973523421588,0.9725852382051874,0.760464952942829,0.0,0.0,0.6808694059203224,0.0,59562.0,1811,0.924373911236835,57839,0.6742637312902079,0.07982844642722443,0.9252167514476757,0.7320912039910529,0.0,0.0,0.6232718024978717,0.0,48375.0,4732,125,2.0,,0,92799,10.0,30.0,1,
0.970574232488136,63197,0.7016562678477138,0.07942973523421588,0.9710514589511532,0.7618228215573348,0.0,0.0,0.6810094936367849,0.0,59365.0,1916,0.9242921298213205,58040,0.6766667744264485,0.07982844642722443,0.9251318998358226,0.7347027204272113,0.0,0.0,0.6254377741139452,0.0,48532.0,4754,125,2.0,,0,92799,10.0,40.0,1,
0.9671140220668125,63198,0.7041778467440382,0.07942973523421588,0.9677063714456337,0.7644683242028375,0.0,0.0,0.6810202696149743,0.0,58900.0,2149,0.9228164984502901,58059,0.6779706677873684,0.07982844642722443,0.923653313818448,0.736119731587638,0.0,0.0,0.6256425176995442,0.0,48347.0,4856,125,2.0,,0,92799,10.0,60.0,1,
0.9611149974147633,63201,0.7086067737798899,0.07942973523421588,0.9625788175089098,0.7685770473381093,0.0,0.0,0.6810525975495425,0.0,58087.0,2557,0.9199131798666011,58064,0.6801689673380101,0.07982844642722443,0.92156302574358,0.7378529353210526,0.0,0.0,0.6256963975904912,0.0,47954.0,5055,125,2.0,,0,92799,10.0,80.0,1,
0.9769593266906638,56182,0.6196941777389843,0.07942973523421588,0.9773842246268397,0.6728707215432879,0.0,0.0,0.6054160066380025,0.0,53532.0,1325,0.9249334315336242,48978,0.570620373064365,0.07982844642722443,0.9258951189080873,0.6194798046632549,0.0,0.0,0.5277858597614199,0.0,41028.0,3975,125,2.0,,2,92799,10.0,5.0,1,
0.9742792084923511,60758,0.672011551848619,0.07942973523421588,0.9747168479481503,0.7296670880741677,0.0,0.0,0.6547268828327891,0.0,57550.0,1604,0.9254253990040296,52591,0.6123880645265574,0.07982844642722443,0.9263382241558488,0.6648592943050204,0.0,0.0,0.5667194689597949,0.0,44115.0,4238,125,2.0,,2,92799,10.0,10.0,1,
0.974354952552741,62120,0.6870224894664814,0.07942973523421588,0.974783058985987,0.7459732172121553,0.0,0.0,0.6694037651267793,0.0,58850.0,1635,0.9262545796779941,55114,0.6411922542268774,0.07982844642722443,0.9271271405981899,0.6961623590308113,0.0,0.0,0.5939072619317018,0.0,46338.0,4388,125,2.0,,2,92799,10.0,15.0,1,
0.9744490925773293,62660,0.6929277255142836,0.07942973523421588,0.974873590042785,0.7523879758393033,0.0,0.0,0.6752227933490662,0.0,59374.0,1643,0.9262691708357255,56470,0.6569575103179991,0.07982844642722443,0.9271207867474429,0.7132953121523345,0.0,0.0,0.6085194883565556,0.0,47480.0,4495,125,2.0,,2,92799,10.0,20.0,1,
0.9729579121712614,62856,0.6961605189711096,0.07942973523421588,0.9733948648062688,0.755887999250831,0.0,0.0,0.6773348850741926,0.0,59362.0,1747,0.9260657871478845,57630,0.670599898705805,0.07982844642722443,0.9268998793727382,0.7281212305746507,0.0,0.0,0.6210196230562829,0.0,48428.0,4601,125,2.0,,2,92799,10.0,30.0,1,
0.9714736061317839,62866,0.6973351005937564,0.07942973523421588,0.971924182925698,0.7571522217539917,0.0,0.0,0.6774426448560869,0.0,59174.0,1846,0.9260036525583929,57803,0.6726581105399843,0.07982844642722443,0.9268351345284289,0.7303580002576384,0.0,0.0,0.6228838672830527,0.0,48565.0,4619,125,2.0,,2,92799,10.0,40.0,1,
0.9680628272251309,62866,0.6997920236209442,0.07942973523421588,0.9686147019398179,0.7597391955799035,0.0,0.0,0.6774426448560869,0.0,58718.0,2074,0.924507483689395,57815,0.6738865720535782,0.07982844642722443,0.9253361075544174,0.731693035565809,0.0,0.0,0.6230131790213257,0.0,48373.0,4721,125,2.0,,2,92799,10.0,60.0,1,
0.9628886506356257,62867,0.7035636159872413,0.07942973523421588,0.963848217707934,0.7635084515615489,0.0,0.0,0.6774534208342762,0.0,58021.0,2423,0.9226399438309824,57820,0.6753090011745816,0.07982844642722443,0.9237011949645345,0.7330514925460528,0.0,0.0,0.6230670589122728,0.0,48124.0,4848,125,2.0,,2,92799,10.0,80.0,1,
0.9777166053974946,56118,0.618508820138148,0.07942973523421588,0.9781426479815938,0.671583087512291,0.0,0.0,0.6047263440338797,0.0,53560.0,1279,0.9256549846886696,48969,0.5700707981767045,0.07982844642722443,0.9266183510889927,0.6188825520253891,0.0,0.0,0.5276888759577151,0.0,41103.0,3933,125,2.0,,4,92799,10.0,5.0,1,
0.9752191042855994,60644,0.6701042037090917,0.07942973523421588,0.9756584133725887,0.7275951678606546,0.0,0.0,0.6534984213191952,0.0,57562.0,1541,0.9262471355543804,52546,0.6113212426858048,0.07982844642722443,0.9271623672230652,0.6636999215373985,0.0,0.0,0.5662345499412709,0.0,44178.0,4184,125,2.0,,4,92799,10.0,10.0,1,
0.9753374175157882,61931,0.6842422870936109,0.07942973523421588,0.9757676976161591,0.7429531301212717,0.0,0.0,0.667367105248979,0.0,58799.0,1566,0.9271505331065034,55044,0.6397590491276846,0.07982844642722443,0.9280258965150979,0.6946048178379455,0.0,0.0,0.5931529434584425,0.0,46394.0,4325,125,2.0,,4,92799,10.0,15.0,1,
0.9752571196348745,62395,0.689425532602722,0.07942973523421588,0.9756841282251759,0.7485836025659035,0.0,0.0,0.6723671591288699,0.0,59229.0,1583,0.9274103323461665,56368,0.6549639543529564,0.07982844642722443,0.9282655951518345,0.7111288074855664,0.0,0.0,0.6074203385812347,0.0,47544.0,4412,125,2.0,,4,92799,10.0,20.0,1,
0.9736129273304689,62541,0.6922057349755925,0.07942973523421588,0.974052673384522,0.7515919838928689,0.0,0.0,0.6739404519445252,0.0,59151.0,1695,0.9274882511587346,57431,0.6672593454670848,0.07982844642722443,0.9283278105552413,0.7244908714033095,0.0,0.0,0.6188752033965883,0.0,48451.0,4490,125,2.0,,4,92799,10.0,30.0,1,
0.9721190457689021,62551,0.6933803165982392,0.07942973523421588,0.9725724947523906,0.7528562063960295,0.0,0.0,0.6740482117264195,0.0,58963.0,1794,0.927392207708538,57579,0.6690481578465285,0.07982844642722443,0.9282294336702617,0.7264348701853826,0.0,0.0,0.6204700481686225,0.0,48563.0,4508,125,2.0,,4,92799,10.0,40.0,1,
0.9686716015733887,62551,0.6958480156036164,0.07942973523421588,0.9692269550800316,0.7554548859858594,0.0,0.0,0.6740482117264195,0.0,58505.0,2023,0.9259562973324972,57588,0.670190411534607,0.07982844642722443,0.9267908009720457,0.7276762188052605,0.0,0.0,0.6205670319723273,0.0,48378.0,4605,125,2.0,,4,92799,10.0,60.0,1,
0.9637910047610977,62551,0.6993717604715568,0.07942973523421588,0.964638208623774,0.7590485555087325,0.0,0.0,0.6740482117264195,0.0,57851.0,2350,0.9244598542489325,57592,0.6713218892444962,0.07982844642722443,0.9253362039878533,0.7288707240809922,0.0,0.0,0.620610135885085,0.0,48180.0,4706,125,2.0,,4,92799,10.0,80.0,1,
0.979100718795362,55984,0.6161596568928545,0.07942973523421588,0.9795289918465899,0.6690312309781337,0.0,0.0,0.6032823629564974,0.0,53594.0,1195,0.9275409028001592,48925,0.5684005215573443,0.07982844642722443,0.9285090715858195,0.6170673724397184,0.0,0.0,0.5272147329173805,0.0,41281.0,3822,125,2.0,,8,92799,10.0,5.0,1,
0.976723872992252,60384,0.6662032996045216,0.07942973523421588,0.9771664374140303,0.7233576813222831,0.0,0.0,0.650696666989946,0.0,57506.0,1439,0.9282008605272943,52422,0.6085949202038815,0.07982844642722443,0.9291221353751263,0.6607370800201426,0.0,0.0,0.5648983286457828,0.0,44312.0,4055,125,2.0,,8,92799,10.0,10.0,1,
0.9767338447123096,61502,0.6785310186532183,0.07942973523421588,0.9771683693735204,0.7367490752446505,0.0,0.0,0.6627442106057178,0.0,58572.0,1465,0.9291798614756736,54869,0.636332288063449,0.07982844642722443,0.9300618696499703,0.6908807719783115,0.0,0.0,0.591267147275294,0.0,46505.0,4182,125,2.0,,8,92799,10.0,15.0,1,
0.9764523918498761,61869,0.6827767540598498,0.07942973523421588,0.9768840888636255,0.7413611462284029,0.0,0.0,0.6666989946012349,0.0,58885.0,1492,0.9298460722747833,56119,0.650362611666074,0.07982844642722443,0.9307096538799609,0.7061282804979447,0.0,0.0,0.6047371200120691,0.0,47651.0,4234,125,2.0,,8,92799,10.0,20.0,1,
0.9747486666352009,61956,0.6849319496977339,0.07942973523421588,0.9751936032235724,0.7436905932481154,0.0,0.0,0.6676365047037145,0.0,58746.0,1605,0.9302526628280621,57031,0.6606428948587808,0.07982844642722443,0.9311031656626014,0.7173004180768465,0.0,0.0,0.6145648121208203,0.0,48479.0,4276,125,2.0,,8,92799,10.0,30.0,1,
0.9730824800552799,61962,0.6861711871895171,0.07942973523421588,0.9735411494830782,0.7450250503347848,0.0,0.0,0.667701160572851,0.0,58534.0,1714,0.9301920572916667,57151,0.6620760999579737,0.07982844642722443,0.931040662061775,0.7188579592697123,0.0,0.0,0.6158579295035507,0.0,48573.0,4289,125,2.0,,8,92799,10.0,40.0,1,
0.969428625070405,61962,0.6887574219549779,0.07942973523421588,0.9699749530369443,0.7477641990916327,0.0,0.0,0.667701160572851,0.0,58054.0,1954,0.9286735555988822,57158,0.6632399056024311,0.07982844642722443,0.9295192870617316,0.7201227295616635,0.0,0.0,0.6159333613508766,0.0,48378.0,4390,125,2.0,,8,92799,10.0,60.0,1,
0.9649447931104294,61962,0.6919578874772357,0.07942973523421588,0.9657117920264331,0.751065224516552,0.0,0.0,0.667701160572851,0.0,57460.0,2251,0.9273211012151004,57161,0.6642420715740471,0.07982844642722443,0.9281793972460379,0.7212001264770292,0.0,0.0,0.6159656892854449,0.0,48201.0,4480,125,2.0,,8,92799,10.0,80.0,1,
0.9815392753239883,55668,0.6111596030129635,0.07942973523421588,0.9819721291233021,0.6635997565201105,0.0,0.0,0.5998771538486406,0.0,53574.0,1047,0.9303295865879215,48833,0.5656310951626634,0.07982844642722443,0.9313054257652331,0.6140576875783162,0.0,0.0,0.5262233429239539,0.0,41519.0,3657,125,2.0,,16,92799,10.0,5.0,1,
0.9793960106470375,59608,0.6558475845644889,0.07942973523421588,0.9798467961994937,0.7121084421969378,0.0,0.0,0.6423345079149559,0.0,57100.0,1254,0.9309846076925824,52137,0.6034763305639069,0.07982844642722443,0.9319164909019412,0.6551744329027649,0.0,0.0,0.5618271748617981,0.0,44407.0,3865,125,2.0,,16,92799,10.0,10.0,1,
0.9788623948387933,60387,0.6647808704835182,0.07942973523421588,0.979306877706242,0.7218125204850868,0.0,0.0,0.6507289949245143,0.0,57779.0,1304,0.9321795991030315,54457,0.6295218698477354,0.07982844642722443,0.9330740366327982,0.6834795236031901,0.0,0.0,0.5868274442612528,0.0,46533.0,3962,125,2.0,,16,92799,10.0,15.0,1,
0.9784894142725643,60591,0.6672808974234636,0.07942973523421588,0.9789320623636805,0.7245282577140985,0.0,0.0,0.652927294475156,0.0,57927.0,1332,0.9337308919872334,55585,0.6414939816161812,0.07982844642722443,0.9346100817163803,0.6964902624398356,0.0,0.0,0.5989827476589188,0.0,47695.0,3945,125,2.0,,16,92799,10.0,20.0,1,
0.976659525458675,60632,0.668983501977392,0.07942973523421588,0.9771002207790115,0.7263777684131666,0.0,0.0,0.6533691095809222,0.0,57734.0,1449,0.9341943623626282,56274,0.6491233741742907,0.07982844642722443,0.935063640291117,0.7047815343537375,0.0,0.0,0.6064073966314292,0.0,48346.0,3964,125,2.0,,16,92799,10.0,30.0,1,
0.9747765417014983,60635,0.6703089472946907,0.07942973523421588,0.9752312022517089,0.7278058716111814,0.0,0.0,0.6534014375154905,0.0,57497.0,1569,0.9337952526190161,56334,0.6500932122113385,0.07982844642722443,0.9346628616936554,0.7058355095970301,0.0,0.0,0.6070539553227944,0.0,48346.0,3994,125,2.0,,16,92799,10.0,40.0,1,
0.9707346749275572,60635,0.6730999256457505,0.07942973523421588,0.971278913308131,0.7307674298824741,0.0,0.0,0.6534014375154905,0.0,56979.0,1828,0.9322721029900882,56340,0.6512246899212276,0.07982844642722443,0.9331367904996936,0.7070651473808716,0.0,0.0,0.607118611191931,0.0,48154.0,4093,125,2.0,,16,92799,10.0,60.0,1,
0.9664950507674896,60635,0.6760525436696516,0.07942973523421588,0.9672196522571384,0.7338343400290303,0.0,0.0,0.6534014375154905,0.0,56431.0,2102,0.9308100249467197,56341,0.6522591838274119,0.07982844642722443,0.9316719858449225,0.7081893876403836,0.0,0.0,0.6071293871701203,0.0,47965.0,4188,125,2.0,,16,92799,10.0,80.0,1,
0.9671701044273755,56033,0.6243062964040561,0.07942973523421588,0.9676210540857912,0.6778573769724212,0.0,0.0,0.6038103858877789,0.0,52229.0,1902,0.9148560590411448,48717,0.5738316145648121,0.07982844642722443,0.9158019399954884,0.6229696338021571,0.0,0.0,0.5249733294539812,0.0,39649.0,4534,150,2.0,,0,92799,10.0,5.0,1,
0.964780334229063,60676,0.6777120443108223,0.07942973523421588,0.9652254143997964,0.7358477314229527,0.0,0.0,0.6538432526212566,0.0,56246.0,2215,0.913899074559106,52339,0.6171402709080916,0.07982844642722443,0.914809571251289,0.6700120621611176,0.0,0.0,0.5640039224560609,0.0,42477.0,4931,150,2.0,,0,92799,10.0,10.0,1,
0.9636473373879939,62268,0.6963113826657615,0.07942973523421588,0.964124796779438,0.7560167626539308,0.0,0.0,0.6709986098988135,0.0,57570.0,2349,0.9124195613495403,54872,0.6480565523335381,0.07982844642722443,0.9132851769248693,0.703610450750079,0.0,0.0,0.5912994752098621,0.0,44338.0,5267,150,2.0,,0,92799,10.0,15.0,1,
0.9630183382662557,63122,0.7063222664037327,0.07942973523421588,0.9635034268007876,0.766879711569977,0.0,0.0,0.6802012952725783,0.0,58274.0,2424,0.9102333641030624,56206,0.6654058772185045,0.07982844642722443,0.9112516212710765,0.7223243667365413,0.0,0.0,0.6056746301145487,0.0,45120.0,5543,150,2.0,,0,92799,10.0,20.0,1,
0.9619719586632018,63671,0.7132404444013405,0.07942973523421588,0.9624809154535697,0.7743714004775951,0.0,0.0,0.68611730729857,0.0,58637.0,2517,0.9083175505050505,57551,0.6827659780816604,0.07982844642722443,0.9093221677990204,0.7411788127554426,0.0,0.0,0.6201683207793187,0.0,45933.0,5809,150,2.0,,0,92799,10.0,30.0,1,
0.9602295837664392,63741,0.7153202081918986,0.07942973523421588,0.9607506217499435,0.7766189071498806,0.0,0.0,0.6868716257718295,0.0,58461.0,2640,0.907922004521477,57831,0.6863867067533055,0.07982844642722443,0.9089208814006853,0.745113653663735,0.0,0.0,0.6231855946723563,0.0,46101.0,5865,150,2.0,,0,92799,10.0,40.0,1,
0.9566209017930828,63754,0.7181650664339055,0.07942973523421588,0.9572241490623545,0.7796389942407641,0.0,0.0,0.6870117134882919,0.0,57972.0,2891,0.9063179464718673,57940,0.6888975096714405,0.07982844642722443,0.9073114204732301,0.7478422784602593,0.0,0.0,0.6243601762950032,0.0,45962.0,5989,150,2.0,,0,92799,10.0,60.0,1,
0.9510590692124105,63759,0.7224215778187265,0.07942973523421588,0.9524940617577197,0.7835721309172636,0.0,0.0,0.687065593379239,0.0,57197.0,3281,0.9038260571179012,57947,0.6908802896582937,0.07982844642722443,0.9053511444418405,0.7495520605216006,0.0,0.0,0.6244356081423291,0.0,45615.0,6166,150,2.0,,0,92799,10.0,80.0,1,
0.9680972471987827,55987,0.6231963706505458,0.07942973523421588,0.9685326782686918,0.6766633890527696,0.0,0.0,0.6033146908910656,0.0,52297.0,1845,0.9154167136573813,48702,0.5733035916335305,0.07982844642722443,0.9163640468888178,0.6223958028363645,0.0,0.0,0.5248116897811399,0.0,39702.0,4500,150,2.0,,2,92799,10.0,5.0,1,
0.9659377092033536,60601,0.676063319647841,0.07942973523421588,0.9663690001594643,0.7340684553073934,0.0,0.0,0.6530350542570502,0.0,56327.0,2137,0.9145733913681892,52320,0.6164613842821582,0.07982844642722443,0.9154855643044619,0.6692742794908129,0.0,0.0,0.5637991788704619,0.0,42546.0,4887,150,2.0,,2,92799,10.0,10.0,1,
0.9649583132792001,62152,0.6940699792023621,0.07942973523421588,0.9654229705800118,0.7535936695228731,0.0,0.0,0.6697485964288409,0.0,57638.0,2257,0.913313570048631,54839,0.6470328344055432,0.07982844642722443,0.9141814059712938,0.7024979213266035,0.0,0.0,0.5909438679296113,0.0,44429.0,5205,150,2.0,,2,92799,10.0,15.0,1,
0.9646014986897957,62947,0.7032080087069904,0.07942973523421588,0.9650599454205379,0.7635201573254671,0.0,0.0,0.6783154990894299,0.0,58327.0,2310,0.9113556323741825,56155,0.6639834480975011,0.07982844642722443,0.9123625079205187,0.7207902472157487,0.0,0.0,0.6051250552268882,0.0,45231.0,5462,150,2.0,,2,92799,10.0,20.0,1,
0.9634891211863377,63413,0.7092317805148762,0.07942973523421588,0.9639578012890673,0.7700519735917966,0.0,0.0,0.6833371049256997,0.0,58607.0,2403,0.9100966872721509,57418,0.6798564639705169,0.07982844642722443,0.9110931276875962,0.7380285978616014,0.0,0.0,0.6187351156801258,0.0,46074.0,5672,150,2.0,,2,92799,10.0,30.0,1,
0.9618001363739678,63474,0.7111606806107824,0.07942973523421588,0.9622813134835209,0.7721355995692278,0.0,0.0,0.6839944395952543,0.0,58432.0,2521,0.9097090748453869,57661,0.6830246015582064,0.07982844642722443,0.9107004659243465,0.7414715836563572,0.0,0.0,0.621353678380155,0.0,46215.0,5723,150,2.0,,2,92799,10.0,40.0,1,
0.9582477961598841,63482,0.7138870030927057,0.07942973523421588,0.9588267278878685,0.7750152174930935,0.0,0.0,0.6840806474207696,0.0,57950.0,2766,0.9081717691086058,57757,0.6853198849125529,0.07982844642722443,0.9091581664777736,0.7439659917321497,0.0,0.0,0.6223881722863392,0.0,46077.0,5840,150,2.0,,2,92799,10.0,60.0,1,
0.9533434445061794,63486,0.7176047155680557,0.07942973523421588,0.9543466169595478,0.7787025331273119,0.0,0.0,0.6841237513335273,0.0,57272.0,3107,0.9064005397856549,57764,0.6867423140335563,0.07982844642722443,0.9075683064402092,0.7453595812205034,0.0,0.0,0.6224636041336652,0.0,45834.0,5965,150,2.0,,2,92799,10.0,80.0,1,
0.9690093024061531,55938,0.6220648929406567,0.07942973523421588,0.9694459368121869,0.6754342838413635,0.0,0.0,0.6027866679597841,0.0,52360.0,1789,0.91594868128974,48690,0.5728294485931961,0.07982844642722443,0.9168800843627599,0.6218922368867913,0.0,0.0,0.5246823780428669,0.0,39754.0,4468,150,2.0,,4,92799,10.0,5.0,1,
0.9671460530520933,60524,0.6743607150939126,0.07942973523421588,0.9675789742933879,0.7322189446083252,0.0,0.0,0.6522053039364648,0.0,56412.0,2056,0.9152388119782278,52294,0.6157070658088988,0.07982844642722443,0.916136717997232,0.6684662318042885,0.0,0.0,0.563519003437537,0.0,42608.0,4843,150,2.0,,4,92799,10.0,10.0,1,
0.9663716262544412,62014,0.6915160723714695,0.07942973523421588,0.9668236101150572,0.7508311092381889,0.0,0.0,0.6682615114387008,0.0,57698.0,2158,0.9141655961695667,54796,0.6459229086520328,0.07982844642722443,0.915020455873758,0.7013034160508719,0.0,0.0,0.5904805008674663,0.0,44506.0,5145,150,2.0,,4,92799,10.0,15.0,1,
0.9661338015154315,62733,0.6997058157954288,0.07942973523421588,0.9665803827308865,0.7597274898159854,0.0,0.0,0.676009439756894,0.0,58335.0,2199,0.9124599391563227,56088,0.6623886033254669,0.07982844642722443,0.9134109600195424,0.7191038868264805,0.0,0.0,0.604403064688197,0.0,45326.0,5381,150,2.0,,4,92799,10.0,20.0,1,
0.9648948526714757,63135,0.705093804890139,0.07942973523421588,0.9653522117398816,0.7655686660111439,0.0,0.0,0.6803413829890408,0.0,58541.0,2297,0.9116940169035606,57279,0.6770223817066994,0.07982844642722443,0.9126236795564265,0.7350072021641625,0.0,0.0,0.6172372547117965,0.0,46183.0,5548,150,2.0,,4,92799,10.0,30.0,1,
0.9632300257633734,63185,0.7068718412913932,0.07942973523421588,0.9637001448943796,0.767488411293721,0.0,0.0,0.6808801818985118,0.0,58361.0,2412,0.9114542053704467,57500,0.6798133600577593,0.07982844642722443,0.9123798038780109,0.7380403086976379,0.0,0.0,0.6196187458916583,0.0,46328.0,5586,150,2.0,,4,92799,10.0,40.0,1,
0.9595025510204082,63189,0.709662819642453,0.07942973523421588,0.9600711062491454,0.7704382638010957,0.0,0.0,0.6809232858112695,0.0,57855.0,2667,0.9100162802092718,57574,0.6817638121100443,0.07982844642722443,0.9109521850574349,0.7401482591842231,0.0,0.0,0.6204161682776754,0.0,46188.0,5693,150,2.0,,4,92799,10.0,60.0,1,
0.9548772194937666,63189,0.713100356684878,0.07942973523421588,0.9557437797776601,0.7739265814487053,0.0,0.0,0.6809232858112695,0.0,57217.0,2986,0.9085285996055227,57578,0.6829276177545016,0.07982844642722443,0.9095044781777687,0.7413778969680646,0.0,0.0,0.6204592721904331,0.0,45984.0,5797,150,2.0,,4,92799,10.0,80.0,1,
0.970372946187951,55811,0.6197803855644997,0.07942973523421588,0.9708118074762129,0.672952661890715,0.0,0.0,0.6014181187297277,0.0,52403.0,1704,0.9175576549565349,48659,0.5714608993631397,0.07982844642722443,0.9184929308945391,0.6204049607101451,0.0,0.0,0.5243483227189948,0.0,39915.0,4372,150,2.0,,8,92799,10.0,5.0,1,
0.9694236797685074,60303,0.6703197232728801,0.07942973523421588,0.9698602377084774,0.7278292831390176,0.0,0.0,0.649823812756603,0.0,56499.0,1902,0.9170120109573646,52222,0.6136704059310985,0.07982844642722443,0.9179146452928355,0.666252883793374,0.0,0.0,0.5627431330078988,0.0,42770.0,4726,150,2.0,,8,92799,10.0,10.0,1,
0.9689252666802821,61675,0.6859233396911605,0.07942973523421588,0.9693516699410609,0.7447792292925036,0.0,0.0,0.6646084548324874,0.0,57719.0,1978,0.916508856898661,54689,0.6430133945408895,0.07982844642722443,0.9173697894825128,0.698141490320994,0.0,0.0,0.5893274712011983,0.0,44725.0,4982,150,2.0,,8,92799,10.0,15.0,1,
0.9686979790593836,62265,0.6926475500813586,0.07942973523421588,0.9691201419477345,0.7520836259774313,0.0,0.0,0.6709662819642453,0.0,58241.0,2012,0.9154339573242571,55944,0.6585415791118439,0.07982844642722443,0.9163336172443163,0.7149699617055661,0.0,0.0,0.6028513238289206,0.0,45608.0,5168,150,2.0,,8,92799,10.0,20.0,1,
0.9673195541608051,62573,0.6970657011390209,0.07942973523421588,0.967768377747189,0.7568595776560378,0.0,0.0,0.6742852832465868,0.0,58345.0,2114,0.9150138006290519,57020,0.6715158568519057,0.07982844642722443,0.9158956566435363,0.7290698082936141,0.0,0.0,0.6144462763607367,0.0,46428.0,5296,150,2.0,,8,92799,10.0,30.0,1,
0.9654842689697718,62602,0.6987144258020022,0.07942973523421588,0.9659460877347282,0.7586388537715971,0.0,0.0,0.6745977866140799,0.0,58126.0,2238,0.9148810285275681,57213,0.6738865720535782,0.07982844642722443,0.9157596517062552,0.7316461922216627,0.0,0.0,0.6165260401512948,0.0,46567.0,5323,150,2.0,,8,92799,10.0,40.0,1,
0.9614971126674039,62605,0.7016454918695244,0.07942973523421588,0.9620585794633801,0.7617408812099078,0.0,0.0,0.6746301145486482,0.0,57591.0,2507,0.9133673632158239,57259,0.6755460726947489,0.07982844642722443,0.9142569736064763,0.7334379501352601,0.0,0.0,0.6170217351480081,0.0,46397.0,5431,150,2.0,,8,92799,10.0,60.0,1,
0.9570873845777533,62605,0.7048782853263506,0.07942973523421588,0.9578928041372768,0.7650536123987451,0.0,0.0,0.6746301145486482,0.0,56991.0,2807,0.9119895521437217,57262,0.676602118557312,0.07982844642722443,0.9128909861939227,0.7345739012308089,0.0,0.0,0.6170540630825764,0.0,46210.0,5526,150,2.0,,8,92799,10.0,80.0,1,
0.9726355964844707,55555,0.6155023222232998,0.07942973523421588,0.9730614961553956,0.6683171793791263,0.0,0.0,0.5986594683132361,0.0,52429.0,1563,0.920153027404784,48585,0.568982424379573,0.07982844642722443,0.9210950385803932,0.6177114684217306,0.0,0.0,0.5235509003329777,0.0,40153.0,4216,150,2.0,,16,92799,10.0,5.0,1,
0.9725793327908869,59765,0.6621838597398679,0.07942973523421588,0.973006854110024,0.7190031371447301,0.0,0.0,0.644026336490695,0.0,56395.0,1685,0.9198556978142463,52016,0.6093600146553303,0.07982844642722443,0.9207512435168959,0.6615802602147768,0.0,0.0,0.5605232815008783,0.0,42952.0,4532,150,2.0,,16,92799,10.0,10.0,1,
0.9722714429385566,60906,0.6750396017198461,0.07942973523421588,0.9726906860866232,0.732968113499087,0.0,0.0,0.6563217276048233,0.0,57432.0,1737,0.9202414568573409,54424,0.6373021261004967,0.07982844642722443,0.9210980604542531,0.6919464580576408,0.0,0.0,0.5864718369810019,0.0,44990.0,4717,150,2.0,,16,92799,10.0,15.0,1,
0.9719477965779166,61292,0.6795439606030237,0.07942973523421588,0.9723641209505981,0.737861122816875,0.0,0.0,0.6604812551859395,0.0,57754.0,1769,0.9198616649843628,55590,0.6512246899212276,0.07982844642722443,0.9207300914270571,0.707053436544835,0.0,0.0,0.5990366275498659,0.0,45904.0,4843,150,2.0,,16,92799,10.0,20.0,1,
0.9701780157639515,61421,0.6822164031939999,0.07942973523421588,0.9706072912880643,0.7407524465046589,0.0,0.0,0.6618713563723747,0.0,57645.0,1888,0.9201439200299562,56518,0.6618929083287536,0.07982844642722443,0.9209985985724994,0.7186471642210538,0.0,0.0,0.6090367353096477,0.0,46708.0,4905,150,2.0,,16,92799,10.0,30.0,1,
0.9681033803482783,61431,0.6837896960096552,0.07942973523421588,0.9685460221360326,0.7424497822727911,0.0,0.0,0.6619791161542689,0.0,57383.0,2024,0.9198129293126126,56643,0.6635955128826819,0.07982844642722443,0.9206651062999804,0.7204974763148341,0.0,0.0,0.6103837325833252,0.0,46767.0,4938,150,2.0,,16,92799,10.0,40.0,1,
0.9639421945364108,61433,0.6867638659899352,0.07942973523421588,0.9645172938941485,0.745575221238938,0.0,0.0,0.6620006681106477,0.0,56837.0,2298,0.9181318770357646,56657,0.6649748380909277,0.07982844642722443,0.9189956367293313,0.7219847524914804,0.0,0.0,0.6105345962779771,0.0,46553.0,5052,150,2.0,,16,92799,10.0,60.0,1,
0.9595308009496439,61433,0.6899212275994353,0.07942973523421588,0.9603257726157165,0.7488294236081847,0.0,0.0,0.6620006681106477,0.0,56251.0,2591,0.9166936318923117,56659,0.6660416599316803,0.07982844642722443,0.9175546558704454,0.7231441252591022,0.0,0.0,0.610556148234356,0.0,46361.0,5149,150,2.0,,16,92799,10.0,80.0,1,
0.9573151871326941,55710,0.6270972747551159,0.07942973523421588,0.9577760203555341,0.6808774640633047,0.0,0.0,0.6003297449325963,0.0,50742.0,2484,0.9065181225115427,48496,0.5764825051994095,0.07982844642722443,0.9074510684480371,0.625850499467157,0.0,0.0,0.5225918382741194,0.0,38494.0,5001,175,2.0,,0,92799,10.0,5.0,1,
0.955893536121673,60336,0.6801797433161996,0.07942973523421588,0.9563632328932143,0.7385049398323734,0.0,0.0,0.6501794200368538,0.0,54768.0,2784,0.9031469016723336,52061,0.6211704867509348,0.07982844642722443,0.9040408425512703,0.6743919148388003,0.0,0.0,0.5610082005194021,0.0,40895.0,5583,175,2.0,,0,92799,10.0,10.0,1,
0.9539126555601705,62011,0.7005140141596353,0.07942973523421588,0.9543971434727737,0.7605703048180924,0.0,0.0,0.6682291835041326,0.0,56019.0,2996,0.9000264174619423,54511,0.6526578950204205,0.07982844642722443,0.9008742501115536,0.7086109777377007,0.0,0.0,0.5874093470834815,0.0,42401.0,6055,175,2.0,,0,92799,10.0,15.0,1,
0.9516570616085069,62915,0.7124106940807552,0.07942973523421588,0.9521755580779417,0.7734583508919792,0.0,0.0,0.6779706677873684,0.0,56523.0,3196,0.8973286128097844,55760,0.6696192846905678,0.07982844642722443,0.898355056469413,0.7268798819547727,0.0,0.0,0.6008685438420672,0.0,43000.0,6380,175,2.0,,0,92799,10.0,20.0,1,
0.9503815084140896,63648,0.7216780353236565,0.07942973523421588,0.9509494852908219,0.7834784848059184,0.0,0.0,0.6858694598002134,0.0,57002.0,3323,0.8932252968136526,57103,0.6888975096714405,0.07982844642722443,0.8942324255758961,0.7478188567881862,0.0,0.0,0.6153406825504585,0.0,43451.0,6826,175,2.0,,0,92799,10.0,30.0,1,
0.9484792146947274,63771,0.7245228935656635,0.07942973523421588,0.9490720759602935,0.7865453949524746,0.0,0.0,0.687194905117512,0.0,56843.0,3464,0.8920447482908639,57412,0.6935419562710805,0.07982844642722443,0.8930438028870085,0.7528662271199541,0.0,0.0,0.6186704598109893,0.0,43516.0,6948,175,2.0,,0,92799,10.0,40.0,1,
0.9446566580794172,63804,0.7278311188698154,0.07942973523421588,0.945384501407616,0.7900220068361661,0.0,0.0,0.6875505123977629,0.0,56328.0,3738,0.8903544037605146,57581,0.6969040614661796,0.07982844642722443,0.8913467492260062,0.7565200079633685,0.0,0.0,0.6204916001250014,0.0,43399.0,7091,175,2.0,,0,92799,10.0,60.0,1,
0.9391548798257363,63809,0.7321522861237729,0.07942973523421588,0.9407610538576083,0.7939668492765838,0.0,0.0,0.68760439228871,0.0,55541.0,4134,0.8874489560058556,57591,0.6993071046024203,0.07982844642722443,0.8892165642466726,0.7584640067454416,0.0,0.0,0.6205993599068955,0.0,42983.0,7304,175,2.0,,0,92799,10.0,80.0,1,
0.9582795476842051,55677,0.6260951087834998,0.07942973523421588,0.9587250749044323,0.6798005337828347,0.0,0.0,0.5999741376523454,0.0,50829.0,2424,0.9072639497024811,48486,0.5758898263989913,0.07982844642722443,0.9081816138458081,0.6252181143211814,0.0,0.0,0.5224840784922251,0.0,38574.0,4956,175,2.0,,2,92799,10.0,5.0,1,
0.9568150076180802,60287,0.6789728337589844,0.07942973523421588,0.9572707929753247,0.7372056000374585,0.0,0.0,0.6496513971055723,0.0,54845.0,2721,0.9039580402577329,52049,0.6204700481686225,0.07982844642722443,0.9048380647740903,0.6736424213324589,0.0,0.0,0.5608788887811291,0.0,40989.0,5530,175,2.0,,2,92799,10.0,10.0,1,
0.9549316187921119,61934,0.6988976174312224,0.07942973523421588,0.9554030080987274,0.7588261459942875,0.0,0.0,0.6673994331835472,0.0,56088.0,2923,0.9011179836602388,54487,0.6515802972014785,0.07982844642722443,0.9019533189869227,0.7074516049700789,0.0,0.0,0.5871507236069354,0.0,42529.0,5979,175,2.0,,2,92799,10.0,15.0,1,
0.9530131083869402,62815,0.7102662744210606,0.07942973523421588,0.9535194377400307,0.7711406096361848,0.0,0.0,0.6768930699684264,0.0,56621.0,3097,0.8985488552079974,55728,0.6683261673078373,0.07982844642722443,0.8995641646489104,0.7254862924664192,0.0,0.0,0.6005237125400058,0.0,43144.0,6292,175,2.0,,2,92799,10.0,20.0,1,
0.9519461436967734,63491,0.7187146413215659,0.07942973523421588,0.9525031129513779,0.7802711054923445,0.0,0.0,0.6841776312244744,0.0,57081.0,3205,0.8952226949463868,57023,0.6863974827314949,0.07982844642722443,0.8962075848303394,0.7451253644997716,0.0,0.0,0.6144786042953049,0.0,43675.0,6674,175,2.0,,2,92799,10.0,30.0,1,
0.9500679804574861,63589,0.7212469961960797,0.07942973523421588,0.9506503214232321,0.7829985484852742,0.0,0.0,0.6852336770870375,0.0,56905.0,3342,0.8942145665605692,57312,0.6906539941163159,0.07982844642722443,0.8952062604457912,0.749739433898186,0.0,0.0,0.6175928619920473,0.0,43752.0,6780,175,2.0,,2,92799,10.0,40.0,1,
0.9463138164941093,63615,0.7244043578055798,0.07942973523421588,0.9470181915622116,0.7863229854380297,0.0,0.0,0.6855138525199626,0.0,56397.0,3609,0.8925719966448166,57462,0.69373592387849,0.07982844642722443,0.8935574665277497,0.7530887330046492,0.0,0.0,0.6192092587204604,0.0,43630.0,6916,175,2.0,,2,92799,10.0,60.0,1,
0.9416109170564205,63619,0.7280681903899826,0.07942973523421588,0.9427131955249315,0.7899634780165754,0.0,0.0,0.6855569564327202,0.0,55729.0,3945,0.8907039459409194,57470,0.6952876647377666,0.07982844642722443,0.8918788894579202,0.7546111416894052,0.0,0.0,0.6192954665459757,0.0,43366.0,7052,175,2.0,,2,92799,10.0,80.0,1,
0.9590221869774338,55630,0.6250821668336943,0.07942973523421588,0.9594687823387374,0.6787001919745282,0.0,0.0,0.5994676666774427,0.0,50876.0,2377,0.90777844356228,48479,0.5754803392277934,0.07982844642722443,0.908697282099344,0.6247731025517912,0.0,0.0,0.5224086466448992,0.0,38629.0,4925,175,2.0,,4,92799,10.0,5.0,1,
0.9576105448937083,60227,0.6777335962672012,0.07942973523421588,0.9580675437061547,0.7358594371868709,0.0,0.0,0.6490048384142071,0.0,54895.0,2666,0.904650960618969,52031,0.6197803855644997,0.07982844642722443,0.905532640665518,0.6728929278261175,0.0,0.0,0.5606849211737196,0.0,41063.0,5484,175,2.0,,4,92799,10.0,10.0,1,
0.9557228077767131,61841,0.6972704447246199,0.07942973523421588,0.9561956891486533,0.7570585756426464,0.0,0.0,0.6663972672119312,0.0,56111.0,2865,0.9019309111383433,54464,0.6507182189463249,0.07982844642722443,0.9027681087352892,0.706514738087152,0.0,0.0,0.5869028761085787,0.0,42620.0,5922,175,2.0,,4,92799,10.0,15.0,1,
0.9541283007381478,62691,0.7080356469358506,0.07942973523421588,0.9546368204659662,0.7687175165051271,0.0,0.0,0.6755568486729383,0.0,56663.0,3014,0.8995235403375595,55694,0.6671946895979483,0.07982844642722443,0.9005271157390938,0.7242683655186144,0.0,0.0,0.6001573292815655,0.0,43252.0,6221,175,2.0,,4,92799,10.0,20.0,1,
0.9531967422885272,63318,0.715815903188612,0.07942973523421588,0.9537567030186178,0.7771222549983612,0.0,0.0,0.6823133869977047,0.0,57100.0,3109,0.8967868955741062,56937,0.684166855246285,0.07982844642722443,0.8977625707573201,0.7427129322762352,0.0,0.0,0.6135518701710148,0.0,43831.0,6553,175,2.0,,4,92799,10.0,30.0,1,
0.9513062529073694,63396,0.7181219625211479,0.07942973523421588,0.9518918918918919,0.7796038769490097,0.0,0.0,0.6831539132964795,0.0,56906.0,3245,0.895952761331955,57203,0.6880031034817186,0.07982844642722443,0.8969361515303562,0.7468702790692228,0.0,0.0,0.6164182803694005,0.0,43917.0,6643,175,2.0,,4,92799,10.0,40.0,1,
0.9475123263110713,63417,0.7212362202178902,0.07942973523421588,0.9482065160508963,0.7828931966100108,0.0,0.0,0.6833802088384573,0.0,56391.0,3513,0.8944593498471329,57342,0.6908264097673467,0.07982844642722443,0.8954370842312377,0.7499385181108079,0.0,0.0,0.61791614133773,0.0,43810.0,6766,175,2.0,,4,92799,10.0,60.0,1,
0.9430177400407441,63417,0.7246737572603154,0.07942973523421588,0.9440144094792938,0.7863698084937023,0.0,0.0,0.6833802088384573,0.0,55753.0,3832,0.8929338855843791,57346,0.6920548712809406,0.07982844642722443,0.8939500226036259,0.7512384209108688,0.0,0.0,0.6179592452504876,0.0,43594.0,6876,175,2.0,,4,92799,10.0,80.0,1,
0.9603237746030648,55524,0.6230455069558939,0.07942973523421588,0.960739189867285,0.6765112141218336,0.0,0.0,0.5983254129893641,0.0,50936.0,2294,0.9093502496152547,48452,0.5741656698886841,0.07982844642722443,0.9102727887577966,0.6233443805553278,0.0,0.0,0.5221176952337848,0.0,38792.0,4830,175,2.0,,8,92799,10.0,5.0,1,
0.9590673161383055,60052,0.6747378743305423,0.07942973523421588,0.9594963810375957,0.7326286463454605,0.0,0.0,0.6471190422310585,0.0,54926.0,2563,0.9065050575514475,51979,0.6178945893813511,0.07982844642722443,0.9073912436282382,0.6708435315197152,0.0,0.0,0.5601245703078697,0.0,41257.0,5361,175,2.0,,8,92799,10.0,10.0,1,
0.9573129040278469,61605,0.6934557484455651,0.07942973523421588,0.9577593980286683,0.7529381467434565,0.0,0.0,0.663854136359228,0.0,56111.0,2747,0.9040954723755069,54394,0.6483259517882736,0.07982844642722443,0.9049377786650695,0.7039149324870303,0.0,0.0,0.5861485576353194,0.0,42854.0,5770,175,2.0,,8,92799,10.0,15.0,1,
0.9560613026819923,62383,0.7031325768596645,0.07942973523421588,0.9565597399411188,0.7634030996862855,0.0,0.0,0.6722378473905969,0.0,56649.0,2867,0.9022296507854083,55599,0.664058879944827,0.07982844642722443,0.9032263304958087,0.7208722230680048,0.0,0.0,0.5991336113535706,0.0,43549.0,6025,175,2.0,,8,92799,10.0,20.0,1,
0.9549753320683112,62909,0.709867563228052,0.07942973523421588,0.9555120143382241,0.7706840848433769,0.0,0.0,0.6779060119182319,0.0,56977.0,2966,0.9003552510546515,56771,0.6794685287556979,0.07982844642722443,0.9013272790778903,0.7376187186003209,0.0,0.0,0.611763057791571,0.0,44205.0,6283,175,2.0,,8,92799,10.0,30.0,1,
0.9530115012106537,62975,0.7120766387568832,0.07942973523421588,0.9535742947562877,0.773060354918762,0.0,0.0,0.6786172264787336,0.0,56765.0,3105,0.8999463349958962,57017,0.6827228741689026,0.07982844642722443,0.9009275206598512,0.7411436802473329,0.0,0.0,0.6144139484261684,0.0,44339.0,6339,175,2.0,,8,92799,10.0,40.0,1,
0.9488747627511824,62992,0.7153740880828457,0.07942973523421588,0.9495470236210977,0.7765486725663717,0.0,0.0,0.6788004181079538,0.0,56204.0,3394,0.8984903286680296,57135,0.685244453065227,0.07982844642722443,0.8994663182254687,0.7438840158798936,0.0,0.0,0.61568551385252,0.0,44225.0,6455,175,2.0,,8,92799,10.0,60.0,1,
0.9447193977023906,62992,0.7185206737141564,0.07942973523421588,0.9456412411991654,0.7797560518799457,0.0,0.0,0.6788004181079538,0.0,55620.0,3686,0.8970140349775503,57138,0.6864082587096844,0.07982844642722443,0.8980008801156724,0.7451370753358082,0.0,0.0,0.6157178417870882,0.0,44018.0,6560,175,2.0,,8,92799,10.0,80.0,1,
0.9622851576090738,55316,0.6194463302406276,0.07942973523421588,0.9627038409996693,0.6726014889731704,0.0,0.0,0.5960840095259647,0.0,50980.0,2168,0.9118794159208667,48398,0.5719350424034741,0.07982844642722443,0.9128081326266951,0.6209202374957549,0.0,0.0,0.5215357924115561,0.0,39044.0,4677,175,2.0,,16,92799,10.0,5.0,1,
0.9619331934807165,59611,0.6677873683983664,0.07942973523421588,0.9623680216977172,0.7250784286182517,0.0,0.0,0.6423668358495243,0.0,54893.0,2359,0.9093237435312692,51836,0.6142846366878953,0.07982844642722443,0.9102179142741751,0.6669204014474593,0.0,0.0,0.5585836054267826,0.0,41498.0,5169,175,2.0,,16,92799,10.0,10.0,1,
0.9608791555065386,60987,0.6839513356824966,0.07942973523421588,0.9613183903154112,0.7426253687315634,0.0,0.0,0.6571945818381664,0.0,56021.0,2483,0.9075035157034755,54207,0.6436707292104441,0.07982844642722443,0.9083551176352302,0.6988558513192257,0.0,0.0,0.5841334497138978,0.0,43157.0,5525,175,2.0,,16,92799,10.0,15.0,1,
0.9601683685400265,61590,0.6912251209603552,0.07942973523421588,0.9606625904666833,0.7504799363206442,0.0,0.0,0.6636924966863867,0.0,56480.0,2555,0.9063789377169428,55358,0.6581536438970248,0.07982844642722443,0.9073743218213706,0.714466395755993,0.0,0.0,0.5965366006099204,0.0,43922.0,5718,175,2.0,,16,92799,10.0,20.0,1,
0.958688819039066,61915,0.6959449994073212,0.07942973523421588,0.9592235115497234,0.755571943625041,0.0,0.0,0.6671946895979483,0.0,56579.0,2668,0.9054490008827542,56414,0.6713973210918222,0.07982844642722443,0.9064237282689033,0.7288590132449556,0.0,0.0,0.607916033577948,0.0,44632.0,5891,175,2.0,,16,92799,10.0,30.0,1,
0.9565868494588795,61961,0.697992435263311,0.07942973523421588,0.9571483741407276,0.7577726272416538,0.0,0.0,0.6676903845946616,0.0,56337.0,2812,0.9051571120172703,56604,0.6738757960753887,0.07982844642722443,0.9061424432100149,0.7315407946973335,0.0,0.0,0.6099634694339379,0.0,44742.0,5931,175,2.0,,16,92799,10.0,40.0,1,
0.9525346613790772,61970,0.7010635890472958,0.07942973523421588,0.9531793152244132,0.7610385353748186,0.0,0.0,0.6677873683983664,0.0,55794.0,3088,0.9035754706454339,56684,0.676009439756894,0.07982844642722443,0.9045559722333041,0.7338595402325772,0.0,0.0,0.6108255476890915,0.0,44586.0,6049,175,2.0,,16,92799,10.0,60.0,1,
0.9480898979545003,61970,0.7043502623950689,0.07942973523421588,0.9489900614079417,0.7643980896193285,0.0,0.0,0.6677873683983664,0.0,55184.0,3393,0.9020974569527993,56686,0.6771409174667831,0.07982844642722443,0.9030747172216027,0.7350891780164186,0.0,0.0,0.6108470996454703,0.0,44382.0,6152,175,2.0,,16,92799,10.0,80.0,1,
0.9491391997809494,55462,0.6296835095205767,0.07942973523421588,0.9496104785549182,0.6836751416397434,0.0,0.0,0.5976573023416201,0.0,49518.0,2972,0.8953283180087304,48200,0.5801247858274334,0.07982844642722443,0.8962272921663784,0.6298204728835591,0.0,0.0,0.519402148730051,0.0,36930.0,5635,200,2.0,,0,92799,10.0,5.0,1,
0.9467925541152881,59967,0.6825181305833037,0.07942973523421588,0.9472711476186715,0.7410333848386945,0.0,0.0,0.6462030840849579,0.0,53227.0,3370,0.8899970716414312,51667,0.6255778618304076,0.07982844642722443,0.8908564236081177,0.6791933576138001,0.0,0.0,0.5567624651127706,0.0,38895.0,6386,200,2.0,,0,92799,10.0,10.0,1,
0.943810588541587,61628,0.7036390478345672,0.07942973523421588,0.9442878156410885,0.7639649763543569,0.0,0.0,0.6641019838575847,0.0,54290.0,3669,0.88662079385151,53989,0.6561816398883609,0.07982844642722443,0.8874369216102043,0.7124521319577004,0.0,0.0,0.5817842864686041,0.0,40181.0,6904,200,2.0,,0,92799,10.0,15.0,1,
0.9400201537096362,62501,0.716484013836356,0.07942973523421588,0.9405435502317462,0.777871423889123,0.0,0.0,0.6735094128169484,0.0,54525.0,3988,0.8821695760598504,55185,0.6741020916173666,0.07982844642722443,0.8831578273533272,0.7317633005820285,0.0,0.0,0.5946723563831506,0.0,40443.0,7371,200,2.0,,0,92799,10.0,20.0,1,
0.9366322271233607,63277,0.7280035345208461,0.07942973523421588,0.9372287639783752,0.79031465093412,0.0,0.0,0.6818715718919385,0.0,54715.0,4281,0.8782316523037675,56458,0.6927445338850634,0.07982844642722443,0.8792163702619367,0.7519996252532468,0.0,0.0,0.6083901766182825,0.0,40802.0,7828,200,2.0,,0,92799,10.0,30.0,1,
0.9344928048026838,63510,0.7323570297093719,0.07942973523421588,0.9351119749105525,0.7950203680292176,0.0,0.0,0.6843823748100734,0.0,54606.0,4452,0.8765750463248919,56767,0.6978523475468486,0.07982844642722443,0.8775507049220875,0.757550561534588,0.0,0.0,0.6117199538788134,0.0,40781.0,7993,200,2.0,,0,92799,10.0,40.0,1,
0.9302005764194695,63582,0.7365704371814351,0.07942973523421588,0.9310450864682023,0.799398323734607,0.0,0.0,0.6851582452397116,0.0,54040.0,4771,0.8746987581930097,56984,0.7020226511061541,0.07982844642722443,0.8756799950825215,0.7620709442447097,0.0,0.0,0.6140583411459175,0.0,40658.0,8163,200,2.0,,0,92799,10.0,60.0,1,
0.9249443628270957,63589,0.7408377245444455,0.07942973523421588,0.9265616576082997,0.8033548719389427,0.0,0.0,0.6852336770870375,0.0,53269.0,5160,0.871948234718228,57001,0.7044472461987737,0.07982844642722443,0.8735651560895619,0.7641437622231851,0.0,0.0,0.6142415327751377,0.0,40259.0,8371,200,2.0,,0,92799,10.0,80.0,1,
0.9499588703043598,55432,0.6287998793090442,0.07942973523421588,0.9504149235306221,0.682726974762373,0.0,0.0,0.5973340229959374,0.0,49592.0,2920,0.8960010411050586,48195,0.5796290908307201,0.07982844642722443,0.8969014608728018,0.6292817744258763,0.0,0.0,0.5193482688391039,0.0,37007.0,5594,200,2.0,,2,92799,10.0,5.0,1,
0.947584789311408,59930,0.6815267405898771,0.07942973523421588,0.9480494827095264,0.7399681603221426,0.0,0.0,0.6458043728919493,0.0,53300.0,3315,0.8907990481773976,51661,0.6249420791172319,0.07982844642722443,0.8916600503987021,0.6785024182876416,0.0,0.0,0.5566978092436341,0.0,38995.0,6333,200,2.0,,2,92799,10.0,10.0,1,
0.9448425057919204,61582,0.7023459304518368,0.07942973523421588,0.9453066236856243,0.7625719904480966,0.0,0.0,0.6636062888608714,0.0,54392.0,3595,0.8875367943299732,53972,0.6552980096768284,0.07982844642722443,0.888354867912106,0.7114918434027006,0.0,0.0,0.581601094839384,0.0,40294.0,6839,200,2.0,,2,92799,10.0,15.0,1,
0.9414877578096731,62447,0.7147490813478593,0.07942973523421588,0.9419990345743076,0.7759985016622185,0.0,0.0,0.6729275099947197,0.0,54685.0,3881,0.8833835116264173,55162,0.6728951820601515,0.07982844642722443,0.8843748997979928,0.7304516869459311,0.0,0.0,0.594424508884794,0.0,40598.0,7282,200,2.0,,2,92799,10.0,20.0,1,
0.938576945929887,63185,0.7254388517117641,0.07942973523421588,0.9391489171955588,0.7875520906494358,0.0,0.0,0.6808801818985118,0.0,54915.0,4135,0.8797341985399638,56398,0.6908264097673467,0.07982844642722443,0.8807233431194953,0.7499150964387348,0.0,0.0,0.6077436179269173,0.0,40978.0,7710,200,2.0,,2,92799,10.0,30.0,1,
0.9365266983836175,63386,0.7293397558163343,0.07942973523421588,0.9371220745427934,0.7917661656599709,0.0,0.0,0.6830461535145853,0.0,54794.0,4296,0.8782452444389367,56696,0.6956540479962069,0.07982844642722443,0.8792258544755288,0.7551615509831247,0.0,0.0,0.6109548594273645,0.0,40976.0,7860,200,2.0,,2,92799,10.0,40.0,1,
0.9323899371069182,63451,0.7333268677464196,0.07942973523421588,0.9331852810542106,0.7959217118509154,0.0,0.0,0.6837465920968976,0.0,54249.0,4601,0.87650955021565,56903,0.6995765040571558,0.07982844642722443,0.877496260428393,0.759412584464405,0.0,0.0,0.6131854869125745,0.0,40869.0,8017,200,2.0,,2,92799,10.0,60.0,1,
0.9277464253340741,63456,0.7370553561999591,0.07942973523421588,0.9288871973533975,0.7996675563047244,0.0,0.0,0.6838004719878447,0.0,53572.0,4942,0.8745659055287501,56915,0.7012791086110842,0.07982844642722443,0.8757501154023696,0.7610872340176366,0.0,0.0,0.6133147986508475,0.0,40589.0,8163,200,2.0,,2,92799,10.0,80.0,1,
0.9507113559525648,55397,0.6279054731193224,0.07942973523421588,0.9511520895573641,0.6817671021210844,0.0,0.0,0.5969568637593078,0.0,49653.0,2872,0.8966043352870035,48188,0.5791549477903857,0.07982844642722443,0.897506099718761,0.6287664976402665,0.0,0.0,0.519272836991778,0.0,37074.0,5557,200,2.0,,4,92799,10.0,5.0,1,
0.9483427557920407,59885,0.6804706947273139,0.07942973523421588,0.9487935104646925,0.7388327012220818,0.0,0.0,0.6453194538734254,0.0,53361.0,3262,0.8915377710261013,51645,0.6242308645567302,0.07982844642722443,0.8924004700027647,0.677729503109227,0.0,0.0,0.5565253935926033,0.0,39079.0,6283,200,2.0,,4,92799,10.0,10.0,1,
0.9456800750088381,61525,0.7010743650254851,0.07942973523421588,0.9461308974595559,0.7612024160696728,0.0,0.0,0.6629920581040744,0.0,54457.0,3534,0.8885668170888369,53952,0.6542958437052123,0.07982844642722443,0.8893870957106591,0.7104027356512982,0.0,0.0,0.5813855752755956,0.0,40420.0,6766,200,2.0,,4,92799,10.0,15.0,1,
0.9427055783094291,62376,0.7130141488593628,0.07942973523421588,0.9432045000907276,0.7741255794353139,0.0,0.0,0.6721624155432709,0.0,54794.0,3791,0.8845857665404607,55138,0.6716882725029365,0.07982844642722443,0.88556606652426,0.7291517841458701,0.0,0.0,0.5941658854082479,0.0,40750.0,7194,200,2.0,,4,92799,10.0,20.0,1,
0.9402092898455667,63073,0.722895720859061,0.07942973523421588,0.9407702404391146,0.7848012361286698,0.0,0.0,0.6796732723412968,0.0,55051.0,4011,0.8813644187138163,56328,0.6886927660858414,0.07982844642722443,0.8823446482557684,0.7476080617395275,0.0,0.0,0.6069892994536579,0.0,41164.0,7582,200,2.0,,4,92799,10.0,30.0,1,
0.938227833078669,63245,0.7263979137706226,0.07942973523421588,0.9388127718319058,0.7885821978742332,0.0,0.0,0.6815267405898771,0.0,54917.0,4164,0.8800478751515528,56617,0.6932617808381556,0.07982844642722443,0.8810201826867715,0.7525734562190395,0.0,0.0,0.6101035571504003,0.0,41183.0,7717,200,2.0,,4,92799,10.0,40.0,1,
0.9340169679085208,63303,0.7303419217879503,0.07942973523421588,0.9348169588138872,0.7926792152455869,0.0,0.0,0.6821517473248634,0.0,54359.0,4472,0.8784556868080896,56815,0.6969471653789373,0.07982844642722443,0.879434709925082,0.7565668513075149,0.0,0.0,0.6122372008319055,0.0,41093.0,7861,200,2.0,,4,92799,10.0,60.0,1,
0.9296151078608456,63304,0.7338117867649436,0.07942973523421588,0.9306674507497795,0.7962260617127874,0.0,0.0,0.6821625233030528,0.0,53718.0,4793,0.8768846159781485,56823,0.6982941626526148,0.07982844642722443,0.8779006890584927,0.7579955733039782,0.0,0.0,0.6123234086574209,0.0,40867.0,7978,200,2.0,,4,92799,10.0,80.0,1,
0.9520407636294779,55305,0.6259873490016056,0.07942973523421588,0.9524670627744769,0.6796951819075713,0.0,0.0,0.595965473765881,0.0,49733.0,2786,0.898170765817002,48168,0.5779049343204129,0.07982844642722443,0.8990760615958936,0.6274080406600228,0.0,0.0,0.5190573174279896,0.0,37246.0,5461,200,2.0,,8,92799,10.0,5.0,1,
0.9497449101225385,59757,0.6780137717001261,0.07942973523421588,0.9501979678481134,0.7361637870487427,0.0,0.0,0.6439401286651796,0.0,53433.0,3162,0.893312791039867,51604,0.6224959320682335,0.07982844642722443,0.894179619136733,0.6758440585073369,0.0,0.0,0.5560835784868371,0.0,39278.0,6163,200,2.0,,8,92799,10.0,10.0,1,
0.9472652330302422,61361,0.6980355391760688,0.07942973523421588,0.9477187779940074,0.7579013906447535,0.0,0.0,0.6612247976810095,0.0,54529.0,3416,0.8907693579043054,53896,0.6520005603508658,0.07982844642722443,0.8915945673212129,0.7079083275755056,0.0,0.0,0.5807821204969881,0.0,40678.0,6609,200,2.0,,8,92799,10.0,15.0,1,
0.9448640598167201,62173,0.7090701408420349,0.07942973523421588,0.9453669069123863,0.7698412698412699,0.0,0.0,0.6699748919708186,0.0,54917.0,3628,0.8872524533105594,55062,0.6687464304572247,0.07982844642722443,0.8882400387159219,0.7259547259078826,0.0,0.0,0.593346911065852,0.0,41068.0,6997,200,2.0,,8,92799,10.0,20.0,1,
0.9429206263417856,62807,0.7177771312190864,0.07942973523421588,0.9434872087608346,0.7792409982675469,0.0,0.0,0.676806862142911,0.0,55203.0,3802,0.8846498890410313,56208,0.6846733262211877,0.07982844642722443,0.8856395550373428,0.7432399198978815,0.0,0.0,0.6056961820709275,0.0,41550.0,7329,200,2.0,,8,92799,10.0,30.0,1,
0.940905625401761,62940,0.7208375090248818,0.07942973523421588,0.9414967614545781,0.7825420236924662,0.0,0.0,0.678240067242104,0.0,55034.0,3953,0.8834313602803153,56476,0.688886733693251,0.07982844642722443,0.8844136116635608,0.7478188567881862,0.0,0.0,0.6085841442256921,0.0,41572.0,7452,200,2.0,,8,92799,10.0,40.0,1,
0.9366030664901923,62980,0.7246091013911787,0.07942973523421588,0.9373837200648935,0.7864751603689657,0.0,0.0,0.6786711063696808,0.0,54454.0,4263,0.8820187113747101,56660,0.6922380629101607,0.07982844642722443,0.8830083999563638,0.7514492159595274,0.0,0.0,0.6105669242125454,0.0,41502.0,7579,200,2.0,,8,92799,10.0,60.0,1,
0.932512067280642,62980,0.7277880149570577,0.07942973523421588,0.9335072480953369,0.7897410685021304,0.0,0.0,0.6786711063696808,0.0,53864.0,4558,0.8805202473816701,56665,0.693477300401944,0.07982844642722443,0.8815202003702494,0.752784251267698,0.0,0.0,0.6106208041034925,0.0,41287.0,7689,200,2.0,,8,92799,10.0,80.0,1,
0.9538940809968848,55116,0.622636019784696,0.07942973523421588,0.9543235100599092,0.6760546893290256,0.0,0.0,0.5939288138880807,0.0,49788.0,2664,0.9006419254019052,48124,0.5757928425952866,0.07982844642722443,0.9015530452050432,0.6251127167968521,0.0,0.0,0.518583174387655,0.0,37506.0,5309,200,2.0,,16,92799,10.0,5.0,1,
0.9516703000769428,59369,0.6722486233687863,0.07942973523421588,0.95212817140841,0.7299012033525308,0.0,0.0,0.6397590491276846,0.0,53339.0,3015,0.8960632113891887,51486,0.6191661548077027,0.07982844642722443,0.8969373889411518,0.6722254101720322,0.0,0.0,0.5548120130604856,0.0,39542.0,5972,200,2.0,,16,92799,10.0,10.0,1,
0.9493495148660032,60859,0.6908048578109678,0.07942973523421588,0.9498088177916504,0.7500468230556726,0.0,0.0,0.6558152566299206,0.0,54365.0,3247,0.8941133406542212,53738,0.6476578411405295,0.07982844642722443,0.8949472071411918,0.703188860652762,0.0,0.0,0.5790795159430597,0.0,41010.0,6364,200,2.0,,16,92799,10.0,15.0,1,
0.9477475258953719,61578,0.700147630901195,0.07942973523421588,0.9482583387230897,0.7601488973170389,0.0,0.0,0.6635631849481136,0.0,54788.0,3395,0.8914053614947197,54866,0.6632614575588099,0.07982844642722443,0.8923912689892977,0.7200056212012975,0.0,0.0,0.5912348193407256,0.0,41498.0,6684,200,2.0,,16,92799,10.0,20.0,1,
0.9462540964865482,62079,0.7069580491169086,0.07942973523421588,0.9468313886982384,0.767488411293721,0.0,0.0,0.6689619500210131,0.0,55027.0,3526,0.889749626189037,55935,0.6774426448560869,0.07982844642722443,0.8907414484999044,0.7353936597533698,0.0,0.0,0.6027543400252158,0.0,42073.0,6931,200,2.0,,16,92799,10.0,30.0,1,
0.9440309842041312,62155,0.7094904039914223,0.07942973523421588,0.9446192191370689,0.7702275600505689,0.0,0.0,0.6697809243634091,0.0,54785.0,3685,0.8887183301419506,56159,0.6809448377676484,0.07982844642722443,0.8897039020294355,0.7391996814652598,0.0,0.0,0.605168159139646,0.0,42095.0,7032,200,2.0,,16,92799,10.0,40.0,1,
0.9396998594508003,62179,0.7130357008157415,0.07942973523421588,0.9404531429608567,0.7739382872126235,0.0,0.0,0.6700395478399551,0.0,54199.0,3990,0.8871783558924098,56303,0.6838759038351706,0.07982844642722443,0.88817200908632,0.7423733180311742,0.0,0.0,0.6067198999989224,0.0,41983.0,7160,200,2.0,,16,92799,10.0,60.0,1,
0.9355149326713308,62179,0.7162253903598099,0.07942973523421588,0.9364730334201846,0.7772276068736246,0.0,0.0,0.6700395478399551,0.0,53607.0,4286,0.8857026002422488,56305,0.685039709479628,0.07982844642722443,0.8866929133858268,0.7436380883231254,0.0,0.0,0.6067414519553013,0.0,41773.0,7266,200,2.0,,16,92799,10.0,80.0,1,
0.9407006250106439,55237,0.6327546633045614,0.07942973523421588,0.9411654455614245,0.6870112843564171,0.0,0.0,0.5952327072490006,0.0,48273.0,3482,0.8813137366994301,47791,0.5843489692776862,0.07982844642722443,0.8822085210071624,0.6343994097738638,0.0,0.0,0.5149947736505781,0.0,34919.0,6436,225,2.0,,0,92799,10.0,5.0,1,
0.9369152632985832,59585,0.6853198849125529,0.07942973523421588,0.9374311695667222,0.74404176616566,0.0,0.0,0.6420866604165993,0.0,51561.0,4012,0.874232971540894,51147,0.6304486039720255,0.07982844642722443,0.8750855461264714,0.6844749446662998,0.0,0.0,0.5511589564542722,0.0,36431.0,7358,225,2.0,,0,92799,10.0,10.0,1,
0.932529459290538,61173,0.7068933932477721,0.07942973523421588,0.9330415020667144,0.7674649997658847,0.0,0.0,0.6591989137813985,0.0,52321.0,4426,0.8710298992472117,53341,0.6599101283419002,0.07982844642722443,0.8718556414573152,0.7164806595542855,0.0,0.0,0.5748014526018599,0.0,37545.0,7898,225,2.0,,0,92799,10.0,15.0,1,
0.9281875477177802,62002,0.7198245670750762,0.07942973523421588,0.9287576020851434,0.7814533876480779,0.0,0.0,0.6681321997004278,0.0,52408.0,4797,0.8658265263960843,54483,0.6780892035474521,0.07982844642722443,0.8668183409170459,0.7360728882434917,0.0,0.0,0.5871076196941777,0.0,37597.0,8443,225,2.0,,0,92799,10.0,20.0,1,
0.9239951135510649,62779,0.7321522861237729,0.07942973523421588,0.9246074994845209,0.7947979585147726,0.0,0.0,0.6765051347536073,0.0,52451.0,5164,0.8617172748939859,55679,0.6962790547311932,0.07982844642722443,0.8626919322601138,0.75582906863721,0.0,0.0,0.5999956896087242,0.0,37809.0,8935,225,2.0,,0,92799,10.0,30.0,1,
0.9209631521342576,63109,0.7384239054300155,0.07942973523421588,0.921608715335076,0.8015755958233834,0.0,0.0,0.6800612075561159,0.0,52277.0,5416,0.8593584447890914,55964,0.7017640276296081,0.07982844642722443,0.8603228285933897,0.7617898841798316,0.0,0.0,0.603066843392709,0.0,37646.0,9159,225,2.0,,0,92799,10.0,40.0,1,
0.9159977978035988,63224,0.7437795665901572,0.07942973523421588,0.9168878253933724,0.8071709509762607,0.0,0.0,0.6813004450478992,0.0,51628.0,5798,0.8573062668720546,56211,0.7065485619457106,0.07982844642722443,0.8582880351798693,0.766966073708002,0.0,0.0,0.6057285100054958,0.0,37499.0,9356,225,2.0,,0,92799,10.0,60.0,1,
0.9109427221389881,63234,0.7480253019967887,0.07942973523421588,0.9125465408260456,0.8111392049445146,0.0,0.0,0.6814082048297935,0.0,50870.0,6182,0.8542163368817481,56251,0.709608939751506,0.07982844642722443,0.8559060269928942,0.7696478551603799,0.0,0.0,0.6061595491330726,0.0,37051.0,9600,225,2.0,,0,92799,10.0,80.0,1,
0.9413259216314838,55205,0.6319680168967338,0.07942973523421588,0.9417755638199871,0.6861684693543101,0.0,0.0,0.594887875946939,0.0,48323.0,3441,0.8819750807568066,47781,0.5837886184118364,0.07982844642722443,0.8828550839784927,0.633802157135998,0.0,0.0,0.514887013868684,0.0,34993.0,6394,225,2.0,,2,92799,10.0,5.0,1,
0.9375442794842326,59550,0.6844578066573993,0.07942973523421588,0.9380316300170122,0.743128716580044,0.0,0.0,0.6417095011799696,0.0,51616.0,3967,0.8748866572000479,51138,0.6298667011497969,0.07982844642722443,0.8757256614436167,0.6838542703563607,0.0,0.0,0.5510619726505673,0.0,36512.0,7313,225,2.0,,2,92799,10.0,10.0,1,
0.9332865168539326,61134,0.7058696753197772,0.07942973523421588,0.9337854557118637,0.7663646579575784,0.0,0.0,0.6587786506320111,0.0,52394.0,4370,0.8718565028287387,53321,0.6590372741085572,0.07982844642722443,0.8726698417374511,0.7155437926713588,0.0,0.0,0.5745859330380715,0.0,37647.0,7837,225,2.0,,2,92799,10.0,15.0,1,
0.9291412975015746,61957,0.718563777626914,0.07942973523421588,0.9296989886257916,0.7800955190335721,0.0,0.0,0.6676472806819039,0.0,52507.0,4725,0.8670296604098008,54459,0.6768499660556687,0.07982844642722443,0.8680108383806184,0.734737852935321,0.0,0.0,0.5868489962176316,0.0,37755.0,8352,225,2.0,,2,92799,10.0,20.0,1,
0.9254526405878795,62717,0.7302772659188138,0.07942973523421588,0.9260265477579105,0.7927962728847685,0.0,0.0,0.6758370241058632,0.0,52613.0,5052,0.8633809375970195,55619,0.6941885149624457,0.07982844642722443,0.8643469882513831,0.7535688772821492,0.0,0.0,0.599349130917359,0.0,38017.0,8801,225,2.0,,2,92799,10.0,30.0,1,
0.9226895431055937,63028,0.7360962941411007,0.07942973523421588,0.9232977850697293,0.7990822681088168,0.0,0.0,0.6791883533227728,0.0,52466.0,5281,0.8612215340051154,55895,0.6993825364497462,0.07982844642722443,0.8621780040104889,0.759213500251783,0.0,0.0,0.602323300897639,0.0,37881.0,9007,225,2.0,,2,92799,10.0,40.0,1,
0.9179255295947891,63134,0.7411610038901282,0.07942973523421588,0.9187804700574838,0.8043615676359039,0.0,0.0,0.6803306070108515,0.0,51844.0,5645,0.8594415015769007,56137,0.703865343376545,0.07982844642722443,0.8604162834896696,0.764061786370929,0.0,0.0,0.6049310876194787,0.0,37775.0,9181,225,2.0,,2,92799,10.0,60.0,1,
0.9134850479593756,63141,0.7448463884309098,0.07942973523421588,0.9145965207062879,0.8081308236175493,0.0,0.0,0.6804060388581773,0.0,51181.0,5980,0.8572126243819058,56168,0.7060851948835656,0.07982844642722443,0.8584441387742626,0.7662400018737338,0.0,0.0,0.6052651429433507,0.0,37456.0,9356,225,2.0,,2,92799,10.0,80.0,1,
0.941955749795138,55176,0.6312136984234744,0.07942973523421588,0.942406230784997,0.6853490658800393,0.0,0.0,0.5945753725794459,0.0,48376.0,3400,0.8826278936575092,47774,0.5832713714587442,0.07982844642722443,0.8834929910862892,0.6332517478422784,0.0,0.0,0.514811582021358,0.0,35068.0,6353,225,2.0,,4,92799,10.0,5.0,1,
0.9382311209206999,59512,0.6835202965549197,0.07942973523421588,0.9387194977680332,0.7421103151191647,0.0,0.0,0.6413000140087717,0.0,51676.0,3918,0.8756251284510516,51126,0.6291878145238634,0.07982844642722443,0.8764507225755576,0.6831281985220925,0.0,0.0,0.5509326609122943,0.0,36602.0,7262,225,2.0,,4,92799,10.0,10.0,1,
0.9340785369135727,61085,0.7047058696753198,0.07942973523421588,0.9345787243157234,0.7651004354544177,0.0,0.0,0.6582506277007295,0.0,52463.0,4311,0.8729080011790522,53305,0.6580458841151305,0.07982844642722443,0.8737092279954106,0.7144781065920296,0.0,0.0,0.5744135173870408,0.0,37783.0,7761,225,2.0,,4,92799,10.0,15.0,1,
0.9301567266224887,61901,0.7171305725277212,0.07942973523421588,0.9307161436798027,0.7785386524324578,0.0,0.0,0.6670438259032964,0.0,52605.0,4648,0.8683329080005104,54441,0.6756107285638854,0.07982844642722443,0.8692896035256359,0.733414528463187,0.0,0.0,0.5866550286102221,0.0,37931.0,8255,225,2.0,,4,92799,10.0,20.0,1,
0.9267033519718352,62647,0.7284776775611806,0.07942973523421588,0.9272794552989935,0.7908414103104369,0.0,0.0,0.6750827056326038,0.0,52737.0,4955,0.8649780490083133,55561,0.6921841830192136,0.07982844642722443,0.8659217006421046,0.7514140834514176,0.0,0.0,0.5987241241823726,0.0,38215.0,8673,225,2.0,,4,92799,10.0,30.0,1,
0.9240764667880426,62937,0.7339303225250272,0.07942973523421588,0.9246738363892807,0.7967411153251861,0.0,0.0,0.6782077393075356,0.0,52595.0,5171,0.8631880024737167,55831,0.6969902692916949,0.07982844642722443,0.864123200742919,0.7566371163237343,0.0,0.0,0.6016336382935161,0.0,38133.0,8849,225,2.0,,4,92799,10.0,40.0,1,
0.9194002421201558,63035,0.7388118406448345,0.07942973523421588,0.9202324121520022,0.8018331226295828,0.0,0.0,0.6792637851700988,0.0,51983.0,5526,0.8616046726098986,56056,0.7010851410036746,0.07982844642722443,0.8625592417061612,0.7610638123455633,0.0,0.0,0.6040582333861356,0.0,38048.0,9004,225,2.0,,4,92799,10.0,60.0,1,
0.9151061173533084,63038,0.7423140335563961,0.07942973523421588,0.9161301573922016,0.8054619094442104,0.0,0.0,0.6792961131046671,0.0,51342.0,5848,0.8597206678216076,56077,0.7028847293613077,0.07982844642722443,0.8607763979922329,0.7629258352753803,0.0,0.0,0.6042845289281135,0.0,37777.0,9150,225,2.0,,4,92799,10.0,80.0,1,
0.9434559994520266,55095,0.6292847983275682,0.07942973523421588,0.9438924104848381,0.683265439902608,0.0,0.0,0.5937025183461029,0.0,48491.0,3302,0.8841846085491605,47761,0.5820860138579079,0.07982844642722443,0.8850529982951597,0.6319635558782541,0.0,0.0,0.5146714943048956,0.0,35249.0,6256,225,2.0,,8,92799,10.0,5.0,1,
0.9398680609387606,59410,0.6811603573314368,0.07942973523421588,0.9403292181069959,0.7395701643489254,0.0,0.0,0.6402008642334508,0.0,51808.0,3801,0.8772706981216304,51094,0.6276145217082081,0.07982844642722443,0.878099919225944,0.6814184164607512,0.0,0.0,0.5505878296102329,0.0,36798.0,7148,225,2.0,,8,92799,10.0,10.0,1,
0.9359206607510209,60964,0.7019256673024494,0.07942973523421588,0.9363950541433069,0.7621037598913705,0.0,0.0,0.6569467343398097,0.0,52616.0,4174,0.8750780454142157,53259,0.6558475845644889,0.07982844642722443,0.8758839588198533,0.7120890960405664,0.0,0.0,0.5739178223903275,0.0,38053.0,7603,225,2.0,,8,92799,10.0,15.0,1,
0.9325148742109873,61753,0.7136068276597808,0.07942973523421588,0.9330502840565695,0.7747342791590579,0.0,0.0,0.6654489811312622,0.0,52815.0,4469,0.8709641255605381,54383,0.6728520781473938,0.07982844642722443,0.8719276586875311,0.7304165544378213,0.0,0.0,0.5860300218752357,0.0,38269.0,8057,225,2.0,,8,92799,10.0,20.0,1,
0.9296887790792862,62463,0.7240056466125713,0.07942973523421588,0.9302426020522138,0.7860069298122395,0.0,0.0,0.6730999256457505,0.0,53015.0,4724,0.8681722853476069,55471,0.6885203504348107,0.07982844642722443,0.8691244672850339,0.7474323991989789,0.0,0.0,0.5977542861453249,0.0,38625.0,8423,225,2.0,,8,92799,10.0,30.0,1,
0.9270593105079534,62710,0.7289302686451362,0.07942973523421588,0.9276627218934911,0.791309640867163,0.0,0.0,0.6757615922585373,0.0,52842.0,4934,0.8665630101842494,55733,0.6930570372525566,0.07982844642722443,0.8675071990038136,0.752362661170381,0.0,0.0,0.6005775924309529,0.0,38569.0,8582,225,2.0,,8,92799,10.0,40.0,1,
0.92234920821459,62788,0.7335639392665869,0.07942973523421588,0.9231900252896548,0.7961324156014421,0.0,0.0,0.676602118557312,0.0,52216.0,5286,0.8651779224595209,55945,0.6968070776624748,0.07982844642722443,0.8661423418123267,0.7564146104390392,0.0,0.0,0.60286209980711,0.0,38509.0,8718,225,2.0,,8,92799,10.0,60.0,1,
0.9183840629525077,62789,0.7367428528324659,0.07942973523421588,0.91936570223732,0.7994568525541977,0.0,0.0,0.6766128945355014,0.0,51629.0,5580,0.863440677704569,55957,0.6983588185217513,0.07982844642722443,0.8644544345058782,0.7580541274841611,0.0,0.0,0.602991411545383,0.0,38257.0,8850,225,2.0,,8,92799,10.0,80.0,1,
0.9454141706259037,54921,0.625998124979795,0.07942973523421588,0.9458537845517954,0.6796951819075713,0.0,0.0,0.5918274981411438,0.0,48579.0,3171,0.8865443197860168,47728,0.5801355618056229,0.07982844642722443,0.8874179573471171,0.6298438945556323,0.0,0.0,0.5143158870246447,0.0,35512.0,6108,225,2.0,,16,92799,10.0,5.0,1,
0.9417974231407067,59062,0.6757831442149161,0.07942973523421588,0.9422481733192942,0.733740693917685,0.0,0.0,0.6364508238235326,0.0,51762.0,3650,0.8800614449929235,50989,0.6243386243386243,0.07982844642722443,0.880897672891868,0.6778583223056294,0.0,0.0,0.5494563519003438,0.0,37091.0,6949,225,2.0,,16,92799,10.0,10.0,1,
0.9385471396909534,60556,0.6952768887595772,0.07942973523421588,0.9390128549054878,0.7548930093177881,0.0,0.0,0.6525501352385262,0.0,52626.0,3965,0.8786179749264,53123,0.6515371932887207,0.07982844642722443,0.879432506704632,0.7074047616259325,0.0,0.0,0.5724522893565663,0.0,38445.0,7339,225,2.0,,16,92799,10.0,15.0,1,
0.9362170087976539,61296,0.7055248440177158,0.07942973523421588,0.9367607054436532,0.765954956220443,0.0,0.0,0.6605243590986972,0.0,52944.0,4176,0.8750988652688328,54215,0.6676041767691462,0.07982844642722443,0.8760604346772238,0.7247250881240411,0.0,0.0,0.5842196575394132,0.0,38739.0,7738,225,2.0,,16,92799,10.0,20.0,1,
0.9340163563388357,61901,0.7141671785256307,0.07942973523421588,0.934580426971042,0.7753195673549655,0.0,0.0,0.6670438259032964,0.0,53155.0,4373,0.8730386967307662,55252,0.6819793316738327,0.07982844642722443,0.8739915846752507,0.7403356325608085,0.0,0.0,0.5953943469218418,0.0,39182.0,8035,225,2.0,,16,92799,10.0,30.0,1,
0.9315183623238432,62068,0.7180142027392536,0.07942973523421588,0.9321199014837508,0.7794634077819919,0.0,0.0,0.6688434142609295,0.0,52942.0,4563,0.8715326862061383,55487,0.6860634274076229,0.07982844642722443,0.872478261553218,0.7447740394186741,0.0,0.0,0.5979267017963555,0.0,39129.0,8179,225,2.0,,16,92799,10.0,40.0,1,
0.9269439097542415,62121,0.7221737303203698,0.07942973523421588,0.9277606858030407,0.7837945404317086,0.0,0.0,0.6694145411049688,0.0,52329.0,4896,0.870053760080015,55673,0.6895332923846162,0.07982844642722443,0.8710202293599512,0.7485215069503812,0.0,0.0,0.5999310337395877,0.0,39043.0,8315,225,2.0,,16,92799,10.0,60.0,1,
0.9226895998574102,62121,0.7255035075809007,0.07942973523421588,0.9236774020876082,0.787259446551482,0.0,0.0,0.6694145411049688,0.0,51711.0,5205,0.8684666136353002,55680,0.6908802896582937,0.07982844642722443,0.8694430130697521,0.7499736506189176,0.0,0.0,0.6000064655869136,0.0,38814.0,8433,225,2.0,,16,92799,10.0,80.0,1,
0.9293809201623816,54945,0.6370758305585189,0.07942973523421588,0.9299471938257396,0.6916233553401695,0.0,0.0,0.5920861216176898,0.0,46595.0,4175,0.8647546231091437,47277,0.5891335035937887,0.07982844642722443,0.8656413073331503,0.6395873101380708,0.0,0.0,0.5094559208612162,0.0,32489.0,7394,250,2.0,,0,92799,10.0,5.0,1,
0.9248956232115213,59148,0.6891345811916076,0.07942973523421588,0.9254889688624628,0.7481153720091773,0.0,0.0,0.6373775579478227,0.0,49542.0,4803,0.8564762971257932,50479,0.6351146025280445,0.07982844642722443,0.8573490947382724,0.6895106041620311,0.0,0.0,0.5439606030237395,0.0,33561.0,8459,250,2.0,,0,92799,10.0,10.0,1,
0.9201080605260362,60625,0.7100184269227039,0.07942973523421588,0.9207229098640747,0.770766025190804,0.0,0.0,0.6532936777335963,0.0,50097.0,5264,0.8510886658776609,52496,0.6646731107016239,0.07982844642722443,0.8519311911716975,0.7216217165743463,0.0,0.0,0.5656957510317999,0.0,34126.0,9185,250,2.0,,0,92799,10.0,15.0,1,
0.9156662441279546,61400,0.7225832174915678,0.07942973523421588,0.9163221752951184,0.7843681228636981,0.0,0.0,0.6616450608303969,0.0,50090.0,5655,0.8467628514087957,53584,0.6819146758046962,0.07982844642722443,0.8477810299818053,0.7401833916923329,0.0,0.0,0.577420015301889,0.0,34190.0,9697,250,2.0,,0,92799,10.0,20.0,1,
0.9104626292812985,62150,0.7355898231661979,0.07942973523421588,0.9111967979826118,0.7984150395654821,0.0,0.0,0.669727044472462,0.0,49926.0,6112,0.8431502520386613,54696,0.6990484811258743,0.07982844642722443,0.8441522363181776,0.7587919101544659,0.0,0.0,0.5894029030485243,0.0,34346.0,10175,250,2.0,,0,92799,10.0,30.0,1,
0.9056743242263933,62487,0.7434886151790429,0.07942973523421588,0.9065020600011605,0.8069017184061432,0.0,0.0,0.6733585491222965,0.0,49471.0,6508,0.8405333904240515,54965,0.7046735417407515,0.07982844642722443,0.8415371660414912,0.7648932557295265,0.0,0.0,0.5923016411814782,0.0,34109.0,10428,250,2.0,,0,92799,10.0,40.0,1,
0.8999755757654124,62641,0.7500404099182103,0.07942973523421588,0.9010111761575306,0.8138198248817717,0.0,0.0,0.6750180497634672,0.0,48717.0,6962,0.8375955587914088,55221,0.7104386900720913,0.07982844642722443,0.8386513782367682,0.7710999988289164,0.0,0.0,0.5950602915979698,0.0,33807.0,10707,250,2.0,,0,92799,10.0,60.0,1,
0.8951835288402463,62653,0.7541999374993265,0.07942973523421588,0.8969906081777574,0.8176241981551716,0.0,0.0,0.6751473615017404,0.0,47981.0,7336,0.8345235758609757,55273,0.7137253634198645,0.07982844642722443,0.8363292479951581,0.7739691536578797,0.0,0.0,0.5956206424638196,0.0,33353.0,10960,250,2.0,,0,92799,10.0,80.0,1,
0.9302203478820521,54923,0.6362460802379336,0.07942973523421588,0.9307720986984815,0.6907337172823899,0.0,0.0,0.5918490500975226,0.0,46683.0,4120,0.8655120647358208,47276,0.5886054806625072,0.07982844642722443,0.8664003225451746,0.6390134791722781,0.0,0.0,0.5094451448830267,0.0,32584.0,7346,250,2.0,,2,92799,10.0,5.0,1,
0.9257084703303585,59125,0.6882617269582646,0.07942973523421588,0.9262885790380698,0.7471789108957251,0.0,0.0,0.6371297104494661,0.0,49635.0,4745,0.8573321104657088,50478,0.6344680438366793,0.07982844642722443,0.8582066714271142,0.6888079539998361,0.0,0.0,0.5439498270455501,0.0,33678.0,8400,250,2.0,,2,92799,10.0,10.0,1,
0.9208746789855182,60600,0.7091347967111714,0.07942973523421588,0.9214627841557059,0.7698295640773517,0.0,0.0,0.6530242782788608,0.0,50186.0,5207,0.8519877278703959,52485,0.6638325844028492,0.07982844642722443,0.8528322121478015,0.7207082713634927,0.0,0.0,0.5655772152717163,0.0,34249.0,9118,250,2.0,,2,92799,10.0,15.0,1,
0.9166691560866318,61371,0.7214517397816786,0.07942973523421588,0.9172994140858544,0.7831624291801283,0.0,0.0,0.6613325574629036,0.0,50213.0,5579,0.8478594603149482,53572,0.6808801818985118,0.07982844642722443,0.848880508326863,0.7390591514328207,0.0,0.0,0.577290703563616,0.0,34346.0,9613,250,2.0,,2,92799,10.0,20.0,1,
0.9117906109626845,62113,0.7340811862196791,0.07942973523421588,0.9124737406531416,0.7968230556726132,0.0,0.0,0.6693283332794534,0.0,50095.0,6009,0.8444921736174421,54653,0.6973889804847035,0.07982844642722443,0.8454850636592874,0.7570001522408685,0.0,0.0,0.5889395359863792,0.0,34525.0,10064,250,2.0,,2,92799,10.0,30.0,1,
0.9073643523496759,62443,0.7415812670395155,0.07942973523421588,0.908116519538692,0.804900032776139,0.0,0.0,0.6728844060819621,0.0,49693.0,6375,0.8419801919479962,54919,0.7028739533831183,0.07982844642722443,0.8429623944742901,0.7629609677834901,0.0,0.0,0.5918059461847649,0.0,34305.0,10307,250,2.0,,2,92799,10.0,40.0,1,
0.9018819528503084,62587,0.7478097824330003,0.07942973523421588,0.9028316720280426,0.8114786720981412,0.0,0.0,0.6744361469412385,0.0,48969.0,6809,0.8394163915471101,55174,0.7082942704123967,0.07982844642722443,0.8404265041888804,0.7688163858017824,0.0,0.0,0.594553820623067,0.0,34064.0,10555,250,2.0,,2,92799,10.0,60.0,1,
0.8977668775009681,62595,0.7513335273009407,0.07942973523421588,0.898953052519711,0.8150840473849323,0.0,0.0,0.6745223547667539,0.0,48339.0,7128,0.8371028377395101,55222,0.7108697291996681,0.07982844642722443,0.8383864454127257,0.7713576372217212,0.0,0.0,0.5950710675761592,0.0,33730.0,10746,250,2.0,,2,92799,10.0,80.0,1,
0.9310426701037922,54898,0.6353947779609694,0.07942973523421588,0.9315640325125994,0.689832373460692,0.0,0.0,0.5915796506427871,0.0,46766.0,4066,0.8661133098798006,47269,0.5881097856657939,0.07982844642722443,0.8670029347028614,0.6384747807145952,0.0,0.0,0.5093697130357008,0.0,32655.0,7307,250,2.0,,4,92799,10.0,5.0,1,
0.9264885711598156,59097,0.6873565447903534,0.07942973523421588,0.9270408483403401,0.7462190382544365,0.0,0.0,0.6368279830601623,0.0,49719.0,4689,0.8581387835608985,50468,0.6337460532979882,0.07982844642722443,0.8590151656993072,0.6880233279853849,0.0,0.0,0.5438420672636558,0.0,33782.0,8343,250,2.0,,4,92799,10.0,10.0,1,
0.9217610981752881,60568,0.7080787508486083,0.07942973523421588,0.922308512258261,0.7687175165051271,0.0,0.0,0.6526794469767994,0.0,50286.0,5141,0.8529837280751662,52473,0.6629058502785591,0.07982844642722443,0.8538303827128352,0.7197011394643463,0.0,0.0,0.5654479035334432,0.0,34385.0,9044,250,2.0,,4,92799,10.0,15.0,1,
0.9176254095540163,61335,0.7202771581590319,0.07942973523421588,0.9182161142549178,0.781921618204804,0.0,0.0,0.6609446222480846,0.0,50323.0,5506,0.8489839267032305,53559,0.6798133600577593,0.07982844642722443,0.8499809560083793,0.7379232003372721,0.0,0.0,0.5771506158471535,0.0,34505.0,9527,250,2.0,,4,92799,10.0,20.0,1,
0.913060107681897,62068,0.7325294453604025,0.07942973523421588,0.9136918343613373,0.7951842487240718,0.0,0.0,0.6688434142609295,0.0,50248.0,5910,0.8457226042247413,54610,0.6958264636472375,0.07982844642722443,0.8466929207107197,0.7553255026876369,0.0,0.0,0.588476168924234,0.0,34686.0,9962,250,2.0,,4,92799,10.0,30.0,1,
0.9089306526806527,62389,0.7396631429217987,0.07942973523421588,0.9096330208348521,0.8028632298543803,0.0,0.0,0.6723025032597334,0.0,49887.0,6251,0.8435381469923598,54873,0.7009881571999699,0.07982844642722443,0.8444988226603259,0.7609349931491609,0.0,0.0,0.5913102511880516,0.0,34517.0,10178,250,2.0,,4,92799,10.0,40.0,1,
0.9034234598765878,62516,0.7456869147296846,0.07942973523421588,0.9043251844351222,0.8092194596619375,0.0,0.0,0.6736710524897898,0.0,49150.0,6683,0.8413372004274157,55116,0.7059343311889137,0.07982844642722443,0.8423272660584109,0.7662751343818435,0.0,0.0,0.5939288138880807,0.0,34328.0,10394,250,2.0,,4,92799,10.0,60.0,1,
0.8995827338129496,62521,0.7489304841647001,0.07942973523421588,0.9006064447357428,0.8126258369621201,0.0,0.0,0.6737249323807368,0.0,48563.0,6979,0.8393286466417116,55159,0.7081757346523131,0.07982844642722443,0.8404284495368113,0.7686055907531238,0.0,0.0,0.5943921809502257,0.0,34041.0,10559,250,2.0,,4,92799,10.0,80.0,1,
0.9324749545013862,54823,0.6335520856905785,0.07942973523421588,0.9329827606745971,0.687842393594606,0.0,0.0,0.5907714522785806,0.0,46883.0,3970,0.8676484089531958,47253,0.5868705481740105,0.07982844642722443,0.8684936038817821,0.6371631670784977,0.0,0.0,0.5091972973846701,0.0,32837.0,7208,250,2.0,,8,92799,10.0,5.0,1,
0.9280030195326016,59008,0.6852013491524693,0.07942973523421588,0.9285579404544596,0.7438778854708058,0.0,0.0,0.6358689210013039,0.0,49852.0,4578,0.8597998602090046,50435,0.6321081046131962,0.07982844642722443,0.8606508421357997,0.6862667025798972,0.0,0.0,0.543486459983405,0.0,33987.0,8224,250,2.0,,8,92799,10.0,10.0,1,
0.9235092864125122,60464,0.7055248440177158,0.07942973523421588,0.9240597252151055,0.7659432504565248,0.0,0.0,0.6515587452450996,0.0,50448.0,5008,0.8551599275799638,52429,0.6606644468151597,0.07982844642722443,0.8559976489412072,0.7172769964047734,0.0,0.0,0.5649737604931088,0.0,34669.0,8880,250,2.0,,8,92799,10.0,15.0,1,
0.9198281172528809,61221,0.7172167803532365,0.07942973523421588,0.9204227681390384,0.7785971812520485,0.0,0.0,0.6597161607344907,0.0,50549.0,5336,0.851366833211342,53505,0.6772271252922984,0.07982844642722443,0.8523569050387906,0.7351243105245283,0.0,0.0,0.5765687130249249,0.0,34823.0,9341,250,2.0,,8,92799,10.0,20.0,1,
0.9158274551557902,61931,0.7287039731031585,0.07942973523421588,0.916450863459461,0.7910404082970455,0.0,0.0,0.667367105248979,0.0,50547.0,5692,0.8485588894422311,54525,0.6924212545393809,0.07982844642722443,0.8495240172631382,0.7516365893361127,0.0,0.0,0.5875602107781334,0.0,35063.0,9731,250,2.0,,8,92799,10.0,30.0,1,
0.911957796014068,62232,0.7353527516460306,0.07942973523421588,0.9126398686005074,0.7982043358149553,0.0,0.0,0.6706106746839945,0.0,50216.0,6008,0.8466329732152517,54778,0.6972165648336728,0.07982844642722443,0.8475892801881537,0.7568479113723928,0.0,0.0,0.5902865332600566,0.0,34932.0,9923,250,2.0,,8,92799,10.0,40.0,1,
0.9065226241712225,62347,0.7411286759555599,0.07942973523421588,0.9074330126479107,0.8042679215245587,0.0,0.0,0.6718499121757777,0.0,49489.0,6429,0.8447587456617218,55009,0.701710147738661,0.07982844642722443,0.8457328229017727,0.7617079083275755,0.0,0.0,0.5927757842218128,0.0,34791.0,10109,250,2.0,,8,92799,10.0,60.0,1,
0.9028904077849861,62350,0.7441459498485975,0.07942973523421588,0.9038720807178788,0.8074753008381327,0.0,0.0,0.671882240110346,0.0,48938.0,6706,0.8428072647085847,55037,0.7036929277255143,0.07982844642722443,0.8438539734134711,0.7637924371420876,0.0,0.0,0.5930775116111165,0.0,34507.0,10265,250,2.0,,8,92799,10.0,80.0,1,
0.9344354783560145,54657,0.6303085162555631,0.07942973523421588,0.934898995946154,0.6843540759469963,0.0,0.0,0.5889826398991368,0.0,46987.0,3835,0.8701315450090276,47229,0.5848985441653466,0.07982844642722443,0.8709659572898609,0.6350317949198393,0.0,0.0,0.508938673908124,0.0,33131.0,7049,250,2.0,,16,92799,10.0,5.0,1,
0.9298209475518935,58681,0.6800719835343053,0.07942973523421588,0.9303516504423376,0.7383293533736012,0.0,0.0,0.6323451761333635,0.0,49823.0,4429,0.8626816063596491,50353,0.628972294960075,0.07982844642722443,0.8635100836877486,0.6828822709653242,0.0,0.0,0.5426028297718726,0.0,34323.0,8015,250,2.0,,16,92799,10.0,10.0,1,
0.9258785647156701,60096,0.6994364163406933,0.07942973523421588,0.9264066594727918,0.7593529053706045,0.0,0.0,0.647593185271393,0.0,50474.0,4811,0.8590145631864975,52320,0.6563325035830128,0.07982844642722443,0.8598192276088743,0.7126043728261761,0.0,0.0,0.5637991788704619,0.0,35146.0,8587,250,2.0,,16,92799,10.0,15.0,1,
0.9229029761272405,60811,0.7100399788790828,0.07942973523421588,0.9234776006074411,0.7708245540103947,0.0,0.0,0.6552980096768284,0.0,50651.0,5080,0.8558853239694069,53379,0.6720654317395661,0.07982844642722443,0.8568332851776943,0.7295616634071507,0.0,0.0,0.5752109397730579,0.0,35403.0,8988,250,2.0,,16,92799,10.0,20.0,1,
0.9194429069367361,61462,0.7203418140281684,0.07942973523421588,0.9200622735846232,0.7819684412604767,0.0,0.0,0.662313171478141,0.0,50692.0,5385,0.8536278989432694,54365,0.6862897229496008,0.07982844642722443,0.8545671754405268,0.7450082561394058,0.0,0.0,0.5858360542678261,0.0,35721.0,9322,250,2.0,,16,92799,10.0,30.0,1,
0.9162348749164873,61713,0.7258160109483939,0.07942973523421588,0.9168882879938194,0.7878798520391441,0.0,0.0,0.6650179420036854,0.0,50429.0,5642,0.8520200365151445,54600,0.6905570103126111,0.07982844642722443,0.8529517441769641,0.7496457472098933,0.0,0.0,0.5883684091423399,0.0,35634.0,9483,250,2.0,,16,92799,10.0,40.0,1,
0.9107427055702918,61803,0.731257879934051,0.07942973523421588,0.9116562426244985,0.7935571475394484,0.0,0.0,0.6659877800407332,0.0,49689.0,6057,0.8503025601241272,54802,0.6945117943081284,0.07982844642722443,0.8512535338158999,0.7539202023632467,0.0,0.0,0.5905451567366028,0.0,35506.0,9648,250,2.0,,16,92799,10.0,60.0,1,
0.9069630934037713,61805,0.7343290337180357,0.07942973523421588,0.9079490531944587,0.7968230556726132,0.0,0.0,0.666009331997112,0.0,49125.0,6340,0.8484660867411695,54816,0.6961928469056778,0.07982844642722443,0.8494785290334578,0.755688538604771,0.0,0.0,0.5906960204312547,0.0,35236.0,9790,250,2.0,,16,92799,10.0,80.0,1,
0.9188661788207587,54622,0.6405780234700805,0.07942973523421588,0.919515849367877,0.6953574940300604,0.0,0.0,0.5886054806625072,0.0,44976.0,4823,0.8508440733345435,46873,0.5936486384551558,0.07982844642722443,0.8517253284393,0.6444824396013631,0.0,0.0,0.5051024256726905,0.0,30439.0,8217,275,2.0,,0,92799,10.0,5.0,1,
0.9129298679482992,58695,0.6928199657323894,0.07942973523421588,0.9136688407714699,0.7519899798660861,0.0,0.0,0.6324960398280154,0.0,47499.0,5598,0.8421398927016904,49917,0.6387353311996896,0.07982844642722443,0.8430643989933962,0.6933868908901406,0.0,0.0,0.5379045032812854,0.0,31203.0,9357,275,2.0,,0,92799,10.0,10.0,1,
0.9078969243557772,60071,0.7129925969029839,0.07942973523421588,0.9087897125567322,0.773750994989933,0.0,0.0,0.6473237858166575,0.0,47883.0,6094,0.8353117641366408,51791,0.6681321997004278,0.07982844642722443,0.8363234130508502,0.7252169432375777,0.0,0.0,0.5580986864082587,0.0,31369.0,10211,275,2.0,,0,92799,10.0,15.0,1,
0.9029920558319103,60812,0.7257082511664996,0.07942973523421588,0.9040391276554626,0.787411621482418,0.0,0.0,0.6553087856550178,0.0,47746.0,6533,0.8311825249441315,52815,0.6847272061121348,0.07982844642722443,0.8324139452780229,0.743029124849223,0.0,0.0,0.5691332880742249,0.0,31361.0,10727,275,2.0,,0,92799,10.0,20.0,1,
0.8974841665937017,61501,0.7384346814082048,0.07942973523421588,0.8985725348099879,0.8011775998501662,0.0,0.0,0.6627334346275283,0.0,47451.0,7025,0.8270545052447283,53852,0.7016562678477138,0.07982844642722443,0.828301161270476,0.7613800049185512,0.0,0.0,0.5803079774566536,0.0,31330.0,11261,275,2.0,,0,92799,10.0,30.0,1,
0.8915384726287107,61838,0.7474326231963706,0.07942973523421588,0.8927999075985735,0.810776326263052,0.0,0.0,0.666364939277363,0.0,46792.0,7523,0.8241862023793203,54107,0.7074321921572431,0.07982844642722443,0.8255191248493355,0.7675633263458679,0.0,0.0,0.5830558518949558,0.0,31023.0,11542,275,2.0,,0,92799,10.0,40.0,1,
0.885095694121341,62016,0.7550404637981013,0.07942973523421588,0.88647474198805,0.8189118321861685,0.0,0.0,0.6682830633950797,0.0,45914.0,8051,0.8204412386068691,54369,0.7141025226564941,0.07982844642722443,0.8218053750113365,0.7747654905083674,0.0,0.0,0.5858791581805839,0.0,30571.0,11899,275,2.0,,0,92799,10.0,60.0,1,
0.880551888600264,62034,0.7591568874664598,0.07942973523421588,0.8825563032622459,0.8227864400430772,0.0,0.0,0.6684770310024892,0.0,45204.0,8415,0.8174268250559419,54430,0.7175400596989192,0.07982844642722443,0.8193710578211323,0.7779391270742818,0.0,0.0,0.5865364928501384,0.0,30116.0,12157,275,2.0,,0,92799,10.0,80.0,1,
0.919669176478515,54598,0.6397374971713057,0.07942973523421588,0.9202737324703344,0.694479561736199,0.0,0.0,0.588346857185961,0.0,45060.0,4769,0.8515598030487472,46869,0.5930990635674953,0.07982844642722443,0.8524271138351854,0.643896897799534,0.0,0.0,0.5050593217599327,0.0,30529.0,8170,275,2.0,,2,92799,10.0,5.0,1,
0.9136636870464385,58670,0.6919686634554252,0.07942973523421588,0.9143614119847269,0.7511003418083064,0.0,0.0,0.6322266403732799,0.0,47582.0,5544,0.8428998429505041,49914,0.6381211004428927,0.07982844642722443,0.8438118100518993,0.6927310840720919,0.0,0.0,0.537872175346717,0.0,31308.0,9303,275,2.0,,2,92799,10.0,10.0,1,
0.9086176893394871,60046,0.7121305186478303,0.07942973523421588,0.9094709419444739,0.7728496511682352,0.0,0.0,0.647054386361922,0.0,47968.0,6039,0.8362943342593191,51780,0.6672054655761377,0.07982844642722443,0.8372544263885521,0.7242566546825778,0.0,0.0,0.5579801506481751,0.0,31508.0,10136,275,2.0,,2,92799,10.0,15.0,1,
0.9038810408921933,60786,0.7246845332385047,0.07942973523421588,0.9048632716554773,0.7863581027297841,0.0,0.0,0.6550286102220929,0.0,47858.0,6464,0.832303521326566,52803,0.6836496082931928,0.07982844642722443,0.8334596079174165,0.7419283062617841,0.0,0.0,0.5690039763359519,0.0,31525.0,10639,275,2.0,,2,92799,10.0,20.0,1,
0.8987265895700229,61472,0.7370661321781484,0.07942973523421588,0.8997394689850999,0.7997612024160696,0.0,0.0,0.6624209312600351,0.0,47618.0,6927,0.828424958049171,53812,0.6999752152501644,0.07982844642722443,0.8295743598439884,0.7596468011851366,0.0,0.0,0.5798769383290768,0.0,31522.0,11145,275,2.0,,2,92799,10.0,30.0,1,
0.8929665375946367,61804,0.7458270024461471,0.07942973523421588,0.8941421565081523,0.8091141077866741,0.0,0.0,0.6659985560189227,0.0,46988.0,7408,0.8257575757575758,54064,0.7055248440177158,0.07982844642722443,0.8269701419481155,0.7656076167277582,0.0,0.0,0.5825924848328107,0.0,31248.0,11408,275,2.0,,2,92799,10.0,40.0,1,
0.8867584351658415,61972,0.7530900117458162,0.07942973523421588,0.8880672943266985,0.8168633235004916,0.0,0.0,0.6678089203547452,0.0,46144.0,7914,0.8222215495451862,54325,0.7119796549531784,0.07982844642722443,0.8234554053234706,0.7725872750055627,0.0,0.0,0.5854050151402493,0.0,30833.0,11746,275,2.0,,2,92799,10.0,60.0,1,
0.8827651029650517,61986,0.7566676365047037,0.07942973523421588,0.8843015293312029,0.8205272276068736,0.0,0.0,0.667959784049397,0.0,45522.0,8232,0.8199074283474301,54382,0.71473830536967,0.07982844642722443,0.82139350823931,0.7753393214741601,0.0,0.0,0.5860192458970463,0.0,30492.0,11945,275,2.0,,2,92799,10.0,80.0,1,
0.9203926396923647,54571,0.6389185228289098,0.07942973523421588,0.9209829038192159,0.6936016294423374,0.0,0.0,0.5880559057748467,0.0,45131.0,4720,0.8522714872876732,46863,0.592527936723456,0.07982844642722443,0.8531248293313429,0.6432879343256315,0.0,0.0,0.5049946658907962,0.0,30617.0,8123,275,2.0,,4,92799,10.0,5.0,1,
0.9144055638722555,58639,0.6910419293311351,0.07942973523421588,0.9150619518741613,0.7501287634030996,0.0,0.0,0.6318925850494078,0.0,47661.0,5489,0.8437880427431353,49905,0.6373344540350651,0.07982844642722443,0.8446878014928657,0.6918879038774578,0.0,0.0,0.5377751915430123,0.0,31427.0,9239,275,2.0,,4,92799,10.0,10.0,1,
0.9094008546231476,60015,0.711149904632593,0.07942973523421588,0.9102146052930917,0.7718195439434378,0.0,0.0,0.6467203310380499,0.0,48057.0,5979,0.8373281578521753,51772,0.6662787314518476,0.07982844642722443,0.8382500566691493,0.7232846552915413,0.0,0.0,0.5578939428226597,0.0,31656.0,10058,275,2.0,,4,92799,10.0,15.0,1,
0.9047746701218241,60752,0.723563831506805,0.07942973523421588,0.9057053833653861,0.7851875263379688,0.0,0.0,0.6546622269636526,0.0,47964.0,6394,0.8334491033089164,52794,0.6825935624306296,0.07982844642722443,0.8345558014543155,0.740827487674345,0.0,0.0,0.5689069925322471,0.0,31694.0,10550,275,2.0,,4,92799,10.0,20.0,1,
0.8997612666051525,61433,0.7357514628390392,0.07942973523421588,0.900750711122841,0.7983565107458913,0.0,0.0,0.6620006681106477,0.0,47745.0,6844,0.829689741888702,53778,0.6984665783036456,0.07982844642722443,0.8307792127541247,0.7580658383201977,0.0,0.0,0.5795105550706365,0.0,31700.0,11039,275,2.0,,4,92799,10.0,30.0,1,
0.8941881678394579,61758,0.7442537096304918,0.07942973523421588,0.8953419255693927,0.8074284777824601,0.0,0.0,0.6655028610222092,0.0,47142.0,7308,0.8273279941197188,54027,0.7037037037037037,0.07982844642722443,0.8284697836320979,0.7636987504537949,0.0,0.0,0.5821937736398022,0.0,31475.0,11276,275,2.0,,4,92799,10.0,40.0,1,
0.8882433944401411,61923,0.751236543497236,0.07942973523421588,0.8895193495561238,0.8148850493983237,0.0,0.0,0.6672808974234636,0.0,46341.0,7791,0.8240893976891426,54277,0.709738251489779,0.07982844642722443,0.8252421279895394,0.7702333969622092,0.0,0.0,0.5848877681871572,0.0,31105.0,11586,275,2.0,,4,92799,10.0,60.0,1,
0.8844884959796626,61931,0.7545232168450091,0.07942973523421588,0.8858802157089931,0.8183382497541789,0.0,0.0,0.667367105248979,0.0,45755.0,8088,0.8220705725699068,54329,0.7121628465823985,0.07982844642722443,0.8233288374982951,0.7727629375461114,0.0,0.0,0.5854481190530071,0.0,30811.0,11759,275,2.0,,4,92799,10.0,80.0,1,
0.9219162324920496,54500,0.6370327266457613,0.07942973523421588,0.922509225092251,0.6915531207566605,0.0,0.0,0.5872908113233979,0.0,45268.0,4616,0.8537376535335496,46848,0.591321027166241,0.07982844642722443,0.8545630324145856,0.6419997423616072,0.0,0.0,0.5048330262179549,0.0,30796.0,8026,275,2.0,,8,92799,10.0,5.0,1,
0.9159666494595398,58555,0.6888759577150616,0.07942973523421588,0.9166118781503397,0.7477876106194691,0.0,0.0,0.6309874028814966,0.0,47811.0,5372,0.8453416043795868,49876,0.6357934891539779,0.07982844642722443,0.8462021343377275,0.6902483868323359,0.0,0.0,0.5374626881755191,0.0,31626.0,9125,275,2.0,,8,92799,10.0,10.0,1,
0.911143891237568,59915,0.7086067737798899,0.07942973523421588,0.9119066100482475,0.7691038067144261,0.0,0.0,0.6456427332191079,0.0,48229.0,5843,0.8391078669910786,51731,0.664339055377752,0.07982844642722443,0.8399935049119104,0.7212118373130658,0.0,0.0,0.5574521277168935,0.0,31893.0,9919,275,2.0,,8,92799,10.0,15.0,1,
0.9067910648605005,60648,0.7207189732647981,0.07942973523421588,0.9076188623336975,0.7821908507749216,0.0,0.0,0.653541525231953,0.0,48180.0,6234,0.8354426369727401,52744,0.680319831032662,0.07982844642722443,0.8364628266937325,0.7384384771228818,0.0,0.0,0.5683681936227761,0.0,31966.0,10389,275,2.0,,8,92799,10.0,20.0,1,
0.9021598399246704,61318,0.7324216855785084,0.07942973523421588,0.903050028718281,0.7948330758065272,0.0,0.0,0.6607614306188644,0.0,48018.0,6650,0.8321038928837095,53694,0.6953523206069031,0.07982844642722443,0.83311093871218,0.7547633825578808,0.0,0.0,0.5786053729027253,0.0,32026.0,10834,275,2.0,,8,92799,10.0,30.0,1,
0.897007452258966,61628,0.7403528055259216,0.07942973523421588,0.898000815993472,0.8033431661750245,0.0,0.0,0.6641019838575847,0.0,47476.0,7076,0.83014482939067,53937,0.700147630901195,0.07982844642722443,0.8311682307798992,0.7599512829220878,0.0,0.0,0.5812239356027543,0.0,31865.0,11036,275,2.0,,8,92799,10.0,40.0,1,
0.8910766833996884,61773,0.7470339120033621,0.07942973523421588,0.8922092553007106,0.8104602706372618,0.0,0.0,0.6656645006950506,0.0,46671.0,7551,0.8273492264695551,54174,0.7056002758650417,0.07982844642722443,0.8283992904764818,0.7658418334484899,0.0,0.0,0.5837778424336469,0.0,31564.0,11305,275,2.0,,8,92799,10.0,60.0,1,
0.8875511816679836,61778,0.7500619618745892,0.07942973523421588,0.8887514206384601,0.8136793557147539,0.0,0.0,0.6657183805859977,0.0,46124.0,7827,0.8253985170749532,54213,0.7077770234593045,0.07982844642722443,0.8265310789590036,0.7681254464756239,0.0,0.0,0.5841981055830343,0.0,31277.0,11468,275,2.0,,8,92799,10.0,80.0,1,
0.9236861785301516,54346,0.6340154527527236,0.07942973523421588,0.9242517006802721,0.688298918387414,0.0,0.0,0.5856313106822272,0.0,45366.0,4490,0.8563538942632993,46828,0.5892628153320618,0.07982844642722443,0.8571690066079698,0.6397746835146562,0.0,0.0,0.5046175066541665,0.0,31118.0,7855,275,2.0,,16,92799,10.0,5.0,1,
0.9177354804147102,58245,0.6839082317697389,0.07942973523421588,0.9183432139253279,0.7424263707449548,0.0,0.0,0.6276468496427763,0.0,47803.0,5221,0.848231927505621,49798,0.6326361275444778,0.07982844642722443,0.8490852358949001,0.6868288227096533,0.0,0.0,0.5366221618767444,0.0,31978.0,8910,275,2.0,,16,92799,10.0,10.0,1,
0.9132814176656345,59577,0.7029601612086337,0.07942973523421588,0.9139539164851348,0.7630519267687409,0.0,0.0,0.642000452591084,0.0,48263.0,5657,0.8425836773993505,51631,0.6603196155130983,0.07982844642722443,0.8434370660785755,0.7168788279795295,0.0,0.0,0.5563745298979514,0.0,32339.0,9646,275,2.0,,16,92799,10.0,15.0,1,
0.9096203753998431,60286,0.7141887304820095,0.07942973523421588,0.9103621153091118,0.7751790981879477,0.0,0.0,0.6496406211273829,0.0,48306.0,5990,0.8392766011737688,52626,0.6756969363894008,0.07982844642722443,0.8402548258849452,0.7334613718073333,0.0,0.0,0.5670966281964245,0.0,32470.0,10078,275,2.0,,16,92799,10.0,20.0,1,
0.9053379302145872,60922,0.7251371243224604,0.07942973523421588,0.9061458829128987,0.7870019197452826,0.0,0.0,0.6564941432558541,0.0,48182.0,6370,0.8362926524556883,53552,0.690039763359519,0.07982844642722443,0.8372602054376886,0.7490367837359909,0.0,0.0,0.5770751839998276,0.0,32586.0,10483,275,2.0,,16,92799,10.0,30.0,1,
0.9006548451180929,61204,0.7322815978620459,0.07942973523421588,0.9015569991309087,0.794669195111673,0.0,0.0,0.6595329691052705,0.0,47702.0,6751,0.8346446917143877,53782,0.6943717065916658,0.07982844642722443,0.8356302729914078,0.7537211181506248,0.0,0.0,0.5795536589833942,0.0,32472.0,10655,275,2.0,,16,92799,10.0,40.0,1,
0.8948505056105995,61325,0.738488561299152,0.07942973523421588,0.8959094229364499,0.8012595401975933,0.0,0.0,0.6608368624661903,0.0,46913.0,7206,0.8324059373892134,54004,0.6991131369950108,0.07982844642722443,0.8334079229617741,0.7588504643346489,0.0,0.0,0.5819459261414455,0.0,32258.0,10873,275,2.0,,16,92799,10.0,60.0,1,
0.8912269483963786,61328,0.7415273871485684,0.07942973523421588,0.8923421653789632,0.8045020368029218,0.0,0.0,0.6608691904007586,0.0,46358.0,7485,0.8306249519563379,54028,0.7009235013308333,0.07982844642722443,0.831699019411647,0.7607476197725755,0.0,0.0,0.5822045496179916,0.0,31994.0,11017,275,2.0,,16,92799,10.0,80.0,1,
0.9046902935819674,54143,0.6449099667022274,0.07942973523421588,0.905507333634372,0.6999227419581402,0.0,0.0,0.5834437871097748,0.0,42735.0,5704,0.8360673468651981,46380,0.5977866140798931,0.07982844642722443,0.8372747951041629,0.6487100514105703,0.0,0.0,0.4997898684253063,0.0,28192.0,9094,300,2.0,,0,92799,10.0,5.0,1,
0.8969645477716846,58065,0.6975829480921131,0.07942973523421588,0.898074394865053,0.7568361661282015,0.0,0.0,0.6257071735686807,0.0,44725.0,6670,0.8261904761904761,49274,0.6426793392170175,0.07982844642722443,0.8276058987537371,0.697239755946177,0.0,0.0,0.5309755493054882,0.0,28542.0,10366,300,2.0,,0,92799,10.0,10.0,1,
0.8917132383871161,59356,0.7172922122005625,0.07942973523421588,0.8932027147006155,0.7778831296530412,0.0,0.0,0.6396189614112221,0.0,44940.0,7208,0.8182722068091794,51025,0.671957671957672,0.07982844642722443,0.8198762754077288,0.7288238807368458,0.0,0.0,0.5498442871151629,0.0,28361.0,11332,300,2.0,,0,92799,10.0,15.0,1,
0.8866388987356729,60029,0.7295768273365014,0.07942973523421588,0.8885024125987981,0.7908648218382731,0.0,0.0,0.6468711947327018,0.0,44679.0,7675,0.8134460358456602,51967,0.6884233666311059,0.07982844642722443,0.8152709359605911,0.7464721106439789,0.0,0.0,0.5599952585695966,0.0,28131.0,11918,300,2.0,,0,92799,10.0,20.0,1,
0.8806945210650097,60664,0.7422709296436384,0.07942973523421588,0.883053363998952,0.8041625696492953,0.0,0.0,0.6537139408829836,0.0,44228.0,8218,0.8089554519752427,52934,0.7051261328247072,0.07982844642722443,0.8108762254901961,0.764483376468246,0.0,0.0,0.5704156294787659,0.0,27932.0,12501,300,2.0,,0,92799,10.0,30.0,1,
0.8739071860578439,60976,0.7518831021886012,0.07942973523421588,0.8766209494235027,0.8142295266189071,0.0,0.0,0.6570760460780828,0.0,43380.0,8798,0.806136680613668,53176,0.7108266252869104,0.07982844642722443,0.808219594491899,0.7705027461910505,0.0,0.0,0.5730234162006056,0.0,27600.0,12788,300,2.0,,0,92799,10.0,40.0,1,
0.8665533120793482,61157,0.7605146607183267,0.07942973523421588,0.8694360330390526,0.8233951397668212,0.0,0.0,0.6590264981303677,0.0,42321.0,9418,0.801860883919862,53432,0.7180573066520113,0.07982844642722443,0.8040933032355154,0.7781850546310501,0.0,0.0,0.5757820666170972,0.0,27026.0,13203,300,2.0,,0,92799,10.0,60.0,1,
0.8618052229765896,61183,0.7650297955796937,0.07942973523421588,0.8653277703132735,0.827656037833029,0.0,0.0,0.6593066735632928,0.0,41561.0,9811,0.7991336171484054,53498,0.7213978598907316,0.07982844642722443,0.8017684526039716,0.7814055345411108,0.0,0.0,0.5764932811775989,0.0,26604.0,13447,300,2.0,,0,92799,10.0,80.0,1,
0.9054908652880947,54123,0.6441017683380209,0.07942973523421588,0.9062793034159411,0.699068221192115,0.0,0.0,0.5832282675459864,0.0,42825.0,5649,0.8369151374077483,46381,0.597193935279475,0.07982844642722443,0.8379887258798873,0.6481713529528873,0.0,0.0,0.49980064440349575,0.0,28305.0,9038,300,2.0,,2,92799,10.0,5.0,1,
0.8976801732137334,58044,0.6967747497279065,0.07942973523421588,0.8987643615868198,0.7559816453621764,0.0,0.0,0.6254808780267028,0.0,44812.0,6616,0.8270421778754973,49276,0.6420435565038416,0.07982844642722443,0.8283212022390694,0.6966659249803844,0.0,0.0,0.530997101261867,0.0,28666.0,10305,300,2.0,,2,92799,10.0,10.0,1,
0.8924585627049304,59336,0.7164516859017878,0.07942973523421588,0.8939106330410678,0.7770051973591796,0.0,0.0,0.6394034418474337,0.0,45036.0,7150,0.8192270019429324,51019,0.6710955937025184,0.07982844642722443,0.8206897661100924,0.7280158330503215,0.0,0.0,0.5497796312460264,0.0,28503.0,11258,300,2.0,,2,92799,10.0,15.0,1,
0.8875216304556816,60008,0.7285962133212642,0.07942973523421588,0.8893236113581126,0.789858126141312,0.0,0.0,0.646644899190724,0.0,44798.0,7605,0.8144868016803561,51961,0.6874643045722475,0.07982844642722443,0.8161755466197537,0.7455586654331253,0.0,0.0,0.5599306027004601,0.0,28291.0,11835,300,2.0,,2,92799,10.0,20.0,1,
0.8817687430931193,60641,0.7410855720428022,0.07942973523421588,0.8840053645878888,0.8029919932574799,0.0,0.0,0.653466093384627,0.0,44379.0,8131,0.8101473245734938,52901,0.7036498238127566,0.07982844642722443,0.8119004865171816,0.7630429436357462,0.0,0.0,0.570060022198515,0.0,28107.0,12397,300,2.0,,2,92799,10.0,30.0,1,
0.8752046179029895,60951,0.7504606730675977,0.07942973523421588,0.8777379358016157,0.8128599522404832,0.0,0.0,0.6568066466233472,0.0,43569.0,8691,0.8074421855532258,53141,0.7092102285584974,0.07982844642722443,0.8093359731952483,0.7689334941621483,0.0,0.0,0.5726462569639759,0.0,27795.0,12673,300,2.0,,2,92799,10.0,40.0,1,
0.8681740069023306,61129,0.7587474002952618,0.07942973523421588,0.8708827216776841,0.8216509809430164,0.0,0.0,0.6587247707410641,0.0,42565.0,9282,0.8035786844045809,53397,0.7160529747087792,0.07982844642722443,0.8055425649071462,0.7762761883570868,0.0,0.0,0.5754049073804675,0.0,27293.0,13052,300,2.0,,2,92799,10.0,60.0,1,
0.8639080005085967,61150,0.7627560641817261,0.07942973523421588,0.8669577792270394,0.8256543522030247,0.0,0.0,0.6589510662830419,0.0,41884.0,9633,0.801144963807754,53458,0.719048696645438,0.07982844642722443,0.8034085273298366,0.7792273190383061,0.0,0.0,0.5760622420500221,0.0,26920.0,13269,300,2.0,,2,92799,10.0,80.0,1,
0.9062950182585682,54104,0.6433043459520038,0.07942973523421588,0.9070851356335714,0.6982019946621717,0.0,0.0,0.5830235239603875,0.0,42916.0,5594,0.8377074941748099,46378,0.5965904805008675,0.07982844642722443,0.8386618444846293,0.6476092328231312,0.0,0.0,0.49976831646892744,0.0,28408.0,8985,300,2.0,,4,92799,10.0,5.0,1,
0.8984391935833514,58023,0.6959342234291318,0.07942973523421588,0.8994977211422194,0.7550920073043967,0.0,0.0,0.6252545824847251,0.0,44905.0,6559,0.8280144525670112,49271,0.6412245821614457,0.07982844642722443,0.8291570603974892,0.6958930098019698,0.0,0.0,0.53094322137092,0.0,28803.0,10234,300,2.0,,4,92799,10.0,10.0,1,
0.8932443828685019,59315,0.7155680556902553,0.07942973523421588,0.8946725391414523,0.7760687362457274,0.0,0.0,0.6391771463054559,0.0,45137.0,7089,0.8203219218832912,51015,0.6701473076218494,0.07982844642722443,0.8216298920921243,0.727125809511541,0.0,0.0,0.5497365273332687,0.0,28667.0,11174,300,2.0,,4,92799,10.0,15.0,1,
0.8883475015550487,59983,0.727615599306027,0.07942973523421588,0.8900875500816144,0.7888514304443508,0.0,0.0,0.6463754997359885,0.0,44905.0,7539,0.8156642961427966,51957,0.6864190346878738,0.07982844642722443,0.817152383498734,0.7446100877141619,0.0,0.0,0.5598874987877025,0.0,28473.0,11742,300,2.0,,4,92799,10.0,20.0,1,
0.8828250167496868,60613,0.7398571105292083,0.07942973523421588,0.8848742317406093,0.8018331226295828,0.0,0.0,0.6531643659953232,0.0,44523.0,8045,0.8114180478821362,52872,0.7021627388226166,0.07982844642722443,0.8129276280385614,0.7616610649834291,0.0,0.0,0.5697475188310219,0.0,28296.0,12288,300,2.0,,4,92799,10.0,30.0,1,
0.8764567087733434,60919,0.7489951400338366,0.07942973523421588,0.8787703936644403,0.8114786720981412,0.0,0.0,0.6564618153212858,0.0,43745.0,8587,0.8089377646449569,53110,0.7074860720481901,0.07982844642722443,0.8105921855921856,0.7672939771170264,0.0,0.0,0.5723122016401039,0.0,28022.0,12544,300,2.0,,4,92799,10.0,40.0,1,
0.8695348969600364,61097,0.757163331501417,0.07942973523421588,0.8720045671876115,0.8201643489254109,0.0,0.0,0.6583799394390025,0.0,42763.0,9167,0.8052457630955435,53358,0.714048642765547,0.07982844642722443,0.8069384792208578,0.7743673220831235,0.0,0.0,0.5749846442310801,0.0,27548.0,12905,300,2.0,,4,92799,10.0,60.0,1,
0.8656948989276557,61112,0.7607086283257363,0.07942973523421588,0.8682901878321162,0.8238750760874655,0.0,0.0,0.6585415791118439,0.0,42150.0,9481,0.8031002390582009,53415,0.7167210853565232,0.07982844642722443,0.804951927423973,0.7771076577156844,0.0,0.0,0.575598874987877,0.0,27223.0,13096,300,2.0,,4,92799,10.0,80.0,1,
0.9078003460847067,54035,0.6414185497688553,0.07942973523421588,0.9085482731950096,0.6961886032682493,0.0,0.0,0.5822799814653176,0.0,43059.0,5488,0.8393982185531176,46365,0.5952219312708111,0.07982844642722443,0.8402957754136687,0.6461687999906314,0.0,0.0,0.499628228752465,0.0,28623.0,8871,300,2.0,,8,92799,10.0,5.0,1,
0.9000186387499611,57945,0.6937790277912478,0.07942973523421588,0.9010122685077203,0.7528093833403567,0.0,0.0,0.6244140561859503,0.0,45071.0,6437,0.8298872655578585,49248,0.6394788736947596,0.07982844642722443,0.8309374367280826,0.6940778302162991,0.0,0.0,0.5306953738725633,0.0,29058.0,10095,300,2.0,,8,92799,10.0,10.0,1,
0.894973856801765,59224,0.7130895807066886,0.07942973523421588,0.8962876643915432,0.7734817624198155,0.0,0.0,0.6381965322902187,0.0,45324.0,6950,0.8226912588146068,50983,0.6677981443765558,0.07982844642722443,0.8238744707669435,0.7246899556159314,0.0,0.0,0.5493916960312072,0.0,29007.0,10988,300,2.0,,8,92799,10.0,15.0,1,
0.8903755240388904,59892,0.7248569488895354,0.07942973523421588,0.891900344000834,0.7860537528679121,0.0,0.0,0.6453948857207513,0.0,45144.0,7374,0.8182792478998882,51919,0.6837250401405187,0.07982844642722443,0.8196227010813798,0.7418229087374547,0.0,0.0,0.5594780116165045,0.0,28859.0,11530,300,2.0,,8,92799,10.0,20.0,1,
0.8853080152727592,60517,0.7366135410941929,0.07942973523421588,0.8869948847230569,0.7986491548438451,0.0,0.0,0.6521298720891389,0.0,44837.0,7840,0.8144395089148004,52805,0.6986713218892445,0.07982844642722443,0.8157732118028734,0.7580424166481246,0.0,0.0,0.5690255282923308,0.0,28743.0,12031,300,2.0,,8,92799,10.0,30.0,1,
0.8792163666594376,60811,0.7453205314712443,0.07942973523421588,0.8810889912776377,0.8079084141031043,0.0,0.0,0.6552980096768284,0.0,44103.0,8354,0.8124167087909563,53037,0.7034881841399153,0.07982844642722443,0.8138253797759706,0.7631951845042217,0.0,0.0,0.5715255552322762,0.0,28545.0,12246,300,2.0,,8,92799,10.0,40.0,1,
0.8725636108646498,60973,0.7530038039203009,0.07942973523421588,0.8745159347121425,0.8161492719014843,0.0,0.0,0.6570437181435145,0.0,43163.0,8905,0.8091643631724431,53277,0.7095119559478011,0.07982844642722443,0.8105924596050269,0.7697064093405628,0.0,0.0,0.574111789997737,0.0,28147.0,12565,300,2.0,,8,92799,10.0,60.0,1,
0.8690818915144087,60980,0.7561072856388539,0.07942973523421588,0.871093080395406,0.8194502973264035,0.0,0.0,0.6571191499908404,0.0,42608.0,9186,0.8071875141918587,53322,0.7118503432149054,0.07982844642722443,0.8087423405933386,0.7721188415640993,0.0,0.0,0.5745967090162609,0.0,27848.0,12737,300,2.0,,8,92799,10.0,80.0,1,
0.9097509497678345,53880,0.6382073082684081,0.07942973523421588,0.9104734867687316,0.6927236971484759,0.0,0.0,0.5806097048459574,0.0,43190.0,5345,0.8421884653123524,46349,0.5930451836765482,0.07982844642722443,0.8430156420516551,0.6438617652914241,0.0,0.0,0.4994558131014343,0.0,28979.0,8685,300,2.0,,16,92799,10.0,5.0,1,
0.9018604578384891,57637,0.6886819901076521,0.07942973523421588,0.9028210710985104,0.7473076742988247,0.0,0.0,0.6210950549036088,0.0,45093.0,6272,0.8329437273435647,49172,0.6361490964342288,0.07982844642722443,0.8338618596211569,0.6905762902413604,0.0,0.0,0.5298763995301673,0.0,29448.0,9862,300,2.0,,16,92799,10.0,10.0,1,
0.8972409695455446,58894,0.7073244323753489,0.07942973523421588,0.8984317793507445,0.767336236362785,0.0,0.0,0.63464045948771,0.0,45404.0,6745,0.8264527235521486,50888,0.663520081035356,0.07982844642722443,0.8274337002650364,0.7202281270859927,0.0,0.0,0.5483679781032124,0.0,29516.0,10686,300,2.0,,16,92799,10.0,15.0,1,
0.8932493249324932,59544,0.7183267061067469,0.07942973523421588,0.8945241493277247,0.7791941752118743,0.0,0.0,0.6416448453108331,0.0,45312.0,7116,0.8223911870218102,51809,0.6788650739770903,0.07982844642722443,0.8235153865717192,0.7367521167336136,0.0,0.0,0.5582926540156683,0.0,29431.0,11189,300,2.0,,16,92799,10.0,20.0,1,
0.8885835438736462,60142,0.7293505317945237,0.07942973523421588,0.8900168703939385,0.791005291005291,0.0,0.0,0.6480888802681063,0.0,45060.0,7541,0.8190610956475766,52673,0.6929923813834201,0.07982844642722443,0.8201706580299586,0.7520933119415395,0.0,0.0,0.5676030991713272,0.0,29401.0,11636,300,2.0,,16,92799,10.0,30.0,1,
0.8830071759496075,60418,0.7373247556546946,0.07942973523421588,0.8845196615231459,0.7995739101933792,0.0,0.0,0.6510630502483863,0.0,44408.0,8005,0.8174498925994035,52898,0.6973243246155669,0.07982844642722443,0.8186137204227859,0.7567425138480636,0.0,0.0,0.5700276942639468,0.0,29272.0,11813,300,2.0,,16,92799,10.0,40.0,1,
0.8767357340399345,60550,0.7442213816959234,0.07942973523421588,0.8783509341998376,0.8069485414618158,0.0,0.0,0.6524854793693897,0.0,43524.0,8513,0.8146978085174904,53124,0.7026692097975193,0.07982844642722443,0.8158739422235192,0.7625276668501364,0.0,0.0,0.5724630653347558,0.0,28958.0,12083,300,2.0,,16,92799,10.0,60.0,1,
0.8732172985132738,60555,0.7472817595017188,0.07942973523421588,0.8748699722607489,0.8102261553588987,0.0,0.0,0.6525393592603369,0.0,42971.0,8792,0.8129674666177212,53151,0.7045226780460996,0.07982844642722443,0.8142128402702248,0.7644716656322095,0.0,0.0,0.5727540167458701,0.0,28695.0,12228,300,2.0,,16,92799,10.0,80.0,1,
0.9705410253989236,61674,0.6847703100248925,0.07942973523421588,0.9709841459766677,0.7435150067893431,0.0,0.0,0.664597678854298,0.0,57930.0,1872,0.888719208551889,53540,0.6491880300434272,0.07982844642722443,0.8895460889213797,0.704851799369957,0.0,0.0,0.5769458722615546,0.0,40132.0,6704,100,2.0,,0,92799,0.0,20.0,2,adep
0.9797784282252227,62261,0.6847703100248925,0.07942973523421588,0.9802257663302738,0.7435150067893431,0.0,0.0,0.6709231780514876,0.0,59691.0,1285,0.9363588075161012,56410,0.6491880300434272,0.07982844642722443,0.9372300126271017,0.704851799369957,0.0,0.0,0.6078729296651904,0.0,48742.0,3834,100,2.0,,0,92799,5.0,20.0,2,adep
0.9785194976867151,62181,0.6847703100248925,0.07942973523421588,0.9789662610009918,0.7435150067893431,0.0,0.0,0.670061099796334,0.0,59451.0,1365,0.943596042759445,56846,0.6491880300434272,0.07982844642722443,0.9444739815245564,0.704851799369957,0.0,0.0,0.6125712561557776,0.0,50050.0,3398,100,2.0,,0,92799,15.0,20.0,2,adep
0.9774966166241777,62116,0.6847703100248925,0.07942973523421588,0.9779429129209503,0.7435150067893431,0.0,0.0,0.6693606612140217,0.0,59256.0,1430,0.943297257818206,56828,0.6491880300434272,0.07982844642722443,0.944174918588423,0.704851799369957,0.0,0.0,0.6123772885483679,0.0,49996.0,3416,100,2.0,,0,92799,20.0,20.0,2,adep
0.9774966166241777,62116,0.6847703100248925,0.07942973523421588,0.9779429129209503,0.7435150067893431,0.0,0.0,0.6693606612140217,0.0,59256.0,1430,0.943297257818206,56828,0.6491880300434272,0.07982844642722443,0.944174918588423,0.704851799369957,0.0,0.0,0.6123772885483679,0.0,49996.0,3416,100,2.0,,0,92799,30.0,20.0,2,adep
0.9754190844616376,60515,0.6685416868716257,0.07942973523421588,0.9758752479398817,0.7258861263286042,0.0,0.0,0.6521083201327601,0.0,57465.0,1525,0.9204324505531344,54913,0.6428948587808059,0.07982844642722443,0.9213745197067065,0.6979541169444087,0.0,0.0,0.5917412903156284,0.0,45419.0,4747,75,2.0,,0,92799,0.0,30.0,2,ades
0.9815119277885236,60893,0.6685416868716257,0.07942973523421588,0.9819709406395639,0.7258861263286042,0.0,0.0,0.6561816398883609,0.0,58599.0,1147,0.9578947368421052,57148,0.6428948587808059,0.07982844642722443,0.9588751489118945,0.6979541169444087,0.0,0.0,0.6158256015689825,0.0,52124.0,2512,75,2.0,,0,92799,5.0,30.0,2,ades
0.9795776918117344,60773,0.6685416868716257,0.07942973523421588,0.9800358000999823,0.7258861263286042,0.0,0.0,0.6548885225056305,0.0,58239.0,1267,0.962755615152531,57438,0.6428948587808059,0.07982844642722443,0.9637410023658115,0.6979541169444087,0.0,0.0,0.6189506352439142,0.0,52994.0,2222,75,2.0,,0,92799,15.0,30.0,2,ades
0.9783365570599614,60696,0.6685416868716257,0.07942973523421588,0.9787940849204173,0.7258861263286042,0.0,0.0,0.654058772185045,0.0,58008.0,1344,0.9623365739188736,57413,0.6428948587808059,0.07982844642722443,0.9633215322404738,0.6979541169444087,0.0,0.0,0.6186812357891788,0.0,52919.0,2247,75,2.0,,0,92799,20.0,30.0,2,ades
0.9775950999355255,60650,0.6685416868716257,0.07942973523421588,0.978052281046911,0.7258861263286042,0.0,0.0,0.6535630771883317,0.0,57870.0,1390,0.9619175326852162,57388,0.6428948587808059,0.07982844642722443,0.9629020621151362,0.6979541169444087,0.0,0.0,0.6184118363344433,0.0,52844.0,2272,75,2.0,,0,92799,30.0,30.0,2,ades
