adep_accuracy,adep_correct,adep_coverage,adep_gt_ooa_share,adep_inarea_accuracy,adep_inarea_coverage,adep_ooa_precision,adep_ooa_recall,adep_overall,adep_pred_ooa_share,adep_score,adep_wrong,ades_accuracy,ades_correct,ades_coverage,ades_gt_ooa_share,ades_inarea_accuracy,ades_inarea_coverage,ades_ooa_precision,ades_ooa_recall,ades_overall,ades_pred_ooa_share,ades_score,ades_wrong,fl_cap,k,legacy,margin,n_ground_truth,penalty_nm,radius_nm,stage,stage2_role
0.9877255296410385,62847,0.6689515959460027,0.08297237057908238,0.9887044757335012,0.7287558470145832,0.0,0.0,0.6607405694099836,0.0,61285.0,781,0.9791038618982643,61709,0.6626224820219522,0.08372934101518147,0.9794768420050157,0.7228979254635579,0.0,0.0,0.6487762311283065,0.0,59075.0,1317,40,2.0,True,4,95116,0.0,30.0,0,
0.9957094392336859,59874,0.6321964758820808,0.08297237057908238,0.9967039552536956,0.688709529487297,0.0,0.0,0.6294839984860592,0.0,59358.0,258,0.9887194311536417,59513,0.6328272845788301,0.08372934101518147,0.9890644995097306,0.6904144483201763,0.0,0.0,0.6256886328272846,0.0,58155.0,679,25,2.0,,0,95116,10.0,5.0,1,
0.9950520530659007,59929,0.6331952563186004,0.08297237057908238,0.9960940097068014,0.689764285059158,0.0,0.0,0.6300622397914126,0.0,59333.0,298,0.9876445250510089,60991,0.6492493376508685,0.08372934101518147,0.98807653052959,0.7082683128327519,0.0,0.0,0.641227553723874,0.0,59465.0,763,25,2.0,,0,95116,10.0,10.0,1,
0.9946060777056744,59928,0.6334686067538584,0.08297237057908238,0.9956471174613724,0.6900623681555536,0.0,0.0,0.6300517263131334,0.0,59278.0,325,0.9865116203845967,60997,0.6500588754783633,0.08372934101518147,0.9869425927124458,0.7091518266935928,0.0,0.0,0.641290634593549,0.0,59329.0,834,25,2.0,,0,95116,10.0,15.0,1,
0.9941770765938387,59928,0.6337419571891164,0.08297237057908238,0.9952172180151455,0.690360451251949,0.0,0.0,0.6300517263131334,0.0,59226.0,351,0.9861609596792447,60998,0.6503006854787838,0.08372934101518147,0.9866075761006696,0.7094042592252616,0.0,0.0,0.641301148071828,0.0,59286.0,856,25,2.0,,0,95116,10.0,20.0,1,
0.9933201836535115,59928,0.6342886580596324,0.08297237057908238,0.9943585318908874,0.69095661744474,0.0,0.0,0.6300517263131334,0.0,59122.0,403,0.9857789269553976,61000,0.6505740359140418,0.08372934101518147,0.9862251826941731,0.7097025885808702,0.0,0.0,0.6413221750283864,0.0,59240.0,880,25,2.0,,0,95116,10.0,30.0,1,
0.9928266127696233,59929,0.6346145758862862,0.08297237057908238,0.9938639115076535,0.6913120242135192,0.0,0.0,0.6300622397914126,0.0,59063.0,433,0.9854608897935446,61002,0.6508053324361832,0.08372934101518147,0.9859068429388758,0.709955021112539,0.0,0.0,0.6413432019849447,0.0,59202.0,900,25,2.0,,0,95116,10.0,40.0,1,
0.9908240195754249,59929,0.635897220236343,0.08297237057908238,0.9918571357640555,0.6927107218196826,0.0,0.0,0.6300622397914126,0.0,58819.0,555,0.9848091048510775,61004,0.6512574120021868,0.08372934101518147,0.9852544535426458,0.7104484119698917,0.0,0.0,0.641364228941503,0.0,59122.0,941,25,2.0,,0,95116,10.0,60.0,1,
0.9861609346717131,59929,0.638904075024181,0.08297237057908238,0.9872981878088962,0.6959093827386957,0.0,0.0,0.6300622397914126,0.0,58247.0,841,0.9842693728723318,61006,0.6516358972202363,0.08372934101518147,0.9847460089425514,0.7108385349733798,0.0,0.0,0.6413852558980613,0.0,59056.0,975,25,2.0,,0,95116,10.0,80.0,1,
0.9958011981518244,56682,0.5984376971277178,0.08297237057908238,0.9968519723536343,0.6518962670824544,0.0,0.0,0.595924975819,0.0,56204.0,239,0.989242821587853,59223,0.629410404138105,0.08372934101518147,0.9895734122011128,0.6866968055810538,0.0,0.0,0.62263972412633,0.0,57935.0,644,25,2.0,,2,95116,10.0,5.0,1,
0.9951008797344993,56670,0.598732074519534,0.08297237057908238,0.9961679088735762,0.6522058149133266,0.0,0.0,0.5957988140796501,0.0,56112.0,279,0.9880909537052184,60402,0.6426889272046764,0.08372934101518147,0.988462860228779,0.7011543051220855,0.0,0.0,0.6350351150174524,0.0,58946.0,728,25,2.0,,2,95116,10.0,10.0,1,
0.9946641391536342,56669,0.5989843979982338,0.08297237057908238,0.9957302502108518,0.6524809685407686,0.0,0.0,0.595788300601371,0.0,56061.0,304,0.9869735057123711,60386,0.6432461415534716,0.08372934101518147,0.9873446697187704,0.7017624380392877,0.0,0.0,0.6348668993649859,0.0,58792.0,797,25,2.0,,2,95116,10.0,15.0,1,
0.9942976453661789,56669,0.599205181042096,0.08297237057908238,0.995362970509195,0.6527217279647803,0.0,0.0,0.595788300601371,0.0,56019.0,325,0.9866834417175909,60387,0.6434458976407754,0.08372934101518147,0.9870543814053842,0.7019804479530016,0.0,0.0,0.634877412843265,0.0,58757.0,815,25,2.0,,2,95116,10.0,20.0,1,
0.9934609585919147,56669,0.5997098279994953,0.08297237057908238,0.9945244906196803,0.6532720352196643,0.0,0.0,0.595788300601371,0.0,55923.0,373,0.9863615575591271,60389,0.6436771941629169,0.08372934101518147,0.986732242937207,0.7022328804846705,0.0,0.0,0.6348984397998234,0.0,58719.0,835,25,2.0,,2,95116,10.0,30.0,1,
0.9929562657695542,56670,0.60002523234787,0.08297237057908238,0.9940186981459719,0.6536159772539668,0.0,0.0,0.5957988140796501,0.0,55866.0,402,0.9860560045718018,60391,0.6438979772067791,0.08372934101518147,0.9864264480088857,0.7024738388103543,0.0,0.0,0.6349194667563817,0.0,58683.0,854,25,2.0,,2,95116,10.0,40.0,1,
0.9912194780661863,56670,0.6010765801757854,0.08297237057908238,0.9922781950937648,0.6547624507016417,0.0,0.0,0.5957988140796501,0.0,55666.0,502,0.9853968150372014,60393,0.6443500567727827,0.08372934101518147,0.9857667509997552,0.702967229667707,0.0,0.0,0.63494049371294,0.0,58603.0,895,25,2.0,,2,95116,10.0,60.0,1,
0.9864744895294794,56670,0.6039677867025527,0.08297237057908238,0.9875747172507537,0.6578808584793177,0.0,0.0,0.5957988140796501,0.0,55116.0,777,0.9848188370348628,60395,0.6447495689473906,0.08372934101518147,0.9851883268355546,0.7034032494951349,0.0,0.0,0.6349615206694983,0.0,58533.0,931,25,2.0,,2,95116,10.0,80.0,1,
0.9959777525451781,51752,0.5462908448631145,0.08297237057908238,0.9970523070995088,0.5950770430156838,0.0,0.0,0.5440935279027713,0.0,51334.0,209,0.9895357654393799,58724,0.6239223684763867,0.08372934101518147,0.9898693636746734,0.6807072700569121,0.0,0.0,0.6173934984650322,0.0,57482.0,621,25,2.0,,4,95116,10.0,5.0,1,
0.9952860138918285,51728,0.5464170066024644,0.08297237057908238,0.9963595739353198,0.5952146198294047,0.0,0.0,0.5438412044240717,0.0,51238.0,245,0.9883932710775548,59695,0.6349720341477775,0.08372934101518147,0.9887534369099281,0.6927437121351202,0.0,0.0,0.6276020858740906,0.0,58293.0,701,25,2.0,,4,95116,10.0,10.0,1,
0.9948456582363688,51727,0.5466483031246058,0.08297237057908238,0.9959182887618168,0.5954668439878933,0.0,0.0,0.5438306909457925,0.0,51191.0,268,0.9872921320426905,59667,0.6353820598006644,0.08372934101518147,0.9876516643768726,0.6931912061685331,0.0,0.0,0.6273077084822742,0.0,58131.0,768,25,2.0,,4,95116,10.0,15.0,1,
0.9945396166195613,51727,0.5468165187770722,0.08297237057908238,0.9956115869502454,0.5956502797395212,0.0,0.0,0.5438306909457925,0.0,51159.0,284,0.9870144908357044,59667,0.6355607889314101,0.08372934101518147,0.9873738209498594,0.6933862676702772,0.0,0.0,0.6273077084822742,0.0,58097.0,785,25,2.0,,4,95116,10.0,20.0,1,
0.9936989722408991,51727,0.547279111821355,0.08297237057908238,0.9947691301755803,0.5961547280564982,0.0,0.0,0.5438306909457925,0.0,51071.0,328,0.9867211271332187,59669,0.6357710584969931,0.08372934101518147,0.9870802315963606,0.6936157517899761,0.0,0.0,0.6273287354388326,0.0,58063.0,803,25,2.0,,4,95116,10.0,30.0,1,
0.993317459098241,51728,0.5474998948652172,0.08297237057908238,0.9943867743175702,0.59639548748051,0.0,0.0,0.5438412044240717,0.0,51032.0,348,0.9864603481624759,59670,0.6359497876277388,0.08372934101518147,0.9868192567846925,0.6938108132917202,0.0,0.0,0.6273392489171118,0.0,58032.0,819,25,2.0,,4,95116,10.0,40.0,1,
0.9916987787810817,51728,0.5483935405189453,0.08297237057908238,0.9927646099222723,0.5973699899110336,0.0,0.0,0.5438412044240717,0.0,50862.0,433,0.9857600687217101,59672,0.6364228941503007,0.08372934101518147,0.986118455843469,0.6943271525610428,0.0,0.0,0.62736027587367,0.0,57948.0,862,25,2.0,,4,95116,10.0,60.0,1,
0.9859149560676235,51728,0.5516106648723663,0.08297237057908238,0.9870248816974507,0.6008438044574888,0.0,0.0,0.5438412044240717,0.0,50250.0,739,0.9852559974903825,59674,0.6367698389335128,0.08372934101518147,0.985614006111157,0.694705801358546,0.0,0.0,0.6273813028302283,0.0,57888.0,893,25,2.0,,4,95116,10.0,80.0,1,
0.996621533823644,38349,0.404548130703562,0.08297237057908238,0.9978403413821815,0.44061267541043747,0.0,0.0,0.403181378527272,0.0,38089.0,130,0.9898224078945106,57575,0.6115374910635435,0.08372934101518147,0.9901628630883794,0.6671906554066459,0.0,0.0,0.6053135119222843,0.0,56391.0,592,25,2.0,,8,95116,10.0,5.0,1,
0.9957389316150489,38324,0.40464275200807437,0.08297237057908238,0.9969563747040919,0.4407158580207282,0.0,0.0,0.4029185415702931,0.0,37996.0,164,0.9886319223776104,58180,0.6187076832499264,0.08372934101518147,0.9889848371523764,0.675004589682394,0.0,0.0,0.6116741662811724,0.0,56842.0,669,25,2.0,,8,95116,10.0,10.0,1,
0.9952216480120497,38323,0.40484250809537825,0.08297237057908238,0.9964378575143006,0.44093368797578647,0.0,0.0,0.402908028092014,0.0,37955.0,184,0.98751549946495,58138,0.618960006728626,0.08372934101518147,0.9878678719499762,0.6752799706260327,0.0,0.0,0.611232600193448,0.0,56668.0,735,25,2.0,,8,95116,10.0,15.0,1,
0.9949116020665126,38323,0.4049686698347281,0.08297237057908238,0.9961270534414639,0.4410712647895075,0.0,0.0,0.402908028092014,0.0,37931.0,196,0.9872471938732191,58138,0.6191282223810926,0.08372934101518147,0.9875993748725963,0.6754635579217918,0.0,0.0,0.611232600193448,0.0,56636.0,751,25,2.0,,8,95116,10.0,20.0,1,
0.993853734439834,38323,0.40539972244417344,0.08297237057908238,0.9950666008880118,0.4415413189030542,0.0,0.0,0.402908028092014,0.0,37849.0,237,0.9869622788850032,58138,0.6193069515118381,0.08372934101518147,0.987314256601851,0.6756586194235359,0.0,0.0,0.611232600193448,0.0,56602.0,768,25,2.0,,8,95116,10.0,30.0,1,
0.9935960591133005,38323,0.40550485722696494,0.08297237057908238,0.9948082963424447,0.4416559662478217,0.0,0.0,0.402908028092014,0.0,37829.0,247,0.9867112453752418,58139,0.6194751671643046,0.08372934101518147,0.9870630379789816,0.6758422067192951,0.0,0.0,0.6112431136717271,0.0,56573.0,783,25,2.0,,8,95116,10.0,40.0,1,
0.9922839905750758,38323,0.4060410446192018,0.08297237057908238,0.9934930263908333,0.4422406677061359,0.0,0.0,0.402908028092014,0.0,37727.0,298,0.9860256084117697,58141,0.6199272467303083,0.08372934101518147,0.9863769001085776,0.6763355975766477,0.0,0.0,0.6112641406282855,0.0,56493.0,824,25,2.0,,8,95116,10.0,60.0,1,
0.9884959632696226,38323,0.4075970394045166,0.08297237057908238,0.9897469008264462,0.4439145189397414,0.0,0.0,0.402908028092014,0.0,37431.0,446,0.9856246821495168,58142,0.6201900836872871,0.08372934101518147,0.9859756821380725,0.6766224527262713,0.0,0.0,0.6112746541065646,0.0,56446.0,848,25,2.0,,8,95116,10.0,80.0,1,
0.993601462522852,5435,0.0575087261869717,0.08297237057908238,0.9970647587598606,0.06249426763276163,0.0,0.0,0.05714075444720131,0.0,5365.0,35,0.9902601079693457,52462,0.556983052273014,0.08372934101518147,0.9905592689097844,0.6076968973747017,0.0,0.0,0.5515580974809706,0.0,51430.0,516,25,2.0,,16,95116,10.0,5.0,1,
0.991418659850283,5430,0.05758232053492578,0.08297237057908238,0.994869915720044,0.06257452077409888,0.0,0.0,0.05708818705580554,0.0,5336.0,47,0.988914358723836,52632,0.5595483409731276,0.08372934101518147,0.9892303354947843,0.6104851294290435,0.0,0.0,0.5533453887884268,0.0,51452.0,590,25,2.0,,16,95116,10.0,10.0,1,
0.9908759124087592,5430,0.05761386096976324,0.08297237057908238,0.9943233839956052,0.06260891497752911,0.0,0.0,0.05708818705580554,0.0,5330.0,50,0.9877352466098193,52589,0.5597586105387107,0.08372934101518147,0.988050728041334,0.6107146135487425,0.0,0.0,0.5528933092224232,0.0,51283.0,653,25,2.0,,16,95116,10.0,15.0,1,
0.9899726526891522,5430,0.057666428361159004,0.08297237057908238,0.9934138309549945,0.06266623864991287,0.0,0.0,0.05708818705580554,0.0,5320.0,55,0.9874755896049271,52589,0.5599057992346188,0.08372934101518147,0.987790905163508,0.6108752524325317,0.0,0.0,0.5528933092224232,0.0,51255.0,667,25,2.0,,16,95116,10.0,20.0,1,
0.9885308574549426,5430,0.05775053618739224,0.08297237057908238,0.9919620021921812,0.06275795652572687,0.0,0.0,0.05708818705580554,0.0,5304.0,63,0.9871048877543359,52589,0.5601160688002018,0.08372934101518147,0.9874199665784187,0.6111047365522306,0.0,0.0,0.5528933092224232,0.0,51215.0,687,25,2.0,,16,95116,10.0,30.0,1,
0.9881710646041856,5430,0.057771563143950544,0.08297237057908238,0.991599707815924,0.06278088599468036,0.0,0.0,0.05708818705580554,0.0,5300.0,65,0.9869198866515285,52590,0.5602317170612725,0.08372934101518147,0.9872348413741318,0.6112309528180649,0.0,0.0,0.5529038227007023,0.0,51196.0,697,25,2.0,,16,95116,10.0,40.0,1,
0.985480943738657,5430,0.05792926531813785,0.08297237057908238,0.9888909124021126,0.0629528570118316,0.0,0.0,0.05708818705580554,0.0,5270.0,80,0.9863278319579895,52591,0.5605786618444847,0.08372934101518147,0.9866609132865558,0.6115981274095833,0.0,0.0,0.5529143361789814,0.0,51133.0,729,25,2.0,,16,95116,10.0,60.0,1,
0.9741657696447793,5430,0.0586021279280037,0.08297237057908238,0.9776737486496219,0.06367513528386683,0.0,0.0,0.05708818705580554,0.0,5142.0,144,0.9833588871022027,52592,0.5622818453257076,0.08372934101518147,0.9836899595989825,0.6134569487791445,0.0,0.0,0.5529248496572606,0.0,50812.0,890,25,2.0,,16,95116,10.0,80.0,1,
0.995528786319008,64792,0.6842487068421717,0.08297237057908238,0.9964474109161374,0.7454714298816839,0.0,0.0,0.6811892846629379,0.0,64210.0,291,0.9868321052109837,59729,0.6363387863240675,0.08372934101518147,0.9871909295253206,0.6942353589131632,0.0,0.0,0.6279595441355819,0.0,58135.0,797,40,2.0,,0,95116,10.0,5.0,1,
0.9944310181779973,66248,0.700397409478952,0.08297237057908238,0.9954022297683084,0.7630239383655875,0.0,0.0,0.6964969090373859,0.0,65506.0,371,0.9844077818043105,61935,0.6614659994112452,0.08372934101518147,0.9848617361298838,0.7215783917752892,0.0,0.0,0.6511522772193953,0.0,59973.0,981,40,2.0,,0,95116,10.0,10.0,1,
0.9939085685136007,66245,0.7007338407838849,0.08297237057908238,0.9948937448374259,0.7633793451343667,0.0,0.0,0.6964653686025485,0.0,65433.0,406,0.9834508313837554,62635,0.6695929181210312,0.08372934101518147,0.9838988375746152,0.7304479530016523,0.0,0.0,0.658511712014803,0.0,60527.0,1054,40,2.0,,0,95116,10.0,15.0,1,
0.9934167116549697,66245,0.701080785567097,0.08297237057908238,0.9944009126662463,0.7637576813720994,0.0,0.0,0.6964653686025485,0.0,65367.0,439,0.9833435088213653,62815,0.6715904789940704,0.08372934101518147,0.9838055411987658,0.7326165779328071,0.0,0.0,0.6604041381050507,0.0,60687.0,1064,40,2.0,,0,95116,10.0,20.0,1,
0.9921522816791721,66247,0.7019954581773834,0.08297237057908238,0.9931339479799115,0.7647551132715766,0.0,0.0,0.6964863955591067,0.0,65199.0,524,0.9829236254456746,62856,0.672315908995332,0.08372934101518147,0.9833849619825401,0.7334082981457684,0.0,0.0,0.660835190714496,0.0,60672.0,1092,40,2.0,,0,95116,10.0,30.0,1,
0.9915584026821529,66248,0.7024265107868287,0.08297237057908238,0.9925388787343061,0.7652251673851234,0.0,0.0,0.6964969090373859,0.0,65120.0,564,0.9825864036390353,62859,0.6725787459523108,0.08372934101518147,0.9830627756404241,0.733683679089407,0.0,0.0,0.6608667311493335,0.0,60631.0,1114,40,2.0,,0,95116,10.0,40.0,1,
0.9893963380029273,66248,0.7039614786155852,0.08297237057908238,0.9903873465787625,0.766887553884252,0.0,0.0,0.6964969090373859,0.0,64828.0,710,0.9819579174281832,62862,0.6730413389965937,0.08372934101518147,0.9824336573625481,0.7341885441527446,0.0,0.0,0.6608982715841709,0.0,60552.0,1155,40,2.0,,0,95116,10.0,60.0,1,
0.9836822568671121,66251,0.7080827621010135,0.08297237057908238,0.9852182318387984,0.7709460698890214,0.0,0.0,0.6965284494722234,0.0,64053.0,1099,0.9813459046845975,62866,0.6735039320408764,0.08372934101518147,0.9818670248488919,0.7346589865981275,0.0,0.0,0.6609403254972875,0.0,60476.0,1195,40,2.0,,0,95116,10.0,80.0,1,
0.9956745783885071,63763,0.6732831489970141,0.08297237057908238,0.9966083150984683,0.7335137118224342,0.0,0.0,0.6703709155136885,0.0,63209.0,277,0.9870920765208182,59648,0.6353084654527104,0.08372934101518147,0.9874515776578485,0.6931108867266386,0.0,0.0,0.6271079523949703,0.0,58088.0,780,40,2.0,,2,95116,10.0,5.0,1,
0.9944243057262226,64741,0.6844694898860338,0.08297237057908238,0.9954181337351435,0.745654865633312,0.0,0.0,0.680653097270701,0.0,64015.0,363,0.9848424475223538,61790,0.6596261407123933,0.08372934101518147,0.9852350277441163,0.7196163025518634,0.0,0.0,0.649627822868918,0.0,59888.0,951,40,2.0,,2,95116,10.0,10.0,1,
0.993889426250902,64735,0.6847743807561294,0.08297237057908238,0.9948822770025204,0.7459873429331376,0.0,0.0,0.6805900164010261,0.0,63939.0,398,0.983931559175427,62336,0.6660709028975146,0.08372934101518147,0.9843199797880907,0.7266499908206352,0.0,0.0,0.655368182009336,0.0,60300.0,1018,40,2.0,,2,95116,10.0,15.0,1,
0.9934013657638303,64735,0.6851108120610623,0.08297237057908238,0.9943932411674347,0.7463542144363936,0.0,0.0,0.6805900164010261,0.0,63875.0,430,0.9837025839671217,62472,0.6676794650742252,0.08372934101518147,0.9840899782615544,0.728405544336332,0.0,0.0,0.6567980150553009,0.0,60402.0,1035,40,2.0,,2,95116,10.0,20.0,1,
0.9921530161844041,64736,0.6859834307582321,0.08297237057908238,0.9931423837503643,0.7473057873979638,0.0,0.0,0.6806005298793053,0.0,63712.0,512,0.9833406745532344,62509,0.6683207872492536,0.08372934101518147,0.9837275545693468,0.7291054709014136,0.0,0.0,0.6571870137516296,0.0,60391.0,1059,40,2.0,,2,95116,10.0,30.0,1,
0.9916516038111578,64737,0.6863408890197232,0.08297237057908238,0.9926399558397351,0.7476955883701734,0.0,0.0,0.6806110433575844,0.0,63647.0,545,0.9829703593049768,62512,0.6686046511627907,0.08372934101518147,0.9833723984961223,0.7294038002570222,0.0,0.0,0.657218554186467,0.0,60346.0,1083,40,2.0,,2,95116,10.0,40.0,1,
0.9895900210951114,64737,0.6877707220656882,0.08297237057908238,0.9905742659097516,0.7492547922590113,0.0,0.0,0.6806110433575844,0.0,63375.0,681,0.982307003346899,62515,0.6690882711636318,0.08372934101518147,0.9827084807042364,0.7299316137323297,0.0,0.0,0.6572500946213045,0.0,60263.0,1126,40,2.0,,2,95116,10.0,60.0,1,
0.9848482543546057,64739,0.69110349468018,0.08297237057908238,0.9860633015505529,0.7527056773365128,0.0,0.0,0.6806320703141427,0.0,62747.0,996,0.9817373826198926,62519,0.6695193237730771,0.08372934101518147,0.9821537978163538,0.7303905819717276,0.0,0.0,0.6572921485344211,0.0,60193.0,1163,40,2.0,,2,95116,10.0,80.0,1,
0.9957658819222259,62557,0.6604882459312839,0.08297237057908238,0.9967019310432732,0.7195725946987068,0.0,0.0,0.657691660709029,0.0,62025.0,266,0.9873773023966517,59449,0.6330060137095757,0.08372934101518147,0.9877382158937976,0.6905980356159354,0.0,0.0,0.6250157702174187,0.0,57929.0,760,40,2.0,,4,95116,10.0,5.0,1,
0.9944718315404848,63142,0.667532276378317,0.08297237057908238,0.9954595617215829,0.7272081078602219,0.0,0.0,0.6638420455023339,0.0,62440.0,351,0.9852123620167582,61494,0.6562197737499474,0.08372934101518147,0.985591332361002,0.7159101340187259,0.0,0.0,0.6465158332982884,0.0,59648.0,923,40,2.0,,4,95116,10.0,10.0,1,
0.9939233651333397,63136,0.6678371672484125,0.08297237057908238,0.9949100994342804,0.7275405851600477,0.0,0.0,0.6637789646326591,0.0,62364.0,386,0.9842971919497255,61868,0.6608246772362169,0.08372934101518147,0.9846731708869826,0.7209358362401321,0.0,0.0,0.650447874174692,0.0,59894.0,987,40,2.0,,4,95116,10.0,15.0,1,
0.9934698116473384,63136,0.6681420581185079,0.08297237057908238,0.9944556451612904,0.7278730624598734,0.0,0.0,0.6637789646326591,0.0,62306.0,415,0.9840410328071902,61969,0.6620757811514362,0.08372934101518147,0.9844162033359809,0.7223012667523407,0.0,0.0,0.6515097354808865,0.0,59959.0,1005,40,2.0,,4,95116,10.0,20.0,1,
0.992267555164393,63136,0.6689515959460027,0.08297237057908238,0.9932510029104067,0.7287558470145832,0.0,0.0,0.6637789646326591,0.0,62152.0,492,0.9837210040300828,62000,0.6626224820219522,0.08372934101518147,0.984095742992286,0.7228979254635579,0.0,0.0,0.6518356533075402,0.0,59948.0,1026,40,2.0,,4,95116,10.0,30.0,1,
0.9917689008969385,63137,0.6692985407292149,0.08297237057908238,0.9927513443818988,0.7291341832523158,0.0,0.0,0.6637894781109382,0.0,62089.0,524,0.9833941316415543,62003,0.6628748055006518,0.08372934101518147,0.9837686034335036,0.7231733064071966,0.0,0.0,0.6518671937423778,0.0,59909.0,1047,40,2.0,,4,95116,10.0,40.0,1,
0.9897322548281916,63137,0.670675806383784,0.08297237057908238,0.990710665474117,0.7306360634687701,0.0,0.0,0.6637894781109382,0.0,61827.0,655,0.9827247369088373,62006,0.6633584255014929,0.08372934101518147,0.9830986808726535,0.7237011198825042,0.0,0.0,0.6518987341772152,0.0,59826.0,1090,40,2.0,,4,95116,10.0,60.0,1,
0.9857147317804285,63137,0.673409310736364,0.08297237057908238,0.9868085837983152,0.733525176556911,0.0,0.0,0.6637894781109382,0.0,61307.0,915,0.9821965977128013,62010,0.6637579376761008,0.08372934101518147,0.9825856850845363,0.7241256655039471,0.0,0.0,0.6519407880903318,0.0,59762.0,1124,40,2.0,,4,95116,10.0,80.0,1,
0.9960023234359517,58300,0.615395937591993,0.08297237057908238,0.9970072680632749,0.6704003485279281,0.0,0.0,0.6129357836746709,0.0,57832.0,234,0.9877512089824467,59029,0.6282959754405147,0.08372934101518147,0.9881149667721254,0.6854575913346797,0.0,0.0,0.6206001093401741,0.0,57565.0,732,40,2.0,,8,95116,10.0,5.0,1,
0.9946197197486932,58417,0.6174881197695445,0.08297237057908238,0.9956538041996182,0.6726589012198477,0.0,0.0,0.6141658606333319,0.0,57785.0,316,0.9856862649743066,60806,0.6485659615627234,0.08372934101518147,0.986053903285441,0.7075683862676703,0.0,0.0,0.6392825602422305,0.0,59040.0,883,40,2.0,,8,95116,10.0,10.0,1,
0.9940775030208139,58411,0.6177614702048025,0.08297237057908238,0.9951105659477325,0.6729569843162433,0.0,0.0,0.614102779763657,0.0,57715.0,348,0.9847261689485921,60990,0.6511627906976745,0.08372934101518147,0.9850919839129101,0.7104025151459519,0.0,0.0,0.6412170402455949,0.0,59098.0,946,40,2.0,,8,95116,10.0,15.0,1,
0.9936885441121431,58411,0.6180032802052231,0.08297237057908238,0.9947207983515267,0.6732206732092084,0.0,0.0,0.614102779763657,0.0,57669.0,371,0.9844374919365243,61043,0.6519197611337735,0.08372934101518147,0.9848027748648867,0.711228657976868,0.0,0.0,0.64177425459439,0.0,59113.0,965,40,2.0,,8,95116,10.0,20.0,1,
0.9924728990382982,58411,0.6187602506413222,0.08297237057908238,0.9935026278638613,0.6740461340915345,0.0,0.0,0.614102779763657,0.0,57525.0,443,0.9841228904398845,61054,0.6522456789604273,0.08372934101518147,0.9844878740970072,0.7115843583624013,0.0,0.0,0.6418899028554607,0.0,59084.0,985,40,2.0,,8,95116,10.0,30.0,1,
0.9919842402010733,58412,0.6190756549896967,0.08297237057908238,0.993012937116434,0.6743900761258369,0.0,0.0,0.6141132932419362,0.0,57468.0,472,0.9838062551360758,61056,0.6524769754825687,0.08372934101518147,0.9841709919726619,0.7118367908940701,0.0,0.0,0.641910929812019,0.0,59046.0,1005,40,2.0,,8,95116,10.0,40.0,1,
0.9901849434659524,58412,0.6202005971655663,0.08297237057908238,0.9912099100627864,0.6756168027148491,0.0,0.0,0.6141132932419362,0.0,57254.0,579,0.9831095224293949,61057,0.6529500820051306,0.08372934101518147,0.9834737367717411,0.7123531301633927,0.0,0.0,0.6419214432902982,0.0,58959.0,1049,40,2.0,,8,95116,10.0,60.0,1,
0.9866058609914703,58412,0.6224504815173052,0.08297237057908238,0.9876735259802844,0.6780358616894433,0.0,0.0,0.6141132932419362,0.0,56826.0,793,0.9827458554643489,61058,0.6532024054838302,0.08372934101518147,0.9831256239332754,0.7126170369010465,0.0,0.0,0.6419319567685773,0.0,58914.0,1072,40,2.0,,8,95116,10.0,80.0,1,
0.9962196966001658,40847,0.4310736364018672,0.08297237057908238,0.9974116670329402,0.469515271026323,0.0,0.0,0.42944404726859836,0.0,40537.0,155,0.9887728771851877,57862,0.6152382354178056,0.08372934101518147,0.989077109792995,0.6712525243253167,0.0,0.0,0.6083308801884015,0.0,56548.0,657,40,2.0,,16,95116,10.0,5.0,1,
0.9943454629652198,40797,0.4313575003154044,0.08297237057908238,0.9955344070278185,0.4698248188571953,0.0,0.0,0.42891837335464067,0.0,40333.0,232,0.9864731553162673,58998,0.6287795954413559,0.08372934101518147,0.986786646149729,0.686019827427942,0.0,0.0,0.6202741915135204,0.0,57380.0,809,40,2.0,,16,95116,10.0,10.0,1,
0.9937874579739804,40791,0.43153622944614994,0.08297237057908238,0.9949752420908847,0.4700197193433,0.0,0.0,0.42885529248496573,0.0,40281.0,255,0.9854898228389186,59020,0.6296417006602464,0.08372934101518147,0.985802572239853,0.6869607123187076,0.0,0.0,0.6205054880356617,0.0,57282.0,869,40,2.0,,16,95116,10.0,15.0,1,
0.9935454014029618,40791,0.4316413642289415,0.08297237057908238,0.9947326066281367,0.4701343666880675,0.0,0.0,0.42885529248496573,0.0,40261.0,265,0.9852300605817854,59034,0.629957105008621,0.08372934101518147,0.9855425709515859,0.6873049384982559,0.0,0.0,0.6206526767315699,0.0,57264.0,885,40,2.0,,16,95116,10.0,20.0,1,
0.9922644676348245,40791,0.43219857857773664,0.08297237057908238,0.9934486117876279,0.47074199761533525,0.0,0.0,0.42885529248496573,0.0,40155.0,318,0.9849672984516817,59035,0.6301358341393667,0.08372934101518147,0.9852796368309494,0.6875,0.0,0.0,0.6206631902098491,0.0,57233.0,901,40,2.0,,16,95116,10.0,30.0,1,
0.9917578409919766,40791,0.4324193616215989,0.08297237057908238,0.9929407755410044,0.47098275703934694,0.0,0.0,0.42885529248496573,0.0,40113.0,339,0.9846720928681033,59037,0.6303461037049497,0.08372934101518147,0.9849842334451173,0.6877294841196989,0.0,0.0,0.6206842171664073,0.0,57199.0,919,40,2.0,,16,95116,10.0,40.0,1,
0.9902891408317351,40791,0.43306068379662727,0.08297237057908238,0.9914685722619221,0.4716821058424287,0.0,0.0,0.42885529248496573,0.0,39991.0,400,0.9837699126841298,59038,0.6309348584885823,0.08372934101518147,0.9840978797172957,0.6883605654488709,0.0,0.0,0.6206947306446865,0.0,57090.0,974,40,2.0,,16,95116,10.0,60.0,1,
0.9858375425961283,40791,0.4350161907565499,0.08297237057908238,0.9870541547693946,0.4737916169861506,0.0,0.0,0.42885529248496573,0.0,39619.0,586,0.9834260585668121,59039,0.6311661550107237,0.08372934101518147,0.9837701831269892,0.6886015237745547,0.0,0.0,0.6207052441229657,0.0,57049.0,995,40,2.0,,16,95116,10.0,80.0,1,
0.9948094522606201,65547,0.6927225703351697,0.08297237057908238,0.9957161737228273,0.754712005869944,0.0,0.0,0.6891269607636991,0.0,64863.0,342,0.9838042672378284,59712,0.6381155641532444,0.08372934101518147,0.984160994181926,0.6961744997246191,0.0,0.0,0.6277808150048362,0.0,57746.0,983,50,2.0,,0,95116,10.0,5.0,1,
0.9938436281551406,67802,0.7172505151604357,0.08297237057908238,0.9948060332179118,0.7813904429973402,0.0,0.0,0.712834854283191,0.0,66962.0,420,0.9784691264346012,61896,0.6650616089827158,0.08372934101518147,0.9789024197374664,0.7255140444281256,0.0,0.0,0.6507422515665082,0.0,59172.0,1362,50,2.0,,0,95116,10.0,10.0,1,
0.9932490810842474,67826,0.7179338912485806,0.08297237057908238,0.9942099939901203,0.7821356507383289,0.0,0.0,0.7130871777618908,0.0,66904.0,461,0.9773422576988182,62934,0.6769944068295555,0.08372934101518147,0.9777674201817758,0.7385372682210392,0.0,0.0,0.66165524202027,0.0,60016.0,1459,50,2.0,,0,95116,10.0,15.0,1,
0.992740259360089,67826,0.7183018629883511,0.08297237057908238,0.9937001875293014,0.7825369164450151,0.0,0.0,0.7130871777618908,0.0,66834.0,496,0.9805853643515882,63690,0.6828609277093234,0.08372934101518147,0.9810233819044392,0.744928400954654,0.0,0.0,0.6696034315993104,0.0,61168.0,1261,50,2.0,,0,95116,10.0,20.0,1,
0.9913185817427144,67828,0.7193532108162665,0.08297237057908238,0.9922757329276143,0.78368338989269,0.0,0.0,0.713108204718449,0.0,66640.0,594,0.9801779375835523,63789,0.684206652929055,0.08372934101518147,0.9806149116064565,0.746397099320727,0.0,0.0,0.6706442659489465,0.0,61209.0,1290,50,2.0,,0,95116,10.0,30.0,1,
0.9906671729859204,67829,0.7198368308171076,0.08297237057908238,0.9916230519575451,0.7842107676786205,0.0,0.0,0.7131187181967282,0.0,66551.0,639,0.9797579555227915,63794,0.6845535977122671,0.08372934101518147,0.9802095817583971,0.7467642739122453,0.0,0.0,0.6706968333403424,0.0,61158.0,1318,50,2.0,,0,95116,10.0,40.0,1,
0.9883863258823187,67829,0.7214979603852139,0.08297237057908238,0.9893522367595794,0.7860107309914702,0.0,0.0,0.7131187181967282,0.0,66235.0,797,0.978947691457857,63799,0.6851738929307372,0.08372934101518147,0.9793985354845642,0.747441252065357,0.0,0.0,0.670749400731738,0.0,61055.0,1372,50,2.0,,0,95116,10.0,60.0,1,
0.9829015243725728,67832,0.7255561630009673,0.08297237057908238,0.984342122447795,0.790046317527286,0.0,0.0,0.7131502586315657,0.0,65472.0,1180,0.9782728694532185,63801,0.6856680264098575,0.08372934101518147,0.9787681215003452,0.7479461171286947,0.0,0.0,0.6707704276882964,0.0,60967.0,1417,50,2.0,,0,95116,10.0,80.0,1,
0.994888041997643,65003,0.6869191303250768,0.08297237057908238,0.9958025031787613,0.7483834724387783,0.0,0.0,0.6834076285798394,0.0,64335.0,334,0.9840311458642648,59650,0.6373060263257496,0.08372934101518147,0.984388408475807,0.6952909858637782,0.0,0.0,0.6271289793515287,0.0,57714.0,968,50,2.0,,2,95116,10.0,5.0,1,
0.9938069000341586,66916,0.7079040329702679,0.08297237057908238,0.9947671998572872,0.7712097587819866,0.0,0.0,0.7035199125278607,0.0,66082.0,417,0.9789768856640421,61794,0.6636212624584718,0.08372934101518147,0.9793647774819323,0.7239765008261428,0.0,0.0,0.6496698767820346,0.0,59140.0,1327,50,2.0,,2,95116,10.0,10.0,1,
0.9932471541578236,66924,0.708387652971109,0.08297237057908238,0.9942062572421785,0.7717371365679171,0.0,0.0,0.703604020354094,0.0,66014.0,455,0.9779302815253841,62700,0.6740716598679507,0.08372934101518147,0.9783117491028241,0.735381861575179,0.0,0.0,0.659195088102948,0.0,59870.0,1415,50,2.0,,2,95116,10.0,15.0,1,
0.9927314801079894,66924,0.7087556247108794,0.08297237057908238,0.9936895870762743,0.7721384022746033,0.0,0.0,0.703604020354094,0.0,65944.0,490,0.9809573941045331,63362,0.6790865890071072,0.08372934101518147,0.981337215605495,0.7408550578299982,0.0,0.0,0.6661550107237478,0.0,60902.0,1230,50,2.0,,2,95116,10.0,20.0,1,
0.9913934851200616,66926,0.7097333781908407,0.08297237057908238,0.9923489813469352,0.773204622580941,0.0,0.0,0.7036250473106522,0.0,65764.0,581,0.9805888262112665,63449,0.6802746120526515,0.08372934101518147,0.9809678416821274,0.742151643106297,0.0,0.0,0.6670696833340343,0.0,60937.0,1256,50,2.0,,2,95116,10.0,30.0,1,
0.9907478683088584,66927,0.7102064847134025,0.08297237057908238,0.9917021055907064,0.7737205356323947,0.0,0.0,0.7036355607889314,0.0,65677.0,625,0.9801813491511809,63454,0.6806110433575844,0.08372934101518147,0.9805751726908871,0.7425073434918303,0.0,0.0,0.66712225072543,0.0,60888.0,1283,50,2.0,,2,95116,10.0,40.0,1,
0.9885235732009926,66927,0.7118045334118339,0.08297237057908238,0.9894735285855794,0.7754631752728607,0.0,0.0,0.7036355607889314,0.0,65373.0,777,0.9794264724040005,63459,0.6811892846629379,0.08372934101518147,0.9798196584627736,0.7431384248210023,0.0,0.0,0.6671748181168258,0.0,60793.0,1333,50,2.0,,2,95116,10.0,60.0,1,
0.9839174409032106,66930,0.7151688464611632,0.08297237057908238,0.9850324517638748,0.7789943134916996,0.0,0.0,0.7036671012237689,0.0,64742.0,1094,0.978853035538006,63461,0.6816098237941041,0.08372934101518147,0.9792608595015817,0.7435859188544153,0.0,0.0,0.667195845073384,0.0,60719.0,1371,50,2.0,,2,95116,10.0,80.0,1,
0.9949975296442688,64444,0.6809369611842382,0.08297237057908238,0.9959047427714847,0.7418715032559846,0.0,0.0,0.6775305942217923,0.0,63796.0,324,0.9842997766564645,59496,0.635487194583456,0.08372934101518147,0.984658159972196,0.6933059482283827,0.0,0.0,0.6255099036965389,0.0,57598.0,949,50,2.0,,4,95116,10.0,5.0,1,
0.9938999593330622,65988,0.6980213633878632,0.08297237057908238,0.9948589606356194,0.7604443731083188,0.0,0.0,0.6937634046848059,0.0,65178.0,405,0.9800146389587245,61590,0.6607300559317044,0.08372934101518147,0.9803890356881347,0.7208325683862676,0.0,0.0,0.6475251272130872,0.0,59078.0,1256,50,2.0,,4,95116,10.0,10.0,1,
0.9933612332149093,65987,0.6983893351276337,0.08297237057908238,0.9943192092098125,0.760845638815005,0.0,0.0,0.6937528912065267,0.0,65105.0,441,0.9790711549331156,62359,0.6696244585558686,0.08372934101518147,0.9794402211472011,0.7305397466495318,0.0,0.0,0.6556099920097566,0.0,59693.0,1333,50,2.0,,4,95116,10.0,15.0,1,
0.9928829371050256,65987,0.6987257664325666,0.08297237057908238,0.9938399903608651,0.761212510318261,0.0,0.0,0.6937528912065267,0.0,65041.0,473,0.9813655872024971,62881,0.6736511207367846,0.08372934101518147,0.9817333062715649,0.7349343675417661,0.0,0.0,0.6610980276714749,0.0,60493.0,1194,50,2.0,,4,95116,10.0,20.0,1,
0.9915255510645651,65989,0.6997035199125279,0.08297237057908238,0.9924799590909774,0.7622787306245987,0.0,0.0,0.6937739181630851,0.0,64861.0,564,0.9810356380409206,62956,0.6746814416081416,0.08372934101518147,0.9814026719044724,0.7360588397282908,0.0,0.0,0.6618865385424114,0.0,60522.0,1217,50,2.0,,4,95116,10.0,30.0,1,
0.9908854753217112,65990,0.7001661129568106,0.08297237057908238,0.9918386364661146,0.7627831789415758,0.0,0.0,0.6937844316413643,0.0,64776.0,607,0.9806548082614249,62960,0.6749863324782371,0.08372934101518147,0.9810215338589547,0.7363915917018542,0.0,0.0,0.661928592455528,0.0,60476.0,1242,50,2.0,,4,95116,10.0,40.0,1,
0.988673478560513,65990,0.7017326212204046,0.08297237057908238,0.9896223868510242,0.7644914243786114,0.0,0.0,0.6937844316413643,0.0,64478.0,756,0.9798779918453734,62965,0.6755750872618698,0.08372934101518147,0.9802441074820188,0.7370341472370112,0.0,0.0,0.6619811598469237,0.0,60379.0,1293,50,2.0,,4,95116,10.0,60.0,1,
0.984676216054909,65993,0.7046133142688927,0.08297237057908238,0.9857351974666906,0.7675410437494268,0.0,0.0,0.6938159720762017,0.0,63939.0,1027,0.979345205692511,62967,0.6759640859581985,0.08372934101518147,0.9797261552824024,0.7374472186524692,0.0,0.0,0.6620021868034821,0.0,60311.0,1328,50,2.0,,4,95116,10.0,80.0,1,
0.9953011397910912,62698,0.6622860507170192,0.08297237057908238,0.9962342098991023,0.7215330642942309,0.0,0.0,0.6591740611463897,0.0,62106.0,296,0.9849546475825913,59181,0.6317023424029606,0.08372934101518147,0.9853154188102492,0.6891752340738021,0.0,0.0,0.6221981580386055,0.0,57373.0,904,50,2.0,,8,95116,10.0,5.0,1,
0.9940221898815392,63521,0.6718428024727701,0.08297237057908238,0.995018718964896,0.7318971842612125,0.0,0.0,0.6678266537701333,0.0,62757.0,382,0.9819028502609394,61148,0.6547268598343076,0.08372934101518147,0.9822656300199191,0.7142922709748485,0.0,0.0,0.6428781698137012,0.0,58894.0,1127,50,2.0,,8,95116,10.0,10.0,1,
0.9934928828406069,63514,0.6721266663863072,0.08297237057908238,0.9944884602135722,0.7322067320920848,0.0,0.0,0.6677530594221792,0.0,62682.0,416,0.9808847363905043,61731,0.66165524202027,0.08372934101518147,0.9812433437713596,0.7218537727189278,0.0,0.0,0.6490075276504479,0.0,59325.0,1203,50,2.0,,8,95116,10.0,15.0,1,
0.9930268918073796,63514,0.6724420707346819,0.08297237057908238,0.9940215349943659,0.7325506741263872,0.0,0.0,0.6677530594221792,0.0,62622.0,446,0.981968147421081,62027,0.6640943689810337,0.08372934101518147,0.9823258318420094,0.7245157885074353,0.0,0.0,0.6521195172210774,0.0,59749.0,1139,50,2.0,,8,95116,10.0,20.0,1,
0.9916163177368742,63516,0.6734198242146432,0.08297237057908238,0.992608104517964,0.7336168944327249,0.0,0.0,0.6677740863787376,0.0,62442.0,537,0.9817509013852869,62082,0.6648303124605744,0.08372934101518147,0.9821081106734374,0.7253189829263815,0.0,0.0,0.6526977585264309,0.0,59774.0,1154,50,2.0,,8,95116,10.0,30.0,1,
0.9909975972789965,63517,0.6738508768240885,0.08297237057908238,0.9919881305637982,0.7340869485462717,0.0,0.0,0.6677845998570167,0.0,62363.0,577,0.9813948341816572,62085,0.6651036628958324,0.08372934101518147,0.9817517671057417,0.7256173122819901,0.0,0.0,0.6527292989612683,0.0,59731.0,1177,50,2.0,,8,95116,10.0,40.0,1,
0.9889762553522772,63517,0.6752281424786576,0.08297237057908238,0.9899627499571391,0.7355888287627259,0.0,0.0,0.6677845998570167,0.0,62101.0,708,0.980528402002432,62090,0.6657449850708609,0.08372934101518147,0.9808846761453397,0.7263172388470718,0.0,0.0,0.6527818663526641,0.0,59624.0,1233,50,2.0,,8,95116,10.0,60.0,1,
0.9854323745694871,63519,0.6776777829177005,0.08297237057908238,0.9864730548221774,0.7382142529579014,0.0,0.0,0.667805626813575,0.0,61641.0,939,0.9801417544081201,62091,0.6660183355061189,0.08372934101518147,0.9805132254243979,0.7266040939966955,0.0,0.0,0.6527923798309433,0.0,59575.0,1258,50,2.0,,8,95116,10.0,80.0,1,
0.9955626749153041,54071,0.5710080322974053,0.08297237057908238,0.9965718709106659,0.6220420985049986,0.0,0.0,0.5684742840321292,0.0,53589.0,241,0.9861549098635728,58478,0.6234387484755457,0.08372934101518147,0.9864709851551957,0.6801909307875895,0.0,0.0,0.6148071828083603,0.0,56836.0,821,50,2.0,,16,95116,10.0,5.0,1,
0.9941063068025338,54144,0.5726165944741158,0.08297237057908238,0.995129482254774,0.6237847381454645,0.0,0.0,0.5692417679465074,0.0,53502.0,321,0.9837688368211791,60125,0.6425522519870474,0.08372934101518147,0.984090871892237,0.7010395630622361,0.0,0.0,0.6321228815341268,0.0,58141.0,992,50,2.0,,16,95116,10.0,10.0,1,
0.9934486998330061,54136,0.5729109718659321,0.08297237057908238,0.9944706725205283,0.6241057507108135,0.0,0.0,0.5691576601202742,0.0,53422.0,357,0.9827339300244101,60389,0.6460532402540057,0.08372934101518147,0.9830538824678496,0.7048604736552231,0.0,0.0,0.6348984397998234,0.0,58267.0,1061,50,2.0,,16,95116,10.0,15.0,1,
0.9931388736011741,54136,0.5730897009966778,0.08297237057908238,0.9941602086164469,0.6243006511969182,0.0,0.0,0.5691576601202742,0.0,53388.0,374,0.9829695955278938,60489,0.646967912864292,0.08372934101518147,0.9832891720987694,0.7058587295759133,0.0,0.0,0.6359497876277388,0.0,58393.0,1048,50,2.0,,16,95116,10.0,20.0,1,
0.9918106370115237,54136,0.573857184911056,0.08297237057908238,0.9928292405597227,0.625137576813721,0.0,0.0,0.5691576601202742,0.0,53242.0,447,0.9827684212235882,60512,0.6473463980823415,0.08372934101518147,0.9830877455201209,0.7062718009913714,0.0,0.0,0.6361915976281594,0.0,58390.0,1061,50,2.0,,16,95116,10.0,30.0,1,
0.9909573494416987,54136,0.5743513183901762,0.08297237057908238,0.9919742001685784,0.6256764193341282,0.0,0.0,0.5691576601202742,0.0,53148.0,494,0.9824023117258397,60515,0.6476197485175995,0.08372934101518147,0.9827213822894169,0.70657013034698,0.0,0.0,0.6362231380629968,0.0,58347.0,1084,50,2.0,,16,95116,10.0,40.0,1,
0.9894178927168052,54136,0.5752449640439042,0.08297237057908238,0.9904315849173969,0.626650921764652,0.0,0.0,0.5691576601202742,0.0,52978.0,579,0.981399798916745,60519,0.6483241515623028,0.08372934101518147,0.9817341227999027,0.7073274279419864,0.0,0.0,0.6362651919761134,0.0,58225.0,1147,50,2.0,,16,95116,10.0,60.0,1,
0.9854017255815647,54136,0.5775894697001556,0.08297237057908238,0.9864431486880466,0.6291846280840135,0.0,0.0,0.5691576601202742,0.0,52532.0,802,0.9810501061777627,60520,0.6485659615627234,0.08372934101518147,0.981400100539997,0.7075798604736552,0.0,0.0,0.6362757054543925,0.0,58182.0,1169,50,2.0,,16,95116,10.0,80.0,1,
0.99316425449541,65671,0.6951827242524917,0.08297237057908238,0.9940662700755339,0.7573947537375034,0.0,0.0,0.6904306320703142,0.0,64767.0,452,0.9809160305343512,59624,0.6390512637200891,0.08372934101518147,0.9812711892301109,0.6971957040572793,0.0,0.0,0.6268556289162707,0.0,57304.0,1160,60,2.0,,0,95116,10.0,5.0,1,
0.9931279449075752,68501,0.7251671643046386,0.08297237057908238,0.9940935740407499,0.7900119233238558,0.0,0.0,0.7201837756003197,0.0,67553.0,474,0.9751569450140383,61823,0.6665334959417973,0.08372934101518147,0.9755878175792962,0.7271204332660179,0.0,0.0,0.64997476765213,0.0,58673.0,1575,60,2.0,,0,95116,10.0,10.0,1,
0.9925925925925926,68608,0.7266916186551159,0.08297237057908238,0.993555674626736,0.7916743098229845,0.0,0.0,0.7213087177761891,0.0,67584.0,512,0.9735881734397229,62960,0.6798856133563228,0.08372934101518147,0.974009900990099,0.7416926748668992,0.0,0.0,0.661928592455528,0.0,59544.0,1708,60,2.0,,0,95116,10.0,15.0,1,
0.9920476562274081,68612,0.7271331847428403,0.08297237057908238,0.9930096244301324,0.792155828671008,0.0,0.0,0.7213507716893057,0.0,67512.0,550,0.9772522556907528,64011,0.6886433407628579,0.08372934101518147,0.9776851173020528,0.7512392142463742,0.0,0.0,0.6729782581269187,0.0,61031.0,1490,60,2.0,,0,95116,10.0,20.0,1,
0.9905441106411237,68614,0.7282581269187098,0.08297237057908238,0.9915031357475218,0.7933825552600202,0.0,0.0,0.721371798645864,0.0,67304.0,655,0.9769363009843148,64215,0.6910614407670633,0.08372934101518147,0.977367507838422,0.7538782816229117,0.0,0.0,0.6751230076958661,0.0,61183.0,1516,60,2.0,,0,95116,10.0,30.0,1,
0.989786939399622,68615,0.7288258547457841,0.08297237057908238,0.9907444842324131,0.7940016509217647,0.0,0.0,0.7213823121241432,0.0,67199.0,708,0.9764627174309695,64220,0.691450439463392,0.08372934101518147,0.9769083330798016,0.7542913530383697,0.0,0.0,0.6751755750872619,0.0,61124.0,1548,60,2.0,,0,95116,10.0,40.0,1,
0.9874082601813211,68615,0.7305816056184028,0.08297237057908238,0.9883754429431593,0.7959047968449051,0.0,0.0,0.7213823121241432,0.0,66865.0,875,0.9756041986298248,64225,0.6921127885949787,0.08372934101518147,0.9760489962158629,0.7550142280154213,0.0,0.0,0.6752281424786576,0.0,61013.0,1606,60,2.0,,0,95116,10.0,60.0,1,
0.982234883188273,68615,0.7344295386685731,0.08297237057908238,0.9836429841160617,0.7997340181601394,0.0,0.0,0.7213823121241432,0.0,66133.0,1241,0.9748793297106949,64227,0.6926489759872156,0.08372934101518147,0.9753826995504798,0.7555535156967138,0.0,0.0,0.675249169435216,0.0,60917.0,1655,60,2.0,,0,95116,10.0,80.0,1,
0.9936102236421726,65310,0.6910509272887843,0.08297237057908238,0.9945180447693011,0.7528891130881409,0.0,0.0,0.6866352664115396,0.0,64470.0,420,0.9811084575475583,59568,0.6383258337188276,0.08372934101518147,0.9814640897632346,0.696403983844318,0.0,0.0,0.626266874132638,0.0,57274.0,1147,60,2.0,,2,95116,10.0,5.0,1,
0.9931585115733959,67793,0.7176500273350436,0.08297237057908238,0.9941197172771798,0.7818261029074567,0.0,0.0,0.7127402329786786,0.0,66859.0,467,0.9754698193428061,61717,0.6651772572437865,0.08372934101518147,0.9758554171146671,0.7256746833119149,0.0,0.0,0.6488603389545398,0.0,58613.0,1552,60,2.0,,2,95116,10.0,10.0,1,
0.9926119905199403,67849,0.718638294293284,0.08297237057908238,0.9935713448922212,0.7829037879482711,0.0,0.0,0.7133289877623112,0.0,66839.0,505,0.9739361124470577,62777,0.6776672694394213,0.08372934101518147,0.974314005463124,0.7393060400220305,0.0,0.0,0.6600046259304428,0.0,59417.0,1680,60,2.0,,2,95116,10.0,15.0,1,
0.9920608231595877,67852,0.7190693469027293,0.08297237057908238,0.9930190695019684,0.7833738420618178,0.0,0.0,0.7133605281971488,0.0,66766.0,543,0.9776585141455186,63758,0.68563648597502,0.08372934101518147,0.9780334407117656,0.7480034881586194,0.0,0.0,0.6703183481222927,0.0,60844.0,1457,60,2.0,,2,95116,10.0,20.0,1,
0.9905982656427925,67854,0.7201522351654821,0.08297237057908238,0.9915536591068506,0.7845547097129231,0.0,0.0,0.713381555153707,0.0,66566.0,644,0.9774509654044303,63938,0.6877181546742924,0.08372934101518147,0.9778246773108216,0.7502753809436387,0.0,0.0,0.6722107742125405,0.0,60988.0,1475,60,2.0,,2,95116,10.0,30.0,1,
0.9898325358851675,67855,0.7207199629925565,0.08297237057908238,0.990786438104138,0.7851738053746675,0.0,0.0,0.7133920686319862,0.0,66461.0,697,0.9769897171843726,63943,0.6880966398923419,0.08372934101518147,0.9773779863350809,0.7506769781531119,0.0,0.0,0.6722633416039362,0.0,60931.0,1506,60,2.0,,2,95116,10.0,40.0,1,
0.987527651647456,67855,0.7224021195172211,0.08297237057908238,0.9884771144713458,0.7870081628909474,0.0,0.0,0.7133920686319862,0.0,66141.0,857,0.9761861146730171,63948,0.6887169351108121,0.08372934101518147,0.9765737149140222,0.7513539563062236,0.0,0.0,0.672315908995332,0.0,60828.0,1560,60,2.0,,2,95116,10.0,60.0,1,
0.982949936261444,67855,0.7257664325665503,0.08297237057908238,0.9841046540296733,0.790504906906356,0.0,0.0,0.7133920686319862,0.0,65501.0,1177,0.9754721010403002,63950,0.6892426090247697,0.08372934101518147,0.9758740138255176,0.7519161923994859,0.0,0.0,0.6723369359518904,0.0,60734.0,1608,60,2.0,,2,95116,10.0,80.0,1,
0.9940933435348126,64964,0.6870558055427057,0.08297237057908238,0.994991652754591,0.7485439787214528,0.0,0.0,0.6829976029269523,0.0,64192.0,386,0.9813882053738048,59426,0.6366226502376046,0.08372934101518147,0.9817448910475624,0.6945451624747567,0.0,0.0,0.6247739602169982,0.0,57172.0,1127,60,2.0,,4,95116,10.0,5.0,1,
0.9931498742417517,67127,0.7106059968880104,0.08297237057908238,0.9941058867086264,0.7741561955425112,0.0,0.0,0.7057382564447622,0.0,66201.0,463,0.9758925314428003,61531,0.662885318978931,0.08372934101518147,0.976264140765069,0.7231847806131816,0.0,0.0,0.6469048319946171,0.0,58491.0,1520,60,2.0,,4,95116,10.0,10.0,1,
0.9926097816929512,67157,0.7113103999327137,0.08297237057908238,0.9935643271393064,0.7749243327524534,0.0,0.0,0.7060536607931368,0.0,66157.0,500,0.974454945260597,62484,0.6741452542159048,0.08372934101518147,0.9748198071702705,0.7354736552230585,0.0,0.0,0.6569241767946508,0.0,59208.0,1638,60,2.0,,4,95116,10.0,15.0,1,
0.9920529410026884,67160,0.711741452542159,0.08297237057908238,0.9930063726287464,0.7753943868660002,0.0,0.0,0.7060852012279742,0.0,66084.0,538,0.9781317036282544,63380,0.6812418520543336,0.08372934101518147,0.9784941256387693,0.743218744262897,0.0,0.0,0.6663442533327726,0.0,60546.0,1417,60,2.0,,4,95116,10.0,20.0,1,
0.9906191923065577,67162,0.7127928003700744,0.08297237057908238,0.9915698404027579,0.7765408603136751,0.0,0.0,0.7061062281845326,0.0,65890.0,636,0.9779262360692076,63530,0.6829976029269523,0.08372934101518147,0.9782876501385894,0.745134936662383,0.0,0.0,0.6679212750746457,0.0,60662.0,1434,60,2.0,,4,95116,10.0,30.0,1,
0.9898455461887637,67163,0.7133605281971488,0.08297237057908238,0.9907946951480372,0.7771599559754196,0.0,0.0,0.7061167416628117,0.0,65785.0,689,0.9774611917106417,63534,0.6833655746667228,0.08372934101518147,0.9778222393228164,0.745536533871856,0.0,0.0,0.6679633289877623,0.0,60604.0,1465,60,2.0,,4,95116,10.0,40.0,1,
0.9875749911775086,67163,0.7150006308086968,0.08297237057908238,0.9885197886463654,0.7789484545537926,0.0,0.0,0.7061167416628117,0.0,65473.0,845,0.9767416835762159,63539,0.6839227890155178,0.08372934101518147,0.9771021713723319,0.7461446667890582,0.0,0.0,0.668015896379158,0.0,60513.0,1513,60,2.0,,4,95116,10.0,60.0,1,
0.9835544621152212,67163,0.7179233777703016,0.08297237057908238,0.9846359091642111,0.7820210033935614,0.0,0.0,0.7061167416628117,0.0,64917.0,1123,0.9760972087807426,63541,0.6843958955380798,0.08372934101518147,0.976472215392181,0.7466495318523958,0.0,0.0,0.6680369233357164,0.0,60429.0,1556,60,2.0,,4,95116,10.0,80.0,1,
0.9944612520363044,64098,0.677646242482863,0.08297237057908238,0.9953723833778495,0.738283041364762,0.0,0.0,0.6738929307372051,0.0,63384.0,357,0.9817922289166625,59152,0.6334265528407418,0.08372934101518147,0.9821508625699437,0.6910570038553332,0.0,0.0,0.62189326716851,0.0,56958.0,1097,60,2.0,,8,95116,10.0,5.0,1,
0.9933301067787894,65677,0.6951301568610959,0.08297237057908238,0.9942925485209071,0.7572915711272127,0.0,0.0,0.6904937129399891,0.0,64795.0,441,0.9765177274396182,61172,0.6585958198410362,0.08372934101518147,0.976876397317151,0.7185147787773086,0.0,0.0,0.6431304932924009,0.0,58230.0,1471,60,2.0,,8,95116,10.0,10.0,1,
0.9927758550334759,65689,0.6956453172967745,0.08297237057908238,0.993737046730103,0.7578533431165734,0.0,0.0,0.6906198746793389,0.0,64733.0,478,0.9752183148454094,61980,0.6681841120316245,0.08372934101518147,0.9755713656110306,0.7289792546355792,0.0,0.0,0.6516253837419572,0.0,58830.0,1575,60,2.0,,8,95116,10.0,15.0,1,
0.9922512234910277,65691,0.6960343159931032,0.08297237057908238,0.9932113698215905,0.7582775382922131,0.0,0.0,0.6906409016358972,0.0,64665.0,513,0.9786795692211644,62704,0.6735985533453888,0.08372934101518147,0.9790310240916826,0.7348884707178264,0.0,0.0,0.6592371420160646,0.0,59972.0,1366,60,2.0,,8,95116,10.0,20.0,1,
0.9906952194239179,65693,0.6971487446906934,0.08297237057908238,0.9916523261781843,0.7594928001467486,0.0,0.0,0.6906619285924556,0.0,64459.0,617,0.9784864157527418,62811,0.6748811976954455,0.08372934101518147,0.9788371331951565,0.7362883238479897,0.0,0.0,0.6603620841919341,0.0,60049.0,1381,60,2.0,,8,95116,10.0,30.0,1,
0.9898445033751205,65694,0.6977585264308844,0.08297237057908238,0.9907999517374517,0.7601577547464001,0.0,0.0,0.6906724420707346,0.0,64346.0,674,0.9780154763572952,62815,0.675249169435216,0.08372934101518147,0.9783658339044297,0.7366899210574628,0.0,0.0,0.6604041381050507,0.0,59991.0,1412,60,2.0,,8,95116,10.0,40.0,1,
0.9877311682453767,65694,0.6992514403465242,0.08297237057908238,0.9886825392047678,0.7617857470420986,0.0,0.0,0.6906724420707346,0.0,64062.0,816,0.9772257050853258,62819,0.6758379242188486,0.08372934101518147,0.9775754746342982,0.7373324765926198,0.0,0.0,0.6604461920181673,0.0,59891.0,1464,60,2.0,,8,95116,10.0,60.0,1,
0.9841945197680864,65694,0.701764161655242,0.08297237057908238,0.9852129574085183,0.7644684949096578,0.0,0.0,0.6906724420707346,0.0,63584.0,1055,0.9767702211027148,62820,0.6761638420455023,0.08372934101518147,0.9771348576761549,0.7376767027721681,0.0,0.0,0.6604567054964464,0.0,59832.0,1494,60,2.0,,8,95116,10.0,80.0,1,
0.9948007508180927,59888,0.6329219058833424,0.08297237057908238,0.9957104379343598,0.6895579198385765,0.0,0.0,0.6296311871819673,0.0,59262.0,313,0.9828136014232486,58558,0.6264140628285462,0.08372934101518147,0.983127109111361,0.6834381310813292,0.0,0.0,0.6156482610706926,0.0,56510.0,1024,60,2.0,,16,95116,10.0,5.0,1,
0.9933225614983843,60247,0.6376634845872409,0.08297237057908238,0.9942897694453154,0.6946826561496836,0.0,0.0,0.6334055258841835,0.0,59437.0,405,0.9785453660909754,60342,0.6483136380840238,0.08372934101518147,0.9788628437018412,0.7073274279419864,0.0,0.0,0.6344043063207031,0.0,57696.0,1323,60,2.0,,16,95116,10.0,10.0,1,
0.9927326060446261,60241,0.6379788889356155,0.08297237057908238,0.9936987611962457,0.695026598183986,0.0,0.0,0.6333424450145086,0.0,59359.0,441,0.9775663141678835,60919,0.6551684259220321,0.08372934101518147,0.9778801547426039,0.7148086102441711,0.0,0.0,0.640470583287775,0.0,58123.0,1398,60,2.0,,16,95116,10.0,15.0,1,
0.992274748805798,60241,0.6382732663274318,0.08297237057908238,0.9932400125307085,0.695347610749335,0.0,0.0,0.6333424450145086,0.0,59303.0,469,0.979531509651029,61303,0.6579755246225661,0.08372934101518147,0.9798446390895723,0.7178722232421516,0.0,0.0,0.64450775894697,0.0,58741.0,1281,60,2.0,,16,95116,10.0,20.0,1,
0.990952608116333,60241,0.6391248580680432,0.08297237057908238,0.9919153000065863,0.6962762542419517,0.0,0.0,0.6333424450145086,0.0,59141.0,550,0.9793329077561442,61365,0.6587745489717818,0.08372934101518147,0.9796455938697318,0.7187442628970075,0.0,0.0,0.6451595946002776,0.0,58775.0,1295,60,2.0,,16,95116,10.0,30.0,1,
0.9897640641430073,60241,0.6398923419824215,0.08297237057908238,0.9907244470027136,0.6971131798587544,0.0,0.0,0.6333424450145086,0.0,58995.0,623,0.9788964923194717,61368,0.6591004667984356,0.08372934101518147,0.9792088844920298,0.7190999632825409,0.0,0.0,0.645191135035115,0.0,58722.0,1323,60,2.0,,16,95116,10.0,40.0,1,
0.9878326746798288,60241,0.6411434458976408,0.08297237057908238,0.9887893112730615,0.6984774832614876,0.0,0.0,0.6333424450145086,0.0,58757.0,742,0.9777282141150231,61372,0.6599310315824888,0.08372934101518147,0.9780554271781223,0.7199949513493666,0.0,0.0,0.6452331889482317,0.0,58576.0,1398,60,2.0,,16,95116,10.0,60.0,1,
0.9845231091063608,60241,0.6432987089448673,0.08297237057908238,0.9855055867292686,0.7008048243602678,0.0,0.0,0.6333424450145086,0.0,58347.0,947,0.9773548849430688,61373,0.6601938685394676,0.08372934101518147,0.9776974176795756,0.7202703322930053,0.0,0.0,0.6452437024265107,0.0,58529.0,1422,60,2.0,,16,95116,10.0,80.0,1,
0.9920604972000423,65725,0.6965284494722234,0.08297237057908238,0.9929597679442824,0.7588622397505274,0.0,0.0,0.6909983598973884,0.0,64673.0,526,0.9768646805161586,59578,0.6412065267673157,0.08372934101518147,0.9772171830662489,0.6995479162841931,0.0,0.0,0.6263720089154295,0.0,56756.0,1411,75,2.0,,0,95116,10.0,5.0,1,
0.9924208840395258,69399,0.7351970225829514,0.08297237057908238,0.9933868682097308,0.8009378152801981,0.0,0.0,0.7296248790949997,0.0,68339.0,530,0.9705033262206603,61856,0.6700870516001514,0.08372934101518147,0.9709298675205625,0.7309987148889296,0.0,0.0,0.6503217124353421,0.0,58096.0,1880,75,2.0,,0,95116,10.0,10.0,1,
0.992056838365897,69816,0.7398860338954539,0.08297237057908238,0.9930304668164879,0.8060396221223517,0.0,0.0,0.734008999537407,0.0,68698.0,559,0.9680410155650385,63064,0.6849110559737583,0.08372934101518147,0.9684572622009275,0.7471773453277033,0.0,0.0,0.6630219941965599,0.0,58900.0,2082,75,2.0,,0,95116,10.0,15.0,1,
0.9915528549930436,69843,0.7405483830270406,0.08297237057908238,0.9925251175943952,0.8067619003943869,0.0,0.0,0.7342928634509441,0.0,68653.0,595,0.9724459516744384,64232,0.6944362672946718,0.08372934101518147,0.9728730896808688,0.7575615017440793,0.0,0.0,0.6753017368266118,0.0,60592.0,1820,75,2.0,,0,95116,10.0,20.0,1,
0.9898818127710228,69852,0.7418941082467724,0.08297237057908238,0.9908506744967871,0.8082293864074108,0.0,0.0,0.7343874847554565,0.0,68424.0,714,0.9723170896836024,64627,0.6987993607805206,0.08372934101518147,0.9727415033565129,0.7623232972278319,0.0,0.0,0.6794545607468775,0.0,60947.0,1840,75,2.0,,0,95116,10.0,30.0,1,
0.9889011580169313,69854,0.7426510786828714,0.08297237057908238,0.9898680723830577,0.8090548472897368,0.0,0.0,0.7344085117120148,0.0,68286.0,784,0.9715642659612841,64644,0.6995247907817822,0.08372934101518147,0.9720025260878717,0.7631035432348081,0.0,0.0,0.6796332898776231,0.0,60860.0,1892,75,2.0,,0,95116,10.0,40.0,1,
0.9863876415600553,69854,0.7445435047731191,0.08297237057908238,0.9873636003844631,0.8111070347610749,0.0,0.0,0.7344085117120148,0.0,67926.0,964,0.9706624226773167,64650,0.7002397073047647,0.08372934101518147,0.9710998287619792,0.7638837892417845,0.0,0.0,0.679696370747298,0.0,60742.0,1954,75,2.0,,0,95116,10.0,60.0,1,
0.9811919711207563,69854,0.7484860591278019,0.08297237057908238,0.9825997664964623,0.8150394386866,0.0,0.0,0.7344085117120148,0.0,67176.0,1339,0.9698187927517101,64652,0.700870516001514,0.08372934101518147,0.970313672519886,0.7645263447769415,0.0,0.0,0.6797173977038563,0.0,60628.0,2012,75,2.0,,0,95116,10.0,80.0,1,
0.9922544071059373,65462,0.6936057025106186,0.08297237057908238,0.9931576472016143,0.755675043565991,0.0,0.0,0.688233315109971,0.0,64440.0,511,0.9770831965329306,59520,0.6404390428529375,0.08372934101518147,0.9774362006108976,0.6987102992472921,0.0,0.0,0.6257622271752387,0.0,56728.0,1396,75,2.0,,2,95116,10.0,5.0,1,
0.9925379597020957,68767,0.7284158290928971,0.08297237057908238,0.9934987069650519,0.7935545262771714,0.0,0.0,0.7229803608225746,0.0,67733.0,517,0.9708078537405876,61756,0.6687938937718154,0.08372934101518147,0.9711895326162169,0.7296218101707362,0.0,0.0,0.6492703646074267,0.0,58042.0,1857,75,2.0,,2,95116,10.0,10.0,1,
0.9920366830053616,69015,0.731412170402456,0.08297237057908238,0.9930072948590668,0.7968105108685682,0.0,0.0,0.7255877034358047,0.0,67907.0,554,0.9685859036942361,62899,0.6827347659699735,0.08372934101518147,0.9689589302769819,0.7448366073067744,0.0,0.0,0.6612872702804996,0.0,58819.0,2040,75,2.0,,2,95116,10.0,15.0,1,
0.9915401519612772,69034,0.7319798982295302,0.08297237057908238,0.9925095248364604,0.7974296065303128,0.0,0.0,0.7257874595231086,0.0,67856.0,589,0.9730645872284798,64015,0.691650195550696,0.08372934101518147,0.9734345062498099,0.7545667339820085,0.0,0.0,0.6730203120400353,0.0,60471.0,1772,75,2.0,,2,95116,10.0,20.0,1,
0.9899343293854492,69040,0.7332310021447496,0.08297237057908238,0.9909004793753767,0.798793909933046,0.0,0.0,0.7258505403927835,0.0,67636.0,702,0.9728761282714201,64347,0.6953719668615165,0.08372934101518147,0.9732439954020207,0.7586286029006792,0.0,0.0,0.6765107868287145,0.0,60759.0,1794,75,2.0,,2,95116,10.0,30.0,1,
0.9889137160536267,69042,0.734008999537407,0.08297237057908238,0.9898778459597408,0.7996423002843254,0.0,0.0,0.7258715673493419,0.0,67494.0,774,0.97213117230337,64358,0.696023802514824,0.08372934101518147,0.9725131087840186,0.759328529465761,0.0,0.0,0.6766264350897851,0.0,60668.0,1845,75,2.0,,2,95116,10.0,40.0,1,
0.9863988341857873,69042,0.7358803986710963,0.08297237057908238,0.9873580642393387,0.8016830230211869,0.0,0.0,0.7258715673493419,0.0,67138.0,952,0.9712966316551974,64362,0.6966651246898524,0.08372934101518147,0.9716778888251457,0.7600284560308427,0.0,0.0,0.6766684890029018,0.0,60558.0,1902,75,2.0,,2,95116,10.0,60.0,1,
0.9818259385665529,69042,0.7393077925901005,0.08297237057908238,0.98298617537765,0.805248555443456,0.0,0.0,0.7258715673493419,0.0,66486.0,1278,0.9704627354009921,64364,0.6972854199083225,0.08372934101518147,0.9708726148276642,0.7606824857719846,0.0,0.0,0.67668951595946,0.0,60446.0,1959,75,2.0,,2,95116,10.0,80.0,1,
0.9926186345234834,65221,0.6907986038100845,0.08297237057908238,0.9935107468734291,0.7526254241951756,0.0,0.0,0.6856995668446949,0.0,64251.0,485,0.9772420602270857,59387,0.638904075024181,0.08372934101518147,0.9775959702377033,0.69703506517349,0.0,0.0,0.6243639345641112,0.0,56621.0,1383,75,2.0,,4,95116,10.0,5.0,1,
0.9925869828000524,68154,0.7218869590815425,0.08297237057908238,0.9935419916322872,0.7864463909015867,0.0,0.0,0.7165355986374532,0.0,67136.0,509,0.9711514195583596,61571,0.6665545228983557,0.08372934101518147,0.9715191870739712,0.7271892785019277,0.0,0.0,0.6473253711257833,0.0,57913.0,1829,75,2.0,,4,95116,10.0,10.0,1,
0.9920564615675056,68314,0.723968627780815,0.08297237057908238,0.9930082128061632,0.7887164083279832,0.0,0.0,0.7182177551621178,0.0,67220.0,547,0.969067219608814,62625,0.67942302031204,0.08372934101518147,0.9694272445820433,0.7412337066275014,0.0,0.0,0.6584065772320115,0.0,58627.0,1999,75,2.0,,4,95116,10.0,15.0,1,
0.9915398122215612,68328,0.7244943016947727,0.08297237057908238,0.9924903769336916,0.7892896450518206,0.0,0.0,0.718364943858026,0.0,67162.0,583,0.9734540338858646,63660,0.6875394255435469,0.08372934101518147,0.9738114177323625,0.7500917936478796,0.0,0.0,0.6692880272509357,0.0,60188.0,1736,75,2.0,,4,95116,10.0,20.0,1,
0.9899459631738305,68333,0.7257138651751546,0.08297237057908238,0.9908934035179304,0.7906195542511235,0.0,0.0,0.7184175112494218,0.0,66945.0,694,0.9732712300409455,63941,0.6907039825055722,0.08372934101518147,0.973626909079835,0.7535455296493483,0.0,0.0,0.6722423146473779,0.0,60429.0,1756,75,2.0,,4,95116,10.0,30.0,1,
0.9888718453345682,68335,0.7265234030026494,0.08297237057908238,0.9898172021205712,0.7915023388058332,0.0,0.0,0.71843853820598,0.0,66797.0,769,0.9726231577666581,63949,0.6912506833760882,0.08372934101518147,0.9729783187523773,0.7541421883605655,0.0,0.0,0.6723264224736112,0.0,60349.0,1800,75,2.0,,4,95116,10.0,40.0,1,
0.9863454626809659,68335,0.7283842886580596,0.08297237057908238,0.9872859929206097,0.7935315968082179,0.0,0.0,0.71843853820598,0.0,66443.0,946,0.9717819751097874,63952,0.6918814920728373,0.08372934101518147,0.9721365052823592,0.7548306407196622,0.0,0.0,0.6723579629084486,0.0,60238.0,1857,75,2.0,,4,95116,10.0,60.0,1,
0.9823045740735417,68335,0.7313806299676184,0.08297237057908238,0.9833789034393438,0.7966843987893241,0.0,0.0,0.71843853820598,0.0,65873.0,1231,0.9710008502368517,63954,0.6924597333781909,0.08372934101518147,0.9713843069352046,0.7554387736368643,0.0,0.0,0.672378989865007,0.0,60134.0,1910,75,2.0,,4,95116,10.0,80.0,1,
0.993415701020643,64726,0.6850056772782708,0.08297237057908238,0.9943160870099546,0.7463083554984866,0.0,0.0,0.6804953950965137,0.0,63868.0,429,0.9776973183877261,59137,0.6359182471929014,0.08372934101518147,0.9780530563641175,0.6937763906737654,0.0,0.0,0.6217355649943227,0.0,56439.0,1349,75,2.0,,8,95116,10.0,5.0,1,
0.992660333244547,67082,0.7104798351486605,0.08297237057908238,0.9936307619386183,0.7740071539943135,0.0,0.0,0.7052651499222002,0.0,66090.0,496,0.9716847869216729,61221,0.6624016989780899,0.08372934101518147,0.972039630370582,0.722668441343859,0.0,0.0,0.6436456537280794,0.0,57653.0,1784,75,2.0,,8,95116,10.0,10.0,1,
0.9920963214655045,67155,0.7116573447159258,0.08297237057908238,0.9930645924523838,0.7752912042557094,0.0,0.0,0.7060326338365784,0.0,66085.0,535,0.9697560519091589,62173,0.6740401194331133,0.08372934101518147,0.9701040740220631,0.735370387369194,0.0,0.0,0.6536544850498339,0.0,58295.0,1939,75,2.0,,8,95116,10.0,15.0,1,
0.9915702137711113,67165,0.7121409647167669,0.08297237057908238,0.9925373134328358,0.7758185820416399,0.0,0.0,0.70613776861937,0.0,66023.0,571,0.9741444514764676,63108,0.6810946633584255,0.08372934101518147,0.9744904261890056,0.7430695795850927,0.0,0.0,0.6634845872408428,0.0,59758.0,1675,75,2.0,,8,95116,10.0,20.0,1,
0.9899485637647197,67169,0.7133500147188696,0.08297237057908238,0.9909124437559932,0.7771370265064661,0.0,0.0,0.7061798225324867,0.0,65805.0,682,0.9740946989508661,63322,0.6834391690146768,0.08372934101518147,0.9744394687841436,0.7456283275197356,0.0,0.0,0.6657344715925817,0.0,59954.0,1684,75,2.0,,8,95116,10.0,30.0,1,
0.9887248480209606,67171,0.7142541738508769,0.08297237057908238,0.989686316689013,0.7781229936714665,0.0,0.0,0.7062008494890449,0.0,65639.0,766,0.9734827522597307,63327,0.6839227890155178,0.08372934101518147,0.9738270617724399,0.7461561409950431,0.0,0.0,0.6657870389839775,0.0,59877.0,1725,75,2.0,,8,95116,10.0,40.0,1,
0.9862569192594006,67171,0.716041465158333,0.08297237057908238,0.9872135918049412,0.780071998532514,0.0,0.0,0.7062008494890449,0.0,65299.0,936,0.9725421542430664,63330,0.6846166785819421,0.08372934101518147,0.9728857823181504,0.7469134385900495,0.0,0.0,0.665818579418815,0.0,59754.0,1788,75,2.0,,8,95116,10.0,60.0,1,
0.982764927065502,67171,0.7185857269018883,0.08297237057908238,0.9837868713201909,0.7827891406035036,0.0,0.0,0.7062008494890449,0.0,64815.0,1178,0.9718858861623928,63331,0.685089785104504,0.08372934101518147,0.9722439705859777,0.7474183036533872,0.0,0.0,0.665829092897094,0.0,59667.0,1832,75,2.0,,8,95116,10.0,80.0,1,
0.9940098939482543,62892,0.6651982842003449,0.08297237057908238,0.994874715261959,0.7247546546821976,0.0,0.0,0.6612136759325455,0.0,62134.0,379,0.978802659272375,58597,0.6293998906598259,0.08372934101518147,0.9791134058515882,0.6866968055810538,0.0,0.0,0.6160582867235797,0.0,56059.0,1269,75,2.0,,16,95116,10.0,5.0,1,
0.9926583100202476,64224,0.6802115311829766,0.08297237057908238,0.9935950988582567,0.7410575071081353,0.0,0.0,0.6752176290003785,0.0,63274.0,475,0.9729229680159598,60473,0.6534757559190882,0.08372934101518147,0.973236127204841,0.7129612630805948,0.0,0.0,0.6357815719752723,0.0,57107.0,1683,75,2.0,,16,95116,10.0,10.0,1,
0.9920929083271559,64240,0.6807687455317717,0.08297237057908238,0.9930283965312022,0.7416651380354031,0.0,0.0,0.6753858446528449,0.0,63216.0,512,0.9712033997748284,61247,0.6630114807182809,0.08372934101518147,0.9715115080183367,0.7233683679089407,0.0,0.0,0.6439190041633374,0.0,57615.0,1816,75,2.0,,16,95116,10.0,15.0,1,
0.9915879483855035,64243,0.6811472307498213,0.08297237057908238,0.992522440403541,0.7420778684765661,0.0,0.0,0.6754173850876825,0.0,63153.0,545,0.9755391609381636,62016,0.668352327684091,0.08372934101518147,0.9758461707919623,0.7291972645492932,0.0,0.0,0.6520038689600067,0.0,58906.0,1555,75,2.0,,16,95116,10.0,20.0,1,
0.9899077055823485,64246,0.6823352537953656,0.08297237057908238,0.9908389882788402,0.7433733834724388,0.0,0.0,0.6754489255225199,0.0,62936.0,655,0.9754673447285398,62148,0.6698242146431725,0.08372934101518147,0.9757736571886138,0.7308036533871856,0.0,0.0,0.653391648092855,0.0,59022.0,1563,75,2.0,,16,95116,10.0,30.0,1,
0.9883847940800911,64246,0.683386601623281,0.08297237057908238,0.9893132121958731,0.7445198569201137,0.0,0.0,0.6754489255225199,0.0,62736.0,755,0.9748419781357341,62153,0.6703078346440137,0.08372934101518147,0.9751478732918085,0.7313314668624931,0.0,0.0,0.6534442154842508,0.0,58945.0,1604,75,2.0,,16,95116,10.0,40.0,1,
0.9861091924912895,64246,0.6849636233651542,0.08297237057908238,0.9870333384544477,0.7462395670916262,0.0,0.0,0.6754489255225199,0.0,62436.0,905,0.9737287339035624,62157,0.6711173724715085,0.08372934101518147,0.9740491749330074,0.732203506517349,0.0,0.0,0.6534862693973674,0.0,58803.0,1677,75,2.0,,16,95116,10.0,60.0,1,
0.9828657100021417,64246,0.6872240211951722,0.08297237057908238,0.9838139136027442,0.7486815555351738,0.0,0.0,0.6754489255225199,0.0,62006.0,1120,0.9731498442221282,62158,0.6715273981243954,0.08372934101518147,0.973485145103444,0.7326395263447769,0.0,0.0,0.6534967828756466,0.0,58728.0,1715,75,2.0,,16,95116,10.0,80.0,1,
0.9891238943378061,65753,0.6988939820850331,0.08297237057908238,0.9900323722050741,0.7614303402733192,0.0,0.0,0.6912927372892047,0.0,64307.0,723,0.961651292415007,59005,0.6450860002523234,0.08372934101518147,0.9619962175557585,0.7037818982926382,0.0,0.0,0.6203477858614744,0.0,54299.0,2353,100,2.0,,0,95116,10.0,5.0,1,
0.989629902099485,69951,0.7431346986837125,0.08297237057908238,0.9906109270116408,0.8095707603411905,0.0,0.0,0.7354283191050928,0.0,68485.0,733,0.9543054994876253,61463,0.6771310820471845,0.08372934101518147,0.9547353868617674,0.7386749586928585,0.0,0.0,0.6461899154716346,0.0,55577.0,2943,100,2.0,,0,95116,10.0,10.0,1,
0.9901952603471295,71199,0.7559611421842802,0.08297237057908238,0.9911739729650718,0.8235462716683482,0.0,0.0,0.7485491399974767,0.0,69789.0,705,0.9516955835962145,62751,0.6932167038142899,0.08372934101518147,0.952114342937776,0.7562304938498255,0.0,0.0,0.6597312754951848,0.0,56381.0,3185,100,2.0,,0,95116,10.0,15.0,1,
0.9898578435447668,71442,0.7587997813196518,0.08297237057908238,0.9908325589781285,0.8266417499770705,0.0,0.0,0.7511039152193112,0.0,69978.0,732,0.955438077744426,63979,0.7040140460069809,0.08372934101518147,0.9558663140752693,0.76800302919038,0.0,0.0,0.6726418268219858,0.0,58011.0,2984,100,2.0,,0,95116,10.0,20.0,1,
0.988016917293233,71485,0.7606711804533411,0.08297237057908238,0.9889874240810171,0.8286824727139319,0.0,0.0,0.7515559947853148,0.0,69751.0,867,0.9548217150089032,64883,0.7144223895033432,0.08372934101518147,0.9552434374217864,0.7793624931154765,0.0,0.0,0.6821460111863409,0.0,58743.0,3070,100,2.0,,0,95116,10.0,30.0,1,
0.9866133038918024,71490,0.7618066361074898,0.08297237057908238,0.9875809860614182,0.8299206640374209,0.0,0.0,0.7516085621767106,0.0,69550.0,970,0.9543171806167401,64989,0.7159678708103789,0.08372934101518147,0.9547517959717345,0.7810377271892786,0.0,0.0,0.6832604398839311,0.0,58767.0,3111,100,2.0,,0,95116,10.0,40.0,1,
0.9836539255345497,71490,0.7640985743723453,0.08297237057908238,0.9846293694735972,0.8324085114188755,0.0,0.0,0.7516085621767106,0.0,69114.0,1188,0.9532929565485181,65006,0.7169245973337819,0.08372934101518147,0.9537405184935225,0.7820704057279236,0.0,0.0,0.6834391690146768,0.0,58636.0,3185,100,2.0,,0,95116,10.0,60.0,1,
0.9782177405010467,71495,0.7683985869885193,0.08297237057908238,0.9797190818773552,0.8366389984407961,0.0,0.0,0.7516611295681063,0.0,68311.0,1592,0.9519256113633036,65007,0.7179654316834181,0.08372934101518147,0.9525114289063416,0.7830916100605838,0.0,0.0,0.683449682492956,0.0,58441.0,3283,100,2.0,,0,95116,10.0,80.0,1,
0.9893777536363088,65572,0.6967912864292022,0.08297237057908238,0.990289209393642,0.7591373933779694,0.0,0.0,0.6893897977206779,0.0,64164.0,704,0.9619148589137172,58975,0.644581353294924,0.08372934101518147,0.9622601488056389,0.7032311364053607,0.0,0.0,0.6200323815130998,0.0,54305.0,2335,100,2.0,,2,95116,10.0,5.0,1,
0.9901594118399909,69629,0.7393183060683797,0.08297237057908238,0.9911319250697489,0.8054205264606071,0.0,0.0,0.7320429790992051,0.0,68245.0,692,0.9548169347061934,61389,0.6759535724799193,0.08372934101518147,0.9552032115516276,0.7374242702404994,0.0,0.0,0.6454119180789772,0.0,55579.0,2905,100,2.0,,2,95116,10.0,10.0,1,
0.9904943498864369,70648,0.7498843517389293,0.08297237057908238,0.9914673852026497,0.8169311198752637,0.0,0.0,0.742756213465663,0.0,69292.0,678,0.952295503277118,62622,0.6913558181588797,0.08372934101518147,0.9526721737939847,0.754233982008445,0.0,0.0,0.658375036797174,0.0,56348.0,3137,100,2.0,,2,95116,10.0,15.0,1,
0.9900728457376156,70811,0.7519344800033643,0.08297237057908238,0.9910428125568571,0.8191667430982299,0.0,0.0,0.7444699104251651,0.0,69391.0,710,0.9561378524636855,63783,0.7013436225240759,0.08372934101518147,0.9565106548895521,0.7651344776941436,0.0,0.0,0.6705811850792717,0.0,57931.0,2926,100,2.0,,2,95116,10.0,20.0,1,
0.9882126466444404,70842,0.7536797173977039,0.08297237057908238,0.9891785469930324,0.8210698890213702,0.0,0.0,0.7447958282518188,0.0,69152.0,845,0.9556844925326742,64567,0.710301106017915,0.08372934101518147,0.9560524172651218,0.7749105011933174,0.0,0.0,0.6788237520501282,0.0,58579.0,2994,100,2.0,,2,95116,10.0,30.0,1,
0.9867268346355799,70846,0.754857226964969,0.08297237057908238,0.9876897767987843,0.8223539392827662,0.0,0.0,0.7448378821649354,0.0,68940.0,953,0.9551277315642499,64644,0.7115627234114135,0.08372934101518147,0.9555089129984923,0.776275931705526,0.0,0.0,0.6796332898776231,0.0,58570.0,3037,100,2.0,,2,95116,10.0,40.0,1,
0.9838355783918901,70846,0.7570755708818706,0.08297237057908238,0.9847928829580206,0.8247729982573604,0.0,0.0,0.7448378821649354,0.0,68518.0,1164,0.9541188276615212,64653,0.7124143151520249,0.08372934101518147,0.9545132429798919,0.7771938681843217,0.0,0.0,0.6797279111821355,0.0,58435.0,3109,100,2.0,,2,95116,10.0,60.0,1,
0.9791180088171478,70848,0.7607447748012952,0.08297237057908238,0.9803237858032379,0.8285563606346877,0.0,0.0,0.7448589091214938,0.0,67826.0,1511,0.9528399210068677,64654,0.713381555153707,0.08372934101518147,0.9532894930848397,0.7782035983109968,0.0,0.0,0.6797384246604147,0.0,58254.0,3200,100,2.0,,2,95116,10.0,80.0,1,
0.9896373840824169,65418,0.6949724546869086,0.08297237057908238,0.990521470534795,0.7571769237824452,0.0,0.0,0.6877707220656882,0.0,64048.0,685,0.9622259255628534,58894,0.643487951553892,0.08372934101518147,0.9625719142259415,0.7020378189829264,0.0,0.0,0.6191807897724884,0.0,54270.0,2312,100,2.0,,4,95116,10.0,5.0,1,
0.9905108967488389,69311,0.7356806425837924,0.08297237057908238,0.9914602048406477,0.8014766578006053,0.0,0.0,0.7286996930064342,0.0,67983.0,664,0.9553046488779378,61257,0.674155767694184,0.08372934101518147,0.9556772442197885,0.7354736552230585,0.0,0.0,0.644024138946129,0.0,55525.0,2866,100,2.0,,4,95116,10.0,10.0,1,
0.9906062831958413,70127,0.7442701543378611,0.08297237057908238,0.9915587353656468,0.8108318811336329,0.0,0.0,0.7372786912822238,0.0,68797.0,665,0.9531889547315047,62411,0.6883805038058791,0.08372934101518147,0.9535530396785381,0.7509982559206902,0.0,0.0,0.6561566928802726,0.0,56281.0,3065,100,2.0,,4,95116,10.0,15.0,1,
0.9901887537179831,70243,0.7458156356448967,0.08297237057908238,0.9911388297046747,0.8125171971017151,0.0,0.0,0.7384982547626057,0.0,68851.0,696,0.9571155092627486,63496,0.6974746625173472,0.08372934101518147,0.9574763254719826,0.7609234440976684,0.0,0.0,0.6675638168131545,0.0,57806.0,2845,100,2.0,,4,95116,10.0,20.0,1,
0.9883397096883088,70267,0.7474662517347239,0.08297237057908238,0.9892859154136396,0.8143171604145648,0.0,0.0,0.7387505782413053,0.0,68609.0,829,0.9566008471037404,64142,0.7049497455738256,0.08372934101518147,0.9569576439345339,0.7690816045529649,0.0,0.0,0.6743555237814879,0.0,58322.0,2910,100,2.0,,4,95116,10.0,30.0,1,
0.9868688996559231,70270,0.7486122208671517,0.08297237057908238,0.987812249602879,0.8155668164725305,0.0,0.0,0.7387821186761429,0.0,68400.0,935,0.9560807791975695,64197,0.7059380125320661,0.08372934101518147,0.9564368826447759,0.7701601799155499,0.0,0.0,0.6749337650868413,0.0,58299.0,2949,100,2.0,,4,95116,10.0,40.0,1,
0.9839118441871211,70270,0.7508621052188906,0.08297237057908238,0.9848495466076159,0.8180202696505549,0.0,0.0,0.7387821186761429,0.0,67972.0,1149,0.9550600240988947,64202,0.7067475503595609,0.08372934101518147,0.9554295578671667,0.7710322195704057,0.0,0.0,0.6749863324782371,0.0,58160.0,3021,100,2.0,,4,95116,10.0,60.0,1,
0.9797415055142702,70270,0.7540582026157534,0.08297237057908238,0.9808355317337353,0.8213679721177658,0.0,0.0,0.7387821186761429,0.0,67364.0,1453,0.9537979290775928,64203,0.7076937634046848,0.08372934101518147,0.9542090244337436,0.772030475491096,0.0,0.0,0.6749968459565162,0.0,57983.0,3110,100,2.0,,4,95116,10.0,80.0,1,
0.990638271962005,65078,0.6906619285924556,0.08297237057908238,0.9915287808148215,0.7524763826469779,0.0,0.0,0.6841961394507758,0.0,63848.0,615,0.9627710171548529,58704,0.6410488245931284,0.08372934101518147,0.9631185194907468,0.6993758031944189,0.0,0.0,0.6171832288994491,0.0,54164.0,2270,100,2.0,,8,95116,10.0,5.0,1,
0.99123960968558,68569,0.7272698599604693,0.08297237057908238,0.9921862564933656,0.7923163349536825,0.0,0.0,0.720898692123302,0.0,67357.0,606,0.956075147409359,60967,0.6704234829050844,0.08372934101518147,0.9564351154618473,0.7314117863043877,0.0,0.0,0.6409752302451743,0.0,55365.0,2801,100,2.0,,8,95116,10.0,10.0,1,
0.990942107000847,69032,0.7324004373606964,0.08297237057908238,0.991896085981953,0.7978996606438595,0.0,0.0,0.7257664325665503,0.0,67770.0,631,0.9543978952874748,62033,0.6833445477101644,0.08372934101518147,0.9547504347959922,0.7455135854598862,0.0,0.0,0.6521825980907523,0.0,56105.0,2964,100,2.0,,8,95116,10.0,15.0,1,
0.9904817878184086,69097,0.7334307582320535,0.08297237057908238,0.9914339828392688,0.7990232046225809,0.0,0.0,0.7264498086546953,0.0,67769.0,664,0.9583580477863455,63013,0.6912717103326464,0.08372934101518147,0.9587079891064555,0.7541651367725354,0.0,0.0,0.6624858068043231,0.0,57537.0,2738,100,2.0,,8,95116,10.0,20.0,1,
0.9886561954624782,69113,0.7349552125825308,0.08297237057908238,0.9896046621515199,0.8006855911217097,0.0,0.0,0.7266180243071618,0.0,67527.0,793,0.9578178746002052,63488,0.6968753942554354,0.08372934101518147,0.9581648053124057,0.7602808885625115,0.0,0.0,0.6674797089869212,0.0,57896.0,2796,100,2.0,,8,95116,10.0,30.0,1,
0.9871174143422312,69115,0.7361222086715169,0.08297237057908238,0.9880629020729093,0.8019581766486288,0.0,0.0,0.7266390512637201,0.0,67311.0,902,0.9572771934054674,63523,0.6976533916480928,0.08372934101518147,0.957623541471945,0.7611299798053974,0.0,0.0,0.6678476807266917,0.0,57853.0,2835,100,2.0,,8,95116,10.0,40.0,1,
0.9840815571027864,69115,0.7383931199798142,0.08297237057908238,0.9850212353561554,0.8044345592956067,0.0,0.0,0.7266390512637201,0.0,66879.0,1118,0.9561421992113422,63528,0.6985365238235418,0.08372934101518147,0.956487699117709,0.762093813108133,0.0,0.0,0.6679002481180873,0.0,57700.0,2914,100,2.0,,8,95116,10.0,60.0,1,
0.9802850861641018,69115,0.7412527860717439,0.08297237057908238,0.9812732487151091,0.8075071081353756,0.0,0.0,0.7266390512637201,0.0,66335.0,1390,0.9550066896168128,63528,0.6993670886075949,0.08372934101518147,0.9553657362848893,0.7629888011749587,0.0,0.0,0.6679002481180873,0.0,57542.0,2993,100,2.0,,8,95116,10.0,80.0,1,
0.9921211184921984,64220,0.6805374490096303,0.08297237057908238,0.992964824120603,0.7414817022837751,0.0,0.0,0.6751755750872619,0.0,63200.0,510,0.9640180654126755,58272,0.6355082215400143,0.08372934101518147,0.9643211756139538,0.6933633192583073,0.0,0.0,0.6126414062828546,0.0,53922.0,2175,100,2.0,,16,95116,10.0,5.0,1,
0.9918199800704969,66687,0.7068947390554691,0.08297237057908238,0.9927206145051805,0.7701550032101256,0.0,0.0,0.7011123260019345,0.0,65587.0,550,0.9572593956323007,60315,0.6624332394129274,0.08372934101518147,0.9575785479543398,0.7227258123737837,0.0,0.0,0.634120442407166,0.0,54929.0,2693,100,2.0,,16,95116,10.0,10.0,1,
0.9910858634550066,66820,0.7088292190588334,0.08297237057908238,0.9919833729216152,0.7722645143538476,0.0,0.0,0.702510618613062,0.0,65618.0,601,0.9561226878951066,61254,0.6735459859539931,0.08372934101518147,0.9564362001124227,0.7348540480998715,0.0,0.0,0.6439925985112914,0.0,55632.0,2811,100,2.0,,16,95116,10.0,15.0,1,
0.9905751248499578,66845,0.7094600277555827,0.08297237057908238,0.9914713734796796,0.7729523984224526,0.0,0.0,0.7027734555700408,0.0,65573.0,636,0.9601137399743467,62128,0.6803166659657681,0.08372934101518147,0.9604254266633688,0.7422434367541766,0.0,0.0,0.653181378527272,0.0,56966.0,2581,100,2.0,,16,95116,10.0,20.0,1,
0.9887741820978525,66853,0.7108372934101518,0.08297237057908238,0.9896670663646726,0.7744542786389067,0.0,0.0,0.702857563396274,0.0,65335.0,759,0.9598886907324273,62435,0.6838386811892847,0.08372934101518147,0.9601986989219199,0.7460872957591335,0.0,0.0,0.6564090163589722,0.0,57217.0,2609,100,2.0,,16,95116,10.0,30.0,1,
0.986847737840431,66854,0.7122355860212792,0.08297237057908238,0.9877371313752142,0.7759790883243144,0.0,0.0,0.7028680768745532,0.0,65072.0,891,0.959218469194968,62448,0.6844589764077548,0.08372934101518147,0.95952798008666,0.7467642739122453,0.0,0.0,0.6565456915766013,0.0,57138.0,2655,100,2.0,,16,95116,10.0,40.0,1,
0.9838270569364119,66854,0.7144223895033432,0.08297237057908238,0.9847110116066694,0.7783637530954783,0.0,0.0,0.7028680768745532,0.0,64656.0,1099,0.9579108827364061,62451,0.6854262164094369,0.08372934101518147,0.9582342381047366,0.7478084266568753,0.0,0.0,0.6565772320114387,0.0,56963.0,2744,100,2.0,,16,95116,10.0,60.0,1,
0.9801489561341779,66854,0.7171033264645276,0.08297237057908238,0.9810551030890013,0.7812643309180959,0.0,0.0,0.7028680768745532,0.0,64146.0,1354,0.9569274616162545,62451,0.6861306194541402,0.08372934101518147,0.9572648262542345,0.7485657242518817,0.0,0.0,0.6565772320114387,0.0,56829.0,2811,100,2.0,,16,95116,10.0,80.0,1,
0.9854896311635305,65675,0.7006392194793726,0.08297237057908238,0.986407329528387,0.7633220214619829,0.0,0.0,0.6904726859834308,0.0,63741.0,967,0.9489562551700648,58506,0.6481874763446739,0.08372934101518147,0.9493258044102614,0.7071438406462273,0.0,0.0,0.6151015602001766,0.0,52212.0,3147,125,2.0,,0,95116,10.0,5.0,1,
0.9855205020684997,70037,0.7471508473863493,0.08297237057908238,0.9865060919783083,0.813938824176832,0.0,0.0,0.7363324782370999,0.0,67979.0,1029,0.9405666045322201,61055,0.6824614155347155,0.08372934101518147,0.9410014949986899,0.744480906921241,0.0,0.0,0.6419004163337398,0.0,53339.0,3858,125,2.0,,0,95116,10.0,10.0,1,
0.9859315537115144,71763,0.7652445435047731,0.08297237057908238,0.9869077906896789,0.8336581674768412,0.0,0.0,0.7544787417469195,0.0,69715.0,1024,0.9376839449816806,62446,0.7001555994785315,0.08372934101518147,0.9381065408767238,0.7637919955939049,0.0,0.0,0.6565246646200429,0.0,54146.0,4150,125,2.0,,0,95116,10.0,15.0,1,
0.9857166199177583,72393,0.7721308717776189,0.08297237057908238,0.9866839307618918,0.8411675685591121,0.0,0.0,0.7611022330627865,0.0,70295.0,1049,0.939756903469436,63708,0.7127297195003995,0.08372934101518147,0.9401868331341037,0.7775036717459152,0.0,0.0,0.6697926742083351,0.0,55540.0,4084,125,2.0,,0,95116,10.0,20.0,1,
0.9841633560668719,72585,0.7754005635224358,0.08297237057908238,0.9851250661635971,0.8447331009813813,0.0,0.0,0.7631208208923841,0.0,70249.0,1168,0.9379309347942354,64887,0.7273329408301442,0.08372934101518147,0.938351409978308,0.793441343859005,0.0,0.0,0.6821880650994575,0.0,56299.0,4294,125,2.0,,0,95116,10.0,30.0,1,
0.9825558577943784,72604,0.7768724504815173,0.08297237057908238,0.983514176182929,0.8463381638081262,0.0,0.0,0.7633205769796879,0.0,70026.0,1289,0.9368914584861429,65143,0.7310126582278481,0.08372934101518147,0.9373228391775421,0.797445841747751,0.0,0.0,0.6848795155389209,0.0,56367.0,4388,125,2.0,,0,95116,10.0,40.0,1,
0.9793881184913398,72604,0.779385171790235,0.08297237057908238,0.9803667395824894,0.8490553058791158,0.0,0.0,0.7633205769796879,0.0,69548.0,1528,0.9357218729365832,65188,0.7324319777955339,0.08372934101518147,0.9361653239125127,0.7989833853497338,0.0,0.0,0.6853526220614828,0.0,56232.0,4478,125,2.0,,0,95116,10.0,60.0,1,
0.9740552432824008,72609,0.7837062113629674,0.08297237057908238,0.9754554247944544,0.8533889755113272,0.0,0.0,0.7633731443710837,0.0,68741.0,1934,0.9343557402895227,65190,0.7335253795365658,0.08372934101518147,0.9348649113749785,0.8001193317422435,0.0,0.0,0.6853736490180411,0.0,56030.0,4580,125,2.0,,0,95116,10.0,80.0,1,
0.9856139981660478,65566,0.6993881155641533,0.08297237057908238,0.986533455710868,0.7619577180592497,0.0,0.0,0.689326716851003,0.0,63652.0,957,0.9492323173304769,58486,0.6477774506917868,0.08372934101518147,0.9496022081506739,0.7066963466128144,0.0,0.0,0.6148912906345936,0.0,52230.0,3128,125,2.0,,2,95116,10.0,5.0,1,
0.986012308039747,69857,0.7448589091214938,0.08297237057908238,0.9870014270172514,0.8114395120609007,0.0,0.0,0.7344400521468523,0.0,67875.0,991,0.9410376630988001,61015,0.681672904663779,0.08372934101518147,0.9414296955763682,0.7436547640903249,0.0,0.0,0.6414798772025737,0.0,53369.0,3823,125,2.0,,2,95116,10.0,10.0,1,
0.9863894870520679,71458,0.7616384204550234,0.08297237057908238,0.9873708063892113,0.8297257635513161,0.0,0.0,0.7512721308717776,0.0,69486.0,986,0.9384055245460153,62373,0.6987993607805206,0.08372934101518147,0.9387868753762794,0.7623462456398017,0.0,0.0,0.6557571807056647,0.0,54185.0,4094,125,2.0,,2,95116,10.0,15.0,1,
0.986208502246083,72009,0.7676521300306993,0.08297237057908238,0.9871819477955692,0.8362835916720168,0.0,0.0,0.7570650574035914,0.0,69995.0,1007,0.9407118132599627,63594,0.7107321586273603,0.08372934101518147,0.9410876803551609,0.7753694694327152,0.0,0.0,0.6685941376845116,0.0,55578.0,4008,125,2.0,,2,95116,10.0,20.0,1,
0.9846456209310895,72144,0.7703120400353253,0.08297237057908238,0.9856141645149391,0.8391841694946345,0.0,0.0,0.7584843769712771,0.0,69894.0,1125,0.9391488682066993,64682,0.7240947895201648,0.08372934101518147,0.9395171832786219,0.7899531852395815,0.0,0.0,0.6800328020522309,0.0,56300.0,4191,125,2.0,,2,95116,10.0,30.0,1,
0.9829723470916769,72160,0.771794440472686,0.08297237057908238,0.9839373858027216,0.8408006970558561,0.0,0.0,0.7586525926237436,0.0,69660.0,1250,0.9382146729309722,64901,0.7272698599604693,0.08372934101518147,0.9385945883407812,0.7934069212410502,0.0,0.0,0.6823352537953656,0.0,56353.0,4274,125,2.0,,2,95116,10.0,40.0,1,
0.9798623087055117,72160,0.7742440809117288,0.08297237057908238,0.9808345793122196,0.8434605154544621,0.0,0.0,0.7586525926237436,0.0,69194.0,1483,0.9370679827409556,64936,0.7285525043105261,0.08372934101518147,0.9374602991280245,0.7947953001652286,0.0,0.0,0.6827032255351361,0.0,56214.0,4361,125,2.0,,2,95116,10.0,60.0,1,
0.9751094535430517,72162,0.7780394465705034,0.08297237057908238,0.9762703609502679,0.8474273135834174,0.0,0.0,0.758673619580302,0.0,68478.0,1842,0.9357590604510412,64937,0.7295828251818832,0.08372934101518147,0.9361907645286391,0.7958853497337984,0.0,0.0,0.6827137390134151,0.0,56021.0,4458,125,2.0,,2,95116,10.0,80.0,1,
0.9857712866069412,65470,0.6982526599100046,0.08297237057908238,0.9866775175573439,0.7607309914702376,0.0,0.0,0.6883174229362042,0.0,63580.0,945,0.9495141529362061,58435,0.6470204802556878,0.08372934101518147,0.9498845866250528,0.7058702037818982,0.0,0.0,0.6143551032423566,0.0,52221.0,3107,125,2.0,,4,95116,10.0,5.0,1,
0.9863572035097651,69696,0.7428823752050129,0.08297237057908238,0.9873353166170846,0.8092956067137486,0.0,0.0,0.7327473821439084,0.0,67768.0,964,0.9416018914867642,60932,0.6803376929223264,0.08372934101518147,0.9419803663909716,0.7422090141362218,0.0,0.0,0.6406072585054039,0.0,53374.0,3779,125,2.0,,4,95116,10.0,10.0,1,
0.9868220491644265,71215,0.7587156734934185,0.08297237057908238,0.9877938830709481,0.8265500321012565,0.0,0.0,0.7487173556499432,0.0,69313.0,951,0.9391822570911286,62249,0.6968333403423188,0.08372934101518147,0.9395508195731579,0.7602120433266017,0.0,0.0,0.6544535093990496,0.0,54187.0,4031,125,2.0,,4,95116,10.0,15.0,1,
0.9866503351178761,71691,0.7639198452415997,0.08297237057908238,0.9876153740184599,0.8322250756672476,0.0,0.0,0.7537217713108205,0.0,69751.0,970,0.9416971101012801,63412,0.7079566003616636,0.08372934101518147,0.9420608509626812,0.7723517532586744,0.0,0.0,0.6666806846377056,0.0,55560.0,3926,125,2.0,,4,95116,10.0,20.0,1,
0.9850303920088912,71790,0.7662328104630136,0.08297237057908238,0.9859909353110836,0.8347473172521325,0.0,0.0,0.7547626056604567,0.0,69608.0,1091,0.9403577948156261,64391,0.7199104251650617,0.08372934101518147,0.9407149848792532,0.7853979254635579,0.0,0.0,0.6769733798729972,0.0,56223.0,4084,125,2.0,,4,95116,10.0,30.0,1,
0.9833066294181285,71804,0.7677257243786534,0.08297237057908238,0.9842636253975217,0.8363753095478309,0.0,0.0,0.7549097943563648,0.0,69366.0,1219,0.9393851212734071,64563,0.7225808486479667,0.08372934101518147,0.9397406226802323,0.7883123737837342,0.0,0.0,0.6787816981370116,0.0,56231.0,4166,125,2.0,,4,95116,10.0,40.0,1,
0.9801389590357499,71804,0.7702069052525338,0.08297237057908238,0.9811032013882247,0.839069522149867,0.0,0.0,0.7549097943563648,0.0,68894.0,1455,0.9381953926154025,64591,0.7238109256066277,0.08372934101518147,0.9385634781092431,0.7896433816779879,0.0,0.0,0.679076075528828,0.0,56081.0,4255,125,2.0,,4,95116,10.0,60.0,1,
0.9757966976965414,71804,0.7736342991715379,0.08297237057908238,0.9768852971987538,0.8426923782445198,0.0,0.0,0.7549097943563648,0.0,68242.0,1781,0.936903484088074,64592,0.7248202195214265,0.08372934101518147,0.9373113536104016,0.7907104828345879,0.0,0.0,0.6790865890071072,0.0,55892.0,4350,125,2.0,,4,95116,10.0,80.0,1,
0.9861371470036887,65231,0.6954455612094705,0.08297237057908238,0.9870473769425152,0.7576699073649454,0.0,0.0,0.6858047016274864,0.0,63397.0,917,0.9499894079880066,58298,0.6451806215568359,0.08372934101518147,0.9503610843943074,0.7038622177345327,0.0,0.0,0.6129147567181126,0.0,52160.0,3069,125,2.0,,8,95116,10.0,5.0,1,
0.9870919944720683,69283,0.7379305269355314,0.08297237057908238,0.988063320022818,0.8039071815096762,0.0,0.0,0.728405315614618,0.0,67471.0,906,0.942317540619811,60722,0.6774780268303966,0.08372934101518147,0.9426832676126308,0.7390995043143015,0.0,0.0,0.6383994280667816,0.0,53288.0,3717,125,2.0,,8,95116,10.0,10.0,1,
0.9875785085817399,70601,0.7515980486984314,0.08297237057908238,0.9885464652263404,0.8187998715949739,0.0,0.0,0.7422620799865427,0.0,68825.0,888,0.9402081563296517,61971,0.6929643803355903,0.08372934101518147,0.9405649065824822,0.7560010097301266,0.0,0.0,0.6515307624374448,0.0,54089.0,3941,125,2.0,,8,95116,10.0,15.0,1,
0.9872669078764263,70945,0.7554985491399975,0.08297237057908238,0.9882295584343224,0.8230532880858479,0.0,0.0,0.7458787165145717,0.0,69115.0,915,0.9431563201196709,63050,0.7028260229614366,0.08372934101518147,0.943509165731388,0.7667638149440059,0.0,0.0,0.6628748055006518,0.0,55450.0,3800,125,2.0,,8,95116,10.0,20.0,1,
0.9854951766257201,71000,0.7574435426216409,0.08297237057908238,0.986453629732546,0.8251742639640466,0.0,0.0,0.7464569578199252,0.0,68910.0,1045,0.942176920921039,63873,0.7127402329786786,0.08372934101518147,0.9425244953370322,0.7775839911878099,0.0,0.0,0.6715273981243954,0.0,56033.0,3920,125,2.0,,8,95116,10.0,30.0,1,
0.9836135966977865,71011,0.7590100508852349,0.08297237057908238,0.9845682435805002,0.8268825094010823,0.0,0.0,0.7465726060809958,0.0,68645.0,1183,0.9412811649628594,63993,0.7147588208082762,0.08372934101518147,0.941627427898764,0.7797870387369195,0.0,0.0,0.6727890155178939,0.0,56009.0,3992,125,2.0,,8,95116,10.0,40.0,1,
0.9804222065747146,71011,0.7614807182808361,0.08297237057908238,0.9813842284198016,0.8295652572686416,0.0,0.0,0.7465726060809958,0.0,68175.0,1418,0.9399171879129592,64014,0.7160309516800538,0.08372934101518147,0.9402761457109283,0.7811639434551129,0.0,0.0,0.6730097985617561,0.0,55830.0,4092,125,2.0,,8,95116,10.0,60.0,1,
0.9763646363261378,71011,0.7646452752428613,0.08297237057908238,0.9773725139357237,0.8329702834082363,0.0,0.0,0.7465726060809958,0.0,67573.0,1719,0.9387593488781346,64014,0.7169140838555027,0.08372934101518147,0.9391312002112583,0.7821163025518634,0.0,0.0,0.6730097985617561,0.0,55662.0,4176,125,2.0,,8,95116,10.0,80.0,1,
0.9868256342930418,64643,0.6886959081542537,0.08297237057908238,0.9876699770817418,0.750366871503256,0.0,0.0,0.679622776399344,0.0,62917.0,863,0.9513989228950479,57944,0.6403128811135876,0.08372934101518147,0.9517114512844097,0.6985955571874426,0.0,0.0,0.6091929854072922,0.0,52024.0,2960,125,2.0,,16,95116,10.0,5.0,1,
0.988288940359004,68271,0.7262710795239498,0.08297237057908238,0.9891767365035208,0.7912730441162983,0.0,0.0,0.7177656755961143,0.0,66653.0,809,0.9439781623080181,60172,0.6701606459481054,0.08372934101518147,0.9442892564577383,0.7311593537727189,0.0,0.0,0.632617015013247,0.0,53030.0,3571,125,2.0,,16,95116,10.0,10.0,1,
0.9882167882167883,69106,0.7352075360612305,0.08297237057908238,0.9891078763937194,0.8010066036870586,0.0,0.0,0.7265444299592076,0.0,67458.0,824,0.9421515561569689,61270,0.6837125194499348,0.08372934101518147,0.9424558920798018,0.7459496052873141,0.0,0.0,0.6441608141637579,0.0,53746.0,3762,125,2.0,,16,95116,10.0,15.0,1,
0.9877108193262335,69281,0.7374469069346903,0.08297237057908238,0.9885987442922375,0.8034485921306063,0.0,0.0,0.7283842886580596,0.0,67557.0,862,0.9456017990913373,62231,0.6919025190293957,0.08372934101518147,0.9459036327709378,0.754888011749587,0.0,0.0,0.6542642667900248,0.0,55071.0,3580,125,2.0,,16,95116,10.0,20.0,1,
0.985834162992462,69314,0.739202657807309,0.08297237057908238,0.9867182940196735,0.8053632027882234,0.0,0.0,0.7287312334412717,0.0,67322.0,996,0.9452912234242639,62825,0.6987362799108457,0.08372934101518147,0.9455900060204696,0.7623462456398017,0.0,0.0,0.6605092728878422,0.0,55553.0,3636,125,2.0,,16,95116,10.0,30.0,1,
0.9837363760217984,69318,0.7408217334622986,0.08297237057908238,0.9846166957855712,0.8071287718976429,0.0,0.0,0.7287732873543883,0.0,67026.0,1146,0.9445128728933218,62880,0.6999243029563901,0.08372934101518147,0.9448109025889141,0.7636428309161006,0.0,0.0,0.6610875141931957,0.0,55492.0,3694,125,2.0,,16,95116,10.0,40.0,1,
0.9805635715498218,69318,0.7432188065099458,0.08297237057908238,0.9814382194282801,0.8097427313583417,0.0,0.0,0.7287732873543883,0.0,66570.0,1374,0.943066634678822,62895,0.7011648933933302,0.08372934101518147,0.9433778311084445,0.7649853130163393,0.0,0.0,0.661245216367383,0.0,55301.0,3797,125,2.0,,16,95116,10.0,60.0,1,
0.9768464367751301,69318,0.7460469321670381,0.08297237057908238,0.9777420446851727,0.8128038154636339,0.0,0.0,0.7287732873543883,0.0,66032.0,1643,0.9419508469245631,62895,0.7019954581773834,0.08372934101518147,0.942275423982741,0.7658803010831651,0.0,0.0,0.661245216367383,0.0,55143.0,3876,125,2.0,,16,95116,10.0,80.0,1,
0.9781796442983112,65450,0.7034568316581858,0.08297237057908238,0.9791015303603752,0.7663831055672751,0.0,0.0,0.6881071533706211,0.0,62530.0,1460,0.9411717197822611,58267,0.6508789267841373,0.08372934101518147,0.9415519358800336,0.7100697631723885,0.0,0.0,0.6125888388914589,0.0,50983.0,3642,150,2.0,,0,95116,10.0,5.0,1,
0.9793720463883552,69840,0.749726649564742,0.08297237057908238,0.980361880430663,0.816736219389159,0.0,0.0,0.7342613230161067,0.0,66898.0,1471,0.9313166605369622,60774,0.6860675385844652,0.08372934101518147,0.9317592947489459,0.7484050853680926,0.0,0.0,0.6389461289372976,0.0,51810.0,4482,150,2.0,,0,95116,10.0,10.0,1,
0.979240312828422,71746,0.770291013078767,0.08297237057908238,0.9802169576741263,0.8391497752912043,0.0,0.0,0.754300012616174,0.0,68704.0,1521,0.9273307866778083,62146,0.7045712603557761,0.08372934101518147,0.9277876476120807,0.7685767394896273,0.0,0.0,0.6533706211362967,0.0,52406.0,4870,150,2.0,,0,95116,10.0,15.0,1,
0.9784383306572396,72515,0.7791854157029312,0.08297237057908238,0.9794030253916802,0.8488489406585343,0.0,0.0,0.7623848774128432,0.0,69319.0,1598,0.9282335886134336,63390,0.7179759451616973,0.08372934101518147,0.928763992263963,0.7831375068845235,0.0,0.0,0.6664493881155642,0.0,53588.0,4901,150,2.0,,0,95116,10.0,20.0,1,
0.976919163520497,72970,0.7852937465831196,0.08297237057908238,0.9778748609640717,0.8555099513895258,0.0,0.0,0.7671685100298583,0.0,69522.0,1724,0.9252399369717805,64591,0.7339459186677321,0.08372934101518147,0.9257703884190913,0.8005553515696714,0.0,0.0,0.679076075528828,0.0,54153.0,5219,150,2.0,,0,95116,10.0,30.0,1,
0.9751752687454096,73026,0.7873018209344379,0.08297237057908238,0.9761268245735978,0.857699715674585,0.0,0.0,0.7677572648134909,0.0,69308.0,1859,0.924174932756486,64939,0.7387505782413053,0.08372934101518147,0.9247276610893557,0.8057761152928218,0.0,0.0,0.6827347659699735,0.0,54283.0,5328,150,2.0,,0,95116,10.0,40.0,1,
0.9716623428457394,73035,0.790245594852601,0.08297237057908238,0.9726328405912904,0.8608869118591214,0.0,0.0,0.7678518861180033,0.0,68775.0,2130,0.9227167605453952,65034,0.7410004625930443,0.08372934101518147,0.9232800477015247,0.8082201211676152,0.0,0.0,0.6837335464064931,0.0,54140.0,5447,150,2.0,,0,95116,10.0,60.0,1,
0.9664443738753044,73040,0.7945666344253333,0.08297237057908238,0.967904375712279,0.8651517930844722,0.0,0.0,0.7679044535093991,0.0,67968.0,2536,0.921207314136793,65040,0.7422831069431011,0.08372934101518147,0.9218993621545003,0.8095052322379291,0.0,0.0,0.6837966272761681,0.0,53914.0,5563,150,2.0,,0,95116,10.0,80.0,1,
0.9784024067172556,65370,0.7024370242651079,0.08297237057908238,0.9793258426966293,0.7652710263230303,0.0,0.0,0.6872660751082889,0.0,62484.0,1443,0.9413951383501422,58246,0.6504899280878086,0.08372934101518147,0.941760444961842,0.7096566917569305,0.0,0.0,0.6123680558475966,0.0,50994.0,3626,150,2.0,,2,95116,10.0,5.0,1,
0.9797756914774005,69713,0.7480550065183565,0.08297237057908238,0.9807681485649972,0.8149133266073558,0.0,0.0,0.7329261112746541,0.0,66835.0,1439,0.9317665828066515,60740,0.6853526220614828,0.08372934101518147,0.9321526680069366,0.747670736185056,0.0,0.0,0.6385886706758064,0.0,51844.0,4448,150,2.0,,2,95116,10.0,10.0,1,
0.979723161598598,71558,0.7678939400311199,0.08297237057908238,0.980703341282241,0.8365358158305054,0.0,0.0,0.752323478699693,0.0,68596.0,1481,0.9281059428434772,62094,0.7033937507885109,0.08372934101518147,0.9285084112149533,0.7673375252432532,0.0,0.0,0.6528239202657807,0.0,52474.0,4810,150,2.0,,2,95116,10.0,15.0,1,
0.9790969559857485,72274,0.7760734261323016,0.08297237057908238,0.9800661748752441,0.8454553792534165,0.0,0.0,0.7598511291475671,0.0,69188.0,1543,0.9294447461507978,63324,0.7162937886370326,0.08372934101518147,0.9298678414096916,0.7813934275748118,0.0,0.0,0.66575549854914,0.0,53710.0,4807,150,2.0,,2,95116,10.0,20.0,1,
0.9777116784882703,72643,0.7811409226628537,0.08297237057908238,0.978673241182335,0.8509813812712098,0.0,0.0,0.763730602632575,0.0,69331.0,1656,0.9267504023913543,64487,0.7315698725766433,0.08372934101518147,0.9271767885898321,0.7980539746649532,0.0,0.0,0.677982673787796,0.0,54293.0,5097,150,2.0,,2,95116,10.0,30.0,1,
0.9759136435648882,72688,0.7830648891879389,0.08297237057908238,0.9768710774234299,0.853079427680455,0.0,0.0,0.7642037091551369,0.0,69100.0,1794,0.9257968198637084,64803,0.7359119391059338,0.08372934101518147,0.9262467304146478,0.8027698733247659,0.0,0.0,0.6813049329240086,0.0,54415.0,5194,150,2.0,,2,95116,10.0,40.0,1,
0.9725329123407899,72691,0.7858194204970772,0.08297237057908238,0.9734967188964778,0.8560717233788866,0.0,0.0,0.7642352495899744,0.0,68585.0,2053,0.924397646153627,64877,0.7378674460658564,0.08372934101518147,0.9248588698180988,0.8048926014319809,0.0,0.0,0.682082930316666,0.0,54265.0,5306,150,2.0,,2,95116,10.0,60.0,1,
0.9678334154362327,72693,0.7896568400689684,0.08297237057908238,0.9690074382148285,0.8600614509767954,0.0,0.0,0.7642562765465326,0.0,67861.0,2416,0.9229970410834187,64883,0.7390554691114009,0.08372934101518147,0.9235225461170576,0.806131815678355,0.0,0.0,0.6821460111863409,0.0,54057.0,5413,150,2.0,,2,95116,10.0,80.0,1,
0.978613392482465,65297,0.7015013246982632,0.08297237057908238,0.9795235666496654,0.7642621296890764,0.0,0.0,0.6864985911939105,0.0,62443.0,1427,0.9416941694169417,58208,0.6498591193910593,0.08372934101518147,0.9420599469152586,0.7089682393978337,0.0,0.0,0.6119685436729888,0.0,51000.0,3604,150,2.0,,4,95116,10.0,5.0,1,
0.9802954971196778,69600,0.746446444341646,0.08297237057908238,0.9812767877284007,0.8131706869668899,0.0,0.0,0.7317380882291097,0.0,66802.0,1399,0.9323643291746051,60682,0.6842592203204508,0.08372934101518147,0.9327369424206093,0.7464888929686065,0.0,0.0,0.6379788889356155,0.0,51878.0,4402,150,2.0,,4,95116,10.0,10.0,1,
0.9803321018006016,71377,0.7654758400269145,0.08297237057908238,0.9813025007905193,0.8339103916353298,0.0,0.0,0.7504205391311661,0.0,68513.0,1432,0.9289930191449202,62014,0.7018167290466378,0.08372934101518147,0.9293828492641549,0.7656278685514962,0.0,0.0,0.6519828420034485,0.0,52534.0,4740,150,2.0,,4,95116,10.0,15.0,1,
0.9797167693751786,72018,0.7728352748223222,0.08297237057908238,0.980677315249806,0.8419357057690544,0.0,0.0,0.7571596787081037,0.0,69036.0,1491,0.9304838021224298,63218,0.7142962277639935,0.08372934101518147,0.9308948476682717,0.779224802643657,0.0,0.0,0.6646410698515497,0.0,53772.0,4723,150,2.0,,4,95116,10.0,20.0,1,
0.9783661651693907,72313,0.7770722065688213,0.08297237057908238,0.9793201516793066,0.8465559937631845,0.0,0.0,0.7602611548004542,0.0,69115.0,1599,0.9281169290259281,64325,0.7286576390933176,0.08372934101518147,0.9285188446381916,0.7948985680190931,0.0,0.0,0.676279490306573,0.0,54361.0,4982,150,2.0,,4,95116,10.0,30.0,1,
0.9765285463625321,72351,0.7789436057025106,0.08297237057908238,0.977478451187549,0.8485967165000459,0.0,0.0,0.7606606669750621,0.0,68873.0,1739,0.9272615084376076,64619,0.7326632743176753,0.08372934101518147,0.9276741748855104,0.7992587662933724,0.0,0.0,0.6793704529206442,0.0,54481.0,5069,150,2.0,,4,95116,10.0,40.0,1,
0.9731929088316789,72353,0.781635056141974,0.08297237057908238,0.9741494217279496,0.851520223791617,0.0,0.0,0.7606816939316203,0.0,68367.0,1993,0.9259333486028402,64682,0.7344295386685731,0.08372934101518147,0.9263576993583869,0.8011749586928585,0.0,0.0,0.6800328020522309,0.0,54334.0,5174,150,2.0,,4,95116,10.0,60.0,1,
0.9688014675361193,72353,0.7851780983220489,0.08297237057908238,0.9698923578064049,0.8552577272310373,0.0,0.0,0.7606816939316203,0.0,67693.0,2330,0.9245590463394414,64684,0.7355439673661635,0.08372934101518147,0.9250482659992849,0.802333853497338,0.0,0.0,0.6800538290087893,0.0,54128.0,5278,150,2.0,,4,95116,10.0,80.0,1,
0.9791268779042663,65109,0.6991147651288953,0.08297237057908238,0.9800258895779397,0.761671099697331,0.0,0.0,0.6845220572774297,0.0,62333.0,1388,0.9421954067730635,58092,0.6482190167795113,0.08372934101518147,0.9425623052959502,0.7071782632641821,0.0,0.0,0.6107489801926069,0.0,50964.0,3564,150,2.0,,8,95116,10.0,5.0,1,
0.9812893638100629,69333,0.7428298078136171,0.08297237057908238,0.9822486045391438,0.8092497477758415,0.0,0.0,0.7289309895285756,0.0,66689.0,1322,0.9333436150524368,60518,0.6816939316203373,0.08372934101518147,0.9337036179896628,0.7437006609142648,0.0,0.0,0.6362546784978342,0.0,51874.0,4322,150,2.0,,8,95116,10.0,10.0,1,
0.981377794367716,70986,0.7604714243660372,0.08297237057908238,0.9823284391735743,0.8284761074933504,0.0,0.0,0.746309769124017,0.0,68292.0,1347,0.9305693553728962,61814,0.6983683081710753,0.08372934101518147,0.9309337349397591,0.7618872774004039,0.0,0.0,0.6498801463476176,0.0,52590.0,4612,150,2.0,,8,95116,10.0,15.0,1,
0.9807808384547849,71495,0.7663905126372009,0.08297237057908238,0.9817235602669376,0.8349307530037604,0.0,0.0,0.7516611295681063,0.0,68693.0,1401,0.9322967569968903,62958,0.7099751881912612,0.08372934101518147,0.9326558426167338,0.774554800807784,0.0,0.0,0.6619075654989697,0.0,53814.0,4572,150,2.0,,8,95116,10.0,20.0,1,
0.9792551520697049,71704,0.7698284200344843,0.08297237057908238,0.9801921999097781,0.8386797211776575,0.0,0.0,0.7538584465284495,0.0,68666.0,1519,0.9304111342185251,63976,0.7229172799528997,0.08372934101518147,0.9307630755801266,0.7886795483752524,0.0,0.0,0.6726102863871484,0.0,54406.0,4785,150,2.0,,8,95116,10.0,30.0,1,
0.9773132945456527,71726,0.771594684385382,0.08297237057908238,0.9782463414301497,0.8406057965697514,0.0,0.0,0.7540897430505908,0.0,68396.0,1665,0.9294221501859596,64224,0.726491862567812,0.08372934101518147,0.9297719869706841,0.792580778410134,0.0,0.0,0.6752176290003785,0.0,54470.0,4877,150,2.0,,8,95116,10.0,40.0,1,
0.9739164675211819,71727,0.7742966483031246,0.08297237057908238,0.9748562730201014,0.8435407685957993,0.0,0.0,0.75410025652887,0.0,67885.0,1921,0.9280196375712945,64270,0.7281109382228016,0.08372934101518147,0.9283815797076328,0.7943363319258308,0.0,0.0,0.6757012490012195,0.0,54300.0,4985,150,2.0,,8,95116,10.0,60.0,1,
0.9698473437267602,71727,0.7775453130913832,0.08297237057908238,0.9708318670312119,0.847037512611208,0.0,0.0,0.75410025652887,0.0,67267.0,2230,0.926856351758649,64271,0.7290361243113672,0.08372934101518147,0.9272307581331602,0.795334587846521,0.0,0.0,0.6757117624794987,0.0,54127.0,5072,150,2.0,,8,95116,10.0,80.0,1,
0.9795432848938523,64643,0.6938159720762017,0.08297237057908238,0.9803900752244601,0.7559387324589563,0.0,0.0,0.679622776399344,0.0,61943.0,1350,0.9434969235037783,57809,0.6441713276420371,0.08372934101518147,0.9438049991020555,0.7028065907839177,0.0,0.0,0.6077736658396063,0.0,50885.0,3462,150,2.0,,16,95116,10.0,5.0,1,
0.9823732405458424,68606,0.7342297825812691,0.08297237057908238,0.9832884251562232,0.7999174539117674,0.0,0.0,0.7212876908196307,0.0,66144.0,1231,0.9353593224560967,60080,0.6753017368266118,0.08372934101518147,0.9356652286991326,0.7367702404993575,0.0,0.0,0.6316497750115648,0.0,51776.0,4152,150,2.0,,16,95116,10.0,10.0,1,
0.982652545229801,69957,0.7484755456495227,0.08297237057908238,0.983564378708208,0.8154407043932862,0.0,0.0,0.7354913999747676,0.0,67487.0,1235,0.9333637886401706,61294,0.690420118592035,0.08372934101518147,0.933662355862237,0.7532701487057095,0.0,0.0,0.6444131376424577,0.0,52542.0,4376,150,2.0,,16,95116,10.0,15.0,1,
0.982182036698017,70282,0.7523129652214139,0.08297237057908238,0.9830887804059252,0.8196253324772999,0.0,0.0,0.7389082804154926,0.0,67732.0,1275,0.935651886764132,62335,0.7004289499137895,0.08372934101518147,0.9359469077040885,0.764193592803378,0.0,0.0,0.6553576685310568,0.0,53761.0,4287,150,2.0,,16,95116,10.0,20.0,1,
0.9803148509334076,70367,0.7546574708776652,0.08297237057908238,0.9812170566416599,0.822181968265615,0.0,0.0,0.7398019260692208,0.0,67541.0,1413,0.9342910348496941,63216,0.7113629673241095,0.08372934101518147,0.934581097263494,0.7761267670277217,0.0,0.0,0.6646200428949913,0.0,54324.0,4446,150,2.0,,16,95116,10.0,30.0,1,
0.978027934125495,70374,0.756497329576517,0.08297237057908238,0.9789258440095147,0.8241882967990461,0.0,0.0,0.7398755204171749,0.0,67212.0,1581,0.9332960301566734,63382,0.7139913368938979,0.08372934101518147,0.9335847166782048,0.7789953185239581,0.0,0.0,0.666365280289331,0.0,54322.0,4530,150,2.0,,16,95116,10.0,40.0,1,
0.9745205289759745,70375,0.7592308339290971,0.08297237057908238,0.9754255142207684,0.8271576630285242,0.0,0.0,0.7398860338954539,0.0,66695.0,1840,0.9318188497369736,63414,0.7154842508095378,0.08372934101518147,0.932133880142876,0.7806017073618505,0.0,0.0,0.6667017115942638,0.0,54134.0,4640,150,2.0,,16,95116,10.0,60.0,1,
0.9707164335567878,70375,0.7622061482820977,0.08297237057908238,0.9716411934446147,0.8303792534164909,0.0,0.0,0.7398860338954539,0.0,66129.0,2123,0.9306564522520142,63414,0.7163778964632659,0.08372934101518147,0.9309843646773839,0.7815655406645861,0.0,0.0,0.6667017115942638,0.0,53964.0,4725,150,2.0,,16,95116,10.0,80.0,1,
0.9690509862299963,65096,0.7062429034021616,0.08297237057908238,0.9699895693637312,0.7693983307346602,0.0,0.0,0.6843853820598007,0.0,60938.0,2079,0.9340995428497842,58030,0.6531393246141554,0.08372934101518147,0.9344755954202161,0.7125367174591518,0.0,0.0,0.6100971445392994,0.0,49842.0,4094,175,2.0,,0,95116,10.0,5.0,1,
0.9711448353031681,69432,0.7516611295681063,0.08297237057908238,0.9721238256584014,0.8188457305328809,0.0,0.0,0.7299718238782119,0.0,65306.0,2063,0.9225864514849673,60482,0.6892320955464906,0.08372934101518147,0.9230370087752766,0.7518473471635763,0.0,0.0,0.6358761932797847,0.0,50332.0,5075,175,2.0,,0,95116,10.0,10.0,1,
0.9699573149180283,71352,0.7733924891711174,0.08297237057908238,0.9709208180816177,0.8425318719618453,0.0,0.0,0.7501577021741873,0.0,66932.0,2210,0.9171710877692718,61821,0.7086504899280878,0.08372934101518147,0.9176203410963174,0.7730287314117863,0.0,0.0,0.6499537406955718,0.0,50655.0,5583,175,2.0,,0,95116,10.0,15.0,1,
0.9681202200456193,72154,0.7835695361453383,0.08297237057908238,0.9691605104096709,0.8535494817940017,0.0,0.0,0.7585895117540687,0.0,67402.0,2376,0.9169601024357594,63019,0.7225493082131292,0.08372934101518147,0.9175208199871877,0.7880943638700202,0.0,0.0,0.6625488876739981,0.0,51605.0,5707,175,2.0,,0,95116,10.0,20.0,1,
0.9660695329087049,72803,0.792295723117036,0.08297237057908238,0.9671090211081443,0.863053746675227,0.0,0.0,0.7654127591572396,0.0,67689.0,2557,0.9121692670588569,64193,0.7398755204171749,0.08372934101518147,0.9127788758229414,0.8069464843032862,0.0,0.0,0.6748917111737247,0.0,51831.0,6181,175,2.0,,0,95116,10.0,30.0,1,
0.9641370011500483,72936,0.7953341183397115,0.08297237057908238,0.9651704425153504,0.8663670549390076,0.0,0.0,0.7668110517683671,0.0,67510.0,2713,0.9103006893440658,64574,0.7457946086883385,0.08372934101518147,0.9109299176165219,0.8133835138608408,0.0,0.0,0.6788973463980823,0.0,51848.0,6363,175,2.0,,0,95116,10.0,40.0,1,
0.9604849218780851,72969,0.7987194583455991,0.08297237057908238,0.9615354206198609,0.8700357699715675,0.0,0.0,0.7671579965515791,0.0,66965.0,3002,0.908774588208884,64772,0.7493376508684133,0.08372934101518147,0.9093997893997894,0.8172503212777675,0.0,0.0,0.6809790150973548,0.0,51768.0,6502,175,2.0,,0,95116,10.0,60.0,1,
0.9554333595181985,72976,0.803019470961773,0.08297237057908238,0.9569367951744033,0.8743006511969182,0.0,0.0,0.7672315908995332,0.0,66168.0,3404,0.9072982171118051,64782,0.7506728626098659,0.08372934101518147,0.9079849187772436,0.818650174407931,0.0,0.0,0.6810841498801463,0.0,51544.0,6619,175,2.0,,0,95116,10.0,80.0,1,
0.9692069217355015,65027,0.7053807981832709,0.08297237057908238,0.9701468043205824,0.7684582225075667,0.0,0.0,0.683659952058539,0.0,60895.0,2066,0.9342760053468184,58012,0.6528134067875015,0.08372934101518147,0.9346523168138171,0.7121810170736185,0.0,0.0,0.6099079019302747,0.0,49850.0,4081,175,2.0,,2,95116,10.0,5.0,1,
0.9714325744308231,69336,0.7503995121746079,0.08297237057908238,0.9724135029381653,0.8174699623956709,0.0,0.0,0.728962529963413,0.0,65258.0,2039,0.9229101789094462,60458,0.6887169351108121,0.08372934101518147,0.9233189266787825,0.7513195336882688,0.0,0.0,0.635623869801085,0.0,50358.0,5050,175,2.0,,2,95116,10.0,10.0,1,
0.9703794536412562,71221,0.7716367382984987,0.08297237057908238,0.9713455715883363,0.8406172613042282,0.0,0.0,0.7487804365196181,0.0,66873.0,2174,0.9178104575163398,61787,0.7077673577526389,0.08372934101518147,0.9182196463070292,0.7720993207270057,0.0,0.0,0.6495962824340805,0.0,50721.0,5533,175,2.0,,2,95116,10.0,15.0,1,
0.9686478194760284,71987,0.7813301652718786,0.08297237057908238,0.9696916631868205,0.851107493350454,0.0,0.0,0.75683376088145,0.0,67327.0,2330,0.9180076963442365,62979,0.7212666638630725,0.08372934101518147,0.9185164658868827,0.7867404075637966,0.0,0.0,0.6621283485428319,0.0,51729.0,5625,175,2.0,,2,95116,10.0,20.0,1,
0.966798566422852,72565,0.7891101391984524,0.08297237057908238,0.9678301345746029,0.8595913968632487,0.0,0.0,0.762910551326801,0.0,67581.0,2492,0.9138781210808345,64125,0.7377097438916691,0.08372934101518147,0.9144385026737968,0.8046286946943272,0.0,0.0,0.6741767946507422,0.0,52039.0,6043,175,2.0,,2,95116,10.0,30.0,1,
0.964839133725485,72663,0.7917805626813575,0.08297237057908238,0.9658651353830203,0.862503439420343,0.0,0.0,0.7639408721981581,0.0,67367.0,2648,0.9121928447141705,64482,0.7431872660751083,0.08372934101518147,0.9127739086121963,0.8105838076005141,0.0,0.0,0.6779301063964002,0.0,52068.0,6207,175,2.0,,2,95116,10.0,40.0,1,
0.9613161757898774,72688,0.794955633121662,0.08297237057908238,0.9623470846793412,0.8659543244978446,0.0,0.0,0.7642037091551369,0.0,66838.0,2925,0.9107827115969797,64651,0.7462887421674587,0.08372934101518147,0.9113604646245366,0.8139686983660731,0.0,0.0,0.6797068842255772,0.0,51985.0,6333,175,2.0,,2,95116,10.0,60.0,1,
0.9567128624261328,72692,0.7988245931283906,0.08297237057908238,0.9579610447800533,0.869966981564707,0.0,0.0,0.7642457630682535,0.0,66114.0,3289,0.9093721872187218,64660,0.7475503595609572,0.08372934101518147,0.9099864895293853,0.8153111804663117,0.0,0.0,0.6798015055300896,0.0,51772.0,6444,175,2.0,,2,95116,10.0,80.0,1,
0.9693976514823712,64970,0.7046238277471719,0.08297237057908238,0.970324237943755,0.7676442263597175,0.0,0.0,0.6830606837966273,0.0,60868.0,2051,0.9346045971823721,57981,0.6522351654821481,0.08372934101518147,0.9349813748730105,0.7115499357444465,0.0,0.0,0.6095819841036209,0.0,49867.0,4057,175,2.0,,4,95116,10.0,5.0,1,
0.9717560893478505,69259,0.749316623911855,0.08297237057908238,0.9727251021755312,0.8163005594790425,0.0,0.0,0.7281529921359182,0.0,65233.0,2013,0.9235131375815845,60419,0.6878232894570839,0.08372934101518147,0.9239085556999771,0.7503557003855333,0.0,0.0,0.635213844148198,0.0,50411.0,5004,175,2.0,,4,95116,10.0,10.0,1,
0.9708146772960576,71118,0.7701753648176963,0.08297237057908238,0.9717697857455182,0.8390351279464368,0.0,0.0,0.7476975482568653,0.0,66842.0,2138,0.9187974400952522,61734,0.7064006055763489,0.08372934101518147,0.919194175190959,0.7706191481549477,0.0,0.0,0.6490390680852853,0.0,50822.0,5456,175,2.0,,4,95116,10.0,15.0,1,
0.9691512895219596,71849,0.7794272257033517,0.08297237057908238,0.9701851276719283,0.849043841144639,0.0,0.0,0.7553829008789268,0.0,67275.0,2287,0.9192565642396879,62913,0.719531939947012,0.08372934101518147,0.9197134712374826,0.7848930604002203,0.0,0.0,0.6614344589764077,0.0,51861.0,5526,175,2.0,,4,95116,10.0,20.0,1,
0.9674253162525741,72346,0.7862189326716851,0.08297237057908238,0.9684483889535895,0.8564500596166192,0.0,0.0,0.7606080995836663,0.0,67474.0,2436,0.9157677891905811,64014,0.7349131586694142,0.08372934101518147,0.9162790031919614,0.8016224527262713,0.0,0.0,0.6730097985617561,0.0,52238.0,5888,175,2.0,,4,95116,10.0,30.0,1,
0.9654078408893983,72422,0.7886896000672863,0.08297237057908238,0.9664255784782086,0.8591442722186554,0.0,0.0,0.7614071239328819,0.0,67232.0,2595,0.9142183326703416,64350,0.740022709113083,0.08372934101518147,0.9147381588673452,0.80718744262897,0.0,0.0,0.6765423272635519,0.0,52274.0,6038,175,2.0,,4,95116,10.0,40.0,1,
0.9618928751626523,72444,0.791812103116195,0.08297237057908238,0.9629157030066193,0.8625378336237732,0.0,0.0,0.7616384204550234,0.0,66704.0,2870,0.9128834529522515,64487,0.7426826191177089,0.08372934101518147,0.9134006600473081,0.8100904167431614,0.0,0.0,0.677982673787796,0.0,52179.0,6154,175,2.0,,4,95116,10.0,60.0,1,
0.9576718177852394,72445,0.7953130913831532,0.08297237057908238,0.9588379326318576,0.8662180133908098,0.0,0.0,0.7616489339333025,0.0,66041.0,3202,0.9115593373664274,64491,0.7438075612935784,0.08372934101518147,0.9121137119015629,0.8112837341655957,0.0,0.0,0.6780247277009126,0.0,51977.0,6257,175,2.0,,4,95116,10.0,80.0,1,
0.9698796983480967,64819,0.7026367803524118,0.08297237057908238,0.9707948299360482,0.7654888562780886,0.0,0.0,0.681473148576475,0.0,60793.0,2013,0.9352712113622776,57883,0.6506686572185542,0.08372934101518147,0.9356491659123238,0.7098402790526895,0.0,0.0,0.6085516632322637,0.0,49871.0,4006,175,2.0,,8,95116,10.0,5.0,1,
0.9724271954035938,69054,0.746583119559275,0.08297237057908238,0.9733729895831865,0.813342657984041,0.0,0.0,0.7259977290886918,0.0,65138.0,1958,0.9246107830355088,60280,0.6854262164094369,0.08372934101518147,0.9249938620181685,0.7477510556269507,0.0,0.0,0.6337524706673956,0.0,50450.0,4915,175,2.0,,8,95116,10.0,10.0,1,
0.9717954345917471,70840,0.7663905126372009,0.08297237057908238,0.9727295196770385,0.8349307530037604,0.0,0.0,0.7447748012952605,0.0,66728.0,2056,0.9204401058406709,61571,0.7032781025274402,0.08372934101518147,0.9208255440065805,0.7672227831834038,0.0,0.0,0.6473253711257833,0.0,50927.0,5322,175,2.0,,8,95116,10.0,15.0,1,
0.9702262210099201,71495,0.7747277009125699,0.08297237057908238,0.9712411019942401,0.8439420343024856,0.0,0.0,0.7516611295681063,0.0,67107.0,2194,0.9212204007285975,62713,0.7157155473316792,0.08372934101518147,0.921667181047279,0.7807393978336699,0.0,0.0,0.659331763320577,0.0,51987.0,5363,175,2.0,,8,95116,10.0,20.0,1,
0.9685912551371016,71884,0.7802577904874048,0.08297237057908238,0.969597237583965,0.8499724846372558,0.0,0.0,0.7557508726186972,0.0,67222.0,2331,0.9188379063869034,63760,0.7295512847470457,0.08372934101518147,0.9192883301133251,0.7958279787038737,0.0,0.0,0.6703393750788511,0.0,52496.0,5632,175,2.0,,8,95116,10.0,30.0,1,
0.9665972455492106,71939,0.7824656209260271,0.08297237057908238,0.9675983214074353,0.8523800788773732,0.0,0.0,0.7563291139240507,0.0,66967.0,2486,0.9173468511040468,64062,0.7341982421464317,0.08372934101518147,0.9178068453702775,0.8008881035432348,0.0,0.0,0.6735144455191555,0.0,52518.0,5772,175,2.0,,8,95116,10.0,40.0,1,
0.9629545363294477,71951,0.7855565835400984,0.08297237057908238,0.9639608258195898,0.8557392460790608,0.0,0.0,0.7564552756634004,0.0,66415.0,2768,0.9158886509635974,64158,0.736469153454729,0.08372934101518147,0.9163464971791759,0.8033665320359831,0.0,0.0,0.6745237394339544,0.0,52374.0,5892,175,2.0,,8,95116,10.0,60.0,1,
0.9589758626664356,71951,0.7888157618066362,0.08297237057908238,0.9600378939503109,0.8592359900944694,0.0,0.0,0.7564552756634004,0.0,65795.0,3078,0.9147419446820645,64160,0.7374153664998528,0.08372934101518147,0.9152116854958348,0.8043877363686432,0.0,0.0,0.6745447663905126,0.0,52200.0,5980,175,2.0,,8,95116,10.0,80.0,1,
0.9703544219940378,64449,0.6982842003448421,0.08297237057908238,0.9712171672267514,0.7607883151426214,0.0,0.0,0.6775831616131881,0.0,60511.0,1969,0.9367343623070674,57656,0.6471045880819211,0.08372934101518147,0.9370388428408907,0.7060078942537177,0.0,0.0,0.6061651036628959,0.0,49868.0,3894,175,2.0,,16,95116,10.0,5.0,1,
0.9735458756002614,68524,0.7400016821565246,0.08297237057908238,0.9744457558908434,0.8062115931395029,0.0,0.0,0.7204255856007401,0.0,64800.0,1862,0.9269220656696104,59932,0.6797699650952521,0.08372934101518147,0.9272232192586175,0.7416467780429594,0.0,0.0,0.6300937802262501,0.0,50482.0,4725,175,2.0,,16,95116,10.0,10.0,1,
0.9732887451954432,70142,0.7576748391437823,0.08297237057908238,0.9741809141539701,0.825472347060442,0.0,0.0,0.7374363934564111,0.0,66292.0,1925,0.9234787860486184,61162,0.6963076664283612,0.08372934101518147,0.923785645239246,0.7596842298512942,0.0,0.0,0.6430253585096093,0.0,51026.0,5068,175,2.0,,16,95116,10.0,15.0,1,
0.972185521607487,70639,0.7639093317633205,0.08297237057908238,0.9731498319281424,0.832202146198294,0.0,0.0,0.7426615921611506,0.0,66597.0,2021,0.9248788608460418,62224,0.7073257916649144,0.08372934101518147,0.9252089095072412,0.7716862493115476,0.0,0.0,0.6541906724420707,0.0,52116.0,5054,175,2.0,,16,95116,10.0,20.0,1,
0.970611998959232,70877,0.7677257243786534,0.08297237057908238,0.971569957916958,0.8363638448133541,0.0,0.0,0.7451637999915892,0.0,66585.0,2146,0.9233107762463643,63172,0.719321670381429,0.08372934101518147,0.9236482732403427,0.7847668441343859,0.0,0.0,0.6641574498507086,0.0,52678.0,5247,175,2.0,,16,95116,10.0,30.0,1,
0.9682921167265229,70909,0.7699125278607174,0.08297237057908238,0.9692450689593898,0.8387485095845181,0.0,0.0,0.7455002312965221,0.0,66265.0,2322,0.922009012937927,63425,0.7232221708229951,0.08372934101518147,0.9223576289919144,0.7890123003488159,0.0,0.0,0.6668173598553345,0.0,52695.0,5365,175,2.0,,16,95116,10.0,40.0,1,
0.9647886365800895,70911,0.7727301400395307,0.08297237057908238,0.9657478277449405,0.8418095936898101,0.0,0.0,0.7455212582530805,0.0,65735.0,2588,0.9204721783140217,63473,0.7249779216956138,0.08372934101518147,0.9208327288553605,0.7909170185423169,0.0,0.0,0.6673220068127339,0.0,52505.0,5484,175,2.0,,16,95116,10.0,60.0,1,
0.9609317830717945,70911,0.7758316161318811,0.08297237057908238,0.9619224612713313,0.845157296157021,0.0,0.0,0.7455212582530805,0.0,65145.0,2883,0.9193123225769074,63473,0.7258925943059001,0.08372934101518147,0.9196852903674511,0.7919038002570222,0.0,0.0,0.6673220068127339,0.0,52331.0,5571,175,2.0,,16,95116,10.0,80.0,1,
0.9606115881419525,64775,0.708934353841625,0.08297237057908238,0.9615670090849712,0.7723103732917546,0.0,0.0,0.6810105555321923,0.0,59463.0,2656,0.9260976274884102,57732,0.6553997224441734,0.08372934101518147,0.9264840402484232,0.7149921975399303,0.0,0.0,0.6069641280121115,0.0,48518.0,4607,200,2.0,,0,95116,10.0,5.0,1,
0.9620189626324596,68996,0.754026662180916,0.08297237057908238,0.9629991486035703,0.8214138310556728,0.0,0.0,0.7253879473485008,0.0,63548.0,2724,0.9131048938303108,60117,0.6921863829429329,0.08372934101518147,0.9135627991793936,0.7550601248393611,0.0,0.0,0.6320387737078935,0.0,48675.0,5721,200,2.0,,0,95116,10.0,10.0,1,
0.9601917945522762,70890,0.7761995878716514,0.08297237057908238,0.9611551759202765,0.8455814913326607,0.0,0.0,0.7453004752092183,0.0,65012.0,2939,0.9063675938906515,61420,0.7124458555868624,0.08372934101518147,0.9068225775494234,0.7771594455663668,0.0,0.0,0.645737835905631,0.0,48730.0,6345,200,2.0,,0,95116,10.0,15.0,1,
0.9581299562711456,71648,0.7861873922368476,0.08297237057908238,0.95918176098103,0.8563812712097588,0.0,0.0,0.7532696917448168,0.0,65386.0,3131,0.9049719442355527,62577,0.7269859960469321,0.08372934101518147,0.9055481592961334,0.7929135303836975,0.0,0.0,0.6579019302746121,0.0,49435.0,6571,200,2.0,,0,95116,10.0,20.0,1,
0.9555851977072822,72355,0.7960595483409731,0.08297237057908238,0.9566338335426721,0.8671351921489499,0.0,0.0,0.7607027208881787,0.0,65629.0,3363,0.8989628166231567,63705,0.7450376382522393,0.08372934101518147,0.8995721366338592,0.8125688452359097,0.0,0.0,0.6697611337734977,0.0,49385.0,7160,200,2.0,,0,95116,10.0,30.0,1,
0.953277655215884,72594,0.8006223979141259,0.08297237057908238,0.9543177904271122,0.8721108869118591,0.0,0.0,0.7632154421968964,0.0,65478.0,3558,0.8966038369505898,64074,0.7513246982631734,0.08372934101518147,0.8972315964880344,0.8194074720029374,0.0,0.0,0.6736406072585054,0.0,49296.0,7389,200,2.0,,0,95116,10.0,40.0,1,
0.9491567492717083,72657,0.80479624879095,0.08297237057908238,0.9502118644067796,0.8766394570301752,0.0,0.0,0.7638777913284831,0.0,64873.0,3892,0.8944800455941839,64348,0.7563291139240507,0.08372934101518147,0.8951146227464946,0.8248577198457867,0.0,0.0,0.6765213003069935,0.0,49166.0,7591,200,2.0,,0,95116,10.0,60.0,1,
0.9441672513708064,72665,0.8091383153202405,0.08297237057908238,0.9456540128316914,0.8809616619279097,0.0,0.0,0.7639618991547164,0.0,64071.0,4297,0.8930275789356862,64373,0.757853568274528,0.08372934101518147,0.8937218859332482,0.8264641086836791,0.0,0.0,0.6767841372639725,0.0,48951.0,7711,200,2.0,,0,95116,10.0,80.0,1,
0.9608218649326742,64720,0.7081773834055258,0.08297237057908238,0.9617785175057957,0.7714849124094286,0.0,0.0,0.6804323142268388,0.0,59442.0,2639,0.9263223777121582,57721,0.6551158585306363,0.08372934101518147,0.9267090517933404,0.7146823939783367,0.0,0.0,0.6068484797510408,0.0,48539.0,4591,200,2.0,,2,95116,10.0,5.0,1,
0.9622870706506562,68919,0.7529753143530006,0.08297237057908238,0.9632689001635288,0.8202673576079978,0.0,0.0,0.7245784095210059,0.0,63517.0,2701,0.9134988068276816,60100,0.6916922494638126,0.08372934101518147,0.9139155426468576,0.7545552597760234,0.0,0.0,0.631860044577148,0.0,48718.0,5691,200,2.0,,2,95116,10.0,10.0,1,
0.9605948762483717,70792,0.774801295260524,0.08297237057908238,0.9615604031403656,0.844056681647253,0.0,0.0,0.7442701543378611,0.0,64984.0,2904,0.9070574851891796,61396,0.7116258042810883,0.08372934101518147,0.9074730992077569,0.7762988801174958,0.0,0.0,0.6454855124269313,0.0,48814.0,6291,200,2.0,,2,95116,10.0,15.0,1,
0.9586828915275135,71535,0.7844947222339038,0.08297237057908238,0.9597375764731136,0.8545354489590021,0.0,0.0,0.7520816686992725,0.0,65369.0,3083,0.9060254924681345,62552,0.7258505403927835,0.08372934101518147,0.9065507246376812,0.791720212961263,0.0,0.0,0.6576390933176333,0.0,49576.0,6488,200,2.0,,2,95116,10.0,20.0,1,
0.9563046357615894,72201,0.7937676100761176,0.08297237057908238,0.9573570945542782,0.8646358800330184,0.0,0.0,0.7590836452331889,0.0,65603.0,3299,0.9004681687670613,63664,0.7433134278144581,0.08372934101518147,0.901028914332621,0.8107329722783183,0.0,0.0,0.6693300811640523,0.0,49590.0,7037,200,2.0,,2,95116,10.0,30.0,1,
0.9539657444005271,72406,0.7979730013877792,0.08297237057908238,0.9550100900853371,0.8692217738237182,0.0,0.0,0.7612389082804155,0.0,65418.0,3494,0.8983609778002302,64019,0.7492114891290634,0.08372934101518147,0.8989412491574927,0.817147053423903,0.0,0.0,0.6730623659531519,0.0,49533.0,7243,200,2.0,,2,95116,10.0,40.0,1,
0.9500288471624881,72453,0.8017999074813912,0.08297237057908238,0.9510763980047257,0.8733834724387783,0.0,0.0,0.7617330417595357,0.0,64831.0,3811,0.8965531671525617,64273,0.7537007443542622,0.08372934101518147,0.8971413416710868,0.82203506517349,0.0,0.0,0.6757327894360571,0.0,49441.0,7416,200,2.0,,2,95116,10.0,60.0,1,
0.9455072161181721,72458,0.8056898944446781,0.08297237057908238,0.9467549945775026,0.8774305237090709,0.0,0.0,0.7617856091509315,0.0,64106.0,4176,0.8951838598738531,64293,0.7550885234871105,0.08372934101518147,0.8958074988505107,0.823515237745548,0.0,0.0,0.6759430590016401,0.0,49237.0,7528,200,2.0,,2,95116,10.0,80.0,1,
0.9610223642172524,64672,0.7075045207956601,0.08297237057908238,0.9619658183224501,0.7707626341373934,0.0,0.0,0.6799276672694394,0.0,59426.0,2623,0.9266831555955287,57699,0.6546112115732369,0.08372934101518147,0.9270702786079245,0.7141316320910593,0.0,0.0,0.6066171832288995,0.0,48569.0,4565,200,2.0,,4,95116,10.0,5.0,1,
0.9626160384744435,68854,0.7520080743513184,0.08297237057908238,0.9635859829825347,0.8192240667706135,0.0,0.0,0.7238950334328609,0.0,63506.0,2674,0.9140748630553864,60073,0.6909457925059926,0.08372934101518147,0.914478391256032,0.7537520653570773,0.0,0.0,0.6315761806636108,0.0,48779.0,5647,200,2.0,,4,95116,10.0,10.0,1,
0.9609577778683734,70714,0.7736553261280962,0.08297237057908238,0.9619120167587126,0.8428184903237641,0.0,0.0,0.7434501030320871,0.0,64968.0,2873,0.9079716471580568,61358,0.7104693216703815,0.08372934101518147,0.9083749093223977,0.7750481916651367,0.0,0.0,0.6450860002523234,0.0,48920.0,6219,200,2.0,,4,95116,10.0,15.0,1,
0.9590929839164407,71439,0.7831069431010556,0.08297237057908238,0.9601370875613198,0.8530335687425479,0.0,0.0,0.7510723747844738,0.0,65345.0,3047,0.9073200470294515,62508,0.7243050590857479,0.08372934101518147,0.9078075984663646,0.7900679272994309,0.0,0.0,0.6571765002733504,0.0,49738.0,6385,200,2.0,,4,95116,10.0,20.0,1,
0.9567682400584213,72059,0.7918226165944742,0.08297237057908238,0.9578110669520025,0.8625263688892966,0.0,0.0,0.7575907313175491,0.0,65547.0,3256,0.9021604982054956,63596,0.7411266243323942,0.08372934101518147,0.9026855163799467,0.8083807600514045,0.0,0.0,0.6686151646410698,0.0,49802.0,6897,200,2.0,,4,95116,10.0,30.0,1,
0.9545196284404276,72239,0.7956705496446445,0.08297237057908238,0.9555549676583024,0.8667224617077869,0.0,0.0,0.7594831574077968,0.0,65355.0,3442,0.9002126131707523,63934,0.7466777408637874,0.08372934101518147,0.9007452908606771,0.814427666605471,0.0,0.0,0.6721687202994239,0.0,49760.0,7087,200,2.0,,4,95116,10.0,40.0,1,
0.9507504505334052,72277,0.7992451322595567,0.08297237057908238,0.9517896178461377,0.870609006695405,0.0,0.0,0.7598826695824047,0.0,64789.0,3744,0.8986513927206016,64170,0.7507359434795408,0.08372934101518147,0.8991802704406923,0.81885671011566,0.0,0.0,0.6746499011733041,0.0,49696.0,7237,200,2.0,,4,95116,10.0,60.0,1,
0.9465674847429215,72278,0.8027881744396316,0.08297237057908238,0.9477341865100178,0.8743465101348252,0.0,0.0,0.7598931830606838,0.0,64118.0,4080,0.8973882162131931,64183,0.7519449934816435,0.08372934101518147,0.8979531877387131,0.8201418211859739,0.0,0.0,0.6747865763909332,0.0,49505.0,7339,200,2.0,,4,95116,10.0,80.0,1,
0.9614679719279424,64527,0.705591067748854,0.08297237057908238,0.9624000715905023,0.7686875171971017,0.0,0.0,0.6784032129189621,0.0,59355.0,2586,0.9273564106277861,57625,0.6532970267883427,0.08372934101518147,0.9277445945293256,0.7126973563429411,0.0,0.0,0.6058391858362421,0.0,48597.0,4514,200,2.0,,8,95116,10.0,5.0,1,
0.9632507644402053,68674,0.7495479204339964,0.08297237057908238,0.9641974615298214,0.8165642483720077,0.0,0.0,0.7220026073426132,0.0,63434.0,2620,0.9152345776990934,59968,0.6888641238067202,0.08372934101518147,0.9156258588572999,0.7514916467780429,0.0,0.0,0.6304722654442996,0.0,48860.0,5554,200,2.0,,8,95116,10.0,10.0,1,
0.9619278949810321,70492,0.7704487152529543,0.08297237057908238,0.9628607722883173,0.839344675777309,0.0,0.0,0.741116110854115,0.0,64912.0,2790,0.9098919714103154,61233,0.7075255477522183,0.08372934101518147,0.9102842361895701,0.7718468881953369,0.0,0.0,0.6437718154674292,0.0,49105.0,6064,200,2.0,,8,95116,10.0,15.0,1,
0.9601926293638374,71181,0.779385171790235,0.08297237057908238,0.9612039862802819,0.8490094469412088,0.0,0.0,0.748359897388452,0.0,65279.0,2951,0.9096996309209471,62359,0.720688422557719,0.08372934101518147,0.9101776305226745,0.7861322746465944,0.0,0.0,0.6556099920097566,0.0,49979.0,6190,200,2.0,,8,95116,10.0,20.0,1,
0.957933687782201,71709,0.7870179570209008,0.08297237057908238,0.958945693309619,0.8573213794368523,0.0,0.0,0.7539110139198453,0.0,65411.0,3149,0.9054881967353584,63405,0.7361852895411918,0.08372934101518147,0.9059669076672477,0.8030337800624197,0.0,0.0,0.6666070902897515,0.0,50169.0,6618,200,2.0,,8,95116,10.0,30.0,1,
0.9557610431080362,71835,0.7901930274612052,0.08297237057908238,0.9567666919726695,0.8607837292488306,0.0,0.0,0.7552357121830187,0.0,65185.0,3325,0.9037144194358167,63720,0.7412948399848606,0.08372934101518147,0.9042017283705354,0.8085987699651184,0.0,0.0,0.669918835947685,0.0,50142.0,6789,200,2.0,,8,95116,10.0,40.0,1,
0.9520062525665991,71866,0.7936519618150469,0.08297237057908238,0.953016218223289,0.8645441621572044,0.0,0.0,0.7555616300096724,0.0,64620.0,3623,0.9022162619988707,63913,0.7447748012952605,0.08372934101518147,0.9027004886867602,0.8123967321461355,0.0,0.0,0.6719479372555617,0.0,50059.0,6927,200,2.0,,8,95116,10.0,60.0,1,
0.9481634914771228,71867,0.7968795996467471,0.08297237057908238,0.949215448013525,0.8680179767036595,0.0,0.0,0.7555721434879515,0.0,64009.0,3929,0.9010812411012589,63920,0.7457946086883385,0.08372934101518147,0.9015769133120821,0.8134982559206902,0.0,0.0,0.6720215316035157,0.0,49886.0,7017,200,2.0,,8,95116,10.0,80.0,1,
0.9620006592945548,64202,0.7016485133941713,0.08297237057908238,0.9628663127268364,0.7644455654407044,0.0,0.0,0.6749863324782371,0.0,59130.0,2536,0.9287435901583656,57414,0.6499327137390134,0.08372934101518147,0.9290742269042187,0.7090715072516982,0.0,0.0,0.6036208419193406,0.0,48604.0,4405,200,2.0,,16,95116,10.0,5.0,1,
0.9641308186762733,68246,0.7441965599899071,0.08297237057908238,0.9650169683257919,0.8107860221957259,0.0,0.0,0.7175028386391353,0.0,63168.0,2539,0.9171123816549859,59671,0.6840489507548677,0.08372934101518147,0.9174366937777709,0.7462938314668625,0.0,0.0,0.6273497623953909,0.0,48885.0,5393,200,2.0,,16,95116,10.0,10.0,1,
0.9631786146900121,69973,0.7637831700239708,0.08297237057908238,0.9640544487614009,0.8321333577914336,0.0,0.0,0.7356596156272341,0.0,64623.0,2675,0.912849262501499,60898,0.7013751629589133,0.08372934101518147,0.913177783109405,0.7651918487240683,0.0,0.0,0.6402498002439126,0.0,49270.0,5814,200,2.0,,16,95116,10.0,15.0,1,
0.9616647814769893,70566,0.7714685226460322,0.08297237057908238,0.9626093006124926,0.8404452902870769,0.0,0.0,0.7418941082467724,0.0,64940.0,2813,0.9138981051389811,61976,0.7129715295008201,0.08372934101518147,0.9142755985660967,0.7778020011015238,0.0,0.0,0.6515833298288406,0.0,50298.0,5839,200,2.0,,16,95116,10.0,20.0,1,
0.9597841084327571,70953,0.7772193952647294,0.08297237057908238,0.9607197985214071,0.846716500045859,0.0,0.0,0.745962824340805,0.0,65007.0,2973,0.9112307825935898,62946,0.7262500525673914,0.08372934101518147,0.9116266944734098,0.7922709748485405,0.0,0.0,0.6617814037596198,0.0,50682.0,6132,200,2.0,,16,95116,10.0,30.0,1,
0.9574436536180309,71027,0.779931872660751,0.08297237057908238,0.9583738126079447,0.8496744015408603,0.0,0.0,0.7467408217334623,0.0,64713.0,3157,0.9097097298775311,63213,0.7305500651835654,0.08372934101518147,0.9101157567380788,0.7969524508903983,0.0,0.0,0.6645885024601539,0.0,50665.0,6274,200,2.0,,16,95116,10.0,40.0,1,
0.953792455363136,71048,0.7831489970141722,0.08297237057908238,0.9547409159320577,0.8531596808217922,0.0,0.0,0.7469616047773245,0.0,64164.0,3442,0.9081496565471154,63328,0.7331363808402371,0.08372934101518147,0.9085665915840518,0.7997636313567101,0.0,0.0,0.6657975524622566,0.0,50518.0,6405,200,2.0,,16,95116,10.0,60.0,1,
0.9500307544192763,71049,0.7862609865848017,0.08297237057908238,0.9510099184837169,0.8565188480234798,0.0,0.0,0.7469721182556037,0.0,63575.0,3737,0.9070350319383575,63331,0.7340720804070818,0.08372934101518147,0.9074639269798965,0.8007733614833854,0.0,0.0,0.665829092897094,0.0,50349.0,6491,200,2.0,,16,95116,10.0,80.0,1,
0.9521209079906722,64510,0.7123302073257917,0.08297237057908238,0.9530633651956801,0.7760134825277446,0.0,0.0,0.6782244837882165,0.0,58022.0,3244,0.9149099394268727,57245,0.6578178224483788,0.08372934101518147,0.9152902802871624,0.7176312649164678,0.0,0.0,0.6018440640901636,0.0,46597.0,5324,225,2.0,,0,95116,10.0,5.0,1,
0.9522459811318134,68536,0.7566865721855419,0.08297237057908238,0.9532127955493741,0.8243144088782903,0.0,0.0,0.72055174734009,0.0,61662.0,3437,0.9009695814614814,59564,0.6950565625131419,0.08372934101518147,0.9014195344895427,0.7581925830732513,0.0,0.0,0.6262248202195214,0.0,46470.0,6547,225,2.0,,0,95116,10.0,10.0,1,
0.9496799286929747,70320,0.7784810126582279,0.08297237057908238,0.9506299680960364,0.8480693387141154,0.0,0.0,0.7393077925901005,0.0,62868.0,3726,0.8932232764444966,60816,0.7158206821144707,0.08372934101518147,0.8936695468171398,0.7808426656875345,0.0,0.0,0.6393876950250221,0.0,46276.0,7270,225,2.0,,0,95116,10.0,15.0,1,
0.9473270020807768,71023,0.7882164935447243,0.08297237057908238,0.9483895951287256,0.858571035494818,0.0,0.0,0.7466987678203457,0.0,63125.0,3949,0.8917506478548805,61941,0.7302662012700282,0.08372934101518147,0.8923158925896048,0.7964934826510005,0.0,0.0,0.6512153580890702,0.0,46903.0,7519,225,2.0,,0,95116,10.0,20.0,1,
0.9440217963567442,71723,0.7987720257369948,0.08297237057908238,0.9450791266421579,0.8700701641749977,0.0,0.0,0.7540582026157534,0.0,63217.0,4253,0.8847758008116952,63004,0.7486542747802684,0.08372934101518147,0.8853850477796514,0.8165044978887461,0.0,0.0,0.6623911854998108,0.0,46594.0,8205,225,2.0,,0,95116,10.0,30.0,1,
0.9403117574871407,72026,0.8053114092266286,0.08297237057908238,0.9414055862708962,0.8771553700816289,0.0,0.0,0.757243786534337,0.0,62882.0,4572,0.8821219715956558,63354,0.7550780100088313,0.08372934101518147,0.8827365194370907,0.8235037635395631,0.0,0.0,0.6660709028975146,0.0,46422.0,8466,225,2.0,,0,95116,10.0,40.0,1,
0.9355541435962603,72149,0.8107889314100677,0.08297237057908238,0.9366593965830607,0.883105567275062,0.0,0.0,0.7585369443626729,0.0,62209.0,4970,0.8791022099447514,63647,0.7611758274107405,0.08372934101518147,0.8797219035508438,0.8301473288048467,0.0,0.0,0.6691513520333067,0.0,46141.0,8753,225,2.0,,0,95116,10.0,60.0,1,
0.9307115863332086,72159,0.8151204844610791,0.08297237057908238,0.9322386439977263,0.8874163074383197,0.0,0.0,0.7586420791454644,0.0,61415.0,5372,0.8775451164072187,63701,0.7631733882837798,0.08372934101518147,0.8782589513449421,0.8322356342941069,0.0,0.0,0.669719079860381,0.0,45923.0,8889,225,2.0,,0,95116,10.0,80.0,1,
0.952356330329443,64465,0.7116573447159258,0.08297237057908238,0.9532999127515787,0.7752797395212326,0.0,0.0,0.6777513772656546,0.0,58015.0,3225,0.9151344610366771,57238,0.6575760124479583,0.08372934101518147,0.9155150351887396,0.717367358178814,0.0,0.0,0.6017704697422095,0.0,46622.0,5308,225,2.0,,2,95116,10.0,5.0,1,
0.9524558011433977,68473,0.7558244669666513,0.08297237057908238,0.953423932718817,0.8233743006511969,0.0,0.0,0.7198893982085033,0.0,61637.0,3418,0.901387984924395,59552,0.6945939694688591,0.08372934101518147,0.9017974771718885,0.7577221406278686,0.0,0.0,0.6260986584801715,0.0,46522.0,6515,225,2.0,,2,95116,10.0,10.0,1,
0.9500398977535536,70245,0.7773560704823583,0.08297237057908238,0.9509916739998646,0.8468426121251031,0.0,0.0,0.7385192817191639,0.0,62857.0,3694,0.893904196194901,60798,0.7150637116783717,0.08372934101518147,0.8943118132474295,0.7800509454745732,0.0,0.0,0.6391984524159973,0.0,46366.0,7216,225,2.0,,2,95116,10.0,15.0,1,
0.9478100531786965,70936,0.7868497413684343,0.08297237057908238,0.9488623443331238,0.8570920847473172,0.0,0.0,0.7457840952100593,0.0,63124.0,3906,0.8927109163254714,61922,0.7292569073552294,0.08372934101518147,0.8932260111938145,0.7954378557003855,0.0,0.0,0.6510156020017662,0.0,47038.0,7442,225,2.0,,2,95116,10.0,20.0,1,
0.9447962845682921,71608,0.7968375457336305,0.08297237057908238,0.9458320675216949,0.8679835825002293,0.0,0.0,0.7528491526136507,0.0,63240.0,4184,0.8862446521053817,62973,0.7470457126035578,0.08372934101518147,0.8868062694512118,0.8147948411969892,0.0,0.0,0.662065267673157,0.0,46807.0,8083,225,2.0,,2,95116,10.0,30.0,1,
0.9413320761635369,71882,0.8028302283527482,0.08297237057908238,0.9424057686004589,0.8744726222140695,0.0,0.0,0.7557298456621389,0.0,62922.0,4480,0.8838202654978433,63316,0.7531750704403045,0.08372934101518147,0.8843881385051611,0.8214728290802277,0.0,0.0,0.6656713907229068,0.0,46670.0,8323,225,2.0,,2,95116,10.0,40.0,1,
0.9368451195543234,71975,0.8077189957525548,0.08297237057908238,0.9379194412228463,0.8797922590112813,0.0,0.0,0.7567075991421002,0.0,62271.0,4852,0.8812509526250883,63599,0.7587472139282561,0.08372934101518147,0.8818252405645989,0.827542684046264,0.0,0.0,0.6686467050759073,0.0,46459.0,8570,225,2.0,,2,95116,10.0,60.0,1,
0.9324576402922431,71982,0.8115984692375625,0.08297237057908238,0.9337276724909522,0.8838278455470971,0.0,0.0,0.7567811934900542,0.0,61554.0,5214,0.8797202410571129,63646,0.7606291265402245,0.08372934101518147,0.8803651704820527,0.8295277216816597,0.0,0.0,0.6691408385550276,0.0,46242.0,8702,225,2.0,,2,95116,10.0,80.0,1,
0.9525203684809771,64418,0.7110160225408975,0.08297237057908238,0.953436741459949,0.7746033201871044,0.0,0.0,0.6772572437865343,0.0,57996.0,3211,0.915493408421861,57222,0.6571344463602338,0.08372934101518147,0.9158743877845001,0.7168854415274463,0.0,0.0,0.6016022540897431,0.0,46658.0,5282,225,2.0,,4,95116,10.0,5.0,1,
0.9526548118028769,68413,0.7550044156608773,0.08297237057908238,0.9535976136712108,0.822502980830964,0.0,0.0,0.719258589511754,0.0,61613.0,3400,0.902,59532,0.6938895664241558,0.08372934101518147,0.9023965075563505,0.7569648430328622,0.0,0.0,0.6258883889145885,0.0,46596.0,6468,225,2.0,,4,95116,10.0,10.0,1,
0.9503419324260275,70178,0.7763678035241179,0.08297237057908238,0.9512694346170008,0.8457878565532422,0.0,0.0,0.7378148786744606,0.0,62844.0,3667,0.8948360402279387,60771,0.7140018503721771,0.08372934101518147,0.89523150125952,0.7789035248760786,0.0,0.0,0.6389145885024602,0.0,46487.0,7142,225,2.0,,4,95116,10.0,15.0,1,
0.9482361757935871,70856,0.7856091509314942,0.08297237057908238,0.9492651688704902,0.8557621755480143,0.0,0.0,0.744943016947727,0.0,63120.0,3868,0.8938892820520227,61892,0.7279427225703352,0.08372934101518147,0.894367214820381,0.7940380025702222,0.0,0.0,0.6507001976533916,0.0,47198.0,7347,225,2.0,,4,95116,10.0,20.0,1,
0.9453346024695275,71507,0.7952605239917574,0.08297237057908238,0.9463479837482299,0.8662868017976704,0.0,0.0,0.7517872913074561,0.0,63237.0,4135,0.8877932484094404,62933,0.7452689347743807,0.08372934101518147,0.8883195708942057,0.8128901230034882,0.0,0.0,0.6616447285419909,0.0,47025.0,7954,225,2.0,,4,95116,10.0,30.0,1,
0.94207389123756,71754,0.8007695866100341,0.08297237057908238,0.9431140085697011,0.8722599284600568,0.0,0.0,0.7543841204424072,0.0,62930.0,4412,0.8855343271047659,63267,0.7511354556541486,0.08372934101518147,0.8860552077643796,0.8192927299430879,0.0,0.0,0.6651562302872283,0.0,46911.0,8178,225,2.0,,4,95116,10.0,40.0,1,
0.9376672540956856,71830,0.8053850035745826,0.08297237057908238,0.9387211019485356,0.8772700174263964,0.0,0.0,0.7551831447916229,0.0,62280.0,4775,0.8833613725790082,63534,0.7561608982715842,0.08372934101518147,0.883889816360601,0.8247659261979071,0.0,0.0,0.6679633289877623,0.0,46756.0,8389,225,2.0,,4,95116,10.0,60.0,1,
0.9336227400928008,71832,0.80889650531982,0.08297237057908238,0.9348012805496994,0.8809731266623865,0.0,0.0,0.7552041717481812,0.0,61618.0,5107,0.8819416505972282,63573,0.7578430547962488,0.08372934101518147,0.882541577588361,0.8265329539195888,0.0,0.0,0.6683733546406493,0.0,46553.0,8510,225,2.0,,4,95116,10.0,80.0,1,
0.9529505936763464,64287,0.7092497581899996,0.08297237057908238,0.9538555128566554,0.7726887095294873,0.0,0.0,0.6758799781319652,0.0,57939.0,3174,0.9161312032304069,57173,0.6561146389671559,0.08372934101518147,0.9165130408297398,0.7157724435469065,0.0,0.0,0.6010870936540645,0.0,46705.0,5234,225,2.0,,8,95116,10.0,5.0,1,
0.9531749689276188,68254,0.7528386391353715,0.08297237057908238,0.9540943274902849,0.8201641749977071,0.0,0.0,0.7175869464653686,0.0,61548.0,3353,0.9029049549754756,59459,0.6923440851171202,0.08372934101518147,0.9032890239270793,0.75528960895906,0.0,0.0,0.6251209050002102,0.0,46671.0,6394,225,2.0,,8,95116,10.0,10.0,1,
0.9511986301369864,69993,0.7736237856932587,0.08297237057908238,0.9521043610740811,0.8428184903237641,0.0,0.0,0.7358698851928172,0.0,62811.0,3591,0.896445770673915,60684,0.7116993986290424,0.08372934101518147,0.8968299711815562,0.7764021479713604,0.0,0.0,0.6379999158921738,0.0,46664.0,7010,225,2.0,,8,95116,10.0,15.0,1,
0.9492536511306077,70652,0.7825076748391437,0.08297237057908238,0.9502494922731369,0.8524144730808034,0.0,0.0,0.7427982673787796,0.0,63098.0,3777,0.8957493693641451,61787,0.725198704739476,0.08372934101518147,0.8962171100345218,0.7910547090141362,0.0,0.0,0.6495962824340805,0.0,47405.0,7191,225,2.0,,8,95116,10.0,20.0,1,
0.9464938032172793,71253,0.7914651583329829,0.08297237057908238,0.9474754996476205,0.862182426854994,0.0,0.0,0.7491168678245511,0.0,63197.0,4028,0.8901913536498937,62803,0.7417258925943059,0.08372934101518147,0.8906837231070329,0.8090577382045162,0.0,0.0,0.6602779763657008,0.0,47309.0,7747,225,2.0,,8,95116,10.0,30.0,1,
0.9434747015950142,71455,0.7962487909499979,0.08297237057908238,0.9444598649166633,0.8673874163074383,0.0,0.0,0.7512405904369401,0.0,62893.0,4281,0.8881430822920184,63115,0.747129820429791,0.08372934101518147,0.888630763815558,0.8149554800807784,0.0,0.0,0.6635581815887969,0.0,47217.0,7949,225,2.0,,8,95116,10.0,40.0,1,
0.9391818241512903,71514,0.8005488035661719,0.08297237057908238,0.940181952040387,0.8720535632394754,0.0,0.0,0.7518608856554102,0.0,62252.0,4631,0.8863350214039898,63357,0.7515244543504773,0.08372934101518147,0.8868188625897568,0.8197516981824857,0.0,0.0,0.666102443332352,0.0,47107.0,8125,225,2.0,,8,95116,10.0,60.0,1,
0.9354366138230523,71516,0.8037764413978721,0.08297237057908238,0.9364777980017547,0.8755273777859305,0.0,0.0,0.7518819126119686,0.0,61644.0,4936,0.8851138109202625,63383,0.752870179570209,0.08372934101518147,0.8856456187907834,0.8211744997246191,0.0,0.0,0.66637579376761,0.0,46929.0,8227,225,2.0,,8,95116,10.0,80.0,1,
0.9533982896814756,63994,0.7056856890533664,0.08297237057908238,0.9542512898511825,0.7688480234797762,0.0,0.0,0.6727995289961731,0.0,57738.0,3128,0.9176163801429399,57006,0.6531393246141554,0.08372934101518147,0.9179414511609932,0.7125711400771066,0.0,0.0,0.5993313427814458,0.0,46770.0,5118,225,2.0,,16,95116,10.0,5.0,1,
0.9539283204497541,67872,0.7480339795617982,0.08297237057908238,0.9548005908419498,0.8149706502797395,0.0,0.0,0.7135707977627318,0.0,61316.0,3278,0.9049256491372855,59212,0.6879284242398755,0.08372934101518147,0.9052438465066504,0.7505278134753075,0.0,0.0,0.6225240758652593,0.0,46770.0,6221,225,2.0,,16,95116,10.0,10.0,1,
0.9524024702515439,69553,0.7677888052483284,0.08297237057908238,0.9532639831147294,0.8365014216270751,0.0,0.0,0.7312439547499895,0.0,62601.0,3476,0.8993880194761685,60402,0.7060746877496951,0.08372934101518147,0.8997095404781411,0.7703208187993391,0.0,0.0,0.6350351150174524,0.0,46888.0,6757,225,2.0,,16,95116,10.0,15.0,1,
0.9506333401070243,70171,0.7760523991757433,0.08297237057908238,0.951574408071384,0.845432449784463,0.0,0.0,0.7377412843265065,0.0,62883.0,3644,0.8993928754297418,61478,0.7186488077715631,0.08372934101518147,0.899761441304316,0.7839980723333946,0.0,0.0,0.6463476176458219,0.0,47724.0,6877,225,2.0,,16,95116,10.0,20.0,1,
0.948206690192816,70667,0.7835379957105009,0.08297237057908238,0.9491363795094958,0.8535953407319087,0.0,0.0,0.7429559695529669,0.0,62947.0,3860,0.8949676790551677,62441,0.7335148660582868,0.08372934101518147,0.8953655109122717,0.8001881769781531,0.0,0.0,0.6564720972286471,0.0,47785.0,7328,225,2.0,,16,95116,10.0,30.0,1,
0.9453188620556157,70811,0.7875331174565794,0.08297237057908238,0.9462410134430874,0.8579519398330735,0.0,0.0,0.7444699104251651,0.0,62619.0,4096,0.8933418785159866,62726,0.7382038773707893,0.08372934101518147,0.8937364641513735,0.8053056728474389,0.0,0.0,0.659468438538206,0.0,47748.0,7489,225,2.0,,16,95116,10.0,40.0,1,
0.9412858908095612,70844,0.7912759157239582,0.08297237057908238,0.9422248231100707,0.8620104558378427,0.0,0.0,0.7448168552083771,0.0,62006.0,4419,0.8917486323308483,62920,0.7418100004205391,0.08372934101518147,0.8921532484473811,0.8092298512942905,0.0,0.0,0.6615080533243618,0.0,47644.0,7638,225,2.0,,16,95116,10.0,60.0,1,
0.9376240768681013,70845,0.7943773918163085,0.08297237057908238,0.9385930047694754,0.8653581583050537,0.0,0.0,0.7448273686866563,0.0,61419.0,4713,0.8906533061594203,62930,0.7428403212918963,0.08372934101518147,0.8910694816136386,0.8103428492748301,0.0,0.0,0.6616131881071534,0.0,47478.0,7726,225,2.0,,16,95116,10.0,80.0,1,
0.942173874746763,64179,0.7161571134194037,0.08297237057908238,0.9431153563556208,0.7801751811428047,0.0,0.0,0.6747445224778166,0.0,56301.0,3939,0.9015941775095156,56612,0.660151814626351,0.08372934101518147,0.9019676571337529,0.7201785386451257,0.0,0.0,0.5951890323394592,0.0,44254.0,6179,250,2.0,,0,95116,10.0,5.0,1,
0.9416362328463922,68069,0.7599983178434754,0.08297237057908238,0.9426011576702579,0.8279143355039897,0.0,0.0,0.7156419529837251,0.0,59631.0,4219,0.8870301715043555,58858,0.6976113377349762,0.08372934101518147,0.8874849215922799,0.7609693409216082,0.0,0.0,0.6188023045544387,0.0,43866.0,7496,250,2.0,,0,95116,10.0,10.0,1,
0.9389280088322809,69737,0.7808675722275957,0.08297237057908238,0.9398897529549712,0.850648903971384,0.0,0.0,0.7331784347533538,0.0,60665.0,4536,0.8780298821671881,60059,0.7191429412506833,0.08372934101518147,0.878479383328214,0.7844570405727923,0.0,0.0,0.6314289919677026,0.0,43373.0,8343,250,2.0,,0,95116,10.0,15.0,1,
0.9359512921408061,70406,0.7908658900710711,0.08297237057908238,0.937022545183529,0.8614372191140053,0.0,0.0,0.7402119517221077,0.0,60770.0,4818,0.8761536256807108,61138,0.7336305143193574,0.08372934101518147,0.8767190076719008,0.8001537543601983,0.0,0.0,0.6427730350309097,0.0,43854.0,8642,250,2.0,,0,95116,10.0,20.0,1,
0.9309721294076025,71049,0.8023571218301863,0.08297237057908238,0.932034632034632,0.8739567091626158,0.0,0.0,0.7469721182556037,0.0,60513.0,5268,0.8689941672611304,62127,0.751640102611548,0.08372934101518147,0.8695901685235989,0.8197631723884707,0.0,0.0,0.6531708650489928,0.0,43395.0,9366,250,2.0,,0,95116,10.0,30.0,1,
0.9255446058091287,71378,0.8107994448883469,0.08297237057908238,0.926878676518329,0.8828877373200037,0.0,0.0,0.7504310526094453,0.0,59894.0,5742,0.8659179145867998,62450,0.7582320534925775,0.08372934101518147,0.8665186624115443,0.8269460253350468,0.0,0.0,0.6565667185331595,0.0,43110.0,9670,250,2.0,,0,95116,10.0,40.0,1,
0.9196530677802762,71572,0.8182114470751504,0.08297237057908238,0.92097847207031,0.8909589103916353,0.0,0.0,0.7524706673956012,0.0,59066.0,6253,0.8617720962803279,62762,0.7656861095924976,0.08372934101518147,0.8623759927450603,0.8350697631723885,0.0,0.0,0.6598469237562555,0.0,42628.0,10067,250,2.0,,0,95116,10.0,60.0,1,
0.9150105438047159,71595,0.822627107952395,0.08297237057908238,0.9167445612507523,0.8953613684307071,0.0,0.0,0.7527124773960217,0.0,58295.0,6650,0.8599997262411542,62829,0.7680831826401446,0.08372934101518147,0.8606948135565358,0.8375940884890766,0.0,0.0,0.6605513268009588,0.0,42373.0,10228,250,2.0,,0,95116,10.0,80.0,1,
0.9425456255326652,64144,0.7154842508095378,0.08297237057908238,0.9434883652516695,0.7794414381362927,0.0,0.0,0.6743765507380461,0.0,56324.0,3910,0.9019086158552129,56611,0.6599100046259304,0.08372934101518147,0.9022823626916578,0.719914631907472,0.0,0.0,0.59517851886118,0.0,44297.0,6157,250,2.0,,2,95116,10.0,5.0,1,
0.9420245696162209,68017,0.7591046721897473,0.08297237057908238,0.9429910299602102,0.826939833073466,0.0,0.0,0.7150952521132091,0.0,59645.0,4186,0.8875015080226807,58852,0.6971697716472518,0.08372934101518147,0.8879165975166338,0.7605218468881954,0.0,0.0,0.6187392236847639,0.0,43932.0,7460,250,2.0,,2,95116,10.0,10.0,1,
0.9393849513974087,69677,0.7798162243996803,0.08297237057908238,0.9403484621509642,0.8495024305237091,0.0,0.0,0.7325476260566046,0.0,60685.0,4496,0.8787408719066923,60047,0.7184175112494218,0.08372934101518147,0.8791525746328751,0.7836997429777859,0.0,0.0,0.6313028302283528,0.0,43475.0,8286,250,2.0,,2,95116,10.0,15.0,1,
0.9366062155468563,70341,0.7895832457210143,0.08297237057908238,0.9376799616081902,0.8600385215078419,0.0,0.0,0.7395285756339628,0.0,60819.0,4761,0.8770985794231597,61125,0.7326843012742336,0.08372934101518147,0.8776148975577539,0.799166972645493,0.0,0.0,0.6426363598132806,0.0,43995.0,8565,250,2.0,,2,95116,10.0,20.0,1,
0.9320112942412503,70968,0.8005488035661719,0.08297237057908238,0.9330773883089222,0.8719847748326148,0.0,0.0,0.7461205265149922,0.0,60614.0,5177,0.8702445176206824,62105,0.7502943773918163,0.08372934101518147,0.870793606281548,0.8183403708463375,0.0,0.0,0.6529395685268514,0.0,43585.0,9260,250,2.0,,2,95116,10.0,30.0,1,
0.9269180754226268,71280,0.808486479666933,0.08297237057908238,0.928197515430893,0.8804228194075026,0.0,0.0,0.7494007317380882,0.0,60040.0,5620,0.8673095092535986,62422,0.7566760587072627,0.08372934101518147,0.8678641937546924,0.8252937396732146,0.0,0.0,0.6562723411413433,0.0,43322.0,9550,250,2.0,,2,95116,10.0,40.0,1,
0.9212816710721423,71450,0.8153728079397788,0.08297237057908238,0.9225425764051182,0.8879322204897735,0.0,0.0,0.7511880230455444,0.0,59240.0,6105,0.8636545161601278,62716,0.763457252197317,0.08372934101518147,0.8642138624776078,0.8326831283275198,0.0,0.0,0.6593633037554144,0.0,42914.0,9901,250,2.0,,2,95116,10.0,60.0,1,
0.9170227234817866,71470,0.8193889566424156,0.08297237057908238,0.9184722543501169,0.892116848573787,0.0,0.0,0.7513982926111274,0.0,58536.0,6467,0.8620268284980709,62784,0.7657281635056142,0.08372934101518147,0.8626545754328112,0.8350927115843584,0.0,0.0,0.6600782202783969,0.0,42686.0,10049,250,2.0,,2,95116,10.0,80.0,1,
0.942819324950364,64107,0.7148639555910677,0.08297237057908238,0.9437353707547587,0.7787879482711181,0.0,0.0,0.6739875520417175,0.0,56331.0,3888,0.9023993622957354,56603,0.6594579250599268,0.08372934101518147,0.9027735689564427,0.7194212410501193,0.0,0.0,0.5950944110349468,0.0,44359.0,6122,250,2.0,,4,95116,10.0,5.0,1,
0.9423508859495883,67968,0.7582951343622524,0.08297237057908238,0.9432925306020484,0.8260799779877098,0.0,0.0,0.7145800916775306,0.0,59652.0,4158,0.8881911633734357,58840,0.6964863955591067,0.08372934101518147,0.8885935635863902,0.7597874977051589,0.0,0.0,0.618613061945414,0.0,44026.0,7407,250,2.0,,4,95116,10.0,10.0,1,
0.9397988796652493,69625,0.7788910383111148,0.08297237057908238,0.9407385388658442,0.8485164633587086,0.0,0.0,0.7320009251860886,0.0,60705.0,4460,0.8796102278555206,60029,0.7174923251608563,0.08372934101518147,0.8800099686281408,0.7827014870570956,0.0,0.0,0.631113587619328,0.0,43597.0,8216,250,2.0,,4,95116,10.0,15.0,1,
0.9371524582949954,70278,0.7884162496320283,0.08297237057908238,0.9382033721815051,0.8587888654498762,0.0,0.0,0.7388662265023761,0.0,60852.0,4713,0.8781329041158887,61104,0.7315698725766433,0.08372934101518147,0.8786127167630058,0.7979851294290435,0.0,0.0,0.6424155767694184,0.0,44144.0,8480,250,2.0,,4,95116,10.0,20.0,1,
0.9328254118637823,70891,0.7989822953025779,0.08297237057908238,0.9338699266245999,0.8702994588645327,0.0,0.0,0.7453109886874973,0.0,60681.0,5105,0.8715950575680989,62075,0.748769923041339,0.08372934101518147,0.8721093596335947,0.8167110335964751,0.0,0.0,0.6526241641784768,0.0,43785.0,9145,250,2.0,,4,95116,10.0,30.0,1,
0.9278554763363356,71186,0.8066045670549644,0.08297237057908238,0.9291149483796024,0.8783935614051178,0.0,0.0,0.7484124647798478,0.0,60116.0,5535,0.868853143931481,62388,0.754920307834644,0.08372934101518147,0.8693616487605034,0.8234234440976684,0.0,0.0,0.655914882879852,0.0,43554.0,9417,250,2.0,,4,95116,10.0,40.0,1,
0.9222842810229359,71335,0.8131754909794356,0.08297237057908238,0.9235380173741925,0.8855475557186095,0.0,0.0,0.7499789730434417,0.0,59313.0,6011,0.8657071027985744,62672,0.7611127465410656,0.08372934101518147,0.8662216140758248,0.8301702772168166,0.0,0.0,0.6589007107111317,0.0,43228.0,9722,250,2.0,,4,95116,10.0,60.0,1,
0.9184172587787046,71350,0.8167711005509063,0.08297237057908238,0.919790646109421,0.8893423828304137,0.0,0.0,0.750136675217629,0.0,58674.0,6338,0.8641861362133568,62733,0.7631944152403382,0.08372934101518147,0.8647698606343823,0.8323733247659262,0.0,0.0,0.6595420328861601,0.0,43015.0,9859,250,2.0,,4,95116,10.0,80.0,1,
0.9434346114722922,63996,0.7131607721098449,0.08297237057908238,0.9443255765910668,0.7769535907548382,0.0,0.0,0.6728205559527314,0.0,56322.0,3837,0.9030877798001086,56564,0.6585011985365238,0.08372934101518147,0.9034628162535139,0.7183770883054893,0.0,0.0,0.5946843853820598,0.0,44424.0,6070,250,2.0,,8,95116,10.0,5.0,1,
0.9430426380837191,67834,0.7562450060978174,0.08297237057908238,0.9439481227909048,0.8238787489681739,0.0,0.0,0.7131712855881239,0.0,59640.0,4097,0.8891779868695731,58780,0.695003995121746,0.08372934101518147,0.8895682310032235,0.7581811088672664,0.0,0.0,0.6179822532486647,0.0,44128.0,7326,250,2.0,,8,95116,10.0,10.0,1,
0.9408068469590889,69472,0.7763467765675596,0.08297237057908238,0.941712302770699,0.8457763918187655,0.0,0.0,0.730392363009378,0.0,60730.0,4371,0.8812635044757691,59955,0.7152634677656756,0.08372934101518147,0.8816522800464686,0.7802804295942721,0.0,0.0,0.6303355902266706,0.0,43799.0,8078,250,2.0,,8,95116,10.0,15.0,1,
0.9384411516684736,70110,0.7854514487573069,0.08297237057908238,0.9394471318120302,0.8556016692653398,0.0,0.0,0.7370999621514782,0.0,60912.0,4599,0.8801044326164409,61015,0.7288679086589007,0.08372934101518147,0.8805743974599509,0.7950477326968973,0.0,0.0,0.6414798772025737,0.0,44391.0,8312,250,2.0,,8,95116,10.0,20.0,1,
0.9345159414159573,70698,0.795365658774549,0.08297237057908238,0.9355299722111949,0.8663899844079611,0.0,0.0,0.7432818873796206,0.0,60790.0,4954,0.8741482683219299,61964,0.7452479078178225,0.08372934101518147,0.8746294780227536,0.8129015972094731,0.0,0.0,0.6514571680894907,0.0,44122.0,8921,250,2.0,,8,95116,10.0,30.0,1,
0.9299080116361349,70965,0.8023255813953488,0.08297237057908238,0.9310670567706215,0.8738305970833715,0.0,0.0,0.7460889860801547,0.0,60267.0,5349,0.8716279590665379,62263,0.7510092939147988,0.08372934101518147,0.8721040983836177,0.8191894620892234,0.0,0.0,0.6546006980949577,0.0,43923.0,9170,250,2.0,,8,95116,10.0,40.0,1,
0.9245629097720887,71073,0.8081921022751167,0.08297237057908238,0.9257189746795874,0.8802164541869211,0.0,0.0,0.7472244417343034,0.0,59475.0,5799,0.8689875616704885,62528,0.756497329576517,0.08372934101518147,0.8694709031495516,0.8251675234073802,0.0,0.0,0.6573867698389335,0.0,43674.0,9427,250,2.0,,8,95116,10.0,60.0,1,
0.9209909174537775,71083,0.8114407670633752,0.08297237057908238,0.92218575264981,0.8837131982023296,0.0,0.0,0.7473295765170949,0.0,58887.0,6098,0.867707625532151,62573,0.7581584591446234,0.08372934101518147,0.8682373836184767,0.8269345511290619,0.0,0.0,0.6578598763614955,0.0,43493.0,9540,250,2.0,,8,95116,10.0,80.0,1,
0.9438560106658767,63715,0.7097123512342823,0.08297237057908238,0.9446956779598191,0.7732390167843712,0.0,0.0,0.6698662685562892,0.0,56135.0,3790,0.9045367104841295,56425,0.6558307750536188,0.08372934101518147,0.9048558324513294,0.7155085368092527,0.0,0.0,0.5932230119012574,0.0,44515.0,5955,250,2.0,,16,95116,10.0,5.0,1,
0.9437334787899131,67476,0.7517031834812229,0.08297237057908238,0.9445922109919647,0.8189718426121251,0.0,0.0,0.7094074603641869,0.0,59430.0,4023,0.8908761843926328,58576,0.6912717103326464,0.08372934101518147,0.8912014849300897,0.7541651367725354,0.0,0.0,0.6158375036797173,0.0,44226.0,7175,250,2.0,,16,95116,10.0,10.0,1,
0.9419778002018163,69079,0.7709954161234703,0.08297237057908238,0.9428392045532095,0.839986700908007,0.0,0.0,0.7262605660456706,0.0,60569.0,4255,0.8840011249093412,59724,0.710301106017915,0.08372934101518147,0.8843283582089553,0.7749219753993024,0.0,0.0,0.627906976744186,0.0,44050.0,7837,250,2.0,,16,95116,10.0,15.0,1,
0.9398888679092601,69689,0.7795323604861433,0.08297237057908238,0.9408405448826126,0.8492043474273135,0.0,0.0,0.7326737877959544,0.0,60775.0,4457,0.8834142653601232,60763,0.7231380629967619,0.08372934101518147,0.883786889299376,0.7888860840829814,0.0,0.0,0.6388304806762269,0.0,44725.0,8019,250,2.0,,16,95116,10.0,20.0,1,
0.9365581072790803,70225,0.7883216283275158,0.08297237057908238,0.9375083437908845,0.8587774007153994,0.0,0.0,0.7383090121535809,0.0,60711.0,4757,0.8782269432855373,61677,0.7383510660666975,0.08372934101518147,0.8786147753497251,0.8054663117312282,0.0,0.0,0.6484397998233735,0.0,44573.0,8552,250,2.0,,16,95116,10.0,30.0,1,
0.9323730339458772,70424,0.7941040413810505,0.08297237057908238,0.9334234628282105,0.8649798220673209,0.0,0.0,0.7404011943311325,0.0,60208.0,5108,0.8761489945413921,61956,0.7434501030320871,0.08372934101518147,0.8765332541063622,0.8110313016339269,0.0,0.0,0.6513730602632575,0.0,44440.0,8758,250,2.0,,16,95116,10.0,40.0,1,
0.9276268175537864,70495,0.7989717818242987,0.08297237057908238,0.9286777588955196,0.8702765293955792,0.0,0.0,0.7411476512889524,0.0,59495.0,5500,0.8739547760585747,62188,0.7481075739097524,0.08372934101518147,0.8743602722006636,0.816091426473288,0.0,0.0,0.6538121872240212,0.0,44250.0,8969,250,2.0,,16,95116,10.0,60.0,1,
0.9241649625085208,70499,0.8020101770469742,0.08297237057908238,0.9252444386114574,0.8735554434559296,0.0,0.0,0.7411897052020691,0.0,58929.0,5785,0.8727956340577169,62212,0.7493902182598091,0.08372934101518147,0.8732244118802986,0.8174683311914815,0.0,0.0,0.6540645107027209,0.0,44078.0,9067,250,2.0,,16,95116,10.0,80.0,1,
0.9319510199310305,63779,0.7195003995121746,0.08297237057908238,0.9328779545986426,0.7838209667064111,0.0,0.0,0.670539131166155,0.0,54465.0,4657,0.892095238095238,56202,0.6623491315866942,0.08372934101518147,0.8924635563883507,0.7225766476959794,0.0,0.0,0.5908785062450062,0.0,42606.0,6798,275,2.0,,0,95116,10.0,5.0,1,
0.9305331624567641,67526,0.7629315782833592,0.08297237057908238,0.9315087390158778,0.8310900669540493,0.0,0.0,0.7099331342781445,0.0,57444.0,5041,0.877125518235895,58392,0.6999032759998318,0.08372934101518147,0.877586906533207,0.7634592436203415,0.0,0.0,0.6139030236763531,0.0,42032.0,8180,275,2.0,,0,95116,10.0,10.0,1,
0.9272805334549796,69113,0.7836010765801757,0.08297237057908238,0.9282768995205029,0.8535838759974319,0.0,0.0,0.7266180243071618,0.0,58273.0,5420,0.8670627120371583,59549,0.722055174734009,0.08372934101518147,0.8675174453331003,0.7876239214246374,0.0,0.0,0.6260671180453341,0.0,41289.0,9130,275,2.0,,0,95116,10.0,15.0,1,
0.9234629695838134,69739,0.7939673661634216,0.08297237057908238,0.924552565292324,0.8647849215812162,0.0,0.0,0.7331994617099121,0.0,58179.0,5780,0.864641475496424,60569,0.7364796669330081,0.08372934101518147,0.8651972688055309,0.8032632641821186,0.0,0.0,0.6367908658900711,0.0,41605.0,9482,275,2.0,,0,95116,10.0,20.0,1,
0.9175333063663765,70317,0.8057214348795155,0.08297237057908238,0.9186841039442913,0.8775222415848849,0.0,0.0,0.739276252155263,0.0,57677.0,6320,0.8570492899845316,61501,0.7544366878338029,0.08372934101518147,0.8576349184214196,0.8228153111804664,0.0,0.0,0.6465894276462425,0.0,40985.0,10258,275,2.0,,0,95116,10.0,30.0,1,
0.9112971898949759,70631,0.8148576475041003,0.08297237057908238,0.9128282671629446,0.8870952948729708,0.0,0.0,0.7425774843349173,0.0,56881.0,6875,0.8529825820520606,61802,0.7617435552378149,0.08372934101518147,0.8535834150518625,0.8307669359280337,0.0,0.0,0.6497539846082678,0.0,40498.0,10652,275,2.0,,0,95116,10.0,40.0,1,
0.9046299606721487,70847,0.8233735649102149,0.08297237057908238,0.9061804507431378,0.8963358708612309,0.0,0.0,0.7448483956432146,0.0,55909.0,7469,0.8482729420762938,62108,0.7697653391648093,0.08372934101518147,0.8488758286065742,0.8395102808885625,0.0,0.0,0.6529711089616889,0.0,39890.0,11109,275,2.0,,0,95116,10.0,60.0,1,
0.9000533319788704,70881,0.827957441439926,0.08297237057908238,0.9020693341478314,0.9008529762450702,0.0,0.0,0.7452058539047058,0.0,55139.0,7871,0.8463465098551671,62176,0.7723621682997603,0.08372934101518147,0.8470383085390442,0.8422526161189645,0.0,0.0,0.6536860254846714,0.0,39600.0,11288,275,2.0,,0,95116,10.0,80.0,1,
0.9322532060186878,63754,0.718985239076496,0.08297237057908238,0.9331811062808296,0.7832591947170503,0.0,0.0,0.6702762942091761,0.0,54488.0,4633,0.892405163789955,56201,0.6621073215862736,0.08372934101518147,0.892773744658544,0.7223127409583256,0.0,0.0,0.590867992766727,0.0,42649.0,6776,275,2.0,,2,95116,10.0,5.0,1,
0.9307781424985518,67487,0.7622902561083309,0.08297237057908238,0.9317419337024202,0.8304021828854443,0.0,0.0,0.7095231086252576,0.0,57449.0,5019,0.8775758668891194,58386,0.6994722233903865,0.08372934101518147,0.8779981653859457,0.7630232237929135,0.0,0.0,0.6138399428066782,0.0,42096.0,8145,275,2.0,,2,95116,10.0,10.0,1,
0.9275823629746028,69065,0.7828020522309601,0.08297237057908238,0.9285675871897604,0.8527240209116757,0.0,0.0,0.7261133773497624,0.0,58281.0,5392,0.8677004240931547,59539,0.7214033390807014,0.08372934101518147,0.8681179283797971,0.7869469432715256,0.0,0.0,0.6259619832625426,0.0,41383.0,9078,275,2.0,,2,95116,10.0,15.0,1,
0.9240254574383453,69690,0.7929265318137853,0.08297237057908238,0.9251048691127277,0.8636613776024947,0.0,0.0,0.7326843012742336,0.0,58230.0,5730,0.8655014220176931,60560,0.7356385886706758,0.08372934101518147,0.8660088660088661,0.8023912245272627,0.0,0.0,0.6366962445855587,0.0,41738.0,9411,275,2.0,,2,95116,10.0,20.0,1,
0.9183670801688867,70256,0.8042916018335506,0.08297237057908238,0.9195089390885532,0.8759745024305237,0.0,0.0,0.7386349299802346,0.0,57766.0,6245,0.8582715635774809,61484,0.7531540434837461,0.08372934101518147,0.8588110403397028,0.8214613548742427,0.0,0.0,0.6464106985154968,0.0,41178.0,10153,275,2.0,,2,95116,10.0,30.0,1,
0.9121970137676944,70563,0.8132701122839481,0.08297237057908238,0.9137089359938881,0.885387049435935,0.0,0.0,0.7418625678119349,0.0,56979.0,6792,0.8544991839783131,61782,0.7601455065393835,0.08372934101518147,0.8550550134938758,0.8290687534422618,0.0,0.0,0.6495437150426847,0.0,40742.0,10520,275,2.0,,2,95116,10.0,40.0,1,
0.9058115719406042,70762,0.8213129231675007,0.08297237057908238,0.9073330854351255,0.8941231771072182,0.0,0.0,0.7439547499894865,0.0,56046.0,7358,0.8500219106047326,62072,0.7677362378569326,0.08372934101518147,0.8505810129357597,0.8373416559574077,0.0,0.0,0.6525926237436394,0.0,40168.0,10952,275,2.0,,2,95116,10.0,60.0,1,
0.9016213875409168,70789,0.8254447201312082,0.08297237057908238,0.9033933562194515,0.8983651288636155,0.0,0.0,0.7442386139030237,0.0,55341.0,7724,0.8481886926373836,62140,0.7702384456873712,0.08372934101518147,0.8488143372309037,0.8400036717459152,0.0,0.0,0.6533075402666219,0.0,39896.0,11122,275,2.0,,2,95116,10.0,80.0,1,
0.9325479291672765,63721,0.7183859708145843,0.08297237057908238,0.9334495488105005,0.7826286343208291,0.0,0.0,0.669929349425964,0.0,54503.0,4609,0.8929178650310647,56194,0.6616447285419909,0.08372934101518147,0.8932869156055765,0.7218078758949881,0.0,0.0,0.5907943984187729,0.0,42716.0,6739,275,2.0,,4,95116,10.0,5.0,1,
0.9311620714887272,67445,0.7615017452373943,0.08297237057908238,0.9321014953426021,0.8295652572686416,0.0,0.0,0.7090815425375331,0.0,57473.0,4986,0.8783251083293211,58377,0.6987678203456832,0.08372934101518147,0.8787349660560264,0.7622659261979071,0.0,0.0,0.6137453215021658,0.0,42203.0,8087,275,2.0,,4,95116,10.0,10.0,1,
0.9280748699054714,69020,0.7818768661423946,0.08297237057908238,0.9290367738114467,0.8517380537466752,0.0,0.0,0.7256402708272005,0.0,58322.0,5349,0.8686483962291685,59525,0.7204466125572985,0.08372934101518147,0.8690542237276258,0.7859142647328805,0.0,0.0,0.6258147945666345,0.0,41523.0,9001,275,2.0,,4,95116,10.0,15.0,1,
0.9246355259314337,69638,0.791812103116195,0.08297237057908238,0.9256925612803744,0.8624690452169128,0.0,0.0,0.7321376004037176,0.0,58286.0,5676,0.86664567199645,60543,0.7344610791034105,0.08372934101518147,0.867117342919752,0.8011405360749037,0.0,0.0,0.636517515454813,0.0,41911.0,9316,275,2.0,,4,95116,10.0,20.0,1,
0.9191687726695387,70196,0.8029038227007023,0.08297237057908238,0.9202894750642404,0.8744840869485463,0.0,0.0,0.7380041212834855,0.0,57850.0,6173,0.8596785699299232,61461,0.751640102611548,0.08372934101518147,0.860183902254692,0.8198434918303653,0.0,0.0,0.6461688885150764,0.0,41397.0,10032,275,2.0,,4,95116,10.0,30.0,1,
0.9130744521009274,70493,0.8116825770637958,0.08297237057908238,0.9145670619372583,0.8836788039988994,0.0,0.0,0.7411266243323942,0.0,57071.0,6711,0.8561783421829726,61757,0.7583477017536482,0.08372934101518147,0.8566890467206747,0.8271525610427758,0.0,0.0,0.6492808780857059,0.0,41009.0,10374,275,2.0,,4,95116,10.0,40.0,1,
0.9067977110010521,70674,0.8193994701206947,0.08297237057908238,0.90830109627421,0.8920595249014033,0.0,0.0,0.743029563900921,0.0,56146.0,7264,0.8521469190406857,62038,0.7654022456789604,0.08372934101518147,0.8526622501992908,0.8348402790526895,0.0,0.0,0.6522351654821481,0.0,40510.0,10764,275,2.0,,4,95116,10.0,60.0,1,
0.9029337011635183,70697,0.823173808822911,0.08297237057908238,0.9046089671409561,0.8959919288269284,0.0,0.0,0.7432713739013416,0.0,55497.0,7600,0.8505355137370915,62101,0.7676311030741411,0.08372934101518147,0.8511183597390494,0.8372039654855884,0.0,0.0,0.6528975146137348,0.0,40275.0,10913,275,2.0,,4,95116,10.0,80.0,1,
0.933066361556064,63609,0.716724841246478,0.08297237057908238,0.9339431491161098,0.7808401357424563,0.0,0.0,0.6687518398586989,0.0,54483.0,4563,0.8936573101648526,56161,0.6607090289751462,0.08372934101518147,0.894027189659015,0.7207866715623279,0.0,0.0,0.5904474536355608,0.0,42795.0,6683,275,2.0,,8,95116,10.0,5.0,1,
0.9317442520382597,67312,0.7595252113209134,0.08297237057908238,0.93264794313663,0.827444281390443,0.0,0.0,0.7076832499264056,0.0,57450.0,4931,0.8792492650938418,58325,0.6974115816476724,0.08372934101518147,0.8796470854385039,0.760797227831834,0.0,0.0,0.6131986206316498,0.0,42305.0,8010,275,2.0,,8,95116,10.0,10.0,1,
0.92893270929715,68872,0.7794797930947475,0.08297237057908238,0.9298608017065629,0.8491584884894066,0.0,0.0,0.7240842760418857,0.0,58334.0,5269,0.8699869782141133,59461,0.7185646999453299,0.08372934101518147,0.8703817553720944,0.7838718560675602,0.0,0.0,0.6251419319567686,0.0,41689.0,8886,275,2.0,,8,95116,10.0,15.0,1,
0.9257921807957786,69477,0.7889944909373817,0.08297237057908238,0.9268048663358412,0.8594423553150509,0.0,0.0,0.7304449304007737,0.0,58339.0,5569,0.8682366456059736,60464,0.7321586273602759,0.08372934101518147,0.8686981882964815,0.7986391591701855,0.0,0.0,0.6356869506707599,0.0,42112.0,9176,275,2.0,,8,95116,10.0,20.0,1,
0.920771244065077,70009,0.7993712939989066,0.08297237057908238,0.9218624494686805,0.8706663303677887,0.0,0.0,0.7360381008452836,0.0,57961.0,6024,0.8618703823355901,61360,0.748496572606081,0.08372934101518147,0.8623427728199002,0.8164471268588214,0.0,0.0,0.6451070272088818,0.0,41692.0,9834,275,2.0,,8,95116,10.0,30.0,1,
0.9149235274975593,70289,0.8076979687959964,0.08297237057908238,0.9163668126825198,0.879390993304595,0.0,0.0,0.7389818747634468,0.0,57217.0,6536,0.8586850536286391,61645,0.7547626056604567,0.08372934101518147,0.8591637630662021,0.8232742794198642,0.0,0.0,0.6481033685184406,0.0,41355.0,10145,275,2.0,,8,95116,10.0,40.0,1,
0.908811805833258,70452,0.8150153496782876,0.08297237057908238,0.9102678398387535,0.8873360542969825,0.0,0.0,0.7406955717229489,0.0,56314.0,7069,0.8550594539352843,61914,0.761270448715253,0.08372934101518147,0.855543886800796,0.8303653387185607,0.0,0.0,0.6509314941755331,0.0,40924.0,10495,275,2.0,,8,95116,10.0,60.0,1,
0.905180275647695,70471,0.8185058244669666,0.08297237057908238,0.9067292846114257,0.8910391635329725,0.0,0.0,0.7408953278102527,0.0,55707.0,7382,0.8537398564402132,61967,0.7630997939358257,0.08372934101518147,0.8542694863381951,0.8323159537360014,0.0,0.0,0.6514887085243282,0.0,40735.0,10616,275,2.0,,8,95116,10.0,80.0,1,
0.9336192539535157,63347,0.7133500147188696,0.08297237057908238,0.934445575371362,0.7772058149133266,0.0,0.0,0.6659973085495605,0.0,54339.0,4504,0.8951437699680511,56036,0.6581437402750326,0.08372934101518147,0.8954584678321454,0.7180328621259409,0.0,0.0,0.5891332688506665,0.0,42908.0,6564,275,2.0,,16,95116,10.0,5.0,1,
0.9325035502464288,66978,0.7551410908785062,0.08297237057908238,0.933361204013378,0.8227093460515454,0.0,0.0,0.7041717481811682,0.0,57282.0,4848,0.8808600260613958,58135,0.6938685394675974,0.08372934101518147,0.881193821714944,0.756987791444832,0.0,0.0,0.6112010597586105,0.0,42409.0,7863,275,2.0,,16,95116,10.0,10.0,1,
0.9301968771215207,68509,0.7743176752596829,0.08297237057908238,0.931081815710791,0.8435751627992296,0.0,0.0,0.7202678834265528,0.0,58227.0,5141,0.8721311958073871,59243,0.7141700660246436,0.08372934101518147,0.8724651340883319,0.7791330089957775,0.0,0.0,0.6228499936919131,0.0,41871.0,8686,275,2.0,,16,95116,10.0,15.0,1,
0.9274782515304478,69086,0.7831279700576138,0.08297237057908238,0.9284379997581003,0.8531023571494084,0.0,0.0,0.7263341603936246,0.0,58282.0,5402,0.8708791208791209,60230,0.727112157786282,0.08372934101518147,0.871244448944757,0.793223333945291,0.0,0.0,0.633226796753438,0.0,42370.0,8930,275,2.0,,16,95116,10.0,20.0,1,
0.9231044728604022,69591,0.7925901005088524,0.08297237057908238,0.9241341761393818,0.8633403650371457,0.0,0.0,0.7316434669245974,0.0,57997.0,5797,0.8655126498002663,61100,0.7421884856385886,0.08372934101518147,0.8658928900415231,0.8096543969157334,0.0,0.0,0.6423735228563018,0.0,42112.0,9494,275,2.0,,16,95116,10.0,30.0,1,
0.9174384236453202,69840,0.8003385340005887,0.08297237057908238,0.918753946537571,0.8715032559845914,0.0,0.0,0.7342613230161067,0.0,57270.0,6285,0.8628432433952449,61368,0.7477501156482611,0.08372934101518147,0.8632194902380015,0.8157242518817698,0.0,0.0,0.645191135035115,0.0,41858.0,9755,275,2.0,,16,95116,10.0,40.0,1,
0.9118988661540467,69970,0.8066991883594768,0.08297237057908238,0.9132080396763247,0.8784279556085481,0.0,0.0,0.7356280751923967,0.0,56450.0,6760,0.8598802562349099,61613,0.7533222591362126,0.08372934101518147,0.8602764590896398,0.8217826326418212,0.0,0.0,0.6477669372135078,0.0,41533.0,10040,275,2.0,,16,95116,10.0,60.0,1,
0.908411214953271,69984,0.8099583666260145,0.08297237057908238,0.9097810826270085,0.8819132348894799,0.0,0.0,0.7357752638883048,0.0,55872.0,7056,0.8586671867164428,61642,0.7547415787038984,0.08372934101518147,0.8590860312460803,0.823308702037819,0.0,0.0,0.6480718280836032,0.0,41350.0,10146,275,2.0,,16,95116,10.0,80.0,1,
0.9183691261515213,63204,0.723558602127928,0.08297237057908238,0.9194378982281575,0.7881087774007154,0.0,0.0,0.6644938811556416,0.0,51968.0,5618,0.8785000948106947,55595,0.6653349594179738,0.08372934101518147,0.8793059817163825,0.7254681476041858,0.0,0.0,0.5844968249295597,0.0,40217.0,7689,300,2.0,,0,95116,10.0,5.0,1,
0.9160562916632375,66786,0.7664956474199924,0.08297237057908238,0.9171129603691193,0.8348848940658534,0.0,0.0,0.7021531603515707,0.0,54546.0,6120,0.8621761348354899,57702,0.7036250473106522,0.08372934101518147,0.8633242066520042,0.7669015054158252,0.0,0.0,0.6066487236637369,0.0,39254.0,9224,300,2.0,,0,95116,10.0,10.0,1,
0.9123955897093218,68270,0.7866710122376888,0.08297237057908238,0.9134576788246943,0.8568513253233055,0.0,0.0,0.7177551621178351,0.0,55160.0,6555,0.8513630964452299,58773,0.7257874595231086,0.08372934101518147,0.8526228747171125,0.7909399669542868,0.0,0.0,0.6179086589007107,0.0,38251.0,10261,300,2.0,,0,95116,10.0,15.0,1,
0.9074650077760498,68853,0.7976996509525212,0.08297237057908238,0.9088545104147416,0.86854535448959,0.0,0.0,0.7238845199545818,0.0,54811.0,7021,0.8482425619541291,59729,0.7403065730266202,0.08372934101518147,0.8496785023329919,0.8065907839177529,0.0,0.0,0.6279595441355819,0.0,38357.0,10686,300,2.0,,0,95116,10.0,20.0,1,
0.9016171805938329,69356,0.8087388031456327,0.08297237057908238,0.9033552151714077,0.8802164541869211,0.0,0.0,0.7291727995289962,0.0,54220.0,7568,0.8400887163848073,60604,0.7584423230581606,0.08372934101518147,0.8416871519242254,0.8261772535340555,0.0,0.0,0.6371588376298415,0.0,37532.0,11536,300,2.0,,0,95116,10.0,30.0,1,
0.8949830369075769,69644,0.8181168257706379,0.08297237057908238,0.8971967432752757,0.8899385490232046,0.0,0.0,0.7322006812733924,0.0,53300.0,8172,0.8359442575684767,60886,0.7657491904621725,0.08372934101518147,0.8376693953360391,0.8340026620157885,0.0,0.0,0.6401236385045629,0.0,36988.0,11949,300,2.0,,0,95116,10.0,40.0,1,
0.8875492313556091,69859,0.8275158753522015,0.08297237057908238,0.8899122304174469,0.899993121159314,0.0,0.0,0.7344610791034105,0.0,52157.0,8851,0.8311642439885885,61182,0.7738971361285167,0.08372934101518147,0.8330201780900254,0.8427345327703323,0.0,0.0,0.6432356280751924,0.0,36326.0,12428,300,2.0,,0,95116,10.0,60.0,1,
0.8827622788295172,69898,0.832467723621683,0.08297237057908238,0.8856592585084007,0.9048197743740255,0.0,0.0,0.7348711047562976,0.0,51332.0,9283,0.8289058799648149,61252,0.7768934774380756,0.08372934101518147,0.8311554379537281,0.8455916100605838,0.0,0.0,0.6439715715547332,0.0,35966.0,12643,300,2.0,,0,95116,10.0,80.0,1,
0.9188163443361931,63187,0.723011901257412,0.08297237057908238,0.9198596634251441,0.7875355406768779,0.0,0.0,0.6643151520248959,0.0,52021.0,5583,0.8792119285928878,55604,0.6649039068085285,0.08372934101518147,0.8798379695559986,0.7251468698366073,0.0,0.0,0.5845914462340721,0.0,40326.0,7639,300,2.0,,2,95116,10.0,5.0,1,
0.9164012738853503,66758,0.7658858656798015,0.08297237057908238,0.9174465745894317,0.8342314042006788,0.0,0.0,0.7018587829597545,0.0,54578.0,6090,0.8631774191135776,57706,0.702857563396274,0.08372934101518147,0.8639786797622434,0.7663736919405177,0.0,0.0,0.6066907775768535,0.0,39412.0,9147,300,2.0,,2,95116,10.0,10.0,1,
0.9127683766972109,68234,0.7859350687581479,0.08297237057908238,0.9138074193116379,0.8560717233788866,0.0,0.0,0.7173766768997856,0.0,55192.0,6521,0.852474472035275,58773,0.7248412464779848,0.08372934101518147,0.8534152291339955,0.7902056177712502,0.0,0.0,0.6179086589007107,0.0,38431.0,10171,300,2.0,,2,95116,10.0,15.0,1,
0.9080065445717,68816,0.7967954918205139,0.08297237057908238,0.9093383722927706,0.8676167109969734,0.0,0.0,0.7234955212582531,0.0,54872.0,6972,0.8496003186072313,59732,0.7391606038941924,0.08372934101518147,0.8507256490963212,0.8056384248210023,0.0,0.0,0.6279910845704193,0.0,38584.0,10574,300,2.0,,2,95116,10.0,20.0,1,
0.9024034580631721,69310,0.8074982127086926,0.08297237057908238,0.9040985103441079,0.8789094744565716,0.0,0.0,0.728689179528155,0.0,54318.0,7496,0.8417835810529241,60600,0.7568653013162875,0.08372934101518147,0.8430483292061991,0.824788874609877,0.0,0.0,0.6371167837167249,0.0,37820.0,11390,300,2.0,,2,95116,10.0,30.0,1,
0.8957665624074861,69593,0.8168026409857437,0.08297237057908238,0.8979510206188227,0.8885398514170412,0.0,0.0,0.7316644938811556,0.0,53397.0,8098,0.8376745786033711,60878,0.7640670339375079,0.08372934101518147,0.839060023430501,0.8325110152377455,0.0,0.0,0.6400395306783296,0.0,37284.0,11797,300,2.0,,2,95116,10.0,40.0,1,
0.8885946709780906,69800,0.825844232305816,0.08297237057908238,0.8909311379156296,0.898204622580941,0.0,0.0,0.7338407838849405,0.0,52298.0,8751,0.8330586616907969,61164,0.7719100887337567,0.08372934101518147,0.8345590743494931,0.8409330824306958,0.0,0.0,0.6430463854661677,0.0,36650.0,12257,300,2.0,,2,95116,10.0,60.0,1,
0.8843440931021819,69834,0.8302178392699441,0.08297237057908238,0.8869949575135588,0.9026300100889664,0.0,0.0,0.7341982421464317,0.0,51568.0,9133,0.8309585843782229,61235,0.7747592413474074,0.08372934101518147,0.8327666866126312,0.8437213144850376,0.0,0.0,0.6437928424239876,0.0,36321.0,12457,300,2.0,,2,95116,10.0,80.0,1,
0.9193787843502562,63165,0.7223180116909879,0.08297237057908238,0.920343280102576,0.7868476566082729,0.0,0.0,0.6640838555027545,0.0,52087.0,5539,0.8799037837666757,55602,0.6643572059380125,0.08372934101518147,0.8804053519119627,0.7246534789792546,0.0,0.0,0.5845704192775137,0.0,40424.0,7589,300,2.0,,4,95116,10.0,5.0,1,
0.916932336612983,66727,0.7650868413305858,0.08297237057908238,0.9178909431055354,0.833440337521783,0.0,0.0,0.7015328651331006,0.0,54637.0,6045,0.8641278303582125,57703,0.7020480255687792,0.08372934101518147,0.8647105543150859,0.765685239581421,0.0,0.0,0.6066592371420161,0.0,39557.0,9073,300,2.0,,4,95116,10.0,10.0,1,
0.9132687904230105,68202,0.7851360444089323,0.08297237057908238,0.9142114152435592,0.8552921214344675,0.0,0.0,0.7170402455948526,0.0,55248.0,6477,0.8535717398251169,58765,0.7238109256066277,0.08372934101518147,0.8542045206773748,0.7893680007343492,0.0,0.0,0.6178245510744775,0.0,38603.0,10081,300,2.0,,4,95116,10.0,15.0,1,
0.9086921481324896,68778,0.7957546574708777,0.08297237057908238,0.9098220781797738,0.8666766027698799,0.0,0.0,0.7230960090836452,0.0,54956.0,6911,0.8508740685862457,59722,0.7379305269355314,0.08372934101518147,0.8515777616175443,0.8046975399302368,0.0,0.0,0.6278859497876277,0.0,38788.0,10467,300,2.0,,4,95116,10.0,20.0,1,
0.9031568241384257,69264,0.8062891627065899,0.08297237057908238,0.904690377607398,0.8777515362744199,0.0,0.0,0.728205559527314,0.0,54410.0,7427,0.8434850404444011,60585,0.7551516043567854,0.08372934101518147,0.8442843406401984,0.8233775472737287,0.0,0.0,0.6369590815425376,0.0,38101.0,11242,300,2.0,,4,95116,10.0,30.0,1,
0.8966708785682973,69544,0.8154043483746163,0.08297237057908238,0.8985477285647837,0.8873245895625057,0.0,0.0,0.7311493334454771,0.0,53516.0,8014,0.8395756597552733,60860,0.7621115269775852,0.08372934101518147,0.8404104008727232,0.830927574811823,0.0,0.0,0.6398502880693049,0.0,37602.0,11629,300,2.0,,4,95116,10.0,40.0,1,
0.8897252060316894,69742,0.8241095083897557,0.08297237057908238,0.8917502045826514,0.8966339539576264,0.0,0.0,0.7332310021447496,0.0,52454.0,8644,0.8352025134895158,61141,0.7696391774254594,0.08372934101518147,0.8361162393162394,0.8390513126491647,0.0,0.0,0.6428045754657471,0.0,37013.0,12064,300,2.0,,4,95116,10.0,60.0,1,
0.8859276000863415,69773,0.8280100088313218,0.08297237057908238,0.8881831027152259,0.900635146290012,0.0,0.0,0.7335569199714034,0.0,51805.0,8984,0.8333673733371458,61205,0.772141385255898,0.08372934101518147,0.834503633611933,0.8415526895538828,0.0,0.0,0.643477438075613,0.0,36729.0,12238,300,2.0,,4,95116,10.0,80.0,1,
0.9200110872831779,63064,0.7206673956011607,0.08297237057908238,0.9209515603779371,0.7850706227643768,0.0,0.0,0.6630219941965599,0.0,52098.0,5483,0.8807391793587651,55572,0.6633689389797721,0.08372934101518147,0.8811860778561801,0.7236208004406095,0.0,0.0,0.5842550149291391,0.0,40522.0,7525,300,2.0,,8,95116,10.0,5.0,1,
0.9177080032514501,66610,0.7630997939358257,0.08297237057908238,0.9186319128396083,0.8313078969091076,0.0,0.0,0.7003027881744396,0.0,54664.0,5973,0.8652290700640766,57658,0.7006076790445351,0.08372934101518147,0.865709738446293,0.764205067009363,0.0,0.0,0.6061861306194541,0.0,39696.0,8981,300,2.0,,8,95116,10.0,10.0,1,
0.9143018305376113,68078,0.7828230791875184,0.08297237057908238,0.9152114001478793,0.852804274053013,0.0,0.0,0.7157365742882376,0.0,55316.0,6381,0.8551680941560333,58709,0.7217713108204719,0.08372934101518147,0.8556541763222713,0.787279695245089,0.0,0.0,0.6172357962908449,0.0,38823.0,9943,300,2.0,,8,95116,10.0,15.0,1,
0.9100140520189834,68646,0.7930737205096934,0.08297237057908238,0.9110285335102853,0.8638677428230762,0.0,0.0,0.721708229950797,0.0,55070.0,6788,0.8527296899346705,59651,0.735449346061651,0.08372934101518147,0.8532663891630549,0.8021502662015788,0.0,0.0,0.6271394928298079,0.0,39047.0,10302,300,2.0,,8,95116,10.0,20.0,1,
0.904786217369675,69113,0.8030825518314479,0.08297237057908238,0.9061979624214929,0.8743809043382555,0.0,0.0,0.7266180243071618,0.0,54567.0,7273,0.8459892599429435,60495,0.7517978047857353,0.08372934101518147,0.8465930559637265,0.819912337066275,0.0,0.0,0.6360128684974137,0.0,38469.0,11013,300,2.0,,8,95116,10.0,30.0,1,
0.8984189876859728,69384,0.8119454140207746,0.08297237057908238,0.9001556824078879,0.8837017334678529,0.0,0.0,0.7294671769208125,0.0,53694.0,7845,0.8426132660278189,60760,0.7581164052315068,0.08372934101518147,0.8432213386624478,0.8267968606572426,0.0,0.0,0.6387989402413895,0.0,38062.0,11349,300,2.0,,8,95116,10.0,40.0,1,
0.8917858790955238,69570,0.8201774675133521,0.08297237057908238,0.8936530976634254,0.8925181142804732,0.0,0.0,0.7314226838807351,0.0,52686.0,8442,0.8386582567231452,61030,0.7650763278523066,0.08372934101518147,0.8392925903515045,0.8343583624013218,0.0,0.0,0.641637579376761,0.0,37548.0,11741,300,2.0,,8,95116,10.0,60.0,1,
0.8883173573972201,69597,0.8236994827368687,0.08297237057908238,0.8902832143679484,0.8962441529854168,0.0,0.0,0.7317065477942722,0.0,52097.0,8750,0.837255842642725,61082,0.767010807855671,0.08372934101518147,0.8379794764857598,0.8363778226546723,0.0,0.0,0.642184280247277,0.0,37336.0,11873,300,2.0,,8,95116,10.0,80.0,1,
0.9206384101301442,62817,0.7173556499432272,0.08297237057908238,0.9215297949124197,0.7815050903421077,0.0,0.0,0.660425165061609,0.0,51987.0,5415,0.8823482618725639,55460,0.6608246772362169,0.08372934101518147,0.8826712503183092,0.7209473104461172,0.0,0.0,0.583077505361874,0.0,40670.0,7395,300,2.0,,16,95116,10.0,5.0,1,
0.9185646993627044,66302,0.7588628621893267,0.08297237057908238,0.9194436355063721,0.8267334678528845,0.0,0.0,0.6970646368644602,0.0,54546.0,5878,0.8670357185953904,57481,0.6970015559947853,0.08372934101518147,0.8673758865248227,0.7603956306223609,0.0,0.0,0.6043252449640439,0.0,39851.0,8815,300,2.0,,16,95116,10.0,10.0,1,
0.9155291255575078,67740,0.7778922578745953,0.08297237057908238,0.9163961038961039,0.8474731725213244,0.0,0.0,0.7121830186298835,0.0,55240.0,6250,0.8574715675929183,58507,0.7173556499432272,0.08372934101518147,0.8578235880593513,0.7825867449972462,0.0,0.0,0.6151120736784558,0.0,39057.0,9725,300,2.0,,16,95116,10.0,15.0,1,
0.9117246535473018,68290,0.7874805500651836,0.08297237057908238,0.9126872753030485,0.8578258277538292,0.0,0.0,0.7179654316834181,0.0,55066.0,6612,0.8555552356548527,59432,0.730329282139703,0.08372934101518147,0.8559248804654646,0.7967229667706994,0.0,0.0,0.6248370410866732,0.0,39364.0,10034,300,2.0,,16,95116,10.0,20.0,1,
0.9068049288899444,68734,0.7969006266033054,0.08297237057908238,0.9081348183968184,0.8677313583417408,0.0,0.0,0.7226334160393625,0.0,54606.0,7064,0.8496227878446027,60251,0.7455633121661971,0.08372934101518147,0.8500423250564334,0.8132917202129613,0.0,0.0,0.6334475797973002,0.0,38923.0,10664,300,2.0,,16,95116,10.0,30.0,1,
0.9004241989166613,68986,0.8054901383573742,0.08297237057908238,0.9020371871649363,0.8767999633128497,0.0,0.0,0.7252828125657093,0.0,53728.0,7629,0.8467836748404434,60501,0.7511669960889861,0.08372934101518147,0.8472105528482607,0.8193959977969525,0.0,0.0,0.6360759493670886,0.0,38607.0,10947,300,2.0,,16,95116,10.0,40.0,1,
0.894269196445893,69144,0.8128916270658985,0.08297237057908238,0.8959494130147458,0.8847794185086674,0.0,0.0,0.7269439421338155,0.0,52794.0,8175,0.8432376906953178,60746,0.757380461751966,0.08372934101518147,0.8436827266287968,0.8261543051220855,0.0,0.0,0.6386517515454813,0.0,38160.0,11293,300,2.0,,16,95116,10.0,60.0,1,
0.8908554572271387,69158,0.8161718322889945,0.08297237057908238,0.8925916365513681,0.8882876272585527,0.0,0.0,0.7270911308297237,0.0,52212.0,8473,0.8420060958714325,60776,0.7588628621893267,0.08372934101518147,0.8425080056004547,0.8277147971360382,0.0,0.0,0.6389671558938559,0.0,37968.0,11404,300,2.0,,16,95116,10.0,80.0,1,
0.9616159690640234,70623,0.7721308717776189,0.08297237057908238,0.9625596292762709,0.8411675685591121,0.0,0.0,0.7424933765086841,0.0,64985.0,2819,0.890768822279915,60387,0.7127297195003995,0.08372934101518147,0.8911763403727808,0.7775036717459152,0.0,0.0,0.634877412843265,0.0,45577.0,7405,125,2.0,,0,95116,0.0,20.0,2,adep
0.9837014242531521,72245,0.7721308717776189,0.08297237057908238,0.9846667575303257,0.8411675685591121,0.0,0.0,0.7595462382774717,0.0,69851.0,1197,0.9348448194477225,63375,0.7127297195003995,0.08372934101518147,0.9352725018816134,0.7775036717459152,0.0,0.0,0.6662916859413769,0.0,54541.0,4417,125,2.0,,0,95116,5.0,20.0,2,adep
0.9843822335993029,72295,0.7721308717776189,0.08297237057908238,0.9853482349734224,0.8411675685591121,0.0,0.0,0.7600719121914294,0.0,70001.0,1147,0.941246754779325,63809,0.7127297195003995,0.08372934101518147,0.9416773660365106,0.7775036717459152,0.0,0.0,0.6708545355145297,0.0,55843.0,3983,125,2.0,,0,95116,15.0,20.0,2,adep
0.9828844530377713,72185,0.7721308717776189,0.08297237057908238,0.9838489845986098,0.8411675685591121,0.0,0.0,0.7589154295807224,0.0,69671.0,1257,0.9410107387302337,63793,0.7127297195003995,0.08372934101518147,0.941441242012367,0.7775036717459152,0.0,0.0,0.6706863198620632,0.0,55795.0,3999,125,2.0,,0,95116,20.0,20.0,2,adep
0.9828844530377713,72185,0.7721308717776189,0.08297237057908238,0.9838489845986098,0.8411675685591121,0.0,0.0,0.7589154295807224,0.0,69671.0,1257,0.9410107387302337,63793,0.7127297195003995,0.08372934101518147,0.941441242012367,0.7775036717459152,0.0,0.0,0.6706863198620632,0.0,55795.0,3999,125,2.0,,0,95116,30.0,20.0,2,adep
0.9827394697611879,67241,0.7193532108162665,0.08297237057908238,0.9836883375270642,0.78368338989269,0.0,0.0,0.7069367929685857,0.0,64879.0,1181,0.9613085634382827,62561,0.684206652929055,0.08372934101518147,0.9617371252882398,0.746397099320727,0.0,0.0,0.6577337146221456,0.0,57525.0,2518,50,2.0,,0,95116,0.0,30.0,2,ades
0.9923562596825583,67899,0.7193532108162665,0.08297237057908238,0.993314412780151,0.78368338989269,0.0,0.0,0.713854661676269,0.0,66853.0,523,0.9777193872063185,63629,0.684206652929055,0.08372934101518147,0.9781552651806302,0.746397099320727,0.0,0.0,0.6689621094242819,0.0,60729.0,1450,50,2.0,,0,95116,5.0,30.0,2,ades
0.9895062991435504,67704,0.7193532108162665,0.08297237057908238,0.9904617005090994,0.78368338989269,0.0,0.0,0.7118045334118339,0.0,66268.0,718,0.9797937890871096,63764,0.684206652929055,0.08372934101518147,0.9802305918524212,0.746397099320727,0.0,0.0,0.6703814289919677,0.0,61134.0,1315,50,2.0,,0,95116,15.0,30.0,2,ades
0.9870655637075795,67537,0.7193532108162665,0.08297237057908238,0.9880186084615835,0.78368338989269,0.0,0.0,0.7100487825392153,0.0,65767.0,885,0.9788257348760737,63701,0.684206652929055,0.08372934101518147,0.9792621060722521,0.746397099320727,0.0,0.0,0.669719079860381,0.0,60945.0,1378,50,2.0,,0,95116,20.0,30.0,2,ades
0.9860863464967408,67470,0.7193532108162665,0.08297237057908238,0.9870384457838376,0.78368338989269,0.0,0.0,0.709344379494512,0.0,65566.0,952,0.9781189016426189,63655,0.684206652929055,0.08372934101518147,0.978554957724827,0.746397099320727,0.0,0.0,0.6692354598595399,0.0,60807.0,1424,50,2.0,,0,95116,30.0,30.0,2,ades
